{
  "accuracy": 0.96969087103526,
  "balanced_accuracy": 0.9777255524218464,
  "roc_auc": 0.9978046903119945,
  "eer": 0.020496950125583065,
  "eer_threshold": 0.7516287565231323,
  "f1_bonafide": 0.8698807672369103,
  "f1_spoof": 0.9828477711213868,
  "n_test": 24844,
  "n_test_pos_bonafide": 2548,
  "n_test_neg_spoof": 22296
}