{
  "accuracy": 0.7269763323136371,
  "balanced_accuracy": 0.6667808362891401,
  "roc_auc": 0.7480225736895736,
  "eer": 0.32456828885400313,
  "eer_threshold": 0.439322292804718,
  "f1_bonafide": 0.3075038284839203,
  "f1_spoof": 0.8299701702052991,
  "n_test": 24844,
  "n_test_pos_bonafide": 2548,
  "n_test_neg_spoof": 22296
}