{
  "accuracy": 0.8435839639349542,
  "balanced_accuracy": 0.8888689863624509,
  "roc_auc": 0.9598667901374344,
  "eer": 0.10478806907378335,
  "eer_threshold": 0.7621224522590637,
  "f1_bonafide": 0.5536411670112565,
  "f1_spoof": 0.9051778829730125,
  "n_test": 24844,
  "n_test_pos_bonafide": 2548,
  "n_test_neg_spoof": 22296
}