{
  "accuracy": 0.822250845274513,
  "balanced_accuracy": 0.7620971569053223,
  "roc_auc": 0.8664086038903429,
  "eer": 0.20800627943485084,
  "eer_threshold": 0.35982173681259155,
  "f1_bonafide": 0.44200151630022744,
  "f1_spoof": 0.8942883133049265,
  "n_test": 24844,
  "n_test_pos_bonafide": 2548,
  "n_test_neg_spoof": 22296
}