{
  "accuracy": 0.6768636290452423,
  "balanced_accuracy": 0.660239265450322,
  "roc_auc": 0.7202842929214411,
  "eer": 0.3390894819466248,
  "eer_threshold": 0.4850894808769226,
  "f1_bonafide": 0.2886762360446571,
  "f1_spoof": 0.7909483881047862,
  "n_test": 24844,
  "n_test_pos_bonafide": 2548,
  "n_test_neg_spoof": 22296
}