{
  "accuracy": 0.6884962163902754,
  "balanced_accuracy": 0.6310898562455536,
  "roc_auc": 0.6945603244402837,
  "eer": 0.35997488338715466,
  "eer_threshold": 0.45399683713912964,
  "f1_bonafide": 0.2690091621800321,
  "f1_spoof": 0.8020766732308637,
  "n_test": 24844,
  "n_test_pos_bonafide": 2548,
  "n_test_neg_spoof": 22296
}