{
  "accuracy": 0.821445821928836,
  "balanced_accuracy": 0.7701651787650557,
  "roc_auc": 0.8718658713588938,
  "eer": 0.2041173304628633,
  "eer_threshold": 0.3831234276294708,
  "f1_bonafide": 0.4477091633466135,
  "f1_spoof": 0.8935087382369887,
  "n_test": 24844,
  "n_test_pos_bonafide": 2548,
  "n_test_neg_spoof": 22296
}