utt_id,label,p_bonafide,pred
LA_D_1047731,1,0.99998605,1
LA_D_1105538,1,0.9993125,1
LA_D_1125976,1,0.9995435,1
LA_D_1293230,1,0.9999963,1
LA_D_1340209,1,0.99952704,1
LA_D_1376638,1,0.9999515,1
LA_D_1377420,1,0.9999968,1
LA_D_1403371,1,0.999997,1
LA_D_1590530,1,0.9999889,1
LA_D_1595036,1,0.99990344,1
LA_D_1618135,1,0.9998591,1
LA_D_1624385,1,0.99999535,1
LA_D_1766721,1,0.9999764,1
LA_D_1833136,1,0.9999982,1
LA_D_1837988,1,0.99991393,1
LA_D_1849134,1,0.9999913,1
LA_D_1865278,1,0.9999987,1
LA_D_1896334,1,0.99999225,1
LA_D_1911275,1,0.9999471,1
LA_D_2112837,1,0.9999896,1
LA_D_2160989,1,0.9999976,1
LA_D_2242311,1,0.99879193,1
LA_D_2250508,1,0.99947,1
LA_D_2414004,1,0.999999,1
LA_D_2448116,1,0.99995816,1
LA_D_2462911,1,0.99995327,1
LA_D_2559281,1,0.9999232,1
LA_D_2666979,1,0.99958307,1
LA_D_2679014,1,0.99999654,1
LA_D_2789932,1,0.999999,1
LA_D_2831561,1,0.9999982,1
LA_D_2954423,1,0.9999745,1
LA_D_3081203,1,0.9999937,1
LA_D_3174543,1,0.999999,1
LA_D_3212286,1,0.9999976,1
LA_D_3232165,1,0.9999988,1
LA_D_3258694,1,0.9999938,1
LA_D_3315698,1,0.99997413,1
LA_D_3369144,1,0.999999,1
LA_D_3404272,1,0.99999464,1
LA_D_3444700,1,0.9999137,1
LA_D_3477067,1,0.99999654,1
LA_D_3524013,1,0.9999989,1
LA_D_3547565,1,0.99999833,1
LA_D_3552967,1,0.9999863,1
LA_D_3726485,1,0.99999785,1
LA_D_3771133,1,0.99996936,1
LA_D_3776953,1,0.9999982,1
LA_D_3806476,1,0.9998747,1
LA_D_4026041,1,0.9999739,1
LA_D_4145630,1,0.9999975,1
LA_D_4228839,1,0.9995727,1
LA_D_4229637,1,0.9998828,1
LA_D_4395169,1,0.99720365,1
LA_D_4443630,1,0.9999957,1
LA_D_4455776,1,0.9999958,1
LA_D_4511951,1,0.99972314,1
LA_D_4517590,1,0.999999,1
LA_D_4523147,1,0.999997,1
LA_D_4574058,1,0.9998872,1
LA_D_4621778,1,0.9999938,1
LA_D_4715569,1,0.99999714,1
LA_D_4739519,1,0.99996924,1
LA_D_4807096,1,0.9999329,1
LA_D_4930262,1,0.99932975,1
LA_D_4935874,1,0.9999759,1
LA_D_4949188,1,0.999999,1
LA_D_4981154,1,0.99999714,1
LA_D_5019937,1,0.9999988,1
LA_D_5240657,1,0.99999475,1
LA_D_5255870,1,0.99999046,1
LA_D_5267249,1,0.99990857,1
LA_D_5278285,1,0.9999908,1
LA_D_5324608,1,0.9999937,1
LA_D_5336291,1,0.99998605,1
LA_D_5386683,1,0.9999974,1
LA_D_5401591,1,0.9999968,1
LA_D_5431436,1,0.999946,1
LA_D_5445492,1,0.999999,1
LA_D_5521273,1,0.999999,1
LA_D_5547400,1,0.99999774,1
LA_D_5575912,1,0.99997854,1
LA_D_5604212,1,0.99998593,1
LA_D_5607743,1,0.9999374,1
LA_D_5701193,1,0.99999344,1
LA_D_5769965,1,0.99982154,1
LA_D_5842422,1,0.99996185,1
LA_D_5855069,1,0.9999914,1
LA_D_5859556,1,0.99999404,1
LA_D_5870696,1,0.99999166,1
LA_D_5972310,1,0.9999988,1
LA_D_5989648,1,0.9999633,1
LA_D_6022982,1,0.99998856,1
LA_D_6056778,1,0.9998696,1
LA_D_6059653,1,0.9999982,1
LA_D_6211292,1,0.9999887,1
LA_D_6291895,1,0.99992454,1
LA_D_6397937,1,0.99977887,1
LA_D_6402048,1,0.9999987,1
LA_D_6448946,1,0.99933,1
LA_D_6648802,1,0.99993837,1
LA_D_6663247,1,0.9999863,1
LA_D_6679303,1,0.99999404,1
LA_D_6724166,1,0.99999356,1
LA_D_6853824,1,0.9999989,1
LA_D_6976006,1,0.99989355,1
LA_D_7030288,1,0.999999,1
LA_D_7051994,1,0.9999895,1
LA_D_7054977,1,0.9999716,1
LA_D_7130250,1,0.99997365,1
LA_D_7140023,1,0.9999975,1
LA_D_7148850,1,0.9999957,1
LA_D_7194660,1,0.99999714,1
LA_D_7269236,1,0.999969,1
LA_D_7341689,1,0.9999974,1
LA_D_7360454,1,0.99997926,1
LA_D_7399617,1,0.9999863,1
LA_D_7450790,1,0.99998844,1
LA_D_7473394,1,0.99999833,1
LA_D_7521836,1,0.99997544,1
LA_D_7543100,1,0.9999958,1
LA_D_7638211,1,0.99998844,1
LA_D_7679130,1,0.9999945,1
LA_D_7758918,1,0.99999666,1
LA_D_7793148,1,0.9999579,1
LA_D_8017626,1,0.99973136,1
LA_D_8184939,1,0.9999304,1
LA_D_8241585,1,0.9999418,1
LA_D_8428131,1,0.9999733,1
LA_D_8432583,1,0.9998816,1
LA_D_8736165,1,0.99999845,1
LA_D_8750703,1,0.9999492,1
LA_D_8764814,1,0.99995613,1
LA_D_8812163,1,0.9999962,1
LA_D_8813855,1,0.9999361,1
LA_D_8817568,1,0.9999671,1
LA_D_8869015,1,0.94299537,1
LA_D_8869959,1,0.9999962,1
LA_D_8923486,1,0.9999877,1
LA_D_8966044,1,0.999999,1
LA_D_9015485,1,0.99990356,1
LA_D_9113203,1,0.99999845,1
LA_D_9134844,1,0.99997175,1
LA_D_9375342,1,0.9999676,1
LA_D_9498667,1,0.9997336,1
LA_D_9509324,1,0.99999607,1
LA_D_9602677,1,0.99997854,1
LA_D_9697774,1,0.9999964,1
LA_D_9699048,1,0.99999225,1
LA_D_9732143,1,0.9999542,1
LA_D_9867970,1,0.9999759,1
LA_D_9869348,1,0.9999857,1
LA_D_9884114,1,0.99999833,1
LA_D_9977795,1,0.9999962,1
LA_D_1090286,1,0.99996567,1
LA_D_1119156,1,0.99562407,1
LA_D_1173765,1,0.9758716,1
LA_D_1219450,1,0.9998996,1
LA_D_1239754,1,0.9999734,1
LA_D_1245000,1,0.9999988,1
LA_D_1279882,1,0.9999982,1
LA_D_1399387,1,0.9997241,1
LA_D_1409575,1,0.99999106,1
LA_D_1426585,1,0.9999937,1
LA_D_1472077,1,0.99997187,1
LA_D_1518150,1,0.9999976,1
LA_D_1614129,1,0.9998449,1
LA_D_1714000,1,0.9999782,1
LA_D_1789452,1,0.9999927,1
LA_D_1819301,1,0.93717146,1
LA_D_1879957,1,0.999999,1
LA_D_1884465,1,0.99999845,1
LA_D_1975885,1,0.9999976,1
LA_D_1993949,1,0.99999666,1
LA_D_2017251,1,0.999999,1
LA_D_2022297,1,0.9999411,1
LA_D_2124484,1,0.99999785,1
LA_D_2133778,1,0.99997544,1
LA_D_2149963,1,0.99994385,1
LA_D_2165027,1,0.9999987,1
LA_D_2232106,1,0.999999,1
LA_D_2237304,1,0.9999522,1
LA_D_2248106,1,0.99999475,1
LA_D_2307156,1,0.999997,1
LA_D_2455736,1,0.999999,1
LA_D_2552799,1,0.9999925,1
LA_D_2674978,1,0.99999845,1
LA_D_2844885,1,0.99999523,1
LA_D_2850598,1,0.9997633,1
LA_D_2944634,1,0.9999614,1
LA_D_2954917,1,0.999999,1
LA_D_3000565,1,0.999999,1
LA_D_3074651,1,0.999979,1
LA_D_3075867,1,0.99757785,1
LA_D_3264952,1,0.9999058,1
LA_D_3343965,1,0.9999932,1
LA_D_3459809,1,0.99886155,1
LA_D_3507167,1,0.9999958,1
LA_D_3631905,1,0.99998844,1
LA_D_3717777,1,0.99990296,1
LA_D_3742070,1,0.99999833,1
LA_D_3836344,1,0.999999,1
LA_D_3876129,1,0.99962676,1
LA_D_3908841,1,0.999985,1
LA_D_3916177,1,0.9999558,1
LA_D_4005854,1,0.99943835,1
LA_D_4063159,1,0.999999,1
LA_D_4129574,1,0.99999,1
LA_D_4328579,1,0.99999523,1
LA_D_4524484,1,0.9998878,1
LA_D_4789150,1,0.9999956,1
LA_D_4833247,1,0.99986625,1
LA_D_4877516,1,0.999999,1
LA_D_4900801,1,0.99999595,1
LA_D_5072627,1,0.99999857,1
LA_D_5086183,1,0.9999989,1
LA_D_5143230,1,0.9999883,1
LA_D_5178609,1,0.9999927,1
LA_D_5182745,1,0.99998593,1
LA_D_5240410,1,0.99925977,1
LA_D_5334203,1,0.99971193,1
LA_D_5451679,1,0.99959385,1
LA_D_5508177,1,0.9999758,1
LA_D_5604089,1,0.99988973,1
LA_D_5700038,1,0.9999926,1
LA_D_5833858,1,0.9999937,1
LA_D_5929116,1,0.9999862,1
LA_D_5930714,1,0.999999,1
LA_D_5985188,1,0.99787843,1
LA_D_6055606,1,0.9999294,1
LA_D_6066874,1,0.99999547,1
LA_D_6067380,1,0.99999607,1
LA_D_6137766,1,0.9999865,1
LA_D_6150120,1,0.9998404,1
LA_D_6197289,1,0.9969862,1
LA_D_6198995,1,0.999997,1
LA_D_6231410,1,0.9993437,1
LA_D_6258471,1,0.9999945,1
LA_D_6265671,1,0.9998026,1
LA_D_6288751,1,0.99999523,1
LA_D_6289915,1,0.999992,1
LA_D_6303389,1,0.99998736,1
LA_D_6353335,1,0.9999988,1
LA_D_6386877,1,0.9999933,1
LA_D_6453794,1,0.9999926,1
LA_D_6455651,1,0.99986243,1
LA_D_6458898,1,0.99999404,1
LA_D_6459646,1,0.9999981,1
LA_D_6478834,1,0.9999939,1
LA_D_6700006,1,0.99998593,1
LA_D_6754294,1,0.999999,1
LA_D_6818564,1,0.9999081,1
LA_D_6912038,1,0.999999,1
LA_D_7153745,1,0.9987141,1
LA_D_7172970,1,0.99997735,1
LA_D_7179829,1,0.999999,1
LA_D_7376093,1,0.99999714,1
LA_D_7501292,1,0.999999,1
LA_D_7512726,1,0.99999464,1
LA_D_7534463,1,0.99996185,1
LA_D_7544405,1,0.99926907,1
LA_D_7565232,1,0.99931943,1
LA_D_7573423,1,0.9999907,1
LA_D_7612426,1,0.999995,1
LA_D_7622198,1,0.99999833,1
LA_D_7691845,1,0.99999845,1
LA_D_7712846,1,0.999999,1
LA_D_7755990,1,0.999999,1
LA_D_7758267,1,0.9996071,1
LA_D_7787517,1,0.9999745,1
LA_D_7798955,1,0.9999876,1
LA_D_7870292,1,0.99974614,1
LA_D_8034204,1,0.9999989,1
LA_D_8199784,1,0.9999244,1
LA_D_8272605,1,0.99999356,1
LA_D_8305753,1,0.9999906,1
LA_D_8430669,1,0.99783546,1
LA_D_8693177,1,0.99997413,1
LA_D_8699257,1,0.999999,1
LA_D_8713325,1,0.99999774,1
LA_D_8716023,1,0.999998,1
LA_D_8988565,1,0.9999329,1
LA_D_9042964,1,0.99999607,1
LA_D_9239572,1,0.9889516,1
LA_D_9288302,1,0.99999857,1
LA_D_9303165,1,0.9999676,1
LA_D_9462553,1,0.99988055,1
LA_D_9560424,1,0.9999821,1
LA_D_9584404,1,0.999999,1
LA_D_9620410,1,0.9999975,1
LA_D_9631448,1,0.99999297,1
LA_D_9726894,1,0.9999826,1
LA_D_9954386,1,0.99996877,1
LA_D_9993956,1,0.9999454,1
LA_D_1121887,1,0.999999,1
LA_D_1133168,1,0.999999,1
LA_D_1232613,1,0.999999,1
LA_D_1306387,1,0.9999919,1
LA_D_1330775,1,0.999999,1
LA_D_1335445,1,0.999999,1
LA_D_1427710,1,0.99999523,1
LA_D_1503604,1,0.999979,1
LA_D_1523180,1,0.999998,1
LA_D_1523483,1,0.999999,1
LA_D_1565390,1,0.99990916,1
LA_D_1770174,1,0.9999963,1
LA_D_1812623,1,0.999999,1
LA_D_1833652,1,0.99996924,1
LA_D_1882065,1,0.99999523,1
LA_D_1898207,1,0.99999845,1
LA_D_1983415,1,0.99999833,1
LA_D_1997529,1,0.999999,1
LA_D_2002365,1,0.9999944,1
LA_D_2062744,1,0.9999274,1
LA_D_2096892,1,0.9999945,1
LA_D_2143384,1,0.99998486,1
LA_D_2255247,1,0.9999869,1
LA_D_2382522,1,0.999999,1
LA_D_2518822,1,0.999999,1
LA_D_2688414,1,0.999999,1
LA_D_2753816,1,0.99999,1
LA_D_2842063,1,0.9999938,1
LA_D_2905424,1,0.999999,1
LA_D_2924504,1,0.999999,1
LA_D_2934981,1,0.999999,1
LA_D_3044379,1,0.99993634,1
LA_D_3062025,1,0.999999,1
LA_D_3117119,1,0.999999,1
LA_D_3124251,1,0.9999962,1
LA_D_3194286,1,0.9999856,1
LA_D_3210739,1,0.99989676,1
LA_D_3250253,1,0.999999,1
LA_D_3280853,1,0.9999249,1
LA_D_3383198,1,0.9670296,1
LA_D_3444541,1,0.999999,1
LA_D_3547035,1,0.9981382,1
LA_D_3576459,1,0.99999607,1
LA_D_3668484,1,0.999999,1
LA_D_3698358,1,0.9999889,1
LA_D_3733779,1,0.99997604,1
LA_D_3887452,1,0.999999,1
LA_D_3981584,1,0.999999,1
LA_D_4057142,1,0.9999968,1
LA_D_4101216,1,0.999979,1
LA_D_4154887,1,0.9999918,1
LA_D_4166644,1,0.999992,1
LA_D_4221800,1,0.9999703,1
LA_D_4401633,1,0.99999547,1
LA_D_4433509,1,0.99999857,1
LA_D_4475626,1,0.999998,1
LA_D_4530450,1,0.99999833,1
LA_D_4551336,1,0.99998593,1
LA_D_4626331,1,0.99977696,1
LA_D_4698419,1,0.999999,1
LA_D_4813520,1,0.999999,1
LA_D_4816127,1,0.9999968,1
LA_D_4818528,1,0.99995446,1
LA_D_4961315,1,0.99994826,1
LA_D_4966083,1,0.9967932,1
LA_D_5018258,1,0.999998,1
LA_D_5021244,1,0.9999989,1
LA_D_5250042,1,0.9950021,1
LA_D_5262821,1,0.999999,1
LA_D_5332359,1,0.999999,1
LA_D_5441778,1,0.9999069,1
LA_D_5463411,1,0.9999951,1
LA_D_5490757,1,0.9999988,1
LA_D_5502506,1,0.999999,1
LA_D_5512289,1,0.999999,1
LA_D_5623559,1,0.999999,1
LA_D_5631850,1,0.999999,1
LA_D_5725878,1,0.9999989,1
LA_D_5824998,1,0.9999987,1
LA_D_5925659,1,0.9999987,1
LA_D_6120152,1,0.999999,1
LA_D_6178956,1,0.999999,1
LA_D_6291738,1,0.999999,1
LA_D_6310267,1,0.999933,1
LA_D_6324927,1,0.999999,1
LA_D_6503475,1,0.999999,1
LA_D_6515867,1,0.999999,1
LA_D_6518159,1,0.9999832,1
LA_D_6561538,1,0.999999,1
LA_D_6568071,1,0.999999,1
LA_D_6614329,1,0.999999,1
LA_D_6741986,1,0.999561,1
LA_D_6841789,1,0.99925894,1
LA_D_6843205,1,0.99992406,1
LA_D_7030281,1,0.999999,1
LA_D_7035349,1,0.999999,1
LA_D_7057190,1,0.999999,1
LA_D_7081771,1,0.999999,1
LA_D_7110669,1,0.999999,1
LA_D_7164376,1,0.999999,1
LA_D_7189280,1,0.999995,1
LA_D_7383599,1,0.9997235,1
LA_D_7423342,1,0.9999969,1
LA_D_7460902,1,0.999998,1
LA_D_7473191,1,0.99999833,1
LA_D_7570554,1,0.999999,1
LA_D_7594892,1,0.9999877,1
LA_D_7600381,1,0.9968838,1
LA_D_7605047,1,0.9999982,1
LA_D_7726114,1,0.9999788,1
LA_D_7783250,1,0.999999,1
LA_D_7989607,1,0.999999,1
LA_D_8029227,1,0.999998,1
LA_D_8078382,1,0.999999,1
LA_D_8179191,1,0.999999,1
LA_D_8210054,1,0.9999906,1
LA_D_8297100,1,0.9999696,1
LA_D_8302640,1,0.999999,1
LA_D_8516589,1,0.9990902,1
LA_D_8621322,1,0.999998,1
LA_D_8672684,1,0.9992801,1
LA_D_8759407,1,0.999999,1
LA_D_8765991,1,0.9999982,1
LA_D_8767583,1,0.9999653,1
LA_D_8773029,1,0.999999,1
LA_D_8806017,1,0.9999982,1
LA_D_8978560,1,0.999999,1
LA_D_9039771,1,0.999999,1
LA_D_9062081,1,0.9999988,1
LA_D_9076677,1,0.9999989,1
LA_D_9135294,1,0.99999833,1
LA_D_9167206,1,0.9999815,1
LA_D_9374684,1,0.999999,1
LA_D_9423080,1,0.999999,1
LA_D_9475102,1,0.99995804,1
LA_D_9716895,1,0.999999,1
LA_D_9780696,1,0.9999976,1
LA_D_9864113,1,0.999999,1
LA_D_9945997,1,0.99999607,1
LA_D_9983276,1,0.99986196,1
LA_D_1126907,1,0.9999794,1
LA_D_1130470,1,0.99934715,1
LA_D_1156906,1,0.999999,1
LA_D_1238696,1,0.99997556,1
LA_D_1363243,1,0.999999,1
LA_D_1368280,1,0.9999981,1
LA_D_1374363,1,0.9999964,1
LA_D_1412552,1,0.9998281,1
LA_D_1483493,1,0.99935216,1
LA_D_1488449,1,0.99999535,1
LA_D_1730959,1,0.99991715,1
LA_D_1733691,1,0.9999951,1
LA_D_1772237,1,0.999999,1
LA_D_1895274,1,0.999987,1
LA_D_1918445,1,0.9998926,1
LA_D_1969568,1,0.9999778,1
LA_D_1984995,1,0.99331594,1
LA_D_2105580,1,0.99999094,1
LA_D_2264682,1,0.999999,1
LA_D_2289303,1,0.9998951,1
LA_D_2370383,1,0.999999,1
LA_D_2404405,1,0.9999963,1
LA_D_2417193,1,0.9999913,1
LA_D_2659066,1,0.99994886,1
LA_D_2800113,1,0.9999958,1
LA_D_2812544,1,0.999999,1
LA_D_2816765,1,0.99970514,1
LA_D_2844735,1,0.999999,1
LA_D_2916024,1,0.99998856,1
LA_D_3154368,1,0.9972728,1
LA_D_3205671,1,0.9999976,1
LA_D_3211435,1,0.9999924,1
LA_D_3249552,1,0.99999726,1
LA_D_3250830,1,0.999999,1
LA_D_3389737,1,0.98932284,1
LA_D_3440131,1,0.9999076,1
LA_D_3513335,1,0.99999726,1
LA_D_3519840,1,0.9999839,1
LA_D_3570749,1,0.99999225,1
LA_D_3706083,1,0.999999,1
LA_D_3774137,1,0.9999908,1
LA_D_3857446,1,0.99999106,1
LA_D_3907778,1,0.9999753,1
LA_D_4151774,1,0.95378363,1
LA_D_4156807,1,0.99999094,1
LA_D_4160962,1,0.9999957,1
LA_D_4341889,1,0.9999975,1
LA_D_4356541,1,0.9999975,1
LA_D_4371142,1,0.9999237,1
LA_D_4386823,1,0.9996083,1
LA_D_4520104,1,0.993902,1
LA_D_4645660,1,0.9999987,1
LA_D_4674650,1,0.9999958,1
LA_D_4723086,1,0.9999752,1
LA_D_4771667,1,0.9998882,1
LA_D_4781086,1,0.99995744,1
LA_D_4803902,1,0.9999739,1
LA_D_4945608,1,0.9956619,1
LA_D_4952493,1,0.99999654,1
LA_D_5075029,1,0.99994576,1
LA_D_5090421,1,0.99995315,1
LA_D_5226379,1,0.99987984,1
LA_D_5266850,1,0.99990976,1
LA_D_5312607,1,0.999674,1
LA_D_5331264,1,0.999998,1
LA_D_5341375,1,0.99994016,1
LA_D_5397319,1,0.9999943,1
LA_D_5467345,1,0.99992,1
LA_D_5497034,1,0.99995196,1
LA_D_5664870,1,0.99999547,1
LA_D_5665194,1,0.9999218,1
LA_D_5769133,1,0.9999937,1
LA_D_5809254,1,0.9999968,1
LA_D_5825711,1,0.9986499,1
LA_D_5834157,1,0.99999845,1
LA_D_5838540,1,0.999999,1
LA_D_5868407,1,0.99993026,1
LA_D_5879570,1,0.9999893,1
LA_D_5972627,1,0.9999757,1
LA_D_6008941,1,0.99976057,1
LA_D_6046406,1,0.9993593,1
LA_D_6064218,1,0.999999,1
LA_D_6073354,1,0.9833241,1
LA_D_6092752,1,0.9999943,1
LA_D_6211330,1,0.9999815,1
LA_D_6302480,1,0.9999726,1
LA_D_6338898,1,0.99999285,1
LA_D_6369583,1,0.999999,1
LA_D_6458272,1,0.99997544,1
LA_D_6509189,1,0.999998,1
LA_D_6549159,1,0.999999,1
LA_D_6623102,1,0.999999,1
LA_D_6626817,1,0.99976975,1
LA_D_6669736,1,0.999999,1
LA_D_6718237,1,0.99999845,1
LA_D_6810732,1,0.99999785,1
LA_D_6908091,1,0.99969536,1
LA_D_6938301,1,0.99999726,1
LA_D_6963530,1,0.9665051,1
LA_D_7122184,1,0.992953,1
LA_D_7130070,1,0.9999387,1
LA_D_7154479,1,0.99999595,1
LA_D_7179593,1,0.99997747,1
LA_D_7200791,1,0.999999,1
LA_D_7319497,1,0.9999987,1
LA_D_7385274,1,0.999999,1
LA_D_7400680,1,0.9999808,1
LA_D_7449236,1,0.9998852,1
LA_D_7455119,1,0.9853704,1
LA_D_7542569,1,0.9998859,1
LA_D_7560590,1,0.9999684,1
LA_D_7562190,1,0.9999932,1
LA_D_7596579,1,0.99861264,1
LA_D_7640990,1,0.999999,1
LA_D_7679169,1,0.99997187,1
LA_D_7682953,1,0.99996245,1
LA_D_7718364,1,0.9994955,1
LA_D_7783712,1,0.998718,1
LA_D_7813228,1,0.999999,1
LA_D_7841911,1,0.9999945,1
LA_D_7933208,1,0.999999,1
LA_D_7944625,1,0.99998736,1
LA_D_8033621,1,0.99999785,1
LA_D_8037199,1,0.99998724,1
LA_D_8117787,1,0.9997848,1
LA_D_8161836,1,0.999946,1
LA_D_8239123,1,0.9999988,1
LA_D_8284994,1,0.99999714,1
LA_D_8365194,1,0.99999726,1
LA_D_8394417,1,0.99995315,1
LA_D_8429827,1,0.99999714,1
LA_D_8473267,1,0.99998987,1
LA_D_8503024,1,0.9966685,1
LA_D_8572375,1,0.9999974,1
LA_D_8591429,1,0.9904029,1
LA_D_8692948,1,0.99999654,1
LA_D_8696046,1,0.999999,1
LA_D_8909861,1,0.9999958,1
LA_D_8947861,1,0.99999833,1
LA_D_9065762,1,0.99992657,1
LA_D_9091774,1,0.999999,1
LA_D_9117374,1,0.9999974,1
LA_D_9172298,1,0.9999969,1
LA_D_9319381,1,0.6413226,1
LA_D_9408059,1,0.9997687,1
LA_D_9471952,1,0.999999,1
LA_D_9557117,1,0.9999949,1
LA_D_9700666,1,0.9996005,1
LA_D_9874897,1,0.99999833,1
LA_D_9891140,1,0.99997604,1
LA_D_9897142,1,0.99999404,1
LA_D_9917104,1,0.999995,1
LA_D_9924906,1,0.9999975,1
LA_D_9942874,1,0.9999862,1
LA_D_1129909,1,0.9997792,1
LA_D_1161800,1,0.999979,1
LA_D_1364611,1,0.99996746,1
LA_D_1380231,1,0.999999,1
LA_D_1560273,1,0.99999845,1
LA_D_1562732,1,0.9999981,1
LA_D_1607104,1,0.9999856,1
LA_D_1689082,1,0.999999,1
LA_D_1711559,1,0.9997926,1
LA_D_1885115,1,0.99999285,1
LA_D_1980534,1,0.999997,1
LA_D_2109062,1,0.9999951,1
LA_D_2140323,1,0.99998176,1
LA_D_2303609,1,0.9999882,1
LA_D_2311237,1,0.99993193,1
LA_D_2339825,1,0.999999,1
LA_D_2436364,1,0.999999,1
LA_D_2441943,1,0.9999949,1
LA_D_2517022,1,0.99975735,1
LA_D_2519862,1,0.999997,1
LA_D_2525000,1,0.99999285,1
LA_D_2597748,1,0.99999845,1
LA_D_2748583,1,0.999999,1
LA_D_2839913,1,0.999999,1
LA_D_2977005,1,0.999999,1
LA_D_2991667,1,0.999999,1
LA_D_3005942,1,0.99999106,1
LA_D_3018635,1,0.9999876,1
LA_D_3039424,1,0.9999962,1
LA_D_3174998,1,0.999999,1
LA_D_3253942,1,0.999999,1
LA_D_3323539,1,0.9998586,1
LA_D_3329701,1,0.999999,1
LA_D_3443703,1,0.999999,1
LA_D_3514242,1,0.999999,1
LA_D_3559270,1,0.999999,1
LA_D_3579781,1,0.9999976,1
LA_D_3691360,1,0.999999,1
LA_D_3746211,1,0.99963343,1
LA_D_3787464,1,0.99999774,1
LA_D_3796498,1,0.9999956,1
LA_D_3986002,1,0.999999,1
LA_D_4004968,1,0.9999888,1
LA_D_4016591,1,0.99999225,1
LA_D_4021153,1,0.9999765,1
LA_D_4033093,1,0.999999,1
LA_D_4083478,1,0.9999863,1
LA_D_4246171,1,0.999999,1
LA_D_4350271,1,0.9999943,1
LA_D_4516804,1,0.999999,1
LA_D_4571818,1,0.999999,1
LA_D_4574274,1,0.99996936,1
LA_D_4663919,1,0.999999,1
LA_D_4667621,1,0.999999,1
LA_D_4703340,1,0.999999,1
LA_D_4717087,1,0.99995756,1
LA_D_4776681,1,0.9999901,1
LA_D_4777626,1,0.999999,1
LA_D_4777881,1,0.99997246,1
LA_D_4968305,1,0.9999784,1
LA_D_4969607,1,0.999999,1
LA_D_5054904,1,0.9999988,1
LA_D_5146064,1,0.9999908,1
LA_D_5158638,1,0.999999,1
LA_D_5495040,1,0.99999774,1
LA_D_5503012,1,0.99999034,1
LA_D_5507210,1,0.9999906,1
LA_D_5651240,1,0.999999,1
LA_D_5724728,1,0.9999901,1
LA_D_5759383,1,0.9999981,1
LA_D_5786237,1,0.9999896,1
LA_D_5833231,1,0.99999857,1
LA_D_5934426,1,0.9999931,1
LA_D_6027798,1,0.9999981,1
LA_D_6032630,1,0.999999,1
LA_D_6117748,1,0.9999987,1
LA_D_6156090,1,0.9999906,1
LA_D_6236753,1,0.9999746,1
LA_D_6252124,1,0.999999,1
LA_D_6288557,1,0.99999535,1
LA_D_6292198,1,0.999998,1
LA_D_6367157,1,0.999999,1
LA_D_6499603,1,0.999999,1
LA_D_6520984,1,0.99998975,1
LA_D_6549373,1,0.999999,1
LA_D_6578659,1,0.999999,1
LA_D_6622348,1,0.9999987,1
LA_D_6711434,1,0.999999,1
LA_D_6836003,1,0.999999,1
LA_D_7015174,1,0.999999,1
LA_D_7123406,1,0.9999989,1
LA_D_7139553,1,0.9999989,1
LA_D_7152817,1,0.999999,1
LA_D_7255005,1,0.9828112,1
LA_D_7363764,1,0.99999464,1
LA_D_7380582,1,0.9999951,1
LA_D_7450739,1,0.9999989,1
LA_D_7471560,1,0.9999982,1
LA_D_7618637,1,0.999999,1
LA_D_7783288,1,0.999999,1
LA_D_7870160,1,0.9999895,1
LA_D_7919190,1,0.999999,1
LA_D_7957211,1,0.99999785,1
LA_D_8006339,1,0.999999,1
LA_D_8031870,1,0.999999,1
LA_D_8043080,1,0.9999417,1
LA_D_8118074,1,0.99999726,1
LA_D_8130173,1,0.999999,1
LA_D_8210164,1,0.9999722,1
LA_D_8220866,1,0.9999962,1
LA_D_8270902,1,0.9999975,1
LA_D_8371178,1,0.999987,1
LA_D_8440843,1,0.99999464,1
LA_D_8457325,1,0.9999908,1
LA_D_8596240,1,0.99999845,1
LA_D_8623607,1,0.99996495,1
LA_D_8637288,1,0.999999,1
LA_D_8745130,1,0.99999166,1
LA_D_8773329,1,0.999999,1
LA_D_8879292,1,0.9999863,1
LA_D_8880302,1,0.9996214,1
LA_D_8931596,1,0.999999,1
LA_D_9035942,1,0.9994232,1
LA_D_9042253,1,0.99999344,1
LA_D_9080371,1,0.9999924,1
LA_D_9113299,1,0.99998736,1
LA_D_9118659,1,0.999999,1
LA_D_9160310,1,0.9999696,1
LA_D_9224096,1,0.9999912,1
LA_D_9240035,1,0.99998915,1
LA_D_9241530,1,0.9999981,1
LA_D_9260902,1,0.99990547,1
LA_D_9272509,1,0.999999,1
LA_D_9330492,1,0.9999937,1
LA_D_9359637,1,0.9999877,1
LA_D_9554132,1,0.999999,1
LA_D_9664656,1,0.9999988,1
LA_D_9685348,1,0.9999989,1
LA_D_9752146,1,0.99998415,1
LA_D_9883591,1,0.999999,1
LA_D_1084356,1,0.99997604,1
LA_D_1086391,1,0.9998983,1
LA_D_1123614,1,0.9999988,1
LA_D_1281950,1,0.999999,1
LA_D_1313431,1,0.9999987,1
LA_D_1336221,1,0.9999937,1
LA_D_1389698,1,0.99958885,1
LA_D_1445468,1,0.99999547,1
LA_D_1459930,1,0.999999,1
LA_D_1481335,1,0.9999988,1
LA_D_1494418,1,0.999999,1
LA_D_1517231,1,0.9999571,1
LA_D_1541519,1,0.99999833,1
LA_D_1558714,1,0.999999,1
LA_D_1736286,1,0.9999509,1
LA_D_1803008,1,0.999999,1
LA_D_1805739,1,0.999999,1
LA_D_1859048,1,0.9999887,1
LA_D_1881724,1,0.999999,1
LA_D_1930138,1,0.999999,1
LA_D_1964638,1,0.9999889,1
LA_D_2053527,1,0.9999896,1
LA_D_2324235,1,0.9999778,1
LA_D_2462521,1,0.999999,1
LA_D_2534849,1,0.9999987,1
LA_D_2658622,1,0.999999,1
LA_D_2690780,1,0.9999988,1
LA_D_2832141,1,0.9999883,1
LA_D_2863133,1,0.9999949,1
LA_D_2884522,1,0.9999875,1
LA_D_2896345,1,0.99989665,1
LA_D_2923426,1,0.9999722,1
LA_D_2996584,1,0.9999274,1
LA_D_3025684,1,0.9999976,1
LA_D_3247685,1,0.999997,1
LA_D_3262859,1,0.9999871,1
LA_D_3264696,1,0.9999962,1
LA_D_3268836,1,0.99999535,1
LA_D_3348941,1,0.9999789,1
LA_D_3399790,1,0.99996114,1
LA_D_3599443,1,0.999999,1
LA_D_3623206,1,0.9999974,1
LA_D_3655500,1,0.9999938,1
LA_D_3731175,1,0.9999987,1
LA_D_3851855,1,0.999999,1
LA_D_3857058,1,0.99999857,1
LA_D_3898085,1,0.9999976,1
LA_D_3922266,1,0.999998,1
LA_D_3933506,1,0.999999,1
LA_D_4014487,1,0.9999969,1
LA_D_4016003,1,0.9999975,1
LA_D_4021573,1,0.9999925,1
LA_D_4076814,1,0.9978934,1
LA_D_4123677,1,0.99999475,1
LA_D_4146741,1,0.9999987,1
LA_D_4168527,1,0.9999976,1
LA_D_4248918,1,0.99999666,1
LA_D_4279522,1,0.9999732,1
LA_D_4338785,1,0.9999975,1
LA_D_4411754,1,0.9999989,1
LA_D_4441987,1,0.9999982,1
LA_D_4462615,1,0.99999535,1
LA_D_4552327,1,0.99988997,1
LA_D_4580301,1,0.999999,1
LA_D_4644831,1,0.99997556,1
LA_D_4771783,1,0.9999989,1
LA_D_4894198,1,0.9999808,1
LA_D_4903304,1,0.9999989,1
LA_D_4969859,1,0.999999,1
LA_D_5026692,1,0.9999989,1
LA_D_5135042,1,0.99991024,1
LA_D_5212614,1,0.9999962,1
LA_D_5248127,1,0.9999254,1
LA_D_5248372,1,0.9999913,1
LA_D_5383174,1,0.99997556,1
LA_D_5438251,1,0.9999938,1
LA_D_5513082,1,0.999999,1
LA_D_5521568,1,0.999999,1
LA_D_5545146,1,0.9999963,1
LA_D_5561293,1,0.99999726,1
LA_D_5691072,1,0.9999982,1
LA_D_5695691,1,0.9999945,1
LA_D_5734480,1,0.9986614,1
LA_D_5747580,1,0.9999361,1
LA_D_5790567,1,0.999995,1
LA_D_5863611,1,0.9999814,1
LA_D_5932613,1,0.9999974,1
LA_D_5947257,1,0.999999,1
LA_D_5962580,1,0.99999726,1
LA_D_6043519,1,0.99999774,1
LA_D_6308295,1,0.999999,1
LA_D_6460049,1,0.999999,1
LA_D_6479457,1,0.99998057,1
LA_D_6492056,1,0.9999571,1
LA_D_6497625,1,0.99949086,1
LA_D_6672477,1,0.999999,1
LA_D_6680138,1,0.9999566,1
LA_D_6717375,1,0.9999945,1
LA_D_6757692,1,0.9999875,1
LA_D_6824022,1,0.999845,1
LA_D_6864236,1,0.99999356,1
LA_D_6913240,1,0.99997294,1
LA_D_6921684,1,0.9999945,1
LA_D_6936162,1,0.9999951,1
LA_D_6989506,1,0.9999895,1
LA_D_7089929,1,0.9992342,1
LA_D_7090657,1,0.99993336,1
LA_D_7109981,1,0.999999,1
LA_D_7162317,1,0.99999845,1
LA_D_7203605,1,0.9999976,1
LA_D_7204569,1,0.99999845,1
LA_D_7213885,1,0.999999,1
LA_D_7235373,1,0.99999857,1
LA_D_7270074,1,0.9999938,1
LA_D_7299514,1,0.9999926,1
LA_D_7361566,1,0.99999,1
LA_D_7391591,1,0.99999464,1
LA_D_7530789,1,0.999999,1
LA_D_7647812,1,0.999999,1
LA_D_7718079,1,0.9999958,1
LA_D_7879955,1,0.99995637,1
LA_D_7972724,1,0.999999,1
LA_D_8042846,1,0.9998685,1
LA_D_8126437,1,0.9999757,1
LA_D_8155318,1,0.99999833,1
LA_D_8174725,1,0.999999,1
LA_D_8187801,1,0.9999014,1
LA_D_8192047,1,0.9999827,1
LA_D_8197154,1,0.9999964,1
LA_D_8214303,1,0.9999989,1
LA_D_8260762,1,0.999933,1
LA_D_8274833,1,0.99979544,1
LA_D_8289729,1,0.9999877,1
LA_D_8568451,1,0.999999,1
LA_D_8600039,1,0.99999774,1
LA_D_8749378,1,0.999999,1
LA_D_8978448,1,0.9999752,1
LA_D_9125966,1,0.999866,1
LA_D_9126409,1,0.99948275,1
LA_D_9133444,1,0.99999535,1
LA_D_9137331,1,0.999999,1
LA_D_9159907,1,0.9999895,1
LA_D_9209591,1,0.99999726,1
LA_D_9241229,1,0.999999,1
LA_D_9295080,1,0.9999989,1
LA_D_9433165,1,0.9999975,1
LA_D_9460592,1,0.999999,1
LA_D_9502258,1,0.99999857,1
LA_D_9513156,1,0.9997508,1
LA_D_9737719,1,0.9999914,1
LA_D_9821908,1,0.9999844,1
LA_D_9856127,1,0.999999,1
LA_D_9897452,1,0.99999416,1
LA_D_9997701,1,0.9991392,1
LA_D_1091602,1,0.9999963,1
LA_D_1105131,1,0.99999833,1
LA_D_1107267,1,0.9999949,1
LA_D_1112296,1,0.9999839,1
LA_D_1195977,1,0.999999,1
LA_D_1258927,1,0.9996352,1
LA_D_1274098,1,0.9999949,1
LA_D_1317890,1,0.99995244,1
LA_D_1475288,1,0.99999416,1
LA_D_1494180,1,0.999999,1
LA_D_1575443,1,0.9999509,1
LA_D_1592094,1,0.9999969,1
LA_D_1697470,1,0.999999,1
LA_D_1702465,1,0.99997246,1
LA_D_1822237,1,0.9999685,1
LA_D_1857965,1,0.9999931,1
LA_D_1874320,1,0.9999776,1
LA_D_1943029,1,0.999999,1
LA_D_1943350,1,0.9999975,1
LA_D_2005171,1,0.9999989,1
LA_D_2009007,1,0.9999548,1
LA_D_2079489,1,0.999999,1
LA_D_2117889,1,0.999999,1
LA_D_2227760,1,0.999999,1
LA_D_2289857,1,0.9999831,1
LA_D_2334643,1,0.9999982,1
LA_D_2393663,1,0.99999297,1
LA_D_2407623,1,0.9999957,1
LA_D_2425839,1,0.9999925,1
LA_D_2535161,1,0.9999981,1
LA_D_2671129,1,0.999999,1
LA_D_2946318,1,0.99999607,1
LA_D_3050627,1,0.9999969,1
LA_D_3077269,1,0.99988997,1
LA_D_3088159,1,0.999999,1
LA_D_3151376,1,0.9999982,1
LA_D_3215740,1,0.99999094,1
LA_D_3236921,1,0.99997973,1
LA_D_3315214,1,0.9999982,1
LA_D_3316993,1,0.9999839,1
LA_D_3572399,1,0.99999857,1
LA_D_3770523,1,0.99999464,1
LA_D_3819025,1,0.9999981,1
LA_D_3847750,1,0.999998,1
LA_D_3877724,1,0.99999714,1
LA_D_3882050,1,0.99998796,1
LA_D_4080403,1,0.99998486,1
LA_D_4082470,1,0.99999547,1
LA_D_4132709,1,0.999997,1
LA_D_4148603,1,0.9999937,1
LA_D_4339997,1,0.999999,1
LA_D_4437989,1,0.9999981,1
LA_D_4466532,1,0.999999,1
LA_D_4529182,1,0.9999951,1
LA_D_4668193,1,0.99996114,1
LA_D_4675196,1,0.99999654,1
LA_D_4782067,1,0.9999521,1
LA_D_4796882,1,0.9999856,1
LA_D_4928990,1,0.99997497,1
LA_D_4948709,1,0.99140716,1
LA_D_5049363,1,0.9992293,1
LA_D_5080128,1,0.99995923,1
LA_D_5115522,1,0.999999,1
LA_D_5175785,1,0.9999883,1
LA_D_5188600,1,0.999999,1
LA_D_5255611,1,0.999999,1
LA_D_5415483,1,0.9999989,1
LA_D_5421834,1,0.999999,1
LA_D_5554369,1,0.99999595,1
LA_D_5617526,1,0.9989736,1
LA_D_5676289,1,0.9999956,1
LA_D_6030391,1,0.99999416,1
LA_D_6043078,1,0.999999,1
LA_D_6212089,1,0.99999857,1
LA_D_6245432,1,0.9999987,1
LA_D_6266231,1,0.999992,1
LA_D_6329617,1,0.99999607,1
LA_D_6339751,1,0.99998796,1
LA_D_6393255,1,0.99999654,1
LA_D_6421262,1,0.99999475,1
LA_D_6421519,1,0.9999956,1
LA_D_6424598,1,0.99874413,1
LA_D_6525649,1,0.99999297,1
LA_D_6566035,1,0.999999,1
LA_D_6631537,1,0.99999213,1
LA_D_6733447,1,0.9961902,1
LA_D_6749976,1,0.999999,1
LA_D_6787225,1,0.999999,1
LA_D_6869808,1,0.99999547,1
LA_D_6916843,1,0.9999932,1
LA_D_7016331,1,0.999999,1
LA_D_7030577,1,0.99988246,1
LA_D_7058100,1,0.9999633,1
LA_D_7130987,1,0.99979424,1
LA_D_7150561,1,0.9999291,1
LA_D_7215902,1,0.9999974,1
LA_D_7252855,1,0.99999666,1
LA_D_7292143,1,0.9999918,1
LA_D_7484152,1,0.999999,1
LA_D_7556469,1,0.999999,1
LA_D_7579918,1,0.99939895,1
LA_D_7618557,1,0.9999981,1
LA_D_7721618,1,0.9997792,1
LA_D_7745370,1,0.999611,1
LA_D_7869886,1,0.999999,1
LA_D_7883065,1,0.9999982,1
LA_D_7891590,1,0.9999106,1
LA_D_7895200,1,0.99999833,1
LA_D_7900046,1,0.999999,1
LA_D_7948554,1,0.9999987,1
LA_D_7971853,1,0.99999857,1
LA_D_7984329,1,0.999943,1
LA_D_7989694,1,0.99996495,1
LA_D_8017606,1,0.99996316,1
LA_D_8076652,1,0.9999989,1
LA_D_8087254,1,0.999999,1
LA_D_8138324,1,0.999999,1
LA_D_8140900,1,0.9999964,1
LA_D_8163197,1,0.999999,1
LA_D_8197621,1,0.9999275,1
LA_D_8262874,1,0.9999987,1
LA_D_8274900,1,0.999999,1
LA_D_8456792,1,0.9829139,1
LA_D_8523156,1,0.9999982,1
LA_D_8592900,1,0.999999,1
LA_D_8639820,1,0.99999523,1
LA_D_8679267,1,0.9998865,1
LA_D_8715858,1,0.99999785,1
LA_D_8726343,1,0.99965847,1
LA_D_8823022,1,0.9999963,1
LA_D_8826808,1,0.999999,1
LA_D_8853808,1,0.9999089,1
LA_D_8892065,1,0.99999654,1
LA_D_9039818,1,0.999999,1
LA_D_9053831,1,0.999999,1
LA_D_9085952,1,0.99998224,1
LA_D_9124171,1,0.99999344,1
LA_D_9124382,1,0.9999974,1
LA_D_9206303,1,0.999999,1
LA_D_9216147,1,0.99997175,1
LA_D_9287387,1,0.9998579,1
LA_D_9316963,1,0.9999927,1
LA_D_9350860,1,0.9999974,1
LA_D_9352798,1,0.999999,1
LA_D_9423280,1,0.99999833,1
LA_D_9429134,1,0.99999714,1
LA_D_9435329,1,0.999999,1
LA_D_9471357,1,0.9999583,1
LA_D_9491309,1,0.99999654,1
LA_D_9658949,1,0.999999,1
LA_D_9678576,1,0.99999404,1
LA_D_9837717,1,0.99999535,1
LA_D_9897081,1,0.9998834,1
LA_D_9937608,1,0.999999,1
LA_D_1158837,1,0.9999591,1
LA_D_1214950,1,0.9999542,1
LA_D_1246607,1,0.9999622,1
LA_D_1300558,1,0.998833,1
LA_D_1353894,1,0.9996052,1
LA_D_1355058,1,0.99999774,1
LA_D_1391982,1,0.9999769,1
LA_D_1438615,1,0.9999974,1
LA_D_1513725,1,0.99999654,1
LA_D_1567126,1,0.9999931,1
LA_D_1680201,1,0.99999595,1
LA_D_1686743,1,0.99998724,1
LA_D_1824180,1,0.99997973,1
LA_D_2044088,1,0.9998518,1
LA_D_2063669,1,0.9999846,1
LA_D_2082295,1,0.999999,1
LA_D_2188246,1,0.9999186,1
LA_D_2287585,1,0.9999703,1
LA_D_2363836,1,0.9999981,1
LA_D_2380064,1,0.99999726,1
LA_D_2445554,1,0.9998646,1
LA_D_2452544,1,0.9999988,1
LA_D_2565359,1,0.99996626,1
LA_D_2578749,1,0.9999664,1
LA_D_2718909,1,0.99999857,1
LA_D_2824820,1,0.9999782,1
LA_D_2895802,1,0.9999789,1
LA_D_2943260,1,0.9999362,1
LA_D_3051718,1,0.99928,1
LA_D_3053264,1,0.9998565,1
LA_D_3064595,1,0.99984014,1
LA_D_3116201,1,0.9999969,1
LA_D_3224671,1,0.99999714,1
LA_D_3274531,1,0.9993349,1
LA_D_3327924,1,0.999999,1
LA_D_3373017,1,0.9999863,1
LA_D_3373431,1,0.99998903,1
LA_D_3397208,1,0.99998844,1
LA_D_3405832,1,0.99997866,1
LA_D_3467346,1,0.99994636,1
LA_D_3479801,1,0.99923694,1
LA_D_3482661,1,0.99969286,1
LA_D_3548515,1,0.9999622,1
LA_D_3596015,1,0.999999,1
LA_D_3604610,1,0.9997273,1
LA_D_3607289,1,0.9999558,1
LA_D_3609977,1,0.999985,1
LA_D_3787070,1,0.9999558,1
LA_D_3891696,1,0.99996364,1
LA_D_3941447,1,0.9999821,1
LA_D_3956242,1,0.999964,1
LA_D_3967203,1,0.99999845,1
LA_D_3983406,1,0.999999,1
LA_D_3996355,1,0.9999863,1
LA_D_3999380,1,0.9999858,1
LA_D_4037283,1,0.999999,1
LA_D_4052216,1,0.9996531,1
LA_D_4052746,1,0.99999285,1
LA_D_4174420,1,0.9899802,1
LA_D_4239074,1,0.9999838,1
LA_D_4282724,1,0.99949265,1
LA_D_4293112,1,0.99999094,1
LA_D_4304868,1,0.9999957,1
LA_D_4399522,1,0.99973994,1
LA_D_4500243,1,0.9999914,1
LA_D_4513531,1,0.9999926,1
LA_D_4646934,1,0.99842876,1
LA_D_4807296,1,0.9999969,1
LA_D_4866981,1,0.9987017,1
LA_D_4947147,1,0.99921227,1
LA_D_4962492,1,0.99997854,1
LA_D_4971078,1,0.9997421,1
LA_D_4973412,1,0.999999,1
LA_D_4977329,1,0.9999467,1
LA_D_4992364,1,0.9999838,1
LA_D_5203733,1,0.999999,1
LA_D_5245987,1,0.99999785,1
LA_D_5260084,1,0.999999,1
LA_D_5411748,1,0.9999219,1
LA_D_5431156,1,0.99998426,1
LA_D_5475950,1,0.99979365,1
LA_D_5698379,1,0.999999,1
LA_D_5770185,1,0.9999012,1
LA_D_5774989,1,0.9999976,1
LA_D_5794620,1,0.9999697,1
LA_D_5846104,1,0.9999758,1
LA_D_6124905,1,0.9999975,1
LA_D_6183356,1,0.999999,1
LA_D_6207345,1,0.999999,1
LA_D_6280709,1,0.9993264,1
LA_D_6304222,1,0.9999807,1
LA_D_6418577,1,0.999999,1
LA_D_6480551,1,0.99999785,1
LA_D_6511989,1,0.99998784,1
LA_D_6539878,1,0.99983275,1
LA_D_6558890,1,0.9999305,1
LA_D_6598354,1,0.9999958,1
LA_D_6636661,1,0.99758697,1
LA_D_6659622,1,0.99736977,1
LA_D_6736028,1,0.9999864,1
LA_D_6799496,1,0.9999933,1
LA_D_6821909,1,0.9999932,1
LA_D_7230566,1,0.999999,1
LA_D_7324285,1,0.9989493,1
LA_D_7428513,1,0.9999931,1
LA_D_7512294,1,0.9946282,1
LA_D_7525926,1,0.9999844,1
LA_D_7566925,1,0.9999988,1
LA_D_7704954,1,0.9999069,1
LA_D_7724772,1,0.999999,1
LA_D_7731909,1,0.99999774,1
LA_D_7753521,1,0.999998,1
LA_D_7760578,1,0.9999838,1
LA_D_7874275,1,0.9999989,1
LA_D_7901021,1,0.9999162,1
LA_D_7974536,1,0.9997322,1
LA_D_8037358,1,0.99999785,1
LA_D_8214679,1,0.9999956,1
LA_D_8288732,1,0.9889866,1
LA_D_8314448,1,0.9955305,1
LA_D_8318899,1,0.9999864,1
LA_D_8426461,1,0.9998337,1
LA_D_8549144,1,0.99993587,1
LA_D_8553650,1,0.999999,1
LA_D_8697996,1,0.99998176,1
LA_D_8767671,1,0.9999987,1
LA_D_8836257,1,0.99998987,1
LA_D_8976620,1,0.9999857,1
LA_D_9183395,1,0.999999,1
LA_D_9184655,1,0.9999964,1
LA_D_9200045,1,0.999999,1
LA_D_9304099,1,0.99998415,1
LA_D_9311350,1,0.99998677,1
LA_D_9348889,1,0.99980366,1
LA_D_9531450,1,0.9999925,1
LA_D_9953476,1,0.99996865,1
LA_D_9960664,1,0.9999304,1
LA_D_9966094,1,0.999999,1
LA_D_9979957,1,0.9999981,1
LA_D_9996570,1,0.999999,1
LA_D_1024892,1,0.99999654,1
LA_D_1097170,1,0.9999962,1
LA_D_1131723,1,0.999999,1
LA_D_1218694,1,0.999984,1
LA_D_1234965,1,0.9999956,1
LA_D_1327255,1,0.999999,1
LA_D_1491971,1,0.9999975,1
LA_D_1544898,1,0.9999459,1
LA_D_1637250,1,0.99999857,1
LA_D_1696066,1,0.9999242,1
LA_D_1699026,1,0.9999757,1
LA_D_1710320,1,0.9999963,1
LA_D_1775562,1,0.9409901,1
LA_D_1988752,1,0.9999933,1
LA_D_2051747,1,0.99991524,1
LA_D_2059154,1,0.9998994,1
LA_D_2061583,1,0.999992,1
LA_D_2146246,1,0.99995434,1
LA_D_2209839,1,0.99692804,1
LA_D_2259043,1,0.999941,1
LA_D_2302613,1,0.99995637,1
LA_D_2411901,1,0.9999981,1
LA_D_2488325,1,0.99990475,1
LA_D_2658188,1,0.999999,1
LA_D_2690312,1,0.99999166,1
LA_D_2763260,1,0.999999,1
LA_D_2766423,1,0.99995613,1
LA_D_2791787,1,0.99934787,1
LA_D_2928658,1,0.9996881,1
LA_D_2958472,1,0.99995124,1
LA_D_3007617,1,0.999999,1
LA_D_3109423,1,0.9999105,1
LA_D_3149828,1,0.9995881,1
LA_D_3279100,1,0.999999,1
LA_D_3291602,1,0.999999,1
LA_D_3316221,1,0.999998,1
LA_D_3352195,1,0.99999654,1
LA_D_3416462,1,0.9999397,1
LA_D_3549588,1,0.9930588,1
LA_D_3553954,1,0.9999628,1
LA_D_3596872,1,0.9999945,1
LA_D_3694891,1,0.9998827,1
LA_D_3713783,1,0.99997973,1
LA_D_3757479,1,0.99993813,1
LA_D_3805241,1,0.99997103,1
LA_D_3808406,1,0.99999523,1
LA_D_4041525,1,0.9999783,1
LA_D_4063304,1,0.9997062,1
LA_D_4130767,1,0.9999949,1
LA_D_4246474,1,0.9999243,1
LA_D_4310926,1,0.9999956,1
LA_D_4320007,1,0.99943644,1
LA_D_4367012,1,0.9999982,1
LA_D_4440923,1,0.999999,1
LA_D_4462839,1,0.99997616,1
LA_D_4534077,1,0.9994774,1
LA_D_4599043,1,0.99998426,1
LA_D_4623306,1,0.9999989,1
LA_D_4631592,1,0.999999,1
LA_D_4661324,1,0.9999974,1
LA_D_4804382,1,0.999999,1
LA_D_4806480,1,0.9999467,1
LA_D_4838520,1,0.9998437,1
LA_D_4942819,1,0.9999552,1
LA_D_4949737,1,0.9999975,1
LA_D_5000705,1,0.99983776,1
LA_D_5016919,1,0.9999976,1
LA_D_5039802,1,0.9999387,1
LA_D_5135534,1,0.9956313,1
LA_D_5232868,1,0.9987966,1
LA_D_5256199,1,0.999999,1
LA_D_5372085,1,0.999999,1
LA_D_5545304,1,0.99998164,1
LA_D_5624810,1,0.99999726,1
LA_D_5648462,1,0.9999987,1
LA_D_5655965,1,0.9999801,1
LA_D_5669008,1,0.9999969,1
LA_D_5823678,1,0.99999714,1
LA_D_5826428,1,0.999998,1
LA_D_5835377,1,0.99971217,1
LA_D_5984308,1,0.9999814,1
LA_D_6031544,1,0.98480517,1
LA_D_6081830,1,0.99998116,1
LA_D_6089259,1,0.9999702,1
LA_D_6137641,1,0.99998295,1
LA_D_6220480,1,0.99998593,1
LA_D_6340859,1,0.9999074,1
LA_D_6373554,1,0.9999976,1
LA_D_6391787,1,0.999999,1
LA_D_6410181,1,0.9997534,1
LA_D_6598628,1,0.99999547,1
LA_D_6639331,1,0.99974734,1
LA_D_6725470,1,0.99998903,1
LA_D_6730053,1,0.9999517,1
LA_D_6805166,1,0.9999398,1
LA_D_6810551,1,0.99999356,1
LA_D_6848115,1,0.999999,1
LA_D_6853055,1,0.9999411,1
LA_D_7157407,1,0.9998995,1
LA_D_7176973,1,0.9891824,1
LA_D_7182301,1,0.9999944,1
LA_D_7185044,1,0.9997632,1
LA_D_7202557,1,0.99999726,1
LA_D_7308477,1,0.99999547,1
LA_D_7344200,1,0.99999714,1
LA_D_7366267,1,0.999998,1
LA_D_7391066,1,0.999959,1
LA_D_7439393,1,0.9991239,1
LA_D_7459649,1,0.99999404,1
LA_D_7463826,1,0.9999939,1
LA_D_7518137,1,0.9975337,1
LA_D_7546022,1,0.9999628,1
LA_D_7701126,1,0.9998132,1
LA_D_7878191,1,0.99995565,1
LA_D_7885719,1,0.9999862,1
LA_D_7905682,1,0.9998623,1
LA_D_7916368,1,0.9999865,1
LA_D_7932604,1,0.9999882,1
LA_D_7932927,1,0.99999106,1
LA_D_7981085,1,0.99903023,1
LA_D_7998943,1,0.99997973,1
LA_D_8003563,1,0.9999988,1
LA_D_8017985,1,0.9999833,1
LA_D_8049554,1,0.9999988,1
LA_D_8092661,1,0.9999156,1
LA_D_8124968,1,0.999999,1
LA_D_8127075,1,0.9999825,1
LA_D_8246056,1,0.9999498,1
LA_D_8361964,1,0.9997916,1
LA_D_8393123,1,0.9999889,1
LA_D_8443765,1,0.9965114,1
LA_D_8450008,1,0.99999034,1
LA_D_8464454,1,0.99888617,1
LA_D_8537448,1,0.9999888,1
LA_D_8596053,1,0.999995,1
LA_D_8769661,1,0.9999827,1
LA_D_8775776,1,0.999999,1
LA_D_8858517,1,0.99995935,1
LA_D_8894154,1,0.99999416,1
LA_D_8916787,1,0.99998844,1
LA_D_8925545,1,0.999985,1
LA_D_9108828,1,0.9999515,1
LA_D_9126745,1,0.99994373,1
LA_D_9132872,1,0.99830794,1
LA_D_9238819,1,0.999998,1
LA_D_9338180,1,0.9999291,1
LA_D_9489443,1,0.9999565,1
LA_D_9592778,1,0.99987483,1
LA_D_9595794,1,0.9999976,1
LA_D_9615915,1,0.9999919,1
LA_D_9625547,1,0.9956849,1
LA_D_9666678,1,0.9999095,1
LA_D_9814046,1,0.9999882,1
LA_D_9931422,1,0.99999344,1
LA_D_1072893,1,0.999999,1
LA_D_1118564,1,0.99997985,1
LA_D_1121142,1,0.999999,1
LA_D_1199158,1,0.999999,1
LA_D_1264788,1,0.999999,1
LA_D_1299580,1,0.999999,1
LA_D_1356035,1,0.9999989,1
LA_D_1396983,1,0.999999,1
LA_D_1431487,1,0.9999931,1
LA_D_1434598,1,0.999999,1
LA_D_1487726,1,0.999999,1
LA_D_1541720,1,0.999999,1
LA_D_1583668,1,0.999999,1
LA_D_1592884,1,0.9999825,1
LA_D_1659462,1,0.999999,1
LA_D_1660662,1,0.999999,1
LA_D_1716988,1,0.999999,1
LA_D_1720317,1,0.999999,1
LA_D_1864699,1,0.999999,1
LA_D_2014243,1,0.999999,1
LA_D_2066393,1,0.9999585,1
LA_D_2080977,1,0.999999,1
LA_D_2172148,1,0.999999,1
LA_D_2190620,1,0.999999,1
LA_D_2223225,1,0.999999,1
LA_D_2274164,1,0.9999939,1
LA_D_2286902,1,0.9999186,1
LA_D_2294476,1,0.99999833,1
LA_D_2309894,1,0.999999,1
LA_D_2415228,1,0.9999937,1
LA_D_2459993,1,0.9999943,1
LA_D_2552574,1,0.9999908,1
LA_D_2652046,1,0.999999,1
LA_D_2681158,1,0.9999237,1
LA_D_2720668,1,0.99997973,1
LA_D_2743286,1,0.9999987,1
LA_D_2855417,1,0.999999,1
LA_D_2856650,1,0.999999,1
LA_D_2861752,1,0.9999988,1
LA_D_3299949,1,0.999999,1
LA_D_3354668,1,0.999999,1
LA_D_3387539,1,0.999999,1
LA_D_3448074,1,0.999999,1
LA_D_3526885,1,0.999999,1
LA_D_3554499,1,0.999999,1
LA_D_3555589,1,0.99998367,1
LA_D_3567303,1,0.9999975,1
LA_D_3653942,1,0.99999714,1
LA_D_3714679,1,0.999999,1
LA_D_3720871,1,0.999999,1
LA_D_3727888,1,0.999999,1
LA_D_3897478,1,0.999999,1
LA_D_4135293,1,0.999999,1
LA_D_4236952,1,0.9999988,1
LA_D_4310386,1,0.9998801,1
LA_D_4428897,1,0.999999,1
LA_D_4530613,1,0.999999,1
LA_D_4655594,1,0.99999833,1
LA_D_4701213,1,0.999999,1
LA_D_4706408,1,0.999999,1
LA_D_4708413,1,0.99999785,1
LA_D_4748747,1,0.99999416,1
LA_D_4789764,1,0.99999034,1
LA_D_4878438,1,0.999999,1
LA_D_4890059,1,0.999999,1
LA_D_4896049,1,0.9999987,1
LA_D_4934804,1,0.999999,1
LA_D_5009407,1,0.9999988,1
LA_D_5030937,1,0.9999969,1
LA_D_5044136,1,0.999999,1
LA_D_5135638,1,0.9999988,1
LA_D_5192077,1,0.99999607,1
LA_D_5254877,1,0.999999,1
LA_D_5296393,1,0.999999,1
LA_D_5334517,1,0.999999,1
LA_D_5542285,1,0.999999,1
LA_D_5626364,1,0.99999857,1
LA_D_5674440,1,0.9999852,1
LA_D_5679718,1,0.999999,1
LA_D_5774240,1,0.9999987,1
LA_D_5914465,1,0.999999,1
LA_D_5937275,1,0.99999034,1
LA_D_5950853,1,0.999999,1
LA_D_6002845,1,0.999999,1
LA_D_6067855,1,0.999998,1
LA_D_6077297,1,0.999999,1
LA_D_6099505,1,0.99995506,1
LA_D_6208197,1,0.999999,1
LA_D_6233220,1,0.9999987,1
LA_D_6388357,1,0.99999726,1
LA_D_6423859,1,0.999999,1
LA_D_6465138,1,0.999999,1
LA_D_6630316,1,0.999999,1
LA_D_6780824,1,0.999999,1
LA_D_6785500,1,0.9999974,1
LA_D_6795666,1,0.9999989,1
LA_D_6806996,1,0.999999,1
LA_D_6831922,1,0.9999801,1
LA_D_6869561,1,0.9999964,1
LA_D_6920717,1,0.9999871,1
LA_D_6948624,1,0.999999,1
LA_D_6976087,1,0.99999547,1
LA_D_7073625,1,0.99999833,1
LA_D_7184320,1,0.999999,1
LA_D_7281226,1,0.999999,1
LA_D_7285253,1,0.99999833,1
LA_D_7349597,1,0.999999,1
LA_D_7495927,1,0.999999,1
LA_D_7513515,1,0.999999,1
LA_D_7514976,1,0.999999,1
LA_D_7518457,1,0.9999975,1
LA_D_7554234,1,0.999999,1
LA_D_7601268,1,0.999999,1
LA_D_7661891,1,0.9995498,1
LA_D_7715110,1,0.999999,1
LA_D_7742734,1,0.999999,1
LA_D_7786543,1,0.99999785,1
LA_D_7820018,1,0.999999,1
LA_D_8006035,1,0.999999,1
LA_D_8023275,1,0.9999801,1
LA_D_8163259,1,0.9999926,1
LA_D_8183126,1,0.9999938,1
LA_D_8232673,1,0.999999,1
LA_D_8238051,1,0.99999464,1
LA_D_8264385,1,0.9999987,1
LA_D_8274485,1,0.999999,1
LA_D_8277825,1,0.999999,1
LA_D_8313453,1,0.9999945,1
LA_D_8436513,1,0.999999,1
LA_D_8633579,1,0.999999,1
LA_D_8635476,1,0.9999989,1
LA_D_8665901,1,0.9999982,1
LA_D_8688425,1,0.999999,1
LA_D_8737588,1,0.999999,1
LA_D_8863378,1,0.9999893,1
LA_D_8870668,1,0.999999,1
LA_D_8873219,1,0.999999,1
LA_D_8878312,1,0.999999,1
LA_D_8946580,1,0.9999988,1
LA_D_8950507,1,0.999999,1
LA_D_8982290,1,0.999999,1
LA_D_9057299,1,0.999999,1
LA_D_9099813,1,0.999999,1
LA_D_9268601,1,0.999999,1
LA_D_9437065,1,0.999999,1
LA_D_9508907,1,0.999999,1
LA_D_9515167,1,0.999999,1
LA_D_9613437,1,0.999999,1
LA_D_9640641,1,0.999999,1
LA_D_9679656,1,0.999999,1
LA_D_9682441,1,0.999999,1
LA_D_9757460,1,0.999999,1
LA_D_9786399,1,0.999999,1
LA_D_9791780,1,0.999999,1
LA_D_1028589,1,0.999999,1
LA_D_1056334,1,0.9996425,1
LA_D_1096053,1,0.999999,1
LA_D_1245754,1,0.9999914,1
LA_D_1316596,1,0.9999572,1
LA_D_1365236,1,0.9898545,1
LA_D_1444916,1,0.999999,1
LA_D_1577384,1,0.9998797,1
LA_D_1643904,1,0.99893075,1
LA_D_1764120,1,0.999999,1
LA_D_1782314,1,0.9999912,1
LA_D_1902645,1,0.99818546,1
LA_D_1961293,1,0.9999989,1
LA_D_2159390,1,0.99999845,1
LA_D_2423683,1,0.9999887,1
LA_D_2435925,1,0.999999,1
LA_D_2485218,1,0.9999888,1
LA_D_2512075,1,0.9997172,1
LA_D_2679873,1,0.9998783,1
LA_D_2780780,1,0.9999714,1
LA_D_2972247,1,0.9999974,1
LA_D_3006726,1,0.999999,1
LA_D_3317945,1,0.999995,1
LA_D_3370277,1,0.9999976,1
LA_D_3405736,1,0.9999918,1
LA_D_3652642,1,0.999999,1
LA_D_4131292,1,0.999997,1
LA_D_4223627,1,0.9999951,1
LA_D_4331249,1,0.999999,1
LA_D_4420975,1,0.9999677,1
LA_D_4463495,1,0.99993634,1
LA_D_4881390,1,0.999999,1
LA_D_5522312,1,0.99995935,1
LA_D_5621013,1,0.999999,1
LA_D_5656029,1,0.9997596,1
LA_D_5696762,1,0.999999,1
LA_D_5965283,1,0.9999324,1
LA_D_5976013,1,0.9996573,1
LA_D_6002117,1,0.9999316,1
LA_D_6114519,1,0.999999,1
LA_D_6189044,1,0.9999982,1
LA_D_6257081,1,0.9995797,1
LA_D_6611532,1,0.999999,1
LA_D_6815506,1,0.999999,1
LA_D_6900009,1,0.999984,1
LA_D_7002192,1,0.999999,1
LA_D_7127063,1,0.9997821,1
LA_D_7148063,1,0.999999,1
LA_D_7374404,1,0.9999932,1
LA_D_7380611,1,0.99998355,1
LA_D_7448272,1,0.999985,1
LA_D_7494873,1,0.999999,1
LA_D_7559885,1,0.999999,1
LA_D_7713018,1,0.999999,1
LA_D_7861052,1,0.99998415,1
LA_D_8059879,1,0.999931,1
LA_D_8190929,1,0.999967,1
LA_D_8194315,1,0.999999,1
LA_D_8404215,1,0.9997329,1
LA_D_8433710,1,0.999999,1
LA_D_8543859,1,0.999999,1
LA_D_8891723,1,0.9997272,1
LA_D_8894613,1,0.99999595,1
LA_D_8932352,1,0.9999964,1
LA_D_8991834,1,0.9998472,1
LA_D_9006057,1,0.99943227,1
LA_D_9060455,1,0.999999,1
LA_D_9253093,1,0.999999,1
LA_D_9284682,1,0.9999976,1
LA_D_9298358,1,0.999999,1
LA_D_9348533,1,0.9981919,1
LA_D_9423451,1,0.999992,1
LA_D_9442194,1,0.99999213,1
LA_D_9517414,1,0.9763647,1
LA_D_9597340,1,0.999999,1
LA_D_9764484,1,0.9999559,1
LA_D_9919064,1,0.99999774,1
LA_D_1423006,1,0.99998033,1
LA_D_1473255,1,0.99997234,1
LA_D_1481057,1,0.99998724,1
LA_D_1758018,1,0.9996263,1
LA_D_1954410,1,0.9999455,1
LA_D_1982159,1,0.99996305,1
LA_D_2813154,1,0.9963903,1
LA_D_2906873,1,0.9997452,1
LA_D_2946958,1,0.9999876,1
LA_D_2976553,1,0.9971499,1
LA_D_3061471,1,0.9993006,1
LA_D_3074985,1,0.9997766,1
LA_D_3150235,1,0.998844,1
LA_D_3170323,1,0.9990476,1
LA_D_3476544,1,0.99993205,1
LA_D_3765509,1,0.9999845,1
LA_D_4016743,1,0.99999523,1
LA_D_4026264,1,0.9985911,1
LA_D_4072040,1,0.99992275,1
LA_D_4137927,1,0.9999387,1
LA_D_4180571,1,0.99960697,1
LA_D_4203374,1,0.99963784,1
LA_D_4309711,1,0.99996376,1
LA_D_4540166,1,0.99991894,1
LA_D_4723558,1,0.9924904,1
LA_D_5029338,1,0.9999181,1
LA_D_5337615,1,0.8993585,1
LA_D_5588765,1,0.9999608,1
LA_D_5621016,1,0.9993006,1
LA_D_5779977,1,0.99997437,1
LA_D_5945817,1,0.99961543,1
LA_D_5952548,1,0.99989724,1
LA_D_6016215,1,0.99999213,1
LA_D_6043277,1,0.9989538,1
LA_D_6081678,1,0.999752,1
LA_D_6085002,1,0.99999475,1
LA_D_6262512,1,0.99794036,1
LA_D_6343761,1,0.999087,1
LA_D_6380295,1,0.9999809,1
LA_D_6439730,1,0.99918884,1
LA_D_6471870,1,0.9177427,1
LA_D_6480348,1,0.999967,1
LA_D_6502976,1,0.9999492,1
LA_D_6609968,1,0.9999021,1
LA_D_6624621,1,0.9999635,1
LA_D_7045141,1,0.9998225,1
LA_D_7073678,1,0.99998856,1
LA_D_7160972,1,0.9997865,1
LA_D_7181044,1,0.980288,1
LA_D_7207798,1,0.9998343,1
LA_D_7219426,1,0.99990094,1
LA_D_7339762,1,0.99999,1
LA_D_7408100,1,0.9999629,1
LA_D_7467158,1,0.99826425,1
LA_D_7836916,1,0.99981165,1
LA_D_8168206,1,0.99958736,1
LA_D_8222620,1,0.9999502,1
LA_D_8235144,1,0.9998964,1
LA_D_8340433,1,0.99990153,1
LA_D_8461949,1,0.9999987,1
LA_D_8489512,1,0.9987899,1
LA_D_8492975,1,0.99989796,1
LA_D_8544546,1,0.999316,1
LA_D_8582039,1,0.9999893,1
LA_D_8679905,1,0.7280079,1
LA_D_8830828,1,0.99861264,1
LA_D_8952306,1,0.99985194,1
LA_D_8995647,1,0.9999474,1
LA_D_9095164,1,0.99425983,1
LA_D_9458567,1,0.9992119,1
LA_D_9723493,1,0.9998492,1
LA_D_9750223,1,0.999915,1
LA_D_9782269,1,0.9999485,1
LA_D_9812702,1,0.9999486,1
LA_D_9818781,1,0.99991155,1
LA_D_9877194,1,0.99982727,1
LA_D_9992816,1,0.40870005,0
LA_D_1101351,1,0.9999924,1
LA_D_1249064,1,0.99997556,1
LA_D_1307948,1,0.32570907,0
LA_D_1403762,1,0.999987,1
LA_D_1410704,1,0.99995613,1
LA_D_1469404,1,0.9996401,1
LA_D_1480186,1,0.9997254,1
LA_D_1556595,1,0.99947834,1
LA_D_1838386,1,0.99997306,1
LA_D_2026367,1,0.9999871,1
LA_D_2178723,1,0.99998224,1
LA_D_2227239,1,0.99774903,1
LA_D_2496910,1,0.99977046,1
LA_D_2977892,1,0.99998724,1
LA_D_2979011,1,0.9999484,1
LA_D_3342452,1,0.9999981,1
LA_D_3536394,1,0.99994075,1
LA_D_3577801,1,0.9877428,1
LA_D_3622835,1,0.9998343,1
LA_D_3776414,1,0.999897,1
LA_D_3860312,1,0.9999572,1
LA_D_3861154,1,0.99181634,1
LA_D_3940913,1,0.99953717,1
LA_D_3947384,1,0.99985707,1
LA_D_3971945,1,0.99999607,1
LA_D_4095293,1,0.99400437,1
LA_D_4246993,1,0.999999,1
LA_D_4320036,1,0.9996894,1
LA_D_4387141,1,0.99977946,1
LA_D_4457189,1,0.9996282,1
LA_D_4485182,1,0.99850345,1
LA_D_4492847,1,0.9998132,1
LA_D_4745806,1,0.9999653,1
LA_D_4747124,1,0.9999982,1
LA_D_4751390,1,0.99075073,1
LA_D_5090803,1,0.9999702,1
LA_D_5349360,1,0.99989605,1
LA_D_5364410,1,0.9999808,1
LA_D_5684697,1,0.99881375,1
LA_D_5763453,1,0.9999615,1
LA_D_5790394,1,0.99975055,1
LA_D_5972086,1,0.9999784,1
LA_D_6013126,1,0.99999046,1
LA_D_6022629,1,0.96682423,1
LA_D_6442014,1,0.9999888,1
LA_D_6443649,1,0.9999851,1
LA_D_6446759,1,0.9999945,1
LA_D_6451106,1,0.9993684,1
LA_D_6609032,1,0.99998975,1
LA_D_7067333,1,0.99999714,1
LA_D_7200480,1,0.9999758,1
LA_D_7302367,1,0.99986804,1
LA_D_7370306,1,0.999999,1
LA_D_7370520,1,0.999999,1
LA_D_7394757,1,0.99995804,1
LA_D_7451276,1,0.99997675,1
LA_D_7451364,1,0.99972934,1
LA_D_7480903,1,0.9998803,1
LA_D_7590299,1,0.99978054,1
LA_D_7651671,1,0.9999542,1
LA_D_8089175,1,0.9997827,1
LA_D_8116083,1,0.99995244,1
LA_D_8147163,1,0.9980082,1
LA_D_8313645,1,0.99997044,1
LA_D_8329201,1,0.99333996,1
LA_D_8672699,1,0.9998045,1
LA_D_8762609,1,0.9946517,1
LA_D_8924553,1,0.99924487,1
LA_D_8989585,1,0.9999149,1
LA_D_8995264,1,0.9999858,1
LA_D_9113588,1,0.9999795,1
LA_D_9299686,1,0.9992132,1
LA_D_9676445,1,0.99998975,1
LA_D_9843427,1,0.99975115,1
LA_D_9851827,1,0.9995726,1
LA_D_9875362,1,0.999999,1
LA_D_9936597,1,0.9994899,1
LA_D_1038259,1,0.9999976,1
LA_D_1052072,1,0.99998665,1
LA_D_1056044,1,0.9999187,1
LA_D_1069525,1,0.999999,1
LA_D_1144331,1,0.9999918,1
LA_D_1204220,1,0.99999714,1
LA_D_1322543,1,0.99999666,1
LA_D_1367406,1,0.999999,1
LA_D_1484973,1,0.9999933,1
LA_D_1490681,1,0.99995446,1
LA_D_1532705,1,0.9999982,1
LA_D_1608630,1,0.999999,1
LA_D_1661775,1,0.99999714,1
LA_D_1788083,1,0.9999747,1
LA_D_1792486,1,0.9999875,1
LA_D_1820875,1,0.999999,1
LA_D_1888215,1,0.9999956,1
LA_D_1959657,1,0.9999981,1
LA_D_1975696,1,0.99998796,1
LA_D_2042159,1,0.9937238,1
LA_D_2358821,1,0.99999285,1
LA_D_2408297,1,0.99999535,1
LA_D_2450199,1,0.999999,1
LA_D_2556697,1,0.9999759,1
LA_D_2596293,1,0.99999857,1
LA_D_2660160,1,0.9999782,1
LA_D_2684373,1,0.9999814,1
LA_D_2819153,1,0.999979,1
LA_D_2902957,1,0.99999607,1
LA_D_2936796,1,0.99999595,1
LA_D_2952279,1,0.9999815,1
LA_D_2977057,1,0.9999752,1
LA_D_3029513,1,0.9999671,1
LA_D_3093310,1,0.99999154,1
LA_D_3205943,1,0.99999595,1
LA_D_3245414,1,0.999999,1
LA_D_3475014,1,0.99983287,1
LA_D_3495464,1,0.99999833,1
LA_D_3540954,1,0.9999989,1
LA_D_3555645,1,0.999999,1
LA_D_3603496,1,0.9999924,1
LA_D_3686487,1,0.99999523,1
LA_D_3987478,1,0.999999,1
LA_D_4107345,1,0.9999989,1
LA_D_4114029,1,0.9999807,1
LA_D_4166346,1,0.9999987,1
LA_D_4433236,1,0.999999,1
LA_D_4433602,1,0.9999945,1
LA_D_4457621,1,0.9999918,1
LA_D_4606004,1,0.9999833,1
LA_D_4799779,1,0.99999285,1
LA_D_4876634,1,0.9999951,1
LA_D_5037208,1,0.9999913,1
LA_D_5066833,1,0.9996988,1
LA_D_5105872,1,0.999999,1
LA_D_5136646,1,0.99999595,1
LA_D_5146678,1,0.99999607,1
LA_D_5212308,1,0.9999964,1
LA_D_5256804,1,0.999999,1
LA_D_5390367,1,0.9998987,1
LA_D_5412149,1,0.9999436,1
LA_D_5513257,1,0.999995,1
LA_D_5539710,1,0.999999,1
LA_D_5606626,1,0.9999974,1
LA_D_5631853,1,0.999999,1
LA_D_5660085,1,0.999913,1
LA_D_5738969,1,0.99998546,1
LA_D_5823706,1,0.9999913,1
LA_D_5907410,1,0.999999,1
LA_D_6077981,1,0.99999,1
LA_D_6084606,1,0.9999449,1
LA_D_6108420,1,0.9999987,1
LA_D_6113999,1,0.99997926,1
LA_D_6332014,1,0.999999,1
LA_D_6339881,1,0.99992967,1
LA_D_6355669,1,0.9999988,1
LA_D_6404877,1,0.999999,1
LA_D_6434693,1,0.99994504,1
LA_D_6496486,1,0.999999,1
LA_D_6516226,1,0.99997556,1
LA_D_6516961,1,0.99999785,1
LA_D_6646969,1,0.999999,1
LA_D_6733062,1,0.9999633,1
LA_D_6756553,1,0.9999713,1
LA_D_6917442,1,0.999999,1
LA_D_6919759,1,0.9999963,1
LA_D_7021117,1,0.9999846,1
LA_D_7057765,1,0.99998,1
LA_D_7074881,1,0.99999774,1
LA_D_7097684,1,0.9999442,1
LA_D_7153183,1,0.99999857,1
LA_D_7501952,1,0.99998105,1
LA_D_7600822,1,0.999999,1
LA_D_7727446,1,0.99998844,1
LA_D_7730769,1,0.9999839,1
LA_D_7751131,1,0.9999889,1
LA_D_7763180,1,0.99999595,1
LA_D_7765872,1,0.999997,1
LA_D_7887285,1,0.9999975,1
LA_D_8089934,1,0.999999,1
LA_D_8215973,1,0.999999,1
LA_D_8231133,1,0.99998367,1
LA_D_8476547,1,0.9999969,1
LA_D_8522983,1,0.9999877,1
LA_D_8554979,1,0.999999,1
LA_D_8591419,1,0.999999,1
LA_D_8861489,1,0.9999541,1
LA_D_8880226,1,0.999999,1
LA_D_8905184,1,0.9999976,1
LA_D_8975327,1,0.9999987,1
LA_D_8988945,1,0.99999785,1
LA_D_9093882,1,0.9999987,1
LA_D_9173254,1,0.99999785,1
LA_D_9195670,1,0.9999691,1
LA_D_9223242,1,0.99999607,1
LA_D_9243355,1,0.9999963,1
LA_D_9256388,1,0.99999166,1
LA_D_9354139,1,0.99997747,1
LA_D_9408142,1,0.9999913,1
LA_D_9544806,1,0.99999726,1
LA_D_9559588,1,0.999999,1
LA_D_9577394,1,0.99981177,1
LA_D_9706957,1,0.9999958,1
LA_D_9712400,1,0.999999,1
LA_D_9764499,1,0.9999769,1
LA_D_9842587,1,0.99999726,1
LA_D_1049549,1,0.999999,1
LA_D_1076361,1,0.99999845,1
LA_D_1091102,1,0.999999,1
LA_D_1133998,1,0.9999752,1
LA_D_1223641,1,0.9997557,1
LA_D_1273183,1,0.99933225,1
LA_D_1336215,1,0.99997246,1
LA_D_1337729,1,0.9999893,1
LA_D_1400319,1,0.9999949,1
LA_D_1505756,1,0.9999765,1
LA_D_1511694,1,0.99999595,1
LA_D_1517076,1,0.9999958,1
LA_D_1570970,1,0.99999857,1
LA_D_1585215,1,0.999999,1
LA_D_1703452,1,0.999999,1
LA_D_1797978,1,0.9999976,1
LA_D_1829406,1,0.95430607,1
LA_D_1838177,1,0.99998426,1
LA_D_2027122,1,0.9999964,1
LA_D_2120353,1,0.9999323,1
LA_D_2242074,1,0.9999981,1
LA_D_2473174,1,0.999999,1
LA_D_2576930,1,0.9999845,1
LA_D_2593161,1,0.9988299,1
LA_D_2630434,1,0.99880064,1
LA_D_2639273,1,0.99988556,1
LA_D_2666751,1,0.9999974,1
LA_D_2723178,1,0.9999894,1
LA_D_2740232,1,0.99999547,1
LA_D_2927307,1,0.9998568,1
LA_D_2932112,1,0.99999857,1
LA_D_3155945,1,0.9963924,1
LA_D_3222569,1,0.99951315,1
LA_D_3289496,1,0.999999,1
LA_D_3319482,1,0.9545187,1
LA_D_3408690,1,0.999999,1
LA_D_3416238,1,0.9996027,1
LA_D_3500984,1,0.99902594,1
LA_D_3556377,1,0.99994993,1
LA_D_3608670,1,0.950954,1
LA_D_3703286,1,0.99993896,1
LA_D_3761724,1,0.99999416,1
LA_D_3784822,1,0.99921215,1
LA_D_3878203,1,0.9999989,1
LA_D_3891416,1,0.99991477,1
LA_D_3909550,1,0.9999981,1
LA_D_3912641,1,0.999999,1
LA_D_4284229,1,0.999999,1
LA_D_4296014,1,0.9999943,1
LA_D_4349047,1,0.999999,1
LA_D_4359251,1,0.9999944,1
LA_D_4392708,1,0.999999,1
LA_D_4479461,1,0.9999989,1
LA_D_4494554,1,0.9996998,1
LA_D_4550700,1,0.9999876,1
LA_D_4598473,1,0.9999589,1
LA_D_4608449,1,0.9999951,1
LA_D_4804432,1,0.99999166,1
LA_D_4918840,1,0.99973303,1
LA_D_4966585,1,0.999999,1
LA_D_5062996,1,0.999999,1
LA_D_5071715,1,0.999999,1
LA_D_5107120,1,0.99999547,1
LA_D_5154794,1,0.999999,1
LA_D_5185995,1,0.9999685,1
LA_D_5273164,1,0.9999982,1
LA_D_5292101,1,0.999999,1
LA_D_5293101,1,0.999999,1
LA_D_5326475,1,0.9999963,1
LA_D_5459367,1,0.999999,1
LA_D_5490922,1,0.99999356,1
LA_D_5666784,1,0.999999,1
LA_D_5677972,1,0.99814475,1
LA_D_5726006,1,0.9999833,1
LA_D_5939593,1,0.999858,1
LA_D_5974475,1,0.9996988,1
LA_D_5989374,1,0.999999,1
LA_D_6134933,1,0.9999908,1
LA_D_6189237,1,0.9999962,1
LA_D_6283341,1,0.99908984,1
LA_D_6341313,1,0.99999607,1
LA_D_6375526,1,0.99996305,1
LA_D_6452789,1,0.99998736,1
LA_D_6536846,1,0.78487766,1
LA_D_6544770,1,0.99998355,1
LA_D_6549233,1,0.999999,1
LA_D_6594571,1,0.9983523,1
LA_D_6610055,1,0.999999,1
LA_D_6752758,1,0.999999,1
LA_D_6805066,1,0.9999306,1
LA_D_7071725,1,0.9999963,1
LA_D_7097849,1,0.9999777,1
LA_D_7339633,1,0.9999975,1
LA_D_7629182,1,0.999999,1
LA_D_7662627,1,0.999999,1
LA_D_7731192,1,0.99999774,1
LA_D_7812459,1,0.999999,1
LA_D_7830144,1,0.9999956,1
LA_D_7900736,1,0.9998882,1
LA_D_7944573,1,0.99989474,1
LA_D_7966144,1,0.99998665,1
LA_D_8042945,1,0.9999976,1
LA_D_8094862,1,0.99994636,1
LA_D_8099644,1,0.9999902,1
LA_D_8103476,1,0.99999607,1
LA_D_8184787,1,0.99995744,1
LA_D_8342132,1,0.9999882,1
LA_D_8419568,1,0.999999,1
LA_D_8436641,1,0.9999949,1
LA_D_8482192,1,0.9999969,1
LA_D_8558274,1,0.999999,1
LA_D_8587105,1,0.999999,1
LA_D_8681156,1,0.99997675,1
LA_D_8778186,1,0.9999976,1
LA_D_8792865,1,0.99999225,1
LA_D_8840755,1,0.99998474,1
LA_D_8899535,1,0.999999,1
LA_D_8988223,1,0.999999,1
LA_D_9105003,1,0.99998486,1
LA_D_9148460,1,0.999982,1
LA_D_9169706,1,0.9999459,1
LA_D_9193664,1,0.9999944,1
LA_D_9689549,1,0.9958599,1
LA_D_9741135,1,0.999944,1
LA_D_9830094,1,0.99986637,1
LA_D_9851890,1,0.99480796,1
LA_D_1086824,1,0.9999696,1
LA_D_1183785,1,0.99867874,1
LA_D_1213994,1,0.9999896,1
LA_D_1253089,1,0.99997413,1
LA_D_1467031,1,0.9999981,1
LA_D_1553644,1,0.9999844,1
LA_D_1597752,1,0.9999962,1
LA_D_1758807,1,0.999999,1
LA_D_1775211,1,0.9999865,1
LA_D_1861265,1,0.9999534,1
LA_D_1950699,1,0.999999,1
LA_D_2014253,1,0.99999547,1
LA_D_2139125,1,0.9999888,1
LA_D_2252677,1,0.999999,1
LA_D_2285682,1,0.999999,1
LA_D_2302005,1,0.98792005,1
LA_D_2455027,1,0.9998845,1
LA_D_2653208,1,0.9999471,1
LA_D_2654763,1,0.99992335,1
LA_D_2722562,1,0.9998747,1
LA_D_2846692,1,0.9999981,1
LA_D_2871577,1,0.99999857,1
LA_D_2990661,1,0.999999,1
LA_D_3056969,1,0.9993839,1
LA_D_3075013,1,0.9999975,1
LA_D_3089604,1,0.9999697,1
LA_D_3283135,1,0.99999416,1
LA_D_3387718,1,0.999995,1
LA_D_3541747,1,0.9999933,1
LA_D_3608903,1,0.9999906,1
LA_D_3773719,1,0.9999881,1
LA_D_3842728,1,0.9874811,1
LA_D_3876757,1,0.99999845,1
LA_D_3952793,1,0.99999046,1
LA_D_3994693,1,0.99999607,1
LA_D_4033472,1,0.9999938,1
LA_D_4149974,1,0.9999788,1
LA_D_4161223,1,0.99999475,1
LA_D_4224972,1,0.999999,1
LA_D_4289756,1,0.99973124,1
LA_D_4361968,1,0.9999273,1
LA_D_4466001,1,0.99875927,1
LA_D_4494387,1,0.999999,1
LA_D_4514282,1,0.99998057,1
LA_D_4667936,1,0.99999356,1
LA_D_4670510,1,0.999999,1
LA_D_4699929,1,0.9996166,1
LA_D_4814376,1,0.99771607,1
LA_D_4963927,1,0.99999833,1
LA_D_5110502,1,0.9996215,1
LA_D_5186221,1,0.999902,1
LA_D_5261984,1,0.99999523,1
LA_D_5348059,1,0.99998856,1
LA_D_5389440,1,0.9999795,1
LA_D_5417114,1,0.99999714,1
LA_D_5527177,1,0.9998599,1
LA_D_5712579,1,0.99996614,1
LA_D_5780144,1,0.99998784,1
LA_D_5791290,1,0.9998293,1
LA_D_5808517,1,0.9998323,1
LA_D_5837272,1,0.9999881,1
LA_D_5881435,1,0.9998752,1
LA_D_5957210,1,0.999999,1
LA_D_6023315,1,0.9996462,1
LA_D_6033972,1,0.9999968,1
LA_D_6035951,1,0.999999,1
LA_D_6038297,1,0.999999,1
LA_D_6127522,1,0.9999745,1
LA_D_6128469,1,0.999999,1
LA_D_6226339,1,0.999999,1
LA_D_6330573,1,0.9999424,1
LA_D_6401877,1,0.9985032,1
LA_D_6415819,1,0.9999943,1
LA_D_6433438,1,0.99997175,1
LA_D_6458498,1,0.99977046,1
LA_D_6482453,1,0.99998724,1
LA_D_6486117,1,0.99995065,1
LA_D_6710190,1,0.49702233,0
LA_D_6903853,1,0.9999721,1
LA_D_6911536,1,0.99998856,1
LA_D_6972066,1,0.9999975,1
LA_D_7014889,1,0.99998236,1
LA_D_7050071,1,0.99998176,1
LA_D_7109425,1,0.9999374,1
LA_D_7250160,1,0.9999963,1
LA_D_7272195,1,0.99999666,1
LA_D_7385359,1,0.99999475,1
LA_D_7426346,1,0.99997413,1
LA_D_7447418,1,0.99626595,1
LA_D_7561369,1,0.99998856,1
LA_D_7617208,1,0.99999297,1
LA_D_7742504,1,0.9999943,1
LA_D_7757579,1,0.9999894,1
LA_D_7769284,1,0.99871516,1
LA_D_7998237,1,0.9999888,1
LA_D_8045816,1,0.99999666,1
LA_D_8087859,1,0.99992335,1
LA_D_8110718,1,0.99998724,1
LA_D_8213223,1,0.99999034,1
LA_D_8238260,1,0.99992716,1
LA_D_8351256,1,0.9999989,1
LA_D_8364855,1,0.99622685,1
LA_D_8438363,1,0.99999857,1
LA_D_8463557,1,0.9999968,1
LA_D_8565008,1,0.9999982,1
LA_D_8635731,1,0.9994049,1
LA_D_8658970,1,0.99998856,1
LA_D_8691545,1,0.999999,1
LA_D_8718356,1,0.999999,1
LA_D_9026368,1,0.99995804,1
LA_D_9091023,1,0.9999989,1
LA_D_9222965,1,0.9999845,1
LA_D_9357270,1,0.96890634,1
LA_D_9385770,1,0.9999974,1
LA_D_9386152,1,0.9999858,1
LA_D_9386892,1,0.99893075,1
LA_D_9422157,1,0.99998915,1
LA_D_9442238,1,0.99997604,1
LA_D_9452854,1,0.99997246,1
LA_D_9622791,1,0.999999,1
LA_D_9628533,1,0.9999913,1
LA_D_9706532,1,0.9999963,1
LA_D_9770200,1,0.99997056,1
LA_D_9820905,1,0.99940157,1
LA_D_9829008,1,0.99995613,1
LA_D_9922523,1,0.9999924,1
LA_D_1133069,1,0.9999858,1
LA_D_1301234,1,0.99998546,1
LA_D_1722779,1,0.99999845,1
LA_D_1732752,1,0.9999969,1
LA_D_1842990,1,0.9999989,1
LA_D_2095392,1,0.99999475,1
LA_D_2338525,1,0.9999516,1
LA_D_2644387,1,0.99997914,1
LA_D_2773764,1,0.99998987,1
LA_D_2896082,1,0.99999857,1
LA_D_3075580,1,0.99996233,1
LA_D_3084702,1,0.99995446,1
LA_D_3163255,1,0.9999722,1
LA_D_3169410,1,0.99984765,1
LA_D_3229215,1,0.99999845,1
LA_D_3377698,1,0.9999988,1
LA_D_3406247,1,0.999999,1
LA_D_3494648,1,0.99874425,1
LA_D_3564164,1,0.999999,1
LA_D_3569824,1,0.9999963,1
LA_D_3601430,1,0.99999595,1
LA_D_3631999,1,0.99998784,1
LA_D_3669578,1,0.9999889,1
LA_D_3892057,1,0.99999404,1
LA_D_4318753,1,0.99999785,1
LA_D_4546481,1,0.9999602,1
LA_D_4586853,1,0.99998224,1
LA_D_4666647,1,0.9999982,1
LA_D_4784827,1,0.99982333,1
LA_D_4811625,1,0.99999714,1
LA_D_4821411,1,0.9999989,1
LA_D_4897076,1,0.999999,1
LA_D_4917895,1,0.999995,1
LA_D_5011714,1,0.999999,1
LA_D_5197000,1,0.99991643,1
LA_D_5224129,1,0.99948466,1
LA_D_5445641,1,0.99999416,1
LA_D_5567251,1,0.999999,1
LA_D_5654315,1,0.999999,1
LA_D_5719323,1,0.999999,1
LA_D_5758976,1,0.999999,1
LA_D_5806611,1,0.999999,1
LA_D_5903873,1,0.999999,1
LA_D_6138839,1,0.99996114,1
LA_D_6153942,1,0.99999535,1
LA_D_6160000,1,0.9998957,1
LA_D_6266806,1,0.9999726,1
LA_D_6325680,1,0.99989426,1
LA_D_6368049,1,0.99998724,1
LA_D_6475261,1,0.999999,1
LA_D_6478753,1,0.9999621,1
LA_D_6495848,1,0.9999783,1
LA_D_6529379,1,0.999999,1
LA_D_6617994,1,0.99998665,1
LA_D_6749101,1,0.9999974,1
LA_D_6939541,1,0.999999,1
LA_D_7261120,1,0.999999,1
LA_D_7267402,1,0.999998,1
LA_D_7304634,1,0.99997616,1
LA_D_7314322,1,0.999999,1
LA_D_7333352,1,0.99999166,1
LA_D_7407432,1,0.9999889,1
LA_D_7496196,1,0.99999857,1
LA_D_7718050,1,0.999999,1
LA_D_7866849,1,0.99920785,1
LA_D_7883377,1,0.9999745,1
LA_D_8263452,1,0.9999989,1
LA_D_8289522,1,0.9999527,1
LA_D_8494760,1,0.999999,1
LA_D_8671896,1,0.999999,1
LA_D_8863380,1,0.9999982,1
LA_D_9382979,1,0.999999,1
LA_D_9417900,1,0.99988663,1
LA_D_9451365,1,0.99999535,1
LA_D_9580426,1,0.9999945,1
LA_D_9668611,1,0.9999585,1
LA_D_9834938,1,0.999928,1
LA_D_1026868,1,0.999999,1
LA_D_1105489,1,0.9999968,1
LA_D_1152692,1,0.9999956,1
LA_D_1179848,1,0.99999833,1
LA_D_1240976,1,0.999999,1
LA_D_1323454,1,0.99996924,1
LA_D_1361417,1,0.9998708,1
LA_D_1500993,1,0.999999,1
LA_D_1640497,1,0.99999547,1
LA_D_1648291,1,0.999999,1
LA_D_1716033,1,0.999999,1
LA_D_1721527,1,0.999999,1
LA_D_1796445,1,0.999999,1
LA_D_1805177,1,0.999999,1
LA_D_1877105,1,0.999999,1
LA_D_2265315,1,0.999995,1
LA_D_2322081,1,0.999999,1
LA_D_2334588,1,0.9999988,1
LA_D_2466781,1,0.99999523,1
LA_D_2609323,1,0.999999,1
LA_D_2712599,1,0.9999987,1
LA_D_2731741,1,0.999999,1
LA_D_2756724,1,0.9999987,1
LA_D_2811662,1,0.999999,1
LA_D_2817557,1,0.99999785,1
LA_D_3080108,1,0.9999957,1
LA_D_3198087,1,0.999999,1
LA_D_3251058,1,0.999999,1
LA_D_3306187,1,0.9999627,1
LA_D_3410479,1,0.9999908,1
LA_D_3475865,1,0.9999809,1
LA_D_3476956,1,0.9999918,1
LA_D_3483451,1,0.9993924,1
LA_D_3542619,1,0.999999,1
LA_D_3781670,1,0.9999962,1
LA_D_3792397,1,0.999999,1
LA_D_3797749,1,0.999999,1
LA_D_3895551,1,0.999999,1
LA_D_3977034,1,0.9999987,1
LA_D_4043027,1,0.999999,1
LA_D_4043306,1,0.999999,1
LA_D_4106360,1,0.999999,1
LA_D_4195342,1,0.9999969,1
LA_D_4198004,1,0.9999945,1
LA_D_4354056,1,0.999997,1
LA_D_4402714,1,0.999999,1
LA_D_4469053,1,0.9999957,1
LA_D_4606442,1,0.9995851,1
LA_D_4757475,1,0.999999,1
LA_D_4767028,1,0.999999,1
LA_D_4828901,1,0.999999,1
LA_D_4964260,1,0.9999951,1
LA_D_5110992,1,0.9999969,1
LA_D_5312350,1,0.9999918,1
LA_D_5345225,1,0.9999981,1
LA_D_5349132,1,0.999999,1
LA_D_5416674,1,0.99999774,1
LA_D_5541379,1,0.999999,1
LA_D_5636069,1,0.9999989,1
LA_D_5673436,1,0.9999751,1
LA_D_5676897,1,0.9999988,1
LA_D_5712684,1,0.999999,1
LA_D_5796246,1,0.9999989,1
LA_D_5891453,1,0.999999,1
LA_D_5925557,1,0.999999,1
LA_D_6198746,1,0.999999,1
LA_D_6223286,1,0.9999815,1
LA_D_6263129,1,0.99999547,1
LA_D_6288787,1,0.999999,1
LA_D_6289788,1,0.9999949,1
LA_D_6311046,1,0.9999988,1
LA_D_6382055,1,0.9999945,1
LA_D_6570628,1,0.999999,1
LA_D_6593270,1,0.9999989,1
LA_D_6701963,1,0.99999785,1
LA_D_6716159,1,0.99999714,1
LA_D_6728141,1,0.9999846,1
LA_D_6795264,1,0.99999416,1
LA_D_6842136,1,0.999999,1
LA_D_6876630,1,0.99998677,1
LA_D_6935031,1,0.999999,1
LA_D_6963411,1,0.99999523,1
LA_D_6984595,1,0.999999,1
LA_D_6994349,1,0.9999901,1
LA_D_7066960,1,0.999999,1
LA_D_7271587,1,0.999999,1
LA_D_7277373,1,0.999999,1
LA_D_7467696,1,0.999999,1
LA_D_7485630,1,0.99999464,1
LA_D_7510202,1,0.999999,1
LA_D_7570899,1,0.9999509,1
LA_D_7596619,1,0.99999774,1
LA_D_7605953,1,0.999995,1
LA_D_7611990,1,0.99999845,1
LA_D_7720126,1,0.999999,1
LA_D_7790850,1,0.9999893,1
LA_D_7796753,1,0.99999607,1
LA_D_7871009,1,0.9999989,1
LA_D_8055872,1,0.999999,1
LA_D_8076309,1,0.999999,1
LA_D_8100591,1,0.999999,1
LA_D_8142373,1,0.99999845,1
LA_D_8161159,1,0.9999987,1
LA_D_8397551,1,0.999998,1
LA_D_8413105,1,0.999999,1
LA_D_8433898,1,0.999999,1
LA_D_8498981,1,0.999999,1
LA_D_8577756,1,0.999999,1
LA_D_8594051,1,0.9999825,1
LA_D_8620622,1,0.9999964,1
LA_D_8814488,1,0.999999,1
LA_D_8899399,1,0.9999982,1
LA_D_8933570,1,0.9999982,1
LA_D_8986360,1,0.9999908,1
LA_D_8993681,1,0.9999982,1
LA_D_9040602,1,0.999999,1
LA_D_9323815,1,0.999999,1
LA_D_9406266,1,0.999999,1
LA_D_9441585,1,0.999999,1
LA_D_9487961,1,0.999999,1
LA_D_9549607,1,0.999999,1
LA_D_9567593,1,0.999999,1
LA_D_9568749,1,0.99999285,1
LA_D_9758147,1,0.9999914,1
LA_D_9965439,1,0.99999857,1
LA_D_9980740,1,0.9999982,1
LA_D_1118839,1,0.99996495,1
LA_D_1312411,1,0.9908474,1
LA_D_1424876,1,0.9998163,1
LA_D_1594317,1,0.99993134,1
LA_D_1705487,1,0.9979448,1
LA_D_1710314,1,0.9996244,1
LA_D_1739595,1,0.9999616,1
LA_D_1773726,1,0.9999807,1
LA_D_1793763,1,0.99956506,1
LA_D_1823771,1,0.9999795,1
LA_D_1841270,1,0.9999788,1
LA_D_1863167,1,0.99997175,1
LA_D_1930986,1,0.99997675,1
LA_D_1932175,1,0.99999475,1
LA_D_1955388,1,0.9999598,1
LA_D_2004845,1,0.999997,1
LA_D_2019918,1,0.999759,1
LA_D_2302632,1,0.99999356,1
LA_D_2413566,1,0.9999666,1
LA_D_2589925,1,0.99999833,1
LA_D_2622953,1,0.99999845,1
LA_D_2865796,1,0.9999503,1
LA_D_2910448,1,0.9999733,1
LA_D_2946881,1,0.99998975,1
LA_D_2996762,1,0.999984,1
LA_D_3131236,1,0.9999844,1
LA_D_3286517,1,0.99863774,1
LA_D_3329060,1,0.9980526,1
LA_D_3366735,1,0.99999547,1
LA_D_3401409,1,0.9999745,1
LA_D_3479802,1,0.9990539,1
LA_D_3497637,1,0.999794,1
LA_D_3524266,1,0.9997957,1
LA_D_3562432,1,0.998877,1
LA_D_3608178,1,0.994938,1
LA_D_3678841,1,0.99997246,1
LA_D_3760202,1,0.999999,1
LA_D_3768511,1,0.99991333,1
LA_D_3790692,1,0.9999808,1
LA_D_3897229,1,0.9999827,1
LA_D_3985682,1,0.9999101,1
LA_D_4159059,1,0.9999813,1
LA_D_4175940,1,0.999977,1
LA_D_4226294,1,0.9999714,1
LA_D_4247411,1,0.99993265,1
LA_D_4334876,1,0.9999857,1
LA_D_4337768,1,0.999979,1
LA_D_4366209,1,0.9999465,1
LA_D_4378600,1,0.99999166,1
LA_D_4766808,1,0.9999379,1
LA_D_4767218,1,0.99993646,1
LA_D_4882695,1,0.9998903,1
LA_D_4926366,1,0.99996984,1
LA_D_4928049,1,0.999995,1
LA_D_4932722,1,0.99998677,1
LA_D_4941205,1,0.9993061,1
LA_D_4988680,1,0.99997294,1
LA_D_5045373,1,0.99999607,1
LA_D_5093056,1,0.99992085,1
LA_D_5113023,1,0.9997908,1
LA_D_5162129,1,0.99998724,1
LA_D_5171009,1,0.99976116,1
LA_D_5178435,1,0.9978225,1
LA_D_5374875,1,0.99993896,1
LA_D_5498186,1,0.99999785,1
LA_D_5510627,1,0.999997,1
LA_D_5540152,1,0.9998882,1
LA_D_5611098,1,0.9999925,1
LA_D_5704754,1,0.99998605,1
LA_D_5786812,1,0.999985,1
LA_D_5852535,1,0.99999154,1
LA_D_5884918,1,0.99960315,1
LA_D_6042898,1,0.99999535,1
LA_D_6122499,1,0.9998039,1
LA_D_6141636,1,0.99977696,1
LA_D_6208971,1,0.99998426,1
LA_D_6228524,1,0.9999918,1
LA_D_6273901,1,0.9960252,1
LA_D_6316902,1,0.9999882,1
LA_D_6323762,1,0.99987936,1
LA_D_6375447,1,0.9999838,1
LA_D_6398436,1,0.9999559,1
LA_D_6446182,1,0.99970347,1
LA_D_6484000,1,0.9999894,1
LA_D_6509046,1,0.998754,1
LA_D_6548870,1,0.9998342,1
LA_D_6618919,1,0.99955994,1
LA_D_6716648,1,0.9996393,1
LA_D_6777979,1,0.9999521,1
LA_D_6838449,1,0.99577266,1
LA_D_6986371,1,0.99999774,1
LA_D_7025552,1,0.99990034,1
LA_D_7143144,1,0.9721584,1
LA_D_7174977,1,0.9999927,1
LA_D_7234581,1,0.99997973,1
LA_D_7314001,1,0.9995547,1
LA_D_7433591,1,0.9994892,1
LA_D_7446319,1,0.99998736,1
LA_D_7700830,1,0.9967894,1
LA_D_7945965,1,0.99996376,1
LA_D_8008117,1,0.9999615,1
LA_D_8101504,1,0.9999052,1
LA_D_8163895,1,0.99999344,1
LA_D_8179754,1,0.999928,1
LA_D_8187537,1,0.99999154,1
LA_D_8267383,1,0.9999962,1
LA_D_8316995,1,0.9997786,1
LA_D_8322305,1,0.9999881,1
LA_D_8377433,1,0.99248546,1
LA_D_8429108,1,0.99999857,1
LA_D_8448033,1,0.99997556,1
LA_D_8538667,1,0.9999552,1
LA_D_8556149,1,0.9998467,1
LA_D_8559056,1,0.99991,1
LA_D_8760685,1,0.99998033,1
LA_D_8814402,1,0.9999746,1
LA_D_9051118,1,0.99999213,1
LA_D_9064936,1,0.9999379,1
LA_D_9110661,1,0.99999654,1
LA_D_9121123,1,0.999987,1
LA_D_9526703,1,0.99977183,1
LA_D_9543794,1,0.99969846,1
LA_D_9610405,1,0.9999044,1
LA_D_9762038,1,0.9999789,1
LA_D_9822511,1,0.9999678,1
LA_D_9835881,1,0.999959,1
LA_D_1060968,1,0.9999746,1
LA_D_1234829,1,0.9985676,1
LA_D_1239715,1,0.9999907,1
LA_D_1275044,1,0.999999,1
LA_D_1288217,1,0.9999682,1
LA_D_1462484,1,0.9999974,1
LA_D_1482998,1,0.999999,1
LA_D_1500385,1,0.9999783,1
LA_D_1519237,1,0.99993145,1
LA_D_1520830,1,0.999992,1
LA_D_1644764,1,0.99975663,1
LA_D_1760472,1,0.99999833,1
LA_D_1786730,1,0.99999464,1
LA_D_1805483,1,0.999999,1
LA_D_2035158,1,0.999999,1
LA_D_2130605,1,0.9998312,1
LA_D_2156985,1,0.9998568,1
LA_D_2212414,1,0.9999919,1
LA_D_2230192,1,0.999999,1
LA_D_2365147,1,0.9999969,1
LA_D_2375008,1,0.9999366,1
LA_D_2412960,1,0.9999713,1
LA_D_2531373,1,0.999999,1
LA_D_2590726,1,0.9999964,1
LA_D_2612254,1,0.9999981,1
LA_D_2655610,1,0.9999938,1
LA_D_2733428,1,0.9998808,1
LA_D_2774468,1,0.9998863,1
LA_D_2852000,1,0.99928653,1
LA_D_2866947,1,0.9999914,1
LA_D_2989479,1,0.9999821,1
LA_D_3029021,1,0.9999839,1
LA_D_3061050,1,0.99997413,1
LA_D_3100616,1,0.999999,1
LA_D_3122510,1,0.999999,1
LA_D_3170420,1,0.9999931,1
LA_D_3233966,1,0.999999,1
LA_D_3258501,1,0.9999989,1
LA_D_3312475,1,0.99998975,1
LA_D_3409145,1,0.999999,1
LA_D_3467485,1,0.9999974,1
LA_D_3526413,1,0.9999974,1
LA_D_3770674,1,0.999999,1
LA_D_3810542,1,0.9999615,1
LA_D_3851996,1,0.99998593,1
LA_D_4013164,1,0.9999881,1
LA_D_4124707,1,0.99999714,1
LA_D_4174389,1,0.9999825,1
LA_D_4235390,1,0.999999,1
LA_D_4274975,1,0.99996793,1
LA_D_4367665,1,0.9998182,1
LA_D_4422512,1,0.99999523,1
LA_D_4445250,1,0.999992,1
LA_D_4468016,1,0.999999,1
LA_D_4489969,1,0.9999833,1
LA_D_4603625,1,0.999999,1
LA_D_4620892,1,0.999999,1
LA_D_4723647,1,0.9999702,1
LA_D_4834228,1,0.9988438,1
LA_D_4867067,1,0.999999,1
LA_D_4876121,1,0.999999,1
LA_D_5056218,1,0.999999,1
LA_D_5355457,1,0.9999951,1
LA_D_5411434,1,0.9999988,1
LA_D_5425829,1,0.99998164,1
LA_D_5463444,1,0.9999883,1
LA_D_5841267,1,0.9999839,1
LA_D_5898234,1,0.999999,1
LA_D_5927388,1,0.99999714,1
LA_D_6005916,1,0.99999464,1
LA_D_6068075,1,0.9999932,1
LA_D_6254318,1,0.99999547,1
LA_D_6287239,1,0.9999981,1
LA_D_6289317,1,0.999999,1
LA_D_6435582,1,0.99999857,1
LA_D_6487933,1,0.99978423,1
LA_D_6642454,1,0.99999166,1
LA_D_6650126,1,0.999977,1
LA_D_6668024,1,0.999999,1
LA_D_6681710,1,0.9998956,1
LA_D_6704472,1,0.99992216,1
LA_D_6710328,1,0.999999,1
LA_D_6843468,1,0.9999857,1
LA_D_6868998,1,0.999999,1
LA_D_6874297,1,0.999999,1
LA_D_6931611,1,0.9999846,1
LA_D_6980166,1,0.99999774,1
LA_D_7039466,1,0.99995315,1
LA_D_7114977,1,0.999999,1
LA_D_7238018,1,0.9999969,1
LA_D_7253146,1,0.99999714,1
LA_D_7464682,1,0.9999988,1
LA_D_7509663,1,0.99999344,1
LA_D_7550546,1,0.99999726,1
LA_D_7556397,1,0.99998915,1
LA_D_7707754,1,0.9999937,1
LA_D_7765088,1,0.999999,1
LA_D_7822260,1,0.9999987,1
LA_D_7982514,1,0.999999,1
LA_D_8061400,1,0.999999,1
LA_D_8073490,1,0.999999,1
LA_D_8103599,1,0.99997973,1
LA_D_8222020,1,0.9999987,1
LA_D_8237075,1,0.9999813,1
LA_D_8705922,1,0.999999,1
LA_D_8715868,1,0.999999,1
LA_D_8729758,1,0.999999,1
LA_D_8844357,1,0.999999,1
LA_D_8936540,1,0.9999976,1
LA_D_8942125,1,0.9999925,1
LA_D_8980393,1,0.999999,1
LA_D_9027095,1,0.9999765,1
LA_D_9146484,1,0.9999981,1
LA_D_9272636,1,0.999999,1
LA_D_9300277,1,0.999999,1
LA_D_9366582,1,0.999999,1
LA_D_9480023,1,0.9988539,1
LA_D_9496441,1,0.99991345,1
LA_D_9508570,1,0.99999857,1
LA_D_9512174,1,0.999999,1
LA_D_9523504,1,0.999999,1
LA_D_9561057,1,0.99999595,1
LA_D_9623720,1,0.9995985,1
LA_D_9841321,1,0.999999,1
LA_D_9841868,1,0.9999974,1
LA_D_9899632,1,0.9999769,1
LA_D_1008730,0,0.0002061355,0
LA_D_1034049,0,0.00088458025,0
LA_D_1048723,0,0.00022582033,0
LA_D_1067573,0,0.0008082742,0
LA_D_1091909,0,0.00028618428,0
LA_D_1092958,0,0.00020939377,0
LA_D_1095842,0,0.00017381638,0
LA_D_1101986,0,0.00026702494,0
LA_D_1106597,0,0.0001780328,0
LA_D_1125548,0,0.0003606822,0
LA_D_1139972,0,0.00013263496,0
LA_D_1167943,0,0.00050808943,0
LA_D_1184848,0,0.0004847232,0
LA_D_1232522,0,0.00062114384,0
LA_D_1268902,0,0.00018369137,0
LA_D_1290841,0,0.00018637479,0
LA_D_1304826,0,0.0001684069,0
LA_D_1334436,0,0.0002580635,0
LA_D_1339468,0,0.00031565412,0
LA_D_1345527,0,0.00047946704,0
LA_D_1363550,0,0.00050395343,0
LA_D_1389822,0,0.00017393113,0
LA_D_1428755,0,0.00019661634,0
LA_D_1478460,0,0.00054973015,0
LA_D_1506986,0,0.0005958141,0
LA_D_1533769,0,0.000644867,0
LA_D_1579380,0,0.00014849089,0
LA_D_1594852,0,0.00027495017,0
LA_D_1637329,0,0.00035332286,0
LA_D_1681095,0,0.0002285241,0
LA_D_1701829,0,0.00027210324,0
LA_D_1720321,0,0.0001071718,0
LA_D_1738496,0,0.00032135105,0
LA_D_1809605,0,0.0004642489,0
LA_D_1833862,0,0.0002559215,0
LA_D_1842805,0,0.00022672927,0
LA_D_1861001,0,0.00021860423,0
LA_D_1886121,0,0.00038483192,0
LA_D_1893715,0,0.00012646047,0
LA_D_1933398,0,0.00033602316,0
LA_D_1948635,0,0.00026880173,0
LA_D_1949036,0,0.00010184929,0
LA_D_1959675,0,0.0003369727,0
LA_D_2006889,0,0.0003373179,0
LA_D_2018773,0,0.0002931366,0
LA_D_2026146,0,9.560317e-05,0
LA_D_2028805,0,0.00029129034,0
LA_D_2032476,0,0.00017189003,0
LA_D_2038170,0,0.000238828,0
LA_D_2185362,0,0.0002642527,0
LA_D_2212426,0,0.00025285291,0
LA_D_2220720,0,0.00037198496,0
LA_D_2239661,0,0.00019074805,0
LA_D_2291264,0,0.00018401234,0
LA_D_2331981,0,0.00020834863,0
LA_D_2333541,0,0.00027633068,0
LA_D_2334188,0,0.00022108329,0
LA_D_2340825,0,0.0001708029,0
LA_D_2363183,0,0.00065744965,0
LA_D_2367899,0,0.00022379884,0
LA_D_2369833,0,0.00015250359,0
LA_D_2389494,0,0.00033310466,0
LA_D_2390711,0,0.00014162173,0
LA_D_2416538,0,0.00072915375,0
LA_D_2417895,0,0.00045917172,0
LA_D_2427933,0,0.00023952239,0
LA_D_2449712,0,0.00017954886,0
LA_D_2453330,0,8.742026e-05,0
LA_D_2472289,0,0.00038289392,0
LA_D_2496514,0,0.00022338869,0
LA_D_2571019,0,0.00038785423,0
LA_D_2654479,0,0.00035387874,0
LA_D_2670696,0,0.0006887144,0
LA_D_2689476,0,0.00039535918,0
LA_D_2741757,0,0.00083682354,0
LA_D_2754300,0,0.00015164241,0
LA_D_2760189,0,0.00046453398,0
LA_D_2803648,0,0.00016760686,0
LA_D_2813590,0,0.00059960416,0
LA_D_2862236,0,0.00032835847,0
LA_D_2920009,0,0.00020022986,0
LA_D_2938440,0,0.0007001908,0
LA_D_2942769,0,0.00013477643,0
LA_D_2945850,0,0.00023564417,0
LA_D_2973553,0,0.00019467257,0
LA_D_2975559,0,0.00020994895,0
LA_D_2977712,0,0.00038805502,0
LA_D_2996902,0,0.00034853216,0
LA_D_3019059,0,5.819846e-05,0
LA_D_3024431,0,0.00028679805,0
LA_D_3027894,0,0.00018446275,0
LA_D_3040671,0,0.00011300182,0
LA_D_3079188,0,0.0005099346,0
LA_D_3082795,0,0.00039797326,0
LA_D_3086617,0,0.00031267543,0
LA_D_3096505,0,0.00023735722,0
LA_D_3137946,0,0.00021269255,0
LA_D_3141328,0,0.0005028834,0
LA_D_3158870,0,0.00028520398,0
LA_D_3179640,0,0.00048035494,0
LA_D_3189395,0,0.0004392337,0
LA_D_3196844,0,0.00034697563,0
LA_D_3206059,0,0.000354665,0
LA_D_3207844,0,0.00031471418,0
LA_D_3232399,0,0.0007871643,0
LA_D_3267875,0,0.00017121037,0
LA_D_3273748,0,0.0002884667,0
LA_D_3317455,0,0.00022221818,0
LA_D_3338105,0,0.000404261,0
LA_D_3349138,0,0.00017318905,0
LA_D_3363997,0,0.00033130546,0
LA_D_3420613,0,0.00035829656,0
LA_D_3469063,0,0.0003101607,0
LA_D_3499817,0,0.0005930289,0
LA_D_3537389,0,0.00021412241,0
LA_D_3580750,0,0.00026564914,0
LA_D_3606059,0,0.00034601337,0
LA_D_3655523,0,0.0002787327,0
LA_D_3661966,0,0.00019524328,0
LA_D_3669523,0,0.0002843162,0
LA_D_3706017,0,0.00019635107,0
LA_D_3809572,0,0.0001985555,0
LA_D_3850569,0,0.0002718862,0
LA_D_3850592,0,0.0001745415,0
LA_D_3871221,0,0.00014065542,0
LA_D_3880703,0,0.00025369786,0
LA_D_3901694,0,0.00056044845,0
LA_D_3913268,0,0.00011373303,0
LA_D_3918940,0,0.00086993503,0
LA_D_3934256,0,0.00046480994,0
LA_D_3942815,0,0.00030031873,0
LA_D_3965390,0,0.0015563242,0
LA_D_3977949,0,0.00039158872,0
LA_D_4019454,0,0.0002245769,0
LA_D_4020482,0,0.00043760843,0
LA_D_4021951,0,0.00030789303,0
LA_D_4023153,0,0.0002725064,0
LA_D_4024955,0,0.00018359805,0
LA_D_4078686,0,0.00022252306,0
LA_D_4090883,0,0.0002974158,0
LA_D_4103705,0,0.0006887781,0
LA_D_4155281,0,0.00044531393,0
LA_D_4182803,0,0.00026937717,0
LA_D_4207466,0,0.00048776556,0
LA_D_4287808,0,0.00040569442,0
LA_D_4343346,0,0.00016280967,0
LA_D_4348695,0,0.0001921086,0
LA_D_4357228,0,0.000402628,0
LA_D_4359554,0,0.0008316668,0
LA_D_4411086,0,0.00062433106,0
LA_D_4500571,0,0.00029965292,0
LA_D_4517917,0,0.00020074713,0
LA_D_4531208,0,0.00016159017,0
LA_D_4596767,0,0.00031192336,0
LA_D_4614043,0,0.0004884448,0
LA_D_4617898,0,0.00019500733,0
LA_D_4630094,0,0.00029520356,0
LA_D_4637634,0,0.00019856269,0
LA_D_4649975,0,0.00013444091,0
LA_D_4708084,0,0.0038256173,0
LA_D_4717036,0,0.000405002,0
LA_D_4749654,0,0.00015305821,0
LA_D_4763438,0,0.00044152237,0
LA_D_4782717,0,0.00014503363,0
LA_D_4837097,0,0.00048137066,0
LA_D_4846136,0,0.00015297154,0
LA_D_4857135,0,0.00022536585,0
LA_D_4859623,0,0.00036064503,0
LA_D_4883317,0,0.00059382356,0
LA_D_4887952,0,0.0002856873,0
LA_D_4948572,0,0.00016844543,0
LA_D_4954963,0,0.00021004745,0
LA_D_4965110,0,0.00035223222,0
LA_D_5017526,0,5.7570724e-05,0
LA_D_5031694,0,0.00018440718,0
LA_D_5044815,0,0.00012804847,0
LA_D_5056462,0,0.00030468503,0
LA_D_5072645,0,0.0008233527,0
LA_D_5084431,0,0.00034146034,0
LA_D_5090868,0,0.00048729568,0
LA_D_5156272,0,0.000110867564,0
LA_D_5166255,0,0.00017220156,0
LA_D_5169163,0,0.0001344368,0
LA_D_5173305,0,0.00017459111,0
LA_D_5205528,0,0.00041651214,0
LA_D_5209137,0,0.00026405978,0
LA_D_5221571,0,0.0005754846,0
LA_D_5221844,0,0.00021257579,0
LA_D_5233422,0,0.0003281801,0
LA_D_5272208,0,0.00013686645,0
LA_D_5285856,0,0.00018143209,0
LA_D_5303438,0,0.00037842355,0
LA_D_5307429,0,0.00016095524,0
LA_D_5346441,0,0.00016693189,0
LA_D_5379113,0,0.00025836777,0
LA_D_5423215,0,0.000465098,0
LA_D_5461745,0,0.0003873768,0
LA_D_5505761,0,0.0005926555,0
LA_D_5508053,0,0.00048454668,0
LA_D_5509091,0,0.00015321356,0
LA_D_5533690,0,0.0004927654,0
LA_D_5554577,0,0.00022710614,0
LA_D_5559396,0,8.251722e-05,0
LA_D_5631440,0,0.00019191252,0
LA_D_5631742,0,0.0004060651,0
LA_D_5649386,0,0.0004493752,0
LA_D_5684579,0,0.0011404249,0
LA_D_5722960,0,0.00038954982,0
LA_D_5727966,0,0.0003114224,0
LA_D_5753732,0,0.00052247953,0
LA_D_5756742,0,0.00047133747,0
LA_D_5794061,0,0.0002276091,0
LA_D_5812862,0,0.0009237675,0
LA_D_5849740,0,0.0008411902,0
LA_D_5850542,0,0.00042710445,0
LA_D_5875571,0,0.0005506767,0
LA_D_5898933,0,0.000386859,0
LA_D_5914542,0,0.00039828976,0
LA_D_5944829,0,0.00081052864,0
LA_D_5951342,0,0.000414171,0
LA_D_5957150,0,0.00043636,0
LA_D_6007363,0,0.00033433439,0
LA_D_6011759,0,0.00020483985,0
LA_D_6017071,0,0.00058652693,0
LA_D_6028658,0,0.0005899576,0
LA_D_6038193,0,0.000316227,0
LA_D_6052299,0,0.00019907643,0
LA_D_6054576,0,0.00022692629,0
LA_D_6060802,0,0.00022493585,0
LA_D_6075514,0,0.00028928107,0
LA_D_6081087,0,0.0001513854,0
LA_D_6102176,0,0.00041642875,0
LA_D_6139929,0,0.0011153691,0
LA_D_6162276,0,0.00024483408,0
LA_D_6170385,0,0.0001298092,0
LA_D_6180723,0,7.9569065e-05,0
LA_D_6182559,0,0.00068098673,0
LA_D_6192621,0,0.00019905802,0
LA_D_6204835,0,0.0003012754,0
LA_D_6238274,0,0.00028521646,0
LA_D_6251391,0,0.00038224473,0
LA_D_6341229,0,0.00051374343,0
LA_D_6347672,0,0.00046615215,0
LA_D_6370184,0,0.00053486973,0
LA_D_6373370,0,0.00022907449,0
LA_D_6381970,0,0.00023644199,0
LA_D_6409383,0,0.00023316254,0
LA_D_6416557,0,0.00019286419,0
LA_D_6462406,0,0.0006042338,0
LA_D_6469114,0,0.00023121593,0
LA_D_6493807,0,0.00039176756,0
LA_D_6498199,0,0.00027989777,0
LA_D_6505587,0,0.00035390607,0
LA_D_6507705,0,0.00035381262,0
LA_D_6561658,0,0.0013515044,0
LA_D_6566262,0,0.00025875506,0
LA_D_6584040,0,0.00029294577,0
LA_D_6589773,0,0.00014306261,0
LA_D_6596581,0,0.00043903574,0
LA_D_6599472,0,0.0010548573,0
LA_D_6701296,0,0.00030467022,0
LA_D_6712123,0,0.00023391537,0
LA_D_6731611,0,0.00011755646,0
LA_D_6733078,0,0.00019338126,0
LA_D_6764827,0,0.0007788983,0
LA_D_6777418,0,0.0002741565,0
LA_D_6796553,0,0.00015560443,0
LA_D_6824279,0,0.00018734475,0
LA_D_6826321,0,0.0005838731,0
LA_D_6866089,0,0.00036147598,0
LA_D_6933438,0,0.0002427278,0
LA_D_6951638,0,0.00025671918,0
LA_D_7002487,0,0.0005948704,0
LA_D_7012818,0,0.0005406108,0
LA_D_7032809,0,0.00016501099,0
LA_D_7039871,0,0.00061013596,0
LA_D_7090389,0,0.00040915186,0
LA_D_7091896,0,0.0006747134,0
LA_D_7093411,0,0.00016637491,0
LA_D_7109829,0,0.00027698165,0
LA_D_7116705,0,0.0003403777,0
LA_D_7130899,0,0.00018719226,0
LA_D_7147397,0,0.0002803232,0
LA_D_7162377,0,0.00026596137,0
LA_D_7167011,0,0.00071019476,0
LA_D_7169485,0,0.00067019847,0
LA_D_7249283,0,0.00033585372,0
LA_D_7254578,0,0.00062924926,0
LA_D_7259600,0,0.00025829635,0
LA_D_7262880,0,0.00035980507,0
LA_D_7276589,0,0.00039146145,0
LA_D_7302504,0,0.0009413043,0
LA_D_7339034,0,0.0006868673,0
LA_D_7356823,0,0.00046403255,0
LA_D_7386022,0,0.0003087646,0
LA_D_7434467,0,0.0005346429,0
LA_D_7442400,0,0.0002392875,0
LA_D_7491711,0,0.00037620065,0
LA_D_7594804,0,0.00021160755,0
LA_D_7640450,0,0.00025969744,0
LA_D_7654443,0,0.0007056833,0
LA_D_7662121,0,0.00033181786,0
LA_D_7672038,0,0.0002170062,0
LA_D_7685903,0,0.00049090554,0
LA_D_7695510,0,0.0002680631,0
LA_D_7716157,0,0.00030092834,0
LA_D_7743444,0,0.00019545987,0
LA_D_7784595,0,0.00041688,0
LA_D_7804235,0,0.00018266072,0
LA_D_7813076,0,0.00039581588,0
LA_D_7826067,0,0.00035757315,0
LA_D_7846025,0,0.00020748447,0
LA_D_7857650,0,0.00030510942,0
LA_D_7876973,0,8.935794e-05,0
LA_D_7894285,0,0.00061462366,0
LA_D_7918342,0,0.0003815017,0
LA_D_7921577,0,0.000580152,0
LA_D_7924450,0,0.00020136943,0
LA_D_7937282,0,0.00079745415,0
LA_D_7977577,0,0.00032724,0
LA_D_8004353,0,0.00038026826,0
LA_D_8009399,0,0.00026849026,0
LA_D_8009413,0,0.0005198219,0
LA_D_8037512,0,0.00048234625,0
LA_D_8038171,0,0.00013934584,0
LA_D_8090805,0,0.00055078906,0
LA_D_8099338,0,0.00051694864,0
LA_D_8103316,0,0.00032867386,0
LA_D_8142236,0,0.0010796306,0
LA_D_8146799,0,0.00015344558,0
LA_D_8168878,0,0.00010044525,0
LA_D_8176618,0,0.0003364264,0
LA_D_8192880,0,0.00025104888,0
LA_D_8204201,0,0.00014914763,0
LA_D_8241382,0,0.00068952615,0
LA_D_8244540,0,0.0003324372,0
LA_D_8264709,0,0.00051340763,0
LA_D_8270717,0,0.0002581629,0
LA_D_8301225,0,0.0002245465,0
LA_D_8329816,0,0.00021286948,0
LA_D_8331430,0,0.00034280907,0
LA_D_8340535,0,0.00014457329,0
LA_D_8360147,0,0.0001432092,0
LA_D_8364674,0,0.00052197627,0
LA_D_8365775,0,0.00019916432,0
LA_D_8367537,0,0.00025726558,0
LA_D_8372904,0,0.00041271705,0
LA_D_8374409,0,0.00015728861,0
LA_D_8421697,0,0.00035904368,0
LA_D_8422575,0,0.00014295979,0
LA_D_8500513,0,0.000268834,0
LA_D_8531692,0,0.0004448858,0
LA_D_8538200,0,0.00022554683,0
LA_D_8542399,0,0.00033777812,0
LA_D_8551212,0,0.00017005326,0
LA_D_8635221,0,0.0006672611,0
LA_D_8641049,0,0.0002858655,0
LA_D_8669323,0,0.0005561477,0
LA_D_8714315,0,0.00031486363,0
LA_D_8720605,0,0.00036032576,0
LA_D_8751784,0,0.00019482113,0
LA_D_8766022,0,0.00034673553,0
LA_D_8784379,0,0.001060109,0
LA_D_8791959,0,0.00030643935,0
LA_D_8809559,0,0.0005425895,0
LA_D_8839841,0,0.00046680446,0
LA_D_8865247,0,0.00032628237,0
LA_D_8874413,0,0.00026152923,0
LA_D_8911864,0,0.0003252882,0
LA_D_8917471,0,0.0001627797,0
LA_D_8926223,0,0.00047027023,0
LA_D_8945305,0,0.00022237163,0
LA_D_9046865,0,0.00062733004,0
LA_D_9074098,0,0.00022681963,0
LA_D_9078375,0,0.00017705516,0
LA_D_9123178,0,0.00020401942,0
LA_D_9129748,0,0.00039393743,0
LA_D_9156675,0,0.0004780012,0
LA_D_9159596,0,0.0005221375,0
LA_D_9161192,0,0.00021455056,0
LA_D_9163063,0,0.00026123814,0
LA_D_9190503,0,0.00012196576,0
LA_D_9204979,0,0.00036379774,0
LA_D_9225508,0,0.00029637644,0
LA_D_9255940,0,0.00020435761,0
LA_D_9270392,0,0.00011126113,0
LA_D_9282180,0,0.00037375482,0
LA_D_9284391,0,0.0002555007,0
LA_D_9328428,0,0.00033090392,0
LA_D_9329610,0,0.00018881923,0
LA_D_9339416,0,0.00087941514,0
LA_D_9428575,0,0.00034000445,0
LA_D_9444764,0,0.0005068115,0
LA_D_9475261,0,0.00037271905,0
LA_D_9491115,0,0.00033977922,0
LA_D_9601633,0,0.00034007058,0
LA_D_9607727,0,0.000179249,0
LA_D_9618623,0,0.0005993162,0
LA_D_9620336,0,0.00026791467,0
LA_D_9661014,0,0.00017645078,0
LA_D_9697098,0,0.00019330162,0
LA_D_9732597,0,0.00038779434,0
LA_D_9763602,0,0.000100709105,0
LA_D_9784098,0,0.00014425574,0
LA_D_9824684,0,0.00040766076,0
LA_D_9863674,0,0.00015847068,0
LA_D_9873726,0,0.00011251634,0
LA_D_9908786,0,0.00023374571,0
LA_D_9947938,0,0.00021581251,0
LA_D_9963672,0,0.0003043024,0
LA_D_9964852,0,0.00036610896,0
LA_D_9990859,0,0.00022998775,0
LA_D_9995677,0,0.000313827,0
LA_D_9997314,0,0.0003030052,0
LA_D_1006568,0,0.00048154825,0
LA_D_1010295,0,0.00018597468,0
LA_D_1017922,0,0.00034015032,0
LA_D_1020908,0,0.00022854026,0
LA_D_1066785,0,0.00036919926,0
LA_D_1110836,0,0.00013116995,0
LA_D_1121701,0,0.00074848713,0
LA_D_1152287,0,0.00015002511,0
LA_D_1163071,0,0.00035637253,0
LA_D_1232730,0,0.00019338365,0
LA_D_1267719,0,0.00052944035,0
LA_D_1271634,0,0.00010886681,0
LA_D_1288652,0,7.556626e-05,0
LA_D_1294276,0,0.0005844048,0
LA_D_1317211,0,0.0005807163,0
LA_D_1320493,0,0.00011048036,0
LA_D_1323674,0,0.00018035478,0
LA_D_1334862,0,0.003212831,0
LA_D_1344503,0,9.179453e-05,0
LA_D_1436061,0,0.00039128686,0
LA_D_1445252,0,0.00028121835,0
LA_D_1555553,0,0.0001795718,0
LA_D_1556971,0,0.00040345444,0
LA_D_1591653,0,0.032210305,0
LA_D_1603277,0,0.0002751432,0
LA_D_1653375,0,0.00039628515,0
LA_D_1654960,0,0.00034533287,0
LA_D_1655319,0,0.00013355723,0
LA_D_1659317,0,0.0018798511,0
LA_D_1683818,0,0.00068459695,0
LA_D_1690469,0,7.0848335e-05,0
LA_D_1724924,0,0.00034974838,0
LA_D_1737077,0,0.0002360273,0
LA_D_1737085,0,0.00046810514,0
LA_D_1760580,0,0.00023547324,0
LA_D_1794164,0,0.00043623228,0
LA_D_1807940,0,0.00014638159,0
LA_D_1821433,0,0.00048186007,0
LA_D_1862819,0,0.00013760109,0
LA_D_1869677,0,0.00019005925,0
LA_D_1883531,0,0.00047960828,0
LA_D_1929298,0,0.00069363153,0
LA_D_2008195,0,0.00032143013,0
LA_D_2060624,0,0.0002450992,0
LA_D_2091673,0,0.00043083503,0
LA_D_2095154,0,0.00019147038,0
LA_D_2164850,0,0.00029869197,0
LA_D_2169349,0,0.00023848531,0
LA_D_2252399,0,0.00023179293,0
LA_D_2310737,0,0.00017846673,0
LA_D_2327498,0,0.00013955154,0
LA_D_2378744,0,0.00014425574,0
LA_D_2396633,0,9.8623066e-05,0
LA_D_2476343,0,0.00021608041,0
LA_D_2508053,0,0.00030016212,0
LA_D_2520496,0,8.718068e-05,0
LA_D_2526658,0,0.00018918238,0
LA_D_2556764,0,0.00019860548,0
LA_D_2630883,0,0.00023133545,0
LA_D_2634970,0,0.00042194396,0
LA_D_2689521,0,0.00036636594,0
LA_D_2695091,0,0.00057137397,0
LA_D_2698530,0,0.00042102864,0
LA_D_2707288,0,0.00018737404,0
LA_D_2768684,0,4.1445128e-05,0
LA_D_2774758,0,0.0020308413,0
LA_D_2782407,0,0.00015868522,0
LA_D_2849844,0,0.000189561,0
LA_D_2859919,0,0.00044568168,0
LA_D_2863082,0,5.667903e-05,0
LA_D_2908310,0,0.00014513794,0
LA_D_2910905,0,6.315418e-05,0
LA_D_2924653,0,0.0002624079,0
LA_D_2929867,0,0.00021960029,0
LA_D_2937244,0,0.0002538907,0
LA_D_2938164,0,0.0007423802,0
LA_D_2998894,0,0.00022967525,0
LA_D_3024416,0,0.00055827154,0
LA_D_3042268,0,0.00020154864,0
LA_D_3056098,0,0.00024170455,0
LA_D_3073758,0,0.00011113992,0
LA_D_3079837,0,0.00011028269,0
LA_D_3094087,0,0.00028596146,0
LA_D_3104490,0,0.00029946986,0
LA_D_3117348,0,0.00048885983,0
LA_D_3120745,0,5.0567887e-05,0
LA_D_3145606,0,0.00026774078,0
LA_D_3156192,0,0.00012500308,0
LA_D_3205288,0,0.00015441062,0
LA_D_3226786,0,0.00021946401,0
LA_D_3229399,0,0.00013449989,0
LA_D_3235154,0,0.0004731732,0
LA_D_3239970,0,0.00013321648,0
LA_D_3252013,0,0.0005875794,0
LA_D_3253940,0,5.5850876e-05,0
LA_D_3331836,0,4.3525713e-05,0
LA_D_3351086,0,9.655766e-05,0
LA_D_3355151,0,0.0001286456,0
LA_D_3384869,0,0.0001780795,0
LA_D_3388709,0,0.0001966741,0
LA_D_3404666,0,0.0006206982,0
LA_D_3436518,0,0.00041436093,0
LA_D_3440037,0,0.00048078,0
LA_D_3481456,0,0.0008614365,0
LA_D_3497759,0,0.00015874712,0
LA_D_3515388,0,0.0002654552,0
LA_D_3525345,0,0.00038894537,0
LA_D_3661300,0,0.00036971914,0
LA_D_3672455,0,4.5415363e-05,0
LA_D_3688344,0,0.00014701358,0
LA_D_3700007,0,0.00034558185,0
LA_D_3702468,0,0.00016671969,0
LA_D_3705210,0,0.0009737135,0
LA_D_3747897,0,7.386723e-05,0
LA_D_3804376,0,0.0003319846,0
LA_D_3811291,0,0.00077884266,0
LA_D_3833430,0,0.000116451585,0
LA_D_3865287,0,0.0002833658,0
LA_D_3874608,0,0.00016684055,0
LA_D_3905003,0,0.00021173268,0
LA_D_3976858,0,0.0038941673,0
LA_D_4013191,0,0.00017151363,0
LA_D_4021690,0,0.00010640826,0
LA_D_4047385,0,0.0001078294,0
LA_D_4114187,0,0.00015408309,0
LA_D_4143917,0,0.0003353757,0
LA_D_4194549,0,0.0002153821,0
LA_D_4257454,0,0.001003916,0
LA_D_4275372,0,0.00031329697,0
LA_D_4279596,0,8.366788e-05,0
LA_D_4290338,0,0.00019849512,0
LA_D_4293284,0,0.00010799826,0
LA_D_4326006,0,0.00029145787,0
LA_D_4348449,0,0.0011180519,0
LA_D_4401164,0,0.0016133117,0
LA_D_4442740,0,0.0003385257,0
LA_D_4461732,0,0.00012024124,0
LA_D_4464483,0,0.00078862987,0
LA_D_4488859,0,0.00018027071,0
LA_D_4518477,0,0.00015659814,0
LA_D_4630301,0,0.00030335723,0
LA_D_4642404,0,0.00016705116,0
LA_D_4677041,0,6.283968e-05,0
LA_D_4736814,0,0.00021010573,0
LA_D_4738629,0,0.00012239252,0
LA_D_4771946,0,0.00017085909,0
LA_D_4786885,0,0.00012006079,0
LA_D_4794519,0,5.13946e-05,0
LA_D_4845175,0,9.581125e-05,0
LA_D_4919512,0,0.00036430827,0
LA_D_5003486,0,0.0010904601,0
LA_D_5024706,0,0.00012473683,0
LA_D_5034598,0,0.00013746391,0
LA_D_5102435,0,0.00011783513,0
LA_D_5180213,0,0.00022669467,0
LA_D_5185512,0,0.005699456,0
LA_D_5191897,0,0.0001464842,0
LA_D_5200643,0,0.00017023836,0
LA_D_5256388,0,0.000119944176,0
LA_D_5279787,0,0.00064737885,0
LA_D_5323357,0,0.0002666108,0
LA_D_5373393,0,0.00012627995,0
LA_D_5380653,0,0.00021436611,0
LA_D_5408619,0,0.00027856135,0
LA_D_5495396,0,5.1360992e-05,0
LA_D_5538089,0,9.354578e-05,0
LA_D_5670138,0,0.0017886839,0
LA_D_5699632,0,0.00048193723,0
LA_D_5732658,0,0.00028683382,0
LA_D_5733057,0,0.00026175773,0
LA_D_5768016,0,0.00018335224,0
LA_D_5810476,0,0.0005680892,0
LA_D_5829854,0,0.00024623354,0
LA_D_5869399,0,0.0002723075,0
LA_D_5869425,0,0.002031777,0
LA_D_5873662,0,0.00021672582,0
LA_D_5899979,0,0.000113368566,0
LA_D_5973279,0,0.00017139707,0
LA_D_6014906,0,0.00033184318,0
LA_D_6018179,0,0.00020657033,0
LA_D_6025474,0,0.0001759565,0
LA_D_6038027,0,4.425553e-05,0
LA_D_6038978,0,0.0012277267,0
LA_D_6051717,0,0.00031750937,0
LA_D_6068856,0,0.0015006764,0
LA_D_6097265,0,0.00010465639,0
LA_D_6133159,0,0.0002377724,0
LA_D_6133563,0,0.0002584257,0
LA_D_6162940,0,0.0004281974,0
LA_D_6164883,0,0.00037166633,0
LA_D_6175114,0,0.00019545374,0
LA_D_6214487,0,0.00043551016,0
LA_D_6287353,0,0.00013931649,0
LA_D_6314564,0,0.00049335806,0
LA_D_6508425,0,0.00020063652,0
LA_D_6525788,0,0.00047542292,0
LA_D_6537723,0,0.00043654055,0
LA_D_6603690,0,0.0006702196,0
LA_D_6659984,0,0.0004959626,0
LA_D_6662767,0,6.2680425e-05,0
LA_D_6781905,0,0.00061386084,0
LA_D_6922450,0,0.0003063888,0
LA_D_6930284,0,0.00015184093,0
LA_D_6946359,0,6.788137e-05,0
LA_D_6963754,0,0.00037764115,0
LA_D_7000854,0,0.0066896565,0
LA_D_7002124,0,0.0007624243,0
LA_D_7004503,0,0.00014400904,0
LA_D_7014250,0,0.00021482771,0
LA_D_7107178,0,0.00010727395,0
LA_D_7160056,0,0.00026538005,0
LA_D_7214696,0,0.00036804168,0
LA_D_7312601,0,0.00060950307,0
LA_D_7321788,0,0.0004421567,0
LA_D_7390092,0,5.912836e-05,0
LA_D_7392487,0,0.00034016397,0
LA_D_7404650,0,0.00023041047,0
LA_D_7435910,0,0.00043142517,0
LA_D_7445900,0,0.00040360945,0
LA_D_7461366,0,0.00065819506,0
LA_D_7505292,0,0.00084264466,0
LA_D_7509558,0,0.00020160686,0
LA_D_7510039,0,8.895207e-05,0
LA_D_7550439,0,0.00031631262,0
LA_D_7618578,0,0.00047626023,0
LA_D_7636507,0,0.001054378,0
LA_D_7656662,0,0.00016589256,0
LA_D_7679979,0,0.00024475588,0
LA_D_7683334,0,0.0046732225,0
LA_D_7707087,0,0.00027356044,0
LA_D_7719259,0,0.0008247198,0
LA_D_7723869,0,0.0069108573,0
LA_D_7730644,0,0.03440836,0
LA_D_7760021,0,0.00011162307,0
LA_D_7771514,0,0.0002223909,0
LA_D_7830702,0,0.0003570244,0
LA_D_7839873,0,0.0006007459,0
LA_D_7886616,0,0.00069994334,0
LA_D_7886997,0,0.00075328717,0
LA_D_7900376,0,0.0005232545,0
LA_D_7906850,0,0.0006410482,0
LA_D_7913802,0,0.005522137,0
LA_D_7989948,0,0.00029580816,0
LA_D_7994287,0,0.00019724727,0
LA_D_8008774,0,3.785581e-05,0
LA_D_8018998,0,0.0005164925,0
LA_D_8027235,0,0.00049831974,0
LA_D_8037074,0,0.0003308049,0
LA_D_8076027,0,0.00031652531,0
LA_D_8142962,0,0.000977045,0
LA_D_8151805,0,0.00021648541,0
LA_D_8207116,0,0.00034563555,0
LA_D_8229345,0,0.00017395451,0
LA_D_8235730,0,0.0003147946,0
LA_D_8282900,0,0.00030725525,0
LA_D_8348389,0,9.182219e-05,0
LA_D_8363497,0,0.00028573142,0
LA_D_8456837,0,0.00029394313,0
LA_D_8488016,0,0.0003540458,0
LA_D_8594739,0,0.00012523764,0
LA_D_8616232,0,0.00021213642,0
LA_D_8714341,0,0.00028299753,0
LA_D_8722459,0,0.0006391887,0
LA_D_8770467,0,0.00014905323,0
LA_D_8847117,0,0.00083271036,0
LA_D_8867529,0,0.0008904812,0
LA_D_8899605,0,0.00018328443,0
LA_D_8930968,0,0.062664635,0
LA_D_9006129,0,0.00030130814,0
LA_D_9029190,0,0.00023140338,0
LA_D_9055429,0,0.0001598075,0
LA_D_9079393,0,0.00061523437,0
LA_D_9099979,0,0.00016394064,0
LA_D_9121368,0,0.00068927254,0
LA_D_9131118,0,0.00028054538,0
LA_D_9166472,0,0.00034386304,0
LA_D_9183944,0,0.00030457234,0
LA_D_9191983,0,0.00014445698,0
LA_D_9228237,0,0.00020945248,0
LA_D_9254634,0,0.000107319574,0
LA_D_9321653,0,0.00015689078,0
LA_D_9331428,0,5.688241e-05,0
LA_D_9435218,0,0.00020346558,0
LA_D_9436760,0,0.00021817547,0
LA_D_9498951,0,0.0001515827,0
LA_D_9522404,0,0.00040231182,0
LA_D_9545477,0,0.0018746137,0
LA_D_9562178,0,0.0003965996,0
LA_D_9565756,0,0.0004643573,0
LA_D_9611736,0,0.00010070219,0
LA_D_9653036,0,0.0001662934,0
LA_D_9679682,0,0.000767269,0
LA_D_9679737,0,0.00020504698,0
LA_D_9701091,0,0.0010464984,0
LA_D_9717448,0,0.00018530524,0
LA_D_9739031,0,0.00028678298,0
LA_D_9762313,0,0.0010701647,0
LA_D_9771809,0,0.00047699804,0
LA_D_9772737,0,0.0005753787,0
LA_D_9786434,0,0.0011458839,0
LA_D_9802580,0,0.00014194945,0
LA_D_9842983,0,0.00017038437,0
LA_D_9851247,0,0.0003506311,0
LA_D_9872439,0,0.00058579503,0
LA_D_9940119,0,0.0003901054,0
LA_D_9953306,0,0.0002243954,0
LA_D_9965466,0,0.00027694678,0
LA_D_9976918,0,0.0003531424,0
LA_D_1008673,0,0.001510346,0
LA_D_1033225,0,0.00087845704,0
LA_D_1055758,0,0.0002674744,0
LA_D_1110227,0,0.00012225231,0
LA_D_1171974,0,7.282079e-05,0
LA_D_1212385,0,0.0002931704,0
LA_D_1221102,0,0.0001583906,0
LA_D_1252766,0,5.7152214e-05,0
LA_D_1262462,0,0.00029956922,0
LA_D_1345745,0,0.0011408129,0
LA_D_1365588,0,0.0009568781,0
LA_D_1366391,0,0.00053329876,0
LA_D_1386774,0,0.00011746491,0
LA_D_1396590,0,5.8138157e-05,0
LA_D_1479871,0,0.00020107087,0
LA_D_1496491,0,0.0032242616,0
LA_D_1519187,0,0.00012705055,0
LA_D_1543611,0,0.00014330045,0
LA_D_1567712,0,0.0010554756,0
LA_D_1576565,0,0.0002925985,0
LA_D_1611581,0,6.584323e-05,0
LA_D_1611993,0,0.0002096043,0
LA_D_1658555,0,0.00021651122,0
LA_D_1659148,0,0.00013416889,0
LA_D_1659731,0,0.0009043373,0
LA_D_1664055,0,0.00011842334,0
LA_D_1705054,0,0.00013733277,0
LA_D_1708689,0,0.00022058806,0
LA_D_1712120,0,6.476916e-05,0
LA_D_1734430,0,0.00021870199,0
LA_D_1766425,0,0.00021049453,0
LA_D_1778872,0,0.0001192202,0
LA_D_1813321,0,8.2575236e-05,0
LA_D_1846103,0,9.072242e-05,0
LA_D_1881643,0,0.00012622193,0
LA_D_1939610,0,0.0002653798,0
LA_D_1941384,0,0.0001534096,0
LA_D_1964458,0,0.00012462496,0
LA_D_1988690,0,0.0002482502,0
LA_D_1999238,0,0.0004480928,0
LA_D_2038901,0,0.00026287316,0
LA_D_2040882,0,9.409886e-05,0
LA_D_2050794,0,0.0003105137,0
LA_D_2079819,0,0.0002967731,0
LA_D_2104365,0,0.0003844084,0
LA_D_2123885,0,0.00040413268,0
LA_D_2131399,0,0.00063123024,0
LA_D_2136816,0,0.0001297462,0
LA_D_2183037,0,0.00011806052,0
LA_D_2189641,0,0.00035796332,0
LA_D_2204353,0,0.00024954448,0
LA_D_2228641,0,0.00030384932,0
LA_D_2263211,0,0.00020805562,0
LA_D_2274606,0,4.976069e-05,0
LA_D_2318160,0,0.00020582128,0
LA_D_2346599,0,0.00066723814,0
LA_D_2389765,0,0.0004650905,0
LA_D_2422297,0,0.00014523859,0
LA_D_2485725,0,0.00071048184,0
LA_D_2516382,0,0.0020032322,0
LA_D_2518987,0,0.00014630261,0
LA_D_2598117,0,0.0002541433,0
LA_D_2604446,0,0.0012253387,0
LA_D_2626325,0,0.00046952668,0
LA_D_2639105,0,0.0002243154,0
LA_D_2724699,0,6.7889785e-05,0
LA_D_2732640,0,0.00085324363,0
LA_D_2806150,0,0.0005942664,0
LA_D_2860247,0,0.0039212694,0
LA_D_2868405,0,0.00025767504,0
LA_D_2872359,0,0.00041062143,0
LA_D_2881179,0,0.00018964526,0
LA_D_2888827,0,0.040987443,0
LA_D_2889500,0,0.0051778113,0
LA_D_2901718,0,0.00034359007,0
LA_D_2918223,0,0.000823268,0
LA_D_2920207,0,0.00016013149,0
LA_D_2920588,0,0.016951045,0
LA_D_2958099,0,0.002059849,0
LA_D_2987481,0,0.00017363632,0
LA_D_3009969,0,0.00041715868,0
LA_D_3038598,0,0.0003327825,0
LA_D_3046025,0,0.0005397731,0
LA_D_3104226,0,0.000119319266,0
LA_D_3117274,0,0.00081492215,0
LA_D_3119133,0,0.00014216875,0
LA_D_3157175,0,0.00015965657,0
LA_D_3211572,0,0.0005096727,0
LA_D_3217409,0,0.00013275325,0
LA_D_3227446,0,0.00034580397,0
LA_D_3232132,0,0.00025818704,0
LA_D_3278230,0,0.00020616461,0
LA_D_3313354,0,0.0012402253,0
LA_D_3347716,0,0.00030436303,0
LA_D_3435721,0,0.0014028824,0
LA_D_3436742,0,0.0032715097,0
LA_D_3481326,0,0.00038496582,0
LA_D_3512251,0,0.00015558011,0
LA_D_3671224,0,0.0008775025,0
LA_D_3687811,0,0.0011241287,0
LA_D_3695422,0,6.2344276e-05,0
LA_D_3713460,0,0.00032618936,0
LA_D_3749584,0,0.014856717,0
LA_D_3780178,0,0.00037240222,0
LA_D_3829330,0,0.00047668442,0
LA_D_3843488,0,0.00021543878,0
LA_D_3870318,0,0.0006591976,0
LA_D_3873126,0,0.00014830595,0
LA_D_3949631,0,0.0004928941,0
LA_D_3971956,0,0.00019971009,0
LA_D_4007335,0,0.0002631786,0
LA_D_4075975,0,0.00036129195,0
LA_D_4087816,0,6.98334e-05,0
LA_D_4102879,0,0.0006837688,0
LA_D_4149777,0,0.00021005607,0
LA_D_4207134,0,0.00026758458,0
LA_D_4259040,0,0.0002329841,0
LA_D_4311857,0,0.00070472085,0
LA_D_4315355,0,0.00037848344,0
LA_D_4404330,0,0.0001745838,0
LA_D_4409009,0,0.0003143996,0
LA_D_4498003,0,0.00018013343,0
LA_D_4505937,0,0.00023239948,0
LA_D_4565223,0,0.00043602317,0
LA_D_4579960,0,0.0012308811,0
LA_D_4589187,0,0.0003384476,0
LA_D_4623751,0,0.0002799306,0
LA_D_4653609,0,0.0002311961,0
LA_D_4758316,0,0.0003610654,0
LA_D_4770612,0,0.00023589752,0
LA_D_4771745,0,0.00039244528,0
LA_D_4788415,0,0.00038206112,0
LA_D_4822832,0,0.0014224553,0
LA_D_4836452,0,0.00029107934,0
LA_D_4863244,0,0.00093869906,0
LA_D_4864976,0,0.00064941624,0
LA_D_4876945,0,0.00033460668,0
LA_D_4901474,0,0.0004873236,0
LA_D_5074328,0,0.00040065424,0
LA_D_5088369,0,0.00039212703,0
LA_D_5242519,0,0.00033799617,0
LA_D_5253814,0,0.0004022129,0
LA_D_5368042,0,0.00020891057,0
LA_D_5398887,0,0.00016601186,0
LA_D_5457188,0,0.0013039166,0
LA_D_5484649,0,0.00034233194,0
LA_D_5514319,0,0.0004239692,0
LA_D_5531013,0,0.00052743766,0
LA_D_5571676,0,0.0005241315,0
LA_D_5576532,0,0.02928517,0
LA_D_5657789,0,0.00022967743,0
LA_D_5660127,0,0.0007082232,0
LA_D_5665100,0,0.0001255235,0
LA_D_5668161,0,0.00047305546,0
LA_D_5698259,0,0.00016443567,0
LA_D_5710259,0,0.00011561135,0
LA_D_5786164,0,0.00041487356,0
LA_D_5832271,0,0.00020723752,0
LA_D_5838098,0,0.00026014773,0
LA_D_5856426,0,0.00015613728,0
LA_D_5953565,0,0.020424541,0
LA_D_5975736,0,0.0014103478,0
LA_D_5985635,0,0.00028144126,0
LA_D_6001607,0,0.00045723593,0
LA_D_6011658,0,0.0033041427,0
LA_D_6016576,0,0.0001868816,0
LA_D_6083224,0,0.006525624,0
LA_D_6121156,0,0.00023456171,0
LA_D_6123683,0,0.0013637383,0
LA_D_6185674,0,0.0015908169,0
LA_D_6201251,0,9.6276686e-05,0
LA_D_6264799,0,0.0005854033,0
LA_D_6397450,0,0.0001622765,0
LA_D_6455155,0,0.0005166452,0
LA_D_6477172,0,0.0005012094,0
LA_D_6506607,0,0.00042201756,0
LA_D_6540535,0,0.00037118405,0
LA_D_6586128,0,0.00028307363,0
LA_D_6589534,0,0.00021996994,0
LA_D_6594747,0,0.0002414461,0
LA_D_6600446,0,0.0007831727,0
LA_D_6621753,0,0.0032352528,0
LA_D_6639964,0,0.0003315987,0
LA_D_6670965,0,0.00032633683,0
LA_D_6692133,0,0.0033575485,0
LA_D_6697944,0,9.878957e-05,0
LA_D_6752719,0,0.00048039522,0
LA_D_6756999,0,0.0002935589,0
LA_D_6773067,0,0.00037266544,0
LA_D_6797923,0,0.00024931523,0
LA_D_6810679,0,9.469801e-05,0
LA_D_6822833,0,0.00010101573,0
LA_D_6868021,0,0.00032265697,0
LA_D_6872655,0,0.0012327677,0
LA_D_6911238,0,0.00024725858,0
LA_D_6927495,0,0.00011976212,0
LA_D_6931606,0,0.00051179866,0
LA_D_6948051,0,0.00046911332,0
LA_D_6966577,0,0.00071762275,0
LA_D_6968726,0,0.0039491453,0
LA_D_6983240,0,9.7350916e-05,0
LA_D_7021859,0,0.00023099096,0
LA_D_7064077,0,0.00019653125,0
LA_D_7142124,0,5.7535104e-05,0
LA_D_7166843,0,0.0001365838,0
LA_D_7250780,0,0.0002943015,0
LA_D_7277920,0,0.00022469705,0
LA_D_7314849,0,0.00018114498,0
LA_D_7317597,0,0.0009800778,0
LA_D_7355945,0,0.0001511451,0
LA_D_7393779,0,0.0012411991,0
LA_D_7538760,0,0.0003491271,0
LA_D_7544809,0,8.0323574e-05,0
LA_D_7665160,0,0.00025645547,0
LA_D_7680881,0,0.0003676402,0
LA_D_7723211,0,6.1868275e-05,0
LA_D_7750101,0,0.04309194,0
LA_D_7829453,0,0.0003258795,0
LA_D_7880553,0,0.00023345371,0
LA_D_7882957,0,0.00010492189,0
LA_D_7894097,0,0.0003745206,0
LA_D_7961471,0,0.00027448163,0
LA_D_7969869,0,0.0007540779,0
LA_D_8087903,0,0.00025879082,0
LA_D_8093378,0,0.00050675886,0
LA_D_8112113,0,0.0019145921,0
LA_D_8125219,0,0.00029197964,0
LA_D_8128439,0,0.00043534042,0
LA_D_8160527,0,0.0014043234,0
LA_D_8191353,0,0.00042862908,0
LA_D_8198887,0,0.00026031223,0
LA_D_8229496,0,0.00086487766,0
LA_D_8233417,0,0.00028068692,0
LA_D_8299676,0,0.00061909773,0
LA_D_8338088,0,0.0003026541,0
LA_D_8341574,0,0.00064614485,0
LA_D_8386102,0,0.00042504803,0
LA_D_8408912,0,0.00028638844,0
LA_D_8418152,0,0.0003464864,0
LA_D_8426999,0,1.0929062e-05,0
LA_D_8450248,0,0.00017593101,0
LA_D_8479815,0,1.4351813e-05,0
LA_D_8491532,0,0.00029606323,0
LA_D_8509720,0,0.00014413489,0
LA_D_8529268,0,0.00019123245,0
LA_D_8541205,0,0.0005348988,0
LA_D_8544644,0,0.0043215067,0
LA_D_8591446,0,0.00011754457,0
LA_D_8591522,0,0.00011841137,0
LA_D_8601811,0,0.00057774445,0
LA_D_8630942,0,0.00019440713,0
LA_D_8640715,0,0.0011592484,0
LA_D_8670754,0,0.0003616576,0
LA_D_8674026,0,0.00040869848,0
LA_D_8699272,0,0.00020787121,0
LA_D_8728321,0,0.00019389749,0
LA_D_8729734,0,0.0002650546,0
LA_D_8756797,0,0.00028671708,0
LA_D_8771564,0,0.00018330818,0
LA_D_8788079,0,0.00047098307,0
LA_D_8815720,0,0.0033319376,0
LA_D_8833581,0,0.00043194412,0
LA_D_8846893,0,0.00014664912,0
LA_D_8848529,0,0.0003724019,0
LA_D_8878573,0,0.0003041246,0
LA_D_8891814,0,0.00029243063,0
LA_D_8957701,0,0.0001817318,0
LA_D_8994328,0,0.00015690259,0
LA_D_9033630,0,0.001583658,0
LA_D_9038073,0,0.0003345601,0
LA_D_9048737,0,0.000121400226,0
LA_D_9065595,0,0.0051250854,0
LA_D_9094488,0,0.0009437577,0
LA_D_9127411,0,0.011546149,0
LA_D_9155834,0,0.00016510984,0
LA_D_9167860,0,0.00028630134,0
LA_D_9217255,0,0.00037212932,0
LA_D_9220018,0,0.00044762445,0
LA_D_9236613,0,0.00018779868,0
LA_D_9270152,0,0.0005047394,0
LA_D_9278460,0,9.722892e-05,0
LA_D_9281005,0,0.0007373334,0
LA_D_9281870,0,0.0002534875,0
LA_D_9315635,0,0.0006069292,0
LA_D_9333859,0,0.00038968725,0
LA_D_9336302,0,0.00024878737,0
LA_D_9346947,0,0.00016305108,0
LA_D_9363652,0,0.0007057902,0
LA_D_9424568,0,0.0002739321,0
LA_D_9442040,0,0.00014036575,0
LA_D_9465829,0,0.00014731385,0
LA_D_9491192,0,0.00035510788,0
LA_D_9603327,0,0.00037540853,0
LA_D_9604966,0,0.00012219742,0
LA_D_9618467,0,0.00015560933,0
LA_D_9627529,0,0.0005559437,0
LA_D_9633851,0,0.00020604688,0
LA_D_9636836,0,0.00018500333,0
LA_D_9685772,0,0.00040486225,0
LA_D_9801638,0,0.0010349004,0
LA_D_9806570,0,0.00016114657,0
LA_D_9813801,0,0.00018073023,0
LA_D_9862938,0,0.00027472407,0
LA_D_9920299,0,6.6436354e-05,0
LA_D_9930274,0,0.0003423499,0
LA_D_9957063,0,0.0012211441,0
LA_D_9967406,0,0.0002217762,0
LA_D_9987878,0,0.00014539476,0
LA_D_1005471,0,0.00039743073,0
LA_D_1024033,0,0.0005526196,0
LA_D_1030270,0,0.0002081977,0
LA_D_1031151,0,0.00048029452,0
LA_D_1039057,0,0.00051122817,0
LA_D_1071356,0,0.0004493529,0
LA_D_1079091,0,0.00013887417,0
LA_D_1107234,0,0.000143943,0
LA_D_1208939,0,0.00013672479,0
LA_D_1219091,0,0.00066237414,0
LA_D_1240959,0,0.00045331617,0
LA_D_1265133,0,0.00029535813,0
LA_D_1281736,0,0.00017002165,0
LA_D_1307113,0,0.000155554,0
LA_D_1310219,0,0.00019364918,0
LA_D_1330250,0,0.0003387943,0
LA_D_1343353,0,0.0002652695,0
LA_D_1354096,0,0.00041126233,0
LA_D_1368657,0,0.00040710194,0
LA_D_1377906,0,0.0005098753,0
LA_D_1434780,0,0.0011791447,0
LA_D_1447056,0,0.0001853222,0
LA_D_1463984,0,0.000317891,0
LA_D_1468408,0,0.00017622783,0
LA_D_1523141,0,0.00016313989,0
LA_D_1528709,0,0.0009198091,0
LA_D_1529875,0,0.00017075405,0
LA_D_1593502,0,0.00015343566,0
LA_D_1603312,0,0.00030421946,0
LA_D_1609520,0,0.0002732815,0
LA_D_1637629,0,0.00025703732,0
LA_D_1664425,0,0.0002761126,0
LA_D_1669057,0,0.00034057995,0
LA_D_1691193,0,0.00017157088,0
LA_D_1770638,0,0.00013210117,0
LA_D_1793186,0,0.00022892056,0
LA_D_1797576,0,0.0004918813,0
LA_D_1876225,0,0.000270637,0
LA_D_1962163,0,0.00044792838,0
LA_D_1975814,0,0.0003115768,0
LA_D_2005065,0,0.0001784213,0
LA_D_2006815,0,0.00023965239,0
LA_D_2007184,0,0.00023208706,0
LA_D_2051572,0,0.00041289098,0
LA_D_2129319,0,0.00018320912,0
LA_D_2166570,0,0.00028346956,0
LA_D_2184401,0,0.00039534146,0
LA_D_2197985,0,0.00050546834,0
LA_D_2225547,0,0.00033041503,0
LA_D_2228764,0,0.00028428095,0
LA_D_2240504,0,0.00019546621,0
LA_D_2267325,0,0.0004554181,0
LA_D_2304250,0,0.00023791323,0
LA_D_2342626,0,0.00054657337,0
LA_D_2357327,0,0.00058986485,0
LA_D_2370652,0,0.00027283633,0
LA_D_2394024,0,0.0005105041,0
LA_D_2418862,0,0.00015581572,0
LA_D_2419904,0,0.0006040023,0
LA_D_2422770,0,0.00020810244,0
LA_D_2428239,0,0.00019776478,0
LA_D_2451673,0,0.00047633835,0
LA_D_2478969,0,0.00016098884,0
LA_D_2484663,0,0.00022057458,0
LA_D_2488992,0,0.00021932887,0
LA_D_2508069,0,0.00032358052,0
LA_D_2525525,0,0.00014625072,0
LA_D_2536110,0,0.00022508002,0
LA_D_2570780,0,0.00037078862,0
LA_D_2610325,0,0.00026352686,0
LA_D_2627199,0,0.00026141954,0
LA_D_2669790,0,0.00062294496,0
LA_D_2695373,0,0.00050035684,0
LA_D_2709061,0,0.0002087272,0
LA_D_2720139,0,0.0002208111,0
LA_D_2737875,0,0.0003688042,0
LA_D_2752788,0,0.00010656251,0
LA_D_2757814,0,0.00046637526,0
LA_D_2759411,0,0.00019175869,0
LA_D_2759783,0,0.00034409954,0
LA_D_2791553,0,0.0002118712,0
LA_D_2793288,0,0.00082148134,0
LA_D_2816042,0,0.00017510793,0
LA_D_2835194,0,0.00038993437,0
LA_D_2879784,0,0.00021528496,0
LA_D_2880430,0,0.00037371207,0
LA_D_2884632,0,0.00028337308,0
LA_D_2887628,0,0.0002972854,0
LA_D_2941369,0,0.0008184529,0
LA_D_2942585,0,0.00012324781,0
LA_D_2969521,0,0.0002993351,0
LA_D_2975584,0,0.00012283812,0
LA_D_2999032,0,0.00020763271,0
LA_D_3033254,0,0.00060736673,0
LA_D_3065072,0,0.00072261866,0
LA_D_3092822,0,0.001152139,0
LA_D_3109173,0,0.0016993611,0
LA_D_3119195,0,0.0002573642,0
LA_D_3129767,0,0.0001305138,0
LA_D_3133562,0,0.00026620185,0
LA_D_3145865,0,0.0002534433,0
LA_D_3148237,0,0.00016859455,0
LA_D_3162269,0,0.00044783915,0
LA_D_3173565,0,0.00034886724,0
LA_D_3183800,0,0.0008810784,0
LA_D_3187395,0,0.00021004285,0
LA_D_3222129,0,0.0004246653,0
LA_D_3226693,0,0.0003425631,0
LA_D_3295650,0,0.00047486898,0
LA_D_3305146,0,0.0005257662,0
LA_D_3387918,0,0.00065914675,0
LA_D_3423664,0,0.00021467167,0
LA_D_3428449,0,0.00043136108,0
LA_D_3432100,0,0.00013721718,0
LA_D_3432834,0,0.0011695481,0
LA_D_3465878,0,0.00035564386,0
LA_D_3468243,0,0.0011945058,0
LA_D_3485246,0,0.0004317469,0
LA_D_3498834,0,0.00034652307,0
LA_D_3546305,0,0.00034366807,0
LA_D_3571831,0,0.00017057634,0
LA_D_3597601,0,0.00024923158,0
LA_D_3608783,0,0.00019488709,0
LA_D_3617321,0,0.00028519394,0
LA_D_3621915,0,0.00023350223,0
LA_D_3655047,0,0.00020426311,0
LA_D_3706159,0,0.000547928,0
LA_D_3744491,0,0.00012021085,0
LA_D_3749921,0,0.0006270192,0
LA_D_3752691,0,0.00015319312,0
LA_D_3772496,0,0.0005263564,0
LA_D_3815316,0,0.00032380488,0
LA_D_3819582,0,0.0003255432,0
LA_D_3826920,0,0.00039343792,0
LA_D_3837714,0,0.00044967816,0
LA_D_3861045,0,0.0001928037,0
LA_D_3864495,0,0.00059708185,0
LA_D_3914594,0,0.00035697574,0
LA_D_3943414,0,0.00015463665,0
LA_D_3965345,0,0.0006682691,0
LA_D_3989236,0,0.00022963145,0
LA_D_4028437,0,0.00019017456,0
LA_D_4046741,0,0.00021364134,0
LA_D_4058844,0,0.0005361642,0
LA_D_4067937,0,0.0006323695,0
LA_D_4099499,0,0.0001663681,0
LA_D_4101246,0,0.000344215,0
LA_D_4111379,0,0.00042726533,0
LA_D_4119592,0,9.2783615e-05,0
LA_D_4156717,0,0.00031418234,0
LA_D_4171064,0,0.00036843627,0
LA_D_4224687,0,0.00013152388,0
LA_D_4249169,0,0.00016644267,0
LA_D_4277377,0,0.00026313795,0
LA_D_4297095,0,0.00035125072,0
LA_D_4324080,0,0.00018752259,0
LA_D_4329029,0,0.00053196104,0
LA_D_4330465,0,0.0005174288,0
LA_D_4359700,0,0.0001768247,0
LA_D_4373476,0,0.00018806208,0
LA_D_4396892,0,0.00030898192,0
LA_D_4418265,0,0.00019882395,0
LA_D_4419471,0,0.00016114027,0
LA_D_4421402,0,0.00028964234,0
LA_D_4438261,0,0.00017758335,0
LA_D_4485361,0,0.0009237121,0
LA_D_4487745,0,0.00018889649,0
LA_D_4514090,0,0.00023322123,0
LA_D_4514194,0,0.0001583918,0
LA_D_4522480,0,0.00030867985,0
LA_D_4573144,0,0.00016355935,0
LA_D_4673693,0,0.00038780613,0
LA_D_4682422,0,0.0002551993,0
LA_D_4704993,0,0.00027764184,0
LA_D_4708516,0,0.00044671906,0
LA_D_4710439,0,0.00055298524,0
LA_D_4719986,0,0.0004406516,0
LA_D_4735766,0,0.00014103913,0
LA_D_4769016,0,0.00010441038,0
LA_D_4771389,0,0.00031467248,0
LA_D_4774155,0,0.00026248847,0
LA_D_4788531,0,0.00027448215,0
LA_D_4813945,0,0.0003803339,0
LA_D_4863395,0,0.00046176979,0
LA_D_4891515,0,0.00021315645,0
LA_D_4894754,0,0.0005077409,0
LA_D_4909030,0,0.00015901132,0
LA_D_4909565,0,0.00037419618,0
LA_D_4910268,0,0.00023515668,0
LA_D_4929114,0,0.000950908,0
LA_D_5011300,0,0.00026274688,0
LA_D_5017814,0,0.0002846493,0
LA_D_5095193,0,0.0003863136,0
LA_D_5139344,0,0.0006344491,0
LA_D_5165049,0,0.0005849827,0
LA_D_5174000,0,0.00045314812,0
LA_D_5175082,0,0.0002792285,0
LA_D_5196907,0,0.00030728657,0
LA_D_5257176,0,0.000240533,0
LA_D_5300881,0,0.00022870023,0
LA_D_5346070,0,0.00031020775,0
LA_D_5378463,0,0.00028342876,0
LA_D_5379068,0,0.0003934803,0
LA_D_5381358,0,6.56264e-05,0
LA_D_5386489,0,0.00023224375,0
LA_D_5392234,0,0.0027304655,0
LA_D_5396149,0,0.0007468207,0
LA_D_5422337,0,0.0006694567,0
LA_D_5427426,0,0.0001658334,0
LA_D_5434948,0,0.0007702088,0
LA_D_5443022,0,0.00060863927,0
LA_D_5487218,0,0.00032733017,0
LA_D_5504182,0,0.0005913103,0
LA_D_5551594,0,0.00023286727,0
LA_D_5554788,0,0.00015414452,0
LA_D_5583563,0,0.0010619427,0
LA_D_5594965,0,0.00021835527,0
LA_D_5596835,0,0.00029553953,0
LA_D_5597058,0,0.0004345833,0
LA_D_5616692,0,0.00048761818,0
LA_D_5617907,0,0.00019978663,0
LA_D_5635914,0,0.00038516958,0
LA_D_5647135,0,0.00016806103,0
LA_D_5647328,0,0.00028778764,0
LA_D_5657749,0,0.00025997864,0
LA_D_5659751,0,0.00026465562,0
LA_D_5682188,0,0.00040517346,0
LA_D_5682398,0,0.00013900982,0
LA_D_5691756,0,0.00020855195,0
LA_D_5697939,0,0.00028986085,0
LA_D_5710714,0,0.00018641034,0
LA_D_5735487,0,0.00033327748,0
LA_D_5746789,0,0.0005088843,0
LA_D_5771160,0,0.00015146943,0
LA_D_5841697,0,0.0003224992,0
LA_D_5844846,0,0.0005506683,0
LA_D_5848108,0,0.00022593555,0
LA_D_5865733,0,0.0006793837,0
LA_D_5870140,0,0.00058926415,0
LA_D_5872598,0,0.00018680429,0
LA_D_5875499,0,0.0005234211,0
LA_D_5884456,0,0.00030938193,0
LA_D_5900756,0,0.00045683776,0
LA_D_5909772,0,0.00020737926,0
LA_D_5939156,0,0.00023733615,0
LA_D_5950523,0,0.00014984784,0
LA_D_5954148,0,0.0004775239,0
LA_D_5965400,0,0.00027149453,0
LA_D_5974398,0,0.00033079353,0
LA_D_5982804,0,0.00026511375,0
LA_D_5989901,0,0.0001460843,0
LA_D_6029420,0,0.0004172251,0
LA_D_6039051,0,0.0002556769,0
LA_D_6059094,0,0.0011267499,0
LA_D_6096386,0,0.00065752113,0
LA_D_6113422,0,0.00013711544,0
LA_D_6120066,0,0.00027170504,0
LA_D_6127867,0,0.000288882,0
LA_D_6154657,0,0.00034386897,0
LA_D_6187512,0,0.00019881995,0
LA_D_6252209,0,0.00040471484,0
LA_D_6275031,0,0.00059484894,0
LA_D_6285068,0,0.0004159027,0
LA_D_6371287,0,0.00094510923,0
LA_D_6380070,0,0.0005987955,0
LA_D_6388231,0,0.00031182077,0
LA_D_6475624,0,0.0003689509,0
LA_D_6566671,0,0.00028636304,0
LA_D_6579134,0,0.00047376356,0
LA_D_6596114,0,0.00031181128,0
LA_D_6596613,0,0.00039415268,0
LA_D_6631414,0,0.00078046974,0
LA_D_6653512,0,0.00035266968,0
LA_D_6654217,0,0.00032892148,0
LA_D_6729690,0,0.00037428076,0
LA_D_6738457,0,0.00020706707,0
LA_D_6765632,0,0.00031047876,0
LA_D_6770649,0,0.000399376,0
LA_D_6798609,0,0.00022194078,0
LA_D_6846914,0,0.00025283723,0
LA_D_6933658,0,0.0002586184,0
LA_D_6943274,0,0.0009820098,0
LA_D_6963297,0,0.0006445383,0
LA_D_6998182,0,0.00022003223,0
LA_D_7031306,0,0.00023303385,0
LA_D_7045833,0,0.0001996564,0
LA_D_7086639,0,0.00024354241,0
LA_D_7096240,0,0.00026173177,0
LA_D_7112988,0,0.0006021016,0
LA_D_7125815,0,0.00043348805,0
LA_D_7179358,0,0.00036426316,0
LA_D_7194718,0,0.00030075767,0
LA_D_7278311,0,0.0002549471,0
LA_D_7297643,0,0.0003327064,0
LA_D_7332066,0,0.00030788803,0
LA_D_7339843,0,0.0003845917,0
LA_D_7350895,0,0.0003619953,0
LA_D_7355156,0,0.00043940876,0
LA_D_7375840,0,0.00018996304,0
LA_D_7403376,0,0.00066141714,0
LA_D_7433900,0,0.00061785453,0
LA_D_7481984,0,0.00021776688,0
LA_D_7502624,0,0.00013974223,0
LA_D_7504069,0,0.00014335402,0
LA_D_7521790,0,0.0004797203,0
LA_D_7557700,0,0.0003368542,0
LA_D_7563022,0,0.00017599209,0
LA_D_7574255,0,0.00032672158,0
LA_D_7587942,0,0.000442064,0
LA_D_7599610,0,0.0007041892,0
LA_D_7606081,0,0.00026378577,0
LA_D_7606254,0,0.00032437305,0
LA_D_7607538,0,7.606467e-05,0
LA_D_7614468,0,0.00025831113,0
LA_D_7628970,0,0.00035502255,0
LA_D_7629200,0,0.0002690227,0
LA_D_7643772,0,0.0003866363,0
LA_D_7655279,0,0.00026850306,0
LA_D_7664409,0,0.00020795288,0
LA_D_7697515,0,0.00019406136,0
LA_D_7703631,0,0.00048891763,0
LA_D_7708338,0,0.00038186158,0
LA_D_7711223,0,0.0011726493,0
LA_D_7721121,0,0.00022589012,0
LA_D_7723352,0,0.00012575221,0
LA_D_7725114,0,0.00031533075,0
LA_D_7765457,0,0.00031192484,0
LA_D_7789532,0,0.00032677953,0
LA_D_7800270,0,0.00035473265,0
LA_D_7808217,0,0.0005789776,0
LA_D_7847128,0,0.00065034593,0
LA_D_7865378,0,0.0008703903,0
LA_D_7895930,0,0.00020091333,0
LA_D_7903763,0,0.0005535511,0
LA_D_7945750,0,0.0002687843,0
LA_D_7970984,0,0.0001543054,0
LA_D_7975085,0,0.0002288614,0
LA_D_8035288,0,0.00029148065,0
LA_D_8056679,0,0.00015032254,0
LA_D_8068169,0,0.00028988102,0
LA_D_8091742,0,8.559655e-05,0
LA_D_8095844,0,0.00037250484,0
LA_D_8113820,0,0.0005161889,0
LA_D_8140249,0,0.000336555,0
LA_D_8174656,0,0.00055994064,0
LA_D_8181944,0,0.00016021947,0
LA_D_8309750,0,0.00015111727,0
LA_D_8321453,0,7.230287e-05,0
LA_D_8332272,0,0.00025073125,0
LA_D_8371769,0,0.00031394942,0
LA_D_8377469,0,0.0001315846,0
LA_D_8412208,0,0.0003182971,0
LA_D_8434044,0,0.00024590813,0
LA_D_8445701,0,0.00038299614,0
LA_D_8465947,0,0.00047669257,0
LA_D_8470269,0,0.0002526177,0
LA_D_8494207,0,0.00020871527,0
LA_D_8527611,0,0.00020739624,0
LA_D_8561841,0,0.00028399515,0
LA_D_8622815,0,0.00051972334,0
LA_D_8632099,0,0.000254051,0
LA_D_8675337,0,0.00012537063,0
LA_D_8704829,0,0.00030491166,0
LA_D_8708656,0,0.00027476597,0
LA_D_8756941,0,0.0005753798,0
LA_D_8781931,0,0.0009761824,0
LA_D_8789190,0,7.923432e-05,0
LA_D_8838589,0,0.00025654986,0
LA_D_8847601,0,0.0003497664,0
LA_D_8886611,0,0.0004627992,0
LA_D_8889390,0,0.0002444385,0
LA_D_8925094,0,0.00040890233,0
LA_D_8943651,0,0.0011863868,0
LA_D_8961930,0,0.00061551406,0
LA_D_8964874,0,0.00091769674,0
LA_D_9005051,0,0.0002016111,0
LA_D_9045570,0,0.00016863827,0
LA_D_9096004,0,0.0003368651,0
LA_D_9106315,0,0.00019435449,0
LA_D_9204208,0,0.0006740392,0
LA_D_9231954,0,0.00020036832,0
LA_D_9274326,0,0.00072143733,0
LA_D_9279366,0,0.0005046379,0
LA_D_9289260,0,0.00032852602,0
LA_D_9327413,0,0.00024962018,0
LA_D_9341282,0,0.0001300988,0
LA_D_9352339,0,0.00030792414,0
LA_D_9376797,0,0.00040913004,0
LA_D_9389017,0,0.0002546075,0
LA_D_9407131,0,0.00064226455,0
LA_D_9411191,0,0.0006710153,0
LA_D_9506213,0,0.00035030197,0
LA_D_9520076,0,0.00034947277,0
LA_D_9562489,0,0.00049444323,0
LA_D_9578667,0,0.00023174871,0
LA_D_9627075,0,0.0003918393,0
LA_D_9657561,0,0.00020482247,0
LA_D_9662465,0,0.00035970117,0
LA_D_9665377,0,0.00010597992,0
LA_D_9735127,0,0.00033092822,0
LA_D_9755028,0,0.00029120425,0
LA_D_9784167,0,0.00045864945,0
LA_D_9815485,0,0.00037500862,0
LA_D_9842180,0,9.6548094e-05,0
LA_D_9856117,0,0.00027546947,0
LA_D_9858647,0,0.00020264217,0
LA_D_9863423,0,0.00014882656,0
LA_D_9885994,0,0.00066395354,0
LA_D_9891401,0,0.0002013986,0
LA_D_9904500,0,0.00025042612,0
LA_D_9931770,0,0.0003683506,0
LA_D_9934703,0,0.0003634764,0
LA_D_9965004,0,8.342958e-05,0
LA_D_9988164,0,0.00037380363,0
LA_D_1016922,0,0.00022405163,0
LA_D_1039305,0,0.00014135755,0
LA_D_1070584,0,0.00013828823,0
LA_D_1078241,0,0.0025599038,0
LA_D_1144692,0,0.00023869914,0
LA_D_1173044,0,0.00014578499,0
LA_D_1216735,0,0.00022948133,0
LA_D_1245336,0,0.00040261072,0
LA_D_1310938,0,0.00047903895,0
LA_D_1317099,0,0.0014438163,0
LA_D_1351175,0,0.000189267,0
LA_D_1361369,0,0.00025850872,0
LA_D_1368692,0,0.00013733604,0
LA_D_1406745,0,0.0002018115,0
LA_D_1418549,0,0.00036859827,0
LA_D_1427018,0,9.249254e-05,0
LA_D_1436004,0,8.9579255e-05,0
LA_D_1513681,0,7.774816e-05,0
LA_D_1535464,0,0.00012299576,0
LA_D_1608588,0,0.00018054216,0
LA_D_1792373,0,0.0001431827,0
LA_D_1851336,0,0.00012486632,0
LA_D_1870741,0,0.0001347799,0
LA_D_1873473,0,0.00047598523,0
LA_D_1876360,0,0.00035299393,0
LA_D_1886178,0,0.00012842583,0
LA_D_1897148,0,0.003474953,0
LA_D_1915992,0,0.00022951611,0
LA_D_1930073,0,0.00016833945,0
LA_D_1971465,0,0.00051026134,0
LA_D_2052113,0,0.0004331878,0
LA_D_2058872,0,0.0006164423,0
LA_D_2088943,0,0.0002678102,0
LA_D_2097283,0,0.000113175985,0
LA_D_2107075,0,0.00044591754,0
LA_D_2126762,0,0.00010810656,0
LA_D_2219009,0,0.0005650252,0
LA_D_2246688,0,0.00050424365,0
LA_D_2301497,0,0.00012772299,0
LA_D_2322982,0,0.0001932972,0
LA_D_2323900,0,0.0007454697,0
LA_D_2344679,0,0.0005345915,0
LA_D_2361529,0,0.00015032612,0
LA_D_2469934,0,0.00039758685,0
LA_D_2473723,0,0.00039364913,0
LA_D_2531385,0,0.00016130554,0
LA_D_2550165,0,0.00046692774,0
LA_D_2551261,0,0.0009200238,0
LA_D_2556606,0,0.00040317723,0
LA_D_2654160,0,7.2746734e-05,0
LA_D_2666258,0,0.0041231657,0
LA_D_2677497,0,0.00026070344,0
LA_D_2677654,0,0.0003667972,0
LA_D_2692136,0,0.00017931755,0
LA_D_2698574,0,0.00025508812,0
LA_D_2700963,0,0.00034232507,0
LA_D_2709100,0,0.00086230045,0
LA_D_2791447,0,0.00037220313,0
LA_D_2819105,0,7.8272235e-05,0
LA_D_2827159,0,0.00011358737,0
LA_D_2831303,0,0.00040369487,0
LA_D_2892419,0,0.00011658369,0
LA_D_2925553,0,0.00033579674,0
LA_D_2950518,0,5.7780886e-05,0
LA_D_2979369,0,0.0003410722,0
LA_D_3015288,0,0.0002919615,0
LA_D_3068710,0,0.0010703462,0
LA_D_3104950,0,0.00011147936,0
LA_D_3121037,0,0.0018914733,0
LA_D_3134629,0,0.0005854512,0
LA_D_3180411,0,0.00021679692,0
LA_D_3184350,0,0.00015332829,0
LA_D_3215318,0,0.00032277912,0
LA_D_3261219,0,0.052530017,0
LA_D_3313031,0,0.00015324791,0
LA_D_3331368,0,0.00012404768,0
LA_D_3387666,0,0.00042614422,0
LA_D_3392778,0,0.00027298412,0
LA_D_3410619,0,0.0002707351,0
LA_D_3415789,0,8.002197e-05,0
LA_D_3424068,0,0.00024408197,0
LA_D_3448069,0,0.00017357491,0
LA_D_3449059,0,0.0033933388,0
LA_D_3481053,0,0.0005239927,0
LA_D_3490249,0,0.00018887398,0
LA_D_3527786,0,7.562941e-05,0
LA_D_3609505,0,0.00013332922,0
LA_D_3648769,0,0.00018320265,0
LA_D_3651367,0,0.0004629748,0
LA_D_3669836,0,0.00024053278,0
LA_D_3688613,0,0.00019137764,0
LA_D_3708116,0,0.00037955583,0
LA_D_3743658,0,0.00016938215,0
LA_D_3777358,0,0.0008398024,0
LA_D_3814355,0,0.00027000275,0
LA_D_3932504,0,0.0002749932,0
LA_D_3977471,0,0.00023446353,0
LA_D_4013189,0,0.00030592352,0
LA_D_4044356,0,0.0001336733,0
LA_D_4093216,0,0.00015076711,0
LA_D_4104349,0,0.0006328916,0
LA_D_4141520,0,0.0004277727,0
LA_D_4160780,0,0.00017532012,0
LA_D_4165061,0,0.00037824974,0
LA_D_4191166,0,0.00029428187,0
LA_D_4197046,0,0.00032732892,0
LA_D_4276883,0,0.00034116785,0
LA_D_4296893,0,0.0004415447,0
LA_D_4356104,0,0.00041950512,0
LA_D_4375717,0,0.0009459083,0
LA_D_4407003,0,0.00022022429,0
LA_D_4409637,0,0.00027114118,0
LA_D_4461485,0,0.00017188347,0
LA_D_4463930,0,0.00021541043,0
LA_D_4464967,0,0.00034751388,0
LA_D_4506133,0,0.0011325468,0
LA_D_4561179,0,0.0016764282,0
LA_D_4577893,0,0.0004609786,0
LA_D_4582769,0,0.0002646738,0
LA_D_4598556,0,0.00010810985,0
LA_D_4637561,0,0.0007560004,0
LA_D_4673891,0,0.00022604458,0
LA_D_4694664,0,8.6384905e-05,0
LA_D_4732324,0,0.0002077856,0
LA_D_4815856,0,0.0002359506,0
LA_D_4832159,0,0.0021194173,0
LA_D_4853863,0,0.00020498617,0
LA_D_4868553,0,0.0006729513,0
LA_D_4877447,0,7.664923e-05,0
LA_D_4961502,0,0.00030049373,0
LA_D_4984317,0,0.0003138635,0
LA_D_5001469,0,0.00034031415,0
LA_D_5044120,0,0.000254297,0
LA_D_5067184,0,0.00026103397,0
LA_D_5097555,0,0.0026122862,0
LA_D_5120421,0,0.00023427428,0
LA_D_5163985,0,0.00011674031,0
LA_D_5167361,0,0.000110922134,0
LA_D_5191461,0,0.00033786634,0
LA_D_5216313,0,0.0002263502,0
LA_D_5256245,0,0.0011282547,0
LA_D_5260994,0,0.00032297336,0
LA_D_5350670,0,0.00030211272,0
LA_D_5370145,0,0.00015253035,0
LA_D_5439819,0,0.00020770656,0
LA_D_5452047,0,0.0032224325,0
LA_D_5454156,0,0.00037895204,0
LA_D_5455456,0,0.00072319736,0
LA_D_5490332,0,0.00013890116,0
LA_D_5539101,0,0.00048644404,0
LA_D_5600729,0,0.0047940677,0
LA_D_5643163,0,0.0027675456,0
LA_D_5690287,0,0.00064339244,0
LA_D_5695682,0,0.00024078769,0
LA_D_5712950,0,0.00014976456,0
LA_D_5716651,0,0.00018658389,0
LA_D_5719332,0,0.0025880234,0
LA_D_5729926,0,0.0001378522,0
LA_D_5819339,0,0.0057154326,0
LA_D_5831724,0,0.0002620094,0
LA_D_5834246,0,0.0001669443,0
LA_D_5851479,0,0.0022007527,0
LA_D_5890290,0,0.000121120174,0
LA_D_5931445,0,0.000106412524,0
LA_D_5968191,0,0.0010089807,0
LA_D_6015629,0,0.00010557201,0
LA_D_6021297,0,0.00034275645,0
LA_D_6037279,0,0.00016790695,0
LA_D_6085681,0,0.0003058244,0
LA_D_6162323,0,0.0013367381,0
LA_D_6197535,0,0.00013575461,0
LA_D_6230272,0,0.0003143079,0
LA_D_6241209,0,0.00015077171,0
LA_D_6307445,0,0.00031044058,0
LA_D_6351813,0,0.00057534635,0
LA_D_6367142,0,0.0002772506,0
LA_D_6373060,0,0.0006112366,0
LA_D_6400478,0,9.865044e-05,0
LA_D_6431658,0,0.0007151915,0
LA_D_6434161,0,0.0002317452,0
LA_D_6440826,0,0.0004110405,0
LA_D_6487009,0,0.00043505247,0
LA_D_6544888,0,0.00015941515,0
LA_D_6547919,0,0.00033703662,0
LA_D_6556225,0,0.0001972734,0
LA_D_6622164,0,0.00015314668,0
LA_D_6670902,0,0.00054560415,0
LA_D_6721591,0,0.0002078389,0
LA_D_6742661,0,0.00033367236,0
LA_D_6776598,0,0.0006974489,0
LA_D_6787599,0,0.0002801853,0
LA_D_6805723,0,0.002248997,0
LA_D_6826887,0,0.00021526487,0
LA_D_6868445,0,0.00013345995,0
LA_D_6874210,0,0.00016151962,0
LA_D_7080605,0,0.00018546113,0
LA_D_7086814,0,0.00014562257,0
LA_D_7139855,0,0.0020606294,0
LA_D_7160142,0,0.00038658732,0
LA_D_7183546,0,0.00039753568,0
LA_D_7192415,0,0.00044257208,0
LA_D_7222508,0,0.023996526,0
LA_D_7288713,0,0.0003429081,0
LA_D_7313112,0,0.00021350979,0
LA_D_7336955,0,0.00031236318,0
LA_D_7394778,0,0.001045506,0
LA_D_7398714,0,9.807397e-05,0
LA_D_7418963,0,0.0001514056,0
LA_D_7425009,0,0.0005255383,0
LA_D_7425122,0,0.0068247365,0
LA_D_7464906,0,0.00027157113,0
LA_D_7468708,0,0.0012455597,0
LA_D_7501222,0,0.0001006302,0
LA_D_7519959,0,0.0001758849,0
LA_D_7588829,0,0.00030297687,0
LA_D_7599548,0,0.00021525173,0
LA_D_7663034,0,0.0010078739,0
LA_D_7728140,0,0.00010256348,0
LA_D_7773769,0,0.00068313966,0
LA_D_7806158,0,9.969038e-05,0
LA_D_7821302,0,0.0007475655,0
LA_D_7840753,0,0.00018740872,0
LA_D_7892017,0,0.00024932734,0
LA_D_7904343,0,0.00027920667,0
LA_D_7920083,0,0.00019582214,0
LA_D_7928225,0,0.009815479,0
LA_D_8011201,0,0.00026896372,0
LA_D_8028589,0,0.0007793178,0
LA_D_8059988,0,0.00063060486,0
LA_D_8070544,0,0.001147225,0
LA_D_8075316,0,0.00026391682,0
LA_D_8076714,0,0.000106181826,0
LA_D_8088848,0,0.0046153604,0
LA_D_8096872,0,0.00058782025,0
LA_D_8113827,0,0.00018231253,0
LA_D_8172352,0,0.00050002837,0
LA_D_8204811,0,0.00076545205,0
LA_D_8206665,0,0.00027766646,0
LA_D_8208934,0,0.00022801787,0
LA_D_8216112,0,0.00084928033,0
LA_D_8221506,0,0.00037008058,0
LA_D_8239585,0,0.0002653464,0
LA_D_8264187,0,0.0003249404,0
LA_D_8305381,0,7.5160504e-05,0
LA_D_8333710,0,0.00017500062,0
LA_D_8355987,0,0.00018244487,0
LA_D_8372696,0,0.00067699805,0
LA_D_8499403,0,0.0019813124,0
LA_D_8556216,0,0.00013240498,0
LA_D_8559605,0,0.00019002102,0
LA_D_8561401,0,5.5876666e-05,0
LA_D_8573818,0,0.00012844727,0
LA_D_8605887,0,0.00018604739,0
LA_D_8655268,0,0.002503744,0
LA_D_8677181,0,0.00017721968,0
LA_D_8693858,0,0.00031466346,0
LA_D_8736080,0,0.00055998226,0
LA_D_8800120,0,0.00021859047,0
LA_D_8801720,0,0.00017466971,0
LA_D_8811306,0,0.0005226449,0
LA_D_8827374,0,0.00017347265,0
LA_D_8831382,0,0.00018205337,0
LA_D_8877909,0,0.00089797575,0
LA_D_8878321,0,0.0002729422,0
LA_D_8905956,0,5.5553945e-05,0
LA_D_8910822,0,0.00031187903,0
LA_D_8940643,0,0.00061089935,0
LA_D_9042048,0,0.00015404959,0
LA_D_9170505,0,0.0002013433,0
LA_D_9173264,0,0.0006511609,0
LA_D_9174169,0,0.0007408557,0
LA_D_9257491,0,0.0011069741,0
LA_D_9275744,0,0.0008728552,0
LA_D_9289055,0,7.634278e-05,0
LA_D_9338745,0,0.007771375,0
LA_D_9392816,0,0.00022820447,0
LA_D_9400890,0,0.0003075791,0
LA_D_9429220,0,0.00014009512,0
LA_D_9430144,0,0.000115811075,0
LA_D_9437346,0,0.00033854408,0
LA_D_9446553,0,0.00019770897,0
LA_D_9450925,0,0.00050583656,0
LA_D_9454983,0,0.00054526463,0
LA_D_9456431,0,0.00014417213,0
LA_D_9499849,0,0.00019193356,0
LA_D_9540047,0,3.4134962e-05,0
LA_D_9556871,0,0.00091651623,0
LA_D_9579813,0,0.0014001115,0
LA_D_9589501,0,0.0002622558,0
LA_D_9615736,0,0.0003668675,0
LA_D_9744441,0,0.00021313694,0
LA_D_9747652,0,0.00039875324,0
LA_D_9751462,0,0.0018079447,0
LA_D_9756685,0,0.00023433482,0
LA_D_9765860,0,0.0002746405,0
LA_D_9769935,0,0.0007059382,0
LA_D_9773809,0,0.00044278987,0
LA_D_9783743,0,0.0025798045,0
LA_D_9804348,0,0.0005893501,0
LA_D_9824861,0,0.00012066736,0
LA_D_9835448,0,9.204601e-05,0
LA_D_9864602,0,0.0008300898,0
LA_D_9864604,0,0.00024656078,0
LA_D_9878419,0,0.00026463546,0
LA_D_9925458,0,0.00020791202,0
LA_D_9926375,0,0.001358333,0
LA_D_9985382,0,0.00045829144,0
LA_D_9995517,0,0.00027554037,0
LA_D_1018598,0,0.00026499951,0
LA_D_1028482,0,0.0002756736,0
LA_D_1035474,0,0.00022923287,0
LA_D_1049366,0,0.000460755,0
LA_D_1058790,0,0.0005386629,0
LA_D_1084880,0,0.0005139859,0
LA_D_1099638,0,0.00022613555,0
LA_D_1138529,0,0.0004630869,0
LA_D_1142092,0,0.00027485323,0
LA_D_1151622,0,0.00021612698,0
LA_D_1158203,0,0.00034149454,0
LA_D_1163392,0,0.00027436728,0
LA_D_1168046,0,0.00022080375,0
LA_D_1195873,0,0.0003418646,0
LA_D_1248515,0,0.00017040271,0
LA_D_1249536,0,0.00014936567,0
LA_D_1251682,0,0.00028370073,0
LA_D_1252794,0,0.00031473069,0
LA_D_1254455,0,0.0002513943,0
LA_D_1298257,0,0.00044246827,0
LA_D_1379062,0,0.00017508942,0
LA_D_1394305,0,0.00031377317,0
LA_D_1434936,0,0.00010789091,0
LA_D_1468044,0,0.00020851994,0
LA_D_1522579,0,0.0004591612,0
LA_D_1534651,0,0.0007876888,0
LA_D_1557675,0,0.00020253709,0
LA_D_1611025,0,0.00050365715,0
LA_D_1613798,0,0.00018658284,0
LA_D_1622941,0,0.0002198146,0
LA_D_1628180,0,0.00023298743,0
LA_D_1667962,0,0.00042781507,0
LA_D_1719951,0,0.0007433089,0
LA_D_1725328,0,7.884871e-05,0
LA_D_1744737,0,0.0005770829,0
LA_D_1751782,0,0.00042363143,0
LA_D_1786331,0,0.00036310405,0
LA_D_1820743,0,0.00033768892,0
LA_D_1821879,0,0.000102879676,0
LA_D_1836171,0,0.00034565004,0
LA_D_1860197,0,0.00034482393,0
LA_D_1884569,0,0.0005625672,0
LA_D_1884725,0,0.00028643679,0
LA_D_1898947,0,0.00015037543,0
LA_D_1899277,0,0.00021382658,0
LA_D_1943271,0,0.00010281818,0
LA_D_1991616,0,0.0002726387,0
LA_D_2019341,0,0.0005305821,0
LA_D_2026758,0,0.00016005487,0
LA_D_2044181,0,0.00022078247,0
LA_D_2083098,0,0.0006636556,0
LA_D_2087690,0,0.0004075228,0
LA_D_2097438,0,0.00024411175,0
LA_D_2103892,0,0.00022380544,0
LA_D_2126341,0,0.00033136326,0
LA_D_2214692,0,0.00027659294,0
LA_D_2227757,0,0.00042156805,0
LA_D_2228121,0,0.00052123645,0
LA_D_2237572,0,0.0004078349,0
LA_D_2247282,0,0.00022772934,0
LA_D_2284017,0,0.0003030809,0
LA_D_2291890,0,0.0006779181,0
LA_D_2296372,0,0.00026026086,0
LA_D_2330702,0,0.0012029668,0
LA_D_2352643,0,0.000584621,0
LA_D_2375973,0,0.00014164738,0
LA_D_2403858,0,0.00019382709,0
LA_D_2409344,0,0.00032497046,0
LA_D_2410043,0,0.0001140633,0
LA_D_2464441,0,0.00013869973,0
LA_D_2541397,0,0.00036143116,0
LA_D_2542630,0,0.00034937647,0
LA_D_2579249,0,0.0002024118,0
LA_D_2583973,0,0.00020511285,0
LA_D_2600674,0,0.00033604045,0
LA_D_2622778,0,0.0004463981,0
LA_D_2642581,0,0.00020905663,0
LA_D_2651795,0,0.00052666955,0
LA_D_2652985,0,0.00023110244,0
LA_D_2680311,0,0.00042228235,0
LA_D_2696379,0,0.0003140278,0
LA_D_2717961,0,0.00018781569,0
LA_D_2723107,0,0.00056521536,0
LA_D_2753356,0,0.0006907653,0
LA_D_2792366,0,0.00015873653,0
LA_D_2811040,0,0.00056835345,0
LA_D_2856557,0,4.485646e-05,0
LA_D_2859163,0,0.00037105632,0
LA_D_2868410,0,0.00015795021,0
LA_D_2876938,0,0.0001234539,0
LA_D_2903458,0,0.00010313329,0
LA_D_2964886,0,0.0007161962,0
LA_D_2990184,0,0.00033758525,0
LA_D_2999196,0,0.00021047768,0
LA_D_2999262,0,0.0003828348,0
LA_D_3084288,0,6.300373e-05,0
LA_D_3090583,0,0.00027038503,0
LA_D_3092472,0,0.0003017946,0
LA_D_3092700,0,0.0002133289,0
LA_D_3130241,0,0.00035585754,0
LA_D_3135599,0,0.00022371518,0
LA_D_3135628,0,0.00017891653,0
LA_D_3140567,0,0.0004600269,0
LA_D_3171199,0,0.00061355554,0
LA_D_3231093,0,0.00042678256,0
LA_D_3239072,0,0.00023520624,0
LA_D_3243106,0,0.0002495647,0
LA_D_3292767,0,0.00031005664,0
LA_D_3336031,0,0.00095796003,0
LA_D_3354359,0,0.0001675858,0
LA_D_3374460,0,0.0008418478,0
LA_D_3430397,0,0.000295899,0
LA_D_3431472,0,0.00091870286,0
LA_D_3441965,0,0.0008469949,0
LA_D_3464373,0,0.00075458543,0
LA_D_3466785,0,0.00055701454,0
LA_D_3476552,0,0.00015790985,0
LA_D_3499835,0,0.00034011013,0
LA_D_3538356,0,0.0003829118,0
LA_D_3595174,0,0.0003196348,0
LA_D_3608947,0,0.00037434287,0
LA_D_3620817,0,0.00017297617,0
LA_D_3621540,0,0.00033045694,0
LA_D_3671059,0,0.00021343202,0
LA_D_3678117,0,0.00034809712,0
LA_D_3695649,0,0.00014998048,0
LA_D_3712860,0,0.00021213763,0
LA_D_3713729,0,0.00036859157,0
LA_D_3720476,0,0.00031061584,0
LA_D_3747854,0,0.00029351885,0
LA_D_3775896,0,0.00042223325,0
LA_D_3831306,0,0.0006514526,0
LA_D_3834961,0,0.0005134375,0
LA_D_3863318,0,0.00022571055,0
LA_D_3921050,0,0.00030264977,0
LA_D_3934729,0,0.00068674417,0
LA_D_3945922,0,0.00031319933,0
LA_D_3981689,0,0.0003337608,0
LA_D_3983088,0,7.6420205e-05,0
LA_D_4007368,0,0.0009130821,0
LA_D_4037520,0,0.0005435129,0
LA_D_4039301,0,0.00022074922,0
LA_D_4055045,0,0.00026072856,0
LA_D_4062551,0,0.00025797417,0
LA_D_4076908,0,0.0004820631,0
LA_D_4085373,0,0.00033304817,0
LA_D_4157572,0,0.00035657914,0
LA_D_4163754,0,0.00032380765,0
LA_D_4198326,0,0.00027078646,0
LA_D_4256004,0,0.00022345301,0
LA_D_4274981,0,0.00052067975,0
LA_D_4277712,0,0.00011442837,0
LA_D_4326060,0,0.000686224,0
LA_D_4357087,0,0.0003555869,0
LA_D_4360961,0,0.0002740593,0
LA_D_4386137,0,0.00050963816,0
LA_D_4411557,0,0.00050736836,0
LA_D_4453721,0,9.293212e-05,0
LA_D_4459933,0,0.0002491717,0
LA_D_4467119,0,0.00017428707,0
LA_D_4469400,0,0.00026596666,0
LA_D_4487776,0,0.000120261066,0
LA_D_4488391,0,0.0003499455,0
LA_D_4532710,0,0.00027238225,0
LA_D_4545053,0,0.00093491806,0
LA_D_4551946,0,0.0004101602,0
LA_D_4573944,0,0.00025479426,0
LA_D_4615442,0,0.00023380543,0
LA_D_4708202,0,0.0006077627,0
LA_D_4718837,0,0.00030965693,0
LA_D_4771311,0,0.0002661427,0
LA_D_4794184,0,0.00045286916,0
LA_D_4797304,0,0.000282069,0
LA_D_4797934,0,0.0002303213,0
LA_D_4798662,0,0.00045808576,0
LA_D_4825371,0,0.00027559607,0
LA_D_4825650,0,0.00055400556,0
LA_D_4830541,0,0.0001227091,0
LA_D_4830591,0,0.00059108326,0
LA_D_4857699,0,0.00019776006,0
LA_D_4860045,0,0.0013580485,0
LA_D_4874503,0,0.0005025288,0
LA_D_4964036,0,0.0001913118,0
LA_D_4983313,0,0.0004992421,0
LA_D_4984003,0,0.00025163934,0
LA_D_5018111,0,0.00043718852,0
LA_D_5018490,0,0.00057605695,0
LA_D_5026406,0,0.00023373256,0
LA_D_5060788,0,0.00021000521,0
LA_D_5064398,0,0.00038654899,0
LA_D_5095523,0,0.00024735995,0
LA_D_5119493,0,0.00016571723,0
LA_D_5151616,0,0.00016023213,0
LA_D_5156009,0,0.0001922154,0
LA_D_5179475,0,0.00042660072,0
LA_D_5188766,0,0.0009983316,0
LA_D_5242820,0,0.00042953427,0
LA_D_5262166,0,0.00033706817,0
LA_D_5287350,0,0.00023227787,0
LA_D_5292647,0,0.0005138277,0
LA_D_5329061,0,0.00012977293,0
LA_D_5360138,0,0.00022374891,0
LA_D_5416414,0,0.00025565736,0
LA_D_5427352,0,0.0014019556,0
LA_D_5441022,0,0.00036638166,0
LA_D_5476791,0,0.00027349291,0
LA_D_5496756,0,0.000121052966,0
LA_D_5503083,0,9.745439e-05,0
LA_D_5503291,0,0.00059920654,0
LA_D_5507926,0,0.00030251648,0
LA_D_5517898,0,0.00030333584,0
LA_D_5560002,0,0.00020079843,0
LA_D_5565973,0,0.00057762384,0
LA_D_5615493,0,0.0003432097,0
LA_D_5623022,0,0.0004464062,0
LA_D_5624531,0,0.00020585033,0
LA_D_5629796,0,0.00019574058,0
LA_D_5680161,0,0.00023327481,0
LA_D_5715212,0,0.00024932664,0
LA_D_5765277,0,0.00040641832,0
LA_D_5781241,0,0.000255075,0
LA_D_5800838,0,0.0001733384,0
LA_D_5804847,0,0.00017296527,0
LA_D_5820637,0,0.00028181632,0
LA_D_5841055,0,0.00029922812,0
LA_D_5874054,0,0.0005559416,0
LA_D_5888899,0,0.0006769381,0
LA_D_5894140,0,0.00025489507,0
LA_D_5898202,0,0.00035319422,0
LA_D_5924199,0,0.00013402746,0
LA_D_5931696,0,0.0002074811,0
LA_D_5936355,0,0.00038153736,0
LA_D_5937369,0,0.00034169125,0
LA_D_5944292,0,0.0005107387,0
LA_D_5960315,0,0.0003235071,0
LA_D_5973374,0,0.0003591293,0
LA_D_5991520,0,0.00032834,0
LA_D_6021341,0,0.00034007448,0
LA_D_6063219,0,0.0003518506,0
LA_D_6078000,0,0.0003547421,0
LA_D_6084402,0,0.00019145706,0
LA_D_6131696,0,0.00033288152,0
LA_D_6136274,0,0.00042812232,0
LA_D_6171581,0,0.0001736024,0
LA_D_6208485,0,0.00015641651,0
LA_D_6242242,0,0.00019818082,0
LA_D_6252325,0,0.0003084292,0
LA_D_6256706,0,0.00038113163,0
LA_D_6292396,0,0.00020025812,0
LA_D_6293563,0,0.00014394576,0
LA_D_6304781,0,0.00042444718,0
LA_D_6306641,0,0.00042745515,0
LA_D_6316737,0,0.0007169358,0
LA_D_6344509,0,0.00032007848,0
LA_D_6379274,0,0.00018573632,0
LA_D_6401440,0,0.0002164819,0
LA_D_6401633,0,0.0001963271,0
LA_D_6405665,0,0.00022103355,0
LA_D_6415971,0,0.00020061473,0
LA_D_6421601,0,0.0003017877,0
LA_D_6431120,0,0.00037575298,0
LA_D_6443383,0,0.0006489126,0
LA_D_6458836,0,0.0002876036,0
LA_D_6462998,0,9.254133e-05,0
LA_D_6477185,0,0.00010708742,0
LA_D_6487170,0,0.00035561438,0
LA_D_6520929,0,0.0007186644,0
LA_D_6567611,0,0.0001251413,0
LA_D_6575860,0,0.0002845673,0
LA_D_6599233,0,0.00021641898,0
LA_D_6600823,0,0.00032104363,0
LA_D_6613069,0,0.00013800476,0
LA_D_6650700,0,0.00021948286,0
LA_D_6662518,0,0.0001962285,0
LA_D_6678932,0,0.00018422389,0
LA_D_6682281,0,0.0008808232,0
LA_D_6704901,0,0.00030316526,0
LA_D_6763784,0,0.00021023037,0
LA_D_6851421,0,0.0004848567,0
LA_D_6925004,0,0.0004954826,0
LA_D_6937667,0,0.00016892845,0
LA_D_6945296,0,0.0005253189,0
LA_D_6946419,0,0.00037615906,0
LA_D_6949687,0,2.2948134e-05,0
LA_D_6975418,0,0.00027461984,0
LA_D_7009859,0,0.0006286498,0
LA_D_7038523,0,0.00028099082,0
LA_D_7039777,0,0.00034417366,0
LA_D_7169168,0,0.00053062505,0
LA_D_7172075,0,0.00087822357,0
LA_D_7196635,0,0.0005139286,0
LA_D_7200372,0,0.00045841865,0
LA_D_7212540,0,0.0004945309,0
LA_D_7218456,0,0.00052688195,0
LA_D_7225338,0,0.00030432155,0
LA_D_7262720,0,0.00033884824,0
LA_D_7274330,0,0.00029220936,0
LA_D_7286535,0,0.0006040501,0
LA_D_7342043,0,0.00013363315,0
LA_D_7362645,0,0.0002156593,0
LA_D_7380433,0,0.00015857223,0
LA_D_7380667,0,0.0004856111,0
LA_D_7398116,0,0.0006510206,0
LA_D_7478232,0,0.0002999376,0
LA_D_7510219,0,0.00037371312,0
LA_D_7558612,0,0.0002474975,0
LA_D_7567821,0,0.00021786573,0
LA_D_7571658,0,0.00023820737,0
LA_D_7581183,0,0.0002459846,0
LA_D_7604669,0,0.0001853526,0
LA_D_7664865,0,0.00055776787,0
LA_D_7680436,0,0.00022240916,0
LA_D_7684971,0,0.00015328532,0
LA_D_7692183,0,0.00052043615,0
LA_D_7711976,0,0.00046255265,0
LA_D_7736037,0,0.00022776211,0
LA_D_7736331,0,0.00043728107,0
LA_D_7772478,0,0.00022786921,0
LA_D_7775830,0,0.00027609814,0
LA_D_7805571,0,0.00022133767,0
LA_D_7858202,0,0.00023179535,0
LA_D_7888661,0,0.00016193168,0
LA_D_7893603,0,0.00069954316,0
LA_D_7931644,0,0.00013764821,0
LA_D_7950517,0,0.00026778772,0
LA_D_7953471,0,0.0003126179,0
LA_D_7957109,0,0.0006423809,0
LA_D_7965379,0,0.00016813862,0
LA_D_7967827,0,0.00018695825,0
LA_D_8035773,0,0.00038095802,0
LA_D_8045100,0,0.00025896632,0
LA_D_8047166,0,0.00041190386,0
LA_D_8102825,0,0.00021991061,0
LA_D_8120238,0,0.0003235395,0
LA_D_8149667,0,0.00023848006,0
LA_D_8161190,0,0.00024279098,0
LA_D_8161949,0,0.00052337773,0
LA_D_8169706,0,0.00016096521,0
LA_D_8187108,0,0.0006226695,0
LA_D_8197963,0,0.00040612937,0
LA_D_8283203,0,0.000341175,0
LA_D_8286094,0,0.00025152517,0
LA_D_8335083,0,0.0003316275,0
LA_D_8348784,0,0.00044047862,0
LA_D_8355334,0,0.00029502882,0
LA_D_8384015,0,0.00016736859,0
LA_D_8431362,0,0.0006939992,0
LA_D_8434051,0,9.689091e-05,0
LA_D_8439511,0,0.0003268967,0
LA_D_8447703,0,0.00012930429,0
LA_D_8453540,0,0.00042176296,0
LA_D_8480078,0,0.00015087423,0
LA_D_8482059,0,0.000371751,0
LA_D_8483290,0,0.00030962596,0
LA_D_8505020,0,0.0010241977,0
LA_D_8524530,0,0.00030619986,0
LA_D_8530524,0,0.0008102445,0
LA_D_8546655,0,0.00038393633,0
LA_D_8593660,0,0.00044295617,0
LA_D_8623253,0,0.00021396668,0
LA_D_8678171,0,0.00014485022,0
LA_D_8686912,0,0.0004949497,0
LA_D_8721312,0,0.000157139,0
LA_D_8729192,0,0.00021478612,0
LA_D_8750902,0,0.00019816418,0
LA_D_8788142,0,0.00017686246,0
LA_D_8813745,0,0.00057459396,0
LA_D_8842633,0,0.00031602176,0
LA_D_8858217,0,0.00027569357,0
LA_D_8868121,0,0.00045894374,0
LA_D_8868214,0,0.00022272556,0
LA_D_8878659,0,0.0006149207,0
LA_D_8895696,0,0.0009421109,0
LA_D_8914938,0,0.0005245259,0
LA_D_8918981,0,9.6720774e-05,0
LA_D_8930242,0,0.0003456827,0
LA_D_8965622,0,0.00032257455,0
LA_D_8983810,0,0.0005233433,0
LA_D_8991799,0,0.00020120897,0
LA_D_9013901,0,0.00022905551,0
LA_D_9045200,0,0.00045087954,0
LA_D_9073905,0,0.00042579704,0
LA_D_9075341,0,0.00046711334,0
LA_D_9091046,0,0.00052353885,0
LA_D_9122088,0,0.00034739464,0
LA_D_9138892,0,0.0006027705,0
LA_D_9159860,0,0.0006555726,0
LA_D_9173342,0,0.00039511916,0
LA_D_9178673,0,0.00021501008,0
LA_D_9193020,0,0.0006621822,0
LA_D_9199194,0,0.0004603634,0
LA_D_9238588,0,0.00024152345,0
LA_D_9289629,0,0.0002615841,0
LA_D_9356917,0,0.00028236985,0
LA_D_9384056,0,0.0009044175,0
LA_D_9399713,0,0.00030507336,0
LA_D_9430687,0,0.0002319492,0
LA_D_9470738,0,0.0012669861,0
LA_D_9582133,0,0.00010268355,0
LA_D_9600380,0,0.00011080532,0
LA_D_9621176,0,0.00037608805,0
LA_D_9646783,0,0.00048169147,0
LA_D_9687836,0,0.00032350895,0
LA_D_9697274,0,0.00012804054,0
LA_D_9701184,0,0.0004307599,0
LA_D_9715092,0,0.00049453747,0
LA_D_9736602,0,0.000106663654,0
LA_D_9745303,0,0.00026073548,0
LA_D_9747113,0,0.0002764021,0
LA_D_9819813,0,0.00028084137,0
LA_D_9841488,0,0.00024152898,0
LA_D_9885280,0,0.00031772832,0
LA_D_9936838,0,0.0005908676,0
LA_D_9955848,0,0.0005035544,0
LA_D_1000265,0,0.00024776594,0
LA_D_1017388,0,0.00014398117,0
LA_D_1062092,0,0.0007048519,0
LA_D_1089317,0,0.00027106417,0
LA_D_1089742,0,0.0002567718,0
LA_D_1110875,0,0.00023278735,0
LA_D_1139569,0,0.00029623968,0
LA_D_1173950,0,0.00020689734,0
LA_D_1192985,0,0.00064815854,0
LA_D_1235726,0,0.0003527917,0
LA_D_1249404,0,7.427543e-05,0
LA_D_1252946,0,0.00040013363,0
LA_D_1276192,0,0.0004162355,0
LA_D_1315668,0,0.00033234817,0
LA_D_1376639,0,0.00030731998,0
LA_D_1424867,0,0.00030551112,0
LA_D_1431489,0,0.00096365565,0
LA_D_1437476,0,7.476904e-05,0
LA_D_1455965,0,0.00050248037,0
LA_D_1472668,0,0.0003539496,0
LA_D_1477627,0,0.0005017438,0
LA_D_1558626,0,0.00014267,0
LA_D_1562319,0,0.0002396759,0
LA_D_1566401,0,0.00018367106,0
LA_D_1672560,0,0.0003405403,0
LA_D_1680789,0,0.0015760582,0
LA_D_1682212,0,0.0003053798,0
LA_D_1787311,0,0.00038511888,0
LA_D_1799699,0,0.0006139258,0
LA_D_1820129,0,0.00014562145,0
LA_D_1836990,0,0.00011576403,0
LA_D_1837020,0,0.00013219441,0
LA_D_1838611,0,0.00028225733,0
LA_D_1896171,0,0.00017412227,0
LA_D_1904585,0,0.00038851105,0
LA_D_1934501,0,0.00032206107,0
LA_D_1939545,0,0.00022408861,0
LA_D_1961118,0,0.00018395128,0
LA_D_1976616,0,0.0008654201,0
LA_D_1995371,0,0.0002076325,0
LA_D_2012659,0,2.9447705e-05,0
LA_D_2066237,0,0.0003449456,0
LA_D_2082122,0,0.0002688917,0
LA_D_2095979,0,0.000729618,0
LA_D_2105337,0,0.0011862456,0
LA_D_2118619,0,0.00039516625,0
LA_D_2121691,0,0.00032972998,0
LA_D_2178810,0,0.00022518195,0
LA_D_2186988,0,0.00034250235,0
LA_D_2226779,0,0.0002289507,0
LA_D_2238837,0,0.00021302786,0
LA_D_2247196,0,0.00025704026,0
LA_D_2293445,0,0.00013189601,0
LA_D_2293756,0,0.00075421156,0
LA_D_2312696,0,0.00016303026,0
LA_D_2314419,0,0.00037060629,0
LA_D_2317390,0,0.00014613,0
LA_D_2347763,0,0.00012238353,0
LA_D_2354675,0,0.0004688098,0
LA_D_2430844,0,0.0006810445,0
LA_D_2433669,0,0.00021713908,0
LA_D_2441277,0,0.00054219144,0
LA_D_2462646,0,0.00044408414,0
LA_D_2484556,0,0.0012487599,0
LA_D_2509640,0,0.00017833913,0
LA_D_2511835,0,0.0004148332,0
LA_D_2527097,0,0.00031858427,0
LA_D_2549498,0,0.0004864659,0
LA_D_2553000,0,0.00043039874,0
LA_D_2577860,0,0.0002214014,0
LA_D_2604115,0,0.00057346246,0
LA_D_2649427,0,0.00011652444,0
LA_D_2662277,0,0.0003378467,0
LA_D_2669822,0,0.00011397078,0
LA_D_2686791,0,0.00041428153,0
LA_D_2698391,0,0.00031732238,0
LA_D_2731107,0,0.00021812825,0
LA_D_2746814,0,0.0003735019,0
LA_D_2747335,0,0.00021774552,0
LA_D_2819058,0,0.00071877736,0
LA_D_2822128,0,0.00026486567,0
LA_D_2845768,0,0.00012120983,0
LA_D_2871146,0,0.00053892226,0
LA_D_2875404,0,0.0001017297,0
LA_D_2892987,0,0.00019523506,0
LA_D_2925360,0,7.563258e-05,0
LA_D_2945684,0,0.00013196394,0
LA_D_2955058,0,0.00036184175,0
LA_D_2978349,0,0.00052410155,0
LA_D_2985805,0,0.00046168573,0
LA_D_3063995,0,7.0411144e-05,0
LA_D_3068893,0,0.00039571285,0
LA_D_3069501,0,0.00024222222,0
LA_D_3086208,0,0.00018517188,0
LA_D_3116367,0,0.00026983087,0
LA_D_3135080,0,0.0006938094,0
LA_D_3146197,0,0.0005073456,0
LA_D_3149657,0,0.00019395593,0
LA_D_3191079,0,0.00014541775,0
LA_D_3203408,0,0.00019469763,0
LA_D_3215585,0,0.00038736832,0
LA_D_3227116,0,0.00036351278,0
LA_D_3256006,0,0.00018399268,0
LA_D_3286671,0,0.0005315839,0
LA_D_3287756,0,0.00089012913,0
LA_D_3302867,0,0.00012550758,0
LA_D_3311228,0,0.00020337384,0
LA_D_3329538,0,0.0012265099,0
LA_D_3334677,0,0.0005117011,0
LA_D_3365048,0,0.00032270004,0
LA_D_3393353,0,0.00021947156,0
LA_D_3409724,0,0.00025388392,0
LA_D_3428215,0,0.0003514517,0
LA_D_3444875,0,0.00040324524,0
LA_D_3445876,0,0.0006808362,0
LA_D_3515975,0,0.017240709,0
LA_D_3522924,0,0.00057644246,0
LA_D_3546314,0,0.000409662,0
LA_D_3566458,0,0.00012936522,0
LA_D_3600248,0,0.00021881735,0
LA_D_3607908,0,0.00020736817,0
LA_D_3616699,0,0.00031792285,0
LA_D_3661828,0,0.00016108927,0
LA_D_3727519,0,0.0007292225,0
LA_D_3761549,0,0.00017954869,0
LA_D_3763969,0,0.00028027885,0
LA_D_3778726,0,0.00041816238,0
LA_D_3779434,0,0.00019228048,0
LA_D_3801913,0,7.211832e-05,0
LA_D_3881998,0,0.00016101371,0
LA_D_3911980,0,0.0006341626,0
LA_D_3981652,0,2.6304155e-05,0
LA_D_4001985,0,0.0002098951,0
LA_D_4036471,0,0.00033009044,0
LA_D_4042906,0,0.00019534977,0
LA_D_4050508,0,0.00023606671,0
LA_D_4059440,0,0.00018768125,0
LA_D_4072285,0,0.00091235247,0
LA_D_4102706,0,0.00026889602,0
LA_D_4163122,0,0.00012391031,0
LA_D_4171487,0,0.00063523755,0
LA_D_4177111,0,0.0006126031,0
LA_D_4209404,0,0.0010836172,0
LA_D_4211767,0,0.00011141123,0
LA_D_4252508,0,0.00082273316,0
LA_D_4269073,0,0.00035556417,0
LA_D_4305782,0,0.0009965223,0
LA_D_4316242,0,0.00045305007,0
LA_D_4353068,0,0.00043799067,0
LA_D_4365990,0,0.0001478575,0
LA_D_4375021,0,0.00019112909,0
LA_D_4417694,0,0.00035538562,0
LA_D_4421447,0,0.00053319405,0
LA_D_4449349,0,0.0006412676,0
LA_D_4474092,0,0.00037020195,0
LA_D_4485460,0,0.00039435376,0
LA_D_4493718,0,0.00030289456,0
LA_D_4515855,0,0.0012082745,0
LA_D_4516967,0,0.0003232321,0
LA_D_4523584,0,0.00069140474,0
LA_D_4534941,0,0.00049873744,0
LA_D_4537765,0,0.00016699111,0
LA_D_4544332,0,1.6515729e-05,0
LA_D_4551508,0,0.00029166022,0
LA_D_4551677,0,0.0001952172,0
LA_D_4554231,0,0.00012838189,0
LA_D_4569757,0,0.00024632536,0
LA_D_4604403,0,0.0003550063,0
LA_D_4616369,0,0.00024253095,0
LA_D_4628903,0,0.00038981915,0
LA_D_4664946,0,0.00066757656,0
LA_D_4688316,0,0.0019506123,0
LA_D_4758475,0,0.00076235377,0
LA_D_4764995,0,0.00020289158,0
LA_D_4797424,0,0.00056389323,0
LA_D_4797539,0,0.0004615946,0
LA_D_4810275,0,0.0006179658,0
LA_D_4840046,0,0.00014861937,0
LA_D_4885731,0,0.0001063466,0
LA_D_4887957,0,0.0006313722,0
LA_D_4891771,0,0.00030250294,0
LA_D_4905165,0,0.00033723045,0
LA_D_4926358,0,0.00020615477,0
LA_D_4932502,0,6.502364e-05,0
LA_D_4977836,0,0.00023286263,0
LA_D_4995600,0,0.00029851377,0
LA_D_5000373,0,0.0011041673,0
LA_D_5091990,0,0.00014093709,0
LA_D_5095873,0,0.00018362884,0
LA_D_5150398,0,0.0012110365,0
LA_D_5163732,0,0.00050558493,0
LA_D_5163849,0,0.0003957985,0
LA_D_5174969,0,0.00022880753,0
LA_D_5257168,0,0.0017469691,0
LA_D_5261935,0,0.0005338241,0
LA_D_5267454,0,0.0005833463,0
LA_D_5287781,0,0.00032894503,0
LA_D_5302061,0,0.00049562193,0
LA_D_5310025,0,7.4227e-05,0
LA_D_5328028,0,0.00028130846,0
LA_D_5328763,0,0.00048517244,0
LA_D_5363745,0,0.00032911816,0
LA_D_5366966,0,0.00018903938,0
LA_D_5401010,0,0.00026706108,0
LA_D_5440307,0,0.00021275705,0
LA_D_5461007,0,0.0003061205,0
LA_D_5470929,0,0.00079646695,0
LA_D_5474141,0,0.00043813893,0
LA_D_5483224,0,0.00031966195,0
LA_D_5518682,0,0.00022138619,0
LA_D_5525496,0,0.00046712894,0
LA_D_5532565,0,0.00018504233,0
LA_D_5565989,0,1.9985031e-05,0
LA_D_5588322,0,0.00018637853,0
LA_D_5611954,0,0.00056725653,0
LA_D_5643426,0,0.00014171493,0
LA_D_5687206,0,0.00021253484,0
LA_D_5714289,0,0.00021194959,0
LA_D_5788841,0,0.00013197072,0
LA_D_5835325,0,0.00039113694,0
LA_D_5905925,0,0.0005031202,0
LA_D_5990940,0,0.0082244985,0
LA_D_6011425,0,0.00019825716,0
LA_D_6023280,0,0.00012566673,0
LA_D_6029082,0,0.00038592747,0
LA_D_6029194,0,0.0002108354,0
LA_D_6046766,0,0.00072682335,0
LA_D_6053775,0,0.0002885847,0
LA_D_6134312,0,0.00015466851,0
LA_D_6135037,0,0.00019487241,0
LA_D_6138779,0,0.00029280587,0
LA_D_6148611,0,0.0002653621,0
LA_D_6162938,0,0.00015640355,0
LA_D_6175279,0,0.00044574164,0
LA_D_6187202,0,0.00036900956,0
LA_D_6234137,0,0.00012734976,0
LA_D_6235547,0,0.00069254497,0
LA_D_6239034,0,0.0005374408,0
LA_D_6244535,0,0.00022373525,0
LA_D_6261139,0,0.0007736742,0
LA_D_6264594,0,0.0001241922,0
LA_D_6302406,0,0.0004462947,0
LA_D_6312072,0,0.00012846112,0
LA_D_6323745,0,0.00025578245,0
LA_D_6336346,0,0.00029567958,0
LA_D_6357321,0,0.00012942444,0
LA_D_6369721,0,0.0003793164,0
LA_D_6378325,0,0.00030627346,0
LA_D_6379147,0,0.00047008204,0
LA_D_6412670,0,0.0011196176,0
LA_D_6427095,0,0.00040060154,0
LA_D_6461848,0,0.00044288437,0
LA_D_6472736,0,4.8883976e-05,0
LA_D_6480332,0,0.00021487441,0
LA_D_6490598,0,0.00030522465,0
LA_D_6497836,0,0.00038381558,0
LA_D_6518387,0,0.00022498883,0
LA_D_6532700,0,0.00078325556,0
LA_D_6587975,0,0.0003422324,0
LA_D_6601716,0,0.00032236366,0
LA_D_6627504,0,0.0010094882,0
LA_D_6637053,0,0.0008277233,0
LA_D_6669288,0,0.00054779794,0
LA_D_6738104,0,0.00045457497,0
LA_D_6757727,0,0.00025534848,0
LA_D_6758674,0,0.00020171763,0
LA_D_6826932,0,0.0003790832,0
LA_D_6871318,0,0.00027086548,0
LA_D_6910629,0,0.0005201233,0
LA_D_6912549,0,0.00031090854,0
LA_D_6922693,0,0.0003938642,0
LA_D_6938340,0,0.0005137753,0
LA_D_7061454,0,7.64661e-06,0
LA_D_7061939,0,0.00010333461,0
LA_D_7073171,0,0.0005775402,0
LA_D_7111368,0,0.00017545039,0
LA_D_7115681,0,0.00032955615,0
LA_D_7118013,0,0.00020045355,0
LA_D_7121651,0,0.0002706907,0
LA_D_7125569,0,0.00046282433,0
LA_D_7131778,0,0.00012028389,0
LA_D_7152111,0,0.0006216638,0
LA_D_7171094,0,0.0013425715,0
LA_D_7186889,0,0.00013049913,0
LA_D_7232349,0,0.0006938134,0
LA_D_7235738,0,0.00029037672,0
LA_D_7248183,0,0.000354192,0
LA_D_7253234,0,0.00041327847,0
LA_D_7254994,0,0.00018122427,0
LA_D_7269807,0,0.0002883149,0
LA_D_7286561,0,0.00019582383,0
LA_D_7313938,0,0.0003685561,0
LA_D_7325516,0,0.00027253214,0
LA_D_7331720,0,0.00017639359,0
LA_D_7349370,0,0.0004135591,0
LA_D_7350444,0,0.0001813994,0
LA_D_7371430,0,0.00044545872,0
LA_D_7412720,0,0.00055817736,0
LA_D_7459580,0,0.00076791417,0
LA_D_7470861,0,0.00019908458,0
LA_D_7474045,0,0.0015542242,0
LA_D_7488791,0,0.00043125908,0
LA_D_7510623,0,8.612105e-05,0
LA_D_7542197,0,0.0002973957,0
LA_D_7556050,0,0.0006060281,0
LA_D_7560243,0,0.00015209957,0
LA_D_7623118,0,0.00018520595,0
LA_D_7654864,0,0.0006553971,0
LA_D_7666412,0,0.0035680314,0
LA_D_7682859,0,0.00018859253,0
LA_D_7694146,0,0.00019428815,0
LA_D_7702334,0,0.00020069546,0
LA_D_7753766,0,0.00053174706,0
LA_D_7760099,0,0.0005229982,0
LA_D_7774263,0,0.00046976484,0
LA_D_7774342,0,0.0003347643,0
LA_D_7777836,0,0.00047668582,0
LA_D_7789380,0,0.00022932251,0
LA_D_7819097,0,0.0003686801,0
LA_D_7824827,0,0.0008983728,0
LA_D_7873404,0,7.796421e-05,0
LA_D_7886919,0,0.0001246901,0
LA_D_7897770,0,0.0005483737,0
LA_D_7909419,0,0.00026132533,0
LA_D_7946884,0,0.00011886162,0
LA_D_7964759,0,0.00018227985,0
LA_D_7969951,0,0.0011835481,0
LA_D_8005407,0,0.00027568228,0
LA_D_8014513,0,0.00016457292,0
LA_D_8016454,0,0.0003499278,0
LA_D_8075338,0,0.00016992877,0
LA_D_8078636,0,0.00038298228,0
LA_D_8131341,0,0.00028613844,0
LA_D_8159620,0,0.00052673684,0
LA_D_8200723,0,0.0002324839,0
LA_D_8229545,0,0.00030982317,0
LA_D_8255047,0,0.00017290904,0
LA_D_8263768,0,0.0007197884,0
LA_D_8274284,0,0.00042817494,0
LA_D_8277539,0,0.00015184481,0
LA_D_8288906,0,0.0001575543,0
LA_D_8313652,0,0.0007359995,0
LA_D_8342458,0,0.00025111687,0
LA_D_8389175,0,0.0003839982,0
LA_D_8428885,0,0.00019336872,0
LA_D_8431371,0,0.0012797072,0
LA_D_8432132,0,0.0003733656,0
LA_D_8507748,0,0.00022613988,0
LA_D_8534487,0,0.001198383,0
LA_D_8538867,0,0.00019771914,0
LA_D_8546710,0,0.0002949827,0
LA_D_8631560,0,0.0004224064,0
LA_D_8652934,0,0.00051462906,0
LA_D_8680689,0,0.00012015206,0
LA_D_8704297,0,6.840545e-05,0
LA_D_8764691,0,0.00027875556,0
LA_D_8777124,0,0.00042188482,0
LA_D_8811442,0,0.00035568827,0
LA_D_8823303,0,0.00040887698,0
LA_D_8825681,0,0.0006504234,0
LA_D_8954015,0,0.00021073813,0
LA_D_8974324,0,0.00072874315,0
LA_D_8987065,0,0.00025944848,0
LA_D_9024538,0,0.00038077502,0
LA_D_9047749,0,0.0002906487,0
LA_D_9057925,0,0.0002808802,0
LA_D_9063908,0,0.00035887567,0
LA_D_9090521,0,0.00029956008,0
LA_D_9098890,0,0.00042130292,0
LA_D_9108542,0,0.00015995615,0
LA_D_9120579,0,0.00057548954,0
LA_D_9140799,0,0.0004226924,0
LA_D_9172868,0,0.00020414163,0
LA_D_9192908,0,0.00029710715,0
LA_D_9199016,0,0.00039562158,0
LA_D_9199774,0,0.00021587388,0
LA_D_9227483,0,0.00025318196,0
LA_D_9253719,0,0.00025800493,0
LA_D_9275127,0,0.00044416587,0
LA_D_9326600,0,0.0003162855,0
LA_D_9371325,0,0.0003470633,0
LA_D_9371594,0,0.00039308215,0
LA_D_9480700,0,0.00070835085,0
LA_D_9486780,0,0.0010268542,0
LA_D_9487464,0,0.00029751024,0
LA_D_9503559,0,0.0004683046,0
LA_D_9515636,0,0.000246428,0
LA_D_9526305,0,0.00023517148,0
LA_D_9533791,0,0.00033916044,0
LA_D_9539564,0,0.00016638808,0
LA_D_9562534,0,0.00017713943,0
LA_D_9565733,0,0.00032304882,0
LA_D_9607409,0,0.00014693732,0
LA_D_9630382,0,0.000550237,0
LA_D_9659541,0,0.00031033996,0
LA_D_9673463,0,0.0003802059,0
LA_D_9673567,0,0.00031625564,0
LA_D_9699186,0,0.00020974205,0
LA_D_9699780,0,0.00038080732,0
LA_D_9725667,0,0.0016896203,0
LA_D_9784809,0,0.0005056616,0
LA_D_9824026,0,0.00029463222,0
LA_D_9832683,0,0.00073061086,0
LA_D_9833484,0,0.0001914994,0
LA_D_9880841,0,0.00039405012,0
LA_D_9896645,0,0.00018922836,0
LA_D_9914542,0,0.0001230956,0
LA_D_9915172,0,0.00019927984,0
LA_D_9932427,0,0.0002781948,0
LA_D_9937324,0,0.0005676426,0
LA_D_9952740,0,0.00010797766,0
LA_D_9986371,0,0.00012027495,0
LA_D_9990640,0,0.00036298815,0
LA_D_9996160,0,0.00013452426,0
LA_D_1043824,0,0.00038410694,0
LA_D_1056844,0,0.00087526295,0
LA_D_1088314,0,0.00011163563,0
LA_D_1088929,0,0.00040581086,0
LA_D_1108768,0,0.0004073053,0
LA_D_1141118,0,0.00020753928,0
LA_D_1192749,0,0.00022617674,0
LA_D_1200542,0,0.0007789036,0
LA_D_1245233,0,0.00016340018,0
LA_D_1246251,0,0.00044094952,0
LA_D_1274207,0,0.00045157163,0
LA_D_1274554,0,0.0002457483,0
LA_D_1300135,0,0.00026792334,0
LA_D_1322656,0,0.00036523328,0
LA_D_1359304,0,0.00032889046,0
LA_D_1412931,0,0.00039354595,0
LA_D_1415728,0,0.00019715383,0
LA_D_1422129,0,0.00010758865,0
LA_D_1461462,0,0.0005734679,0
LA_D_1539089,0,0.00019559616,0
LA_D_1580841,0,0.00027429222,0
LA_D_1589222,0,0.00047062943,0
LA_D_1615516,0,0.0003331441,0
LA_D_1616093,0,0.0003326756,0
LA_D_1649885,0,0.00043471172,0
LA_D_1659955,0,0.0002187456,0
LA_D_1673360,0,0.00022671392,0
LA_D_1731771,0,0.00015539568,0
LA_D_1733253,0,0.00038795776,0
LA_D_1798838,0,0.00011887069,0
LA_D_1816644,0,0.00025727932,0
LA_D_1831145,0,0.00018015267,0
LA_D_1834815,0,0.00010886213,0
LA_D_1854905,0,0.00033118922,0
LA_D_1877966,0,0.00024366318,0
LA_D_1879539,0,0.002974266,0
LA_D_1885226,0,0.00013816434,0
LA_D_1920639,0,0.00021809852,0
LA_D_1927087,0,0.00020804489,0
LA_D_1934985,0,0.0007517382,0
LA_D_1965512,0,0.00017549672,0
LA_D_1985217,0,0.00039322829,0
LA_D_2074154,0,0.00045340872,0
LA_D_2121556,0,0.000871489,0
LA_D_2135966,0,0.00010820825,0
LA_D_2141097,0,0.0002453054,0
LA_D_2201205,0,0.00036340227,0
LA_D_2216664,0,0.0005878253,0
LA_D_2298248,0,0.0003505021,0
LA_D_2341646,0,0.0002362054,0
LA_D_2376428,0,0.00018153194,0
LA_D_2393554,0,0.00012730838,0
LA_D_2425743,0,5.8716385e-05,0
LA_D_2461601,0,0.00036482755,0
LA_D_2467700,0,0.00046880083,0
LA_D_2475830,0,0.0003582887,0
LA_D_2525110,0,0.00026161052,0
LA_D_2533846,0,0.00026319266,0
LA_D_2564083,0,6.4550884e-05,0
LA_D_2566965,0,0.0004715154,0
LA_D_2644554,0,0.00024510457,0
LA_D_2676220,0,0.00018028893,0
LA_D_2685703,0,0.00042934308,0
LA_D_2707454,0,0.00011627583,0
LA_D_2708011,0,0.0005389397,0
LA_D_2734913,0,0.0011339956,0
LA_D_2796669,0,0.00035618234,0
LA_D_2896219,0,0.0001564383,0
LA_D_2950820,0,0.00040065043,0
LA_D_2962430,0,0.00019910792,0
LA_D_2983401,0,0.00083700614,0
LA_D_2998083,0,0.00030166918,0
LA_D_3004782,0,0.00016264658,0
LA_D_3048061,0,0.00015148878,0
LA_D_3088084,0,9.608005e-05,0
LA_D_3113314,0,9.377621e-05,0
LA_D_3117655,0,0.0001191803,0
LA_D_3150574,0,0.00051533745,0
LA_D_3179337,0,0.00028844774,0
LA_D_3195295,0,0.0002516619,0
LA_D_3258000,0,0.0002997212,0
LA_D_3333324,0,0.00027704347,0
LA_D_3350240,0,0.00014883053,0
LA_D_3538677,0,0.0002984415,0
LA_D_3553429,0,0.0005888666,0
LA_D_3555076,0,0.0007265083,0
LA_D_3621506,0,0.00022595451,0
LA_D_3639895,0,9.0165355e-05,0
LA_D_3649862,0,0.00019433133,0
LA_D_3673082,0,0.00015869476,0
LA_D_3674534,0,0.0001918022,0
LA_D_3675542,0,0.0008623284,0
LA_D_3775817,0,0.0007400435,0
LA_D_3777433,0,0.0003093651,0
LA_D_3828893,0,0.00080366456,0
LA_D_3855845,0,0.0004620419,0
LA_D_3871798,0,0.0005262827,0
LA_D_3912485,0,0.0002441725,0
LA_D_3931582,0,9.6549935e-05,0
LA_D_3969544,0,0.00019181718,0
LA_D_3979729,0,0.00020881458,0
LA_D_4042958,0,0.00044262607,0
LA_D_4096026,0,0.0014882485,0
LA_D_4103125,0,0.0002984782,0
LA_D_4116714,0,0.008855068,0
LA_D_4191537,0,0.00035022653,0
LA_D_4191826,0,0.00023206402,0
LA_D_4204191,0,0.00034064584,0
LA_D_4205821,0,0.0005794651,0
LA_D_4206329,0,0.00020433794,0
LA_D_4253070,0,0.0013397576,0
LA_D_4259794,0,0.00031411706,0
LA_D_4262940,0,0.00022935489,0
LA_D_4266524,0,0.0011343295,0
LA_D_4302254,0,0.00012933512,0
LA_D_4333326,0,6.42243e-05,0
LA_D_4373860,0,8.33666e-05,0
LA_D_4394399,0,6.722885e-05,0
LA_D_4402495,0,0.00019053518,0
LA_D_4407872,0,7.289867e-05,0
LA_D_4504946,0,0.00019253053,0
LA_D_4510369,0,0.0002480179,0
LA_D_4552742,0,0.0037399712,0
LA_D_4590771,0,0.00023431136,0
LA_D_4598678,0,0.00026124288,0
LA_D_4611322,0,0.00072274404,0
LA_D_4627714,0,0.00013853492,0
LA_D_4669726,0,0.000228825,0
LA_D_4681179,0,0.0003195169,0
LA_D_4708806,0,0.00015406664,0
LA_D_4713595,0,0.00019577939,0
LA_D_4764117,0,0.00021511754,0
LA_D_4765823,0,0.00028501233,0
LA_D_4843399,0,0.00021854835,0
LA_D_4888907,0,0.00032342074,0
LA_D_4896823,0,0.0001813913,0
LA_D_4927828,0,0.0007970417,0
LA_D_4944706,0,0.00032271544,0
LA_D_4995679,0,0.00067589566,0
LA_D_4996496,0,0.00027189657,0
LA_D_5018816,0,0.00030380703,0
LA_D_5092434,0,0.0001997436,0
LA_D_5109502,0,0.0002568771,0
LA_D_5163083,0,0.0001046087,0
LA_D_5228503,0,0.00052247307,0
LA_D_5239525,0,5.5054716e-05,0
LA_D_5246094,0,0.00034604536,0
LA_D_5269386,0,0.00070400396,0
LA_D_5318221,0,0.00012646263,0
LA_D_5350529,0,1.8968622e-05,0
LA_D_5402017,0,0.00024547827,0
LA_D_5426906,0,0.0004076763,0
LA_D_5432736,0,0.0005508888,0
LA_D_5453346,0,9.155919e-05,0
LA_D_5462805,0,0.0002534561,0
LA_D_5490168,0,0.0001103836,0
LA_D_5592383,0,0.00021306766,0
LA_D_5593819,0,0.0009181804,0
LA_D_5621900,0,0.00032175018,0
LA_D_5639584,0,0.0010405574,0
LA_D_5642763,0,0.0001715699,0
LA_D_5662897,0,0.0019553113,0
LA_D_5691372,0,0.00015251638,0
LA_D_5733338,0,6.276057e-05,0
LA_D_5765155,0,0.00023508965,0
LA_D_5814298,0,0.0006977049,0
LA_D_5866992,0,0.00019022169,0
LA_D_5867393,0,0.00014438345,0
LA_D_5871349,0,6.972374e-05,0
LA_D_5897721,0,8.516926e-05,0
LA_D_5927325,0,0.00025957343,0
LA_D_6004959,0,0.00011018231,0
LA_D_6017131,0,0.00052392326,0
LA_D_6022964,0,0.00069042435,0
LA_D_6028528,0,5.187582e-05,0
LA_D_6055459,0,0.00048516924,0
LA_D_6056258,0,0.00023464693,0
LA_D_6237040,0,0.00025099647,0
LA_D_6246305,0,0.00043886752,0
LA_D_6331537,0,0.00047882117,0
LA_D_6339525,0,5.8550875e-05,0
LA_D_6367650,0,0.00070514006,0
LA_D_6371255,0,5.2215557e-05,0
LA_D_6414092,0,0.00010400366,0
LA_D_6422582,0,0.00017784534,0
LA_D_6424715,0,0.00035265487,0
LA_D_6452637,0,0.00023936965,0
LA_D_6553554,0,0.0003825619,0
LA_D_6577158,0,0.00036911515,0
LA_D_6634201,0,0.00041449483,0
LA_D_6692967,0,0.0001708029,0
LA_D_6699665,0,4.3847416e-05,0
LA_D_6757990,0,0.0005533733,0
LA_D_6788465,0,0.000270636,0
LA_D_6837161,0,6.325079e-05,0
LA_D_6863055,0,0.00040156548,0
LA_D_6877026,0,0.00013979753,0
LA_D_6895177,0,0.0029081244,0
LA_D_6904064,0,0.00040926188,0
LA_D_7041661,0,0.00025662105,0
LA_D_7045415,0,0.00012988164,0
LA_D_7166738,0,0.00020363112,0
LA_D_7167134,0,0.0001742063,0
LA_D_7176031,0,0.00047926552,0
LA_D_7182532,0,0.00022507807,0
LA_D_7249074,0,4.9516624e-05,0
LA_D_7254011,0,0.00014835021,0
LA_D_7261537,0,0.00012036042,0
LA_D_7282044,0,0.00016888384,0
LA_D_7382039,0,0.0004124413,0
LA_D_7479581,0,0.00047455812,0
LA_D_7509263,0,0.00016652713,0
LA_D_7520400,0,0.00044800265,0
LA_D_7526293,0,0.00012876562,0
LA_D_7603558,0,0.00046504082,0
LA_D_7645542,0,0.00034236786,0
LA_D_7690544,0,0.00026088668,0
LA_D_7721167,0,0.00013586755,0
LA_D_7768286,0,0.00061194773,0
LA_D_7775067,0,0.0002105132,0
LA_D_7784356,0,0.00032530556,0
LA_D_7896930,0,0.0012163775,0
LA_D_7930498,0,0.0003242568,0
LA_D_7948287,0,8.702692e-05,0
LA_D_7959836,0,0.00035098355,0
LA_D_7963921,0,0.0001836073,0
LA_D_7969154,0,0.0004979712,0
LA_D_7981282,0,0.0019225522,0
LA_D_7991093,0,0.00028998163,0
LA_D_8029513,0,0.00010763123,0
LA_D_8055923,0,0.0002450992,0
LA_D_8089053,0,0.0003478563,0
LA_D_8100525,0,0.00012075841,0
LA_D_8108711,0,0.00016352098,0
LA_D_8173750,0,0.0003485571,0
LA_D_8176963,0,0.0004630635,0
LA_D_8181591,0,0.0008457603,0
LA_D_8192015,0,0.00044424165,0
LA_D_8231246,0,8.7888846e-05,0
LA_D_8261853,0,0.00024594777,0
LA_D_8316696,0,0.0004830783,0
LA_D_8320443,0,0.000101614234,0
LA_D_8322509,0,0.0004407403,0
LA_D_8322984,0,0.00029289772,0
LA_D_8336903,0,0.00012899298,0
LA_D_8446758,0,0.00013264218,0
LA_D_8458426,0,0.00012300174,0
LA_D_8465272,0,8.504704e-05,0
LA_D_8524503,0,0.0007609429,0
LA_D_8531203,0,0.00042372922,0
LA_D_8560313,0,0.000118634925,0
LA_D_8613483,0,0.00026166587,0
LA_D_8624407,0,0.00021444625,0
LA_D_8653066,0,0.00065135886,0
LA_D_8704593,0,0.0025039227,0
LA_D_8712202,0,0.000112679016,0
LA_D_8716948,0,0.00022320324,0
LA_D_8732956,0,0.00020231436,0
LA_D_8766024,0,0.0008471378,0
LA_D_8772966,0,0.000315575,0
LA_D_8788165,0,0.00013616144,0
LA_D_8794217,0,0.00029964576,0
LA_D_8795367,0,9.5335876e-05,0
LA_D_8800518,0,0.0010041064,0
LA_D_8824981,0,0.0004397578,0
LA_D_8840072,0,6.07826e-05,0
LA_D_8861570,0,0.000114607006,0
LA_D_8875680,0,0.0003103571,0
LA_D_8881354,0,0.002487009,0
LA_D_8910316,0,0.00023665487,0
LA_D_8961138,0,0.0001174752,0
LA_D_8975234,0,0.048380103,0
LA_D_8998984,0,0.00015572022,0
LA_D_9011396,0,0.00015020747,0
LA_D_9030143,0,0.00045011428,0
LA_D_9058027,0,0.00025046503,0
LA_D_9111429,0,0.00017104736,0
LA_D_9122497,0,0.0005526791,0
LA_D_9180251,0,0.00037469986,0
LA_D_9237935,0,0.00050416344,0
LA_D_9241230,0,0.0002068871,0
LA_D_9242112,0,0.0010079901,0
LA_D_9244255,0,0.00013031943,0
LA_D_9305654,0,0.00067345233,0
LA_D_9335272,0,0.00012817541,0
LA_D_9354813,0,0.00057883636,0
LA_D_9383850,0,0.0009598759,0
LA_D_9401339,0,0.000474559,0
LA_D_9406043,0,0.0003162255,0
LA_D_9430378,0,0.00019405971,0
LA_D_9440328,0,0.00026506928,0
LA_D_9455279,0,0.00019314024,0
LA_D_9477633,0,0.00033195867,0
LA_D_9489571,0,0.00016439507,0
LA_D_9588984,0,0.00044932895,0
LA_D_9633618,0,0.0005165664,0
LA_D_9676279,0,0.00020517077,0
LA_D_9685224,0,0.00015929816,0
LA_D_9695805,0,0.00028958378,0
LA_D_9710580,0,0.0002291542,0
LA_D_9731844,0,0.0007832048,0
LA_D_9748213,0,0.00024044863,0
LA_D_9806222,0,0.00013058713,0
LA_D_9821371,0,0.00039022256,0
LA_D_9860564,0,0.00033576664,0
LA_D_9864384,0,9.215272e-05,0
LA_D_9953809,0,6.920824e-05,0
LA_D_9963628,0,0.00019503897,0
LA_D_1039139,0,0.000625892,0
LA_D_1048347,0,0.0008141669,0
LA_D_1073972,0,0.00026154594,0
LA_D_1086287,0,0.00016611401,0
LA_D_1140647,0,0.00041855124,0
LA_D_1147199,0,0.00019256724,0
LA_D_1221886,0,0.00016093129,0
LA_D_1221909,0,0.00032066702,0
LA_D_1239313,0,0.00033530535,0
LA_D_1242151,0,0.00018312126,0
LA_D_1251337,0,0.0004918667,0
LA_D_1285074,0,0.00037530583,0
LA_D_1288236,0,0.00027521036,0
LA_D_1309241,0,0.00024584695,0
LA_D_1345967,0,0.00021500805,0
LA_D_1381057,0,0.0002880506,0
LA_D_1388176,0,0.00031546308,0
LA_D_1408615,0,0.00082574284,0
LA_D_1431732,0,0.0001767549,0
LA_D_1463387,0,0.00029413265,0
LA_D_1482457,0,0.0002678245,0
LA_D_1536794,0,0.00022412022,0
LA_D_1539801,0,0.0006040386,0
LA_D_1544370,0,0.00023740044,0
LA_D_1597981,0,0.00047700305,0
LA_D_1603998,0,0.00019557007,0
LA_D_1611876,0,0.00033696275,0
LA_D_1620917,0,0.0004135295,0
LA_D_1625190,0,0.00012501882,0
LA_D_1704825,0,0.00023067248,0
LA_D_1711648,0,0.00033837018,0
LA_D_1714107,0,0.00018644803,0
LA_D_1783314,0,0.00048575967,0
LA_D_1784577,0,0.00035590163,0
LA_D_1832625,0,0.0006302426,0
LA_D_1851098,0,0.00057295663,0
LA_D_1856840,0,0.00015617553,0
LA_D_1873253,0,0.0003143651,0
LA_D_1997028,0,0.00018968846,0
LA_D_2005741,0,0.00025329253,0
LA_D_2017424,0,0.00030596234,0
LA_D_2027962,0,0.0006190936,0
LA_D_2123023,0,0.00017691508,0
LA_D_2142945,0,0.0002075464,0
LA_D_2172486,0,0.00022085154,0
LA_D_2188345,0,0.0001388114,0
LA_D_2198817,0,0.0001756655,0
LA_D_2201640,0,0.00019592188,0
LA_D_2252538,0,0.00027137963,0
LA_D_2288713,0,0.00016939733,0
LA_D_2291346,0,0.00056669774,0
LA_D_2323727,0,0.00018838924,0
LA_D_2362639,0,0.0007173486,0
LA_D_2386679,0,0.00029804852,0
LA_D_2391531,0,0.00019528123,0
LA_D_2417545,0,0.00058736216,0
LA_D_2436190,0,0.00077569846,0
LA_D_2485889,0,0.00048075806,0
LA_D_2545382,0,0.00048406332,0
LA_D_2599187,0,0.00025350295,0
LA_D_2614736,0,0.00030186478,0
LA_D_2649373,0,0.00071074185,0
LA_D_2655792,0,0.00034849794,0
LA_D_2754048,0,0.00052142725,0
LA_D_2754891,0,0.00030930524,0
LA_D_2761884,0,0.00023274164,0
LA_D_2857417,0,0.0046947766,0
LA_D_2872153,0,0.0002888688,0
LA_D_2874608,0,0.00017219942,0
LA_D_2877559,0,0.0001699756,0
LA_D_2901378,0,0.00034595004,0
LA_D_2916363,0,0.0002423927,0
LA_D_2930227,0,0.00022823799,0
LA_D_2931921,0,0.00014483434,0
LA_D_2993177,0,0.0001639855,0
LA_D_3004388,0,0.00013743168,0
LA_D_3048603,0,0.0004170199,0
LA_D_3055190,0,0.00032956182,0
LA_D_3065329,0,0.00016421803,0
LA_D_3099702,0,0.0002338023,0
LA_D_3099765,0,0.0013680023,0
LA_D_3109115,0,0.00019840959,0
LA_D_3124979,0,0.00027029714,0
LA_D_3131698,0,0.00075825513,0
LA_D_3201304,0,0.00021378418,0
LA_D_3202961,0,0.0003437877,0
LA_D_3282353,0,0.0003110737,0
LA_D_3288700,0,0.00039163613,0
LA_D_3290536,0,0.00044746912,0
LA_D_3321895,0,0.00022873795,0
LA_D_3325754,0,0.00027041804,0
LA_D_3362112,0,0.00029567536,0
LA_D_3388522,0,0.00025767725,0
LA_D_3392719,0,0.00035800773,0
LA_D_3406031,0,0.00029541837,0
LA_D_3440162,0,0.00027575615,0
LA_D_3466044,0,0.0010574593,0
LA_D_3487752,0,0.00018471251,0
LA_D_3527928,0,0.00026940388,0
LA_D_3528626,0,0.00040098742,0
LA_D_3560287,0,0.00012455689,0
LA_D_3571998,0,0.00019048505,0
LA_D_3588236,0,0.00049663347,0
LA_D_3591268,0,0.0003725748,0
LA_D_3592558,0,0.00032128306,0
LA_D_3598874,0,0.00042684315,0
LA_D_3609350,0,0.00019152187,0
LA_D_3620195,0,0.0002561588,0
LA_D_3685537,0,0.00031231853,0
LA_D_3701395,0,0.017170528,0
LA_D_3766418,0,0.00016631052,0
LA_D_3776986,0,0.00034275875,0
LA_D_3802428,0,0.00018545831,0
LA_D_3836323,0,0.00068512565,0
LA_D_3842769,0,0.00031649484,0
LA_D_3905640,0,0.00039724965,0
LA_D_3913619,0,0.0003812512,0
LA_D_3913963,0,0.0009700273,0
LA_D_3939556,0,0.00022919837,0
LA_D_3944698,0,0.00038971548,0
LA_D_3961777,0,0.00020779233,0
LA_D_3962756,0,0.00074276084,0
LA_D_3968374,0,0.00031646766,0
LA_D_3978838,0,0.00019803687,0
LA_D_3983408,0,0.00053399405,0
LA_D_3992187,0,0.00029100056,0
LA_D_3993716,0,0.00039881142,0
LA_D_4048492,0,9.7696306e-05,0
LA_D_4072384,0,0.00015366697,0
LA_D_4119433,0,0.0005143986,0
LA_D_4140334,0,0.00028664112,0
LA_D_4164321,0,0.00015986148,0
LA_D_4169471,0,0.00042595054,0
LA_D_4176806,0,0.0006740399,0
LA_D_4183043,0,0.00032208502,0
LA_D_4198345,0,0.00025725528,0
LA_D_4210361,0,0.0002724929,0
LA_D_4214532,0,0.00015956907,0
LA_D_4230768,0,0.0002358188,0
LA_D_4238241,0,0.00016480626,0
LA_D_4255447,0,0.0002871723,0
LA_D_4282121,0,0.0006147256,0
LA_D_4296919,0,0.0006117151,0
LA_D_4320168,0,0.00055391097,0
LA_D_4341923,0,0.00019073093,0
LA_D_4407489,0,0.00030029094,0
LA_D_4410974,0,0.00013757263,0
LA_D_4432822,0,0.00028977107,0
LA_D_4495766,0,0.00016700815,0
LA_D_4521523,0,0.00029586966,0
LA_D_4534583,0,0.00014810359,0
LA_D_4542167,0,0.00025313415,0
LA_D_4575352,0,0.00021575268,0
LA_D_4579048,0,0.0008821712,0
LA_D_4609177,0,0.0002568629,0
LA_D_4609622,0,0.00032416283,0
LA_D_4610333,0,0.0004934032,0
LA_D_4615434,0,0.00019000616,0
LA_D_4638796,0,0.00025818113,0
LA_D_4641933,0,0.00012964195,0
LA_D_4654330,0,0.0021660826,0
LA_D_4657107,0,0.00027752726,0
LA_D_4673595,0,0.00018522379,0
LA_D_4675553,0,0.00023413451,0
LA_D_4686032,0,0.00019846747,0
LA_D_4686386,0,0.00031595276,0
LA_D_4722400,0,8.018628e-05,0
LA_D_4733662,0,0.00026065696,0
LA_D_4758309,0,0.00073043065,0
LA_D_4774815,0,0.0005272618,0
LA_D_4782016,0,0.00018165869,0
LA_D_4836375,0,0.00032813285,0
LA_D_4889508,0,0.00014117382,0
LA_D_4920577,0,0.0005448049,0
LA_D_4994551,0,0.00020078923,0
LA_D_5006461,0,0.00026947403,0
LA_D_5071327,0,0.0011859959,0
LA_D_5128130,0,0.00038532307,0
LA_D_5157134,0,0.0003320596,0
LA_D_5170078,0,0.0007991787,0
LA_D_5182485,0,0.000117579664,0
LA_D_5191983,0,0.0004516556,0
LA_D_5194315,0,0.00043088803,0
LA_D_5198994,0,0.00043998804,0
LA_D_5204212,0,0.00034560723,0
LA_D_5233163,0,0.00033086797,0
LA_D_5242024,0,0.00032208778,0
LA_D_5259188,0,0.00020561277,0
LA_D_5260119,0,0.00030980608,0
LA_D_5264556,0,0.00022028414,0
LA_D_5277511,0,0.0008385781,0
LA_D_5318067,0,0.00023873874,0
LA_D_5320783,0,0.00021254031,0
LA_D_5337117,0,0.00026959323,0
LA_D_5343311,0,0.00023413493,0
LA_D_5347974,0,0.0002460742,0
LA_D_5356184,0,0.0004932179,0
LA_D_5398124,0,0.00034805798,0
LA_D_5421873,0,0.00023875627,0
LA_D_5425041,0,0.00015786018,0
LA_D_5434356,0,0.00018665403,0
LA_D_5440849,0,6.999287e-05,0
LA_D_5485420,0,0.0009553404,0
LA_D_5485641,0,0.0009774426,0
LA_D_5494239,0,0.00036036462,0
LA_D_5504869,0,0.00023109758,0
LA_D_5507640,0,0.00037971727,0
LA_D_5520997,0,0.00029694237,0
LA_D_5525698,0,0.00044737873,0
LA_D_5527718,0,0.0004786181,0
LA_D_5529420,0,0.00039454852,0
LA_D_5567164,0,0.00061792874,0
LA_D_5613254,0,0.0003833903,0
LA_D_5647507,0,0.00015252744,0
LA_D_5658035,0,0.00024608264,0
LA_D_5693315,0,0.0003461711,0
LA_D_5707973,0,0.00096861704,0
LA_D_5739561,0,0.00014413927,0
LA_D_5814082,0,0.0001196652,0
LA_D_5835729,0,0.00023692219,0
LA_D_5852175,0,0.00041358705,0
LA_D_5858599,0,0.00019521515,0
LA_D_5894538,0,0.00033318505,0
LA_D_5899353,0,0.0002234903,0
LA_D_5905495,0,0.00046988358,0
LA_D_5917788,0,0.00028994292,0
LA_D_5918913,0,0.00039819337,0
LA_D_5921381,0,0.00022812486,0
LA_D_5933472,0,0.00014842465,0
LA_D_5962669,0,0.00023358464,0
LA_D_6027288,0,0.00044218835,0
LA_D_6038110,0,0.00023136103,0
LA_D_6065472,0,0.0001148085,0
LA_D_6074404,0,0.0005114368,0
LA_D_6116156,0,0.00054587,0
LA_D_6122657,0,0.00047277825,0
LA_D_6132835,0,0.00018889054,0
LA_D_6232550,0,0.0002798097,0
LA_D_6257881,0,5.910164e-05,0
LA_D_6261315,0,0.00053982914,0
LA_D_6296466,0,0.00052974175,0
LA_D_6354261,0,9.270234e-05,0
LA_D_6380154,0,0.00013747335,0
LA_D_6426863,0,0.0006948522,0
LA_D_6426887,0,0.000118298296,0
LA_D_6503636,0,0.00030416492,0
LA_D_6537993,0,0.00021867905,0
LA_D_6573047,0,0.0010923055,0
LA_D_6589288,0,0.00046970526,0
LA_D_6626704,0,0.00045793032,0
LA_D_6640884,0,7.1082206e-05,0
LA_D_6655218,0,0.0003874396,0
LA_D_6658491,0,0.00024745904,0
LA_D_6668678,0,0.00031307005,0
LA_D_6681088,0,0.0014948515,0
LA_D_6710896,0,0.00022262067,0
LA_D_6715399,0,0.0001349162,0
LA_D_6721387,0,0.00020996995,0
LA_D_6735934,0,0.00029949954,0
LA_D_6739692,0,0.00065360375,0
LA_D_6761573,0,0.0002845239,0
LA_D_6836932,0,0.00051491515,0
LA_D_6844665,0,0.0004186354,0
LA_D_6850823,0,0.0006374573,0
LA_D_6886899,0,0.0003551431,0
LA_D_6913182,0,0.00057525694,0
LA_D_6943890,0,0.00018330994,0
LA_D_6952051,0,0.00027057563,0
LA_D_6984478,0,6.892056e-05,0
LA_D_7001993,0,0.0002553704,0
LA_D_7027043,0,0.00012928505,0
LA_D_7032136,0,0.00047265165,0
LA_D_7038850,0,0.00027121228,0
LA_D_7042766,0,0.00038019396,0
LA_D_7042962,0,0.00038369666,0
LA_D_7059979,0,0.00048814926,0
LA_D_7068087,0,0.00022951873,0
LA_D_7093402,0,0.00032690074,0
LA_D_7116488,0,0.00033727224,0
LA_D_7120234,0,0.00018540032,0
LA_D_7167976,0,0.000386497,0
LA_D_7191777,0,0.00037186546,0
LA_D_7223220,0,0.00020862493,0
LA_D_7236647,0,0.00042045276,0
LA_D_7239373,0,0.0009798518,0
LA_D_7263077,0,0.00020976005,0
LA_D_7279307,0,0.0001692304,0
LA_D_7286303,0,0.00026561067,0
LA_D_7294510,0,0.00036801258,0
LA_D_7299134,0,0.00027541877,0
LA_D_7306327,0,0.00032863283,0
LA_D_7309140,0,0.00018123622,0
LA_D_7315445,0,0.0005209459,0
LA_D_7350586,0,0.00016332089,0
LA_D_7373868,0,0.00021805923,0
LA_D_7374243,0,0.0003204745,0
LA_D_7415677,0,0.00060459785,0
LA_D_7432070,0,0.000100856145,0
LA_D_7445190,0,0.0007549616,0
LA_D_7529026,0,0.0004249642,0
LA_D_7542467,0,0.00015222727,0
LA_D_7552264,0,0.00027669317,0
LA_D_7572613,0,0.00012169601,0
LA_D_7574385,0,0.00048213158,0
LA_D_7582835,0,0.00047529017,0
LA_D_7584092,0,0.00032427782,0
LA_D_7586206,0,0.0003799501,0
LA_D_7588186,0,0.0005005983,0
LA_D_7600602,0,0.0009052012,0
LA_D_7615544,0,0.00046909187,0
LA_D_7691445,0,0.00020513634,0
LA_D_7695039,0,0.00023500585,0
LA_D_7695465,0,0.00010707966,0
LA_D_7701169,0,0.0006657759,0
LA_D_7713348,0,0.00025226007,0
LA_D_7748377,0,0.00048603112,0
LA_D_7749562,0,0.00025142447,0
LA_D_7775951,0,0.00017372858,0
LA_D_7825964,0,0.00021930652,0
LA_D_7829594,0,0.00063509954,0
LA_D_7832933,0,0.0004292064,0
LA_D_7834222,0,0.00032886383,0
LA_D_7843002,0,0.00011936183,0
LA_D_7844644,0,0.00023458406,0
LA_D_7848357,0,0.00015130255,0
LA_D_7961484,0,0.00024526563,0
LA_D_7977738,0,0.00023885396,0
LA_D_8007626,0,0.00020044167,0
LA_D_8023041,0,0.00014982697,0
LA_D_8072757,0,0.00020502097,0
LA_D_8099337,0,0.0004999788,0
LA_D_8127140,0,0.0001135317,0
LA_D_8130065,0,0.00087162846,0
LA_D_8185366,0,0.00021414609,0
LA_D_8187526,0,0.00085531286,0
LA_D_8191100,0,0.0005999689,0
LA_D_8194762,0,0.00017502916,0
LA_D_8254731,0,0.0005913008,0
LA_D_8267517,0,0.00023767607,0
LA_D_8268464,0,0.00012949949,0
LA_D_8289361,0,0.00010690071,0
LA_D_8296972,0,0.00018301043,0
LA_D_8318612,0,0.00014870158,0
LA_D_8370029,0,0.00019322606,0
LA_D_8370479,0,0.00032778518,0
LA_D_8372744,0,0.00031334415,0
LA_D_8397498,0,0.00037784968,0
LA_D_8415664,0,0.00030127398,0
LA_D_8456126,0,0.0007988902,0
LA_D_8460539,0,0.00015600988,0
LA_D_8541506,0,0.0003693887,0
LA_D_8544672,0,0.0003208704,0
LA_D_8615795,0,0.00023752516,0
LA_D_8618432,0,0.00025711601,0
LA_D_8626873,0,0.00024121418,0
LA_D_8695222,0,0.00044994053,0
LA_D_8726450,0,0.00078569626,0
LA_D_8783766,0,0.00038161702,0
LA_D_8793320,0,0.00063574145,0
LA_D_8815599,0,0.00020104692,0
LA_D_8819400,0,0.00015872957,0
LA_D_8845423,0,0.00015819227,0
LA_D_8867212,0,0.0075536123,0
LA_D_8867270,0,0.00020511424,0
LA_D_8892243,0,0.00028118538,0
LA_D_8917998,0,0.00025516012,0
LA_D_8932075,0,0.0003722017,0
LA_D_8942534,0,0.00017620466,0
LA_D_8963064,0,0.00032583726,0
LA_D_8966779,0,0.0014424064,0
LA_D_9002280,0,0.00025952767,0
LA_D_9040549,0,0.00032476417,0
LA_D_9076740,0,0.00032575926,0
LA_D_9076770,0,0.00015164964,0
LA_D_9094015,0,0.00020014186,0
LA_D_9095479,0,7.717186e-05,0
LA_D_9181985,0,0.0013270482,0
LA_D_9199206,0,0.00047434735,0
LA_D_9209246,0,0.00041977633,0
LA_D_9213158,0,0.00050416484,0
LA_D_9241874,0,0.0001990713,0
LA_D_9325677,0,0.00019600037,0
LA_D_9327205,0,0.0006066695,0
LA_D_9395571,0,0.0009595814,0
LA_D_9410304,0,0.00012399399,0
LA_D_9419166,0,0.000411006,0
LA_D_9438704,0,0.00085994555,0
LA_D_9472360,0,0.0001618557,0
LA_D_9491705,0,0.00014983185,0
LA_D_9497100,0,0.0003615025,0
LA_D_9497941,0,0.00020452113,0
LA_D_9501529,0,0.00034926258,0
LA_D_9553450,0,0.000230603,0
LA_D_9603467,0,0.0001626134,0
LA_D_9604114,0,0.00023850828,0
LA_D_9630829,0,0.0004229052,0
LA_D_9695291,0,0.0003070248,0
LA_D_9711196,0,0.00062280067,0
LA_D_9711240,0,0.00027382243,0
LA_D_9739905,0,0.00023796358,0
LA_D_9747461,0,0.0004923991,0
LA_D_9748332,0,0.0003071267,0
LA_D_9780476,0,0.00031981524,0
LA_D_9814040,0,0.00056781207,0
LA_D_9820074,0,0.00057147583,0
LA_D_9830381,0,0.00019851404,0
LA_D_9840469,0,0.0001988285,0
LA_D_9853172,0,0.00010647983,0
LA_D_9874583,0,0.00017990291,0
LA_D_9883936,0,0.00023688561,0
LA_D_9895350,0,0.0004408281,0
LA_D_9911701,0,0.0001941278,0
LA_D_9952323,0,0.0008610401,0
LA_D_9969564,0,0.000119602235,0
LA_D_1029606,0,0.00036742017,0
LA_D_1052124,0,0.0003791732,0
LA_D_1083957,0,0.00022268776,0
LA_D_1084800,0,0.00044094032,0
LA_D_1087236,0,0.00022664065,0
LA_D_1113123,0,0.00026736222,0
LA_D_1168419,0,0.00029205787,0
LA_D_1226191,0,0.00030931967,0
LA_D_1247401,0,0.00048032423,0
LA_D_1254787,0,0.00049707014,0
LA_D_1287933,0,0.00013773092,0
LA_D_1340997,0,0.00019506426,0
LA_D_1341055,0,0.00029021286,0
LA_D_1397617,0,0.00022638582,0
LA_D_1432705,0,0.00089400506,0
LA_D_1448058,0,0.00028349578,0
LA_D_1468938,0,0.00016659733,0
LA_D_1491936,0,0.00061813905,0
LA_D_1492428,0,0.00013767486,0
LA_D_1504555,0,0.0005312592,0
LA_D_1571128,0,0.00024047383,0
LA_D_1598091,0,0.00016544141,0
LA_D_1622483,0,0.0002525014,0
LA_D_1642025,0,0.00016147403,0
LA_D_1652144,0,0.00012654442,0
LA_D_1667446,0,0.0002447216,0
LA_D_1691998,0,0.000199036,0
LA_D_1703470,0,0.00027895177,0
LA_D_1823913,0,0.00017594175,0
LA_D_1862205,0,0.0004698535,0
LA_D_1903430,0,0.00023177633,0
LA_D_1923328,0,0.0003833903,0
LA_D_1937650,0,0.0003768647,0
LA_D_1939085,0,0.00015181053,0
LA_D_1964826,0,0.00014653828,0
LA_D_1970302,0,0.0003521929,0
LA_D_1986407,0,0.0011662052,0
LA_D_2082512,0,0.00037907634,0
LA_D_2103152,0,0.00021741565,0
LA_D_2110587,0,0.00015036152,0
LA_D_2113104,0,0.00019874888,0
LA_D_2207462,0,0.0007732268,0
LA_D_2223569,0,0.00032246817,0
LA_D_2227292,0,0.0016711011,0
LA_D_2238824,0,0.0009679944,0
LA_D_2263743,0,0.0003008004,0
LA_D_2288054,0,0.0005112852,0
LA_D_2295069,0,0.00020458864,0
LA_D_2298574,0,0.00024330313,0
LA_D_2304305,0,0.00024113737,0
LA_D_2309823,0,0.00012607012,0
LA_D_2317032,0,0.00010406596,0
LA_D_2333530,0,0.00030433314,0
LA_D_2372128,0,0.0005755224,0
LA_D_2390461,0,0.0009819968,0
LA_D_2410631,0,7.4860574e-05,0
LA_D_2443087,0,0.00021586173,0
LA_D_2479103,0,0.0010046317,0
LA_D_2490886,0,0.00021980495,0
LA_D_2573622,0,0.00047707217,0
LA_D_2600197,0,0.00021586605,0
LA_D_2626718,0,0.00050991855,0
LA_D_2638287,0,0.00023481298,0
LA_D_2656557,0,0.00046705324,0
LA_D_2666429,0,0.00020498912,0
LA_D_2729675,0,0.0002716732,0
LA_D_2735904,0,0.0001656335,0
LA_D_2752407,0,0.00063073717,0
LA_D_2756344,0,0.00048028032,0
LA_D_2847845,0,0.00026529227,0
LA_D_2852269,0,0.004450893,0
LA_D_2855965,0,0.00030151938,0
LA_D_2876907,0,0.00036743487,0
LA_D_2878565,0,0.00032720724,0
LA_D_2901547,0,0.00025775266,0
LA_D_2955664,0,0.0004073465,0
LA_D_2963628,0,0.0005190094,0
LA_D_2966325,0,0.0006349392,0
LA_D_2981926,0,0.0001761284,0
LA_D_3050425,0,0.00031161244,0
LA_D_3064498,0,0.00016105793,0
LA_D_3076331,0,0.00029144617,0
LA_D_3077841,0,0.00030211068,0
LA_D_3084595,0,0.00032984882,0
LA_D_3099139,0,0.00036111363,0
LA_D_3104265,0,0.00018755243,0
LA_D_3140574,0,0.0002868065,0
LA_D_3151999,0,0.0004120609,0
LA_D_3257359,0,0.00028524123,0
LA_D_3289644,0,0.00029308937,0
LA_D_3304166,0,0.00048100099,0
LA_D_3304705,0,0.0002980815,0
LA_D_3310432,0,0.0072924043,0
LA_D_3311498,0,0.00019173107,0
LA_D_3390471,0,0.00024246899,0
LA_D_3390671,0,0.001300273,0
LA_D_3390960,0,0.0005435751,0
LA_D_3457413,0,0.00024117739,0
LA_D_3474687,0,0.00028422946,0
LA_D_3490885,0,0.00024699775,0
LA_D_3587778,0,0.00081258186,0
LA_D_3602354,0,0.00026645884,0
LA_D_3617684,0,0.0002537629,0
LA_D_3670871,0,0.00020672797,0
LA_D_3672627,0,0.00032488993,0
LA_D_3731862,0,0.00019343603,0
LA_D_3753870,0,0.00097201276,0
LA_D_3829895,0,0.00021124771,0
LA_D_3864988,0,0.0004238092,0
LA_D_3870377,0,0.00032053102,0
LA_D_3882541,0,0.0003080037,0
LA_D_3884708,0,0.00025357088,0
LA_D_3897435,0,0.00035840043,0
LA_D_3921756,0,0.0006032067,0
LA_D_3943903,0,0.00012772276,0
LA_D_3947988,0,0.000595061,0
LA_D_3961466,0,0.00037135143,0
LA_D_4007402,0,0.00032866103,0
LA_D_4038984,0,0.0009718969,0
LA_D_4055931,0,0.00028961748,0
LA_D_4065822,0,0.0004423051,0
LA_D_4093293,0,0.0005567215,0
LA_D_4126687,0,0.000298606,0
LA_D_4156385,0,0.00022826216,0
LA_D_4163117,0,0.0001760206,0
LA_D_4181954,0,0.0006841762,0
LA_D_4211012,0,0.00034265616,0
LA_D_4234951,0,0.00022695614,0
LA_D_4243231,0,0.0015836111,0
LA_D_4276636,0,0.0003435996,0
LA_D_4292190,0,0.00025011998,0
LA_D_4298361,0,0.0003387336,0
LA_D_4305238,0,0.00036009916,0
LA_D_4311165,0,0.00013169405,0
LA_D_4334642,0,0.00017117755,0
LA_D_4336024,0,0.00031640945,0
LA_D_4350851,0,0.00036961163,0
LA_D_4355020,0,0.00017775988,0
LA_D_4361943,0,0.00015272987,0
LA_D_4372295,0,0.00019590731,0
LA_D_4374564,0,0.00023913858,0
LA_D_4375051,0,0.00025698586,0
LA_D_4390307,0,0.00027810756,0
LA_D_4391563,0,0.00064410357,0
LA_D_4417257,0,0.0004012685,0
LA_D_4436297,0,0.00018333476,0
LA_D_4453806,0,0.00026788478,0
LA_D_4463094,0,0.00014122741,0
LA_D_4505477,0,0.00029658672,0
LA_D_4533955,0,0.00042736065,0
LA_D_4568370,0,0.00015024157,0
LA_D_4568424,0,0.00052926684,0
LA_D_4602007,0,0.00022888958,0
LA_D_4610040,0,0.0002616891,0
LA_D_4630224,0,0.00056396687,0
LA_D_4633338,0,0.00022498347,0
LA_D_4648977,0,0.0003940441,0
LA_D_4659487,0,0.00016607108,0
LA_D_4676410,0,0.0005020978,0
LA_D_4680226,0,0.0006079366,0
LA_D_4690232,0,0.00034626218,0
LA_D_4691564,0,0.0003785228,0
LA_D_4698459,0,0.00025197354,0
LA_D_4740585,0,0.0002856331,0
LA_D_4789290,0,0.000116516676,0
LA_D_4794598,0,0.00014521035,0
LA_D_4804010,0,0.00043535698,0
LA_D_4821192,0,0.00064618606,0
LA_D_4821332,0,0.00049227057,0
LA_D_4822594,0,0.0004825826,0
LA_D_4830664,0,0.0007173274,0
LA_D_4906029,0,0.00067730393,0
LA_D_4929206,0,0.0005116972,0
LA_D_4941408,0,0.0002518136,0
LA_D_4954705,0,0.0002918836,0
LA_D_4963222,0,0.00027771568,0
LA_D_4967924,0,0.0010527129,0
LA_D_4983943,0,0.00078841654,0
LA_D_5005032,0,0.0003301033,0
LA_D_5010017,0,0.0003089407,0
LA_D_5035214,0,0.00032578816,0
LA_D_5058945,0,0.00020285985,0
LA_D_5069139,0,0.0004554781,0
LA_D_5080060,0,0.00023965258,0
LA_D_5080686,0,0.000440181,0
LA_D_5125281,0,0.00047258724,0
LA_D_5125885,0,0.0009551183,0
LA_D_5126506,0,0.00018136119,0
LA_D_5145716,0,0.00022960256,0
LA_D_5171765,0,0.00026173823,0
LA_D_5194284,0,0.00032809877,0
LA_D_5228153,0,0.000542438,0
LA_D_5247869,0,0.00014268306,0
LA_D_5262139,0,0.00034357765,0
LA_D_5263872,0,0.00014765843,0
LA_D_5272930,0,0.000109530934,0
LA_D_5298319,0,0.0007494257,0
LA_D_5320532,0,0.00039162717,0
LA_D_5384581,0,0.00013897695,0
LA_D_5480150,0,0.0003335448,0
LA_D_5494426,0,0.000358914,0
LA_D_5519767,0,0.00022964548,0
LA_D_5527401,0,0.00049396226,0
LA_D_5530183,0,0.00022054641,0
LA_D_5539571,0,0.00042902766,0
LA_D_5561063,0,0.00037848417,0
LA_D_5620308,0,0.00028910572,0
LA_D_5652448,0,0.00015483539,0
LA_D_5689945,0,0.00021124246,0
LA_D_5752067,0,0.0004055595,0
LA_D_5793309,0,0.00016656889,0
LA_D_5795010,0,0.00021020192,0
LA_D_5820814,0,0.00040677332,0
LA_D_5847429,0,0.00023458562,0
LA_D_5857393,0,0.000212044,0
LA_D_5857531,0,0.00038481763,0
LA_D_5897910,0,0.00019335379,0
LA_D_5953271,0,0.00020171012,0
LA_D_5959349,0,0.00047136622,0
LA_D_5988248,0,0.00016605493,0
LA_D_6008891,0,0.0002698396,0
LA_D_6017002,0,0.00038254366,0
LA_D_6022747,0,0.00040028317,0
LA_D_6035065,0,0.0001225101,0
LA_D_6044580,0,0.00094422733,0
LA_D_6048625,0,0.00028921544,0
LA_D_6066336,0,0.00025248047,0
LA_D_6096018,0,0.00039348553,0
LA_D_6149858,0,9.708106e-05,0
LA_D_6152637,0,0.0006181031,0
LA_D_6198905,0,0.00046160782,0
LA_D_6229325,0,0.0002567363,0
LA_D_6231894,0,0.0002460871,0
LA_D_6257405,0,0.0002622198,0
LA_D_6263042,0,0.00015668654,0
LA_D_6322392,0,0.0007204088,0
LA_D_6340625,0,0.0001405581,0
LA_D_6374187,0,0.0001895292,0
LA_D_6375662,0,0.0003688179,0
LA_D_6392842,0,0.00017577558,0
LA_D_6443831,0,0.0005166565,0
LA_D_6475427,0,0.00026263492,0
LA_D_6486228,0,0.00081045536,0
LA_D_6492372,0,0.00015524727,0
LA_D_6569575,0,0.00033352734,0
LA_D_6583550,0,0.00013514912,0
LA_D_6618021,0,0.0007271975,0
LA_D_6618951,0,0.00028873965,0
LA_D_6640736,0,0.00022971029,0
LA_D_6651226,0,0.0002907637,0
LA_D_6662906,0,0.0005860302,0
LA_D_6675082,0,0.00027544898,0
LA_D_6701429,0,0.00042247967,0
LA_D_6767666,0,0.00020282232,0
LA_D_6775046,0,0.00038367475,0
LA_D_6788843,0,0.0005500006,0
LA_D_6810614,0,0.00031087772,0
LA_D_6829505,0,0.00021336794,0
LA_D_6852874,0,0.00053548184,0
LA_D_6905320,0,0.00020633962,0
LA_D_6920247,0,0.00016822138,0
LA_D_6923223,0,0.00014414848,0
LA_D_6938086,0,0.00017655395,0
LA_D_6958359,0,0.00016717146,0
LA_D_6974451,0,0.00062025053,0
LA_D_6984485,0,0.00022723262,0
LA_D_6988774,0,0.0021990717,0
LA_D_6992460,0,0.00032123955,0
LA_D_7006704,0,0.00018381805,0
LA_D_7041540,0,0.00049962767,0
LA_D_7045410,0,0.0006902849,0
LA_D_7097297,0,0.00016849811,0
LA_D_7105348,0,0.00029041548,0
LA_D_7124246,0,0.00021484595,0
LA_D_7137473,0,0.0005118757,0
LA_D_7153277,0,0.00021805028,0
LA_D_7194671,0,0.00015267674,0
LA_D_7199936,0,0.000332421,0
LA_D_7206299,0,0.0003951406,0
LA_D_7228225,0,0.00034137475,0
LA_D_7247110,0,0.00025428022,0
LA_D_7282970,0,0.0003028804,0
LA_D_7295018,0,0.00053855305,0
LA_D_7313474,0,0.00031894623,0
LA_D_7332763,0,0.0007254325,0
LA_D_7375023,0,0.00030564252,0
LA_D_7384634,0,0.00063144264,0
LA_D_7410425,0,0.0001551141,0
LA_D_7421730,0,0.00018361399,0
LA_D_7465143,0,0.00030561717,0
LA_D_7510274,0,0.0006442447,0
LA_D_7511921,0,0.00012602218,0
LA_D_7533882,0,0.0005585425,0
LA_D_7541001,0,0.0007250503,0
LA_D_7606787,0,0.00010215032,0
LA_D_7612955,0,0.0002056296,0
LA_D_7615723,0,0.00031010542,0
LA_D_7616930,0,0.000119392906,0
LA_D_7626781,0,0.00012939643,0
LA_D_7627311,0,0.00024732316,0
LA_D_7671577,0,0.0003560092,0
LA_D_7678990,0,0.00021434648,0
LA_D_7700044,0,0.00018478897,0
LA_D_7760174,0,0.00021177708,0
LA_D_7794451,0,0.0002275292,0
LA_D_7805800,0,0.0005194727,0
LA_D_7811982,0,0.00021788277,0
LA_D_7812727,0,0.0001997215,0
LA_D_7830572,0,0.0003387281,0
LA_D_7853731,0,0.00044082722,0
LA_D_7867502,0,0.0002542376,0
LA_D_7875523,0,0.00030710033,0
LA_D_7893978,0,0.00021112163,0
LA_D_7897572,0,0.0002732062,0
LA_D_7905821,0,0.00033276062,0
LA_D_7906958,0,0.00038930666,0
LA_D_7908893,0,0.00041125956,0
LA_D_7935190,0,0.0001776035,0
LA_D_7943905,0,0.00016251481,0
LA_D_7958267,0,8.49454e-05,0
LA_D_7961111,0,0.00016962152,0
LA_D_8021505,0,0.00021959671,0
LA_D_8027860,0,0.00022196256,0
LA_D_8040350,0,0.00025215428,0
LA_D_8140433,0,0.00039272185,0
LA_D_8204422,0,0.00021351427,0
LA_D_8227771,0,0.0007399716,0
LA_D_8230373,0,0.00030492476,0
LA_D_8358684,0,0.00022194034,0
LA_D_8377698,0,0.00027156208,0
LA_D_8409251,0,0.00017069673,0
LA_D_8424992,0,0.0001985396,0
LA_D_8450267,0,0.0002443008,0
LA_D_8460500,0,0.00021789898,0
LA_D_8485154,0,0.00044339508,0
LA_D_8490994,0,0.00033018106,0
LA_D_8491335,0,0.00030428063,0
LA_D_8501696,0,0.000587263,0
LA_D_8525949,0,8.524678e-05,0
LA_D_8546971,0,0.0004376355,0
LA_D_8559738,0,0.00030087327,0
LA_D_8582199,0,0.0011446009,0
LA_D_8615505,0,0.00018809007,0
LA_D_8733886,0,0.0003371642,0
LA_D_8798813,0,0.00011294213,0
LA_D_8836237,0,0.0006430878,0
LA_D_8837074,0,0.00076431857,0
LA_D_8854126,0,0.00020159801,0
LA_D_8916997,0,0.00024113462,0
LA_D_8917353,0,0.00047692758,0
LA_D_8935601,0,0.0013026729,0
LA_D_8945179,0,0.00010791961,0
LA_D_8951164,0,0.00021972804,0
LA_D_8960763,0,0.00020233616,0
LA_D_8962029,0,0.00030681325,0
LA_D_8978572,0,0.00040424636,0
LA_D_9005877,0,0.00012456033,0
LA_D_9013780,0,0.0004721365,0
LA_D_9042039,0,0.0004952715,0
LA_D_9043493,0,0.0002366278,0
LA_D_9044901,0,0.00024057383,0
LA_D_9058018,0,0.0002865892,0
LA_D_9059202,0,0.00021027408,0
LA_D_9074658,0,0.0003556459,0
LA_D_9084504,0,0.0005629239,0
LA_D_9095917,0,0.00010858386,0
LA_D_9111015,0,0.000648541,0
LA_D_9124970,0,0.0007339256,0
LA_D_9132111,0,0.015287262,0
LA_D_9148550,0,0.00016157153,0
LA_D_9161502,0,0.00017710583,0
LA_D_9183154,0,0.0005092764,0
LA_D_9192698,0,0.00087873504,0
LA_D_9227602,0,0.00039598305,0
LA_D_9248420,0,0.00034904227,0
LA_D_9292429,0,0.00030317134,0
LA_D_9300463,0,0.0002720086,0
LA_D_9303843,0,0.0002207892,0
LA_D_9325354,0,0.00035689102,0
LA_D_9332785,0,0.001235169,0
LA_D_9365119,0,0.00038698627,0
LA_D_9390557,0,0.00066184654,0
LA_D_9407049,0,0.00030845712,0
LA_D_9407190,0,0.00043006075,0
LA_D_9451053,0,0.00067962974,0
LA_D_9456766,0,0.0003001232,0
LA_D_9473902,0,0.00024007684,0
LA_D_9500996,0,0.00020679913,0
LA_D_9501737,0,0.00080450054,0
LA_D_9514508,0,0.00032923586,0
LA_D_9532131,0,0.0003758429,0
LA_D_9542892,0,0.00041059015,0
LA_D_9558237,0,0.00034234303,0
LA_D_9564003,0,0.0006195941,0
LA_D_9603372,0,0.0001406946,0
LA_D_9671660,0,0.00088116486,0
LA_D_9681171,0,0.00038779617,0
LA_D_9683822,0,0.00034307293,0
LA_D_9685452,0,0.0006084003,0
LA_D_9687748,0,0.0005244284,0
LA_D_9699380,0,0.0014984487,0
LA_D_9739181,0,0.00041824134,0
LA_D_9742208,0,8.063531e-05,0
LA_D_9753761,0,0.0001559791,0
LA_D_9762474,0,0.00025762638,0
LA_D_9896543,0,0.0005787884,0
LA_D_9905368,0,0.00041073927,0
LA_D_9914380,0,0.00060542364,0
LA_D_9939904,0,0.00022335628,0
LA_D_9947685,0,0.00029416068,0
LA_D_9975906,0,0.24611883,0
LA_D_9986158,0,0.00042226468,0
LA_D_9992230,0,0.00014101641,0
LA_D_9998910,0,0.00031312797,0
LA_D_1017803,0,0.000114927025,0
LA_D_1042992,0,7.575753e-05,0
LA_D_1055140,0,0.0001603766,0
LA_D_1058368,0,0.0001622129,0
LA_D_1077352,0,0.00015612655,0
LA_D_1079715,0,0.00019279175,0
LA_D_1082954,0,9.809641e-05,0
LA_D_1086858,0,0.00022352586,0
LA_D_1091158,0,0.00020215893,0
LA_D_1105424,0,0.0003802186,0
LA_D_1140841,0,0.00040045532,0
LA_D_1171628,0,0.00027257449,0
LA_D_1183633,0,0.00013881444,0
LA_D_1197682,0,0.0007327662,0
LA_D_1211244,0,8.073195e-05,0
LA_D_1219723,0,0.0004685846,0
LA_D_1239375,0,0.000114866314,0
LA_D_1273074,0,0.00048555923,0
LA_D_1296557,0,0.0001744011,0
LA_D_1301496,0,9.207717e-05,0
LA_D_1323623,0,9.457348e-05,0
LA_D_1330281,0,0.0001329907,0
LA_D_1412811,0,0.00018183164,0
LA_D_1456958,0,0.00012603166,0
LA_D_1481223,0,0.00016253574,0
LA_D_1526344,0,7.836664e-05,0
LA_D_1539849,0,6.453679e-05,0
LA_D_1540420,0,0.00013401086,0
LA_D_1592340,0,0.0002820967,0
LA_D_1670451,0,0.00047285532,0
LA_D_1691700,0,0.00019864601,0
LA_D_1753171,0,7.0749826e-05,0
LA_D_1769224,0,0.00043311424,0
LA_D_1778012,0,8.8817476e-05,0
LA_D_1809211,0,0.00028705873,0
LA_D_1810169,0,0.00020930136,0
LA_D_1847356,0,0.00017404559,0
LA_D_1901163,0,8.62148e-05,0
LA_D_1958912,0,5.2403917e-05,0
LA_D_1959845,0,0.00013062674,0
LA_D_1978493,0,7.4486234e-05,0
LA_D_1992911,0,0.0015349736,0
LA_D_2009466,0,0.00021312314,0
LA_D_2011815,0,6.6327346e-05,0
LA_D_2037976,0,0.00027816987,0
LA_D_2130837,0,0.0005881823,0
LA_D_2134521,0,0.00027558033,0
LA_D_2186225,0,0.00011622793,0
LA_D_2204777,0,0.0001147448,0
LA_D_2208415,0,0.00012965073,0
LA_D_2216630,0,0.00035337373,0
LA_D_2220324,0,0.00016087528,0
LA_D_2223464,0,0.00018520172,0
LA_D_2238664,0,0.00013922578,0
LA_D_2244382,0,0.00023442532,0
LA_D_2273149,0,5.927357e-05,0
LA_D_2301514,0,7.184115e-05,0
LA_D_2353988,0,0.00010504603,0
LA_D_2369275,0,0.00021036912,0
LA_D_2388137,0,9.859015e-05,0
LA_D_2396921,0,0.00014833848,0
LA_D_2397611,0,0.00052586297,0
LA_D_2398374,0,0.00021574381,0
LA_D_2432935,0,0.00015456486,0
LA_D_2463168,0,0.000104611594,0
LA_D_2512126,0,7.429384e-05,0
LA_D_2512624,0,0.00032029583,0
LA_D_2524995,0,0.00019643195,0
LA_D_2570202,0,0.00010662146,0
LA_D_2597834,0,5.538526e-05,0
LA_D_2599000,0,9.148065e-05,0
LA_D_2603020,0,0.00027090267,0
LA_D_2681987,0,0.0001667534,0
LA_D_2724415,0,0.00022472297,0
LA_D_2726545,0,0.00023686481,0
LA_D_2742658,0,9.30907e-05,0
LA_D_2789736,0,8.9106754e-05,0
LA_D_2821899,0,0.00019847164,0
LA_D_2850721,0,0.00011976475,0
LA_D_2874880,0,8.49898e-05,0
LA_D_2984821,0,0.00017316527,0
LA_D_2993111,0,0.000102322585,0
LA_D_3046260,0,0.00010859473,0
LA_D_3081964,0,0.00025012117,0
LA_D_3099136,0,0.00010589294,0
LA_D_3197286,0,9.3933275e-05,0
LA_D_3210349,0,0.00014306535,0
LA_D_3217930,0,0.0001473331,0
LA_D_3220879,0,7.8142846e-05,0
LA_D_3235008,0,0.00010990067,0
LA_D_3264000,0,9.342161e-05,0
LA_D_3280550,0,0.00023041376,0
LA_D_3305667,0,0.000569635,0
LA_D_3306070,0,0.00020281266,0
LA_D_3360722,0,0.00012167118,0
LA_D_3402820,0,9.180294e-05,0
LA_D_3454271,0,0.00014386069,0
LA_D_3598308,0,6.51942e-05,0
LA_D_3622402,0,0.00037487102,0
LA_D_3674377,0,0.000109888824,0
LA_D_3692559,0,0.00022255127,0
LA_D_3707369,0,0.00019067076,0
LA_D_3736267,0,0.00013097172,0
LA_D_3744745,0,0.000118995675,0
LA_D_3756775,0,0.00010639609,0
LA_D_3758585,0,0.00014202432,0
LA_D_3801152,0,0.00010892391,0
LA_D_3808321,0,9.277096e-05,0
LA_D_3826682,0,0.00046292847,0
LA_D_3848373,0,8.5205815e-05,0
LA_D_3864770,0,0.00018254633,0
LA_D_3893213,0,0.00013666014,0
LA_D_3895363,0,0.00016671365,0
LA_D_3905105,0,0.00021003783,0
LA_D_3911855,0,0.000118743126,0
LA_D_3937674,0,0.00012032793,0
LA_D_3958353,0,0.00013985194,0
LA_D_3969230,0,0.00018234523,0
LA_D_3975995,0,0.00059848337,0
LA_D_3989106,0,6.105687e-05,0
LA_D_4008042,0,0.00034512192,0
LA_D_4017116,0,0.00015263335,0
LA_D_4028634,0,8.589501e-05,0
LA_D_4038724,0,0.00019637017,0
LA_D_4054308,0,0.00015504149,0
LA_D_4054787,0,4.9462535e-05,0
LA_D_4113739,0,0.00024622204,0
LA_D_4127364,0,0.00017970747,0
LA_D_4151736,0,0.00026489116,0
LA_D_4173186,0,5.0703235e-05,0
LA_D_4188323,0,7.996453e-05,0
LA_D_4210311,0,0.00020907457,0
LA_D_4218902,0,0.00012043895,0
LA_D_4261231,0,0.00075605087,0
LA_D_4284566,0,0.00012452815,0
LA_D_4310640,0,0.00018923072,0
LA_D_4385840,0,0.00015103474,0
LA_D_4397439,0,0.00014878712,0
LA_D_4415553,0,0.00020276239,0
LA_D_4445225,0,7.351776e-05,0
LA_D_4456942,0,0.00011748642,0
LA_D_4482514,0,0.00041191286,0
LA_D_4496096,0,0.00019993262,0
LA_D_4526443,0,0.00014618185,0
LA_D_4553437,0,0.00012332611,0
LA_D_4556521,0,4.4714023e-05,0
LA_D_4564137,0,0.0001491054,0
LA_D_4589632,0,0.00018526264,0
LA_D_4599870,0,0.00020256569,0
LA_D_4611953,0,5.3977463e-05,0
LA_D_4613194,0,9.980204e-05,0
LA_D_4657641,0,0.00014555178,0
LA_D_4658339,0,0.00011223185,0
LA_D_4670841,0,0.00013005985,0
LA_D_4678036,0,0.00013229632,0
LA_D_4679906,0,0.00017787484,0
LA_D_4701013,0,7.6006814e-05,0
LA_D_4711119,0,0.00019827759,0
LA_D_4720393,0,6.545066e-05,0
LA_D_4721080,0,0.0005343841,0
LA_D_4723841,0,0.000727689,0
LA_D_4728402,0,0.00034478417,0
LA_D_4735914,0,0.00029744275,0
LA_D_4750835,0,0.00014946682,0
LA_D_4756307,0,3.731883e-05,0
LA_D_4789100,0,0.00035178754,0
LA_D_4794215,0,0.00014995004,0
LA_D_4803093,0,0.0001036078,0
LA_D_4829729,0,0.000549263,0
LA_D_4848136,0,0.00030492735,0
LA_D_4866336,0,0.00036817434,0
LA_D_4876351,0,0.00012654829,0
LA_D_4880181,0,0.00012981823,0
LA_D_4896355,0,0.00011633327,0
LA_D_4940182,0,0.00031513724,0
LA_D_4952807,0,0.00025327515,0
LA_D_5014227,0,0.00012751222,0
LA_D_5021275,0,0.00059845427,0
LA_D_5023052,0,0.00015010095,0
LA_D_5033211,0,0.00032564966,0
LA_D_5041000,0,0.00014998678,0
LA_D_5068765,0,0.00014244122,0
LA_D_5079902,0,0.00021559597,0
LA_D_5081043,0,0.000100534286,0
LA_D_5083379,0,0.00017098148,0
LA_D_5084784,0,0.00034109206,0
LA_D_5131450,0,0.0001696516,0
LA_D_5191412,0,0.00063749193,0
LA_D_5279003,0,0.00014586521,0
LA_D_5282521,0,0.00023796131,0
LA_D_5354332,0,0.000454578,0
LA_D_5414610,0,0.00033202133,0
LA_D_5450143,0,8.175622e-05,0
LA_D_5455322,0,4.3941975e-05,0
LA_D_5459303,0,0.00032083585,0
LA_D_5462650,0,0.00028449544,0
LA_D_5501009,0,8.590434e-05,0
LA_D_5508199,0,0.00013800108,0
LA_D_5535083,0,7.772704e-05,0
LA_D_5548565,0,0.00017392,0
LA_D_5564267,0,0.00027008,0
LA_D_5584946,0,0.00021890791,0
LA_D_5610072,0,0.00015849031,0
LA_D_5650921,0,0.0005578982,0
LA_D_5657147,0,8.024242e-05,0
LA_D_5680275,0,0.000100525845,0
LA_D_5680626,0,6.820281e-05,0
LA_D_5682903,0,8.591418e-05,0
LA_D_5686347,0,0.00046514813,0
LA_D_5709714,0,5.3147196e-05,0
LA_D_5766006,0,0.00021826164,0
LA_D_5776698,0,0.00019998106,0
LA_D_5781195,0,0.0001317482,0
LA_D_5782474,0,7.0814225e-05,0
LA_D_5850105,0,0.00018261909,0
LA_D_5861276,0,0.0002779883,0
LA_D_5863422,0,0.000119999546,0
LA_D_5878622,0,0.003775157,0
LA_D_5883310,0,7.641073e-05,0
LA_D_5890834,0,0.00027843096,0
LA_D_5897153,0,0.00020797708,0
LA_D_5944972,0,0.00017349384,0
LA_D_5946428,0,9.513782e-05,0
LA_D_5950567,0,0.00042402215,0
LA_D_5966104,0,0.00028231466,0
LA_D_6036963,0,0.00014897095,0
LA_D_6057959,0,0.00024175778,0
LA_D_6077372,0,0.00012885209,0
LA_D_6107728,0,0.00013390623,0
LA_D_6122860,0,0.00032565434,0
LA_D_6123915,0,0.0011181926,0
LA_D_6166623,0,0.00016903915,0
LA_D_6168608,0,0.00020430677,0
LA_D_6203714,0,7.7995515e-05,0
LA_D_6223827,0,0.00026413533,0
LA_D_6259909,0,4.1448526e-05,0
LA_D_6291291,0,0.00074491365,0
LA_D_6320084,0,3.965258e-05,0
LA_D_6358557,0,0.00014191547,0
LA_D_6367898,0,5.9272665e-05,0
LA_D_6379619,0,9.253251e-05,0
LA_D_6400893,0,0.00034288687,0
LA_D_6425500,0,0.00014632492,0
LA_D_6428772,0,0.00016833127,0
LA_D_6432379,0,0.05254774,0
LA_D_6450803,0,9.29642e-05,0
LA_D_6483376,0,0.00037047948,0
LA_D_6492231,0,0.00011052535,0
LA_D_6497562,0,0.0003431305,0
LA_D_6503230,0,0.00013929245,0
LA_D_6507505,0,0.00030060086,0
LA_D_6544998,0,0.000116984695,0
LA_D_6591420,0,0.00017800056,0
LA_D_6592060,0,0.00013249123,0
LA_D_6602632,0,0.0001525814,0
LA_D_6614524,0,0.00012252388,0
LA_D_6680787,0,7.149738e-05,0
LA_D_6682623,0,0.00011062521,0
LA_D_6728714,0,0.00015739184,0
LA_D_6742171,0,0.0002434029,0
LA_D_6747634,0,8.900909e-05,0
LA_D_6785143,0,0.00013512181,0
LA_D_6819533,0,9.996378e-05,0
LA_D_6825802,0,0.00014018491,0
LA_D_6826753,0,0.00022282836,0
LA_D_6843509,0,0.00033325396,0
LA_D_6873647,0,0.00020809547,0
LA_D_6879975,0,9.460505e-05,0
LA_D_6881830,0,0.00029969518,0
LA_D_6889186,0,4.6370627e-05,0
LA_D_6911726,0,0.00014388263,0
LA_D_6924409,0,0.00018910137,0
LA_D_6935218,0,0.00011093155,0
LA_D_6936180,0,0.00010239061,0
LA_D_6941274,0,8.112028e-05,0
LA_D_6947699,0,0.0056950045,0
LA_D_6969745,0,7.260611e-05,0
LA_D_6986110,0,0.00020996075,0
LA_D_6991312,0,0.00019797402,0
LA_D_7006139,0,0.00025700522,0
LA_D_7044166,0,6.749035e-05,0
LA_D_7046648,0,0.00013262976,0
LA_D_7056175,0,0.00016520685,0
LA_D_7075319,0,0.0001115988,0
LA_D_7127827,0,0.00015674857,0
LA_D_7194017,0,9.321239e-05,0
LA_D_7207687,0,0.00017913537,0
LA_D_7239978,0,0.00022839755,0
LA_D_7257601,0,0.00027432988,0
LA_D_7321218,0,0.00013378385,0
LA_D_7329224,0,0.000111974136,0
LA_D_7360298,0,0.00011667677,0
LA_D_7372099,0,0.00013339508,0
LA_D_7402838,0,9.276114e-05,0
LA_D_7411417,0,8.644464e-05,0
LA_D_7421938,0,0.00010537388,0
LA_D_7460958,0,0.00019944634,0
LA_D_7461040,0,0.00023304274,0
LA_D_7489520,0,9.68138e-05,0
LA_D_7538600,0,8.963984e-05,0
LA_D_7551361,0,0.00017606189,0
LA_D_7560824,0,0.00018905994,0
LA_D_7569592,0,0.00015016766,0
LA_D_7604595,0,0.00012796719,0
LA_D_7606194,0,0.00022642229,0
LA_D_7626762,0,0.00028928218,0
LA_D_7655654,0,0.0007030432,0
LA_D_7687952,0,0.00021962792,0
LA_D_7697892,0,8.899713e-05,0
LA_D_7701061,0,0.00014516368,0
LA_D_7713794,0,0.00031123005,0
LA_D_7725987,0,0.0002503612,0
LA_D_7755398,0,0.00014269177,0
LA_D_7766451,0,5.3740434e-05,0
LA_D_7771236,0,9.649563e-05,0
LA_D_7771464,0,0.000116204435,0
LA_D_7771836,0,6.389022e-05,0
LA_D_7835394,0,0.00019647881,0
LA_D_7875396,0,0.00034604437,0
LA_D_7910852,0,0.00018938504,0
LA_D_7938616,0,8.076475e-05,0
LA_D_7945877,0,0.0001984849,0
LA_D_8060326,0,0.00032480198,0
LA_D_8072143,0,0.00030319102,0
LA_D_8074947,0,0.00036715687,0
LA_D_8105434,0,0.0006338261,0
LA_D_8106678,0,0.0001253129,0
LA_D_8118210,0,0.00012555462,0
LA_D_8118898,0,6.2228864e-05,0
LA_D_8183593,0,0.00021424369,0
LA_D_8214339,0,0.00028744596,0
LA_D_8248080,0,0.00018835333,0
LA_D_8296826,0,5.1681774e-05,0
LA_D_8315223,0,0.00013528852,0
LA_D_8329694,0,0.00019448073,0
LA_D_8331688,0,0.00010775683,0
LA_D_8334768,0,8.736185e-05,0
LA_D_8338091,0,4.815212e-05,0
LA_D_8367791,0,0.00013723812,0
LA_D_8370214,0,0.00095151976,0
LA_D_8398012,0,0.00020162936,0
LA_D_8429173,0,0.00010336211,0
LA_D_8458088,0,0.00016297166,0
LA_D_8552720,0,0.00020977466,0
LA_D_8579194,0,0.00017912615,0
LA_D_8590568,0,0.00012716133,0
LA_D_8645922,0,0.00013685849,0
LA_D_8687224,0,0.0002447848,0
LA_D_8724499,0,0.00017743374,0
LA_D_8852715,0,0.00013479686,0
LA_D_8856515,0,0.00026968092,0
LA_D_8866086,0,0.00044791045,0
LA_D_8867730,0,0.0006041693,0
LA_D_8908629,0,0.00030569642,0
LA_D_8915606,0,0.00018833143,0
LA_D_8938260,0,9.290482e-05,0
LA_D_8952804,0,0.0013529918,0
LA_D_8960387,0,0.00011983145,0
LA_D_8976086,0,0.00021665038,0
LA_D_8979143,0,0.00021307537,0
LA_D_8980615,0,0.00011347823,0
LA_D_8986635,0,9.236342e-05,0
LA_D_9028867,0,0.00012778744,0
LA_D_9030330,0,9.157605e-05,0
LA_D_9039631,0,0.00022939754,0
LA_D_9063206,0,9.4722214e-05,0
LA_D_9071261,0,0.00016137122,0
LA_D_9139978,0,0.00017407928,0
LA_D_9141529,0,0.0001328514,0
LA_D_9151005,0,6.1799525e-05,0
LA_D_9166719,0,0.00015007476,0
LA_D_9170002,0,9.676653e-05,0
LA_D_9184356,0,0.00024534794,0
LA_D_9187692,0,7.3124465e-05,0
LA_D_9200915,0,0.0001974181,0
LA_D_9213314,0,0.000117662,0
LA_D_9228123,0,0.00010772355,0
LA_D_9239795,0,0.00047072142,0
LA_D_9253024,0,0.00020849408,0
LA_D_9324060,0,0.00045489013,0
LA_D_9418544,0,0.0004167147,0
LA_D_9438355,0,0.00030844333,0
LA_D_9444562,0,0.00039777448,0
LA_D_9445999,0,0.00058689265,0
LA_D_9457605,0,0.00012163707,0
LA_D_9482480,0,0.00019750152,0
LA_D_9498512,0,3.439113e-05,0
LA_D_9502387,0,0.00021091501,0
LA_D_9503729,0,0.00023739204,0
LA_D_9511470,0,0.00037686114,0
LA_D_9538410,0,0.00034502058,0
LA_D_9542467,0,0.00017696065,0
LA_D_9553252,0,0.00011788143,0
LA_D_9568077,0,0.00033111504,0
LA_D_9590056,0,9.439256e-05,0
LA_D_9623638,0,9.89406e-05,0
LA_D_9712289,0,0.0001227861,0
LA_D_9714255,0,6.407473e-05,0
LA_D_9719946,0,0.0002089542,0
LA_D_9732390,0,0.00038221193,0
LA_D_9759551,0,0.00029957664,0
LA_D_9762749,0,0.00013433301,0
LA_D_9792022,0,0.00019750097,0
LA_D_9795643,0,6.0186387e-05,0
LA_D_9800885,0,0.00011123535,0
LA_D_9816888,0,8.313962e-05,0
LA_D_9826922,0,0.00021961913,0
LA_D_9827302,0,0.00011116684,0
LA_D_9883471,0,7.627721e-05,0
LA_D_9893803,0,0.0015827413,0
LA_D_9934914,0,0.00016050985,0
LA_D_9936397,0,9.221391e-05,0
LA_D_9955951,0,0.00036994056,0
LA_D_9958345,0,0.00013848538,0
LA_D_1054710,0,0.00017537964,0
LA_D_1055821,0,0.00032456237,0
LA_D_1068623,0,4.7607497e-05,0
LA_D_1083852,0,0.00011453338,0
LA_D_1120974,0,5.8991904e-05,0
LA_D_1133783,0,7.8047226e-05,0
LA_D_1172519,0,9.082577e-05,0
LA_D_1190017,0,0.00021157949,0
LA_D_1218000,0,7.98845e-05,0
LA_D_1261130,0,0.00011419882,0
LA_D_1280552,0,7.250559e-05,0
LA_D_1287088,0,9.213769e-05,0
LA_D_1344611,0,0.019074857,0
LA_D_1399820,0,0.00012070396,0
LA_D_1429741,0,0.0005735057,0
LA_D_1466622,0,9.010065e-05,0
LA_D_1535123,0,0.00025800493,0
LA_D_1550368,0,0.00012688189,0
LA_D_1599303,0,9.796172e-05,0
LA_D_1611242,0,4.4014952e-05,0
LA_D_1634285,0,0.00018502415,0
LA_D_1637195,0,0.0011552403,0
LA_D_1659381,0,9.788841e-05,0
LA_D_1677100,0,2.990201e-05,0
LA_D_1685498,0,0.00014216048,0
LA_D_1685866,0,8.752762e-05,0
LA_D_1697041,0,0.0006448664,0
LA_D_1699593,0,9.400021e-05,0
LA_D_1715736,0,0.0002211223,0
LA_D_1720051,0,0.00014456199,0
LA_D_1752505,0,0.00010313496,0
LA_D_1792171,0,0.00018275267,0
LA_D_1831983,0,0.000264825,0
LA_D_1873983,0,0.00014572537,0
LA_D_1963562,0,0.0001640257,0
LA_D_1971495,0,0.00038867182,0
LA_D_2000931,0,0.0001640368,0
LA_D_2001268,0,0.00035379644,0
LA_D_2008849,0,0.00014224225,0
LA_D_2032238,0,0.00019611254,0
LA_D_2032856,0,0.000119145094,0
LA_D_2055265,0,7.599739e-05,0
LA_D_2093249,0,0.000118009986,0
LA_D_2100359,0,7.660364e-05,0
LA_D_2155436,0,0.000106901316,0
LA_D_2175913,0,4.5610068e-05,0
LA_D_2222599,0,7.269071e-05,0
LA_D_2237091,0,5.7351812e-05,0
LA_D_2261624,0,7.719011e-05,0
LA_D_2281133,0,0.00023753583,0
LA_D_2287702,0,9.0770445e-05,0
LA_D_2301862,0,0.00048011143,0
LA_D_2456934,0,0.00010746715,0
LA_D_2493328,0,0.0001847909,0
LA_D_2525638,0,4.6850677e-05,0
LA_D_2591082,0,8.7706176e-05,0
LA_D_2605424,0,0.00020695833,0
LA_D_2608999,0,0.000118657335,0
LA_D_2621087,0,0.00010539439,0
LA_D_2635826,0,0.00028317215,0
LA_D_2645983,0,0.0001995717,0
LA_D_2658373,0,9.786517e-05,0
LA_D_2689749,0,5.7190377e-05,0
LA_D_2692106,0,6.8760324e-05,0
LA_D_2699759,0,0.0005163985,0
LA_D_2700751,0,6.9264686e-05,0
LA_D_2702031,0,7.5888696e-05,0
LA_D_2753476,0,0.00012195879,0
LA_D_2762615,0,2.7943977e-05,0
LA_D_2809182,0,0.0003363985,0
LA_D_2850729,0,8.5985645e-05,0
LA_D_2910877,0,0.0006039718,0
LA_D_2963073,0,0.00011253534,0
LA_D_2972508,0,0.00018756819,0
LA_D_2977758,0,0.001475312,0
LA_D_3011525,0,0.00024375845,0
LA_D_3050370,0,0.00012765032,0
LA_D_3137821,0,9.845139e-05,0
LA_D_3171966,0,5.0360188e-05,0
LA_D_3272948,0,0.00012558205,0
LA_D_3303654,0,0.0015932954,0
LA_D_3348534,0,0.00012814143,0
LA_D_3399429,0,0.000121649835,0
LA_D_3432828,0,9.414626e-05,0
LA_D_3528786,0,0.00020078121,0
LA_D_3558657,0,3.213786e-05,0
LA_D_3566699,0,0.00010560565,0
LA_D_3642968,0,0.00010291215,0
LA_D_3648708,0,0.0012153247,0
LA_D_3697021,0,0.00037823457,0
LA_D_3730486,0,0.00015267644,0
LA_D_3758555,0,0.0027118395,0
LA_D_3760320,0,5.5556437e-05,0
LA_D_3774067,0,0.00058426283,0
LA_D_3780158,0,0.00023087008,0
LA_D_3785861,0,9.6323616e-05,0
LA_D_3897774,0,8.806989e-05,0
LA_D_3921229,0,8.80751e-05,0
LA_D_3945632,0,0.00022757305,0
LA_D_3978597,0,0.0002522923,0
LA_D_4005135,0,0.00011937071,0
LA_D_4044847,0,0.00010267935,0
LA_D_4052546,0,0.000319224,0
LA_D_4055037,0,0.000117122996,0
LA_D_4055401,0,0.000108027714,0
LA_D_4065133,0,0.0002806746,0
LA_D_4099567,0,0.00016451643,0
LA_D_4134402,0,0.00040584066,0
LA_D_4149358,0,0.00025909225,0
LA_D_4163686,0,0.00024636483,0
LA_D_4183410,0,0.00021202417,0
LA_D_4242553,0,4.2724972e-05,0
LA_D_4284546,0,8.568378e-05,0
LA_D_4317452,0,0.00010482169,0
LA_D_4369698,0,6.083056e-05,0
LA_D_4373208,0,0.00022763903,0
LA_D_4388088,0,0.00012495708,0
LA_D_4404747,0,0.0010518127,0
LA_D_4405252,0,0.00018092783,0
LA_D_4430544,0,0.0013489544,0
LA_D_4437552,0,7.750934e-05,0
LA_D_4480904,0,0.00010265732,0
LA_D_4490090,0,0.00012513903,0
LA_D_4532309,0,4.963353e-05,0
LA_D_4545454,0,0.00025579002,0
LA_D_4574682,0,0.00037959422,0
LA_D_4578335,0,0.00031937164,0
LA_D_4594053,0,0.00042267746,0
LA_D_4595397,0,7.074504e-05,0
LA_D_4601718,0,9.087238e-05,0
LA_D_4635608,0,0.00014209218,0
LA_D_4643368,0,0.00027549782,0
LA_D_4648727,0,9.835173e-05,0
LA_D_4652445,0,0.0004747454,0
LA_D_4654553,0,0.00016416449,0
LA_D_4701377,0,0.00010260594,0
LA_D_4731106,0,0.00014337616,0
LA_D_4731613,0,0.00014797921,0
LA_D_4746307,0,4.293573e-05,0
LA_D_4773151,0,5.8348436e-05,0
LA_D_4813834,0,3.621715e-05,0
LA_D_4825664,0,0.00011044654,0
LA_D_4828499,0,0.001711037,0
LA_D_4834984,0,9.7826356e-05,0
LA_D_4854132,0,0.0003240788,0
LA_D_4862428,0,7.315565e-05,0
LA_D_4863657,0,0.000113890834,0
LA_D_4874349,0,5.2317784e-05,0
LA_D_4899855,0,0.0008080486,0
LA_D_4902814,0,0.00016454687,0
LA_D_4912073,0,0.00019960539,0
LA_D_4942458,0,0.0007876543,0
LA_D_4951542,0,6.407516e-05,0
LA_D_4972084,0,9.2177586e-05,0
LA_D_4972276,0,0.00012023882,0
LA_D_5026947,0,8.157617e-05,0
LA_D_5029058,0,0.001129529,0
LA_D_5091062,0,0.0006964639,0
LA_D_5110260,0,0.00010363351,0
LA_D_5161834,0,0.0002604165,0
LA_D_5234492,0,0.00021489612,0
LA_D_5258398,0,3.3584813e-05,0
LA_D_5268360,0,5.9810023e-05,0
LA_D_5277589,0,7.702966e-05,0
LA_D_5307111,0,0.00019425686,0
LA_D_5380655,0,0.0004336869,0
LA_D_5383288,0,0.00021325954,0
LA_D_5384713,0,8.254784e-05,0
LA_D_5441228,0,0.00011167247,0
LA_D_5465161,0,9.461948e-05,0
LA_D_5468030,0,0.00016135692,0
LA_D_5484814,0,4.0576928e-05,0
LA_D_5490216,0,0.00021878333,0
LA_D_5600881,0,3.5222074e-05,0
LA_D_5606927,0,9.927496e-05,0
LA_D_5625821,0,8.017634e-05,0
LA_D_5652919,0,4.2110052e-05,0
LA_D_5686859,0,0.00052115746,0
LA_D_5693748,0,8.57105e-05,0
LA_D_5733130,0,0.00010852103,0
LA_D_5800320,0,0.00026319668,0
LA_D_5880967,0,0.00021612493,0
LA_D_5890270,0,0.00016734673,0
LA_D_5917800,0,0.00012797573,0
LA_D_5966849,0,8.754849e-05,0
LA_D_6036698,0,0.00011306605,0
LA_D_6057135,0,7.555444e-05,0
LA_D_6082119,0,4.73739e-05,0
LA_D_6108867,0,0.024142124,0
LA_D_6163484,0,0.00012570329,0
LA_D_6181384,0,0.00014476848,0
LA_D_6198057,0,0.00015905562,0
LA_D_6233623,0,0.00019148918,0
LA_D_6259512,0,0.00013505225,0
LA_D_6290649,0,0.00011705756,0
LA_D_6339345,0,0.00082066294,0
LA_D_6363603,0,0.0005024559,0
LA_D_6390676,0,9.364994e-05,0
LA_D_6425341,0,0.00013746234,0
LA_D_6469729,0,0.0001708371,0
LA_D_6550422,0,0.00013347548,0
LA_D_6569143,0,8.159912e-05,0
LA_D_6575832,0,0.000100629324,0
LA_D_6592592,0,4.697424e-05,0
LA_D_6646559,0,0.00011064176,0
LA_D_6671856,0,0.00010811479,0
LA_D_6699236,0,0.00026283055,0
LA_D_6720174,0,0.00026785873,0
LA_D_6729704,0,7.59204e-05,0
LA_D_6737153,0,0.00017721782,0
LA_D_6740718,0,6.702222e-05,0
LA_D_6744854,0,6.400505e-05,0
LA_D_6770921,0,7.0272894e-05,0
LA_D_6946918,0,0.0001565608,0
LA_D_6965022,0,0.0003732556,0
LA_D_7018177,0,5.818969e-05,0
LA_D_7139647,0,6.906933e-05,0
LA_D_7220301,0,0.00015507772,0
LA_D_7260077,0,0.0004487036,0
LA_D_7274481,0,4.32638e-05,0
LA_D_7281516,0,0.0004546729,0
LA_D_7303668,0,0.00054991985,0
LA_D_7303817,0,0.00023393655,0
LA_D_7303874,0,2.2156624e-05,0
LA_D_7315219,0,0.00018762703,0
LA_D_7317798,0,0.00038835293,0
LA_D_7326224,0,7.777092e-05,0
LA_D_7400275,0,0.00010888715,0
LA_D_7432306,0,9.853742e-05,0
LA_D_7487498,0,0.00014332586,0
LA_D_7528720,0,0.00021451167,0
LA_D_7544106,0,0.0002632142,0
LA_D_7555122,0,2.5713907e-05,0
LA_D_7597009,0,0.00014480646,0
LA_D_7608721,0,0.00019974817,0
LA_D_7634891,0,9.8549826e-05,0
LA_D_7639419,0,0.0001825599,0
LA_D_7667162,0,0.00018499627,0
LA_D_7671138,0,0.00019546697,0
LA_D_7673547,0,0.00081440975,0
LA_D_7682078,0,0.00016040717,0
LA_D_7692880,0,9.447505e-05,0
LA_D_7693054,0,9.714532e-05,0
LA_D_7730796,0,0.0011457158,0
LA_D_7783843,0,0.00018453682,0
LA_D_7805732,0,0.00018412045,0
LA_D_7954225,0,5.442471e-05,0
LA_D_8006892,0,0.00010502198,0
LA_D_8082589,0,8.7228575e-05,0
LA_D_8093393,0,0.00032085512,0
LA_D_8093888,0,7.8764315e-05,0
LA_D_8110920,0,0.00015438002,0
LA_D_8188766,0,0.0001288548,0
LA_D_8195927,0,8.791945e-05,0
LA_D_8236842,0,0.0010461943,0
LA_D_8236895,0,0.0001135146,0
LA_D_8243247,0,0.0011874066,0
LA_D_8251788,0,0.0007755477,0
LA_D_8268056,0,5.019774e-05,0
LA_D_8306822,0,3.1129064e-05,0
LA_D_8381795,0,0.00011334522,0
LA_D_8387799,0,0.00040606278,0
LA_D_8414298,0,0.0001222106,0
LA_D_8491883,0,0.00043215704,0
LA_D_8564423,0,0.00067315716,0
LA_D_8604190,0,0.0002265119,0
LA_D_8615165,0,0.00020211116,0
LA_D_8659821,0,0.00012383897,0
LA_D_8741984,0,0.00015426891,0
LA_D_8749085,0,0.00012411702,0
LA_D_8773075,0,6.992789e-05,0
LA_D_8777052,0,0.00026516078,0
LA_D_8801540,0,0.0003019932,0
LA_D_8841946,0,0.00014810867,0
LA_D_8844856,0,7.7116245e-05,0
LA_D_8969123,0,3.875808e-05,0
LA_D_8977843,0,0.00018374987,0
LA_D_9022649,0,0.00022708946,0
LA_D_9027862,0,0.0003684939,0
LA_D_9044257,0,0.00017282565,0
LA_D_9050678,0,0.00010192108,0
LA_D_9115816,0,0.00011204451,0
LA_D_9142152,0,0.0001519775,0
LA_D_9153526,0,0.00016576148,0
LA_D_9190511,0,0.00012229009,0
LA_D_9350162,0,5.519755e-05,0
LA_D_9405115,0,0.000112393995,0
LA_D_9406840,0,0.00025868177,0
LA_D_9423650,0,0.005281379,0
LA_D_9450569,0,0.00010944793,0
LA_D_9452684,0,0.00019706904,0
LA_D_9472783,0,9.091745e-05,0
LA_D_9475051,0,9.540663e-05,0
LA_D_9554324,0,0.00019229883,0
LA_D_9608491,0,0.00013585809,0
LA_D_9684230,0,9.702405e-05,0
LA_D_9688217,0,0.00027516496,0
LA_D_9759514,0,0.00012524505,0
LA_D_9781138,0,9.505764e-05,0
LA_D_9793252,0,0.00031044797,0
LA_D_9808796,0,0.00036989574,0
LA_D_9826790,0,7.5997246e-05,0
LA_D_9836454,0,0.0025045185,0
LA_D_9846875,0,9.8899094e-05,0
LA_D_9868970,0,0.00040662408,0
LA_D_9880269,0,0.0002785316,0
LA_D_9959948,0,0.00021979152,0
LA_D_9962361,0,7.5722724e-05,0
LA_D_1004406,0,0.00050719763,0
LA_D_1038888,0,0.00013525433,0
LA_D_1050709,0,0.00010865439,0
LA_D_1055238,0,0.00032134954,0
LA_D_1063719,0,0.00012189217,0
LA_D_1085566,0,0.0005471968,0
LA_D_1091601,0,0.00014776575,0
LA_D_1096227,0,0.00020789735,0
LA_D_1110769,0,0.00011449167,0
LA_D_1126775,0,0.000111547524,0
LA_D_1150140,0,7.555351e-05,0
LA_D_1198374,0,0.000113857604,0
LA_D_1301495,0,0.00012863897,0
LA_D_1343070,0,9.2436996e-05,0
LA_D_1348512,0,0.000103300714,0
LA_D_1391132,0,0.00045029412,0
LA_D_1413701,0,0.0024120985,0
LA_D_1414826,0,0.0011738787,0
LA_D_1479561,0,0.0006170748,0
LA_D_1516617,0,9.91033e-05,0
LA_D_1528504,0,0.00017736845,0
LA_D_1534944,0,4.5713616e-05,0
LA_D_1614382,0,0.00021451189,0
LA_D_1639860,0,9.6947566e-05,0
LA_D_1678967,0,0.00012423484,0
LA_D_1707779,0,0.0025370268,0
LA_D_1725718,0,0.00024762237,0
LA_D_1734049,0,9.982765e-05,0
LA_D_1751918,0,0.00013415866,0
LA_D_1772977,0,4.219829e-05,0
LA_D_1805502,0,0.00017716645,0
LA_D_1812831,0,0.00036927598,0
LA_D_1880286,0,8.787327e-05,0
LA_D_1895153,0,0.00042361085,0
LA_D_1924915,0,5.320054e-05,0
LA_D_1925258,0,0.000109019405,0
LA_D_1976814,0,8.382217e-05,0
LA_D_1992569,0,9.979632e-05,0
LA_D_2069465,0,0.00013415495,0
LA_D_2081014,0,0.00027782161,0
LA_D_2153758,0,0.00012256502,0
LA_D_2166742,0,0.00017006963,0
LA_D_2182436,0,5.0124316e-05,0
LA_D_2195770,0,8.562725e-05,0
LA_D_2230362,0,0.00028118698,0
LA_D_2233973,0,0.00014345713,0
LA_D_2259476,0,0.00015183137,0
LA_D_2290223,0,0.00012665681,0
LA_D_2305845,0,0.0004973161,0
LA_D_2340415,0,6.7704816e-05,0
LA_D_2350008,0,0.0003660863,0
LA_D_2363543,0,7.772859e-05,0
LA_D_2412410,0,8.3093095e-05,0
LA_D_2448162,0,0.00011444616,0
LA_D_2461506,0,0.00027247862,0
LA_D_2570544,0,0.00013815328,0
LA_D_2658907,0,0.00028486483,0
LA_D_2728150,0,0.00073059066,0
LA_D_2739423,0,9.2749295e-05,0
LA_D_2851293,0,0.0012228435,0
LA_D_2853583,0,0.0061093993,0
LA_D_2864689,0,0.001465671,0
LA_D_2878966,0,0.00040388852,0
LA_D_2909263,0,0.00025862383,0
LA_D_2938296,0,8.371313e-05,0
LA_D_2943031,0,5.16733e-05,0
LA_D_3027137,0,0.00010404294,0
LA_D_3047959,0,0.00030788218,0
LA_D_3078454,0,0.00017493322,0
LA_D_3113300,0,0.00016718994,0
LA_D_3130414,0,8.786212e-05,0
LA_D_3204150,0,9.261319e-05,0
LA_D_3263579,0,0.000112400434,0
LA_D_3274635,0,0.00073296943,0
LA_D_3290566,0,4.1185485e-05,0
LA_D_3325540,0,5.3050837e-05,0
LA_D_3349542,0,0.00026986175,0
LA_D_3375994,0,0.0009992175,0
LA_D_3389603,0,0.00034869835,0
LA_D_3470341,0,5.5945064e-05,0
LA_D_3504200,0,0.00010398373,0
LA_D_3512336,0,4.6976213e-05,0
LA_D_3533142,0,0.00032134185,0
LA_D_3543093,0,0.00013989808,0
LA_D_3579823,0,8.8707355e-05,0
LA_D_3582263,0,0.00029069054,0
LA_D_3598081,0,0.00013416557,0
LA_D_3615500,0,0.000103605744,0
LA_D_3634420,0,0.0001767598,0
LA_D_3635835,0,0.00010824179,0
LA_D_3636142,0,0.00021415055,0
LA_D_3645082,0,0.00026535348,0
LA_D_3709016,0,7.09465e-05,0
LA_D_3762985,0,0.00016191837,0
LA_D_3767360,0,0.0005022841,0
LA_D_3770745,0,8.485893e-05,0
LA_D_3803791,0,0.00030191115,0
LA_D_3845484,0,0.00024895088,0
LA_D_3848465,0,0.00015638267,0
LA_D_3854807,0,0.00020966025,0
LA_D_3872770,0,0.00010278034,0
LA_D_3878527,0,0.0001367476,0
LA_D_3914577,0,0.00020608795,0
LA_D_4005743,0,0.00024950405,0
LA_D_4008967,0,0.000249554,0
LA_D_4052276,0,8.256658e-05,0
LA_D_4121148,0,8.8113076e-05,0
LA_D_4187375,0,9.902801e-05,0
LA_D_4195600,0,7.559228e-05,0
LA_D_4201607,0,0.0016642199,0
LA_D_4228550,0,0.0011473694,0
LA_D_4264656,0,0.00010624076,0
LA_D_4282533,0,9.470595e-05,0
LA_D_4309122,0,0.0007845927,0
LA_D_4324943,0,3.805837e-05,0
LA_D_4341247,0,0.0011578724,0
LA_D_4401901,0,0.016032029,0
LA_D_4407357,0,0.0002933183,0
LA_D_4416329,0,5.8429727e-05,0
LA_D_4499477,0,0.0001060784,0
LA_D_4516952,0,0.00026348088,0
LA_D_4545082,0,0.00015533256,0
LA_D_4581451,0,0.00010784287,0
LA_D_4583809,0,7.891844e-05,0
LA_D_4588355,0,0.00039002512,0
LA_D_4599014,0,0.00015420288,0
LA_D_4662308,0,0.00012224287,0
LA_D_4665317,0,0.00016653824,0
LA_D_4719892,0,0.00034479797,0
LA_D_4737764,0,0.00014851666,0
LA_D_4768782,0,0.0034488034,0
LA_D_4842833,0,0.00040446068,0
LA_D_4884741,0,0.0026584195,0
LA_D_4895062,0,0.00029760017,0
LA_D_4897222,0,0.00012784741,0
LA_D_4915395,0,0.000101155594,0
LA_D_4922394,0,0.00090357335,0
LA_D_4965981,0,6.728459e-05,0
LA_D_5120726,0,0.00021513765,0
LA_D_5126554,0,0.0026220446,0
LA_D_5140118,0,8.324657e-05,0
LA_D_5187334,0,0.00017191756,0
LA_D_5205569,0,5.8441045e-05,0
LA_D_5229682,0,0.00055346405,0
LA_D_5359950,0,0.0002747707,0
LA_D_5380614,0,0.00014137589,0
LA_D_5381315,0,0.00013142684,0
LA_D_5396174,0,0.0016179035,0
LA_D_5407356,0,0.0005708247,0
LA_D_5430421,0,4.19137e-05,0
LA_D_5437717,0,8.4855776e-05,0
LA_D_5448474,0,0.00015418125,0
LA_D_5449899,0,0.00018059862,0
LA_D_5462959,0,0.00015016594,0
LA_D_5473083,0,8.607827e-05,0
LA_D_5506307,0,0.00013924649,0
LA_D_5531330,0,0.0003606963,0
LA_D_5532100,0,6.212107e-05,0
LA_D_5535805,0,0.00012594926,0
LA_D_5579476,0,8.299284e-05,0
LA_D_5594622,0,0.00013551589,0
LA_D_5637979,0,0.0019858,0
LA_D_5697626,0,0.00010393486,0
LA_D_5706448,0,5.009273e-05,0
LA_D_5723701,0,0.0001594632,0
LA_D_5835778,0,0.00021124631,0
LA_D_5835948,0,9.127866e-05,0
LA_D_5837845,0,0.0001687528,0
LA_D_5873514,0,0.00013294454,0
LA_D_5880856,0,9.889033e-05,0
LA_D_5910081,0,0.00024474657,0
LA_D_5938241,0,0.00017266933,0
LA_D_6038912,0,0.0005849587,0
LA_D_6065429,0,0.0004297702,0
LA_D_6105321,0,0.0001680386,0
LA_D_6107290,0,0.000107714,0
LA_D_6112086,0,0.0015693869,0
LA_D_6128648,0,0.00027222806,0
LA_D_6201103,0,0.00014955978,0
LA_D_6201607,0,0.00033030886,0
LA_D_6245298,0,0.0001160618,0
LA_D_6262648,0,0.000955547,0
LA_D_6276774,0,0.008839865,0
LA_D_6333663,0,0.0011474031,0
LA_D_6353064,0,0.00032156098,0
LA_D_6409786,0,0.00019122606,0
LA_D_6423308,0,0.00027047502,0
LA_D_6444125,0,7.383096e-05,0
LA_D_6450379,0,0.00016171872,0
LA_D_6465758,0,0.00013778964,0
LA_D_6485701,0,5.7519468e-05,0
LA_D_6518794,0,0.00012733472,0
LA_D_6582126,0,7.547509e-05,0
LA_D_6601160,0,9.201793e-05,0
LA_D_6620261,0,0.004202066,0
LA_D_6634897,0,0.00029316847,0
LA_D_6682326,0,0.001079791,0
LA_D_6691337,0,0.00023872916,0
LA_D_6711029,0,9.981946e-05,0
LA_D_6712579,0,0.0019324704,0
LA_D_6780816,0,0.0002023844,0
LA_D_6802153,0,0.00029188275,0
LA_D_6811737,0,0.000117101656,0
LA_D_6865799,0,0.010476942,0
LA_D_6878756,0,2.2358525e-05,0
LA_D_6893706,0,0.00027415995,0
LA_D_6903594,0,0.00011276543,0
LA_D_6906792,0,9.049354e-05,0
LA_D_6947953,0,0.00010716219,0
LA_D_6961697,0,0.00015247334,0
LA_D_6984588,0,0.00015355097,0
LA_D_6985192,0,0.0001260693,0
LA_D_7012203,0,3.658343e-05,0
LA_D_7017711,0,9.192155e-05,0
LA_D_7026375,0,0.0001243447,0
LA_D_7041352,0,0.00016864488,0
LA_D_7052613,0,0.0016652104,0
LA_D_7098546,0,0.0001614086,0
LA_D_7112692,0,0.0009911186,0
LA_D_7112975,0,8.045067e-05,0
LA_D_7137971,0,6.878163e-05,0
LA_D_7148219,0,0.00016218417,0
LA_D_7157816,0,0.0011060813,0
LA_D_7206552,0,6.11466e-05,0
LA_D_7224171,0,0.0013777759,0
LA_D_7234278,0,0.00018003126,0
LA_D_7264686,0,6.940473e-05,0
LA_D_7273954,0,0.00015361335,0
LA_D_7300406,0,7.5334e-05,0
LA_D_7320269,0,0.0004617451,0
LA_D_7338327,0,0.00032964855,0
LA_D_7369444,0,6.3711406e-05,0
LA_D_7408392,0,4.4826567e-05,0
LA_D_7448493,0,0.0002879795,0
LA_D_7461756,0,0.000109086686,0
LA_D_7473280,0,0.00036508916,0
LA_D_7482753,0,0.00013839548,0
LA_D_7489677,0,0.0001534933,0
LA_D_7504343,0,6.316417e-05,0
LA_D_7519102,0,0.00022166669,0
LA_D_7562913,0,7.827948e-05,0
LA_D_7694154,0,0.00031299365,0
LA_D_7736435,0,8.105702e-05,0
LA_D_7769275,0,8.381537e-05,0
LA_D_7780225,0,0.0037493815,0
LA_D_7810138,0,0.00015980552,0
LA_D_7824275,0,9.1924e-05,0
LA_D_7855371,0,0.00019325408,0
LA_D_7979163,0,8.156038e-05,0
LA_D_8056722,0,0.00015258913,0
LA_D_8056974,0,0.0005147856,0
LA_D_8111703,0,2.5573634e-05,0
LA_D_8145413,0,5.9643822e-05,0
LA_D_8170828,0,0.00013299349,0
LA_D_8228939,0,0.00010665217,0
LA_D_8243405,0,9.9664336e-05,0
LA_D_8287063,0,0.00032786268,0
LA_D_8348783,0,0.00011888157,0
LA_D_8367777,0,7.6794524e-05,0
LA_D_8500724,0,7.120962e-05,0
LA_D_8539674,0,0.0003933768,0
LA_D_8560239,0,0.0001820596,0
LA_D_8624575,0,2.8961991e-05,0
LA_D_8661283,0,6.342286e-05,0
LA_D_8664408,0,0.00023934251,0
LA_D_8715195,0,0.00027657818,0
LA_D_8766017,0,8.663949e-05,0
LA_D_8811694,0,0.00036553072,0
LA_D_8904858,0,8.3375504e-05,0
LA_D_8929588,0,0.00055844773,0
LA_D_8932667,0,0.00016866,0
LA_D_8961621,0,0.0014646037,0
LA_D_8997256,0,0.0064921067,0
LA_D_9014300,0,0.00021155427,0
LA_D_9014425,0,0.00020987047,0
LA_D_9036703,0,0.005623976,0
LA_D_9096187,0,0.0005552293,0
LA_D_9105267,0,0.000111132176,0
LA_D_9117562,0,6.9243426e-05,0
LA_D_9250654,0,0.00035231884,0
LA_D_9290170,0,3.882963e-05,0
LA_D_9347930,0,0.00030206027,0
LA_D_9361903,0,0.00023991207,0
LA_D_9395081,0,0.00010137489,0
LA_D_9416941,0,7.06483e-05,0
LA_D_9439129,0,0.00021196334,0
LA_D_9467702,0,0.000112797476,0
LA_D_9486157,0,2.2955337e-05,0
LA_D_9500158,0,0.0008960834,0
LA_D_9502397,0,0.0044335085,0
LA_D_9526919,0,0.00014320402,0
LA_D_9603838,0,0.00022522683,0
LA_D_9636629,0,5.1953648e-05,0
LA_D_9643063,0,0.00014190303,0
LA_D_9652883,0,5.87858e-05,0
LA_D_9654133,0,0.00014756678,0
LA_D_9654635,0,0.00037877148,0
LA_D_9663298,0,7.710565e-05,0
LA_D_9726070,0,0.00038014972,0
LA_D_9731339,0,8.2417195e-05,0
LA_D_9752133,0,7.550885e-05,0
LA_D_9754579,0,0.00022882236,0
LA_D_9774744,0,0.00035950917,0
LA_D_9787469,0,0.0003669966,0
LA_D_9816404,0,0.0002781837,0
LA_D_9837343,0,0.00023954475,0
LA_D_9850214,0,0.00010136967,0
LA_D_9943041,0,0.0001624169,0
LA_D_1026545,0,0.00026791645,0
LA_D_1032197,0,0.00016653951,0
LA_D_1034329,0,0.0002836442,0
LA_D_1048234,0,0.00010934277,0
LA_D_1074364,0,0.00014453441,0
LA_D_1099405,0,0.00012855706,0
LA_D_1117567,0,0.00011046751,0
LA_D_1137303,0,0.00010048636,0
LA_D_1140227,0,0.00016032292,0
LA_D_1158260,0,0.00048215178,0
LA_D_1167294,0,0.00089682906,0
LA_D_1169125,0,0.00036088788,0
LA_D_1230972,0,0.0002379611,0
LA_D_1268493,0,0.00035603024,0
LA_D_1329749,0,0.00038680737,0
LA_D_1361818,0,0.0004411484,0
LA_D_1408290,0,0.00039291356,0
LA_D_1440908,0,0.00052391976,0
LA_D_1449303,0,0.0005726394,0
LA_D_1488314,0,0.0001174246,0
LA_D_1506631,0,0.000108809094,0
LA_D_1544944,0,0.00038417836,0
LA_D_1551137,0,0.0003097606,0
LA_D_1555028,0,0.00024651262,0
LA_D_1563071,0,0.0001247749,0
LA_D_1604925,0,8.07569e-05,0
LA_D_1654772,0,0.0002708704,0
LA_D_1714449,0,0.00011503754,0
LA_D_1723393,0,0.000105193576,0
LA_D_1738100,0,0.00012441634,0
LA_D_1755776,0,0.00035112447,0
LA_D_1768067,0,9.085931e-05,0
LA_D_1775541,0,0.0003957589,0
LA_D_1830521,0,0.00018488096,0
LA_D_1847073,0,0.00029932483,0
LA_D_1860065,0,0.0001696398,0
LA_D_1861262,0,0.0005603133,0
LA_D_1864612,0,7.5233715e-05,0
LA_D_1865763,0,0.00013509668,0
LA_D_1906480,0,0.0002248685,0
LA_D_1918819,0,0.00019624272,0
LA_D_1966095,0,0.00011963759,0
LA_D_1975267,0,0.0006234035,0
LA_D_1984425,0,0.00034441456,0
LA_D_1998989,0,6.0328377e-05,0
LA_D_2000640,0,6.256779e-05,0
LA_D_2013632,0,0.00031553346,0
LA_D_2017160,0,0.00015655514,0
LA_D_2017678,0,0.00011415766,0
LA_D_2039939,0,0.00012624239,0
LA_D_2045953,0,0.00015622319,0
LA_D_2059102,0,8.355809e-05,0
LA_D_2078394,0,0.00013901433,0
LA_D_2103653,0,5.8426613e-05,0
LA_D_2104529,0,0.00022376639,0
LA_D_2106919,0,0.00013772644,0
LA_D_2108357,0,0.000108787615,0
LA_D_2161873,0,0.00020248533,0
LA_D_2212427,0,0.00012077856,0
LA_D_2234125,0,0.00015253836,0
LA_D_2244005,0,0.00011403481,0
LA_D_2276836,0,0.00031487655,0
LA_D_2292066,0,0.00014284234,0
LA_D_2319940,0,0.00013857613,0
LA_D_2336005,0,0.00016237324,0
LA_D_2371320,0,0.00038412522,0
LA_D_2386184,0,0.00014055903,0
LA_D_2386577,0,0.00027122058,0
LA_D_2426319,0,0.00025001555,0
LA_D_2428433,0,7.0420945e-05,0
LA_D_2443752,0,0.00025341669,0
LA_D_2445037,0,0.0003142063,0
LA_D_2455516,0,0.0003531619,0
LA_D_2508484,0,0.00017361631,0
LA_D_2509891,0,0.0002612212,0
LA_D_2522340,0,7.54322e-05,0
LA_D_2528296,0,6.144787e-05,0
LA_D_2602670,0,0.00015118545,0
LA_D_2609462,0,0.00016075262,0
LA_D_2632286,0,0.00013945738,0
LA_D_2648941,0,8.8706765e-05,0
LA_D_2730974,0,0.0001507316,0
LA_D_2800343,0,0.00020570258,0
LA_D_2807440,0,2.724336e-05,0
LA_D_2873975,0,8.2160834e-05,0
LA_D_2888191,0,0.00039739703,0
LA_D_2943983,0,0.00010295259,0
LA_D_2984512,0,0.00052663946,0
LA_D_2986383,0,0.00013747912,0
LA_D_2999694,0,8.47787e-05,0
LA_D_3039018,0,0.00015695287,0
LA_D_3097956,0,0.00022643998,0
LA_D_3131527,0,0.00022979749,0
LA_D_3135627,0,7.160369e-05,0
LA_D_3144528,0,0.00015677293,0
LA_D_3192629,0,8.7447705e-05,0
LA_D_3197572,0,8.108562e-05,0
LA_D_3197929,0,0.0001983886,0
LA_D_3200206,0,0.0004052886,0
LA_D_3220081,0,0.00025100005,0
LA_D_3244618,0,0.00011151051,0
LA_D_3256092,0,0.00019301007,0
LA_D_3303443,0,0.00012704243,0
LA_D_3367868,0,0.00020926204,0
LA_D_3376846,0,0.00013862543,0
LA_D_3395368,0,0.00041978314,0
LA_D_3426729,0,0.00028146702,0
LA_D_3443299,0,0.00015332479,0
LA_D_3465485,0,0.00028344497,0
LA_D_3478144,0,0.0001627513,0
LA_D_3565303,0,0.00024091835,0
LA_D_3593160,0,0.00010197679,0
LA_D_3597738,0,5.6090317e-05,0
LA_D_3604214,0,0.0002485927,0
LA_D_3614881,0,0.00020880224,0
LA_D_3614949,0,0.00012542467,0
LA_D_3617105,0,0.00035065148,0
LA_D_3727622,0,0.00017634315,0
LA_D_3767704,0,0.00017617509,0
LA_D_3782076,0,0.0003506712,0
LA_D_3788675,0,0.0001410608,0
LA_D_3792366,0,0.0001657082,0
LA_D_3799314,0,0.00012729016,0
LA_D_3849533,0,0.0003942658,0
LA_D_3888968,0,9.8202545e-05,0
LA_D_3915707,0,0.00020496409,0
LA_D_3943938,0,0.00042517245,0
LA_D_3980944,0,0.00011602838,0
LA_D_3989246,0,0.000104798506,0
LA_D_4039836,0,0.00019934462,0
LA_D_4048306,0,0.0002775913,0
LA_D_4052162,0,0.0006207503,0
LA_D_4056923,0,5.5129636e-05,0
LA_D_4107126,0,0.00019504862,0
LA_D_4114596,0,0.00023565315,0
LA_D_4142294,0,0.00032051574,0
LA_D_4148714,0,7.220923e-05,0
LA_D_4155987,0,0.0002058454,0
LA_D_4189838,0,7.916635e-05,0
LA_D_4194240,0,0.00014133385,0
LA_D_4203364,0,9.8768556e-05,0
LA_D_4234032,0,0.00013832978,0
LA_D_4253580,0,5.2924766e-05,0
LA_D_4258977,0,0.00018898999,0
LA_D_4278889,0,0.00015434659,0
LA_D_4300523,0,0.00030676674,0
LA_D_4321061,0,0.00012989934,0
LA_D_4332689,0,0.002565113,0
LA_D_4348250,0,7.320924e-05,0
LA_D_4398059,0,0.00020588526,0
LA_D_4432873,0,0.00034804802,0
LA_D_4440657,0,0.00012452411,0
LA_D_4463511,0,0.00042079715,0
LA_D_4527658,0,0.00016583657,0
LA_D_4557906,0,0.00025471993,0
LA_D_4562820,0,0.00011813259,0
LA_D_4593106,0,0.00010252173,0
LA_D_4603886,0,0.00014587077,0
LA_D_4691600,0,0.00026214184,0
LA_D_4708858,0,5.108169e-05,0
LA_D_4729804,0,0.00019219618,0
LA_D_4750966,0,0.00015649917,0
LA_D_4760053,0,0.00016984633,0
LA_D_4870195,0,0.00023375663,0
LA_D_4874226,0,0.00011583072,0
LA_D_4915695,0,0.00011795474,0
LA_D_4963074,0,6.3784544e-05,0
LA_D_4979134,0,6.262295e-05,0
LA_D_4992708,0,6.9336194e-05,0
LA_D_5009375,0,5.1107076e-05,0
LA_D_5016623,0,0.00023740473,0
LA_D_5030185,0,9.901781e-05,0
LA_D_5051331,0,0.00031789162,0
LA_D_5076610,0,0.00034489462,0
LA_D_5076694,0,0.0003986415,0
LA_D_5091691,0,0.0003058553,0
LA_D_5100182,0,0.00012652777,0
LA_D_5118215,0,0.00021444625,0
LA_D_5127521,0,0.0003149309,0
LA_D_5133121,0,0.00013166906,0
LA_D_5135623,0,0.000108691704,0
LA_D_5140041,0,0.00018530365,0
LA_D_5170428,0,0.00021956176,0
LA_D_5177326,0,0.00023444142,0
LA_D_5181684,0,0.00023141352,0
LA_D_5193789,0,9.563271e-05,0
LA_D_5209189,0,0.0005673879,0
LA_D_5234713,0,0.0001605351,0
LA_D_5327544,0,7.302391e-05,0
LA_D_5341623,0,0.00015063002,0
LA_D_5374725,0,0.0005091735,0
LA_D_5383636,0,0.00014888718,0
LA_D_5472358,0,0.0004941049,0
LA_D_5549868,0,6.843618e-05,0
LA_D_5563808,0,0.0002419314,0
LA_D_5570032,0,0.00013889057,0
LA_D_5586705,0,0.00016197568,0
LA_D_5679699,0,0.00012479514,0
LA_D_5682639,0,0.0002907496,0
LA_D_5699257,0,0.00031264892,0
LA_D_5711305,0,0.00023736285,0
LA_D_5738684,0,0.0014823165,0
LA_D_5751891,0,0.00036830283,0
LA_D_5776830,0,0.00015044844,0
LA_D_5798590,0,0.00019394854,0
LA_D_5819741,0,0.00049460866,0
LA_D_5830215,0,0.00012143044,0
LA_D_5855679,0,0.00029930685,0
LA_D_5948278,0,0.00015130891,0
LA_D_5954862,0,9.8230084e-05,0
LA_D_5959728,0,0.0009258488,0
LA_D_5991498,0,0.00010083105,0
LA_D_6000471,0,6.9543785e-05,0
LA_D_6001731,0,5.854323e-05,0
LA_D_6026070,0,0.00033675626,0
LA_D_6045245,0,9.3223425e-05,0
LA_D_6046443,0,0.00016933792,0
LA_D_6080461,0,0.00018544061,0
LA_D_6125461,0,0.00044663774,0
LA_D_6127252,0,5.8622278e-05,0
LA_D_6131631,0,0.00019269985,0
LA_D_6147694,0,0.00039850472,0
LA_D_6160245,0,0.0001278968,0
LA_D_6174345,0,0.00025841928,0
LA_D_6183125,0,0.00026256405,0
LA_D_6187174,0,9.699139e-05,0
LA_D_6202447,0,0.0001268762,0
LA_D_6223774,0,0.00017913162,0
LA_D_6227080,0,0.0002907504,0
LA_D_6231724,0,0.00084068306,0
LA_D_6264742,0,0.00012947826,0
LA_D_6288186,0,8.509904e-05,0
LA_D_6314728,0,0.00065690355,0
LA_D_6316102,0,0.00018382628,0
LA_D_6341396,0,0.00023139897,0
LA_D_6359496,0,0.0007414044,0
LA_D_6383686,0,0.00024576116,0
LA_D_6388120,0,0.00019670205,0
LA_D_6413462,0,0.0001933241,0
LA_D_6419449,0,0.00014025472,0
LA_D_6428957,0,0.00045197172,0
LA_D_6474102,0,0.00025108096,0
LA_D_6479435,0,0.00014884301,0
LA_D_6484577,0,0.00012857399,0
LA_D_6497525,0,0.00018194264,0
LA_D_6531960,0,0.00020055735,0
LA_D_6546081,0,7.956254e-05,0
LA_D_6553908,0,0.0001287882,0
LA_D_6585774,0,0.00010717088,0
LA_D_6596958,0,0.00010605675,0
LA_D_6629886,0,0.00017007256,0
LA_D_6635685,0,0.00023097201,0
LA_D_6638128,0,0.00015039566,0
LA_D_6640384,0,0.00026218107,0
LA_D_6665426,0,8.3044535e-05,0
LA_D_6717508,0,0.0002953756,0
LA_D_6747561,0,4.4792934e-05,0
LA_D_6748543,0,8.665915e-05,0
LA_D_6768434,0,0.00010992078,0
LA_D_6795503,0,0.00015021664,0
LA_D_6795908,0,0.0003362029,0
LA_D_6802049,0,0.00012119343,0
LA_D_6809474,0,0.0003105335,0
LA_D_6814264,0,0.000416851,0
LA_D_6834652,0,0.00017017442,0
LA_D_6846040,0,0.00018138868,0
LA_D_6846115,0,0.00019796778,0
LA_D_6853671,0,0.00042179876,0
LA_D_6862159,0,0.00015803985,0
LA_D_6878638,0,0.00034649798,0
LA_D_6882166,0,0.00024974966,0
LA_D_6886878,0,7.728572e-05,0
LA_D_6892152,0,0.00013375349,0
LA_D_6899810,0,0.00012163174,0
LA_D_6901051,0,0.00016748051,0
LA_D_6913633,0,0.000789977,0
LA_D_6937285,0,0.00018975667,0
LA_D_6952781,0,0.00012660681,0
LA_D_6962233,0,0.00047276926,0
LA_D_7039816,0,0.00011061033,0
LA_D_7054436,0,9.2420414e-05,0
LA_D_7135015,0,0.00031406496,0
LA_D_7149695,0,0.00023076247,0
LA_D_7187720,0,0.00022382103,0
LA_D_7194672,0,0.00019557976,0
LA_D_7230852,0,4.358548e-05,0
LA_D_7235672,0,0.00013434506,0
LA_D_7312592,0,0.00019716602,0
LA_D_7321136,0,0.00014924593,0
LA_D_7333250,0,0.00026539195,0
LA_D_7343735,0,0.00014831939,0
LA_D_7382673,0,0.00020603096,0
LA_D_7415932,0,0.00039649563,0
LA_D_7418362,0,0.00026478787,0
LA_D_7421260,0,6.2057836e-05,0
LA_D_7510866,0,0.0001113404,0
LA_D_7525010,0,0.00012489155,0
LA_D_7533494,0,0.00020529052,0
LA_D_7546312,0,0.00013829337,0
LA_D_7555962,0,0.000120096396,0
LA_D_7564617,0,5.0700382e-05,0
LA_D_7577366,0,0.00018136602,0
LA_D_7625238,0,0.00025422595,0
LA_D_7626133,0,0.0018326542,0
LA_D_7640331,0,9.348131e-05,0
LA_D_7655235,0,0.00018935524,0
LA_D_7657304,0,0.00015972479,0
LA_D_7733072,0,0.00028877734,0
LA_D_7741491,0,0.00032337944,0
LA_D_7756238,0,7.230755e-05,0
LA_D_7772523,0,0.00014158,0
LA_D_7774259,0,0.00022644625,0
LA_D_7786100,0,9.427067e-05,0
LA_D_7793940,0,0.00013630875,0
LA_D_7803428,0,0.0004002168,0
LA_D_7833826,0,0.0002716825,0
LA_D_7839744,0,4.6257384e-05,0
LA_D_7880514,0,0.00013517104,0
LA_D_7907328,0,0.00038261298,0
LA_D_7965716,0,0.00023050452,0
LA_D_8039247,0,0.00013253016,0
LA_D_8069387,0,0.00017113384,0
LA_D_8091794,0,0.00015064841,0
LA_D_8130384,0,8.115725e-05,0
LA_D_8137810,0,0.00016807338,0
LA_D_8138035,0,0.00019895023,0
LA_D_8162971,0,0.00024152485,0
LA_D_8169593,0,7.578463e-05,0
LA_D_8173305,0,0.00030153405,0
LA_D_8220161,0,9.291262e-05,0
LA_D_8248529,0,0.00016176607,0
LA_D_8250392,0,0.00044504702,0
LA_D_8261899,0,0.00017081447,0
LA_D_8268288,0,4.8977297e-05,0
LA_D_8281201,0,5.9014914e-05,0
LA_D_8308097,0,0.00051334006,0
LA_D_8309783,0,0.00022426128,0
LA_D_8321562,0,0.00013516717,0
LA_D_8338896,0,0.00028865956,0
LA_D_8340325,0,0.00010034799,0
LA_D_8342451,0,0.00020249384,0
LA_D_8406853,0,0.00017536893,0
LA_D_8427353,0,0.00046659584,0
LA_D_8455214,0,0.00018962844,0
LA_D_8463562,0,0.0001691496,0
LA_D_8483715,0,6.364958e-05,0
LA_D_8495231,0,0.001210754,0
LA_D_8509642,0,0.00019796929,0
LA_D_8519166,0,0.000498135,0
LA_D_8533998,0,0.000115185176,0
LA_D_8536051,0,0.00023638722,0
LA_D_8538675,0,0.00011484365,0
LA_D_8548417,0,0.00027596735,0
LA_D_8549576,0,0.00012507103,0
LA_D_8582931,0,0.00012014542,0
LA_D_8614682,0,0.000114514165,0
LA_D_8628678,0,0.00014395344,0
LA_D_8646930,0,0.000102278296,0
LA_D_8655642,0,0.00041720681,0
LA_D_8667287,0,0.0005168161,0
LA_D_8683829,0,8.921209e-05,0
LA_D_8753292,0,0.00022359601,0
LA_D_8773895,0,0.00010360475,0
LA_D_8792663,0,0.00012559355,0
LA_D_8804146,0,0.0001269631,0
LA_D_8815079,0,0.0001107336,0
LA_D_8849846,0,0.00025194688,0
LA_D_8852535,0,0.00011001852,0
LA_D_8862440,0,0.0003654161,0
LA_D_8862614,0,0.0005938089,0
LA_D_8871719,0,0.00014640672,0
LA_D_8892690,0,0.00014260213,0
LA_D_8908261,0,0.00019305093,0
LA_D_8912899,0,0.0004580159,0
LA_D_8925628,0,0.0001994296,0
LA_D_8998915,0,0.00015151827,0
LA_D_9037892,0,0.00016058532,0
LA_D_9049736,0,0.0004920168,0
LA_D_9066461,0,0.00016874896,0
LA_D_9068099,0,3.5189474e-05,0
LA_D_9073444,0,0.00017984683,0
LA_D_9094713,0,0.0003329745,0
LA_D_9120425,0,0.00013999765,0
LA_D_9159389,0,0.00040108338,0
LA_D_9172994,0,0.00015045892,0
LA_D_9225299,0,4.1906507e-05,0
LA_D_9249528,0,0.00014713922,0
LA_D_9254137,0,0.00010167181,0
LA_D_9271439,0,0.000106246844,0
LA_D_9278326,0,0.00020880383,0
LA_D_9278655,0,6.1747916e-05,0
LA_D_9334822,0,0.00023561159,0
LA_D_9337299,0,8.996328e-05,0
LA_D_9351259,0,0.00014156853,0
LA_D_9452798,0,0.0002533558,0
LA_D_9497637,0,8.2251914e-05,0
LA_D_9509498,0,0.00014682165,0
LA_D_9521538,0,0.00048420593,0
LA_D_9526073,0,0.00012278541,0
LA_D_9609174,0,0.00012220559,0
LA_D_9638872,0,8.518217e-05,0
LA_D_9685992,0,0.00014841021,0
LA_D_9696008,0,0.0009217524,0
LA_D_9699074,0,8.849908e-05,0
LA_D_9732180,0,0.00018068611,0
LA_D_9739074,0,0.000107210435,0
LA_D_9800072,0,0.000117653006,0
LA_D_9820995,0,0.0002583567,0
LA_D_9840935,0,0.00010415551,0
LA_D_9865644,0,0.0001224691,0
LA_D_9896805,0,0.0075220712,0
LA_D_9953716,0,0.001986925,0
LA_D_9972716,0,0.00090291415,0
LA_D_9988500,0,0.00011743377,0
LA_D_1016296,0,6.5231885e-05,0
LA_D_1044924,0,0.00054331817,0
LA_D_1078299,0,0.00015638654,0
LA_D_1127112,0,0.0002746971,0
LA_D_1140789,0,0.000116463125,0
LA_D_1146602,0,0.00013018181,0
LA_D_1161040,0,0.00022765031,0
LA_D_1176474,0,0.00038795292,0
LA_D_1248870,0,0.00034307947,0
LA_D_1292781,0,0.00031592144,0
LA_D_1318978,0,0.0030076527,0
LA_D_1326907,0,6.870715e-05,0
LA_D_1357016,0,0.00022118661,0
LA_D_1393609,0,0.00036610095,0
LA_D_1394492,0,0.000107980755,0
LA_D_1438742,0,0.0004025336,0
LA_D_1469415,0,0.00014181659,0
LA_D_1484616,0,0.00033106832,0
LA_D_1487457,0,0.0004215371,0
LA_D_1557405,0,0.00019693813,0
LA_D_1559429,0,0.00038868142,0
LA_D_1566542,0,0.00018810746,0
LA_D_1573404,0,0.00013918756,0
LA_D_1630527,0,0.0001008172,0
LA_D_1649895,0,0.00023878041,0
LA_D_1697663,0,0.00017263903,0
LA_D_1715794,0,0.00013994958,0
LA_D_1717085,0,0.00031876535,0
LA_D_1763710,0,9.4116454e-05,0
LA_D_1803165,0,0.00081461546,0
LA_D_1842516,0,0.00017455549,0
LA_D_1856497,0,0.00026143598,0
LA_D_1872772,0,7.1597264e-05,0
LA_D_1878310,0,0.00013244209,0
LA_D_1921938,0,0.0001547824,0
LA_D_1946747,0,0.00017984837,0
LA_D_1952217,0,0.00013180649,0
LA_D_1953786,0,0.00018170824,0
LA_D_1999944,0,0.00040806667,0
LA_D_2017057,0,8.9600275e-05,0
LA_D_2021939,0,0.0016625252,0
LA_D_2032120,0,8.598613e-05,0
LA_D_2040913,0,0.00027743756,0
LA_D_2110432,0,0.00022556726,0
LA_D_2115072,0,9.0726746e-05,0
LA_D_2180694,0,0.0001332048,0
LA_D_2196978,0,9.253612e-05,0
LA_D_2215298,0,0.00015224933,0
LA_D_2222567,0,0.00018629397,0
LA_D_2300503,0,0.000119256016,0
LA_D_2364597,0,0.0002116707,0
LA_D_2441093,0,0.0026464765,0
LA_D_2466917,0,0.00011566561,0
LA_D_2467416,0,0.00012450712,0
LA_D_2481560,0,0.00018383715,0
LA_D_2494446,0,0.00014879605,0
LA_D_2499638,0,0.00011886627,0
LA_D_2501643,0,0.007449755,0
LA_D_2542779,0,0.00013507041,0
LA_D_2597129,0,7.645009e-05,0
LA_D_2598079,0,8.486427e-05,0
LA_D_2602925,0,0.00024419508,0
LA_D_2617516,0,0.0002429538,0
LA_D_2674105,0,0.0001659837,0
LA_D_2691898,0,0.00015750623,0
LA_D_2745051,0,0.00013508137,0
LA_D_2776677,0,0.00016608216,0
LA_D_2870458,0,5.2738003e-05,0
LA_D_2883720,0,0.00012862842,0
LA_D_2977454,0,0.00019928742,0
LA_D_3004327,0,0.00027973318,0
LA_D_3010789,0,1.9041172e-05,0
LA_D_3054881,0,9.141978e-05,0
LA_D_3065517,0,0.000613776,0
LA_D_3126147,0,0.00013847786,0
LA_D_3211269,0,0.00019011163,0
LA_D_3229435,0,0.00013721522,0
LA_D_3273842,0,0.00015857314,0
LA_D_3283074,0,0.0006603389,0
LA_D_3285424,0,0.00012929221,0
LA_D_3301577,0,0.00010270628,0
LA_D_3346891,0,0.00016081655,0
LA_D_3395278,0,0.00015522892,0
LA_D_3399535,0,0.0001489049,0
LA_D_3404722,0,0.000102759564,0
LA_D_3411132,0,0.00015481119,0
LA_D_3442349,0,0.00019291366,0
LA_D_3473674,0,0.00062056043,0
LA_D_3495418,0,7.8438796e-05,0
LA_D_3639272,0,0.0003192955,0
LA_D_3646143,0,0.00028155098,0
LA_D_3655812,0,0.0027968811,0
LA_D_3741865,0,0.00019567135,0
LA_D_3754318,0,7.971876e-05,0
LA_D_3884249,0,0.0002787298,0
LA_D_3914541,0,8.8521025e-05,0
LA_D_3928764,0,0.00012541392,0
LA_D_3995155,0,0.0028148338,0
LA_D_4019473,0,0.0002759095,0
LA_D_4021676,0,0.008542797,0
LA_D_4024567,0,0.00016284383,0
LA_D_4044969,0,0.00023558419,0
LA_D_4127237,0,0.00028016744,0
LA_D_4190213,0,5.8360452e-05,0
LA_D_4249444,0,0.00011305981,0
LA_D_4272960,0,0.00019072003,0
LA_D_4281667,0,0.00020003426,0
LA_D_4354832,0,9.1899456e-05,0
LA_D_4427871,0,0.00018423847,0
LA_D_4453838,0,5.970243e-05,0
LA_D_4482667,0,9.882094e-05,0
LA_D_4564375,0,0.00013784299,0
LA_D_4602795,0,0.0003288685,0
LA_D_4657076,0,0.0003074624,0
LA_D_4710772,0,9.273417e-05,0
LA_D_4724979,0,0.00011637954,0
LA_D_4730310,0,0.00023084016,0
LA_D_4766369,0,9.9876685e-05,0
LA_D_4768212,0,9.6344e-05,0
LA_D_4771283,0,0.0003451005,0
LA_D_4778221,0,0.00018441545,0
LA_D_4797830,0,0.00020806791,0
LA_D_4799572,0,0.00020011343,0
LA_D_4874621,0,6.0616185e-05,0
LA_D_4876965,0,0.0009395669,0
LA_D_4950294,0,0.0002847334,0
LA_D_5005167,0,0.0010669439,0
LA_D_5091760,0,0.00023005903,0
LA_D_5107868,0,0.00011569253,0
LA_D_5124586,0,0.00030887147,0
LA_D_5140773,0,5.2333304e-05,0
LA_D_5170331,0,0.00011803169,0
LA_D_5177748,0,9.681444e-05,0
LA_D_5182268,0,0.00016074986,0
LA_D_5189335,0,0.000117122094,0
LA_D_5193473,0,0.016487597,0
LA_D_5249364,0,0.00020762082,0
LA_D_5266068,0,0.0001746837,0
LA_D_5305767,0,0.0005366177,0
LA_D_5366058,0,9.8510274e-05,0
LA_D_5399266,0,0.00011618649,0
LA_D_5464038,0,0.00012111071,0
LA_D_5479621,0,8.536888e-05,0
LA_D_5529080,0,0.00012618823,0
LA_D_5531293,0,0.00026813056,0
LA_D_5553767,0,0.00014291018,0
LA_D_5554206,0,0.0004512325,0
LA_D_5572271,0,0.00019530208,0
LA_D_5702239,0,0.00013744674,0
LA_D_5836628,0,0.00025141105,0
LA_D_5839530,0,0.00013027694,0
LA_D_5899837,0,0.00026657138,0
LA_D_5919154,0,0.00079774373,0
LA_D_6003803,0,0.00022693991,0
LA_D_6048851,0,0.0002692909,0
LA_D_6054337,0,0.00022879729,0
LA_D_6153129,0,0.00031662462,0
LA_D_6153562,0,9.882631e-05,0
LA_D_6190533,0,0.0003813919,0
LA_D_6192792,0,0.0007343307,0
LA_D_6197341,0,0.00014005198,0
LA_D_6255539,0,9.165179e-05,0
LA_D_6256750,0,0.00017389133,0
LA_D_6276971,0,4.5050867e-05,0
LA_D_6281576,0,0.00021944518,0
LA_D_6292340,0,9.193189e-05,0
LA_D_6300071,0,5.6936577e-05,0
LA_D_6346160,0,6.760566e-05,0
LA_D_6355954,0,0.00014973029,0
LA_D_6366232,0,0.00020798261,0
LA_D_6392613,0,0.00013123086,0
LA_D_6411224,0,0.00014610075,0
LA_D_6431886,0,0.0002497087,0
LA_D_6440445,0,0.0037907586,0
LA_D_6493011,0,0.00020317965,0
LA_D_6536882,0,0.012525337,0
LA_D_6573061,0,0.0003423499,0
LA_D_6604594,0,0.00016961165,0
LA_D_6606092,0,3.540136e-05,0
LA_D_6696589,0,0.00014964936,0
LA_D_6733057,0,0.00024205438,0
LA_D_6733844,0,0.00012509871,0
LA_D_6736813,0,0.0004999855,0
LA_D_6759383,0,0.0002597445,0
LA_D_6784610,0,0.00010050083,0
LA_D_6813136,0,0.00023627274,0
LA_D_6828979,0,0.00012122393,0
LA_D_6838627,0,0.0011385785,0
LA_D_6869232,0,0.00026731685,0
LA_D_6903687,0,0.0003925283,0
LA_D_6937056,0,0.00014710051,0
LA_D_6954064,0,0.0002632619,0
LA_D_6982355,0,0.0001869233,0
LA_D_6990164,0,8.483288e-05,0
LA_D_6998107,0,0.00036843,0
LA_D_7008788,0,0.00012701664,0
LA_D_7016945,0,7.922971e-05,0
LA_D_7021627,0,0.00071324484,0
LA_D_7030186,0,0.0003202665,0
LA_D_7030273,0,0.00010858127,0
LA_D_7063095,0,0.000267825,0
LA_D_7088669,0,0.000100323305,0
LA_D_7112224,0,0.00028399136,0
LA_D_7147745,0,0.00056665234,0
LA_D_7154683,0,0.00016800751,0
LA_D_7176078,0,0.00012548963,0
LA_D_7229340,0,8.759417e-05,0
LA_D_7253310,0,0.00013869445,0
LA_D_7257796,0,0.00051625184,0
LA_D_7272412,0,0.00010875754,0
LA_D_7302757,0,0.0001536825,0
LA_D_7328344,0,0.00027620714,0
LA_D_7328872,0,0.000111832196,0
LA_D_7337126,0,0.00010638675,0
LA_D_7346965,0,0.006577185,0
LA_D_7363496,0,0.000100150886,0
LA_D_7386222,0,3.7176564e-05,0
LA_D_7435327,0,0.00039339028,0
LA_D_7468954,0,0.0001275492,0
LA_D_7523717,0,0.00038682026,0
LA_D_7536401,0,0.00017393511,0
LA_D_7543704,0,0.00014040178,0
LA_D_7560734,0,0.0001269631,0
LA_D_7573124,0,0.00014213283,0
LA_D_7631811,0,0.00019916848,0
LA_D_7662648,0,0.0001630343,0
LA_D_7669397,0,0.00026771548,0
LA_D_7739036,0,0.0015608552,0
LA_D_7760476,0,8.5489286e-05,0
LA_D_7826604,0,0.00010822578,0
LA_D_7856417,0,7.662233e-05,0
LA_D_7872579,0,0.0002823001,0
LA_D_7893531,0,0.00051920785,0
LA_D_7939810,0,0.00011436074,0
LA_D_7985410,0,0.0005501998,0
LA_D_7993478,0,0.00023142943,0
LA_D_7998693,0,0.00064799114,0
LA_D_8001922,0,3.9570565e-05,0
LA_D_8018834,0,0.00016585618,0
LA_D_8026429,0,0.00013499327,0
LA_D_8037458,0,0.00025537575,0
LA_D_8058106,0,0.00017096926,0
LA_D_8115137,0,0.00013204713,0
LA_D_8115280,0,0.00013516072,0
LA_D_8116593,0,1.4120623e-05,0
LA_D_8117889,0,0.00011571304,0
LA_D_8126226,0,0.00012102609,0
LA_D_8189332,0,0.00020078695,0
LA_D_8258080,0,0.00035369053,0
LA_D_8269720,0,0.0015141404,0
LA_D_8271714,0,0.00011139743,0
LA_D_8285076,0,0.000113176095,0
LA_D_8313425,0,0.00031584647,0
LA_D_8351401,0,0.000102201186,0
LA_D_8374831,0,0.000109109154,0
LA_D_8404295,0,0.002216064,0
LA_D_8429648,0,0.09384254,0
LA_D_8493833,0,0.00034269373,0
LA_D_8520696,0,7.468688e-05,0
LA_D_8522922,0,0.00030702536,0
LA_D_8567575,0,0.0001357246,0
LA_D_8584532,0,0.0007695382,0
LA_D_8606381,0,0.00023109603,0
LA_D_8608217,0,0.00024466816,0
LA_D_8702563,0,0.0008410844,0
LA_D_8749920,0,0.00016755478,0
LA_D_8754795,0,0.00017486067,0
LA_D_8763624,0,0.0003927005,0
LA_D_8763956,0,0.00050090376,0
LA_D_8792267,0,0.0040434236,0
LA_D_8795592,0,9.207436e-05,0
LA_D_8852103,0,4.7854068e-05,0
LA_D_8894648,0,0.0002172569,0
LA_D_8903895,0,3.4849905e-05,0
LA_D_8931062,0,0.00019665627,0
LA_D_8961195,0,5.8738002e-05,0
LA_D_8987632,0,0.00015179951,0
LA_D_9005941,0,5.5680655e-05,0
LA_D_9018221,0,0.00042592944,0
LA_D_9127001,0,0.0002790986,0
LA_D_9138868,0,0.0005082604,0
LA_D_9147299,0,0.00010073052,0
LA_D_9152403,0,0.0023095729,0
LA_D_9206015,0,0.00013977182,0
LA_D_9274477,0,0.0003076964,0
LA_D_9284758,0,5.742383e-05,0
LA_D_9335831,0,3.0640596e-05,0
LA_D_9342188,0,0.0003353712,0
LA_D_9392796,0,0.00029323864,0
LA_D_9395082,0,0.00044304613,0
LA_D_9424343,0,0.0003836634,0
LA_D_9451445,0,9.3296876e-05,0
LA_D_9474750,0,5.8901005e-05,0
LA_D_9478591,0,0.00019357237,0
LA_D_9506978,0,0.0007639684,0
LA_D_9551821,0,0.0001229506,0
LA_D_9626068,0,0.00029662802,0
LA_D_9634838,0,0.00012903012,0
LA_D_9672991,0,0.00038302207,0
LA_D_9733678,0,0.00017741766,0
LA_D_9785421,0,0.00015025861,0
LA_D_9786409,0,0.0001560191,0
LA_D_9812727,0,3.306459e-05,0
LA_D_9825451,0,0.0001251832,0
LA_D_9911052,0,0.00032214797,0
LA_D_9922230,0,0.00015128062,0
LA_D_9975936,0,7.4380965e-05,0
LA_D_9997585,0,0.0001548506,0
LA_D_1013596,0,0.00041389983,0
LA_D_1024326,0,0.0003306167,0
LA_D_1029401,0,0.00017994184,0
LA_D_1051032,0,9.4848394e-05,0
LA_D_1089922,0,9.857323e-05,0
LA_D_1099173,0,0.00016347125,0
LA_D_1141551,0,0.00016580717,0
LA_D_1147582,0,0.00025768092,0
LA_D_1176249,0,0.0007674175,0
LA_D_1177616,0,0.0003235404,0
LA_D_1179946,0,0.00016655127,0
LA_D_1243570,0,0.000110794645,0
LA_D_1253043,0,0.000103475504,0
LA_D_1264718,0,0.00012443104,0
LA_D_1286132,0,0.00031371962,0
LA_D_1290079,0,0.0005450241,0
LA_D_1324369,0,0.00065988535,0
LA_D_1371818,0,0.00027355785,0
LA_D_1375735,0,0.00019559226,0
LA_D_1409881,0,0.0002868147,0
LA_D_1420574,0,0.0007203703,0
LA_D_1427618,0,0.00048241523,0
LA_D_1443809,0,0.00020725768,0
LA_D_1464997,0,7.178691e-05,0
LA_D_1483054,0,0.00017068502,0
LA_D_1506235,0,0.0013971453,0
LA_D_1522185,0,0.00025820843,0
LA_D_1528176,0,0.00037296108,0
LA_D_1556777,0,0.00017559966,0
LA_D_1600156,0,0.00048752752,0
LA_D_1660121,0,0.00092686026,0
LA_D_1670207,0,0.00010397668,0
LA_D_1834958,0,0.00063411484,0
LA_D_1874001,0,0.00019645033,0
LA_D_1889727,0,9.437511e-05,0
LA_D_1903761,0,0.00045595458,0
LA_D_1915883,0,8.9135225e-05,0
LA_D_1918968,0,0.000971309,0
LA_D_1936614,0,0.00028620556,0
LA_D_1940050,0,0.00019387717,0
LA_D_1976624,0,0.00018953696,0
LA_D_1980562,0,5.888871e-05,0
LA_D_1984025,0,0.00026721923,0
LA_D_1986382,0,0.00024686658,0
LA_D_2009306,0,0.00060416874,0
LA_D_2052144,0,0.00059230084,0
LA_D_2063490,0,0.00033038098,0
LA_D_2064600,0,0.00029809057,0
LA_D_2085656,0,0.00018573792,0
LA_D_2100372,0,0.00016640585,0
LA_D_2118848,0,0.0005770725,0
LA_D_2144689,0,0.00016242759,0
LA_D_2159915,0,0.00021259564,0
LA_D_2173475,0,0.00028832757,0
LA_D_2187904,0,0.00011247419,0
LA_D_2197811,0,0.00025080153,0
LA_D_2242800,0,0.00020922333,0
LA_D_2254293,0,9.11854e-05,0
LA_D_2265492,0,5.2159867e-05,0
LA_D_2279462,0,0.00020146677,0
LA_D_2293647,0,0.00020785813,0
LA_D_2294546,0,0.00027657818,0
LA_D_2335219,0,0.00035531548,0
LA_D_2341615,0,0.0024879838,0
LA_D_2345337,0,0.00018960693,0
LA_D_2372835,0,0.0002184944,0
LA_D_2375001,0,0.00016286634,0
LA_D_2395590,0,0.00048168786,0
LA_D_2406469,0,0.00014208947,0
LA_D_2413214,0,0.00015685368,0
LA_D_2458766,0,0.0001235428,0
LA_D_2482572,0,0.00080303993,0
LA_D_2517481,0,0.00015693596,0
LA_D_2527215,0,8.9279754e-05,0
LA_D_2545950,0,0.00014882542,0
LA_D_2550548,0,0.00022163351,0
LA_D_2557946,0,7.2897004e-05,0
LA_D_2571309,0,0.00026727506,0
LA_D_2579139,0,0.00017959937,0
LA_D_2603106,0,0.00033925133,0
LA_D_2607277,0,0.00014482344,0
LA_D_2608601,0,0.0011991846,0
LA_D_2684959,0,0.00013309218,0
LA_D_2691745,0,0.0011403359,0
LA_D_2727780,0,0.00014655197,0
LA_D_2799892,0,8.2457365e-05,0
LA_D_2866949,0,0.00013880107,0
LA_D_2902556,0,0.00065162213,0
LA_D_2914985,0,0.00075556396,0
LA_D_2921930,0,0.00034071732,0
LA_D_2925498,0,0.00026290322,0
LA_D_2933176,0,0.00016798478,0
LA_D_2958095,0,0.00015095613,0
LA_D_2997217,0,9.700287e-05,0
LA_D_3036760,0,0.00047620438,0
LA_D_3039159,0,0.000110111825,0
LA_D_3054411,0,0.00015548372,0
LA_D_3075527,0,0.00021778536,0
LA_D_3093185,0,0.0002585691,0
LA_D_3094874,0,0.00024593066,0
LA_D_3129993,0,0.00043201618,0
LA_D_3230838,0,6.4963155e-05,0
LA_D_3248256,0,0.00017681223,0
LA_D_3282066,0,0.00017021109,0
LA_D_3337611,0,0.00022609609,0
LA_D_3380409,0,0.00025233897,0
LA_D_3393465,0,0.0003395561,0
LA_D_3398271,0,0.00013606073,0
LA_D_3412330,0,0.00040828652,0
LA_D_3420388,0,4.042815e-05,0
LA_D_3435784,0,0.0001669728,0
LA_D_3450749,0,0.00035486594,0
LA_D_3457581,0,0.00017185921,0
LA_D_3496116,0,0.00037026513,0
LA_D_3509644,0,0.00012122034,0
LA_D_3539892,0,0.0007358978,0
LA_D_3552234,0,0.00030310225,0
LA_D_3562009,0,0.00013295772,0
LA_D_3567404,0,0.00025579636,0
LA_D_3571070,0,0.00014822805,0
LA_D_3588547,0,9.8762815e-05,0
LA_D_3619292,0,0.00013619884,0
LA_D_3643887,0,0.0005439711,0
LA_D_3646040,0,0.00035981092,0
LA_D_3673596,0,0.00019066529,0
LA_D_3726596,0,0.000253798,0
LA_D_3737744,0,0.00016170886,0
LA_D_3757923,0,0.00045868612,0
LA_D_3770754,0,6.361506e-05,0
LA_D_3814257,0,0.00013807452,0
LA_D_3843705,0,0.0001789476,0
LA_D_3851144,0,0.00022078858,0
LA_D_3883337,0,0.0036577776,0
LA_D_3887131,0,0.0005372687,0
LA_D_3893271,0,9.9753895e-05,0
LA_D_3917851,0,8.968285e-05,0
LA_D_3918474,0,0.00020760261,0
LA_D_3924068,0,0.0002700692,0
LA_D_3930165,0,0.00012957904,0
LA_D_3946264,0,0.00017958379,0
LA_D_3952183,0,0.00012929345,0
LA_D_3967616,0,0.002916937,0
LA_D_4014814,0,0.00032513533,0
LA_D_4029515,0,0.00020689599,0
LA_D_4030356,0,0.00022013485,0
LA_D_4046673,0,0.00010366819,0
LA_D_4080966,0,0.00030738945,0
LA_D_4121809,0,0.00016156674,0
LA_D_4123062,0,0.00030458832,0
LA_D_4131648,0,0.00045208805,0
LA_D_4167431,0,0.00070497347,0
LA_D_4196303,0,0.00024755177,0
LA_D_4196989,0,0.00022477827,0
LA_D_4199273,0,4.8092872e-05,0
LA_D_4231134,0,0.00026582877,0
LA_D_4255574,0,0.00051015336,0
LA_D_4258777,0,6.424047e-05,0
LA_D_4344587,0,0.0004347917,0
LA_D_4374868,0,0.00026721339,0
LA_D_4394367,0,0.0001846248,0
LA_D_4397003,0,8.968422e-05,0
LA_D_4432534,0,0.00055093504,0
LA_D_4452476,0,0.00020625386,0
LA_D_4477471,0,0.000175144,0
LA_D_4492452,0,0.00021393118,0
LA_D_4526494,0,0.0007159634,0
LA_D_4542806,0,0.00012719771,0
LA_D_4575411,0,0.00022298307,0
LA_D_4650704,0,0.00037582644,0
LA_D_4653724,0,0.00030640195,0
LA_D_4654807,0,0.00013604386,0
LA_D_4724411,0,0.00016288855,0
LA_D_4724496,0,0.00014663948,0
LA_D_4730109,0,0.0010079795,0
LA_D_4763142,0,0.00029673832,0
LA_D_4766442,0,0.00023685848,0
LA_D_4798963,0,0.00030424786,0
LA_D_4841921,0,0.0001871498,0
LA_D_4852798,0,0.00017248864,0
LA_D_4895511,0,0.000114190094,0
LA_D_4915280,0,0.0006295558,0
LA_D_4919746,0,0.0005233942,0
LA_D_4967942,0,0.00015365848,0
LA_D_4999305,0,0.00011591757,0
LA_D_5032508,0,9.6558215e-05,0
LA_D_5049280,0,8.896912e-05,0
LA_D_5054258,0,0.00033949042,0
LA_D_5066173,0,0.0006549787,0
LA_D_5070212,0,0.0001238966,0
LA_D_5090531,0,0.00017879324,0
LA_D_5090551,0,0.00013494142,0
LA_D_5098442,0,0.00018729937,0
LA_D_5138201,0,0.00044784727,0
LA_D_5145753,0,0.00030910774,0
LA_D_5184417,0,4.3444892e-05,0
LA_D_5188638,0,0.00039110112,0
LA_D_5259851,0,0.0006116562,0
LA_D_5261718,0,8.869797e-05,0
LA_D_5275494,0,0.00018112184,0
LA_D_5331428,0,0.00027114377,0
LA_D_5345215,0,8.6309235e-05,0
LA_D_5402252,0,0.00013743993,0
LA_D_5412628,0,0.00018514576,0
LA_D_5428077,0,0.00012529008,0
LA_D_5451234,0,0.00032060195,0
LA_D_5480395,0,0.00012352124,0
LA_D_5490153,0,0.0001800668,0
LA_D_5507848,0,0.00012316817,0
LA_D_5549134,0,0.0010034742,0
LA_D_5596917,0,0.00037340616,0
LA_D_5631323,0,0.00019588097,0
LA_D_5637114,0,0.00029912058,0
LA_D_5661640,0,8.648265e-05,0
LA_D_5728642,0,0.002117061,0
LA_D_5738833,0,0.00034355963,0
LA_D_5742561,0,0.00021788754,0
LA_D_5772488,0,0.00026717875,0
LA_D_5799657,0,0.00033216857,0
LA_D_5805258,0,0.0001870012,0
LA_D_5841342,0,0.00013428666,0
LA_D_5845529,0,0.0004159987,0
LA_D_5869640,0,0.00021174882,0
LA_D_5914572,0,0.00013320989,0
LA_D_5921937,0,0.000100682504,0
LA_D_5953510,0,0.0007670709,0
LA_D_5955756,0,9.200248e-05,0
LA_D_5958767,0,0.00042054852,0
LA_D_5974545,0,0.00038482272,0
LA_D_6002746,0,0.00029631512,0
LA_D_6073856,0,8.156466e-05,0
LA_D_6113951,0,0.00018011402,0
LA_D_6114748,0,0.00017632717,0
LA_D_6153465,0,9.0290116e-05,0
LA_D_6168336,0,0.0002545915,0
LA_D_6279022,0,0.00013889004,0
LA_D_6335987,0,0.00013114078,0
LA_D_6345168,0,0.00014288933,0
LA_D_6369142,0,0.00022834181,0
LA_D_6408762,0,0.00012305417,0
LA_D_6457597,0,0.00024289056,0
LA_D_6490097,0,0.00032009042,0
LA_D_6497646,0,0.00016494682,0
LA_D_6572116,0,0.00016861818,0
LA_D_6579479,0,0.00015495828,0
LA_D_6588865,0,0.00020803517,0
LA_D_6590996,0,0.00016658049,0
LA_D_6600800,0,0.00041610614,0
LA_D_6646870,0,0.00030071638,0
LA_D_6696204,0,0.0003392497,0
LA_D_6725130,0,0.00019099757,0
LA_D_6751659,0,0.0002552976,0
LA_D_6793210,0,0.00037286762,0
LA_D_6849663,0,0.00031466287,0
LA_D_6875907,0,0.00018635561,0
LA_D_6880419,0,0.00010611614,0
LA_D_6913699,0,0.00036861017,0
LA_D_6934200,0,0.00034856208,0
LA_D_6946644,0,0.0006117827,0
LA_D_6953406,0,0.0012018661,0
LA_D_6978333,0,0.00025687096,0
LA_D_7009736,0,0.00014196814,0
LA_D_7023167,0,0.000513413,0
LA_D_7068182,0,0.00029353763,0
LA_D_7083288,0,0.00020711544,0
LA_D_7104527,0,5.003372e-05,0
LA_D_7115178,0,0.00012978593,0
LA_D_7124167,0,0.00019490658,0
LA_D_7140664,0,0.00012866866,0
LA_D_7153518,0,0.00072769943,0
LA_D_7164827,0,0.0009265265,0
LA_D_7166280,0,0.0021378512,0
LA_D_7187188,0,0.0001263392,0
LA_D_7187597,0,0.0005525095,0
LA_D_7192041,0,0.00013674422,0
LA_D_7219075,0,0.00014462376,0
LA_D_7220382,0,0.00014231334,0
LA_D_7269077,0,6.338199e-05,0
LA_D_7289124,0,0.0004977088,0
LA_D_7302282,0,0.00023397738,0
LA_D_7365945,0,9.4629315e-05,0
LA_D_7373220,0,0.00037725252,0
LA_D_7404738,0,0.0002835923,0
LA_D_7415426,0,0.00012626575,0
LA_D_7421972,0,0.0001605501,0
LA_D_7446128,0,0.0002923746,0
LA_D_7484552,0,0.00028470217,0
LA_D_7491481,0,0.00022183413,0
LA_D_7500473,0,0.00014133316,0
LA_D_7528137,0,0.00014254912,0
LA_D_7552298,0,0.00011417485,0
LA_D_7562908,0,0.0011745376,0
LA_D_7563550,0,0.00059333874,0
LA_D_7572295,0,0.00058755866,0
LA_D_7579942,0,0.00014354539,0
LA_D_7599571,0,0.0002301483,0
LA_D_7608424,0,0.00011264217,0
LA_D_7627638,0,0.00016967878,0
LA_D_7628095,0,0.0001476097,0
LA_D_7651024,0,0.00013156715,0
LA_D_7666735,0,0.0002852619,0
LA_D_7677736,0,0.0001731666,0
LA_D_7698637,0,0.0002516763,0
LA_D_7736692,0,0.00013489832,0
LA_D_7793474,0,0.00036064538,0
LA_D_7821144,0,0.00015535447,0
LA_D_7822867,0,0.00018060551,0
LA_D_7837262,0,0.00013421074,0
LA_D_7845923,0,0.00016513235,0
LA_D_7864167,0,0.00013086123,0
LA_D_7884675,0,0.00023070286,0
LA_D_7887508,0,5.950764e-05,0
LA_D_7891889,0,0.00071628013,0
LA_D_7901552,0,0.0008505794,0
LA_D_7946330,0,0.00016854086,0
LA_D_7977320,0,0.0001705809,0
LA_D_7984933,0,0.0005206505,0
LA_D_7986305,0,0.0005457144,0
LA_D_7988938,0,0.00024632397,0
LA_D_8015998,0,0.00023499104,0
LA_D_8047998,0,0.00012239006,0
LA_D_8073420,0,0.0006305946,0
LA_D_8086346,0,0.00012195716,0
LA_D_8090102,0,0.00024241535,0
LA_D_8094196,0,0.00030587337,0
LA_D_8126031,0,0.0002149199,0
LA_D_8164002,0,0.00022550405,0
LA_D_8243640,0,0.00014998479,0
LA_D_8257354,0,0.00015778071,0
LA_D_8261443,0,0.0003536811,0
LA_D_8281902,0,0.001133067,0
LA_D_8291086,0,0.00023259013,0
LA_D_8308855,0,0.00024002237,0
LA_D_8348470,0,0.00011636788,0
LA_D_8413012,0,0.00013328777,0
LA_D_8487209,0,0.0006572931,0
LA_D_8496632,0,0.0001568474,0
LA_D_8501151,0,7.5090575e-05,0
LA_D_8507903,0,0.00013633826,0
LA_D_8510601,0,0.00016489225,0
LA_D_8512598,0,0.000113236,0
LA_D_8539634,0,0.0001836308,0
LA_D_8546068,0,0.00028591565,0
LA_D_8546481,0,0.00018563398,0
LA_D_8605975,0,0.00022619205,0
LA_D_8611156,0,0.00023514793,0
LA_D_8612905,0,0.00028875176,0
LA_D_8617247,0,0.00016724544,0
LA_D_8628343,0,0.00059040537,0
LA_D_8644251,0,9.803488e-05,0
LA_D_8648680,0,0.00030779705,0
LA_D_8649631,0,0.00036249222,0
LA_D_8655169,0,0.00017562596,0
LA_D_8710691,0,0.00015663203,0
LA_D_8718179,0,0.00027089156,0
LA_D_8723456,0,0.00013545877,0
LA_D_8724279,0,0.0003741013,0
LA_D_8738176,0,0.0001205811,0
LA_D_8765013,0,0.0001385538,0
LA_D_8809106,0,0.0004473463,0
LA_D_8812811,0,0.0004603177,0
LA_D_8816193,0,0.00014857898,0
LA_D_8829832,0,0.0003115349,0
LA_D_8842630,0,0.0010233579,0
LA_D_8852748,0,0.00024859933,0
LA_D_8864927,0,0.00026004284,0
LA_D_8869402,0,0.00012950481,0
LA_D_8870403,0,0.0001806596,0
LA_D_8882807,0,7.373316e-05,0
LA_D_8888903,0,0.00020811273,0
LA_D_8942973,0,0.00014242288,0
LA_D_8955970,0,0.00037545542,0
LA_D_9017623,0,0.00024260518,0
LA_D_9025240,0,0.00014122095,0
LA_D_9026344,0,0.00034534276,0
LA_D_9103728,0,0.0001299785,0
LA_D_9115231,0,0.00036080703,0
LA_D_9115338,0,0.00077199214,0
LA_D_9136883,0,0.00024330267,0
LA_D_9144406,0,0.00013039811,0
LA_D_9192772,0,0.0001816057,0
LA_D_9226269,0,0.00022822146,0
LA_D_9266761,0,0.0003135994,0
LA_D_9287127,0,6.897803e-05,0
LA_D_9289511,0,0.00036202188,0
LA_D_9292862,0,9.183797e-05,0
LA_D_9294766,0,0.00027030977,0
LA_D_9323100,0,0.00015238165,0
LA_D_9332950,0,0.00046419358,0
LA_D_9345488,0,0.00017943642,0
LA_D_9367260,0,0.00036240794,0
LA_D_9397829,0,0.00013746,0
LA_D_9419297,0,0.000428634,0
LA_D_9429831,0,0.0009226345,0
LA_D_9460035,0,0.00016548386,0
LA_D_9582158,0,0.0002850493,0
LA_D_9648319,0,0.00029971148,0
LA_D_9714161,0,0.00019894607,0
LA_D_9724620,0,0.0003058133,0
LA_D_9779319,0,0.00012458173,0
LA_D_9815062,0,0.0019072709,0
LA_D_9847737,0,0.000170943,0
LA_D_9848935,0,0.00032844083,0
LA_D_9876012,0,0.00020708329,0
LA_D_9877979,0,0.00037381542,0
LA_D_9879056,0,8.5611086e-05,0
LA_D_9895969,0,0.00022760886,0
LA_D_9906100,0,0.00010630613,0
LA_D_9906845,0,0.00027338418,0
LA_D_9911836,0,0.00034733868,0
LA_D_9912384,0,0.0005042807,0
LA_D_9914359,0,0.00013178865,0
LA_D_9951278,0,0.00019619463,0
LA_D_9962189,0,0.00013086585,0
LA_D_9985507,0,0.00018352857,0
LA_D_1021776,0,8.731771e-05,0
LA_D_1034285,0,9.3762974e-05,0
LA_D_1037321,0,0.00016181836,0
LA_D_1082012,0,0.00026337514,0
LA_D_1084834,0,0.00018362254,0
LA_D_1088912,0,0.00022505598,0
LA_D_1115199,0,0.00013250261,0
LA_D_1118057,0,0.00025828305,0
LA_D_1127133,0,0.00016465076,0
LA_D_1174503,0,0.00021331954,0
LA_D_1179257,0,0.000167008,0
LA_D_1207577,0,0.0002814399,0
LA_D_1208658,0,0.00012629801,0
LA_D_1240372,0,0.00027300313,0
LA_D_1277623,0,0.00022939687,0
LA_D_1283838,0,9.985163e-05,0
LA_D_1298536,0,0.00014258106,0
LA_D_1300449,0,8.456465e-05,0
LA_D_1321593,0,0.00013978142,0
LA_D_1367292,0,0.0002720231,0
LA_D_1374008,0,0.0003636646,0
LA_D_1375481,0,0.00034017142,0
LA_D_1399436,0,0.00024358934,0
LA_D_1426766,0,0.00018098889,0
LA_D_1434283,0,0.00040434502,0
LA_D_1453930,0,0.00021898808,0
LA_D_1480384,0,0.000104841274,0
LA_D_1517317,0,0.0001836264,0
LA_D_1528924,0,0.000679598,0
LA_D_1571680,0,0.00012132628,0
LA_D_1584090,0,0.00010582844,0
LA_D_1594811,0,0.00022347752,0
LA_D_1602057,0,7.0605325e-05,0
LA_D_1611669,0,0.00047670578,0
LA_D_1630632,0,0.0001476038,0
LA_D_1636429,0,6.081316e-05,0
LA_D_1689670,0,0.0003951467,0
LA_D_1712968,0,0.00012321632,0
LA_D_1722516,0,0.00013621326,0
LA_D_1738559,0,0.00036264502,0
LA_D_1781206,0,0.00017286932,0
LA_D_1783793,0,0.00014379786,0
LA_D_1854266,0,0.00012999884,0
LA_D_1905359,0,0.00016746613,0
LA_D_1915504,0,5.932271e-05,0
LA_D_1922841,0,0.00018974635,0
LA_D_1991323,0,0.00011018462,0
LA_D_2013762,0,0.0004383432,0
LA_D_2022826,0,9.594922e-05,0
LA_D_2027723,0,0.00020520735,0
LA_D_2059623,0,0.0002930592,0
LA_D_2066042,0,0.00020615084,0
LA_D_2072378,0,0.00011129169,0
LA_D_2080989,0,0.00024550426,0
LA_D_2083550,0,0.00021360854,0
LA_D_2165853,0,0.00012864167,0
LA_D_2170933,0,0.00023476555,0
LA_D_2174094,0,0.00017462423,0
LA_D_2218453,0,0.000119768745,0
LA_D_2223087,0,0.00018025764,0
LA_D_2286137,0,0.00018383576,0
LA_D_2311722,0,6.4761814e-05,0
LA_D_2315845,0,0.00022779209,0
LA_D_2348280,0,0.00023506052,0
LA_D_2358905,0,0.00014829138,0
LA_D_2368969,0,9.143398e-05,0
LA_D_2372420,0,0.00017292258,0
LA_D_2399025,0,0.00022950955,0
LA_D_2415062,0,0.00011582653,0
LA_D_2427989,0,0.00019353564,0
LA_D_2432104,0,0.00069697585,0
LA_D_2433138,0,8.924902e-05,0
LA_D_2462561,0,0.00023153625,0
LA_D_2487821,0,0.00014756298,0
LA_D_2557874,0,5.8703175e-05,0
LA_D_2564030,0,0.0005226668,0
LA_D_2581917,0,0.001020934,0
LA_D_2584407,0,0.00017087588,0
LA_D_2624158,0,0.00013005552,0
LA_D_2668582,0,6.781376e-05,0
LA_D_2675915,0,0.00022914003,0
LA_D_2682059,0,0.00016247608,0
LA_D_2688954,0,0.00015740038,0
LA_D_2713644,0,0.00013159713,0
LA_D_2729132,0,0.00019917628,0
LA_D_2731749,0,0.000111991954,0
LA_D_2743615,0,0.00021195124,0
LA_D_2768410,0,0.0004339743,0
LA_D_2794335,0,4.351488e-05,0
LA_D_2800733,0,0.00022458633,0
LA_D_2821157,0,0.0003225924,0
LA_D_2831410,0,0.000109923094,0
LA_D_2832477,0,0.00020721383,0
LA_D_2850159,0,0.00012175962,0
LA_D_2867209,0,0.00022391068,0
LA_D_2930522,0,0.00019076768,0
LA_D_2942106,0,7.9652425e-05,0
LA_D_2958641,0,0.00017885103,0
LA_D_2962374,0,7.103336e-05,0
LA_D_2988379,0,0.00015603384,0
LA_D_2992359,0,0.0006234463,0
LA_D_3005047,0,0.00020447357,0
LA_D_3006002,0,0.0011726281,0
LA_D_3018105,0,0.00012062894,0
LA_D_3047927,0,0.00015976059,0
LA_D_3061480,0,0.00054330885,0
LA_D_3070440,0,0.00073075993,0
LA_D_3108882,0,0.00013889586,0
LA_D_3131229,0,8.094981e-05,0
LA_D_3133645,0,0.00016418217,0
LA_D_3178557,0,0.00019398848,0
LA_D_3276451,0,0.00022050056,0
LA_D_3291825,0,0.0003088553,0
LA_D_3303715,0,0.00034534142,0
LA_D_3343985,0,0.0005387081,0
LA_D_3346070,0,6.340829e-05,0
LA_D_3395297,0,0.00023987754,0
LA_D_3400488,0,0.0004049248,0
LA_D_3475718,0,0.00015268066,0
LA_D_3478658,0,0.00015139882,0
LA_D_3485085,0,0.0003085136,0
LA_D_3513193,0,0.00016760048,0
LA_D_3554318,0,0.00026121773,0
LA_D_3569723,0,0.00017442903,0
LA_D_3595115,0,0.004247252,0
LA_D_3616142,0,0.0001543566,0
LA_D_3617952,0,0.00029922012,0
LA_D_3639872,0,0.00019523097,0
LA_D_3643640,0,0.00014714456,0
LA_D_3654200,0,0.00021970017,0
LA_D_3696812,0,0.00015726942,0
LA_D_3722861,0,0.000101211466,0
LA_D_3725075,0,0.00015537774,0
LA_D_3741108,0,0.00016097841,0
LA_D_3787662,0,0.00019307062,0
LA_D_3812028,0,0.00018577086,0
LA_D_3812294,0,0.0001991966,0
LA_D_3812741,0,0.00042780125,0
LA_D_3848752,0,0.0004290203,0
LA_D_3860127,0,0.00010431484,0
LA_D_3876919,0,0.00019456123,0
LA_D_3881515,0,7.328524e-05,0
LA_D_3882757,0,0.00022455207,0
LA_D_3893735,0,8.0326034e-05,0
LA_D_3897907,0,0.00018473048,0
LA_D_3899322,0,0.00029962434,0
LA_D_3910846,0,0.00032045555,0
LA_D_3931321,0,0.00013854112,0
LA_D_3951248,0,0.00014825448,0
LA_D_3952917,0,0.00015807798,0
LA_D_3978867,0,0.00015409719,0
LA_D_4004656,0,0.0003862079,0
LA_D_4011688,0,0.00029388064,0
LA_D_4013817,0,0.00016130753,0
LA_D_4033177,0,0.00010951526,0
LA_D_4049352,0,0.00015072801,0
LA_D_4053975,0,0.0001685669,0
LA_D_4068225,0,0.00024573423,0
LA_D_4072080,0,0.00035349536,0
LA_D_4094297,0,0.00012891206,0
LA_D_4126633,0,8.8035384e-05,0
LA_D_4150876,0,0.00014289819,0
LA_D_4179450,0,0.00019847581,0
LA_D_4180941,0,0.00036783091,0
LA_D_4209152,0,0.00011268718,0
LA_D_4215677,0,0.00017912648,0
LA_D_4277774,0,0.00039694193,0
LA_D_4281396,0,0.00015682884,0
LA_D_4341644,0,0.0002557461,0
LA_D_4452700,0,0.00021302338,0
LA_D_4490889,0,0.000113525966,0
LA_D_4498106,0,0.00012976774,0
LA_D_4550102,0,0.00016134305,0
LA_D_4559133,0,6.4255604e-05,0
LA_D_4564558,0,0.00026069026,0
LA_D_4571794,0,0.00017102697,0
LA_D_4582979,0,7.701939e-05,0
LA_D_4588474,0,0.00033999278,0
LA_D_4639938,0,0.00036170415,0
LA_D_4647315,0,0.00047022855,0
LA_D_4653718,0,0.00021060856,0
LA_D_4684582,0,0.00016835968,0
LA_D_4699185,0,0.00013211742,0
LA_D_4726342,0,0.00041264898,0
LA_D_4748289,0,0.00027762412,0
LA_D_4752372,0,0.0007179121,0
LA_D_4763880,0,0.00018555082,0
LA_D_4775057,0,6.105419e-05,0
LA_D_4879165,0,0.00018598745,0
LA_D_4883766,0,7.220723e-05,0
LA_D_4912771,0,5.7187757e-05,0
LA_D_4919443,0,0.00016586694,0
LA_D_4924208,0,0.00030157343,0
LA_D_4929026,0,8.461442e-05,0
LA_D_4935297,0,0.00024263641,0
LA_D_4936338,0,0.00020031865,0
LA_D_4978588,0,9.254195e-05,0
LA_D_5006012,0,0.00023721786,0
LA_D_5007381,0,0.00018146791,0
LA_D_5057972,0,8.1164995e-05,0
LA_D_5074733,0,0.0002836534,0
LA_D_5109259,0,0.00028313545,0
LA_D_5162715,0,0.00013580304,0
LA_D_5177338,0,0.00028977435,0
LA_D_5177966,0,0.00015212045,0
LA_D_5245666,0,0.00012261458,0
LA_D_5268793,0,0.00014771306,0
LA_D_5270654,0,0.00013043605,0
LA_D_5272977,0,0.00010475075,0
LA_D_5273462,0,0.00035319556,0
LA_D_5291856,0,0.0001937759,0
LA_D_5309692,0,0.00024148202,0
LA_D_5344050,0,0.00033941792,0
LA_D_5385252,0,0.00020509821,0
LA_D_5396438,0,8.62505e-05,0
LA_D_5397791,0,0.00033971382,0
LA_D_5427611,0,8.048106e-05,0
LA_D_5430751,0,8.0633625e-05,0
LA_D_5437365,0,0.0004942641,0
LA_D_5476584,0,0.00013601546,0
LA_D_5478266,0,0.001176515,0
LA_D_5597859,0,0.00012830796,0
LA_D_5613890,0,0.00012026691,0
LA_D_5629856,0,0.0004006951,0
LA_D_5711819,0,0.00040410226,0
LA_D_5711940,0,0.00016619606,0
LA_D_5718687,0,0.00016531984,0
LA_D_5726766,0,0.00013783338,0
LA_D_5736306,0,0.00026986792,0
LA_D_5744389,0,0.00018518372,0
LA_D_5753687,0,0.00015058034,0
LA_D_5780553,0,0.00013719888,0
LA_D_5783447,0,6.679878e-05,0
LA_D_5825201,0,0.00013794503,0
LA_D_5862765,0,0.0001558768,0
LA_D_5869416,0,0.00038806317,0
LA_D_5873171,0,0.00022541097,0
LA_D_5929422,0,9.0757036e-05,0
LA_D_5980008,0,0.0007704231,0
LA_D_5989088,0,0.0001291988,0
LA_D_5990798,0,5.6676872e-05,0
LA_D_5997198,0,0.00034111255,0
LA_D_6002533,0,0.0001887512,0
LA_D_6032850,0,0.00034578945,0
LA_D_6109600,0,0.00016445245,0
LA_D_6115340,0,0.00013490577,0
LA_D_6123696,0,0.0001460704,0
LA_D_6124419,0,0.00014120022,0
LA_D_6144569,0,0.00023425507,0
LA_D_6147813,0,0.00097220804,0
LA_D_6159310,0,0.00052018824,0
LA_D_6166908,0,0.00012963652,0
LA_D_6192301,0,0.00014131995,0
LA_D_6212172,0,0.00015123216,0
LA_D_6245398,0,0.000117116964,0
LA_D_6270968,0,7.92242e-05,0
LA_D_6275063,0,9.340014e-05,0
LA_D_6286681,0,0.00022042576,0
LA_D_6292140,0,0.00013083479,0
LA_D_6410604,0,0.00063797145,0
LA_D_6419681,0,0.00019641698,0
LA_D_6427358,0,0.00024666003,0
LA_D_6454886,0,0.00016653586,0
LA_D_6468364,0,0.00012069107,0
LA_D_6496137,0,0.00050876255,0
LA_D_6502033,0,0.00016935728,0
LA_D_6552905,0,0.00014073311,0
LA_D_6597572,0,0.0020078593,0
LA_D_6603189,0,0.000338753,0
LA_D_6616877,0,0.00015508955,0
LA_D_6621038,0,0.00017223656,0
LA_D_6621174,0,0.00020443789,0
LA_D_6674759,0,0.00013479879,0
LA_D_6701637,0,0.00019139443,0
LA_D_6710307,0,0.00011072156,0
LA_D_6721220,0,0.00011713282,0
LA_D_6736679,0,0.00031976437,0
LA_D_6744347,0,0.00022445188,0
LA_D_6744515,0,0.0006105304,0
LA_D_6814327,0,0.00012794706,0
LA_D_6825288,0,0.0004536084,0
LA_D_6839774,0,0.000236805,0
LA_D_6843816,0,0.00015730452,0
LA_D_6846844,0,0.00028476003,0
LA_D_6869337,0,0.00026700099,0
LA_D_6878349,0,0.000286229,0
LA_D_6881089,0,0.0003386154,0
LA_D_6884276,0,0.00017036112,0
LA_D_6949266,0,0.00013498608,0
LA_D_6980433,0,0.00012521663,0
LA_D_7070438,0,0.0001455143,0
LA_D_7091848,0,0.00020521028,0
LA_D_7096610,0,0.00017084459,0
LA_D_7115717,0,0.00027715944,0
LA_D_7132991,0,0.0002688604,0
LA_D_7150708,0,0.00011761745,0
LA_D_7172132,0,0.0003523642,0
LA_D_7174025,0,0.00013667147,0
LA_D_7206220,0,5.7284913e-05,0
LA_D_7216441,0,0.00019811203,0
LA_D_7264635,0,0.00019454918,0
LA_D_7269974,0,0.00014485506,0
LA_D_7292251,0,0.00022663503,0
LA_D_7297214,0,0.00034307846,0
LA_D_7321644,0,0.00011287452,0
LA_D_7337551,0,0.00019646963,0
LA_D_7348083,0,0.00018885074,0
LA_D_7359011,0,0.00024183592,0
LA_D_7367636,0,0.00021948766,0
LA_D_7386319,0,0.0002661648,0
LA_D_7390342,0,0.00018993372,0
LA_D_7419836,0,0.00012598865,0
LA_D_7435151,0,0.00050302094,0
LA_D_7475228,0,0.00023423205,0
LA_D_7475277,0,0.00011468234,0
LA_D_7510853,0,0.0001827729,0
LA_D_7566932,0,7.980136e-05,0
LA_D_7573964,0,9.390435e-05,0
LA_D_7591970,0,0.00014481776,0
LA_D_7599287,0,0.00012430333,0
LA_D_7601025,0,0.00022052412,0
LA_D_7684506,0,0.00017548937,0
LA_D_7740794,0,0.00017384888,0
LA_D_7757814,0,7.024844e-05,0
LA_D_7774126,0,0.014161818,0
LA_D_7797712,0,0.00012379789,0
LA_D_7819798,0,0.00025904458,0
LA_D_7824980,0,0.00015558902,0
LA_D_7828154,0,0.00021532603,0
LA_D_7933080,0,0.00049031543,0
LA_D_7941596,0,0.00015005072,0
LA_D_7946496,0,9.156731e-05,0
LA_D_7951889,0,0.00015906394,0
LA_D_7969866,0,0.00026353914,0
LA_D_8033884,0,0.00011411955,0
LA_D_8041823,0,0.00014961383,0
LA_D_8085631,0,0.0001950053,0
LA_D_8108552,0,0.00022878965,0
LA_D_8138647,0,0.00012344612,0
LA_D_8167961,0,0.0001569611,0
LA_D_8213789,0,0.00012594492,0
LA_D_8250991,0,0.00010918951,0
LA_D_8288109,0,6.250505e-05,0
LA_D_8341901,0,0.00013572176,0
LA_D_8365650,0,9.534306e-05,0
LA_D_8396394,0,0.00021247304,0
LA_D_8445970,0,0.00015673885,0
LA_D_8476694,0,0.00032054938,0
LA_D_8480990,0,0.00032986864,0
LA_D_8502103,0,0.00016634843,0
LA_D_8540616,0,0.00034607406,0
LA_D_8575268,0,0.00045956497,0
LA_D_8580528,0,0.00014698357,0
LA_D_8608455,0,0.00046430022,0
LA_D_8667642,0,0.00024204813,0
LA_D_8690666,0,0.0003161694,0
LA_D_8791605,0,0.00028835368,0
LA_D_8823371,0,0.00014534041,0
LA_D_8833972,0,0.0001990265,0
LA_D_8858297,0,0.00013704157,0
LA_D_8884259,0,0.00062821317,0
LA_D_8891118,0,0.0005204342,0
LA_D_8891320,0,0.00018935598,0
LA_D_8924760,0,0.00042268148,0
LA_D_8926801,0,0.00029371819,0
LA_D_9025753,0,0.00013488918,0
LA_D_9053406,0,0.000118548305,0
LA_D_9100339,0,7.8559904e-05,0
LA_D_9132830,0,0.0002570758,0
LA_D_9151062,0,0.00032933222,0
LA_D_9154536,0,0.00020108851,0
LA_D_9190608,0,0.00023132795,0
LA_D_9197132,0,0.00021302134,0
LA_D_9209106,0,0.00025099146,0
LA_D_9245802,0,0.00020292678,0
LA_D_9265911,0,9.460974e-05,0
LA_D_9283729,0,0.000270284,0
LA_D_9284814,0,0.0004792801,0
LA_D_9285961,0,0.000121846504,0
LA_D_9287039,0,0.00015237946,0
LA_D_9314974,0,0.00016751786,0
LA_D_9361012,0,0.00031977013,0
LA_D_9380348,0,0.00013589191,0
LA_D_9380432,0,0.00018709306,0
LA_D_9386795,0,0.00027094554,0
LA_D_9427876,0,8.0034406e-05,0
LA_D_9428605,0,0.00019580928,0
LA_D_9445187,0,0.00018771525,0
LA_D_9468857,0,0.00014175115,0
LA_D_9505348,0,9.926815e-05,0
LA_D_9521159,0,0.00019042403,0
LA_D_9521386,0,0.00013962408,0
LA_D_9528107,0,0.00019511802,0
LA_D_9557924,0,0.00032528507,0
LA_D_9573599,0,9.9824596e-05,0
LA_D_9638401,0,0.0001603899,0
LA_D_9673065,0,0.0006290244,0
LA_D_9699422,0,0.0003438542,0
LA_D_9716869,0,0.0004412725,0
LA_D_9735877,0,0.00010898938,0
LA_D_9754279,0,0.00022773846,0
LA_D_9754312,0,9.997159e-05,0
LA_D_9787636,0,0.000100644684,0
LA_D_9807965,0,8.809442e-05,0
LA_D_9820264,0,4.6099558e-05,0
LA_D_9865890,0,0.000120110824,0
LA_D_9872675,0,0.00015638475,0
LA_D_9897842,0,0.00020415624,0
LA_D_9904359,0,0.00042024234,0
LA_D_9910052,0,0.00014876641,0
LA_D_9913081,0,0.00012710907,0
LA_D_9930873,0,0.0002374328,0
LA_D_9973436,0,0.00046697576,0
LA_D_9997827,0,0.005197291,0
LA_D_1012999,0,0.0012402228,0
LA_D_1059373,0,6.730988e-05,0
LA_D_1069983,0,6.667582e-05,0
LA_D_1093350,0,0.00039474454,0
LA_D_1098936,0,8.730313e-05,0
LA_D_1108377,0,0.00020889923,0
LA_D_1128845,0,0.00021417692,0
LA_D_1199369,0,0.0003513257,0
LA_D_1217579,0,9.512647e-05,0
LA_D_1219751,0,5.6877474e-05,0
LA_D_1229238,0,0.00023894302,0
LA_D_1243162,0,0.00020328234,0
LA_D_1328151,0,0.0001518703,0
LA_D_1339977,0,9.4534706e-05,0
LA_D_1341967,0,0.0002323029,0
LA_D_1385838,0,0.00055603165,0
LA_D_1448869,0,0.00022959008,0
LA_D_1502443,0,0.00024375891,0
LA_D_1509962,0,0.00046068867,0
LA_D_1572003,0,8.948346e-05,0
LA_D_1639891,0,0.00057036086,0
LA_D_1655634,0,0.00016018646,0
LA_D_1706159,0,7.987118e-05,0
LA_D_1777002,0,0.00012241026,0
LA_D_1811978,0,0.00021790064,0
LA_D_1815265,0,0.00016214781,0
LA_D_1845654,0,0.00015083568,0
LA_D_1855851,0,6.052406e-05,0
LA_D_1893758,0,0.00010238349,0
LA_D_1953933,0,9.286913e-05,0
LA_D_1959435,0,3.3747234e-05,0
LA_D_1966690,0,7.977952e-05,0
LA_D_1982638,0,0.00031356773,0
LA_D_2052753,0,9.2496244e-05,0
LA_D_2127486,0,7.571283e-05,0
LA_D_2129411,0,5.9515478e-05,0
LA_D_2161760,0,0.00021131299,0
LA_D_2319804,0,0.00011285515,0
LA_D_2352862,0,0.00010678843,0
LA_D_2354611,0,0.00024092756,0
LA_D_2360026,0,0.0002634658,0
LA_D_2365865,0,0.00020492835,0
LA_D_2417938,0,0.00021179568,0
LA_D_2428124,0,0.00011126356,0
LA_D_2461413,0,8.346443e-05,0
LA_D_2494939,0,0.00034220697,0
LA_D_2503313,0,0.00041479958,0
LA_D_2532530,0,0.00028165086,0
LA_D_2542974,0,4.2315274e-05,0
LA_D_2575495,0,8.059134e-05,0
LA_D_2597444,0,0.00021707284,0
LA_D_2607016,0,0.00013669506,0
LA_D_2618723,0,0.0003396024,0
LA_D_2618748,0,5.2389376e-05,0
LA_D_2628131,0,9.083513e-05,0
LA_D_2656565,0,3.77288e-05,0
LA_D_2660438,0,0.00015789103,0
LA_D_2668830,0,8.3752886e-05,0
LA_D_2684010,0,0.0001004171,0
LA_D_2686278,0,0.0002184392,0
LA_D_2691873,0,8.378006e-05,0
LA_D_2726931,0,0.00021617934,0
LA_D_2880781,0,0.00011839093,0
LA_D_2922852,0,0.000117062584,0
LA_D_2933367,0,0.00013426603,0
LA_D_2946273,0,0.00016530864,0
LA_D_2962271,0,5.818974e-05,0
LA_D_2993148,0,9.6543205e-05,0
LA_D_3057475,0,8.7467044e-05,0
LA_D_3075008,0,0.00012101812,0
LA_D_3087684,0,9.407348e-05,0
LA_D_3098960,0,0.0005492394,0
LA_D_3106089,0,9.561375e-05,0
LA_D_3111133,0,0.00017083171,0
LA_D_3143593,0,6.795598e-05,0
LA_D_3150612,0,0.00013122498,0
LA_D_3153699,0,0.00041872842,0
LA_D_3213386,0,8.798461e-05,0
LA_D_3284727,0,0.00027307757,0
LA_D_3285435,0,0.00056376803,0
LA_D_3317920,0,0.00014650419,0
LA_D_3347861,0,0.00019313047,0
LA_D_3381862,0,0.00011653379,0
LA_D_3412517,0,7.810791e-05,0
LA_D_3497883,0,0.00020206219,0
LA_D_3499981,0,0.00020920299,0
LA_D_3522934,0,0.00030216397,0
LA_D_3556001,0,0.00019412946,0
LA_D_3572777,0,0.00035762295,0
LA_D_3617770,0,0.00010935508,0
LA_D_3626798,0,0.00010873172,0
LA_D_3666824,0,6.592352e-05,0
LA_D_3680733,0,0.0002579469,0
LA_D_3697262,0,7.393637e-05,0
LA_D_3740798,0,0.00012288954,0
LA_D_3750214,0,0.00023245467,0
LA_D_3751177,0,0.00031188352,0
LA_D_3763362,0,9.9820216e-05,0
LA_D_3789801,0,0.0002144857,0
LA_D_3811484,0,0.0002892436,0
LA_D_3852341,0,6.72125e-05,0
LA_D_3868002,0,5.858065e-05,0
LA_D_3888719,0,0.00023521924,0
LA_D_3924244,0,9.803648e-05,0
LA_D_3937744,0,0.000116003604,0
LA_D_3949661,0,0.0001281446,0
LA_D_4011462,0,0.00012720207,0
LA_D_4026230,0,0.00032214154,0
LA_D_4026338,0,0.00017327594,0
LA_D_4033961,0,6.3026084e-05,0
LA_D_4042844,0,0.00022398712,0
LA_D_4095496,0,9.87793e-05,0
LA_D_4110412,0,0.00016269916,0
LA_D_4113491,0,0.00013970053,0
LA_D_4190801,0,2.8853705e-05,0
LA_D_4196661,0,0.00029975522,0
LA_D_4198686,0,8.4054525e-05,0
LA_D_4228555,0,0.0001576066,0
LA_D_4249243,0,0.00025833427,0
LA_D_4289169,0,9.006044e-05,0
LA_D_4293326,0,0.00030912866,0
LA_D_4294751,0,0.00031396525,0
LA_D_4322842,0,0.00010191914,0
LA_D_4357332,0,0.0003921154,0
LA_D_4506633,0,7.818824e-05,0
LA_D_4551409,0,0.0011987187,0
LA_D_4601843,0,6.1043596e-05,0
LA_D_4610013,0,7.508163e-05,0
LA_D_4626552,0,7.7538694e-05,0
LA_D_4650788,0,0.0003437149,0
LA_D_4678519,0,0.0013786737,0
LA_D_4681486,0,4.9742895e-05,0
LA_D_4698298,0,0.00029242897,0
LA_D_4702053,0,9.1401125e-05,0
LA_D_4752694,0,0.00011014795,0
LA_D_4770965,0,7.774038e-05,0
LA_D_4850290,0,0.0003302963,0
LA_D_4882385,0,0.00023300985,0
LA_D_4984074,0,7.4101044e-05,0
LA_D_4990292,0,9.59667e-05,0
LA_D_4994552,0,6.5789005e-05,0
LA_D_5068352,0,0.0004293738,0
LA_D_5092098,0,0.00016424652,0
LA_D_5181153,0,6.234576e-05,0
LA_D_5291143,0,0.00011166693,0
LA_D_5297304,0,0.00022227982,0
LA_D_5303302,0,0.0003483063,0
LA_D_5315354,0,0.00026537347,0
LA_D_5348157,0,0.0002770902,0
LA_D_5371276,0,0.00014455605,0
LA_D_5398194,0,0.00015786197,0
LA_D_5433558,0,0.00013044188,0
LA_D_5455958,0,0.00020387184,0
LA_D_5467780,0,5.5425837e-05,0
LA_D_5473316,0,8.44652e-05,0
LA_D_5505351,0,0.00019436081,0
LA_D_5552740,0,8.5380845e-05,0
LA_D_5568300,0,0.00019402233,0
LA_D_5663851,0,0.00037006964,0
LA_D_5673334,0,5.947667e-05,0
LA_D_5684092,0,0.00036735466,0
LA_D_5689576,0,9.905596e-05,0
LA_D_5791423,0,0.0014134739,0
LA_D_5803857,0,9.4155504e-05,0
LA_D_5857128,0,0.00016874912,0
LA_D_5866849,0,0.00024131378,0
LA_D_5881442,0,5.828148e-05,0
LA_D_5882834,0,0.00022467006,0
LA_D_5895216,0,8.330286e-05,0
LA_D_5897281,0,0.00012695148,0
LA_D_5914226,0,0.00019360505,0
LA_D_5961859,0,7.3715164e-05,0
LA_D_5965871,0,6.4062995e-05,0
LA_D_6105901,0,3.7924423e-05,0
LA_D_6129031,0,0.00024535917,0
LA_D_6197886,0,4.6599725e-05,0
LA_D_6231603,0,8.281946e-05,0
LA_D_6241521,0,9.089959e-05,0
LA_D_6241916,0,0.0001420051,0
LA_D_6270919,0,0.0002734921,0
LA_D_6316118,0,0.00051966286,0
LA_D_6321029,0,0.00013771674,0
LA_D_6351880,0,0.00019696799,0
LA_D_6391228,0,0.0001225295,0
LA_D_6391278,0,6.546938e-05,0
LA_D_6431288,0,0.00011615125,0
LA_D_6434721,0,5.5893666e-05,0
LA_D_6479825,0,0.00012974671,0
LA_D_6511162,0,0.00010979299,0
LA_D_6521320,0,9.981355e-05,0
LA_D_6551642,0,0.0006292175,0
LA_D_6557355,0,9.314806e-05,0
LA_D_6582780,0,0.0001634485,0
LA_D_6589944,0,8.005029e-05,0
LA_D_6599019,0,0.00013836118,0
LA_D_6603822,0,0.00014442118,0
LA_D_6612387,0,0.000288357,0
LA_D_6623501,0,0.00021444113,0
LA_D_6716178,0,6.833002e-05,0
LA_D_6721785,0,0.00018844189,0
LA_D_6722285,0,0.00019189513,0
LA_D_6798242,0,0.00010198078,0
LA_D_6826053,0,5.4044784e-05,0
LA_D_6840108,0,3.3817752e-05,0
LA_D_6902611,0,0.00013105954,0
LA_D_6921859,0,9.984325e-05,0
LA_D_7008532,0,5.9248017e-05,0
LA_D_7033344,0,0.00023110573,0
LA_D_7034096,0,0.00013751767,0
LA_D_7040833,0,0.00022789722,0
LA_D_7070716,0,0.00034572452,0
LA_D_7113087,0,0.000265091,0
LA_D_7127633,0,0.00010054511,0
LA_D_7145643,0,0.00020620647,0
LA_D_7149026,0,6.070533e-05,0
LA_D_7166669,0,0.00014904668,0
LA_D_7209780,0,8.763494e-05,0
LA_D_7260355,0,0.0002207067,0
LA_D_7265371,0,0.00022796831,0
LA_D_7299749,0,0.00016026103,0
LA_D_7385727,0,9.0614165e-05,0
LA_D_7401877,0,0.00048498058,0
LA_D_7481774,0,0.00018989823,0
LA_D_7489647,0,0.00015671464,0
LA_D_7510776,0,0.00045050232,0
LA_D_7519937,0,0.00040361562,0
LA_D_7524908,0,0.00014358413,0
LA_D_7546610,0,0.000113962305,0
LA_D_7554584,0,0.00016624933,0
LA_D_7576905,0,0.00010831602,0
LA_D_7588911,0,0.00017533281,0
LA_D_7603562,0,9.331369e-05,0
LA_D_7607582,0,0.00014473604,0
LA_D_7616056,0,2.558783e-05,0
LA_D_7626873,0,7.9909645e-05,0
LA_D_7661091,0,0.00030261918,0
LA_D_7663086,0,6.330286e-05,0
LA_D_7693345,0,0.00010116525,0
LA_D_7747702,0,9.0221256e-05,0
LA_D_7763323,0,0.00015702547,0
LA_D_7784081,0,0.00018717049,0
LA_D_7870262,0,5.1463463e-05,0
LA_D_7918811,0,0.00015914011,0
LA_D_7958457,0,9.190489e-05,0
LA_D_7989171,0,0.00010981403,0
LA_D_8099861,0,0.00047564006,0
LA_D_8135380,0,3.6639856e-05,0
LA_D_8143487,0,0.0001375292,0
LA_D_8156106,0,2.9495877e-05,0
LA_D_8170962,0,2.6376574e-05,0
LA_D_8220439,0,0.0003040591,0
LA_D_8226027,0,0.00011822184,0
LA_D_8256584,0,0.00045101577,0
LA_D_8270285,0,0.0001892269,0
LA_D_8300528,0,9.215983e-05,0
LA_D_8318381,0,0.00018731422,0
LA_D_8328324,0,0.00017586828,0
LA_D_8340873,0,9.976483e-05,0
LA_D_8362355,0,0.000197302,0
LA_D_8524990,0,4.758517e-05,0
LA_D_8596396,0,0.00013508934,0
LA_D_8604395,0,0.000108193286,0
LA_D_8619260,0,0.0002753261,0
LA_D_8674039,0,3.8370094e-05,0
LA_D_8678189,0,3.395354e-05,0
LA_D_8682238,0,9.0569076e-05,0
LA_D_8705688,0,9.4382296e-05,0
LA_D_8769232,0,3.9698283e-05,0
LA_D_8791163,0,0.00016267125,0
LA_D_8851647,0,0.00027576272,0
LA_D_8923139,0,7.577487e-05,0
LA_D_8967930,0,0.00024951712,0
LA_D_8998352,0,0.00012411182,0
LA_D_9000151,0,8.2679086e-05,0
LA_D_9077132,0,0.00015113543,0
LA_D_9170829,0,0.00013720882,0
LA_D_9240337,0,0.00024427168,0
LA_D_9248076,0,0.00017141456,0
LA_D_9349907,0,7.391818e-05,0
LA_D_9366624,0,0.00019036213,0
LA_D_9374494,0,6.3625375e-05,0
LA_D_9394624,0,7.246591e-05,0
LA_D_9410996,0,0.0012077522,0
LA_D_9445699,0,0.00028187412,0
LA_D_9488774,0,0.00026583206,0
LA_D_9526782,0,0.000118374344,0
LA_D_9533572,0,0.00010516669,0
LA_D_9546041,0,5.296793e-05,0
LA_D_9548811,0,9.7947595e-06,0
LA_D_9548980,0,6.999821e-05,0
LA_D_9581870,0,0.0003749861,0
LA_D_9584747,0,0.000105439016,0
LA_D_9646573,0,5.2951727e-05,0
LA_D_9676810,0,0.0003264728,0
LA_D_9678633,0,0.00013380707,0
LA_D_9732198,0,0.000175696,0
LA_D_9733347,0,0.0001287558,0
LA_D_9740097,0,4.1411466e-05,0
LA_D_9761317,0,7.8999234e-05,0
LA_D_9764287,0,0.0003226487,0
LA_D_9819662,0,0.00019467257,0
LA_D_9851124,0,0.00021257074,0
LA_D_9871744,0,0.00030739824,0
LA_D_9871974,0,0.000106180196,0
LA_D_9900800,0,0.0001001675,0
LA_D_9926903,0,0.0001065626,0
LA_D_9936826,0,0.00011152019,0
LA_D_9989022,0,0.00016513535,0
LA_D_1009810,0,0.0002732914,0
LA_D_1022459,0,7.176919e-05,0
LA_D_1026446,0,0.0002032738,0
LA_D_1041178,0,0.0001637889,0
LA_D_1047361,0,6.360275e-05,0
LA_D_1053010,0,0.0022759996,0
LA_D_1053183,0,7.349021e-05,0
LA_D_1053691,0,9.279309e-05,0
LA_D_1094663,0,0.00042733908,0
LA_D_1101752,0,0.0005759301,0
LA_D_1105063,0,0.00035033905,0
LA_D_1107991,0,0.00012390134,0
LA_D_1117617,0,0.00033659,0
LA_D_1129139,0,0.00012411454,0
LA_D_1134630,0,0.00050284836,0
LA_D_1154625,0,0.00016505962,0
LA_D_1186006,0,0.00022928405,0
LA_D_1187921,0,0.0002559115,0
LA_D_1208833,0,6.212332e-05,0
LA_D_1232042,0,8.20423e-05,0
LA_D_1254689,0,8.579268e-05,0
LA_D_1271350,0,0.00019912978,0
LA_D_1296622,0,6.7447436e-05,0
LA_D_1309310,0,0.000106314044,0
LA_D_1346961,0,0.00035671244,0
LA_D_1385432,0,0.000106870546,0
LA_D_1393963,0,0.00067156676,0
LA_D_1398478,0,0.00014850136,0
LA_D_1410471,0,5.1183553e-05,0
LA_D_1421837,0,0.00019032783,0
LA_D_1429385,0,0.00019814169,0
LA_D_1442082,0,5.9699585e-05,0
LA_D_1473217,0,0.00013710563,0
LA_D_1503678,0,0.00010963418,0
LA_D_1507132,0,0.00014588943,0
LA_D_1550916,0,5.8111436e-05,0
LA_D_1554337,0,5.8681733e-05,0
LA_D_1563527,0,0.0005920373,0
LA_D_1564951,0,0.0001611813,0
LA_D_1565282,0,0.000105508705,0
LA_D_1585777,0,0.0019671593,0
LA_D_1618636,0,0.0001019137,0
LA_D_1626346,0,0.0008876959,0
LA_D_1629018,0,0.00045957326,0
LA_D_1630961,0,0.00027608025,0
LA_D_1631906,0,0.0011718174,0
LA_D_1649039,0,5.9837235e-05,0
LA_D_1694628,0,9.7174416e-05,0
LA_D_1737775,0,0.00012559198,0
LA_D_1751115,0,0.00057402626,0
LA_D_1826570,0,0.0003813177,0
LA_D_1840313,0,6.375262e-05,0
LA_D_1844442,0,0.000103844504,0
LA_D_1870825,0,9.559633e-05,0
LA_D_1904429,0,0.00018368104,0
LA_D_1921628,0,6.42123e-05,0
LA_D_1929165,0,9.1234884e-05,0
LA_D_1940703,0,0.00010526342,0
LA_D_1949097,0,0.00024046627,0
LA_D_1973666,0,0.00035529514,0
LA_D_1993260,0,0.00028249857,0
LA_D_2115537,0,4.305562e-05,0
LA_D_2120058,0,0.00034599326,0
LA_D_2133447,0,8.076791e-05,0
LA_D_2148083,0,9.7388234e-05,0
LA_D_2178992,0,0.0013637397,0
LA_D_2185267,0,0.0007296966,0
LA_D_2343633,0,0.00015350895,0
LA_D_2348809,0,7.764473e-05,0
LA_D_2376692,0,0.0006768503,0
LA_D_2380033,0,0.00022433828,0
LA_D_2381616,0,0.0002303661,0
LA_D_2406548,0,0.0007511439,0
LA_D_2424885,0,0.00029511406,0
LA_D_2431861,0,0.00015280461,0
LA_D_2458746,0,0.0001949856,0
LA_D_2489508,0,8.409766e-05,0
LA_D_2564824,0,5.3075833e-05,0
LA_D_2608425,0,0.00014553845,0
LA_D_2622549,0,8.680952e-05,0
LA_D_2626291,0,0.00020898947,0
LA_D_2657015,0,0.00029261387,0
LA_D_2662004,0,0.0027209593,0
LA_D_2665018,0,5.6601584e-05,0
LA_D_2682967,0,0.0002035003,0
LA_D_2687738,0,0.00037001882,0
LA_D_2691876,0,7.305428e-05,0
LA_D_2708695,0,0.00014120965,0
LA_D_2731694,0,9.361414e-05,0
LA_D_2734460,0,0.00012065103,0
LA_D_2764046,0,0.00010156947,0
LA_D_2812298,0,4.9991657e-05,0
LA_D_2852116,0,0.00015459699,0
LA_D_2852975,0,0.0001878551,0
LA_D_2899989,0,0.0002791899,0
LA_D_2961647,0,9.579993e-05,0
LA_D_2970648,0,0.00015553221,0
LA_D_3010008,0,4.8179496e-05,0
LA_D_3010254,0,0.0019425027,0
LA_D_3011286,0,0.0018631165,0
LA_D_3043784,0,0.000104878876,0
LA_D_3052026,0,0.00264552,0
LA_D_3077589,0,0.00014152587,0
LA_D_3122693,0,0.0001462556,0
LA_D_3123903,0,0.00031635305,0
LA_D_3196679,0,0.00021631643,0
LA_D_3216202,0,0.00010716117,0
LA_D_3220943,0,0.00017057048,0
LA_D_3229406,0,0.00045279152,0
LA_D_3245148,0,0.00019472325,0
LA_D_3246935,0,0.00017997719,0
LA_D_3267050,0,0.00011535026,0
LA_D_3289959,0,8.986296e-05,0
LA_D_3309097,0,0.0001751158,0
LA_D_3312715,0,0.00016310568,0
LA_D_3314683,0,0.00018697321,0
LA_D_3318305,0,0.00016664228,0
LA_D_3322462,0,0.00011337419,0
LA_D_3325885,0,0.00014322257,0
LA_D_3335996,0,0.001248597,0
LA_D_3362119,0,0.00019302941,0
LA_D_3368139,0,0.0005285988,0
LA_D_3380478,0,0.0003695993,0
LA_D_3381945,0,0.00028455834,0
LA_D_3425552,0,0.00010549212,0
LA_D_3459983,0,0.00016566493,0
LA_D_3460877,0,0.00013026886,0
LA_D_3477714,0,0.0003742875,0
LA_D_3484550,0,9.050631e-05,0
LA_D_3503337,0,0.00011740097,0
LA_D_3534616,0,0.00013374865,0
LA_D_3552986,0,9.549912e-05,0
LA_D_3628282,0,0.00015529805,0
LA_D_3650557,0,0.0003753384,0
LA_D_3670696,0,0.00029652592,0
LA_D_3683959,0,0.00017334006,0
LA_D_3687549,0,0.00045295554,0
LA_D_3704583,0,0.0002488531,0
LA_D_3759789,0,0.00015022437,0
LA_D_3768268,0,7.237495e-05,0
LA_D_3776171,0,0.00014288539,0
LA_D_3811164,0,0.00022957323,0
LA_D_3826562,0,0.00016202618,0
LA_D_3835819,0,0.0002484375,0
LA_D_3841462,0,0.00018880934,0
LA_D_3844808,0,0.00011379346,0
LA_D_3863142,0,0.0003144116,0
LA_D_3865687,0,4.8791993e-05,0
LA_D_3871675,0,0.00012527908,0
LA_D_3873590,0,8.997383e-05,0
LA_D_3925646,0,0.00016611163,0
LA_D_3973052,0,0.1578488,0
LA_D_4023359,0,0.00014855519,0
LA_D_4130087,0,0.001103466,0
LA_D_4182606,0,9.6532254e-05,0
LA_D_4204931,0,6.627892e-05,0
LA_D_4250069,0,9.929513e-05,0
LA_D_4276413,0,0.00031069815,0
LA_D_4313851,0,0.00021905718,0
LA_D_4447429,0,0.00018686858,0
LA_D_4449467,0,6.582125e-05,0
LA_D_4466009,0,8.184741e-05,0
LA_D_4506665,0,0.00016836385,0
LA_D_4515063,0,0.00020620823,0
LA_D_4557284,0,0.0021869286,0
LA_D_4577794,0,6.819956e-05,0
LA_D_4596144,0,0.000100214784,0
LA_D_4625457,0,0.0003774,0
LA_D_4665264,0,0.00018802981,0
LA_D_4711427,0,7.673026e-05,0
LA_D_4762149,0,0.0003433841,0
LA_D_4795544,0,0.0004320022,0
LA_D_4795829,0,0.00025266226,0
LA_D_4820980,0,0.00041841881,0
LA_D_4847920,0,0.005949422,0
LA_D_4958482,0,0.00020972245,0
LA_D_4976290,0,0.00011113005,0
LA_D_4993792,0,0.00016996816,0
LA_D_5044739,0,0.00021589237,0
LA_D_5088072,0,7.366471e-05,0
LA_D_5106717,0,9.524901e-05,0
LA_D_5115800,0,5.3569383e-05,0
LA_D_5159656,0,8.114109e-05,0
LA_D_5187844,0,6.486071e-05,0
LA_D_5192357,0,0.00044995986,0
LA_D_5220582,0,6.9632115e-05,0
LA_D_5258498,0,0.00023833869,0
LA_D_5274993,0,0.00012097889,0
LA_D_5286754,0,0.000112075504,0
LA_D_5359152,0,7.953084e-05,0
LA_D_5364420,0,0.0001743863,0
LA_D_5394850,0,0.00028340824,0
LA_D_5405782,0,0.00019546435,0
LA_D_5456641,0,0.00010781305,0
LA_D_5470191,0,8.611998e-05,0
LA_D_5484007,0,0.00012070649,0
LA_D_5487963,0,0.000104538994,0
LA_D_5497028,0,0.00013412924,0
LA_D_5525243,0,0.00067116175,0
LA_D_5541815,0,0.00030815497,0
LA_D_5563514,0,0.00014776687,0
LA_D_5579300,0,0.00017095817,0
LA_D_5594176,0,0.00077999465,0
LA_D_5637855,0,0.00016193521,0
LA_D_5661632,0,6.125457e-05,0
LA_D_5683834,0,0.00035084542,0
LA_D_5690814,0,9.47317e-05,0
LA_D_5707076,0,0.00040401984,0
LA_D_5730035,0,0.00025574272,0
LA_D_5741467,0,0.000185531,0
LA_D_5783492,0,0.00010672786,0
LA_D_5790952,0,0.0002346342,0
LA_D_5824640,0,0.00022764575,0
LA_D_5833095,0,0.0008662385,0
LA_D_5842246,0,0.0016741139,0
LA_D_5893163,0,0.00014038946,0
LA_D_5897596,0,0.00012476028,0
LA_D_5910213,0,0.00012744659,0
LA_D_5955645,0,8.164201e-05,0
LA_D_5955681,0,0.00016754455,0
LA_D_5983573,0,0.00035954823,0
LA_D_5996329,0,0.00044742777,0
LA_D_6035033,0,5.7237674e-05,0
LA_D_6038987,0,0.00013006877,0
LA_D_6042592,0,0.00039463694,0
LA_D_6044584,0,0.00015379627,0
LA_D_6052382,0,0.0002140287,0
LA_D_6065690,0,0.00017568929,0
LA_D_6092523,0,5.4935146e-05,0
LA_D_6106693,0,0.000259852,0
LA_D_6140365,0,0.000120990306,0
LA_D_6153721,0,0.00013416621,0
LA_D_6173011,0,0.00018912465,0
LA_D_6180503,0,6.703513e-05,0
LA_D_6223759,0,4.875976e-05,0
LA_D_6255442,0,0.00018271193,0
LA_D_6276227,0,0.00011669291,0
LA_D_6286913,0,0.00014081606,0
LA_D_6317554,0,5.3957752e-05,0
LA_D_6333800,0,0.00024775602,0
LA_D_6341347,0,0.00010244531,0
LA_D_6376535,0,0.00043904496,0
LA_D_6402345,0,0.0002690853,0
LA_D_6428763,0,5.4377033e-05,0
LA_D_6462653,0,3.696386e-05,0
LA_D_6487128,0,7.5125536e-05,0
LA_D_6535961,0,9.898495e-05,0
LA_D_6540277,0,0.00017705432,0
LA_D_6543845,0,7.2996554e-05,0
LA_D_6560571,0,0.00019976436,0
LA_D_6584904,0,6.23912e-05,0
LA_D_6608570,0,9.86383e-05,0
LA_D_6643057,0,3.9199935e-05,0
LA_D_6676552,0,0.00012804603,0
LA_D_6689976,0,8.2868995e-05,0
LA_D_6695955,0,0.00020406106,0
LA_D_6712262,0,5.923655e-05,0
LA_D_6752801,0,8.954594e-05,0
LA_D_6842358,0,0.00040103178,0
LA_D_6885473,0,0.0003451469,0
LA_D_6914312,0,0.00039618692,0
LA_D_6918630,0,0.0002782959,0
LA_D_6933618,0,0.0003124603,0
LA_D_6986384,0,7.609079e-05,0
LA_D_7006476,0,0.00021837174,0
LA_D_7015677,0,0.0007772042,0
LA_D_7139973,0,0.00015888464,0
LA_D_7142423,0,0.00017998526,0
LA_D_7146345,0,0.00022531448,0
LA_D_7146876,0,0.00028159987,0
LA_D_7150274,0,3.7378522e-05,0
LA_D_7166542,0,8.306465e-05,0
LA_D_7179177,0,0.00013547,0
LA_D_7206246,0,0.00019031258,0
LA_D_7210696,0,0.0002000007,0
LA_D_7257803,0,0.00045408774,0
LA_D_7270413,0,0.0007444368,0
LA_D_7283626,0,0.00040414813,0
LA_D_7295443,0,7.9172234e-05,0
LA_D_7312934,0,0.00016131737,0
LA_D_7320803,0,0.00011222822,0
LA_D_7321340,0,7.87059e-05,0
LA_D_7321900,0,0.00027486213,0
LA_D_7342275,0,9.865889e-05,0
LA_D_7370235,0,0.00018065287,0
LA_D_7382054,0,0.00010266721,0
LA_D_7387492,0,4.3360862e-05,0
LA_D_7389395,0,0.00019599232,0
LA_D_7395165,0,0.00019710777,0
LA_D_7425918,0,8.329373e-05,0
LA_D_7427432,0,0.0004686883,0
LA_D_7431085,0,9.9812314e-05,0
LA_D_7437986,0,9.9720324e-05,0
LA_D_7453582,0,9.858958e-05,0
LA_D_7454040,0,0.00011849405,0
LA_D_7459422,0,0.00031655128,0
LA_D_7466876,0,9.755443e-05,0
LA_D_7490963,0,0.00021616038,0
LA_D_7506438,0,0.0002512608,0
LA_D_7543784,0,0.00021422288,0
LA_D_7556130,0,0.00011755522,0
LA_D_7557614,0,0.00030573196,0
LA_D_7576053,0,4.0598137e-05,0
LA_D_7588993,0,0.00012804616,0
LA_D_7642448,0,0.00039059736,0
LA_D_7705069,0,0.00014513834,0
LA_D_7712142,0,5.9051392e-05,0
LA_D_7715629,0,0.0010669449,0
LA_D_7752651,0,0.00012526715,0
LA_D_7765425,0,8.935708e-05,0
LA_D_7768123,0,0.00034464287,0
LA_D_7773053,0,0.00026124562,0
LA_D_7784335,0,0.0001795028,0
LA_D_7815248,0,0.00012409205,0
LA_D_7845861,0,0.00010602419,0
LA_D_7863036,0,8.83977e-05,0
LA_D_7871377,0,0.00016663609,0
LA_D_7879576,0,0.0003544683,0
LA_D_7905799,0,0.58297825,1
LA_D_8023983,0,0.00022818097,0
LA_D_8037942,0,0.00011394145,0
LA_D_8051196,0,0.00078899827,0
LA_D_8086972,0,7.293309e-05,0
LA_D_8106140,0,0.0013564819,0
LA_D_8116459,0,0.00032432977,0
LA_D_8122941,0,0.000112438596,0
LA_D_8142988,0,0.0001692509,0
LA_D_8159363,0,0.00012421908,0
LA_D_8161487,0,0.00036792946,0
LA_D_8193417,0,0.00028339634,0
LA_D_8203380,0,0.00020126077,0
LA_D_8248441,0,9.6585296e-05,0
LA_D_8287167,0,0.00012908588,0
LA_D_8336154,0,0.00062021153,0
LA_D_8348408,0,4.364105e-05,0
LA_D_8350335,0,7.3062714e-05,0
LA_D_8383875,0,0.00014066737,0
LA_D_8387087,0,0.00038652684,0
LA_D_8391659,0,8.5249296e-05,0
LA_D_8424724,0,6.511703e-05,0
LA_D_8467719,0,0.0001997116,0
LA_D_8481763,0,0.0001935543,0
LA_D_8519344,0,0.00045407994,0
LA_D_8564097,0,9.961331e-05,0
LA_D_8568701,0,0.000111277885,0
LA_D_8575096,0,9.5831354e-05,0
LA_D_8592862,0,0.00012941111,0
LA_D_8619688,0,0.00010367927,0
LA_D_8631594,0,0.0001704175,0
LA_D_8639249,0,0.00013181605,0
LA_D_8723101,0,0.00016368211,0
LA_D_8746243,0,0.0002732833,0
LA_D_8750052,0,0.00011475137,0
LA_D_8751310,0,0.00023854739,0
LA_D_8751875,0,0.00012770461,0
LA_D_8777414,0,0.00012948146,0
LA_D_8792923,0,7.11056e-05,0
LA_D_8795993,0,0.0002394758,0
LA_D_8803516,0,0.00011323255,0
LA_D_8804006,0,0.0020276217,0
LA_D_8809919,0,0.00011857521,0
LA_D_8819340,0,0.00013995585,0
LA_D_8827587,0,0.00011881992,0
LA_D_8854421,0,0.00012303646,0
LA_D_8859455,0,0.000113758746,0
LA_D_8860183,0,5.601842e-05,0
LA_D_8921775,0,0.00014959814,0
LA_D_8943970,0,0.000417278,0
LA_D_8954085,0,0.00017957897,0
LA_D_8976204,0,0.00032123527,0
LA_D_8979280,0,7.00344e-05,0
LA_D_8988514,0,0.0013917974,0
LA_D_8999079,0,5.792587e-05,0
LA_D_9001275,0,0.00012528578,0
LA_D_9021806,0,0.00011814723,0
LA_D_9039099,0,8.739108e-06,0
LA_D_9049651,0,0.00032029676,0
LA_D_9052609,0,6.4973996e-05,0
LA_D_9053251,0,0.00021478387,0
LA_D_9157281,0,7.615605e-05,0
LA_D_9159354,0,0.000106248466,0
LA_D_9168266,0,0.0002168701,0
LA_D_9197506,0,0.0003722528,0
LA_D_9220126,0,0.00014420251,0
LA_D_9237242,0,0.00010955255,0
LA_D_9241080,0,0.0005552653,0
LA_D_9268425,0,9.69336e-05,0
LA_D_9316595,0,0.00015982155,0
LA_D_9318933,0,8.506034e-05,0
LA_D_9335039,0,0.0016369823,0
LA_D_9432444,0,6.7763795e-05,0
LA_D_9507541,0,0.00010617008,0
LA_D_9540548,0,9.414545e-05,0
LA_D_9547696,0,0.00030614238,0
LA_D_9559541,0,0.00011133137,0
LA_D_9596844,0,0.0003498104,0
LA_D_9601134,0,4.9550443e-05,0
LA_D_9607762,0,0.00025952767,0
LA_D_9615748,0,0.00029825035,0
LA_D_9616611,0,0.00013971546,0
LA_D_9628255,0,0.00042778984,0
LA_D_9672418,0,0.00023494847,0
LA_D_9691176,0,0.00046901137,0
LA_D_9705410,0,0.00011444299,0
LA_D_9727400,0,0.00024108769,0
LA_D_9750614,0,0.00013736944,0
LA_D_9763527,0,0.00010998632,0
LA_D_9822555,0,0.00018921863,0
LA_D_9846233,0,0.00016577585,0
LA_D_9866012,0,5.2623258e-05,0
LA_D_9915922,0,0.00019502873,0
LA_D_9953820,0,0.0002942238,0
LA_D_9985949,0,0.00021803241,0
LA_D_9991459,0,0.00021400687,0
LA_D_1005971,0,0.0001108866,0
LA_D_1064567,0,6.619629e-05,0
LA_D_1098691,0,0.00012063584,0
LA_D_1109838,0,0.00027009135,0
LA_D_1115081,0,0.00023148902,0
LA_D_1148617,0,0.00014811361,0
LA_D_1180576,0,0.00042795626,0
LA_D_1219196,0,0.00020894365,0
LA_D_1228312,0,0.00029314298,0
LA_D_1229666,0,0.00015818443,0
LA_D_1236629,0,0.00017920542,0
LA_D_1285621,0,0.00017229287,0
LA_D_1325891,0,0.00033444306,0
LA_D_1348647,0,0.00018291482,0
LA_D_1364906,0,0.00016659845,0
LA_D_1368126,0,0.00012519633,0
LA_D_1409986,0,0.0005172902,0
LA_D_1445186,0,0.0004062436,0
LA_D_1462329,0,0.0010923481,0
LA_D_1465281,0,0.0001202112,0
LA_D_1549654,0,0.00024857992,0
LA_D_1583199,0,0.00013181679,0
LA_D_1632972,0,0.00023122343,0
LA_D_1672323,0,0.00015238702,0
LA_D_1685077,0,0.00027605184,0
LA_D_1762685,0,0.000105860025,0
LA_D_1774549,0,0.00013308,0
LA_D_1865438,0,0.0002066332,0
LA_D_1867538,0,0.00010444792,0
LA_D_1875162,0,0.00011605649,0
LA_D_1876350,0,0.0009505357,0
LA_D_1881239,0,0.00016040595,0
LA_D_1902183,0,0.00015358992,0
LA_D_1903412,0,0.00027232463,0
LA_D_1907658,0,0.00015828173,0
LA_D_1965430,0,0.00020936123,0
LA_D_2022388,0,8.1365004e-05,0
LA_D_2035917,0,0.00017236172,0
LA_D_2056632,0,0.00032976895,0
LA_D_2075767,0,0.0008425965,0
LA_D_2077148,0,0.00011605527,0
LA_D_2091853,0,0.00015389484,0
LA_D_2093991,0,0.00018006765,0
LA_D_2151201,0,0.00016579751,0
LA_D_2166390,0,5.1319716e-05,0
LA_D_2186197,0,0.00036325576,0
LA_D_2219894,0,0.00012347626,0
LA_D_2280387,0,0.000146976,0
LA_D_2296391,0,0.00012341904,0
LA_D_2307942,0,0.00015274882,0
LA_D_2334368,0,0.00019456793,0
LA_D_2354479,0,0.00017594946,0
LA_D_2357733,0,0.00026644868,0
LA_D_2372047,0,7.27681e-05,0
LA_D_2387813,0,0.00018642421,0
LA_D_2401310,0,0.00020504014,0
LA_D_2401901,0,0.0001696935,0
LA_D_2404322,0,9.107642e-05,0
LA_D_2425341,0,0.00022063243,0
LA_D_2436830,0,8.2565944e-05,0
LA_D_2437525,0,7.0434115e-05,0
LA_D_2442363,0,0.0006528305,0
LA_D_2474628,0,0.00096529134,0
LA_D_2478026,0,0.00039737544,0
LA_D_2538088,0,0.00028576248,0
LA_D_2548430,0,0.00021063024,0
LA_D_2552301,0,0.00017511411,0
LA_D_2602102,0,0.00016307987,0
LA_D_2619353,0,0.00083022495,0
LA_D_2631285,0,0.0003647392,0
LA_D_2640007,0,0.00020076206,0
LA_D_2713960,0,0.00028721584,0
LA_D_2774834,0,0.00012262896,0
LA_D_2783478,0,4.5972287e-05,0
LA_D_2785422,0,9.5700954e-05,0
LA_D_2836005,0,0.00027008104,0
LA_D_2870594,0,0.014300473,0
LA_D_2873916,0,0.00022776061,0
LA_D_2877185,0,0.00023847168,0
LA_D_2894007,0,0.00018175763,0
LA_D_2894107,0,7.761497e-05,0
LA_D_2963155,0,0.00020275428,0
LA_D_2997742,0,0.0002096179,0
LA_D_3012026,0,0.00012552302,0
LA_D_3033322,0,0.00017473834,0
LA_D_3036929,0,9.2651615e-05,0
LA_D_3095124,0,0.00011757428,0
LA_D_3101981,0,0.00021236589,0
LA_D_3109790,0,6.9653695e-05,0
LA_D_3129847,0,0.00018794341,0
LA_D_3130364,0,0.00038869516,0
LA_D_3175475,0,5.085287e-05,0
LA_D_3225834,0,0.00019393465,0
LA_D_3273338,0,0.0004301255,0
LA_D_3305882,0,0.00012710725,0
LA_D_3318751,0,0.0002043196,0
LA_D_3337171,0,0.00010775529,0
LA_D_3338495,0,0.0003669861,0
LA_D_3384545,0,0.00025404082,0
LA_D_3419580,0,0.00035743613,0
LA_D_3438868,0,0.0002682508,0
LA_D_3441350,0,0.0002676254,0
LA_D_3520505,0,0.00015457577,0
LA_D_3565551,0,0.0013498771,0
LA_D_3592942,0,0.00015855077,0
LA_D_3594249,0,0.0011670731,0
LA_D_3597706,0,0.00023389616,0
LA_D_3620253,0,0.00021561734,0
LA_D_3647773,0,0.00023011364,0
LA_D_3676943,0,0.0067112045,0
LA_D_3681471,0,0.00021895404,0
LA_D_3693776,0,0.00010786076,0
LA_D_3726525,0,0.000109934,0
LA_D_3737022,0,0.00012577463,0
LA_D_3775284,0,0.00011828216,0
LA_D_3813007,0,0.007136313,0
LA_D_3813648,0,0.00015301953,0
LA_D_3869889,0,0.0004315017,0
LA_D_3884215,0,0.0004813601,0
LA_D_3919520,0,0.00044214618,0
LA_D_3975705,0,0.00023445954,0
LA_D_4014359,0,6.530683e-05,0
LA_D_4019955,0,0.0001870176,0
LA_D_4043719,0,0.0031110914,0
LA_D_4053028,0,0.00055191736,0
LA_D_4081799,0,0.00013705673,0
LA_D_4089047,0,5.8603946e-05,0
LA_D_4107575,0,0.00033633018,0
LA_D_4169368,0,0.00021229908,0
LA_D_4190542,0,8.136299e-05,0
LA_D_4217323,0,0.0005734679,0
LA_D_4219857,0,0.01645344,0
LA_D_4226263,0,0.000105456216,0
LA_D_4227742,0,0.00026828938,0
LA_D_4246402,0,0.00025566886,0
LA_D_4247580,0,0.00018879584,0
LA_D_4261031,0,0.00017123732,0
LA_D_4283749,0,0.0014754639,0
LA_D_4292655,0,0.0001444691,0
LA_D_4303813,0,0.0004061344,0
LA_D_4353571,0,0.00016051918,0
LA_D_4402563,0,0.00010441038,0
LA_D_4407394,0,0.00011855441,0
LA_D_4411408,0,0.00039370882,0
LA_D_4439782,0,0.00062088936,0
LA_D_4444384,0,0.00012585813,0
LA_D_4482890,0,8.707598e-05,0
LA_D_4511383,0,0.00036875324,0
LA_D_4519434,0,0.00016055715,0
LA_D_4519538,0,0.0001473327,0
LA_D_4527834,0,0.00010956687,0
LA_D_4530203,0,9.78161e-05,0
LA_D_4539097,0,0.00020938698,0
LA_D_4543912,0,0.0010405207,0
LA_D_4568249,0,7.8577286e-05,0
LA_D_4581618,0,0.0002734994,0
LA_D_4585543,0,0.00013121747,0
LA_D_4586547,0,0.0002937039,0
LA_D_4613959,0,0.0003310901,0
LA_D_4627937,0,0.00010008138,0
LA_D_4659047,0,0.00049038645,0
LA_D_4665394,0,0.003187196,0
LA_D_4697959,0,0.00030685536,0
LA_D_4702196,0,0.00038487668,0
LA_D_4711442,0,0.0050678374,0
LA_D_4732922,0,0.00013826898,0
LA_D_4740972,0,0.00032973592,0
LA_D_4766940,0,0.00013035435,0
LA_D_4787259,0,0.0013339795,0
LA_D_4798310,0,0.0006542756,0
LA_D_4803108,0,4.269638e-05,0
LA_D_4813149,0,0.00015443655,0
LA_D_4823532,0,8.658002e-05,0
LA_D_4835772,0,0.00010483997,0
LA_D_4859211,0,0.000106744046,0
LA_D_4863235,0,6.694704e-05,0
LA_D_4922420,0,0.00013575333,0
LA_D_4946501,0,9.22577e-05,0
LA_D_4956135,0,0.000264951,0
LA_D_4958951,0,6.12012e-05,0
LA_D_4998944,0,0.00015116873,0
LA_D_5026901,0,0.0002986524,0
LA_D_5054064,0,9.6139906e-05,0
LA_D_5096512,0,0.00014972757,0
LA_D_5108618,0,0.0005473778,0
LA_D_5134311,0,0.00024303395,0
LA_D_5134762,0,0.00013661271,0
LA_D_5140356,0,0.00073828746,0
LA_D_5162779,0,0.00014309591,0
LA_D_5183452,0,0.00014464319,0
LA_D_5192642,0,0.00013674174,0
LA_D_5219289,0,0.00015856075,0
LA_D_5247988,0,0.0004986105,0
LA_D_5273781,0,0.000284191,0
LA_D_5285164,0,0.0001808264,0
LA_D_5299808,0,0.000125586,0
LA_D_5391398,0,0.00021486028,0
LA_D_5396370,0,8.925949e-05,0
LA_D_5416366,0,0.00019209266,0
LA_D_5469757,0,8.684371e-05,0
LA_D_5477639,0,8.032633e-05,0
LA_D_5501976,0,0.0001261324,0
LA_D_5517878,0,6.739092e-05,0
LA_D_5519274,0,9.648633e-05,0
LA_D_5519605,0,6.916555e-05,0
LA_D_5520297,0,0.00016225778,0
LA_D_5528569,0,0.00013370605,0
LA_D_5556761,0,0.00025560183,0
LA_D_5567205,0,0.00015616676,0
LA_D_5591138,0,0.00021696274,0
LA_D_5631085,0,0.0007206169,0
LA_D_5641754,0,0.0001047848,0
LA_D_5642901,0,9.797741e-05,0
LA_D_5648503,0,0.0013361629,0
LA_D_5718640,0,0.00046645972,0
LA_D_5761264,0,0.0039276,0
LA_D_5770428,0,6.989116e-05,0
LA_D_5783301,0,0.00025325437,0
LA_D_5795995,0,0.00015663158,0
LA_D_5803074,0,0.00023238841,0
LA_D_5883452,0,0.00016811232,0
LA_D_5911300,0,6.5178414e-05,0
LA_D_5919919,0,0.000104672465,0
LA_D_5928152,0,0.00015592601,0
LA_D_5934144,0,0.0001978004,0
LA_D_5954031,0,0.0003664945,0
LA_D_5954633,0,0.00034295616,0
LA_D_6020291,0,9.06414e-05,0
LA_D_6032328,0,7.220468e-05,0
LA_D_6042706,0,0.00012741257,0
LA_D_6052512,0,0.000116431365,0
LA_D_6053701,0,0.00028119073,0
LA_D_6078693,0,0.00018847156,0
LA_D_6094253,0,0.00045307816,0
LA_D_6107904,0,0.00030177904,0
LA_D_6120899,0,0.00019898193,0
LA_D_6132797,0,0.00010526371,0
LA_D_6164285,0,0.0012555125,0
LA_D_6170319,0,0.00015738403,0
LA_D_6205147,0,0.0002935301,0
LA_D_6209809,0,0.00014504648,0
LA_D_6230517,0,0.00023548784,0
LA_D_6239035,0,0.00020206028,0
LA_D_6241740,0,7.8527475e-05,0
LA_D_6244687,0,0.000120385776,0
LA_D_6262242,0,0.00019648105,0
LA_D_6281338,0,0.00035534293,0
LA_D_6314838,0,0.00015723942,0
LA_D_6327264,0,0.00014252098,0
LA_D_6329128,0,0.00010428531,0
LA_D_6345783,0,0.00040171095,0
LA_D_6359840,0,0.00026544812,0
LA_D_6374602,0,0.0001613423,0
LA_D_6384143,0,0.0005139619,0
LA_D_6427284,0,0.00021321887,0
LA_D_6430389,0,0.00013893243,0
LA_D_6431333,0,0.0011105124,0
LA_D_6511144,0,0.00025834018,0
LA_D_6521158,0,0.00019928096,0
LA_D_6540182,0,0.0001322953,0
LA_D_6581422,0,0.00030811975,0
LA_D_6605246,0,0.0002642124,0
LA_D_6623821,0,9.807088e-05,0
LA_D_6649536,0,8.154529e-05,0
LA_D_6653207,0,0.00032422156,0
LA_D_6666731,0,0.00024189956,0
LA_D_6671109,0,0.00019869469,0
LA_D_6671471,0,0.00047034107,0
LA_D_6675064,0,5.393213e-05,0
LA_D_6787867,0,0.0001344581,0
LA_D_6806069,0,0.000104405306,0
LA_D_6847306,0,0.00031081107,0
LA_D_6853645,0,0.00012471614,0
LA_D_6855855,0,0.00032399446,0
LA_D_6874834,0,0.00010358578,0
LA_D_6912310,0,0.00024018125,0
LA_D_6919952,0,0.000544685,0
LA_D_6922069,0,0.00022270263,0
LA_D_6930208,0,8.553144e-05,0
LA_D_6975754,0,0.000122007055,0
LA_D_6977905,0,0.00014351225,0
LA_D_6983948,0,0.00033020874,0
LA_D_7034914,0,0.00010452075,0
LA_D_7049894,0,0.00014230926,0
LA_D_7064559,0,0.00010754455,0
LA_D_7076274,0,0.0005498187,0
LA_D_7083074,0,0.00016890655,0
LA_D_7091817,0,0.0003798248,0
LA_D_7118043,0,0.00012035342,0
LA_D_7139714,0,0.00012714314,0
LA_D_7139945,0,0.00025538236,0
LA_D_7165851,0,0.00018218427,0
LA_D_7240985,0,5.0942515e-05,0
LA_D_7256447,0,0.00022369261,0
LA_D_7281378,0,0.00019790474,0
LA_D_7291547,0,0.0001784468,0
LA_D_7314791,0,0.00017275414,0
LA_D_7321837,0,9.721973e-05,0
LA_D_7350476,0,0.00012925819,0
LA_D_7351646,0,0.00034126572,0
LA_D_7361872,0,0.0030681186,0
LA_D_7367668,0,0.00026915869,0
LA_D_7371852,0,0.00018461725,0
LA_D_7378787,0,0.00014383243,0
LA_D_7400321,0,0.0003536747,0
LA_D_7406573,0,0.00031689095,0
LA_D_7407416,0,0.00015945271,0
LA_D_7433691,0,0.00012124971,0
LA_D_7434468,0,0.00038106876,0
LA_D_7447967,0,0.00013882676,0
LA_D_7459811,0,0.00015316215,0
LA_D_7460919,0,0.0044094543,0
LA_D_7478561,0,9.479921e-05,0
LA_D_7495566,0,0.00027095666,0
LA_D_7499812,0,0.0005729784,0
LA_D_7522283,0,0.00012930886,0
LA_D_7531198,0,0.00021493815,0
LA_D_7537934,0,0.00087430025,0
LA_D_7560414,0,0.00145247,0
LA_D_7592609,0,9.4822e-05,0
LA_D_7598549,0,0.00012573302,0
LA_D_7619376,0,0.00022430127,0
LA_D_7630815,0,8.5869375e-05,0
LA_D_7632689,0,0.00013256755,0
LA_D_7642965,0,0.00017139314,0
LA_D_7646656,0,0.0051462376,0
LA_D_7657874,0,0.0002274429,0
LA_D_7667811,0,0.00024002671,0
LA_D_7672499,0,0.00010484008,0
LA_D_7706480,0,0.00017306425,0
LA_D_7727828,0,0.00011711193,0
LA_D_7776880,0,0.00012842339,0
LA_D_7825911,0,0.00011330177,0
LA_D_7850177,0,9.042194e-05,0
LA_D_7861399,0,0.0012408149,0
LA_D_7874319,0,9.958614e-05,0
LA_D_7891722,0,0.00013718565,0
LA_D_7942916,0,7.151981e-05,0
LA_D_8001311,0,9.366593e-05,0
LA_D_8001942,0,8.452692e-05,0
LA_D_8025432,0,0.0001913439,0
LA_D_8027252,0,0.0016154097,0
LA_D_8093766,0,0.00013918239,0
LA_D_8098886,0,0.00014336071,0
LA_D_8113458,0,0.00013283709,0
LA_D_8116868,0,0.00022430513,0
LA_D_8134921,0,0.0034303407,0
LA_D_8184803,0,0.00031462507,0
LA_D_8198366,0,0.00036959542,0
LA_D_8213401,0,0.00023247639,0
LA_D_8215041,0,6.098134e-05,0
LA_D_8240682,0,0.00020733298,0
LA_D_8241720,0,0.00014967719,0
LA_D_8299554,0,0.000112417365,0
LA_D_8328201,0,8.814787e-05,0
LA_D_8359738,0,0.00014628921,0
LA_D_8361424,0,8.514945e-05,0
LA_D_8367667,0,0.00013562769,0
LA_D_8432977,0,0.00033177892,0
LA_D_8447242,0,0.00013402695,0
LA_D_8461961,0,0.00028255783,0
LA_D_8466324,0,0.00015245969,0
LA_D_8480951,0,7.024629e-05,0
LA_D_8552659,0,0.0003562625,0
LA_D_8570646,0,0.00019922871,0
LA_D_8578833,0,0.00015495814,0
LA_D_8624362,0,0.00015066478,0
LA_D_8666752,0,0.00087811146,0
LA_D_8714013,0,9.6723365e-05,0
LA_D_8752393,0,0.00011668522,0
LA_D_8759565,0,0.00013859873,0
LA_D_8777097,0,0.00017975458,0
LA_D_8825567,0,8.452289e-05,0
LA_D_8887150,0,0.00014375166,0
LA_D_8902219,0,0.00021985757,0
LA_D_8902439,0,0.000123053,0
LA_D_8947210,0,8.183188e-05,0
LA_D_9000440,0,0.00036895575,0
LA_D_9024467,0,0.00014650279,0
LA_D_9067050,0,0.00016514448,0
LA_D_9071605,0,0.00017393245,0
LA_D_9077451,0,0.00070831843,0
LA_D_9083107,0,0.00013092702,0
LA_D_9117746,0,0.00019967392,0
LA_D_9147536,0,0.00011042739,0
LA_D_9212493,0,8.7189655e-05,0
LA_D_9218380,0,0.00017543334,0
LA_D_9275226,0,0.00061146735,0
LA_D_9290458,0,0.00035409202,0
LA_D_9295746,0,7.407158e-05,0
LA_D_9301014,0,6.778111e-05,0
LA_D_9310375,0,0.000459075,0
LA_D_9311449,0,0.00012589859,0
LA_D_9323586,0,0.00017435887,0
LA_D_9371038,0,6.473576e-05,0
LA_D_9387876,0,0.00010646947,0
LA_D_9419552,0,0.00036273975,0
LA_D_9463679,0,0.00013773197,0
LA_D_9478091,0,9.154069e-05,0
LA_D_9512709,0,0.00010330258,0
LA_D_9525753,0,0.0002610763,0
LA_D_9526501,0,8.186802e-05,0
LA_D_9552306,0,0.00015334906,0
LA_D_9624961,0,0.00032021216,0
LA_D_9628701,0,0.00012201962,0
LA_D_9636981,0,9.592187e-05,0
LA_D_9652357,0,0.00012055695,0
LA_D_9688627,0,0.00040010695,0
LA_D_9732033,0,0.0001199037,0
LA_D_9743014,0,6.955015e-05,0
LA_D_9819954,0,5.4483542e-05,0
LA_D_9840993,0,0.00027393494,0
LA_D_9937906,0,7.760438e-05,0
LA_D_9990316,0,0.00056843314,0
LA_D_1050796,0,0.00014825109,0
LA_D_1111959,0,0.00029481627,0
LA_D_1126102,0,0.0002680971,0
LA_D_1144419,0,0.0017256523,0
LA_D_1151564,0,0.00036360705,0
LA_D_1154251,0,0.00010368925,0
LA_D_1154657,0,0.0022788253,0
LA_D_1165410,0,0.00034699214,0
LA_D_1188223,0,0.0007719289,0
LA_D_1213444,0,0.00021218599,0
LA_D_1227666,0,0.00052876055,0
LA_D_1229959,0,0.00042847017,0
LA_D_1291691,0,0.00017011538,0
LA_D_1337747,0,0.00029087352,0
LA_D_1360621,0,0.00021560975,0
LA_D_1378407,0,0.00085779314,0
LA_D_1382784,0,0.00012935065,0
LA_D_1386001,0,0.00024899194,0
LA_D_1415721,0,0.00014007081,0
LA_D_1481062,0,0.0027187762,0
LA_D_1594181,0,0.00012055258,0
LA_D_1680317,0,0.00030388116,0
LA_D_1704161,0,0.0019970245,0
LA_D_1721570,0,8.562628e-05,0
LA_D_1738698,0,0.00013071594,0
LA_D_1793742,0,0.00013198482,0
LA_D_1830912,0,0.0017851781,0
LA_D_1831042,0,0.00026774278,0
LA_D_1851796,0,0.0002722553,0
LA_D_1875217,0,0.00016511235,0
LA_D_1910338,0,0.00029799822,0
LA_D_1930325,0,0.00012821892,0
LA_D_1951579,0,0.00019742922,0
LA_D_1956837,0,0.00016329988,0
LA_D_1976246,0,0.00018764654,0
LA_D_2006468,0,0.00014113748,0
LA_D_2035244,0,0.00035639768,0
LA_D_2042803,0,0.0006930659,0
LA_D_2044219,0,8.850389e-05,0
LA_D_2065189,0,0.00021141555,0
LA_D_2071567,0,0.00022567202,0
LA_D_2077053,0,0.00026902222,0
LA_D_2100232,0,0.00013078365,0
LA_D_2172608,0,0.0002066984,0
LA_D_2175519,0,0.00010770772,0
LA_D_2179848,0,0.00014367286,0
LA_D_2247699,0,0.00076595624,0
LA_D_2255226,0,0.0003179856,0
LA_D_2287060,0,0.0006687515,0
LA_D_2292607,0,0.00018185019,0
LA_D_2342652,0,0.00015784842,0
LA_D_2375441,0,0.00023360267,0
LA_D_2387052,0,0.0002396686,0
LA_D_2390491,0,0.0003297881,0
LA_D_2397932,0,0.00056543306,0
LA_D_2415268,0,9.411107e-05,0
LA_D_2430765,0,6.71268e-05,0
LA_D_2438768,0,0.00014923967,0
LA_D_2458775,0,0.0004298259,0
LA_D_2470542,0,0.00022439347,0
LA_D_2473130,0,0.00017988472,0
LA_D_2487000,0,0.00035065613,0
LA_D_2488694,0,0.00025522898,0
LA_D_2490273,0,0.00048471347,0
LA_D_2579766,0,0.00019131324,0
LA_D_2613151,0,0.00021356881,0
LA_D_2638432,0,0.00039527402,0
LA_D_2645266,0,0.00027264413,0
LA_D_2672793,0,0.00023226546,0
LA_D_2712659,0,0.0002208764,0
LA_D_2798127,0,0.00026123464,0
LA_D_2799558,0,0.00013369523,0
LA_D_2836357,0,0.00025293848,0
LA_D_2844231,0,0.00027501836,0
LA_D_2847562,0,0.0012540078,0
LA_D_2884001,0,0.0003102151,0
LA_D_2886707,0,0.0001263197,0
LA_D_2896594,0,0.0001267687,0
LA_D_2900636,0,0.000303523,0
LA_D_2917764,0,0.00013609575,0
LA_D_2966362,0,0.00014226558,0
LA_D_2998314,0,0.00023921153,0
LA_D_2999129,0,0.0003732446,0
LA_D_3021959,0,0.00041328714,0
LA_D_3025692,0,0.00028351418,0
LA_D_3054281,0,0.00014872414,0
LA_D_3061067,0,0.00014095672,0
LA_D_3131198,0,0.00036996382,0
LA_D_3136629,0,0.0007203271,0
LA_D_3149236,0,0.00034903924,0
LA_D_3159355,0,0.0002766056,0
LA_D_3170107,0,0.0004362847,0
LA_D_3175077,0,0.00016896438,0
LA_D_3176307,0,0.00012090485,0
LA_D_3187837,0,0.00016343805,0
LA_D_3207787,0,0.00017792877,0
LA_D_3221437,0,0.0003528903,0
LA_D_3225878,0,0.00015078651,0
LA_D_3251751,0,0.000769058,0
LA_D_3308419,0,0.00016429194,0
LA_D_3329107,0,0.0007567544,0
LA_D_3354392,0,0.00017488484,0
LA_D_3355540,0,0.00016889929,0
LA_D_3370467,0,0.00019805538,0
LA_D_3393959,0,0.0003051164,0
LA_D_3394845,0,0.0002231643,0
LA_D_3416807,0,0.00023505423,0
LA_D_3424616,0,0.0001345525,0
LA_D_3456944,0,0.00056878594,0
LA_D_3611600,0,0.00064542406,0
LA_D_3618116,0,0.01865714,0
LA_D_3713066,0,0.00024220119,0
LA_D_3756417,0,0.00061568135,0
LA_D_3758829,0,0.0001413887,0
LA_D_3770294,0,0.00074628566,0
LA_D_3818267,0,0.0930292,0
LA_D_3881866,0,0.00021298398,0
LA_D_3883334,0,0.00018520595,0
LA_D_3887933,0,0.00047876916,0
LA_D_3890266,0,0.00034768027,0
LA_D_3906117,0,0.00018621529,0
LA_D_3965135,0,0.00014686631,0
LA_D_3978913,0,0.0008231754,0
LA_D_3985223,0,0.000100336416,0
LA_D_3993703,0,0.00011096932,0
LA_D_3993966,0,0.00028986472,0
LA_D_4031301,0,0.00022013926,0
LA_D_4046660,0,0.00036805082,0
LA_D_4053616,0,0.0002460099,0
LA_D_4065907,0,0.0002041027,0
LA_D_4084971,0,0.00020230048,0
LA_D_4104923,0,0.00044085333,0
LA_D_4180411,0,0.00029960406,0
LA_D_4197144,0,0.11208744,0
LA_D_4197573,0,0.00031409907,0
LA_D_4206865,0,0.00022258416,0
LA_D_4225547,0,0.00016974659,0
LA_D_4229898,0,0.00018832462,0
LA_D_4272224,0,0.0004661437,0
LA_D_4275765,0,0.00036338804,0
LA_D_4287537,0,0.0003470924,0
LA_D_4298024,0,0.00011821147,0
LA_D_4377800,0,0.00011791471,0
LA_D_4387960,0,0.00031454168,0
LA_D_4391297,0,0.00015962217,0
LA_D_4400351,0,0.00029104328,0
LA_D_4455922,0,0.0003831411,0
LA_D_4493978,0,0.000102447164,0
LA_D_4496613,0,0.00096910825,0
LA_D_4498755,0,0.00035780165,0
LA_D_4531926,0,0.0005201044,0
LA_D_4539895,0,0.00012830344,0
LA_D_4589577,0,0.0002143943,0
LA_D_4589909,0,0.00017746452,0
LA_D_4622213,0,0.00014554885,0
LA_D_4763816,0,0.00019682341,0
LA_D_4776188,0,0.00018674054,0
LA_D_4780389,0,0.00012377108,0
LA_D_4784803,0,0.00020745736,0
LA_D_4809153,0,0.0015207798,0
LA_D_4811809,0,7.82218e-05,0
LA_D_4815971,0,0.00041411808,0
LA_D_4826746,0,0.00061995565,0
LA_D_4879669,0,0.00025384375,0
LA_D_4884678,0,0.00013205154,0
LA_D_4900320,0,0.00048451018,0
LA_D_4919400,0,0.00021511836,0
LA_D_4996117,0,0.00025857158,0
LA_D_5013977,0,0.00016957607,0
LA_D_5041678,0,0.00072461646,0
LA_D_5074718,0,6.4607484e-05,0
LA_D_5144218,0,0.00018008173,0
LA_D_5158773,0,0.00013022948,0
LA_D_5159304,0,0.00050054153,0
LA_D_5160239,0,0.000495974,0
LA_D_5161378,0,0.0003119052,0
LA_D_5165861,0,0.00035119845,0
LA_D_5166859,0,0.00033710414,0
LA_D_5184408,0,0.00014598544,0
LA_D_5208164,0,0.0024298122,0
LA_D_5212344,0,0.00018516995,0
LA_D_5253678,0,0.0011160175,0
LA_D_5279728,0,0.00017105699,0
LA_D_5295121,0,0.0003009602,0
LA_D_5322522,0,0.0003225669,0
LA_D_5359488,0,0.0003191969,0
LA_D_5366271,0,0.000362902,0
LA_D_5385731,0,0.00012231446,0
LA_D_5396598,0,0.00019835774,0
LA_D_5446340,0,0.00018153507,0
LA_D_5501803,0,0.00013103503,0
LA_D_5510967,0,0.000192434,0
LA_D_5513816,0,0.000380277,0
LA_D_5597846,0,0.00011059451,0
LA_D_5617675,0,0.00028563282,0
LA_D_5634358,0,0.00018113376,0
LA_D_5688863,0,0.00039698582,0
LA_D_5705098,0,0.00019939955,0
LA_D_5712139,0,0.0003754096,0
LA_D_5723178,0,0.0002718328,0
LA_D_5739495,0,0.00026809325,0
LA_D_5749584,0,0.00028463188,0
LA_D_5778263,0,0.00031573625,0
LA_D_5791213,0,0.00019543828,0
LA_D_5849819,0,0.00024813923,0
LA_D_5886733,0,0.00018626146,0
LA_D_5896975,0,0.0001263691,0
LA_D_5906042,0,0.00024568153,0
LA_D_5957884,0,0.00035110136,0
LA_D_5997013,0,0.0003764945,0
LA_D_6016551,0,0.00087445683,0
LA_D_6020551,0,0.0010478401,0
LA_D_6029806,0,0.00019723842,0
LA_D_6038911,0,0.00041330763,0
LA_D_6057039,0,0.00022205443,0
LA_D_6068442,0,0.00047804177,0
LA_D_6073404,0,0.00022319409,0
LA_D_6094200,0,0.0001168498,0
LA_D_6117485,0,0.00019890131,0
LA_D_6128274,0,0.0010688403,0
LA_D_6136829,0,0.00014328527,0
LA_D_6153665,0,0.00020808635,0
LA_D_6177274,0,0.00034380404,0
LA_D_6182738,0,0.00044983247,0
LA_D_6236487,0,0.00014075029,0
LA_D_6249240,0,0.000282463,0
LA_D_6259209,0,0.00027288808,0
LA_D_6272525,0,0.0002749439,0
LA_D_6291620,0,0.00021423268,0
LA_D_6311384,0,0.00018118316,0
LA_D_6370899,0,0.00015419861,0
LA_D_6375876,0,0.0002309555,0
LA_D_6429416,0,0.0011591358,0
LA_D_6434298,0,0.0002835366,0
LA_D_6453451,0,0.0013940631,0
LA_D_6457159,0,0.00031717145,0
LA_D_6461979,0,0.00073619804,0
LA_D_6468082,0,0.00030889033,0
LA_D_6486693,0,0.00016067416,0
LA_D_6490911,0,0.00026745858,0
LA_D_6503952,0,0.00016671175,0
LA_D_6530033,0,0.000222403,0
LA_D_6547184,0,0.0001855202,0
LA_D_6592286,0,0.00078377,0
LA_D_6625336,0,0.0003313004,0
LA_D_6636629,0,0.00012266863,0
LA_D_6654649,0,0.00023966815,0
LA_D_6663970,0,0.0006804379,0
LA_D_6686979,0,9.954779e-05,0
LA_D_6688900,0,0.000103377475,0
LA_D_6691656,0,0.00068308105,0
LA_D_6720664,0,0.00020058699,0
LA_D_6724389,0,0.00026557088,0
LA_D_6729397,0,0.00016586899,0
LA_D_6732739,0,0.00026998576,0
LA_D_6739958,0,0.0002886843,0
LA_D_6802709,0,0.00010439385,0
LA_D_6872574,0,0.000317602,0
LA_D_6882049,0,0.004231435,0
LA_D_6882216,0,0.00049689534,0
LA_D_6890535,0,0.00016913169,0
LA_D_6933737,0,0.00031937347,0
LA_D_6935848,0,0.0010074553,0
LA_D_6938425,0,0.00023291257,0
LA_D_6939048,0,0.00031888543,0
LA_D_6941679,0,0.00026005277,0
LA_D_6981951,0,0.0002678097,0
LA_D_6988016,0,0.00030535067,0
LA_D_6988970,0,0.00053439225,0
LA_D_7011716,0,0.00041736112,0
LA_D_7020241,0,0.00021393997,0
LA_D_7036425,0,0.0001324987,0
LA_D_7038278,0,0.00022609718,0
LA_D_7044565,0,0.00019727267,0
LA_D_7129246,0,0.00014882315,0
LA_D_7131053,0,0.0003731119,0
LA_D_7131714,0,0.00020293026,0
LA_D_7148082,0,0.00022490947,0
LA_D_7168632,0,0.0002258369,0
LA_D_7177218,0,0.00013587611,0
LA_D_7197412,0,0.00023058365,0
LA_D_7200498,0,0.00014006213,0
LA_D_7247592,0,0.00029225787,0
LA_D_7258776,0,9.0639405e-05,0
LA_D_7275397,0,9.129259e-05,0
LA_D_7279989,0,0.0005244893,0
LA_D_7280401,0,0.00013758101,0
LA_D_7281372,0,0.0006476596,0
LA_D_7289456,0,0.00027213592,0
LA_D_7306042,0,0.00035681346,0
LA_D_7339792,0,0.00076981547,0
LA_D_7343889,0,0.00015440695,0
LA_D_7371794,0,0.00029559195,0
LA_D_7388866,0,0.00038597416,0
LA_D_7393671,0,0.00021913866,0
LA_D_7415107,0,0.00017093583,0
LA_D_7417496,0,0.00011185354,0
LA_D_7419263,0,0.00014769814,0
LA_D_7421330,0,0.00020921556,0
LA_D_7422030,0,0.00018098926,0
LA_D_7443140,0,0.00014427004,0
LA_D_7445272,0,0.00016751884,0
LA_D_7484326,0,0.00015208029,0
LA_D_7521512,0,0.00010949334,0
LA_D_7537476,0,0.00024842686,0
LA_D_7544543,0,0.00014589666,0
LA_D_7593562,0,0.0005118099,0
LA_D_7688637,0,0.00021571483,0
LA_D_7725830,0,0.0001433901,0
LA_D_7730920,0,0.0003455377,0
LA_D_7748480,0,0.0002943986,0
LA_D_7792433,0,0.00026396714,0
LA_D_7830811,0,0.00019763489,0
LA_D_7874809,0,0.00015501947,0
LA_D_7888567,0,8.9925874e-05,0
LA_D_7919496,0,0.022585042,0
LA_D_7957185,0,0.00015764085,0
LA_D_7959946,0,0.00044034133,0
LA_D_7999055,0,0.00018102048,0
LA_D_8024735,0,0.0001145147,0
LA_D_8024758,0,0.00019706643,0
LA_D_8069958,0,0.00021850629,0
LA_D_8081714,0,0.00013422903,0
LA_D_8111410,0,0.00018948167,0
LA_D_8120776,0,0.00025652247,0
LA_D_8124666,0,0.00014106375,0
LA_D_8139288,0,0.00015212163,0
LA_D_8150491,0,6.989776e-05,0
LA_D_8152472,0,0.00022887909,0
LA_D_8161997,0,0.01542826,0
LA_D_8200654,0,0.00051107036,0
LA_D_8213352,0,0.00014053693,0
LA_D_8326614,0,0.00012691869,0
LA_D_8336163,0,0.0006263461,0
LA_D_8352307,0,0.00029122896,0
LA_D_8385680,0,0.0006356282,0
LA_D_8414843,0,0.0003189882,0
LA_D_8416552,0,0.00011990918,0
LA_D_8421891,0,0.0002405901,0
LA_D_8422737,0,0.0003366564,0
LA_D_8435340,0,0.00083128025,0
LA_D_8438234,0,0.0003366638,0
LA_D_8449330,0,0.00017553121,0
LA_D_8454268,0,0.0001209962,0
LA_D_8471869,0,0.00011052883,0
LA_D_8486404,0,0.00024326507,0
LA_D_8493432,0,0.00033038194,0
LA_D_8505683,0,0.00025643638,0
LA_D_8544457,0,0.00036116352,0
LA_D_8557735,0,0.00017183923,0
LA_D_8573242,0,0.00016630211,0
LA_D_8573550,0,0.00013084851,0
LA_D_8590450,0,0.00016124509,0
LA_D_8626728,0,0.00011201801,0
LA_D_8629305,0,0.00016673145,0
LA_D_8655144,0,0.00065886916,0
LA_D_8676735,0,0.00038819638,0
LA_D_8677982,0,0.0003933363,0
LA_D_8711459,0,0.00023314675,0
LA_D_8724117,0,0.00025030703,0
LA_D_8745012,0,0.00012549371,0
LA_D_8752888,0,0.00013535561,0
LA_D_8754373,0,0.00015608844,0
LA_D_8768194,0,0.00022673598,0
LA_D_8769496,0,0.0025713672,0
LA_D_8797946,0,0.00019061785,0
LA_D_8814160,0,0.00021402973,0
LA_D_8846179,0,8.9018264e-05,0
LA_D_8850397,0,0.00083367026,0
LA_D_8872966,0,0.00033044713,0
LA_D_8892386,0,0.00019196101,0
LA_D_8943748,0,0.00019206152,0
LA_D_8969774,0,0.0001330503,0
LA_D_9010755,0,0.00015051888,0
LA_D_9039359,0,0.000120072684,0
LA_D_9101923,0,0.0001395288,0
LA_D_9107422,0,0.0001548072,0
LA_D_9177165,0,0.0008007621,0
LA_D_9187242,0,0.0001477797,0
LA_D_9211248,0,0.0003157113,0
LA_D_9260195,0,0.0024709606,0
LA_D_9281612,0,0.00014325591,0
LA_D_9307829,0,0.00076472585,0
LA_D_9355857,0,0.00023166432,0
LA_D_9371188,0,0.0011767077,0
LA_D_9371232,0,0.00044435431,0
LA_D_9386898,0,0.00015442845,0
LA_D_9393261,0,0.002764413,0
LA_D_9397905,0,0.0001927039,0
LA_D_9412336,0,0.00028192034,0
LA_D_9455008,0,0.0005296115,0
LA_D_9477430,0,0.0001205366,0
LA_D_9515444,0,0.00011676759,0
LA_D_9547911,0,0.00022704747,0
LA_D_9553230,0,0.00019213442,0
LA_D_9565989,0,8.967181e-05,0
LA_D_9661221,0,0.0001628595,0
LA_D_9703394,0,0.00024055089,0
LA_D_9740737,0,0.00024576773,0
LA_D_9798493,0,0.00033401034,0
LA_D_9801845,0,0.00058404065,0
LA_D_9825350,0,0.00021591029,0
LA_D_9832675,0,0.00024848606,0
LA_D_9846021,0,0.0004113149,0
LA_D_9851912,0,0.00017969923,0
LA_D_9866624,0,0.0006027596,0
LA_D_9882641,0,0.00059742166,0
LA_D_9884269,0,0.0001848316,0
LA_D_9932869,0,0.00035803096,0
LA_D_9945660,0,0.00012205582,0
LA_D_9956149,0,0.00030277212,0
LA_D_9958486,0,0.00032142032,0
LA_D_9965392,0,0.00015631857,0
LA_D_9995609,0,0.00018367491,0
LA_D_1004678,0,5.2972937e-05,0
LA_D_1011190,0,0.00012419932,0
LA_D_1014671,0,0.00014149916,0
LA_D_1056780,0,0.00013665597,0
LA_D_1105502,0,0.00025843058,0
LA_D_1106685,0,0.001409914,0
LA_D_1118728,0,0.000101028534,0
LA_D_1152867,0,3.5051387e-05,0
LA_D_1156748,0,0.00405177,0
LA_D_1207441,0,0.00012686568,0
LA_D_1207924,0,0.00012982046,0
LA_D_1234846,0,0.0025671415,0
LA_D_1301926,0,0.00019720927,0
LA_D_1319176,0,0.00045081807,0
LA_D_1383506,0,0.0006473881,0
LA_D_1411177,0,0.00050043175,0
LA_D_1416047,0,0.00028324127,0
LA_D_1425460,0,0.00023727393,0
LA_D_1482414,0,0.00013624884,0
LA_D_1518970,0,0.0002936121,0
LA_D_1554528,0,9.234501e-05,0
LA_D_1604308,0,0.00049516716,0
LA_D_1605983,0,0.00025544903,0
LA_D_1667983,0,0.000627948,0
LA_D_1681557,0,0.00038724902,0
LA_D_1690641,0,4.2063053e-05,0
LA_D_1717208,0,0.00017497191,0
LA_D_1718297,0,0.00019014155,0
LA_D_1728539,0,9.482316e-05,0
LA_D_1736170,0,0.00017680919,0
LA_D_1764449,0,0.0003714527,0
LA_D_1769296,0,0.00086704193,0
LA_D_1803448,0,0.00041704177,0
LA_D_1894626,0,8.314953e-05,0
LA_D_1901394,0,0.0013735703,0
LA_D_1922501,0,0.00032553883,0
LA_D_1932129,0,0.00015155741,0
LA_D_1940772,0,0.0001260735,0
LA_D_2012886,0,0.000336445,0
LA_D_2039361,0,0.00016545181,0
LA_D_2041530,0,0.00011042254,0
LA_D_2055853,0,0.0003880754,0
LA_D_2088042,0,0.00017746791,0
LA_D_2102445,0,6.4244574e-05,0
LA_D_2109741,0,0.0024990828,0
LA_D_2121128,0,0.00012857631,0
LA_D_2177394,0,0.0001058878,0
LA_D_2218486,0,2.8990786e-05,0
LA_D_2219851,0,0.00015079702,0
LA_D_2220548,0,5.5264016e-05,0
LA_D_2256901,0,0.0001419757,0
LA_D_2266995,0,0.00017464206,0
LA_D_2304090,0,0.00047704627,0
LA_D_2323632,0,7.4885356e-05,0
LA_D_2333697,0,0.0001645467,0
LA_D_2349350,0,0.00015279354,0
LA_D_2359886,0,0.00017660277,0
LA_D_2369254,0,0.0008481151,0
LA_D_2422407,0,0.00026572717,0
LA_D_2439087,0,0.00017732075,0
LA_D_2480205,0,0.00013811086,0
LA_D_2483630,0,2.0949146e-05,0
LA_D_2523389,0,0.00025693246,0
LA_D_2526078,0,7.9806916e-05,0
LA_D_2631213,0,9.849074e-05,0
LA_D_2631374,0,0.0005652455,0
LA_D_2636006,0,0.00023113437,0
LA_D_2659549,0,0.0002823378,0
LA_D_2663010,0,0.0005182743,0
LA_D_2692089,0,0.000100855854,0
LA_D_2718826,0,0.00040658645,0
LA_D_2739527,0,0.00054169813,0
LA_D_2775660,0,0.00034782215,0
LA_D_2789615,0,0.0013403663,0
LA_D_2792636,0,6.0766954e-05,0
LA_D_2847063,0,0.00032646814,0
LA_D_2872375,0,0.00041223105,0
LA_D_2912164,0,0.0002304052,0
LA_D_3018508,0,0.000494852,0
LA_D_3053810,0,0.00021446035,0
LA_D_3072931,0,0.00015928602,0
LA_D_3105367,0,0.00025701354,0
LA_D_3111530,0,0.00027170582,0
LA_D_3150766,0,0.00013151296,0
LA_D_3152935,0,5.2084164e-05,0
LA_D_3165811,0,9.301901e-05,0
LA_D_3179444,0,7.512087e-05,0
LA_D_3190273,0,0.00017713841,0
LA_D_3200479,0,0.00035028195,0
LA_D_3252875,0,7.7256605e-05,0
LA_D_3324013,0,0.0005057411,0
LA_D_3361173,0,0.000100614365,0
LA_D_3408645,0,0.000149919,0
LA_D_3427528,0,0.0009620815,0
LA_D_3488221,0,9.8374534e-05,0
LA_D_3504387,0,0.00013581547,0
LA_D_3574339,0,0.00016810335,0
LA_D_3593296,0,0.0001424381,0
LA_D_3595774,0,0.00013050111,0
LA_D_3597570,0,0.00015824915,0
LA_D_3706722,0,0.00031272284,0
LA_D_3756928,0,0.00022630207,0
LA_D_3810637,0,0.00010489038,0
LA_D_3889704,0,7.6829536e-05,0
LA_D_3923572,0,0.00017823646,0
LA_D_3979451,0,7.38254e-05,0
LA_D_4049151,0,0.000108152846,0
LA_D_4070821,0,0.00013031719,0
LA_D_4175580,0,0.0003478175,0
LA_D_4192869,0,0.00015924242,0
LA_D_4232324,0,0.00023532107,0
LA_D_4248561,0,0.00044977415,0
LA_D_4269380,0,0.0010977581,0
LA_D_4273910,0,0.00023739976,0
LA_D_4294810,0,0.00018795345,0
LA_D_4308789,0,0.0001191085,0
LA_D_4371236,0,0.00022874035,0
LA_D_4422044,0,0.00027448474,0
LA_D_4470112,0,0.0012189454,0
LA_D_4545230,0,5.5452798e-05,0
LA_D_4574130,0,0.0003586978,0
LA_D_4611216,0,0.00013222922,0
LA_D_4648091,0,0.00017553823,0
LA_D_4663964,0,0.08280876,0
LA_D_4675984,0,0.00021354582,0
LA_D_4710338,0,0.00014677741,0
LA_D_4844408,0,0.000273238,0
LA_D_4914857,0,0.000368587,0
LA_D_4947867,0,0.003560211,0
LA_D_4976077,0,0.00044427303,0
LA_D_5064217,0,0.0014084218,0
LA_D_5156414,0,0.00012835348,0
LA_D_5161376,0,6.601511e-05,0
LA_D_5166740,0,0.00080310734,0
LA_D_5209470,0,0.00039133345,0
LA_D_5219547,0,0.0002322732,0
LA_D_5239597,0,6.030002e-05,0
LA_D_5242716,0,5.775543e-05,0
LA_D_5251886,0,0.00012515968,0
LA_D_5292440,0,0.00018775322,0
LA_D_5324750,0,9.702405e-05,0
LA_D_5350853,0,7.193122e-05,0
LA_D_5392659,0,0.00019399884,0
LA_D_5393733,0,9.880936e-05,0
LA_D_5439291,0,0.00019955647,0
LA_D_5524022,0,7.7850396e-05,0
LA_D_5589474,0,0.00013670471,0
LA_D_5631993,0,8.039829e-05,0
LA_D_5644097,0,0.00023388458,0
LA_D_5695457,0,0.00028804675,0
LA_D_5764382,0,7.751718e-05,0
LA_D_5783375,0,8.326299e-05,0
LA_D_5817000,0,0.012133411,0
LA_D_5828086,0,0.0002887311,0
LA_D_5856334,0,0.00023839436,0
LA_D_5857300,0,0.00011652911,0
LA_D_5992094,0,0.0002278653,0
LA_D_6153225,0,0.00039638113,0
LA_D_6164661,0,0.0001454971,0
LA_D_6203032,0,0.00016257541,0
LA_D_6216205,0,0.00021059792,0
LA_D_6273791,0,0.0001858529,0
LA_D_6273909,0,0.0004750143,0
LA_D_6332547,0,0.00024537393,0
LA_D_6430849,0,0.00019891553,0
LA_D_6460397,0,7.215547e-05,0
LA_D_6478892,0,0.00023075365,0
LA_D_6496687,0,0.00013358092,0
LA_D_6496692,0,0.00015210392,0
LA_D_6511794,0,0.00017031468,0
LA_D_6512613,0,0.0001076606,0
LA_D_6532842,0,0.00018654708,0
LA_D_6599468,0,0.00039600796,0
LA_D_6615388,0,8.04108e-05,0
LA_D_6635393,0,0.0006581412,0
LA_D_6639608,0,0.00016942821,0
LA_D_6649438,0,9.338223e-05,0
LA_D_6681423,0,0.014206209,0
LA_D_6684400,0,7.7692945e-05,0
LA_D_6689440,0,0.00038283184,0
LA_D_6693764,0,0.000115670024,0
LA_D_6731807,0,0.000121892284,0
LA_D_6740073,0,0.00024886685,0
LA_D_6789595,0,0.00027904246,0
LA_D_6801556,0,0.00020091412,0
LA_D_6847296,0,5.4560915e-05,0
LA_D_6887115,0,4.228897e-05,0
LA_D_6892015,0,3.863026e-05,0
LA_D_6899016,0,0.0001188496,0
LA_D_6903910,0,0.00021240256,0
LA_D_6916273,0,0.0005049656,0
LA_D_6917691,0,0.00037010948,0
LA_D_6938612,0,0.00022958001,0
LA_D_6952998,0,0.0044116275,0
LA_D_6958661,0,6.214204e-05,0
LA_D_6989421,0,0.00039560348,0
LA_D_6990995,0,0.00079273776,0
LA_D_7005694,0,0.00029282543,0
LA_D_7015639,0,0.00018340924,0
LA_D_7040854,0,0.0016651865,0
LA_D_7066069,0,0.00016869458,0
LA_D_7101526,0,0.00062745385,0
LA_D_7104296,0,0.00014942948,0
LA_D_7149543,0,0.00026291175,0
LA_D_7164855,0,0.00063647627,0
LA_D_7169514,0,5.8549816e-05,0
LA_D_7193153,0,0.00013336253,0
LA_D_7249788,0,0.00076719886,0
LA_D_7292718,0,0.00015710875,0
LA_D_7349144,0,0.00012054822,0
LA_D_7363730,0,4.2672404e-05,0
LA_D_7387761,0,8.235568e-05,0
LA_D_7455203,0,0.00044075664,0
LA_D_7484699,0,0.00034894608,0
LA_D_7556575,0,0.00030987253,0
LA_D_7557748,0,0.00011277253,0
LA_D_7562670,0,0.00018787372,0
LA_D_7578994,0,0.00010506024,0
LA_D_7597684,0,0.00024084463,0
LA_D_7616084,0,0.00016262627,0
LA_D_7623847,0,7.464921e-05,0
LA_D_7742207,0,0.0004881623,0
LA_D_7764878,0,0.000638407,0
LA_D_7793499,0,6.506805e-05,0
LA_D_7794484,0,0.00013241066,0
LA_D_7815461,0,0.00017886705,0
LA_D_7839449,0,0.0010312579,0
LA_D_7898389,0,0.0009600351,0
LA_D_7938579,0,0.0001366247,0
LA_D_8045509,0,5.771491e-05,0
LA_D_8060997,0,0.00034893412,0
LA_D_8111862,0,0.0003423897,0
LA_D_8140953,0,9.851356e-05,0
LA_D_8149275,0,0.0009872123,0
LA_D_8184815,0,0.0005357024,0
LA_D_8235279,0,0.00015731831,0
LA_D_8259132,0,9.425081e-05,0
LA_D_8301864,0,0.000454487,0
LA_D_8310109,0,7.744138e-05,0
LA_D_8312505,0,8.2747705e-05,0
LA_D_8313341,0,0.0006057936,0
LA_D_8336809,0,0.00019065621,0
LA_D_8363354,0,0.0005747019,0
LA_D_8370436,0,0.00026722817,0
LA_D_8404777,0,5.63491e-05,0
LA_D_8409734,0,0.00012885012,0
LA_D_8419000,0,3.2129647e-05,0
LA_D_8507364,0,0.0007019393,0
LA_D_8510876,0,0.0003817098,0
LA_D_8519685,0,0.00082706654,0
LA_D_8524584,0,6.0198556e-05,0
LA_D_8540960,0,0.00041176364,0
LA_D_8547114,0,0.001008016,0
LA_D_8583389,0,0.00028586114,0
LA_D_8584942,0,0.00017149908,0
LA_D_8609682,0,5.2906806e-05,0
LA_D_8609922,0,0.0001631461,0
LA_D_8637167,0,2.1888185e-05,0
LA_D_8660957,0,0.00027034045,0
LA_D_8705560,0,0.022167886,0
LA_D_8720499,0,0.00010241415,0
LA_D_8769243,0,0.00019204029,0
LA_D_8796007,0,7.964209e-05,0
LA_D_8880560,0,6.766041e-05,0
LA_D_8933858,0,0.00023589752,0
LA_D_8964930,0,0.00015467795,0
LA_D_8980113,0,0.00030170914,0
LA_D_8981643,0,0.00032877637,0
LA_D_8981934,0,0.0010741769,0
LA_D_8986439,0,0.00010336428,0
LA_D_9001165,0,0.00018888766,0
LA_D_9038026,0,0.00023363094,0
LA_D_9078449,0,0.00042294388,0
LA_D_9109600,0,0.00018485927,0
LA_D_9111623,0,9.3223236e-05,0
LA_D_9117237,0,0.00015328123,0
LA_D_9124462,0,6.5476066e-05,0
LA_D_9137639,0,5.1540617e-05,0
LA_D_9147682,0,0.00040834528,0
LA_D_9186626,0,9.717896e-05,0
LA_D_9201402,0,0.000115586656,0
LA_D_9243048,0,0.00018979685,0
LA_D_9272270,0,0.00030171114,0
LA_D_9282770,0,0.0021718123,0
LA_D_9308342,0,0.00025646106,0
LA_D_9315565,0,0.0004391069,0
LA_D_9317094,0,0.00027240018,0
LA_D_9324727,0,0.00011680747,0
LA_D_9329043,0,0.00011784276,0
LA_D_9444904,0,0.00017674969,0
LA_D_9499686,0,0.00010633077,0
LA_D_9510384,0,0.002271238,0
LA_D_9550483,0,5.445861e-05,0
LA_D_9573862,0,0.00021790023,0
LA_D_9651635,0,0.00012630332,0
LA_D_9678692,0,0.0005454981,0
LA_D_9747996,0,0.00031679036,0
LA_D_9781660,0,0.000249257,0
LA_D_9783835,0,8.635953e-05,0
LA_D_9847755,0,0.0005757293,0
LA_D_9871206,0,0.00038188597,0
LA_D_9879515,0,0.00022830849,0
LA_D_9880460,0,0.00013088931,0
LA_D_9924384,0,0.0004246042,0
LA_D_9948420,0,0.00015448382,0
LA_D_9948672,0,9.4991774e-05,0
LA_D_9973073,0,0.0001495709,0
LA_D_9974010,0,4.5679408e-05,0
LA_D_1118794,0,0.00017149384,0
LA_D_1131563,0,0.02838478,0
LA_D_1167437,0,0.001456287,0
LA_D_1203854,0,0.00025115206,0
LA_D_1208604,0,0.00019905991,0
LA_D_1211631,0,0.000112865906,0
LA_D_1212670,0,0.00017961307,0
LA_D_1232279,0,0.00059256115,0
LA_D_1235148,0,0.00034365593,0
LA_D_1287658,0,0.00013012026,0
LA_D_1351703,0,0.00014830283,0
LA_D_1396790,0,0.00017613544,0
LA_D_1454984,0,0.000957065,0
LA_D_1467819,0,0.00032382648,0
LA_D_1478351,0,0.0041621034,0
LA_D_1512979,0,0.0008731197,0
LA_D_1527493,0,0.00021447569,0
LA_D_1539250,0,0.00014519373,0
LA_D_1557737,0,0.00023920879,0
LA_D_1623705,0,0.00017600233,0
LA_D_1637491,0,9.8544755e-05,0
LA_D_1639348,0,0.0003202995,0
LA_D_1702942,0,0.00014641426,0
LA_D_1713212,0,9.378354e-05,0
LA_D_1788098,0,0.0012280844,0
LA_D_1798881,0,0.00011124223,0
LA_D_1823585,0,0.00023760449,0
LA_D_1874557,0,0.00073271384,0
LA_D_1904999,0,0.0002836296,0
LA_D_1909993,0,0.000107256856,0
LA_D_1957667,0,0.0001262667,0
LA_D_1975835,0,0.00028318082,0
LA_D_2002669,0,0.00011386226,0
LA_D_2007901,0,4.1525673e-05,0
LA_D_2010593,0,7.712904e-05,0
LA_D_2020535,0,0.0010819182,0
LA_D_2097045,0,0.0001077066,0
LA_D_2136896,0,8.723755e-05,0
LA_D_2152100,0,0.00013580096,0
LA_D_2205300,0,0.002184994,0
LA_D_2254857,0,0.0014428144,0
LA_D_2278407,0,0.00017402088,0
LA_D_2298020,0,0.00022758305,0
LA_D_2298155,0,6.3625856e-05,0
LA_D_2392484,0,7.658625e-05,0
LA_D_2408504,0,0.00067401223,0
LA_D_2409304,0,0.0005645423,0
LA_D_2412446,0,0.00025517447,0
LA_D_2462449,0,0.00021937363,0
LA_D_2504438,0,7.649895e-05,0
LA_D_2546184,0,5.1684387e-05,0
LA_D_2563154,0,0.00023064237,0
LA_D_2576822,0,0.00016199035,0
LA_D_2601154,0,0.00031396557,0
LA_D_2630786,0,0.00025178454,0
LA_D_2658832,0,9.595627e-05,0
LA_D_2710906,0,0.00018639294,0
LA_D_2720782,0,0.0014879524,0
LA_D_2761640,0,0.0020824177,0
LA_D_2763276,0,0.00025893052,0
LA_D_2824952,0,0.00092721445,0
LA_D_2844602,0,0.00026851636,0
LA_D_2915405,0,0.0001027431,0
LA_D_2956552,0,0.00042760393,0
LA_D_2985329,0,0.00014800984,0
LA_D_3051998,0,8.589877e-05,0
LA_D_3068570,0,0.00040166578,0
LA_D_3090097,0,2.3232587e-05,0
LA_D_3094853,0,0.00033299736,0
LA_D_3136384,0,0.0018328949,0
LA_D_3162441,0,0.0001922541,0
LA_D_3179260,0,0.00103289,0
LA_D_3199741,0,9.245162e-05,0
LA_D_3260640,0,0.0005096304,0
LA_D_3266553,0,0.00015148935,0
LA_D_3341294,0,0.000104666964,0
LA_D_3357328,0,0.0007183556,0
LA_D_3402273,0,0.00016646045,0
LA_D_3484658,0,0.00020838836,0
LA_D_3551244,0,0.0005261708,0
LA_D_3630490,0,0.0006426129,0
LA_D_3662303,0,0.00029057972,0
LA_D_3671184,0,0.00021242605,0
LA_D_3681485,0,7.2551506e-05,0
LA_D_3778535,0,0.00031710824,0
LA_D_3795570,0,7.870335e-05,0
LA_D_3867494,0,0.00016205199,0
LA_D_3970121,0,0.00015589835,0
LA_D_4045695,0,7.543775e-05,0
LA_D_4058547,0,0.00082278025,0
LA_D_4062752,0,0.00011911498,0
LA_D_4075366,0,0.00012769304,0
LA_D_4089906,0,0.00020950042,0
LA_D_4091974,0,0.0016960091,0
LA_D_4128580,0,0.000117359676,0
LA_D_4140612,0,0.00021576582,0
LA_D_4158867,0,0.0064681065,0
LA_D_4164660,0,0.01465057,0
LA_D_4189888,0,8.5539934e-05,0
LA_D_4200118,0,0.0012012366,0
LA_D_4203887,0,0.00027094194,0
LA_D_4260004,0,0.00011081408,0
LA_D_4265472,0,0.007137495,0
LA_D_4279179,0,9.235805e-05,0
LA_D_4311841,0,0.00014995417,0
LA_D_4347397,0,0.00054645876,0
LA_D_4385188,0,8.3361505e-05,0
LA_D_4399466,0,0.0002183482,0
LA_D_4427641,0,7.797165e-05,0
LA_D_4448977,0,0.00019775721,0
LA_D_4450404,0,0.00032116944,0
LA_D_4460089,0,0.00054381764,0
LA_D_4481672,0,8.099722e-05,0
LA_D_4533373,0,0.0013582013,0
LA_D_4538385,0,0.00014943675,0
LA_D_4654776,0,0.0001289219,0
LA_D_4674363,0,0.00015357646,0
LA_D_4702125,0,0.00013160404,0
LA_D_4720755,0,0.00014504124,0
LA_D_4788201,0,0.00039463807,0
LA_D_4816070,0,0.00021912466,0
LA_D_4825555,0,0.00044441826,0
LA_D_4869707,0,0.0002516365,0
LA_D_4919707,0,0.00050571555,0
LA_D_4920544,0,0.0003021009,0
LA_D_4921369,0,6.954153e-05,0
LA_D_4929561,0,0.00010287055,0
LA_D_4947156,0,0.0010494107,0
LA_D_4960326,0,0.00035600885,0
LA_D_5034203,0,0.00010932996,0
LA_D_5050513,0,0.0007346058,0
LA_D_5063604,0,0.0008321481,0
LA_D_5167363,0,0.00020112975,0
LA_D_5196563,0,0.00024298643,0
LA_D_5276746,0,0.00014971386,0
LA_D_5285039,0,0.00021394486,0
LA_D_5294929,0,0.00012985748,0
LA_D_5301172,0,0.0017720659,0
LA_D_5304792,0,0.00010265184,0
LA_D_5314825,0,0.00034453245,0
LA_D_5332565,0,7.950885e-05,0
LA_D_5343352,0,0.00016575879,0
LA_D_5407463,0,0.0002392202,0
LA_D_5445370,0,0.0020682602,0
LA_D_5454408,0,0.00017030688,0
LA_D_5519117,0,0.00016665229,0
LA_D_5597072,0,0.00042996075,0
LA_D_5605656,0,0.0004015459,0
LA_D_5613224,0,4.214999e-05,0
LA_D_5614406,0,0.00021562638,0
LA_D_5631357,0,0.000610183,0
LA_D_5637928,0,0.00034669557,0
LA_D_5656124,0,0.0001734978,0
LA_D_5695559,0,0.00016196595,0
LA_D_5721193,0,0.00010409256,0
LA_D_5800550,0,0.00015131064,0
LA_D_5840187,0,0.0005463161,0
LA_D_5866255,0,0.00050224573,0
LA_D_5891155,0,0.00017294746,0
LA_D_5913608,0,0.00022053589,0
LA_D_5926059,0,0.000119348624,0
LA_D_5997151,0,8.962343e-05,0
LA_D_6049791,0,0.00022544751,0
LA_D_6060780,0,0.000103335195,0
LA_D_6097465,0,0.00012316887,0
LA_D_6146856,0,0.0035504536,0
LA_D_6176750,0,0.00045385148,0
LA_D_6188881,0,0.0019734963,0
LA_D_6196078,0,0.0014399306,0
LA_D_6293245,0,8.5665146e-05,0
LA_D_6320996,0,0.00031599312,0
LA_D_6328554,0,7.5594086e-05,0
LA_D_6368871,0,0.00012672748,0
LA_D_6434711,0,0.0014581617,0
LA_D_6445884,0,0.00019065893,0
LA_D_6509120,0,9.7601885e-05,0
LA_D_6551202,0,0.0002850191,0
LA_D_6563482,0,0.00058924896,0
LA_D_6568047,0,0.000333091,0
LA_D_6587165,0,9.928179e-05,0
LA_D_6591249,0,8.6931126e-05,0
LA_D_6593008,0,0.00041992843,0
LA_D_6616471,0,0.00014809582,0
LA_D_6621246,0,9.93101e-05,0
LA_D_6688232,0,0.00012140243,0
LA_D_6740610,0,4.294474e-05,0
LA_D_6742117,0,0.0001421579,0
LA_D_6743141,0,0.00026006912,0
LA_D_6744596,0,0.00020999178,0
LA_D_6781568,0,0.00014931255,0
LA_D_6785127,0,0.00012508786,0
LA_D_6806656,0,0.00091980206,0
LA_D_6832377,0,0.00019798629,0
LA_D_6837499,0,0.00022981763,0
LA_D_6914532,0,0.00016901657,0
LA_D_6928296,0,9.0079855e-05,0
LA_D_6942448,0,8.002456e-05,0
LA_D_6966164,0,0.00017814183,0
LA_D_7051341,0,5.1435e-05,0
LA_D_7057633,0,0.00015519932,0
LA_D_7091662,0,7.9842546e-05,0
LA_D_7092291,0,9.0490175e-05,0
LA_D_7119606,0,0.00044197342,0
LA_D_7130454,0,9.818785e-05,0
LA_D_7139438,0,3.1248845e-05,0
LA_D_7141763,0,0.0010632728,0
LA_D_7151621,0,0.00031876354,0
LA_D_7170607,0,0.00020128918,0
LA_D_7219660,0,0.00011373965,0
LA_D_7263401,0,0.00013893984,0
LA_D_7273712,0,0.00016482732,0
LA_D_7373443,0,0.00014363108,0
LA_D_7390522,0,0.00087649055,0
LA_D_7445146,0,0.00019409542,0
LA_D_7456275,0,9.548773e-05,0
LA_D_7472227,0,0.0015617665,0
LA_D_7520496,0,0.0010221769,0
LA_D_7522278,0,0.000296072,0
LA_D_7551589,0,0.00016549788,0
LA_D_7552379,0,0.00045768113,0
LA_D_7555845,0,0.00013568875,0
LA_D_7559932,0,0.00040575245,0
LA_D_7601827,0,7.6556826e-05,0
LA_D_7621816,0,0.00042464831,0
LA_D_7644378,0,0.00058340083,0
LA_D_7670870,0,0.00070744747,0
LA_D_7675126,0,0.00010244628,0
LA_D_7690918,0,0.00024013084,0
LA_D_7712763,0,0.00076345814,0
LA_D_7742306,0,0.0002587141,0
LA_D_7748254,0,0.00013684062,0
LA_D_7752556,0,0.00011755365,0
LA_D_7766576,0,0.00014679196,0
LA_D_7773434,0,0.00011343658,0
LA_D_7812846,0,0.00012457886,0
LA_D_7815618,0,8.000877e-05,0
LA_D_7870469,0,0.00013948463,0
LA_D_7907871,0,9.556745e-05,0
LA_D_7922506,0,0.0010467507,0
LA_D_7925481,0,4.267053e-05,0
LA_D_7952081,0,6.394984e-05,0
LA_D_7971494,0,0.0007782558,0
LA_D_7972252,0,0.0013867657,0
LA_D_7977077,0,0.00012614926,0
LA_D_7984768,0,0.00025416826,0
LA_D_7996201,0,9.4356925e-05,0
LA_D_8008375,0,6.0893588e-05,0
LA_D_8019379,0,0.0027823506,0
LA_D_8121898,0,0.000103771854,0
LA_D_8156558,0,0.0004354898,0
LA_D_8198807,0,0.00024067775,0
LA_D_8222801,0,0.00015446704,0
LA_D_8279014,0,0.00041284887,0
LA_D_8297660,0,0.00020197513,0
LA_D_8315403,0,0.000112530404,0
LA_D_8321387,0,0.00015333443,0
LA_D_8328368,0,7.881548e-05,0
LA_D_8388061,0,0.0002868464,0
LA_D_8391101,0,0.0001689151,0
LA_D_8417277,0,0.00018915477,0
LA_D_8442443,0,0.00064484554,0
LA_D_8457237,0,4.3752807e-05,0
LA_D_8461185,0,0.0002225341,0
LA_D_8486455,0,0.0019630634,0
LA_D_8519635,0,0.00025335726,0
LA_D_8540397,0,0.00026841808,0
LA_D_8604643,0,0.00029204699,0
LA_D_8638660,0,0.00032715453,0
LA_D_8653522,0,0.00020142511,0
LA_D_8701190,0,0.00022365889,0
LA_D_8711337,0,0.00013730646,0
LA_D_8759658,0,0.0005022692,0
LA_D_8783109,0,0.00028326883,0
LA_D_8816902,0,0.000199925,0
LA_D_8844443,0,0.00028871733,0
LA_D_8871469,0,0.00021616038,0
LA_D_8906850,0,0.0035839686,0
LA_D_8934450,0,0.0017660873,0
LA_D_8940296,0,0.00013993798,0
LA_D_8960097,0,0.00043663505,0
LA_D_8975798,0,9.74832e-05,0
LA_D_8983296,0,0.0002806738,0
LA_D_9012249,0,0.00033736133,0
LA_D_9149364,0,0.00012508356,0
LA_D_9209406,0,4.6186506e-05,0
LA_D_9217605,0,0.0018120506,0
LA_D_9246417,0,5.8189853e-05,0
LA_D_9274099,0,0.00019524437,0
LA_D_9275415,0,0.0013018342,0
LA_D_9297011,0,0.00041715548,0
LA_D_9305138,0,0.0001841136,0
LA_D_9335232,0,0.00032214617,0
LA_D_9406480,0,0.0056749294,0
LA_D_9462251,0,0.00039723565,0
LA_D_9468171,0,0.00017265056,0
LA_D_9469645,0,6.83699e-05,0
LA_D_9473113,0,0.0012580837,0
LA_D_9551852,0,0.0035768235,0
LA_D_9560177,0,0.0076602832,0
LA_D_9600169,0,0.00015530399,0
LA_D_9698818,0,0.000485018,0
LA_D_9732268,0,8.306085e-05,0
LA_D_9777627,0,0.00016256797,0
LA_D_9795514,0,0.00020346227,0
LA_D_9819790,0,0.0002971372,0
LA_D_9900338,0,6.985318e-05,0
LA_D_9950933,0,0.00018033019,0
LA_D_9987872,0,0.00023525287,0
LA_D_1053530,0,0.00020258904,0
LA_D_1054239,0,0.0004074389,0
LA_D_1060354,0,0.00010474245,0
LA_D_1064949,0,0.00037778917,0
LA_D_1066396,0,0.000108258304,0
LA_D_1152601,0,0.00011589668,0
LA_D_1181336,0,9.8259305e-05,0
LA_D_1183162,0,0.00024068485,0
LA_D_1190139,0,0.0001264326,0
LA_D_1216436,0,0.00011910715,0
LA_D_1287631,0,8.7562854e-05,0
LA_D_1290431,0,0.00029495373,0
LA_D_1302934,0,0.00021480517,0
LA_D_1304734,0,0.00015846085,0
LA_D_1354501,0,0.00019487778,0
LA_D_1414919,0,0.00025289148,0
LA_D_1433873,0,0.000339752,0
LA_D_1434551,0,0.0006187538,0
LA_D_1442792,0,0.00025894828,0
LA_D_1475296,0,0.00019101505,0
LA_D_1481205,0,0.0005896001,0
LA_D_1499350,0,7.996377e-05,0
LA_D_1511574,0,0.00036039553,0
LA_D_1520617,0,0.00021209598,0
LA_D_1677598,0,0.000114361836,0
LA_D_1678096,0,0.00018637799,0
LA_D_1683892,0,7.31855e-05,0
LA_D_1684010,0,0.0002937753,0
LA_D_1702527,0,0.0003465551,0
LA_D_1703167,0,0.00024027193,0
LA_D_1746170,0,9.447505e-05,0
LA_D_1778772,0,0.000435452,0
LA_D_1783942,0,0.00022670461,0
LA_D_1841439,0,9.115167e-05,0
LA_D_1842165,0,0.00020978427,0
LA_D_1850987,0,0.00019019649,0
LA_D_1866244,0,7.718437e-05,0
LA_D_1870030,0,0.00014803738,0
LA_D_1870684,0,0.0006242775,0
LA_D_1874896,0,0.00013849384,0
LA_D_1889615,0,0.0003224193,0
LA_D_1922892,0,0.00020170338,0
LA_D_1930356,0,0.00014375935,0
LA_D_1945994,0,0.00020147773,0
LA_D_1994320,0,0.00016288964,0
LA_D_2051517,0,0.00022635472,0
LA_D_2058787,0,0.00010674363,0
LA_D_2062974,0,6.881641e-05,0
LA_D_2073559,0,0.00011015142,0
LA_D_2124468,0,0.00016423211,0
LA_D_2176634,0,0.0022265923,0
LA_D_2211657,0,7.3260504e-05,0
LA_D_2236885,0,0.00021829532,0
LA_D_2243169,0,5.8011883e-05,0
LA_D_2254543,0,6.400102e-05,0
LA_D_2289906,0,8.731729e-05,0
LA_D_2327560,0,0.00013744137,0
LA_D_2340770,0,0.00019196192,0
LA_D_2342254,0,0.00044182976,0
LA_D_2352948,0,0.00019786549,0
LA_D_2382959,0,0.00028347038,0
LA_D_2396760,0,8.501517e-05,0
LA_D_2412575,0,0.00037913164,0
LA_D_2442523,0,0.00026036883,0
LA_D_2447524,0,0.00012482597,0
LA_D_2448121,0,5.7694608e-05,0
LA_D_2465807,0,0.00014372234,0
LA_D_2471375,0,0.00014993946,0
LA_D_2471995,0,0.00040590565,0
LA_D_2507973,0,0.00014592949,0
LA_D_2508763,0,0.0003129665,0
LA_D_2515908,0,0.0003672836,0
LA_D_2537525,0,7.2607225e-05,0
LA_D_2541811,0,0.00050995837,0
LA_D_2590744,0,0.00020439054,0
LA_D_2592823,0,0.0002594282,0
LA_D_2613646,0,0.00016498425,0
LA_D_2625096,0,0.0002671683,0
LA_D_2628079,0,6.966286e-05,0
LA_D_2643003,0,0.00015725293,0
LA_D_2661411,0,0.000160638,0
LA_D_2690518,0,0.00017297319,0
LA_D_2743059,0,0.0001214719,0
LA_D_2761966,0,0.00021343547,0
LA_D_2769521,0,0.00011248299,0
LA_D_2776056,0,0.00016589573,0
LA_D_2783850,0,0.00946383,0
LA_D_2786535,0,0.00012948344,0
LA_D_2809588,0,0.00015888143,0
LA_D_2812689,0,0.00022702386,0
LA_D_2832394,0,9.383104e-05,0
LA_D_2874107,0,0.000117494594,0
LA_D_2907952,0,0.00113973,0
LA_D_2933402,0,0.00019587089,0
LA_D_2943221,0,0.00021383088,0
LA_D_2963867,0,5.6107063e-05,0
LA_D_2964992,0,7.043223e-05,0
LA_D_3050700,0,0.00053364964,0
LA_D_3059648,0,0.0014762185,0
LA_D_3106011,0,0.00037077308,0
LA_D_3109309,0,0.0005674658,0
LA_D_3138080,0,0.00021746685,0
LA_D_3152954,0,0.00020897631,0
LA_D_3163751,0,0.0002617662,0
LA_D_3165659,0,0.00016075016,0
LA_D_3174960,0,0.00064525247,0
LA_D_3198699,0,0.0002454097,0
LA_D_3225529,0,7.6792545e-05,0
LA_D_3244699,0,0.0002268404,0
LA_D_3251211,0,0.00022154288,0
LA_D_3295441,0,6.1005885e-05,0
LA_D_3307287,0,0.00013519605,0
LA_D_3355874,0,0.00012596871,0
LA_D_3375546,0,0.00035106458,0
LA_D_3379000,0,0.00013115705,0
LA_D_3411825,0,0.00014553635,0
LA_D_3417657,0,0.0002376126,0
LA_D_3501342,0,5.835979e-05,0
LA_D_3508441,0,0.00025901495,0
LA_D_3545477,0,0.00022804593,0
LA_D_3545859,0,0.00018407428,0
LA_D_3555810,0,0.00012869663,0
LA_D_3573085,0,0.00028122208,0
LA_D_3578253,0,0.00028914653,0
LA_D_3589383,0,0.0002817274,0
LA_D_3613644,0,0.00014795495,0
LA_D_3664298,0,0.00023008294,0
LA_D_3671795,0,0.0001125641,0
LA_D_3674440,0,6.509462e-05,0
LA_D_3688837,0,0.00023596727,0
LA_D_3709912,0,6.311744e-05,0
LA_D_3712672,0,0.0005068873,0
LA_D_3732490,0,0.00010763309,0
LA_D_3759608,0,6.837956e-05,0
LA_D_3782739,0,0.00011815646,0
LA_D_3789724,0,0.0002458303,0
LA_D_3790568,0,0.00026592534,0
LA_D_3828014,0,9.078508e-05,0
LA_D_3868258,0,0.00026187004,0
LA_D_3896851,0,0.0003804024,0
LA_D_3903402,0,0.00013642356,0
LA_D_3931288,0,0.0002828036,0
LA_D_3937097,0,0.0001573342,0
LA_D_3958057,0,0.00025188754,0
LA_D_3969914,0,5.2988093e-05,0
LA_D_3970673,0,0.00017133368,0
LA_D_4005134,0,0.00012051729,0
LA_D_4011113,0,3.8664642e-05,0
LA_D_4020788,0,0.0001380403,0
LA_D_4024701,0,0.00017555783,0
LA_D_4064599,0,0.00021637109,0
LA_D_4083446,0,0.00017596892,0
LA_D_4099396,0,0.00047501794,0
LA_D_4108558,0,0.00069368246,0
LA_D_4157946,0,0.0002367183,0
LA_D_4158625,0,0.00018907794,0
LA_D_4174255,0,0.00022035302,0
LA_D_4232791,0,0.00050938706,0
LA_D_4256903,0,4.357559e-05,0
LA_D_4261339,0,7.425694e-05,0
LA_D_4319137,0,0.0001902645,0
LA_D_4339384,0,9.871122e-05,0
LA_D_4363125,0,0.00022898387,0
LA_D_4412539,0,8.0544785e-05,0
LA_D_4416737,0,7.7025696e-05,0
LA_D_4429476,0,0.00019566667,0
LA_D_4434827,0,0.00057884963,0
LA_D_4437561,0,0.00052932533,0
LA_D_4438405,0,9.019864e-05,0
LA_D_4475454,0,0.0001863947,0
LA_D_4484594,0,0.00021010694,0
LA_D_4540896,0,0.00014225215,0
LA_D_4583096,0,0.00027604998,0
LA_D_4593675,0,0.00014272756,0
LA_D_4603798,0,0.00013251221,0
LA_D_4665366,0,0.00011112604,0
LA_D_4715249,0,0.00017709669,0
LA_D_4721344,0,0.00021578044,0
LA_D_4757865,0,0.00017538082,0
LA_D_4768822,0,0.00012553751,0
LA_D_4774710,0,0.00013392208,0
LA_D_4786059,0,0.0002735667,0
LA_D_4789511,0,9.9286044e-05,0
LA_D_4804270,0,7.5286895e-05,0
LA_D_4838177,0,0.00023413003,0
LA_D_4868564,0,0.0002663156,0
LA_D_4891582,0,0.00012106313,0
LA_D_4912137,0,0.00015769439,0
LA_D_4928308,0,0.00020445214,0
LA_D_4933001,0,0.00012029811,0
LA_D_4947818,0,0.00040974515,0
LA_D_4985773,0,0.0004391349,0
LA_D_4986753,0,0.000118781405,0
LA_D_4999216,0,7.744514e-05,0
LA_D_5028641,0,0.00066221127,0
LA_D_5040114,0,0.000117759744,0
LA_D_5051597,0,0.0004579011,0
LA_D_5051913,0,0.0003076439,0
LA_D_5067087,0,0.00021845524,0
LA_D_5077584,0,0.0009369468,0
LA_D_5133384,0,5.0160274e-05,0
LA_D_5167234,0,0.00014944302,0
LA_D_5189187,0,3.5770925e-05,0
LA_D_5322570,0,9.781647e-05,0
LA_D_5341323,0,0.039850105,0
LA_D_5345453,0,0.0003160772,0
LA_D_5419620,0,0.00016851739,0
LA_D_5442437,0,0.00032038044,0
LA_D_5458288,0,0.00012615527,0
LA_D_5476324,0,0.00017319368,0
LA_D_5493977,0,0.000102242695,0
LA_D_5510010,0,0.0005244309,0
LA_D_5512449,0,0.00026334298,0
LA_D_5519425,0,6.642502e-05,0
LA_D_5592740,0,0.00014887468,0
LA_D_5609165,0,0.0002489542,0
LA_D_5646610,0,4.3600325e-05,0
LA_D_5742661,0,9.3181465e-05,0
LA_D_5800896,0,0.00030573664,0
LA_D_5803007,0,0.00011382015,0
LA_D_5805679,0,0.00021831325,0
LA_D_5834907,0,0.0003138737,0
LA_D_5849476,0,2.1666176e-05,0
LA_D_5850460,0,0.00016772487,0
LA_D_5863016,0,5.2381485e-05,0
LA_D_5876621,0,0.00022208599,0
LA_D_5889397,0,0.0003072968,0
LA_D_5915454,0,0.0002226542,0
LA_D_5917934,0,0.00038215035,0
LA_D_5958463,0,0.00021688477,0
LA_D_6052126,0,0.00022186249,0
LA_D_6078362,0,0.00021091221,0
LA_D_6088761,0,0.00031567938,0
LA_D_6095686,0,0.00059557846,0
LA_D_6166673,0,0.00037773367,0
LA_D_6171374,0,0.00025595273,0
LA_D_6181747,0,0.00013115855,0
LA_D_6188980,0,0.00029957152,0
LA_D_6203299,0,0.0005183588,0
LA_D_6215452,0,0.00010854163,0
LA_D_6222475,0,0.0002601976,0
LA_D_6235468,0,0.00020626055,0
LA_D_6244693,0,0.00024888394,0
LA_D_6293152,0,0.0006719426,0
LA_D_6293545,0,0.00047692802,0
LA_D_6332738,0,0.0005120446,0
LA_D_6343657,0,0.000853791,0
LA_D_6350034,0,0.00044956754,0
LA_D_6363274,0,0.00016780531,0
LA_D_6369227,0,0.00019579116,0
LA_D_6379069,0,0.00016590553,0
LA_D_6401566,0,0.000120160774,0
LA_D_6405087,0,0.00011641018,0
LA_D_6439502,0,8.601829e-05,0
LA_D_6446521,0,0.00015231175,0
LA_D_6486723,0,0.0004713932,0
LA_D_6489536,0,0.00022815401,0
LA_D_6497583,0,7.978432e-05,0
LA_D_6542740,0,0.00078706985,0
LA_D_6575341,0,0.00011283083,0
LA_D_6575610,0,0.00011927535,0
LA_D_6576940,0,0.00025143477,0
LA_D_6577591,0,5.5443707e-05,0
LA_D_6609902,0,7.978234e-05,0
LA_D_6624176,0,0.0006876211,0
LA_D_6648419,0,0.000226505,0
LA_D_6653711,0,0.00017552017,0
LA_D_6666840,0,9.84099e-05,0
LA_D_6726447,0,0.00017237225,0
LA_D_6754774,0,0.0002645396,0
LA_D_6762250,0,0.00045831944,0
LA_D_6762877,0,0.0004504263,0
LA_D_6789571,0,0.00033960858,0
LA_D_6806823,0,0.00022356468,0
LA_D_6825223,0,0.0003311858,0
LA_D_6844450,0,7.064493e-05,0
LA_D_6852390,0,0.00017727613,0
LA_D_6858810,0,0.00024959067,0
LA_D_6898133,0,0.0003040481,0
LA_D_6898383,0,0.00038840994,0
LA_D_6935294,0,0.00014724281,0
LA_D_6945696,0,0.0001537668,0
LA_D_6951006,0,8.4331354e-05,0
LA_D_7035543,0,0.00012233638,0
LA_D_7049162,0,0.00039238544,0
LA_D_7053354,0,0.00011012968,0
LA_D_7091196,0,0.00026339496,0
LA_D_7094041,0,0.00019577454,0
LA_D_7205018,0,7.3816314e-05,0
LA_D_7211753,0,0.00011939574,0
LA_D_7212590,0,9.847712e-05,0
LA_D_7248069,0,9.955102e-05,0
LA_D_7254050,0,0.00015095525,0
LA_D_7281159,0,0.00084936694,0
LA_D_7283308,0,0.0002421617,0
LA_D_7298541,0,0.00019767127,0
LA_D_7300764,0,0.00013974796,0
LA_D_7318854,0,0.00018500739,0
LA_D_7326976,0,0.00010048894,0
LA_D_7331566,0,0.00015410424,0
LA_D_7339440,0,0.00025809475,0
LA_D_7373710,0,0.0002237965,0
LA_D_7399269,0,0.00069285656,0
LA_D_7421536,0,8.3832325e-05,0
LA_D_7428865,0,0.00013596904,0
LA_D_7451358,0,8.997443e-05,0
LA_D_7516190,0,0.00011812279,0
LA_D_7529258,0,0.00027801027,0
LA_D_7541122,0,4.1216917e-05,0
LA_D_7585893,0,0.0001485389,0
LA_D_7605675,0,0.00027436623,0
LA_D_7647923,0,0.00015612939,0
LA_D_7684667,0,0.00014381377,0
LA_D_7738912,0,0.00026573424,0
LA_D_7757173,0,0.00014203828,0
LA_D_7771073,0,0.0003025964,0
LA_D_7800026,0,8.920589e-05,0
LA_D_7828929,0,0.00014915304,0
LA_D_7836755,0,0.00022772716,0
LA_D_7906477,0,0.0010080256,0
LA_D_7912198,0,0.00022294864,0
LA_D_7990767,0,0.00020741344,0
LA_D_7995508,0,0.00025033302,0
LA_D_8002591,0,0.0015253338,0
LA_D_8025687,0,0.000111762696,0
LA_D_8027836,0,9.013862e-05,0
LA_D_8048204,0,0.00016144694,0
LA_D_8073022,0,0.000112578375,0
LA_D_8077226,0,0.00010824116,0
LA_D_8097725,0,0.0016843203,0
LA_D_8106755,0,0.00033569752,0
LA_D_8116371,0,3.559486e-05,0
LA_D_8123213,0,0.00012552123,0
LA_D_8165556,0,8.267846e-05,0
LA_D_8184153,0,0.00031519853,0
LA_D_8213309,0,0.00020408345,0
LA_D_8214776,0,0.0001268675,0
LA_D_8221856,0,8.1888866e-05,0
LA_D_8243419,0,9.3995375e-05,0
LA_D_8262652,0,0.0001301014,0
LA_D_8346348,0,0.0014911111,0
LA_D_8364730,0,0.00019501198,0
LA_D_8412543,0,0.000119176904,0
LA_D_8424157,0,0.00022934613,0
LA_D_8467523,0,0.00021023279,0
LA_D_8472714,0,0.00017758505,0
LA_D_8481340,0,0.00026459762,0
LA_D_8504805,0,0.00033683173,0
LA_D_8514801,0,0.00011276953,0
LA_D_8542121,0,0.00030418756,0
LA_D_8543293,0,0.00018747378,0
LA_D_8586128,0,0.00023795155,0
LA_D_8614773,0,0.00048078186,0
LA_D_8617115,0,8.1893e-05,0
LA_D_8629908,0,0.00016696341,0
LA_D_8656237,0,9.6213545e-05,0
LA_D_8667202,0,0.000324671,0
LA_D_8667308,0,0.0001261786,0
LA_D_8689583,0,0.00015691936,0
LA_D_8718165,0,0.00034337398,0
LA_D_8719230,0,8.875847e-05,0
LA_D_8737709,0,0.0004694569,0
LA_D_8758724,0,0.00016330766,0
LA_D_8791449,0,0.00014362164,0
LA_D_8874300,0,0.00011995904,0
LA_D_8916939,0,6.491132e-05,0
LA_D_8930518,0,9.580677e-05,0
LA_D_8974858,0,0.00011300549,0
LA_D_8979245,0,0.00023317433,0
LA_D_8992743,0,0.00010732009,0
LA_D_9008937,0,6.568431e-05,0
LA_D_9067610,0,0.00018827793,0
LA_D_9095874,0,0.00018688587,0
LA_D_9122016,0,8.344088e-05,0
LA_D_9131105,0,9.134188e-05,0
LA_D_9140619,0,0.00012414448,0
LA_D_9144289,0,8.586151e-05,0
LA_D_9146864,0,7.4048134e-05,0
LA_D_9147825,0,0.00012188519,0
LA_D_9151278,0,0.00010151631,0
LA_D_9163803,0,7.1712675e-05,0
LA_D_9178334,0,0.0002797801,0
LA_D_9206035,0,0.00030363328,0
LA_D_9254481,0,0.0015932347,0
LA_D_9298303,0,5.2013238e-05,0
LA_D_9361389,0,0.00023594519,0
LA_D_9363937,0,0.00017176698,0
LA_D_9376184,0,0.0016821504,0
LA_D_9378704,0,0.00015243294,0
LA_D_9424845,0,0.00012731917,0
LA_D_9429971,0,0.00021536998,0
LA_D_9456525,0,0.0007669788,0
LA_D_9457668,0,0.00029232222,0
LA_D_9502718,0,0.00022199623,0
LA_D_9560631,0,9.197837e-05,0
LA_D_9563138,0,0.00043093777,0
LA_D_9568708,0,5.242906e-05,0
LA_D_9596640,0,0.0004753527,0
LA_D_9643751,0,0.0002790116,0
LA_D_9646445,0,0.00019831918,0
LA_D_9652293,0,0.00015102509,0
LA_D_9657295,0,8.841541e-05,0
LA_D_9662796,0,0.00020896456,0
LA_D_9663907,0,0.0001920802,0
LA_D_9670204,0,0.00028575215,0
LA_D_9701877,0,0.00011597374,0
LA_D_9708825,0,0.0002739846,0
LA_D_9718892,0,7.1607785e-05,0
LA_D_9774959,0,0.0002481208,0
LA_D_9813759,0,0.00016569732,0
LA_D_9910047,0,0.000100418925,0
LA_D_9929271,0,0.00018211047,0
LA_D_9937573,0,0.000158871,0
LA_D_9967058,0,0.00016586014,0
LA_D_1035911,0,7.005157e-05,0
LA_D_1092890,0,5.470408e-05,0
LA_D_1099657,0,0.009307915,0
LA_D_1123562,0,6.300812e-05,0
LA_D_1210958,0,0.0005105941,0
LA_D_1242157,0,0.00017110689,0
LA_D_1252608,0,9.320333e-05,0
LA_D_1371588,0,0.00017492237,0
LA_D_1459300,0,0.00020060153,0
LA_D_1504502,0,3.3635002e-05,0
LA_D_1538546,0,0.0002256914,0
LA_D_1555842,0,8.7100816e-05,0
LA_D_1581342,0,0.00021076505,0
LA_D_1596779,0,6.373182e-05,0
LA_D_1601789,0,0.0002282517,0
LA_D_1611108,0,0.0005315657,0
LA_D_1638692,0,0.00033962962,0
LA_D_1778690,0,0.00011883759,0
LA_D_1783574,0,0.00019433856,0
LA_D_1799143,0,7.9001875e-05,0
LA_D_1813906,0,0.00014597624,0
LA_D_1838534,0,0.00018206464,0
LA_D_1858381,0,0.0001953576,0
LA_D_1966794,0,0.00015867599,0
LA_D_1971987,0,0.0010480538,0
LA_D_1985278,0,0.0001456445,0
LA_D_2002767,0,0.00024206821,0
LA_D_2026077,0,0.00014294357,0
LA_D_2047498,0,0.0012435528,0
LA_D_2059452,0,0.00014345726,0
LA_D_2097600,0,0.00013419166,0
LA_D_2106652,0,0.00030126766,0
LA_D_2118778,0,0.00040772487,0
LA_D_2128440,0,0.00011006207,0
LA_D_2140164,0,0.00020535436,0
LA_D_2140638,0,0.00043449298,0
LA_D_2145419,0,0.000119134405,0
LA_D_2159690,0,5.2531108e-05,0
LA_D_2160169,0,0.00020100492,0
LA_D_2173667,0,0.00033700452,0
LA_D_2270073,0,0.00011250937,0
LA_D_2306860,0,9.448325e-05,0
LA_D_2329756,0,8.5205495e-05,0
LA_D_2388211,0,0.00036191387,0
LA_D_2412061,0,0.00028312142,0
LA_D_2444360,0,5.1760242e-05,0
LA_D_2492831,0,0.00021798,0
LA_D_2532665,0,0.00026742747,0
LA_D_2541982,0,0.00027198106,0
LA_D_2545730,0,0.00021690402,0
LA_D_2573565,0,0.00023620923,0
LA_D_2581733,0,0.0011854807,0
LA_D_2616799,0,0.00012881757,0
LA_D_2626312,0,0.00018265026,0
LA_D_2628592,0,8.992528e-05,0
LA_D_2661690,0,0.00011994864,0
LA_D_2686014,0,0.00022809657,0
LA_D_2700899,0,0.00015021263,0
LA_D_2706710,0,0.00014234903,0
LA_D_2849994,0,0.000116433155,0
LA_D_2861324,0,0.0014830903,0
LA_D_2863900,0,0.00015412304,0
LA_D_2874104,0,0.000118908894,0
LA_D_2888561,0,0.0002974623,0
LA_D_2893126,0,0.0004898123,0
LA_D_2929910,0,0.00010165591,0
LA_D_3003454,0,0.00024680846,0
LA_D_3014451,0,0.00021377929,0
LA_D_3078486,0,0.00018319619,0
LA_D_3112339,0,0.00026625162,0
LA_D_3124216,0,0.00015715849,0
LA_D_3150054,0,0.0008177988,0
LA_D_3151652,0,0.00018005923,0
LA_D_3176978,0,0.00015705603,0
LA_D_3179951,0,0.00021498447,0
LA_D_3198381,0,0.00022205975,0
LA_D_3199021,0,0.00024465905,0
LA_D_3226074,0,0.00012375704,0
LA_D_3276105,0,0.00015358231,0
LA_D_3319403,0,0.000121589874,0
LA_D_3331849,0,0.00017745877,0
LA_D_3368030,0,0.0005348004,0
LA_D_3412324,0,0.00017900407,0
LA_D_3425732,0,0.00017898239,0
LA_D_3495492,0,0.0005542612,0
LA_D_3548300,0,0.00085990375,0
LA_D_3574020,0,0.000180784,0
LA_D_3589247,0,8.3976665e-05,0
LA_D_3610743,0,0.0001392712,0
LA_D_3635351,0,0.00010158672,0
LA_D_3663843,0,0.00020371891,0
LA_D_3668631,0,7.8267534e-05,0
LA_D_3707499,0,7.074491e-05,0
LA_D_3759918,0,0.0001980992,0
LA_D_3768185,0,0.00010522608,0
LA_D_3794629,0,0.0004920257,0
LA_D_3807326,0,0.00020287649,0
LA_D_3825329,0,0.000336573,0
LA_D_3862795,0,0.00013829337,0
LA_D_3902856,0,0.00038070243,0
LA_D_3908047,0,6.178397e-05,0
LA_D_3935443,0,0.00022744898,0
LA_D_3942708,0,0.00025613044,0
LA_D_3960353,0,0.00014214462,0
LA_D_4003135,0,0.00031536893,0
LA_D_4027041,0,4.3475182e-05,0
LA_D_4074277,0,0.00025083285,0
LA_D_4091821,0,0.000528218,0
LA_D_4123108,0,0.00012651691,0
LA_D_4127746,0,0.0014830763,0
LA_D_4154332,0,0.0002100096,0
LA_D_4164238,0,0.00032169465,0
LA_D_4171570,0,0.000109322966,0
LA_D_4183063,0,0.00024976538,0
LA_D_4206038,0,9.409537e-05,0
LA_D_4210738,0,0.004326898,0
LA_D_4258858,0,7.826888e-05,0
LA_D_4320182,0,0.00030058884,0
LA_D_4372323,0,0.00016641713,0
LA_D_4399431,0,0.00015558011,0
LA_D_4413908,0,0.00013693224,0
LA_D_4459406,0,0.000113612165,0
LA_D_4490548,0,0.0003071044,0
LA_D_4512980,0,0.000149726,0
LA_D_4527422,0,0.00023781139,0
LA_D_4542234,0,0.00019658748,0
LA_D_4542657,0,0.00021657336,0
LA_D_4548556,0,4.7901503e-05,0
LA_D_4601520,0,0.00030091428,0
LA_D_4610422,0,0.00019431392,0
LA_D_4668049,0,0.00025792353,0
LA_D_4700200,0,8.038465e-05,0
LA_D_4736721,0,0.00022952663,0
LA_D_4766470,0,0.0010036769,0
LA_D_4773088,0,0.00018411202,0
LA_D_4791058,0,0.00012445408,0
LA_D_4802794,0,0.00035229904,0
LA_D_4828615,0,0.0002604078,0
LA_D_4852037,0,0.0007151595,0
LA_D_4898740,0,0.00012957657,0
LA_D_4964309,0,0.00021384493,0
LA_D_5048362,0,0.0003712276,0
LA_D_5269881,0,0.0002686567,0
LA_D_5384145,0,0.00032580027,0
LA_D_5428590,0,0.00015198867,0
LA_D_5430038,0,0.0001300281,0
LA_D_5433599,0,0.00026609577,0
LA_D_5453267,0,0.0001254614,0
LA_D_5455243,0,0.0005034239,0
LA_D_5471746,0,0.00019050649,0
LA_D_5506813,0,0.009436441,0
LA_D_5510532,0,0.000436909,0
LA_D_5518780,0,0.0001801092,0
LA_D_5546624,0,0.000540363,0
LA_D_5580783,0,0.0002254273,0
LA_D_5614245,0,0.0001750465,0
LA_D_5623014,0,0.00015445554,0
LA_D_5685369,0,0.00015315996,0
LA_D_5714169,0,0.000404372,0
LA_D_5716855,0,0.00014471314,0
LA_D_5765948,0,0.0002549741,0
LA_D_5812356,0,0.0023189469,0
LA_D_5875987,0,0.0001133516,0
LA_D_5901105,0,0.000200635,0
LA_D_5912421,0,0.00013363136,0
LA_D_6051475,0,0.0002894949,0
LA_D_6070172,0,0.00014512839,0
LA_D_6071593,0,0.00063136563,0
LA_D_6084753,0,8.769714e-05,0
LA_D_6143239,0,0.000520143,0
LA_D_6143596,0,0.00030437467,0
LA_D_6177458,0,0.00044047396,0
LA_D_6220807,0,0.0001534775,0
LA_D_6251984,0,0.00024176098,0
LA_D_6284910,0,0.00023737147,0
LA_D_6303671,0,0.0002198823,0
LA_D_6317931,0,0.00042604192,0
LA_D_6325916,0,8.960044e-05,0
LA_D_6333127,0,0.00067968486,0
LA_D_6337308,0,7.985312e-05,0
LA_D_6352712,0,0.00012822002,0
LA_D_6354373,0,0.0003506956,0
LA_D_6411228,0,0.0002040673,0
LA_D_6413013,0,8.336564e-05,0
LA_D_6445749,0,0.000121494726,0
LA_D_6462905,0,8.97863e-05,0
LA_D_6469029,0,0.00014671808,0
LA_D_6475497,0,0.000307631,0
LA_D_6520436,0,7.703231e-05,0
LA_D_6525320,0,0.00014983483,0
LA_D_6568052,0,0.0002537564,0
LA_D_6602571,0,0.00015940011,0
LA_D_6619464,0,4.310369e-05,0
LA_D_6623727,0,0.00015767934,0
LA_D_6663132,0,9.7583645e-05,0
LA_D_6666039,0,0.00047802308,0
LA_D_6672152,0,0.0012006417,0
LA_D_6677818,0,0.00065545645,0
LA_D_6695450,0,0.0001491573,0
LA_D_6710142,0,0.00012825782,0
LA_D_6928395,0,0.00022072963,0
LA_D_6954164,0,0.00021997013,0
LA_D_6956269,0,0.0006288218,0
LA_D_7052154,0,0.0011347412,0
LA_D_7080978,0,0.00026053446,0
LA_D_7090148,0,0.0002786336,0
LA_D_7191759,0,8.993643e-05,0
LA_D_7289423,0,4.703265e-05,0
LA_D_7306507,0,0.00048201164,0
LA_D_7352908,0,0.003528369,0
LA_D_7367873,0,0.0001888088,0
LA_D_7380699,0,0.00036694412,0
LA_D_7383133,0,0.00011684533,0
LA_D_7412100,0,0.00023252735,0
LA_D_7430270,0,0.00019703072,0
LA_D_7476328,0,0.00029058912,0
LA_D_7481545,0,0.000103904524,0
LA_D_7486320,0,0.00026552254,0
LA_D_7537886,0,0.00028550974,0
LA_D_7550680,0,0.00014434394,0
LA_D_7613584,0,0.00013902505,0
LA_D_7616866,0,0.0001115938,0
LA_D_7635942,0,0.00013287991,0
LA_D_7661318,0,0.0030433193,0
LA_D_7661904,0,9.2741066e-05,0
LA_D_7664602,0,0.00017234332,0
LA_D_7689936,0,0.00015632348,0
LA_D_7750113,0,0.0023867893,0
LA_D_7764747,0,0.00017262391,0
LA_D_7813172,0,0.0012524084,0
LA_D_7878130,0,0.00041775755,0
LA_D_7905314,0,0.00034235674,0
LA_D_7937424,0,0.00016631243,0
LA_D_7979297,0,0.00015573388,0
LA_D_8002427,0,0.00042752444,0
LA_D_8030349,0,0.00018615759,0
LA_D_8075963,0,0.0006706241,0
LA_D_8091175,0,0.00026420286,0
LA_D_8103595,0,0.0003941076,0
LA_D_8116629,0,0.00010975572,0
LA_D_8127049,0,0.00016727574,0
LA_D_8182095,0,0.00021486869,0
LA_D_8228250,0,0.00015108341,0
LA_D_8233626,0,5.7846435e-05,0
LA_D_8238983,0,0.00044696868,0
LA_D_8242715,0,0.00014572758,0
LA_D_8250953,0,0.00022810225,0
LA_D_8328358,0,0.00031114518,0
LA_D_8362861,0,0.0002940376,0
LA_D_8366884,0,6.528055e-05,0
LA_D_8373517,0,0.0009785495,0
LA_D_8407555,0,0.00038901766,0
LA_D_8491201,0,0.0003996384,0
LA_D_8497674,0,0.00010783156,0
LA_D_8501026,0,0.0058435085,0
LA_D_8503023,0,8.3771265e-05,0
LA_D_8576937,0,0.0002113712,0
LA_D_8588899,0,8.202673e-05,0
LA_D_8605221,0,0.0005011917,0
LA_D_8609217,0,0.00038153442,0
LA_D_8652135,0,0.00038528413,0
LA_D_8728622,0,0.0005142951,0
LA_D_8733004,0,0.0007070565,0
LA_D_8744543,0,7.899012e-05,0
LA_D_8780884,0,0.00018703527,0
LA_D_8798580,0,0.00019485086,0
LA_D_8805955,0,0.00025218914,0
LA_D_8863596,0,0.0011371825,0
LA_D_8880043,0,9.505756e-05,0
LA_D_8922428,0,0.00025812353,0
LA_D_8991753,0,0.00028653513,0
LA_D_9039340,0,7.712286e-05,0
LA_D_9051356,0,0.000424741,0
LA_D_9072602,0,0.0006558513,0
LA_D_9109666,0,0.0001035532,0
LA_D_9112845,0,0.00013233101,0
LA_D_9134485,0,0.00023835644,0
LA_D_9173760,0,8.057313e-05,0
LA_D_9191160,0,0.00054544193,0
LA_D_9207502,0,0.0001659761,0
LA_D_9219265,0,0.0007965026,0
LA_D_9264205,0,9.926398e-05,0
LA_D_9264408,0,0.00025915625,0
LA_D_9314069,0,0.00050064357,0
LA_D_9351540,0,0.00010238359,0
LA_D_9362624,0,0.00038131082,0
LA_D_9369162,0,0.0002773942,0
LA_D_9429683,0,0.00026066243,0
LA_D_9457616,0,0.00017527332,0
LA_D_9504862,0,0.00018919446,0
LA_D_9529199,0,0.00034988046,0
LA_D_9549420,0,0.00023674675,0
LA_D_9597218,0,0.00010897045,0
LA_D_9623958,0,0.0001540747,0
LA_D_9649342,0,0.00022583304,0
LA_D_9658574,0,6.9461e-05,0
LA_D_9689602,0,0.00012157214,0
LA_D_9708909,0,0.0008411854,0
LA_D_9722220,0,0.0005374915,0
LA_D_9728978,0,0.00046657847,0
LA_D_9902912,0,0.00016384936,0
LA_D_9903321,0,0.00010192984,0
LA_D_9912829,0,0.00073789497,0
LA_D_9924653,0,0.0004452511,0
LA_D_9928428,0,0.00034091683,0
LA_D_9930304,0,0.00018662588,0
LA_D_9965502,0,0.000491155,0
LA_D_9977384,0,0.0048953746,0
LA_D_1013783,0,0.00033747617,0
LA_D_1050286,0,0.0002384453,0
LA_D_1063236,0,0.00015446675,0
LA_D_1074980,0,0.0021964074,0
LA_D_1075455,0,0.00024853725,0
LA_D_1136051,0,0.00023899907,0
LA_D_1138581,0,0.00071266334,0
LA_D_1141794,0,0.000712791,0
LA_D_1153840,0,0.0024691513,0
LA_D_1159197,0,0.013566832,0
LA_D_1217312,0,0.0008128978,0
LA_D_1249114,0,0.00018423339,0
LA_D_1303621,0,0.0001841668,0
LA_D_1321608,0,0.00025396526,0
LA_D_1350597,0,0.00037655875,0
LA_D_1363364,0,0.14000495,0
LA_D_1378776,0,0.00021952261,0
LA_D_1416969,0,0.00033548826,0
LA_D_1424372,0,0.0003215604,0
LA_D_1433061,0,0.00015755971,0
LA_D_1451466,0,0.0017368003,0
LA_D_1482068,0,0.0004418424,0
LA_D_1483761,0,0.0076517123,0
LA_D_1484758,0,0.0005968673,0
LA_D_1485960,0,0.00028898226,0
LA_D_1566398,0,0.0013200735,0
LA_D_1574269,0,0.00035500363,0
LA_D_1577587,0,0.0015829734,0
LA_D_1588604,0,0.002401908,0
LA_D_1751728,0,0.00072968967,0
LA_D_1764443,0,0.00040924587,0
LA_D_1771272,0,0.0023227734,0
LA_D_1836354,0,0.0004546829,0
LA_D_1841254,0,0.00015742425,0
LA_D_1846916,0,0.00043873952,0
LA_D_1860158,0,0.00040582826,0
LA_D_1863131,0,9.3206436e-05,0
LA_D_1889595,0,0.00051622087,0
LA_D_1897056,0,0.0009174869,0
LA_D_1897326,0,0.00054763193,0
LA_D_1899250,0,0.00032540265,0
LA_D_1915163,0,0.00044794718,0
LA_D_2004905,0,0.00028608306,0
LA_D_2022501,0,0.0003077073,0
LA_D_2028337,0,0.0011045714,0
LA_D_2028395,0,0.00019345024,0
LA_D_2035624,0,0.0009475888,0
LA_D_2085166,0,0.0021099106,0
LA_D_2101566,0,0.0010730058,0
LA_D_2111647,0,0.0020687387,0
LA_D_2111682,0,0.0011236833,0
LA_D_2151951,0,0.09457872,0
LA_D_2222489,0,0.00024706038,0
LA_D_2226134,0,0.000827773,0
LA_D_2238363,0,0.0004405546,0
LA_D_2245059,0,0.0015838313,0
LA_D_2278186,0,0.0006212297,0
LA_D_2281493,0,0.00091027026,0
LA_D_2295451,0,0.0024522662,0
LA_D_2322141,0,0.0012756513,0
LA_D_2345402,0,0.00096590765,0
LA_D_2349125,0,0.004779099,0
LA_D_2350784,0,0.00056617946,0
LA_D_2361610,0,0.0005355232,0
LA_D_2397533,0,0.0020879644,0
LA_D_2402189,0,0.00040538015,0
LA_D_2405339,0,0.000940167,0
LA_D_2475221,0,0.0058239396,0
LA_D_2500876,0,0.6219745,1
LA_D_2542296,0,0.0003512832,0
LA_D_2549631,0,0.0012947392,0
LA_D_2562850,0,0.00034431674,0
LA_D_2579907,0,0.038792226,0
LA_D_2583710,0,0.0007673545,0
LA_D_2696634,0,0.002556232,0
LA_D_2724805,0,0.00044367244,0
LA_D_2728628,0,0.0005172044,0
LA_D_2753362,0,0.006739644,0
LA_D_2766494,0,0.00056121335,0
LA_D_2789277,0,0.0043676896,0
LA_D_2800479,0,0.00039349683,0
LA_D_2808846,0,0.00079504517,0
LA_D_2824576,0,0.00024026164,0
LA_D_2854806,0,0.00012283541,0
LA_D_2888854,0,0.0006226476,0
LA_D_2890608,0,0.0011107504,0
LA_D_2906326,0,0.0009961824,0
LA_D_2919741,0,0.0003772076,0
LA_D_2956834,0,0.0017820386,0
LA_D_2957996,0,0.00074577314,0
LA_D_2966463,0,0.00019076167,0
LA_D_2977245,0,0.00019951616,0
LA_D_2983374,0,0.00068012025,0
LA_D_3006014,0,0.00029206285,0
LA_D_3013009,0,0.0073899277,0
LA_D_3020621,0,0.014836763,0
LA_D_3030929,0,0.002321205,0
LA_D_3034938,0,0.1789537,0
LA_D_3039122,0,0.00079186057,0
LA_D_3057445,0,0.00046983696,0
LA_D_3070334,0,0.00035314573,0
LA_D_3082988,0,0.010775628,0
LA_D_3089498,0,0.00017797001,0
LA_D_3113960,0,0.00025896655,0
LA_D_3119853,0,0.0022175638,0
LA_D_3122174,0,0.0002856361,0
LA_D_3150169,0,0.00026430513,0
LA_D_3204366,0,0.00018233445,0
LA_D_3228176,0,0.0008262135,0
LA_D_3246218,0,0.00016189276,0
LA_D_3257808,0,0.002892514,0
LA_D_3301231,0,0.015442391,0
LA_D_3307902,0,0.00018793553,0
LA_D_3313777,0,0.0010696765,0
LA_D_3335716,0,0.00023736081,0
LA_D_3413905,0,0.0010800009,0
LA_D_3427278,0,0.00023977441,0
LA_D_3435957,0,0.00031198433,0
LA_D_3443410,0,0.00044411165,0
LA_D_3487340,0,0.00020896258,0
LA_D_3492096,0,0.020779058,0
LA_D_3524386,0,0.00075651787,0
LA_D_3539811,0,0.0010321415,0
LA_D_3544844,0,0.0034709526,0
LA_D_3556561,0,0.00046974426,0
LA_D_3630229,0,0.0002338859,0
LA_D_3675685,0,0.027288998,0
LA_D_3676923,0,0.00033208783,0
LA_D_3690604,0,0.00015433689,0
LA_D_3694037,0,0.00022718345,0
LA_D_3736974,0,0.00019289104,0
LA_D_3740186,0,0.0010136053,0
LA_D_3750938,0,0.00029863787,0
LA_D_3763099,0,0.0016386994,0
LA_D_3768058,0,0.005143255,0
LA_D_3779051,0,0.003553934,0
LA_D_3784534,0,0.0002719523,0
LA_D_3830921,0,0.36712193,0
LA_D_3866941,0,0.0011674389,0
LA_D_3913882,0,0.0003828479,0
LA_D_3914448,0,0.000119191456,0
LA_D_3984579,0,0.00024636788,0
LA_D_4031294,0,0.2982827,0
LA_D_4033330,0,0.00039225974,0
LA_D_4043035,0,0.0007042643,0
LA_D_4067852,0,0.005728367,0
LA_D_4081483,0,0.12206681,0
LA_D_4108953,0,0.00046645704,0
LA_D_4140711,0,0.00013779213,0
LA_D_4140724,0,0.0003089772,0
LA_D_4169547,0,0.0003063199,0
LA_D_4179863,0,0.019129794,0
LA_D_4184441,0,0.00060708774,0
LA_D_4236528,0,0.00043370342,0
LA_D_4256065,0,0.0001467164,0
LA_D_4270306,0,0.0006597785,0
LA_D_4343772,0,0.00012206141,0
LA_D_4344989,0,0.0011656366,0
LA_D_4350243,0,0.00026477175,0
LA_D_4368585,0,0.00085311197,0
LA_D_4375763,0,0.0018537017,0
LA_D_4376066,0,0.0011604804,0
LA_D_4384335,0,0.0009446762,0
LA_D_4391860,0,0.00044964685,0
LA_D_4415743,0,0.000204035,0
LA_D_4446874,0,0.0013329231,0
LA_D_4472623,0,0.00015406075,0
LA_D_4511424,0,0.00024808978,0
LA_D_4526867,0,0.00018244227,0
LA_D_4541749,0,0.00069463905,0
LA_D_4602617,0,0.00074790826,0
LA_D_4683194,0,0.00034959105,0
LA_D_4685405,0,0.0005255949,0
LA_D_4686116,0,0.0006141095,0
LA_D_4719420,0,0.09994664,0
LA_D_4720930,0,0.038740363,0
LA_D_4721136,0,0.00026485304,0
LA_D_4789758,0,0.00033231138,0
LA_D_4796345,0,4.9379403e-05,0
LA_D_4851657,0,0.0002601413,0
LA_D_4854280,0,0.0008542988,0
LA_D_4871022,0,0.00021183929,0
LA_D_4893461,0,0.0005109451,0
LA_D_4932083,0,0.002431255,0
LA_D_4949629,0,0.00060388603,0
LA_D_4961527,0,0.0017389825,0
LA_D_4965816,0,0.0014628599,0
LA_D_4987822,0,0.00023187051,0
LA_D_5005646,0,0.0007535247,0
LA_D_5014370,0,0.00013838637,0
LA_D_5023844,0,0.00020891476,0
LA_D_5047683,0,0.13751626,0
LA_D_5054607,0,0.00047094224,0
LA_D_5076674,0,0.00024011802,0
LA_D_5079558,0,0.0015470645,0
LA_D_5100382,0,0.003859666,0
LA_D_5149214,0,0.00036051613,0
LA_D_5155418,0,0.00028536527,0
LA_D_5157129,0,0.00061797764,0
LA_D_5173528,0,0.020597255,0
LA_D_5189947,0,0.00031054803,0
LA_D_5199048,0,0.20230605,0
LA_D_5277162,0,0.00017712203,0
LA_D_5279500,0,0.0046581067,0
LA_D_5282843,0,0.00019603102,0
LA_D_5306498,0,0.0011654323,0
LA_D_5339390,0,0.00010353246,0
LA_D_5358232,0,0.0018418115,0
LA_D_5385507,0,0.00018151637,0
LA_D_5392108,0,0.00030323697,0
LA_D_5396335,0,0.0019401265,0
LA_D_5401230,0,0.0015133633,0
LA_D_5402646,0,0.000410959,0
LA_D_5412347,0,0.0006272769,0
LA_D_5427830,0,0.0005934185,0
LA_D_5429622,0,0.00027721786,0
LA_D_5453395,0,0.000200795,0
LA_D_5465575,0,0.0003440388,0
LA_D_5466886,0,0.00035795005,0
LA_D_5483705,0,0.0008516029,0
LA_D_5567932,0,0.0014503442,0
LA_D_5583898,0,0.00028371022,0
LA_D_5597126,0,0.0011229803,0
LA_D_5624856,0,0.00041458535,0
LA_D_5633647,0,0.022621239,0
LA_D_5654371,0,0.00043784498,0
LA_D_5712604,0,0.0001895751,0
LA_D_5727251,0,0.0017027718,0
LA_D_5754462,0,0.00023022646,0
LA_D_5782359,0,0.0026486043,0
LA_D_5847069,0,0.0036513882,0
LA_D_5874196,0,0.00034028915,0
LA_D_5893651,0,0.0003155503,0
LA_D_5903262,0,0.0045499415,0
LA_D_5905554,0,0.0003571357,0
LA_D_5922375,0,0.0002950896,0
LA_D_5957373,0,0.0012629968,0
LA_D_5966088,0,0.0013644269,0
LA_D_5981705,0,0.00014882514,0
LA_D_5992495,0,0.00080239895,0
LA_D_6004323,0,0.00011817078,0
LA_D_6116293,0,0.014561956,0
LA_D_6250024,0,0.0035504776,0
LA_D_6270673,0,0.55594087,1
LA_D_6287077,0,0.0009356755,0
LA_D_6338424,0,0.00027748942,0
LA_D_6338534,0,0.00028246408,0
LA_D_6343112,0,0.0006912084,0
LA_D_6361258,0,0.0011898011,0
LA_D_6413397,0,0.00017943437,0
LA_D_6419157,0,0.0008578218,0
LA_D_6444033,0,0.00052201905,0
LA_D_6495207,0,0.00023451833,0
LA_D_6506104,0,0.00047906226,0
LA_D_6506991,0,0.0006704572,0
LA_D_6516523,0,0.0002668183,0
LA_D_6522419,0,0.00019513309,0
LA_D_6532972,0,0.00041536702,0
LA_D_6574060,0,0.00280191,0
LA_D_6604093,0,0.83012927,1
LA_D_6644343,0,0.0017829956,0
LA_D_6676522,0,0.017974894,0
LA_D_6706248,0,0.00026155615,0
LA_D_6736452,0,0.0005397468,0
LA_D_6759403,0,0.0002608708,0
LA_D_6767768,0,0.0022759864,0
LA_D_6776653,0,0.00026163494,0
LA_D_6804587,0,0.028378528,0
LA_D_6813990,0,0.00055318867,0
LA_D_6828209,0,0.00091849366,0
LA_D_6903783,0,0.0010260786,0
LA_D_6908815,0,0.00057089597,0
LA_D_6920360,0,0.00015677577,0
LA_D_6936936,0,0.00033259252,0
LA_D_6963143,0,0.0013010907,0
LA_D_7023105,0,0.0007825065,0
LA_D_7038318,0,0.011723632,0
LA_D_7063172,0,0.0019400581,0
LA_D_7076522,0,0.0009398292,0
LA_D_7096314,0,0.00049369864,0
LA_D_7097009,0,0.48404488,0
LA_D_7165792,0,0.00045263657,0
LA_D_7173210,0,0.0006266536,0
LA_D_7175689,0,0.0003700742,0
LA_D_7189804,0,0.00027766725,0
LA_D_7194931,0,0.0018131929,0
LA_D_7205609,0,0.08611585,0
LA_D_7244876,0,0.00019563235,0
LA_D_7281015,0,0.034520257,0
LA_D_7302765,0,0.00016662957,0
LA_D_7313906,0,0.00090575847,0
LA_D_7343331,0,0.00024624646,0
LA_D_7346604,0,0.020398308,0
LA_D_7395983,0,0.00015245809,0
LA_D_7454687,0,0.0015580768,0
LA_D_7459319,0,0.12293422,0
LA_D_7464280,0,0.0002682569,0
LA_D_7467996,0,0.00028410458,0
LA_D_7536394,0,0.7714369,1
LA_D_7558312,0,0.00020809093,0
LA_D_7567281,0,0.0002840878,0
LA_D_7611530,0,0.00039087524,0
LA_D_7614935,0,0.0034432784,0
LA_D_7632057,0,0.00118039,0
LA_D_7764203,0,0.00039092146,0
LA_D_7775116,0,0.00046699579,0
LA_D_7803538,0,0.0003177683,0
LA_D_7810535,0,0.008516077,0
LA_D_7824549,0,0.0016564453,0
LA_D_7858791,0,0.006873051,0
LA_D_7901168,0,0.00041264464,0
LA_D_7912035,0,0.00020857084,0
LA_D_7920014,0,0.0009264232,0
LA_D_7996866,0,0.0002779027,0
LA_D_8014808,0,0.0009167547,0
LA_D_8046608,0,0.0043374947,0
LA_D_8051595,0,0.0013756034,0
LA_D_8052749,0,0.00047508042,0
LA_D_8094886,0,0.0004919426,0
LA_D_8106710,0,0.00028321534,0
LA_D_8108942,0,9.4123454e-05,0
LA_D_8137767,0,0.00023092468,0
LA_D_8171758,0,0.00032759024,0
LA_D_8203772,0,0.000385015,0
LA_D_8248087,0,0.014683951,0
LA_D_8286400,0,0.00022714405,0
LA_D_8318742,0,0.00063754537,0
LA_D_8341752,0,0.00059361313,0
LA_D_8361609,0,0.0014000409,0
LA_D_8375726,0,0.0023844629,0
LA_D_8408532,0,0.0006504507,0
LA_D_8432686,0,0.0009135303,0
LA_D_8441935,0,0.00076727633,0
LA_D_8463046,0,0.00039655916,0
LA_D_8468652,0,5.201413e-05,0
LA_D_8524946,0,0.00065461174,0
LA_D_8525388,0,0.00056598085,0
LA_D_8529541,0,0.0020433676,0
LA_D_8534416,0,0.0002821255,0
LA_D_8545409,0,0.000100583275,0
LA_D_8550381,0,0.00089898246,0
LA_D_8563620,0,0.00029547306,0
LA_D_8568773,0,0.00045492136,0
LA_D_8569313,0,0.0012136186,0
LA_D_8638488,0,0.0004250659,0
LA_D_8641456,0,0.0011886741,0
LA_D_8653634,0,0.001081503,0
LA_D_8659185,0,0.00029510845,0
LA_D_8660630,0,0.002370378,0
LA_D_8715386,0,0.0010974873,0
LA_D_8753814,0,0.00027230306,0
LA_D_8764151,0,0.0005025115,0
LA_D_8764848,0,0.00048324687,0
LA_D_8830433,0,0.00075176975,0
LA_D_8870926,0,0.0014040346,0
LA_D_8871612,0,0.00014507721,0
LA_D_8891307,0,0.00062581146,0
LA_D_8894641,0,0.00017766956,0
LA_D_8911365,0,0.0008318483,0
LA_D_8923789,0,0.00026429907,0
LA_D_8934893,0,0.0026668378,0
LA_D_8951313,0,0.0008250602,0
LA_D_8954954,0,0.00048223085,0
LA_D_8964132,0,0.002189948,0
LA_D_8992776,0,0.00079142064,0
LA_D_8992901,0,0.00010235176,0
LA_D_9040314,0,0.00079925876,0
LA_D_9053193,0,0.001045475,0
LA_D_9055271,0,0.00029711114,0
LA_D_9135528,0,0.00025355347,0
LA_D_9149883,0,0.00087914703,0
LA_D_9165269,0,0.00032676084,0
LA_D_9216190,0,0.00016641522,0
LA_D_9241694,0,0.00018684952,0
LA_D_9242631,0,0.00029426083,0
LA_D_9297479,0,0.0006011818,0
LA_D_9314884,0,0.00019401233,0
LA_D_9320180,0,0.0002798372,0
LA_D_9321479,0,0.0006555151,0
LA_D_9351920,0,0.00012622458,0
LA_D_9360287,0,0.00019946648,0
LA_D_9370304,0,0.0006710811,0
LA_D_9436692,0,0.00019538219,0
LA_D_9437172,0,0.00025934362,0
LA_D_9455460,0,0.00015535863,0
LA_D_9469817,0,0.00017817869,0
LA_D_9486895,0,0.00060221006,0
LA_D_9492715,0,0.008398018,0
LA_D_9537226,0,0.00039746444,0
LA_D_9550638,0,0.0033929679,0
LA_D_9552029,0,0.02110085,0
LA_D_9571982,0,0.00081963604,0
LA_D_9582754,0,0.46092692,0
LA_D_9587443,0,0.0011512187,0
LA_D_9625091,0,0.00054706016,0
LA_D_9634003,0,0.00044928823,0
LA_D_9642534,0,0.00012212171,0
LA_D_9650472,0,0.00043302836,0
LA_D_9655429,0,0.00061353797,0
LA_D_9661949,0,0.006873318,0
LA_D_9674319,0,0.0052282237,0
LA_D_9695420,0,0.0006128326,0
LA_D_9729864,0,0.00020822986,0
LA_D_9732908,0,0.00034974873,0
LA_D_9747140,0,0.00020234523,0
LA_D_9770193,0,0.00020065872,0
LA_D_9783307,0,0.029917533,0
LA_D_9798074,0,0.00019268808,0
LA_D_9803207,0,0.029434789,0
LA_D_9890472,0,0.00020097467,0
LA_D_9893649,0,0.000282881,0
LA_D_9902676,0,0.00106809,0
LA_D_9960293,0,0.00093120825,0
LA_D_9979102,0,0.00079200463,0
LA_D_1056202,0,0.00010416981,0
LA_D_1077826,0,9.8999015e-05,0
LA_D_1143649,0,0.00011792123,0
LA_D_1163845,0,0.00015676545,0
LA_D_1185056,0,0.000121340745,0
LA_D_1207487,0,0.00010081297,0
LA_D_1209127,0,3.905453e-05,0
LA_D_1214613,0,0.00021956782,0
LA_D_1220081,0,0.0002736335,0
LA_D_1238000,0,0.0001852858,0
LA_D_1313161,0,0.000129458,0
LA_D_1314331,0,0.00036108677,0
LA_D_1317619,0,0.00013184495,0
LA_D_1335126,0,0.0051310505,0
LA_D_1385720,0,0.00038106446,0
LA_D_1427144,0,0.00076139905,0
LA_D_1435382,0,6.8581736e-05,0
LA_D_1442569,0,0.00013787704,0
LA_D_1450818,0,6.513138e-05,0
LA_D_1489643,0,7.0317474e-05,0
LA_D_1507114,0,0.00021353461,0
LA_D_1522817,0,6.279578e-05,0
LA_D_1538153,0,0.00013910462,0
LA_D_1565624,0,0.000123554,0
LA_D_1601173,0,0.00011840347,0
LA_D_1608618,0,0.00019640633,0
LA_D_1627318,0,0.00015966922,0
LA_D_1638331,0,0.00018145719,0
LA_D_1640462,0,0.00012508451,0
LA_D_1654430,0,0.00010360711,0
LA_D_1685935,0,0.00016421427,0
LA_D_1719910,0,0.00022729895,0
LA_D_1756196,0,0.00035332286,0
LA_D_1782822,0,0.0005906451,0
LA_D_1793582,0,5.2796124e-05,0
LA_D_1793717,0,0.00023689914,0
LA_D_1796893,0,6.563059e-05,0
LA_D_1826419,0,0.0001778567,0
LA_D_1828942,0,7.551267e-05,0
LA_D_1829194,0,0.00023490861,0
LA_D_1863027,0,8.1187754e-05,0
LA_D_1869109,0,7.8551064e-05,0
LA_D_1901107,0,0.00016121865,0
LA_D_1913471,0,0.00019473847,0
LA_D_1950952,0,9.429e-05,0
LA_D_1984022,0,0.00010958463,0
LA_D_1986070,0,0.00028967712,0
LA_D_1988135,0,0.00014582321,0
LA_D_1993571,0,0.00015121688,0
LA_D_2053458,0,0.00016199143,0
LA_D_2055941,0,0.0001718271,0
LA_D_2068861,0,8.251699e-05,0
LA_D_2141182,0,9.389306e-05,0
LA_D_2143569,0,8.5498665e-05,0
LA_D_2169320,0,0.00013846136,0
LA_D_2218413,0,0.00018821617,0
LA_D_2222169,0,0.00020391907,0
LA_D_2239802,0,0.00063841854,0
LA_D_2270021,0,7.7345874e-05,0
LA_D_2281134,0,4.0745526e-05,0
LA_D_2321687,0,0.0001213405,0
LA_D_2367856,0,0.0001261353,0
LA_D_2374395,0,0.00011123375,0
LA_D_2377649,0,0.00016704749,0
LA_D_2397878,0,0.0001450357,0
LA_D_2405764,0,0.0003154366,0
LA_D_2405818,0,0.00021043031,0
LA_D_2421406,0,7.99531e-05,0
LA_D_2434952,0,0.00015725862,0
LA_D_2461796,0,0.00010523813,0
LA_D_2501091,0,0.00025554307,0
LA_D_2532436,0,0.001148559,0
LA_D_2533090,0,0.00012479966,0
LA_D_2534017,0,5.4896023e-05,0
LA_D_2536135,0,0.00016626612,0
LA_D_2599334,0,0.0004408428,0
LA_D_2607786,0,0.0002528736,0
LA_D_2687013,0,8.85385e-05,0
LA_D_2689559,0,0.000430217,0
LA_D_2716141,0,6.1272855e-05,0
LA_D_2723030,0,0.00013472479,0
LA_D_2795179,0,0.00014051146,0
LA_D_2806176,0,0.00015344164,0
LA_D_2814064,0,7.2121555e-05,0
LA_D_2843787,0,4.5653404e-05,0
LA_D_2862944,0,9.8111195e-05,0
LA_D_2871885,0,6.364752e-05,0
LA_D_2904925,0,0.00051664026,0
LA_D_2914361,0,0.00013114355,0
LA_D_2927188,0,9.293902e-05,0
LA_D_2930504,0,5.205929e-05,0
LA_D_2949126,0,0.00011789998,0
LA_D_2974020,0,6.834474e-05,0
LA_D_2978468,0,0.00011752261,0
LA_D_3013510,0,0.00014165833,0
LA_D_3017070,0,7.019782e-05,0
LA_D_3035824,0,0.00029227763,0
LA_D_3059591,0,5.030863e-05,0
LA_D_3107673,0,0.00017604059,0
LA_D_3197582,0,5.60854e-05,0
LA_D_3223665,0,0.00025799853,0
LA_D_3250242,0,0.0016803592,0
LA_D_3312420,0,0.0001718004,0
LA_D_3338235,0,6.868514e-05,0
LA_D_3342204,0,0.0001213773,0
LA_D_3346384,0,0.00014032963,0
LA_D_3380579,0,0.00013876085,0
LA_D_3413972,0,6.695176e-05,0
LA_D_3466262,0,0.00022287382,0
LA_D_3498825,0,0.00017816068,0
LA_D_3503442,0,7.863875e-05,0
LA_D_3617923,0,0.0001556362,0
LA_D_3617996,0,4.864625e-05,0
LA_D_3639430,0,0.0008847303,0
LA_D_3650016,0,7.676926e-05,0
LA_D_3655341,0,0.00014424775,0
LA_D_3667139,0,0.00016078772,0
LA_D_3670090,0,5.916536e-05,0
LA_D_3689557,0,8.968763e-05,0
LA_D_3705919,0,0.0001145383,0
LA_D_3709416,0,0.00014226341,0
LA_D_3714292,0,0.00016568419,0
LA_D_3740108,0,0.0002272281,0
LA_D_3747537,0,4.685479e-05,0
LA_D_3753878,0,4.973939e-05,0
LA_D_3783086,0,0.0001759458,0
LA_D_3789898,0,0.00013669363,0
LA_D_3835818,0,0.00034849194,0
LA_D_3852028,0,0.00011792438,0
LA_D_3872897,0,0.00035512177,0
LA_D_3873657,0,0.00028746462,0
LA_D_3884600,0,0.00016426861,0
LA_D_3894755,0,4.6007815e-05,0
LA_D_3905143,0,0.0019192212,0
LA_D_3909059,0,0.00027598653,0
LA_D_3960577,0,0.00017038452,0
LA_D_3974637,0,0.00023078381,0
LA_D_3984798,0,0.00023875834,0
LA_D_4016544,0,9.243999e-05,0
LA_D_4017582,0,0.0001399253,0
LA_D_4018037,0,0.0002527854,0
LA_D_4063699,0,5.210682e-05,0
LA_D_4069330,0,0.00016299373,0
LA_D_4086358,0,0.00041497126,0
LA_D_4086832,0,0.00018623302,0
LA_D_4098613,0,0.00013527987,0
LA_D_4099040,0,0.0005473638,0
LA_D_4109140,0,0.00019249068,0
LA_D_4125842,0,8.798042e-05,0
LA_D_4141301,0,0.00018527785,0
LA_D_4172528,0,4.9676295e-05,0
LA_D_4173790,0,0.00023907177,0
LA_D_4175322,0,0.00010973008,0
LA_D_4176638,0,5.279814e-05,0
LA_D_4216210,0,0.00027437488,0
LA_D_4234720,0,0.00024470923,0
LA_D_4234795,0,8.908058e-05,0
LA_D_4268211,0,5.927374e-05,0
LA_D_4278292,0,6.9127964e-05,0
LA_D_4291323,0,6.972999e-05,0
LA_D_4312100,0,0.00018675336,0
LA_D_4313841,0,0.00013675244,0
LA_D_4350258,0,5.5855195e-05,0
LA_D_4374905,0,7.907792e-05,0
LA_D_4414319,0,0.00018394411,0
LA_D_4417722,0,0.00067183946,0
LA_D_4418278,0,0.00018659423,0
LA_D_4421512,0,0.0001884949,0
LA_D_4433016,0,0.00037361734,0
LA_D_4465057,0,5.6733006e-05,0
LA_D_4513571,0,0.00012559067,0
LA_D_4513970,0,0.00017257684,0
LA_D_4568645,0,7.15688e-05,0
LA_D_4611194,0,6.1007162e-05,0
LA_D_4625868,0,0.00017804657,0
LA_D_4704169,0,0.00049174717,0
LA_D_4707821,0,0.000120679564,0
LA_D_4751764,0,8.340198e-05,0
LA_D_4786119,0,9.2096496e-05,0
LA_D_4793960,0,9.865307e-05,0
LA_D_4799630,0,0.000329196,0
LA_D_4812073,0,0.00044472804,0
LA_D_4836563,0,0.0001382707,0
LA_D_4864823,0,0.00046712536,0
LA_D_4893034,0,0.00021734415,0
LA_D_4945642,0,7.489949e-05,0
LA_D_4952686,0,0.0002701493,0
LA_D_4955149,0,0.0004733315,0
LA_D_4977984,0,0.00021669484,0
LA_D_4998273,0,0.00012373108,0
LA_D_5004890,0,0.00035556417,0
LA_D_5014481,0,4.1609197e-05,0
LA_D_5015131,0,0.00011286753,0
LA_D_5023923,0,9.530916e-05,0
LA_D_5027993,0,6.0355993e-05,0
LA_D_5061055,0,0.00012101131,0
LA_D_5081541,0,0.00027680423,0
LA_D_5084936,0,0.000117615775,0
LA_D_5088115,0,5.9618003e-05,0
LA_D_5124245,0,9.358869e-05,0
LA_D_5156318,0,0.00031031392,0
LA_D_5169505,0,8.457279e-05,0
LA_D_5172679,0,6.5730805e-05,0
LA_D_5178188,0,0.00028692218,0
LA_D_5203599,0,8.7495915e-05,0
LA_D_5223993,0,6.384217e-05,0
LA_D_5224423,0,0.0011016836,0
LA_D_5229531,0,0.00016086055,0
LA_D_5265219,0,6.498105e-05,0
LA_D_5266670,0,6.256356e-05,0
LA_D_5273134,0,0.00023401219,0
LA_D_5290031,0,0.00013532993,0
LA_D_5296920,0,0.00014969018,0
LA_D_5308438,0,0.00032400433,0
LA_D_5353143,0,9.801311e-05,0
LA_D_5396018,0,8.168959e-05,0
LA_D_5416192,0,0.0004700995,0
LA_D_5448308,0,9.557035e-05,0
LA_D_5477783,0,0.00014192495,0
LA_D_5488567,0,0.00012418971,0
LA_D_5575383,0,0.00012984447,0
LA_D_5593598,0,0.00085872307,0
LA_D_5604381,0,0.00044595197,0
LA_D_5637838,0,0.0001523234,0
LA_D_5639643,0,4.4354143e-05,0
LA_D_5659407,0,0.0002653636,0
LA_D_5666850,0,0.00017963533,0
LA_D_5669850,0,0.00024224531,0
LA_D_5681373,0,0.00021601407,0
LA_D_5727455,0,7.0330556e-05,0
LA_D_5751493,0,4.8616657e-05,0
LA_D_5772283,0,9.2928836e-05,0
LA_D_5783216,0,0.00017346704,0
LA_D_5801266,0,0.0002752387,0
LA_D_5855316,0,0.00015125236,0
LA_D_5857092,0,0.00016582802,0
LA_D_5906128,0,0.00015036827,0
LA_D_5929366,0,0.00017021435,0
LA_D_5985371,0,0.00012334752,0
LA_D_6012767,0,0.00013762944,0
LA_D_6024856,0,2.5556154e-05,0
LA_D_6048939,0,9.0743706e-05,0
LA_D_6126066,0,0.00013202372,0
LA_D_6153760,0,2.9834051e-05,0
LA_D_6175359,0,0.00077584037,0
LA_D_6179396,0,0.00010034626,0
LA_D_6204285,0,0.00024062477,0
LA_D_6204583,0,9.61179e-05,0
LA_D_6217295,0,6.760617e-05,0
LA_D_6243272,0,8.695484e-05,0
LA_D_6279251,0,6.410602e-05,0
LA_D_6333987,0,7.559322e-05,0
LA_D_6392042,0,0.00018292756,0
LA_D_6395470,0,8.411675e-05,0
LA_D_6407386,0,9.369683e-05,0
LA_D_6410203,0,0.00027905684,0
LA_D_6417317,0,9.539736e-05,0
LA_D_6442403,0,0.00010745423,0
LA_D_6447267,0,9.215342e-05,0
LA_D_6463109,0,5.4436234e-05,0
LA_D_6467494,0,0.00016136814,0
LA_D_6521379,0,0.00011795665,0
LA_D_6538074,0,0.00063149683,0
LA_D_6558756,0,0.00017432263,0
LA_D_6636382,0,3.912517e-05,0
LA_D_6672353,0,0.00014741054,0
LA_D_6712765,0,0.0001536371,0
LA_D_6867509,0,0.00018954312,0
LA_D_6903149,0,0.00014247205,0
LA_D_6927439,0,0.0002240038,0
LA_D_6937778,0,9.388975e-05,0
LA_D_6963030,0,8.398243e-05,0
LA_D_6987656,0,0.00011746278,0
LA_D_7015806,0,7.386181e-05,0
LA_D_7050207,0,0.00012890162,0
LA_D_7082425,0,4.2405598e-05,0
LA_D_7094589,0,0.00019161902,0
LA_D_7112212,0,0.00017653477,0
LA_D_7114724,0,4.597917e-05,0
LA_D_7123806,0,0.00031320797,0
LA_D_7135800,0,0.000120166835,0
LA_D_7149179,0,0.00011885504,0
LA_D_7189798,0,0.00029873726,0
LA_D_7194545,0,0.000228712,0
LA_D_7208672,0,6.78309e-05,0
LA_D_7209965,0,0.00016353735,0
LA_D_7227539,0,0.00012175613,0
LA_D_7259561,0,0.00017305897,0
LA_D_7263661,0,4.4805365e-05,0
LA_D_7311292,0,0.00011870146,0
LA_D_7333091,0,0.00013936871,0
LA_D_7379319,0,0.000107891414,0
LA_D_7438591,0,0.008863401,0
LA_D_7463107,0,0.00011464364,0
LA_D_7465910,0,0.00025525308,0
LA_D_7466470,0,9.666067e-05,0
LA_D_7470557,0,0.00020530657,0
LA_D_7472147,0,0.00048250443,0
LA_D_7517169,0,6.393404e-05,0
LA_D_7527533,0,0.00011397937,0
LA_D_7529689,0,0.000264227,0
LA_D_7589265,0,4.5752997e-05,0
LA_D_7654985,0,0.0006603918,0
LA_D_7655713,0,6.3849104e-05,0
LA_D_7684818,0,0.00013302188,0
LA_D_7702354,0,0.00031815874,0
LA_D_7730394,0,5.286832e-05,0
LA_D_7748559,0,0.00019063531,0
LA_D_7770239,0,6.44976e-05,0
LA_D_7778080,0,0.00010214983,0
LA_D_7791744,0,0.00019863446,0
LA_D_7809292,0,5.580664e-05,0
LA_D_7811959,0,8.699565e-05,0
LA_D_7836019,0,0.00010450302,0
LA_D_7895701,0,0.00023176838,0
LA_D_7896354,0,8.7954584e-05,0
LA_D_7907343,0,0.00027051065,0
LA_D_7950260,0,0.00017987342,0
LA_D_7955585,0,0.00032315662,0
LA_D_8014603,0,0.00012714605,0
LA_D_8015183,0,8.798126e-05,0
LA_D_8034132,0,7.6515294e-05,0
LA_D_8037125,0,8.0866244e-05,0
LA_D_8039974,0,0.00039616544,0
LA_D_8064491,0,9.433156e-05,0
LA_D_8100357,0,0.00016342947,0
LA_D_8108933,0,8.7078144e-05,0
LA_D_8110574,0,0.0002745523,0
LA_D_8128686,0,0.00022649288,0
LA_D_8172936,0,0.00010855084,0
LA_D_8178518,0,0.0001956512,0
LA_D_8219863,0,0.00033633562,0
LA_D_8222669,0,6.724379e-05,0
LA_D_8239471,0,0.00021912988,0
LA_D_8307879,0,8.064454e-05,0
LA_D_8333653,0,0.00016064919,0
LA_D_8350299,0,0.0001369833,0
LA_D_8379829,0,0.00012265224,0
LA_D_8391295,0,0.00012004922,0
LA_D_8400463,0,0.00036036767,0
LA_D_8427416,0,0.00048049414,0
LA_D_8456624,0,0.005448915,0
LA_D_8478499,0,0.00013424979,0
LA_D_8519883,0,0.00017282317,0
LA_D_8551569,0,0.0006057018,0
LA_D_8554608,0,5.9645532e-05,0
LA_D_8559630,0,0.00017435687,0
LA_D_8606521,0,0.00027272553,0
LA_D_8623490,0,6.991496e-05,0
LA_D_8635534,0,0.00017498543,0
LA_D_8649051,0,9.896382e-05,0
LA_D_8661001,0,0.00016653046,0
LA_D_8681294,0,0.00027917925,0
LA_D_8703561,0,0.0002036218,0
LA_D_8716288,0,0.00014474585,0
LA_D_8718183,0,0.000570344,0
LA_D_8767551,0,4.9980164e-05,0
LA_D_8798373,0,0.00024952544,0
LA_D_8798382,0,5.4452015e-05,0
LA_D_8807350,0,9.0410394e-05,0
LA_D_8848037,0,8.827976e-05,0
LA_D_8851067,0,0.00052597676,0
LA_D_8862863,0,0.00016316447,0
LA_D_8907174,0,0.00014108985,0
LA_D_8915901,0,5.8332695e-05,0
LA_D_8917253,0,0.00071605836,0
LA_D_8965995,0,0.00010722659,0
LA_D_8977156,0,0.0001217991,0
LA_D_8991757,0,0.00023013516,0
LA_D_9048163,0,7.145907e-05,0
LA_D_9061308,0,8.352797e-05,0
LA_D_9081161,0,0.00018543849,0
LA_D_9147104,0,0.0001353467,0
LA_D_9150514,0,0.00019048867,0
LA_D_9152923,0,0.00012739921,0
LA_D_9156289,0,0.0002404908,0
LA_D_9236386,0,0.0002119595,0
LA_D_9257965,0,9.56184e-05,0
LA_D_9302308,0,0.0002429538,0
LA_D_9316714,0,0.00052870763,0
LA_D_9339036,0,0.0027169022,0
LA_D_9356354,0,0.00015757038,0
LA_D_9389955,0,0.00017992349,0
LA_D_9395637,0,0.00040135422,0
LA_D_9405663,0,0.00024829,0
LA_D_9412084,0,0.00011899044,0
LA_D_9450434,0,0.0005358571,0
LA_D_9454746,0,0.00017988576,0
LA_D_9458104,0,0.00014847518,0
LA_D_9483571,0,0.0001103034,0
LA_D_9484889,0,6.807929e-05,0
LA_D_9553903,0,0.00022663805,0
LA_D_9570497,0,0.00015734442,0
LA_D_9579892,0,0.00017505436,0
LA_D_9645090,0,6.719046e-05,0
LA_D_9645323,0,9.212654e-05,0
LA_D_9663208,0,0.00022945812,0
LA_D_9676744,0,0.00021935065,0
LA_D_9724615,0,0.0002919479,0
LA_D_9749712,0,0.00050010363,0
LA_D_9756382,0,0.00014219464,0
LA_D_9764274,0,9.052167e-05,0
LA_D_9781452,0,0.00037782264,0
LA_D_9798833,0,0.00043870852,0
LA_D_9811562,0,0.00011533488,0
LA_D_9818402,0,0.00016600554,0
LA_D_9822388,0,8.035667e-05,0
LA_D_9846692,0,0.00043727146,0
LA_D_9862810,0,0.00010875692,0
LA_D_9901164,0,0.00018937852,0
LA_D_9903082,0,0.00016129245,0
LA_D_9933229,0,0.00031111643,0
LA_D_9965150,0,7.553311e-05,0
LA_D_9985730,0,9.304366e-05,0
LA_D_1025927,0,0.00013103306,0
LA_D_1070779,0,4.3074884e-05,0
LA_D_1088370,0,0.00023565833,0
LA_D_1091308,0,0.00046186705,0
LA_D_1105378,0,0.00032942393,0
LA_D_1111626,0,0.0001483143,0
LA_D_1114144,0,0.00028871515,0
LA_D_1150161,0,0.00025179464,0
LA_D_1165345,0,2.9445851e-05,0
LA_D_1168433,0,9.3601186e-05,0
LA_D_1195197,0,0.000117969255,0
LA_D_1197810,0,0.00015668341,0
LA_D_1274077,0,0.00014864106,0
LA_D_1296374,0,4.287301e-05,0
LA_D_1354354,0,0.0002560135,0
LA_D_1514602,0,0.000306152,0
LA_D_1519429,0,0.00012943357,0
LA_D_1548278,0,0.000112458525,0
LA_D_1677846,0,0.00014530493,0
LA_D_1683013,0,0.00010872322,0
LA_D_1725978,0,0.00053958944,0
LA_D_1776073,0,0.00019776213,0
LA_D_1848103,0,8.4676816e-05,0
LA_D_1886400,0,0.00012329753,0
LA_D_2016158,0,0.0005763315,0
LA_D_2064757,0,0.00024161882,0
LA_D_2101345,0,0.00021020713,0
LA_D_2115009,0,0.00032565926,0
LA_D_2118489,0,0.00021849127,0
LA_D_2161752,0,0.000148273,0
LA_D_2177055,0,0.00027316847,0
LA_D_2197132,0,0.00025791491,0
LA_D_2239594,0,0.001037725,0
LA_D_2270025,0,0.0003544041,0
LA_D_2314822,0,0.00019689587,0
LA_D_2325645,0,0.00014892877,0
LA_D_2350572,0,0.0001524277,0
LA_D_2361735,0,0.000109566034,0
LA_D_2369381,0,0.00013437298,0
LA_D_2385054,0,0.00046411174,0
LA_D_2399485,0,0.00021818046,0
LA_D_2430078,0,0.00014105784,0
LA_D_2444810,0,0.00017765822,0
LA_D_2449761,0,0.00025304704,0
LA_D_2473428,0,0.00046664118,0
LA_D_2482996,0,0.0001496682,0
LA_D_2494496,0,0.000111956295,0
LA_D_2499979,0,0.00014020845,0
LA_D_2502418,0,0.000161167,0
LA_D_2513024,0,0.003173141,0
LA_D_2545209,0,0.00017458478,0
LA_D_2559493,0,0.00010209073,0
LA_D_2561400,0,0.000101666374,0
LA_D_2615945,0,0.00021672189,0
LA_D_2689404,0,0.002013928,0
LA_D_2696306,0,0.0004586682,0
LA_D_2701856,0,0.0003344032,0
LA_D_2709995,0,0.00048711876,0
LA_D_2715241,0,0.00017481168,0
LA_D_2738222,0,0.0007894382,0
LA_D_2757833,0,0.0005636004,0
LA_D_2837325,0,0.0007620568,0
LA_D_2860670,0,7.4204065e-05,0
LA_D_2872772,0,0.00013377721,0
LA_D_2990459,0,0.00029511718,0
LA_D_3051445,0,5.210359e-05,0
LA_D_3065174,0,0.00020745341,0
LA_D_3085915,0,0.00013803002,0
LA_D_3087575,0,8.6418266e-05,0
LA_D_3087814,0,0.00028633492,0
LA_D_3146791,0,0.0003042128,0
LA_D_3182064,0,7.6271834e-05,0
LA_D_3184170,0,0.00012067392,0
LA_D_3188234,0,0.00027161723,0
LA_D_3207833,0,0.00023641855,0
LA_D_3305165,0,0.0001787632,0
LA_D_3329999,0,0.00017797865,0
LA_D_3387937,0,0.0006147109,0
LA_D_3453232,0,0.00027098096,0
LA_D_3529673,0,0.00044683236,0
LA_D_3554651,0,0.00019472567,0
LA_D_3555349,0,0.00031088188,0
LA_D_3580620,0,7.481391e-05,0
LA_D_3666430,0,0.00013644932,0
LA_D_3689048,0,0.002322146,0
LA_D_3694012,0,0.0004996515,0
LA_D_3725212,0,9.801909e-05,0
LA_D_3738196,0,0.00020110462,0
LA_D_3751233,0,3.701158e-05,0
LA_D_3775288,0,0.00013257818,0
LA_D_3792583,0,0.0001672164,0
LA_D_3795890,0,0.00014552248,0
LA_D_3813018,0,0.00086521474,0
LA_D_3862599,0,0.00024023576,0
LA_D_3884845,0,0.00034559172,0
LA_D_3921032,0,0.0010673851,0
LA_D_3942424,0,0.00174045,0
LA_D_3991910,0,0.00025931172,0
LA_D_4026006,0,0.00018309578,0
LA_D_4061704,0,0.00016643315,0
LA_D_4122895,0,0.0002370415,0
LA_D_4148951,0,0.00024518988,0
LA_D_4213958,0,8.46542e-05,0
LA_D_4254213,0,0.00030887531,0
LA_D_4254629,0,0.00028764884,0
LA_D_4265541,0,0.00014064551,0
LA_D_4308561,0,0.00012966605,0
LA_D_4309636,0,0.00044816284,0
LA_D_4338918,0,0.00016657461,0
LA_D_4344561,0,4.648504e-05,0
LA_D_4388836,0,0.00026075338,0
LA_D_4397256,0,0.0005187246,0
LA_D_4441414,0,0.00016263449,0
LA_D_4442289,0,0.00016824863,0
LA_D_4530557,0,6.759631e-05,0
LA_D_4543139,0,7.005925e-05,0
LA_D_4547626,0,0.0005456364,0
LA_D_4591057,0,4.730555e-05,0
LA_D_4698607,0,0.00018516764,0
LA_D_4725187,0,0.00039386682,0
LA_D_4737267,0,0.00016187578,0
LA_D_4859938,0,0.00013190205,0
LA_D_4860228,0,0.0007824693,0
LA_D_4900313,0,0.00015053582,0
LA_D_4952907,0,0.0007255901,0
LA_D_4961829,0,7.19982e-05,0
LA_D_4966175,0,0.002288477,0
LA_D_4993211,0,0.00027781527,0
LA_D_5046909,0,8.218489e-05,0
LA_D_5052184,0,0.00020152655,0
LA_D_5058489,0,0.00015960589,0
LA_D_5076123,0,9.312258e-05,0
LA_D_5077681,0,0.0001975032,0
LA_D_5126998,0,0.00020102544,0
LA_D_5147912,0,0.00037372243,0
LA_D_5216508,0,0.00041373653,0
LA_D_5216823,0,0.0012897667,0
LA_D_5265768,0,0.00033988518,0
LA_D_5271956,0,0.00022344897,0
LA_D_5276027,0,0.00031237124,0
LA_D_5357932,0,8.289136e-05,0
LA_D_5437115,0,0.000416197,0
LA_D_5456457,0,0.0011979208,0
LA_D_5485139,0,0.0002199236,0
LA_D_5486734,0,0.00011411945,0
LA_D_5498432,0,7.410804e-05,0
LA_D_5502789,0,0.000395225,0
LA_D_5548039,0,0.0006378298,0
LA_D_5553386,0,0.0001553219,0
LA_D_5607232,0,0.0001537643,0
LA_D_5683175,0,9.865401e-05,0
LA_D_5704173,0,0.00019538293,0
LA_D_5751531,0,4.0122646e-05,0
LA_D_5849620,0,6.6403285e-05,0
LA_D_5853595,0,0.00035116865,0
LA_D_5858013,0,3.8838185e-05,0
LA_D_5918268,0,0.00076142524,0
LA_D_5918480,0,0.0004167171,0
LA_D_5934239,0,0.00016601283,0
LA_D_5940340,0,0.00023788781,0
LA_D_5952895,0,0.00023060388,0
LA_D_5991891,0,0.00038139735,0
LA_D_6009636,0,0.00043088268,0
LA_D_6035108,0,0.00058749877,0
LA_D_6087781,0,0.00011632751,0
LA_D_6124472,0,8.014095e-05,0
LA_D_6165551,0,0.00016496569,0
LA_D_6180201,0,0.0002650162,0
LA_D_6253995,0,9.968495e-05,0
LA_D_6271904,0,0.00016615249,0
LA_D_6322470,0,0.00017573251,0
LA_D_6363189,0,0.0003945335,0
LA_D_6365603,0,0.00022218468,0
LA_D_6379749,0,5.475643e-05,0
LA_D_6423611,0,0.00019209832,0
LA_D_6424276,0,0.00017217743,0
LA_D_6435266,0,0.00011602628,0
LA_D_6463589,0,0.0002433609,0
LA_D_6474870,0,0.000120690034,0
LA_D_6606839,0,0.00025187052,0
LA_D_6633566,0,6.4880376e-05,0
LA_D_6642678,0,0.005724289,0
LA_D_6666182,0,0.00016167817,0
LA_D_6707722,0,6.959686e-05,0
LA_D_6813740,0,0.00019630222,0
LA_D_6859973,0,0.001074492,0
LA_D_6948552,0,0.00013714393,0
LA_D_6962147,0,0.00025770353,0
LA_D_6978904,0,0.0003438549,0
LA_D_7043976,0,0.00018087435,0
LA_D_7067028,0,0.00011202784,0
LA_D_7100242,0,0.00018433282,0
LA_D_7120318,0,0.010886434,0
LA_D_7135654,0,0.00019139463,0
LA_D_7170139,0,0.0013336672,0
LA_D_7189435,0,0.0003099198,0
LA_D_7193344,0,0.0001850612,0
LA_D_7228303,0,0.00018705986,0
LA_D_7256748,0,7.464438e-05,0
LA_D_7298589,0,3.7847072e-05,0
LA_D_7299439,0,0.0010257132,0
LA_D_7325586,0,0.00020618307,0
LA_D_7355604,0,8.113529e-05,0
LA_D_7360950,0,6.1284605e-05,0
LA_D_7402503,0,0.0003617014,0
LA_D_7411256,0,0.00026254627,0
LA_D_7430939,0,0.00035126612,0
LA_D_7436720,0,0.0001245943,0
LA_D_7469397,0,0.00027576403,0
LA_D_7487831,0,0.00039275776,0
LA_D_7501132,0,0.0001177502,0
LA_D_7529532,0,0.00019473347,0
LA_D_7575803,0,0.000107887194,0
LA_D_7620039,0,0.00035491228,0
LA_D_7628615,0,0.00017830309,0
LA_D_7652023,0,0.0002307706,0
LA_D_7664721,0,0.00031591905,0
LA_D_7672778,0,0.00018745947,0
LA_D_7720647,0,0.00023480067,0
LA_D_7738175,0,0.00041829114,0
LA_D_7742793,0,0.0019209557,0
LA_D_7794367,0,0.00018888118,0
LA_D_7794776,0,2.1824862e-05,0
LA_D_7834454,0,0.00014502036,0
LA_D_7874436,0,7.4869284e-05,0
LA_D_7877117,0,7.7032826e-05,0
LA_D_7882779,0,0.00013769492,0
LA_D_7901691,0,0.0004934526,0
LA_D_7957664,0,0.0009327222,0
LA_D_7964973,0,0.00020275541,0
LA_D_7990145,0,0.00023279624,0
LA_D_8008446,0,0.00034331076,0
LA_D_8012683,0,0.00013105404,0
LA_D_8022264,0,0.002504697,0
LA_D_8038151,0,0.00059697655,0
LA_D_8043094,0,0.00014770137,0
LA_D_8069736,0,0.00044337186,0
LA_D_8076952,0,0.00025006608,0
LA_D_8088423,0,7.590425e-05,0
LA_D_8113627,0,0.0009439016,0
LA_D_8126699,0,0.00017985316,0
LA_D_8155157,0,0.00075041124,0
LA_D_8229090,0,0.00037515056,0
LA_D_8259778,0,0.00031198372,0
LA_D_8259798,0,0.0001382583,0
LA_D_8260717,0,0.00058355374,0
LA_D_8284400,0,0.00020642151,0
LA_D_8382417,0,0.0013436805,0
LA_D_8389167,0,0.00021165355,0
LA_D_8407147,0,0.00019817815,0
LA_D_8407252,0,0.00025857083,0
LA_D_8440240,0,0.00011983511,0
LA_D_8459341,0,0.00023230667,0
LA_D_8470242,0,0.00034842087,0
LA_D_8486261,0,0.0003712863,0
LA_D_8508542,0,0.00019710342,0
LA_D_8516649,0,0.000107715015,0
LA_D_8537694,0,0.00011887783,0
LA_D_8557721,0,0.00017619978,0
LA_D_8576711,0,0.00016655729,0
LA_D_8609765,0,6.904212e-05,0
LA_D_8668147,0,0.0019582708,0
LA_D_8713999,0,0.00011243055,0
LA_D_8724573,0,0.0018234574,0
LA_D_8791416,0,0.0001844633,0
LA_D_8840275,0,0.00032839103,0
LA_D_8850840,0,0.00011364673,0
LA_D_8866986,0,0.00016008905,0
LA_D_8890967,0,0.00010925784,0
LA_D_8911190,0,7.0945825e-05,0
LA_D_9044209,0,5.6068446e-05,0
LA_D_9120091,0,0.0008179024,0
LA_D_9121380,0,8.836087e-05,0
LA_D_9125336,0,0.00019011345,0
LA_D_9196227,0,0.00012501166,0
LA_D_9197432,0,0.0002674912,0
LA_D_9235322,0,0.0011340119,0
LA_D_9238626,0,0.0002975945,0
LA_D_9288877,0,0.0001496582,0
LA_D_9304694,0,0.00027224363,0
LA_D_9326060,0,9.704709e-05,0
LA_D_9348134,0,0.00033581018,0
LA_D_9372553,0,0.00015027596,0
LA_D_9399909,0,5.821683e-05,0
LA_D_9419011,0,0.00012759543,0
LA_D_9428145,0,0.00012591238,0
LA_D_9462541,0,0.00016163517,0
LA_D_9507060,0,0.00020360705,0
LA_D_9535689,0,0.0003426519,0
LA_D_9538442,0,0.00041170008,0
LA_D_9553419,0,0.00023173612,0
LA_D_9642966,0,5.2528805e-05,0
LA_D_9660901,0,0.00039616466,0
LA_D_9731600,0,7.861266e-05,0
LA_D_9751873,0,0.00027311663,0
LA_D_9758752,0,0.00012867528,0
LA_D_9763964,0,0.00015779606,0
LA_D_9769587,0,6.407076e-05,0
LA_D_9779377,0,0.00020858437,0
LA_D_9781045,0,0.00046104184,0
LA_D_9805942,0,0.00027410817,0
LA_D_9818011,0,0.00023572752,0
LA_D_9880830,0,8.710655e-05,0
LA_D_9887916,0,0.0001437858,0
LA_D_9888937,0,7.4767544e-05,0
LA_D_9918902,0,0.0002421938,0
LA_D_9958640,0,6.514424e-05,0
LA_D_9978941,0,0.00028511861,0
LA_D_1005592,0,0.00022101248,0
LA_D_1017104,0,0.00010008023,0
LA_D_1071228,0,9.2782466e-05,0
LA_D_1089739,0,0.00043545078,0
LA_D_1119673,0,0.00014795833,0
LA_D_1123797,0,8.539062e-05,0
LA_D_1138261,0,0.00027616028,0
LA_D_1184930,0,6.0472197e-05,0
LA_D_1194428,0,0.00036998038,0
LA_D_1235178,0,8.540675e-05,0
LA_D_1236265,0,0.000110149114,0
LA_D_1271546,0,8.9079396e-05,0
LA_D_1298389,0,0.0002898451,0
LA_D_1304868,0,0.0001647475,0
LA_D_1315293,0,0.00013365736,0
LA_D_1324364,0,0.00038557954,0
LA_D_1416914,0,0.00010049796,0
LA_D_1419805,0,3.4981498e-05,0
LA_D_1432926,0,8.3613966e-05,0
LA_D_1452190,0,0.00037861735,0
LA_D_1462753,0,0.00012047926,0
LA_D_1483747,0,0.00020881597,0
LA_D_1500142,0,8.840393e-05,0
LA_D_1524995,0,0.0016111549,0
LA_D_1662418,0,0.0001417371,0
LA_D_1664723,0,5.9175632e-05,0
LA_D_1672244,0,0.000332865,0
LA_D_1679777,0,6.7020366e-05,0
LA_D_1709196,0,0.00013751177,0
LA_D_1752633,0,0.00024331753,0
LA_D_1761574,0,6.546021e-05,0
LA_D_1784041,0,0.000116462026,0
LA_D_1842681,0,0.00015244573,0
LA_D_1856279,0,8.997461e-05,0
LA_D_1872403,0,0.00036924996,0
LA_D_1874306,0,5.194949e-05,0
LA_D_1895641,0,7.8263954e-05,0
LA_D_1940643,0,9.819001e-05,0
LA_D_1947826,0,0.00019320802,0
LA_D_2040400,0,7.125826e-05,0
LA_D_2053619,0,0.00021076686,0
LA_D_2055633,0,0.00013864553,0
LA_D_2058117,0,0.00026463394,0
LA_D_2078823,0,9.264296e-05,0
LA_D_2090075,0,0.000117782896,0
LA_D_2094128,0,0.0003169916,0
LA_D_2108473,0,0.00010826264,0
LA_D_2121290,0,0.00030736654,0
LA_D_2155552,0,0.00025609188,0
LA_D_2177857,0,0.0002211923,0
LA_D_2187583,0,0.0001691504,0
LA_D_2188055,0,9.5406904e-05,0
LA_D_2197517,0,8.918624e-05,0
LA_D_2251028,0,0.000114726645,0
LA_D_2256955,0,0.00013478876,0
LA_D_2258916,0,0.00017026628,0
LA_D_2273809,0,9.059628e-05,0
LA_D_2320593,0,0.00016895906,0
LA_D_2325262,0,7.240388e-05,0
LA_D_2327064,0,0.00089694443,0
LA_D_2336355,0,5.5144566e-05,0
LA_D_2339979,0,9.835324e-05,0
LA_D_2348570,0,0.00022492876,0
LA_D_2359956,0,0.00014661516,0
LA_D_2365570,0,0.00012910938,0
LA_D_2408058,0,6.836104e-05,0
LA_D_2466743,0,0.00021539687,0
LA_D_2511400,0,0.00010811635,0
LA_D_2513311,0,0.00049935485,0
LA_D_2525166,0,8.318379e-05,0
LA_D_2526953,0,0.00018135652,0
LA_D_2536374,0,8.53579e-05,0
LA_D_2549595,0,7.098257e-05,0
LA_D_2554799,0,0.00036646271,0
LA_D_2573708,0,0.00088611804,0
LA_D_2583177,0,0.00030973725,0
LA_D_2590592,0,2.9295834e-05,0
LA_D_2606185,0,0.00020131796,0
LA_D_2609934,0,0.0002943043,0
LA_D_2634577,0,0.00015281161,0
LA_D_2655716,0,0.07390033,0
LA_D_2704448,0,0.0002815655,0
LA_D_2757626,0,6.929237e-05,0
LA_D_2810400,0,0.000104968625,0
LA_D_2819802,0,0.00025616953,0
LA_D_2848309,0,5.772328e-05,0
LA_D_2882142,0,0.0002138486,0
LA_D_2919295,0,0.000103676,0
LA_D_2928353,0,0.00025741474,0
LA_D_2949136,0,5.0604598e-05,0
LA_D_2952257,0,0.00019976836,0
LA_D_3010217,0,6.93356e-05,0
LA_D_3022940,0,0.00032734298,0
LA_D_3037806,0,0.00050063117,0
LA_D_3055189,0,0.00048421102,0
LA_D_3059743,0,3.58718e-05,0
LA_D_3067081,0,6.154182e-05,0
LA_D_3113480,0,0.0003227979,0
LA_D_3147303,0,0.0004952829,0
LA_D_3160896,0,0.00012353537,0
LA_D_3165418,0,3.8432056e-05,0
LA_D_3184710,0,0.00037172408,0
LA_D_3194471,0,0.00034065885,0
LA_D_3237813,0,0.00027681244,0
LA_D_3255851,0,0.00012699048,0
LA_D_3274443,0,0.0007400372,0
LA_D_3333538,0,0.0001204347,0
LA_D_3336409,0,0.00016112521,0
LA_D_3340917,0,0.00016562134,0
LA_D_3342540,0,0.00019400126,0
LA_D_3345119,0,9.878693e-05,0
LA_D_3369880,0,9.558412e-05,0
LA_D_3451614,0,0.0001904558,0
LA_D_3453583,0,0.00010248674,0
LA_D_3473084,0,5.602494e-05,0
LA_D_3513996,0,0.000110470144,0
LA_D_3522504,0,0.00022819707,0
LA_D_3543525,0,0.00012503717,0
LA_D_3563525,0,9.257284e-05,0
LA_D_3565784,0,8.3251165e-05,0
LA_D_3604092,0,6.906004e-05,0
LA_D_3643393,0,0.00019881674,0
LA_D_3682617,0,0.00013189713,0
LA_D_3690238,0,0.00011378965,0
LA_D_3693927,0,0.00016473194,0
LA_D_3724557,0,0.00013473789,0
LA_D_3727131,0,0.00043839205,0
LA_D_3747721,0,0.00014794423,0
LA_D_3762352,0,3.884259e-05,0
LA_D_3762413,0,0.00017730554,0
LA_D_3795957,0,0.00013258273,0
LA_D_3833530,0,0.00023138618,0
LA_D_3841427,0,0.0001671348,0
LA_D_3844016,0,0.00011423823,0
LA_D_3853070,0,0.00019366636,0
LA_D_3858259,0,9.046791e-05,0
LA_D_3864466,0,0.00014155584,0
LA_D_3878565,0,0.00014919898,0
LA_D_3887071,0,7.797321e-05,0
LA_D_3907775,0,0.000101808415,0
LA_D_3912535,0,6.8429006e-05,0
LA_D_3971907,0,0.00065574946,0
LA_D_4015028,0,0.00021946213,0
LA_D_4019149,0,9.8890996e-05,0
LA_D_4044179,0,0.0001475461,0
LA_D_4077010,0,0.00011332372,0
LA_D_4078062,0,8.488143e-05,0
LA_D_4087578,0,0.00010710294,0
LA_D_4119669,0,8.551065e-05,0
LA_D_4196841,0,0.00035025357,0
LA_D_4204929,0,0.00020621021,0
LA_D_4216338,0,5.321993e-05,0
LA_D_4225586,0,5.6905308e-05,0
LA_D_4271111,0,0.0001840555,0
LA_D_4330957,0,0.00016535215,0
LA_D_4351186,0,0.00027278092,0
LA_D_4369287,0,0.00017260166,0
LA_D_4371162,0,5.039343e-05,0
LA_D_4372097,0,0.00093699415,0
LA_D_4392498,0,7.504047e-05,0
LA_D_4421919,0,0.00035400057,0
LA_D_4435369,0,0.00022118597,0
LA_D_4473107,0,7.1999995e-05,0
LA_D_4473772,0,0.00011101503,0
LA_D_4476636,0,0.0012011988,0
LA_D_4511459,0,5.8547088e-05,0
LA_D_4517588,0,0.00024584695,0
LA_D_4522076,0,0.0001082682,0
LA_D_4547827,0,0.00027416516,0
LA_D_4548848,0,5.4180702e-05,0
LA_D_4549046,0,5.1935174e-05,0
LA_D_4552949,0,0.00025451844,0
LA_D_4556350,0,0.00019383799,0
LA_D_4560028,0,4.519536e-05,0
LA_D_4589938,0,0.00013569742,0
LA_D_4647925,0,7.036865e-05,0
LA_D_4677050,0,9.889721e-05,0
LA_D_4677377,0,7.058715e-05,0
LA_D_4692792,0,9.794742e-05,0
LA_D_4722390,0,7.209377e-05,0
LA_D_4726412,0,3.8333703e-05,0
LA_D_4759329,0,0.000257415,0
LA_D_4769411,0,0.0001775996,0
LA_D_4815771,0,0.00019050503,0
LA_D_4835175,0,0.00037278337,0
LA_D_4878294,0,0.00012943456,0
LA_D_4884849,0,3.736459e-05,0
LA_D_4948187,0,9.644318e-05,0
LA_D_4983386,0,0.00018842463,0
LA_D_4988682,0,0.00014562756,0
LA_D_4990524,0,0.000154442,0
LA_D_5092281,0,0.0033642151,0
LA_D_5104889,0,0.0010051985,0
LA_D_5107370,0,9.3648596e-05,0
LA_D_5116107,0,0.00012868707,0
LA_D_5132318,0,2.8896828e-05,0
LA_D_5163704,0,7.233845e-05,0
LA_D_5196824,0,0.0003417994,0
LA_D_5264237,0,0.0002338857,0
LA_D_5284683,0,7.625103e-05,0
LA_D_5294702,0,0.00011884791,0
LA_D_5308837,0,9.385816e-05,0
LA_D_5319328,0,0.002036772,0
LA_D_5320629,0,5.9174563e-05,0
LA_D_5333215,0,6.702734e-05,0
LA_D_5346392,0,0.0002710621,0
LA_D_5349000,0,0.00011397308,0
LA_D_5381348,0,7.635625e-05,0
LA_D_5386355,0,0.00011875049,0
LA_D_5423506,0,0.00015754018,0
LA_D_5502502,0,0.000110072244,0
LA_D_5516998,0,0.000121616904,0
LA_D_5542812,0,4.128017e-05,0
LA_D_5549392,0,0.0002620816,0
LA_D_5551300,0,0.00015892614,0
LA_D_5560341,0,7.0179674e-05,0
LA_D_5592243,0,0.0003032037,0
LA_D_5597425,0,0.00034331603,0
LA_D_5604504,0,8.132289e-05,0
LA_D_5611758,0,0.00026059384,0
LA_D_5622113,0,0.00020517665,0
LA_D_5635812,0,7.862931e-05,0
LA_D_5638131,0,0.0003611009,0
LA_D_5644863,0,0.00012658015,0
LA_D_5646947,0,0.00019433744,0
LA_D_5649166,0,0.0001033617,0
LA_D_5650071,0,0.00026675954,0
LA_D_5698354,0,0.00047916864,0
LA_D_5728145,0,0.00011922465,0
LA_D_5737821,0,0.00022330733,0
LA_D_5766266,0,0.00012585752,0
LA_D_5802470,0,0.00012663279,0
LA_D_5809161,0,0.0007588826,0
LA_D_5922608,0,8.55193e-05,0
LA_D_5972807,0,0.00015182457,0
LA_D_5972863,0,9.1067224e-05,0
LA_D_5985773,0,6.062133e-05,0
LA_D_5999948,0,3.741251e-05,0
LA_D_6064950,0,0.00011742649,0
LA_D_6073336,0,0.00013752107,0
LA_D_6121830,0,0.00036486858,0
LA_D_6126930,0,0.00027138583,0
LA_D_6137882,0,0.00021167332,0
LA_D_6145183,0,0.00015586283,0
LA_D_6192981,0,0.0002645391,0
LA_D_6210899,0,0.00061197224,0
LA_D_6238691,0,0.0002894847,0
LA_D_6250547,0,6.7546556e-05,0
LA_D_6325513,0,0.00017576435,0
LA_D_6370946,0,8.741951e-05,0
LA_D_6412057,0,0.00039157303,0
LA_D_6438449,0,3.1897438e-05,0
LA_D_6444645,0,0.00033246414,0
LA_D_6445805,0,6.250863e-05,0
LA_D_6454007,0,5.3120646e-05,0
LA_D_6502788,0,0.00027428125,0
LA_D_6519360,0,7.880587e-05,0
LA_D_6533276,0,0.00012726795,0
LA_D_6578873,0,0.0001726132,0
LA_D_6584339,0,0.00029866208,0
LA_D_6603129,0,0.00018519006,0
LA_D_6615635,0,4.2212578e-05,0
LA_D_6647057,0,0.000107166685,0
LA_D_6671090,0,0.00023792798,0
LA_D_6715407,0,0.00035327335,0
LA_D_6719481,0,0.00014433925,0
LA_D_6739250,0,0.00022488546,0
LA_D_6743731,0,0.00010405445,0
LA_D_6757219,0,0.00018109525,0
LA_D_6768882,0,7.603705e-05,0
LA_D_6783067,0,0.0002827629,0
LA_D_6797077,0,8.559998e-05,0
LA_D_6817962,0,0.00022453858,0
LA_D_6843783,0,7.4497664e-05,0
LA_D_6876570,0,8.623708e-05,0
LA_D_6938333,0,0.0001567384,0
LA_D_6997711,0,0.000104637635,0
LA_D_7002448,0,0.00015715069,0
LA_D_7060794,0,0.00059022306,0
LA_D_7068603,0,9.9629564e-05,0
LA_D_7079905,0,8.677137e-05,0
LA_D_7083743,0,0.00017429968,0
LA_D_7096702,0,7.834221e-05,0
LA_D_7107378,0,0.00019994995,0
LA_D_7110350,0,0.0003188386,0
LA_D_7112173,0,0.00010146909,0
LA_D_7137251,0,0.00012766894,0
LA_D_7155130,0,2.1034206e-05,0
LA_D_7160941,0,0.0002427593,0
LA_D_7190149,0,5.0049945e-05,0
LA_D_7194318,0,0.0005906738,0
LA_D_7195145,0,6.2829975e-05,0
LA_D_7221029,0,0.11294953,0
LA_D_7234853,0,0.00021481705,0
LA_D_7236553,0,3.5903766e-05,0
LA_D_7241235,0,8.72522e-05,0
LA_D_7266503,0,0.00020373601,0
LA_D_7274033,0,6.7637186e-05,0
LA_D_7282121,0,0.0001343325,0
LA_D_7283042,0,0.0013685498,0
LA_D_7301396,0,0.00036591358,0
LA_D_7337144,0,0.00013028178,0
LA_D_7359279,0,0.0001728095,0
LA_D_7364828,0,0.00017457496,0
LA_D_7402167,0,0.0002791284,0
LA_D_7466534,0,7.425588e-05,0
LA_D_7469833,0,8.974701e-05,0
LA_D_7482154,0,0.00019188086,0
LA_D_7493771,0,0.00020788527,0
LA_D_7522206,0,0.00023120425,0
LA_D_7543487,0,3.4732984e-05,0
LA_D_7553595,0,6.0778373e-05,0
LA_D_7553690,0,9.576467e-05,0
LA_D_7572414,0,7.958637e-05,0
LA_D_7575804,0,0.00013795134,0
LA_D_7601300,0,7.013438e-05,0
LA_D_7619301,0,0.0007916009,0
LA_D_7628765,0,0.00023611667,0
LA_D_7641817,0,0.00024182946,0
LA_D_7671320,0,8.284379e-05,0
LA_D_7744640,0,0.00027377647,0
LA_D_7745958,0,0.0013276271,0
LA_D_7751409,0,0.0006485336,0
LA_D_7754254,0,8.842535e-05,0
LA_D_7766160,0,0.0002703925,0
LA_D_7806845,0,8.377701e-05,0
LA_D_7817451,0,9.592351e-05,0
LA_D_7848216,0,0.00014628364,0
LA_D_7865668,0,9.9665944e-05,0
LA_D_7880550,0,0.00035405625,0
LA_D_7900417,0,0.00018351874,0
LA_D_7944104,0,0.00030761663,0
LA_D_7965354,0,0.00017833301,0
LA_D_8005673,0,0.00017494407,0
LA_D_8008070,0,0.0002953784,0
LA_D_8034675,0,0.00024798574,0
LA_D_8077746,0,0.0003056189,0
LA_D_8086986,0,0.00010663763,0
LA_D_8124456,0,0.00014478946,0
LA_D_8149746,0,0.00031188468,0
LA_D_8151843,0,0.00028947258,0
LA_D_8155810,0,5.0328883e-05,0
LA_D_8172857,0,0.0001712053,0
LA_D_8183663,0,0.00026524244,0
LA_D_8220630,0,4.564431e-05,0
LA_D_8344758,0,0.0001228052,0
LA_D_8358680,0,0.0008919605,0
LA_D_8365140,0,0.00016111216,0
LA_D_8373134,0,0.00016153132,0
LA_D_8408092,0,5.266749e-05,0
LA_D_8411257,0,7.533041e-05,0
LA_D_8412782,0,0.0002765244,0
LA_D_8441726,0,0.00013963474,0
LA_D_8462223,0,0.00012355529,0
LA_D_8466822,0,0.00014648827,0
LA_D_8493812,0,0.00018941483,0
LA_D_8495778,0,0.00012935585,0
LA_D_8541558,0,6.078301e-05,0
LA_D_8569874,0,0.0003792173,0
LA_D_8572723,0,0.00017657298,0
LA_D_8586748,0,9.904227e-05,0
LA_D_8617975,0,0.00020198995,0
LA_D_8651574,0,0.0001722372,0
LA_D_8654167,0,0.0004440672,0
LA_D_8655579,0,0.00013247128,0
LA_D_8686332,0,7.272849e-05,0
LA_D_8691764,0,8.539112e-05,0
LA_D_8695868,0,0.00036870406,0
LA_D_8714770,0,0.00017101377,0
LA_D_8714999,0,6.0208888e-05,0
LA_D_8792415,0,0.000112009046,0
LA_D_8793112,0,0.00018623979,0
LA_D_8926176,0,6.6793735e-05,0
LA_D_8951929,0,8.880926e-05,0
LA_D_8975144,0,0.00014750334,0
LA_D_9078703,0,0.00040525536,0
LA_D_9082615,0,0.00036123962,0
LA_D_9090962,0,0.00010755183,0
LA_D_9120912,0,0.0003172876,0
LA_D_9141931,0,0.00012200694,0
LA_D_9162826,0,0.00019455567,0
LA_D_9214389,0,7.827276e-05,0
LA_D_9254571,0,5.5547433e-05,0
LA_D_9270459,0,0.00031956472,0
LA_D_9283838,0,9.914894e-05,0
LA_D_9286223,0,5.1958308e-05,0
LA_D_9318537,0,0.00011805297,0
LA_D_9347029,0,0.00012083708,0
LA_D_9350453,0,0.00027080814,0
LA_D_9362885,0,0.00021186171,0
LA_D_9415159,0,0.00034431904,0
LA_D_9479212,0,0.000105943946,0
LA_D_9500532,0,0.000100058096,0
LA_D_9504776,0,0.029024776,0
LA_D_9508280,0,0.00013692597,0
LA_D_9512282,0,0.0001630497,0
LA_D_9541853,0,0.00023448523,0
LA_D_9554955,0,7.2831484e-05,0
LA_D_9587491,0,9.1056274e-05,0
LA_D_9641664,0,0.0010344322,0
LA_D_9656378,0,9.585786e-05,0
LA_D_9664614,0,6.636075e-05,0
LA_D_9669521,0,0.00014391144,0
LA_D_9702949,0,0.0001320547,0
LA_D_9704152,0,0.00019864448,0
LA_D_9715643,0,0.00013002363,0
LA_D_9785400,0,9.1009744e-05,0
LA_D_9811495,0,8.67367e-05,0
LA_D_9821568,0,5.34273e-05,0
LA_D_9844896,0,0.00028408074,0
LA_D_9880739,0,0.0006243156,0
LA_D_9884237,0,9.2469076e-05,0
LA_D_9954215,0,0.00015953241,0
LA_D_9997481,0,0.00042468312,0
LA_D_1014313,0,0.00014689291,0
LA_D_1024828,0,0.0055323015,0
LA_D_1042957,0,0.0003765738,0
LA_D_1071755,0,0.00014027477,0
LA_D_1077260,0,0.74539274,1
LA_D_1099918,0,0.0002256987,0
LA_D_1116049,0,0.00019253475,0
LA_D_1126375,0,0.0014490354,0
LA_D_1127824,0,0.00032208962,0
LA_D_1132441,0,0.0009257155,0
LA_D_1180208,0,0.00020918943,0
LA_D_1204522,0,0.00014981297,0
LA_D_1207010,0,0.00036257174,0
LA_D_1233437,0,0.00030079897,0
LA_D_1240926,0,0.0007954506,0
LA_D_1251239,0,6.565795e-05,0
LA_D_1267409,0,0.0022957898,0
LA_D_1285082,0,7.170795e-05,0
LA_D_1352376,0,0.00025396238,0
LA_D_1384883,0,0.00016717913,0
LA_D_1426626,0,0.0003088962,0
LA_D_1434059,0,0.012562511,0
LA_D_1441868,0,0.0006631264,0
LA_D_1452163,0,0.00023617521,0
LA_D_1500944,0,0.0002816761,0
LA_D_1512410,0,0.00018403464,0
LA_D_1513571,0,0.00019517998,0
LA_D_1518705,0,0.00033058895,0
LA_D_1535257,0,0.0010387894,0
LA_D_1553232,0,0.00014480411,0
LA_D_1553263,0,0.00015226152,0
LA_D_1569272,0,0.0001804874,0
LA_D_1575988,0,0.0004843209,0
LA_D_1579120,0,0.00023877539,0
LA_D_1601204,0,8.351141e-05,0
LA_D_1638191,0,0.00021902063,0
LA_D_1638389,0,0.00020086029,0
LA_D_1670814,0,0.005460178,0
LA_D_1751935,0,0.00012603804,0
LA_D_1759072,0,0.0001854767,0
LA_D_1809228,0,0.0011404977,0
LA_D_1812790,0,0.00011564288,0
LA_D_1861177,0,0.00060303084,0
LA_D_1978644,0,0.00027318043,0
LA_D_1987685,0,0.00040141275,0
LA_D_2024850,0,0.0016907854,0
LA_D_2043551,0,7.746028e-05,0
LA_D_2043751,0,0.00095305307,0
LA_D_2057469,0,0.00016744617,0
LA_D_2058715,0,0.00048950047,0
LA_D_2081076,0,0.00018483371,0
LA_D_2085107,0,0.00034836805,0
LA_D_2095161,0,0.00027348663,0
LA_D_2119575,0,0.00033316662,0
LA_D_2155597,0,0.0015870725,0
LA_D_2156358,0,0.00019442623,0
LA_D_2177130,0,0.00019608934,0
LA_D_2180081,0,0.00037034173,0
LA_D_2187146,0,0.00015885948,0
LA_D_2218719,0,0.00020124983,0
LA_D_2224413,0,0.00031540892,0
LA_D_2281393,0,0.0003499882,0
LA_D_2287659,0,0.00033581303,0
LA_D_2288437,0,0.0006133357,0
LA_D_2291030,0,0.0044479994,0
LA_D_2320491,0,0.00022172462,0
LA_D_2381849,0,0.00033913946,0
LA_D_2393251,0,0.00013913315,0
LA_D_2419226,0,0.00028833005,0
LA_D_2428132,0,0.00052957115,0
LA_D_2464440,0,0.00026042145,0
LA_D_2503748,0,8.407489e-05,0
LA_D_2519550,0,0.00055563956,0
LA_D_2531153,0,0.00020295232,0
LA_D_2534355,0,0.00012342389,0
LA_D_2691767,0,8.880647e-05,0
LA_D_2694236,0,0.0005840941,0
LA_D_2710357,0,0.0003620243,0
LA_D_2762751,0,0.0010624081,0
LA_D_2808783,0,8.849385e-05,0
LA_D_2818034,0,0.00024712234,0
LA_D_2869657,0,0.0027453077,0
LA_D_2903866,0,0.0010903426,0
LA_D_2939027,0,0.0001885242,0
LA_D_2943864,0,0.00024252354,0
LA_D_2950963,0,0.00019761208,0
LA_D_2959991,0,0.00013817594,0
LA_D_2973320,0,0.00033272797,0
LA_D_2976593,0,0.00013814708,0
LA_D_2999920,0,0.0006446698,0
LA_D_3053759,0,0.0062697628,0
LA_D_3055355,0,0.017829724,0
LA_D_3061231,0,0.00014946255,0
LA_D_3165119,0,0.00079706137,0
LA_D_3192893,0,0.00019680803,0
LA_D_3249889,0,0.0013265566,0
LA_D_3260017,0,0.00026440193,0
LA_D_3262004,0,0.002134099,0
LA_D_3275650,0,0.0002027245,0
LA_D_3280997,0,0.00017612033,0
LA_D_3297516,0,0.000100121186,0
LA_D_3297875,0,0.0003667654,0
LA_D_3324145,0,0.00021453665,0
LA_D_3330227,0,0.00010657846,0
LA_D_3332389,0,0.00035041056,0
LA_D_3397300,0,0.0005331778,0
LA_D_3408868,0,0.00024496415,0
LA_D_3424132,0,0.00019690637,0
LA_D_3446499,0,0.0008264993,0
LA_D_3449245,0,0.00015368455,0
LA_D_3453122,0,0.00023728547,0
LA_D_3475079,0,0.00029737555,0
LA_D_3480390,0,0.00041982837,0
LA_D_3514423,0,0.0011427586,0
LA_D_3562518,0,0.000111775385,0
LA_D_3595306,0,0.00019664071,0
LA_D_3626249,0,0.0002704673,0
LA_D_3630332,0,0.002739554,0
LA_D_3632818,0,0.0006196012,0
LA_D_3645061,0,0.00076118077,0
LA_D_3656100,0,0.0006430333,0
LA_D_3662597,0,0.00025252454,0
LA_D_3690818,0,0.00011598988,0
LA_D_3695181,0,0.00032965737,0
LA_D_3701347,0,0.00049722794,0
LA_D_3706611,0,0.00052721804,0
LA_D_3708066,0,8.857895e-05,0
LA_D_3715432,0,0.00015161379,0
LA_D_3716647,0,0.017926024,0
LA_D_3761840,0,0.0002014224,0
LA_D_3768134,0,0.0003855498,0
LA_D_3803199,0,0.0012386303,0
LA_D_3809615,0,0.0001705321,0
LA_D_3845345,0,0.00013683853,0
LA_D_3859553,0,5.8553007e-05,0
LA_D_3866706,0,6.6070286e-05,0
LA_D_3901587,0,0.00019543714,0
LA_D_3903524,0,0.0002963445,0
LA_D_3928545,0,0.00018311427,0
LA_D_3945330,0,0.00026161052,0
LA_D_3977795,0,0.000119040385,0
LA_D_3991143,0,0.00012740855,0
LA_D_4022595,0,0.0001801513,0
LA_D_4047883,0,0.00021686555,0
LA_D_4052518,0,0.0013469683,0
LA_D_4073912,0,0.00018298652,0
LA_D_4118240,0,0.00025442042,0
LA_D_4134557,0,0.0005692768,0
LA_D_4140180,0,0.0003355337,0
LA_D_4195410,0,0.0029576663,0
LA_D_4195724,0,8.48824e-05,0
LA_D_4230421,0,0.00026672773,0
LA_D_4249396,0,0.00047663494,0
LA_D_4277404,0,0.00058289553,0
LA_D_4344378,0,0.00014553512,0
LA_D_4350681,0,0.00025583486,0
LA_D_4362776,0,0.00013744124,0
LA_D_4382023,0,0.0011895417,0
LA_D_4418208,0,0.00014361177,0
LA_D_4427787,0,0.00025671258,0
LA_D_4429694,0,0.00040156275,0
LA_D_4495277,0,0.00061882456,0
LA_D_4546830,0,0.00024620723,0
LA_D_4548869,0,0.00017494023,0
LA_D_4581852,0,0.00012220978,0
LA_D_4582489,0,0.001329653,0
LA_D_4651240,0,0.1646293,0
LA_D_4663597,0,0.0016708751,0
LA_D_4727007,0,0.00013765044,0
LA_D_4813632,0,0.00037593284,0
LA_D_4827346,0,7.085199e-05,0
LA_D_4830689,0,0.00029589335,0
LA_D_4857310,0,0.00060602115,0
LA_D_4862951,0,0.0014575786,0
LA_D_4882559,0,0.00032113362,0
LA_D_4886495,0,0.00022568408,0
LA_D_4894867,0,0.00018460653,0
LA_D_4904445,0,0.007070926,0
LA_D_4909424,0,0.00025892854,0
LA_D_4929736,0,0.0012003318,0
LA_D_4954650,0,0.00020058682,0
LA_D_4958419,0,0.0010755745,0
LA_D_4977848,0,0.00016015561,0
LA_D_5005076,0,0.0015142558,0
LA_D_5020488,0,0.0002066586,0
LA_D_5023157,0,0.0007796677,0
LA_D_5025305,0,0.01337576,0
LA_D_5031733,0,8.29498e-05,0
LA_D_5051294,0,8.168336e-05,0
LA_D_5055459,0,0.0005137635,0
LA_D_5067672,0,0.00022658985,0
LA_D_5071522,0,0.00014648365,0
LA_D_5082183,0,0.00019902764,0
LA_D_5155475,0,0.00043994692,0
LA_D_5211419,0,0.00024310671,0
LA_D_5227264,0,9.142501e-05,0
LA_D_5265620,0,0.00036429855,0
LA_D_5307657,0,0.06540483,0
LA_D_5324080,0,0.0030572426,0
LA_D_5343035,0,0.000105778796,0
LA_D_5351581,0,0.00011365281,0
LA_D_5375653,0,0.00016308017,0
LA_D_5419690,0,0.00035418218,0
LA_D_5435775,0,8.395808e-05,0
LA_D_5449144,0,0.00024228389,0
LA_D_5456397,0,0.00015335022,0
LA_D_5486499,0,8.677989e-05,0
LA_D_5499548,0,0.00029106578,0
LA_D_5511906,0,0.00014145032,0
LA_D_5556334,0,0.00014502961,0
LA_D_5559484,0,0.00011443142,0
LA_D_5572135,0,0.00014081056,0
LA_D_5597462,0,0.0006526495,0
LA_D_5620876,0,0.00030474633,0
LA_D_5690035,0,0.00026693457,0
LA_D_5695216,0,0.0008449137,0
LA_D_5731634,0,0.000107221065,0
LA_D_5746299,0,0.0030034035,0
LA_D_5762971,0,0.0006295984,0
LA_D_5771020,0,9.93458e-05,0
LA_D_5798354,0,9.45852e-05,0
LA_D_5813802,0,0.0010805175,0
LA_D_5820162,0,0.00060125516,0
LA_D_5877103,0,0.00024267225,0
LA_D_5886006,0,0.00027533763,0
LA_D_5893528,0,0.00018937927,0
LA_D_5900571,0,0.00032339548,0
LA_D_5922624,0,0.0001449052,0
LA_D_5980821,0,0.0009001284,0
LA_D_5981504,0,0.00076541264,0
LA_D_5991239,0,0.00041940072,0
LA_D_5992391,0,0.00013391148,0
LA_D_6051390,0,9.584964e-05,0
LA_D_6055777,0,0.0004539207,0
LA_D_6103075,0,8.8929344e-05,0
LA_D_6148702,0,0.0002080316,0
LA_D_6183192,0,0.00032935923,0
LA_D_6224665,0,0.00022666896,0
LA_D_6248846,0,0.00013733748,0
LA_D_6320069,0,0.00016741951,0
LA_D_6325752,0,0.00020674059,0
LA_D_6338202,0,0.00033679124,0
LA_D_6385051,0,0.00018480729,0
LA_D_6431598,0,0.04698755,0
LA_D_6434621,0,0.000109008084,0
LA_D_6435873,0,0.00047316373,0
LA_D_6455523,0,0.00024994166,0
LA_D_6459893,0,9.422466e-05,0
LA_D_6507332,0,0.00019363737,0
LA_D_6576867,0,0.00033645012,0
LA_D_6579123,0,0.0016510778,0
LA_D_6590293,0,0.00011386031,0
LA_D_6608085,0,0.38397527,0
LA_D_6627826,0,0.00010992981,0
LA_D_6639256,0,0.0001891151,0
LA_D_6671110,0,0.005059722,0
LA_D_6711995,0,0.0005221863,0
LA_D_6736176,0,0.00021662602,0
LA_D_6738030,0,0.0005064015,0
LA_D_6739491,0,0.00025235076,0
LA_D_6761882,0,0.0002815338,0
LA_D_6770341,0,0.00026140432,0
LA_D_6787159,0,0.028362352,0
LA_D_6794211,0,2.6666294e-05,0
LA_D_6843214,0,0.000102884864,0
LA_D_6905996,0,0.00042776662,0
LA_D_6934686,0,0.00017276451,0
LA_D_6972399,0,0.0010817297,0
LA_D_6980039,0,0.00023610881,0
LA_D_6989900,0,0.0025137486,0
LA_D_7000460,0,0.00026453834,0
LA_D_7020889,0,0.00032906703,0
LA_D_7055163,0,0.000110801826,0
LA_D_7065907,0,0.00012717357,0
LA_D_7086011,0,0.00013395387,0
LA_D_7106954,0,0.00028026308,0
LA_D_7165290,0,9.98323e-05,0
LA_D_7212013,0,0.4034028,0
LA_D_7213976,0,0.003219588,0
LA_D_7241320,0,0.00017785736,0
LA_D_7244084,0,0.45030338,0
LA_D_7251773,0,0.00026612545,0
LA_D_7263049,0,0.00019037284,0
LA_D_7274110,0,0.00055229734,0
LA_D_7339211,0,0.00024099555,0
LA_D_7347960,0,0.0011128867,0
LA_D_7353591,0,0.00014697545,0
LA_D_7364593,0,0.0032755483,0
LA_D_7364715,0,0.00076807156,0
LA_D_7364775,0,0.00024656596,0
LA_D_7371799,0,0.0004432079,0
LA_D_7379658,0,0.00025697483,0
LA_D_7436563,0,0.0010358859,0
LA_D_7455901,0,0.00056842936,0
LA_D_7466193,0,0.00032692318,0
LA_D_7469644,0,7.64108e-05,0
LA_D_7473314,0,0.0002144847,0
LA_D_7501739,0,0.00028407315,0
LA_D_7510281,0,0.00021312678,0
LA_D_7546063,0,0.0033814847,0
LA_D_7549490,0,0.00078145514,0
LA_D_7559634,0,0.00044034634,0
LA_D_7561273,0,0.00023626712,0
LA_D_7568100,0,0.00032564005,0
LA_D_7568924,0,0.0020208517,0
LA_D_7584539,0,0.00066943245,0
LA_D_7588309,0,0.00023204743,0
LA_D_7589575,0,0.00014997291,0
LA_D_7604149,0,0.0003866968,0
LA_D_7612335,0,0.00026684167,0
LA_D_7616407,0,0.00026782628,0
LA_D_7618104,0,0.00020112513,0
LA_D_7624614,0,0.00018393043,0
LA_D_7641129,0,0.0233274,0
LA_D_7679409,0,5.9905462e-05,0
LA_D_7688209,0,0.00013854138,0
LA_D_7736821,0,0.00023407735,0
LA_D_7747325,0,0.007471802,0
LA_D_7763773,0,0.00017992417,0
LA_D_7777990,0,0.0001646338,0
LA_D_7789669,0,0.0072872075,0
LA_D_7826586,0,0.0004144439,0
LA_D_7867247,0,0.0062703635,0
LA_D_7878571,0,0.0001587762,0
LA_D_7883693,0,0.0030085223,0
LA_D_7896038,0,0.00065253815,0
LA_D_7916660,0,0.00034474046,0
LA_D_7975929,0,0.0012123534,0
LA_D_8019844,0,0.00023989743,0
LA_D_8021684,0,0.00023372941,0
LA_D_8066851,0,0.0001795677,0
LA_D_8067296,0,0.00022499525,0
LA_D_8145707,0,0.00046167252,0
LA_D_8166206,0,0.00014719367,0
LA_D_8189800,0,6.495801e-05,0
LA_D_8223907,0,0.000117222655,0
LA_D_8377721,0,0.00012170901,0
LA_D_8381732,0,0.0009963514,0
LA_D_8397584,0,0.0003369441,0
LA_D_8400151,0,0.00027759868,0
LA_D_8404786,0,0.000205152,0
LA_D_8407994,0,0.00027517992,0
LA_D_8425598,0,8.5471765e-05,0
LA_D_8441455,0,0.0019290851,0
LA_D_8444582,0,0.0012969385,0
LA_D_8451983,0,0.00025566955,0
LA_D_8453906,0,0.00028597427,0
LA_D_8455038,0,0.0006590375,0
LA_D_8512431,0,0.00027805587,0
LA_D_8539909,0,9.194995e-05,0
LA_D_8607868,0,0.0002164491,0
LA_D_8630547,0,0.0008119982,0
LA_D_8746689,0,0.00017695558,0
LA_D_8748091,0,0.00032110914,0
LA_D_8803755,0,0.00022267734,0
LA_D_8834933,0,0.0005644875,0
LA_D_8835410,0,0.0001809713,0
LA_D_8971479,0,0.00016293312,0
LA_D_9009537,0,0.0011373601,0
LA_D_9020983,0,0.00023306586,0
LA_D_9063327,0,0.00014656901,0
LA_D_9076043,0,0.00033950043,0
LA_D_9097623,0,0.00010323198,0
LA_D_9111668,0,0.00013233694,0
LA_D_9119517,0,0.0011467509,0
LA_D_9125753,0,0.0009806234,0
LA_D_9139002,0,0.00061886,0
LA_D_9154330,0,0.00012906938,0
LA_D_9221112,0,0.00019692836,0
LA_D_9235965,0,0.0003198049,0
LA_D_9264463,0,0.00022462015,0
LA_D_9266794,0,0.0002382819,0
LA_D_9274003,0,0.00045530053,0
LA_D_9309838,0,0.0012811268,0
LA_D_9310754,0,0.00018008448,0
LA_D_9310915,0,0.000467537,0
LA_D_9320646,0,0.00034990645,0
LA_D_9337409,0,0.004345116,0
LA_D_9345795,0,0.000559163,0
LA_D_9350724,0,0.00011667032,0
LA_D_9370379,0,0.0007089397,0
LA_D_9390364,0,0.0002515837,0
LA_D_9397192,0,0.00014895319,0
LA_D_9404750,0,7.117344e-05,0
LA_D_9432782,0,0.0005442345,0
LA_D_9450813,0,0.0008621049,0
LA_D_9482843,0,0.00010615611,0
LA_D_9516319,0,0.00017051975,0
LA_D_9559812,0,0.0003707501,0
LA_D_9566212,0,0.00067205273,0
LA_D_9575353,0,0.001052354,0
LA_D_9577784,0,0.00045368538,0
LA_D_9581568,0,0.0002599967,0
LA_D_9592014,0,0.0012912663,0
LA_D_9609696,0,0.00034224286,0
LA_D_9620080,0,0.00021117661,0
LA_D_9626019,0,0.00019752732,0
LA_D_9644765,0,0.0003079297,0
LA_D_9659478,0,0.00030607232,0
LA_D_9683064,0,0.00020801477,0
LA_D_9707162,0,6.7176494e-05,0
LA_D_9750571,0,0.00042545545,0
LA_D_9786256,0,0.00019960957,0
LA_D_9796040,0,0.00013211137,0
LA_D_9796666,0,5.525796e-05,0
LA_D_9813329,0,0.00017074803,0
LA_D_9842978,0,0.00033800618,0
LA_D_9852879,0,0.00015808732,0
LA_D_9872744,0,0.0006063944,0
LA_D_9904937,0,0.0012281277,0
LA_D_9935871,0,0.0002040564,0
LA_D_9947633,0,8.923039e-05,0
LA_D_9974425,0,0.00013461844,0
LA_D_9987214,0,0.00031896328,0
LA_D_1006800,0,0.0005790659,0
LA_D_1012014,0,0.00054301013,0
LA_D_1023711,0,0.00096779986,0
LA_D_1025449,0,0.0003239222,0
LA_D_1035630,0,0.00021024862,0
LA_D_1079849,0,0.0005605607,0
LA_D_1108554,0,0.0005983118,0
LA_D_1130654,0,0.0003442613,0
LA_D_1145380,0,0.0005782662,0
LA_D_1208021,0,0.00078278995,0
LA_D_1209033,0,0.0004127985,0
LA_D_1217334,0,0.0005801199,0
LA_D_1269105,0,0.00022827498,0
LA_D_1274877,0,0.00065911724,0
LA_D_1279846,0,0.0004913761,0
LA_D_1292057,0,0.0006837721,0
LA_D_1320213,0,0.00015424684,0
LA_D_1348965,0,0.00011325231,0
LA_D_1366945,0,0.00043584447,0
LA_D_1436550,0,0.0004004114,0
LA_D_1501900,0,0.0009127055,0
LA_D_1522057,0,0.000398754,0
LA_D_1523950,0,0.00035123865,0
LA_D_1546505,0,0.000485712,0
LA_D_1548926,0,0.0007106436,0
LA_D_1611094,0,0.000596964,0
LA_D_1611432,0,0.0007622957,0
LA_D_1646348,0,3.818812e-05,0
LA_D_1648315,0,0.000510059,0
LA_D_1750429,0,0.0012931777,0
LA_D_1797066,0,0.0009565937,0
LA_D_1807177,0,0.00028032053,0
LA_D_1832856,0,0.00026794197,0
LA_D_1842604,0,0.00022935226,0
LA_D_1844790,0,0.00056157936,0
LA_D_1847022,0,0.0012458838,0
LA_D_1865058,0,0.0002554963,0
LA_D_1872889,0,0.0003270772,0
LA_D_1902802,0,0.0006677865,0
LA_D_1919402,0,0.0003270803,0
LA_D_1922687,0,0.00033970346,0
LA_D_1930419,0,0.00027210635,0
LA_D_1935485,0,0.0005417436,0
LA_D_1992558,0,0.0004519174,0
LA_D_2007592,0,0.00028205127,0
LA_D_2019701,0,0.0012279805,0
LA_D_2020826,0,0.00045834438,0
LA_D_2047629,0,0.0003485112,0
LA_D_2097708,0,0.0014500099,0
LA_D_2139474,0,0.0006309915,0
LA_D_2151504,0,0.0006823621,0
LA_D_2152857,0,0.00042559902,0
LA_D_2183722,0,0.000363718,0
LA_D_2186964,0,0.00034240438,0
LA_D_2188096,0,0.00046127615,0
LA_D_2222274,0,0.00015448898,0
LA_D_2268116,0,0.00016993348,0
LA_D_2319550,0,0.00057767343,0
LA_D_2322438,0,0.0005853095,0
LA_D_2348890,0,0.0001000144,0
LA_D_2352067,0,0.00013969892,0
LA_D_2423661,0,0.0003791042,0
LA_D_2448863,0,0.0008420178,0
LA_D_2450840,0,0.0007758988,0
LA_D_2465175,0,0.00013999858,0
LA_D_2478813,0,0.0003426898,0
LA_D_2487709,0,0.0009960704,0
LA_D_2505463,0,0.00039093042,0
LA_D_2510943,0,0.00043153914,0
LA_D_2592787,0,0.00080482254,0
LA_D_2599634,0,0.000218886,0
LA_D_2607679,0,0.00027095742,0
LA_D_2609846,0,0.00021604045,0
LA_D_2622698,0,0.0009859961,0
LA_D_2630833,0,0.00053802563,0
LA_D_2642614,0,0.00018213078,0
LA_D_2643367,0,0.00042243014,0
LA_D_2685215,0,0.00033177325,0
LA_D_2716524,0,0.00055203255,0
LA_D_2719044,0,0.00024859744,0
LA_D_2720865,0,0.0016328575,0
LA_D_2728017,0,0.00025579563,0
LA_D_2742223,0,0.00027119598,0
LA_D_2752289,0,0.00035902282,0
LA_D_2752681,0,0.00032518894,0
LA_D_2797968,0,0.00011575144,0
LA_D_2799771,0,0.0007058231,0
LA_D_2829043,0,0.0006742564,0
LA_D_2843055,0,0.00045000788,0
LA_D_2864582,0,0.00022567976,0
LA_D_2909530,0,0.0011788202,0
LA_D_2927394,0,0.0003893902,0
LA_D_2936455,0,0.0003946776,0
LA_D_2965424,0,0.0009618917,0
LA_D_2967557,0,0.00079611863,0
LA_D_2968028,0,0.00030905587,0
LA_D_2973812,0,0.0008611165,0
LA_D_2980255,0,0.0034092178,0
LA_D_2982910,0,0.00037671314,0
LA_D_2995459,0,0.00042230453,0
LA_D_2996775,0,0.0008160512,0
LA_D_3017713,0,0.0005497857,0
LA_D_3019903,0,0.00032490818,0
LA_D_3042444,0,0.00037336347,0
LA_D_3056222,0,0.000509239,0
LA_D_3057668,0,0.00030718755,0
LA_D_3057702,0,0.00030355164,0
LA_D_3094082,0,0.00044591457,0
LA_D_3110337,0,0.00046154406,0
LA_D_3118678,0,0.0003394522,0
LA_D_3163312,0,0.00047639874,0
LA_D_3164458,0,0.00083990395,0
LA_D_3171467,0,0.00022404948,0
LA_D_3201750,0,0.0012170033,0
LA_D_3221717,0,0.000563544,0
LA_D_3329914,0,0.0005891164,0
LA_D_3344406,0,0.0004454952,0
LA_D_3355442,0,0.00039771572,0
LA_D_3401379,0,0.0002461291,0
LA_D_3405729,0,0.00096946734,0
LA_D_3422520,0,0.0004612155,0
LA_D_3427617,0,0.0009870807,0
LA_D_3449140,0,0.0010518939,0
LA_D_3477092,0,0.0009570751,0
LA_D_3502803,0,0.0011104245,0
LA_D_3512866,0,0.00075212016,0
LA_D_3537247,0,0.0006613787,0
LA_D_3543461,0,0.0005608861,0
LA_D_3549631,0,0.0006147701,0
LA_D_3554128,0,0.00063500274,0
LA_D_3582014,0,0.00041499935,0
LA_D_3615597,0,0.00061122264,0
LA_D_3625471,0,0.00053303904,0
LA_D_3663959,0,0.0004631774,0
LA_D_3698117,0,0.00017677716,0
LA_D_3765254,0,0.00038284683,0
LA_D_3785568,0,0.00042534433,0
LA_D_3894830,0,0.00018880915,0
LA_D_3930731,0,0.000568767,0
LA_D_3981572,0,0.0004235951,0
LA_D_3987112,0,0.0003563793,0
LA_D_3997475,0,0.00018519149,0
LA_D_4017002,0,0.0010591854,0
LA_D_4046737,0,0.0005399779,0
LA_D_4060180,0,0.0007233794,0
LA_D_4064534,0,0.00031416587,0
LA_D_4094835,0,0.00080307433,0
LA_D_4096967,0,0.00059476617,0
LA_D_4138511,0,0.00014985184,0
LA_D_4157090,0,0.00024539756,0
LA_D_4193062,0,0.0002671441,0
LA_D_4195166,0,0.00030437755,0
LA_D_4258684,0,0.00031379858,0
LA_D_4263714,0,0.0004498479,0
LA_D_4269408,0,0.0002902768,0
LA_D_4269851,0,0.00047659042,0
LA_D_4275044,0,0.00023037464,0
LA_D_4288746,0,0.0009315624,0
LA_D_4317915,0,0.00030653054,0
LA_D_4321631,0,0.0005663041,0
LA_D_4345392,0,0.00037466342,0
LA_D_4356469,0,0.0013489659,0
LA_D_4390393,0,0.00016297647,0
LA_D_4407342,0,0.00024915414,0
LA_D_4422392,0,0.00015835633,0
LA_D_4449687,0,0.00039282817,0
LA_D_4450602,0,0.00039752017,0
LA_D_4506176,0,0.00014412856,0
LA_D_4516474,0,0.0008564146,0
LA_D_4520907,0,0.00031835385,0
LA_D_4547450,0,0.00095060276,0
LA_D_4593014,0,0.00045727126,0
LA_D_4632562,0,0.00040624864,0
LA_D_4681916,0,0.00070818467,0
LA_D_4702787,0,0.00027956892,0
LA_D_4746899,0,0.000266195,0
LA_D_4816337,0,0.00035763963,0
LA_D_4845926,0,0.0005100527,0
LA_D_4847812,0,0.00030652992,0
LA_D_4848911,0,0.00019052536,0
LA_D_4884397,0,0.0008238589,0
LA_D_4918910,0,0.00046495747,0
LA_D_4927338,0,0.0003148186,0
LA_D_4936646,0,0.0007066079,0
LA_D_4954418,0,0.00028043814,0
LA_D_4954625,0,0.0012188781,0
LA_D_4955851,0,0.00011985614,0
LA_D_4977382,0,0.00026307747,0
LA_D_4990214,0,0.0007550329,0
LA_D_5007950,0,0.00038155445,0
LA_D_5057411,0,0.0062496816,0
LA_D_5057482,0,0.0008072128,0
LA_D_5071649,0,0.0038595523,0
LA_D_5078657,0,0.00061241805,0
LA_D_5100984,0,0.00081404974,0
LA_D_5117078,0,0.00051111757,0
LA_D_5137247,0,0.00045830765,0
LA_D_5167358,0,0.0017379962,0
LA_D_5168359,0,0.00022243588,0
LA_D_5187561,0,0.00036106782,0
LA_D_5221028,0,0.00033843116,0
LA_D_5229781,0,0.00030388375,0
LA_D_5236826,0,0.00034331862,0
LA_D_5276272,0,0.0006705103,0
LA_D_5276348,0,0.00066254963,0
LA_D_5292683,0,0.00032124142,0
LA_D_5436589,0,0.0003307579,0
LA_D_5439979,0,0.00039649074,0
LA_D_5454134,0,0.00021628737,0
LA_D_5482436,0,0.00031666958,0
LA_D_5483976,0,0.00089814083,0
LA_D_5505633,0,0.0002616754,0
LA_D_5545759,0,0.00033646036,0
LA_D_5577571,0,0.0014078988,0
LA_D_5614734,0,0.00052255124,0
LA_D_5636826,0,0.000616178,0
LA_D_5673238,0,0.0004910769,0
LA_D_5685884,0,0.00039190543,0
LA_D_5709308,0,0.00031625896,0
LA_D_5759815,0,0.000278259,0
LA_D_5762299,0,0.00046834216,0
LA_D_5766454,0,0.0006273844,0
LA_D_5782011,0,0.00023802575,0
LA_D_5808364,0,0.00043371416,0
LA_D_5827672,0,0.00036753263,0
LA_D_5856267,0,0.00040501475,0
LA_D_5865882,0,0.0003072075,0
LA_D_5872228,0,0.00029555475,0
LA_D_5885744,0,0.00090609334,0
LA_D_5902944,0,0.00016259805,0
LA_D_5926820,0,0.0001686502,0
LA_D_5940073,0,0.00019530302,0
LA_D_5946805,0,0.0004332402,0
LA_D_5978963,0,0.00036504047,0
LA_D_5996963,0,0.00038049632,0
LA_D_6046242,0,0.000558764,0
LA_D_6063723,0,0.00072577747,0
LA_D_6065963,0,0.00058884866,0
LA_D_6069206,0,0.0008882382,0
LA_D_6087332,0,0.0004465122,0
LA_D_6100859,0,0.00021781486,0
LA_D_6114427,0,0.0007028402,0
LA_D_6119277,0,0.00023489293,0
LA_D_6190101,0,0.00039515874,0
LA_D_6245395,0,0.00035706593,0
LA_D_6261869,0,0.00023495923,0
LA_D_6316752,0,0.0006474313,0
LA_D_6322857,0,0.00026499547,0
LA_D_6347272,0,0.0008967172,0
LA_D_6350790,0,0.00034115478,0
LA_D_6357050,0,0.00047748027,0
LA_D_6380073,0,0.0004349604,0
LA_D_6382632,0,0.0009938163,0
LA_D_6388697,0,0.0002899352,0
LA_D_6416726,0,0.00020538607,0
LA_D_6426747,0,0.00039806205,0
LA_D_6464823,0,0.00024200337,0
LA_D_6547634,0,0.00025899717,0
LA_D_6579258,0,0.0005585201,0
LA_D_6611831,0,0.00042853755,0
LA_D_6634974,0,0.00043208993,0
LA_D_6637278,0,0.00081497955,0
LA_D_6640366,0,0.00066904404,0
LA_D_6641057,0,0.00036908945,0
LA_D_6655351,0,0.0005550764,0
LA_D_6657787,0,0.0005175121,0
LA_D_6659080,0,9.059153e-05,0
LA_D_6693854,0,0.00091078214,0
LA_D_6742189,0,0.00032644448,0
LA_D_6754279,0,0.00021432992,0
LA_D_6779582,0,0.00034197705,0
LA_D_6791686,0,0.00027118123,0
LA_D_6863787,0,0.00039465202,0
LA_D_6942133,0,0.00046787094,0
LA_D_6978561,0,0.0006517016,0
LA_D_6992037,0,0.00018158407,0
LA_D_6992646,0,0.0007897286,0
LA_D_7011066,0,0.00022486872,0
LA_D_7040944,0,0.00034322438,0
LA_D_7062833,0,0.0004589652,0
LA_D_7073459,0,0.00042902725,0
LA_D_7079669,0,0.0015058151,0
LA_D_7114286,0,0.00039148907,0
LA_D_7134088,0,0.00020595222,0
LA_D_7148970,0,0.00026825894,0
LA_D_7189764,0,0.000570994,0
LA_D_7197109,0,0.00031084838,0
LA_D_7224276,0,0.00022495579,0
LA_D_7245490,0,0.0004840315,0
LA_D_7247122,0,0.00040063402,0
LA_D_7278229,0,0.0008516653,0
LA_D_7282553,0,0.00030344547,0
LA_D_7292017,0,0.0005931708,0
LA_D_7294657,0,0.00071596005,0
LA_D_7298360,0,0.00017054609,0
LA_D_7298575,0,0.0004136762,0
LA_D_7321528,0,0.0020665564,0
LA_D_7330214,0,0.00020828545,0
LA_D_7389105,0,0.0013789508,0
LA_D_7389214,0,0.00077798957,0
LA_D_7431097,0,0.00034524334,0
LA_D_7433073,0,0.0008472266,0
LA_D_7438406,0,0.00030947043,0
LA_D_7468734,0,0.0013264732,0
LA_D_7471100,0,0.0008325446,0
LA_D_7473457,0,0.00028227188,0
LA_D_7506436,0,0.00015529375,0
LA_D_7516822,0,0.0003135719,0
LA_D_7603416,0,0.00029999303,0
LA_D_7603542,0,0.00021098099,0
LA_D_7641950,0,0.00031641006,0
LA_D_7645919,0,0.0004798744,0
LA_D_7672869,0,0.0003491231,0
LA_D_7719872,0,0.0004969006,0
LA_D_7721596,0,0.00036167624,0
LA_D_7756164,0,0.00039805786,0
LA_D_7757696,0,0.00031040536,0
LA_D_7762795,0,0.00028644197,0
LA_D_7795590,0,0.00041164042,0
LA_D_7827140,0,0.00027202544,0
LA_D_7864914,0,0.00025180014,0
LA_D_7884980,0,0.00017591374,0
LA_D_7892127,0,0.00035776477,0
LA_D_7892153,0,0.0007403891,0
LA_D_7977494,0,0.0004702178,0
LA_D_8014046,0,0.00042112058,0
LA_D_8020639,0,0.0003342671,0
LA_D_8051493,0,0.000942128,0
LA_D_8083306,0,0.00041415516,0
LA_D_8119054,0,0.00015457459,0
LA_D_8157473,0,0.0004194675,0
LA_D_8233126,0,0.00032108065,0
LA_D_8266916,0,0.0005441381,0
LA_D_8278845,0,0.0001956068,0
LA_D_8317299,0,0.00055528386,0
LA_D_8350505,0,0.00023942922,0
LA_D_8352772,0,0.00062507886,0
LA_D_8379927,0,0.0003348591,0
LA_D_8407631,0,0.0007131511,0
LA_D_8408616,0,0.00020191545,0
LA_D_8429596,0,0.00027456458,0
LA_D_8433350,0,0.00028353118,0
LA_D_8442719,0,0.00018507073,0
LA_D_8504203,0,0.00044588905,0
LA_D_8509886,0,0.0015237515,0
LA_D_8512928,0,0.00012635789,0
LA_D_8527649,0,0.00042019712,0
LA_D_8550461,0,0.0004797459,0
LA_D_8605944,0,0.0001589651,0
LA_D_8636102,0,0.00037368073,0
LA_D_8655950,0,0.00052336475,0
LA_D_8703309,0,0.00041603358,0
LA_D_8704683,0,0.00027409982,0
LA_D_8714203,0,0.0004325053,0
LA_D_8737938,0,0.0002463747,0
LA_D_8746101,0,0.0012352208,0
LA_D_8749485,0,0.00040540993,0
LA_D_8752562,0,0.005676652,0
LA_D_8757855,0,0.0023996742,0
LA_D_8790340,0,0.00032016728,0
LA_D_8842294,0,0.0003283829,0
LA_D_8844402,0,0.00028600454,0
LA_D_8858606,0,0.0004164792,0
LA_D_8874055,0,0.00010080009,0
LA_D_8880080,0,0.0007934021,0
LA_D_8884489,0,0.0029075437,0
LA_D_8887766,0,0.00017371599,0
LA_D_8974682,0,0.0014615552,0
LA_D_9008648,0,0.0002774569,0
LA_D_9078979,0,0.000413901,0
LA_D_9080347,0,0.0005513658,0
LA_D_9088112,0,0.000590438,0
LA_D_9093953,0,0.00033414157,0
LA_D_9099877,0,0.0007148106,0
LA_D_9116238,0,0.00040644038,0
LA_D_9120875,0,0.21529745,0
LA_D_9143945,0,0.00051643397,0
LA_D_9144102,0,0.00068429235,0
LA_D_9148848,0,0.00034218933,0
LA_D_9163648,0,0.0006853379,0
LA_D_9171147,0,0.0007441474,0
LA_D_9197571,0,0.00034772698,0
LA_D_9241622,0,0.00042253162,0
LA_D_9247877,0,0.00017655143,0
LA_D_9252037,0,0.00061191514,0
LA_D_9261739,0,0.0010610861,0
LA_D_9300215,0,0.00034264932,0
LA_D_9304067,0,0.00034516832,0
LA_D_9317483,0,0.0011607679,0
LA_D_9323818,0,0.00036101794,0
LA_D_9375135,0,0.0003588312,0
LA_D_9375495,0,0.0005023956,0
LA_D_9397840,0,0.0019405677,0
LA_D_9397923,0,0.002593171,0
LA_D_9433309,0,0.00022983341,0
LA_D_9439849,0,0.0005852448,0
LA_D_9473241,0,0.00028321508,0
LA_D_9486985,0,0.00047512798,0
LA_D_9487501,0,0.00042935743,0
LA_D_9497832,0,0.0011838966,0
LA_D_9550154,0,0.00023975543,0
LA_D_9593709,0,0.00021251944,0
LA_D_9734417,0,0.0010836822,0
LA_D_9847175,0,0.00021421225,0
LA_D_9848213,0,0.00049168576,0
LA_D_9860605,0,0.0004797724,0
LA_D_9878738,0,0.0023310937,0
LA_D_9901913,0,0.0013309364,0
LA_D_9910927,0,0.00039624175,0
LA_D_9948857,0,0.00037577556,0
LA_D_9949914,0,0.00017970453,0
LA_D_9950490,0,0.0008717863,0
LA_D_9995807,0,0.00016806777,0
LA_D_9997570,0,0.00018870099,0
LA_D_1002200,0,0.00028610218,0
LA_D_1007830,0,0.00033299768,0
LA_D_1025756,0,0.0005653522,0
LA_D_1063772,0,0.00022205994,0
LA_D_1067946,0,0.00014288511,0
LA_D_1110070,0,0.00021847151,0
LA_D_1131210,0,0.00018794664,0
LA_D_1135642,0,0.00044280675,0
LA_D_1297929,0,0.0002464865,0
LA_D_1302448,0,0.00030399792,0
LA_D_1340425,0,0.00017859421,0
LA_D_1387034,0,0.0004422444,0
LA_D_1400454,0,0.00015582568,0
LA_D_1447906,0,0.00030071352,0
LA_D_1462987,0,0.00021741004,0
LA_D_1466691,0,0.0067266133,0
LA_D_1474686,0,0.00029781304,0
LA_D_1579407,0,0.00023055902,0
LA_D_1613160,0,0.000110848014,0
LA_D_1631229,0,0.0003199528,0
LA_D_1648545,0,0.0005618444,0
LA_D_1670480,0,0.00016510717,0
LA_D_1700594,0,0.00029758742,0
LA_D_1713307,0,0.5016397,1
LA_D_1714907,0,0.00023992076,0
LA_D_1721029,0,0.00022662077,0
LA_D_1771814,0,0.00036157106,0
LA_D_1787826,0,0.00022261601,0
LA_D_1853137,0,0.00010590072,0
LA_D_1876813,0,0.00019637542,0
LA_D_1907754,0,0.00033696086,0
LA_D_1919468,0,0.009780098,0
LA_D_1943658,0,0.00060470216,0
LA_D_1950787,0,0.00038556522,0
LA_D_2045641,0,0.00018260794,0
LA_D_2065995,0,0.0017202637,0
LA_D_2108373,0,0.00027182605,0
LA_D_2112409,0,0.0011714814,0
LA_D_2133817,0,0.0001893894,0
LA_D_2154839,0,0.0020018637,0
LA_D_2182562,0,0.00032712647,0
LA_D_2213830,0,0.0007157991,0
LA_D_2238605,0,0.00012731468,0
LA_D_2248057,0,8.013919e-05,0
LA_D_2267149,0,0.00019435876,0
LA_D_2267504,0,0.0004012153,0
LA_D_2273005,0,0.00025003555,0
LA_D_2313563,0,0.00070524024,0
LA_D_2321743,0,0.00010315817,0
LA_D_2323254,0,0.0002990724,0
LA_D_2389222,0,0.0004959901,0
LA_D_2450195,0,0.0004601931,0
LA_D_2453665,0,0.00080700667,0
LA_D_2467966,0,0.0071711075,0
LA_D_2518852,0,0.000520212,0
LA_D_2576529,0,0.0004911574,0
LA_D_2653207,0,6.2903775e-05,0
LA_D_2677147,0,0.0003824295,0
LA_D_2690767,0,0.00026906273,0
LA_D_2730632,0,0.00020116619,0
LA_D_2837273,0,0.0001534709,0
LA_D_3002780,0,0.00021888099,0
LA_D_3016487,0,0.0003220577,0
LA_D_3030138,0,6.2442385e-05,0
LA_D_3044640,0,0.00032957314,0
LA_D_3056925,0,0.00014496809,0
LA_D_3078117,0,0.0002213288,0
LA_D_3086038,0,0.0003173838,0
LA_D_3119921,0,0.0003634227,0
LA_D_3124585,0,0.00031426083,0
LA_D_3206137,0,0.00016192702,0
LA_D_3227084,0,0.00015441932,0
LA_D_3236240,0,0.00017966531,0
LA_D_3240450,0,0.00016260504,0
LA_D_3295687,0,0.0002121797,0
LA_D_3297188,0,0.00027453082,0
LA_D_3313017,0,0.00035831027,0
LA_D_3340625,0,0.033847038,0
LA_D_3361986,0,0.0007152515,0
LA_D_3388294,0,0.00028951035,0
LA_D_3395799,0,0.2943536,0
LA_D_3478936,0,0.0001216677,0
LA_D_3513257,0,0.0001686296,0
LA_D_3532043,0,0.002082957,0
LA_D_3584869,0,0.00027867398,0
LA_D_3650218,0,0.00019982646,0
LA_D_3743275,0,0.0001600915,0
LA_D_3825396,0,0.00036767838,0
LA_D_3845352,0,0.00062021037,0
LA_D_3906693,0,0.00027610498,0
LA_D_3945541,0,0.00032059767,0
LA_D_3969123,0,0.00020673448,0
LA_D_4026256,0,0.00019412319,0
LA_D_4091670,0,0.00019037248,0
LA_D_4110964,0,0.00019771048,0
LA_D_4164922,0,0.0007468498,0
LA_D_4172608,0,5.3989997e-06,0
LA_D_4175116,0,0.00030465337,0
LA_D_4192839,0,0.00021827141,0
LA_D_4201464,0,0.000249854,0
LA_D_4218217,0,0.0007871965,0
LA_D_4225915,0,0.00017236041,0
LA_D_4264652,0,0.00041125767,0
LA_D_4266917,0,0.00021380192,0
LA_D_4267207,0,0.00013511613,0
LA_D_4312282,0,0.00015634717,0
LA_D_4357877,0,0.0007601898,0
LA_D_4365534,0,0.00025909004,0
LA_D_4374130,0,0.00014303916,0
LA_D_4379964,0,0.0003170877,0
LA_D_4421478,0,0.0002390982,0
LA_D_4455707,0,0.00047519634,0
LA_D_4470743,0,8.415486e-05,0
LA_D_4472830,0,0.00017620432,0
LA_D_4490113,0,0.00024140101,0
LA_D_4579304,0,0.00016263044,0
LA_D_4597782,0,0.00024920425,0
LA_D_4636504,0,0.00011777345,0
LA_D_4653157,0,0.00038195113,0
LA_D_4660628,0,4.4327335e-05,0
LA_D_4668402,0,0.00027523792,0
LA_D_4683557,0,0.00037010384,0
LA_D_4703703,0,0.0002843135,0
LA_D_4708702,0,0.0005946109,0
LA_D_4710815,0,0.0003462592,0
LA_D_4718825,0,0.00046750673,0
LA_D_4728167,0,0.00046990908,0
LA_D_4756759,0,0.00037495,0
LA_D_4814132,0,0.00041772373,0
LA_D_4858728,0,0.0001781583,0
LA_D_4876929,0,0.0004679757,0
LA_D_4961850,0,0.00010942006,0
LA_D_4963596,0,0.00061850384,0
LA_D_5027567,0,0.00034101953,0
LA_D_5155460,0,0.00013417503,0
LA_D_5166256,0,0.0002212233,0
LA_D_5171575,0,0.00028004457,0
LA_D_5203788,0,0.00038726119,0
LA_D_5224466,0,0.0001794667,0
LA_D_5294773,0,0.00038081786,0
LA_D_5311628,0,0.00035477697,0
LA_D_5319370,0,0.00012214197,0
LA_D_5322044,0,0.0006228132,0
LA_D_5328555,0,0.00062001706,0
LA_D_5341578,0,0.00023879544,0
LA_D_5363798,0,0.00030037825,0
LA_D_5394371,0,0.00019518871,0
LA_D_5402057,0,7.8577286e-05,0
LA_D_5418908,0,0.00031845644,0
LA_D_5456777,0,0.0006902704,0
LA_D_5465280,0,0.00026498665,0
LA_D_5467501,0,0.00012576803,0
LA_D_5504231,0,0.0002070199,0
LA_D_5546688,0,0.00029743026,0
LA_D_5610202,0,0.000104422936,0
LA_D_5628839,0,0.0005082478,0
LA_D_5655804,0,0.00031342157,0
LA_D_5694219,0,0.00033318982,0
LA_D_5723637,0,0.00029679405,0
LA_D_5733934,0,0.00048418887,0
LA_D_5744337,0,0.00017771311,0
LA_D_5859431,0,0.0011412172,0
LA_D_5891436,0,0.0076125055,0
LA_D_5894669,0,0.0001549837,0
LA_D_5981100,0,0.0001923254,0
LA_D_6002047,0,0.00030773456,0
LA_D_6028412,0,0.00017840818,0
LA_D_6063728,0,0.00091279775,0
LA_D_6085680,0,0.00023526116,0
LA_D_6098066,0,0.00055185845,0
LA_D_6138688,0,0.00013508677,0
LA_D_6165482,0,0.00021733812,0
LA_D_6187643,0,0.0014442605,0
LA_D_6209900,0,6.9968315e-05,0
LA_D_6218180,0,0.00021853192,0
LA_D_6286091,0,0.00011234384,0
LA_D_6332892,0,0.00024564334,0
LA_D_6373451,0,0.00022932886,0
LA_D_6459710,0,0.0008544844,0
LA_D_6469751,0,0.0001791364,0
LA_D_6482933,0,0.00065730815,0
LA_D_6536746,0,0.00090472435,0
LA_D_6549281,0,0.00082603487,0
LA_D_6575758,0,9.7997494e-05,0
LA_D_6590381,0,0.00024454223,0
LA_D_6648837,0,0.00036454244,0
LA_D_6729894,0,0.00060580694,0
LA_D_6731562,0,0.00045710694,0
LA_D_6735956,0,0.000603098,0
LA_D_6789741,0,0.00042361408,0
LA_D_6813006,0,0.0005123824,0
LA_D_6856066,0,0.0002446509,0
LA_D_6878630,0,0.00031267156,0
LA_D_6878754,0,0.0002510879,0
LA_D_6945155,0,8.00045e-05,0
LA_D_6952192,0,0.000108985216,0
LA_D_6954943,0,0.00041385563,0
LA_D_6994171,0,0.0002929533,0
LA_D_6996385,0,0.00025623207,0
LA_D_7003290,0,0.00025478963,0
LA_D_7019901,0,0.00031979423,0
LA_D_7046619,0,0.00028280524,0
LA_D_7060810,0,0.0002660879,0
LA_D_7097332,0,0.00024119025,0
LA_D_7105149,0,0.00037019985,0
LA_D_7132999,0,3.736979e-05,0
LA_D_7136231,0,0.00018942187,0
LA_D_7178613,0,0.00082028296,0
LA_D_7227717,0,0.00014453166,0
LA_D_7293074,0,0.0007737701,0
LA_D_7294764,0,0.0012245325,0
LA_D_7295956,0,0.00019916357,0
LA_D_7303262,0,0.00020200286,0
LA_D_7385868,0,0.00032396574,0
LA_D_7403339,0,0.00029791982,0
LA_D_7445001,0,0.00029458615,0
LA_D_7447986,0,0.00037172798,0
LA_D_7452521,0,0.00034320247,0
LA_D_7463331,0,0.00037928313,0
LA_D_7539350,0,0.00024565295,0
LA_D_7610528,0,0.0008475972,0
LA_D_7623512,0,0.0003325567,0
LA_D_7631675,0,0.00012627477,0
LA_D_7702257,0,0.00021286905,0
LA_D_7766599,0,7.5685035e-05,0
LA_D_7807172,0,0.011295399,0
LA_D_7856548,0,0.00038475893,0
LA_D_7857513,0,0.0005475782,0
LA_D_7860524,0,0.000690764,0
LA_D_7934321,0,0.00025347952,0
LA_D_7954991,0,0.00021573334,0
LA_D_7963313,0,0.00016611542,0
LA_D_7986850,0,0.0028185141,0
LA_D_8012684,0,0.00016695847,0
LA_D_8044923,0,0.0002567358,0
LA_D_8050230,0,0.000603274,0
LA_D_8057533,0,0.00017071009,0
LA_D_8065951,0,0.0003769495,0
LA_D_8086042,0,0.00020311377,0
LA_D_8089138,0,0.00022970876,0
LA_D_8107939,0,0.00047050294,0
LA_D_8136802,0,0.0001442351,0
LA_D_8177600,0,0.00018141567,0
LA_D_8180116,0,0.00088493846,0
LA_D_8185337,0,0.0005571457,0
LA_D_8203374,0,0.00015083239,0
LA_D_8217062,0,5.329164e-05,0
LA_D_8229927,0,0.00087157614,0
LA_D_8298869,0,0.0002299178,0
LA_D_8323465,0,0.00012523287,0
LA_D_8362480,0,0.00021668595,0
LA_D_8362615,0,0.00031315573,0
LA_D_8392326,0,0.00022928644,0
LA_D_8414414,0,0.00015193984,0
LA_D_8422718,0,0.00012064251,0
LA_D_8512727,0,9.033843e-05,0
LA_D_8598286,0,0.00023605142,0
LA_D_8599385,0,0.00030583635,0
LA_D_8657678,0,0.000530998,0
LA_D_8658570,0,0.00056138134,0
LA_D_8688272,0,0.0001407005,0
LA_D_8688945,0,0.021367913,0
LA_D_8691875,0,0.000822886,0
LA_D_8762296,0,0.00041143017,0
LA_D_8765322,0,0.0024267028,0
LA_D_8778367,0,0.00033529068,0
LA_D_8779473,0,0.0003343487,0
LA_D_8789400,0,0.00019562434,0
LA_D_8803432,0,0.00042420364,0
LA_D_8821416,0,0.00018139301,0
LA_D_8844445,0,0.0005863939,0
LA_D_8905425,0,0.000107345164,0
LA_D_8910475,0,0.0004315428,0
LA_D_8944361,0,0.00014998249,0
LA_D_8964349,0,2.7000231e-05,0
LA_D_9028753,0,0.0014491086,0
LA_D_9050986,0,0.00043104828,0
LA_D_9069422,0,0.00025732396,0
LA_D_9102400,0,0.00022479263,0
LA_D_9175939,0,0.00040431882,0
LA_D_9239645,0,0.0004179452,0
LA_D_9247502,0,0.00030463331,0
LA_D_9253420,0,0.0005569901,0
LA_D_9330010,0,0.00013179581,0
LA_D_9338167,0,0.0004216171,0
LA_D_9339602,0,0.00017114296,0
LA_D_9356307,0,0.0004810459,0
LA_D_9394766,0,0.0015062641,0
LA_D_9412889,0,0.00032144482,0
LA_D_9432031,0,0.00022729656,0
LA_D_9440603,0,0.0004940828,0
LA_D_9449715,0,0.0004288183,0
LA_D_9476215,0,0.00027752965,0
LA_D_9488197,0,0.00031521954,0
LA_D_9537038,0,0.00055713084,0
LA_D_9575315,0,0.0003623575,0
LA_D_9644461,0,8.607687e-05,0
LA_D_9644520,0,0.0003505706,0
LA_D_9646459,0,0.0002746557,0
LA_D_9698822,0,0.00024180293,0
LA_D_9732708,0,0.00041025833,0
LA_D_9744020,0,0.0003152373,0
LA_D_9791419,0,0.000109020555,0
LA_D_9847423,0,0.00019109302,0
LA_D_9895830,0,0.0003925302,0
LA_D_9922367,0,0.00014755117,0
LA_D_9936454,0,0.0010680687,0
LA_D_9964285,0,0.00039811747,0
LA_D_1027036,0,0.00015079658,0
LA_D_1063280,0,0.014147272,0
LA_D_1074040,0,0.0004658359,0
LA_D_1158489,0,0.00037670162,0
LA_D_1168201,0,0.00029413827,0
LA_D_1179745,0,0.00017089299,0
LA_D_1190183,0,0.00048423873,0
LA_D_1232140,0,0.0024196093,0
LA_D_1238201,0,0.0009335606,0
LA_D_1248209,0,0.0007246793,0
LA_D_1264445,0,0.0022302328,0
LA_D_1280356,0,0.0001401018,0
LA_D_1351069,0,0.00012785936,0
LA_D_1351546,0,0.00039350093,0
LA_D_1382194,0,0.00059340324,0
LA_D_1388138,0,0.00015919232,0
LA_D_1393294,0,0.0004933143,0
LA_D_1463624,0,0.0001635163,0
LA_D_1518174,0,0.00030861478,0
LA_D_1521999,0,8.193597e-05,0
LA_D_1625102,0,0.0002846205,0
LA_D_1697322,0,0.00012722984,0
LA_D_1715778,0,0.00023780255,0
LA_D_1892568,0,0.00064449717,0
LA_D_1935532,0,0.00017661946,0
LA_D_1935726,0,0.00035630562,0
LA_D_2017083,0,0.0002700393,0
LA_D_2045790,0,0.0015268001,0
LA_D_2111041,0,0.00010938032,0
LA_D_2113716,0,0.00058610446,0
LA_D_2153291,0,0.00019576988,0
LA_D_2179611,0,0.00075795315,0
LA_D_2226291,0,0.0004748916,0
LA_D_2235229,0,0.00041355513,0
LA_D_2249074,0,0.0003311163,0
LA_D_2265780,0,0.0015993052,0
LA_D_2350123,0,0.00017795763,0
LA_D_2379549,0,0.00039176687,0
LA_D_2481318,0,0.00028336013,0
LA_D_2540693,0,0.0003155846,0
LA_D_2544213,0,0.0004067326,0
LA_D_2589783,0,0.00054654677,0
LA_D_2621156,0,0.00034182775,0
LA_D_2667561,0,7.809778e-05,0
LA_D_2682641,0,0.0009431312,0
LA_D_2712069,0,0.00022521331,0
LA_D_2726610,0,0.00064473,0
LA_D_2734048,0,0.0002717592,0
LA_D_2736752,0,0.00063378864,0
LA_D_2761727,0,0.0003338502,0
LA_D_2780378,0,0.0011648407,0
LA_D_2787302,0,0.0003133379,0
LA_D_2796486,0,0.000115867515,0
LA_D_2815191,0,0.00013725147,0
LA_D_2862464,0,0.0001774845,0
LA_D_2862862,0,0.000419314,0
LA_D_2895942,0,0.0012872756,0
LA_D_2909551,0,7.241755e-05,0
LA_D_2940992,0,0.0004345526,0
LA_D_3004195,0,0.00014526505,0
LA_D_3027433,0,0.00017783957,0
LA_D_3051172,0,0.00040632414,0
LA_D_3069822,0,0.00042770748,0
LA_D_3081705,0,0.00016531195,0
LA_D_3106519,0,0.00077352824,0
LA_D_3115590,0,0.00023427472,0
LA_D_3150295,0,0.00011641572,0
LA_D_3177701,0,0.0010769434,0
LA_D_3205024,0,0.00021776128,0
LA_D_3245031,0,0.00035070998,0
LA_D_3250407,0,0.00025554554,0
LA_D_3255096,0,0.00067865953,0
LA_D_3281386,0,0.0002119872,0
LA_D_3314744,0,0.0002836661,0
LA_D_3331528,0,0.00015341224,0
LA_D_3352586,0,0.00024287526,0
LA_D_3371337,0,0.0007005352,0
LA_D_3373830,0,0.00015626104,0
LA_D_3386014,0,0.00068880565,0
LA_D_3387945,0,0.00030675268,0
LA_D_3405582,0,0.0004996291,0
LA_D_3408202,0,0.00022576674,0
LA_D_3409583,0,0.00021049433,0
LA_D_3410467,0,0.00064433436,0
LA_D_3415474,0,0.00030629855,0
LA_D_3434212,0,0.00024726492,0
LA_D_3438062,0,0.00085834914,0
LA_D_3438542,0,0.0006742622,0
LA_D_3470313,0,0.00022467456,0
LA_D_3481855,0,0.00040789554,0
LA_D_3497818,0,0.00034981407,0
LA_D_3611170,0,0.0007075398,0
LA_D_3626485,0,0.00036611664,0
LA_D_3634650,0,0.0003107367,0
LA_D_3675957,0,9.7073644e-05,0
LA_D_3703706,0,0.00084749627,0
LA_D_3703829,0,0.00062147784,0
LA_D_3746592,0,0.00038524007,0
LA_D_3761372,0,0.0003698263,0
LA_D_3811662,0,0.0011466701,0
LA_D_3823928,0,7.836522e-05,0
LA_D_3848625,0,0.0010603969,0
LA_D_3942877,0,0.00019626123,0
LA_D_3954136,0,0.0009258938,0
LA_D_3958645,0,0.0036911867,0
LA_D_3958701,0,0.00018545619,0
LA_D_4019987,0,0.0006274365,0
LA_D_4046895,0,0.0001826553,0
LA_D_4148744,0,0.00064080325,0
LA_D_4181398,0,0.00061076786,0
LA_D_4182510,0,0.0006722115,0
LA_D_4184582,0,0.00032829246,0
LA_D_4191582,0,0.0001887017,0
LA_D_4193632,0,0.00019696799,0
LA_D_4195024,0,0.000119582146,0
LA_D_4231438,0,0.0016674045,0
LA_D_4240232,0,0.00040994876,0
LA_D_4241032,0,0.00024793562,0
LA_D_4250284,0,0.0021241442,0
LA_D_4274327,0,0.00047129745,0
LA_D_4302814,0,0.00032520073,0
LA_D_4306636,0,0.0020287528,0
LA_D_4339929,0,6.660738e-05,0
LA_D_4358018,0,0.0001875079,0
LA_D_4368080,0,0.00020706312,0
LA_D_4378419,0,0.5956212,1
LA_D_4382768,0,0.000835911,0
LA_D_4385637,0,0.00041435735,0
LA_D_4502872,0,0.0004616008,0
LA_D_4518823,0,0.79743063,1
LA_D_4530249,0,0.0003341234,0
LA_D_4541895,0,0.00023527755,0
LA_D_4609401,0,7.162908e-05,0
LA_D_4702964,0,0.0001261074,0
LA_D_4707076,0,0.00024744062,0
LA_D_4728531,0,0.0003978329,0
LA_D_4740253,0,0.00031690605,0
LA_D_4758741,0,0.0010622249,0
LA_D_4763361,0,0.00023789553,0
LA_D_4798984,0,0.00022114719,0
LA_D_4813001,0,0.00061045995,0
LA_D_4813446,0,0.00013429947,0
LA_D_4820874,0,0.00048528626,0
LA_D_4876374,0,0.00023509325,0
LA_D_4907345,0,0.00083455414,0
LA_D_4911106,0,0.00037891523,0
LA_D_4921306,0,0.002529123,0
LA_D_4936226,0,0.00019461632,0
LA_D_4941783,0,0.00026545065,0
LA_D_4970282,0,0.00045762362,0
LA_D_4972782,0,0.00037393157,0
LA_D_5026079,0,0.00033210428,0
LA_D_5041256,0,0.0009271359,0
LA_D_5082258,0,0.00023515533,0
LA_D_5085425,0,0.00023711563,0
LA_D_5094867,0,0.0012927897,0
LA_D_5145079,0,0.0002614664,0
LA_D_5174186,0,0.00016530076,0
LA_D_5225846,0,0.00022935096,0
LA_D_5236165,0,0.0003003104,0
LA_D_5274055,0,0.00047033303,0
LA_D_5288785,0,0.000190817,0
LA_D_5328469,0,0.00018333075,0
LA_D_5330416,0,0.00065164454,0
LA_D_5337300,0,0.00037661186,0
LA_D_5341780,0,0.0005103212,0
LA_D_5349891,0,0.00013305614,0
LA_D_5391312,0,0.0003066258,0
LA_D_5399074,0,0.00018695717,0
LA_D_5411425,0,0.00074429915,0
LA_D_5416891,0,0.00015476116,0
LA_D_5463025,0,0.00016139753,0
LA_D_5472628,0,0.0002897274,0
LA_D_5502210,0,0.00081097754,0
LA_D_5558097,0,0.00057025487,0
LA_D_5598437,0,0.000679284,0
LA_D_5606948,0,0.00021805384,0
LA_D_5648484,0,0.003946929,0
LA_D_5658047,0,0.0008184965,0
LA_D_5674798,0,0.0003041429,0
LA_D_5702698,0,0.00018159288,0
LA_D_5731514,0,0.0005149824,0
LA_D_5744723,0,7.266672e-05,0
LA_D_5756079,0,0.028501717,0
LA_D_5761294,0,0.0006871835,0
LA_D_5788830,0,0.00016513125,0
LA_D_5810774,0,0.00038871073,0
LA_D_5811636,0,0.00010905403,0
LA_D_5815871,0,0.009622549,0
LA_D_5815879,0,0.00027730296,0
LA_D_5854347,0,0.00020775133,0
LA_D_5890209,0,0.0003249711,0
LA_D_5902939,0,0.00013071482,0
LA_D_5915443,0,1.7064931e-05,0
LA_D_5966896,0,0.0004827446,0
LA_D_6004306,0,0.00034289213,0
LA_D_6020277,0,0.00029849383,0
LA_D_6060748,0,0.0002074443,0
LA_D_6078371,0,0.000300331,0
LA_D_6129214,0,0.00013386093,0
LA_D_6166462,0,0.00020970627,0
LA_D_6167979,0,0.0005566207,0
LA_D_6178691,0,0.00067383685,0
LA_D_6212648,0,0.00019518443,0
LA_D_6301347,0,9.146338e-05,0
LA_D_6302669,0,0.00021573107,0
LA_D_6364752,0,0.00064594595,0
LA_D_6450264,0,0.0009868682,0
LA_D_6470899,0,0.00017912599,0
LA_D_6607748,0,0.0013099164,0
LA_D_6624488,0,0.0007782106,0
LA_D_6689857,0,0.00016530992,0
LA_D_6695214,0,0.0006114172,0
LA_D_6754663,0,0.0006748131,0
LA_D_6822464,0,0.0014342088,0
LA_D_6832697,0,0.00042061633,0
LA_D_6844056,0,0.00021467167,0
LA_D_6910092,0,0.014531631,0
LA_D_6923831,0,0.00031154146,0
LA_D_6923993,0,0.00058194634,0
LA_D_6954213,0,1.7909106e-05,0
LA_D_6966943,0,0.0016741825,0
LA_D_6976547,0,0.00063617725,0
LA_D_7045724,0,0.00041722626,0
LA_D_7081849,0,0.00015217821,0
LA_D_7083969,0,0.00038530066,0
LA_D_7121049,0,0.00013596256,0
LA_D_7145015,0,0.00026257156,0
LA_D_7154160,0,0.00031757448,0
LA_D_7165623,0,0.00058729894,0
LA_D_7173940,0,0.00037930772,0
LA_D_7223284,0,0.00062748435,0
LA_D_7248953,0,0.000598168,0
LA_D_7249552,0,0.10233842,0
LA_D_7255755,0,0.0002395219,0
LA_D_7262716,0,0.0005011201,0
LA_D_7392383,0,0.00038018997,0
LA_D_7496841,0,0.000106999025,0
LA_D_7575592,0,6.845236e-05,0
LA_D_7575877,0,0.0003062256,0
LA_D_7588199,0,0.00030426093,0
LA_D_7591062,0,0.5053939,1
LA_D_7615134,0,0.00024950024,0
LA_D_7634407,0,0.00027756562,0
LA_D_7641113,0,0.0003056189,0
LA_D_7678069,0,0.00029820003,0
LA_D_7711351,0,0.0011414901,0
LA_D_7736497,0,0.00023054519,0
LA_D_7766550,0,0.0003392859,0
LA_D_7789202,0,0.011762379,0
LA_D_7799234,0,0.0003225635,0
LA_D_7832705,0,0.00018360784,0
LA_D_7836942,0,0.0001365265,0
LA_D_7863940,0,0.0003658229,0
LA_D_7900629,0,0.000104946805,0
LA_D_7934417,0,0.00067514565,0
LA_D_7941843,0,0.00016064061,0
LA_D_8039108,0,0.0007655337,0
LA_D_8173717,0,0.00031463706,0
LA_D_8183682,0,0.0012823244,0
LA_D_8359755,0,0.00010211575,0
LA_D_8454906,0,0.00017228845,0
LA_D_8471747,0,0.00030257966,0
LA_D_8524883,0,0.0003528173,0
LA_D_8534191,0,0.6139944,1
LA_D_8630528,0,0.00018335172,0
LA_D_8634956,0,0.0013776671,0
LA_D_8658531,0,0.00012135288,0
LA_D_8679609,0,0.00029268893,0
LA_D_8680505,0,0.00027796972,0
LA_D_8698219,0,0.00025987826,0
LA_D_8900733,0,0.00017198348,0
LA_D_8928209,0,0.00049095374,0
LA_D_8940981,0,0.0028676495,0
LA_D_8986725,0,3.818273e-05,0
LA_D_9039108,0,0.009251268,0
LA_D_9063622,0,0.0002622796,0
LA_D_9081617,0,0.00010007946,0
LA_D_9093007,0,0.00020320268,0
LA_D_9097473,0,0.01335315,0
LA_D_9175542,0,0.00015873229,0
LA_D_9238403,0,0.0004209432,0
LA_D_9261139,0,0.00018811355,0
LA_D_9325156,0,0.00035121923,0
LA_D_9449718,0,0.00055906654,0
LA_D_9451389,0,0.008684356,0
LA_D_9457760,0,0.00024099118,0
LA_D_9460191,0,0.00041078863,0
LA_D_9469910,0,0.000684563,0
LA_D_9523778,0,0.00012125769,0
LA_D_9562015,0,0.00016599224,0
LA_D_9582658,0,0.0010266585,0
LA_D_9603070,0,0.0007499144,0
LA_D_9662606,0,0.00026051037,0
LA_D_9686838,0,0.00035513833,0
LA_D_9696470,0,0.00020310527,0
LA_D_9704240,0,0.00015410747,0
LA_D_9711707,0,0.000982679,0
LA_D_9719597,0,0.00033933442,0
LA_D_9721837,0,0.00064395746,0
LA_D_9724900,0,0.00033610774,0
LA_D_9774871,0,0.00021015301,0
LA_D_9881093,0,0.0005167639,0
LA_D_9913955,0,0.0003119091,0
LA_D_9915722,0,0.00025192526,0
LA_D_9927048,0,0.0004169873,0
LA_D_9935628,0,0.00059699017,0
LA_D_9953593,0,0.00017062514,0
LA_D_1024541,0,0.0005388791,0
LA_D_1035695,0,0.00021972953,0
LA_D_1042553,0,0.0015875396,0
LA_D_1134137,0,0.0006703927,0
LA_D_1218270,0,0.00015889948,0
LA_D_1218955,0,0.00012257998,0
LA_D_1226093,0,0.00033318315,0
LA_D_1239007,0,0.0012602835,0
LA_D_1248476,0,0.00046792493,0
LA_D_1252524,0,0.0003897233,0
LA_D_1390523,0,0.00062183454,0
LA_D_1412369,0,0.0005769119,0
LA_D_1432668,0,0.000270046,0
LA_D_1463958,0,0.00024605214,0
LA_D_1496754,0,0.0003287657,0
LA_D_1509117,0,0.00015172137,0
LA_D_1528364,0,0.00045180888,0
LA_D_1535343,0,0.00035201604,0
LA_D_1601494,0,0.0006576628,0
LA_D_1601833,0,0.00061349006,0
LA_D_1614845,0,0.00023407688,0
LA_D_1632847,0,0.0010241508,0
LA_D_1635246,0,0.0005588615,0
LA_D_1643538,0,0.00042705116,0
LA_D_1711564,0,0.00046381674,0
LA_D_1755243,0,0.00096581294,0
LA_D_1755482,0,0.00022991933,0
LA_D_1778489,0,0.00022349732,0
LA_D_1783037,0,0.0021349338,0
LA_D_1809307,0,0.00033622695,0
LA_D_1838028,0,0.00073223084,0
LA_D_1864652,0,0.00037850218,0
LA_D_1871223,0,0.00026265543,0
LA_D_1919505,0,0.00027374463,0
LA_D_1953575,0,7.015512e-05,0
LA_D_1954275,0,0.0003789629,0
LA_D_1989443,0,0.0009795672,0
LA_D_2003609,0,0.00016124325,0
LA_D_2006600,0,0.0007156177,0
LA_D_2046470,0,0.00026848464,0
LA_D_2086920,0,0.0002507262,0
LA_D_2092684,0,0.0006912993,0
LA_D_2143588,0,0.00028970005,0
LA_D_2193916,0,0.00010531713,0
LA_D_2228504,0,0.0003528062,0
LA_D_2280242,0,0.000570144,0
LA_D_2299839,0,0.00015008406,0
LA_D_2332596,0,0.00058976136,0
LA_D_2364299,0,0.0001562667,0
LA_D_2367658,0,0.0007298656,0
LA_D_2373826,0,0.0009984629,0
LA_D_2374054,0,0.0004854023,0
LA_D_2374590,0,0.00036035496,0
LA_D_2379249,0,0.00032279606,0
LA_D_2380365,0,0.0004557217,0
LA_D_2416790,0,0.0003474652,0
LA_D_2437354,0,0.00038460086,0
LA_D_2491741,0,0.00054603285,0
LA_D_2493315,0,8.934601e-05,0
LA_D_2499496,0,0.0064774216,0
LA_D_2499954,0,0.00023839415,0
LA_D_2511151,0,0.00030655653,0
LA_D_2536179,0,0.0002403716,0
LA_D_2586141,0,0.00028182467,0
LA_D_2632718,0,0.0005024957,0
LA_D_2661958,0,0.00023382796,0
LA_D_2709080,0,0.00024462337,0
LA_D_2717878,0,0.0002706685,0
LA_D_2721191,0,0.00095849414,0
LA_D_2727763,0,0.0004344938,0
LA_D_2731036,0,0.00022256719,0
LA_D_2736869,0,0.0003880051,0
LA_D_2746243,0,0.0003679663,0
LA_D_2746267,0,0.0011996301,0
LA_D_2783081,0,0.0004924902,0
LA_D_2793042,0,0.000438824,0
LA_D_2805826,0,0.00075918715,0
LA_D_2831844,0,0.0007302155,0
LA_D_2888596,0,0.00067942316,0
LA_D_2910262,0,0.00034423204,0
LA_D_2940539,0,0.0005694374,0
LA_D_2951507,0,0.00046120278,0
LA_D_2987509,0,0.0006939833,0
LA_D_3112824,0,0.00022263532,0
LA_D_3121066,0,0.00036716668,0
LA_D_3139557,0,0.0006221458,0
LA_D_3163081,0,0.00023841574,0
LA_D_3180081,0,0.001498553,0
LA_D_3224812,0,0.00014820727,0
LA_D_3255789,0,0.000171991,0
LA_D_3286040,0,0.0006522056,0
LA_D_3287162,0,0.0005705544,0
LA_D_3309731,0,0.0003478039,0
LA_D_3317337,0,0.00059609127,0
LA_D_3332845,0,0.00015171515,0
LA_D_3336827,0,0.00021088385,0
LA_D_3337239,0,0.0006834327,0
LA_D_3359713,0,0.00020209303,0
LA_D_3364219,0,0.00033037944,0
LA_D_3416934,0,0.0005301534,0
LA_D_3424949,0,0.000962949,0
LA_D_3425869,0,0.0003775526,0
LA_D_3431144,0,0.0007417663,0
LA_D_3434819,0,0.0012531709,0
LA_D_3440841,0,0.0007937892,0
LA_D_3444944,0,0.00047778164,0
LA_D_3472699,0,0.0013082119,0
LA_D_3472855,0,0.00097607274,0
LA_D_3481947,0,0.00039663626,0
LA_D_3495463,0,0.00022851996,0
LA_D_3495507,0,0.00029497905,0
LA_D_3512887,0,0.0005688093,0
LA_D_3523121,0,0.0003812007,0
LA_D_3525708,0,0.00029578476,0
LA_D_3581963,0,0.010594644,0
LA_D_3623933,0,0.00033610227,0
LA_D_3673803,0,0.00025750534,0
LA_D_3691914,0,0.00029917737,0
LA_D_3694349,0,0.00091461185,0
LA_D_3859466,0,0.00024561852,0
LA_D_3860524,0,0.00017992915,0
LA_D_3862793,0,0.00058423047,0
LA_D_3874710,0,0.00023466258,0
LA_D_3880845,0,0.00017864173,0
LA_D_3928922,0,0.00016249188,0
LA_D_3956535,0,0.0006537626,0
LA_D_4070411,0,0.0001969768,0
LA_D_4083902,0,0.00019954391,0
LA_D_4103449,0,0.00021448899,0
LA_D_4113219,0,0.00031029884,0
LA_D_4135542,0,0.00020821912,0
LA_D_4136401,0,0.00075365335,0
LA_D_4180382,0,0.00021774281,0
LA_D_4280433,0,0.00036449623,0
LA_D_4293774,0,0.00026767133,0
LA_D_4301521,0,0.00027724984,0
LA_D_4339595,0,0.0004509552,0
LA_D_4339686,0,0.00028954653,0
LA_D_4430284,0,0.00024981349,0
LA_D_4448951,0,0.00039394456,0
LA_D_4483013,0,0.0010598495,0
LA_D_4494703,0,0.00035676823,0
LA_D_4505123,0,0.00018963042,0
LA_D_4586638,0,0.0008650911,0
LA_D_4637943,0,0.0004961069,0
LA_D_4653523,0,0.0007556922,0
LA_D_4662010,0,0.00026167065,0
LA_D_4696311,0,0.0008321433,0
LA_D_4697088,0,0.000441026,0
LA_D_4709234,0,0.00019379712,0
LA_D_4720854,0,0.00030027863,0
LA_D_4747651,0,0.00021923418,0
LA_D_4790311,0,0.0008243717,0
LA_D_4873396,0,0.00064525125,0
LA_D_4882560,0,0.0002654248,0
LA_D_4884481,0,0.00058109505,0
LA_D_4900323,0,0.0025391756,0
LA_D_4920424,0,0.0002570241,0
LA_D_4942826,0,0.0010317188,0
LA_D_4960294,0,0.0008185886,0
LA_D_5028072,0,0.00032793614,0
LA_D_5028697,0,0.00061513763,0
LA_D_5071457,0,0.0004995148,0
LA_D_5101720,0,0.0003732798,0
LA_D_5106469,0,0.00065268565,0
LA_D_5117145,0,0.0005028498,0
LA_D_5118097,0,0.0003505238,0
LA_D_5123725,0,0.00033769628,0
LA_D_5185723,0,0.0014316147,0
LA_D_5192013,0,0.0004003011,0
LA_D_5210752,0,0.00018205924,0
LA_D_5267968,0,0.0005084615,0
LA_D_5275946,0,0.000104053055,0
LA_D_5308008,0,0.00017143761,0
LA_D_5313766,0,0.00010833585,0
LA_D_5332246,0,0.00018882104,0
LA_D_5337439,0,0.0003960306,0
LA_D_5362013,0,0.0032185288,0
LA_D_5400157,0,0.00070333004,0
LA_D_5400787,0,0.0011223899,0
LA_D_5409547,0,0.0006326281,0
LA_D_5441203,0,0.00039475097,0
LA_D_5453401,0,0.00035366323,0
LA_D_5463700,0,0.00016967459,0
LA_D_5464792,0,0.0010984024,0
LA_D_5474661,0,0.00058628543,0
LA_D_5485515,0,0.0002396631,0
LA_D_5492356,0,0.0007818499,0
LA_D_5511445,0,0.00031530551,0
LA_D_5515164,0,5.8635585e-05,0
LA_D_5539912,0,0.00032942268,0
LA_D_5551945,0,0.00030490442,0
LA_D_5556633,0,0.014862456,0
LA_D_5569369,0,0.0003000926,0
LA_D_5602174,0,0.00022503217,0
LA_D_5602437,0,0.00016006875,0
LA_D_5610125,0,0.0005748826,0
LA_D_5626564,0,0.00046661004,0
LA_D_5629187,0,0.00025879132,0
LA_D_5647508,0,0.45765138,0
LA_D_5655417,0,0.00029548572,0
LA_D_5681705,0,0.00029636765,0
LA_D_5712427,0,0.0005261914,0
LA_D_5713865,0,0.00047677668,0
LA_D_5752916,0,0.00010693965,0
LA_D_5789585,0,0.0013190303,0
LA_D_5808200,0,0.00013829391,0
LA_D_5873758,0,0.00045826263,0
LA_D_5882342,0,0.00013134653,0
LA_D_5886832,0,0.00080630643,0
LA_D_5934440,0,0.00024864203,0
LA_D_5966111,0,0.00026688672,0
LA_D_5998708,0,0.0010262312,0
LA_D_6013990,0,0.0016937997,0
LA_D_6025730,0,9.9397344e-05,0
LA_D_6040176,0,0.00019813207,0
LA_D_6113830,0,0.0011201766,0
LA_D_6116905,0,0.0005250726,0
LA_D_6145523,0,0.0005314816,0
LA_D_6164377,0,0.001137163,0
LA_D_6194235,0,0.00043472825,0
LA_D_6209989,0,0.0018567267,0
LA_D_6256464,0,0.0006457945,0
LA_D_6265877,0,0.0001857165,0
LA_D_6268154,0,0.00026529428,0
LA_D_6308947,0,0.00043576513,0
LA_D_6335322,0,0.00080657616,0
LA_D_6345131,0,0.00022787943,0
LA_D_6356896,0,0.00029163546,0
LA_D_6368816,0,0.0003633489,0
LA_D_6374661,0,0.00045561139,0
LA_D_6376974,0,0.00032686742,0
LA_D_6445561,0,0.0004323161,0
LA_D_6499586,0,0.00077749963,0
LA_D_6545121,0,0.00035435782,0
LA_D_6548234,0,0.0013552333,0
LA_D_6585381,0,0.00037116458,0
LA_D_6623812,0,0.0008044615,0
LA_D_6649816,0,0.00025484184,0
LA_D_6690990,0,0.029491123,0
LA_D_6693898,0,0.00036555654,0
LA_D_6727952,0,0.0002705898,0
LA_D_6767586,0,0.00046148815,0
LA_D_6807841,0,0.0018445274,0
LA_D_6812624,0,0.0005043946,0
LA_D_6820465,0,0.0004931577,0
LA_D_6821250,0,0.0006491081,0
LA_D_6861811,0,0.00023578104,0
LA_D_6863380,0,0.0008172216,0
LA_D_6871726,0,0.00037371813,0
LA_D_6884110,0,0.00058138586,0
LA_D_6890939,0,0.00034831025,0
LA_D_6924353,0,0.00019462136,0
LA_D_6937150,0,0.00011585424,0
LA_D_7036071,0,0.00015835285,0
LA_D_7037337,0,0.00037141202,0
LA_D_7039023,0,0.0005391262,0
LA_D_7094796,0,0.0003004877,0
LA_D_7100790,0,0.00057715387,0
LA_D_7126534,0,0.0011002446,0
LA_D_7153247,0,0.0003400793,0
LA_D_7169217,0,0.0003238555,0
LA_D_7170458,0,0.0001977859,0
LA_D_7170608,0,0.0006625206,0
LA_D_7178248,0,0.00014624598,0
LA_D_7190581,0,0.0006415518,0
LA_D_7215553,0,0.00030331674,0
LA_D_7317360,0,0.0007538178,0
LA_D_7322306,0,0.00045402235,0
LA_D_7410931,0,0.00024810445,0
LA_D_7415755,0,0.00059165765,0
LA_D_7434265,0,0.0010024785,0
LA_D_7460094,0,0.00061116496,0
LA_D_7524440,0,0.00026775914,0
LA_D_7526777,0,0.00016299964,0
LA_D_7543928,0,0.0010711786,0
LA_D_7565415,0,0.00027916912,0
LA_D_7567334,0,0.0004520286,0
LA_D_7611234,0,0.00042622915,0
LA_D_7618965,0,0.0007617344,0
LA_D_7623214,0,0.00035832525,0
LA_D_7629070,0,0.0005233188,0
LA_D_7661298,0,0.0001995325,0
LA_D_7667637,0,0.00044126742,0
LA_D_7681851,0,0.0005081112,0
LA_D_7688135,0,0.00029456624,0
LA_D_7745862,0,0.00012919682,0
LA_D_7748502,0,0.00018554463,0
LA_D_7771621,0,0.0011323614,0
LA_D_7798691,0,0.0011873184,0
LA_D_7804785,0,0.00016976052,0
LA_D_7809381,0,0.00029224725,0
LA_D_7831531,0,0.0011182139,0
LA_D_7843372,0,0.0016481957,0
LA_D_7843877,0,0.00062546803,0
LA_D_7852940,0,0.000114534036,0
LA_D_7904161,0,0.00089714443,0
LA_D_7912208,0,0.0005505445,0
LA_D_7919147,0,0.0001999147,0
LA_D_7920196,0,0.0004441273,0
LA_D_7936437,0,0.00022739996,0
LA_D_7973788,0,0.0004861173,0
LA_D_7974697,0,0.00025459923,0
LA_D_7993138,0,0.0011052365,0
LA_D_7994905,0,0.00087547227,0
LA_D_7994992,0,0.00034348428,0
LA_D_8052049,0,0.00025389798,0
LA_D_8111494,0,0.00056012697,0
LA_D_8118167,0,0.07640427,0
LA_D_8141901,0,0.00077817944,0
LA_D_8174334,0,0.00046715428,0
LA_D_8183218,0,0.00046482187,0
LA_D_8185311,0,0.000994073,0
LA_D_8200506,0,0.0010108309,0
LA_D_8258459,0,0.00019735901,0
LA_D_8264863,0,0.00020922154,0
LA_D_8283567,0,0.00017392116,0
LA_D_8299781,0,0.17590635,0
LA_D_8301954,0,0.00037999213,0
LA_D_8304989,0,0.00048671028,0
LA_D_8315307,0,0.0004917978,0
LA_D_8316071,0,0.0012472657,0
LA_D_8322431,0,0.0008559569,0
LA_D_8344962,0,0.00042182935,0
LA_D_8345800,0,0.0045315046,0
LA_D_8347056,0,0.0009424925,0
LA_D_8380344,0,0.0013436883,0
LA_D_8398091,0,0.00014288852,0
LA_D_8411616,0,0.00032414153,0
LA_D_8423289,0,0.00013817725,0
LA_D_8447480,0,0.00025995038,0
LA_D_8454223,0,0.00027289175,0
LA_D_8465207,0,0.0015689282,0
LA_D_8476350,0,0.0008495273,0
LA_D_8511483,0,0.00034396898,0
LA_D_8515733,0,0.00038428823,0
LA_D_8534526,0,0.00017761858,0
LA_D_8539612,0,0.00073511695,0
LA_D_8540770,0,0.00036694724,0
LA_D_8543737,0,0.00018405744,0
LA_D_8552142,0,0.00021630489,0
LA_D_8555530,0,0.00020958472,0
LA_D_8611140,0,0.0002923172,0
LA_D_8651248,0,0.00015363093,0
LA_D_8657095,0,0.00018898817,0
LA_D_8676464,0,0.000335136,0
LA_D_8692089,0,0.00064616575,0
LA_D_8723788,0,0.00030666587,0
LA_D_8736662,0,0.00028540578,0
LA_D_8763928,0,0.00053810515,0
LA_D_8780503,0,0.00032477936,0
LA_D_8808510,0,0.00041693685,0
LA_D_8811548,0,0.0011115379,0
LA_D_8826150,0,0.00033225658,0
LA_D_8833531,0,0.0001744445,0
LA_D_8833933,0,0.00031713364,0
LA_D_8841412,0,0.00027492846,0
LA_D_8853078,0,0.00010582118,0
LA_D_8868497,0,0.00021592369,0
LA_D_8873375,0,0.00012804713,0
LA_D_8878315,0,0.00046625035,0
LA_D_8879769,0,0.0003323209,0
LA_D_8890877,0,0.0003612627,0
LA_D_8912964,0,0.00039437067,0
LA_D_8926504,0,0.000596222,0
LA_D_8934774,0,0.0005512255,0
LA_D_8939153,0,0.00033470461,0
LA_D_8941037,0,9.7462755e-05,0
LA_D_8950647,0,0.0004111624,0
LA_D_8960736,0,0.00018971706,0
LA_D_8971601,0,9.347507e-05,0
LA_D_8983751,0,0.0009698462,0
LA_D_9006149,0,0.0004874443,0
LA_D_9059259,0,0.00044646027,0
LA_D_9074375,0,0.00041621842,0
LA_D_9101305,0,0.00036899198,0
LA_D_9115565,0,0.00016637411,0
LA_D_9129216,0,0.000771584,0
LA_D_9133128,0,0.0006378967,0
LA_D_9156038,0,0.0002869777,0
LA_D_9160621,0,0.00024391632,0
LA_D_9209018,0,0.0016386899,0
LA_D_9222077,0,0.00030491807,0
LA_D_9249738,0,0.00022546427,0
LA_D_9251833,0,0.0002663519,0
LA_D_9262825,0,0.0004744627,0
LA_D_9295689,0,0.00047970383,0
LA_D_9375118,0,0.0004622089,0
LA_D_9388333,0,0.00014481694,0
LA_D_9391403,0,0.0007770552,0
LA_D_9435141,0,0.0023301842,0
LA_D_9448997,0,0.00045356213,0
LA_D_9486751,0,0.0004524834,0
LA_D_9490122,0,0.0008051095,0
LA_D_9537289,0,0.00019424611,0
LA_D_9566824,0,0.0007114222,0
LA_D_9572182,0,0.00019854603,0
LA_D_9626758,0,0.00058616925,0
LA_D_9666900,0,0.00058358046,0
LA_D_9721880,0,0.00017881216,0
LA_D_9723855,0,0.0004120401,0
LA_D_9729483,0,0.00032423547,0
LA_D_9774174,0,0.0003773741,0
LA_D_9779978,0,0.00044094873,0
LA_D_9798672,0,0.0006445131,0
LA_D_9808110,0,0.0008664044,0
LA_D_9820486,0,0.00012474065,0
LA_D_9830830,0,0.00021686204,0
LA_D_9863362,0,0.0002744531,0
LA_D_9907979,0,0.00072329247,0
LA_D_9920694,0,0.00022424613,0
LA_D_9951144,0,0.00043756957,0
LA_D_9967530,0,0.0003863891,0
LA_D_9999760,0,0.00022375469,0
LA_D_1025356,0,0.00056666805,0
LA_D_1030640,0,0.0012785961,0
LA_D_1054205,0,0.00014386396,0
LA_D_1071291,0,0.00041886733,0
LA_D_1111073,0,0.0003656381,0
LA_D_1169636,0,0.007000271,0
LA_D_1185773,0,8.417003e-05,0
LA_D_1193402,0,0.00041775397,0
LA_D_1226919,0,0.0003065513,0
LA_D_1230447,0,0.00027226465,0
LA_D_1237480,0,0.0002846493,0
LA_D_1287394,0,0.00017211126,0
LA_D_1297520,0,0.00027146295,0
LA_D_1307115,0,0.0003311201,0
LA_D_1307361,0,0.00031347235,0
LA_D_1335533,0,0.000101214835,0
LA_D_1382825,0,0.00024183109,0
LA_D_1401933,0,0.00058891776,0
LA_D_1412270,0,0.0036921445,0
LA_D_1426011,0,0.00016154024,0
LA_D_1434547,0,0.00020603412,0
LA_D_1440229,0,0.00017258718,0
LA_D_1461530,0,0.0006676058,0
LA_D_1544054,0,0.00045518638,0
LA_D_1608931,0,0.00018211412,0
LA_D_1612620,0,4.8988506e-05,0
LA_D_1675550,0,0.0002294555,0
LA_D_1677234,0,0.00067073526,0
LA_D_1685766,0,0.00018878934,0
LA_D_1693615,0,0.0011789583,0
LA_D_1734325,0,0.00092265126,0
LA_D_1772083,0,0.0002483757,0
LA_D_1776380,0,0.00030829484,0
LA_D_1858151,0,0.0003339123,0
LA_D_1867335,0,0.00095713255,0
LA_D_1921825,0,0.0004363321,0
LA_D_1933165,0,0.00017596726,0
LA_D_1941143,0,0.7754229,1
LA_D_1968546,0,0.00010409435,0
LA_D_2011219,0,0.0004001367,0
LA_D_2071557,0,0.00055797206,0
LA_D_2074827,0,0.0003781877,0
LA_D_2165495,0,0.00023089541,0
LA_D_2188344,0,0.00010360791,0
LA_D_2196548,0,0.00032110052,0
LA_D_2258459,0,0.00027783884,0
LA_D_2258741,0,0.00035735435,0
LA_D_2288300,0,0.00019696985,0
LA_D_2339812,0,0.00041543596,0
LA_D_2358779,0,0.00069436105,0
LA_D_2363490,0,0.00044947542,0
LA_D_2364584,0,0.00023026837,0
LA_D_2366142,0,0.00031009596,0
LA_D_2371531,0,0.00032018073,0
LA_D_2381000,0,0.00020786961,0
LA_D_2405558,0,0.00048514377,0
LA_D_2417651,0,0.0003091923,0
LA_D_2427116,0,0.00017997583,0
LA_D_2446049,0,0.0001992289,0
LA_D_2460010,0,0.00016413786,0
LA_D_2557760,0,0.00030326992,0
LA_D_2563213,0,0.0002740371,0
LA_D_2587030,0,0.00090290117,0
LA_D_2606095,0,0.00032887323,0
LA_D_2626102,0,0.00016205368,0
LA_D_2627350,0,9.256877e-05,0
LA_D_2638013,0,0.0007035942,0
LA_D_2660381,0,0.0003305064,0
LA_D_2691829,0,9.758048e-05,0
LA_D_2769397,0,0.00021861444,0
LA_D_2820525,0,0.0005646704,0
LA_D_2821637,0,0.0012940216,0
LA_D_2899054,0,0.00034730753,0
LA_D_2917041,0,0.00024265259,0
LA_D_2945771,0,0.0006366152,0
LA_D_2949120,0,0.00020793424,0
LA_D_2984362,0,0.00029165662,0
LA_D_2986907,0,0.0003703043,0
LA_D_3004845,0,0.00048145372,0
LA_D_3007276,0,0.00028746817,0
LA_D_3019929,0,0.00029569454,0
LA_D_3057901,0,0.00020787038,0
LA_D_3062235,0,0.00027265222,0
LA_D_3158494,0,0.00096185063,0
LA_D_3184698,0,0.00027717874,0
LA_D_3212454,0,0.00026343012,0
LA_D_3248319,0,0.00011135474,0
LA_D_3266246,0,0.0009278109,0
LA_D_3292105,0,0.0005351105,0
LA_D_3416535,0,0.00023724182,0
LA_D_3446159,0,0.00091480097,0
LA_D_3452933,0,0.00014384366,0
LA_D_3486393,0,0.00033641516,0
LA_D_3495466,0,0.00039308588,0
LA_D_3536487,0,0.00033941856,0
LA_D_3569726,0,0.0004922475,0
LA_D_3590829,0,0.00034618462,0
LA_D_3602669,0,0.0002390795,0
LA_D_3605046,0,0.0003209867,0
LA_D_3652898,0,0.00025508762,0
LA_D_3658031,0,0.00013522919,0
LA_D_3674928,0,0.00016318921,0
LA_D_3691736,0,0.0007463447,0
LA_D_3741607,0,0.00022106263,0
LA_D_3831261,0,0.000285823,0
LA_D_3843887,0,0.00023893893,0
LA_D_3898333,0,0.0007132796,0
LA_D_3960616,0,0.00031990246,0
LA_D_3975996,0,0.00028532665,0
LA_D_4022532,0,0.00038140934,0
LA_D_4029888,0,0.00011933156,0
LA_D_4067593,0,0.00088176114,0
LA_D_4075891,0,0.00014684054,0
LA_D_4144411,0,0.00028173198,0
LA_D_4196632,0,0.0003771957,0
LA_D_4246774,0,0.0006150632,0
LA_D_4260320,0,0.00026962283,0
LA_D_4286664,0,0.00024490038,0
LA_D_4297354,0,0.00024171971,0
LA_D_4356737,0,0.00025542325,0
LA_D_4359265,0,0.0008037083,0
LA_D_4389927,0,0.0004756963,0
LA_D_4485889,0,0.00033011747,0
LA_D_4537572,0,0.00023166763,0
LA_D_4551639,0,0.7112397,1
LA_D_4583777,0,0.0002302374,0
LA_D_4610210,0,0.00019851101,0
LA_D_4617565,0,0.0006942353,0
LA_D_4628640,0,0.0004759679,0
LA_D_4710912,0,0.00044581425,0
LA_D_4767743,0,0.00016387108,0
LA_D_4852255,0,0.0037189054,0
LA_D_4855092,0,0.00070634263,0
LA_D_4875350,0,0.00032261727,0
LA_D_4876159,0,0.00013473288,0
LA_D_4893544,0,0.0003779819,0
LA_D_4904642,0,0.00046237366,0
LA_D_4919668,0,0.0054924064,0
LA_D_4946717,0,0.0002121975,0
LA_D_4962965,0,0.00064226886,0
LA_D_5002979,0,0.60257655,1
LA_D_5013243,0,0.00085550116,0
LA_D_5026225,0,0.00058232865,0
LA_D_5066427,0,0.00025545078,0
LA_D_5103566,0,0.00031301632,0
LA_D_5131261,0,0.0005082783,0
LA_D_5176156,0,0.00032872998,0
LA_D_5181769,0,0.020545585,0
LA_D_5194904,0,0.0003021542,0
LA_D_5223490,0,0.018138919,0
LA_D_5232800,0,0.00023378336,0
LA_D_5233239,0,0.00014543884,0
LA_D_5264948,0,0.00017300619,0
LA_D_5272211,0,0.00025422935,0
LA_D_5280085,0,0.00013570893,0
LA_D_5281076,0,0.0003921831,0
LA_D_5295482,0,0.002498132,0
LA_D_5331450,0,0.00017632046,0
LA_D_5414308,0,0.0005964914,0
LA_D_5451855,0,0.00012804834,0
LA_D_5456485,0,0.00036248224,0
LA_D_5481003,0,0.017870678,0
LA_D_5487740,0,0.00092186825,0
LA_D_5509643,0,0.00036287674,0
LA_D_5529065,0,0.00045909162,0
LA_D_5612758,0,0.00032584375,0
LA_D_5680395,0,0.0003067433,0
LA_D_5713062,0,0.00015629276,0
LA_D_5736677,0,7.7942954e-05,0
LA_D_5769169,0,0.0004919572,0
LA_D_5796502,0,0.103875704,0
LA_D_5827420,0,0.0006062545,0
LA_D_5842927,0,0.0007081665,0
LA_D_5849098,0,0.0021954651,0
LA_D_5856691,0,0.00024339989,0
LA_D_5930167,0,0.00043242986,0
LA_D_5935284,0,0.00025741252,0
LA_D_5970267,0,0.00037239303,0
LA_D_6018972,0,0.00017481566,0
LA_D_6026073,0,0.00036379357,0
LA_D_6053770,0,0.0005141089,0
LA_D_6157715,0,0.006272753,0
LA_D_6165178,0,0.0006515657,0
LA_D_6178175,0,0.00032726556,0
LA_D_6234671,0,0.00025693417,0
LA_D_6273410,0,0.00026573095,0
LA_D_6273504,0,0.00047630112,0
LA_D_6280436,0,0.00042813047,0
LA_D_6283174,0,0.00019686285,0
LA_D_6396489,0,0.00013881193,0
LA_D_6461042,0,0.00016009364,0
LA_D_6498637,0,0.00029246885,0
LA_D_6511574,0,0.00038334823,0
LA_D_6516261,0,0.00014782297,0
LA_D_6588379,0,0.00027048562,0
LA_D_6597050,0,0.43691978,0
LA_D_6597330,0,0.00064236124,0
LA_D_6610656,0,0.0002653869,0
LA_D_6613848,0,0.00031257412,0
LA_D_6636415,0,0.00029781333,0
LA_D_6689023,0,0.00039892131,0
LA_D_6695161,0,0.0002854817,0
LA_D_6752187,0,0.0010933402,0
LA_D_6814636,0,0.00024355148,0
LA_D_6855752,0,0.018468933,0
LA_D_6914760,0,0.00032735887,0
LA_D_6920856,0,0.00031965828,0
LA_D_6930733,0,0.00036621754,0
LA_D_6940521,0,0.00048482988,0
LA_D_7072258,0,0.0013031382,0
LA_D_7101123,0,0.0019270447,0
LA_D_7114007,0,0.00013841462,0
LA_D_7115973,0,0.0004048283,0
LA_D_7120364,0,0.00021527326,0
LA_D_7160537,0,0.00011067301,0
LA_D_7180447,0,0.00026841756,0
LA_D_7199102,0,0.00027988068,0
LA_D_7201951,0,0.00034309257,0
LA_D_7312535,0,0.0075539057,0
LA_D_7398349,0,0.0005684012,0
LA_D_7420352,0,0.00024101348,0
LA_D_7442269,0,0.00044886314,0
LA_D_7444518,0,0.0006178446,0
LA_D_7457091,0,0.0004992092,0
LA_D_7504762,0,0.00013468805,0
LA_D_7506025,0,0.0003452624,0
LA_D_7564052,0,0.00016390733,0
LA_D_7564800,0,0.00020826956,0
LA_D_7579833,0,0.0002175969,0
LA_D_7597147,0,0.026353769,0
LA_D_7618520,0,0.00028404687,0
LA_D_7643858,0,0.00034177396,0
LA_D_7644072,0,0.00014176061,0
LA_D_7673323,0,0.00027308485,0
LA_D_7674419,0,0.00749122,0
LA_D_7712887,0,0.00047184047,0
LA_D_7719213,0,0.0005280373,0
LA_D_7735219,0,0.00028185395,0
LA_D_7738182,0,0.00024300822,0
LA_D_7761946,0,0.00040576365,0
LA_D_7871600,0,0.0009026861,0
LA_D_7891639,0,0.00040260036,0
LA_D_7909240,0,0.00054133165,0
LA_D_7915757,0,0.00030789713,0
LA_D_7980033,0,0.000413746,0
LA_D_8076909,0,0.00018149854,0
LA_D_8077642,0,0.00019041768,0
LA_D_8080127,0,0.00030824868,0
LA_D_8128482,0,0.00018618102,0
LA_D_8138165,0,0.00017592715,0
LA_D_8141415,0,0.00021376114,0
LA_D_8197390,0,0.17442371,0
LA_D_8205467,0,0.0005497018,0
LA_D_8217131,0,0.0002138074,0
LA_D_8223331,0,0.00028957386,0
LA_D_8224117,0,0.0004205277,0
LA_D_8249675,0,0.00010307549,0
LA_D_8261063,0,0.00023340409,0
LA_D_8325357,0,0.00045364944,0
LA_D_8332415,0,0.000131256,0
LA_D_8337861,0,0.00026980616,0
LA_D_8348255,0,0.0004500817,0
LA_D_8380959,0,6.611655e-05,0
LA_D_8435642,0,0.0005961953,0
LA_D_8436519,0,0.0008024915,0
LA_D_8441069,0,0.0006878341,0
LA_D_8467738,0,0.0007285793,0
LA_D_8485138,0,0.00075534586,0
LA_D_8519084,0,0.00030456073,0
LA_D_8575854,0,0.00022511026,0
LA_D_8576496,0,0.00020641774,0
LA_D_8595477,0,0.0004680971,0
LA_D_8636461,0,0.00047092562,0
LA_D_8657393,0,0.00025745083,0
LA_D_8663431,0,0.00015235592,0
LA_D_8691113,0,0.0001429016,0
LA_D_8726741,0,0.00023343878,0
LA_D_8817691,0,0.00013108466,0
LA_D_8832311,0,0.00034011077,0
LA_D_8832584,0,0.00033572182,0
LA_D_8884919,0,0.0004421677,0
LA_D_8944675,0,0.00036488075,0
LA_D_8948710,0,0.00020043709,0
LA_D_8950385,0,0.00026309982,0
LA_D_9189777,0,0.00049290864,0
LA_D_9195548,0,0.00023006779,0
LA_D_9305104,0,0.00028384765,0
LA_D_9334540,0,0.00037061196,0
LA_D_9393077,0,0.00040938088,0
LA_D_9430632,0,0.0005241046,0
LA_D_9468782,0,0.0019361693,0
LA_D_9477146,0,0.0003126784,0
LA_D_9495235,0,0.0009526246,0
LA_D_9525782,0,0.0001324291,0
LA_D_9551181,0,0.00030492013,0
LA_D_9672147,0,0.0005549584,0
LA_D_9759074,0,0.00026928654,0
LA_D_9775592,0,0.00036409442,0
LA_D_9784942,0,0.00057442964,0
LA_D_9791741,0,0.00018789449,0
LA_D_9802861,0,0.0008342766,0
LA_D_9806272,0,0.007015508,0
LA_D_9826388,0,0.00042176823,0
LA_D_9864516,0,0.0002592336,0
LA_D_9913960,0,0.0002539963,0
LA_D_9945483,0,0.00040363945,0
LA_D_9991657,0,0.00027600132,0
LA_D_9991828,0,0.0002516355,0
LA_D_1003797,0,0.00021514174,0
LA_D_1058697,0,0.00063838385,0
LA_D_1068250,0,0.0002961335,0
LA_D_1106906,0,0.0002494698,0
LA_D_1173972,0,0.00038819487,0
LA_D_1191562,0,0.002917353,0
LA_D_1217069,0,0.0010766931,0
LA_D_1225629,0,0.0004948072,0
LA_D_1267039,0,0.00014245427,0
LA_D_1281551,0,0.0018817113,0
LA_D_1297559,0,0.0008919162,0
LA_D_1358556,0,0.00057292165,0
LA_D_1359166,0,0.00077838334,0
LA_D_1365321,0,0.00043651307,0
LA_D_1375085,0,0.0007514223,0
LA_D_1378109,0,0.00024084143,0
LA_D_1409799,0,0.0014847168,0
LA_D_1414287,0,0.0005855121,0
LA_D_1419364,0,0.0006677955,0
LA_D_1419526,0,0.0005231094,0
LA_D_1526842,0,0.0005412517,0
LA_D_1534693,0,0.00049146276,0
LA_D_1541008,0,0.011719412,0
LA_D_1555301,0,0.000456843,0
LA_D_1571595,0,0.000906393,0
LA_D_1571783,0,0.00031214143,0
LA_D_1581762,0,0.0006574484,0
LA_D_1592559,0,0.00028391584,0
LA_D_1601648,0,0.00029398658,0
LA_D_1637646,0,0.000968582,0
LA_D_1645531,0,0.00076330826,0
LA_D_1685863,0,0.00024814563,0
LA_D_1715922,0,0.00091203355,0
LA_D_1757134,0,0.00071747374,0
LA_D_1767230,0,0.001001005,0
LA_D_1789894,0,0.00047152347,0
LA_D_1799775,0,0.00015675515,0
LA_D_1811965,0,0.0007819371,0
LA_D_1812094,0,0.00074938213,0
LA_D_1824827,0,0.00054321927,0
LA_D_1849915,0,0.00078895246,0
LA_D_1855940,0,0.0005164443,0
LA_D_1881500,0,0.00031026747,0
LA_D_1890878,0,0.0005656616,0
LA_D_1922621,0,0.00038862403,0
LA_D_1930859,0,0.00044415062,0
LA_D_1943277,0,0.00038409012,0
LA_D_1955572,0,0.0007160638,0
LA_D_1958672,0,0.00022749668,0
LA_D_1975844,0,0.0006606404,0
LA_D_1976284,0,0.00047322823,0
LA_D_2000885,0,0.00071202446,0
LA_D_2005388,0,0.0002493231,0
LA_D_2053681,0,0.00037351192,0
LA_D_2054654,0,0.001399657,0
LA_D_2093247,0,0.0004053075,0
LA_D_2124188,0,0.00035486725,0
LA_D_2133031,0,0.00035152136,0
LA_D_2157831,0,0.001394083,0
LA_D_2175694,0,0.00035544255,0
LA_D_2223300,0,0.0002526789,0
LA_D_2223782,0,0.0003034122,0
LA_D_2247309,0,0.00015003084,0
LA_D_2255957,0,0.00027375066,0
LA_D_2259016,0,0.0003968303,0
LA_D_2259759,0,0.00032885533,0
LA_D_2284232,0,0.00071747234,0
LA_D_2293597,0,0.00028208326,0
LA_D_2306690,0,0.00037707313,0
LA_D_2395644,0,0.0005665886,0
LA_D_2404279,0,0.00052449235,0
LA_D_2406653,0,0.00015089654,0
LA_D_2424487,0,0.00044358024,0
LA_D_2426166,0,0.00041333327,0
LA_D_2473777,0,0.00060882315,0
LA_D_2494449,0,0.000375556,0
LA_D_2526971,0,0.00036308885,0
LA_D_2536291,0,0.0008661361,0
LA_D_2595427,0,0.00073896954,0
LA_D_2617066,0,0.00030655038,0
LA_D_2619504,0,0.00039865865,0
LA_D_2634056,0,0.00046758782,0
LA_D_2645663,0,0.0002606602,0
LA_D_2707564,0,0.00033188745,0
LA_D_2756525,0,0.00018340276,0
LA_D_2777831,0,0.0006625699,0
LA_D_2798444,0,0.0005004332,0
LA_D_2798789,0,0.000573003,0
LA_D_2839838,0,0.00062579714,0
LA_D_2847323,0,0.0007199901,0
LA_D_2861753,0,0.0003140554,0
LA_D_2868921,0,0.66377926,1
LA_D_2870777,0,0.00039649903,0
LA_D_2877891,0,0.00032076277,0
LA_D_2878681,0,0.00054734334,0
LA_D_2887586,0,0.00033701415,0
LA_D_2997155,0,0.00029061185,0
LA_D_3057551,0,0.0011978124,0
LA_D_3138020,0,0.001009622,0
LA_D_3149229,0,0.0016302911,0
LA_D_3171047,0,0.00054108095,0
LA_D_3176069,0,0.00032602678,0
LA_D_3217329,0,0.0008775168,0
LA_D_3302549,0,0.00023209013,0
LA_D_3334659,0,0.0003229478,0
LA_D_3376856,0,0.00046447018,0
LA_D_3416276,0,0.0007817634,0
LA_D_3421085,0,0.0003422282,0
LA_D_3425851,0,0.00072528183,0
LA_D_3434821,0,0.000440424,0
LA_D_3457024,0,0.0005577599,0
LA_D_3472117,0,0.0008666753,0
LA_D_3506569,0,0.0005084596,0
LA_D_3507835,0,0.00044240506,0
LA_D_3510395,0,0.0007995352,0
LA_D_3523213,0,0.0005322983,0
LA_D_3553967,0,0.0025451535,0
LA_D_3561784,0,0.00022249822,0
LA_D_3611237,0,0.0006557282,0
LA_D_3668954,0,0.0028634286,0
LA_D_3672445,0,0.0018627208,0
LA_D_3681599,0,0.0008237561,0
LA_D_3707430,0,0.0007204843,0
LA_D_3752882,0,0.00031197452,0
LA_D_3754369,0,0.00024705497,0
LA_D_3771563,0,0.0010768735,0
LA_D_3777702,0,0.0004754179,0
LA_D_3792705,0,0.0005102774,0
LA_D_3802210,0,0.0010901775,0
LA_D_3804397,0,0.00038797513,0
LA_D_3833623,0,0.00036258245,0
LA_D_3861037,0,0.0005853597,0
LA_D_3876769,0,0.001256934,0
LA_D_3879195,0,0.00041388758,0
LA_D_3901273,0,0.00040822034,0
LA_D_3930677,0,0.0006186465,0
LA_D_4007785,0,0.00033791337,0
LA_D_4063282,0,0.000470255,0
LA_D_4073647,0,0.9477095,1
LA_D_4074087,0,0.00037451633,0
LA_D_4166028,0,0.00025305306,0
LA_D_4204784,0,0.0007815951,0
LA_D_4206300,0,0.000729618,0
LA_D_4206952,0,0.0005665692,0
LA_D_4293805,0,0.00036600462,0
LA_D_4330927,0,0.0005270392,0
LA_D_4344125,0,0.00034014546,0
LA_D_4411643,0,0.00085643004,0
LA_D_4411966,0,0.00020569023,0
LA_D_4434620,0,0.0012032201,0
LA_D_4459748,0,0.00046588338,0
LA_D_4471810,0,0.00045501368,0
LA_D_4486700,0,0.00033634686,0
LA_D_4488152,0,0.0007017192,0
LA_D_4523165,0,0.0003298246,0
LA_D_4544395,0,0.014868287,0
LA_D_4568975,0,0.00032473262,0
LA_D_4572219,0,0.00022189297,0
LA_D_4613712,0,0.0004609153,0
LA_D_4647613,0,0.00073291705,0
LA_D_4647964,0,0.00068840926,0
LA_D_4718710,0,0.0008304529,0
LA_D_4728446,0,0.0005401112,0
LA_D_4736119,0,0.00021390468,0
LA_D_4741755,0,0.00020501473,0
LA_D_4762537,0,0.0006202027,0
LA_D_4766616,0,0.00043383695,0
LA_D_4769401,0,0.00022965444,0
LA_D_4784805,0,0.00025576612,0
LA_D_4788913,0,0.0008687248,0
LA_D_4812719,0,0.00027074415,0
LA_D_4835735,0,0.00042532524,0
LA_D_4850913,0,0.00042109532,0
LA_D_4893596,0,0.00035606048,0
LA_D_4907389,0,0.0011748329,0
LA_D_4925887,0,0.00029304717,0
LA_D_4929781,0,0.00027193726,0
LA_D_4931710,0,0.00026816636,0
LA_D_4950221,0,0.0017429321,0
LA_D_4958833,0,0.00036024023,0
LA_D_4959035,0,0.0005902799,0
LA_D_4977098,0,0.00067961356,0
LA_D_4984754,0,0.0011059464,0
LA_D_4986715,0,0.00027858128,0
LA_D_5026441,0,0.0009776204,0
LA_D_5026948,0,0.0004591975,0
LA_D_5074906,0,0.0010903302,0
LA_D_5092533,0,0.0005340913,0
LA_D_5115596,0,0.00037365756,0
LA_D_5116527,0,0.0004113274,0
LA_D_5157632,0,0.0004815804,0
LA_D_5169953,0,0.000717447,0
LA_D_5174430,0,0.00038807793,0
LA_D_5184277,0,0.0054525184,0
LA_D_5186676,0,0.00047239134,0
LA_D_5210678,0,0.0007627825,0
LA_D_5245223,0,0.00027821047,0
LA_D_5271094,0,0.0007661606,0
LA_D_5285009,0,0.00015950517,0
LA_D_5298731,0,0.0001585795,0
LA_D_5315391,0,0.00044948186,0
LA_D_5325697,0,0.0006749585,0
LA_D_5327408,0,0.0005802885,0
LA_D_5363458,0,0.0009888465,0
LA_D_5384711,0,0.00028793007,0
LA_D_5389869,0,0.00044890083,0
LA_D_5392790,0,0.00040330485,0
LA_D_5399865,0,0.0012269936,0
LA_D_5467548,0,0.0007020757,0
LA_D_5470881,0,0.0002758098,0
LA_D_5488860,0,0.00055693806,0
LA_D_5488938,0,0.0005460121,0
LA_D_5522142,0,0.0005454388,0
LA_D_5565540,0,0.00033287136,0
LA_D_5584723,0,0.00051809853,0
LA_D_5592106,0,0.00010579272,0
LA_D_5610893,0,0.00017523723,0
LA_D_5611885,0,0.00061522145,0
LA_D_5621269,0,0.0009860486,0
LA_D_5652503,0,0.00053961313,0
LA_D_5723098,0,0.0006892653,0
LA_D_5731221,0,0.00047835676,0
LA_D_5736694,0,0.0010120738,0
LA_D_5774345,0,0.0005079069,0
LA_D_5781617,0,0.00039600875,0
LA_D_5793111,0,0.00032955554,0
LA_D_5795353,0,0.00019256321,0
LA_D_5822586,0,0.00048482203,0
LA_D_5858893,0,0.0007244901,0
LA_D_5909998,0,0.00038875072,0
LA_D_5931137,0,0.0002540757,0
LA_D_5959072,0,0.0003242055,0
LA_D_5967483,0,0.12946902,0
LA_D_6000442,0,0.00049688213,0
LA_D_6035078,0,0.00051727495,0
LA_D_6036733,0,0.0013341423,0
LA_D_6064341,0,0.00057143334,0
LA_D_6115922,0,0.00032631413,0
LA_D_6127270,0,0.00022990926,0
LA_D_6154971,0,0.0006052938,0
LA_D_6155558,0,0.00062526594,0
LA_D_6164680,0,0.0004200289,0
LA_D_6175023,0,0.027704673,0
LA_D_6209992,0,0.00038151987,0
LA_D_6216331,0,0.00047062096,0
LA_D_6326082,0,0.0007570321,0
LA_D_6338190,0,0.0005649342,0
LA_D_6353632,0,0.0002441923,0
LA_D_6353813,0,0.0002985872,0
LA_D_6366738,0,0.00017802653,0
LA_D_6372376,0,0.00033276188,0
LA_D_6387199,0,0.00033150704,0
LA_D_6425908,0,0.0003394956,0
LA_D_6426866,0,0.00026229484,0
LA_D_6474531,0,0.0025951972,0
LA_D_6480457,0,0.00043949674,0
LA_D_6515358,0,0.0002530661,0
LA_D_6517455,0,0.00024939296,0
LA_D_6526664,0,0.00041895002,0
LA_D_6542878,0,0.00031207237,0
LA_D_6547607,0,0.00029035955,0
LA_D_6554548,0,0.0010761824,0
LA_D_6556577,0,0.00086944853,0
LA_D_6599356,0,0.0005416573,0
LA_D_6627213,0,0.0013033083,0
LA_D_6650483,0,0.0016298023,0
LA_D_6663729,0,0.0004305029,0
LA_D_6697232,0,0.0005469512,0
LA_D_6749090,0,0.0075376076,0
LA_D_6760408,0,0.0006188204,0
LA_D_6788782,0,0.0006076614,0
LA_D_6801331,0,0.00045438088,0
LA_D_6810969,0,0.00042607563,0
LA_D_6818615,0,0.00045595458,0
LA_D_6832953,0,0.0005855533,0
LA_D_6851877,0,0.0004687812,0
LA_D_6862553,0,0.0003864937,0
LA_D_6902833,0,0.00021202257,0
LA_D_6925745,0,0.0005832679,0
LA_D_6957117,0,0.00045881775,0
LA_D_6991662,0,0.00026021147,0
LA_D_7018313,0,0.0003569519,0
LA_D_7031080,0,0.013302822,0
LA_D_7043000,0,0.0006709405,0
LA_D_7059463,0,0.004884622,0
LA_D_7103223,0,0.0004313401,0
LA_D_7119255,0,0.0014826073,0
LA_D_7122312,0,0.0006392569,0
LA_D_7123142,0,0.00048184165,0
LA_D_7129621,0,0.00051463005,0
LA_D_7170620,0,0.00054029963,0
LA_D_7173433,0,0.0010920432,0
LA_D_7229041,0,0.0005456416,0
LA_D_7263188,0,0.21988498,0
LA_D_7269587,0,0.018278036,0
LA_D_7285246,0,0.0006388227,0
LA_D_7308100,0,0.0009872454,0
LA_D_7334607,0,0.0006148615,0
LA_D_7357609,0,0.00048271744,0
LA_D_7394528,0,0.0009532247,0
LA_D_7452217,0,0.0002836864,0
LA_D_7512399,0,0.0009910648,0
LA_D_7616531,0,0.0007455919,0
LA_D_7640908,0,0.0003365656,0
LA_D_7660720,0,0.0009464745,0
LA_D_7668402,0,0.00039871942,0
LA_D_7743470,0,0.00075352617,0
LA_D_7763874,0,0.0003417743,0
LA_D_7774346,0,0.0012341753,0
LA_D_7785816,0,0.0004352607,0
LA_D_7789272,0,0.0035648185,0
LA_D_7795388,0,0.000230289,0
LA_D_7801572,0,0.0005396028,0
LA_D_7806943,0,0.0003312603,0
LA_D_7827911,0,0.00069316034,0
LA_D_7860380,0,0.0615544,0
LA_D_7942115,0,0.00043698604,0
LA_D_7947630,0,0.00040103713,0
LA_D_7953159,0,0.00037179564,0
LA_D_7960499,0,0.0006131335,0
LA_D_7970013,0,0.00053603284,0
LA_D_7973088,0,0.0008137085,0
LA_D_7978065,0,0.0007057317,0
LA_D_7996904,0,0.00031621646,0
LA_D_8000547,0,0.0003789846,0
LA_D_8029129,0,0.00031658052,0
LA_D_8048240,0,0.0002673663,0
LA_D_8051414,0,0.0008906501,0
LA_D_8057316,0,0.00089561054,0
LA_D_8060077,0,0.00072362274,0
LA_D_8075381,0,0.0009758794,0
LA_D_8092331,0,0.0008083667,0
LA_D_8114334,0,0.00032001716,0
LA_D_8146012,0,0.0032986419,0
LA_D_8172272,0,0.00018609742,0
LA_D_8175426,0,0.00035907075,0
LA_D_8199055,0,0.0021907112,0
LA_D_8243797,0,0.000710387,0
LA_D_8270674,0,0.0005575776,0
LA_D_8276399,0,0.0020804647,0
LA_D_8285739,0,0.0004251137,0
LA_D_8302698,0,0.00070726953,0
LA_D_8311323,0,0.0009708511,0
LA_D_8343646,0,0.00048950285,0
LA_D_8344568,0,0.0005939674,0
LA_D_8353342,0,0.00045721108,0
LA_D_8363627,0,0.0006676173,0
LA_D_8376156,0,0.0009650458,0
LA_D_8379770,0,0.0082562985,0
LA_D_8392731,0,0.0002482081,0
LA_D_8429218,0,0.0010214079,0
LA_D_8456039,0,0.0006885307,0
LA_D_8484861,0,0.00028376674,0
LA_D_8504769,0,0.0013192375,0
LA_D_8522617,0,0.00014840173,0
LA_D_8535380,0,0.0019790547,0
LA_D_8537544,0,0.00027506033,0
LA_D_8545660,0,0.00095964817,0
LA_D_8552859,0,0.00041620017,0
LA_D_8629864,0,0.0002398231,0
LA_D_8646520,0,0.00063885254,0
LA_D_8674678,0,0.00022962663,0
LA_D_8696545,0,0.00038247986,0
LA_D_8726013,0,0.0003155551,0
LA_D_8755311,0,0.00030813442,0
LA_D_8796891,0,0.0004579356,0
LA_D_8814451,0,0.0007183494,0
LA_D_8850937,0,0.00039329467,0
LA_D_8861762,0,0.00049049256,0
LA_D_8880932,0,0.000837512,0
LA_D_9002788,0,0.0002473128,0
LA_D_9118224,0,0.0015495502,0
LA_D_9132728,0,0.00016917524,0
LA_D_9140494,0,0.0003837267,0
LA_D_9194593,0,0.00038641263,0
LA_D_9223694,0,0.00047513883,0
LA_D_9224359,0,0.00070033356,0
LA_D_9304826,0,0.00068376685,0
LA_D_9335130,0,0.00035599223,0
LA_D_9395844,0,0.0008291055,0
LA_D_9407742,0,0.0005218862,0
LA_D_9414131,0,0.00024083316,0
LA_D_9425366,0,0.0013138722,0
LA_D_9425889,0,0.00041457228,0
LA_D_9449347,0,0.000445878,0
LA_D_9458801,0,0.0070327558,0
LA_D_9498483,0,0.0006246965,0
LA_D_9515513,0,0.046306714,0
LA_D_9517355,0,0.0003851108,0
LA_D_9528402,0,0.0006165157,0
LA_D_9530100,0,0.0009743994,0
LA_D_9585808,0,0.00046400822,0
LA_D_9594281,0,0.0011132801,0
LA_D_9600050,0,0.0003622746,0
LA_D_9605437,0,0.0015018986,0
LA_D_9608815,0,0.0070064715,0
LA_D_9635044,0,0.0011455236,0
LA_D_9649054,0,0.00040695796,0
LA_D_9730987,0,0.00030676907,0
LA_D_9734224,0,0.00025197185,0
LA_D_9738587,0,0.00018527007,0
LA_D_9774358,0,0.0005097985,0
LA_D_9789005,0,0.00034985776,0
LA_D_9861473,0,0.00044836756,0
LA_D_9885320,0,0.00048502864,0
LA_D_9891231,0,0.00045043792,0
LA_D_9907101,0,0.00020573965,0
LA_D_9916763,0,0.0002216162,0
LA_D_9942200,0,0.00017016729,0
LA_D_9942206,0,0.00020977827,0
LA_D_9965111,0,8.008556e-05,0
LA_D_9982040,0,0.00089995435,0
LA_D_9985005,0,0.00017700485,0
LA_D_9989304,0,0.0005699543,0
LA_D_1003673,0,0.00061862706,0
LA_D_1018991,0,0.00049087143,0
LA_D_1027144,0,0.0043098354,0
LA_D_1062960,0,0.001497329,0
LA_D_1066201,0,0.0004172923,0
LA_D_1082950,0,0.00018224528,0
LA_D_1143403,0,0.00022841302,0
LA_D_1160005,0,0.00086125266,0
LA_D_1181647,0,0.00043675158,0
LA_D_1256952,0,0.0007749168,0
LA_D_1264447,0,0.001400349,0
LA_D_1299444,0,0.000582125,0
LA_D_1308621,0,0.00066595996,0
LA_D_1318468,0,0.0005198031,0
LA_D_1348271,0,0.00038923023,0
LA_D_1349987,0,0.0003734973,0
LA_D_1355998,0,0.00035314268,0
LA_D_1382288,0,0.00022100363,0
LA_D_1424942,0,0.00029751562,0
LA_D_1435551,0,0.0009476881,0
LA_D_1487608,0,0.0006281126,0
LA_D_1509369,0,0.00069903664,0
LA_D_1512085,0,0.00015319839,0
LA_D_1512372,0,0.0008464149,0
LA_D_1519820,0,0.00045053498,0
LA_D_1520607,0,0.0007935904,0
LA_D_1543746,0,0.0004119533,0
LA_D_1544521,0,0.0012888974,0
LA_D_1552199,0,0.0005246379,0
LA_D_1597642,0,0.00039910618,0
LA_D_1603140,0,0.00031297666,0
LA_D_1606153,0,0.0005468584,0
LA_D_1626470,0,0.00052140886,0
LA_D_1693968,0,0.0006831963,0
LA_D_1695224,0,0.000200903,0
LA_D_1698196,0,0.00025835496,0
LA_D_1705438,0,0.00017442138,0
LA_D_1767864,0,0.0004120794,0
LA_D_1792264,0,0.0008685551,0
LA_D_1796664,0,0.0010509954,0
LA_D_1799296,0,0.00065451063,0
LA_D_1800646,0,0.00029192393,0
LA_D_1870337,0,0.00083991437,0
LA_D_1898410,0,0.0005054091,0
LA_D_1907918,0,0.000521653,0
LA_D_1918858,0,0.00069077447,0
LA_D_1965730,0,0.00035726445,0
LA_D_2019608,0,0.0006443264,0
LA_D_2045893,0,0.00041012693,0
LA_D_2074110,0,0.00016038821,0
LA_D_2083344,0,0.0011844097,0
LA_D_2083927,0,0.00033994156,0
LA_D_2120410,0,0.0008547719,0
LA_D_2160669,0,0.00029375684,0
LA_D_2178077,0,0.00035452168,0
LA_D_2219332,0,0.0002843498,0
LA_D_2229754,0,0.0005525837,0
LA_D_2242376,0,0.00061123894,0
LA_D_2259559,0,0.00068892713,0
LA_D_2263827,0,0.00078605645,0
LA_D_2284815,0,0.0005479217,0
LA_D_2288103,0,0.00039812768,0
LA_D_2292762,0,0.0006939218,0
LA_D_2299738,0,0.00057076436,0
LA_D_2311293,0,0.0002615841,0
LA_D_2339309,0,0.00061864825,0
LA_D_2350043,0,0.00024371268,0
LA_D_2382483,0,0.00078642956,0
LA_D_2438243,0,0.00035466228,0
LA_D_2465007,0,0.0008883728,0
LA_D_2484807,0,0.0002789188,0
LA_D_2496133,0,0.0002808735,0
LA_D_2530860,0,0.00095073227,0
LA_D_2539085,0,0.00028443467,0
LA_D_2541010,0,0.00024850102,0
LA_D_2564257,0,0.00036912077,0
LA_D_2580710,0,0.006280795,0
LA_D_2592515,0,0.0002327006,0
LA_D_2621682,0,0.00024707758,0
LA_D_2625374,0,0.0006612552,0
LA_D_2653693,0,0.00026254452,0
LA_D_2658121,0,0.00096149876,0
LA_D_2665376,0,0.00067205465,0
LA_D_2704847,0,0.0002920481,0
LA_D_2752105,0,0.00018976336,0
LA_D_2785381,0,0.0002765721,0
LA_D_2827693,0,0.00041722032,0
LA_D_2837799,0,0.0002297839,0
LA_D_2848199,0,0.0003243239,0
LA_D_2848511,0,0.00028298513,0
LA_D_2855533,0,0.0004884462,0
LA_D_2855988,0,0.00031333373,0
LA_D_2859523,0,0.00033425563,0
LA_D_2878110,0,0.00024040417,0
LA_D_2897839,0,0.00028637968,0
LA_D_2906905,0,0.0003410101,0
LA_D_2921446,0,0.0005860871,0
LA_D_3002927,0,0.0005175684,0
LA_D_3007436,0,0.0013892599,0
LA_D_3008473,0,0.00034402535,0
LA_D_3037827,0,0.00022730025,0
LA_D_3041257,0,0.00024617746,0
LA_D_3044060,0,0.0001958242,0
LA_D_3060596,0,0.000943275,0
LA_D_3071341,0,0.00049693516,0
LA_D_3078263,0,0.00032283238,0
LA_D_3080082,0,0.00023980251,0
LA_D_3093801,0,0.000474007,0
LA_D_3095133,0,0.00017929361,0
LA_D_3096183,0,0.00053049915,0
LA_D_3108387,0,0.00037868918,0
LA_D_3132057,0,0.000327289,0
LA_D_3155689,0,0.00021859318,0
LA_D_3184759,0,0.00026382122,0
LA_D_3235736,0,0.00032683092,0
LA_D_3243424,0,0.00053549255,0
LA_D_3337451,0,0.00026588427,0
LA_D_3366009,0,0.0007134801,0
LA_D_3412951,0,0.000711429,0
LA_D_3423415,0,0.00037429144,0
LA_D_3474870,0,0.0004703689,0
LA_D_3531356,0,0.0009675195,0
LA_D_3546775,0,0.0006319616,0
LA_D_3559702,0,0.00029635013,0
LA_D_3566272,0,0.00084674073,0
LA_D_3570892,0,0.00020297091,0
LA_D_3572448,0,0.00023319168,0
LA_D_3584197,0,0.00037375733,0
LA_D_3618767,0,0.00016290098,0
LA_D_3621277,0,0.098029375,0
LA_D_3640131,0,0.00028486454,0
LA_D_3641477,0,0.00041793604,0
LA_D_3683874,0,0.00039004144,0
LA_D_3686659,0,0.00021395729,0
LA_D_3689959,0,0.00022252029,0
LA_D_3694508,0,0.00020828149,0
LA_D_3700284,0,0.00017756743,0
LA_D_3713988,0,0.00016420893,0
LA_D_3789749,0,0.00013546678,0
LA_D_3801718,0,0.00014780153,0
LA_D_3806705,0,0.00023775043,0
LA_D_3818731,0,0.00078204065,0
LA_D_3842267,0,0.00085502764,0
LA_D_3859116,0,0.00083888817,0
LA_D_3890144,0,0.00031802137,0
LA_D_3921431,0,0.00023194456,0
LA_D_3925971,0,0.00028046648,0
LA_D_3930278,0,0.00032473324,0
LA_D_3937288,0,0.00047378562,0
LA_D_3951121,0,0.0007254497,0
LA_D_3953760,0,0.0020952676,0
LA_D_3958440,0,0.000294789,0
LA_D_3958741,0,0.00026600598,0
LA_D_3975228,0,0.00020291729,0
LA_D_3989976,0,0.00017946002,0
LA_D_4012262,0,0.00040425098,0
LA_D_4030113,0,0.00025512,0
LA_D_4039069,0,0.0004252596,0
LA_D_4049023,0,0.0018292692,0
LA_D_4061652,0,0.0017974235,0
LA_D_4119576,0,0.00047363082,0
LA_D_4133418,0,0.00018006079,0
LA_D_4174862,0,0.000792367,0
LA_D_4181002,0,0.00066978094,0
LA_D_4182539,0,0.0005493939,0
LA_D_4244793,0,0.00025785295,0
LA_D_4275035,0,0.001067734,0
LA_D_4287173,0,0.00064505695,0
LA_D_4293945,0,0.00046297128,0
LA_D_4362961,0,0.00018831006,0
LA_D_4403705,0,0.0013300825,0
LA_D_4409999,0,0.00022207836,0
LA_D_4424865,0,0.00042234117,0
LA_D_4432926,0,0.0013615685,0
LA_D_4439058,0,0.00028859323,0
LA_D_4442369,0,0.00026142353,0
LA_D_4464966,0,0.00020912282,0
LA_D_4526668,0,0.00018540138,0
LA_D_4535256,0,0.000700773,0
LA_D_4535603,0,0.00028905252,0
LA_D_4570591,0,0.00050361827,0
LA_D_4585446,0,0.0003290002,0
LA_D_4602760,0,0.0013585117,0
LA_D_4606697,0,0.0002902729,0
LA_D_4622729,0,0.00027531138,0
LA_D_4623818,0,0.00018724082,0
LA_D_4629048,0,0.0006744305,0
LA_D_4638423,0,0.001409624,0
LA_D_4648882,0,0.0010745279,0
LA_D_4658955,0,0.00017949202,0
LA_D_4664367,0,0.00044483194,0
LA_D_4706443,0,0.00034351868,0
LA_D_4706913,0,0.0005687296,0
LA_D_4713977,0,0.0002038971,0
LA_D_4714024,0,0.0003267434,0
LA_D_4725194,0,0.0004044449,0
LA_D_4755723,0,0.0011052166,0
LA_D_4756680,0,0.00029356728,0
LA_D_4780370,0,0.00034398207,0
LA_D_4791696,0,0.0014855455,0
LA_D_4873256,0,0.0006551441,0
LA_D_4909869,0,0.0011510716,0
LA_D_4929080,0,0.00040515646,0
LA_D_4929109,0,0.00081825163,0
LA_D_4945200,0,0.0003419568,0
LA_D_4955878,0,0.000388846,0
LA_D_4987566,0,0.0004573606,0
LA_D_5003095,0,0.001089153,0
LA_D_5032780,0,0.0004967694,0
LA_D_5035334,0,0.00031999793,0
LA_D_5102780,0,0.00093683513,0
LA_D_5110370,0,0.0006391789,0
LA_D_5174405,0,0.00030669218,0
LA_D_5229121,0,0.0001868866,0
LA_D_5251345,0,0.00031301993,0
LA_D_5254618,0,0.0004300153,0
LA_D_5293658,0,0.00017198904,0
LA_D_5299386,0,0.0005860827,0
LA_D_5320850,0,0.000404463,0
LA_D_5349376,0,0.00040164316,0
LA_D_5350443,0,0.0004371373,0
LA_D_5404238,0,0.0006343361,0
LA_D_5426940,0,0.0008897934,0
LA_D_5441528,0,0.0007556799,0
LA_D_5457952,0,0.00044615776,0
LA_D_5470298,0,0.0002788377,0
LA_D_5533482,0,0.00024744772,0
LA_D_5542491,0,0.00034656038,0
LA_D_5558517,0,0.00024198768,0
LA_D_5570657,0,0.00024413085,0
LA_D_5570989,0,0.00024924963,0
LA_D_5581762,0,0.00025897176,0
LA_D_5583900,0,0.00019537716,0
LA_D_5604837,0,0.002148706,0
LA_D_5611362,0,0.002622351,0
LA_D_5629619,0,0.00039192487,0
LA_D_5660742,0,0.0002530837,0
LA_D_5737877,0,0.0010825555,0
LA_D_5741213,0,0.00051039364,0
LA_D_5875302,0,0.00034094544,0
LA_D_5936853,0,0.00035867046,0
LA_D_5940168,0,0.00068284216,0
LA_D_5958479,0,0.00019292507,0
LA_D_5969979,0,0.00015939554,0
LA_D_5981215,0,0.0007650677,0
LA_D_6123181,0,0.0007384204,0
LA_D_6167202,0,0.000702065,0
LA_D_6172260,0,0.00024984492,0
LA_D_6254273,0,0.0005841492,0
LA_D_6268565,0,0.0009442983,0
LA_D_6287117,0,0.00036597566,0
LA_D_6304611,0,0.0009301815,0
LA_D_6310271,0,0.00048719536,0
LA_D_6319430,0,0.00044523497,0
LA_D_6341794,0,0.00075642136,0
LA_D_6368586,0,0.0005857309,0
LA_D_6418299,0,0.0018024183,0
LA_D_6474973,0,0.00041035612,0
LA_D_6480530,0,0.0010776062,0
LA_D_6503994,0,0.0006518998,0
LA_D_6511825,0,0.00019084045,0
LA_D_6518523,0,0.0005944635,0
LA_D_6522646,0,0.00033984243,0
LA_D_6530781,0,0.00041819905,0
LA_D_6553532,0,0.00027496906,0
LA_D_6566390,0,0.00037018608,0
LA_D_6593757,0,0.00030118035,0
LA_D_6650619,0,0.0002358442,0
LA_D_6698563,0,0.00043306718,0
LA_D_6747322,0,0.00048785386,0
LA_D_6772310,0,0.00036948555,0
LA_D_6791436,0,0.0014279275,0
LA_D_6798923,0,0.00035698217,0
LA_D_6831466,0,0.00012164937,0
LA_D_6886270,0,0.00049787964,0
LA_D_6887531,0,0.00053534814,0
LA_D_6892385,0,0.00028237037,0
LA_D_6929837,0,0.0008012796,0
LA_D_6940280,0,0.0004770835,0
LA_D_6989014,0,0.00036570712,0
LA_D_7009295,0,0.00037079214,0
LA_D_7029319,0,0.0009275626,0
LA_D_7030437,0,0.0005246349,0
LA_D_7030861,0,0.0002836715,0
LA_D_7038000,0,0.0008815335,0
LA_D_7045061,0,0.00024715296,0
LA_D_7052959,0,0.00017533684,0
LA_D_7063900,0,0.00027319812,0
LA_D_7077255,0,0.0002865761,0
LA_D_7078301,0,0.0017973789,0
LA_D_7131254,0,6.795326e-05,0
LA_D_7138828,0,0.00019333186,0
LA_D_7160304,0,0.00025162857,0
LA_D_7184020,0,0.0005877777,0
LA_D_7188586,0,0.0008866045,0
LA_D_7199319,0,0.00071676634,0
LA_D_7200286,0,0.0004253577,0
LA_D_7211735,0,0.00025506064,0
LA_D_7232179,0,0.0047258316,0
LA_D_7292406,0,0.0001757915,0
LA_D_7303743,0,0.00036666365,0
LA_D_7366764,0,0.00072124205,0
LA_D_7376410,0,0.00029661244,0
LA_D_7388551,0,0.00094702566,0
LA_D_7406638,0,0.00020940576,0
LA_D_7483433,0,0.00043080424,0
LA_D_7500692,0,0.00052666455,0
LA_D_7501303,0,0.00027640184,0
LA_D_7509721,0,0.0002566947,0
LA_D_7515658,0,0.0005655123,0
LA_D_7568541,0,0.0005075309,0
LA_D_7570304,0,0.0006368373,0
LA_D_7584030,0,0.0005497841,0
LA_D_7647111,0,0.0009603388,0
LA_D_7656559,0,0.00038686898,0
LA_D_7763864,0,0.0002511935,0
LA_D_7765382,0,0.0001768913,0
LA_D_7767507,0,0.0008700278,0
LA_D_7778978,0,0.00054274313,0
LA_D_7785256,0,0.00043887165,0
LA_D_7791861,0,0.0006154959,0
LA_D_7793454,0,0.00022065367,0
LA_D_7809610,0,0.00025958678,0
LA_D_7859872,0,0.00023822558,0
LA_D_7864042,0,0.00031778557,0
LA_D_7867692,0,0.000271682,0
LA_D_7876546,0,0.00027981531,0
LA_D_7911995,0,0.043833025,0
LA_D_7912654,0,0.00033847213,0
LA_D_7979047,0,0.00046232212,0
LA_D_8000064,0,0.00047715043,0
LA_D_8003857,0,0.000604576,0
LA_D_8015234,0,0.00069919653,0
LA_D_8024014,0,0.0013111257,0
LA_D_8029126,0,0.00066909444,0
LA_D_8063526,0,0.0003175878,0
LA_D_8114692,0,0.0012662092,0
LA_D_8116695,0,0.0004750899,0
LA_D_8128645,0,0.00033941338,0
LA_D_8172406,0,0.0005322222,0
LA_D_8212291,0,0.0013705622,0
LA_D_8227552,0,0.00028622712,0
LA_D_8249793,0,0.00065412285,0
LA_D_8283220,0,0.0003889309,0
LA_D_8310686,0,0.001214125,0
LA_D_8314886,0,0.00044896416,0
LA_D_8322191,0,0.00016001411,0
LA_D_8335652,0,0.00081860885,0
LA_D_8343532,0,0.0004445458,0
LA_D_8416303,0,0.00068467716,0
LA_D_8422079,0,0.00039585662,0
LA_D_8437547,0,0.00026099465,0
LA_D_8481946,0,0.0005438778,0
LA_D_8484790,0,0.0005181123,0
LA_D_8501812,0,0.00020102045,0
LA_D_8532018,0,0.0004178082,0
LA_D_8585920,0,0.00026149082,0
LA_D_8638028,0,0.0008707585,0
LA_D_8640337,0,0.00049307034,0
LA_D_8655168,0,0.00021192616,0
LA_D_8668035,0,0.0012282179,0
LA_D_8668814,0,0.00045030183,0
LA_D_8672265,0,0.011083339,0
LA_D_8683478,0,9.0473084e-05,0
LA_D_8702450,0,0.0022778865,0
LA_D_8736354,0,0.0004485099,0
LA_D_8755917,0,0.00039356019,0
LA_D_8756602,0,0.00022535038,0
LA_D_8798259,0,0.0007631112,0
LA_D_8819810,0,0.00017611394,0
LA_D_8822966,0,0.0002557566,0
LA_D_8835215,0,0.000557338,0
LA_D_8880807,0,0.00030444897,0
LA_D_8906207,0,0.036916584,0
LA_D_8922313,0,0.0006132737,0
LA_D_8951502,0,0.00025299468,0
LA_D_9023363,0,0.00042353733,0
LA_D_9025572,0,0.000410838,0
LA_D_9041573,0,0.0004955048,0
LA_D_9048536,0,0.00030466905,0
LA_D_9063074,0,0.0007975112,0
LA_D_9070116,0,0.00021641195,0
LA_D_9098279,0,0.000574301,0
LA_D_9111215,0,0.0003395642,0
LA_D_9126962,0,0.0029710806,0
LA_D_9192205,0,0.0003423182,0
LA_D_9209327,0,0.00059010606,0
LA_D_9247873,0,0.00037901133,0
LA_D_9259186,0,0.00025922793,0
LA_D_9272626,0,0.0007325854,0
LA_D_9313621,0,0.0005299059,0
LA_D_9316268,0,0.0005052381,0
LA_D_9329913,0,0.0002528141,0
LA_D_9333977,0,0.0006973619,0
LA_D_9345210,0,0.00033321555,0
LA_D_9363329,0,0.0005418035,0
LA_D_9370841,0,0.0005285192,0
LA_D_9399404,0,0.00041366476,0
LA_D_9414796,0,0.00033589822,0
LA_D_9417739,0,0.00032106903,0
LA_D_9553605,0,0.0014393588,0
LA_D_9605217,0,0.00041393217,0
LA_D_9666836,0,0.022416923,0
LA_D_9672942,0,0.0005574947,0
LA_D_9680319,0,0.00021465243,0
LA_D_9687839,0,0.00023415033,0
LA_D_9732147,0,0.000678743,0
LA_D_9766606,0,0.00065008254,0
LA_D_9800866,0,0.00071331626,0
LA_D_9828475,0,0.00026904015,0
LA_D_9835602,0,0.00028629374,0
LA_D_9867342,0,0.0005576674,0
LA_D_9923796,0,0.00020149157,0
LA_D_9924117,0,0.0021519226,0
LA_D_1039528,0,0.00024367945,0
LA_D_1076068,0,0.0003742968,0
LA_D_1187262,0,0.0004935744,0
LA_D_1208937,0,0.000102565245,0
LA_D_1256001,0,0.00023544811,0
LA_D_1279699,0,0.00078122574,0
LA_D_1345832,0,0.00035176307,0
LA_D_1360070,0,0.0003259901,0
LA_D_1394044,0,0.00014026274,0
LA_D_1404026,0,0.0005097067,0
LA_D_1405812,0,0.00052705576,0
LA_D_1406948,0,0.00013203808,0
LA_D_1429979,0,0.0001490518,0
LA_D_1447250,0,0.0005782629,0
LA_D_1462556,0,0.00028452906,0
LA_D_1520589,0,3.9319068e-05,0
LA_D_1534909,0,0.00018673003,0
LA_D_1546478,0,0.0005167373,0
LA_D_1574961,0,0.009233243,0
LA_D_1613851,0,0.00037382182,0
LA_D_1623783,0,0.00037639722,0
LA_D_1664915,0,0.0004968693,0
LA_D_1808956,0,0.00020130376,0
LA_D_1975386,0,0.00030127337,0
LA_D_1993921,0,0.00031350824,0
LA_D_2042101,0,0.00040918618,0
LA_D_2049968,0,0.00015266625,0
LA_D_2080320,0,0.00034208174,0
LA_D_2117591,0,0.00032356757,0
LA_D_2199278,0,0.00028504388,0
LA_D_2259292,0,0.00074587186,0
LA_D_2335490,0,0.00027779592,0
LA_D_2406981,0,0.000294798,0
LA_D_2481485,0,0.00086887873,0
LA_D_2547623,0,0.00030212768,0
LA_D_2552841,0,0.0006902237,0
LA_D_2555715,0,0.000553976,0
LA_D_2643276,0,3.229214e-05,0
LA_D_2651341,0,0.00018370888,0
LA_D_2670809,0,0.0006084664,0
LA_D_2671594,0,0.0002508319,0
LA_D_2697100,0,0.00042768093,0
LA_D_2699739,0,0.0004147502,0
LA_D_2720510,0,0.0006975513,0
LA_D_2733623,0,0.00022110267,0
LA_D_2771030,0,0.0006207822,0
LA_D_2797757,0,9.692659e-05,0
LA_D_2852714,0,0.0005787029,0
LA_D_2855249,0,0.00069845933,0
LA_D_2869692,0,0.00016421208,0
LA_D_2871536,0,0.0009958238,0
LA_D_2916691,0,9.237566e-05,0
LA_D_2925315,0,0.0004802373,0
LA_D_2949516,0,0.00061409373,0
LA_D_2985114,0,0.00019799118,0
LA_D_3012833,0,0.0002535762,0
LA_D_3015735,0,0.00025166958,0
LA_D_3017121,0,0.00062074023,0
LA_D_3105314,0,0.00023188863,0
LA_D_3107692,0,0.0009486746,0
LA_D_3174145,0,0.0007321485,0
LA_D_3178726,0,0.000293863,0
LA_D_3241180,0,0.00050346757,0
LA_D_3282769,0,0.001252641,0
LA_D_3294977,0,0.00012842669,0
LA_D_3360066,0,0.0001779393,0
LA_D_3368444,0,0.000121780286,0
LA_D_3384993,0,0.00046072772,0
LA_D_3416825,0,0.0008140373,0
LA_D_3416978,0,0.00025197884,0
LA_D_3419658,0,0.00017192165,0
LA_D_3425893,0,0.00047388457,0
LA_D_3533489,0,0.00024590557,0
LA_D_3552805,0,0.00016385701,0
LA_D_3567520,0,0.00042188563,0
LA_D_3713639,0,8.954441e-05,0
LA_D_3762414,0,0.00012926657,0
LA_D_3788624,0,0.00024999696,0
LA_D_3822372,0,0.00013333924,0
LA_D_3858607,0,0.00045407173,0
LA_D_3874085,0,0.00056027377,0
LA_D_3914511,0,0.00018320755,0
LA_D_3962973,0,0.00020581578,0
LA_D_4021977,0,0.00031854815,0
LA_D_4037663,0,0.00020176455,0
LA_D_4046580,0,0.00029371734,0
LA_D_4088889,0,0.00018513676,0
LA_D_4164777,0,0.0005031759,0
LA_D_4208169,0,0.0004644605,0
LA_D_4239778,0,0.00015590593,0
LA_D_4264923,0,0.0001310514,0
LA_D_4291104,0,0.0003846368,0
LA_D_4301954,0,5.5473003e-05,0
LA_D_4402866,0,0.00023308408,0
LA_D_4488838,0,0.0006740347,0
LA_D_4545884,0,0.00034682645,0
LA_D_4584142,0,0.000714718,0
LA_D_4734716,0,0.0005881229,0
LA_D_4736001,0,0.0001750078,0
LA_D_4762105,0,0.0002642739,0
LA_D_4812481,0,0.00035544863,0
LA_D_4814402,0,0.0001515213,0
LA_D_4824323,0,0.00021864528,0
LA_D_4868270,0,0.00031673844,0
LA_D_4881980,0,0.00019778006,0
LA_D_4943612,0,0.00036700393,0
LA_D_4947939,0,0.0007816845,0
LA_D_4956039,0,0.0002087463,0
LA_D_5013159,0,0.00017321516,0
LA_D_5062241,0,0.00020260004,0
LA_D_5065135,0,0.0005119177,0
LA_D_5068271,0,1.8465083e-05,0
LA_D_5084830,0,0.00023454383,0
LA_D_5168787,0,0.0003776811,0
LA_D_5192033,0,0.00024475777,0
LA_D_5234827,0,0.00024587743,0
LA_D_5236557,0,0.005793406,0
LA_D_5238266,0,0.00063332246,0
LA_D_5241744,0,0.00018572694,0
LA_D_5257381,0,0.0005013728,0
LA_D_5282749,0,0.00017973899,0
LA_D_5285268,0,0.00057006197,0
LA_D_5285970,0,0.00047652726,0
LA_D_5296414,0,0.00023094757,0
LA_D_5305473,0,0.0005008407,0
LA_D_5330155,0,0.00033297163,0
LA_D_5336165,0,0.0012571603,0
LA_D_5369394,0,0.00029858068,0
LA_D_5470214,0,0.0004136927,0
LA_D_5475290,0,0.00010755757,0
LA_D_5483730,0,0.0005979332,0
LA_D_5545619,0,0.00026737267,0
LA_D_5574112,0,0.0005998648,0
LA_D_5661104,0,0.00067918235,0
LA_D_5669124,0,8.046149e-05,0
LA_D_5752206,0,0.00017769329,0
LA_D_5752437,0,0.00046470136,0
LA_D_5761885,0,6.633513e-05,0
LA_D_5763793,0,0.0003038203,0
LA_D_5813568,0,6.642096e-05,0
LA_D_5817787,0,0.00032324658,0
LA_D_5905737,0,0.00015268751,0
LA_D_5921230,0,0.00044378793,0
LA_D_5937021,0,0.00013806122,0
LA_D_5940767,0,0.0001843757,0
LA_D_6020756,0,0.0010798074,0
LA_D_6027499,0,0.00035464336,0
LA_D_6052530,0,0.0003329034,0
LA_D_6090760,0,0.0012365038,0
LA_D_6115335,0,0.0008286142,0
LA_D_6135553,0,0.0005228706,0
LA_D_6177242,0,0.00036228218,0
LA_D_6179226,0,0.00020955954,0
LA_D_6210490,0,0.0001349274,0
LA_D_6214703,0,0.0016894258,0
LA_D_6272018,0,0.00055432826,0
LA_D_6290153,0,0.00013396,0
LA_D_6295513,0,0.00058203784,0
LA_D_6298403,0,0.0002879663,0
LA_D_6321273,0,0.0001935196,0
LA_D_6341314,0,0.00044786176,0
LA_D_6346837,0,0.0003872627,0
LA_D_6359460,0,0.00023912579,0
LA_D_6378566,0,0.0004364877,0
LA_D_6404620,0,0.0003069499,0
LA_D_6409431,0,0.00013799424,0
LA_D_6441885,0,0.00021267371,0
LA_D_6446002,0,0.0001809939,0
LA_D_6468412,0,0.00032840826,0
LA_D_6469406,0,0.00035686616,0
LA_D_6469647,0,0.0005639169,0
LA_D_6525071,0,0.0002483674,0
LA_D_6569285,0,0.00013106003,0
LA_D_6593011,0,0.00026884963,0
LA_D_6595610,0,0.00014236748,0
LA_D_6603047,0,0.00039359924,0
LA_D_6654690,0,0.00036843243,0
LA_D_6662010,0,0.0001247253,0
LA_D_6677490,0,0.0006586187,0
LA_D_6708714,0,0.0008979013,0
LA_D_6728041,0,0.00022491676,0
LA_D_6734401,0,9.781338e-05,0
LA_D_6793108,0,0.00034275482,0
LA_D_6794210,0,0.00053219433,0
LA_D_6835954,0,0.0003035881,0
LA_D_6908205,0,0.000897719,0
LA_D_6947289,0,0.001782858,0
LA_D_7005622,0,0.0006776959,0
LA_D_7010911,0,0.000341378,0
LA_D_7044931,0,0.00027793317,0
LA_D_7051804,0,0.00017658409,0
LA_D_7066954,0,0.0003795689,0
LA_D_7114213,0,0.00013281163,0
LA_D_7137953,0,0.00037524215,0
LA_D_7168411,0,5.340524e-05,0
LA_D_7201438,0,0.0002442249,0
LA_D_7245573,0,0.00034550476,0
LA_D_7284920,0,0.00034284763,0
LA_D_7298083,0,6.654129e-05,0
LA_D_7322960,0,0.00014721585,0
LA_D_7368554,0,0.0002559874,0
LA_D_7368744,0,0.0002520086,0
LA_D_7380127,0,0.0011131421,0
LA_D_7404557,0,0.00026337037,0
LA_D_7439452,0,0.00037665424,0
LA_D_7448540,0,0.0007482782,0
LA_D_7451179,0,0.00076518,0
LA_D_7471232,0,0.0004238112,0
LA_D_7493620,0,0.0004938149,0
LA_D_7520064,0,0.0003223861,0
LA_D_7547533,0,0.0007795347,0
LA_D_7550549,0,0.0001605772,0
LA_D_7612992,0,0.00042199905,0
LA_D_7650371,0,0.000522485,0
LA_D_7705939,0,0.00041986478,0
LA_D_7740163,0,0.00043143632,0
LA_D_7775873,0,0.00040308,0
LA_D_7792362,0,0.00040285033,0
LA_D_7907493,0,0.0004354794,0
LA_D_7916323,0,0.00050900754,0
LA_D_7932134,0,8.781128e-05,0
LA_D_7958461,0,0.00050783914,0
LA_D_7995545,0,0.00016731721,0
LA_D_8002093,0,0.000784216,0
LA_D_8010160,0,0.00034415198,0
LA_D_8020367,0,0.00035849406,0
LA_D_8022699,0,0.00014925191,0
LA_D_8035203,0,0.0005236916,0
LA_D_8145529,0,0.00037080204,0
LA_D_8203916,0,0.00021721466,0
LA_D_8208840,0,0.00043255682,0
LA_D_8210004,0,0.00029519259,0
LA_D_8223817,0,0.00043740612,0
LA_D_8226217,0,0.00019247583,0
LA_D_8240404,0,0.00034120426,0
LA_D_8247746,0,0.00018363113,0
LA_D_8252368,0,0.31501937,0
LA_D_8284460,0,0.00032799962,0
LA_D_8312564,0,0.00037265758,0
LA_D_8364571,0,0.00015097915,0
LA_D_8376351,0,0.006321502,0
LA_D_8383254,0,0.00033137336,0
LA_D_8425884,0,0.00024327506,0
LA_D_8450502,0,0.00010825376,0
LA_D_8584336,0,0.00079222803,0
LA_D_8595379,0,0.074898675,0
LA_D_8630312,0,0.0006007511,0
LA_D_8647491,0,0.0010913122,0
LA_D_8648848,0,0.00016856707,0
LA_D_8653799,0,0.0002663999,0
LA_D_8666902,0,0.0005048443,0
LA_D_8678410,0,0.00039509055,0
LA_D_8682135,0,0.00020018367,0
LA_D_8689278,0,0.00021570905,0
LA_D_8733315,0,0.00027258074,0
LA_D_8747095,0,0.00032419438,0
LA_D_8752359,0,0.00054149167,0
LA_D_8754324,0,0.00034011953,0
LA_D_8765813,0,0.0001396414,0
LA_D_8790703,0,0.00018810117,0
LA_D_8808969,0,0.00015719866,0
LA_D_8818969,0,0.000740483,0
LA_D_8845360,0,0.00055747136,0
LA_D_8876728,0,0.00013576433,0
LA_D_8896610,0,0.00021469707,0
LA_D_8915463,0,0.00018160675,0
LA_D_9026390,0,0.0012573567,0
LA_D_9036300,0,0.0005430526,0
LA_D_9086230,0,0.00021982212,0
LA_D_9098375,0,0.0006716391,0
LA_D_9150782,0,0.00010672756,0
LA_D_9167498,0,0.00024951593,0
LA_D_9171276,0,0.00045720587,0
LA_D_9173640,0,0.00046343313,0
LA_D_9174943,0,0.00018408043,0
LA_D_9175079,0,0.0004233674,0
LA_D_9218689,0,0.00020126787,0
LA_D_9222686,0,0.00021867322,0
LA_D_9248232,0,0.00035459164,0
LA_D_9257320,0,0.0004054814,0
LA_D_9266618,0,0.0007842556,0
LA_D_9301839,0,0.000110049885,0
LA_D_9306659,0,0.0006442687,0
LA_D_9322246,0,0.00027017554,0
LA_D_9352288,0,0.00030040517,0
LA_D_9366858,0,0.0017005848,0
LA_D_9530210,0,0.00014460526,0
LA_D_9581294,0,0.0005820805,0
LA_D_9637098,0,0.0007623371,0
LA_D_9641985,0,0.00027947937,0
LA_D_9646150,0,0.00010558017,0
LA_D_9663682,0,0.00019052139,0
LA_D_9663993,0,0.00041518413,0
LA_D_9729287,0,0.00019839861,0
LA_D_9759473,0,0.0008729367,0
LA_D_9786796,0,0.00046473325,0
LA_D_9793796,0,0.00027261765,0
LA_D_9814205,0,0.00019997246,0
LA_D_9878596,0,0.0011610809,0
LA_D_9881103,0,0.0002761874,0
LA_D_9895494,0,0.00069221575,0
LA_D_9899652,0,0.0003700901,0
LA_D_9904324,0,0.00064107997,0
LA_D_9914048,0,0.00022194034,0
LA_D_9918437,0,0.00033038255,0
LA_D_9945037,0,0.00045165475,0
LA_D_9962097,0,0.00053153327,0
LA_D_9971231,0,0.0004043038,0
LA_D_1002130,0,0.0004511646,0
LA_D_1004357,0,0.00030435756,0
LA_D_1019359,0,0.0004686159,0
LA_D_1083373,0,0.0004627114,0
LA_D_1099280,0,0.00077778875,0
LA_D_1108820,0,8.52728e-05,0
LA_D_1121509,0,0.0003642291,0
LA_D_1138393,0,0.0005340027,0
LA_D_1139673,0,0.0012596486,0
LA_D_1175922,0,0.00060606794,0
LA_D_1178516,0,0.00048271148,0
LA_D_1241886,0,0.0007492936,0
LA_D_1246113,0,0.00021566423,0
LA_D_1281857,0,0.00018925652,0
LA_D_1293448,0,0.00041614304,0
LA_D_1332849,0,0.00027711585,0
LA_D_1370511,0,0.00023375396,0
LA_D_1402537,0,0.0002143338,0
LA_D_1407315,0,0.00022077364,0
LA_D_1411178,0,0.00062472216,0
LA_D_1417054,0,0.00048654655,0
LA_D_1419435,0,0.001009421,0
LA_D_1432574,0,0.0007116934,0
LA_D_1470065,0,0.0058334833,0
LA_D_1496714,0,0.00089612947,0
LA_D_1507147,0,0.0011761979,0
LA_D_1551943,0,0.00070709223,0
LA_D_1556961,0,0.00032335136,0
LA_D_1602797,0,0.00017518143,0
LA_D_1629631,0,0.00013844708,0
LA_D_1642847,0,0.021043845,0
LA_D_1694462,0,0.00022635385,0
LA_D_1695538,0,0.00032314984,0
LA_D_1719192,0,0.003170069,0
LA_D_1734391,0,0.0005109354,0
LA_D_1760707,0,0.00042746292,0
LA_D_1772690,0,0.0008357374,0
LA_D_1776029,0,0.00016895439,0
LA_D_1806429,0,0.0059912247,0
LA_D_1834056,0,0.00034643323,0
LA_D_1835613,0,0.0006300726,0
LA_D_1883294,0,0.006778205,0
LA_D_1888187,0,0.00015396325,0
LA_D_1890747,0,0.00022250884,0
LA_D_1893600,0,0.00026327948,0
LA_D_1924520,0,0.0005234056,0
LA_D_1939530,0,0.00017052691,0
LA_D_1952781,0,0.0006525811,0
LA_D_1958457,0,0.00037447418,0
LA_D_2032800,0,0.00028203323,0
LA_D_2039149,0,0.0007166126,0
LA_D_2077274,0,0.0005451774,0
LA_D_2095422,0,0.0005517254,0
LA_D_2146411,0,0.00069208443,0
LA_D_2146434,0,0.000677364,0
LA_D_2224784,0,0.00046555756,0
LA_D_2225615,0,0.0006993639,0
LA_D_2248370,0,0.0004360194,0
LA_D_2301233,0,0.0009915408,0
LA_D_2316551,0,0.00047858115,0
LA_D_2325585,0,0.00021299292,0
LA_D_2331474,0,0.00035143728,0
LA_D_2340138,0,0.00016484148,0
LA_D_2344937,0,0.00020502567,0
LA_D_2347001,0,0.0006815003,0
LA_D_2357473,0,0.0042184154,0
LA_D_2394870,0,0.0004517589,0
LA_D_2401253,0,0.00030120934,0
LA_D_2418640,0,0.00047975135,0
LA_D_2418754,0,0.00034628957,0
LA_D_2441269,0,0.0002832229,0
LA_D_2448704,0,0.00021473637,0
LA_D_2450173,0,0.00083991274,0
LA_D_2469604,0,0.00022824037,0
LA_D_2494254,0,0.00030652524,0
LA_D_2507581,0,0.0002468946,0
LA_D_2554631,0,0.00048758887,0
LA_D_2554943,0,0.00093478174,0
LA_D_2596805,0,0.0010837895,0
LA_D_2605804,0,0.00027684754,0
LA_D_2612018,0,0.00088908745,0
LA_D_2624303,0,0.0003781408,0
LA_D_2631978,0,0.0004579443,0
LA_D_2656143,0,0.00027959133,0
LA_D_2661406,0,0.00037631326,0
LA_D_2699404,0,0.00062370364,0
LA_D_2712544,0,0.00039327255,0
LA_D_2743305,0,0.000808822,0
LA_D_2749889,0,0.0004968343,0
LA_D_2768317,0,0.0010219793,0
LA_D_2823242,0,0.00032628395,0
LA_D_2849030,0,0.00080868724,0
LA_D_2875382,0,0.00022389318,0
LA_D_2888081,0,0.00025862383,0
LA_D_2896709,0,0.00017694749,0
LA_D_2932863,0,0.00040392161,0
LA_D_2973554,0,0.00033669526,0
LA_D_2986511,0,0.00019325425,0
LA_D_2990501,0,0.00032598237,0
LA_D_3001833,0,0.0005055242,0
LA_D_3026538,0,0.0004984442,0
LA_D_3028894,0,0.000359552,0
LA_D_3030112,0,0.00081917306,0
LA_D_3037574,0,0.00013478157,0
LA_D_3057401,0,0.00043097592,0
LA_D_3086784,0,0.0008585136,0
LA_D_3106788,0,0.0004868954,0
LA_D_3108292,0,0.0006488483,0
LA_D_3155198,0,0.0003230134,0
LA_D_3164494,0,0.00016451298,0
LA_D_3213474,0,0.00020123775,0
LA_D_3220706,0,0.00037307775,0
LA_D_3221893,0,0.003025041,0
LA_D_3238773,0,0.00059193966,0
LA_D_3286643,0,0.0007233256,0
LA_D_3295808,0,0.00039618358,0
LA_D_3320370,0,0.00047615948,0
LA_D_3321949,0,0.00015314449,0
LA_D_3324360,0,0.0005660996,0
LA_D_3333243,0,0.0003749103,0
LA_D_3373111,0,0.0007005799,0
LA_D_3395770,0,0.0006457348,0
LA_D_3406893,0,0.00055550615,0
LA_D_3418736,0,0.00025665236,0
LA_D_3434754,0,0.00020576634,0
LA_D_3447687,0,0.0004102071,0
LA_D_3488802,0,0.0014715602,0
LA_D_3499644,0,0.00045935734,0
LA_D_3516654,0,0.0010273336,0
LA_D_3549647,0,0.00013032093,0
LA_D_3591655,0,0.00027757778,0
LA_D_3685606,0,0.00027751084,0
LA_D_3720598,0,0.00032546188,0
LA_D_3755342,0,0.00064235635,0
LA_D_3814470,0,0.00026771295,0
LA_D_3913989,0,0.00018288779,0
LA_D_3922139,0,0.0010107008,0
LA_D_3926305,0,0.008425891,0
LA_D_3936411,0,0.0005114841,0
LA_D_3938799,0,0.00029470975,0
LA_D_3939594,0,0.0005856025,0
LA_D_3946425,0,0.00066462334,0
LA_D_3988144,0,0.00014480657,0
LA_D_3997436,0,0.00075793004,0
LA_D_4001682,0,0.00048368462,0
LA_D_4081209,0,0.00039159096,0
LA_D_4092177,0,0.00031547662,0
LA_D_4095978,0,0.0012247949,0
LA_D_4135533,0,0.00034001446,0
LA_D_4147879,0,0.0021100894,0
LA_D_4159525,0,0.0010096086,0
LA_D_4193752,0,0.00032845148,0
LA_D_4196607,0,0.0006321501,0
LA_D_4305576,0,0.000851839,0
LA_D_4305596,0,0.00077346637,0
LA_D_4345147,0,0.0004675174,0
LA_D_4353496,0,0.00018257105,0
LA_D_4433475,0,0.00038819487,0
LA_D_4441186,0,0.0003055289,0
LA_D_4463553,0,0.00015314302,0
LA_D_4487394,0,0.0001102727,0
LA_D_4549158,0,0.00032083862,0
LA_D_4620379,0,0.00022685553,0
LA_D_4644335,0,0.0004536711,0
LA_D_4682691,0,0.0006092225,0
LA_D_4707332,0,0.00020108889,0
LA_D_4784490,0,0.00077432476,0
LA_D_4825325,0,0.0006814172,0
LA_D_4839051,0,0.0012074991,0
LA_D_4846035,0,0.00021605506,0
LA_D_4927995,0,0.00053947576,0
LA_D_4931416,0,0.00044759162,0
LA_D_5019631,0,0.00071621395,0
LA_D_5072686,0,0.0003266506,0
LA_D_5077879,0,0.0003100052,0
LA_D_5088657,0,0.0005499749,0
LA_D_5137523,0,0.00075640326,0
LA_D_5164222,0,0.00018439928,0
LA_D_5178827,0,0.00025781954,0
LA_D_5268777,0,0.0005900988,0
LA_D_5270124,0,0.00012763315,0
LA_D_5291013,0,0.0015260312,0
LA_D_5298257,0,0.00012746676,0
LA_D_5310635,0,0.000493637,0
LA_D_5369918,0,0.00046812257,0
LA_D_5374847,0,0.00032953292,0
LA_D_5386814,0,0.00020818062,0
LA_D_5392374,0,0.0003616614,0
LA_D_5412673,0,0.00059450377,0
LA_D_5434480,0,0.0006145885,0
LA_D_5435742,0,0.00029426138,0
LA_D_5439954,0,0.0004260736,0
LA_D_5448084,0,0.00044605273,0
LA_D_5448835,0,0.00028927476,0
LA_D_5457625,0,0.0004137882,0
LA_D_5534901,0,0.0011301297,0
LA_D_5536398,0,0.00078424293,0
LA_D_5545363,0,0.0003168266,0
LA_D_5549589,0,0.00013397406,0
LA_D_5578000,0,0.0003144086,0
LA_D_5579274,0,0.0005457732,0
LA_D_5586181,0,0.00046906996,0
LA_D_5591157,0,0.00046748444,0
LA_D_5614325,0,0.0009819855,0
LA_D_5631270,0,0.0003015392,0
LA_D_5632411,0,0.00060798,0
LA_D_5632822,0,0.0004485851,0
LA_D_5634905,0,0.00046268586,0
LA_D_5636508,0,0.0005963794,0
LA_D_5657965,0,0.00024916575,0
LA_D_5660588,0,0.0009389665,0
LA_D_5675105,0,0.000498486,0
LA_D_5714330,0,0.0003991541,0
LA_D_5737223,0,0.0002154127,0
LA_D_5743084,0,0.00032844863,0
LA_D_5791089,0,0.0007011122,0
LA_D_5817189,0,0.0003849662,0
LA_D_5822352,0,0.0006036254,0
LA_D_5823623,0,0.00045939544,0
LA_D_5840858,0,0.0003734072,0
LA_D_5886708,0,0.00034447171,0
LA_D_5921657,0,0.00028437664,0
LA_D_5936519,0,0.0008325628,0
LA_D_5959182,0,0.00041684503,0
LA_D_5963916,0,0.0003368115,0
LA_D_5997108,0,0.0030474334,0
LA_D_6006490,0,0.00031006962,0
LA_D_6024551,0,0.0003106102,0
LA_D_6026925,0,0.0003103953,0
LA_D_6050195,0,0.0003216465,0
LA_D_6058415,0,0.00025251514,0
LA_D_6074434,0,0.00047342628,0
LA_D_6107704,0,0.00013266898,0
LA_D_6129570,0,0.0004209356,0
LA_D_6146678,0,0.0012008934,0
LA_D_6164824,0,0.00027546237,0
LA_D_6173156,0,0.0010698364,0
LA_D_6206483,0,0.00054628274,0
LA_D_6247609,0,0.0002772522,0
LA_D_6291695,0,0.00016494367,0
LA_D_6296253,0,0.00075138296,0
LA_D_6343618,0,0.00075434736,0
LA_D_6355183,0,0.0008889621,0
LA_D_6357517,0,0.0006279163,0
LA_D_6361374,0,0.08594001,0
LA_D_6363129,0,0.00028213733,0
LA_D_6369671,0,0.00029138755,0
LA_D_6418011,0,0.00087050465,0
LA_D_6421018,0,0.00013022812,0
LA_D_6528432,0,0.00027138894,0
LA_D_6528717,0,0.00029512026,0
LA_D_6534633,0,0.000562415,0
LA_D_6548276,0,0.00022519592,0
LA_D_6551837,0,0.00023379362,0
LA_D_6553349,0,0.0003108875,0
LA_D_6563020,0,0.014921483,0
LA_D_6587989,0,0.00032304326,0
LA_D_6640500,0,0.00014555178,0
LA_D_6674222,0,0.00033997235,0
LA_D_6679031,0,0.00024080997,0
LA_D_6693605,0,0.00031514384,0
LA_D_6707611,0,0.0002732458,0
LA_D_6732661,0,0.00035887805,0
LA_D_6753200,0,0.00018172106,0
LA_D_6827816,0,0.0009195979,0
LA_D_6835200,0,0.00013201554,0
LA_D_6843430,0,0.00011204109,0
LA_D_6851845,0,0.826973,1
LA_D_6854305,0,0.0011539635,0
LA_D_6857943,0,0.00022822972,0
LA_D_6870829,0,0.00025999598,0
LA_D_6879670,0,0.0001831113,0
LA_D_6910104,0,0.00044611227,0
LA_D_6963454,0,0.00016848881,0
LA_D_7001356,0,0.00078593136,0
LA_D_7030074,0,0.00040244378,0
LA_D_7038666,0,0.00054862775,0
LA_D_7085648,0,0.0003628124,0
LA_D_7097624,0,0.00034010754,0
LA_D_7111683,0,0.0005485901,0
LA_D_7121478,0,0.0006988828,0
LA_D_7145472,0,0.00068342296,0
LA_D_7145864,0,0.00037503042,0
LA_D_7156674,0,0.00034393222,0
LA_D_7177412,0,0.0002541828,0
LA_D_7188275,0,0.00034539477,0
LA_D_7212060,0,0.000610115,0
LA_D_7230800,0,0.0002093353,0
LA_D_7264777,0,0.0007358565,0
LA_D_7268521,0,0.00031701848,0
LA_D_7271597,0,0.00076775753,0
LA_D_7275001,0,0.000214642,0
LA_D_7277167,0,0.00015075761,0
LA_D_7281896,0,0.0003881564,0
LA_D_7329677,0,0.00037101423,0
LA_D_7334576,0,0.00072569447,0
LA_D_7365719,0,0.00052659074,0
LA_D_7366301,0,0.0007016423,0
LA_D_7423762,0,0.00041415717,0
LA_D_7451928,0,0.00026881555,0
LA_D_7484822,0,0.0005073703,0
LA_D_7513169,0,0.00075452647,0
LA_D_7575171,0,0.00050520536,0
LA_D_7590619,0,0.00023928453,0
LA_D_7597573,0,0.00048224465,0
LA_D_7600960,0,0.00012668519,0
LA_D_7601080,0,0.00019154452,0
LA_D_7635843,0,0.00019500846,0
LA_D_7638298,0,0.00016805045,0
LA_D_7641159,0,0.00019592207,0
LA_D_7650623,0,0.0005124279,0
LA_D_7651577,0,0.00054652075,0
LA_D_7660110,0,0.00025450726,0
LA_D_7670105,0,0.00044617857,0
LA_D_7677110,0,0.0055082347,0
LA_D_7692770,0,0.0004468771,0
LA_D_7694966,0,0.00045383457,0
LA_D_7724443,0,0.00013110979,0
LA_D_7750449,0,0.0003556069,0
LA_D_7815344,0,0.00042483013,0
LA_D_7816846,0,0.00071856513,0
LA_D_7821892,0,0.00024814444,0
LA_D_7831036,0,0.0002523207,0
LA_D_7854945,0,0.00020077966,0
LA_D_7893809,0,0.00040319568,0
LA_D_7910891,0,0.00062521826,0
LA_D_7917674,0,0.0011393218,0
LA_D_7917852,0,0.0006223195,0
LA_D_7917885,0,0.00034145676,0
LA_D_7944498,0,0.00017778768,0
LA_D_7977171,0,0.00042101584,0
LA_D_7987505,0,0.0004209031,0
LA_D_7989686,0,0.00022497532,0
LA_D_8035961,0,0.00046934903,0
LA_D_8066677,0,0.0012568741,0
LA_D_8079405,0,0.0009572885,0
LA_D_8087885,0,0.00032397718,0
LA_D_8101383,0,0.00029909893,0
LA_D_8142004,0,0.0005666162,0
LA_D_8181392,0,0.00022059522,0
LA_D_8199314,0,0.0014641143,0
LA_D_8215903,0,0.00017440508,0
LA_D_8223320,0,0.00033352224,0
LA_D_8231132,0,0.000747579,0
LA_D_8241127,0,0.00078303093,0
LA_D_8259901,0,0.0008114753,0
LA_D_8280620,0,0.00039064614,0
LA_D_8298208,0,0.0002559491,0
LA_D_8317963,0,0.00032841982,0
LA_D_8322859,0,0.0007283502,0
LA_D_8410808,0,0.0007049385,0
LA_D_8449121,0,0.00052037765,0
LA_D_8449646,0,0.00061300263,0
LA_D_8497918,0,0.00021333355,0
LA_D_8502516,0,0.00032841077,0
LA_D_8536291,0,0.00014370179,0
LA_D_8541183,0,0.0002153786,0
LA_D_8550715,0,0.007167137,0
LA_D_8649628,0,0.024245264,0
LA_D_8700255,0,0.00043631464,0
LA_D_8726221,0,0.00038252433,0
LA_D_8728705,0,0.00027727097,0
LA_D_8729520,0,0.00081933616,0
LA_D_8730212,0,0.00022193,0
LA_D_8742102,0,0.0001728222,0
LA_D_8747282,0,0.00050730834,0
LA_D_8755790,0,0.00082873116,0
LA_D_8809090,0,0.0007598002,0
LA_D_8847918,0,0.000140835,0
LA_D_8848060,0,0.00063323375,0
LA_D_8928963,0,0.0005959225,0
LA_D_8959262,0,0.0005421392,0
LA_D_8978674,0,0.0003227059,0
LA_D_8994968,0,0.00025188734,0
LA_D_9069590,0,0.0003397569,0
LA_D_9094880,0,0.0005063532,0
LA_D_9109205,0,0.00046047353,0
LA_D_9162715,0,0.00034355634,0
LA_D_9171297,0,0.00037714973,0
LA_D_9191310,0,0.0003907113,0
LA_D_9201030,0,0.00022613363,0
LA_D_9205244,0,0.00017981148,0
LA_D_9244829,0,0.0003084195,0
LA_D_9256150,0,0.000249648,0
LA_D_9268984,0,0.00023572055,0
LA_D_9273302,0,0.0001904758,0
LA_D_9364153,0,0.00055318925,0
LA_D_9366124,0,0.00038247876,0
LA_D_9376872,0,0.00023985191,0
LA_D_9382453,0,0.0006549263,0
LA_D_9459461,0,0.00023834007,0
LA_D_9474947,0,0.0005293773,0
LA_D_9502311,0,0.0005507392,0
LA_D_9529091,0,0.00027100858,0
LA_D_9544494,0,0.0002570954,0
LA_D_9547208,0,0.00018881616,0
LA_D_9549013,0,0.0060626715,0
LA_D_9560776,0,0.00066946563,0
LA_D_9574257,0,0.00017521667,0
LA_D_9578605,0,0.0009787686,0
LA_D_9607719,0,4.4910474e-05,0
LA_D_9641619,0,0.0008661922,0
LA_D_9724088,0,0.00060959073,0
LA_D_9734432,0,0.00028428613,0
LA_D_9747163,0,0.00019917401,0
LA_D_9865832,0,0.00023281331,0
LA_D_9875273,0,0.00096755277,0
LA_D_9890188,0,0.0005238983,0
LA_D_9895745,0,0.00015921646,0
LA_D_9960401,0,0.0002151957,0
LA_D_9975747,0,0.000505879,0
LA_D_9981457,0,0.0004771572,0
LA_D_9985248,0,0.00021795924,0
LA_D_9991693,0,0.0026380322,0
LA_D_1002318,0,0.0003177859,0
LA_D_1003356,0,0.0003897393,0
LA_D_1007033,0,0.00026904888,0
LA_D_1010123,0,0.17739326,0
LA_D_1024399,0,0.00046999913,0
LA_D_1079750,0,0.00019978969,0
LA_D_1083812,0,0.00031470848,0
LA_D_1123046,0,0.0003117848,0
LA_D_1139898,0,0.0009918299,0
LA_D_1210991,0,7.970401e-05,0
LA_D_1215152,0,0.09815493,0
LA_D_1222321,0,0.92503166,1
LA_D_1265854,0,0.7367818,1
LA_D_1279998,0,0.00024405078,0
LA_D_1320662,0,0.00047929838,0
LA_D_1358691,0,0.00083059137,0
LA_D_1368786,0,0.0015566665,0
LA_D_1382588,0,0.00024679364,0
LA_D_1415920,0,0.00024105232,0
LA_D_1421770,0,0.00061809074,0
LA_D_1457137,0,0.99655354,1
LA_D_1483464,0,0.00031793767,0
LA_D_1545693,0,0.0018420552,0
LA_D_1564060,0,0.00058774353,0
LA_D_1567825,0,0.0026276547,0
LA_D_1579906,0,0.0004185692,0
LA_D_1580977,0,0.00014200847,0
LA_D_1612576,0,0.00015371972,0
LA_D_1613794,0,0.00021651431,0
LA_D_1616269,0,0.0005812241,0
LA_D_1625505,0,0.00033090616,0
LA_D_1656917,0,0.00056248787,0
LA_D_1731339,0,0.00040802974,0
LA_D_1752177,0,0.00049625116,0
LA_D_1767794,0,0.00031628492,0
LA_D_1783940,0,0.0004061925,0
LA_D_1824869,0,0.0006099284,0
LA_D_1863797,0,0.00033675466,0
LA_D_1890020,0,0.007380811,0
LA_D_1900734,0,0.0040997714,0
LA_D_1903703,0,0.0005108268,0
LA_D_1945462,0,0.0001510994,0
LA_D_1963041,0,0.0002225759,0
LA_D_1974020,0,0.00014629576,0
LA_D_1979882,0,0.0029277576,0
LA_D_1985966,0,0.0005459298,0
LA_D_2042252,0,0.0008840401,0
LA_D_2080992,0,0.00024309721,0
LA_D_2118366,0,0.00024366645,0
LA_D_2123641,0,0.00017084768,0
LA_D_2134538,0,0.00022179312,0
LA_D_2165208,0,0.00016326034,0
LA_D_2176994,0,0.00071877125,0
LA_D_2181333,0,0.0007768858,0
LA_D_2205416,0,0.00049016584,0
LA_D_2241719,0,0.0005328349,0
LA_D_2268605,0,0.0003142881,0
LA_D_2273204,0,0.00045627158,0
LA_D_2301656,0,0.00027362173,0
LA_D_2338001,0,0.0003649427,0
LA_D_2376123,0,0.00019814623,0
LA_D_2378014,0,0.00043232762,0
LA_D_2380179,0,0.00036099728,0
LA_D_2383414,0,0.00039040233,0
LA_D_2402405,0,0.00034275645,0
LA_D_2431261,0,0.0003408928,0
LA_D_2444403,0,0.0002754264,0
LA_D_2450394,0,0.00046024838,0
LA_D_2461278,0,0.0007589441,0
LA_D_2480874,0,0.00038123046,0
LA_D_2505503,0,0.00045753937,0
LA_D_2519560,0,0.00021940962,0
LA_D_2521725,0,0.00049075583,0
LA_D_2576939,0,0.00093002187,0
LA_D_2591422,0,0.00051178597,0
LA_D_2601552,0,0.000480485,0
LA_D_2607111,0,0.00041720996,0
LA_D_2657920,0,0.0012685533,0
LA_D_2705075,0,0.0002186115,0
LA_D_2753138,0,0.0003380806,0
LA_D_2760354,0,0.00032444543,0
LA_D_2789710,0,0.00021370185,0
LA_D_2825147,0,0.00044372867,0
LA_D_2863956,0,0.00015425847,0
LA_D_2897106,0,0.00035872005,0
LA_D_2901976,0,0.00063482777,0
LA_D_2978440,0,0.00046341546,0
LA_D_2989956,0,0.000360775,0
LA_D_3003562,0,0.0011411879,0
LA_D_3090557,0,0.0005893709,0
LA_D_3109995,0,0.00063387497,0
LA_D_3116351,0,0.00986889,0
LA_D_3131801,0,0.00024124546,0
LA_D_3145268,0,0.0007247933,0
LA_D_3161731,0,0.00074810855,0
LA_D_3168206,0,0.0006240628,0
LA_D_3173350,0,0.00026721644,0
LA_D_3174693,0,0.00033594304,0
LA_D_3198406,0,0.0011365738,0
LA_D_3223559,0,0.00044555555,0
LA_D_3240983,0,0.000378678,0
LA_D_3247149,0,0.00027719297,0
LA_D_3293511,0,0.00012723045,0
LA_D_3313609,0,0.0008984944,0
LA_D_3394044,0,0.00059699017,0
LA_D_3403808,0,0.00065532397,0
LA_D_3484420,0,0.00015483539,0
LA_D_3495412,0,0.00022598339,0
LA_D_3498063,0,0.00024645738,0
LA_D_3504312,0,0.00026365652,0
LA_D_3532135,0,0.00025619884,0
LA_D_3553786,0,0.0003401445,0
LA_D_3561094,0,0.00025180881,0
LA_D_3562536,0,0.00040380613,0
LA_D_3579090,0,0.00050402165,0
LA_D_3642328,0,0.0010025033,0
LA_D_3653047,0,0.00026134952,0
LA_D_3676961,0,0.00041846462,0
LA_D_3691520,0,0.0005590325,0
LA_D_3707107,0,0.00035245053,0
LA_D_3742373,0,0.0002495659,0
LA_D_3745110,0,0.00023477158,0
LA_D_3774864,0,0.00062143995,0
LA_D_3796134,0,0.00022009143,0
LA_D_3819672,0,0.00010119418,0
LA_D_3821339,0,0.00044766627,0
LA_D_3833739,0,0.00091015577,0
LA_D_3892973,0,0.00017725212,0
LA_D_3904722,0,0.0004891413,0
LA_D_3920947,0,0.0009537561,0
LA_D_3941210,0,0.00026679234,0
LA_D_3955173,0,0.00092527823,0
LA_D_3982665,0,0.0010148451,0
LA_D_4011725,0,0.0007074373,0
LA_D_4015325,0,0.0007263339,0
LA_D_4036012,0,0.00036001642,0
LA_D_4046755,0,0.00021169534,0
LA_D_4071982,0,0.0008697021,0
LA_D_4086016,0,0.0004931244,0
LA_D_4140722,0,0.00046207057,0
LA_D_4159249,0,0.00044487906,0
LA_D_4190885,0,0.0002438382,0
LA_D_4200716,0,0.0003900835,0
LA_D_4220938,0,0.0664163,0
LA_D_4249761,0,0.016441174,0
LA_D_4264490,0,0.0001354394,0
LA_D_4271192,0,0.0002462009,0
LA_D_4313950,0,0.00045301122,0
LA_D_4324201,0,0.00027751585,0
LA_D_4326531,0,0.00042999026,0
LA_D_4332889,0,0.00060892355,0
LA_D_4343857,0,0.004242552,0
LA_D_4348026,0,0.0011738262,0
LA_D_4357471,0,0.0046256413,0
LA_D_4362559,0,0.0012490323,0
LA_D_4389844,0,0.00045090917,0
LA_D_4394502,0,0.00033665902,0
LA_D_4400144,0,0.00050480344,0
LA_D_4426952,0,0.018380303,0
LA_D_4451147,0,0.0005921146,0
LA_D_4475556,0,0.00012405882,0
LA_D_4485516,0,0.0020910248,0
LA_D_4486175,0,0.00027330444,0
LA_D_4492337,0,0.0029356133,0
LA_D_4509854,0,0.00040428643,0
LA_D_4544920,0,0.0009809438,0
LA_D_4631507,0,0.681963,1
LA_D_4637029,0,0.00019665272,0
LA_D_4637589,0,0.00019079752,0
LA_D_4654085,0,0.0006133859,0
LA_D_4718958,0,0.00045987347,0
LA_D_4753776,0,0.00026272255,0
LA_D_4801311,0,0.00022307239,0
LA_D_4802912,0,0.0064353277,0
LA_D_4810819,0,0.00043595792,0
LA_D_4821168,0,0.00024086668,0
LA_D_4824900,0,0.0007968761,0
LA_D_4829433,0,0.0001550165,0
LA_D_4845387,0,0.0005563582,0
LA_D_4849985,0,0.00011202111,0
LA_D_4851952,0,0.00030376934,0
LA_D_4861387,0,0.00039271283,0
LA_D_4885590,0,0.0036185142,0
LA_D_4897078,0,0.00037055506,0
LA_D_4912474,0,0.0010770644,0
LA_D_4955238,0,0.00037076103,0
LA_D_4955492,0,0.0002522687,0
LA_D_4958797,0,0.00029102995,0
LA_D_4961889,0,0.00025206557,0
LA_D_4975189,0,0.0011832089,0
LA_D_5044532,0,0.06206926,0
LA_D_5072579,0,0.00038362097,0
LA_D_5150241,0,0.0005341651,0
LA_D_5150592,0,0.00035501987,0
LA_D_5216299,0,0.00040801414,0
LA_D_5253450,0,0.00045471409,0
LA_D_5314647,0,0.0004418167,0
LA_D_5323165,0,0.0010044996,0
LA_D_5341605,0,0.00062162237,0
LA_D_5381827,0,0.00018947084,0
LA_D_5432278,0,0.00011313163,0
LA_D_5440069,0,0.0001789911,0
LA_D_5479329,0,0.00026707584,0
LA_D_5493032,0,0.00016117976,0
LA_D_5501050,0,0.0006722968,0
LA_D_5507775,0,0.016360374,0
LA_D_5559526,0,0.00044108197,0
LA_D_5629651,0,0.0003257531,0
LA_D_5633713,0,0.00028462565,0
LA_D_5641697,0,0.87267584,1
LA_D_5688911,0,0.00038256482,0
LA_D_5718734,0,0.9388993,1
LA_D_5741885,0,0.0005972179,0
LA_D_5754650,0,0.0008481983,0
LA_D_5774737,0,0.00043515614,0
LA_D_5778470,0,0.00036628457,0
LA_D_5785488,0,0.00020231088,0
LA_D_5786343,0,0.00032235228,0
LA_D_5786582,0,0.00072923367,0
LA_D_5790180,0,0.0004073554,0
LA_D_5790692,0,0.00032594785,0
LA_D_5876152,0,0.0005964539,0
LA_D_5901352,0,0.00017307844,0
LA_D_5903766,0,0.0005363426,0
LA_D_5907825,0,0.00024636436,0
LA_D_5919815,0,0.00023179645,0
LA_D_5920016,0,0.0043351436,0
LA_D_5942690,0,0.0002817524,0
LA_D_5958326,0,0.00065785146,0
LA_D_5970997,0,0.0018150008,0
LA_D_6004360,0,0.0005971917,0
LA_D_6017423,0,0.0004302379,0
LA_D_6076229,0,0.0008002357,0
LA_D_6077399,0,0.00039580604,0
LA_D_6108795,0,0.00230847,0
LA_D_6151774,0,0.0006218985,0
LA_D_6180779,0,0.00047410594,0
LA_D_6261466,0,0.0032714815,0
LA_D_6291773,0,0.000852176,0
LA_D_6297114,0,0.00036327893,0
LA_D_6330112,0,0.0006397969,0
LA_D_6342151,0,9.980499e-05,0
LA_D_6357526,0,0.47710994,0
LA_D_6366562,0,0.0020187083,0
LA_D_6367598,0,0.00030359015,0
LA_D_6382392,0,0.00012379835,0
LA_D_6394259,0,0.0007872423,0
LA_D_6417464,0,0.00027756006,0
LA_D_6436497,0,0.0001628446,0
LA_D_6472370,0,0.00047815705,0
LA_D_6472737,0,0.00050013326,0
LA_D_6478004,0,0.00030119153,0
LA_D_6489693,0,0.00061166496,0
LA_D_6496952,0,0.00030131562,0
LA_D_6497292,0,0.00046488128,0
LA_D_6502589,0,0.00020991973,0
LA_D_6509223,0,0.0005629277,0
LA_D_6536188,0,0.00029420806,0
LA_D_6557620,0,0.0007309167,0
LA_D_6576995,0,0.00020902853,0
LA_D_6620895,0,0.0004317247,0
LA_D_6624401,0,0.0005320406,0
LA_D_6636656,0,0.0005860955,0
LA_D_6641429,0,0.0004435769,0
LA_D_6667504,0,0.00040594008,0
LA_D_6675827,0,0.044723257,0
LA_D_6679907,0,0.00022093135,0
LA_D_6714210,0,0.00022469705,0
LA_D_6719790,0,0.000575957,0
LA_D_6733531,0,0.000513718,0
LA_D_6748796,0,0.000357717,0
LA_D_6771622,0,0.0007339683,0
LA_D_6778287,0,0.00020283063,0
LA_D_6794543,0,0.0002260099,0
LA_D_6847201,0,0.000684426,0
LA_D_6891553,0,9.9697885e-05,0
LA_D_6899968,0,0.0006359512,0
LA_D_6923750,0,0.0005722051,0
LA_D_6935342,0,0.00042110376,0
LA_D_6959889,0,0.00051797455,0
LA_D_6984434,0,0.00022554254,0
LA_D_7029895,0,0.002455371,0
LA_D_7037343,0,0.00024079366,0
LA_D_7042391,0,0.010756269,0
LA_D_7044321,0,0.0002223818,0
LA_D_7064084,0,0.00027803442,0
LA_D_7121863,0,0.00047818167,0
LA_D_7125248,0,0.00023400258,0
LA_D_7130761,0,0.00020009856,0
LA_D_7139166,0,0.0010848494,0
LA_D_7289059,0,0.0002868828,0
LA_D_7312762,0,0.00019083646,0
LA_D_7335129,0,0.00022946077,0
LA_D_7384863,0,0.00012611102,0
LA_D_7398670,0,0.00044159568,0
LA_D_7466704,0,0.0010411892,0
LA_D_7487419,0,0.0010700567,0
LA_D_7508124,0,0.00015914207,0
LA_D_7513496,0,0.0002504999,0
LA_D_7535009,0,0.00036062166,0
LA_D_7554606,0,0.00086803385,0
LA_D_7589031,0,0.0013022933,0
LA_D_7592783,0,0.0014802783,0
LA_D_7608318,0,0.00075790554,0
LA_D_7673600,0,0.00029007124,0
LA_D_7702759,0,0.00016215538,0
LA_D_7706712,0,0.00023666889,0
LA_D_7726796,0,0.0005043393,0
LA_D_7727200,0,0.0015022177,0
LA_D_7795465,0,0.00029374956,0
LA_D_7835570,0,0.0006007522,0
LA_D_7863255,0,0.0012368101,0
LA_D_7870172,0,0.0001931649,0
LA_D_7934292,0,0.0006134579,0
LA_D_7947662,0,0.00036569947,0
LA_D_7972339,0,0.02769173,0
LA_D_8066591,0,0.0032170333,0
LA_D_8083471,0,0.00067192526,0
LA_D_8118324,0,0.0002957811,0
LA_D_8119264,0,0.00029649146,0
LA_D_8122690,0,0.00036724962,0
LA_D_8131749,0,0.008906508,0
LA_D_8131985,0,0.0003065688,0
LA_D_8227459,0,0.0004722144,0
LA_D_8235169,0,0.00031403563,0
LA_D_8243194,0,0.0004440617,0
LA_D_8258675,0,0.00027688342,0
LA_D_8283471,0,0.00013832147,0
LA_D_8295817,0,0.00039621303,0
LA_D_8303713,0,0.006224784,0
LA_D_8306459,0,0.00035117936,0
LA_D_8360978,0,0.0006439464,0
LA_D_8391113,0,0.00024660994,0
LA_D_8408350,0,0.0004224217,0
LA_D_8439976,0,0.0003845631,0
LA_D_8440657,0,0.00043855424,0
LA_D_8442572,0,0.0002290924,0
LA_D_8444186,0,0.00044562772,0
LA_D_8503156,0,0.00097050803,0
LA_D_8522176,0,0.0005107811,0
LA_D_8523635,0,0.0002406867,0
LA_D_8541793,0,0.0010411515,0
LA_D_8549240,0,0.00036273216,0
LA_D_8552161,0,0.0002573897,0
LA_D_8553340,0,0.0005546411,0
LA_D_8567566,0,0.0002433073,0
LA_D_8568137,0,0.00038770743,0
LA_D_8582499,0,0.00041038074,0
LA_D_8618273,0,0.00037824034,0
LA_D_8645885,0,0.00018204293,0
LA_D_8652044,0,0.00025387836,0
LA_D_8692960,0,0.0009958997,0
LA_D_8694979,0,0.00066607865,0
LA_D_8704256,0,0.002937526,0
LA_D_8750012,0,0.00026711685,0
LA_D_8754459,0,0.00013494733,0
LA_D_8761358,0,0.0004135417,0
LA_D_8771384,0,0.0003075093,0
LA_D_8775645,0,0.00068138406,0
LA_D_8797843,0,0.00027348715,0
LA_D_8816850,0,0.0002068512,0
LA_D_8832668,0,0.0012416118,0
LA_D_8887385,0,0.0002452247,0
LA_D_8927118,0,0.00019353142,0
LA_D_8998906,0,0.00024919782,0
LA_D_9006768,0,0.0009210132,0
LA_D_9008030,0,0.00024488592,0
LA_D_9009361,0,0.0003597807,0
LA_D_9091322,0,0.00035917107,0
LA_D_9102532,0,0.078948006,0
LA_D_9109221,0,0.00018262328,0
LA_D_9125165,0,0.00013011292,0
LA_D_9167526,0,0.0012146905,0
LA_D_9187525,0,0.00088426255,0
LA_D_9190204,0,0.0004267565,0
LA_D_9191799,0,0.000263553,0
LA_D_9205865,0,0.0015587726,0
LA_D_9231862,0,0.00077919307,0
LA_D_9232059,0,0.00030739323,0
LA_D_9267593,0,0.001197526,0
LA_D_9329045,0,0.0005051861,0
LA_D_9364490,0,0.00032978403,0
LA_D_9371349,0,0.00085189583,0
LA_D_9393645,0,0.04588723,0
LA_D_9491351,0,0.00041210337,0
LA_D_9493233,0,0.00021476668,0
LA_D_9528054,0,0.00027590367,0
LA_D_9540057,0,0.00034252062,0
LA_D_9544623,0,0.0004076044,0
LA_D_9555179,0,0.0007418229,0
LA_D_9565153,0,0.00014690399,0
LA_D_9572483,0,0.00018864269,0
LA_D_9589951,0,0.000601297,0
LA_D_9591915,0,0.00053521857,0
LA_D_9605808,0,0.0006470994,0
LA_D_9629972,0,0.0024328446,0
LA_D_9630811,0,0.00026279545,0
LA_D_9642750,0,0.0008183289,0
LA_D_9643942,0,0.0004185648,0
LA_D_9674417,0,0.00066437764,0
LA_D_9714527,0,0.0019327262,0
LA_D_9715736,0,0.0005077796,0
LA_D_9720984,0,0.00034500283,0
LA_D_9791782,0,0.00022350563,0
LA_D_9806108,0,0.00025968807,0
LA_D_9831582,0,0.00047152842,0
LA_D_9841018,0,0.039815903,0
LA_D_9853599,0,0.0008523335,0
LA_D_9898535,0,0.0010960351,0
LA_D_9908094,0,0.0004841658,0
LA_D_9966402,0,0.00041518413,0
LA_D_9966943,0,0.0014370003,0
LA_D_9974628,0,0.0005418319,0
LA_D_9982261,0,0.0004290947,0
LA_D_1002910,0,0.00033822472,0
LA_D_1006756,0,0.00016529934,0
LA_D_1036574,0,0.00044106305,0
LA_D_1115782,0,0.0003494038,0
LA_D_1142805,0,0.00012974633,0
LA_D_1145475,0,0.00010625414,0
LA_D_1170738,0,0.00016743179,0
LA_D_1195377,0,0.00018110371,0
LA_D_1251679,0,0.00011353582,0
LA_D_1257080,0,0.0001534608,0
LA_D_1293421,0,0.00032018533,0
LA_D_1332494,0,0.00026824206,0
LA_D_1357667,0,0.00038125264,0
LA_D_1370948,0,0.0005579295,0
LA_D_1393282,0,0.00053217553,0
LA_D_1396637,0,0.001151687,0
LA_D_1408411,0,0.0012444983,0
LA_D_1457740,0,0.021599764,0
LA_D_1462019,0,0.00026256204,0
LA_D_1472256,0,0.00015829821,0
LA_D_1476842,0,0.0011462342,0
LA_D_1488430,0,0.00024149628,0
LA_D_1489099,0,0.0004898954,0
LA_D_1642715,0,0.00039089538,0
LA_D_1649330,0,0.0002562306,0
LA_D_1651845,0,0.00016819121,0
LA_D_1670299,0,0.00032037034,0
LA_D_1685142,0,0.0006730231,0
LA_D_1735038,0,0.00019486087,0
LA_D_1744359,0,0.00043207096,0
LA_D_1753007,0,0.020066252,0
LA_D_1780584,0,0.00023345304,0
LA_D_1810076,0,0.00028159312,0
LA_D_1815585,0,0.0007292385,0
LA_D_1815707,0,0.0003555418,0
LA_D_1821518,0,0.00013097683,0
LA_D_1825844,0,0.00011297369,0
LA_D_1837161,0,0.00010503962,0
LA_D_1840901,0,0.0021207186,0
LA_D_1851119,0,0.00021034105,0
LA_D_1851769,0,0.0008844723,0
LA_D_1883025,0,0.00037162556,0
LA_D_1885497,0,5.7335958e-05,0
LA_D_1896903,0,0.00053174916,0
LA_D_1927277,0,0.00017340618,0
LA_D_1930385,0,0.00013818793,0
LA_D_1957089,0,0.00019539394,0
LA_D_1957500,0,0.00047795157,0
LA_D_1961972,0,0.00025856885,0
LA_D_1972939,0,0.0002239566,0
LA_D_1975175,0,0.0005727349,0
LA_D_1976553,0,0.00022380418,0
LA_D_2009335,0,0.00013122612,0
LA_D_2069924,0,0.00045947035,0
LA_D_2096131,0,0.000117228024,0
LA_D_2155390,0,0.0011450404,0
LA_D_2168663,0,0.008808727,0
LA_D_2186325,0,0.0005541228,0
LA_D_2194998,0,0.0020541481,0
LA_D_2277312,0,0.0002389266,0
LA_D_2339918,0,0.0005774411,0
LA_D_2350855,0,0.00025215666,0
LA_D_2396859,0,0.0005605927,0
LA_D_2416601,0,0.0004738123,0
LA_D_2479276,0,0.00021133374,0
LA_D_2507237,0,0.00028681988,0
LA_D_2508978,0,0.00047358702,0
LA_D_2515198,0,0.00025411058,0
LA_D_2602530,0,0.00041533183,0
LA_D_2603844,0,0.0022386229,0
LA_D_2607854,0,0.00016641697,0
LA_D_2615029,0,0.00020448721,0
LA_D_2639432,0,0.0002383755,0
LA_D_2644726,0,0.00011840946,0
LA_D_2657639,0,0.0011053587,0
LA_D_2658169,0,0.0004471157,0
LA_D_2661413,0,0.00014838926,0
LA_D_2665829,0,0.0001154373,0
LA_D_2672484,0,0.00048359018,0
LA_D_2707330,0,0.0005118972,0
LA_D_2835020,0,0.0002873325,0
LA_D_2839116,0,0.0014136609,0
LA_D_2866770,0,0.00026585688,0
LA_D_2896872,0,0.00018504867,0
LA_D_2927159,0,0.0004477017,0
LA_D_2930906,0,0.00038606767,0
LA_D_2938165,0,0.00023828415,0
LA_D_2946880,0,0.00015368851,0
LA_D_2957620,0,0.0008137403,0
LA_D_2965868,0,0.00010871907,0
LA_D_2974559,0,0.00030930934,0
LA_D_2991989,0,0.00026577883,0
LA_D_2993728,0,0.0062587797,0
LA_D_3021599,0,0.00053554156,0
LA_D_3107181,0,0.001070335,0
LA_D_3109467,0,0.00025760673,0
LA_D_3126217,0,0.00029293765,0
LA_D_3133630,0,0.0002840282,0
LA_D_3134750,0,0.00040541997,0
LA_D_3154570,0,0.00012531265,0
LA_D_3164104,0,0.00035535035,0
LA_D_3169743,0,0.0007823261,0
LA_D_3223179,0,0.00022436632,0
LA_D_3224827,0,0.00034505018,0
LA_D_3246506,0,0.00040299472,0
LA_D_3263795,0,0.00039835283,0
LA_D_3266637,0,0.00034151503,0
LA_D_3287956,0,0.00024298739,0
LA_D_3320515,0,0.00020631916,0
LA_D_3332353,0,0.006192415,0
LA_D_3337077,0,0.00027699696,0
LA_D_3346997,0,0.00032342196,0
LA_D_3384367,0,0.00061956455,0
LA_D_3394396,0,0.00035294582,0
LA_D_3412597,0,0.0002310381,0
LA_D_3421236,0,0.0018733595,0
LA_D_3429839,0,0.0002845464,0
LA_D_3434309,0,0.00017671952,0
LA_D_3449906,0,0.00033072763,0
LA_D_3468741,0,0.012070189,0
LA_D_3515783,0,0.00025924918,0
LA_D_3518037,0,0.00017031646,0
LA_D_3547583,0,0.00014265953,0
LA_D_3569795,0,0.00057767343,0
LA_D_3587114,0,0.0005243069,0
LA_D_3592273,0,0.00027817546,0
LA_D_3595211,0,0.00025864257,0
LA_D_3690532,0,0.00096378237,0
LA_D_3702939,0,0.0012999164,0
LA_D_3727967,0,0.00046946,0
LA_D_3738454,0,0.0030491524,0
LA_D_3759309,0,0.00022957803,0
LA_D_3772095,0,0.00087457104,0
LA_D_3790932,0,0.00020601056,0
LA_D_3805926,0,0.0029189372,0
LA_D_3825603,0,0.00023081616,0
LA_D_3830220,0,0.0007507781,0
LA_D_3866648,0,0.008303926,0
LA_D_3878824,0,0.0001936815,0
LA_D_3893365,0,0.0001241123,0
LA_D_3903068,0,0.000594429,0
LA_D_3920971,0,0.00012769084,0
LA_D_3923192,0,0.0005659447,0
LA_D_3932387,0,0.00055770675,0
LA_D_3939471,0,0.0016461067,0
LA_D_3980920,0,0.0003499952,0
LA_D_4046683,0,0.0003249079,0
LA_D_4061323,0,0.00043603772,0
LA_D_4070699,0,0.00020788012,0
LA_D_4086876,0,6.764319e-05,0
LA_D_4145030,0,9.8346296e-05,0
LA_D_4173456,0,0.00072110945,0
LA_D_4204879,0,0.0001091509,0
LA_D_4210951,0,0.00017735256,0
LA_D_4253190,0,0.0005469773,0
LA_D_4273717,0,0.00053625257,0
LA_D_4282616,0,0.0008775995,0
LA_D_4285929,0,0.00013563753,0
LA_D_4294830,0,0.00081880385,0
LA_D_4302465,0,0.0005429423,0
LA_D_4312938,0,0.0002589873,0
LA_D_4361904,0,0.00022687025,0
LA_D_4403908,0,0.00036842507,0
LA_D_4446623,0,0.00012443011,0
LA_D_4451377,0,0.0010967578,0
LA_D_4516686,0,0.000665472,0
LA_D_4589606,0,0.0007979574,0
LA_D_4621497,0,0.02787615,0
LA_D_4653264,0,0.00046096713,0
LA_D_4683763,0,0.00016154072,0
LA_D_4702641,0,0.0006001027,0
LA_D_4737852,0,0.00014846896,0
LA_D_4757010,0,0.0009544107,0
LA_D_4757904,0,0.00021239587,0
LA_D_4779241,0,0.00027607867,0
LA_D_4786806,0,0.00037915338,0
LA_D_4818051,0,0.0002129454,0
LA_D_4823636,0,0.0002739564,0
LA_D_4847181,0,0.00078128534,0
LA_D_4847957,0,0.000410441,0
LA_D_4868088,0,0.00112083,0
LA_D_4884945,0,0.0011030225,0
LA_D_4891785,0,0.00028285806,0
LA_D_4895758,0,0.001054787,0
LA_D_4918359,0,0.00051332935,0
LA_D_4924308,0,0.00020166281,0
LA_D_4928888,0,0.00025251802,0
LA_D_5000376,0,0.00033477994,0
LA_D_5043355,0,0.00013896197,0
LA_D_5046774,0,0.00046504836,0
LA_D_5047420,0,0.00025059763,0
LA_D_5055342,0,0.003865368,0
LA_D_5057861,0,0.00085321435,0
LA_D_5059062,0,0.00028012763,0
LA_D_5060694,0,0.00026191425,0
LA_D_5109245,0,0.0010584006,0
LA_D_5109276,0,0.00054090616,0
LA_D_5131627,0,0.0006714791,0
LA_D_5148457,0,0.00025265676,0
LA_D_5174423,0,0.00017028059,0
LA_D_5177635,0,8.8439774e-05,0
LA_D_5191327,0,0.00044574245,0
LA_D_5224548,0,0.0005677341,0
LA_D_5244812,0,0.00029603756,0
LA_D_5245477,0,0.00051413244,0
LA_D_5294579,0,0.00054443686,0
LA_D_5329811,0,0.00024968348,0
LA_D_5403317,0,0.00042769685,0
LA_D_5473251,0,0.0011456722,0
LA_D_5513753,0,0.0001794412,0
LA_D_5513863,0,0.000236626,0
LA_D_5544564,0,0.00068235747,0
LA_D_5546400,0,0.00022337546,0
LA_D_5573860,0,0.00023023457,0
LA_D_5638866,0,0.0004936638,0
LA_D_5647735,0,0.00015816693,0
LA_D_5654442,0,0.00022932798,0
LA_D_5660467,0,0.00036430726,0
LA_D_5671694,0,0.00014922529,0
LA_D_5692078,0,0.0019857264,0
LA_D_5712711,0,0.0024250203,0
LA_D_5736044,0,0.00021400831,0
LA_D_5748144,0,0.0003729547,0
LA_D_5778584,0,0.00019784135,0
LA_D_5814803,0,0.00055531453,0
LA_D_5901185,0,0.00029175673,0
LA_D_5912564,0,0.00024149953,0
LA_D_5917572,0,0.00032377586,0
LA_D_5956543,0,0.00012401055,0
LA_D_5963363,0,0.00033258618,0
LA_D_5973607,0,0.00068087707,0
LA_D_5978354,0,0.00017735863,0
LA_D_6013006,0,0.0009469317,0
LA_D_6020414,0,0.00026609376,0
LA_D_6022892,0,0.00046699136,0
LA_D_6068019,0,0.00025091774,0
LA_D_6084869,0,0.00049943675,0
LA_D_6093076,0,0.0011518692,0
LA_D_6108920,0,0.00021721878,0
LA_D_6125700,0,0.0002345684,0
LA_D_6131320,0,0.00033184854,0
LA_D_6164605,0,0.00013908844,0
LA_D_6217265,0,0.00013927372,0
LA_D_6240589,0,0.00043630673,0
LA_D_6253615,0,0.00023261076,0
LA_D_6262160,0,0.00025218888,0
LA_D_6309848,0,0.00044632496,0
LA_D_6322847,0,0.00055896695,0
LA_D_6323757,0,0.00050414656,0
LA_D_6327775,0,0.00023367481,0
LA_D_6341352,0,0.0034520628,0
LA_D_6365327,0,0.0002624039,0
LA_D_6380108,0,0.00022404715,0
LA_D_6441861,0,0.00041413822,0
LA_D_6460979,0,0.00023992649,0
LA_D_6505457,0,0.000752232,0
LA_D_6510745,0,0.00024732036,0
LA_D_6555487,0,0.0039139013,0
LA_D_6581601,0,0.00061715004,0
LA_D_6599286,0,0.00020138976,0
LA_D_6661034,0,0.00032986517,0
LA_D_6662706,0,0.0014346938,0
LA_D_6684583,0,0.0015565879,0
LA_D_6713489,0,0.00019590135,0
LA_D_6795282,0,0.00020132065,0
LA_D_6799400,0,0.00059000147,0
LA_D_6805212,0,0.00039430824,0
LA_D_6815577,0,0.00046753566,0
LA_D_6844613,0,0.0011936733,0
LA_D_6850195,0,0.00030069516,0
LA_D_6873316,0,0.00020712137,0
LA_D_6887879,0,0.00016839565,0
LA_D_6905024,0,0.00029405666,0
LA_D_6926473,0,0.0054936726,0
LA_D_6954837,0,0.00033020938,0
LA_D_6969154,0,0.0022885685,0
LA_D_7003938,0,0.00010929972,0
LA_D_7005292,0,0.0008410451,0
LA_D_7033700,0,0.00029768245,0
LA_D_7040548,0,0.016264653,0
LA_D_7052344,0,0.00026739482,0
LA_D_7070733,0,0.0001323681,0
LA_D_7075163,0,0.00033422155,0
LA_D_7109306,0,0.00031974027,0
LA_D_7140845,0,0.00052018475,0
LA_D_7142519,0,0.00052531593,0
LA_D_7242493,0,0.0015085866,0
LA_D_7257793,0,0.00049678405,0
LA_D_7290598,0,0.00022891621,0
LA_D_7330429,0,0.0003583557,0
LA_D_7331651,0,0.00021673738,0
LA_D_7331840,0,0.0004622529,0
LA_D_7341748,0,0.0008593876,0
LA_D_7371288,0,0.00018221782,0
LA_D_7386707,0,0.00020347159,0
LA_D_7388904,0,0.0003301049,0
LA_D_7459795,0,0.0009318401,0
LA_D_7490518,0,0.00033411162,0
LA_D_7524540,0,0.0003024303,0
LA_D_7525767,0,0.00029640892,0
LA_D_7577672,0,0.00035528804,0
LA_D_7614671,0,0.00028518168,0
LA_D_7616530,0,0.00023762033,0
LA_D_7659919,0,0.00037112387,0
LA_D_7711838,0,0.00020338276,0
LA_D_7793386,0,0.0003953984,0
LA_D_7799165,0,0.00038209936,0
LA_D_7810446,0,0.00057265465,0
LA_D_7816819,0,0.00020024493,0
LA_D_7817225,0,0.0002499033,0
LA_D_7869978,0,0.0027015219,0
LA_D_7874624,0,0.0003253598,0
LA_D_7918926,0,0.00023200474,0
LA_D_7924795,0,0.00018382557,0
LA_D_7927177,0,0.00042451435,0
LA_D_7961571,0,0.00012795327,0
LA_D_7987497,0,0.00018903702,0
LA_D_7998353,0,0.00038000266,0
LA_D_7998982,0,0.012024095,0
LA_D_8048114,0,0.00026441403,0
LA_D_8051820,0,0.00044377695,0
LA_D_8071721,0,0.0024671673,0
LA_D_8073134,0,0.00051106984,0
LA_D_8129891,0,0.00015101429,0
LA_D_8132797,0,0.00046407102,0
LA_D_8133274,0,0.00026849308,0
LA_D_8155535,0,0.00054470677,0
LA_D_8211359,0,0.0010056582,0
LA_D_8319661,0,0.00045113536,0
LA_D_8339653,0,0.00023684022,0
LA_D_8373803,0,0.00012141724,0
LA_D_8406667,0,0.00014776744,0
LA_D_8413833,0,0.00035961578,0
LA_D_8414079,0,0.00011911521,0
LA_D_8445861,0,0.00014450093,0
LA_D_8470324,0,0.00015691666,0
LA_D_8488684,0,0.00020810105,0
LA_D_8557079,0,0.0011341383,0
LA_D_8563072,0,0.0002205992,0
LA_D_8594352,0,0.00044597365,0
LA_D_8595345,0,0.0014148909,0
LA_D_8646222,0,9.575937e-05,0
LA_D_8647634,0,0.0003092519,0
LA_D_8683889,0,0.0001248725,0
LA_D_8689002,0,0.00015178084,0
LA_D_8701513,0,0.00028173332,0
LA_D_8726210,0,0.00038846105,0
LA_D_8764096,0,0.0003060172,0
LA_D_8800316,0,0.00035707818,0
LA_D_8878225,0,0.00014886999,0
LA_D_8885286,0,0.00033147103,0
LA_D_8913665,0,0.00034786723,0
LA_D_8945802,0,0.00038793444,0
LA_D_8955011,0,0.0004130756,0
LA_D_8961557,0,0.00017893375,0
LA_D_8982866,0,0.0005094701,0
LA_D_9013820,0,0.00018270599,0
LA_D_9015085,0,6.496891e-05,0
LA_D_9025958,0,0.0003916171,0
LA_D_9029869,0,0.00023377957,0
LA_D_9055002,0,0.00033500438,0
LA_D_9076185,0,0.00090338313,0
LA_D_9086164,0,0.00080664456,0
LA_D_9089804,0,0.00083751924,0
LA_D_9126177,0,0.0021753532,0
LA_D_9145182,0,0.00058194745,0
LA_D_9149320,0,0.00016102569,0
LA_D_9150071,0,0.00019155547,0
LA_D_9166383,0,0.00013455686,0
LA_D_9203146,0,0.00025253827,0
LA_D_9217608,0,0.00017714905,0
LA_D_9233512,0,0.0009057887,0
LA_D_9242677,0,0.0002449151,0
LA_D_9252351,0,0.0001500915,0
LA_D_9268935,0,0.0018256927,0
LA_D_9276825,0,0.00024706204,0
LA_D_9286162,0,4.140598e-05,0
LA_D_9286456,0,0.00062870374,0
LA_D_9288104,0,0.0006113129,0
LA_D_9332063,0,0.0001651996,0
LA_D_9339008,0,0.00025155852,0
LA_D_9341531,0,0.00018178829,0
LA_D_9388267,0,7.609834e-05,0
LA_D_9419502,0,0.839383,1
LA_D_9430603,0,0.0004232282,0
LA_D_9440258,0,0.0004448795,0
LA_D_9484916,0,0.00030735455,0
LA_D_9525366,0,0.00020967546,0
LA_D_9558727,0,0.00023306851,0
LA_D_9569310,0,0.0005864666,0
LA_D_9597731,0,0.0027013985,0
LA_D_9609716,0,0.0005076891,0
LA_D_9615030,0,0.00026875891,0
LA_D_9647461,0,0.00043104123,0
LA_D_9656082,0,0.0412487,0
LA_D_9658897,0,0.000425791,0
LA_D_9673922,0,0.0010445293,0
LA_D_9676251,0,0.0004681484,0
LA_D_9676921,0,0.00042817657,0
LA_D_9710399,0,0.00025857255,0
LA_D_9712023,0,0.00021404504,0
LA_D_9736246,0,0.0007772434,0
LA_D_9774465,0,0.00022103058,0
LA_D_9782692,0,0.00011502547,0
LA_D_9797857,0,0.00026359243,0
LA_D_9809862,0,0.00035782583,0
LA_D_9862297,0,0.00061468984,0
LA_D_9892964,0,0.00035104816,0
LA_D_9934207,0,0.00013724035,0
LA_D_9952613,0,0.0017847617,0
LA_D_9954280,0,0.00054650666,0
LA_D_9959509,0,0.00020600269,0
LA_D_9970541,0,0.0012423168,0
LA_D_9971861,0,0.00024819933,0
LA_D_1018989,0,0.0002282208,0
LA_D_1044424,0,0.00041245078,0
LA_D_1068303,0,0.00077559205,0
LA_D_1110507,0,0.00022111594,0
LA_D_1111470,0,0.009343254,0
LA_D_1124684,0,0.00022864681,0
LA_D_1188819,0,0.00015541582,0
LA_D_1207405,0,0.00025565716,0
LA_D_1210739,0,0.00020224223,0
LA_D_1264206,0,0.00014206808,0
LA_D_1289522,0,0.0009955126,0
LA_D_1341428,0,0.00034213453,0
LA_D_1378434,0,0.00043246406,0
LA_D_1432159,0,0.00061422016,0
LA_D_1436694,0,0.0007656906,0
LA_D_1479001,0,0.00030708598,0
LA_D_1489328,0,0.00038653976,0
LA_D_1493620,0,0.0005052073,0
LA_D_1522497,0,0.0001293936,0
LA_D_1529810,0,0.00026719912,0
LA_D_1640011,0,0.0005373742,0
LA_D_1645158,0,0.00016615963,0
LA_D_1711709,0,0.0005268433,0
LA_D_1715178,0,0.0008360768,0
LA_D_1722660,0,0.00044943174,0
LA_D_1775441,0,0.0011209334,0
LA_D_1779305,0,0.00027258412,0
LA_D_1806719,0,0.00018736495,0
LA_D_1808121,0,0.00021627024,0
LA_D_1821494,0,0.00025122895,0
LA_D_1851886,0,0.00016013165,0
LA_D_1868115,0,0.0008023661,0
LA_D_1937666,0,0.00014312388,0
LA_D_1944371,0,0.00014438413,0
LA_D_1975890,0,0.00032914075,0
LA_D_1995273,0,0.00027137497,0
LA_D_2011289,0,0.00043764012,0
LA_D_2016426,0,0.00022035302,0
LA_D_2030792,0,0.0001716427,0
LA_D_2036605,0,0.00034441196,0
LA_D_2053178,0,0.00030332286,0
LA_D_2066670,0,0.0021296132,0
LA_D_2198462,0,0.0011660152,0
LA_D_2208401,0,0.00034651975,0
LA_D_2252345,0,0.00078585575,0
LA_D_2259315,0,0.00051740214,0
LA_D_2333460,0,0.00021895737,0
LA_D_2344667,0,0.0003681491,0
LA_D_2354143,0,0.0004352221,0
LA_D_2355980,0,0.001046342,0
LA_D_2396353,0,0.00027494942,0
LA_D_2427540,0,0.0004076759,0
LA_D_2432621,0,0.0031957307,0
LA_D_2443104,0,0.00044565453,0
LA_D_2457680,0,0.00032385797,0
LA_D_2469057,0,0.00058948825,0
LA_D_2480501,0,0.00032808966,0
LA_D_2489609,0,0.00060156867,0
LA_D_2494829,0,0.000783528,0
LA_D_2499456,0,0.00047902568,0
LA_D_2521605,0,0.001625183,0
LA_D_2565198,0,0.003250042,0
LA_D_2614994,0,0.00041151606,0
LA_D_2645568,0,0.0032417763,0
LA_D_2646597,0,0.00030811032,0
LA_D_2647309,0,0.00014115323,0
LA_D_2653941,0,0.000489732,0
LA_D_2663401,0,0.00016910072,0
LA_D_2665201,0,0.00012868106,0
LA_D_2714663,0,0.0002174144,0
LA_D_2727786,0,0.0007115782,0
LA_D_2743126,0,0.0010060177,0
LA_D_2762514,0,0.0002588027,0
LA_D_2792786,0,5.980934e-05,0
LA_D_2814798,0,0.00027980865,0
LA_D_2836134,0,0.0004181803,0
LA_D_2877393,0,0.00036630555,0
LA_D_2917649,0,0.00062903576,0
LA_D_2923077,0,0.00032066886,0
LA_D_2978760,0,0.00014406575,0
LA_D_3010628,0,0.0009890406,0
LA_D_3029315,0,0.00036657558,0
LA_D_3089796,0,0.00051691465,0
LA_D_3134827,0,0.00077790726,0
LA_D_3170088,0,0.012073238,0
LA_D_3236332,0,0.0014400635,0
LA_D_3241576,0,0.0032745213,0
LA_D_3266332,0,0.00060045853,0
LA_D_3266852,0,0.0016006245,0
LA_D_3332120,0,0.00042519433,0
LA_D_3333209,0,0.00066953385,0
LA_D_3334894,0,0.0047676004,0
LA_D_3359485,0,0.0002514571,0
LA_D_3393482,0,0.00018882212,0
LA_D_3491832,0,0.0028005114,0
LA_D_3493006,0,6.203204e-05,0
LA_D_3508284,0,0.00066616054,0
LA_D_3511562,0,0.0004062277,0
LA_D_3525678,0,0.00016509472,0
LA_D_3538092,0,0.00017764264,0
LA_D_3636204,0,0.0005039664,0
LA_D_3639509,0,0.00019173144,0
LA_D_3642417,0,0.3495376,0
LA_D_3643347,0,8.9016896e-05,0
LA_D_3654109,0,0.0008017615,0
LA_D_3680571,0,0.002864357,0
LA_D_3685552,0,0.00026687043,0
LA_D_3695332,0,0.00050431193,0
LA_D_3698680,0,0.00012298579,0
LA_D_3728940,0,0.00019917857,0
LA_D_3756322,0,0.0006295732,0
LA_D_3766063,0,0.00041788068,0
LA_D_3781277,0,0.0003877969,0
LA_D_3825503,0,0.00060871115,0
LA_D_3827475,0,0.00050666416,0
LA_D_3845207,0,0.00041811695,0
LA_D_3897228,0,0.0013541391,0
LA_D_3948770,0,0.00045725732,0
LA_D_4022606,0,0.00028002108,0
LA_D_4028815,0,0.0002566367,0
LA_D_4060882,0,0.00013048569,0
LA_D_4084655,0,0.00022765205,0
LA_D_4085231,0,0.0014231951,0
LA_D_4089310,0,0.00038892234,0
LA_D_4093381,0,0.00026294336,0
LA_D_4113064,0,0.00045051784,0
LA_D_4171413,0,0.0027311721,0
LA_D_4171795,0,0.000786635,0
LA_D_4223162,0,0.0004382834,0
LA_D_4282301,0,0.00083588966,0
LA_D_4285397,0,0.0005061776,0
LA_D_4291834,0,6.427111e-05,0
LA_D_4308648,0,0.00058525096,0
LA_D_4309087,0,9.424469e-05,0
LA_D_4372209,0,0.00018032882,0
LA_D_4378183,0,0.0001871018,0
LA_D_4406190,0,0.00035787394,0
LA_D_4455555,0,0.0006284419,0
LA_D_4505480,0,0.00034694088,0
LA_D_4581987,0,0.00050129206,0
LA_D_4649942,0,0.00024774042,0
LA_D_4671558,0,0.00017672087,0
LA_D_4698413,0,0.00050118554,0
LA_D_4730271,0,0.00032787456,0
LA_D_4757229,0,0.00044315125,0
LA_D_4787051,0,0.00020791242,0
LA_D_4787055,0,0.00018071024,0
LA_D_4812524,0,0.00023398943,0
LA_D_4823858,0,0.0006777947,0
LA_D_4860185,0,0.0033293446,0
LA_D_4864983,0,0.0003317024,0
LA_D_4916193,0,0.0024989021,0
LA_D_4923143,0,0.00084230915,0
LA_D_4959806,0,0.000596604,0
LA_D_5019442,0,0.0004109429,0
LA_D_5027960,0,0.0018727035,0
LA_D_5066973,0,0.00039599853,0
LA_D_5107660,0,0.0005309206,0
LA_D_5110235,0,0.00047415297,0
LA_D_5141698,0,0.00031967412,0
LA_D_5283334,0,0.00031664755,0
LA_D_5291860,0,0.00033293327,0
LA_D_5313304,0,0.0004462862,0
LA_D_5407460,0,0.0070575736,0
LA_D_5420446,0,1.1070719e-06,0
LA_D_5427380,0,0.00038339137,0
LA_D_5432426,0,0.00017011327,0
LA_D_5515247,0,0.00026310282,0
LA_D_5526345,0,0.0010917905,0
LA_D_5574411,0,0.0004050526,0
LA_D_5590639,0,0.0001527861,0
LA_D_5638088,0,0.00025746704,0
LA_D_5759255,0,0.00054583565,0
LA_D_5786989,0,0.00018560691,0
LA_D_5788668,0,0.0005134086,0
LA_D_5882139,0,0.031398103,0
LA_D_5898710,0,0.00025968754,0
LA_D_5901516,0,0.00025150384,0
LA_D_5903063,0,0.0021346898,0
LA_D_5904033,0,0.0002659279,0
LA_D_5904172,0,0.00046139184,0
LA_D_6010254,0,0.0005091332,0
LA_D_6115355,0,6.956415e-05,0
LA_D_6230991,0,5.8737616e-05,0
LA_D_6273111,0,0.000344543,0
LA_D_6274861,0,0.0001505565,0
LA_D_6336805,0,0.00014905336,0
LA_D_6380361,0,0.00028452554,0
LA_D_6380923,0,0.00045889124,0
LA_D_6381837,0,0.0005595512,0
LA_D_6421649,0,0.000188358,0
LA_D_6435177,0,0.00047618579,0
LA_D_6438125,0,0.0003305086,0
LA_D_6473899,0,0.00049861957,0
LA_D_6490991,0,8.75651e-05,0
LA_D_6497345,0,0.00092614704,0
LA_D_6508716,0,0.00022076817,0
LA_D_6509443,0,0.0006684417,0
LA_D_6528197,0,0.00052947825,0
LA_D_6538501,0,0.001370039,0
LA_D_6580685,0,0.00036421383,0
LA_D_6606504,0,0.00044980075,0
LA_D_6649541,0,0.000118096665,0
LA_D_6690758,0,0.00013051568,0
LA_D_6707846,0,0.00087008,0
LA_D_6707973,0,0.0007633002,0
LA_D_6778062,0,0.000357475,0
LA_D_6799297,0,0.00059717236,0
LA_D_6854523,0,0.00019089816,0
LA_D_6871963,0,0.037813306,0
LA_D_6962689,0,0.00023368753,0
LA_D_7021292,0,0.0005989519,0
LA_D_7037144,0,0.004004249,0
LA_D_7082349,0,0.0011445519,0
LA_D_7135152,0,0.00024576538,0
LA_D_7292869,0,0.00035876824,0
LA_D_7300087,0,8.260249e-05,0
LA_D_7354290,0,0.00017126703,0
LA_D_7374412,0,0.0007164666,0
LA_D_7400626,0,0.0003414395,0
LA_D_7403792,0,0.0002485396,0
LA_D_7471738,0,0.00016983126,0
LA_D_7490132,0,0.00036151317,0
LA_D_7524335,0,0.0003505933,0
LA_D_7538248,0,0.0003025782,0
LA_D_7587951,0,0.09090196,0
LA_D_7590234,0,0.00020125444,0
LA_D_7647800,0,0.00027299064,0
LA_D_7648007,0,0.0007789251,0
LA_D_7660396,0,0.00017576033,0
LA_D_7668901,0,0.00027908024,0
LA_D_7744555,0,0.0005401081,0
LA_D_7823439,0,0.00045626852,0
LA_D_7841141,0,0.0005729451,0
LA_D_7890526,0,0.00030572322,0
LA_D_7922639,0,0.00057469413,0
LA_D_7985661,0,0.00028274537,0
LA_D_7990644,0,0.0005972958,0
LA_D_8027706,0,0.0003776192,0
LA_D_8046996,0,0.00041432065,0
LA_D_8060886,0,0.00045271165,0
LA_D_8095272,0,0.00010759429,0
LA_D_8102632,0,0.00023856603,0
LA_D_8122936,0,0.00021261309,0
LA_D_8258555,0,0.00010572233,0
LA_D_8307917,0,0.00014411192,0
LA_D_8329853,0,0.00042912213,0
LA_D_8340705,0,0.0037370196,0
LA_D_8434545,0,6.629933e-05,0
LA_D_8477754,0,0.00021961263,0
LA_D_8503739,0,0.0003312483,0
LA_D_8515989,0,0.00020867308,0
LA_D_8521793,0,4.598172e-05,0
LA_D_8525874,0,0.00020918706,0
LA_D_8533211,0,0.0006746832,0
LA_D_8565273,0,8.657608e-06,0
LA_D_8567434,0,0.0007480843,0
LA_D_8589204,0,0.00044333044,0
LA_D_8608774,0,0.0022751638,0
LA_D_8733390,0,0.00022460366,0
LA_D_8738468,0,0.00018096803,0
LA_D_8742856,0,0.0015112536,0
LA_D_8748450,0,0.0011072494,0
LA_D_8756730,0,0.00046297436,0
LA_D_8768570,0,0.00060133083,0
LA_D_8782183,0,0.0054201013,0
LA_D_8790225,0,0.00026488258,0
LA_D_8798169,0,0.00013603401,0
LA_D_8814125,0,0.0005611738,0
LA_D_8842776,0,0.019093717,0
LA_D_8868698,0,0.0002250077,0
LA_D_8894851,0,0.00023770462,0
LA_D_8986738,0,0.00030538967,0
LA_D_9036232,0,0.00017751529,0
LA_D_9093353,0,0.0018087227,0
LA_D_9107779,0,0.00017969238,0
LA_D_9119393,0,0.00020571904,0
LA_D_9133378,0,0.002580153,0
LA_D_9140684,0,0.000305528,0
LA_D_9180019,0,0.00050431286,0
LA_D_9189909,0,0.00026856756,0
LA_D_9211377,0,0.0031172228,0
LA_D_9240146,0,0.00021481625,0
LA_D_9269970,0,9.3688344e-05,0
LA_D_9322007,0,0.00031305663,0
LA_D_9323786,0,0.00020204563,0
LA_D_9334159,0,0.00034834843,0
LA_D_9341217,0,0.00058930065,0
LA_D_9386265,0,0.00049467466,0
LA_D_9412135,0,0.0009461553,0
LA_D_9418757,0,0.000118958,0
LA_D_9472560,0,0.00012407183,0
LA_D_9500820,0,0.001738438,0
LA_D_9510776,0,0.0002189605,0
LA_D_9528251,0,0.0002962942,0
LA_D_9599816,0,0.0005913284,0
LA_D_9599870,0,0.0005054038,0
LA_D_9604366,0,0.00019955571,0
LA_D_9623259,0,0.00022156822,0
LA_D_9755509,0,0.00013084477,0
LA_D_9765488,0,0.0002568279,0
LA_D_9834594,0,0.00017674698,0
LA_D_9915578,0,0.00054757454,0
LA_D_9915799,0,0.0022921578,0
LA_D_9915811,0,0.000390143,0
LA_D_9917533,0,0.00020814886,0
LA_D_9949605,0,0.00044425688,0
LA_D_9999690,0,0.00018221,0
LA_D_1041845,0,0.0005315535,0
LA_D_1094871,0,0.00026915717,0
LA_D_1108281,0,0.00025876123,0
LA_D_1135743,0,0.00021944876,0
LA_D_1136030,0,0.00026381895,0
LA_D_1139572,0,0.00010732664,0
LA_D_1181772,0,0.00019880953,0
LA_D_1274657,0,0.00031803836,0
LA_D_1299938,0,0.0007105312,0
LA_D_1348104,0,0.00024126063,0
LA_D_1373736,0,0.00013264861,0
LA_D_1435647,0,0.00024336229,0
LA_D_1447238,0,0.00012871994,0
LA_D_1452937,0,0.0062677967,0
LA_D_1461752,0,0.00065902044,0
LA_D_1495117,0,0.00039541797,0
LA_D_1561479,0,2.6898795e-05,0
LA_D_1568497,0,0.00026337587,0
LA_D_1596158,0,0.00019309382,0
LA_D_1728920,0,0.0005905275,0
LA_D_1844563,0,0.00019971808,0
LA_D_1853446,0,0.00027421562,0
LA_D_1864294,0,0.00025933178,0
LA_D_1925587,0,0.00024182578,0
LA_D_1948572,0,5.2027823e-05,0
LA_D_1955179,0,0.00013095935,0
LA_D_1968679,0,0.00075402256,0
LA_D_1972557,0,0.00044747596,0
LA_D_1995660,0,0.00025493762,0
LA_D_2010812,0,0.00019271657,0
LA_D_2067864,0,0.00026364898,0
LA_D_2140627,0,0.00030416783,0
LA_D_2161419,0,0.00016750526,0
LA_D_2189504,0,0.00033432036,0
LA_D_2207720,0,0.0005669322,0
LA_D_2243154,0,0.00045975292,0
LA_D_2251423,0,0.00034330913,0
LA_D_2319450,0,0.0005415531,0
LA_D_2321124,0,0.00025588294,0
LA_D_2343950,0,0.00019240135,0
LA_D_2365482,0,0.00015629471,0
LA_D_2367854,0,0.00062127947,0
LA_D_2401656,0,0.00026136395,0
LA_D_2405181,0,0.00017655968,0
LA_D_2425412,0,0.00028639392,0
LA_D_2425446,0,0.0004938709,0
LA_D_2439299,0,0.00017398718,0
LA_D_2456990,0,0.00019119144,0
LA_D_2460221,0,0.00017074264,0
LA_D_2485107,0,0.0017445658,0
LA_D_2565263,0,0.00019440768,0
LA_D_2595652,0,0.0002428373,0
LA_D_2669080,0,0.0026182735,0
LA_D_2693786,0,0.00015555578,0
LA_D_2718507,0,0.00045995324,0
LA_D_2768110,0,0.00018994568,0
LA_D_2815461,0,0.0002450543,0
LA_D_2854358,0,0.005353474,0
LA_D_2970295,0,0.00019280794,0
LA_D_2977725,0,0.00021673307,0
LA_D_2977895,0,0.00057918346,0
LA_D_2986975,0,0.0005655204,0
LA_D_3004811,0,0.00022596377,0
LA_D_3049992,0,6.960323e-05,0
LA_D_3056214,0,0.00019540473,0
LA_D_3080340,0,0.00032346978,0
LA_D_3100634,0,0.00011917804,0
LA_D_3114167,0,0.00068827544,0
LA_D_3124864,0,0.00030005598,0
LA_D_3128163,0,0.000120400015,0
LA_D_3129833,0,0.00020912741,0
LA_D_3171725,0,6.628991e-05,0
LA_D_3248547,0,0.00013979927,0
LA_D_3250607,0,0.00018326555,0
LA_D_3263334,0,0.00021263701,0
LA_D_3334928,0,0.00019410042,0
LA_D_3374782,0,0.00035433754,0
LA_D_3412736,0,0.00017403033,0
LA_D_3418220,0,3.6687372e-05,0
LA_D_3425507,0,0.00028208812,0
LA_D_3490654,0,0.00037406958,0
LA_D_3496241,0,0.0011184237,0
LA_D_3507662,0,0.00015914238,0
LA_D_3549897,0,0.00039063426,0
LA_D_3571681,0,0.00012267903,0
LA_D_3577998,0,0.00035455174,0
LA_D_3581277,0,0.00080382853,0
LA_D_3605726,0,0.00023866295,0
LA_D_3637154,0,0.0001004627,0
LA_D_3685390,0,0.0001265746,0
LA_D_3741474,0,7.4709606e-05,0
LA_D_3749655,0,0.00081210973,0
LA_D_3777012,0,1.7131279e-05,0
LA_D_3820104,0,0.00016134491,0
LA_D_3825048,0,0.00019312698,0
LA_D_3890187,0,0.00022608877,0
LA_D_3905848,0,0.00020543346,0
LA_D_3929323,0,0.00013417823,0
LA_D_4002788,0,8.445706e-05,0
LA_D_4019274,0,0.00049443945,0
LA_D_4025786,0,0.00018588037,0
LA_D_4027137,0,0.00016565387,0
LA_D_4033240,0,0.00017878505,0
LA_D_4163700,0,0.00028777556,0
LA_D_4171941,0,0.0002523683,0
LA_D_4172288,0,0.000276434,0
LA_D_4190797,0,0.00021752367,0
LA_D_4202629,0,0.0005571802,0
LA_D_4296133,0,0.00080976833,0
LA_D_4340193,0,0.00015153458,0
LA_D_4355155,0,9.057409e-05,0
LA_D_4398399,0,0.0003074806,0
LA_D_4399191,0,0.00013597163,0
LA_D_4436213,0,0.000119905875,0
LA_D_4476408,0,0.00092170585,0
LA_D_4499351,0,0.00015160844,0
LA_D_4550388,0,0.00032117005,0
LA_D_4558500,0,0.000773953,0
LA_D_4567671,0,0.00040414077,0
LA_D_4585137,0,0.00046253766,0
LA_D_4629056,0,4.386306e-05,0
LA_D_4631033,0,0.0001279046,0
LA_D_4649265,0,0.00010585347,0
LA_D_4718173,0,0.0005705886,0
LA_D_4737822,0,0.00013168086,0
LA_D_4741663,0,0.00012257087,0
LA_D_4770781,0,0.00030297312,0
LA_D_4802475,0,0.00016724113,0
LA_D_4851492,0,0.00022398969,0
LA_D_4923977,0,0.00054649677,0
LA_D_5008093,0,0.00038252503,0
LA_D_5017002,0,8.743793e-05,0
LA_D_5092272,0,0.00016915958,0
LA_D_5100813,0,0.00038678196,0
LA_D_5128111,0,4.559102e-05,0
LA_D_5157517,0,0.0004827869,0
LA_D_5169731,0,0.00024370453,0
LA_D_5208898,0,0.00013594584,0
LA_D_5233431,0,0.0002794442,0
LA_D_5242419,0,0.00027153076,0
LA_D_5243479,0,0.00041428037,0
LA_D_5264996,0,0.00022101162,0
LA_D_5306960,0,0.00019937636,0
LA_D_5310517,0,0.00016971551,0
LA_D_5359798,0,0.000292174,0
LA_D_5383844,0,0.00035048136,0
LA_D_5431286,0,0.00015289338,0
LA_D_5456536,0,0.0002669608,0
LA_D_5523423,0,0.00018439858,0
LA_D_5567412,0,0.00025344786,0
LA_D_5572324,0,0.0011675346,0
LA_D_5586813,0,0.0002851931,0
LA_D_5630768,0,0.00039375233,0
LA_D_5639347,0,0.000664201,0
LA_D_5724957,0,0.00049865094,0
LA_D_5726814,0,0.00024203311,0
LA_D_5802664,0,0.00012002576,0
LA_D_5839621,0,0.001577372,0
LA_D_5940824,0,0.0007346632,0
LA_D_6024993,0,0.0003786426,0
LA_D_6091182,0,0.00021639794,0
LA_D_6138007,0,6.629522e-05,0
LA_D_6168688,0,0.00020837743,0
LA_D_6184612,0,0.00034047768,0
LA_D_6197862,0,0.00024006174,0
LA_D_6208799,0,0.00077634695,0
LA_D_6278890,0,0.00024576634,0
LA_D_6282556,0,8.234374e-05,0
LA_D_6295904,0,0.00017445548,0
LA_D_6298541,0,0.0003845734,0
LA_D_6309997,0,7.3192205e-05,0
LA_D_6316498,0,0.00026068676,0
LA_D_6319262,0,0.0004918634,0
LA_D_6374273,0,0.00028285457,0
LA_D_6379116,0,0.00012020879,0
LA_D_6383761,0,0.00034021193,0
LA_D_6427369,0,0.00044808807,0
LA_D_6430063,0,8.3365245e-05,0
LA_D_6514590,0,0.00046515162,0
LA_D_6525234,0,0.0002563865,0
LA_D_6530169,0,0.00096074876,0
LA_D_6537903,0,0.00018654994,0
LA_D_6556306,0,0.00025735953,0
LA_D_6609619,0,0.000524165,0
LA_D_6675849,0,9.905851e-05,0
LA_D_6719368,0,0.0005100936,0
LA_D_6747363,0,0.00021458122,0
LA_D_6863957,0,9.598501e-05,0
LA_D_6920891,0,0.00015880087,0
LA_D_6960999,0,0.00024179812,0
LA_D_6975465,0,0.00035975533,0
LA_D_7015832,0,0.0001620784,0
LA_D_7016609,0,0.00022580591,0
LA_D_7024538,0,0.000126358,0
LA_D_7041179,0,0.00019437322,0
LA_D_7092752,0,0.0001348605,0
LA_D_7196231,0,0.0004130201,0
LA_D_7207516,0,0.00013203757,0
LA_D_7210071,0,0.0007002081,0
LA_D_7241809,0,0.0005108575,0
LA_D_7261761,0,0.000125819,0
LA_D_7296201,0,0.00010373544,0
LA_D_7382692,0,0.0001838326,0
LA_D_7395153,0,5.676347e-05,0
LA_D_7401919,0,0.0011006345,0
LA_D_7440389,0,0.00014860492,0
LA_D_7449021,0,0.0005144025,0
LA_D_7466992,0,0.00014229854,0
LA_D_7468306,0,0.0002436437,0
LA_D_7473607,0,0.00019193886,0
LA_D_7491886,0,0.00010701086,0
LA_D_7503562,0,0.00039705017,0
LA_D_7503637,0,0.00024489782,0
LA_D_7560677,0,0.00031323248,0
LA_D_7568962,0,0.00038685388,0
LA_D_7595937,0,0.00034326466,0
LA_D_7655377,0,0.00020069508,0
LA_D_7659121,0,0.00010575117,0
LA_D_7707569,0,0.00034415067,0
LA_D_7743189,0,0.00021265767,0
LA_D_7753669,0,0.00035206,0
LA_D_7759688,0,0.00034135717,0
LA_D_7792652,0,0.00024959637,0
LA_D_7883460,0,0.0002137752,0
LA_D_7891516,0,0.00010114537,0
LA_D_7938162,0,0.00011169344,0
LA_D_7954147,0,0.00023838301,0
LA_D_7999736,0,0.00041526608,0
LA_D_8003757,0,0.0002794181,0
LA_D_8076373,0,0.00040389466,0
LA_D_8076419,0,8.3618266e-05,0
LA_D_8122140,0,0.00022299074,0
LA_D_8145979,0,0.00028562083,0
LA_D_8167480,0,0.00022956141,0
LA_D_8187236,0,4.2322336e-05,0
LA_D_8224626,0,0.0001079406,0
LA_D_8250257,0,0.00033961114,0
LA_D_8314649,0,0.00010706945,0
LA_D_8322084,0,0.00029355384,0
LA_D_8333263,0,0.00018731208,0
LA_D_8335993,0,0.01417306,0
LA_D_8355933,0,0.00058708957,0
LA_D_8358881,0,0.00091863726,0
LA_D_8367897,0,0.00026272834,0
LA_D_8418326,0,7.65061e-05,0
LA_D_8437828,0,0.0003266674,0
LA_D_8453487,0,0.00020502058,0
LA_D_8464223,0,0.0002927746,0
LA_D_8540229,0,0.000107336156,0
LA_D_8544570,0,0.00042238022,0
LA_D_8549945,0,0.00022025683,0
LA_D_8565833,0,0.00025842147,0
LA_D_8594594,0,0.000427078,0
LA_D_8607094,0,0.00019369979,0
LA_D_8653096,0,0.00019021191,0
LA_D_8663831,0,6.373273e-05,0
LA_D_8724597,0,0.00018030922,0
LA_D_8736114,0,0.00033884015,0
LA_D_8770826,0,0.0005818138,0
LA_D_8808516,0,0.000869485,0
LA_D_8820413,0,0.00060647074,0
LA_D_8871382,0,7.5271324e-05,0
LA_D_8986682,0,0.00072997203,0
LA_D_8987674,0,0.00031648576,0
LA_D_8987827,0,0.00032945818,0
LA_D_9020589,0,0.00021712335,0
LA_D_9043636,0,0.0007204473,0
LA_D_9066739,0,0.0002943352,0
LA_D_9071072,0,4.1224306e-05,0
LA_D_9082501,0,0.00033359474,0
LA_D_9098847,0,0.00041749282,0
LA_D_9107569,0,0.00019050085,0
LA_D_9121718,0,0.0008565591,0
LA_D_9148057,0,0.00020706511,0
LA_D_9165454,0,0.0001333764,0
LA_D_9210275,0,0.0003279971,0
LA_D_9244478,0,0.00022168785,0
LA_D_9298211,0,0.00036113773,0
LA_D_9318857,0,0.000427522,0
LA_D_9319228,0,0.0004676288,0
LA_D_9323962,0,0.0009231735,0
LA_D_9352302,0,7.265924e-05,0
LA_D_9374690,0,0.00025176725,0
LA_D_9430536,0,0.00016172443,0
LA_D_9456791,0,0.00015377955,0
LA_D_9465062,0,0.0002034363,0
LA_D_9516537,0,0.00026627723,0
LA_D_9523755,0,0.000119054916,0
LA_D_9606397,0,0.00028413543,0
LA_D_9616032,0,8.0188875e-05,0
LA_D_9620140,0,0.00011055845,0
LA_D_9626571,0,0.0005341264,0
LA_D_9648082,0,0.00020567767,0
LA_D_9672244,0,0.00019128424,0
LA_D_9697323,0,0.00022766377,0
LA_D_9699768,0,0.00033646487,0
LA_D_9701451,0,0.00053724565,0
LA_D_9708860,0,0.00015326515,0
LA_D_9735662,0,0.00015451977,0
LA_D_9755271,0,0.00013649462,0
LA_D_9809223,0,0.0004425923,0
LA_D_9836225,0,0.0003562591,0
LA_D_9873135,0,0.00058785,0
LA_D_9925424,0,0.0021623631,0
LA_D_9948190,0,0.0014429503,0
LA_D_9948386,0,0.00034501168,0
LA_D_9961107,0,5.2825733e-05,0
LA_D_9977363,0,0.0015189898,0
LA_D_1006586,0,0.00016633462,0
LA_D_1032757,0,0.00041037414,0
LA_D_1057680,0,0.00034597344,0
LA_D_1094179,0,0.00051277084,0
LA_D_1132076,0,0.0002392323,0
LA_D_1179000,0,0.0010840746,0
LA_D_1218618,0,0.00019048105,0
LA_D_1235211,0,0.0002914331,0
LA_D_1261551,0,0.00096566207,0
LA_D_1272181,0,0.0002337789,0
LA_D_1279220,0,0.0002434463,0
LA_D_1281123,0,0.002447756,0
LA_D_1286897,0,0.00082800025,0
LA_D_1292315,0,0.0005167491,0
LA_D_1292895,0,0.00024188618,0
LA_D_1294054,0,0.00013484481,0
LA_D_1317561,0,0.00034710995,0
LA_D_1364216,0,9.005632e-05,0
LA_D_1477768,0,0.069936305,0
LA_D_1479514,0,0.00069332286,0
LA_D_1488756,0,0.000149752,0
LA_D_1506183,0,0.00038969467,0
LA_D_1509923,0,0.00035227556,0
LA_D_1523689,0,0.00019336172,0
LA_D_1531184,0,0.0023297921,0
LA_D_1544533,0,0.00024053117,0
LA_D_1583428,0,0.0002796609,0
LA_D_1600216,0,0.0004918531,0
LA_D_1624895,0,0.00027956386,0
LA_D_1662448,0,0.00013114217,0
LA_D_1693970,0,0.00021758092,0
LA_D_1694092,0,0.00025136454,0
LA_D_1725588,0,0.0010833839,0
LA_D_1757843,0,0.00061856926,0
LA_D_1758957,0,0.0006579336,0
LA_D_1764251,0,0.00028017143,0
LA_D_1794906,0,0.00013210344,0
LA_D_1802495,0,6.926099e-05,0
LA_D_1863279,0,9.3162445e-05,0
LA_D_1871635,0,0.00014089007,0
LA_D_1896433,0,0.0029141589,0
LA_D_1916885,0,0.0005405845,0
LA_D_1943421,0,0.0006598193,0
LA_D_1944808,0,0.00040749562,0
LA_D_1954043,0,0.00040173662,0
LA_D_1962374,0,0.0004662339,0
LA_D_1962948,0,0.00055351097,0
LA_D_1974894,0,0.001114615,0
LA_D_2020279,0,0.00035846775,0
LA_D_2021379,0,0.00024511485,0
LA_D_2021657,0,0.0007162652,0
LA_D_2025064,0,0.00045651867,0
LA_D_2031125,0,0.0010555207,0
LA_D_2046924,0,0.0009813121,0
LA_D_2082270,0,0.00034023984,0
LA_D_2111881,0,0.00032888798,0
LA_D_2112026,0,0.0002009214,0
LA_D_2128991,0,0.00041886655,0
LA_D_2135991,0,0.0002601889,0
LA_D_2138850,0,0.0013262938,0
LA_D_2162549,0,0.0003431305,0
LA_D_2202228,0,0.00041766558,0
LA_D_2289504,0,0.0004776947,0
LA_D_2289949,0,0.00093715836,0
LA_D_2309660,0,0.0002790036,0
LA_D_2328159,0,0.00035717423,0
LA_D_2371366,0,0.00025216292,0
LA_D_2403365,0,0.0003262547,0
LA_D_2419210,0,0.00018489029,0
LA_D_2423406,0,0.0009128507,0
LA_D_2460108,0,0.00065429806,0
LA_D_2473905,0,0.00035908134,0
LA_D_2478413,0,7.995126e-05,0
LA_D_2488691,0,0.00049023645,0
LA_D_2523108,0,0.0005179948,0
LA_D_2525577,0,0.0018540457,0
LA_D_2558912,0,0.00036975121,0
LA_D_2646681,0,8.9715955e-05,0
LA_D_2648396,0,0.000252486,0
LA_D_2665880,0,0.00056456006,0
LA_D_2683285,0,0.00019335138,0
LA_D_2715685,0,0.00016369243,0
LA_D_2723301,0,0.0005568622,0
LA_D_2749481,0,0.00021202925,0
LA_D_2762693,0,0.0110945925,0
LA_D_2784153,0,3.7227263e-05,0
LA_D_2835573,0,0.00091984327,0
LA_D_2877032,0,0.00023690729,0
LA_D_2878270,0,0.00011888588,0
LA_D_2889881,0,9.163676e-05,0
LA_D_2915994,0,0.00193817,0
LA_D_2934273,0,0.00036099314,0
LA_D_2939086,0,0.000270063,0
LA_D_2968040,0,0.00062060595,0
LA_D_2993864,0,0.00018908986,0
LA_D_3048577,0,0.00023025105,0
LA_D_3067742,0,0.4131243,0
LA_D_3072540,0,0.00031979452,0
LA_D_3079418,0,0.00020232747,0
LA_D_3083417,0,0.00034576934,0
LA_D_3084091,0,0.0063440595,0
LA_D_3114677,0,0.00016181558,0
LA_D_3151881,0,0.002910545,0
LA_D_3169361,0,0.0005376278,0
LA_D_3203561,0,0.00026792052,0
LA_D_3233282,0,0.0011369464,0
LA_D_3276030,0,0.00014366712,0
LA_D_3276721,0,0.00097010395,0
LA_D_3292062,0,0.00044010967,0
LA_D_3298952,0,0.0005391232,0
LA_D_3313241,0,0.00030862246,0
LA_D_3318711,0,0.0003479996,0
LA_D_3320713,0,0.0008063948,0
LA_D_3321986,0,0.00057537435,0
LA_D_3342664,0,0.0006849709,0
LA_D_3353739,0,0.00026506523,0
LA_D_3376676,0,9.699833e-05,0
LA_D_3379278,0,0.00044079026,0
LA_D_3449675,0,8.1375714e-05,0
LA_D_3451581,0,0.0005175191,0
LA_D_3461825,0,0.00039202571,0
LA_D_3474604,0,0.00021235459,0
LA_D_3496658,0,0.00028162939,0
LA_D_3512316,0,0.000929493,0
LA_D_3527270,0,0.0011299821,0
LA_D_3554660,0,0.0002287783,0
LA_D_3565165,0,0.0001838212,0
LA_D_3591261,0,0.0008920523,0
LA_D_3591679,0,0.00064741523,0
LA_D_3653770,0,0.00092481374,0
LA_D_3707801,0,0.00018317261,0
LA_D_3710720,0,0.00019802687,0
LA_D_3727464,0,0.0001489478,0
LA_D_3746754,0,5.3326257e-05,0
LA_D_3753443,0,0.0005858832,0
LA_D_3771019,0,0.00032327865,0
LA_D_3815884,0,0.00011810172,0
LA_D_3820911,0,0.00035832459,0
LA_D_3852849,0,0.00014075365,0
LA_D_3890727,0,0.00052070606,0
LA_D_3914684,0,0.0007882836,0
LA_D_3939937,0,0.0038240002,0
LA_D_3983910,0,0.0006147941,0
LA_D_4008273,0,0.00036022344,0
LA_D_4082852,0,0.00032645385,0
LA_D_4085392,0,0.009998324,0
LA_D_4094129,0,0.00037374202,0
LA_D_4182338,0,0.0009034046,0
LA_D_4199363,0,0.00010775754,0
LA_D_4231672,0,0.00045585594,0
LA_D_4240572,0,0.00015871473,0
LA_D_4297667,0,5.5358432e-05,0
LA_D_4322439,0,0.0005284517,0
LA_D_4335525,0,0.0004973711,0
LA_D_4339462,0,0.00019489025,0
LA_D_4382584,0,0.00044904678,0
LA_D_4389304,0,0.0003523044,0
LA_D_4395658,0,0.00031518348,0
LA_D_4401526,0,0.0002442328,0
LA_D_4407498,0,0.00029812666,0
LA_D_4437954,0,0.00018862273,0
LA_D_4485320,0,0.00022853739,0
LA_D_4488718,0,0.0011682744,0
LA_D_4540134,0,0.0003532417,0
LA_D_4544796,0,0.00024474983,0
LA_D_4592786,0,0.00036065228,0
LA_D_4608336,0,0.0006784074,0
LA_D_4629979,0,0.00032761085,0
LA_D_4678659,0,2.6204032e-05,0
LA_D_4703894,0,0.0031136835,0
LA_D_4716316,0,0.00046130255,0
LA_D_4722555,0,0.0047060335,0
LA_D_4732747,0,0.0009481478,0
LA_D_4753739,0,0.00043830348,0
LA_D_4769081,0,0.0005976808,0
LA_D_4865380,0,0.0007891599,0
LA_D_4908581,0,0.0003417567,0
LA_D_4938185,0,0.001060408,0
LA_D_4938987,0,0.0002974544,0
LA_D_4979666,0,0.00036512016,0
LA_D_4981603,0,0.00044264802,0
LA_D_4982133,0,0.000290328,0
LA_D_5018866,0,0.00022947455,0
LA_D_5053631,0,0.00027839752,0
LA_D_5067930,0,0.0005578982,0
LA_D_5086729,0,0.00065926614,0
LA_D_5090608,0,0.0004414008,0
LA_D_5098281,0,0.00047657904,0
LA_D_5101551,0,0.0004871322,0
LA_D_5103356,0,0.00038618656,0
LA_D_5107192,0,0.0004717069,0
LA_D_5111401,0,0.00028708772,0
LA_D_5139863,0,0.00038983958,0
LA_D_5142081,0,0.0003555344,0
LA_D_5152377,0,0.015916076,0
LA_D_5165259,0,0.00036567225,0
LA_D_5172398,0,0.0002258815,0
LA_D_5176173,0,0.00016732726,0
LA_D_5241214,0,0.00033121987,0
LA_D_5267572,0,0.0010872249,0
LA_D_5274812,0,0.0005795949,0
LA_D_5286510,0,0.0001664487,0
LA_D_5295577,0,0.0009695487,0
LA_D_5296519,0,0.00014370383,0
LA_D_5301983,0,0.0005008608,0
LA_D_5307600,0,0.0002594178,0
LA_D_5326644,0,0.00064364023,0
LA_D_5390706,0,0.00024646442,0
LA_D_5410675,0,0.0004786382,0
LA_D_5435996,0,0.0003318397,0
LA_D_5444967,0,0.0004777639,0
LA_D_5481956,0,0.040443115,0
LA_D_5486800,0,0.013702258,0
LA_D_5505879,0,0.00095453067,0
LA_D_5524814,0,0.00033642157,0
LA_D_5538242,0,0.0012208511,0
LA_D_5599281,0,0.0004363163,0
LA_D_5627177,0,0.00052934757,0
LA_D_5653979,0,0.0006143542,0
LA_D_5661698,0,0.00035710778,0
LA_D_5671767,0,0.00030583752,0
LA_D_5693331,0,0.00037375733,0
LA_D_5710236,0,0.00015829655,0
LA_D_5715402,0,0.00078093325,0
LA_D_5735559,0,0.000126875,0
LA_D_5735922,0,0.0038141066,0
LA_D_5737273,0,0.002360305,0
LA_D_5747601,0,0.0014461377,0
LA_D_5748042,0,0.0006449045,0
LA_D_5825167,0,0.0015868911,0
LA_D_5832702,0,0.0010297126,0
LA_D_5834232,0,0.00022961087,0
LA_D_5854092,0,0.0001937818,0
LA_D_5874425,0,0.00026346857,0
LA_D_5875439,0,0.00014503984,0
LA_D_5878616,0,0.00021540653,0
LA_D_5889135,0,0.003962466,0
LA_D_5889358,0,0.0008607965,0
LA_D_5895018,0,0.00083891535,0
LA_D_5977520,0,0.00029440675,0
LA_D_6038131,0,0.0009444827,0
LA_D_6079595,0,0.00035526126,0
LA_D_6103320,0,0.0002527141,0
LA_D_6112353,0,0.00063983473,0
LA_D_6172873,0,0.004173943,0
LA_D_6192145,0,0.00088844215,0
LA_D_6194442,0,0.000414532,0
LA_D_6211901,0,0.0012889293,0
LA_D_6222247,0,8.627401e-05,0
LA_D_6226707,0,0.001014179,0
LA_D_6264911,0,0.000534961,0
LA_D_6290952,0,0.0024531668,0
LA_D_6345960,0,0.00023489248,0
LA_D_6347250,0,0.00016188504,0
LA_D_6362359,0,0.00016461307,0
LA_D_6393543,0,0.0015549526,0
LA_D_6409900,0,0.0001545242,0
LA_D_6415614,0,6.8200525e-06,0
LA_D_6428297,0,0.00038004536,0
LA_D_6462902,0,0.00068462826,0
LA_D_6468405,0,0.00017500996,0
LA_D_6499924,0,0.008890956,0
LA_D_6517704,0,0.0026978191,0
LA_D_6532301,0,0.00028889,0
LA_D_6547198,0,0.00017360174,0
LA_D_6579719,0,0.0002388016,0
LA_D_6593636,0,4.7958365e-05,0
LA_D_6625374,0,0.00029855248,0
LA_D_6625840,0,0.00024072021,0
LA_D_6637850,0,0.00048068885,0
LA_D_6642673,0,9.3372524e-05,0
LA_D_6660220,0,0.00035832627,0
LA_D_6669051,0,0.0001892446,0
LA_D_6691154,0,0.0019724334,0
LA_D_6695615,0,0.00017274145,0
LA_D_6710195,0,0.00075778057,0
LA_D_6827798,0,0.0011403261,0
LA_D_6830532,0,0.0003113351,0
LA_D_6864087,0,0.00010316683,0
LA_D_6866603,0,0.00020167032,0
LA_D_6892674,0,0.00039897038,0
LA_D_6928429,0,0.00033606865,0
LA_D_6965493,0,0.00026556305,0
LA_D_6965771,0,0.00052373554,0
LA_D_6988249,0,0.00017049097,0
LA_D_7021156,0,0.0005123248,0
LA_D_7028251,0,0.00075067516,0
LA_D_7038606,0,0.00015560711,0
LA_D_7066186,0,4.9049468e-05,0
LA_D_7167124,0,0.00021913073,0
LA_D_7183894,0,0.00029296643,0
LA_D_7186069,0,0.000361518,0
LA_D_7226739,0,0.0022134022,0
LA_D_7237488,0,0.00043615783,0
LA_D_7237811,0,0.00017591458,0
LA_D_7307287,0,0.0007836057,0
LA_D_7331654,0,0.00021603878,0
LA_D_7337279,0,0.00073950423,0
LA_D_7359047,0,0.0017202492,0
LA_D_7399969,0,0.00420399,0
LA_D_7406865,0,0.00022103587,0
LA_D_7445946,0,0.0029757821,0
LA_D_7464417,0,9.375448e-05,0
LA_D_7473056,0,0.00023917003,0
LA_D_7499183,0,0.0007952346,0
LA_D_7532592,0,0.00034264376,0
LA_D_7536830,0,0.0004299505,0
LA_D_7573833,0,0.0007756157,0
LA_D_7577850,0,0.0009386417,0
LA_D_7592898,0,0.00019223044,0
LA_D_7632221,0,0.00010492769,0
LA_D_7647841,0,0.00030917965,0
LA_D_7660152,0,0.0013585064,0
LA_D_7667125,0,0.00031374893,0
LA_D_7678162,0,0.00025940346,0
LA_D_7679219,0,0.007908975,0
LA_D_7687575,0,9.689156e-05,0
LA_D_7704331,0,0.0007335005,0
LA_D_7714440,0,0.00029458868,0
LA_D_7748160,0,2.010905e-05,0
LA_D_7748381,0,0.0002014566,0
LA_D_7784995,0,0.00023136457,0
LA_D_7803358,0,0.00037390983,0
LA_D_7836235,0,0.00069058355,0
LA_D_7890490,0,0.00026849282,0
LA_D_7898281,0,0.0005430029,0
LA_D_7932133,0,0.00010606353,0
LA_D_7954380,0,0.0020746358,0
LA_D_7979281,0,0.00033923032,0
LA_D_7989855,0,0.0002346825,0
LA_D_7995659,0,0.00020360979,0
LA_D_8044665,0,0.00042240796,0
LA_D_8050534,0,0.00016815418,0
LA_D_8063814,0,0.00013449193,0
LA_D_8099371,0,0.00045396655,0
LA_D_8107336,0,0.00035009132,0
LA_D_8110188,0,0.0064925742,0
LA_D_8128480,0,0.0003856803,0
LA_D_8136728,0,9.2666814e-05,0
LA_D_8142949,0,0.0002613687,0
LA_D_8152318,0,0.0016451636,0
LA_D_8195070,0,0.00024548554,0
LA_D_8244804,0,0.00022978258,0
LA_D_8246386,0,0.006369589,0
LA_D_8262471,0,0.00024398144,0
LA_D_8277450,0,0.009580959,0
LA_D_8313277,0,0.0010294155,0
LA_D_8362912,0,0.00048376078,0
LA_D_8367768,0,0.0001457426,0
LA_D_8374952,0,0.00033291642,0
LA_D_8417993,0,0.0014740524,0
LA_D_8418660,0,0.0015820379,0
LA_D_8438549,0,0.0005100581,0
LA_D_8450426,0,0.0001400807,0
LA_D_8468180,0,0.00043630967,0
LA_D_8482703,0,0.0002251648,0
LA_D_8488988,0,0.00026483712,0
LA_D_8520152,0,0.0003328301,0
LA_D_8530159,0,0.00035745828,0
LA_D_8543878,0,0.0010496955,0
LA_D_8558988,0,0.00019471509,0
LA_D_8586602,0,0.00035934398,0
LA_D_8593631,0,0.001037136,0
LA_D_8593699,0,0.0013250792,0
LA_D_8697162,0,0.0002928673,0
LA_D_8724645,0,0.00021585103,0
LA_D_8783507,0,0.004542005,0
LA_D_8866287,0,0.0011690882,0
LA_D_8870358,0,0.0002424743,0
LA_D_8875939,0,0.00027622876,0
LA_D_8878567,0,0.00048626,0
LA_D_8909496,0,0.00028291473,0
LA_D_8920232,0,0.0008175899,0
LA_D_8954865,0,0.00050949247,0
LA_D_8958398,0,0.012405067,0
LA_D_8988605,0,0.0002594846,0
LA_D_9022054,0,0.00050645653,0
LA_D_9053763,0,0.00020160187,0
LA_D_9058492,0,0.0005297422,0
LA_D_9085002,0,0.0007219565,0
LA_D_9105293,0,0.00025197834,0
LA_D_9156390,0,0.00016348934,0
LA_D_9158496,0,0.0016280109,0
LA_D_9170533,0,0.0004416209,0
LA_D_9170546,0,0.00074442895,0
LA_D_9233372,0,0.00021841236,0
LA_D_9262171,0,0.0031944518,0
LA_D_9269691,0,0.00023605996,0
LA_D_9350649,0,0.000121697645,0
LA_D_9353876,0,0.00090102345,0
LA_D_9366152,0,0.014653021,0
LA_D_9367691,0,3.791419e-05,0
LA_D_9386142,0,0.0033159128,0
LA_D_9438113,0,0.00028741197,0
LA_D_9505772,0,0.0002837459,0
LA_D_9525819,0,0.00013184972,0
LA_D_9602909,0,0.00093457504,0
LA_D_9614451,0,0.0010024385,0
LA_D_9710466,0,0.00092321314,0
LA_D_9723269,0,0.0005006531,0
LA_D_9734297,0,0.00038612727,0
LA_D_9743828,0,0.0010662357,0
LA_D_9764249,0,0.00059992314,0
LA_D_9770836,0,0.00030118666,0
LA_D_9795685,0,0.00025182273,0
LA_D_9821680,0,0.00043466283,0
LA_D_9831077,0,0.00021989801,0
LA_D_9897238,0,0.00015678101,0
LA_D_9902848,0,0.00054772804,0
LA_D_9904837,0,0.00024273778,0
LA_D_9935431,0,0.00040215347,0
LA_D_9955162,0,0.0004433938,0
LA_D_9991348,0,0.00023275096,0
LA_D_9999204,0,0.0002243556,0
LA_D_1010205,0,0.00016664148,0
LA_D_1061499,0,0.0005079558,0
LA_D_1080524,0,0.00046441177,0
LA_D_1082871,0,0.00016451188,0
LA_D_1084804,0,9.5823045e-05,0
LA_D_1158428,0,0.0004498389,0
LA_D_1171849,0,0.0003353485,0
LA_D_1235041,0,0.0001710986,0
LA_D_1246046,0,0.00051585,0
LA_D_1266897,0,0.00010894302,0
LA_D_1277538,0,0.00041782684,0
LA_D_1326697,0,0.00040026754,0
LA_D_1384414,0,0.00016888352,0
LA_D_1447776,0,0.00087080826,0
LA_D_1498058,0,0.00028017437,0
LA_D_1502852,0,0.00037525216,0
LA_D_1555757,0,0.00011079592,0
LA_D_1556162,0,0.00031212653,0
LA_D_1606599,0,0.00021447321,0
LA_D_1694389,0,0.00020374067,0
LA_D_1699200,0,0.00024047522,0
LA_D_1705349,0,0.00026308102,0
LA_D_1720015,0,0.00047783816,0
LA_D_1738251,0,0.0002106939,0
LA_D_1738651,0,0.0001939698,0
LA_D_1830470,0,0.00018532554,0
LA_D_1832937,0,0.00036789718,0
LA_D_1844495,0,0.00011491518,0
LA_D_1848165,0,0.00028978736,0
LA_D_1866166,0,0.00011055549,0
LA_D_1907062,0,0.00021889328,0
LA_D_1921890,0,0.00018530435,0
LA_D_1932089,0,0.00010515377,0
LA_D_1966347,0,0.00032601715,0
LA_D_2008956,0,0.0003447516,0
LA_D_2022777,0,0.00027316716,0
LA_D_2033794,0,0.00014636763,0
LA_D_2042102,0,0.00024624527,0
LA_D_2049288,0,0.00019615066,0
LA_D_2128519,0,0.0002655605,0
LA_D_2140441,0,9.811287e-05,0
LA_D_2178889,0,0.00020656837,0
LA_D_2193624,0,0.00030939255,0
LA_D_2308716,0,0.00027266756,0
LA_D_2335769,0,0.00021003805,0
LA_D_2353795,0,0.00036219828,0
LA_D_2372787,0,0.00029338876,0
LA_D_2430243,0,0.00011381548,0
LA_D_2446369,0,0.00044716767,0
LA_D_2492206,0,0.00015841538,0
LA_D_2497046,0,0.0010492777,0
LA_D_2530462,0,0.00016980583,0
LA_D_2570184,0,0.00020904628,0
LA_D_2653610,0,0.0005153344,0
LA_D_2667967,0,0.0012392133,0
LA_D_2747265,0,0.0001667359,0
LA_D_2795326,0,0.0003169115,0
LA_D_2837203,0,0.0003305086,0
LA_D_2875270,0,0.00037923394,0
LA_D_2888387,0,0.00025886807,0
LA_D_2933330,0,0.00018711018,0
LA_D_2939024,0,4.0138762e-05,0
LA_D_2960332,0,0.00017260811,0
LA_D_2964456,0,0.00016215601,0
LA_D_2968176,0,6.4322616e-05,0
LA_D_2981298,0,0.00016520511,0
LA_D_3015558,0,0.0003418512,0
LA_D_3040717,0,0.0005619156,0
LA_D_3049880,0,0.00050195097,0
LA_D_3087285,0,0.00071778486,0
LA_D_3109683,0,0.00049063895,0
LA_D_3142727,0,0.00018233791,0
LA_D_3154837,0,0.00015147953,0
LA_D_3158600,0,9.4386625e-05,0
LA_D_3184245,0,0.00017722644,0
LA_D_3211293,0,0.0003745784,0
LA_D_3220337,0,0.00032555376,0
LA_D_3228132,0,0.0005523073,0
LA_D_3242739,0,0.00021277733,0
LA_D_3346281,0,0.00021005164,0
LA_D_3353973,0,0.00016561865,0
LA_D_3392617,0,0.00012604632,0
LA_D_3401079,0,0.00020069258,0
LA_D_3413740,0,0.000291863,0
LA_D_3436779,0,2.7696606e-05,0
LA_D_3441390,0,0.00034407325,0
LA_D_3457616,0,8.640419e-05,0
LA_D_3492327,0,0.00060385553,0
LA_D_3510615,0,0.00015051087,0
LA_D_3522779,0,0.00034275974,0
LA_D_3553006,0,0.00040036143,0
LA_D_3553483,0,0.00020604195,0
LA_D_3579245,0,0.00012754177,0
LA_D_3617757,0,0.0011379475,0
LA_D_3629732,0,0.00023674336,0
LA_D_3664914,0,0.0001833061,0
LA_D_3679618,0,0.00067339325,0
LA_D_3795179,0,0.00018264765,0
LA_D_3799415,0,8.511421e-05,0
LA_D_3799822,0,0.00023154286,0
LA_D_3814791,0,0.00021257537,0
LA_D_3847966,0,0.0011146171,0
LA_D_3879227,0,0.0004983449,0
LA_D_3931549,0,0.00032549415,0
LA_D_3951142,0,0.00030730857,0
LA_D_4038636,0,0.00020989009,0
LA_D_4046963,0,0.00018266612,0
LA_D_4051775,0,0.00029258794,0
LA_D_4067176,0,0.00053699274,0
LA_D_4076013,0,0.00029529646,0
LA_D_4079102,0,0.00013819491,0
LA_D_4104036,0,0.00011516639,0
LA_D_4173079,0,0.00050249335,0
LA_D_4187195,0,0.00010834577,0
LA_D_4190863,0,0.00025294741,0
LA_D_4198486,0,0.00042520973,0
LA_D_4246414,0,0.00031712366,0
LA_D_4246754,0,0.00021741004,0
LA_D_4269476,0,0.00016684979,0
LA_D_4277166,0,0.00018201568,0
LA_D_4285827,0,0.0001799036,0
LA_D_4344112,0,0.00030788014,0
LA_D_4358026,0,0.00030217634,0
LA_D_4371820,0,0.0001878542,0
LA_D_4414981,0,0.00036658815,0
LA_D_4436601,0,0.00021672479,0
LA_D_4449596,0,0.00021833135,0
LA_D_4476116,0,0.00036996524,0
LA_D_4497485,0,0.00010885975,0
LA_D_4541793,0,0.00039679775,0
LA_D_4554165,0,0.00020516157,0
LA_D_4567649,0,0.0002449146,0
LA_D_4594870,0,0.00013228976,0
LA_D_4679930,0,0.0002253594,0
LA_D_4680031,0,0.00033026794,0
LA_D_4684075,0,0.00022920425,0
LA_D_4729932,0,0.00015058837,0
LA_D_4765138,0,8.696636e-05,0
LA_D_4766671,0,0.0002915112,0
LA_D_4791127,0,0.00038532377,0
LA_D_4793285,0,0.0003261645,0
LA_D_4831551,0,0.00027455593,0
LA_D_4838987,0,0.0003794448,0
LA_D_4840993,0,0.00079227553,0
LA_D_4846038,0,0.00013090204,0
LA_D_4856350,0,0.00030240577,0
LA_D_4893333,0,0.0010216531,0
LA_D_4911711,0,0.00033962217,0
LA_D_4938958,0,0.04501513,0
LA_D_4972385,0,0.0003188842,0
LA_D_4992474,0,0.00024418064,0
LA_D_5039819,0,0.00022637889,0
LA_D_5057705,0,0.00023096123,0
LA_D_5110293,0,0.00012098512,0
LA_D_5149734,0,0.0001806217,0
LA_D_5178524,0,0.00023221652,0
LA_D_5193343,0,0.00019302865,0
LA_D_5207545,0,0.00023789235,0
LA_D_5246247,0,0.00025400525,0
LA_D_5283786,0,0.00014221187,0
LA_D_5338385,0,0.0006237928,0
LA_D_5435340,0,0.00033940142,0
LA_D_5453991,0,0.00039230313,0
LA_D_5508990,0,0.00035577442,0
LA_D_5525422,0,0.0005315348,0
LA_D_5570541,0,0.00046156778,0
LA_D_5572661,0,0.00021954605,0
LA_D_5596855,0,0.00019186329,0
LA_D_5706472,0,0.00022572734,0
LA_D_5732655,0,0.00047911247,0
LA_D_5741681,0,0.00026677555,0
LA_D_5789727,0,0.0012586209,0
LA_D_5792148,0,0.00022826866,0
LA_D_5805227,0,7.927022e-05,0
LA_D_5824362,0,0.00012104558,0
LA_D_5834045,0,0.00018489928,0
LA_D_5856383,0,0.00048424976,0
LA_D_5891869,0,0.0011272073,0
LA_D_5901525,0,0.00039192595,0
LA_D_5927782,0,0.00022973484,0
LA_D_5961259,0,0.00034208107,0
LA_D_5972830,0,0.00026948555,0
LA_D_5975960,0,0.0006749057,0
LA_D_5986166,0,0.00022964986,0
LA_D_6096734,0,0.00020104671,0
LA_D_6126827,0,0.000100169695,0
LA_D_6132532,0,9.459764e-05,0
LA_D_6211090,0,0.00022917062,0
LA_D_6226652,0,0.00018884012,0
LA_D_6228522,0,0.00010778026,0
LA_D_6239873,0,0.00013139288,0
LA_D_6241133,0,0.0006827569,0
LA_D_6280736,0,8.361691e-05,0
LA_D_6310412,0,0.0002240593,0
LA_D_6315394,0,0.00032250446,0
LA_D_6322158,0,0.000390217,0
LA_D_6349894,0,0.00017435804,0
LA_D_6361022,0,0.00090830016,0
LA_D_6454374,0,0.00018160779,0
LA_D_6506972,0,0.00037672746,0
LA_D_6597204,0,0.0007685401,0
LA_D_6614217,0,0.00026045274,0
LA_D_6661592,0,0.0002734118,0
LA_D_6671443,0,0.00027828716,0
LA_D_6690982,0,0.00019551822,0
LA_D_6723637,0,0.00041183826,0
LA_D_6748977,0,0.0005824918,0
LA_D_6767763,0,0.00013768942,0
LA_D_6890596,0,0.00028734157,0
LA_D_6909580,0,0.0003428568,0
LA_D_6930111,0,0.00018445027,0
LA_D_6970550,0,9.9163415e-05,0
LA_D_6971538,0,0.00020279466,0
LA_D_6985201,0,0.00017760368,0
LA_D_6990804,0,0.0003140401,0
LA_D_7015167,0,0.00028992246,0
LA_D_7030824,0,0.00023197112,0
LA_D_7087327,0,0.00014326029,0
LA_D_7100478,0,0.00087417365,0
LA_D_7117158,0,0.00026965752,0
LA_D_7138607,0,0.0001781814,0
LA_D_7141905,0,0.00031327608,0
LA_D_7174232,0,0.00048694655,0
LA_D_7277959,0,0.0012770552,0
LA_D_7279265,0,0.00035254328,0
LA_D_7279410,0,0.00010475315,0
LA_D_7290012,0,0.00015414509,0
LA_D_7363405,0,0.00051007414,0
LA_D_7367187,0,0.00013080434,0
LA_D_7383463,0,0.00016429508,0
LA_D_7409252,0,0.00015179401,0
LA_D_7424751,0,0.00017532847,0
LA_D_7447795,0,0.00040509235,0
LA_D_7479660,0,0.0001839804,0
LA_D_7620311,0,0.000110857414,0
LA_D_7674620,0,0.00013951522,0
LA_D_7702883,0,0.0001803486,0
LA_D_7731461,0,0.00025490942,0
LA_D_7734402,0,0.00011074205,0
LA_D_7773583,0,0.00075404916,0
LA_D_7792788,0,0.00017810972,0
LA_D_7887063,0,8.297116e-05,0
LA_D_7979905,0,0.0004250213,0
LA_D_8022584,0,0.00042804968,0
LA_D_8063128,0,0.00028578757,0
LA_D_8072455,0,0.00038388363,0
LA_D_8147839,0,0.0005841409,0
LA_D_8162284,0,0.00018384082,0
LA_D_8183756,0,0.0004355222,0
LA_D_8202140,0,0.00020864003,0
LA_D_8228955,0,0.00029420835,0
LA_D_8245412,0,0.00019491886,0
LA_D_8264531,0,0.0015727347,0
LA_D_8272979,0,0.00069061323,0
LA_D_8291737,0,0.00040526077,0
LA_D_8335202,0,0.0002744858,0
LA_D_8350950,0,0.00029047916,0
LA_D_8358692,0,0.00020323989,0
LA_D_8364986,0,0.0005287323,0
LA_D_8365489,0,0.00034725096,0
LA_D_8367470,0,0.00014513213,0
LA_D_8372141,0,9.8864955e-05,0
LA_D_8378530,0,8.868782e-05,0
LA_D_8461526,0,0.00021837633,0
LA_D_8467187,0,0.00058870955,0
LA_D_8474115,0,0.00018110784,0
LA_D_8479165,0,0.00025954226,0
LA_D_8569086,0,0.00012237186,0
LA_D_8573686,0,0.00013277313,0
LA_D_8599184,0,0.0002920623,0
LA_D_8675351,0,0.00032223953,0
LA_D_8683301,0,7.64856e-05,0
LA_D_8704675,0,0.00026380311,0
LA_D_8726806,0,7.88511e-06,0
LA_D_8735979,0,0.00020239886,0
LA_D_8787336,0,0.00017696165,0
LA_D_8907825,0,0.00043371748,0
LA_D_8912596,0,0.00024702906,0
LA_D_8923373,0,0.00013278567,0
LA_D_8947789,0,0.00020275929,0
LA_D_8971968,0,9.439832e-05,0
LA_D_8980613,0,0.00017171736,0
LA_D_9092221,0,0.00034770675,0
LA_D_9095089,0,0.0009237076,0
LA_D_9198030,0,0.00017531929,0
LA_D_9308715,0,0.00030209456,0
LA_D_9363698,0,0.0016532203,0
LA_D_9365960,0,0.00020226518,0
LA_D_9465126,0,0.00016536066,0
LA_D_9557863,0,0.00028398135,0
LA_D_9579816,0,0.00023912123,0
LA_D_9585951,0,0.000147717,0
LA_D_9611936,0,0.00032131767,0
LA_D_9616817,0,0.00019473421,0
LA_D_9711980,0,0.0006355676,0
LA_D_9728117,0,0.00012185451,0
LA_D_9735207,0,4.8178204e-05,0
LA_D_9739801,0,0.00032003515,0
LA_D_9810869,0,0.0003795414,0
LA_D_9828928,0,0.00023953198,0
LA_D_9849984,0,0.00020862036,0
LA_D_9853601,0,0.00071822276,0
LA_D_9936972,0,0.000110262394,0
LA_D_9947726,0,0.00044167016,0
LA_D_9977709,0,0.00017951496,0
LA_D_9985554,0,0.00040053585,0
LA_D_9994046,0,0.000377921,0
LA_D_9995817,0,0.00026776578,0
LA_D_1029785,0,0.0005471295,0
LA_D_1056838,0,0.00010949146,0
LA_D_1124968,0,5.3002044e-05,0
LA_D_1149633,0,0.00012031589,0
LA_D_1157084,0,0.00021145526,0
LA_D_1235306,0,0.00026304892,0
LA_D_1236459,0,0.00016309432,0
LA_D_1247325,0,0.00010240614,0
LA_D_1285017,0,0.0001892058,0
LA_D_1306634,0,0.00021323514,0
LA_D_1307022,0,0.00020186808,0
LA_D_1314415,0,0.00032277696,0
LA_D_1334666,0,0.0004905061,0
LA_D_1343882,0,0.0006563559,0
LA_D_1356036,0,0.00040883414,0
LA_D_1393870,0,0.0001506171,0
LA_D_1424811,0,0.00048695997,0
LA_D_1433046,0,0.0007682318,0
LA_D_1459201,0,0.0004070321,0
LA_D_1471187,0,0.00043650638,0
LA_D_1471595,0,0.0003053719,0
LA_D_1476062,0,0.00027826062,0
LA_D_1555695,0,0.0004359625,0
LA_D_1574963,0,0.00014762321,0
LA_D_1640383,0,0.00057432725,0
LA_D_1680060,0,0.00017724316,0
LA_D_1702355,0,0.00027878213,0
LA_D_1702824,0,0.00014100848,0
LA_D_1711747,0,0.00033508262,0
LA_D_1723025,0,0.00026172752,0
LA_D_1743744,0,0.00046118122,0
LA_D_1773079,0,0.00038023636,0
LA_D_1780523,0,0.00033988486,0
LA_D_1818653,0,0.00025939307,0
LA_D_1853731,0,0.00013083279,0
LA_D_1868045,0,0.00022384642,0
LA_D_1891787,0,0.0002930628,0
LA_D_1894103,0,0.00068674225,0
LA_D_1905761,0,0.0010259467,0
LA_D_1948580,0,0.00011687676,0
LA_D_1949008,0,0.00020619055,0
LA_D_1994966,0,0.00038731404,0
LA_D_2002433,0,0.000112367634,0
LA_D_2036773,0,0.00025140817,0
LA_D_2070148,0,0.0015795663,0
LA_D_2077190,0,0.0005853212,0
LA_D_2107954,0,0.00016290469,0
LA_D_2113515,0,9.548946e-05,0
LA_D_2136240,0,0.0001644098,0
LA_D_2137133,0,0.00027644003,0
LA_D_2166764,0,0.00027935763,0
LA_D_2173227,0,0.00018291603,0
LA_D_2195736,0,0.00036013863,0
LA_D_2231411,0,0.00039996658,0
LA_D_2245814,0,0.00033295612,0
LA_D_2250398,0,0.00012225057,0
LA_D_2260376,0,0.00030619255,0
LA_D_2275662,0,0.00042851633,0
LA_D_2276956,0,0.00024117644,0
LA_D_2341150,0,0.0006035218,0
LA_D_2344292,0,0.00022442921,0
LA_D_2367943,0,0.00012672132,0
LA_D_2382681,0,0.00030808095,0
LA_D_2399961,0,0.0005663181,0
LA_D_2445772,0,0.00024025247,0
LA_D_2451802,0,0.0003867123,0
LA_D_2454370,0,0.0001394353,0
LA_D_2480484,0,0.00028914405,0
LA_D_2502471,0,0.00027066283,0
LA_D_2530547,0,0.0007130193,0
LA_D_2565381,0,0.00013184294,0
LA_D_2577424,0,0.00011617696,0
LA_D_2596513,0,0.0005102497,0
LA_D_2598470,0,0.00022595258,0
LA_D_2602453,0,0.00026608768,0
LA_D_2613067,0,9.042652e-05,0
LA_D_2634266,0,0.0003068571,0
LA_D_2637205,0,0.00024116128,0
LA_D_2709105,0,0.0002744055,0
LA_D_2715552,0,0.00019786831,0
LA_D_2719811,0,0.00019505419,0
LA_D_2772436,0,0.0002748886,0
LA_D_2775026,0,0.00029636963,0
LA_D_2797619,0,0.00026216757,0
LA_D_2814875,0,0.00016762572,0
LA_D_2816289,0,0.00019887363,0
LA_D_2833762,0,0.00014729983,0
LA_D_2854193,0,0.00043411003,0
LA_D_2866362,0,0.00016255527,0
LA_D_2895937,0,0.00017006931,0
LA_D_2938883,0,0.0002359362,0
LA_D_2999774,0,0.00018218794,0
LA_D_3007029,0,0.00018669086,0
LA_D_3010559,0,0.00026783982,0
LA_D_3015714,0,0.00034895807,0
LA_D_3040572,0,0.00059818797,0
LA_D_3043536,0,0.00028601053,0
LA_D_3053606,0,0.0003696765,0
LA_D_3055819,0,0.00042696323,0
LA_D_3060623,0,0.000454897,0
LA_D_3144395,0,0.0030267586,0
LA_D_3176946,0,0.00019178628,0
LA_D_3177863,0,0.00063969084,0
LA_D_3186042,0,0.0003956065,0
LA_D_3186776,0,0.00031335404,0
LA_D_3193424,0,9.494685e-05,0
LA_D_3197569,0,0.00031380606,0
LA_D_3207501,0,0.00022250968,0
LA_D_3229118,0,0.00015432615,0
LA_D_3230806,0,0.00045833207,0
LA_D_3232533,0,0.0003789687,0
LA_D_3243854,0,0.00020180785,0
LA_D_3256090,0,0.00012805678,0
LA_D_3310507,0,8.118496e-05,0
LA_D_3325797,0,0.00011608327,0
LA_D_3341814,0,0.00028616382,0
LA_D_3401398,0,0.00039154728,0
LA_D_3440449,0,0.00023844802,0
LA_D_3461793,0,0.00021830824,0
LA_D_3482541,0,0.0002129387,0
LA_D_3498197,0,0.00047732735,0
LA_D_3517587,0,0.0007045275,0
LA_D_3529126,0,0.00038212741,0
LA_D_3586862,0,0.00029932597,0
LA_D_3608535,0,8.610684e-05,0
LA_D_3679086,0,0.00042859843,0
LA_D_3683215,0,0.00019205584,0
LA_D_3703420,0,0.00017895116,0
LA_D_3725938,0,6.7041976e-05,0
LA_D_3733302,0,0.00015823859,0
LA_D_3741233,0,0.00012778037,0
LA_D_3766019,0,0.000319583,0
LA_D_3767648,0,0.00017698259,0
LA_D_3769543,0,0.00011531144,0
LA_D_3773558,0,0.00017887987,0
LA_D_3776249,0,0.00012022013,0
LA_D_3783864,0,0.0003099866,0
LA_D_3791494,0,0.0001324503,0
LA_D_3805827,0,0.0004911784,0
LA_D_3806582,0,0.00045284326,0
LA_D_3840866,0,0.00030804245,0
LA_D_3882685,0,0.0002709365,0
LA_D_3909128,0,0.00019176691,0
LA_D_3942605,0,0.00066811754,0
LA_D_3966698,0,0.0005132012,0
LA_D_4005820,0,0.00016045124,0
LA_D_4020807,0,0.00028339066,0
LA_D_4029187,0,0.00054390053,0
LA_D_4105672,0,0.00013704406,0
LA_D_4107279,0,0.0003876971,0
LA_D_4128802,0,0.0021631184,0
LA_D_4143635,0,0.00020997696,0
LA_D_4185259,0,0.0018233446,0
LA_D_4216273,0,0.000522238,0
LA_D_4225333,0,9.308378e-05,0
LA_D_4333191,0,0.0013086306,0
LA_D_4342949,0,6.714754e-05,0
LA_D_4372021,0,0.00031051904,0
LA_D_4447831,0,0.00029500294,0
LA_D_4455937,0,0.00041552982,0
LA_D_4460163,0,7.6988246e-05,0
LA_D_4472082,0,0.00055872725,0
LA_D_4472967,0,0.00019312807,0
LA_D_4487386,0,0.00030983676,0
LA_D_4487653,0,0.00015549824,0
LA_D_4496115,0,0.00083512685,0
LA_D_4519635,0,0.00021542747,0
LA_D_4524225,0,0.000259095,0
LA_D_4529395,0,0.00032111185,0
LA_D_4552584,0,0.00022050648,0
LA_D_4585046,0,0.00022409501,0
LA_D_4624019,0,0.00064656674,0
LA_D_4688262,0,0.0002938868,0
LA_D_4699301,0,6.480815e-05,0
LA_D_4704078,0,0.0001104118,0
LA_D_4727143,0,0.00037930772,0
LA_D_4746243,0,0.0004157901,0
LA_D_4767464,0,0.000475699,0
LA_D_4790022,0,0.00018640183,0
LA_D_4799307,0,0.00026926727,0
LA_D_4814981,0,0.00026702392,0
LA_D_4825873,0,0.00018905019,0
LA_D_4831370,0,0.00023890154,0
LA_D_4833484,0,0.00017233806,0
LA_D_4846158,0,3.7130827e-05,0
LA_D_4888486,0,0.00023249167,0
LA_D_4904641,0,0.0004880934,0
LA_D_4931293,0,0.0002140483,0
LA_D_4934401,0,0.00012626321,0
LA_D_4946335,0,4.025641e-05,0
LA_D_4954842,0,0.00035706934,0
LA_D_4966242,0,0.00073254696,0
LA_D_4974659,0,0.000247667,0
LA_D_4990575,0,0.0004958521,0
LA_D_5008157,0,0.0001818665,0
LA_D_5035533,0,0.00010358707,0
LA_D_5054541,0,0.0004577178,0
LA_D_5096284,0,0.00013633723,0
LA_D_5127607,0,0.00037390488,0
LA_D_5138851,0,0.00021281955,0
LA_D_5151081,0,0.00014828346,0
LA_D_5182772,0,0.0006800256,0
LA_D_5202763,0,0.00042043105,0
LA_D_5232139,0,0.00017786669,0
LA_D_5246193,0,0.0005652681,0
LA_D_5293338,0,0.00036334057,0
LA_D_5299709,0,0.0002263012,0
LA_D_5300130,0,0.0008923226,0
LA_D_5308230,0,0.00038828448,0
LA_D_5357142,0,0.00018686698,0
LA_D_5392292,0,0.00031501285,0
LA_D_5394501,0,0.00023920654,0
LA_D_5396397,0,0.0004718495,0
LA_D_5421212,0,0.00023765296,0
LA_D_5452800,0,0.0016704903,0
LA_D_5465758,0,0.00014260336,0
LA_D_5482180,0,0.00028976967,0
LA_D_5571629,0,0.00034188968,0
LA_D_5584734,0,0.0003855454,0
LA_D_5586056,0,0.101716936,0
LA_D_5627497,0,0.0002135892,0
LA_D_5654375,0,0.0001704102,0
LA_D_5689198,0,0.00018977984,0
LA_D_5730320,0,0.00023117076,0
LA_D_5732035,0,0.0003825958,0
LA_D_5737966,0,0.00021140567,0
LA_D_5742424,0,0.00022277779,0
LA_D_5755628,0,9.5672855e-05,0
LA_D_5824879,0,9.4083516e-05,0
LA_D_5826732,0,0.0007151676,0
LA_D_5828981,0,0.0001914711,0
LA_D_5861749,0,0.00063757336,0
LA_D_5873832,0,0.0005210924,0
LA_D_5932720,0,0.000254176,0
LA_D_5940165,0,0.00025833157,0
LA_D_5945248,0,9.891381e-05,0
LA_D_5981243,0,0.00061167893,0
LA_D_5985415,0,0.0018204412,0
LA_D_6001078,0,0.00010844552,0
LA_D_6033416,0,0.00031666897,0
LA_D_6084356,0,0.00031401974,0
LA_D_6097312,0,0.00032263636,0
LA_D_6105514,0,0.00025619127,0
LA_D_6135335,0,0.00024745526,0
LA_D_6159317,0,0.00030804862,0
LA_D_6165860,0,0.0005511004,0
LA_D_6185691,0,0.0003302399,0
LA_D_6193524,0,0.0005103552,0
LA_D_6203837,0,4.762861e-05,0
LA_D_6210440,0,0.00023471695,0
LA_D_6211991,0,0.0002796225,0
LA_D_6259884,0,0.0005219345,0
LA_D_6267621,0,0.00031753845,0
LA_D_6305298,0,0.000110393696,0
LA_D_6305743,0,0.00013370147,0
LA_D_6320458,0,8.4772306e-05,0
LA_D_6321182,0,0.00025089862,0
LA_D_6323705,0,0.00023383064,0
LA_D_6345029,0,0.0017547648,0
LA_D_6368988,0,0.00010094284,0
LA_D_6371872,0,0.00014332586,0
LA_D_6390103,0,0.00019542019,0
LA_D_6401176,0,0.012852381,0
LA_D_6425717,0,0.0007226166,0
LA_D_6458120,0,0.00034247784,0
LA_D_6502358,0,0.00034838732,0
LA_D_6526168,0,0.00025824292,0
LA_D_6532619,0,0.0002667537,0
LA_D_6547828,0,0.00021644538,0
LA_D_6550208,0,0.00016865757,0
LA_D_6594807,0,0.0009884104,0
LA_D_6640572,0,9.3350274e-05,0
LA_D_6742796,0,0.00027812165,0
LA_D_6779692,0,0.0010876723,0
LA_D_6806988,0,0.00031848863,0
LA_D_6826884,0,0.0004053879,0
LA_D_6840556,0,0.0003503758,0
LA_D_6840971,0,0.0002195268,0
LA_D_6845080,0,0.0007007148,0
LA_D_6852869,0,0.00021660309,0
LA_D_6865911,0,0.0002483989,0
LA_D_6879359,0,0.00024740995,0
LA_D_6919214,0,0.00021203975,0
LA_D_6931896,0,0.000330594,0
LA_D_6938657,0,5.3729207e-05,0
LA_D_6947992,0,0.00022688908,0
LA_D_6957283,0,8.779972e-05,0
LA_D_6970983,0,0.0004557195,0
LA_D_6973797,0,0.00019947562,0
LA_D_7053102,0,0.00015357543,0
LA_D_7124239,0,0.00034102245,0
LA_D_7139969,0,0.02079903,0
LA_D_7143938,0,0.00030168355,0
LA_D_7175704,0,0.00012842877,0
LA_D_7215783,0,0.00014437725,0
LA_D_7254378,0,0.00012360136,0
LA_D_7278858,0,0.00028351333,0
LA_D_7290285,0,0.00044622153,0
LA_D_7297385,0,0.00031411616,0
LA_D_7307702,0,0.00028276557,0
LA_D_7308358,0,0.00032415698,0
LA_D_7368863,0,7.5516764e-05,0
LA_D_7401894,0,0.00014166035,0
LA_D_7453123,0,0.00022085871,0
LA_D_7466640,0,9.08651e-05,0
LA_D_7482285,0,0.00013309091,0
LA_D_7484463,0,0.00022489573,0
LA_D_7508544,0,0.00055242947,0
LA_D_7540473,0,0.00027519933,0
LA_D_7560065,0,0.0003840187,0
LA_D_7563714,0,0.00010139636,0
LA_D_7568059,0,0.0006222608,0
LA_D_7596547,0,0.00025931443,0
LA_D_7598446,0,0.00010351834,0
LA_D_7635520,0,0.00012277557,0
LA_D_7641447,0,0.00029330794,0
LA_D_7748664,0,0.00015657424,0
LA_D_7750829,0,0.00062102603,0
LA_D_7754957,0,5.2799744e-05,0
LA_D_7757055,0,0.0003421525,0
LA_D_7760363,0,0.00024180756,0
LA_D_7760924,0,0.00052862853,0
LA_D_7823985,0,0.0007325386,0
LA_D_7878150,0,9.6032425e-05,0
LA_D_7901390,0,0.00033799748,0
LA_D_7927430,0,0.00014045065,0
LA_D_7937903,0,0.0028800564,0
LA_D_7940727,0,0.000789977,0
LA_D_7955580,0,0.00015457488,0
LA_D_8006078,0,0.00018606779,0
LA_D_8063853,0,8.803027e-05,0
LA_D_8118910,0,9.8300545e-05,0
LA_D_8133720,0,0.00023551456,0
LA_D_8138691,0,0.00023227876,0
LA_D_8193062,0,0.00024119945,0
LA_D_8200105,0,0.00031166326,0
LA_D_8205767,0,0.0007128039,0
LA_D_8222053,0,0.006921056,0
LA_D_8265007,0,0.00014735643,0
LA_D_8266174,0,0.00010535932,0
LA_D_8317813,0,0.00025657334,0
LA_D_8322502,0,0.00018450744,0
LA_D_8339674,0,0.00019716809,0
LA_D_8362045,0,0.0002431642,0
LA_D_8377841,0,0.0031164524,0
LA_D_8395121,0,0.00013834231,0
LA_D_8400994,0,0.0002989766,0
LA_D_8467991,0,0.00061813253,0
LA_D_8473774,0,0.0010779296,0
LA_D_8523307,0,0.0007508103,0
LA_D_8555156,0,0.0002294098,0
LA_D_8555387,0,0.002044379,0
LA_D_8590984,0,0.00025008325,0
LA_D_8641916,0,0.0002508527,0
LA_D_8693010,0,0.0003005384,0
LA_D_8718669,0,0.00041626964,0
LA_D_8737458,0,0.0003615814,0
LA_D_8759603,0,0.00024960612,0
LA_D_8808929,0,0.0013152506,0
LA_D_8829199,0,0.00032216086,0
LA_D_8832719,0,0.0003437385,0
LA_D_8879962,0,0.00013664216,0
LA_D_8881042,0,0.00017380297,0
LA_D_8956992,0,0.0015159668,0
LA_D_8967078,0,0.0001690938,0
LA_D_9032192,0,0.00022040766,0
LA_D_9092108,0,0.00032394475,0
LA_D_9095485,0,0.00024620138,0
LA_D_9151418,0,0.00013656101,0
LA_D_9162612,0,0.00023274298,0
LA_D_9165189,0,0.00021875162,0
LA_D_9175790,0,0.00017561977,0
LA_D_9176089,0,0.00014458707,0
LA_D_9178466,0,0.00033371497,0
LA_D_9208964,0,0.00024991878,0
LA_D_9255229,0,0.00046456052,0
LA_D_9265361,0,0.00030005455,0
LA_D_9273017,0,0.00014844134,0
LA_D_9291135,0,0.00022803222,0
LA_D_9299077,0,0.0014374123,0
LA_D_9303374,0,0.000568509,0
LA_D_9386777,0,0.00023384848,0
LA_D_9435140,0,0.00019046362,0
LA_D_9437643,0,0.00034659277,0
LA_D_9438939,0,5.3764525e-05,0
LA_D_9458312,0,0.00026054838,0
LA_D_9491341,0,7.8474244e-05,0
LA_D_9493111,0,0.00025096754,0
LA_D_9517810,0,0.00019858181,0
LA_D_9552252,0,0.00034911113,0
LA_D_9556143,0,0.00022699966,0
LA_D_9573200,0,0.00012581408,0
LA_D_9583786,0,0.00015795593,0
LA_D_9628041,0,0.0017433836,0
LA_D_9643639,0,0.00046297966,0
LA_D_9694196,0,0.00013249616,0
LA_D_9735621,0,0.009838613,0
LA_D_9754615,0,0.00028398298,0
LA_D_9809504,0,0.0006008908,0
LA_D_9826800,0,0.00022656331,0
LA_D_9827463,0,0.0001682151,0
LA_D_9829234,0,0.0003502866,0
LA_D_9834151,0,0.00023535025,0
LA_D_9841709,0,0.00076827063,0
LA_D_9843659,0,0.00019643552,0
LA_D_9845352,0,0.00014289055,0
LA_D_9887992,0,0.00020372805,0
LA_D_9892838,0,0.0002441369,0
LA_D_9915418,0,0.00024910754,0
LA_D_9928370,0,0.0031392185,0
LA_D_9947625,0,0.00021485105,0
LA_D_9951429,0,0.0002458847,0
LA_D_9968504,0,0.0014122415,0
LA_D_9982181,0,0.00024599276,0
LA_D_1015995,0,0.00024763984,0
LA_D_1025623,0,0.00011886219,0
LA_D_1041139,0,0.00016803348,0
LA_D_1066994,0,5.822366e-05,0
LA_D_1083152,0,0.00016851707,0
LA_D_1141689,0,0.00013411733,0
LA_D_1187570,0,0.00020104749,0
LA_D_1222113,0,0.00043300775,0
LA_D_1225103,0,0.00032149508,0
LA_D_1227503,0,0.0005119479,0
LA_D_1236220,0,0.000117429736,0
LA_D_1237599,0,0.00011245146,0
LA_D_1256292,0,0.00017548067,0
LA_D_1270346,0,0.00016624315,0
LA_D_1270417,0,0.00057074527,0
LA_D_1280798,0,0.000116254094,0
LA_D_1291887,0,0.0002754587,0
LA_D_1315381,0,0.00026581736,0
LA_D_1339032,0,0.0009913114,0
LA_D_1439434,0,0.00016995567,0
LA_D_1448603,0,9.2573726e-05,0
LA_D_1477965,0,0.00019623993,0
LA_D_1479340,0,0.00016561298,0
LA_D_1481342,0,0.0003052648,0
LA_D_1524492,0,0.00014891969,0
LA_D_1530598,0,0.00032341396,0
LA_D_1535691,0,0.00048423637,0
LA_D_1571034,0,0.0003389526,0
LA_D_1589086,0,6.437925e-05,0
LA_D_1683514,0,7.7260585e-05,0
LA_D_1712490,0,0.00026098223,0
LA_D_1733932,0,0.00032444944,0
LA_D_1771062,0,0.00017635693,0
LA_D_1804548,0,4.400198e-05,0
LA_D_1827759,0,0.0001503611,0
LA_D_1834417,0,0.00015944951,0
LA_D_1851125,0,0.00026283457,0
LA_D_1853465,0,0.0006376366,0
LA_D_1920181,0,0.00046169056,0
LA_D_1923158,0,0.0009557702,0
LA_D_1984046,0,0.0002683329,0
LA_D_1987281,0,0.00020085723,0
LA_D_2001766,0,0.00024306429,0
LA_D_2028101,0,0.00017540874,0
LA_D_2058414,0,0.00029277545,0
LA_D_2062199,0,0.0002671357,0
LA_D_2065118,0,0.00015376254,0
LA_D_2085717,0,0.00027892596,0
LA_D_2092113,0,0.00019157228,0
LA_D_2119647,0,0.00040681212,0
LA_D_2146561,0,0.00043377947,0
LA_D_2155785,0,0.0001913585,0
LA_D_2156294,0,0.00081644475,0
LA_D_2165573,0,7.053399e-05,0
LA_D_2174474,0,0.00017935774,0
LA_D_2189477,0,0.000112820715,0
LA_D_2199197,0,0.00032687705,0
LA_D_2221985,0,0.0002639219,0
LA_D_2240941,0,0.00019756876,0
LA_D_2248830,0,0.00019136799,0
LA_D_2258297,0,0.0025576258,0
LA_D_2262952,0,0.00011958055,0
LA_D_2276174,0,0.00023876356,0
LA_D_2290215,0,9.284921e-05,0
LA_D_2323323,0,0.00025012236,0
LA_D_2334671,0,0.00020722528,0
LA_D_2357913,0,6.9202295e-05,0
LA_D_2363887,0,0.00041933838,0
LA_D_2379173,0,0.0003769168,0
LA_D_2423635,0,0.00014936253,0
LA_D_2460718,0,0.00022731781,0
LA_D_2468069,0,0.00012649459,0
LA_D_2477292,0,0.00018698232,0
LA_D_2488744,0,0.00015300057,0
LA_D_2523101,0,0.00049309805,0
LA_D_2541020,0,0.0003493745,0
LA_D_2541924,0,0.00039463508,0
LA_D_2555710,0,0.00017693415,0
LA_D_2582795,0,0.00013124775,0
LA_D_2611575,0,0.00020361131,0
LA_D_2626790,0,0.0039317505,0
LA_D_2630658,0,0.00029948782,0
LA_D_2636307,0,0.00016214239,0
LA_D_2640062,0,8.949831e-05,0
LA_D_2652849,0,0.00029730354,0
LA_D_2678908,0,0.0002523053,0
LA_D_2684315,0,0.00011069918,0
LA_D_2695337,0,7.9656296e-05,0
LA_D_2701625,0,0.00016829613,0
LA_D_2713544,0,0.00018862814,0
LA_D_2715910,0,0.00024296562,0
LA_D_2720839,0,0.00036677203,0
LA_D_2739363,0,0.0004750234,0
LA_D_2756089,0,0.0001283934,0
LA_D_2780356,0,0.00021721217,0
LA_D_2872987,0,0.00029481488,0
LA_D_2901382,0,0.00046021902,0
LA_D_2905167,0,7.9151556e-05,0
LA_D_2926242,0,0.00017915518,0
LA_D_2943083,0,0.00025666947,0
LA_D_2952547,0,0.00011553277,0
LA_D_2991323,0,8.4848165e-05,0
LA_D_3035838,0,0.00027014903,0
LA_D_3056980,0,0.0006536629,0
LA_D_3164600,0,0.00020009856,0
LA_D_3167097,0,8.136081e-05,0
LA_D_3175070,0,0.00016526639,0
LA_D_3188700,0,0.00010141763,0
LA_D_3238483,0,9.1635535e-05,0
LA_D_3245212,0,0.00057967944,0
LA_D_3258575,0,0.00010545188,0
LA_D_3259757,0,0.00013535135,0
LA_D_3270078,0,0.00020873875,0
LA_D_3286719,0,0.00016289926,0
LA_D_3294926,0,0.00042935988,0
LA_D_3298138,0,0.00044164027,0
LA_D_3337137,0,0.00021775297,0
LA_D_3354072,0,0.00031045594,0
LA_D_3376284,0,0.00026585133,0
LA_D_3381710,0,0.00055784656,0
LA_D_3389487,0,0.00032778236,0
LA_D_3399382,0,9.249254e-05,0
LA_D_3421665,0,7.8426376e-05,0
LA_D_3451731,0,0.0015859561,0
LA_D_3453999,0,0.0010212123,0
LA_D_3462084,0,0.00011680512,0
LA_D_3471536,0,0.00056653895,0
LA_D_3509760,0,0.0005926244,0
LA_D_3513451,0,7.8727746e-05,0
LA_D_3526960,0,0.0003143696,0
LA_D_3555608,0,0.00052120216,0
LA_D_3571417,0,0.00011781715,0
LA_D_3583295,0,7.877198e-05,0
LA_D_3636635,0,0.0009567614,0
LA_D_3685242,0,0.00032780704,0
LA_D_3720534,0,0.000120620425,0
LA_D_3722091,0,0.00023442353,0
LA_D_3776262,0,0.003227785,0
LA_D_3789337,0,0.0001865396,0
LA_D_3804888,0,0.00026074497,0
LA_D_3813299,0,0.00023560486,0
LA_D_3857047,0,0.0001545127,0
LA_D_3868260,0,0.000120380726,0
LA_D_3891253,0,0.00016125155,0
LA_D_3909261,0,0.00015257821,0
LA_D_3921577,0,7.781254e-05,0
LA_D_3945733,0,9.223624e-05,0
LA_D_3957900,0,0.0003690944,0
LA_D_3983564,0,8.949165e-05,0
LA_D_4012901,0,0.0003797669,0
LA_D_4020557,0,0.0003426,0
LA_D_4043310,0,0.0001711198,0
LA_D_4054212,0,0.0004552315,0
LA_D_4075904,0,0.00059048977,0
LA_D_4077124,0,0.0001725579,0
LA_D_4083104,0,0.0002933471,0
LA_D_4164462,0,0.000100697674,0
LA_D_4211607,0,0.00018364338,0
LA_D_4288295,0,0.00030912954,0
LA_D_4326285,0,0.00046084193,0
LA_D_4349901,0,6.882461e-05,0
LA_D_4374092,0,0.00031891066,0
LA_D_4384865,0,0.0003875478,0
LA_D_4448415,0,0.00017825872,0
LA_D_4450385,0,0.00010719397,0
LA_D_4471866,0,0.00016251016,0
LA_D_4491035,0,0.00021324854,0
LA_D_4492917,0,0.0002600897,0
LA_D_4518306,0,0.0003887878,0
LA_D_4568137,0,0.00013439797,0
LA_D_4568479,0,8.406831e-05,0
LA_D_4638852,0,0.0007429846,0
LA_D_4644231,0,0.00012799707,0
LA_D_4657828,0,3.3134977e-05,0
LA_D_4669566,0,0.00015082836,0
LA_D_4673983,0,0.00013231044,0
LA_D_4687925,0,0.0005824935,0
LA_D_4698873,0,0.00023914357,0
LA_D_4737548,0,0.0002150154,0
LA_D_4743198,0,0.00018689816,0
LA_D_4756592,0,0.00020919043,0
LA_D_4763639,0,0.00021859109,0
LA_D_4769876,0,0.0003142336,0
LA_D_4811715,0,0.00038450334,0
LA_D_4839100,0,0.0003966688,0
LA_D_4846581,0,0.00022931049,0
LA_D_4857618,0,0.0002628892,0
LA_D_4894666,0,0.00018037937,0
LA_D_4899911,0,0.00020159129,0
LA_D_4907586,0,0.00028260038,0
LA_D_4910423,0,0.00017842739,0
LA_D_4912447,0,7.490421e-05,0
LA_D_4943344,0,0.00022441424,0
LA_D_5125866,0,0.0003011433,0
LA_D_5125915,0,0.00019480738,0
LA_D_5135845,0,0.00015956846,0
LA_D_5150969,0,0.00016749823,0
LA_D_5157831,0,0.00031300946,0
LA_D_5183182,0,0.00068674877,0
LA_D_5184938,0,0.00021469625,0
LA_D_5185211,0,0.00028051302,0
LA_D_5185636,0,0.00022468806,0
LA_D_5373686,0,0.0003973114,0
LA_D_5383356,0,7.091147e-05,0
LA_D_5407666,0,0.0002363009,0
LA_D_5417349,0,0.00016735485,0
LA_D_5424569,0,6.8152876e-05,0
LA_D_5429318,0,0.00030222652,0
LA_D_5478942,0,0.0002319563,0
LA_D_5491435,0,0.00016250568,0
LA_D_5550937,0,0.000106870946,0
LA_D_5552513,0,7.5755874e-05,0
LA_D_5553801,0,0.0004099714,0
LA_D_5582646,0,0.0009304996,0
LA_D_5599192,0,0.00021527513,0
LA_D_5602862,0,0.00054329017,0
LA_D_5632375,0,0.00020442912,0
LA_D_5644302,0,0.00069784117,0
LA_D_5654919,0,0.00011120215,0
LA_D_5660762,0,0.00025843308,0
LA_D_5685501,0,0.00024269563,0
LA_D_5697877,0,0.00024701963,0
LA_D_5706460,0,0.00017052983,0
LA_D_5724074,0,0.000269093,0
LA_D_5724578,0,0.00010057427,0
LA_D_5740428,0,0.00018761557,0
LA_D_5756708,0,0.00017867427,0
LA_D_5773268,0,0.00031355603,0
LA_D_5819674,0,0.00030870957,0
LA_D_5869004,0,7.9527716e-05,0
LA_D_5875644,0,0.001028154,0
LA_D_5918359,0,0.00027346995,0
LA_D_5947954,0,0.00029118484,0
LA_D_5950186,0,0.00038754963,0
LA_D_5953245,0,0.00025194397,0
LA_D_5977899,0,0.00017437917,0
LA_D_5986355,0,6.1204584e-05,0
LA_D_6038555,0,0.00030446926,0
LA_D_6045918,0,0.00036025056,0
LA_D_6049599,0,0.0002228781,0
LA_D_6052877,0,0.00014856695,0
LA_D_6068979,0,0.00010940546,0
LA_D_6097940,0,6.902975e-05,0
LA_D_6102211,0,0.00024005555,0
LA_D_6115491,0,0.00056674203,0
LA_D_6205878,0,8.057951e-05,0
LA_D_6229436,0,0.00010474155,0
LA_D_6239095,0,0.0003143861,0
LA_D_6276053,0,0.00042292933,0
LA_D_6358331,0,0.00019991052,0
LA_D_6395285,0,0.00023625992,0
LA_D_6417123,0,0.00019416705,0
LA_D_6418703,0,0.00024785762,0
LA_D_6451019,0,9.3170805e-05,0
LA_D_6513075,0,0.00023152013,0
LA_D_6522721,0,0.00020794354,0
LA_D_6530557,0,0.0002930374,0
LA_D_6564234,0,0.00026390576,0
LA_D_6606510,0,0.000104564315,0
LA_D_6618107,0,0.00019229091,0
LA_D_6622995,0,0.00025848948,0
LA_D_6642731,0,0.00025875776,0
LA_D_6644436,0,0.0001963739,0
LA_D_6689794,0,0.0002453288,0
LA_D_6707130,0,0.00012316651,0
LA_D_6878658,0,0.00012516577,0
LA_D_6896770,0,0.00018652822,0
LA_D_6906000,0,0.0004545862,0
LA_D_6906145,0,0.00020435528,0
LA_D_6907717,0,0.0004045058,0
LA_D_6919695,0,0.0005130519,0
LA_D_6921894,0,0.0002101354,0
LA_D_6983042,0,0.0003072359,0
LA_D_6993529,0,0.0001379837,0
LA_D_6994743,0,0.00055737834,0
LA_D_7031980,0,0.0002699698,0
LA_D_7037996,0,0.00026431368,0
LA_D_7074811,0,0.00014521602,0
LA_D_7079132,0,0.0005515067,0
LA_D_7088960,0,0.00029503895,0
LA_D_7122033,0,0.00033718577,0
LA_D_7129140,0,0.0003694957,0
LA_D_7134776,0,5.8041765e-05,0
LA_D_7155652,0,0.00028864606,0
LA_D_7178750,0,9.2256996e-05,0
LA_D_7186071,0,0.00024362857,0
LA_D_7193593,0,0.00013250032,0
LA_D_7237966,0,0.00014127052,0
LA_D_7256380,0,0.00016271406,0
LA_D_7295279,0,0.00019177789,0
LA_D_7297734,0,0.00022163437,0
LA_D_7343925,0,0.00014378194,0
LA_D_7391671,0,0.0001254961,0
LA_D_7417508,0,0.00015646484,0
LA_D_7418649,0,0.00029343576,0
LA_D_7467500,0,0.00051740016,0
LA_D_7488110,0,0.00020808836,0
LA_D_7500010,0,0.00020080246,0
LA_D_7500339,0,0.000115798575,0
LA_D_7511798,0,0.0005860363,0
LA_D_7520730,0,0.00010954722,0
LA_D_7570804,0,0.00036193183,0
LA_D_7602591,0,0.0003656489,0
LA_D_7657866,0,0.00014481405,0
LA_D_7684671,0,0.00013206566,0
LA_D_7691905,0,0.00017200349,0
LA_D_7694898,0,0.00041769224,0
LA_D_7695245,0,0.00018093266,0
LA_D_7696325,0,0.0002405697,0
LA_D_7697979,0,0.00017418322,0
LA_D_7698904,0,0.00021162248,0
LA_D_7714709,0,0.0008124533,0
LA_D_7735407,0,0.00023427338,0
LA_D_7741103,0,8.5628235e-05,0
LA_D_7756924,0,0.000145136,0
LA_D_7775202,0,0.00044548672,0
LA_D_7859058,0,8.966386e-05,0
LA_D_7861316,0,0.0002672878,0
LA_D_7869040,0,3.694839e-05,0
LA_D_7874416,0,0.00013802963,0
LA_D_7885495,0,9.5187905e-05,0
LA_D_7893523,0,0.0002756828,0
LA_D_7913083,0,9.996607e-05,0
LA_D_7916461,0,0.00017844391,0
LA_D_7951172,0,0.00014597249,0
LA_D_7976262,0,0.00035227652,0
LA_D_8054775,0,0.0003710471,0
LA_D_8062490,0,0.00013596514,0
LA_D_8085552,0,0.00028274537,0
LA_D_8113811,0,7.771925e-05,0
LA_D_8115950,0,0.00019086066,0
LA_D_8122305,0,0.00086966314,0
LA_D_8151925,0,0.00019951291,0
LA_D_8177955,0,5.1326228e-05,0
LA_D_8182521,0,9.135686e-05,0
LA_D_8226216,0,0.00024594096,0
LA_D_8241089,0,0.00013842214,0
LA_D_8247445,0,0.00038796,0
LA_D_8252463,0,0.00012475302,0
LA_D_8321086,0,5.4762644e-05,0
LA_D_8337491,0,0.00027767807,0
LA_D_8369078,0,0.000250037,0
LA_D_8392069,0,0.00013687284,0
LA_D_8424077,0,0.0001585095,0
LA_D_8425122,0,8.30523e-05,0
LA_D_8488579,0,6.299316e-05,0
LA_D_8536703,0,0.00032241715,0
LA_D_8580767,0,0.00031591632,0
LA_D_8585377,0,0.00052725273,0
LA_D_8599073,0,0.00027590027,0
LA_D_8621180,0,0.00010720942,0
LA_D_8647244,0,0.0005561806,0
LA_D_8648380,0,0.00062524993,0
LA_D_8688194,0,0.00017190447,0
LA_D_8752297,0,0.00010085509,0
LA_D_8756258,0,0.0010810775,0
LA_D_8767891,0,0.00036273632,0
LA_D_8773807,0,0.00013734272,0
LA_D_8841902,0,0.00018697768,0
LA_D_8872215,0,0.00038617806,0
LA_D_8880907,0,0.0003209625,0
LA_D_8909743,0,0.00046267963,0
LA_D_8933929,0,0.00027609264,0
LA_D_8941450,0,0.00058403,0
LA_D_8953865,0,0.00040969127,0
LA_D_8972643,0,8.463047e-05,0
LA_D_8976301,0,0.0002767486,0
LA_D_9015599,0,0.00012188716,0
LA_D_9048728,0,0.00044260453,0
LA_D_9063449,0,0.00020860006,0
LA_D_9073257,0,0.00036648437,0
LA_D_9094987,0,0.00078663044,0
LA_D_9165968,0,0.00015698504,0
LA_D_9178120,0,0.00010657582,0
LA_D_9204853,0,0.00022742686,0
LA_D_9221421,0,0.00026280072,0
LA_D_9224553,0,9.550312e-05,0
LA_D_9256084,0,0.0007953323,0
LA_D_9265055,0,0.00011601169,0
LA_D_9270193,0,0.0005006617,0
LA_D_9288062,0,0.00012804627,0
LA_D_9306263,0,0.00029709158,0
LA_D_9308998,0,0.00020298638,0
LA_D_9345040,0,0.0003315418,0
LA_D_9351534,0,0.00030333555,0
LA_D_9360638,0,6.719046e-05,0
LA_D_9455176,0,7.735664e-05,0
LA_D_9465852,0,0.000115100964,0
LA_D_9493396,0,0.0005554691,0
LA_D_9501828,0,0.00012565631,0
LA_D_9505222,0,9.9273166e-05,0
LA_D_9516346,0,8.737026e-05,0
LA_D_9531069,0,9.544632e-05,0
LA_D_9561723,0,0.00031048703,0
LA_D_9562925,0,5.1480394e-05,0
LA_D_9584720,0,0.00034449075,0
LA_D_9603877,0,0.00065613585,0
LA_D_9624479,0,0.00029119372,0
LA_D_9629615,0,0.00018316631,0
LA_D_9643315,0,0.00048617198,0
LA_D_9674554,0,0.00029969803,0
LA_D_9698557,0,0.00024006744,0
LA_D_9700502,0,0.0002110478,0
LA_D_9724716,0,0.00017096306,0
LA_D_9738955,0,0.000116982905,0
LA_D_9773491,0,0.00014118971,0
LA_D_9825433,0,0.00015646471,0
LA_D_9845428,0,0.00032614678,0
LA_D_9882045,0,0.00015327393,0
LA_D_9883728,0,0.00017437583,0
LA_D_9925097,0,0.00016966536,0
LA_D_9934925,0,0.0009611177,0
LA_D_9962471,0,0.00028608798,0
LA_D_9964695,0,0.00021402993,0
LA_D_1000752,0,0.00029983293,0
LA_D_1011897,0,0.013035217,0
LA_D_1031999,0,0.00017718166,0
LA_D_1046296,0,0.00030448145,0
LA_D_1054756,0,0.00052086194,0
LA_D_1081164,0,0.0008510602,0
LA_D_1123453,0,0.00018078022,0
LA_D_1171425,0,0.00066957664,0
LA_D_1179445,0,0.0003248602,0
LA_D_1244678,0,0.0009983848,0
LA_D_1271468,0,0.0001453831,0
LA_D_1279578,0,0.00019700968,0
LA_D_1314423,0,0.00021558221,0
LA_D_1369463,0,0.00021674421,0
LA_D_1417565,0,0.0003989639,0
LA_D_1454955,0,0.0003876601,0
LA_D_1472719,0,0.00015305194,0
LA_D_1495339,0,0.00034471217,0
LA_D_1518141,0,8.0163874e-05,0
LA_D_1527843,0,0.0003012082,0
LA_D_1531229,0,0.00026006167,0
LA_D_1540639,0,0.00020820642,0
LA_D_1590758,0,0.00028697582,0
LA_D_1600157,0,0.00039667333,0
LA_D_1607304,0,0.00034778632,0
LA_D_1629379,0,0.00012983581,0
LA_D_1674536,0,8.3274586e-05,0
LA_D_1685139,0,0.0019225635,0
LA_D_1723129,0,0.000176247,0
LA_D_1728557,0,0.0006872575,0
LA_D_1759608,0,0.00045819057,0
LA_D_1798555,0,0.0002585925,0
LA_D_1812724,0,0.00041068954,0
LA_D_1828356,0,0.00044080493,0
LA_D_1840120,0,6.6801e-05,0
LA_D_1847944,0,0.00012290911,0
LA_D_1848349,0,0.00026609807,0
LA_D_1893786,0,0.00021533281,0
LA_D_1900218,0,0.0013240121,0
LA_D_1907731,0,0.000365908,0
LA_D_1909708,0,0.0022881592,0
LA_D_1924724,0,0.00012944666,0
LA_D_1929031,0,0.0002519798,0
LA_D_1969657,0,0.00015510034,0
LA_D_1975824,0,0.00044733952,0
LA_D_1977942,0,0.00014581515,0
LA_D_2079731,0,0.0003318704,0
LA_D_2103518,0,0.0005313256,0
LA_D_2120805,0,0.00023481074,0
LA_D_2130196,0,0.00043434845,0
LA_D_2184798,0,0.00023648707,0
LA_D_2188353,0,0.0013331033,0
LA_D_2217221,0,0.00030216426,0
LA_D_2225574,0,0.00015508999,0
LA_D_2293379,0,0.00018668926,0
LA_D_2295230,0,0.00042958502,0
LA_D_2357497,0,0.0011879575,0
LA_D_2369549,0,0.00017927823,0
LA_D_2414625,0,0.00017218449,0
LA_D_2427111,0,0.0001491155,0
LA_D_2432615,0,0.00025145372,0
LA_D_2433056,0,7.825366e-05,0
LA_D_2499680,0,0.0002788736,0
LA_D_2504571,0,7.293289e-05,0
LA_D_2541236,0,0.00021456977,0
LA_D_2628460,0,0.000100089484,0
LA_D_2628819,0,0.00015467337,0
LA_D_2636579,0,0.00054180296,0
LA_D_2657707,0,0.0004174109,0
LA_D_2660514,0,0.0010051697,0
LA_D_2722401,0,0.00047180988,0
LA_D_2810734,0,3.3550048e-05,0
LA_D_2816308,0,4.624574e-05,0
LA_D_2850456,0,0.00031916494,0
LA_D_2859709,0,0.000903619,0
LA_D_2867530,0,0.0010615208,0
LA_D_2882773,0,5.1734438e-05,0
LA_D_2885606,0,0.00028009934,0
LA_D_2921952,0,0.00014426261,0
LA_D_2950326,0,0.00030755036,0
LA_D_2971299,0,0.00018248297,0
LA_D_2981561,0,0.00015106787,0
LA_D_2981790,0,0.00028000213,0
LA_D_3014327,0,0.00012492992,0
LA_D_3057414,0,0.0009424917,0
LA_D_3077475,0,0.00023715386,0
LA_D_3087310,0,0.00025105727,0
LA_D_3101861,0,0.00010116891,0
LA_D_3118362,0,0.00014047396,0
LA_D_3189890,0,0.000697199,0
LA_D_3230643,0,0.00024330452,0
LA_D_3269593,0,0.00018664173,0
LA_D_3312747,0,0.00052014156,0
LA_D_3377038,0,0.0010606373,0
LA_D_3399798,0,0.00011196826,0
LA_D_3441226,0,4.034542e-05,0
LA_D_3496584,0,0.00016993331,0
LA_D_3547584,0,0.00047338885,0
LA_D_3569855,0,0.00042003772,0
LA_D_3588628,0,0.0003640132,0
LA_D_3634368,0,0.00013647757,0
LA_D_3642434,0,0.00037318197,0
LA_D_3662875,0,0.0003508056,0
LA_D_3721304,0,0.0001594185,0
LA_D_3736436,0,0.000264587,0
LA_D_3742795,0,0.0003901612,0
LA_D_3743022,0,0.0001491391,0
LA_D_3753747,0,0.00023110706,0
LA_D_3775667,0,0.00026104294,0
LA_D_3780562,0,0.000110211826,0
LA_D_3783520,0,0.0008296548,0
LA_D_3785236,0,0.00020978868,0
LA_D_3803714,0,0.00028173227,0
LA_D_3991844,0,0.00010285368,0
LA_D_4015488,0,8.182891e-05,0
LA_D_4039179,0,0.000110676694,0
LA_D_4073939,0,0.00061406975,0
LA_D_4119404,0,0.00017563434,0
LA_D_4121278,0,0.00016007319,0
LA_D_4131978,0,0.00040980257,0
LA_D_4132005,0,4.5337343e-05,0
LA_D_4181484,0,0.0027032336,0
LA_D_4239546,0,0.0008089068,0
LA_D_4243835,0,0.00017890357,0
LA_D_4396214,0,0.00035264378,0
LA_D_4397064,0,0.00015821248,0
LA_D_4458062,0,0.00033643507,0
LA_D_4474720,0,0.00030869248,0
LA_D_4491910,0,0.00011315624,0
LA_D_4509357,0,0.0062595215,0
LA_D_4538751,0,8.285722e-05,0
LA_D_4562819,0,0.00024260033,0
LA_D_4580639,0,7.5226184e-05,0
LA_D_4599790,0,0.00023255266,0
LA_D_4694886,0,0.00040468402,0
LA_D_4699456,0,0.00027459362,0
LA_D_4754875,0,0.000375517,0
LA_D_4801414,0,0.0004529417,0
LA_D_4835906,0,0.00043382743,0
LA_D_4871506,0,0.00014438784,0
LA_D_4872589,0,0.00021958836,0
LA_D_4887466,0,0.00041507176,0
LA_D_4924355,0,0.00031430967,0
LA_D_4925465,0,6.9519585e-05,0
LA_D_4929440,0,0.00020753295,0
LA_D_4935985,0,0.00016589162,0
LA_D_4940984,0,9.257893e-05,0
LA_D_4953037,0,7.910477e-05,0
LA_D_4978565,0,0.00012142059,0
LA_D_5012472,0,0.00027655443,0
LA_D_5042622,0,0.0001230306,0
LA_D_5148813,0,7.0271424e-05,0
LA_D_5194683,0,0.00040709766,0
LA_D_5203690,0,0.00018869882,0
LA_D_5238810,0,0.00032904473,0
LA_D_5287056,0,0.00032363017,0
LA_D_5308866,0,0.00028400138,0
LA_D_5323426,0,0.00028272247,0
LA_D_5330909,0,0.00037067517,0
LA_D_5380020,0,0.00018545707,0
LA_D_5442160,0,0.00011580774,0
LA_D_5450980,0,0.00021241856,0
LA_D_5474605,0,0.00020754087,0
LA_D_5514689,0,0.00021770025,0
LA_D_5542976,0,0.0002743508,0
LA_D_5561180,0,0.00021889643,0
LA_D_5579170,0,0.00023348175,0
LA_D_5626492,0,0.0005351538,0
LA_D_5644446,0,0.00023624527,0
LA_D_5690727,0,0.000481373,0
LA_D_5693207,0,0.0010389724,0
LA_D_5700704,0,0.0002825484,0
LA_D_5717327,0,0.00028508302,0
LA_D_5755194,0,0.00043535323,0
LA_D_5767805,0,0.0008617354,0
LA_D_5788523,0,0.00027776652,0
LA_D_5806432,0,0.00027062697,0
LA_D_5859057,0,0.00043086175,0
LA_D_5863762,0,0.00094671524,0
LA_D_5871402,0,0.00031722436,0
LA_D_5873604,0,0.00011961341,0
LA_D_5897761,0,0.00052289804,0
LA_D_5918498,0,0.00014529828,0
LA_D_5932598,0,0.00020801017,0
LA_D_5934154,0,0.00019659555,0
LA_D_5960511,0,0.00014744203,0
LA_D_5961603,0,0.000115167706,0
LA_D_5974456,0,0.00034492486,0
LA_D_5996371,0,0.00048064947,0
LA_D_6073207,0,0.00049189816,0
LA_D_6097564,0,0.00019178372,0
LA_D_6099244,0,8.1486374e-05,0
LA_D_6198361,0,0.00082794344,0
LA_D_6246382,0,0.0001249055,0
LA_D_6252373,0,0.00025880933,0
LA_D_6271997,0,0.00034849258,0
LA_D_6346227,0,0.0003173714,0
LA_D_6367384,0,0.0008561209,0
LA_D_6373288,0,4.2420725e-05,0
LA_D_6407830,0,0.00060607085,0
LA_D_6472939,0,0.00021984751,0
LA_D_6516575,0,0.00021282362,0
LA_D_6516814,0,0.00022235254,0
LA_D_6520063,0,0.0001969447,0
LA_D_6568228,0,0.0002336109,0
LA_D_6575380,0,0.00046536323,0
LA_D_6612646,0,0.00043256095,0
LA_D_6626918,0,0.00022281095,0
LA_D_6694820,0,0.00029472917,0
LA_D_6717975,0,0.00039735006,0
LA_D_6738889,0,0.0002411944,0
LA_D_6766548,0,0.00077395217,0
LA_D_6830608,0,0.00014236422,0
LA_D_6936838,0,0.00021412423,0
LA_D_6971712,0,0.00042386737,0
LA_D_6979806,0,7.458282e-05,0
LA_D_7031958,0,0.00017801973,0
LA_D_7063977,0,0.00013179166,0
LA_D_7127082,0,0.00026436563,0
LA_D_7130895,0,6.475416e-05,0
LA_D_7133142,0,0.000449944,0
LA_D_7219088,0,0.00019266937,0
LA_D_7246488,0,2.5874859e-05,0
LA_D_7284760,0,0.00013336175,0
LA_D_7330298,0,7.770739e-05,0
LA_D_7342764,0,0.00020841775,0
LA_D_7419811,0,2.4656227e-05,0
LA_D_7427303,0,0.00027492738,0
LA_D_7429028,0,0.00079139054,0
LA_D_7438016,0,0.0004281762,0
LA_D_7477006,0,0.00024177805,0
LA_D_7511640,0,0.000391647,0
LA_D_7551987,0,0.001964224,0
LA_D_7608750,0,0.0002724807,0
LA_D_7608776,0,0.00059544225,0
LA_D_7630499,0,0.00013421419,0
LA_D_7643950,0,0.00019489617,0
LA_D_7724545,0,0.00021124631,0
LA_D_7740262,0,0.00037972996,0
LA_D_7772989,0,0.00025081323,0
LA_D_7813614,0,0.00018597503,0
LA_D_7862876,0,0.00043142767,0
LA_D_7866293,0,0.00021680993,0
LA_D_7922604,0,0.00031324412,0
LA_D_7962163,0,0.000501962,0
LA_D_7984251,0,0.0005599577,0
LA_D_7986044,0,0.0006116807,0
LA_D_7992518,0,0.00018179661,0
LA_D_8063205,0,0.00013004025,0
LA_D_8113228,0,0.0002534561,0
LA_D_8169185,0,0.00021398382,0
LA_D_8169310,0,0.0002729253,0
LA_D_8205041,0,0.0005353512,0
LA_D_8234296,0,7.107767e-05,0
LA_D_8249434,0,0.00092725066,0
LA_D_8270568,0,0.0006031463,0
LA_D_8285541,0,0.00022372542,0
LA_D_8310930,0,0.00021391753,0
LA_D_8322404,0,0.00047894625,0
LA_D_8338331,0,0.0012913315,0
LA_D_8381871,0,0.0002121714,0
LA_D_8400810,0,7.9355756e-05,0
LA_D_8438420,0,0.00032550623,0
LA_D_8468186,0,4.452009e-05,0
LA_D_8482937,0,0.00020131373,0
LA_D_8558362,0,0.00011526152,0
LA_D_8572188,0,0.00011315678,0
LA_D_8582702,0,0.00013426552,0
LA_D_8632409,0,0.00046803016,0
LA_D_8655539,0,0.00023907654,0
LA_D_8713797,0,0.00014976355,0
LA_D_8735190,0,0.0020619025,0
LA_D_8758676,0,0.00019484806,0
LA_D_8770785,0,0.00020390839,0
LA_D_8821382,0,0.0019809806,0
LA_D_8829502,0,0.0002695308,0
LA_D_8939040,0,0.00046495884,0
LA_D_8957132,0,0.00027709655,0
LA_D_9012367,0,0.0005160329,0
LA_D_9050106,0,0.00047018594,0
LA_D_9053096,0,0.00039930904,0
LA_D_9092413,0,0.0003087805,0
LA_D_9096116,0,0.0003955756,0
LA_D_9161942,0,0.00016455847,0
LA_D_9178575,0,0.00033131998,0
LA_D_9180824,0,0.00047838324,0
LA_D_9287624,0,0.00030071125,0
LA_D_9314868,0,0.00020377485,0
LA_D_9327657,0,0.00015257167,0
LA_D_9335121,0,0.00014027732,0
LA_D_9347638,0,0.00030682582,0
LA_D_9351516,0,9.700379e-05,0
LA_D_9478492,0,0.00024341869,0
LA_D_9482946,0,0.00045012374,0
LA_D_9493572,0,0.0006124443,0
LA_D_9643882,0,8.320267e-05,0
LA_D_9693082,0,0.00026433181,0
LA_D_9709000,0,0.00014656484,0
LA_D_9716462,0,0.00035736867,0
LA_D_9717176,0,8.4867424e-05,0
LA_D_9728878,0,0.0006060038,0
LA_D_9793079,0,0.0002950862,0
LA_D_9883916,0,0.00020272507,0
LA_D_9888091,0,0.00022882369,0
LA_D_9896820,0,0.0005615569,0
LA_D_9949656,0,0.00012729745,0
LA_D_9980947,0,0.00029821595,0
LA_D_9998252,0,0.00020625249,0
LA_D_1034187,0,0.000104238774,0
LA_D_1051251,0,0.00040227044,0
LA_D_1083207,0,0.00021552219,0
LA_D_1107420,0,0.0015166816,0
LA_D_1163800,0,0.00012194529,0
LA_D_1207603,0,0.00010540041,0
LA_D_1215066,0,0.00030245335,0
LA_D_1249171,0,0.00017219548,0
LA_D_1266569,0,0.00016702423,0
LA_D_1276848,0,0.00038760764,0
LA_D_1295900,0,0.00017353719,0
LA_D_1298452,0,0.0001411601,0
LA_D_1325774,0,6.943723e-05,0
LA_D_1339898,0,0.00023260011,0
LA_D_1381098,0,0.00026353466,0
LA_D_1399230,0,0.00017362673,0
LA_D_1415071,0,0.00073059066,0
LA_D_1522979,0,0.000375959,0
LA_D_1533885,0,0.0001431748,0
LA_D_1533909,0,0.00010861359,0
LA_D_1553275,0,0.0001599554,0
LA_D_1568415,0,0.00059846055,0
LA_D_1588199,0,0.00025953088,0
LA_D_1647258,0,0.00016500187,0
LA_D_1679200,0,0.0007787967,0
LA_D_1687320,0,0.00072525546,0
LA_D_1722394,0,0.00022712347,0
LA_D_1753198,0,0.000120650795,0
LA_D_1757233,0,0.00020138938,0
LA_D_1819222,0,6.0105114e-05,0
LA_D_1853874,0,0.00018095922,0
LA_D_1865483,0,0.0003426954,0
LA_D_1866359,0,0.00019603045,0
LA_D_1891505,0,0.00013530902,0
LA_D_1973577,0,0.00012497662,0
LA_D_1989804,0,0.00021279704,0
LA_D_2017659,0,6.997325e-05,0
LA_D_2041233,0,7.019768e-05,0
LA_D_2075139,0,0.0003726139,0
LA_D_2076743,0,0.00021709788,0
LA_D_2081509,0,0.0001985396,0
LA_D_2139624,0,0.00017427276,0
LA_D_2192294,0,0.00017839849,0
LA_D_2211287,0,0.00015197172,0
LA_D_2212252,0,0.0003185412,0
LA_D_2220021,0,0.00027400733,0
LA_D_2256162,0,0.00042880193,0
LA_D_2287208,0,0.00011205691,0
LA_D_2293278,0,0.00031330355,0
LA_D_2299711,0,0.000116076415,0
LA_D_2352772,0,0.00017305369,0
LA_D_2375510,0,0.00010543661,0
LA_D_2378498,0,0.00024799423,0
LA_D_2391042,0,6.463219e-05,0
LA_D_2405981,0,0.000340306,0
LA_D_2434311,0,0.00023974881,0
LA_D_2462147,0,0.00016169976,0
LA_D_2509933,0,0.00024738355,0
LA_D_2548377,0,6.8932524e-05,0
LA_D_2571407,0,0.00019125124,0
LA_D_2578678,0,4.9123148e-05,0
LA_D_2582183,0,9.197766e-05,0
LA_D_2588535,0,0.00014692136,0
LA_D_2605084,0,0.00012292388,0
LA_D_2623706,0,0.0077469917,0
LA_D_2626792,0,9.686144e-05,0
LA_D_2648600,0,0.0013499208,0
LA_D_2650745,0,0.00017693467,0
LA_D_2651974,0,0.0010994399,0
LA_D_2667973,0,0.0008037665,0
LA_D_2678873,0,0.00019993566,0
LA_D_2679440,0,0.00015611509,0
LA_D_2692975,0,0.00038554205,0
LA_D_2726583,0,0.00059855013,0
LA_D_2727449,0,0.00016968671,0
LA_D_2742354,0,0.00055242475,0
LA_D_2759665,0,0.00032110576,0
LA_D_2765207,0,0.0008335567,0
LA_D_2818072,0,0.00041636726,0
LA_D_2844576,0,0.00015676262,0
LA_D_2875086,0,0.00011873452,0
LA_D_2887795,0,0.0002127956,0
LA_D_2929419,0,0.00013844129,0
LA_D_2936311,0,0.0002401643,0
LA_D_2943838,0,0.00046141428,0
LA_D_2959188,0,0.00015425301,0
LA_D_2970993,0,0.0001726364,0
LA_D_2984009,0,0.00037830815,0
LA_D_2998440,0,0.00015163734,0
LA_D_3003086,0,0.00014526282,0
LA_D_3020494,0,0.00020508432,0
LA_D_3036353,0,0.00014967275,0
LA_D_3089136,0,0.0001152357,0
LA_D_3128305,0,8.976986e-05,0
LA_D_3143433,0,0.0004758382,0
LA_D_3301789,0,8.246774e-05,0
LA_D_3307272,0,7.067121e-05,0
LA_D_3355462,0,0.0001441313,0
LA_D_3391776,0,0.00043248307,0
LA_D_3420026,0,8.846128e-05,0
LA_D_3440170,0,0.00042294874,0
LA_D_3449640,0,0.00020611979,0
LA_D_3468544,0,0.00019250391,0
LA_D_3490330,0,0.00016461262,0
LA_D_3512693,0,5.482466e-05,0
LA_D_3605545,0,6.419019e-05,0
LA_D_3611882,0,0.00042182935,0
LA_D_3616666,0,0.00017577775,0
LA_D_3624723,0,0.00022822972,0
LA_D_3648882,0,0.00020417006,0
LA_D_3656689,0,0.00014135163,0
LA_D_3663936,0,0.00031373426,0
LA_D_3673853,0,7.0720955e-05,0
LA_D_3673912,0,0.00016146355,0
LA_D_3690958,0,0.00029719243,0
LA_D_3703786,0,0.0006842721,0
LA_D_3736756,0,0.00013678061,0
LA_D_3747521,0,0.00022997415,0
LA_D_3758762,0,6.880859e-05,0
LA_D_3759938,0,0.00017411531,0
LA_D_3792822,0,0.00024378055,0
LA_D_3903108,0,0.00038792889,0
LA_D_3905736,0,0.000866279,0
LA_D_3954480,0,0.0005425766,0
LA_D_4025022,0,0.00014871052,0
LA_D_4053532,0,0.0003294949,0
LA_D_4061958,0,0.00057837204,0
LA_D_4071634,0,0.00012612496,0
LA_D_4100744,0,0.00015841522,0
LA_D_4168975,0,0.0003111069,0
LA_D_4169964,0,0.0006987523,0
LA_D_4194978,0,0.00029146118,0
LA_D_4207969,0,0.00044701423,0
LA_D_4222295,0,0.00054364454,0
LA_D_4223747,0,0.00021981187,0
LA_D_4225288,0,0.00023102181,0
LA_D_4228834,0,0.00029707092,0
LA_D_4237630,0,0.00033950008,0
LA_D_4250751,0,0.0002299292,0
LA_D_4309364,0,0.00022201063,0
LA_D_4319399,0,0.00028473203,0
LA_D_4392265,0,0.00015599665,0
LA_D_4407621,0,0.00042674388,0
LA_D_4451070,0,0.0006505288,0
LA_D_4453435,0,0.00043675824,0
LA_D_4463629,0,3.9321767e-05,0
LA_D_4468314,0,0.00012843293,0
LA_D_4469593,0,0.0001577908,0
LA_D_4502659,0,0.00029692595,0
LA_D_4505651,0,7.8089215e-05,0
LA_D_4535371,0,0.0008612486,0
LA_D_4540421,0,0.0001208735,0
LA_D_4565179,0,0.00015293989,0
LA_D_4583644,0,0.000119463395,0
LA_D_4593608,0,0.000103541046,0
LA_D_4609361,0,0.00024722697,0
LA_D_4620216,0,0.00025071856,0
LA_D_4667765,0,0.00015539773,0
LA_D_4679758,0,0.0009757418,0
LA_D_4698819,0,0.00018849976,0
LA_D_4699141,0,0.00016072257,0
LA_D_4703715,0,0.0004147917,0
LA_D_4726778,0,0.00012783693,0
LA_D_4736704,0,0.001064908,0
LA_D_4779224,0,0.00018256182,0
LA_D_4819731,0,0.00025701232,0
LA_D_4822459,0,0.00024069495,0
LA_D_4828676,0,0.00010971837,0
LA_D_4843932,0,8.960514e-05,0
LA_D_4845444,0,0.00018108453,0
LA_D_4847009,0,8.038841e-05,0
LA_D_4866266,0,0.00022853064,0
LA_D_4872241,0,0.00014521214,0
LA_D_4875383,0,6.524458e-05,0
LA_D_4903487,0,0.00039758344,0
LA_D_4907373,0,0.00012928937,0
LA_D_4907991,0,0.00018655401,0
LA_D_4919412,0,0.00010740096,0
LA_D_4925724,0,0.00013111604,0
LA_D_4947976,0,0.00011249672,0
LA_D_4984564,0,0.00025485206,0
LA_D_5036568,0,0.00046313283,0
LA_D_5041677,0,0.00024293872,0
LA_D_5107987,0,0.00015987488,0
LA_D_5127108,0,0.0001468414,0
LA_D_5183585,0,0.00018560639,0
LA_D_5199254,0,5.782123e-05,0
LA_D_5220536,0,0.000643936,0
LA_D_5246117,0,0.00025095986,0
LA_D_5298685,0,0.0001929429,0
LA_D_5302589,0,0.00022074522,0
LA_D_5311142,0,0.00039778248,0
LA_D_5312735,0,0.00044401176,0
LA_D_5350698,0,0.00016208473,0
LA_D_5395655,0,0.0003375695,0
LA_D_5422427,0,7.4055475e-05,0
LA_D_5428671,0,0.000105413885,0
LA_D_5508105,0,0.00013982873,0
LA_D_5527964,0,0.00027444394,0
LA_D_5531351,0,0.00042425864,0
LA_D_5643160,0,0.0001294074,0
LA_D_5652696,0,0.0003639341,0
LA_D_5676887,0,0.00038664517,0
LA_D_5703244,0,0.00069659133,0
LA_D_5849020,0,0.0004638804,0
LA_D_5856680,0,0.00024298739,0
LA_D_5891882,0,0.0002546699,0
LA_D_5901688,0,0.00019256577,0
LA_D_5954393,0,0.00026769302,0
LA_D_5975126,0,0.00021877352,0
LA_D_5988160,0,8.978219e-05,0
LA_D_5998276,0,0.00031488764,0
LA_D_6021802,0,0.00026767238,0
LA_D_6028588,0,0.00037192006,0
LA_D_6035174,0,0.00025542057,0
LA_D_6049417,0,0.00013433327,0
LA_D_6064017,0,0.0002334143,0
LA_D_6064137,0,0.00011986324,0
LA_D_6065588,0,8.482988e-05,0
LA_D_6085907,0,0.00025785418,0
LA_D_6088419,0,7.84539e-05,0
LA_D_6088722,0,0.00027234043,0
LA_D_6129434,0,0.0015577177,0
LA_D_6132418,0,0.000285638,0
LA_D_6137020,0,0.00051640935,0
LA_D_6161657,0,0.00021270492,0
LA_D_6165122,0,9.601219e-05,0
LA_D_6191538,0,0.030478323,0
LA_D_6197749,0,0.00018336029,0
LA_D_6202014,0,0.00022335246,0
LA_D_6215628,0,0.00020650928,0
LA_D_6239988,0,0.00010101621,0
LA_D_6274651,0,8.381234e-05,0
LA_D_6307332,0,0.00039028397,0
LA_D_6320723,0,6.5859305e-05,0
LA_D_6341295,0,0.00018461319,0
LA_D_6349595,0,0.00025966996,0
LA_D_6349615,0,0.00024962708,0
LA_D_6373250,0,0.00028308065,0
LA_D_6392761,0,0.00026015396,0
LA_D_6401070,0,0.00010158207,0
LA_D_6447915,0,0.00022355316,0
LA_D_6470710,0,0.0003899236,0
LA_D_6517297,0,0.00019880423,0
LA_D_6518612,0,0.00020080093,0
LA_D_6563560,0,6.964174e-05,0
LA_D_6588338,0,0.00017869045,0
LA_D_6596195,0,0.0002902292,0
LA_D_6626302,0,0.00021537123,0
LA_D_6647418,0,0.00054491917,0
LA_D_6647671,0,6.2991654e-05,0
LA_D_6687518,0,0.00013554793,0
LA_D_6689676,0,0.00016867254,0
LA_D_6694291,0,0.00033360303,0
LA_D_6709679,0,0.00020463545,0
LA_D_6748831,0,8.413785e-05,0
LA_D_6754842,0,0.00035468224,0
LA_D_6767175,0,0.0001500646,0
LA_D_6773210,0,0.0009994223,0
LA_D_6800111,0,0.00013398493,0
LA_D_6805968,0,0.000181282,0
LA_D_6840802,0,0.00033529,0
LA_D_6863099,0,9.487427e-05,0
LA_D_6895001,0,0.00027570594,0
LA_D_6939321,0,0.0003785823,0
LA_D_6943350,0,0.00014169223,0
LA_D_6949242,0,0.00013869815,0
LA_D_6954032,0,0.00033944024,0
LA_D_6970271,0,9.355016e-05,0
LA_D_7010965,0,0.00026637933,0
LA_D_7017874,0,6.19787e-05,0
LA_D_7018861,0,4.632382e-05,0
LA_D_7022063,0,0.00015781293,0
LA_D_7069093,0,0.00013232761,0
LA_D_7074281,0,0.00010595384,0
LA_D_7093931,0,8.511803e-05,0
LA_D_7094975,0,0.00021143793,0
LA_D_7110354,0,0.0008614127,0
LA_D_7128095,0,6.312389e-05,0
LA_D_7236544,0,0.00032575123,0
LA_D_7295286,0,0.00015010209,0
LA_D_7296086,0,0.0001480615,0
LA_D_7314692,0,0.0008811085,0
LA_D_7328082,0,0.0003656646,0
LA_D_7353135,0,0.00040672527,0
LA_D_7373087,0,6.3743006e-05,0
LA_D_7381015,0,0.00015619089,0
LA_D_7383339,0,0.00012047559,0
LA_D_7392284,0,0.0007012078,0
LA_D_7393784,0,0.00020665662,0
LA_D_7419068,0,0.00038524598,0
LA_D_7422452,0,0.00021007669,0
LA_D_7465949,0,0.00017301708,0
LA_D_7468068,0,0.00010258647,0
LA_D_7469185,0,0.0002798324,0
LA_D_7486262,0,0.00027300676,0
LA_D_7502627,0,0.00023812996,0
LA_D_7529130,0,6.624555e-05,0
LA_D_7591714,0,0.00026254202,0
LA_D_7603396,0,0.00016911702,0
LA_D_7606763,0,0.00027734527,0
LA_D_7649168,0,0.00021822791,0
LA_D_7653225,0,0.00011381526,0
LA_D_7657209,0,0.00026752436,0
LA_D_7663030,0,9.774308e-05,0
LA_D_7694906,0,0.00022102911,0
LA_D_7695226,0,0.00031960648,0
LA_D_7712668,0,0.00017694882,0
LA_D_7718596,0,0.00028800505,0
LA_D_7760227,0,8.8907975e-05,0
LA_D_7813544,0,0.00023314453,0
LA_D_7870101,0,0.00037905466,0
LA_D_7875076,0,0.0001396117,0
LA_D_7878211,0,0.00013926973,0
LA_D_7916377,0,0.0003347477,0
LA_D_7929797,0,0.00032782077,0
LA_D_7973563,0,0.0003675617,0
LA_D_7974256,0,0.00014821957,0
LA_D_7992459,0,0.00011567222,0
LA_D_8081020,0,0.00016556607,0
LA_D_8083619,0,0.0001677183,0
LA_D_8085936,0,0.00021911444,0
LA_D_8100445,0,0.00013861194,0
LA_D_8106714,0,0.00045432715,0
LA_D_8120088,0,0.00018587009,0
LA_D_8123158,0,0.00012304397,0
LA_D_8128864,0,0.0007113422,0
LA_D_8150974,0,0.00019490473,0
LA_D_8158595,0,0.00012632909,0
LA_D_8166014,0,0.00023006758,0
LA_D_8171872,0,8.6202395e-05,0
LA_D_8174961,0,0.0002800494,0
LA_D_8190422,0,0.00012554889,0
LA_D_8196432,0,9.831845e-05,0
LA_D_8212949,0,5.283445e-05,0
LA_D_8222349,0,0.00017901346,0
LA_D_8243403,0,0.00048154322,0
LA_D_8244013,0,0.00020787398,0
LA_D_8258956,0,0.00013312594,0
LA_D_8289914,0,0.0004470543,0
LA_D_8307153,0,0.00023346127,0
LA_D_8337935,0,0.0001156944,0
LA_D_8339762,0,8.712375e-05,0
LA_D_8376975,0,0.00019759814,0
LA_D_8433871,0,0.0001751896,0
LA_D_8443980,0,0.0002139112,0
LA_D_8468320,0,0.0011080271,0
LA_D_8487885,0,0.00029019793,0
LA_D_8493947,0,0.00014425766,0
LA_D_8572488,0,0.00021311764,0
LA_D_8603311,0,0.00012760663,0
LA_D_8619361,0,0.00041317526,0
LA_D_8632004,0,0.00084256206,0
LA_D_8638456,0,0.00016755989,0
LA_D_8663420,0,0.00029372462,0
LA_D_8687308,0,0.0001460304,0
LA_D_8699572,0,0.0002002921,0
LA_D_8701065,0,8.159882e-05,0
LA_D_8713273,0,0.0001760782,0
LA_D_8746442,0,9.108442e-05,0
LA_D_8751654,0,0.00023063291,0
LA_D_8778868,0,0.0003577303,0
LA_D_8780238,0,0.000121236764,0
LA_D_8783152,0,0.0003185685,0
LA_D_8791958,0,0.00021093716,0
LA_D_8846461,0,9.394779e-05,0
LA_D_8982257,0,0.00031637627,0
LA_D_9015720,0,0.00012799488,0
LA_D_9024122,0,0.00035021015,0
LA_D_9046194,0,0.00033525072,0
LA_D_9123302,0,0.00025999622,0
LA_D_9125073,0,0.00023694207,0
LA_D_9131773,0,5.8707432e-05,0
LA_D_9196907,0,9.610434e-05,0
LA_D_9202818,0,0.00047949262,0
LA_D_9205726,0,0.00021252512,0
LA_D_9266858,0,0.0009979169,0
LA_D_9286130,0,0.00023915156,0
LA_D_9297953,0,0.00028785542,0
LA_D_9306701,0,0.00032818227,0
LA_D_9310155,0,0.00034176063,0
LA_D_9316697,0,0.0002539936,0
LA_D_9410566,0,0.00023151858,0
LA_D_9422357,0,0.00023417512,0
LA_D_9425878,0,0.00036221487,0
LA_D_9439826,0,0.00044255692,0
LA_D_9463746,0,0.00040743465,0
LA_D_9465437,0,0.00016682765,0
LA_D_9473341,0,0.00012479145,0
LA_D_9513966,0,0.00016912668,0
LA_D_9520795,0,0.00027709708,0
LA_D_9526098,0,0.00027546787,0
LA_D_9565110,0,0.0004301899,0
LA_D_9575084,0,0.0001678058,0
LA_D_9602040,0,9.379946e-05,0
LA_D_9614885,0,0.00010634942,0
LA_D_9621486,0,0.00045116115,0
LA_D_9631128,0,5.461906e-05,0
LA_D_9632383,0,0.00032529407,0
LA_D_9641174,0,0.00029704403,0
LA_D_9656849,0,0.0011367201,0
LA_D_9667226,0,0.00032687146,0
LA_D_9712589,0,0.00020814114,0
LA_D_9720372,0,9.8912205e-05,0
LA_D_9720674,0,0.00015111656,0
LA_D_9775496,0,0.00014786665,0
LA_D_9796324,0,0.00020771429,0
LA_D_9823996,0,0.0005815311,0
LA_D_9826064,0,0.00039477993,0
LA_D_9851042,0,0.0004505964,0
LA_D_9927649,0,0.00036407358,0
LA_D_9947258,0,0.0003429709,0
LA_D_9976747,0,0.00014229094,0
LA_D_9994672,0,7.42379e-05,0
LA_D_1047174,0,0.0004701681,0
LA_D_1131241,0,0.00027417482,0
LA_D_1171358,0,0.000284362,0
LA_D_1185552,0,0.00021634552,0
LA_D_1237375,0,0.00036485883,0
LA_D_1256151,0,0.00033906187,0
LA_D_1263173,0,0.0008463181,0
LA_D_1293430,0,0.0007793921,0
LA_D_1304769,0,0.00031352768,0
LA_D_1309629,0,0.00068353623,0
LA_D_1344374,0,0.00041879388,0
LA_D_1409464,0,0.00059373473,0
LA_D_1430175,0,0.0008314363,0
LA_D_1445597,0,0.00034434497,0
LA_D_1458628,0,0.00029449855,0
LA_D_1491201,0,0.00051637145,0
LA_D_1529314,0,0.00029063234,0
LA_D_1548121,0,0.00024516883,0
LA_D_1548718,0,0.00012850412,0
LA_D_1565766,0,0.000566493,0
LA_D_1626255,0,0.4183417,0
LA_D_1627570,0,0.00021783522,0
LA_D_1634113,0,0.00023944474,0
LA_D_1659790,0,0.0003245506,0
LA_D_1727741,0,0.0002106666,0
LA_D_1740367,0,0.000305725,0
LA_D_1743186,0,0.00029195985,0
LA_D_1746522,0,0.00015800609,0
LA_D_1757304,0,8.959549e-05,0
LA_D_1769886,0,0.00025055246,0
LA_D_1771787,0,0.0004090325,0
LA_D_1817691,0,0.0010167853,0
LA_D_1827728,0,0.00026468694,0
LA_D_1828116,0,0.00011801673,0
LA_D_1860595,0,0.00077563786,0
LA_D_1879704,0,0.00040719466,0
LA_D_1919208,0,0.00022793113,0
LA_D_1919831,0,0.004809938,0
LA_D_1941984,0,0.01370468,0
LA_D_1961391,0,0.0003145351,0
LA_D_1991992,0,0.00046081512,0
LA_D_1997650,0,0.00033285454,0
LA_D_2003485,0,3.0802083e-05,0
LA_D_2011612,0,0.00031298323,0
LA_D_2060563,0,0.00042361452,0
LA_D_2083171,0,0.00033340906,0
LA_D_2098426,0,0.0009337545,0
LA_D_2122992,0,0.00032136764,0
LA_D_2133380,0,0.00042806272,0
LA_D_2161743,0,0.00029362552,0
LA_D_2177492,0,0.0005845831,0
LA_D_2218769,0,0.00021727638,0
LA_D_2228196,0,0.00032023538,0
LA_D_2231963,0,0.001015763,0
LA_D_2262103,0,0.0005172187,0
LA_D_2287910,0,0.00030493495,0
LA_D_2308577,0,0.00011742359,0
LA_D_2321587,0,0.00020065566,0
LA_D_2341747,0,0.00014055864,0
LA_D_2366913,0,0.00017322457,0
LA_D_2366973,0,0.00017465737,0
LA_D_2419198,0,7.384279e-05,0
LA_D_2432364,0,0.0002919615,0
LA_D_2463946,0,0.00033736264,0
LA_D_2468032,0,0.0013172125,0
LA_D_2529149,0,0.00017222537,0
LA_D_2532144,0,0.0007863981,0
LA_D_2573843,0,7.883345e-05,0
LA_D_2646346,0,0.00043079766,0
LA_D_2654921,0,0.00044157964,0
LA_D_2669234,0,0.00025646426,0
LA_D_2685701,0,0.00049447385,0
LA_D_2720773,0,0.00019911534,0
LA_D_2793178,0,0.0007988118,0
LA_D_2812574,0,0.00038425456,0
LA_D_2859736,0,0.00063442613,0
LA_D_2863716,0,0.0004512519,0
LA_D_2876264,0,0.00023956395,0
LA_D_2879598,0,0.0006981326,0
LA_D_2890838,0,0.0002810918,0
LA_D_2903522,0,0.0007381889,0
LA_D_2934374,0,0.00064753555,0
LA_D_2952773,0,0.00095147255,0
LA_D_2983246,0,0.00041367774,0
LA_D_2999770,0,0.0003831853,0
LA_D_3033532,0,0.00039190653,0
LA_D_3066121,0,0.00021396179,0
LA_D_3074557,0,0.00026225083,0
LA_D_3116475,0,0.0002064459,0
LA_D_3119194,0,0.00013463489,0
LA_D_3152313,0,0.0003331393,0
LA_D_3200033,0,0.0024303787,0
LA_D_3208200,0,0.00023573091,0
LA_D_3231942,0,0.00055753137,0
LA_D_3272044,0,0.0014059453,0
LA_D_3285914,0,0.0002240262,0
LA_D_3368702,0,0.0001995399,0
LA_D_3379640,0,0.0025192497,0
LA_D_3381285,0,0.00025631365,0
LA_D_3399241,0,0.00037982443,0
LA_D_3406616,0,0.00017353585,0
LA_D_3463311,0,0.00012263774,0
LA_D_3512477,0,0.00010873399,0
LA_D_3521518,0,0.00060611934,0
LA_D_3602419,0,0.0006323454,0
LA_D_3619498,0,6.517549e-05,0
LA_D_3655532,0,0.00013779278,0
LA_D_3700291,0,0.00040649268,0
LA_D_3705784,0,0.00033540896,0
LA_D_3736074,0,0.00015454188,0
LA_D_3771906,0,0.00024092731,0
LA_D_3772874,0,0.0035254462,0
LA_D_3794799,0,0.00020491387,0
LA_D_3846197,0,0.00035771326,0
LA_D_3854298,0,2.9728119e-05,0
LA_D_3858656,0,0.00259009,0
LA_D_3894817,0,0.0013723361,0
LA_D_3914016,0,0.0013609254,0
LA_D_3938510,0,0.0002066109,0
LA_D_3944263,0,0.00048006198,0
LA_D_3950513,0,0.00031564778,0
LA_D_3991397,0,0.00046895462,0
LA_D_4070616,0,0.00012464612,0
LA_D_4071650,0,0.0021853184,0
LA_D_4080342,0,0.00018446751,0
LA_D_4100470,0,0.00013978688,0
LA_D_4114991,0,0.00013508947,0
LA_D_4142229,0,0.00041356342,0
LA_D_4159900,0,0.00029390195,0
LA_D_4170901,0,0.00015063779,0
LA_D_4198232,0,0.00031340183,0
LA_D_4226354,0,0.0003502579,0
LA_D_4242624,0,0.0002749143,0
LA_D_4277582,0,0.0009374049,0
LA_D_4291683,0,0.00018105883,0
LA_D_4340347,0,0.00011888656,0
LA_D_4340524,0,0.0004929669,0
LA_D_4363843,0,0.00023903394,0
LA_D_4379297,0,0.0001452764,0
LA_D_4392877,0,0.00023925121,0
LA_D_4400364,0,0.00024216562,0
LA_D_4445016,0,0.00034380044,0
LA_D_4449630,0,0.00020502879,0
LA_D_4454615,0,0.0007343538,0
LA_D_4459311,0,0.00040238627,0
LA_D_4492259,0,0.00021585039,0
LA_D_4506339,0,0.00048048867,0
LA_D_4508905,0,7.149383e-05,0
LA_D_4585531,0,0.0906912,0
LA_D_4595832,0,0.0002034173,0
LA_D_4603372,0,9.855133e-05,0
LA_D_4625335,0,0.000507738,0
LA_D_4684613,0,0.00021524598,0
LA_D_4690923,0,0.00041114783,0
LA_D_4700343,0,0.0021186713,0
LA_D_4719007,0,0.00015334203,0
LA_D_4721450,0,0.00028914597,0
LA_D_4761065,0,0.00019525946,0
LA_D_4769648,0,0.00013493924,0
LA_D_4782501,0,0.00057045545,0
LA_D_4789709,0,0.0003138183,0
LA_D_4841565,0,0.00023855011,0
LA_D_4866362,0,0.00039171605,0
LA_D_4878580,0,0.0003480517,0
LA_D_4895446,0,0.00026551567,0
LA_D_4896414,0,0.00037170423,0
LA_D_4914203,0,0.00029275255,0
LA_D_4915102,0,0.00027179703,0
LA_D_4924600,0,0.00042445768,0
LA_D_4948227,0,0.00024404493,0
LA_D_4952112,0,0.00034577725,0
LA_D_4981925,0,0.0014247776,0
LA_D_4995472,0,0.00025071498,0
LA_D_5007118,0,0.0007398038,0
LA_D_5009438,0,0.00018581764,0
LA_D_5021635,0,8.6821936e-05,0
LA_D_5039319,0,0.0002211166,0
LA_D_5039673,0,0.0009350579,0
LA_D_5062244,0,0.00028286103,0
LA_D_5149711,0,0.07108655,0
LA_D_5163270,0,0.001243227,0
LA_D_5188309,0,0.00031872588,0
LA_D_5205643,0,0.00022804484,0
LA_D_5224590,0,0.00028309604,0
LA_D_5346933,0,0.00017358486,0
LA_D_5347760,0,0.0003974652,0
LA_D_5350117,0,0.0024901172,0
LA_D_5370437,0,0.00023852011,0
LA_D_5373558,0,0.0002702598,0
LA_D_5383416,0,0.00052737986,0
LA_D_5387959,0,0.00020127746,0
LA_D_5393342,0,0.00013338948,0
LA_D_5401021,0,0.0005018572,0
LA_D_5453453,0,0.00029930432,0
LA_D_5460788,0,0.00030008832,0
LA_D_5582371,0,0.0005178684,0
LA_D_5640290,0,0.00010155757,0
LA_D_5678433,0,0.0003472003,0
LA_D_5705296,0,0.00038319625,0
LA_D_5713122,0,0.00048208146,0
LA_D_5760824,0,0.00027750398,0
LA_D_5761733,0,0.00063103955,0
LA_D_5801946,0,0.00029807692,0
LA_D_5840572,0,0.0053261872,0
LA_D_5885088,0,0.00027421926,0
LA_D_5911975,0,0.00033620003,0
LA_D_5914436,0,0.00045724947,0
LA_D_5935170,0,0.00033521972,0
LA_D_5938795,0,0.0003653869,0
LA_D_5948741,0,0.00044974845,0
LA_D_5955247,0,0.00030087298,0
LA_D_5955650,0,0.00017209962,0
LA_D_5964415,0,0.00022187752,0
LA_D_6014036,0,0.00025931397,0
LA_D_6021418,0,0.0009140222,0
LA_D_6031712,0,0.00014192793,0
LA_D_6059712,0,0.0005392619,0
LA_D_6061248,0,0.0007213149,0
LA_D_6168446,0,0.00059065135,0
LA_D_6212766,0,0.00040219066,0
LA_D_6219279,0,0.0005013786,0
LA_D_6232042,0,9.354864e-05,0
LA_D_6232553,0,0.0006228114,0
LA_D_6237921,0,0.0007526091,0
LA_D_6268680,0,0.00024677574,0
LA_D_6278709,0,0.0003399396,0
LA_D_6333211,0,0.032194834,0
LA_D_6344317,0,0.00043912153,0
LA_D_6366497,0,9.010949e-05,0
LA_D_6378055,0,0.00096619956,0
LA_D_6383067,0,0.0004526098,0
LA_D_6385210,0,0.00011459718,0
LA_D_6400271,0,0.00022788876,0
LA_D_6401168,0,0.00047367008,0
LA_D_6416687,0,0.00044056805,0
LA_D_6436603,0,0.00075688923,0
LA_D_6442439,0,0.00043538562,0
LA_D_6480788,0,0.0003448601,0
LA_D_6503412,0,0.00018898981,0
LA_D_6507319,0,0.0002898089,0
LA_D_6507521,0,0.0004870338,0
LA_D_6508195,0,0.00039433947,0
LA_D_6522742,0,0.00034292054,0
LA_D_6546480,0,0.0003804285,0
LA_D_6564154,0,0.00039402494,0
LA_D_6575484,0,0.00015847792,0
LA_D_6619467,0,0.0007564948,0
LA_D_6621713,0,0.00026501316,0
LA_D_6629176,0,0.00024252817,0
LA_D_6678079,0,0.000115269,0
LA_D_6687865,0,0.00015448044,0
LA_D_6713942,0,0.0003177286,0
LA_D_6725284,0,0.00011428802,0
LA_D_6728550,0,0.00026214833,0
LA_D_6803544,0,0.0005222017,0
LA_D_6836398,0,0.0016107638,0
LA_D_6876134,0,0.0002814643,0
LA_D_6878952,0,0.0011000192,0
LA_D_6910245,0,0.00023454135,0
LA_D_6922311,0,0.00035943926,0
LA_D_6927598,0,0.000567535,0
LA_D_6940254,0,0.00038655597,0
LA_D_6958629,0,0.00016234616,0
LA_D_6958960,0,0.00038683944,0
LA_D_6967077,0,0.0004886092,0
LA_D_6974485,0,0.00019726758,0
LA_D_6980145,0,0.00011852444,0
LA_D_6987649,0,0.00024551924,0
LA_D_6993181,0,0.0134254,0
LA_D_7009464,0,0.0001557563,0
LA_D_7021601,0,0.0002616796,0
LA_D_7091676,0,0.00025519612,0
LA_D_7107929,0,0.00032360613,0
LA_D_7114322,0,0.00017920797,0
LA_D_7152433,0,0.000109550565,0
LA_D_7161221,0,0.27347532,0
LA_D_7169874,0,0.00018829391,0
LA_D_7181310,0,0.00019713388,0
LA_D_7193059,0,0.00019464121,0
LA_D_7247773,0,0.00081934634,0
LA_D_7251068,0,0.00066965836,0
LA_D_7261225,0,0.0007176262,0
LA_D_7400823,0,0.00046872042,0
LA_D_7480003,0,0.00040328794,0
LA_D_7510874,0,0.00034469474,0
LA_D_7539520,0,7.46975e-05,0
LA_D_7539822,0,0.0012446359,0
LA_D_7568775,0,0.012771989,0
LA_D_7579323,0,0.00025563812,0
LA_D_7594785,0,0.00084948685,0
LA_D_7620067,0,0.0004273631,0
LA_D_7625750,0,0.00021314692,0
LA_D_7629778,0,0.0013626323,0
LA_D_7633224,0,0.001400741,0
LA_D_7643463,0,0.00018567029,0
LA_D_7648772,0,0.0058038086,0
LA_D_7661207,0,0.0006403899,0
LA_D_7663756,0,0.00032854607,0
LA_D_7680924,0,0.000103269886,0
LA_D_7709982,0,0.000303442,0
LA_D_7713577,0,0.0004105138,0
LA_D_7714357,0,0.0008368778,0
LA_D_7716795,0,0.00018478191,0
LA_D_7716883,0,0.0022741356,0
LA_D_7724371,0,0.0001379845,0
LA_D_7727362,0,0.0001296563,0
LA_D_7749329,0,0.00048795054,0
LA_D_7754037,0,0.00028884015,0
LA_D_7781966,0,0.0003187711,0
LA_D_7823257,0,0.0003358153,0
LA_D_7832615,0,0.0017425125,0
LA_D_7834326,0,0.00035372158,0
LA_D_7856949,0,0.00031105353,0
LA_D_7872546,0,9.289171e-05,0
LA_D_7879995,0,0.0003010517,0
LA_D_7918292,0,0.0001195385,0
LA_D_7944465,0,0.00027634256,0
LA_D_7964232,0,0.00016910848,0
LA_D_7971657,0,0.00026466395,0
LA_D_7982371,0,0.00040667175,0
LA_D_7992254,0,0.0005239887,0
LA_D_8001056,0,0.000817685,0
LA_D_8026454,0,0.0009558002,0
LA_D_8034650,0,0.00037241538,0
LA_D_8034862,0,0.00041781215,0
LA_D_8043339,0,0.0002513406,0
LA_D_8089145,0,0.00079684344,0
LA_D_8115585,0,0.00039693434,0
LA_D_8130331,0,0.00018633464,0
LA_D_8149880,0,0.00021187142,0
LA_D_8186829,0,0.00015340596,0
LA_D_8199907,0,0.0014062398,0
LA_D_8207965,0,0.00014508536,0
LA_D_8224019,0,0.00010777234,0
LA_D_8260982,0,0.00051894016,0
LA_D_8284375,0,0.0001798398,0
LA_D_8300288,0,0.0005615226,0
LA_D_8371442,0,0.00043067822,0
LA_D_8387772,0,0.0005265376,0
LA_D_8413601,0,0.00041972473,0
LA_D_8416104,0,0.00032218394,0
LA_D_8425905,0,0.00048754702,0
LA_D_8432736,0,0.00048717816,0
LA_D_8486100,0,0.00032489456,0
LA_D_8532209,0,0.0002152427,0
LA_D_8585201,0,0.00055545004,0
LA_D_8595960,0,0.00069927186,0
LA_D_8597179,0,5.815707e-05,0
LA_D_8636545,0,0.0017235588,0
LA_D_8641247,0,0.00029160987,0
LA_D_8704936,0,0.00015220071,0
LA_D_8705144,0,0.0016789025,0
LA_D_8709124,0,0.00033659703,0
LA_D_8713937,0,0.0014597039,0
LA_D_8720850,0,0.00015310185,0
LA_D_8725463,0,0.00035662946,0
LA_D_8741531,0,0.0004751669,0
LA_D_8758203,0,0.00020619528,0
LA_D_8785469,0,0.0006512186,0
LA_D_8808844,0,0.00028714904,0
LA_D_8829741,0,0.0003817476,0
LA_D_8863620,0,0.00036724296,0
LA_D_8894026,0,0.00058590056,0
LA_D_8958792,0,0.00022636206,0
LA_D_8962291,0,7.195462e-05,0
LA_D_8976734,0,0.00033155663,0
LA_D_8988473,0,9.359789e-05,0
LA_D_8998074,0,0.0003185229,0
LA_D_9021082,0,0.0004970692,0
LA_D_9068919,0,0.004421024,0
LA_D_9080965,0,0.0002327565,0
LA_D_9082045,0,0.0018935484,0
LA_D_9089312,0,0.000150995,0
LA_D_9134148,0,9.982869e-05,0
LA_D_9140122,0,0.0004277919,0
LA_D_9185597,0,0.0005399115,0
LA_D_9187515,0,0.084195696,0
LA_D_9219215,0,0.00018642988,0
LA_D_9226035,0,0.0002418251,0
LA_D_9254983,0,0.0003304232,0
LA_D_9255760,0,0.00015600794,0
LA_D_9269639,0,0.0016636051,0
LA_D_9276220,0,0.00042600697,0
LA_D_9279119,0,0.00027652332,0
LA_D_9360355,0,0.000301813,0
LA_D_9365719,0,0.00026773897,0
LA_D_9366202,0,0.00048098862,0
LA_D_9366872,0,0.0001880334,0
LA_D_9381419,0,0.00074626505,0
LA_D_9384461,0,0.0008824201,0
LA_D_9395386,0,0.0001269234,0
LA_D_9398013,0,0.00049890194,0
LA_D_9400211,0,0.00042676015,0
LA_D_9422935,0,0.0004502718,0
LA_D_9429999,0,0.00019251218,0
LA_D_9443500,0,0.00035428687,0
LA_D_9451208,0,0.002621613,0
LA_D_9486228,0,0.0007550961,0
LA_D_9526244,0,0.0003266241,0
LA_D_9569756,0,0.00033210774,0
LA_D_9577900,0,0.0013618707,0
LA_D_9594183,0,0.00014733676,0
LA_D_9616483,0,0.0003892191,0
LA_D_9741811,0,0.0021770846,0
LA_D_9742570,0,0.00076678075,0
LA_D_9763867,0,0.0004432569,0
LA_D_9863120,0,0.0001792613,0
LA_D_9904052,0,0.00036907295,0
LA_D_9912372,0,0.00047476127,0
LA_D_9923905,0,0.00035378194,0
LA_D_9929724,0,0.00038752638,0
LA_D_9943481,0,0.00018739478,0
LA_D_9978885,0,0.00039854008,0
LA_D_9993400,0,0.00017478065,0
LA_D_1029617,0,0.000120091936,0
LA_D_1059142,0,0.00031142595,0
LA_D_1062379,0,0.0002555533,0
LA_D_1091297,0,0.00010646956,0
LA_D_1100577,0,0.00031764596,0
LA_D_1124488,0,0.004218187,0
LA_D_1146285,0,0.00030527296,0
LA_D_1152767,0,0.00058236415,0
LA_D_1163350,0,0.0006486239,0
LA_D_1246000,0,0.00022724173,0
LA_D_1251721,0,0.0001342586,0
LA_D_1260733,0,0.0016253671,0
LA_D_1297021,0,0.0002389888,0
LA_D_1317526,0,0.00062564743,0
LA_D_1326827,0,0.00031656242,0
LA_D_1338548,0,0.0011041043,0
LA_D_1343964,0,0.00011412304,0
LA_D_1357828,0,0.0008737056,0
LA_D_1381783,0,0.0003710464,0
LA_D_1408116,0,0.00026361202,0
LA_D_1430367,0,0.00020427519,0
LA_D_1447151,0,0.0013436959,0
LA_D_1453717,0,0.0009132474,0
LA_D_1501230,0,0.00034669027,0
LA_D_1521868,0,0.0005258394,0
LA_D_1553952,0,0.00057846354,0
LA_D_1583850,0,0.00017959577,0
LA_D_1585709,0,0.00023788602,0
LA_D_1604106,0,0.00046715428,0
LA_D_1605100,0,0.00039203282,0
LA_D_1608727,0,0.00049087376,0
LA_D_1634721,0,0.0001520964,0
LA_D_1647654,0,0.00075434026,0
LA_D_1649381,0,0.0003347174,0
LA_D_1671851,0,0.00031175598,0
LA_D_1672173,0,0.00013625313,0
LA_D_1675600,0,0.00061372743,0
LA_D_1687307,0,0.0018778321,0
LA_D_1698474,0,7.088016e-05,0
LA_D_1714643,0,0.00039806467,0
LA_D_1723287,0,0.00014448233,0
LA_D_1724424,0,0.00083090883,0
LA_D_1735626,0,0.0009592332,0
LA_D_1736244,0,0.0010201591,0
LA_D_1795010,0,0.00022948635,0
LA_D_1809032,0,0.00019992919,0
LA_D_1882571,0,0.0020711657,0
LA_D_1893134,0,0.00041733528,0
LA_D_1903855,0,0.00030600026,0
LA_D_1960976,0,0.00034682182,0
LA_D_2008880,0,0.002161026,0
LA_D_2009498,0,0.0002136947,0
LA_D_2049727,0,0.00038715196,0
LA_D_2059935,0,0.00063156243,0
LA_D_2138603,0,0.000789378,0
LA_D_2169713,0,0.0008312414,0
LA_D_2192158,0,0.0011313672,0
LA_D_2214214,0,8.176449e-05,0
LA_D_2230194,0,9.751881e-05,0
LA_D_2230489,0,0.00047491197,0
LA_D_2279197,0,0.0011408813,0
LA_D_2284177,0,0.00024511112,0
LA_D_2290487,0,0.0007934966,0
LA_D_2293625,0,0.00022808897,0
LA_D_2324725,0,0.00021649555,0
LA_D_2350816,0,0.00032361012,0
LA_D_2351670,0,0.00055722805,0
LA_D_2385027,0,0.0002568208,0
LA_D_2389247,0,0.0002905351,0
LA_D_2402304,0,0.00030580573,0
LA_D_2472102,0,0.00022175063,0
LA_D_2490088,0,0.00031037163,0
LA_D_2500858,0,9.69264e-05,0
LA_D_2567797,0,0.00025957738,0
LA_D_2575965,0,0.0005339554,0
LA_D_2586002,0,0.0001086051,0
LA_D_2633236,0,0.00031065967,0
LA_D_2685075,0,0.00036893785,0
LA_D_2873307,0,0.0009721719,0
LA_D_2875141,0,0.00030180984,0
LA_D_2899972,0,0.0007962096,0
LA_D_2955212,0,0.00040690912,0
LA_D_2963785,0,0.00011280781,0
LA_D_3006285,0,0.0004931751,0
LA_D_3031057,0,0.00024537602,0
LA_D_3137629,0,0.0005450194,0
LA_D_3139007,0,8.40083e-05,0
LA_D_3157447,0,0.0005307076,0
LA_D_3232453,0,0.00022069555,0
LA_D_3257829,0,0.0019166779,0
LA_D_3321832,0,0.00023168464,0
LA_D_3324414,0,0.01085265,0
LA_D_3331432,0,0.00084650196,0
LA_D_3359111,0,0.00018035667,0
LA_D_3372750,0,5.1125848e-05,0
LA_D_3387040,0,0.002570511,0
LA_D_3409196,0,8.602223e-05,0
LA_D_3410371,0,0.00014956648,0
LA_D_3423188,0,9.734673e-05,0
LA_D_3432568,0,0.00019475872,0
LA_D_3438168,0,0.00068989885,0
LA_D_3448390,0,7.387745e-05,0
LA_D_3449920,0,0.0014712478,0
LA_D_3479464,0,0.00043427973,0
LA_D_3509024,0,0.00022954325,0
LA_D_3524921,0,0.00016389984,0
LA_D_3525710,0,0.0001155016,0
LA_D_3540005,0,0.00032826426,0
LA_D_3542780,0,0.00041225148,0
LA_D_3542872,0,0.00018946595,0
LA_D_3551822,0,0.00018690975,0
LA_D_3605684,0,0.00021170158,0
LA_D_3685201,0,0.0003942703,0
LA_D_3694269,0,0.009057293,0
LA_D_3722549,0,0.00028076774,0
LA_D_3725441,0,0.00017009657,0
LA_D_3776775,0,0.00026257007,0
LA_D_3837829,0,0.00016719203,0
LA_D_3838880,0,0.00023719002,0
LA_D_3839440,0,0.00020423022,0
LA_D_3890924,0,0.00044744142,0
LA_D_3894116,0,0.00037800387,0
LA_D_3898295,0,0.0005659905,0
LA_D_3906822,0,0.00055357744,0
LA_D_3925642,0,0.00035342158,0
LA_D_3939673,0,0.0006126206,0
LA_D_3946657,0,0.00039892434,0
LA_D_3952047,0,0.00046949537,0
LA_D_3952593,0,0.00020047513,0
LA_D_3963497,0,0.0003843934,0
LA_D_3995855,0,0.00027038789,0
LA_D_4019879,0,0.00013386973,0
LA_D_4025778,0,0.0001437592,0
LA_D_4039282,0,0.00027377752,0
LA_D_4050553,0,0.0002726712,0
LA_D_4063751,0,0.0003688,0
LA_D_4064982,0,0.0003332133,0
LA_D_4076931,0,0.0024684023,0
LA_D_4089949,0,0.0020081096,0
LA_D_4134720,0,0.00020224802,0
LA_D_4180262,0,0.0001342645,0
LA_D_4222049,0,0.00022040367,0
LA_D_4246541,0,0.00013032353,0
LA_D_4264153,0,0.00029799255,0
LA_D_4309049,0,0.00019968515,0
LA_D_4320528,0,0.00027669026,0
LA_D_4335121,0,0.0071304226,0
LA_D_4336283,0,0.0003824339,0
LA_D_4338324,0,0.00031828284,0
LA_D_4372487,0,0.00036475834,0
LA_D_4381840,0,0.0005198863,0
LA_D_4484172,0,0.00021544,0
LA_D_4547683,0,0.00042366094,0
LA_D_4564696,0,0.00027574878,0
LA_D_4575849,0,0.00040787028,0
LA_D_4601604,0,0.0005753946,0
LA_D_4648541,0,0.0004634216,0
LA_D_4656540,0,0.00080206414,0
LA_D_4659648,0,0.0002807707,0
LA_D_4672644,0,0.00018654867,0
LA_D_4704857,0,0.00024390005,0
LA_D_4707978,0,0.0003215466,0
LA_D_4725466,0,0.00036576882,0
LA_D_4778443,0,0.00030134723,0
LA_D_4811609,0,0.00019228415,0
LA_D_4815372,0,1.3348026e-05,0
LA_D_4818471,0,7.3676514e-05,0
LA_D_4836429,0,0.00013762077,0
LA_D_4878409,0,0.0011802111,0
LA_D_4892634,0,4.128454e-05,0
LA_D_4918498,0,0.00023060432,0
LA_D_4918958,0,0.00016270258,0
LA_D_4933781,0,0.0002679047,0
LA_D_4964858,0,0.0012488575,0
LA_D_4969692,0,0.0005735598,0
LA_D_4985835,0,0.00021979176,0
LA_D_4987070,0,0.00016082406,0
LA_D_4991936,0,0.00018791296,0
LA_D_5004267,0,0.0001327758,0
LA_D_5009044,0,0.0005222749,0
LA_D_5057755,0,0.0002166477,0
LA_D_5064189,0,0.00018740298,0
LA_D_5078216,0,0.0009262688,0
LA_D_5106376,0,0.0010363212,0
LA_D_5110554,0,0.0008092861,0
LA_D_5111852,0,0.00058537256,0
LA_D_5161729,0,0.00011110654,0
LA_D_5197250,0,0.00030244325,0
LA_D_5205883,0,0.0002625758,0
LA_D_5208175,0,0.00036583265,0
LA_D_5225466,0,0.000545665,0
LA_D_5229733,0,0.00035570082,0
LA_D_5304257,0,0.00012632897,0
LA_D_5352818,0,0.00023854626,0
LA_D_5354133,0,0.00085325504,0
LA_D_5392654,0,0.00019358734,0
LA_D_5434776,0,0.0001720901,0
LA_D_5445662,0,0.00023999422,0
LA_D_5473097,0,0.0011142073,0
LA_D_5485350,0,0.00025485014,0
LA_D_5545903,0,0.0003101607,0
LA_D_5576853,0,0.000111180736,0
LA_D_5623293,0,0.00032222018,0
LA_D_5643553,0,0.0003150648,0
LA_D_5645161,0,0.0005190856,0
LA_D_5652073,0,0.00030727516,0
LA_D_5654929,0,0.0016194539,0
LA_D_5751999,0,0.000572426,0
LA_D_5769057,0,0.00019094185,0
LA_D_5772395,0,9.116784e-05,0
LA_D_5776960,0,0.00037295223,0
LA_D_5781251,0,0.00019753468,0
LA_D_5806062,0,0.0031849213,0
LA_D_5813973,0,0.00045552367,0
LA_D_5834553,0,0.00016376955,0
LA_D_5841591,0,0.00016853733,0
LA_D_5844395,0,0.00041263795,0
LA_D_5845294,0,0.002218636,0
LA_D_5878173,0,0.0007739227,0
LA_D_5878717,0,0.00020266016,0
LA_D_5886872,0,9.0718444e-05,0
LA_D_5888089,0,0.00025772172,0
LA_D_5891347,0,0.011822861,0
LA_D_5909078,0,0.00026145193,0
LA_D_5930826,0,0.0009251698,0
LA_D_5940134,0,0.0004105956,0
LA_D_5947518,0,0.0002869244,0
LA_D_5977756,0,0.00012676374,0
LA_D_6005525,0,0.00036712046,0
LA_D_6054110,0,0.00018243706,0
LA_D_6093640,0,0.0002583503,0
LA_D_6156761,0,0.00013115205,0
LA_D_6168767,0,5.0978673e-05,0
LA_D_6197504,0,0.0015726764,0
LA_D_6197832,0,0.00045601808,0
LA_D_6202287,0,0.0020036232,0
LA_D_6210344,0,0.0005407979,0
LA_D_6283975,0,0.0001903271,0
LA_D_6292935,0,0.00026196794,0
LA_D_6306347,0,0.00066372706,0
LA_D_6316138,0,0.00044815897,0
LA_D_6330654,0,0.0001799247,0
LA_D_6330853,0,0.00017080923,0
LA_D_6379756,0,0.00024120911,0
LA_D_6384625,0,0.006999575,0
LA_D_6434205,0,0.000298819,0
LA_D_6438379,0,0.0006556226,0
LA_D_6438636,0,0.0007035399,0
LA_D_6520437,0,0.00034429049,0
LA_D_6535464,0,9.952624e-05,0
LA_D_6573123,0,0.0009033082,0
LA_D_6581514,0,7.453512e-05,0
LA_D_6595340,0,0.00012999587,0
LA_D_6604414,0,0.0004084173,0
LA_D_6619395,0,0.00011950577,0
LA_D_6652666,0,0.00014613224,0
LA_D_6672143,0,0.00023399344,0
LA_D_6683794,0,0.00014186325,0
LA_D_6688749,0,0.0005515224,0
LA_D_6693826,0,0.00027068684,0
LA_D_6701620,0,0.00013149015,0
LA_D_6718749,0,0.00056767353,0
LA_D_6772420,0,0.00037169183,0
LA_D_6854316,0,0.00023481165,0
LA_D_6874098,0,0.00031357398,0
LA_D_6874404,0,8.9119756e-05,0
LA_D_6887011,0,0.00040307577,0
LA_D_6904113,0,0.0009869641,0
LA_D_6941127,0,0.00016044451,0
LA_D_7038933,0,0.0016825636,0
LA_D_7043780,0,0.0002196876,0
LA_D_7052077,0,0.011690948,0
LA_D_7055185,0,0.0004096975,0
LA_D_7081066,0,0.000183715,0
LA_D_7123401,0,0.0002449366,0
LA_D_7152094,0,0.00024004823,0
LA_D_7199038,0,0.00051265507,0
LA_D_7231397,0,0.00012979371,0
LA_D_7236583,0,0.00030420814,0
LA_D_7256773,0,0.00069180754,0
LA_D_7265184,0,0.00031536713,0
LA_D_7278509,0,0.00018911582,0
LA_D_7281481,0,0.000415678,0
LA_D_7297227,0,8.164014e-05,0
LA_D_7330901,0,0.0010976483,0
LA_D_7348364,0,0.0013695693,0
LA_D_7357574,0,0.0003185925,0
LA_D_7358592,0,0.0003011944,0
LA_D_7358733,0,0.0005770191,0
LA_D_7386477,0,0.00078146334,0
LA_D_7388871,0,0.00016044175,0
LA_D_7423635,0,0.000107602296,0
LA_D_7474865,0,0.00014170317,0
LA_D_7483615,0,0.00027452636,0
LA_D_7519610,0,0.00017638199,0
LA_D_7526416,0,0.0002902519,0
LA_D_7526656,0,0.00014516244,0
LA_D_7538038,0,8.398523e-05,0
LA_D_7542044,0,0.00014482853,0
LA_D_7547063,0,0.07079631,0
LA_D_7562446,0,0.00022102575,0
LA_D_7562673,0,0.00019920609,0
LA_D_7586380,0,0.0004712404,0
LA_D_7591149,0,0.00018017208,0
LA_D_7609585,0,0.00023266044,0
LA_D_7636473,0,3.7687303e-05,0
LA_D_7661426,0,0.0011311646,0
LA_D_7701393,0,0.00066534645,0
LA_D_7714845,0,0.00053667754,0
LA_D_7728587,0,0.0004175434,0
LA_D_7735983,0,0.00012904378,0
LA_D_7778751,0,0.000256565,0
LA_D_7804808,0,0.00011902426,0
LA_D_7819043,0,0.0008451825,0
LA_D_7820165,0,0.00016791368,0
LA_D_7823031,0,0.00024214924,0
LA_D_7828401,0,0.0010227623,0
LA_D_7851106,0,0.00016385483,0
LA_D_7857663,0,0.0009936147,0
LA_D_7872642,0,0.00051243324,0
LA_D_7884286,0,0.00021585781,0
LA_D_7908285,0,0.000120696364,0
LA_D_7939015,0,0.00030596406,0
LA_D_8004624,0,0.0004001115,0
LA_D_8022000,0,0.0009793638,0
LA_D_8034469,0,0.0006550699,0
LA_D_8060762,0,0.000160798,0
LA_D_8065854,0,0.00043256796,0
LA_D_8091647,0,0.00077749963,0
LA_D_8132473,0,0.0003971906,0
LA_D_8184573,0,0.0004924869,0
LA_D_8228654,0,0.00020833215,0
LA_D_8249964,0,0.00042463903,0
LA_D_8336129,0,7.138218e-05,0
LA_D_8359008,0,0.00018700049,0
LA_D_8376162,0,0.00040898574,0
LA_D_8379637,0,0.0016772089,0
LA_D_8409357,0,0.0002729378,0
LA_D_8431305,0,0.00016242775,0
LA_D_8461642,0,0.0002105148,0
LA_D_8473484,0,0.004755168,0
LA_D_8489881,0,0.00012345743,0
LA_D_8508157,0,0.0003524297,0
LA_D_8538474,0,0.00022559245,0
LA_D_8555704,0,0.00019787945,0
LA_D_8564782,0,0.0001774635,0
LA_D_8581099,0,0.00042528025,0
LA_D_8600719,0,0.0005286356,0
LA_D_8613692,0,0.00022805939,0
LA_D_8615709,0,0.00032404263,0
LA_D_8687554,0,0.0002344535,0
LA_D_8688469,0,0.0016830667,0
LA_D_8688676,0,0.00048318424,0
LA_D_8714314,0,0.0005247994,0
LA_D_8760189,0,0.00017453187,0
LA_D_8762466,0,0.0009327089,0
LA_D_8765550,0,0.00021238557,0
LA_D_8771091,0,0.00013195298,0
LA_D_8815416,0,0.00030603557,0
LA_D_8864575,0,0.00032870893,0
LA_D_8871155,0,0.004309324,0
LA_D_8880593,0,0.00031943648,0
LA_D_8925536,0,0.00029026545,0
LA_D_8972387,0,0.0002090714,0
LA_D_8988861,0,6.639791e-05,0
LA_D_9016742,0,0.00028263486,0
LA_D_9022425,0,0.0010546583,0
LA_D_9022440,0,0.00010951056,0
LA_D_9023965,0,0.0006481091,0
LA_D_9041455,0,0.00025190893,0
LA_D_9051705,0,0.0005742802,0
LA_D_9064781,0,0.00013459561,0
LA_D_9142942,0,0.00024090207,0
LA_D_9143112,0,0.00058519846,0
LA_D_9159130,0,0.00019744108,0
LA_D_9179746,0,0.0002472303,0
LA_D_9188796,0,0.00019471136,0
LA_D_9198202,0,0.0005622703,0
LA_D_9201924,0,0.00023988714,0
LA_D_9216213,0,0.00024437395,0
LA_D_9318000,0,0.00026550406,0
LA_D_9340077,0,0.00016918911,0
LA_D_9385995,0,0.00015946123,0
LA_D_9433668,0,0.00011815793,0
LA_D_9442665,0,0.00033950366,0
LA_D_9452677,0,0.00021949958,0
LA_D_9478291,0,0.0001495026,0
LA_D_9492963,0,0.00024118106,0
LA_D_9495054,0,0.00018695933,0
LA_D_9529719,0,0.016309084,0
LA_D_9571812,0,0.00067629904,0
LA_D_9577897,0,0.00038374827,0
LA_D_9605743,0,0.0008317786,0
LA_D_9606946,0,0.0003250628,0
LA_D_9619963,0,0.00055736664,0
LA_D_9634351,0,0.00020681492,0
LA_D_9639156,0,0.00048454484,0
LA_D_9691902,0,0.0005149971,0
LA_D_9747201,0,0.00013525665,0
LA_D_9775299,0,0.00029965088,0
LA_D_9789557,0,0.0002463747,0
LA_D_9789777,0,0.00026562382,0
LA_D_9802479,0,0.00031441246,0
LA_D_9804171,0,0.0002604858,0
LA_D_9831523,0,0.00023202618,0
LA_D_9834959,0,0.0004940767,0
LA_D_9871297,0,0.00025945663,0
LA_D_9909170,0,0.00012338068,0
LA_D_9926070,0,0.003626362,0
LA_D_9929372,0,0.07215447,0
LA_D_9972826,0,0.0016309401,0
LA_D_9973827,0,0.005917876,0
LA_D_9987623,0,0.0001186829,0
LA_D_9999103,0,0.00022737525,0
LA_D_1012227,0,0.000110863344,0
LA_D_1014431,0,0.00078271236,0
LA_D_1020531,0,0.0016471588,0
LA_D_1047504,0,0.00024873638,0
LA_D_1166735,0,0.00020358704,0
LA_D_1192014,0,0.00028805502,0
LA_D_1230496,0,0.00017753104,0
LA_D_1237580,0,0.0004869029,0
LA_D_1238377,0,0.00056242145,0
LA_D_1288544,0,0.0013155525,0
LA_D_1314828,0,0.001827508,0
LA_D_1338441,0,0.00022040137,0
LA_D_1344270,0,8.240006e-05,0
LA_D_1381092,0,0.00052894856,0
LA_D_1397130,0,0.00044705562,0
LA_D_1425279,0,0.0010090998,0
LA_D_1435765,0,0.00048277588,0
LA_D_1458324,0,0.00037740474,0
LA_D_1515269,0,0.00012754166,0
LA_D_1526999,0,0.0009139795,0
LA_D_1530272,0,0.00016978609,0
LA_D_1547454,0,0.0001353955,0
LA_D_1557794,0,0.00022402921,0
LA_D_1560736,0,0.00015580651,0
LA_D_1585396,0,0.00074655813,0
LA_D_1590976,0,0.00013780028,0
LA_D_1619482,0,0.0001269026,0
LA_D_1655868,0,7.3446994e-05,0
LA_D_1695298,0,0.000786282,0
LA_D_1735779,0,0.00039154058,0
LA_D_1876117,0,0.00029687048,0
LA_D_1884089,0,0.0004635533,0
LA_D_1914746,0,0.00044664243,0
LA_D_1923715,0,0.00013949421,0
LA_D_2015444,0,0.00014459727,0
LA_D_2025462,0,0.00018208634,0
LA_D_2052501,0,6.693006e-05,0
LA_D_2065855,0,0.0005037436,0
LA_D_2148710,0,0.00032753806,0
LA_D_2149013,0,0.00051622384,0
LA_D_2156469,0,0.0002110015,0
LA_D_2227994,0,0.00049028784,0
LA_D_2245820,0,0.00010906276,0
LA_D_2431217,0,7.360376e-05,0
LA_D_2452864,0,6.188339e-05,0
LA_D_2474451,0,0.00015182905,0
LA_D_2496402,0,7.18469e-05,0
LA_D_2503752,0,0.00045979102,0
LA_D_2519640,0,0.0008396711,0
LA_D_2559709,0,0.00023326548,0
LA_D_2587582,0,0.000621828,0
LA_D_2648488,0,0.0008185176,0
LA_D_2692844,0,0.00029941075,0
LA_D_2697285,0,5.29933e-05,0
LA_D_2706144,0,0.00016345848,0
LA_D_2740410,0,0.00030505998,0
LA_D_2749594,0,0.00032266037,0
LA_D_2770309,0,0.0002636392,0
LA_D_2818232,0,0.00020974025,0
LA_D_2850788,0,0.0003723128,0
LA_D_2858116,0,0.00056095456,0
LA_D_2937524,0,8.347224e-05,0
LA_D_3016130,0,0.00035770648,0
LA_D_3063803,0,0.00023403628,0
LA_D_3110494,0,0.00030485124,0
LA_D_3120664,0,0.0007506787,0
LA_D_3139923,0,0.00033055365,0
LA_D_3173801,0,0.00051375915,0
LA_D_3184034,0,8.777076e-05,0
LA_D_3219891,0,0.00026126008,0
LA_D_3267906,0,0.00027947564,0
LA_D_3318993,0,0.00031528148,0
LA_D_3326531,0,0.00017105992,0
LA_D_3327838,0,0.00018538687,0
LA_D_3368117,0,0.00020047647,0
LA_D_3433833,0,0.00027424988,0
LA_D_3487934,0,0.00045033658,0
LA_D_3507476,0,9.2583075e-05,0
LA_D_3554932,0,0.00021730558,0
LA_D_3587041,0,0.00012237723,0
LA_D_3602579,0,0.00024855573,0
LA_D_3606925,0,0.000707134,0
LA_D_3610609,0,0.00041996202,0
LA_D_3658839,0,0.00022711739,0
LA_D_3676858,0,0.00034286137,0
LA_D_3685984,0,0.00048756797,0
LA_D_3699071,0,0.00081897946,0
LA_D_3733676,0,0.00040711396,0
LA_D_3740651,0,0.00034444412,0
LA_D_3740762,0,0.0010161947,0
LA_D_3782088,0,0.00012985537,0
LA_D_3817954,0,0.00039706225,0
LA_D_3830682,0,0.00027912442,0
LA_D_3839496,0,7.946359e-05,0
LA_D_3840331,0,0.00051033037,0
LA_D_3850321,0,0.00043083628,0
LA_D_3856735,0,0.00011459501,0
LA_D_3902334,0,0.00017913537,0
LA_D_3950755,0,0.00011597064,0
LA_D_3960317,0,0.000540466,0
LA_D_3993363,0,0.00018785993,0
LA_D_4035314,0,0.00053711404,0
LA_D_4093608,0,0.00023949452,0
LA_D_4114998,0,0.0002853005,0
LA_D_4122059,0,0.00013173763,0
LA_D_4126982,0,9.948497e-05,0
LA_D_4155696,0,0.00022494463,0
LA_D_4198062,0,0.00022046652,0
LA_D_4200652,0,0.00039604155,0
LA_D_4208217,0,0.00066031376,0
LA_D_4259319,0,0.0014884683,0
LA_D_4274538,0,0.00012226246,0
LA_D_4288070,0,0.00089975534,0
LA_D_4309778,0,0.00031717206,0
LA_D_4359484,0,0.00021234648,0
LA_D_4360635,0,0.00012987408,0
LA_D_4460052,0,0.00010109533,0
LA_D_4481392,0,0.00061029126,0
LA_D_4489550,0,0.00046190893,0
LA_D_4517823,0,0.00024446717,0
LA_D_4552417,0,0.00027479322,0
LA_D_4561795,0,0.0001880888,0
LA_D_4565934,0,0.00029540938,0
LA_D_4589903,0,0.0001935938,0
LA_D_4621507,0,0.00029503703,0
LA_D_4623174,0,0.00026667028,0
LA_D_4657513,0,0.00021137364,0
LA_D_4723030,0,0.0002572808,0
LA_D_4729032,0,0.00035004393,0
LA_D_4739739,0,0.00016322361,0
LA_D_4777058,0,0.00033583547,0
LA_D_4778408,0,0.00019673935,0
LA_D_4797826,0,0.00011966793,0
LA_D_4808965,0,0.00011024304,0
LA_D_4827296,0,0.0001547433,0
LA_D_4840118,0,0.00015726012,0
LA_D_4841813,0,0.00019039353,0
LA_D_4880667,0,0.00036360256,0
LA_D_5040821,0,0.000518342,0
LA_D_5058835,0,0.00024477643,0
LA_D_5066305,0,0.00010401199,0
LA_D_5085644,0,0.00014318162,0
LA_D_5154611,0,0.0003186967,0
LA_D_5178700,0,0.00019554172,0
LA_D_5184992,0,0.000361957,0
LA_D_5220940,0,0.00033454894,0
LA_D_5241773,0,0.00042847183,0
LA_D_5259263,0,0.00015036367,0
LA_D_5269116,0,0.0001554296,0
LA_D_5277230,0,0.00024389212,0
LA_D_5303690,0,0.00030417478,0
LA_D_5353056,0,0.00028626696,0
LA_D_5376558,0,0.0012012881,0
LA_D_5387772,0,0.00041738778,0
LA_D_5403183,0,0.00036609467,0
LA_D_5406612,0,0.00019863654,0
LA_D_5407124,0,0.00010868693,0
LA_D_5437611,0,0.00011832197,0
LA_D_5444377,0,0.00022404737,0
LA_D_5469841,0,0.00046309576,0
LA_D_5498403,0,0.0004611724,0
LA_D_5533562,0,0.00039939352,0
LA_D_5590089,0,0.00021177344,0
LA_D_5602225,0,0.0005356335,0
LA_D_5706924,0,0.00016228996,0
LA_D_5783639,0,0.00019295726,0
LA_D_5786466,0,0.00032605164,0
LA_D_5844700,0,0.00026416103,0
LA_D_5935235,0,0.00036717576,0
LA_D_5995130,0,8.1327926e-05,0
LA_D_6004575,0,0.00021383025,0
LA_D_6013939,0,0.00047462503,0
LA_D_6055160,0,0.00017158315,0
LA_D_6088049,0,0.00015078837,0
LA_D_6098836,0,0.0009531747,0
LA_D_6112842,0,0.00083337724,0
LA_D_6199321,0,0.00023033447,0
LA_D_6212632,0,0.0002093323,0
LA_D_6226703,0,0.0008345804,0
LA_D_6244357,0,0.0004894403,0
LA_D_6332465,0,0.00038749055,0
LA_D_6455805,0,0.0003861468,0
LA_D_6461375,0,0.00042895158,0
LA_D_6465292,0,0.0001892058,0
LA_D_6496142,0,0.0008198391,0
LA_D_6528108,0,7.919836e-05,0
LA_D_6530873,0,0.0001560508,0
LA_D_6544417,0,0.00022093621,0
LA_D_6545950,0,0.00051818544,0
LA_D_6570467,0,0.0005046379,0
LA_D_6573674,0,0.00047298474,0
LA_D_6574286,0,0.00017536593,0
LA_D_6582753,0,0.00021207573,0
LA_D_6599782,0,0.00020969965,0
LA_D_6632470,0,0.00026214233,0
LA_D_6670740,0,0.00017831278,0
LA_D_6672788,0,0.00043661587,0
LA_D_6675072,0,0.00037995735,0
LA_D_6715404,0,0.00023527935,0
LA_D_6725694,0,0.00069432467,0
LA_D_6755211,0,0.0007288217,0
LA_D_6807474,0,0.0003289309,0
LA_D_6837429,0,0.00026462736,0
LA_D_6920572,0,0.0005783097,0
LA_D_6934750,0,0.00021106025,0
LA_D_6987996,0,0.0004934963,0
LA_D_7007048,0,0.00021144659,0
LA_D_7013578,0,0.00066646026,0
LA_D_7097232,0,0.00019538071,0
LA_D_7151864,0,0.00042342796,0
LA_D_7166018,0,0.00058505964,0
LA_D_7171872,0,0.00022168826,0
LA_D_7177498,0,0.00026737215,0
LA_D_7181486,0,0.00018705273,0
LA_D_7193682,0,0.00022371692,0
LA_D_7195216,0,0.00010586114,0
LA_D_7223335,0,0.00039922868,0
LA_D_7230744,0,0.00036908066,0
LA_D_7254687,0,0.00093108846,0
LA_D_7262507,0,0.00012831249,0
LA_D_7265699,0,0.00018770326,0
LA_D_7271267,0,0.0003942711,0
LA_D_7333937,0,0.0003369936,0
LA_D_7360247,0,0.00067824835,0
LA_D_7369058,0,0.00044288652,0
LA_D_7376418,0,0.00033052248,0
LA_D_7451316,0,0.00033047647,0
LA_D_7454810,0,0.000522745,0
LA_D_7463026,0,0.0003746017,0
LA_D_7518190,0,0.00010548416,0
LA_D_7529474,0,0.00019456551,0
LA_D_7542817,0,0.0005590943,0
LA_D_7556257,0,0.0018127252,0
LA_D_7559615,0,1.249321e-05,0
LA_D_7574221,0,0.000327569,0
LA_D_7615760,0,0.000224678,0
LA_D_7621051,0,0.00022462488,0
LA_D_7632101,0,0.00019408709,0
LA_D_7634677,0,0.00025460531,0
LA_D_7641847,0,0.00034001673,0
LA_D_7641862,0,0.0010420037,0
LA_D_7647228,0,0.0009375673,0
LA_D_7677517,0,0.00015766583,0
LA_D_7712332,0,0.00020837007,0
LA_D_7760383,0,0.0002306857,0
LA_D_7765965,0,0.00018855694,0
LA_D_7824395,0,0.00027065538,0
LA_D_7848022,0,0.00080650474,0
LA_D_7851813,0,0.00023217867,0
LA_D_7914339,0,0.00022714707,0
LA_D_7934602,0,0.001024468,0
LA_D_7966865,0,0.00053331914,0
LA_D_7978139,0,0.00035079388,0
LA_D_8028538,0,0.00013051133,0
LA_D_8052889,0,0.00016340347,0
LA_D_8143136,0,0.00050436385,0
LA_D_8155263,0,0.0003018884,0
LA_D_8213363,0,0.0001655214,0
LA_D_8255145,0,0.000546227,0
LA_D_8260557,0,0.00074689183,0
LA_D_8295327,0,0.0002219082,0
LA_D_8311267,0,0.00022660434,0
LA_D_8320215,0,0.00015513896,0
LA_D_8434598,0,0.00032478987,0
LA_D_8440388,0,0.0003781113,0
LA_D_8468521,0,0.00092501374,0
LA_D_8492918,0,0.00017094334,0
LA_D_8553879,0,0.00038970957,0
LA_D_8588291,0,0.00016364778,0
LA_D_8615151,0,0.0001134514,0
LA_D_8638133,0,6.2042454e-05,0
LA_D_8757329,0,0.00021006027,0
LA_D_8794428,0,0.0001845706,0
LA_D_8878329,0,0.00014523928,0
LA_D_8896845,0,0.00020737646,0
LA_D_8897918,0,0.00016589176,0
LA_D_8938870,0,0.00032242143,0
LA_D_8954870,0,0.00033367967,0
LA_D_8972358,0,0.00014156921,0
LA_D_9051053,0,0.000535363,0
LA_D_9089163,0,3.384447e-05,0
LA_D_9133837,0,0.00017850654,0
LA_D_9161520,0,0.00030890564,0
LA_D_9167700,0,0.0002984614,0
LA_D_9209868,0,0.00027796737,0
LA_D_9283374,0,0.00034303858,0
LA_D_9285185,0,6.5882676e-05,0
LA_D_9415707,0,7.8341385e-05,0
LA_D_9419753,0,7.6244556e-05,0
LA_D_9422039,0,0.00040621762,0
LA_D_9483474,0,0.00036888086,0
LA_D_9490869,0,0.00057224,0
LA_D_9499913,0,0.0007005459,0
LA_D_9524872,0,0.00023118133,0
LA_D_9677105,0,0.00045635548,0
LA_D_9717884,0,0.00022088419,0
LA_D_9718269,0,0.0002739616,0
LA_D_9721422,0,0.0003493705,0
LA_D_9733138,0,0.0002537155,0
LA_D_9743129,0,0.00027258723,0
LA_D_9749726,0,0.00049705355,0
LA_D_9755038,0,0.00049133395,0
LA_D_9781850,0,6.970167e-05,0
LA_D_9829062,0,0.00024242389,0
LA_D_9898895,0,8.013124e-05,0
LA_D_9911508,0,0.0008338419,0
LA_D_9915639,0,0.00026491669,0
LA_D_9977828,0,0.0007885495,0
LA_D_1002626,0,0.0002230877,0
LA_D_1007975,0,0.0003703509,0
LA_D_1013553,0,0.000321028,0
LA_D_1021287,0,0.000150408,0
LA_D_1027039,0,0.00013498131,0
LA_D_1044414,0,0.000643501,0
LA_D_1060987,0,0.00078408147,0
LA_D_1075128,0,0.0003525033,0
LA_D_1075190,0,0.0008108539,0
LA_D_1145856,0,0.0007633228,0
LA_D_1146557,0,0.00023261676,0
LA_D_1165413,0,0.00012749873,0
LA_D_1245164,0,7.249673e-05,0
LA_D_1270677,0,0.00033488337,0
LA_D_1281285,0,0.00016072947,0
LA_D_1293149,0,0.00014241855,0
LA_D_1312652,0,0.0002690299,0
LA_D_1332227,0,0.00022389874,0
LA_D_1340170,0,0.0002504999,0
LA_D_1358422,0,0.00048921735,0
LA_D_1391969,0,0.00016781507,0
LA_D_1402940,0,0.00019508212,0
LA_D_1414224,0,0.00018640359,0
LA_D_1415528,0,0.00016945663,0
LA_D_1425046,0,0.0005095794,0
LA_D_1428381,0,0.00026891628,0
LA_D_1444623,0,0.00019008048,0
LA_D_1453864,0,0.00028846366,0
LA_D_1476819,0,0.00022728095,0
LA_D_1510431,0,0.00041223344,0
LA_D_1512564,0,9.668666e-05,0
LA_D_1517144,0,0.00012468855,0
LA_D_1526816,0,0.00076432445,0
LA_D_1529378,0,0.00020557258,0
LA_D_1539541,0,0.000490236,0
LA_D_1541459,0,0.00022458652,0
LA_D_1549509,0,0.0004722135,0
LA_D_1594826,0,0.00027388797,0
LA_D_1602771,0,0.0008680058,0
LA_D_1607262,0,0.00024207677,0
LA_D_1648141,0,9.813721e-05,0
LA_D_1743004,0,0.0003280209,0
LA_D_1765969,0,3.8673825e-05,0
LA_D_1767206,0,0.0003385589,0
LA_D_1789917,0,0.00023396665,0
LA_D_1805963,0,0.0024964642,0
LA_D_1862965,0,0.00038674136,0
LA_D_1911374,0,0.00026442736,0
LA_D_1952275,0,0.0005091924,0
LA_D_1959983,0,0.00040139625,0
LA_D_1972495,0,0.00013970492,0
LA_D_2018291,0,0.00033816605,0
LA_D_2087494,0,0.00048206723,0
LA_D_2103093,0,0.00021420633,0
LA_D_2117812,0,0.00015627415,0
LA_D_2123475,0,0.0002496185,0
LA_D_2158229,0,8.143946e-05,0
LA_D_2195628,0,0.00025765414,0
LA_D_2265384,0,0.00034061307,0
LA_D_2274956,0,0.00042023475,0
LA_D_2282941,0,7.105517e-05,0
LA_D_2287068,0,0.0011959188,0
LA_D_2290106,0,8.852272e-05,0
LA_D_2388321,0,0.0005442719,0
LA_D_2424417,0,0.0007539198,0
LA_D_2451686,0,0.00012351465,0
LA_D_2483131,0,0.00016951658,0
LA_D_2485529,0,6.865869e-05,0
LA_D_2489813,0,0.0003550476,0
LA_D_2590761,0,7.35524e-05,0
LA_D_2621260,0,9.4140865e-05,0
LA_D_2625129,0,0.00019818648,0
LA_D_2655621,0,0.00036185107,0
LA_D_2692895,0,0.0007179264,0
LA_D_2720424,0,0.0006975494,0
LA_D_2735004,0,0.0015118179,0
LA_D_2736443,0,0.00035122893,0
LA_D_2822470,0,0.00013270591,0
LA_D_2923476,0,0.00091613905,0
LA_D_2931790,0,0.00014416031,0
LA_D_3038261,0,0.00031291222,0
LA_D_3094249,0,0.00046650242,0
LA_D_3101356,0,0.00019729842,0
LA_D_3164806,0,0.00019789758,0
LA_D_3179309,0,0.00015198838,0
LA_D_3197490,0,0.0001616663,0
LA_D_3213920,0,0.0003696131,0
LA_D_3248074,0,0.0004046454,0
LA_D_3275794,0,0.00019810391,0
LA_D_3307235,0,0.00058948545,0
LA_D_3369365,0,0.0003271143,0
LA_D_3418140,0,0.00034616713,0
LA_D_3421613,0,0.00051357696,0
LA_D_3422355,0,0.0007769968,0
LA_D_3427328,0,0.0005225896,0
LA_D_3460862,0,0.00033367076,0
LA_D_3476775,0,0.0002721328,0
LA_D_3515006,0,0.00026196195,0
LA_D_3526562,0,0.000210389,0
LA_D_3548689,0,0.000344749,0
LA_D_3589733,0,0.00018502415,0
LA_D_3603256,0,0.00038712024,0
LA_D_3618771,0,0.0002979707,0
LA_D_3622353,0,0.0002680483,0
LA_D_3734390,0,0.00014197409,0
LA_D_3745321,0,0.00019680541,0
LA_D_3750321,0,0.0001410706,0
LA_D_3771602,0,0.00027499764,0
LA_D_3774026,0,0.00015327816,0
LA_D_3857630,0,0.00031342127,0
LA_D_3863951,0,0.00035058695,0
LA_D_3895547,0,0.00023064853,0
LA_D_3911013,0,0.00047357977,0
LA_D_3913064,0,0.0012955372,0
LA_D_3916686,0,0.0008975985,0
LA_D_3931322,0,0.00015686863,0
LA_D_3965995,0,0.00042064875,0
LA_D_3975408,0,0.0012055604,0
LA_D_3977983,0,0.0005518264,0
LA_D_3989469,0,0.0005678835,0
LA_D_4018947,0,0.000936348,0
LA_D_4035138,0,0.00026424415,0
LA_D_4036070,0,0.00024210862,0
LA_D_4037538,0,0.0002693949,0
LA_D_4071164,0,0.0009602491,0
LA_D_4079359,0,0.00045324315,0
LA_D_4107017,0,0.00045035718,0
LA_D_4116325,0,0.00027378692,0
LA_D_4150517,0,0.0007325679,0
LA_D_4167033,0,0.00014302114,0
LA_D_4232929,0,0.00034198977,0
LA_D_4249206,0,7.5187025e-05,0
LA_D_4262014,0,0.00038544173,0
LA_D_4331052,0,0.00021053066,0
LA_D_4344547,0,0.00015625553,0
LA_D_4382110,0,0.00032801213,0
LA_D_4411229,0,0.00019039027,0
LA_D_4452994,0,0.0003133367,0
LA_D_4467077,0,0.00014242831,0
LA_D_4505290,0,0.0004079605,0
LA_D_4539356,0,0.00023091542,0
LA_D_4555408,0,0.00015240489,0
LA_D_4585593,0,0.00040547215,0
LA_D_4606355,0,0.00034176584,0
LA_D_4627319,0,0.00086902786,0
LA_D_4685861,0,0.00019898021,0
LA_D_4708179,0,0.00017119618,0
LA_D_4735638,0,0.0003088968,0
LA_D_4744246,0,0.000389992,0
LA_D_4767892,0,0.0006330533,0
LA_D_4793229,0,0.00022841258,0
LA_D_4796348,0,0.00028139565,0
LA_D_4969991,0,7.5834796e-05,0
LA_D_4991294,0,0.00021817134,0
LA_D_5012127,0,0.00022273789,0
LA_D_5055165,0,0.00040036294,0
LA_D_5109561,0,0.00038370292,0
LA_D_5140508,0,0.0007447518,0
LA_D_5163761,0,0.00029696443,0
LA_D_5193544,0,0.00042646733,0
LA_D_5220521,0,0.0011887896,0
LA_D_5253806,0,0.00016749089,0
LA_D_5269911,0,0.000552814,0
LA_D_5312245,0,0.0003985792,0
LA_D_5404458,0,8.434061e-05,0
LA_D_5409509,0,0.000280051,0
LA_D_5459095,0,0.00023120116,0
LA_D_5476884,0,0.00013167759,0
LA_D_5486513,0,0.00022086628,0
LA_D_5536552,0,0.00010349771,0
LA_D_5549592,0,0.00012266358,0
LA_D_5609423,0,0.0008753847,0
LA_D_5613500,0,0.0005349309,0
LA_D_5622630,0,0.00077849545,0
LA_D_5673312,0,0.00045312697,0
LA_D_5679192,0,0.00036294525,0
LA_D_5685998,0,0.00054928235,0
LA_D_5769309,0,0.00013347753,0
LA_D_5801020,0,0.00017058707,0
LA_D_5830923,0,0.00055256794,0
LA_D_5861399,0,0.00038473838,0
LA_D_5887076,0,0.00016838442,0
LA_D_5908876,0,0.0007927302,0
LA_D_6028756,0,0.00035579817,0
LA_D_6062114,0,0.00043370094,0
LA_D_6079609,0,7.230259e-05,0
LA_D_6113648,0,0.0009194209,0
LA_D_6141449,0,0.0003778342,0
LA_D_6161090,0,0.00029558715,0
LA_D_6161483,0,0.00058079214,0
LA_D_6165815,0,0.00084967865,0
LA_D_6184039,0,0.0005842739,0
LA_D_6206158,0,0.000407936,0
LA_D_6291610,0,0.0001394139,0
LA_D_6432124,0,0.00010110912,0
LA_D_6449816,0,0.0005326044,0
LA_D_6462722,0,0.0004195767,0
LA_D_6525457,0,0.0004135039,0
LA_D_6603638,0,0.00049464405,0
LA_D_6634413,0,0.00017090047,0
LA_D_6656541,0,0.000800524,0
LA_D_6698865,0,0.00023122165,0
LA_D_6709571,0,0.00013281529,0
LA_D_6710971,0,0.00040751504,0
LA_D_6773995,0,0.00016422711,0
LA_D_6777944,0,0.00028617284,0
LA_D_6791229,0,4.959961e-05,0
LA_D_6807774,0,0.00011071375,0
LA_D_6842546,0,0.00014618436,0
LA_D_6847229,0,0.00021661322,0
LA_D_6854275,0,0.0003044568,0
LA_D_6897891,0,0.00013812521,0
LA_D_6953783,0,0.00013347511,0
LA_D_6973097,0,0.00015021148,0
LA_D_6987202,0,0.0004840246,0
LA_D_7086357,0,0.0006829749,0
LA_D_7097361,0,3.414662e-05,0
LA_D_7116605,0,0.0015522424,0
LA_D_7187563,0,0.00033069862,0
LA_D_7209731,0,0.00022485522,0
LA_D_7289655,0,9.7229655e-05,0
LA_D_7312870,0,0.00018480622,0
LA_D_7336188,0,0.0006719547,0
LA_D_7346067,0,0.0001623974,0
LA_D_7354898,0,0.00021239162,0
LA_D_7431998,0,0.00019278476,0
LA_D_7470679,0,0.00020188041,0
LA_D_7473728,0,0.0004480185,0
LA_D_7551227,0,0.0011143209,0
LA_D_7623757,0,0.0001448871,0
LA_D_7647218,0,0.00024518077,0
LA_D_7659039,0,0.0001803921,0
LA_D_7683536,0,0.00040069476,0
LA_D_7773540,0,0.00032974128,0
LA_D_7803058,0,0.00033668787,0
LA_D_7804582,0,8.2626124e-05,0
LA_D_7824709,0,0.00023186077,0
LA_D_7828554,0,0.00027992233,0
LA_D_7853660,0,0.00020631168,0
LA_D_7895951,0,9.471498e-05,0
LA_D_7905993,0,0.00023072508,0
LA_D_7944594,0,0.00023970768,0
LA_D_8006888,0,0.00036582496,0
LA_D_8030557,0,0.00033525168,0
LA_D_8103199,0,3.62186e-05,0
LA_D_8125961,0,0.00018059775,0
LA_D_8167492,0,0.00012146716,0
LA_D_8172970,0,0.0009570031,0
LA_D_8257425,0,0.0002592524,0
LA_D_8261981,0,0.00033532805,0
LA_D_8263001,0,8.613418e-05,0
LA_D_8282334,0,0.00035465215,0
LA_D_8352186,0,6.0767365e-05,0
LA_D_8368027,0,0.00082323427,0
LA_D_8377834,0,0.0005113705,0
LA_D_8445966,0,7.410168e-05,0
LA_D_8450378,0,0.00016458264,0
LA_D_8478346,0,0.00016638856,0
LA_D_8481884,0,9.494731e-05,0
LA_D_8511990,0,0.00027267484,0
LA_D_8521403,0,0.0003205463,0
LA_D_8582209,0,0.0011818886,0
LA_D_8594091,0,0.00027409222,0
LA_D_8610307,0,7.5885364e-05,0
LA_D_8635185,0,0.00036785967,0
LA_D_8675909,0,0.000112450056,0
LA_D_8702097,0,0.00057081005,0
LA_D_8736560,0,0.00024196209,0
LA_D_8739986,0,0.00046356168,0
LA_D_8743472,0,0.00021186171,0
LA_D_8779034,0,0.00017403264,0
LA_D_8798927,0,0.000121897865,0
LA_D_8988479,0,0.00021940461,0
LA_D_9021893,0,0.00054168626,0
LA_D_9119095,0,0.00022032278,0
LA_D_9183719,0,0.00011308924,0
LA_D_9192418,0,0.00028401142,0
LA_D_9197542,0,0.00034282022,0
LA_D_9203142,0,0.00056613464,0
LA_D_9232895,0,0.0003374562,0
LA_D_9289288,0,0.0008282662,0
LA_D_9344368,0,0.00025455118,0
LA_D_9363151,0,0.00022712412,0
LA_D_9382127,0,0.00039849067,0
LA_D_9384507,0,0.00059365155,0
LA_D_9431218,0,0.00023667813,0
LA_D_9459944,0,0.000121264166,0
LA_D_9467977,0,0.00014168995,0
LA_D_9492240,0,0.000109219814,0
LA_D_9500692,0,0.00014962452,0
LA_D_9505564,0,0.0006109489,0
LA_D_9520422,0,0.0003419115,0
LA_D_9566347,0,0.00045436528,0
LA_D_9581321,0,0.00019779381,0
LA_D_9635349,0,0.0009282088,0
LA_D_9664872,0,0.0004478387,0
LA_D_9678415,0,0.00015495946,0
LA_D_9712952,0,0.00026120798,0
LA_D_9731820,0,0.0005715924,0
LA_D_9753113,0,0.002968031,0
LA_D_9801886,0,0.0011600516,0
LA_D_9838599,0,0.00045359498,0
LA_D_9872046,0,0.00079180987,0
LA_D_9872925,0,0.00010336801,0
LA_D_9934410,0,0.00011470192,0
LA_D_9955936,0,0.00027471385,0
LA_D_9980325,0,0.0010955705,0
LA_D_9982743,0,0.00034990616,0
LA_D_1001095,0,0.0005055464,0
LA_D_1036594,0,0.00017871312,0
LA_D_1036986,0,0.00040702432,0
LA_D_1065306,0,0.00018320422,0
LA_D_1073474,0,0.0003147991,0
LA_D_1084765,0,0.00013178412,0
LA_D_1085765,0,0.000217072,0
LA_D_1097191,0,0.0002783495,0
LA_D_1202021,0,0.0002933502,0
LA_D_1261801,0,0.00038900026,0
LA_D_1264748,0,0.0015591602,0
LA_D_1325941,0,0.000112254434,0
LA_D_1348124,0,0.00014661292,0
LA_D_1362199,0,0.0005702304,0
LA_D_1369901,0,0.000107325,0
LA_D_1385978,0,0.00046580212,0
LA_D_1401409,0,0.00015792235,0
LA_D_1473361,0,0.00023448409,0
LA_D_1477090,0,0.00016374815,0
LA_D_1533857,0,0.0005809339,0
LA_D_1541976,0,0.0009100942,0
LA_D_1580544,0,9.929315e-05,0
LA_D_1653412,0,0.000632255,0
LA_D_1656978,0,0.00035080998,0
LA_D_1675990,0,9.911086e-05,0
LA_D_1689302,0,7.0875365e-05,0
LA_D_1699219,0,5.80483e-05,0
LA_D_1733065,0,0.000135558,0
LA_D_1782967,0,0.00044227263,0
LA_D_1808507,0,0.0003897144,0
LA_D_1811445,0,0.00027812773,0
LA_D_1830846,0,0.0001498587,0
LA_D_1845069,0,9.354364e-05,0
LA_D_1882691,0,0.0008715197,0
LA_D_1897752,0,0.00021866405,0
LA_D_1907831,0,0.00018533244,0
LA_D_1990270,0,0.00064992334,0
LA_D_1999219,0,0.00061163056,0
LA_D_2000093,0,0.0003119885,0
LA_D_2034813,0,6.123985e-05,0
LA_D_2039768,0,0.00023976824,0
LA_D_2049455,0,0.0006732342,0
LA_D_2065272,0,0.00049497327,0
LA_D_2074516,0,8.8510475e-05,0
LA_D_2085012,0,0.00032639157,0
LA_D_2113565,0,8.712183e-05,0
LA_D_2125183,0,7.823612e-05,0
LA_D_2143803,0,0.00020640969,0
LA_D_2146476,0,0.0005496541,0
LA_D_2156580,0,0.0014580104,0
LA_D_2165611,0,0.0003312319,0
LA_D_2185134,0,0.00026877198,0
LA_D_2195201,0,0.00036201254,0
LA_D_2231364,0,9.186512e-05,0
LA_D_2327416,0,9.553044e-05,0
LA_D_2332467,0,0.000217655,0
LA_D_2396773,0,0.00023176862,0
LA_D_2413811,0,0.00070124323,0
LA_D_2418943,0,0.00026987868,0
LA_D_2419036,0,8.904305e-05,0
LA_D_2434538,0,8.153005e-05,0
LA_D_2488913,0,8.732695e-05,0
LA_D_2490025,0,7.9683945e-05,0
LA_D_2553532,0,0.0017844932,0
LA_D_2566690,0,0.0006032883,0
LA_D_2576768,0,0.00028148363,0
LA_D_2602113,0,0.0001624956,0
LA_D_2609052,0,0.00033102004,0
LA_D_2623262,0,0.000100826815,0
LA_D_2625605,0,0.0001313736,0
LA_D_2649278,0,0.0004588134,0
LA_D_2649880,0,0.00046713292,0
LA_D_2655283,0,8.594932e-05,0
LA_D_2693758,0,0.0003052229,0
LA_D_2705731,0,0.00030638967,0
LA_D_2708980,0,4.7754183e-05,0
LA_D_2736449,0,0.0002583688,0
LA_D_2772837,0,0.00030656296,0
LA_D_2825662,0,0.0002392795,0
LA_D_2826776,0,0.00051837217,0
LA_D_2835735,0,0.00016601932,0
LA_D_2849155,0,0.0002461432,0
LA_D_2853662,0,0.00019515745,0
LA_D_2885274,0,0.0005018385,0
LA_D_2912682,0,0.00038448648,0
LA_D_2928032,0,0.0005760081,0
LA_D_2948723,0,0.00013774274,0
LA_D_3019114,0,0.00018831887,0
LA_D_3081777,0,0.0006072822,0
LA_D_3101866,0,0.00023442846,0
LA_D_3116504,0,0.00026735762,0
LA_D_3116736,0,0.00022464244,0
LA_D_3144655,0,0.00032028178,0
LA_D_3153050,0,0.00012131366,0
LA_D_3158608,0,0.00025820304,0
LA_D_3159204,0,0.00017796339,0
LA_D_3176378,0,0.00015896675,0
LA_D_3251300,0,0.0006418882,0
LA_D_3254201,0,0.00025807924,0
LA_D_3259137,0,4.587887e-05,0
LA_D_3347156,0,0.0002641182,0
LA_D_3349453,0,0.00062479894,0
LA_D_3383046,0,0.00021608536,0
LA_D_3386727,0,0.00055634335,0
LA_D_3446645,0,8.220503e-05,0
LA_D_3461953,0,0.00017008034,0
LA_D_3468801,0,0.00016814808,0
LA_D_3508879,0,0.0007545782,0
LA_D_3533916,0,0.0024497807,0
LA_D_3534602,0,0.00023945801,0
LA_D_3539484,0,0.0002622728,0
LA_D_3582380,0,0.00029620298,0
LA_D_3593928,0,0.0003207658,0
LA_D_3597531,0,0.00027670554,0
LA_D_3611560,0,0.00020697333,0
LA_D_3666804,0,0.00020011952,0
LA_D_3682065,0,0.000739729,0
LA_D_3682613,0,0.00019629156,0
LA_D_3701247,0,0.00020703116,0
LA_D_3746495,0,0.0001929039,0
LA_D_3760422,0,0.00044597746,0
LA_D_3773329,0,0.000113322094,0
LA_D_3808030,0,0.00035635522,0
LA_D_3823574,0,0.00016008767,0
LA_D_3827873,0,0.00025794347,0
LA_D_3835319,0,0.00046314162,0
LA_D_3865981,0,0.0002388255,0
LA_D_4024245,0,0.00097074563,0
LA_D_4048880,0,0.00014481155,0
LA_D_4057176,0,0.00014002234,0
LA_D_4099596,0,8.717253e-05,0
LA_D_4142832,0,0.00021759814,0
LA_D_4162885,0,0.00054310536,0
LA_D_4176167,0,0.00023262072,0
LA_D_4185000,0,0.000120589146,0
LA_D_4185261,0,9.518e-05,0
LA_D_4192008,0,0.000120260614,0
LA_D_4200824,0,0.00022257313,0
LA_D_4200974,0,0.00027888292,0
LA_D_4206836,0,0.00054371037,0
LA_D_4218588,0,0.00017298837,0
LA_D_4226126,0,0.00013890011,0
LA_D_4239904,0,0.0001450523,0
LA_D_4290017,0,0.00020263116,0
LA_D_4304225,0,0.000103451144,0
LA_D_4335932,0,0.0002648985,0
LA_D_4348413,0,0.00010719285,0
LA_D_4353332,0,0.0007272869,0
LA_D_4365682,0,0.00065819384,0
LA_D_4377114,0,0.0005105192,0
LA_D_4442511,0,0.00031435976,0
LA_D_4488788,0,0.00023408895,0
LA_D_4507888,0,0.00013558619,0
LA_D_4554509,0,0.00015666713,0
LA_D_4556349,0,7.136544e-05,0
LA_D_4562728,0,0.00022412963,0
LA_D_4567965,0,0.00015384071,0
LA_D_4593541,0,0.000105570514,0
LA_D_4601171,0,0.003327864,0
LA_D_4601616,0,0.00086775527,0
LA_D_4617063,0,0.00012005655,0
LA_D_4626453,0,9.4149575e-05,0
LA_D_4678507,0,0.0001957682,0
LA_D_4683975,0,0.0010358542,0
LA_D_4745476,0,0.00020812405,0
LA_D_4776677,0,0.0006130832,0
LA_D_4784347,0,0.00031910776,0
LA_D_4810605,0,0.0008090579,0
LA_D_4816769,0,0.00026058886,0
LA_D_4845159,0,0.00032718165,0
LA_D_4899370,0,0.0009590129,0
LA_D_4914250,0,0.00024512864,0
LA_D_4929765,0,0.00052302965,0
LA_D_4931376,0,0.00027499188,0
LA_D_4935046,0,0.0004289827,0
LA_D_4935731,0,0.0002875271,0
LA_D_4939706,0,0.0002763407,0
LA_D_4954651,0,0.00011987637,0
LA_D_4974078,0,0.00030335234,0
LA_D_4979175,0,0.0004146391,0
LA_D_5013283,0,0.000392498,0
LA_D_5070679,0,0.00051737105,0
LA_D_5073015,0,0.00016496773,0
LA_D_5074932,0,0.00015574784,0
LA_D_5081966,0,0.0005011841,0
LA_D_5091510,0,0.00015864364,0
LA_D_5117623,0,0.007913069,0
LA_D_5131724,0,0.00023826712,0
LA_D_5136094,0,0.00013509423,0
LA_D_5198588,0,0.00023661854,0
LA_D_5212385,0,0.00020030794,0
LA_D_5239066,0,0.0008458408,0
LA_D_5246528,0,0.00016806759,0
LA_D_5263011,0,0.00018268125,0
LA_D_5269027,0,7.067963e-05,0
LA_D_5294224,0,0.00024592175,0
LA_D_5297638,0,0.00035581036,0
LA_D_5299238,0,5.709643e-05,0
LA_D_5325527,0,7.466652e-05,0
LA_D_5372592,0,0.0003434748,0
LA_D_5393942,0,0.00022390812,0
LA_D_5404416,0,0.00026148136,0
LA_D_5448101,0,0.00022245919,0
LA_D_5458900,0,0.0002555989,0
LA_D_5478028,0,0.0002309273,0
LA_D_5548468,0,0.00029231107,0
LA_D_5574945,0,0.00024829755,0
LA_D_5576148,0,0.0004690038,0
LA_D_5611461,0,0.0002889955,0
LA_D_5677611,0,0.0002666764,0
LA_D_5687626,0,0.00017426413,0
LA_D_5718984,0,0.0003514624,0
LA_D_5723608,0,0.00032971674,0
LA_D_5734083,0,0.00014087354,0
LA_D_5743745,0,0.00031303542,0
LA_D_5760810,0,0.0008892484,0
LA_D_5770424,0,0.0004298841,0
LA_D_5779022,0,0.00053353875,0
LA_D_5817478,0,0.00013913249,0
LA_D_5821269,0,0.0006073273,0
LA_D_5858787,0,0.00032449307,0
LA_D_5871485,0,0.00020653881,0
LA_D_5878266,0,0.00021758881,0
LA_D_5911892,0,0.0001881914,0
LA_D_5986701,0,0.0006159736,0
LA_D_6060308,0,0.0003719697,0
LA_D_6062316,0,0.00027645216,0
LA_D_6086453,0,0.0006698064,0
LA_D_6093454,0,0.0004937142,0
LA_D_6100016,0,0.0003433602,0
LA_D_6124016,0,0.0010654681,0
LA_D_6179252,0,0.00020521577,0
LA_D_6186728,0,0.000994721,0
LA_D_6208335,0,0.00097016874,0
LA_D_6218509,0,9.664803e-05,0
LA_D_6238446,0,7.734115e-05,0
LA_D_6243690,0,0.00032850567,0
LA_D_6264639,0,0.00049451954,0
LA_D_6268296,0,0.00025565544,0
LA_D_6270876,0,0.0024230923,0
LA_D_6280073,0,0.0009557501,0
LA_D_6301940,0,8.500601e-05,0
LA_D_6315906,0,0.00015763997,0
LA_D_6404209,0,0.00013411185,0
LA_D_6410108,0,0.00016823388,0
LA_D_6417597,0,0.0005143059,0
LA_D_6442890,0,0.00013736944,0
LA_D_6522313,0,0.00026534006,0
LA_D_6550883,0,0.0001324339,0
LA_D_6551713,0,0.00028681444,0
LA_D_6565562,0,0.00011241961,0
LA_D_6598988,0,0.0002316091,0
LA_D_6651726,0,0.00028832842,0
LA_D_6660188,0,9.364779e-05,0
LA_D_6751883,0,0.00051777414,0
LA_D_6798093,0,6.148234e-05,0
LA_D_6840690,0,0.00024847803,0
LA_D_6893250,0,0.0002670565,0
LA_D_6904176,0,0.0001597685,0
LA_D_6905344,0,0.00029899998,0
LA_D_6913174,0,0.0033147186,0
LA_D_6925836,0,0.00031875324,0
LA_D_6931090,0,0.00031830286,0
LA_D_6965307,0,0.00028990812,0
LA_D_6993157,0,0.00042935248,0
LA_D_7015244,0,0.00047851226,0
LA_D_7029392,0,0.00013641654,0
LA_D_7034755,0,0.00023242542,0
LA_D_7064323,0,0.00020376242,0
LA_D_7065500,0,0.00047571573,0
LA_D_7100095,0,7.6885604e-05,0
LA_D_7111174,0,0.00030752952,0
LA_D_7138620,0,0.0007522442,0
LA_D_7190406,0,0.00041709509,0
LA_D_7197317,0,9.275584e-05,0
LA_D_7218513,0,0.00032844645,0
LA_D_7225053,0,0.00017381737,0
LA_D_7233780,0,0.00019603364,0
LA_D_7234016,0,0.0001918653,0
LA_D_7253817,0,0.00030966316,0
LA_D_7295722,0,9.97421e-05,0
LA_D_7310490,0,0.000244356,0
LA_D_7325649,0,0.0001223343,0
LA_D_7347549,0,0.00021552753,0
LA_D_7366011,0,0.00027628802,0
LA_D_7373652,0,0.00029585187,0
LA_D_7377187,0,0.0009002468,0
LA_D_7389015,0,0.0003613247,0
LA_D_7410620,0,0.00042585758,0
LA_D_7414510,0,0.00018534958,0
LA_D_7421940,0,0.00028159126,0
LA_D_7430660,0,0.00021896491,0
LA_D_7440074,0,6.088314e-05,0
LA_D_7480369,0,0.00023074595,0
LA_D_7484636,0,0.00048650944,0
LA_D_7490527,0,0.00022268691,0
LA_D_7493894,0,0.00016965275,0
LA_D_7525244,0,0.00049375417,0
LA_D_7533258,0,5.0133538e-05,0
LA_D_7535853,0,0.00034335986,0
LA_D_7554684,0,0.00034405192,0
LA_D_7574071,0,0.00050837477,0
LA_D_7588214,0,9.5184725e-05,0
LA_D_7591549,0,7.0036265e-05,0
LA_D_7625011,0,4.599031e-05,0
LA_D_7627669,0,0.0003116187,0
LA_D_7655266,0,0.0018303597,0
LA_D_7656709,0,0.0002600334,0
LA_D_7681644,0,0.00020065147,0
LA_D_7693912,0,0.0004466258,0
LA_D_7694213,0,0.00015597731,0
LA_D_7755104,0,0.0006244983,0
LA_D_7770558,0,0.00011563319,0
LA_D_7774318,0,9.361127e-05,0
LA_D_7795831,0,7.618191e-05,0
LA_D_7823248,0,0.00012761453,0
LA_D_7906665,0,0.00039910467,0
LA_D_7933136,0,5.5458724e-05,0
LA_D_7970494,0,0.00052034046,0
LA_D_7972028,0,8.73566e-05,0
LA_D_7974481,0,0.00036629333,0
LA_D_8024787,0,9.5934316e-05,0
LA_D_8028295,0,0.00047602694,0
LA_D_8062342,0,0.0006528281,0
LA_D_8066346,0,0.00014501897,0
LA_D_8094005,0,0.00038101102,0
LA_D_8099511,0,0.00014355086,0
LA_D_8128338,0,0.00010450103,0
LA_D_8128760,0,9.673001e-05,0
LA_D_8159037,0,0.00044908613,0
LA_D_8169401,0,0.0007658672,0
LA_D_8182963,0,0.00071338564,0
LA_D_8191193,0,0.00040343634,0
LA_D_8244933,0,0.00012979584,0
LA_D_8310080,0,0.00011626307,0
LA_D_8317011,0,0.0007731465,0
LA_D_8357910,0,0.00013543811,0
LA_D_8373522,0,0.00022698838,0
LA_D_8452415,0,0.00015616661,0
LA_D_8473995,0,0.00010334583,0
LA_D_8480524,0,0.0003765986,0
LA_D_8546378,0,0.00015423464,0
LA_D_8561006,0,0.00013853927,0
LA_D_8583087,0,0.00010017513,0
LA_D_8587705,0,0.00018151931,0
LA_D_8610426,0,0.0013067201,0
LA_D_8618689,0,9.3663424e-05,0
LA_D_8619253,0,0.00021964323,0
LA_D_8631402,0,8.713139e-05,0
LA_D_8682472,0,0.00020872858,0
LA_D_8763399,0,6.5580796e-05,0
LA_D_8764534,0,0.00024829234,0
LA_D_8801530,0,0.00011076729,0
LA_D_8833920,0,0.00014029231,0
LA_D_8867068,0,7.980927e-05,0
LA_D_8875770,0,0.00023990772,0
LA_D_8889202,0,0.0010629375,0
LA_D_8891088,0,0.0001234226,0
LA_D_8932992,0,0.00023969737,0
LA_D_8937390,0,0.000311047,0
LA_D_8957959,0,9.6754535e-05,0
LA_D_8962012,0,0.00018889253,0
LA_D_8969618,0,9.036238e-05,0
LA_D_8976318,0,0.00027195903,0
LA_D_9001681,0,0.0003502005,0
LA_D_9011511,0,0.00018995344,0
LA_D_9023318,0,9.644521e-05,0
LA_D_9048413,0,0.0003512336,0
LA_D_9053095,0,0.00024959113,0
LA_D_9059452,0,0.0002437301,0
LA_D_9109915,0,0.00021847399,0
LA_D_9119177,0,0.00023537944,0
LA_D_9131527,0,0.0001726606,0
LA_D_9148724,0,0.00015954854,0
LA_D_9160139,0,0.0012396502,0
LA_D_9160943,0,0.0003066299,0
LA_D_9173096,0,0.00029913685,0
LA_D_9196257,0,0.0006728743,0
LA_D_9233697,0,0.00072416704,0
LA_D_9259569,0,0.000249,0
LA_D_9275774,0,0.00010419814,0
LA_D_9310262,0,0.00038411975,0
LA_D_9355453,0,0.00010403918,0
LA_D_9374784,0,0.006497393,0
LA_D_9379842,0,0.00038197043,0
LA_D_9410329,0,0.00032702574,0
LA_D_9421514,0,0.00031349657,0
LA_D_9422436,0,0.0005176074,0
LA_D_9436350,0,0.00045074246,0
LA_D_9439087,0,0.0001979172,0
LA_D_9444024,0,0.00073557044,0
LA_D_9481030,0,0.0003654175,0
LA_D_9535722,0,0.00017468836,0
LA_D_9577103,0,7.5282514e-05,0
LA_D_9584769,0,0.00031700003,0
LA_D_9585648,0,0.0007945627,0
LA_D_9588548,0,0.00032817104,0
LA_D_9594921,0,0.00029279053,0
LA_D_9596234,0,0.00020436657,0
LA_D_9596658,0,0.0002817806,0
LA_D_9604838,0,0.00010398938,0
LA_D_9635881,0,0.0006353187,0
LA_D_9642537,0,0.0006300576,0
LA_D_9654253,0,0.0002438454,0
LA_D_9688839,0,0.00025336957,0
LA_D_9694827,0,0.000103049046,0
LA_D_9749510,0,0.00021131338,0
LA_D_9767258,0,0.00010438589,0
LA_D_9829627,0,0.0002538273,0
LA_D_9831804,0,0.00042521703,0
LA_D_9930845,0,0.00055377744,0
LA_D_9982535,0,3.1749038e-05,0
LA_D_9993251,0,0.00015229869,0
LA_D_9993800,0,0.00015781954,0
LA_D_1004774,0,0.00025729992,0
LA_D_1020087,0,8.811366e-05,0
LA_D_1083406,0,0.00022361902,0
LA_D_1088963,0,0.0005634688,0
LA_D_1091851,0,0.0002913995,0
LA_D_1094379,0,0.00022931553,0
LA_D_1144247,0,0.0006058444,0
LA_D_1206907,0,0.0001645806,0
LA_D_1249012,0,0.00020520874,0
LA_D_1251939,0,0.0003697082,0
LA_D_1258579,0,0.0002808261,0
LA_D_1296597,0,0.0005405603,0
LA_D_1301398,0,0.0007839493,0
LA_D_1336509,0,0.0004272674,0
LA_D_1397703,0,0.0006659745,0
LA_D_1530620,0,0.00028922374,0
LA_D_1561911,0,0.000119830205,0
LA_D_1566347,0,8.232207e-05,0
LA_D_1569257,0,0.0010552141,0
LA_D_1591743,0,0.00028287858,0
LA_D_1598405,0,0.00060770137,0
LA_D_1609660,0,0.00011375635,0
LA_D_1613936,0,0.00013653432,0
LA_D_1646097,0,0.0011916431,0
LA_D_1715749,0,0.00018211707,0
LA_D_1728757,0,0.00037658925,0
LA_D_1732607,0,0.0003956838,0
LA_D_1767120,0,0.0002930374,0
LA_D_1768591,0,0.0002976609,0
LA_D_1768659,0,0.00014962423,0
LA_D_1783287,0,0.0010833571,0
LA_D_1901077,0,0.00010622841,0
LA_D_1928274,0,0.00026773976,0
LA_D_1988141,0,0.00012306249,0
LA_D_2031889,0,0.00016460147,0
LA_D_2033572,0,0.00017508389,0
LA_D_2147894,0,0.00027131365,0
LA_D_2185899,0,0.0005635182,0
LA_D_2187760,0,0.0008977926,0
LA_D_2195595,0,8.7082306e-05,0
LA_D_2197541,0,0.00042064997,0
LA_D_2200669,0,0.00092824333,0
LA_D_2227552,0,0.00039927437,0
LA_D_2279448,0,0.00054559065,0
LA_D_2280644,0,0.0002751613,0
LA_D_2290771,0,0.0006062806,0
LA_D_2300597,0,0.0003105803,0
LA_D_2307932,0,9.951742e-05,0
LA_D_2309565,0,0.00028764145,0
LA_D_2347486,0,8.769387e-05,0
LA_D_2368097,0,0.00041260064,0
LA_D_2395699,0,0.0005610577,0
LA_D_2419825,0,0.00034638465,0
LA_D_2427170,0,0.00036502338,0
LA_D_2427445,0,0.002284772,0
LA_D_2437399,0,0.0004360772,0
LA_D_2498281,0,0.00047389904,0
LA_D_2498389,0,0.0007156988,0
LA_D_2502487,0,0.00013492713,0
LA_D_2510886,0,0.00021963232,0
LA_D_2519499,0,0.0011964885,0
LA_D_2534146,0,0.0012732137,0
LA_D_2544697,0,0.0009771865,0
LA_D_2567965,0,0.0006702681,0
LA_D_2572361,0,0.00033684424,0
LA_D_2575136,0,0.00012391752,0
LA_D_2581071,0,0.00056372286,0
LA_D_2596003,0,0.0003156791,0
LA_D_2598422,0,0.00038313525,0
LA_D_2633677,0,0.00014378334,0
LA_D_2638042,0,0.00024898766,0
LA_D_2794299,0,0.00040515338,0
LA_D_2807278,0,0.00019545112,0
LA_D_2833236,0,8.442413e-05,0
LA_D_2869838,0,0.0004336038,0
LA_D_2884464,0,7.9673766e-05,0
LA_D_2907481,0,0.000248569,0
LA_D_2920298,0,0.000366592,0
LA_D_2939133,0,0.00083636603,0
LA_D_2940135,0,0.00019443827,0
LA_D_2946840,0,0.0005935158,0
LA_D_2966111,0,0.00019342627,0
LA_D_2970964,0,0.00024233956,0
LA_D_2971908,0,0.00045081807,0
LA_D_2991252,0,0.00021732444,0
LA_D_3035741,0,0.00017274046,0
LA_D_3049487,0,0.0005524621,0
LA_D_3090466,0,0.0002859083,0
LA_D_3094177,0,0.00094150257,0
LA_D_3104504,0,0.002239767,0
LA_D_3130678,0,0.0028569144,0
LA_D_3141028,0,0.00067870674,0
LA_D_3144485,0,0.00074670464,0
LA_D_3242114,0,0.00037734426,0
LA_D_3242439,0,0.0011970835,0
LA_D_3244196,0,0.00025785397,0
LA_D_3249077,0,0.00020427091,0
LA_D_3260123,0,0.00012064608,0
LA_D_3273302,0,0.0003598874,0
LA_D_3284907,0,9.466777e-05,0
LA_D_3416456,0,0.00056521915,0
LA_D_3435616,0,0.00060156756,0
LA_D_3449692,0,0.00048456702,0
LA_D_3450019,0,0.00035202305,0
LA_D_3495106,0,0.0002945154,0
LA_D_3504984,0,0.00018021812,0
LA_D_3534463,0,0.00091750704,0
LA_D_3605088,0,0.00018872671,0
LA_D_3615708,0,0.0004315371,0
LA_D_3659236,0,0.00023482059,0
LA_D_3691538,0,9.923001e-05,0
LA_D_3700696,0,0.00042208153,0
LA_D_3758904,0,0.0005303243,0
LA_D_3772573,0,0.00027315074,0
LA_D_3822874,0,0.00051124865,0
LA_D_3851125,0,0.00026053196,0
LA_D_3864419,0,0.00014663473,0
LA_D_3963572,0,0.0001285258,0
LA_D_4069031,0,0.032521043,0
LA_D_4123679,0,0.0001430678,0
LA_D_4134915,0,0.00025694593,0
LA_D_4164409,0,0.00012896382,0
LA_D_4181824,0,0.00042882486,0
LA_D_4208598,0,0.0003576809,0
LA_D_4225742,0,0.00068997114,0
LA_D_4272619,0,0.00047331708,0
LA_D_4326894,0,0.00036159382,0
LA_D_4332784,0,9.955207e-05,0
LA_D_4337797,0,0.0004443086,0
LA_D_4347644,0,0.00062096806,0
LA_D_4402259,0,0.00025331404,0
LA_D_4418754,0,0.00026782908,0
LA_D_4430789,0,0.00015443964,0
LA_D_4445174,0,0.00021419162,0
LA_D_4451989,0,0.0010189343,0
LA_D_4469413,0,0.00013796292,0
LA_D_4540622,0,0.00073117367,0
LA_D_4575624,0,0.00025423465,0
LA_D_4595256,0,0.00048263138,0
LA_D_4673712,0,0.00036354395,0
LA_D_4702864,0,0.00029200022,0
LA_D_4712578,0,0.00011761532,0
LA_D_4730111,0,0.00012332364,0
LA_D_4736521,0,5.4669974e-05,0
LA_D_4755303,0,0.0010368417,0
LA_D_4765748,0,0.00016655332,0
LA_D_4772711,0,0.00016429414,0
LA_D_4777273,0,0.00022438215,0
LA_D_4804886,0,0.00019736691,0
LA_D_4825879,0,0.00016848928,0
LA_D_4864665,0,0.00014086657,0
LA_D_4946274,0,0.00033749675,0
LA_D_4966032,0,0.0001288156,0
LA_D_5005973,0,0.00026658995,0
LA_D_5010817,0,0.000461504,0
LA_D_5089751,0,0.00037052008,0
LA_D_5092940,0,0.0002596326,0
LA_D_5147678,0,0.00027237475,0
LA_D_5171645,0,7.727518e-05,0
LA_D_5258807,0,0.002796932,0
LA_D_5270228,0,0.00084662373,0
LA_D_5308766,0,0.0002143097,0
LA_D_5362934,0,0.00059877324,0
LA_D_5382385,0,0.0007969383,0
LA_D_5395822,0,5.1164126e-05,0
LA_D_5405376,0,0.00011866253,0
LA_D_5450646,0,0.00029497006,0
LA_D_5452596,0,0.00023752655,0
LA_D_5495669,0,0.00014235689,0
LA_D_5532057,0,0.00033044902,0
LA_D_5558598,0,0.0019213306,0
LA_D_5601935,0,0.00039873805,0
LA_D_5612664,0,0.00016227743,0
LA_D_5617123,0,0.0026505399,0
LA_D_5634985,0,0.0013143966,0
LA_D_5651896,0,6.232543e-05,0
LA_D_5673630,0,0.0004744351,0
LA_D_5697969,0,0.0001699364,0
LA_D_5838500,0,0.00021154157,0
LA_D_5855173,0,0.0002983038,0
LA_D_5893732,0,0.0013545016,0
LA_D_5907805,0,0.00035066085,0
LA_D_5926484,0,0.00070010475,0
LA_D_5948925,0,0.0003690518,0
LA_D_5962786,0,0.00020820604,0
LA_D_6020080,0,0.0001826588,0
LA_D_6052360,0,0.00053231453,0
LA_D_6093121,0,0.0012386468,0
LA_D_6115657,0,0.0003813799,0
LA_D_6145108,0,0.00015266029,0
LA_D_6162330,0,0.0006143882,0
LA_D_6168902,0,6.7290755e-05,0
LA_D_6181877,0,0.00075638166,0
LA_D_6203431,0,0.0001686637,0
LA_D_6244463,0,0.00039382593,0
LA_D_6247219,0,0.0001694487,0
LA_D_6264877,0,0.0003500603,0
LA_D_6350241,0,0.00016037628,0
LA_D_6378781,0,8.222981e-05,0
LA_D_6424034,0,0.00032771268,0
LA_D_6482383,0,0.000598456,0
LA_D_6506973,0,0.00058805785,0
LA_D_6517273,0,0.00081518776,0
LA_D_6564975,0,0.00028866617,0
LA_D_6567387,0,0.0009539951,0
LA_D_6597750,0,0.0002464092,0
LA_D_6598826,0,9.44193e-05,0
LA_D_6620544,0,0.0013735049,0
LA_D_6649982,0,0.00020719781,0
LA_D_6678773,0,0.000449667,0
LA_D_6685036,0,0.0004847157,0
LA_D_6688724,0,0.00084147,0
LA_D_6692719,0,0.0006035937,0
LA_D_6713264,0,0.0010321937,0
LA_D_6716819,0,0.0002194092,0
LA_D_6743274,0,7.418341e-05,0
LA_D_6768042,0,0.00030046905,0
LA_D_6771345,0,0.00014340064,0
LA_D_6816441,0,0.00014056131,0
LA_D_6860124,0,0.00026487626,0
LA_D_6870125,0,0.00057637546,0
LA_D_7026875,0,0.0006795553,0
LA_D_7040973,0,0.00023278002,0
LA_D_7061416,0,0.0005185515,0
LA_D_7084497,0,0.00032513158,0
LA_D_7288605,0,0.00030297862,0
LA_D_7334119,0,6.4902284e-05,0
LA_D_7337689,0,0.00021582507,0
LA_D_7342694,0,0.0013168813,0
LA_D_7355507,0,0.0003781794,0
LA_D_7359378,0,0.00019611571,0
LA_D_7372276,0,0.00074683066,0
LA_D_7506627,0,0.00039932271,0
LA_D_7535260,0,0.00029588238,0
LA_D_7656827,0,0.00056686305,0
LA_D_7663996,0,0.000110164234,0
LA_D_7702151,0,0.00021010713,0
LA_D_7712944,0,0.00017862658,0
LA_D_7845355,0,0.00036763214,0
LA_D_7853908,0,0.0008884827,0
LA_D_7861602,0,0.00013262003,0
LA_D_7931400,0,0.00012406887,0
LA_D_7985250,0,0.00019159034,0
LA_D_8042295,0,0.00024096912,0
LA_D_8071214,0,0.00027021134,0
LA_D_8091393,0,0.00022632258,0
LA_D_8131208,0,0.00022888847,0
LA_D_8146146,0,0.00032345747,0
LA_D_8201742,0,0.00069116097,0
LA_D_8267794,0,0.00013357685,0
LA_D_8292706,0,0.00029918077,0
LA_D_8362390,0,0.0003232364,0
LA_D_8367907,0,0.00019948494,0
LA_D_8464147,0,0.00019868826,0
LA_D_8499637,0,0.00018248124,0
LA_D_8528202,0,0.00023612683,0
LA_D_8562559,0,0.00012019172,0
LA_D_8578970,0,0.00065949926,0
LA_D_8594927,0,0.00041230966,0
LA_D_8595493,0,0.00028990256,0
LA_D_8612035,0,0.00013558684,0
LA_D_8656739,0,0.00014560536,0
LA_D_8659693,0,0.00017204089,0
LA_D_8669407,0,0.00040651206,0
LA_D_8672392,0,0.00042104072,0
LA_D_8684186,0,0.00034097207,0
LA_D_8719759,0,0.0001371735,0
LA_D_8732000,0,0.00046004224,0
LA_D_8875774,0,0.00042607074,0
LA_D_8893730,0,0.001280518,0
LA_D_8911591,0,5.50322e-05,0
LA_D_8950993,0,0.00020734267,0
LA_D_9007860,0,0.00031905176,0
LA_D_9036585,0,0.0004717069,0
LA_D_9058869,0,0.000605767,0
LA_D_9064394,0,0.00030333787,0
LA_D_9076744,0,0.00045056292,0
LA_D_9101643,0,0.0013872769,0
LA_D_9212778,0,0.00029389016,0
LA_D_9242976,0,0.00026943444,0
LA_D_9301345,0,0.001324461,0
LA_D_9302376,0,0.00063517946,0
LA_D_9308388,0,0.00023701256,0
LA_D_9351714,0,0.00027532058,0
LA_D_9366756,0,0.00015574858,0
LA_D_9382297,0,0.0011904916,0
LA_D_9390591,0,0.00026916282,0
LA_D_9428728,0,0.0010655625,0
LA_D_9481908,0,0.00074302853,0
LA_D_9499149,0,0.00022267288,0
LA_D_9514185,0,0.0007232553,0
LA_D_9528207,0,5.732726e-05,0
LA_D_9559894,0,0.0001630724,0
LA_D_9594600,0,0.00020372125,0
LA_D_9603314,0,0.00049137464,0
LA_D_9605797,0,0.0003468202,0
LA_D_9619214,0,0.00034256146,0
LA_D_9643872,0,0.0003151111,0
LA_D_9645223,0,7.307811e-05,0
LA_D_9646701,0,0.0002501858,0
LA_D_9667586,0,0.0003655367,0
LA_D_9737680,0,0.00043898466,0
LA_D_9767344,0,0.00027227425,0
LA_D_9768291,0,0.00045302595,0
LA_D_9928764,0,0.0004168033,0
LA_D_9931389,0,0.00033010423,0
LA_D_9934126,0,0.00037918225,0
LA_D_9992731,0,0.0008222354,0
LA_D_1008834,0,0.0007572363,0
LA_D_1029623,0,0.00012782986,0
LA_D_1135973,0,0.00033183146,0
LA_D_1170726,0,0.00025867045,0
LA_D_1233766,0,0.00014054148,0
LA_D_1244860,0,0.00013471553,0
LA_D_1250618,0,0.00057678984,0
LA_D_1307590,0,0.00014516812,0
LA_D_1316973,0,0.0001654668,0
LA_D_1323117,0,0.00039062716,0
LA_D_1376887,0,0.00038357673,0
LA_D_1382969,0,0.00016895085,0
LA_D_1398743,0,0.0013295035,0
LA_D_1402046,0,5.040573e-05,0
LA_D_1416122,0,0.00044482687,0
LA_D_1433129,0,0.0003753137,0
LA_D_1472284,0,0.0036158846,0
LA_D_1485983,0,0.0001217919,0
LA_D_1497236,0,0.00025167005,0
LA_D_1526424,0,0.00017069347,0
LA_D_1546363,0,0.00042678133,0
LA_D_1564452,0,0.0001323594,0
LA_D_1589359,0,0.0005192871,0
LA_D_1594784,0,0.00013225405,0
LA_D_1657707,0,0.00021953747,0
LA_D_1758405,0,0.0003534923,0
LA_D_1777158,0,0.13872664,0
LA_D_1780000,0,0.00017381573,0
LA_D_1800659,0,0.0005443923,0
LA_D_1856189,0,0.00053897314,0
LA_D_1863901,0,0.0005524326,0
LA_D_1872618,0,8.6050524e-05,0
LA_D_1904462,0,0.0004170223,0
LA_D_1911980,0,0.00017794575,0
LA_D_1917155,0,0.0006751534,0
LA_D_1917753,0,0.00017897539,0
LA_D_1943080,0,0.0002217724,0
LA_D_1953828,0,0.00021784664,0
LA_D_1979046,0,0.00013119396,0
LA_D_2039988,0,0.00032658395,0
LA_D_2041511,0,0.00038643074,0
LA_D_2042650,0,0.0006465735,0
LA_D_2042770,0,0.00047270977,0
LA_D_2054506,0,0.0007065028,0
LA_D_2069946,0,0.00031080068,0
LA_D_2077413,0,0.000677889,0
LA_D_2081259,0,0.0004389964,0
LA_D_2081459,0,0.00019036994,0
LA_D_2084084,0,0.00019591348,0
LA_D_2104324,0,9.2024864e-05,0
LA_D_2143625,0,0.0003875005,0
LA_D_2171727,0,7.4730626e-05,0
LA_D_2177921,0,0.004332395,0
LA_D_2224110,0,0.0004820245,0
LA_D_2226509,0,0.00033247587,0
LA_D_2265031,0,0.03729405,0
LA_D_2275470,0,0.00055551674,0
LA_D_2311080,0,0.00013509874,0
LA_D_2374547,0,0.00022525307,0
LA_D_2380135,0,0.00030692996,0
LA_D_2400343,0,0.0005678272,0
LA_D_2421665,0,0.0003320397,0
LA_D_2431857,0,0.008784613,0
LA_D_2435960,0,0.00012853905,0
LA_D_2460870,0,0.0003976835,0
LA_D_2468278,0,0.0013777838,0
LA_D_2473895,0,0.00033164833,0
LA_D_2490231,0,0.00025884018,0
LA_D_2490787,0,9.9567056e-05,0
LA_D_2498703,0,0.00020868822,0
LA_D_2507417,0,0.00048323307,0
LA_D_2519581,0,0.00016592593,0
LA_D_2527247,0,0.00045366332,0
LA_D_2539732,0,0.0003522893,0
LA_D_2543157,0,0.0009918829,0
LA_D_2549993,0,0.00046359704,0
LA_D_2558084,0,0.00015975206,0
LA_D_2598664,0,0.00017438081,0
LA_D_2643397,0,0.0002972412,0
LA_D_2647059,0,0.00024111483,0
LA_D_2690336,0,0.0003975285,0
LA_D_2720435,0,0.00031651175,0
LA_D_2762669,0,0.0004897684,0
LA_D_2771079,0,9.6609045e-05,0
LA_D_2876241,0,0.0013540902,0
LA_D_2881171,0,0.00017530141,0
LA_D_2905137,0,0.00012610055,0
LA_D_2923622,0,0.00064832106,0
LA_D_2959609,0,0.0005556258,0
LA_D_2974704,0,0.00016521566,0
LA_D_3045712,0,0.0018978701,0
LA_D_3093534,0,0.00051473506,0
LA_D_3109792,0,0.0004844668,0
LA_D_3115572,0,0.00055330055,0
LA_D_3115750,0,0.00044340905,0
LA_D_3122333,0,8.1548715e-05,0
LA_D_3158956,0,0.00058823946,0
LA_D_3169991,0,0.0009190784,0
LA_D_3195614,0,0.001487295,0
LA_D_3200727,0,0.00026615718,0
LA_D_3294853,0,0.0003042418,0
LA_D_3319355,0,0.0003088968,0
LA_D_3325936,0,0.019607361,0
LA_D_3378402,0,0.0002542885,0
LA_D_3378615,0,0.0006220082,0
LA_D_3379127,0,0.00268057,0
LA_D_3398607,0,0.00026972615,0
LA_D_3413908,0,0.0013265111,0
LA_D_3418840,0,0.0001908532,0
LA_D_3445488,0,0.00039695288,0
LA_D_3469008,0,0.00010186026,0
LA_D_3514513,0,0.00024956043,0
LA_D_3555723,0,0.0002745036,0
LA_D_3579076,0,0.00020822708,0
LA_D_3627257,0,0.00026307598,0
LA_D_3654875,0,0.00054165424,0
LA_D_3660282,0,7.080774e-05,0
LA_D_3714587,0,0.00025550873,0
LA_D_3780481,0,0.00011768623,0
LA_D_3788427,0,6.0741233e-05,0
LA_D_3794623,0,0.018126223,0
LA_D_3798024,0,0.00033807158,0
LA_D_3828841,0,0.00054270384,0
LA_D_3945155,0,0.0006400781,0
LA_D_3947953,0,0.0002416308,0
LA_D_3951175,0,0.0009876197,0
LA_D_3957229,0,0.00025236784,0
LA_D_3981366,0,0.001471828,0
LA_D_3983835,0,0.00016117546,0
LA_D_4002921,0,0.00020562846,0
LA_D_4058412,0,0.00032562605,0
LA_D_4113356,0,0.00015145412,0
LA_D_4117970,0,0.0019066627,0
LA_D_4130527,0,0.00027513874,0
LA_D_4143632,0,0.0004187368,0
LA_D_4153076,0,0.00015782165,0
LA_D_4171217,0,0.0002314824,0
LA_D_4191752,0,0.00017777005,0
LA_D_4223757,0,0.0001679779,0
LA_D_4228094,0,0.00046026375,0
LA_D_4263760,0,0.016528659,0
LA_D_4281656,0,4.456286e-05,0
LA_D_4283190,0,0.00078720937,0
LA_D_4284194,0,0.0022276242,0
LA_D_4302088,0,0.00015095151,0
LA_D_4362724,0,0.00012207561,0
LA_D_4378003,0,8.933579e-05,0
LA_D_4390516,0,0.00021050677,0
LA_D_4421531,0,0.00032878388,0
LA_D_4515281,0,0.00022211946,0
LA_D_4567317,0,0.00025429865,0
LA_D_4631627,0,0.000916683,0
LA_D_4648402,0,0.00066519686,0
LA_D_4650858,0,0.00015694911,0
LA_D_4668862,0,8.627278e-05,0
LA_D_4708436,0,0.00040380613,0
LA_D_4721356,0,0.0003873236,0
LA_D_4722011,0,0.0008295718,0
LA_D_4747773,0,0.018833218,0
LA_D_4752880,0,0.0001315141,0
LA_D_4755066,0,0.0004320149,0
LA_D_4859889,0,0.00036391916,0
LA_D_4902826,0,0.0003871165,0
LA_D_4907676,0,0.0024844478,0
LA_D_4928075,0,0.0012137665,0
LA_D_4933527,0,0.00029020896,0
LA_D_4995063,0,0.00022283687,0
LA_D_5004092,0,0.00024332447,0
LA_D_5031248,0,0.0004907937,0
LA_D_5073126,0,0.00012058362,0
LA_D_5104907,0,0.00030537831,0
LA_D_5123844,0,6.583783e-05,0
LA_D_5153538,0,0.00014566646,0
LA_D_5159936,0,0.00017793302,0
LA_D_5213207,0,0.00036182484,0
LA_D_5254267,0,0.00036872723,0
LA_D_5269652,0,0.0010667325,0
LA_D_5297443,0,0.00012599514,0
LA_D_5305086,0,0.0002814246,0
LA_D_5308188,0,0.00029204448,0
LA_D_5358070,0,0.00046319285,0
LA_D_5377943,0,0.00012579035,0
LA_D_5379360,0,0.00015468163,0
LA_D_5384475,0,0.00019189384,0
LA_D_5393982,0,0.0008404363,0
LA_D_5397434,0,3.888803e-05,0
LA_D_5406274,0,0.00014490495,0
LA_D_5420932,0,0.00025094213,0
LA_D_5424592,0,0.001131725,0
LA_D_5427856,0,0.00021494942,0
LA_D_5432198,0,0.00031922245,0
LA_D_5448251,0,0.0006485089,0
LA_D_5472216,0,0.0009828185,0
LA_D_5490947,0,0.0005359481,0
LA_D_5491412,0,0.00015885038,0
LA_D_5519522,0,0.00024686093,0
LA_D_5543089,0,0.00057429,0
LA_D_5550880,0,0.0007041019,0
LA_D_5613820,0,0.0003211572,0
LA_D_5621483,0,0.0004559198,0
LA_D_5699731,0,0.00033862414,0
LA_D_5702258,0,0.00064076966,0
LA_D_5711351,0,0.00034624434,0
LA_D_5726307,0,0.0005437254,0
LA_D_5734535,0,0.000483823,0
LA_D_5755154,0,0.00015749948,0
LA_D_5826748,0,0.0002938148,0
LA_D_5847801,0,0.00044685876,0
LA_D_5854712,0,0.00017130785,0
LA_D_5867269,0,0.00034031543,0
LA_D_5881167,0,0.0015105775,0
LA_D_5899377,0,0.00017746199,0
LA_D_5901190,0,0.0004427552,0
LA_D_5909916,0,0.00057830475,0
LA_D_5918137,0,0.00048544953,0
LA_D_5929796,0,0.0009303232,0
LA_D_6013665,0,0.00022814443,0
LA_D_6019558,0,0.00019269729,0
LA_D_6081377,0,0.0035057152,0
LA_D_6087767,0,0.00012945074,0
LA_D_6103118,0,0.00036487242,0
LA_D_6108925,0,0.0002664408,0
LA_D_6127324,0,0.00022349304,0
LA_D_6137322,0,0.00010040217,0
LA_D_6143159,0,0.00047245936,0
LA_D_6151616,0,0.0012865817,0
LA_D_6174114,0,0.00016456413,0
LA_D_6212794,0,0.000120502125,0
LA_D_6218929,0,0.0002453414,0
LA_D_6224605,0,0.00022552555,0
LA_D_6230736,0,0.0004689072,0
LA_D_6233911,0,0.00012754154,0
LA_D_6290294,0,0.0002553171,0
LA_D_6327399,0,0.00025947372,0
LA_D_6383543,0,0.0004735861,0
LA_D_6390760,0,5.95968e-05,0
LA_D_6447251,0,0.00022110014,0
LA_D_6454321,0,0.00034286038,0
LA_D_6464994,0,0.001087633,0
LA_D_6486980,0,0.00039122903,0
LA_D_6499728,0,0.00026354092,0
LA_D_6502735,0,8.150378e-05,0
LA_D_6513609,0,0.00046588917,0
LA_D_6514670,0,0.00023115244,0
LA_D_6648074,0,0.00021807564,0
LA_D_6655563,0,0.00020998878,0
LA_D_6681675,0,0.0017054164,0
LA_D_6716544,0,0.0003854873,0
LA_D_6734573,0,0.00046863777,0
LA_D_6786099,0,0.0022010105,0
LA_D_6834540,0,0.00017367722,0
LA_D_6852175,0,0.00031523578,0
LA_D_6858597,0,0.0012245395,0
LA_D_6870040,0,0.003021893,0
LA_D_6884626,0,0.001467713,0
LA_D_6887218,0,0.00055193476,0
LA_D_6890842,0,0.00024165797,0
LA_D_6920274,0,0.00082092034,0
LA_D_6921099,0,0.00034389156,0
LA_D_6932984,0,0.00022114906,0
LA_D_6950600,0,0.00018154511,0
LA_D_6967013,0,0.00014599797,0
LA_D_7018339,0,0.0002557832,0
LA_D_7030836,0,0.00021167696,0
LA_D_7040526,0,0.0003481436,0
LA_D_7082816,0,0.00011939346,0
LA_D_7107466,0,0.0009005737,0
LA_D_7109251,0,0.00011539461,0
LA_D_7112267,0,6.715612e-05,0
LA_D_7120164,0,0.00022798483,0
LA_D_7120378,0,0.00048852165,0
LA_D_7126476,0,0.00048732635,0
LA_D_7129774,0,7.513943e-05,0
LA_D_7139694,0,0.00036758833,0
LA_D_7149435,0,0.00041625652,0
LA_D_7171461,0,0.00013348847,0
LA_D_7186648,0,0.0004930783,0
LA_D_7191599,0,0.0006086172,0
LA_D_7219959,0,0.00011040128,0
LA_D_7227396,0,0.000423296,0
LA_D_7290138,0,0.0003441228,0
LA_D_7312402,0,0.0004956441,0
LA_D_7375499,0,0.0003313879,0
LA_D_7388723,0,0.0008823932,0
LA_D_7411008,0,0.00048260012,0
LA_D_7420382,0,0.00028412003,0
LA_D_7431648,0,0.00034305002,0
LA_D_7453706,0,0.008485924,0
LA_D_7484913,0,0.00053317123,0
LA_D_7525091,0,0.00045713442,0
LA_D_7569481,0,0.00031314287,0
LA_D_7584788,0,0.00040647137,0
LA_D_7595396,0,0.00028567176,0
LA_D_7604548,0,0.0005537442,0
LA_D_7614264,0,0.00349969,0
LA_D_7643557,0,0.00012488989,0
LA_D_7660511,0,0.0012924967,0
LA_D_7679395,0,0.000104812585,0
LA_D_7685864,0,0.00021282928,0
LA_D_7717790,0,9.2598086e-05,0
LA_D_7733474,0,0.00020068417,0
LA_D_7734687,0,0.0001645704,0
LA_D_7735847,0,0.0007601333,0
LA_D_7744376,0,0.00016503806,0
LA_D_7763354,0,0.0027933645,0
LA_D_7768185,0,0.01371305,0
LA_D_7825070,0,0.0048974887,0
LA_D_7863446,0,0.00037423577,0
LA_D_7903297,0,0.00024057522,0
LA_D_7910632,0,0.0010377923,0
LA_D_7918457,0,7.3119794e-05,0
LA_D_7922711,0,7.828799e-05,0
LA_D_7949260,0,0.00013761815,0
LA_D_7973047,0,0.0044492832,0
LA_D_7997330,0,0.00011627671,0
LA_D_8003982,0,0.0039923084,0
LA_D_8037537,0,0.0012525766,0
LA_D_8045695,0,0.0002133482,0
LA_D_8048655,0,0.00015109249,0
LA_D_8090443,0,0.0010200784,0
LA_D_8117597,0,0.00038355516,0
LA_D_8138478,0,0.00087404036,0
LA_D_8161346,0,0.00065489695,0
LA_D_8181617,0,0.00043609427,0
LA_D_8191875,0,0.00043642696,0
LA_D_8217709,0,0.00015686474,0
LA_D_8243334,0,0.0017746118,0
LA_D_8257669,0,0.00023725064,0
LA_D_8258450,0,0.0001859887,0
LA_D_8271340,0,0.00018073282,0
LA_D_8323372,0,0.00024230052,0
LA_D_8353917,0,0.000102522994,0
LA_D_8359118,0,0.00038448392,0
LA_D_8366444,0,0.0007883842,0
LA_D_8420931,0,0.00028480697,0
LA_D_8428519,0,0.00039196704,0
LA_D_8450719,0,5.0047893e-05,0
LA_D_8505001,0,0.00030563492,0
LA_D_8524573,0,0.00032595595,0
LA_D_8530635,0,0.00033258396,0
LA_D_8565229,0,0.00017988781,0
LA_D_8592787,0,0.00048737836,0
LA_D_8595981,0,0.0027044371,0
LA_D_8630262,0,0.00011617496,0
LA_D_8676372,0,0.0001924426,0
LA_D_8678708,0,0.00060877966,0
LA_D_8686775,0,0.0024658276,0
LA_D_8690110,0,0.00028652497,0
LA_D_8700986,0,6.0695314e-05,0
LA_D_8708922,0,0.0011926062,0
LA_D_8712827,0,0.0014914491,0
LA_D_8720385,0,0.0002865848,0
LA_D_8745732,0,0.015139293,0
LA_D_8752569,0,0.00039796147,0
LA_D_8775447,0,0.0002472732,0
LA_D_8788522,0,0.000121700534,0
LA_D_8820030,0,0.0003578886,0
LA_D_8825208,0,0.0007481805,0
LA_D_8826258,0,0.00031575284,0
LA_D_8846056,0,0.00013528632,0
LA_D_8865823,0,0.0006598828,0
LA_D_8892958,0,0.0004271191,0
LA_D_8923577,0,7.581875e-05,0
LA_D_8925211,0,0.0005616864,0
LA_D_8933531,0,0.00038325,0
LA_D_8937760,0,0.0002700939,0
LA_D_8941942,0,0.00036886786,0
LA_D_8959959,0,0.0007423215,0
LA_D_9086287,0,0.00041865098,0
LA_D_9092875,0,0.00016545718,0
LA_D_9106136,0,0.00029012602,0
LA_D_9123838,0,0.00025663548,0
LA_D_9129067,0,0.00027480657,0
LA_D_9153269,0,0.0002568318,0
LA_D_9170640,0,0.00027723925,0
LA_D_9189588,0,0.0005062142,0
LA_D_9202951,0,0.00053792866,0
LA_D_9247963,0,0.00012500152,0
LA_D_9251632,0,0.00015231263,0
LA_D_9277522,0,0.00026198992,0
LA_D_9291930,0,0.00019989871,0
LA_D_9325392,0,0.00070725055,0
LA_D_9346841,0,0.0004488837,0
LA_D_9347002,0,0.00069893606,0
LA_D_9387976,0,0.0031261414,0
LA_D_9402940,0,0.00023583994,0
LA_D_9410296,0,0.00022676514,0
LA_D_9421383,0,0.00030570544,0
LA_D_9425296,0,0.00016512527,0
LA_D_9436918,0,0.00012601676,0
LA_D_9461387,0,0.00016897808,0
LA_D_9462148,0,0.00049571786,0
LA_D_9472346,0,0.001104241,0
LA_D_9478484,0,0.00025642684,0
LA_D_9489838,0,0.00023063112,0
LA_D_9562412,0,0.00015915361,0
LA_D_9659279,0,0.00020200864,0
LA_D_9672169,0,0.00023123842,0
LA_D_9678259,0,0.00073057745,0
LA_D_9686807,0,0.0005168205,0
LA_D_9706008,0,0.0006432962,0
LA_D_9765329,0,0.00026629528,0
LA_D_9777735,0,0.0002788765,0
LA_D_9794955,0,3.3635453e-05,0
LA_D_9808634,0,0.00019158909,0
LA_D_9810987,0,0.00022429571,0
LA_D_9812523,0,0.0006505747,0
LA_D_9946370,0,0.0008868065,0
LA_D_9953005,0,0.0003200184,0
LA_D_9954765,0,0.00020616481,0
LA_D_9967133,0,0.00029383358,0
LA_D_9972110,0,0.0002667402,0
LA_D_9973328,0,0.00044705987,0
LA_D_9996165,0,0.00031481503,0
LA_D_1046823,0,0.00019191104,0
LA_D_1064234,0,0.00020529777,0
LA_D_1065706,0,0.0005911278,0
LA_D_1087001,0,0.00037375663,0
LA_D_1090716,0,0.00017884966,0
LA_D_1115105,0,0.003508778,0
LA_D_1126589,0,0.000372632,0
LA_D_1135492,0,0.0002156451,0
LA_D_1169857,0,7.537453e-05,0
LA_D_1196983,0,0.00040174002,0
LA_D_1211866,0,0.000195025,0
LA_D_1212413,0,0.00011929639,0
LA_D_1216944,0,0.000219984,0
LA_D_1245325,0,0.16381301,0
LA_D_1274154,0,0.00032361445,0
LA_D_1319002,0,0.00017422825,0
LA_D_1322448,0,0.00020365094,0
LA_D_1347517,0,0.00010074589,0
LA_D_1353213,0,0.00041592412,0
LA_D_1355729,0,0.0003910933,0
LA_D_1358996,0,0.0016374891,0
LA_D_1364338,0,0.0002291608,0
LA_D_1371353,0,0.0001921674,0
LA_D_1381076,0,0.00019827115,0
LA_D_1404673,0,0.00035935908,0
LA_D_1416117,0,0.00018738584,0
LA_D_1431675,0,8.5575826e-05,0
LA_D_1440249,0,6.0985116e-05,0
LA_D_1471424,0,0.00023940846,0
LA_D_1512865,0,0.00039072885,0
LA_D_1516713,0,0.00047357977,0
LA_D_1533227,0,0.00018061584,0
LA_D_1548711,0,0.00036142804,0
LA_D_1576592,0,0.00019048287,0
LA_D_1576850,0,9.86194e-05,0
LA_D_1649732,0,0.00028562304,0
LA_D_1671144,0,0.00018474455,0
LA_D_1681067,0,0.00013060891,0
LA_D_1686618,0,8.7868735e-05,0
LA_D_1693149,0,0.00046995026,0
LA_D_1705511,0,0.00013408398,0
LA_D_1727164,0,0.000175596,0
LA_D_1753843,0,0.00035596304,0
LA_D_1772551,0,0.00034708346,0
LA_D_1794386,0,0.00013959453,0
LA_D_1835169,0,0.00011078746,0
LA_D_1878944,0,0.00014202906,0
LA_D_1919665,0,0.00021898035,0
LA_D_1943070,0,0.00013364996,0
LA_D_1960584,0,0.00020780184,0
LA_D_1963102,0,0.0010768428,0
LA_D_1975986,0,8.67712e-05,0
LA_D_2030042,0,9.576486e-05,0
LA_D_2046001,0,0.0002437208,0
LA_D_2049473,0,0.00013054193,0
LA_D_2073542,0,3.619122e-05,0
LA_D_2073874,0,0.00010134,0
LA_D_2109006,0,0.0002735526,0
LA_D_2113562,0,0.00019275646,0
LA_D_2158501,0,0.00022790986,0
LA_D_2162534,0,0.00030603877,0
LA_D_2177457,0,0.001320359,0
LA_D_2215146,0,2.612653e-05,0
LA_D_2254222,0,0.000540734,0
LA_D_2349609,0,0.00013001855,0
LA_D_2352367,0,0.00014665906,0
LA_D_2356169,0,0.00032097445,0
LA_D_2367543,0,0.0002855,0
LA_D_2368822,0,0.00014878229,0
LA_D_2384989,0,0.0004265747,0
LA_D_2398137,0,0.00013063494,0
LA_D_2400629,0,0.00025863692,0
LA_D_2445228,0,0.0003800733,0
LA_D_2446398,0,0.00044093272,0
LA_D_2459392,0,0.00022635687,0
LA_D_2487310,0,4.867372e-05,0
LA_D_2489955,0,0.00013876535,0
LA_D_2534090,0,0.00022829085,0
LA_D_2540485,0,0.0016992027,0
LA_D_2550999,0,0.0005196713,0
LA_D_2553522,0,0.00021641815,0
LA_D_2560049,0,0.00026980205,0
LA_D_2562314,0,0.00024291141,0
LA_D_2604413,0,0.00021686101,0
LA_D_2612592,0,0.00023801281,0
LA_D_2617260,0,0.00022866383,0
LA_D_2619914,0,7.380295e-05,0
LA_D_2621924,0,0.00023223004,0
LA_D_2638842,0,0.0001425332,0
LA_D_2680473,0,0.0002367271,0
LA_D_2707241,0,0.00010538997,0
LA_D_2729373,0,0.00014081082,0
LA_D_2741013,0,0.0006216597,0
LA_D_2836484,0,0.00026786563,0
LA_D_2840968,0,0.00014921023,0
LA_D_2856635,0,0.0003112612,0
LA_D_2902766,0,0.0016393454,0
LA_D_2920486,0,0.00061808893,0
LA_D_2957019,0,0.00031154027,0
LA_D_3040991,0,0.00020475256,0
LA_D_3051300,0,3.9123002e-05,0
LA_D_3056332,0,0.0033305886,0
LA_D_3089201,0,0.00016933728,0
LA_D_3095594,0,0.0002011963,0
LA_D_3113904,0,0.00062472926,0
LA_D_3158628,0,0.00058724626,0
LA_D_3166047,0,0.0002907568,0
LA_D_3176688,0,0.0010445154,0
LA_D_3206802,0,0.0004543965,0
LA_D_3244975,0,0.00017718285,0
LA_D_3298289,0,9.803908e-05,0
LA_D_3305924,0,0.0006151305,0
LA_D_3307337,0,0.00015270861,0
LA_D_3331709,0,0.00011525395,0
LA_D_3332557,0,0.00012233126,0
LA_D_3345023,0,0.00033279994,0
LA_D_3356921,0,0.0007867212,0
LA_D_3390672,0,0.00043720932,0
LA_D_3402886,0,0.00044082516,0
LA_D_3417486,0,0.00034369557,0
LA_D_3440565,0,0.0016053116,0
LA_D_3444243,0,0.0003194462,0
LA_D_3446118,0,7.958371e-05,0
LA_D_3447750,0,0.00016932661,0
LA_D_3484904,0,0.00037887515,0
LA_D_3496739,0,8.369653e-05,0
LA_D_3520036,0,0.00016264628,0
LA_D_3533031,0,0.00029637103,0
LA_D_3537955,0,0.00016405275,0
LA_D_3553005,0,0.0007442183,0
LA_D_3565600,0,5.0185292e-05,0
LA_D_3570039,0,0.015446161,0
LA_D_3613058,0,0.00013153277,0
LA_D_3636645,0,0.00013386986,0
LA_D_3687000,0,0.00017808712,0
LA_D_3693157,0,0.00016913265,0
LA_D_3748728,0,0.000542238,0
LA_D_3754292,0,0.0003934739,0
LA_D_3763171,0,0.0005977326,0
LA_D_3808275,0,0.00011339959,0
LA_D_3823589,0,5.8663943e-05,0
LA_D_3835778,0,0.0002204863,0
LA_D_3877903,0,0.0002551735,0
LA_D_3889153,0,0.0004785661,0
LA_D_3890999,0,0.0014204072,0
LA_D_3984908,0,0.0003053329,0
LA_D_4019834,0,0.00026051956,0
LA_D_4023227,0,0.00013218622,0
LA_D_4042181,0,0.00017207534,0
LA_D_4055259,0,0.00043679154,0
LA_D_4103062,0,0.0301354,0
LA_D_4162881,0,0.0007309779,0
LA_D_4191859,0,0.00020048852,0
LA_D_4193506,0,0.00018914792,0
LA_D_4193601,0,0.00041610736,0
LA_D_4197706,0,0.00015169072,0
LA_D_4207896,0,0.0002810779,0
LA_D_4207897,0,0.00016671921,0
LA_D_4302740,0,8.189332e-05,0
LA_D_4308996,0,0.0005795811,0
LA_D_4324353,0,0.00047762133,0
LA_D_4338667,0,0.00012103427,0
LA_D_4356277,0,0.0065727,0
LA_D_4424329,0,0.00015267762,0
LA_D_4435608,0,0.0001268202,0
LA_D_4455802,0,0.00032039202,0
LA_D_4457611,0,8.4566345e-05,0
LA_D_4458136,0,8.8653745e-05,0
LA_D_4465780,0,0.00045218586,0
LA_D_4468213,0,0.00019838159,0
LA_D_4473266,0,0.00040312766,0
LA_D_4492232,0,0.00076134107,0
LA_D_4523318,0,0.00036107676,0
LA_D_4554903,0,9.532597e-05,0
LA_D_4572843,0,0.0012126802,0
LA_D_4666650,0,0.00024353569,0
LA_D_4683909,0,0.00033213655,0
LA_D_4684144,0,0.00013890925,0
LA_D_4692458,0,0.0003063634,0
LA_D_4703784,0,0.00026958657,0
LA_D_4735699,0,0.00015320991,0
LA_D_4756172,0,0.00023391537,0
LA_D_4769999,0,0.00019048197,0
LA_D_4864229,0,0.00012917773,0
LA_D_4901519,0,0.00024605612,0
LA_D_4930572,0,0.00028688446,0
LA_D_4951186,0,0.00012666683,0
LA_D_4951679,0,0.0004368611,0
LA_D_4978752,0,0.00031981678,0
LA_D_4979471,0,0.00042072657,0
LA_D_4990269,0,0.00017398105,0
LA_D_5004135,0,9.616182e-05,0
LA_D_5023258,0,0.00066747353,0
LA_D_5028708,0,0.00018682887,0
LA_D_5086481,0,0.00011644181,0
LA_D_5118448,0,0.00045615374,0
LA_D_5132698,0,0.00034841555,0
LA_D_5170460,0,7.837037e-05,0
LA_D_5186388,0,0.00056915474,0
LA_D_5197604,0,0.00091863633,0
LA_D_5198331,0,0.00018110198,0
LA_D_5210219,0,7.152854e-05,0
LA_D_5222618,0,0.00014583851,0
LA_D_5269583,0,0.00057486014,0
LA_D_5275307,0,0.00012541858,0
LA_D_5285977,0,0.00016306367,0
LA_D_5296528,0,0.00016252535,0
LA_D_5298745,0,0.00022024129,0
LA_D_5303682,0,0.0025073455,0
LA_D_5387695,0,0.00018584456,0
LA_D_5401977,0,0.00024018442,0
LA_D_5421273,0,0.00070163497,0
LA_D_5443853,0,0.00013252434,0
LA_D_5477295,0,0.00020860166,0
LA_D_5506987,0,0.00013028241,0
LA_D_5526352,0,0.00014844416,0
LA_D_5581635,0,0.00018911781,0
LA_D_5582457,0,0.00022713667,0
LA_D_5599455,0,0.00043579546,0
LA_D_5609703,0,7.361022e-05,0
LA_D_5640612,0,0.00017561826,0
LA_D_5670170,0,0.00057429605,0
LA_D_5716688,0,0.00042152064,0
LA_D_5749828,0,0.00027641316,0
LA_D_5759044,0,4.387105e-05,0
LA_D_5791947,0,0.00016048751,0
LA_D_5792469,0,0.00013042908,0
LA_D_5814356,0,0.00011003615,0
LA_D_5835841,0,0.0002955725,0
LA_D_5895172,0,0.000138693,0
LA_D_6002069,0,0.0002520896,0
LA_D_6052846,0,0.0010658833,0
LA_D_6074255,0,0.00050941575,0
LA_D_6083758,0,0.00045607585,0
LA_D_6104615,0,7.176761e-05,0
LA_D_6119999,0,0.00022716483,0
LA_D_6132308,0,6.3075626e-05,0
LA_D_6152825,0,0.00026584574,0
LA_D_6154817,0,0.00018044509,0
LA_D_6157568,0,0.00042671055,0
LA_D_6160345,0,0.00014925688,0
LA_D_6165893,0,0.00028230308,0
LA_D_6167969,0,0.00012389354,0
LA_D_6202337,0,8.484048e-05,0
LA_D_6230649,0,0.00034019735,0
LA_D_6241854,0,0.00023305874,0
LA_D_6253161,0,9.8133285e-05,0
LA_D_6271396,0,0.0001986761,0
LA_D_6279642,0,0.00027510623,0
LA_D_6286932,0,0.001029962,0
LA_D_6306124,0,9.684076e-05,0
LA_D_6348972,0,9.403105e-05,0
LA_D_6377155,0,0.00015592868,0
LA_D_6412420,0,0.0010103985,0
LA_D_6420222,0,0.00033137525,0
LA_D_6442430,0,0.00038228955,0
LA_D_6456051,0,0.00010214837,0
LA_D_6459326,0,0.00024835108,0
LA_D_6471553,0,0.00043627346,0
LA_D_6565059,0,0.00020644235,0
LA_D_6569528,0,0.00013642487,0
LA_D_6574064,0,0.00026251274,0
LA_D_6621286,0,8.971073e-05,0
LA_D_6632250,0,1.9610961e-05,0
LA_D_6658901,0,0.00053258764,0
LA_D_6671478,0,0.00020787516,0
LA_D_6691155,0,0.0013539483,0
LA_D_6725362,0,0.00032790113,0
LA_D_6756303,0,0.0005381426,0
LA_D_6756915,0,0.0005119601,0
LA_D_6763110,0,0.00025070945,0
LA_D_6784152,0,0.0003640812,0
LA_D_6800302,0,0.00015443169,0
LA_D_6808623,0,0.00013397828,0
LA_D_6840245,0,0.00015036196,0
LA_D_6875940,0,0.0003293423,0
LA_D_6905617,0,0.00016759487,0
LA_D_6905899,0,0.0002382787,0
LA_D_6912762,0,0.00017216889,0
LA_D_6947158,0,0.00032489552,0
LA_D_6948502,0,0.00018914937,0
LA_D_6977063,0,0.00019811354,0
LA_D_6988292,0,0.000450978,0
LA_D_7014953,0,0.00021470361,0
LA_D_7095518,0,0.00027252384,0
LA_D_7096783,0,0.00026313393,0
LA_D_7150944,0,8.854027e-05,0
LA_D_7168084,0,0.00030587486,0
LA_D_7174444,0,0.00093205064,0
LA_D_7193069,0,0.00012224696,0
LA_D_7193826,0,8.327109e-05,0
LA_D_7253261,0,0.00013800265,0
LA_D_7311677,0,0.0003362933,0
LA_D_7319011,0,0.00067070004,0
LA_D_7338005,0,0.0001615455,0
LA_D_7348453,0,0.00013902625,0
LA_D_7350559,0,8.813963e-05,0
LA_D_7361548,0,0.00013233555,0
LA_D_7375721,0,0.0002828319,0
LA_D_7408406,0,0.00020274034,0
LA_D_7410996,0,0.0003625738,0
LA_D_7420272,0,0.0001689531,0
LA_D_7554470,0,0.0007016583,0
LA_D_7572859,0,6.846307e-05,0
LA_D_7610801,0,0.00016619606,0
LA_D_7616189,0,0.00014173129,0
LA_D_7617084,0,0.00016267109,0
LA_D_7692713,0,0.00013616898,0
LA_D_7723272,0,0.00025131446,0
LA_D_7730512,0,0.00027826088,0
LA_D_7745248,0,6.877527e-05,0
LA_D_7756409,0,0.0002774976,0
LA_D_7798527,0,0.0002777271,0
LA_D_7829585,0,0.0002286466,0
LA_D_7839758,0,0.00027044152,0
LA_D_7851594,0,0.00014304541,0
LA_D_7883328,0,7.326602e-05,0
LA_D_7938379,0,0.00024352036,0
LA_D_7946465,0,0.0005798745,0
LA_D_8013292,0,0.00025350176,0
LA_D_8024926,0,0.00018992937,0
LA_D_8061900,0,0.0012798426,0
LA_D_8067555,0,0.00014928792,0
LA_D_8077978,0,8.942409e-05,0
LA_D_8105548,0,0.0008723871,0
LA_D_8116303,0,0.00013427359,0
LA_D_8139224,0,0.00063235324,0
LA_D_8223029,0,0.00011503151,0
LA_D_8229891,0,0.00035590978,0
LA_D_8248088,0,0.00030107872,0
LA_D_8254223,0,0.0003764988,0
LA_D_8285840,0,0.00026070865,0
LA_D_8293730,0,0.00084023614,0
LA_D_8296034,0,0.00016434271,0
LA_D_8296140,0,0.00011469777,0
LA_D_8321065,0,0.00022413219,0
LA_D_8375912,0,0.0022071158,0
LA_D_8424084,0,6.7942055e-05,0
LA_D_8425128,0,0.00042673614,0
LA_D_8434552,0,0.0011368814,0
LA_D_8464378,0,0.00041942555,0
LA_D_8467174,0,9.443335e-05,0
LA_D_8529083,0,0.00024931214,0
LA_D_8538817,0,0.0006067378,0
LA_D_8557922,0,8.249763e-05,0
LA_D_8563827,0,4.597277e-05,0
LA_D_8579416,0,0.00017416528,0
LA_D_8638229,0,0.00017054836,0
LA_D_8645167,0,0.00044829273,0
LA_D_8682752,0,0.00018851881,0
LA_D_8688796,0,0.00020554867,0
LA_D_8693666,0,0.00024131032,0
LA_D_8719361,0,0.00052174996,0
LA_D_8740534,0,0.00029353594,0
LA_D_8753478,0,0.00050224864,0
LA_D_8758498,0,0.0014574565,0
LA_D_8772841,0,0.0007195093,0
LA_D_8785732,0,0.0003318087,0
LA_D_8843993,0,0.00019215072,0
LA_D_8848915,0,0.00034424683,0
LA_D_8870758,0,0.0010514191,0
LA_D_8894853,0,0.00020201577,0
LA_D_8948179,0,0.0004227351,0
LA_D_8957963,0,0.00023270924,0
LA_D_8967441,0,9.1529684e-05,0
LA_D_8985398,0,0.00051994284,0
LA_D_8986637,0,0.00018301076,0
LA_D_9000459,0,9.3202e-05,0
LA_D_9010806,0,0.00015841989,0
LA_D_9061973,0,0.00069191627,0
LA_D_9064825,0,0.0004501765,0
LA_D_9071521,0,0.000250275,0
LA_D_9099044,0,0.00022429207,0
LA_D_9100251,0,0.010385451,0
LA_D_9106675,0,0.0001779627,0
LA_D_9148946,0,9.843731e-05,0
LA_D_9272291,0,0.00023567137,0
LA_D_9278642,0,9.589444e-05,0
LA_D_9307448,0,0.0005803046,0
LA_D_9321961,0,0.00023540993,0
LA_D_9329658,0,8.6984866e-05,0
LA_D_9332219,0,0.00028234074,0
LA_D_9335965,0,5.576961e-05,0
LA_D_9344459,0,0.00018856842,0
LA_D_9400014,0,0.0001447918,0
LA_D_9455587,0,0.00022735617,0
LA_D_9471872,0,0.00016412676,0
LA_D_9475381,0,0.00022203177,0
LA_D_9519831,0,0.00021961892,0
LA_D_9523759,0,0.0001646561,0
LA_D_9528015,0,0.00020531364,0
LA_D_9538448,0,0.0010482306,0
LA_D_9644301,0,0.0002220028,0
LA_D_9653754,0,0.0004503057,0
LA_D_9663997,0,0.000120214856,0
LA_D_9676788,0,0.0004214901,0
LA_D_9681106,0,0.00043784123,0
LA_D_9698452,0,6.252914e-05,0
LA_D_9705819,0,0.00013956724,0
LA_D_9707725,0,0.00024460893,0
LA_D_9733247,0,0.000618436,0
LA_D_9761792,0,8.695717e-05,0
LA_D_9771827,0,0.00037264268,0
LA_D_9775314,0,0.00017845753,0
LA_D_9778372,0,0.0006650885,0
LA_D_9778376,0,0.00030385162,0
LA_D_9792691,0,0.00017252713,0
LA_D_9797194,0,0.00013165639,0
LA_D_9896814,0,0.0001342348,0
LA_D_9911310,0,0.0002641313,0
LA_D_9948019,0,0.00017454234,0
LA_D_9958023,0,0.000118894146,0
LA_D_9980576,0,0.00018442847,0
LA_D_9987379,0,0.0003280528,0
LA_D_1013810,0,0.00015544577,0
LA_D_1058167,0,0.00018019888,0
LA_D_1114039,0,0.00019452136,0
LA_D_1139754,0,0.00039798117,0
LA_D_1162280,0,0.0002452675,0
LA_D_1185426,0,0.00022763209,0
LA_D_1253703,0,0.00022554124,0
LA_D_1291101,0,0.0003997497,0
LA_D_1337359,0,0.0002292364,0
LA_D_1352656,0,0.0003365377,0
LA_D_1361600,0,0.012335218,0
LA_D_1416022,0,0.00044204673,0
LA_D_1418965,0,0.0003569914,0
LA_D_1441701,0,0.00039451732,0
LA_D_1461015,0,0.0003441428,0
LA_D_1481725,0,0.00049961434,0
LA_D_1483498,0,0.00085366325,0
LA_D_1507549,0,0.00031705564,0
LA_D_1560491,0,0.0007969353,0
LA_D_1561860,0,0.0009517183,0
LA_D_1570710,0,0.00016146387,0
LA_D_1604831,0,0.0004624852,0
LA_D_1621509,0,0.00025805907,0
LA_D_1649887,0,2.507157e-05,0
LA_D_1652776,0,0.00034517486,0
LA_D_1716656,0,0.00044327212,0
LA_D_1804384,0,0.00097121747,0
LA_D_1822549,0,0.0004104727,0
LA_D_1877141,0,0.0013869809,0
LA_D_1932009,0,0.0007365489,0
LA_D_1985162,0,0.00021295575,0
LA_D_1985982,0,0.0004933627,0
LA_D_1996500,0,0.00024639443,0
LA_D_2017198,0,0.00036284424,0
LA_D_2018219,0,0.0004201446,0
LA_D_2045409,0,0.0002626687,0
LA_D_2065981,0,0.00020531402,0
LA_D_2094262,0,0.00032434988,0
LA_D_2142744,0,0.00043549854,0
LA_D_2174187,0,0.00044453098,0
LA_D_2195251,0,0.00034729927,0
LA_D_2210828,0,0.00042924815,0
LA_D_2218447,0,0.00022481577,0
LA_D_2256022,0,0.00038566632,0
LA_D_2335395,0,6.333148e-05,0
LA_D_2403062,0,0.00040528318,0
LA_D_2441155,0,0.0005770631,0
LA_D_2479312,0,0.00017655782,0
LA_D_2490654,0,0.00050518947,0
LA_D_2514874,0,0.00013796345,0
LA_D_2529982,0,7.654696e-05,0
LA_D_2653429,0,0.0006480733,0
LA_D_2663437,0,0.00021190799,0
LA_D_2669376,0,0.00022090082,0
LA_D_2688863,0,0.00019967354,0
LA_D_2777169,0,4.874995e-05,0
LA_D_2786957,0,0.00044576835,0
LA_D_2808442,0,0.00038482127,0
LA_D_2831646,0,0.00010309927,0
LA_D_2850234,0,0.00016346501,0
LA_D_2864137,0,0.00012801465,0
LA_D_2874951,0,0.00024594212,0
LA_D_2879814,0,0.00053339585,0
LA_D_2886143,0,0.00021477528,0
LA_D_2897075,0,0.00037263343,0
LA_D_2908532,0,0.00033054073,0
LA_D_2928444,0,0.00034193922,0
LA_D_2973882,0,0.0002970052,0
LA_D_2982066,0,0.000760439,0
LA_D_3063506,0,0.00018719012,0
LA_D_3106372,0,0.001955211,0
LA_D_3113412,0,0.00043331328,0
LA_D_3114938,0,0.00010699239,0
LA_D_3115301,0,6.0474504e-05,0
LA_D_3117454,0,0.00042598345,0
LA_D_3118975,0,0.00018973966,0
LA_D_3128008,0,0.00037287365,0
LA_D_3132921,0,0.0013711825,0
LA_D_3194587,0,0.00028953134,0
LA_D_3260902,0,0.00016737577,0
LA_D_3339394,0,0.0012537964,0
LA_D_3342069,0,0.0006198611,0
LA_D_3349461,0,0.00010352308,0
LA_D_3356308,0,0.000650491,0
LA_D_3373606,0,0.0007539744,0
LA_D_3375685,0,0.0008053658,0
LA_D_3429746,0,8.167821e-05,0
LA_D_3430677,0,0.00013128393,0
LA_D_3445715,0,0.0003172413,0
LA_D_3459378,0,0.00022744898,0
LA_D_3477279,0,0.00034734164,0
LA_D_3506531,0,0.00077658746,0
LA_D_3571216,0,0.0018071034,0
LA_D_3587612,0,0.00018334315,0
LA_D_3597947,0,0.0003714286,0
LA_D_3639376,0,0.00035176676,0
LA_D_3641330,0,0.00022799658,0
LA_D_3645170,0,0.0007316365,0
LA_D_3676772,0,0.0010920631,0
LA_D_3687327,0,4.8028112e-05,0
LA_D_3705070,0,0.0003091048,0
LA_D_3711375,0,0.000690229,0
LA_D_3720743,0,0.00041910776,0
LA_D_3732635,0,0.00016282471,0
LA_D_3776327,0,0.0004136403,0
LA_D_3787257,0,0.00032467255,0
LA_D_3793172,0,0.0002970627,0
LA_D_3802962,0,0.00017576551,0
LA_D_3821359,0,0.00023515554,0
LA_D_3838632,0,0.00013442257,0
LA_D_3850425,0,0.0003489614,0
LA_D_3898925,0,0.00019281344,0
LA_D_3913569,0,0.0004586905,0
LA_D_3928290,0,0.0002006721,0
LA_D_3945227,0,0.0002024558,0
LA_D_3975146,0,0.00036667552,0
LA_D_4014725,0,0.00024915222,0
LA_D_4031375,0,0.0003920489,0
LA_D_4039557,0,0.0005156656,0
LA_D_4046048,0,0.00046755883,0
LA_D_4084629,0,0.00024308608,0
LA_D_4095002,0,0.00013685224,0
LA_D_4108210,0,0.00025844143,0
LA_D_4110914,0,0.00014174251,0
LA_D_4182578,0,0.00031579228,0
LA_D_4200741,0,0.00022421873,0
LA_D_4205148,0,0.00055966637,0
LA_D_4230212,0,0.00042378696,0
LA_D_4234629,0,0.00072609785,0
LA_D_4236787,0,0.0001541282,0
LA_D_4251305,0,0.0002039461,0
LA_D_4339387,0,0.0012297736,0
LA_D_4342639,0,0.0002503476,0
LA_D_4412972,0,0.0005328384,0
LA_D_4458668,0,0.0001204942,0
LA_D_4528435,0,0.00018434091,0
LA_D_4529749,0,0.00019430243,0
LA_D_4542962,0,0.0007646421,0
LA_D_4573581,0,0.00013716539,0
LA_D_4585435,0,0.00061079516,0
LA_D_4593298,0,0.0006641656,0
LA_D_4599849,0,0.00029276178,0
LA_D_4638718,0,0.00021455874,0
LA_D_4823498,0,0.0009657044,0
LA_D_4837193,0,0.00021516842,0
LA_D_4850598,0,5.7541245e-05,0
LA_D_4859174,0,0.00027877814,0
LA_D_4883594,0,0.00013887695,0
LA_D_4919685,0,0.0011405075,0
LA_D_4947786,0,0.0002689522,0
LA_D_4952066,0,0.00044625002,0
LA_D_5029303,0,0.0006453662,0
LA_D_5034046,0,0.00113949,0
LA_D_5051791,0,0.00013721458,0
LA_D_5164039,0,0.00040013363,0
LA_D_5168716,0,9.2562244e-05,0
LA_D_5174566,0,0.00018615813,0
LA_D_5219734,0,0.00028805225,0
LA_D_5220475,0,0.000246347,0
LA_D_5237899,0,0.00014048292,0
LA_D_5287819,0,7.336327e-05,0
LA_D_5289575,0,0.00019138731,0
LA_D_5323011,0,0.00022766506,0
LA_D_5328894,0,0.001060102,0
LA_D_5356350,0,0.0005727584,0
LA_D_5394100,0,0.0005956733,0
LA_D_5400630,0,0.00043911437,0
LA_D_5402192,0,0.00031485615,0
LA_D_5413087,0,0.0005531107,0
LA_D_5422570,0,0.00026091703,0
LA_D_5458074,0,0.00063439715,0
LA_D_5525120,0,0.0003757641,0
LA_D_5534887,0,0.00036852024,0
LA_D_5580217,0,0.00027195463,0
LA_D_5599035,0,0.00017610758,0
LA_D_5713417,0,0.00095415965,0
LA_D_5737035,0,0.0006728717,0
LA_D_5737796,0,0.00032297152,0
LA_D_5743533,0,0.00040501668,0
LA_D_5791316,0,0.0001526354,0
LA_D_5809176,0,0.00012338634,0
LA_D_5818741,0,0.00018369137,0
LA_D_5822388,0,0.00035060535,0
LA_D_5844214,0,0.00011968757,0
LA_D_5885239,0,0.00071878487,0
LA_D_6018250,0,0.00018366212,0
LA_D_6023359,0,0.00025745647,0
LA_D_6032690,0,0.00010774686,0
LA_D_6047115,0,7.2667965e-05,0
LA_D_6093649,0,0.002435334,0
LA_D_6098242,0,0.0007045161,0
LA_D_6111501,0,0.00045147174,0
LA_D_6153919,0,0.0006637043,0
LA_D_6197060,0,0.0023542272,0
LA_D_6214749,0,0.0004852673,0
LA_D_6375943,0,0.00033120345,0
LA_D_6407177,0,0.00040857308,0
LA_D_6468524,0,0.00018653071,0
LA_D_6484471,0,0.0002739817,0
LA_D_6495668,0,0.00016124277,0
LA_D_6802172,0,0.00035395668,0
LA_D_6810036,0,0.00019604934,0
LA_D_6876959,0,0.00024426705,0
LA_D_6900371,0,6.473514e-05,0
LA_D_6927348,0,5.6710553e-05,0
LA_D_6935657,0,0.00050177827,0
LA_D_6946995,0,0.00017117544,0
LA_D_7016944,0,0.00010853696,0
LA_D_7058822,0,0.00046482982,0
LA_D_7065014,0,0.0023191432,0
LA_D_7109771,0,0.00010782508,0
LA_D_7125605,0,0.00012619137,0
LA_D_7188227,0,0.00047159003,0
LA_D_7191859,0,0.00034984143,0
LA_D_7194141,0,0.00040137293,0
LA_D_7224568,0,0.00049491285,0
LA_D_7225984,0,0.00010275183,0
LA_D_7283586,0,0.0003918512,0
LA_D_7293816,0,0.00070726004,0
LA_D_7294059,0,0.0004088805,0
LA_D_7297087,0,0.0011052914,0
LA_D_7299706,0,0.0012181667,0
LA_D_7363059,0,0.00043345627,0
LA_D_7374784,0,0.00020749812,0
LA_D_7388625,0,0.0004968958,0
LA_D_7422802,0,0.00021400178,0
LA_D_7442253,0,0.00043080712,0
LA_D_7479337,0,0.00025798305,0
LA_D_7506195,0,0.00012906198,0
LA_D_7537666,0,0.00022617869,0
LA_D_7549839,0,0.00075652724,0
LA_D_7622887,0,0.000311244,0
LA_D_7655527,0,0.0002797577,0
LA_D_7679781,0,0.00013263963,0
LA_D_7691716,0,0.00045860352,0
LA_D_7704814,0,0.0005082604,0
LA_D_7705946,0,0.00031096666,0
LA_D_7769896,0,0.0004443899,0
LA_D_7783081,0,0.0008431009,0
LA_D_7796964,0,0.0002548297,0
LA_D_7833173,0,0.00030748293,0
LA_D_7834333,0,4.5813293e-05,0
LA_D_7906750,0,0.000259718,0
LA_D_7932767,0,0.002729645,0
LA_D_7953344,0,0.0011107377,0
LA_D_8023557,0,0.00036264883,0
LA_D_8177576,0,0.00044987965,0
LA_D_8218322,0,0.0011113315,0
LA_D_8241189,0,0.00014286958,0
LA_D_8265432,0,0.0068332492,0
LA_D_8283819,0,0.00043429044,0
LA_D_8350907,0,0.00012529259,0
LA_D_8456544,0,0.00060457253,0
LA_D_8481565,0,0.00080632407,0
LA_D_8511318,0,0.00014452905,0
LA_D_8514719,0,0.00041055217,0
LA_D_8637140,0,0.00062641053,0
LA_D_8665250,0,0.0010385974,0
LA_D_8693204,0,0.0005642045,0
LA_D_8720226,0,0.00019698018,0
LA_D_8728415,0,0.0010410402,0
LA_D_8742351,0,0.000648373,0
LA_D_8821044,0,0.00042259204,0
LA_D_8875562,0,0.00013820703,0
LA_D_8905681,0,0.00032399478,0
LA_D_8944425,0,0.00022163118,0
LA_D_8958444,0,0.00025702533,0
LA_D_9077999,0,0.0006314715,0
LA_D_9080415,0,0.00026155566,0
LA_D_9154948,0,0.0011829913,0
LA_D_9160362,0,0.000823731,0
LA_D_9182085,0,0.00024653753,0
LA_D_9196271,0,0.00015160597,0
LA_D_9201990,0,0.0004928457,0
LA_D_9230787,0,0.001325266,0
LA_D_9258278,0,0.00063625246,0
LA_D_9278101,0,0.000389665,0
LA_D_9295289,0,0.00068368803,0
LA_D_9305482,0,0.00030478789,0
LA_D_9316058,0,8.675407e-05,0
LA_D_9321322,0,0.00044669566,0
LA_D_9331853,0,0.0005352604,0
LA_D_9354882,0,0.0003115174,0
LA_D_9391009,0,0.0011422699,0
LA_D_9403264,0,0.00015671391,0
LA_D_9439860,0,0.00061778276,0
LA_D_9502607,0,0.00022464202,0
LA_D_9520709,0,0.00041345935,0
LA_D_9549616,0,0.00027484694,0
LA_D_9553311,0,0.0003850877,0
LA_D_9567658,0,6.228817e-05,0
LA_D_9641365,0,0.0003755209,0
LA_D_9644491,0,0.00094840897,0
LA_D_9645639,0,0.0003532006,0
LA_D_9670462,0,0.0001987595,0
LA_D_9686921,0,8.7125576e-05,0
LA_D_9741299,0,0.0006876526,0
LA_D_9788709,0,0.0002775561,0
LA_D_9790131,0,0.00028373156,0
LA_D_9815112,0,0.00020334826,0
LA_D_9836992,0,0.0003063859,0
LA_D_9859179,0,9.500327e-05,0
LA_D_9871071,0,0.0010671879,0
LA_D_9914468,0,0.00056095724,0
LA_D_9951013,0,0.00012570892,0
LA_D_9952661,0,0.00045385925,0
LA_D_9963998,0,0.00020112572,0
LA_D_9986772,0,0.00042217207,0
LA_D_1058175,0,0.00024338967,0
LA_D_1094159,0,0.00047515015,0
LA_D_1096800,0,0.00022177915,0
LA_D_1112801,0,7.019661e-05,0
LA_D_1143330,0,0.00013832806,0
LA_D_1182427,0,0.000112708236,0
LA_D_1183700,0,0.00090269384,0
LA_D_1203409,0,1.4957783e-05,0
LA_D_1218439,0,0.0004248771,0
LA_D_1219426,0,0.000280223,0
LA_D_1234985,0,0.00013589088,0
LA_D_1248114,0,0.0002119884,0
LA_D_1251280,0,0.0009459876,0
LA_D_1291769,0,0.00011021982,0
LA_D_1303948,0,0.00012235272,0
LA_D_1321499,0,0.0001462556,0
LA_D_1326429,0,0.00044305035,0
LA_D_1330876,0,0.00038771372,0
LA_D_1345487,0,0.000338516,0
LA_D_1364429,0,0.0004984466,0
LA_D_1370857,0,0.00013823708,0
LA_D_1375287,0,0.00016451706,0
LA_D_1421669,0,0.000107346495,0
LA_D_1450181,0,5.489765e-05,0
LA_D_1514781,0,0.000250979,0
LA_D_1546492,0,0.0014777487,0
LA_D_1551180,0,0.00010391028,0
LA_D_1552205,0,0.00049180386,0
LA_D_1588708,0,0.00050545967,0
LA_D_1592604,0,0.00013134792,0
LA_D_1616469,0,0.00021592698,0
LA_D_1634247,0,0.00015231322,0
LA_D_1634260,0,0.000546983,0
LA_D_1640811,0,0.00015428716,0
LA_D_1693621,0,0.00036626606,0
LA_D_1700029,0,0.00028595136,0
LA_D_1725101,0,0.00043920107,0
LA_D_1726757,0,0.00022123133,0
LA_D_1750812,0,0.0006678355,0
LA_D_1756267,0,0.00024129306,0
LA_D_1764899,0,0.000540122,0
LA_D_1785622,0,0.00014008924,0
LA_D_1812777,0,0.0003626177,0
LA_D_1857093,0,0.00036040618,0
LA_D_1859569,0,0.00018489471,0
LA_D_1860732,0,0.00045862098,0
LA_D_1874538,0,0.00026753917,0
LA_D_1875610,0,0.00037893435,0
LA_D_1888505,0,0.00019358493,0
LA_D_1902286,0,0.00016721434,0
LA_D_1951999,0,0.00015190695,0
LA_D_1977992,0,7.245015e-05,0
LA_D_1982609,0,0.0008606448,0
LA_D_2040940,0,0.00020028694,0
LA_D_2065024,0,0.0005321674,0
LA_D_2076833,0,5.1883395e-05,0
LA_D_2092891,0,0.00043210885,0
LA_D_2094846,0,0.00047153656,0
LA_D_2110221,0,0.00039838738,0
LA_D_2110877,0,0.000110678906,0
LA_D_2120746,0,9.638251e-05,0
LA_D_2160549,0,0.00019387365,0
LA_D_2242907,0,0.0003849251,0
LA_D_2295521,0,0.00021986783,0
LA_D_2330181,0,0.00072077825,0
LA_D_2354304,0,0.00020481503,0
LA_D_2368084,0,0.00067225005,0
LA_D_2386712,0,0.00028226405,0
LA_D_2396603,0,0.00063196337,0
LA_D_2529258,0,0.00046796325,0
LA_D_2536419,0,0.00018689051,0
LA_D_2543771,0,0.00023713733,0
LA_D_2565992,0,0.00012486012,0
LA_D_2602121,0,6.7956826e-05,0
LA_D_2605389,0,0.00027506344,0
LA_D_2638194,0,0.00031968293,0
LA_D_2669207,0,0.00021787987,0
LA_D_2680010,0,0.00046722378,0
LA_D_2709521,0,0.0003317603,0
LA_D_2713921,0,0.0003015231,0
LA_D_2714506,0,0.00020861061,0
LA_D_2736798,0,0.0003919491,0
LA_D_2772831,0,0.0002094355,0
LA_D_2779400,0,0.0005401091,0
LA_D_2793029,0,0.0010399311,0
LA_D_2834285,0,0.0003679547,0
LA_D_2853745,0,0.00015725472,0
LA_D_2895911,0,0.0008027332,0
LA_D_2897114,0,0.00016723172,0
LA_D_2907242,0,0.00020935225,0
LA_D_2926373,0,0.00019951044,0
LA_D_2963666,0,0.00018350055,0
LA_D_3033850,0,0.00047679263,0
LA_D_3048934,0,0.00031556323,0
LA_D_3050382,0,0.00019837554,0
LA_D_3060021,0,0.00012770912,0
LA_D_3074358,0,0.0008335575,0
LA_D_3091849,0,0.0002526276,0
LA_D_3098494,0,0.00019410245,0
LA_D_3102719,0,0.0002810243,0
LA_D_3103229,0,0.00012671226,0
LA_D_3140807,0,0.00054868107,0
LA_D_3141001,0,0.00035274262,0
LA_D_3146067,0,0.00056863145,0
LA_D_3197776,0,0.00030333063,0
LA_D_3209443,0,0.00019371528,0
LA_D_3218501,0,0.0001829,0
LA_D_3220414,0,8.34326e-05,0
LA_D_3223679,0,0.0006905625,0
LA_D_3235954,0,0.00050948275,0
LA_D_3240744,0,9.8656645e-05,0
LA_D_3255179,0,0.00024734202,0
LA_D_3257558,0,0.00044640707,0
LA_D_3268182,0,0.0019066444,0
LA_D_3287616,0,0.0002624304,0
LA_D_3292380,0,0.00084193517,0
LA_D_3383596,0,0.00036345422,0
LA_D_3395666,0,0.0002634992,0
LA_D_3417030,0,0.00048408736,0
LA_D_3469618,0,0.000897006,0
LA_D_3521896,0,6.63061e-05,0
LA_D_3608379,0,0.00043504126,0
LA_D_3628945,0,0.00019417316,0
LA_D_3658190,0,0.00012177006,0
LA_D_3663883,0,0.00036358144,0
LA_D_3667294,0,0.00025731145,0
LA_D_3668276,0,0.00011888554,0
LA_D_3695500,0,0.0004956985,0
LA_D_3761182,0,0.00019617537,0
LA_D_3774569,0,0.00035609712,0
LA_D_3794898,0,0.00061288336,0
LA_D_3816975,0,0.00015839862,0
LA_D_3832995,0,0.00025842912,0
LA_D_3838796,0,0.00028058203,0
LA_D_3870171,0,0.000121954836,0
LA_D_3891032,0,0.00037728134,0
LA_D_3901055,0,0.00023385517,0
LA_D_3942705,0,0.0002407955,0
LA_D_3982488,0,0.0006408723,0
LA_D_4036156,0,0.0013611782,0
LA_D_4083065,0,0.00020122604,0
LA_D_4087294,0,0.00011044834,0
LA_D_4100618,0,0.00023664224,0
LA_D_4176473,0,0.00031495068,0
LA_D_4177267,0,0.00023138618,0
LA_D_4195813,0,0.00050565484,0
LA_D_4234473,0,0.00028215133,0
LA_D_4238004,0,0.00049795076,0
LA_D_4252877,0,0.0002320751,0
LA_D_4289062,0,0.00010504182,0
LA_D_4315292,0,0.00022374999,0
LA_D_4320045,0,0.00024978278,0
LA_D_4374505,0,6.90823e-05,0
LA_D_4374847,0,8.603485e-05,0
LA_D_4396906,0,3.3589135e-05,0
LA_D_4431110,0,0.00012020306,0
LA_D_4433438,0,0.00088270515,0
LA_D_4435311,0,0.0002955739,0
LA_D_4445043,0,0.0047743977,0
LA_D_4466315,0,0.0004374078,0
LA_D_4482250,0,0.00012988807,0
LA_D_4514767,0,0.0011991994,0
LA_D_4525286,0,9.749101e-05,0
LA_D_4532971,0,0.0002012101,0
LA_D_4538195,0,0.00053339585,0
LA_D_4623028,0,0.00029365407,0
LA_D_4646382,0,0.0009731894,0
LA_D_4693240,0,0.00013842584,0
LA_D_4702442,0,0.000116667754,0
LA_D_4739962,0,0.00063209294,0
LA_D_4753322,0,0.00022870983,0
LA_D_4759804,0,0.00024619623,0
LA_D_4782365,0,0.00072543527,0
LA_D_4808563,0,0.00015422876,0
LA_D_4893594,0,0.00020169858,0
LA_D_4893808,0,0.00021566998,0
LA_D_4895547,0,0.00012566817,0
LA_D_4916654,0,0.00026760422,0
LA_D_4923393,0,8.235277e-05,0
LA_D_5000465,0,0.0002273759,0
LA_D_5044367,0,0.016267553,0
LA_D_5070399,0,0.00017645718,0
LA_D_5108501,0,0.00028604627,0
LA_D_5109249,0,0.00040893196,0
LA_D_5114087,0,0.00020522947,0
LA_D_5160671,0,0.00026995823,0
LA_D_5201039,0,0.00011677516,0
LA_D_5231688,0,0.0010830804,0
LA_D_5263250,0,6.607533e-05,0
LA_D_5271365,0,0.004097872,0
LA_D_5275248,0,0.0001427865,0
LA_D_5301506,0,0.00027501836,0
LA_D_5301649,0,0.00040210862,0
LA_D_5309639,0,0.00035047234,0
LA_D_5331381,0,0.00044479847,0
LA_D_5334560,0,0.00024224578,0
LA_D_5364323,0,0.00011960085,0
LA_D_5383156,0,4.3873388e-05,0
LA_D_5408466,0,0.0012791065,0
LA_D_5416130,0,0.0003038887,0
LA_D_5427296,0,0.000104881874,0
LA_D_5437761,0,0.0007989541,0
LA_D_5440591,0,0.000699102,0
LA_D_5454068,0,0.00043198324,0
LA_D_5466662,0,0.0003222131,0
LA_D_5471947,0,8.841726e-05,0
LA_D_5474545,0,0.00013434223,0
LA_D_5510072,0,0.00020778857,0
LA_D_5510361,0,9.897268e-05,0
LA_D_5514813,0,0.00032496706,0
LA_D_5525407,0,0.000562199,0
LA_D_5539821,0,0.00037631326,0
LA_D_5625259,0,0.0003021657,0
LA_D_5637355,0,0.000284914,0
LA_D_5642400,0,8.69502e-05,0
LA_D_5653465,0,0.00038886047,0
LA_D_5714519,0,0.00034820303,0
LA_D_5716129,0,0.00016697518,0
LA_D_5716315,0,0.0005271296,0
LA_D_5777775,0,0.0002792157,0
LA_D_5828342,0,0.0003185937,0
LA_D_5856971,0,0.0004021171,0
LA_D_5868191,0,0.000327968,0
LA_D_5938703,0,0.00017081364,0
LA_D_5957995,0,0.00037657024,0
LA_D_5995743,0,0.0002321448,0
LA_D_6036790,0,0.00057204254,0
LA_D_6055461,0,0.00016232091,0
LA_D_6089298,0,9.351002e-05,0
LA_D_6105261,0,0.00027510017,0
LA_D_6107434,0,0.00025845796,0
LA_D_6111513,0,0.000117466596,0
LA_D_6138469,0,5.4463184e-05,0
LA_D_6143621,0,7.106411e-05,0
LA_D_6149770,0,0.000280881,0
LA_D_6175034,0,0.0001614134,0
LA_D_6210847,0,5.133597e-05,0
LA_D_6251261,0,0.00045875783,0
LA_D_6271793,0,0.00027370107,0
LA_D_6284369,0,0.00021804821,0
LA_D_6303966,0,0.00033789565,0
LA_D_6341603,0,0.000104800194,0
LA_D_6345727,0,0.0003900173,0
LA_D_6359607,0,0.0031924027,0
LA_D_6422391,0,0.00022347024,0
LA_D_6443808,0,0.00018392796,0
LA_D_6516436,0,0.0004260403,0
LA_D_6518104,0,7.7717035e-05,0
LA_D_6539622,0,0.00034541322,0
LA_D_6551392,0,0.00013690758,0
LA_D_6577918,0,0.0005288412,0
LA_D_6607113,0,0.00043779574,0
LA_D_6628655,0,0.00038850214,0
LA_D_6630625,0,0.00021763903,0
LA_D_6695154,0,0.00036936262,0
LA_D_6718854,0,0.00036369302,0
LA_D_6720500,0,0.00027318927,0
LA_D_6721720,0,0.0003241857,0
LA_D_6726921,0,0.00018178829,0
LA_D_6736558,0,0.00036155488,0
LA_D_6770113,0,0.00014354236,0
LA_D_6814056,0,0.00012252283,0
LA_D_6822067,0,0.00020129685,0
LA_D_6879633,0,0.0005428156,0
LA_D_6911825,0,0.00017042336,0
LA_D_6927946,0,0.00067349727,0
LA_D_6940412,0,0.0039813262,0
LA_D_6980515,0,0.00020454612,0
LA_D_6987730,0,8.540512e-05,0
LA_D_6992546,0,0.0005558589,0
LA_D_7031168,0,0.00017585252,0
LA_D_7056226,0,0.0010102647,0
LA_D_7143793,0,0.00039269897,0
LA_D_7157583,0,0.0008360154,0
LA_D_7169976,0,9.64053e-05,0
LA_D_7182086,0,0.00039043505,0
LA_D_7191939,0,0.00025412973,0
LA_D_7232917,0,0.00016816604,0
LA_D_7255793,0,0.00010320461,0
LA_D_7297893,0,0.00029260298,0
LA_D_7300673,0,0.00015994547,0
LA_D_7322062,0,0.00010489718,0
LA_D_7335601,0,0.00018455285,0
LA_D_7346973,0,0.00043614913,0
LA_D_7359871,0,0.00011837908,0
LA_D_7363360,0,0.00011578292,0
LA_D_7379829,0,0.00015051271,0
LA_D_7383476,0,0.00023871259,0
LA_D_7390072,0,4.5406097e-05,0
LA_D_7400234,0,0.00031630663,0
LA_D_7417514,0,0.00016746006,0
LA_D_7418166,0,0.0003405965,0
LA_D_7453863,0,0.00055181107,0
LA_D_7470067,0,0.008709515,0
LA_D_7513692,0,0.0012801632,0
LA_D_7517871,0,7.843497e-05,0
LA_D_7596266,0,0.00026987767,0
LA_D_7624171,0,0.0002874561,0
LA_D_7647726,0,0.00018052287,0
LA_D_7665313,0,0.00043944732,0
LA_D_7668086,0,0.00052376697,0
LA_D_7694738,0,0.0001957473,0
LA_D_7705215,0,0.00017141277,0
LA_D_7722898,0,0.00069808867,0
LA_D_7741435,0,0.0003364841,0
LA_D_7756173,0,9.635412e-05,0
LA_D_7762520,0,0.00024113116,0
LA_D_7763634,0,0.011167801,0
LA_D_7764712,0,0.00021035067,0
LA_D_7765561,0,8.1200604e-05,0
LA_D_7784589,0,0.00040911947,0
LA_D_7784895,0,0.00018006732,0
LA_D_7815011,0,0.00012698818,0
LA_D_7816003,0,0.0011420916,0
LA_D_7831838,0,0.00017186544,0
LA_D_7833764,0,9.390014e-05,0
LA_D_7849760,0,0.000320627,0
LA_D_7855716,0,0.00012685564,0
LA_D_7865903,0,0.0001505318,0
LA_D_7886257,0,0.0001519775,0
LA_D_7900165,0,0.00034630077,0
LA_D_7982809,0,0.00032484622,0
LA_D_7982832,0,8.5421816e-05,0
LA_D_8004535,0,0.0002193728,0
LA_D_8006920,0,0.00012507748,0
LA_D_8043612,0,0.0003201572,0
LA_D_8045813,0,0.0002116388,0
LA_D_8046653,0,0.000454692,0
LA_D_8058949,0,0.00023396222,0
LA_D_8066085,0,0.00057706534,0
LA_D_8067809,0,0.00041671074,0
LA_D_8086419,0,0.00030001765,0
LA_D_8093748,0,0.00023290813,0
LA_D_8106973,0,0.00022565482,0
LA_D_8112034,0,0.00034272118,0
LA_D_8149486,0,0.00013580991,0
LA_D_8151945,0,0.0001714636,0
LA_D_8172758,0,0.0001270125,0
LA_D_8181526,0,0.00019378253,0
LA_D_8198483,0,8.493891e-05,0
LA_D_8223293,0,0.000110056404,0
LA_D_8232967,0,0.00040478352,0
LA_D_8256307,0,0.00016451768,0
LA_D_8309973,0,0.00026694193,0
LA_D_8314425,0,0.0004508731,0
LA_D_8323741,0,0.00032328512,0
LA_D_8370384,0,0.00060576765,0
LA_D_8370984,0,0.00059888687,0
LA_D_8384378,0,0.00014142132,0
LA_D_8391684,0,0.00015727332,0
LA_D_8398401,0,0.0006733593,0
LA_D_8399662,0,0.00093323155,0
LA_D_8504035,0,0.00076867564,0
LA_D_8505340,0,0.00022465656,0
LA_D_8512243,0,0.00034945377,0
LA_D_8534733,0,0.0004107992,0
LA_D_8535074,0,0.00021996303,0
LA_D_8580443,0,0.0002070655,0
LA_D_8584366,0,5.601869e-05,0
LA_D_8597595,0,0.0003810194,0
LA_D_8600478,0,0.00028876966,0
LA_D_8608509,0,0.00024645362,0
LA_D_8625690,0,0.00021543837,0
LA_D_8674116,0,0.00014097177,0
LA_D_8692213,0,9.146442e-05,0
LA_D_8712541,0,0.00017403382,0
LA_D_8717579,0,0.0003070555,0
LA_D_8791539,0,0.00063735823,0
LA_D_8796692,0,8.1675105e-05,0
LA_D_8840625,0,0.0005998997,0
LA_D_8841200,0,0.00016938102,0
LA_D_8846826,0,0.00012336916,0
LA_D_8891133,0,0.00030589264,0
LA_D_8904678,0,0.00054371246,0
LA_D_8932331,0,0.00032242143,0
LA_D_8955275,0,0.0008724054,0
LA_D_8956199,0,0.0004870324,0
LA_D_8960945,0,0.00035075177,0
LA_D_8966356,0,0.000121946934,0
LA_D_9027045,0,0.000359369,0
LA_D_9043896,0,0.000281725,0
LA_D_9205640,0,0.0003163033,0
LA_D_9213206,0,0.00057721057,0
LA_D_9218810,0,0.0002790329,0
LA_D_9257861,0,0.00023310963,0
LA_D_9266332,0,0.00031756627,0
LA_D_9273749,0,0.00010843487,0
LA_D_9317123,0,0.0002939647,0
LA_D_9328186,0,0.00012026979,0
LA_D_9362120,0,0.00034725026,0
LA_D_9362645,0,0.00013313649,0
LA_D_9382394,0,0.00018953823,0
LA_D_9416726,0,0.0010259623,0
LA_D_9436033,0,0.00017077685,0
LA_D_9445466,0,0.00028567042,0
LA_D_9502317,0,0.00034173683,0
LA_D_9503289,0,0.0001641745,0
LA_D_9580819,0,0.0001890866,0
LA_D_9635070,0,0.00011948207,0
LA_D_9674435,0,0.00018867977,0
LA_D_9677312,0,0.00040916394,0
LA_D_9688437,0,0.00024425794,0
LA_D_9722118,0,6.0333958e-05,0
LA_D_9725525,0,0.000889734,0
LA_D_9752782,0,0.00023925329,0
LA_D_9796677,0,0.0001278696,0
LA_D_9845403,0,0.0004128473,0
LA_D_9868503,0,0.00031559693,0
LA_D_9871188,0,0.00015522446,0
LA_D_9889279,0,0.0004850943,0
LA_D_9917167,0,4.1345094e-05,0
LA_D_9926699,0,0.00022648988,0
LA_D_9949558,0,0.00033303705,0
LA_D_9957382,0,0.00013723446,0
LA_D_1031436,0,0.00024607184,0
LA_D_1032020,0,0.00023338204,0
LA_D_1081764,0,0.00070068,0
LA_D_1096990,0,0.00024581296,0
LA_D_1110612,0,0.00034754703,0
LA_D_1116227,0,0.00033708804,0
LA_D_1121126,0,0.00020029955,0
LA_D_1141201,0,0.00044618372,0
LA_D_1146509,0,0.0004291925,0
LA_D_1233489,0,0.00039945255,0
LA_D_1254187,0,0.00034893444,0
LA_D_1348026,0,0.00023104824,0
LA_D_1350639,0,0.00026154867,0
LA_D_1374599,0,0.00012499557,0
LA_D_1391044,0,0.00022608339,0
LA_D_1395431,0,0.00020362278,0
LA_D_1412745,0,6.540574e-05,0
LA_D_1515705,0,0.0009891198,0
LA_D_1562924,0,0.00020663712,0
LA_D_1590364,0,0.0002535912,0
LA_D_1591023,0,0.000980132,0
LA_D_1608716,0,0.000161298,0
LA_D_1649398,0,0.00090666424,0
LA_D_1691598,0,0.00043579712,0
LA_D_1703081,0,0.0003171923,0
LA_D_1716650,0,6.857586e-05,0
LA_D_1717564,0,0.0002629298,0
LA_D_1771089,0,0.001117543,0
LA_D_1772325,0,0.0024838191,0
LA_D_1792741,0,0.0002143054,0
LA_D_1800519,0,0.000114176924,0
LA_D_1820438,0,0.00019870303,0
LA_D_1846110,0,0.00013439477,0
LA_D_1872484,0,0.0011335842,0
LA_D_1905366,0,0.0015307991,0
LA_D_1952062,0,0.0003812272,0
LA_D_2005281,0,0.00019498725,0
LA_D_2020389,0,0.0003810648,0
LA_D_2028260,0,5.5587494e-05,0
LA_D_2094937,0,0.004507558,0
LA_D_2108764,0,7.312586e-05,0
LA_D_2124586,0,0.0004618495,0
LA_D_2134167,0,0.0004343969,0
LA_D_2158419,0,0.00036214408,0
LA_D_2171946,0,0.00031093878,0
LA_D_2192025,0,0.00028702916,0
LA_D_2196619,0,0.00024948618,0
LA_D_2240494,0,0.0002026754,0
LA_D_2243488,0,9.480255e-05,0
LA_D_2272161,0,0.00038318895,0
LA_D_2288205,0,0.0038873262,0
LA_D_2297266,0,0.00028140369,0
LA_D_2330610,0,0.00022604287,0
LA_D_2331209,0,0.000452326,0
LA_D_2381980,0,0.00049674336,0
LA_D_2383252,0,7.371396e-05,0
LA_D_2396073,0,0.000985302,0
LA_D_2464153,0,0.0004095456,0
LA_D_2480756,0,0.00016090107,0
LA_D_2482474,0,0.0007117409,0
LA_D_2529761,0,0.00017342306,0
LA_D_2537019,0,0.00033094527,0
LA_D_2581603,0,0.00012510682,0
LA_D_2591831,0,0.00019253402,0
LA_D_2600370,0,0.00012627526,0
LA_D_2632975,0,0.00015052334,0
LA_D_2659177,0,0.00016959387,0
LA_D_2661288,0,0.0004546712,0
LA_D_2696036,0,6.730808e-05,0
LA_D_2731822,0,0.0013235933,0
LA_D_2745677,0,0.0002732234,0
LA_D_2751547,0,0.00036804486,0
LA_D_2762370,0,0.00033289928,0
LA_D_2768627,0,0.00021809041,0
LA_D_2826765,0,0.0001435629,0
LA_D_2831994,0,0.00015463326,0
LA_D_2836370,0,0.0007997288,0
LA_D_2836997,0,0.0006164294,0
LA_D_2839806,0,0.0004405504,0
LA_D_2873319,0,0.00049479963,0
LA_D_2919334,0,0.00012257636,0
LA_D_2973933,0,0.00028330504,0
LA_D_2997639,0,0.00014036067,0
LA_D_3008504,0,0.00024630706,0
LA_D_3009860,0,0.00060376636,0
LA_D_3012054,0,0.00013647157,0
LA_D_3020555,0,0.0003291668,0
LA_D_3041827,0,0.0008983796,0
LA_D_3062267,0,0.00053824874,0
LA_D_3102640,0,0.00026278142,0
LA_D_3117379,0,0.0020845693,0
LA_D_3139128,0,0.001387376,0
LA_D_3144478,0,0.0011229246,0
LA_D_3169490,0,0.00038895165,0
LA_D_3181890,0,0.00017348028,0
LA_D_3205771,0,0.00019134501,0
LA_D_3228741,0,0.00039663588,0
LA_D_3229923,0,0.00010638117,0
LA_D_3277410,0,0.00016330018,0
LA_D_3282057,0,0.00048112663,0
LA_D_3296082,0,0.0004025635,0
LA_D_3303334,0,0.0014663788,0
LA_D_3316424,0,0.00058005133,0
LA_D_3335276,0,0.00011627405,0
LA_D_3372760,0,0.0002463122,0
LA_D_3411696,0,0.00012257998,0
LA_D_3421161,0,0.00015035593,0
LA_D_3431149,0,0.00032900303,0
LA_D_3431821,0,0.00019631382,0
LA_D_3432362,0,0.00024609908,0
LA_D_3456522,0,0.00042815862,0
LA_D_3477968,0,0.00019581823,0
LA_D_3478947,0,0.00050069275,0
LA_D_3485019,0,0.00018284663,0
LA_D_3485765,0,0.00037457878,0
LA_D_3489009,0,0.00017071594,0
LA_D_3508839,0,0.0001789034,0
LA_D_3530863,0,0.00031535994,0
LA_D_3577241,0,0.00011100732,0
LA_D_3591007,0,0.0013208556,0
LA_D_3680282,0,0.00023528676,0
LA_D_3689168,0,0.00058869715,0
LA_D_3695889,0,0.0007266772,0
LA_D_3705418,0,0.0004195979,0
LA_D_3802161,0,0.00021681757,0
LA_D_3884812,0,0.00029869998,0
LA_D_3944543,0,0.00034317072,0
LA_D_3964644,0,0.00033244258,0
LA_D_3966802,0,0.0001059592,0
LA_D_3968324,0,0.0017513835,0
LA_D_4055715,0,0.0010873015,0
LA_D_4059408,0,4.7702208e-05,0
LA_D_4068527,0,0.000116202325,0
LA_D_4070752,0,0.0003789752,0
LA_D_4076028,0,0.00025680728,0
LA_D_4193545,0,0.00015889008,0
LA_D_4202564,0,0.0013951961,0
LA_D_4209350,0,0.00021955569,0
LA_D_4254597,0,0.0019404902,0
LA_D_4282710,0,0.00035184325,0
LA_D_4284157,0,0.0004172553,0
LA_D_4296081,0,0.00017531477,0
LA_D_4309360,0,9.992955e-05,0
LA_D_4313608,0,7.937597e-05,0
LA_D_4337079,0,0.00032762112,0
LA_D_4425542,0,0.00078472507,0
LA_D_4438965,0,0.0009668099,0
LA_D_4451667,0,0.00027844505,0
LA_D_4519910,0,0.00017558679,0
LA_D_4554135,0,0.0005907639,0
LA_D_4559678,0,0.00032469546,0
LA_D_4570189,0,0.00018082469,0
LA_D_4571962,0,0.0002022372,0
LA_D_4611388,0,0.00032364624,0
LA_D_4643563,0,0.0002251794,0
LA_D_4689159,0,0.00011370657,0
LA_D_4771512,0,0.0003159636,0
LA_D_4801010,0,0.00017712575,0
LA_D_4829975,0,0.0006014472,0
LA_D_4832275,0,0.0003053402,0
LA_D_4851555,0,0.00031716115,0
LA_D_4862820,0,0.00023675192,0
LA_D_4891563,0,0.00011038758,0
LA_D_4905495,0,0.0009740875,0
LA_D_4942259,0,0.00022458847,0
LA_D_5004432,0,0.0002516523,0
LA_D_5043373,0,8.645132e-05,0
LA_D_5093282,0,0.0009513992,0
LA_D_5135015,0,0.00035077086,0
LA_D_5151079,0,0.00037739176,0
LA_D_5178398,0,0.00024566535,0
LA_D_5201713,0,0.00026391054,0
LA_D_5208743,0,0.0002066464,0
LA_D_5231854,0,0.00053913135,0
LA_D_5253057,0,0.0005198442,0
LA_D_5269078,0,0.00029353623,0
LA_D_5282926,0,0.00026410763,0
LA_D_5290201,0,0.00014196149,0
LA_D_5300406,0,0.00026388964,0
LA_D_5367629,0,0.00014402483,0
LA_D_5402243,0,0.0005330508,0
LA_D_5405824,0,0.00014891726,0
LA_D_5406305,0,0.00023510064,0
LA_D_5427168,0,0.00024821592,0
LA_D_5432594,0,0.0020426947,0
LA_D_5469998,0,0.10530947,0
LA_D_5540322,0,0.00040834493,0
LA_D_5583855,0,0.00036851672,0
LA_D_5604871,0,0.00017694276,0
LA_D_5638733,0,0.000284006,0
LA_D_5671651,0,0.0018952037,0
LA_D_5692097,0,0.0033741677,0
LA_D_5696486,0,0.0002503729,0
LA_D_5708525,0,0.00033725234,0
LA_D_5708635,0,0.0050338684,0
LA_D_5727128,0,0.0003095185,0
LA_D_5732025,0,0.00036597112,0
LA_D_5748339,0,9.255571e-05,0
LA_D_5762860,0,0.00018672485,0
LA_D_5768079,0,0.00016831444,0
LA_D_5785094,0,0.000230687,0
LA_D_5839319,0,0.00042082884,0
LA_D_5847132,0,0.00023905559,0
LA_D_5886913,0,0.0002665564,0
LA_D_5934552,0,0.00029235898,0
LA_D_5974348,0,0.00027359067,0
LA_D_6020580,0,0.00014878769,0
LA_D_6043622,0,0.00047396228,0
LA_D_6054809,0,0.00032961273,0
LA_D_6095298,0,0.00057600206,0
LA_D_6100403,0,0.0004712103,0
LA_D_6128701,0,0.0005778954,0
LA_D_6134944,0,0.00024164507,0
LA_D_6138799,0,0.00045210012,0
LA_D_6139800,0,0.00016493723,0
LA_D_6151678,0,0.00025566493,0
LA_D_6178698,0,0.00036774043,0
LA_D_6179348,0,0.0003495514,0
LA_D_6186073,0,0.00015143218,0
LA_D_6226933,0,0.000615966,0
LA_D_6261206,0,0.0002781837,0
LA_D_6268368,0,0.0004220795,0
LA_D_6300161,0,0.0003732485,0
LA_D_6332364,0,7.170447e-05,0
LA_D_6348489,0,0.00016124234,0
LA_D_6359915,0,0.037819907,0
LA_D_6370803,0,0.0003932969,0
LA_D_6475690,0,0.00026639126,0
LA_D_6490506,0,0.00034157108,0
LA_D_6519917,0,0.00010698688,0
LA_D_6523940,0,0.001047977,0
LA_D_6577660,0,0.0012714517,0
LA_D_6674030,0,0.00028862405,0
LA_D_6678702,0,0.00016460319,0
LA_D_6679225,0,0.0008070166,0
LA_D_6684696,0,0.00033875878,0
LA_D_6687114,0,0.00029198074,0
LA_D_6713163,0,0.0002374577,0
LA_D_6713386,0,0.00013954462,0
LA_D_6739854,0,0.00013144125,0
LA_D_6741158,0,0.00014178982,0
LA_D_6758446,0,0.0002402314,0
LA_D_6779535,0,0.0004934625,0
LA_D_6800766,0,0.00015053482,0
LA_D_6821694,0,0.0015615969,0
LA_D_6823282,0,0.00029309967,0
LA_D_6845165,0,0.00012070258,0
LA_D_6861442,0,0.00057394145,0
LA_D_6863890,0,0.00029010084,0
LA_D_6885418,0,0.0005115577,0
LA_D_6902681,0,0.00069665175,0
LA_D_6904078,0,0.00034695017,0
LA_D_6906302,0,0.0008484093,0
LA_D_6908542,0,0.0008095291,0
LA_D_6987015,0,0.00031837693,0
LA_D_6993130,0,0.00037143112,0
LA_D_6995410,0,0.00018671897,0
LA_D_7091071,0,0.00011323697,0
LA_D_7094965,0,0.00058737386,0
LA_D_7110756,0,0.00028246862,0
LA_D_7133043,0,0.00015943401,0
LA_D_7139747,0,0.0002944918,0
LA_D_7151634,0,0.00051743665,0
LA_D_7159338,0,0.0001458132,0
LA_D_7206772,0,0.00011315904,0
LA_D_7207336,0,0.00045156,0
LA_D_7230301,0,0.0005475636,0
LA_D_7241582,0,0.00016644156,0
LA_D_7243431,0,0.00019481704,0
LA_D_7270172,0,0.00023460691,0
LA_D_7291272,0,0.0013554255,0
LA_D_7291592,0,0.00040484333,0
LA_D_7306537,0,0.00027085876,0
LA_D_7312913,0,0.0003300454,0
LA_D_7316873,0,0.00025565666,0
LA_D_7317184,0,0.00032695621,0
LA_D_7396958,0,0.0004706344,0
LA_D_7403679,0,0.0011132164,0
LA_D_7412514,0,5.717352e-05,0
LA_D_7424653,0,0.00069138565,0
LA_D_7428181,0,0.0016731404,0
LA_D_7458005,0,0.00016880238,0
LA_D_7470485,0,0.00022269433,0
LA_D_7483902,0,0.0008506508,0
LA_D_7545322,0,0.00063438265,0
LA_D_7551004,0,0.0002389995,0
LA_D_7554141,0,0.0012679591,0
LA_D_7555425,0,0.00018742085,0
LA_D_7599767,0,0.00034674813,0
LA_D_7601022,0,0.00074503146,0
LA_D_7622749,0,0.00033577273,0
LA_D_7635024,0,0.00018186303,0
LA_D_7659228,0,0.0004917045,0
LA_D_7674503,0,5.9645983e-05,0
LA_D_7692442,0,0.00026225933,0
LA_D_7727110,0,0.0002160421,0
LA_D_7765093,0,0.0002239171,0
LA_D_7796473,0,0.00015630307,0
LA_D_7820794,0,0.001554082,0
LA_D_7830688,0,0.0018934131,0
LA_D_7838652,0,0.0005247809,0
LA_D_7886473,0,0.0017726278,0
LA_D_7888867,0,0.0004545754,0
LA_D_7961283,0,0.12916197,0
LA_D_7986122,0,0.0024380903,0
LA_D_8014280,0,0.00018959049,0
LA_D_8029967,0,0.00019571482,0
LA_D_8049091,0,0.0007614376,0
LA_D_8078840,0,0.0001961215,0
LA_D_8078878,0,0.0008586175,0
LA_D_8083150,0,0.00023796903,0
LA_D_8095777,0,0.00014987327,0
LA_D_8127459,0,0.000392062,0
LA_D_8130762,0,0.00015420729,0
LA_D_8158331,0,0.0008878472,0
LA_D_8158959,0,0.00041831308,0
LA_D_8169547,0,0.0006545456,0
LA_D_8170099,0,0.00045856636,0
LA_D_8172351,0,0.00048801335,0
LA_D_8193450,0,0.00040306197,0
LA_D_8199067,0,0.0002925461,0
LA_D_8209765,0,0.00056630245,0
LA_D_8217946,0,0.00024630493,0
LA_D_8223036,0,6.644415e-05,0
LA_D_8237136,0,0.00018960981,0
LA_D_8250644,0,0.00032626436,0
LA_D_8324721,0,0.00020781491,0
LA_D_8346311,0,0.0005157964,0
LA_D_8364154,0,0.000112312795,0
LA_D_8447186,0,4.6797322e-05,0
LA_D_8506451,0,0.0005944454,0
LA_D_8510080,0,0.0005529209,0
LA_D_8564217,0,0.00047356583,0
LA_D_8592715,0,0.00016921235,0
LA_D_8596130,0,0.00029360846,0
LA_D_8597270,0,0.00026932094,0
LA_D_8599650,0,0.001265839,0
LA_D_8635399,0,0.00032377217,0
LA_D_8637190,0,0.00026487425,0
LA_D_8651444,0,8.73476e-05,0
LA_D_8676257,0,0.0001399221,0
LA_D_8683862,0,0.00014493077,0
LA_D_8711965,0,0.0021380852,0
LA_D_8717286,0,0.0018069261,0
LA_D_8763483,0,0.00015916303,0
LA_D_8815066,0,0.00034361758,0
LA_D_8817485,0,0.0006834653,0
LA_D_8818567,0,0.00017679688,0
LA_D_8870983,0,0.00059656135,0
LA_D_8873162,0,0.0003172985,0
LA_D_8882131,0,0.0015562692,0
LA_D_8899360,0,0.00038231796,0
LA_D_8949695,0,0.00049733464,0
LA_D_8956054,0,0.00014375715,0
LA_D_8971637,0,0.001533339,0
LA_D_9007888,0,0.0009635492,0
LA_D_9032929,0,0.00013341199,0
LA_D_9101014,0,0.00030243286,0
LA_D_9116569,0,0.00015611241,0
LA_D_9140736,0,0.0004621322,0
LA_D_9165073,0,0.00056774926,0
LA_D_9196640,0,7.7562436e-05,0
LA_D_9258337,0,0.00029832628,0
LA_D_9288317,0,0.00026627016,0
LA_D_9314827,0,0.0005747232,0
LA_D_9319189,0,0.0004648272,0
LA_D_9333593,0,0.00915579,0
LA_D_9341670,0,0.0003938214,0
LA_D_9362528,0,0.00025789428,0
LA_D_9377948,0,0.00018902512,0
LA_D_9393969,0,0.00024413085,0
LA_D_9396779,0,0.0024864057,0
LA_D_9457819,0,0.00019239142,0
LA_D_9475659,0,0.00016314548,0
LA_D_9476497,0,4.2157142e-05,0
LA_D_9481106,0,0.0005099895,0
LA_D_9483379,0,0.0022339649,0
LA_D_9487713,0,0.00043688816,0
LA_D_9497869,0,0.00015752365,0
LA_D_9500981,0,0.0007744111,0
LA_D_9515921,0,0.00021741253,0
LA_D_9517790,0,0.00018093023,0
LA_D_9518120,0,0.0002835839,0
LA_D_9523992,0,0.0008602528,0
LA_D_9542497,0,9.34273e-05,0
LA_D_9557083,0,0.0002653436,0
LA_D_9566187,0,0.00024225222,0
LA_D_9593338,0,0.00056708296,0
LA_D_9594827,0,0.0005412821,0
LA_D_9596577,0,0.00017248798,0
LA_D_9601777,0,0.00023429838,0
LA_D_9629887,0,0.00044916492,0
LA_D_9633079,0,0.00012776868,0
LA_D_9648310,0,0.0007978798,0
LA_D_9730838,0,0.0010586265,0
LA_D_9749096,0,0.00025099004,0
LA_D_9779729,0,0.00016260812,0
LA_D_9780174,0,0.00025244942,0
LA_D_9789524,0,0.00020431844,0
LA_D_9792280,0,0.0007501796,0
LA_D_9812014,0,0.0021894667,0
LA_D_9832311,0,0.00031098476,0
LA_D_9835323,0,0.00021423533,0
LA_D_9839655,0,0.0049960893,0
LA_D_9847163,0,0.00017990789,0
LA_D_9863698,0,0.0007210304,0
LA_D_9876246,0,0.0002970174,0
LA_D_9908787,0,0.00021337261,0
LA_D_9922697,0,0.0006129716,0
LA_D_9924204,0,0.00016452897,0
LA_D_9931163,0,8.938044e-05,0
LA_D_9935163,0,0.0005623196,0
LA_D_9944718,0,0.00015500632,0
LA_D_9967770,0,0.09526074,0
