{
  "accuracy": 0.789244888101755,
  "balanced_accuracy": 0.8389543301795339,
  "roc_auc": 0.9308109732673395,
  "eer": 0.1569858712715856,
  "eer_threshold": 0.614385187625885,
  "f1_bonafide": 0.4673448626653103,
  "f1_spoof": 0.8686336494555673,
  "n_test": 24844,
  "n_test_pos_bonafide": 2548,
  "n_test_neg_spoof": 22296
}