{
  "accuracy": 0.6424891321848334,
  "balanced_accuracy": 0.6257928504680004,
  "roc_auc": 0.6899703130817616,
  "eer": 0.37118765697883027,
  "eer_threshold": 0.4847662150859833,
  "f1_bonafide": 0.2576061517886994,
  "f1_spoof": 0.7645530696638744,
  "n_test": 24844,
  "n_test_pos_bonafide": 2548,
  "n_test_neg_spoof": 22296
}