{
  "accuracy": 0.9725084527451296,
  "balanced_accuracy": 0.9794691475165871,
  "roc_auc": 0.9981472167818854,
  "eer": 0.020408163265306145,
  "eer_threshold": 0.7459625005722046,
  "f1_bonafide": 0.8805735268403567,
  "f1_spoof": 0.9844663285496601,
  "n_test": 24844,
  "n_test_pos_bonafide": 2548,
  "n_test_neg_spoof": 22296
}