{
  "accuracy": 0.9271856383835131,
  "balanced_accuracy": 0.9330135527755857,
  "roc_auc": 0.983225840327851,
  "eer": 0.0668281306063868,
  "eer_threshold": 0.5752771496772766,
  "f1_bonafide": 0.7259506135434026,
  "f1_spoof": 0.9580151785921508,
  "n_test": 24844,
  "n_test_pos_bonafide": 2548,
  "n_test_neg_spoof": 22296
}