{
  "accuracy": 0.8286507808726453,
  "balanced_accuracy": 0.7479345261330499,
  "roc_auc": 0.86266112597229,
  "eer": 0.21604772156440616,
  "eer_threshold": 0.30910971760749817,
  "f1_bonafide": 0.4362336114421931,
  "f1_spoof": 0.8989723995538363,
  "n_test": 24844,
  "n_test_pos_bonafide": 2548,
  "n_test_neg_spoof": 22296
}