{
  "accuracy": 0.870391241345999,
  "balanced_accuracy": 0.8945926408155379,
  "roc_auc": 0.960832998534348,
  "eer": 0.1056691783279512,
  "eer_threshold": 0.6227361559867859,
  "f1_bonafide": 0.5941517519536174,
  "f1_spoof": 0.9228816400823874,
  "n_test": 24844,
  "n_test_pos_bonafide": 2548,
  "n_test_neg_spoof": 22296
}