{
  "accuracy": 0.8173402028658832,
  "balanced_accuracy": 0.7796966348019707,
  "roc_auc": 0.8770638896446216,
  "eer": 0.2013343799058085,
  "eer_threshold": 0.41227811574935913,
  "f1_bonafide": 0.4512696493349456,
  "f1_spoof": 0.8904341107730936,
  "n_test": 24844,
  "n_test_pos_bonafide": 2548,
  "n_test_neg_spoof": 22296
}