{
  "accuracy": 0.9436483658026082,
  "balanced_accuracy": 0.9635638369780304,
  "roc_auc": 0.9948219253131408,
  "eer": 0.030612244897959218,
  "eer_threshold": 0.8483139872550964,
  "f1_bonafide": 0.7825411618515068,
  "f1_spoof": 0.9676300578034681,
  "n_test": 24844,
  "n_test_pos_bonafide": 2548,
  "n_test_neg_spoof": 22296
}