{
  "accuracy": 0.8120270487844148,
  "balanced_accuracy": 0.7685675433541803,
  "roc_auc": 0.8614058498078375,
  "eer": 0.21429852888410478,
  "eer_threshold": 0.3893868327140808,
  "f1_bonafide": 0.43789118921521425,
  "f1_spoof": 0.8871435476075398,
  "n_test": 24844,
  "n_test_pos_bonafide": 2548,
  "n_test_neg_spoof": 22296
}