{
  "accuracy": 0.9329415553051038,
  "balanced_accuracy": 0.9459535863695483,
  "roc_auc": 0.9878612044511437,
  "eer": 0.05404556871187657,
  "eer_threshold": 0.6958543658256531,
  "f1_bonafide": 0.7464231354642313,
  "f1_spoof": 0.9613618442413842,
  "n_test": 24844,
  "n_test_pos_bonafide": 2548,
  "n_test_neg_spoof": 22296
}