{
  "accuracy": 0.8241023989695702,
  "balanced_accuracy": 0.7789451501392144,
  "roc_auc": 0.8762288284528021,
  "eer": 0.1988249013275924,
  "eer_threshold": 0.3918057978153229,
  "f1_bonafide": 0.4571428571428572,
  "f1_spoof": 0.8950477928815025,
  "n_test": 24844,
  "n_test_pos_bonafide": 2548,
  "n_test_neg_spoof": 22296
}