{
  "accuracy": 0.9578972790210916,
  "balanced_accuracy": 0.9711548670971245,
  "roc_auc": 0.9968036554275598,
  "eer": 0.02883925367778974,
  "eer_threshold": 0.767098069190979,
  "f1_bonafide": 0.8279605263157895,
  "f1_spoof": 0.9760135754907358,
  "n_test": 24844,
  "n_test_pos_bonafide": 2548,
  "n_test_neg_spoof": 22296
}