{
  "accuracy": 0.8285702785380776,
  "balanced_accuracy": 0.7619680251830798,
  "roc_auc": 0.8732406682967964,
  "eer": 0.20722135007849296,
  "eer_threshold": 0.34920933842658997,
  "f1_bonafide": 0.4479585223590408,
  "f1_spoof": 0.8985300073857003,
  "n_test": 24844,
  "n_test_pos_bonafide": 2548,
  "n_test_neg_spoof": 22296
}