{
  "accuracy": 0.7484704556432137,
  "balanced_accuracy": 0.7333314111435747,
  "roc_auc": 0.8160272358094517,
  "eer": 0.26648351648351654,
  "eer_threshold": 0.4663088917732239,
  "f1_bonafide": 0.3680857518454849,
  "f1_spoof": 0.8429860046734843,
  "n_test": 24844,
  "n_test_pos_bonafide": 2548,
  "n_test_neg_spoof": 22296
}