{
  "accuracy": 0.8180647238769925,
  "balanced_accuracy": 0.745338936270045,
  "roc_auc": 0.8535882582932983,
  "eer": 0.22062253318980984,
  "eer_threshold": 0.3199370503425598,
  "f1_bonafide": 0.42435048395313296,
  "f1_spoof": 0.8919590783057653,
  "n_test": 24844,
  "n_test_pos_bonafide": 2548,
  "n_test_neg_spoof": 22296
}