{
  "accuracy": 0.8226533569473514,
  "balanced_accuracy": 0.7644070938800295,
  "roc_auc": 0.8716866958135412,
  "eer": 0.20722135007849296,
  "eer_threshold": 0.36847397685050964,
  "f1_bonafide": 0.4442482341069627,
  "f1_spoof": 0.8944923371647511,
  "n_test": 24844,
  "n_test_pos_bonafide": 2548,
  "n_test_neg_spoof": 22296
}