{
  "accuracy": 0.8136773466430527,
  "balanced_accuracy": 0.767227502493918,
  "roc_auc": 0.8664241556728678,
  "eer": 0.21066559024040188,
  "eer_threshold": 0.39604872465133667,
  "f1_bonafide": 0.43829632326174,
  "f1_spoof": 0.8883151977223924,
  "n_test": 24844,
  "n_test_pos_bonafide": 2548,
  "n_test_neg_spoof": 22296
}