{
  "accuracy": 0.8656818547737885,
  "balanced_accuracy": 0.8900569770841185,
  "roc_auc": 0.9598686648005232,
  "eer": 0.11118586293505561,
  "eer_threshold": 0.612716555595398,
  "f1_bonafide": 0.5843816166396811,
  "f1_spoof": 0.9198972610960416,
  "n_test": 24844,
  "n_test_pos_bonafide": 2548,
  "n_test_neg_spoof": 22296
}