{
  "accuracy": 0.7367171147963291,
  "balanced_accuracy": 0.7321711619151262,
  "roc_auc": 0.8071206146613651,
  "eer": 0.2680533751962323,
  "eer_threshold": 0.48995164036750793,
  "f1_bonafide": 0.3614175534511373,
  "f1_spoof": 0.8341741665610344,
  "n_test": 24844,
  "n_test_pos_bonafide": 2548,
  "n_test_neg_spoof": 22296
}