{
  "accuracy": 0.8208018032522943,
  "balanced_accuracy": 0.7828418794030819,
  "roc_auc": 0.8799013286485415,
  "eer": 0.19780219780219777,
  "eer_threshold": 0.4116836488246918,
  "f1_bonafide": 0.4569407172481093,
  "f1_spoof": 0.8926970354302243,
  "n_test": 24844,
  "n_test_pos_bonafide": 2548,
  "n_test_neg_spoof": 22296
}