{
  "accuracy": 0.5282965706005475,
  "balanced_accuracy": 0.5625191866926451,
  "roc_auc": 0.5839467618213966,
  "eer": 0.4387755102040817,
  "eer_threshold": 0.50944584608078,
  "f1_bonafide": 0.20844309354947654,
  "f1_spoof": 0.6640483903334001,
  "n_test": 24844,
  "n_test_pos_bonafide": 2548,
  "n_test_neg_spoof": 22296
}