{
  "accuracy": 0.9663902753179843,
  "balanced_accuracy": 0.9746700100094687,
  "roc_auc": 0.9972195225900248,
  "eer": 0.02569967707212056,
  "eer_threshold": 0.6680014729499817,
  "f1_bonafide": 0.8573868488471392,
  "f1_spoof": 0.9809504254785206,
  "n_test": 24844,
  "n_test_pos_bonafide": 2548,
  "n_test_neg_spoof": 22296
}