{
  "accuracy": 0.7006923200772822,
  "balanced_accuracy": 0.67646990484527,
  "roc_auc": 0.7529415752183128,
  "eer": 0.3181736634373879,
  "eer_threshold": 0.4796394407749176,
  "f1_bonafide": 0.30686055182699473,
  "f1_spoof": 0.8091375770020535,
  "n_test": 24844,
  "n_test_pos_bonafide": 2548,
  "n_test_neg_spoof": 22296
}