{
  "accuracy": 0.8275639993559814,
  "balanced_accuracy": 0.769402498931178,
  "roc_auc": 0.8742614179479856,
  "eer": 0.20174022246142806,
  "eer_threshold": 0.35687515139579773,
  "f1_bonafide": 0.4530132788559755,
  "f1_spoof": 0.8976490825688074,
  "n_test": 24844,
  "n_test_pos_bonafide": 2548,
  "n_test_neg_spoof": 22296
}