{
  "accuracy": 0.8242634036387055,
  "balanced_accuracy": 0.7199405430798633,
  "roc_auc": 0.8531450192894912,
  "eer": 0.22564585575888052,
  "eer_threshold": 0.286396324634552,
  "f1_bonafide": 0.40727667662231876,
  "f1_spoof": 0.8968385236992581,
  "n_test": 24844,
  "n_test_pos_bonafide": 2548,
  "n_test_neg_spoof": 22296
}