{
  "accuracy": 0.823337626791177,
  "balanced_accuracy": 0.7420196384424433,
  "roc_auc": 0.8597895997846021,
  "eer": 0.21546310832025117,
  "eer_threshold": 0.31050795316696167,
  "f1_bonafide": 0.42619950320303307,
  "f1_spoof": 0.8955969456932849,
  "n_test": 24844,
  "n_test_pos_bonafide": 2548,
  "n_test_neg_spoof": 22296
}