{
  "accuracy": 0.9393012397359524,
  "balanced_accuracy": 0.9494968228245177,
  "roc_auc": 0.988691521777213,
  "eer": 0.05027807678507355,
  "eer_threshold": 0.6457513570785522,
  "f1_bonafide": 0.7648159700561447,
  "f1_spoof": 0.9651538959238377,
  "n_test": 24844,
  "n_test_pos_bonafide": 2548,
  "n_test_neg_spoof": 22296
}