{
  "accuracy": 0.8575511189824505,
  "balanced_accuracy": 0.8832675282583018,
  "roc_auc": 0.9508810194815693,
  "eer": 0.11656200941915229,
  "eer_threshold": 0.5995187163352966,
  "f1_bonafide": 0.5686776355880561,
  "f1_spoof": 0.9146879444591761,
  "n_test": 24844,
  "n_test_pos_bonafide": 2548,
  "n_test_neg_spoof": 22296
}