{
  "accuracy": 0.9686443406858799,
  "balanced_accuracy": 0.9733187387731443,
  "roc_auc": 0.99692959230144,
  "eer": 0.026687598116169498,
  "eer_threshold": 0.6402806639671326,
  "f1_bonafide": 0.8649679320506153,
  "f1_spoof": 0.9822628019763655,
  "n_test": 24844,
  "n_test_pos_bonafide": 2548,
  "n_test_neg_spoof": 22296
}