{
  "accuracy": 0.7639269038802126,
  "balanced_accuracy": 0.7188265179384663,
  "roc_auc": 0.8062320859659589,
  "eer": 0.2684458398744113,
  "eer_threshold": 0.41064345836639404,
  "f1_bonafide": 0.36519103799112457,
  "f1_spoof": 0.8550025958614551,
  "n_test": 24844,
  "n_test_pos_bonafide": 2548,
  "n_test_neg_spoof": 22296
}