{
  "accuracy": 0.7473434229592658,
  "balanced_accuracy": 0.7267940648976325,
  "roc_auc": 0.8102259192573278,
  "eer": 0.2688383045525903,
  "eer_threshold": 0.4558238089084625,
  "f1_bonafide": 0.36267641384912175,
  "f1_spoof": 0.8424408243178795,
  "n_test": 24844,
  "n_test_pos_bonafide": 2548,
  "n_test_neg_spoof": 22296
}