{
  "accuracy": 0.9634921912735469,
  "balanced_accuracy": 0.9695792347741448,
  "roc_auc": 0.9957639831207798,
  "eer": 0.030612244897959218,
  "eer_threshold": 0.6722794771194458,
  "f1_bonafide": 0.8459317139459828,
  "f1_spoof": 0.9792927102120956,
  "n_test": 24844,
  "n_test_pos_bonafide": 2548,
  "n_test_neg_spoof": 22296
}