{
  "accuracy": 0.922597005313154,
  "balanced_accuracy": 0.9370616984891166,
  "roc_auc": 0.9832886195382352,
  "eer": 0.06318681318681318,
  "eer_threshold": 0.6627287268638611,
  "f1_bonafide": 0.7168310999852746,
  "f1_spoof": 0.9551716903279949,
  "n_test": 24844,
  "n_test_pos_bonafide": 2548,
  "n_test_neg_spoof": 22296
}