{
  "accuracy": 0.8930526485268073,
  "balanced_accuracy": 0.9192108925212876,
  "roc_auc": 0.9767009038234818,
  "eer": 0.08163265306122447,
  "eer_threshold": 0.6869150996208191,
  "f1_bonafide": 0.6461579438007724,
  "f1_spoof": 0.9370065672491049,
  "n_test": 24844,
  "n_test_pos_bonafide": 2548,
  "n_test_neg_spoof": 22296
}