{
  "accuracy": 0.7200531315408146,
  "balanced_accuracy": 0.6999444888496096,
  "roc_auc": 0.7696942070692648,
  "eer": 0.2959275206315034,
  "eer_threshold": 0.47528597712516785,
  "f1_bonafide": 0.3307995766381218,
  "f1_spoof": 0.8230054714340247,
  "n_test": 24844,
  "n_test_pos_bonafide": 2548,
  "n_test_neg_spoof": 22296
}