{
  "accuracy": 0.962928674931573,
  "balanced_accuracy": 0.9713509586164515,
  "roc_auc": 0.9961256082709643,
  "eer": 0.027224614280588446,
  "eer_threshold": 0.6891165375709534,
  "f1_bonafide": 0.8445569620253166,
  "f1_spoof": 0.978954824852044,
  "n_test": 24844,
  "n_test_pos_bonafide": 2548,
  "n_test_neg_spoof": 22296
}