{
  "accuracy": 0.9669135404926743,
  "balanced_accuracy": 0.9756567692904767,
  "roc_auc": 0.9973767390536575,
  "eer": 0.02673125224255472,
  "eer_threshold": 0.7001489400863647,
  "f1_bonafide": 0.8594871794871795,
  "f1_spoof": 0.9812491445777636,
  "n_test": 24844,
  "n_test_pos_bonafide": 2548,
  "n_test_neg_spoof": 22296
}