{
  "accuracy": 0.9558042183223313,
  "balanced_accuracy": 0.9713791929788393,
  "roc_auc": 0.9972241784434234,
  "eer": 0.02276295133437989,
  "eer_threshold": 0.8299711346626282,
  "f1_bonafide": 0.8214053350683149,
  "f1_spoof": 0.9747818098300414,
  "n_test": 24844,
  "n_test_pos_bonafide": 2548,
  "n_test_neg_spoof": 22296
}