{
  "accuracy": 0.8864112059249718,
  "balanced_accuracy": 0.9165535179874715,
  "roc_auc": 0.9739703998267354,
  "eer": 0.08241758241758246,
  "eer_threshold": 0.7103003859519958,
  "f1_bonafide": 0.6328389279208951,
  "f1_spoof": 0.932812723203657,
  "n_test": 24844,
  "n_test_pos_bonafide": 2548,
  "n_test_neg_spoof": 22296
}