{
  "accuracy": 0.9503703107390115,
  "balanced_accuracy": 0.9577495298028129,
  "roc_auc": 0.9919462009362825,
  "eer": 0.042386185243328045,
  "eer_threshold": 0.6401169300079346,
  "f1_bonafide": 0.7998701509495212,
  "f1_spoof": 0.9716727548418224,
  "n_test": 24844,
  "n_test_pos_bonafide": 2548,
  "n_test_neg_spoof": 22296
}