{
  "accuracy": 0.9549186926420866,
  "balanced_accuracy": 0.9675835018945891,
  "roc_auc": 0.9953785242257871,
  "eer": 0.03126121277359167,
  "eer_threshold": 0.7799234390258789,
  "f1_bonafide": 0.8173515981735159,
  "f1_spoof": 0.9742859766737075,
  "n_test": 24844,
  "n_test_pos_bonafide": 2548,
  "n_test_neg_spoof": 22296
}