{
  "accuracy": 0.8324343905973273,
  "balanced_accuracy": 0.7517805954873462,
  "roc_auc": 0.8708536413033376,
  "eer": 0.20985827054180123,
  "eer_threshold": 0.3151625096797943,
  "f1_bonafide": 0.443225892737729,
  "f1_spoof": 0.9013764184691195,
  "n_test": 24844,
  "n_test_pos_bonafide": 2548,
  "n_test_neg_spoof": 22296
}