{
  "accuracy": 0.7386089196586701,
  "balanced_accuracy": 0.6974209635000809,
  "roc_auc": 0.7605759602217967,
  "eer": 0.3025902668759811,
  "eer_threshold": 0.424323707818985,
  "f1_bonafide": 0.3362632869991823,
  "f1_spoof": 0.8372594226142743,
  "n_test": 24844,
  "n_test_pos_bonafide": 2548,
  "n_test_neg_spoof": 22296
}