{
  "accuracy": 0.7310819513765899,
  "balanced_accuracy": 0.7099128381997827,
  "roc_auc": 0.7822296126780596,
  "eer": 0.28789917473986365,
  "eer_threshold": 0.4666351079940796,
  "f1_bonafide": 0.3426153694775165,
  "f1_spoof": 0.830967741935484,
  "n_test": 24844,
  "n_test_pos_bonafide": 2548,
  "n_test_neg_spoof": 22296
}