{
  "accuracy": 0.972951215585252,
  "balanced_accuracy": 0.9795420217436979,
  "roc_auc": 0.9981861622474609,
  "eer": 0.019230769230769273,
  "eer_threshold": 0.726580798625946,
  "f1_bonafide": 0.882229232386961,
  "f1_spoof": 0.9847210222363695,
  "n_test": 24844,
  "n_test_pos_bonafide": 2548,
  "n_test_neg_spoof": 22296
}