{
  "accuracy": 0.8120270487844148,
  "balanced_accuracy": 0.7937695281805692,
  "roc_auc": 0.8819150864577014,
  "eer": 0.19897959183673475,
  "eer_threshold": 0.44957858324050903,
  "f1_bonafide": 0.4568504303326355,
  "f1_spoof": 0.8863470430761743,
  "n_test": 24844,
  "n_test_pos_bonafide": 2548,
  "n_test_neg_spoof": 22296
}