{
  "accuracy": 0.8992513282885204,
  "balanced_accuracy": 0.9106717581460009,
  "roc_auc": 0.9727752272971787,
  "eer": 0.0890894819466248,
  "eer_threshold": 0.5833630561828613,
  "f1_bonafide": 0.6531799916862963,
  "f1_spoof": 0.9410656683383957,
  "n_test": 24844,
  "n_test_pos_bonafide": 2548,
  "n_test_neg_spoof": 22296
}