{
  "accuracy": 0.9352358718402833,
  "balanced_accuracy": 0.9461890018075625,
  "roc_auc": 0.9869979881080528,
  "eer": 0.05416012558869698,
  "eer_threshold": 0.6337248682975769,
  "f1_bonafide": 0.7524996154437781,
  "f1_spoof": 0.962743418158242,
  "n_test": 24844,
  "n_test_pos_bonafide": 2548,
  "n_test_neg_spoof": 22296
}