{
  "accuracy": 0.6502978586379005,
  "balanced_accuracy": 0.6058104557547122,
  "roc_auc": 0.6566530701665447,
  "eer": 0.38787226408324366,
  "eer_threshold": 0.4657430946826935,
  "f1_bonafide": 0.24386422976501304,
  "f1_spoof": 0.7725535368343891,
  "n_test": 24844,
  "n_test_pos_bonafide": 2548,
  "n_test_neg_spoof": 22296
}