{
  "accuracy": 0.8090887135726936,
  "balanced_accuracy": 0.78604922551947,
  "roc_auc": 0.8732805906994742,
  "eer": 0.20102260495156082,
  "eer_threshold": 0.4531676471233368,
  "f1_bonafide": 0.44855249389605856,
  "f1_spoof": 0.8845620269184902,
  "n_test": 24844,
  "n_test_pos_bonafide": 2548,
  "n_test_neg_spoof": 22296
}