{
  "accuracy": 0.8088472065689905,
  "balanced_accuracy": 0.7826123431901535,
  "roc_auc": 0.8717148069586368,
  "eer": 0.20643642072213497,
  "eer_threshold": 0.42103636264801025,
  "f1_bonafide": 0.44579297467615825,
  "f1_spoof": 0.8845059461562781,
  "n_test": 24844,
  "n_test_pos_bonafide": 2548,
  "n_test_neg_spoof": 22296
}