{
  "accuracy": 0.9382547093865722,
  "balanced_accuracy": 0.9436995548405667,
  "roc_auc": 0.9858885572114082,
  "eer": 0.056122448979591844,
  "eer_threshold": 0.5957773327827454,
  "f1_bonafide": 0.7594857322044527,
  "f1_spoof": 0.9645809281921034,
  "n_test": 24844,
  "n_test_pos_bonafide": 2548,
  "n_test_neg_spoof": 22296
}