{
  "accuracy": 0.7536628562228305,
  "balanced_accuracy": 0.741438510487411,
  "roc_auc": 0.8197017514880425,
  "eer": 0.2547095761381476,
  "eer_threshold": 0.47770529985427856,
  "f1_bonafide": 0.37678207739307534,
  "f1_spoof": 0.8464934283134343,
  "n_test": 24844,
  "n_test_pos_bonafide": 2548,
  "n_test_neg_spoof": 22296
}