{
  "accuracy": 0.8290935437127677,
  "balanced_accuracy": 0.7931971662557546,
  "roc_auc": 0.8789586723569116,
  "eer": 0.18972012917115177,
  "eer_threshold": 0.3984736502170563,
  "f1_bonafide": 0.4730702407545297,
  "f1_spoof": 0.8980062454960365,
  "n_test": 24844,
  "n_test_pos_bonafide": 2548,
  "n_test_neg_spoof": 22296
}