{
  "accuracy": 0.928835936242151,
  "balanced_accuracy": 0.9341068070020092,
  "roc_auc": 0.9819105221371485,
  "eer": 0.06570685324721923,
  "eer_threshold": 0.5625278353691101,
  "f1_bonafide": 0.7305699481865285,
  "f1_spoof": 0.9590038491861058,
  "n_test": 24844,
  "n_test_pos_bonafide": 2548,
  "n_test_neg_spoof": 22296
}