{
  "accuracy": 0.9678795685074867,
  "balanced_accuracy": 0.9793235046771875,
  "roc_auc": 0.9984235667646209,
  "eer": 0.01690886257624686,
  "eer_threshold": 0.8641902804374695,
  "f1_bonafide": 0.8638689866939612,
  "f1_spoof": 0.9817916305389495,
  "n_test": 24844,
  "n_test_pos_bonafide": 2548,
  "n_test_neg_spoof": 22296
}