utt_id,label,p_bonafide,pred
LA_D_1047731,1,0.9970578,1
LA_D_1105538,1,0.99999094,1
LA_D_1125976,1,0.99895024,1
LA_D_1293230,1,0.9982826,1
LA_D_1340209,1,0.9999367,1
LA_D_1376638,1,0.9956533,1
LA_D_1377420,1,0.999825,1
LA_D_1403371,1,0.9998722,1
LA_D_1590530,1,0.99971086,1
LA_D_1595036,1,0.9999256,1
LA_D_1618135,1,0.9998027,1
LA_D_1624385,1,0.9999453,1
LA_D_1766721,1,0.9999405,1
LA_D_1833136,1,0.99957496,1
LA_D_1837988,1,0.9999013,1
LA_D_1849134,1,0.99984765,1
LA_D_1865278,1,0.9996387,1
LA_D_1896334,1,0.9997012,1
LA_D_1911275,1,0.99954945,1
LA_D_2112837,1,0.99969286,1
LA_D_2160989,1,0.99960375,1
LA_D_2242311,1,0.9993038,1
LA_D_2250508,1,0.9871994,1
LA_D_2414004,1,0.9995148,1
LA_D_2448116,1,0.9982564,1
LA_D_2462911,1,0.99836904,1
LA_D_2559281,1,0.9999442,1
LA_D_2666979,1,0.9999759,1
LA_D_2679014,1,0.99976045,1
LA_D_2789932,1,0.99997747,1
LA_D_2831561,1,0.9997791,1
LA_D_2954423,1,0.9997877,1
LA_D_3081203,1,0.99998116,1
LA_D_3174543,1,0.99998045,1
LA_D_3212286,1,0.9997212,1
LA_D_3232165,1,0.9994112,1
LA_D_3258694,1,0.9998534,1
LA_D_3315698,1,0.9997137,1
LA_D_3369144,1,0.9998226,1
LA_D_3404272,1,0.9995852,1
LA_D_3444700,1,0.9893512,1
LA_D_3477067,1,0.99987364,1
LA_D_3524013,1,0.9998499,1
LA_D_3547565,1,0.99976224,1
LA_D_3552967,1,0.99928534,1
LA_D_3726485,1,0.99939454,1
LA_D_3771133,1,0.9991304,1
LA_D_3776953,1,0.99977386,1
LA_D_3806476,1,0.9995852,1
LA_D_4026041,1,0.9982191,1
LA_D_4145630,1,0.9999949,1
LA_D_4228839,1,0.9997123,1
LA_D_4229637,1,0.9975689,1
LA_D_4395169,1,0.99942106,1
LA_D_4443630,1,0.9999132,1
LA_D_4455776,1,0.9994122,1
LA_D_4511951,1,0.99993134,1
LA_D_4517590,1,0.99997044,1
LA_D_4523147,1,0.9988789,1
LA_D_4574058,1,0.9999112,1
LA_D_4621778,1,0.99697495,1
LA_D_4715569,1,0.9999546,1
LA_D_4739519,1,0.99853575,1
LA_D_4807096,1,0.9997489,1
LA_D_4930262,1,0.99967664,1
LA_D_4935874,1,0.99997306,1
LA_D_4949188,1,0.999866,1
LA_D_4981154,1,0.99999356,1
LA_D_5019937,1,0.9999765,1
LA_D_5240657,1,0.9997366,1
LA_D_5255870,1,0.99892193,1
LA_D_5267249,1,0.9997662,1
LA_D_5278285,1,0.9999502,1
LA_D_5324608,1,0.9996573,1
LA_D_5336291,1,0.99831355,1
LA_D_5386683,1,0.9999869,1
LA_D_5401591,1,0.9999225,1
LA_D_5431436,1,0.99983287,1
LA_D_5445492,1,0.9998566,1
LA_D_5521273,1,0.9999721,1
LA_D_5547400,1,0.99998677,1
LA_D_5575912,1,0.9997433,1
LA_D_5604212,1,0.9996247,1
LA_D_5607743,1,0.9993826,1
LA_D_5701193,1,0.999781,1
LA_D_5769965,1,0.9983563,1
LA_D_5842422,1,0.9999503,1
LA_D_5855069,1,0.9996994,1
LA_D_5859556,1,0.9996245,1
LA_D_5870696,1,0.9944662,1
LA_D_5972310,1,0.9998714,1
LA_D_5989648,1,0.9998963,1
LA_D_6022982,1,0.9962606,1
LA_D_6056778,1,0.9999318,1
LA_D_6059653,1,0.9992788,1
LA_D_6211292,1,0.9984474,1
LA_D_6291895,1,0.99959564,1
LA_D_6397937,1,0.9555846,1
LA_D_6402048,1,0.99936026,1
LA_D_6448946,1,0.9999771,1
LA_D_6648802,1,0.9970873,1
LA_D_6663247,1,0.99877745,1
LA_D_6679303,1,0.9999455,1
LA_D_6724166,1,0.9991337,1
LA_D_6853824,1,0.9995997,1
LA_D_6976006,1,0.9994041,1
LA_D_7030288,1,0.9990071,1
LA_D_7051994,1,0.99826646,1
LA_D_7054977,1,0.99998736,1
LA_D_7130250,1,0.99999046,1
LA_D_7140023,1,0.99993634,1
LA_D_7148850,1,0.9995567,1
LA_D_7194660,1,0.9999938,1
LA_D_7269236,1,0.9998261,1
LA_D_7341689,1,0.9997755,1
LA_D_7360454,1,0.9998784,1
LA_D_7399617,1,0.99984825,1
LA_D_7450790,1,0.99844533,1
LA_D_7473394,1,0.9999026,1
LA_D_7521836,1,0.9999651,1
LA_D_7543100,1,0.999779,1
LA_D_7638211,1,0.9985948,1
LA_D_7679130,1,0.9998714,1
LA_D_7758918,1,0.9838558,1
LA_D_7793148,1,0.99992645,1
LA_D_8017626,1,0.9996733,1
LA_D_8184939,1,0.9999782,1
LA_D_8241585,1,0.9999416,1
LA_D_8428131,1,0.99998033,1
LA_D_8432583,1,0.9962076,1
LA_D_8736165,1,0.99987924,1
LA_D_8750703,1,0.99969584,1
LA_D_8764814,1,0.9983387,1
LA_D_8812163,1,0.9996474,1
LA_D_8813855,1,0.9999304,1
LA_D_8817568,1,0.99993265,1
LA_D_8869015,1,0.9914075,1
LA_D_8869959,1,0.99764055,1
LA_D_8923486,1,0.9997889,1
LA_D_8966044,1,0.99997866,1
LA_D_9015485,1,0.9998703,1
LA_D_9113203,1,0.99997735,1
LA_D_9134844,1,0.99945015,1
LA_D_9375342,1,0.999949,1
LA_D_9498667,1,0.9997062,1
LA_D_9509324,1,0.9999685,1
LA_D_9602677,1,0.99987936,1
LA_D_9697774,1,0.9990439,1
LA_D_9699048,1,0.99996567,1
LA_D_9732143,1,0.99997807,1
LA_D_9867970,1,0.9999323,1
LA_D_9869348,1,0.99914026,1
LA_D_9884114,1,0.99993205,1
LA_D_9977795,1,0.99999297,1
LA_D_1090286,1,0.9997702,1
LA_D_1119156,1,0.9919922,1
LA_D_1173765,1,0.9982489,1
LA_D_1219450,1,0.9993694,1
LA_D_1239754,1,0.99943095,1
LA_D_1245000,1,0.99976104,1
LA_D_1279882,1,0.9999391,1
LA_D_1399387,1,0.99756205,1
LA_D_1409575,1,0.9987097,1
LA_D_1426585,1,0.9998065,1
LA_D_1472077,1,0.9996895,1
LA_D_1518150,1,0.9992882,1
LA_D_1614129,1,0.99619067,1
LA_D_1714000,1,0.9989723,1
LA_D_1789452,1,0.9986821,1
LA_D_1819301,1,0.9999192,1
LA_D_1879957,1,0.99940526,1
LA_D_1884465,1,0.99928963,1
LA_D_1975885,1,0.9997656,1
LA_D_1993949,1,0.9998416,1
LA_D_2017251,1,0.99935347,1
LA_D_2022297,1,0.998539,1
LA_D_2124484,1,0.99992037,1
LA_D_2133778,1,0.9997216,1
LA_D_2149963,1,0.999205,1
LA_D_2165027,1,0.99981046,1
LA_D_2232106,1,0.9997398,1
LA_D_2237304,1,0.99892694,1
LA_D_2248106,1,0.99975985,1
LA_D_2307156,1,0.9987985,1
LA_D_2455736,1,0.9994873,1
LA_D_2552799,1,0.9991241,1
LA_D_2674978,1,0.99943715,1
LA_D_2844885,1,0.9971138,1
LA_D_2850598,1,0.99952316,1
LA_D_2944634,1,0.99992466,1
LA_D_2954917,1,0.9832435,1
LA_D_3000565,1,0.9998913,1
LA_D_3074651,1,0.9995325,1
LA_D_3075867,1,0.9911779,1
LA_D_3264952,1,0.9989305,1
LA_D_3343965,1,0.9996424,1
LA_D_3459809,1,0.9994956,1
LA_D_3507167,1,0.9999263,1
LA_D_3631905,1,0.9999229,1
LA_D_3717777,1,0.99990094,1
LA_D_3742070,1,0.9998553,1
LA_D_3836344,1,0.9998919,1
LA_D_3876129,1,0.9989736,1
LA_D_3908841,1,0.9989808,1
LA_D_3916177,1,0.9990946,1
LA_D_4005854,1,0.999977,1
LA_D_4063159,1,0.99993587,1
LA_D_4129574,1,0.9987134,1
LA_D_4328579,1,0.9999603,1
LA_D_4524484,1,0.99986005,1
LA_D_4789150,1,0.99990594,1
LA_D_4833247,1,0.9993186,1
LA_D_4877516,1,0.9996843,1
LA_D_4900801,1,0.9998752,1
LA_D_5072627,1,0.99961984,1
LA_D_5086183,1,0.9998424,1
LA_D_5143230,1,0.9987526,1
LA_D_5178609,1,0.99996257,1
LA_D_5182745,1,0.999744,1
LA_D_5240410,1,0.9952809,1
LA_D_5334203,1,0.99394387,1
LA_D_5451679,1,0.9997248,1
LA_D_5508177,1,0.99542016,1
LA_D_5604089,1,0.9884769,1
LA_D_5700038,1,0.9998528,1
LA_D_5833858,1,0.9999329,1
LA_D_5929116,1,0.99986243,1
LA_D_5930714,1,0.99983954,1
LA_D_5985188,1,0.99774617,1
LA_D_6055606,1,0.99982107,1
LA_D_6066874,1,0.999913,1
LA_D_6067380,1,0.99872667,1
LA_D_6137766,1,0.9999361,1
LA_D_6150120,1,0.022416191,0
LA_D_6197289,1,0.9997677,1
LA_D_6198995,1,0.99987566,1
LA_D_6231410,1,0.99846363,1
LA_D_6258471,1,0.9999608,1
LA_D_6265671,1,0.99938345,1
LA_D_6288751,1,0.9999236,1
LA_D_6289915,1,0.99987316,1
LA_D_6303389,1,0.9999727,1
LA_D_6353335,1,0.99987686,1
LA_D_6386877,1,0.99973005,1
LA_D_6453794,1,0.9999492,1
LA_D_6455651,1,0.99960697,1
LA_D_6458898,1,0.99996924,1
LA_D_6459646,1,0.999797,1
LA_D_6478834,1,0.9999701,1
LA_D_6700006,1,0.9997056,1
LA_D_6754294,1,0.99948215,1
LA_D_6818564,1,0.9999807,1
LA_D_6912038,1,0.9999286,1
LA_D_7153745,1,0.99992573,1
LA_D_7172970,1,0.99921596,1
LA_D_7179829,1,0.99996936,1
LA_D_7376093,1,0.99976176,1
LA_D_7501292,1,0.99985266,1
LA_D_7512726,1,0.99995863,1
LA_D_7534463,1,0.99982727,1
LA_D_7544405,1,0.9996623,1
LA_D_7565232,1,0.9989185,1
LA_D_7573423,1,0.9995202,1
LA_D_7612426,1,0.99998665,1
LA_D_7622198,1,0.9998268,1
LA_D_7691845,1,0.9998163,1
LA_D_7712846,1,0.9991203,1
LA_D_7755990,1,0.9995998,1
LA_D_7758267,1,0.9996381,1
LA_D_7787517,1,0.9993148,1
LA_D_7798955,1,0.9995148,1
LA_D_7870292,1,0.99423295,1
LA_D_8034204,1,0.9984798,1
LA_D_8199784,1,0.995203,1
LA_D_8272605,1,0.9999628,1
LA_D_8305753,1,0.9924837,1
LA_D_8430669,1,0.8217321,1
LA_D_8693177,1,0.9865398,1
LA_D_8699257,1,0.99965024,1
LA_D_8713325,1,0.9995789,1
LA_D_8716023,1,0.99943405,1
LA_D_8988565,1,0.9992512,1
LA_D_9042964,1,0.9993205,1
LA_D_9239572,1,0.99327374,1
LA_D_9288302,1,0.9985423,1
LA_D_9303165,1,0.9999274,1
LA_D_9462553,1,0.99991953,1
LA_D_9560424,1,0.99868685,1
LA_D_9584404,1,0.99999225,1
LA_D_9620410,1,0.999892,1
LA_D_9631448,1,0.9998491,1
LA_D_9726894,1,0.99973935,1
LA_D_9954386,1,0.99991083,1
LA_D_9993956,1,0.9999771,1
LA_D_1121887,1,0.993655,1
LA_D_1133168,1,0.99529535,1
LA_D_1232613,1,0.99533385,1
LA_D_1306387,1,0.99930847,1
LA_D_1330775,1,0.997479,1
LA_D_1335445,1,0.95571655,1
LA_D_1427710,1,0.9993573,1
LA_D_1503604,1,0.94964707,1
LA_D_1523180,1,0.99932235,1
LA_D_1523483,1,0.9941694,1
LA_D_1565390,1,0.97818893,1
LA_D_1770174,1,0.9994413,1
LA_D_1812623,1,0.99875784,1
LA_D_1833652,1,0.98147607,1
LA_D_1882065,1,0.9988103,1
LA_D_1898207,1,0.9968238,1
LA_D_1983415,1,0.9965886,1
LA_D_1997529,1,0.997569,1
LA_D_2002365,1,0.99939346,1
LA_D_2062744,1,0.9789099,1
LA_D_2096892,1,0.99823225,1
LA_D_2143384,1,0.9985354,1
LA_D_2255247,1,0.98418015,1
LA_D_2382522,1,0.9988896,1
LA_D_2518822,1,0.9968201,1
LA_D_2688414,1,0.9992766,1
LA_D_2753816,1,0.9985476,1
LA_D_2842063,1,0.9978885,1
LA_D_2905424,1,0.9903381,1
LA_D_2924504,1,0.99608,1
LA_D_2934981,1,0.99346876,1
LA_D_3044379,1,0.99067247,1
LA_D_3062025,1,0.97832674,1
LA_D_3117119,1,0.9960764,1
LA_D_3124251,1,0.9944662,1
LA_D_3194286,1,0.9963885,1
LA_D_3210739,1,0.9929802,1
LA_D_3250253,1,0.99612063,1
LA_D_3280853,1,0.99881005,1
LA_D_3383198,1,0.9955883,1
LA_D_3444541,1,0.9980415,1
LA_D_3547035,1,0.86808014,1
LA_D_3576459,1,0.9944339,1
LA_D_3668484,1,0.9954578,1
LA_D_3698358,1,0.9875902,1
LA_D_3733779,1,0.98030806,1
LA_D_3887452,1,0.93871385,1
LA_D_3981584,1,0.99935645,1
LA_D_4057142,1,0.96500367,1
LA_D_4101216,1,0.99869823,1
LA_D_4154887,1,0.9647294,1
LA_D_4166644,1,0.9955377,1
LA_D_4221800,1,0.99942094,1
LA_D_4401633,1,0.9982142,1
LA_D_4433509,1,0.99689376,1
LA_D_4475626,1,0.92542,1
LA_D_4530450,1,0.9973665,1
LA_D_4551336,1,0.9897542,1
LA_D_4626331,1,0.9940006,1
LA_D_4698419,1,0.96958184,1
LA_D_4813520,1,0.9919744,1
LA_D_4816127,1,0.99518114,1
LA_D_4818528,1,0.99224186,1
LA_D_4961315,1,0.69667757,1
LA_D_4966083,1,0.999268,1
LA_D_5018258,1,0.9986022,1
LA_D_5021244,1,0.9995018,1
LA_D_5250042,1,0.88614327,1
LA_D_5262821,1,0.9919647,1
LA_D_5332359,1,0.9656076,1
LA_D_5441778,1,0.99968654,1
LA_D_5463411,1,0.8127416,1
LA_D_5490757,1,0.9976266,1
LA_D_5502506,1,0.9999336,1
LA_D_5512289,1,0.99888414,1
LA_D_5623559,1,0.9496799,1
LA_D_5631850,1,0.99950266,1
LA_D_5725878,1,0.99996257,1
LA_D_5824998,1,0.99451935,1
LA_D_5925659,1,0.98933595,1
LA_D_6120152,1,0.99586105,1
LA_D_6178956,1,0.9979248,1
LA_D_6291738,1,0.97903466,1
LA_D_6310267,1,0.9993573,1
LA_D_6324927,1,0.9991979,1
LA_D_6503475,1,0.85724056,1
LA_D_6515867,1,0.9976901,1
LA_D_6518159,1,0.998871,1
LA_D_6561538,1,0.9944358,1
LA_D_6568071,1,0.99851495,1
LA_D_6614329,1,0.9987656,1
LA_D_6741986,1,0.95428306,1
LA_D_6841789,1,0.99841213,1
LA_D_6843205,1,0.9998952,1
LA_D_7030281,1,0.9996015,1
LA_D_7035349,1,0.99524444,1
LA_D_7057190,1,0.9979892,1
LA_D_7081771,1,0.99976283,1
LA_D_7110669,1,0.036199644,0
LA_D_7164376,1,0.9982679,1
LA_D_7189280,1,0.99306256,1
LA_D_7383599,1,0.9945625,1
LA_D_7423342,1,0.9993769,1
LA_D_7460902,1,0.9995204,1
LA_D_7473191,1,0.995451,1
LA_D_7570554,1,0.97840387,1
LA_D_7594892,1,0.9995789,1
LA_D_7600381,1,0.55552775,1
LA_D_7605047,1,0.997554,1
LA_D_7726114,1,0.9053125,1
LA_D_7783250,1,0.9947024,1
LA_D_7989607,1,0.98647004,1
LA_D_8029227,1,0.9998416,1
LA_D_8078382,1,0.99536926,1
LA_D_8179191,1,0.9961034,1
LA_D_8210054,1,0.9995734,1
LA_D_8297100,1,0.999046,1
LA_D_8302640,1,0.9944102,1
LA_D_8516589,1,0.97421503,1
LA_D_8621322,1,0.9972211,1
LA_D_8672684,1,0.88421834,1
LA_D_8759407,1,0.9996525,1
LA_D_8765991,1,0.9958994,1
LA_D_8767583,1,0.9869451,1
LA_D_8773029,1,0.8896702,1
LA_D_8806017,1,0.9998771,1
LA_D_8978560,1,0.99975973,1
LA_D_9039771,1,0.9949733,1
LA_D_9062081,1,0.97938967,1
LA_D_9076677,1,0.998259,1
LA_D_9135294,1,0.9978016,1
LA_D_9167206,1,0.8636169,1
LA_D_9374684,1,0.9981493,1
LA_D_9423080,1,0.99886405,1
LA_D_9475102,1,0.9858899,1
LA_D_9716895,1,0.9818337,1
LA_D_9780696,1,0.99698526,1
LA_D_9864113,1,0.99797755,1
LA_D_9945997,1,0.9884024,1
LA_D_9983276,1,0.9980124,1
LA_D_1126907,1,0.9999498,1
LA_D_1130470,1,0.99951804,1
LA_D_1156906,1,0.9987552,1
LA_D_1238696,1,0.98470587,1
LA_D_1363243,1,0.9996064,1
LA_D_1368280,1,0.99960816,1
LA_D_1374363,1,0.9999821,1
LA_D_1412552,1,0.99983156,1
LA_D_1483493,1,0.9996263,1
LA_D_1488449,1,0.99947774,1
LA_D_1730959,1,0.9986829,1
LA_D_1733691,1,0.9996838,1
LA_D_1772237,1,0.99999166,1
LA_D_1895274,1,0.9992269,1
LA_D_1918445,1,0.9998071,1
LA_D_1969568,1,0.9985947,1
LA_D_1984995,1,0.99982786,1
LA_D_2105580,1,0.9806418,1
LA_D_2264682,1,0.98579466,1
LA_D_2289303,1,0.99920017,1
LA_D_2370383,1,0.99971825,1
LA_D_2404405,1,0.9996673,1
LA_D_2417193,1,0.99968857,1
LA_D_2659066,1,0.9998299,1
LA_D_2800113,1,0.9997896,1
LA_D_2812544,1,0.99970955,1
LA_D_2816765,1,0.99236745,1
LA_D_2844735,1,0.9998827,1
LA_D_2916024,1,0.99899846,1
LA_D_3154368,1,0.9999696,1
LA_D_3205671,1,0.9980799,1
LA_D_3211435,1,0.996989,1
LA_D_3249552,1,0.9997716,1
LA_D_3250830,1,0.99871194,1
LA_D_3389737,1,0.99978876,1
LA_D_3440131,1,0.9986474,1
LA_D_3513335,1,0.99953395,1
LA_D_3519840,1,0.9986193,1
LA_D_3570749,1,0.99974674,1
LA_D_3706083,1,0.99908686,1
LA_D_3774137,1,0.99573624,1
LA_D_3857446,1,0.9997007,1
LA_D_3907778,1,0.99973875,1
LA_D_4151774,1,0.99986637,1
LA_D_4156807,1,0.999697,1
LA_D_4160962,1,0.9950828,1
LA_D_4341889,1,0.99612445,1
LA_D_4356541,1,0.99972254,1
LA_D_4371142,1,0.99736017,1
LA_D_4386823,1,0.9998189,1
LA_D_4520104,1,0.99698853,1
LA_D_4645660,1,0.99908686,1
LA_D_4674650,1,0.9998137,1
LA_D_4723086,1,0.99974996,1
LA_D_4771667,1,0.99962425,1
LA_D_4781086,1,0.9996494,1
LA_D_4803902,1,0.99846256,1
LA_D_4945608,1,0.9892848,1
LA_D_4952493,1,0.99971396,1
LA_D_5075029,1,0.99976915,1
LA_D_5090421,1,0.99884605,1
LA_D_5226379,1,0.99035525,1
LA_D_5266850,1,0.98737246,1
LA_D_5312607,1,0.99615896,1
LA_D_5331264,1,0.9999373,1
LA_D_5341375,1,0.99986565,1
LA_D_5397319,1,0.99726427,1
LA_D_5467345,1,0.9970957,1
LA_D_5497034,1,0.9992756,1
LA_D_5664870,1,0.99925,1
LA_D_5665194,1,0.9911347,1
LA_D_5769133,1,0.9996769,1
LA_D_5809254,1,0.99286747,1
LA_D_5825711,1,0.99998915,1
LA_D_5834157,1,0.99815744,1
LA_D_5838540,1,0.9974949,1
LA_D_5868407,1,0.99867433,1
LA_D_5879570,1,0.99978507,1
LA_D_5972627,1,0.99996114,1
LA_D_6008941,1,0.9986008,1
LA_D_6046406,1,0.9998379,1
LA_D_6064218,1,0.9994825,1
LA_D_6073354,1,0.97884786,1
LA_D_6092752,1,0.99919945,1
LA_D_6211330,1,0.99753785,1
LA_D_6302480,1,0.9999677,1
LA_D_6338898,1,0.9997682,1
LA_D_6369583,1,0.9998745,1
LA_D_6458272,1,0.99995506,1
LA_D_6509189,1,0.99892884,1
LA_D_6549159,1,0.99913216,1
LA_D_6623102,1,0.99975973,1
LA_D_6626817,1,0.991381,1
LA_D_6669736,1,0.992128,1
LA_D_6718237,1,0.9992157,1
LA_D_6810732,1,0.9988413,1
LA_D_6908091,1,0.9686565,1
LA_D_6938301,1,0.9990011,1
LA_D_6963530,1,0.99349385,1
LA_D_7122184,1,0.999876,1
LA_D_7130070,1,0.9494565,1
LA_D_7154479,1,0.99989974,1
LA_D_7179593,1,0.9991254,1
LA_D_7200791,1,0.9999051,1
LA_D_7319497,1,0.99937356,1
LA_D_7385274,1,0.99238825,1
LA_D_7400680,1,0.9995511,1
LA_D_7449236,1,0.98435843,1
LA_D_7455119,1,0.99875116,1
LA_D_7542569,1,0.9947267,1
LA_D_7560590,1,0.99961483,1
LA_D_7562190,1,0.9998914,1
LA_D_7596579,1,0.9997514,1
LA_D_7640990,1,0.9995796,1
LA_D_7679169,1,0.99994576,1
LA_D_7682953,1,0.99988544,1
LA_D_7718364,1,0.9970565,1
LA_D_7783712,1,0.9989334,1
LA_D_7813228,1,0.9994073,1
LA_D_7841911,1,0.9992681,1
LA_D_7933208,1,0.99993753,1
LA_D_7944625,1,0.99956995,1
LA_D_8033621,1,0.9992918,1
LA_D_8037199,1,0.99958366,1
LA_D_8117787,1,0.99505377,1
LA_D_8161836,1,0.9731829,1
LA_D_8239123,1,0.9999151,1
LA_D_8284994,1,0.99998367,1
LA_D_8365194,1,0.9990865,1
LA_D_8394417,1,0.99939847,1
LA_D_8429827,1,0.9986563,1
LA_D_8473267,1,0.9994862,1
LA_D_8503024,1,0.9745992,1
LA_D_8572375,1,0.9995892,1
LA_D_8591429,1,0.99990773,1
LA_D_8692948,1,0.9972174,1
LA_D_8696046,1,0.99964845,1
LA_D_8909861,1,0.9958466,1
LA_D_8947861,1,0.99870193,1
LA_D_9065762,1,0.9983833,1
LA_D_9091774,1,0.99900514,1
LA_D_9117374,1,0.99977946,1
LA_D_9172298,1,0.9942763,1
LA_D_9319381,1,0.9994103,1
LA_D_9408059,1,0.99996483,1
LA_D_9471952,1,0.99955195,1
LA_D_9557117,1,0.99935716,1
LA_D_9700666,1,0.9968105,1
LA_D_9874897,1,0.9998703,1
LA_D_9891140,1,0.9992576,1
LA_D_9897142,1,0.99869645,1
LA_D_9917104,1,0.99359643,1
LA_D_9924906,1,0.9996066,1
LA_D_9942874,1,0.9898184,1
LA_D_1129909,1,0.99991775,1
LA_D_1161800,1,0.99934155,1
LA_D_1364611,1,0.9964561,1
LA_D_1380231,1,0.9996468,1
LA_D_1560273,1,0.99612963,1
LA_D_1562732,1,0.9999721,1
LA_D_1607104,1,0.99978936,1
LA_D_1689082,1,0.99778783,1
LA_D_1711559,1,0.9989501,1
LA_D_1885115,1,0.9970753,1
LA_D_1980534,1,0.9999583,1
LA_D_2109062,1,0.99844825,1
LA_D_2140323,1,0.9999113,1
LA_D_2303609,1,0.44124615,0
LA_D_2311237,1,0.7657997,1
LA_D_2339825,1,0.99937224,1
LA_D_2436364,1,0.9997848,1
LA_D_2441943,1,0.999584,1
LA_D_2517022,1,0.79669267,1
LA_D_2519862,1,0.99762255,1
LA_D_2525000,1,0.99996436,1
LA_D_2597748,1,0.98927116,1
LA_D_2748583,1,0.9993562,1
LA_D_2839913,1,0.9999044,1
LA_D_2977005,1,0.99903864,1
LA_D_2991667,1,0.9998441,1
LA_D_3005942,1,0.99921596,1
LA_D_3018635,1,0.88704133,1
LA_D_3039424,1,0.99648404,1
LA_D_3174998,1,0.99888927,1
LA_D_3253942,1,0.99670035,1
LA_D_3323539,1,0.8857821,1
LA_D_3329701,1,0.99985874,1
LA_D_3443703,1,0.970357,1
LA_D_3514242,1,0.9969921,1
LA_D_3559270,1,0.9998057,1
LA_D_3579781,1,0.9966742,1
LA_D_3691360,1,0.99990654,1
LA_D_3746211,1,0.97344434,1
LA_D_3787464,1,0.9998709,1
LA_D_3796498,1,0.9996937,1
LA_D_3986002,1,0.9993648,1
LA_D_4004968,1,0.9999918,1
LA_D_4016591,1,0.99970585,1
LA_D_4021153,1,0.9022344,1
LA_D_4033093,1,0.9999418,1
LA_D_4083478,1,0.9999262,1
LA_D_4246171,1,0.9999293,1
LA_D_4350271,1,0.99965703,1
LA_D_4516804,1,0.9956839,1
LA_D_4571818,1,0.9951987,1
LA_D_4574274,1,0.99876684,1
LA_D_4663919,1,0.9925512,1
LA_D_4667621,1,0.9996109,1
LA_D_4703340,1,0.99972004,1
LA_D_4717087,1,0.9954987,1
LA_D_4776681,1,0.98265743,1
LA_D_4777626,1,0.99990475,1
LA_D_4777881,1,0.92664564,1
LA_D_4968305,1,0.99986243,1
LA_D_4969607,1,0.99965537,1
LA_D_5054904,1,0.9967224,1
LA_D_5146064,1,0.99399674,1
LA_D_5158638,1,0.999609,1
LA_D_5495040,1,0.999567,1
LA_D_5503012,1,0.9976357,1
LA_D_5507210,1,0.9994699,1
LA_D_5651240,1,0.99621123,1
LA_D_5724728,1,0.9598701,1
LA_D_5759383,1,0.9996881,1
LA_D_5786237,1,0.97144145,1
LA_D_5833231,1,0.9999732,1
LA_D_5934426,1,0.9668172,1
LA_D_6027798,1,0.9981693,1
LA_D_6032630,1,0.99776864,1
LA_D_6117748,1,0.99977374,1
LA_D_6156090,1,0.9966378,1
LA_D_6236753,1,0.99989116,1
LA_D_6252124,1,0.9994436,1
LA_D_6288557,1,0.99373734,1
LA_D_6292198,1,0.99385154,1
LA_D_6367157,1,0.999931,1
LA_D_6499603,1,0.99872905,1
LA_D_6520984,1,0.9993732,1
LA_D_6549373,1,0.99976474,1
LA_D_6578659,1,0.9992807,1
LA_D_6622348,1,0.947397,1
LA_D_6711434,1,0.9998338,1
LA_D_6836003,1,0.99999344,1
LA_D_7015174,1,0.9997953,1
LA_D_7123406,1,0.9998288,1
LA_D_7139553,1,0.993619,1
LA_D_7152817,1,0.998801,1
LA_D_7255005,1,0.9997784,1
LA_D_7363764,1,0.98216844,1
LA_D_7380582,1,0.5728415,1
LA_D_7450739,1,0.9996702,1
LA_D_7471560,1,0.99124724,1
LA_D_7618637,1,0.99763715,1
LA_D_7783288,1,0.99955815,1
LA_D_7870160,1,0.99910825,1
LA_D_7919190,1,0.99550474,1
LA_D_7957211,1,0.999817,1
LA_D_8006339,1,0.99926287,1
LA_D_8031870,1,0.9377338,1
LA_D_8043080,1,0.9997049,1
LA_D_8118074,1,0.99558806,1
LA_D_8130173,1,0.9999654,1
LA_D_8210164,1,0.9816077,1
LA_D_8220866,1,0.9994961,1
LA_D_8270902,1,0.9993887,1
LA_D_8371178,1,0.9998976,1
LA_D_8440843,1,0.99990594,1
LA_D_8457325,1,0.9994281,1
LA_D_8596240,1,0.99952054,1
LA_D_8623607,1,0.98196685,1
LA_D_8637288,1,0.9994732,1
LA_D_8745130,1,0.9992668,1
LA_D_8773329,1,0.9885605,1
LA_D_8879292,1,0.99343747,1
LA_D_8880302,1,0.81830823,1
LA_D_8931596,1,0.9999583,1
LA_D_9035942,1,0.9991623,1
LA_D_9042253,1,0.99731225,1
LA_D_9080371,1,0.99986815,1
LA_D_9113299,1,0.99975556,1
LA_D_9118659,1,0.9997489,1
LA_D_9160310,1,0.99895954,1
LA_D_9224096,1,0.99112016,1
LA_D_9240035,1,0.99535555,1
LA_D_9241530,1,0.99875116,1
LA_D_9260902,1,0.08179004,0
LA_D_9272509,1,0.99995816,1
LA_D_9330492,1,0.9990532,1
LA_D_9359637,1,0.97187793,1
LA_D_9554132,1,0.99999547,1
LA_D_9664656,1,0.9995629,1
LA_D_9685348,1,0.9998821,1
LA_D_9752146,1,0.9998251,1
LA_D_9883591,1,0.9993318,1
LA_D_1084356,1,0.9993758,1
LA_D_1086391,1,0.9983999,1
LA_D_1123614,1,0.9999764,1
LA_D_1281950,1,0.99982476,1
LA_D_1313431,1,0.9999565,1
LA_D_1336221,1,0.9996573,1
LA_D_1389698,1,0.998963,1
LA_D_1445468,1,0.99995506,1
LA_D_1459930,1,0.99897534,1
LA_D_1481335,1,0.9997358,1
LA_D_1494418,1,0.99986875,1
LA_D_1517231,1,0.99983966,1
LA_D_1541519,1,0.9998591,1
LA_D_1558714,1,0.99960816,1
LA_D_1736286,1,0.999946,1
LA_D_1803008,1,0.99997854,1
LA_D_1805739,1,0.9992668,1
LA_D_1859048,1,0.9906539,1
LA_D_1881724,1,0.9997248,1
LA_D_1930138,1,0.9997646,1
LA_D_1964638,1,0.99990606,1
LA_D_2053527,1,0.99974567,1
LA_D_2324235,1,0.99740124,1
LA_D_2462521,1,0.99786687,1
LA_D_2534849,1,0.9999696,1
LA_D_2658622,1,0.99993384,1
LA_D_2690780,1,0.9999788,1
LA_D_2832141,1,0.9999325,1
LA_D_2863133,1,0.99984765,1
LA_D_2884522,1,0.99860966,1
LA_D_2896345,1,0.99996626,1
LA_D_2923426,1,0.9997755,1
LA_D_2996584,1,0.999861,1
LA_D_3025684,1,0.9999871,1
LA_D_3247685,1,0.9706161,1
LA_D_3262859,1,0.9998869,1
LA_D_3264696,1,0.99979997,1
LA_D_3268836,1,0.9998418,1
LA_D_3348941,1,0.9997129,1
LA_D_3399790,1,0.99992025,1
LA_D_3599443,1,0.9989293,1
LA_D_3623206,1,0.99945337,1
LA_D_3655500,1,0.9999924,1
LA_D_3731175,1,0.99992895,1
LA_D_3851855,1,0.99969953,1
LA_D_3857058,1,0.9981511,1
LA_D_3898085,1,0.9999274,1
LA_D_3922266,1,0.99858767,1
LA_D_3933506,1,0.9998934,1
LA_D_4014487,1,0.9999546,1
LA_D_4016003,1,0.99996245,1
LA_D_4021573,1,0.99495655,1
LA_D_4076814,1,0.9997522,1
LA_D_4123677,1,0.99997365,1
LA_D_4146741,1,0.99977446,1
LA_D_4168527,1,0.99997556,1
LA_D_4248918,1,0.99998164,1
LA_D_4279522,1,0.99834716,1
LA_D_4338785,1,0.99840015,1
LA_D_4411754,1,0.9997272,1
LA_D_4441987,1,0.9999701,1
LA_D_4462615,1,0.99954265,1
LA_D_4552327,1,0.998216,1
LA_D_4580301,1,0.9999778,1
LA_D_4644831,1,0.99918455,1
LA_D_4771783,1,0.9999521,1
LA_D_4894198,1,0.9999331,1
LA_D_4903304,1,0.9999968,1
LA_D_4969859,1,0.99995494,1
LA_D_5026692,1,0.99986196,1
LA_D_5135042,1,0.9996876,1
LA_D_5212614,1,0.9994599,1
LA_D_5248127,1,0.99958885,1
LA_D_5248372,1,0.99971324,1
LA_D_5383174,1,0.9996259,1
LA_D_5438251,1,0.99980974,1
LA_D_5513082,1,0.99982035,1
LA_D_5521568,1,0.99983263,1
LA_D_5545146,1,0.999478,1
LA_D_5561293,1,0.9999119,1
LA_D_5691072,1,0.9991332,1
LA_D_5695691,1,0.99916893,1
LA_D_5734480,1,0.9998462,1
LA_D_5747580,1,0.9999726,1
LA_D_5790567,1,0.99955994,1
LA_D_5863611,1,0.9992581,1
LA_D_5932613,1,0.999786,1
LA_D_5947257,1,0.9998008,1
LA_D_5962580,1,0.99986625,1
LA_D_6043519,1,0.999703,1
LA_D_6308295,1,0.99998486,1
LA_D_6460049,1,0.99974114,1
LA_D_6479457,1,0.99902236,1
LA_D_6492056,1,0.9956844,1
LA_D_6497625,1,0.9807809,1
LA_D_6672477,1,0.9975278,1
LA_D_6680138,1,0.99988663,1
LA_D_6717375,1,0.99890566,1
LA_D_6757692,1,0.9996944,1
LA_D_6824022,1,0.99914455,1
LA_D_6864236,1,0.9999343,1
LA_D_6913240,1,0.999567,1
LA_D_6921684,1,0.99996495,1
LA_D_6936162,1,0.9998851,1
LA_D_6989506,1,0.9999634,1
LA_D_7089929,1,0.9996079,1
LA_D_7090657,1,0.9999088,1
LA_D_7109981,1,0.99999,1
LA_D_7162317,1,0.99829596,1
LA_D_7203605,1,0.99995303,1
LA_D_7204569,1,0.99967736,1
LA_D_7213885,1,0.99982345,1
LA_D_7235373,1,0.99966013,1
LA_D_7270074,1,0.9999814,1
LA_D_7299514,1,0.99962926,1
LA_D_7361566,1,0.99998,1
LA_D_7391591,1,0.9999467,1
LA_D_7530789,1,0.9999521,1
LA_D_7647812,1,0.99990094,1
LA_D_7718079,1,0.9999858,1
LA_D_7879955,1,0.99976784,1
LA_D_7972724,1,0.9999926,1
LA_D_8042846,1,0.9318017,1
LA_D_8126437,1,0.9999136,1
LA_D_8155318,1,0.9997853,1
LA_D_8174725,1,0.99979186,1
LA_D_8187801,1,0.9998324,1
LA_D_8192047,1,0.9988464,1
LA_D_8197154,1,0.99996257,1
LA_D_8214303,1,0.99997365,1
LA_D_8260762,1,0.99993145,1
LA_D_8274833,1,0.999848,1
LA_D_8289729,1,0.9996967,1
LA_D_8568451,1,0.99998546,1
LA_D_8600039,1,0.999918,1
LA_D_8749378,1,0.99996376,1
LA_D_8978448,1,0.99966705,1
LA_D_9125966,1,0.9974692,1
LA_D_9126409,1,0.99998045,1
LA_D_9133444,1,0.9998691,1
LA_D_9137331,1,0.99997556,1
LA_D_9159907,1,0.9999207,1
LA_D_9209591,1,0.9984655,1
LA_D_9241229,1,0.99997115,1
LA_D_9295080,1,0.9999119,1
LA_D_9433165,1,0.9982338,1
LA_D_9460592,1,0.9999416,1
LA_D_9502258,1,0.9999666,1
LA_D_9513156,1,0.9997031,1
LA_D_9737719,1,0.99989855,1
LA_D_9821908,1,0.99546283,1
LA_D_9856127,1,0.9999858,1
LA_D_9897452,1,0.99999166,1
LA_D_9997701,1,0.99841,1
LA_D_1091602,1,0.7470294,1
LA_D_1105131,1,0.9991416,1
LA_D_1107267,1,0.99697816,1
LA_D_1112296,1,0.82379174,1
LA_D_1195977,1,0.9881464,1
LA_D_1258927,1,0.91262305,1
LA_D_1274098,1,0.9986748,1
LA_D_1317890,1,0.9982912,1
LA_D_1475288,1,0.999308,1
LA_D_1494180,1,0.9926647,1
LA_D_1575443,1,0.9981482,1
LA_D_1592094,1,0.9836733,1
LA_D_1697470,1,0.9993844,1
LA_D_1702465,1,0.9905714,1
LA_D_1822237,1,0.95112276,1
LA_D_1857965,1,0.99725133,1
LA_D_1874320,1,0.9999641,1
LA_D_1943029,1,0.9801381,1
LA_D_1943350,1,0.9992893,1
LA_D_2005171,1,0.99942213,1
LA_D_2009007,1,0.9928931,1
LA_D_2079489,1,0.99901474,1
LA_D_2117889,1,0.97958136,1
LA_D_2227760,1,0.9994368,1
LA_D_2289857,1,0.90272963,1
LA_D_2334643,1,0.9928403,1
LA_D_2393663,1,0.9960913,1
LA_D_2407623,1,0.81399214,1
LA_D_2425839,1,0.9908316,1
LA_D_2535161,1,0.82034624,1
LA_D_2671129,1,0.99149585,1
LA_D_2946318,1,0.9960306,1
LA_D_3050627,1,0.9982041,1
LA_D_3077269,1,0.9587686,1
LA_D_3088159,1,0.9985636,1
LA_D_3151376,1,0.7076371,1
LA_D_3215740,1,0.99793905,1
LA_D_3236921,1,0.8670751,1
LA_D_3315214,1,0.9890632,1
LA_D_3316993,1,0.99708194,1
LA_D_3572399,1,0.9990515,1
LA_D_3770523,1,0.9934121,1
LA_D_3819025,1,0.99769163,1
LA_D_3847750,1,0.9987109,1
LA_D_3877724,1,0.99936527,1
LA_D_3882050,1,0.9446903,1
LA_D_4080403,1,0.9970625,1
LA_D_4082470,1,0.99075377,1
LA_D_4132709,1,0.99975806,1
LA_D_4148603,1,0.9856245,1
LA_D_4339997,1,0.97892773,1
LA_D_4437989,1,0.99990714,1
LA_D_4466532,1,0.9969921,1
LA_D_4529182,1,0.99444366,1
LA_D_4668193,1,0.9948937,1
LA_D_4675196,1,0.99133426,1
LA_D_4782067,1,0.99869955,1
LA_D_4796882,1,0.9997571,1
LA_D_4928990,1,0.9770585,1
LA_D_4948709,1,0.97100294,1
LA_D_5049363,1,0.9805876,1
LA_D_5080128,1,0.9948638,1
LA_D_5115522,1,0.99977946,1
LA_D_5175785,1,0.9969971,1
LA_D_5188600,1,0.7801793,1
LA_D_5255611,1,0.99656904,1
LA_D_5415483,1,0.99785525,1
LA_D_5421834,1,0.9824145,1
LA_D_5554369,1,0.9984024,1
LA_D_5617526,1,0.9951508,1
LA_D_5676289,1,0.989961,1
LA_D_6030391,1,0.99598426,1
LA_D_6043078,1,0.9991411,1
LA_D_6212089,1,0.99425477,1
LA_D_6245432,1,0.99680054,1
LA_D_6266231,1,0.9965597,1
LA_D_6329617,1,0.9936516,1
LA_D_6339751,1,0.9962768,1
LA_D_6393255,1,0.98902357,1
LA_D_6421262,1,0.99757224,1
LA_D_6421519,1,0.9978968,1
LA_D_6424598,1,0.997424,1
LA_D_6525649,1,0.99961805,1
LA_D_6566035,1,0.9997996,1
LA_D_6631537,1,0.9046263,1
LA_D_6733447,1,0.9605752,1
LA_D_6749976,1,0.9994194,1
LA_D_6787225,1,0.99824476,1
LA_D_6869808,1,0.9982085,1
LA_D_6916843,1,0.0456259,0
LA_D_7016331,1,0.99799323,1
LA_D_7030577,1,0.9997652,1
LA_D_7058100,1,0.99129313,1
LA_D_7130987,1,0.99094725,1
LA_D_7150561,1,0.9945913,1
LA_D_7215902,1,0.9947275,1
LA_D_7252855,1,0.9725949,1
LA_D_7292143,1,0.99862313,1
LA_D_7484152,1,0.9985058,1
LA_D_7556469,1,0.99885523,1
LA_D_7579918,1,0.9990558,1
LA_D_7618557,1,0.26217282,0
LA_D_7721618,1,0.99993205,1
LA_D_7745370,1,0.99807644,1
LA_D_7869886,1,0.99650735,1
LA_D_7883065,1,0.87451077,1
LA_D_7891590,1,0.996837,1
LA_D_7895200,1,0.95439273,1
LA_D_7900046,1,0.9125779,1
LA_D_7948554,1,0.99916726,1
LA_D_7971853,1,0.9991585,1
LA_D_7984329,1,0.9996617,1
LA_D_7989694,1,0.9478344,1
LA_D_8017606,1,0.6737592,1
LA_D_8076652,1,0.9992536,1
LA_D_8087254,1,0.98569524,1
LA_D_8138324,1,0.99573636,1
LA_D_8140900,1,0.99700826,1
LA_D_8163197,1,0.99544144,1
LA_D_8197621,1,0.88591576,1
LA_D_8262874,1,0.97329605,1
LA_D_8274900,1,0.9994611,1
LA_D_8456792,1,0.7967612,1
LA_D_8523156,1,0.99632853,1
LA_D_8592900,1,0.9966871,1
LA_D_8639820,1,0.9995528,1
LA_D_8679267,1,0.997894,1
LA_D_8715858,1,0.99531436,1
LA_D_8726343,1,0.99879944,1
LA_D_8823022,1,0.94586277,1
LA_D_8826808,1,0.6811515,1
LA_D_8853808,1,0.016937884,0
LA_D_8892065,1,0.96869755,1
LA_D_9039818,1,0.96303946,1
LA_D_9053831,1,0.9992706,1
LA_D_9085952,1,0.97413796,1
LA_D_9124171,1,0.99907744,1
LA_D_9124382,1,0.049744803,0
LA_D_9206303,1,0.99408084,1
LA_D_9216147,1,0.96993613,1
LA_D_9287387,1,0.9076742,1
LA_D_9316963,1,0.99911207,1
LA_D_9350860,1,0.9959573,1
LA_D_9352798,1,0.057494868,0
LA_D_9423280,1,0.99904734,1
LA_D_9429134,1,0.99902725,1
LA_D_9435329,1,0.9469412,1
LA_D_9471357,1,0.9977057,1
LA_D_9491309,1,0.8691589,1
LA_D_9658949,1,0.99547344,1
LA_D_9678576,1,0.97705907,1
LA_D_9837717,1,0.998192,1
LA_D_9897081,1,0.99852824,1
LA_D_9937608,1,0.9989517,1
LA_D_1158837,1,0.71034586,1
LA_D_1214950,1,0.93454856,1
LA_D_1246607,1,0.9985474,1
LA_D_1300558,1,0.99370956,1
LA_D_1353894,1,0.99635315,1
LA_D_1355058,1,0.9942027,1
LA_D_1391982,1,0.99801445,1
LA_D_1438615,1,0.9995585,1
LA_D_1513725,1,0.99963737,1
LA_D_1567126,1,0.9996543,1
LA_D_1680201,1,0.9921823,1
LA_D_1686743,1,0.9993225,1
LA_D_1824180,1,0.99494475,1
LA_D_2044088,1,0.99860704,1
LA_D_2063669,1,0.99399614,1
LA_D_2082295,1,0.999941,1
LA_D_2188246,1,0.42989278,0
LA_D_2287585,1,0.9980584,1
LA_D_2363836,1,0.99715316,1
LA_D_2380064,1,0.9993036,1
LA_D_2445554,1,0.99924535,1
LA_D_2452544,1,0.99916255,1
LA_D_2565359,1,0.9991872,1
LA_D_2578749,1,0.85117626,1
LA_D_2718909,1,0.98378044,1
LA_D_2824820,1,0.6016478,1
LA_D_2895802,1,0.9730244,1
LA_D_2943260,1,0.9962064,1
LA_D_3051718,1,0.97328055,1
LA_D_3053264,1,0.9931671,1
LA_D_3064595,1,0.99817836,1
LA_D_3116201,1,0.99139446,1
LA_D_3224671,1,0.980646,1
LA_D_3274531,1,0.2808519,0
LA_D_3327924,1,0.9960628,1
LA_D_3373017,1,0.9978289,1
LA_D_3373431,1,0.9986087,1
LA_D_3397208,1,0.99961305,1
LA_D_3405832,1,0.9946818,1
LA_D_3467346,1,0.21047801,0
LA_D_3479801,1,0.9464949,1
LA_D_3482661,1,0.9955189,1
LA_D_3548515,1,0.8217429,1
LA_D_3596015,1,0.9964209,1
LA_D_3604610,1,0.99573696,1
LA_D_3607289,1,0.99660975,1
LA_D_3609977,1,0.9843254,1
LA_D_3787070,1,0.99525225,1
LA_D_3891696,1,0.99925107,1
LA_D_3941447,1,0.99901056,1
LA_D_3956242,1,0.9984694,1
LA_D_3967203,1,0.9993106,1
LA_D_3983406,1,0.9997669,1
LA_D_3996355,1,0.36971152,0
LA_D_3999380,1,0.99981415,1
LA_D_4037283,1,0.9991848,1
LA_D_4052216,1,0.87309366,1
LA_D_4052746,1,0.9931392,1
LA_D_4174420,1,0.9999527,1
LA_D_4239074,1,0.99668676,1
LA_D_4282724,1,0.998828,1
LA_D_4293112,1,0.9992081,1
LA_D_4304868,1,0.9999386,1
LA_D_4399522,1,0.994356,1
LA_D_4500243,1,0.9994516,1
LA_D_4513531,1,0.99931216,1
LA_D_4646934,1,0.68856794,1
LA_D_4807296,1,0.9992167,1
LA_D_4866981,1,0.9939826,1
LA_D_4947147,1,0.99189854,1
LA_D_4962492,1,0.9970484,1
LA_D_4971078,1,0.99106854,1
LA_D_4973412,1,0.9991209,1
LA_D_4977329,1,0.98117745,1
LA_D_4992364,1,0.9910546,1
LA_D_5203733,1,0.998941,1
LA_D_5245987,1,0.99938357,1
LA_D_5260084,1,0.9954577,1
LA_D_5411748,1,0.99894136,1
LA_D_5431156,1,0.9991817,1
LA_D_5475950,1,0.9984394,1
LA_D_5698379,1,0.99935323,1
LA_D_5770185,1,0.9973695,1
LA_D_5774989,1,0.9987998,1
LA_D_5794620,1,0.99954516,1
LA_D_5846104,1,0.9968233,1
LA_D_6124905,1,0.99423754,1
LA_D_6183356,1,0.9981059,1
LA_D_6207345,1,0.996951,1
LA_D_6280709,1,0.9286717,1
LA_D_6304222,1,0.94387084,1
LA_D_6418577,1,0.9991831,1
LA_D_6480551,1,0.99766564,1
LA_D_6511989,1,0.9956099,1
LA_D_6539878,1,0.99826187,1
LA_D_6558890,1,0.75845194,1
LA_D_6598354,1,0.99352795,1
LA_D_6636661,1,0.9998102,1
LA_D_6659622,1,0.99982536,1
LA_D_6736028,1,0.9973424,1
LA_D_6799496,1,0.99905413,1
LA_D_6821909,1,0.9995763,1
LA_D_7230566,1,0.9969387,1
LA_D_7324285,1,0.81908506,1
LA_D_7428513,1,0.99887127,1
LA_D_7512294,1,0.9997534,1
LA_D_7525926,1,0.99255365,1
LA_D_7566925,1,0.9998896,1
LA_D_7704954,1,0.70334995,1
LA_D_7724772,1,0.99976724,1
LA_D_7731909,1,0.9989434,1
LA_D_7753521,1,0.99907565,1
LA_D_7760578,1,0.98912394,1
LA_D_7874275,1,0.9876067,1
LA_D_7901021,1,0.998711,1
LA_D_7974536,1,0.9692228,1
LA_D_8037358,1,0.9986293,1
LA_D_8214679,1,0.9987937,1
LA_D_8288732,1,0.69887114,1
LA_D_8314448,1,0.9987575,1
LA_D_8318899,1,0.9824422,1
LA_D_8426461,1,0.99950814,1
LA_D_8549144,1,0.99557763,1
LA_D_8553650,1,0.9987577,1
LA_D_8697996,1,0.9961099,1
LA_D_8767671,1,0.99448556,1
LA_D_8836257,1,0.99773765,1
LA_D_8976620,1,0.9993449,1
LA_D_9183395,1,0.9461332,1
LA_D_9184655,1,0.9996864,1
LA_D_9200045,1,0.9995863,1
LA_D_9304099,1,0.9976769,1
LA_D_9311350,1,0.9920231,1
LA_D_9348889,1,0.999509,1
LA_D_9531450,1,0.8744107,1
LA_D_9953476,1,0.9986998,1
LA_D_9960664,1,0.99899596,1
LA_D_9966094,1,0.98078847,1
LA_D_9979957,1,0.99886227,1
LA_D_9996570,1,0.9952879,1
LA_D_1024892,1,0.9985499,1
LA_D_1097170,1,0.9993689,1
LA_D_1131723,1,0.9970041,1
LA_D_1218694,1,0.9996782,1
LA_D_1234965,1,0.99824876,1
LA_D_1327255,1,0.9983205,1
LA_D_1491971,1,0.9956216,1
LA_D_1544898,1,0.99690205,1
LA_D_1637250,1,0.9922501,1
LA_D_1696066,1,0.99887925,1
LA_D_1699026,1,0.99334174,1
LA_D_1710320,1,0.9998958,1
LA_D_1775562,1,0.9985703,1
LA_D_1988752,1,0.9978321,1
LA_D_2051747,1,0.99951386,1
LA_D_2059154,1,0.9961385,1
LA_D_2061583,1,0.99873954,1
LA_D_2146246,1,0.9960538,1
LA_D_2209839,1,0.99424565,1
LA_D_2259043,1,0.99970454,1
LA_D_2302613,1,0.924937,1
LA_D_2411901,1,0.99996305,1
LA_D_2488325,1,0.92931306,1
LA_D_2658188,1,0.9997032,1
LA_D_2690312,1,0.9935215,1
LA_D_2763260,1,0.99984396,1
LA_D_2766423,1,0.99551314,1
LA_D_2791787,1,0.9999795,1
LA_D_2928658,1,0.9976457,1
LA_D_2958472,1,0.9104942,1
LA_D_3007617,1,0.99493754,1
LA_D_3109423,1,0.9997471,1
LA_D_3149828,1,0.9984484,1
LA_D_3279100,1,0.994318,1
LA_D_3291602,1,0.98931354,1
LA_D_3316221,1,0.9961687,1
LA_D_3352195,1,0.9989229,1
LA_D_3416462,1,0.99981713,1
LA_D_3549588,1,0.9998661,1
LA_D_3553954,1,0.9995361,1
LA_D_3596872,1,0.99927986,1
LA_D_3694891,1,0.997267,1
LA_D_3713783,1,0.9986199,1
LA_D_3757479,1,0.97009337,1
LA_D_3805241,1,0.99971217,1
LA_D_3808406,1,0.99989355,1
LA_D_4041525,1,0.99907684,1
LA_D_4063304,1,0.9987735,1
LA_D_4130767,1,0.99365413,1
LA_D_4246474,1,0.99821514,1
LA_D_4310926,1,0.99982786,1
LA_D_4320007,1,0.99950075,1
LA_D_4367012,1,0.99556285,1
LA_D_4440923,1,0.99962676,1
LA_D_4462839,1,0.99981284,1
LA_D_4534077,1,0.99973637,1
LA_D_4599043,1,0.9997588,1
LA_D_4623306,1,0.9992426,1
LA_D_4631592,1,0.99471384,1
LA_D_4661324,1,0.99456996,1
LA_D_4804382,1,0.9980484,1
LA_D_4806480,1,0.9966059,1
LA_D_4838520,1,0.98554325,1
LA_D_4942819,1,0.99931705,1
LA_D_4949737,1,0.97361076,1
LA_D_5000705,1,0.994544,1
LA_D_5016919,1,0.9960985,1
LA_D_5039802,1,0.9985964,1
LA_D_5135534,1,0.9757573,1
LA_D_5232868,1,0.99932146,1
LA_D_5256199,1,0.997759,1
LA_D_5372085,1,0.9998174,1
LA_D_5545304,1,0.9999021,1
LA_D_5624810,1,0.99897987,1
LA_D_5648462,1,0.9997748,1
LA_D_5655965,1,0.99988306,1
LA_D_5669008,1,0.99892014,1
LA_D_5823678,1,0.99937534,1
LA_D_5826428,1,0.99984074,1
LA_D_5835377,1,0.99965286,1
LA_D_5984308,1,0.9989378,1
LA_D_6031544,1,0.8932348,1
LA_D_6081830,1,0.9994712,1
LA_D_6089259,1,0.99981105,1
LA_D_6137641,1,0.9995752,1
LA_D_6220480,1,0.9997741,1
LA_D_6340859,1,0.9989869,1
LA_D_6373554,1,0.9978173,1
LA_D_6391787,1,0.9981616,1
LA_D_6410181,1,0.9994319,1
LA_D_6598628,1,0.99971193,1
LA_D_6639331,1,0.999121,1
LA_D_6725470,1,0.99898523,1
LA_D_6730053,1,0.99667263,1
LA_D_6805166,1,0.047882944,0
LA_D_6810551,1,0.9998683,1
LA_D_6848115,1,0.9992925,1
LA_D_6853055,1,0.9973537,1
LA_D_7157407,1,0.9989066,1
LA_D_7176973,1,0.9992292,1
LA_D_7182301,1,0.99954265,1
LA_D_7185044,1,0.9759704,1
LA_D_7202557,1,0.984011,1
LA_D_7308477,1,0.99989355,1
LA_D_7344200,1,0.9669553,1
LA_D_7366267,1,0.99589205,1
LA_D_7391066,1,0.99979115,1
LA_D_7439393,1,0.9991103,1
LA_D_7459649,1,0.99551016,1
LA_D_7463826,1,0.9998034,1
LA_D_7518137,1,0.99908674,1
LA_D_7546022,1,0.9931987,1
LA_D_7701126,1,0.99608505,1
LA_D_7878191,1,0.9976376,1
LA_D_7885719,1,0.9988341,1
LA_D_7905682,1,0.9991999,1
LA_D_7916368,1,0.99450713,1
LA_D_7932604,1,0.9962128,1
LA_D_7932927,1,0.999124,1
LA_D_7981085,1,0.99250144,1
LA_D_7998943,1,0.9985954,1
LA_D_8003563,1,0.99928653,1
LA_D_8017985,1,0.99855477,1
LA_D_8049554,1,0.9996993,1
LA_D_8092661,1,0.99274653,1
LA_D_8124968,1,0.99988353,1
LA_D_8127075,1,0.9894354,1
LA_D_8246056,1,0.9996239,1
LA_D_8361964,1,0.99939275,1
LA_D_8393123,1,0.9976751,1
LA_D_8443765,1,0.9951826,1
LA_D_8450008,1,0.99989045,1
LA_D_8464454,1,0.98206747,1
LA_D_8537448,1,0.99654746,1
LA_D_8596053,1,0.99860007,1
LA_D_8769661,1,0.99881715,1
LA_D_8775776,1,0.9967552,1
LA_D_8858517,1,0.99380726,1
LA_D_8894154,1,0.9895656,1
LA_D_8916787,1,0.99814343,1
LA_D_8925545,1,0.9974478,1
LA_D_9108828,1,0.9981468,1
LA_D_9126745,1,0.9985195,1
LA_D_9132872,1,0.9922669,1
LA_D_9238819,1,0.9999474,1
LA_D_9338180,1,0.99596703,1
LA_D_9489443,1,0.9870583,1
LA_D_9592778,1,0.9999207,1
LA_D_9595794,1,0.9997373,1
LA_D_9615915,1,0.99988353,1
LA_D_9625547,1,0.985474,1
LA_D_9666678,1,0.99915135,1
LA_D_9814046,1,0.9989198,1
LA_D_9931422,1,0.999363,1
LA_D_1072893,1,0.99938273,1
LA_D_1118564,1,0.99997056,1
LA_D_1121142,1,0.99997926,1
LA_D_1199158,1,0.9999157,1
LA_D_1264788,1,0.9999896,1
LA_D_1299580,1,0.99960244,1
LA_D_1356035,1,0.9999422,1
LA_D_1396983,1,0.9993839,1
LA_D_1431487,1,0.99455464,1
LA_D_1434598,1,0.9999765,1
LA_D_1487726,1,0.99992394,1
LA_D_1541720,1,0.9999633,1
LA_D_1583668,1,0.99976164,1
LA_D_1592884,1,0.98413867,1
LA_D_1659462,1,0.9999907,1
LA_D_1660662,1,0.8700353,1
LA_D_1716988,1,0.9998044,1
LA_D_1720317,1,0.99632853,1
LA_D_1864699,1,0.99993026,1
LA_D_2014243,1,0.9993432,1
LA_D_2066393,1,0.99977744,1
LA_D_2080977,1,0.99900794,1
LA_D_2172148,1,0.9999397,1
LA_D_2190620,1,0.99981296,1
LA_D_2223225,1,0.99984896,1
LA_D_2274164,1,0.9950397,1
LA_D_2286902,1,0.99953216,1
LA_D_2294476,1,0.9999324,1
LA_D_2309894,1,0.99929786,1
LA_D_2415228,1,0.9999213,1
LA_D_2459993,1,0.9999465,1
LA_D_2552574,1,0.99998677,1
LA_D_2652046,1,0.99885786,1
LA_D_2681158,1,0.99988925,1
LA_D_2720668,1,0.99998593,1
LA_D_2743286,1,0.99998605,1
LA_D_2855417,1,0.89783406,1
LA_D_2856650,1,0.9999449,1
LA_D_2861752,1,0.997343,1
LA_D_3299949,1,0.9999428,1
LA_D_3354668,1,0.99997437,1
LA_D_3387539,1,0.99990153,1
LA_D_3448074,1,0.99994135,1
LA_D_3526885,1,0.9998355,1
LA_D_3554499,1,0.9916161,1
LA_D_3555589,1,0.99997723,1
LA_D_3567303,1,0.99985063,1
LA_D_3653942,1,0.9983423,1
LA_D_3714679,1,0.9997209,1
LA_D_3720871,1,0.999711,1
LA_D_3727888,1,0.99936706,1
LA_D_3897478,1,0.9964412,1
LA_D_4135293,1,0.9998534,1
LA_D_4236952,1,0.9998375,1
LA_D_4310386,1,0.99938333,1
LA_D_4428897,1,0.9999683,1
LA_D_4530613,1,0.9997596,1
LA_D_4655594,1,0.99981403,1
LA_D_4701213,1,0.9999883,1
LA_D_4706408,1,0.99956447,1
LA_D_4708413,1,0.99977934,1
LA_D_4748747,1,0.9999919,1
LA_D_4789764,1,0.99975973,1
LA_D_4878438,1,0.99930406,1
LA_D_4890059,1,0.9995758,1
LA_D_4896049,1,0.99995196,1
LA_D_4934804,1,0.9997982,1
LA_D_5009407,1,0.9927619,1
LA_D_5030937,1,0.9997079,1
LA_D_5044136,1,0.9999738,1
LA_D_5135638,1,0.99968475,1
LA_D_5192077,1,0.98399645,1
LA_D_5254877,1,0.99997175,1
LA_D_5296393,1,0.9995479,1
LA_D_5334517,1,0.9998332,1
LA_D_5542285,1,0.99997544,1
LA_D_5626364,1,0.9996956,1
LA_D_5674440,1,0.9663988,1
LA_D_5679718,1,0.9998783,1
LA_D_5774240,1,0.99995816,1
LA_D_5914465,1,0.9999838,1
LA_D_5937275,1,0.99990416,1
LA_D_5950853,1,0.999999,1
LA_D_6002845,1,0.9999639,1
LA_D_6067855,1,0.99297744,1
LA_D_6077297,1,0.99999094,1
LA_D_6099505,1,0.9911164,1
LA_D_6208197,1,0.99911255,1
LA_D_6233220,1,0.9999882,1
LA_D_6388357,1,0.99998724,1
LA_D_6423859,1,0.9998081,1
LA_D_6465138,1,0.99902046,1
LA_D_6630316,1,0.9974802,1
LA_D_6780824,1,0.9999485,1
LA_D_6785500,1,0.99991703,1
LA_D_6795666,1,0.9998603,1
LA_D_6806996,1,0.9999857,1
LA_D_6831922,1,0.9999732,1
LA_D_6869561,1,0.9985794,1
LA_D_6920717,1,0.9995073,1
LA_D_6948624,1,0.99996066,1
LA_D_6976087,1,0.9999716,1
LA_D_7073625,1,0.9993661,1
LA_D_7184320,1,0.99094677,1
LA_D_7281226,1,0.9987778,1
LA_D_7285253,1,0.99954134,1
LA_D_7349597,1,0.9998635,1
LA_D_7495927,1,0.9982235,1
LA_D_7513515,1,0.9999894,1
LA_D_7514976,1,0.9999274,1
LA_D_7518457,1,0.99928236,1
LA_D_7554234,1,0.9997922,1
LA_D_7601268,1,0.9999956,1
LA_D_7661891,1,0.99465626,1
LA_D_7715110,1,0.99998474,1
LA_D_7742734,1,0.9989114,1
LA_D_7786543,1,0.99944407,1
LA_D_7820018,1,0.9999212,1
LA_D_8006035,1,0.9999832,1
LA_D_8023275,1,0.65663594,1
LA_D_8163259,1,0.99926096,1
LA_D_8183126,1,0.9998301,1
LA_D_8232673,1,0.9990578,1
LA_D_8238051,1,0.9992477,1
LA_D_8264385,1,0.99998677,1
LA_D_8274485,1,0.9999902,1
LA_D_8277825,1,0.99994266,1
LA_D_8313453,1,0.9888537,1
LA_D_8436513,1,0.9993542,1
LA_D_8633579,1,0.99896955,1
LA_D_8635476,1,0.9997823,1
LA_D_8665901,1,0.99889815,1
LA_D_8688425,1,0.997678,1
LA_D_8737588,1,0.99986684,1
LA_D_8863378,1,0.99978256,1
LA_D_8870668,1,0.9999114,1
LA_D_8873219,1,0.9989716,1
LA_D_8878312,1,0.9982967,1
LA_D_8946580,1,0.999974,1
LA_D_8950507,1,0.99957925,1
LA_D_8982290,1,0.99868804,1
LA_D_9057299,1,0.9999019,1
LA_D_9099813,1,0.9987483,1
LA_D_9268601,1,0.9963983,1
LA_D_9437065,1,0.9997304,1
LA_D_9508907,1,0.99971086,1
LA_D_9515167,1,0.9999722,1
LA_D_9613437,1,0.9998312,1
LA_D_9640641,1,0.99999416,1
LA_D_9679656,1,0.999967,1
LA_D_9682441,1,0.9995871,1
LA_D_9757460,1,0.99984026,1
LA_D_9786399,1,0.9984829,1
LA_D_9791780,1,0.9135152,1
LA_D_1028589,1,0.99991727,1
LA_D_1056334,1,0.9999242,1
LA_D_1096053,1,0.9997372,1
LA_D_1245754,1,0.99998915,1
LA_D_1316596,1,0.9999424,1
LA_D_1365236,1,0.9857199,1
LA_D_1444916,1,0.99999046,1
LA_D_1577384,1,0.99986565,1
LA_D_1643904,1,0.9998729,1
LA_D_1764120,1,0.9998777,1
LA_D_1782314,1,0.9996787,1
LA_D_1902645,1,0.99964,1
LA_D_1961293,1,0.9999937,1
LA_D_2159390,1,0.9999393,1
LA_D_2423683,1,0.99989665,1
LA_D_2435925,1,0.9995986,1
LA_D_2485218,1,0.99997735,1
LA_D_2512075,1,0.99992967,1
LA_D_2679873,1,0.99992526,1
LA_D_2780780,1,0.9999261,1
LA_D_2972247,1,0.99993885,1
LA_D_3006726,1,0.9999609,1
LA_D_3317945,1,0.99863833,1
LA_D_3370277,1,0.9999529,1
LA_D_3405736,1,0.9998745,1
LA_D_3652642,1,0.9999728,1
LA_D_4131292,1,0.99992573,1
LA_D_4223627,1,0.99990666,1
LA_D_4331249,1,0.9999678,1
LA_D_4420975,1,0.9999889,1
LA_D_4463495,1,0.9998697,1
LA_D_4881390,1,0.999984,1
LA_D_5522312,1,0.99908483,1
LA_D_5621013,1,0.9999218,1
LA_D_5656029,1,0.99998736,1
LA_D_5696762,1,0.99978864,1
LA_D_5965283,1,0.9999894,1
LA_D_5976013,1,0.99944097,1
LA_D_6002117,1,0.9997852,1
LA_D_6114519,1,0.99986947,1
LA_D_6189044,1,0.99996126,1
LA_D_6257081,1,0.9996613,1
LA_D_6611532,1,0.99991536,1
LA_D_6815506,1,0.9995478,1
LA_D_6900009,1,0.9999552,1
LA_D_7002192,1,0.9999858,1
LA_D_7127063,1,0.9994738,1
LA_D_7148063,1,0.9999926,1
LA_D_7374404,1,0.99944955,1
LA_D_7380611,1,0.99999535,1
LA_D_7448272,1,0.99994195,1
LA_D_7494873,1,0.999943,1
LA_D_7559885,1,0.9999951,1
LA_D_7713018,1,0.9999869,1
LA_D_7861052,1,0.9999957,1
LA_D_8059879,1,0.9979346,1
LA_D_8190929,1,0.99994683,1
LA_D_8194315,1,0.99998474,1
LA_D_8404215,1,0.9980692,1
LA_D_8433710,1,0.99997747,1
LA_D_8543859,1,0.9999229,1
LA_D_8891723,1,0.9999237,1
LA_D_8894613,1,0.99997354,1
LA_D_8932352,1,0.9998504,1
LA_D_8991834,1,0.9999398,1
LA_D_9006057,1,0.99988854,1
LA_D_9060455,1,0.9999713,1
LA_D_9253093,1,0.99996054,1
LA_D_9284682,1,0.99998176,1
LA_D_9298358,1,0.99954647,1
LA_D_9348533,1,0.99945265,1
LA_D_9423451,1,0.9999417,1
LA_D_9442194,1,0.99992967,1
LA_D_9517414,1,0.99910253,1
LA_D_9597340,1,0.99994636,1
LA_D_9764484,1,0.9998939,1
LA_D_9919064,1,0.99994516,1
LA_D_1423006,1,0.9924259,1
LA_D_1473255,1,0.999548,1
LA_D_1481057,1,0.99757665,1
LA_D_1758018,1,0.9973354,1
LA_D_1954410,1,0.99777395,1
LA_D_1982159,1,0.9998368,1
LA_D_2813154,1,0.998857,1
LA_D_2906873,1,0.99978125,1
LA_D_2946958,1,0.9988586,1
LA_D_2976553,1,0.9551798,1
LA_D_3061471,1,0.9998883,1
LA_D_3074985,1,0.99997234,1
LA_D_3150235,1,0.99906874,1
LA_D_3170323,1,0.99948215,1
LA_D_3476544,1,0.9999274,1
LA_D_3765509,1,0.99954134,1
LA_D_4016743,1,0.9998951,1
LA_D_4026264,1,0.99961555,1
LA_D_4072040,1,0.99927336,1
LA_D_4137927,1,0.9972174,1
LA_D_4180571,1,0.99649376,1
LA_D_4203374,1,0.9977475,1
LA_D_4309711,1,0.9988696,1
LA_D_4540166,1,0.9985858,1
LA_D_4723558,1,0.99980116,1
LA_D_5029338,1,0.99939466,1
LA_D_5337615,1,0.9995916,1
LA_D_5588765,1,0.99746597,1
LA_D_5621016,1,0.99977696,1
LA_D_5779977,1,0.99901724,1
LA_D_5945817,1,0.9961592,1
LA_D_5952548,1,0.99956614,1
LA_D_6016215,1,0.9996839,1
LA_D_6043277,1,0.99927086,1
LA_D_6081678,1,0.99812466,1
LA_D_6085002,1,0.99845886,1
LA_D_6262512,1,0.9997327,1
LA_D_6343761,1,0.99507135,1
LA_D_6380295,1,0.9872703,1
LA_D_6439730,1,0.99959934,1
LA_D_6471870,1,0.9992774,1
LA_D_6480348,1,0.99885,1
LA_D_6502976,1,0.9992899,1
LA_D_6609968,1,0.999812,1
LA_D_6624621,1,0.99934655,1
LA_D_7045141,1,0.99624914,1
LA_D_7073678,1,0.9993688,1
LA_D_7160972,1,0.96554357,1
LA_D_7181044,1,0.9988513,1
LA_D_7207798,1,0.99966455,1
LA_D_7219426,1,0.9998156,1
LA_D_7339762,1,0.9993265,1
LA_D_7408100,1,0.99749833,1
LA_D_7467158,1,0.9999701,1
LA_D_7836916,1,0.99987733,1
LA_D_8168206,1,0.98227,1
LA_D_8222620,1,0.9991387,1
LA_D_8235144,1,0.99933463,1
LA_D_8340433,1,0.99959075,1
LA_D_8461949,1,0.99682164,1
LA_D_8489512,1,0.99966025,1
LA_D_8492975,1,0.9951449,1
LA_D_8544546,1,0.9994157,1
LA_D_8582039,1,0.9992487,1
LA_D_8679905,1,0.12481646,0
LA_D_8830828,1,0.9996383,1
LA_D_8952306,1,0.99660146,1
LA_D_8995647,1,0.99974066,1
LA_D_9095164,1,0.99396586,1
LA_D_9458567,1,0.9973326,1
LA_D_9723493,1,0.99906033,1
LA_D_9750223,1,0.97720045,1
LA_D_9782269,1,0.9992403,1
LA_D_9812702,1,0.9997304,1
LA_D_9818781,1,0.9991653,1
LA_D_9877194,1,0.99876463,1
LA_D_9992816,1,0.9859951,1
LA_D_1101351,1,0.9999205,1
LA_D_1249064,1,0.9980153,1
LA_D_1307948,1,0.67355806,1
LA_D_1403762,1,0.99989057,1
LA_D_1410704,1,0.9946734,1
LA_D_1469404,1,0.9995509,1
LA_D_1480186,1,0.99995863,1
LA_D_1556595,1,0.99992776,1
LA_D_1838386,1,0.99988806,1
LA_D_2026367,1,0.99996734,1
LA_D_2178723,1,0.9996191,1
LA_D_2227239,1,0.98855096,1
LA_D_2496910,1,0.9998485,1
LA_D_2977892,1,0.99995387,1
LA_D_2979011,1,0.9994923,1
LA_D_3342452,1,0.9998491,1
LA_D_3536394,1,0.9947478,1
LA_D_3577801,1,0.99858224,1
LA_D_3622835,1,0.99997365,1
LA_D_3776414,1,0.99954456,1
LA_D_3860312,1,0.9994647,1
LA_D_3861154,1,0.9982509,1
LA_D_3940913,1,0.9984083,1
LA_D_3947384,1,0.9996727,1
LA_D_3971945,1,0.9995161,1
LA_D_4095293,1,0.99931204,1
LA_D_4246993,1,0.99995005,1
LA_D_4320036,1,0.9950398,1
LA_D_4387141,1,0.99888915,1
LA_D_4457189,1,0.99885774,1
LA_D_4485182,1,0.9996818,1
LA_D_4492847,1,0.9995561,1
LA_D_4745806,1,0.9999685,1
LA_D_4747124,1,0.9995146,1
LA_D_4751390,1,0.99959886,1
LA_D_5090803,1,0.99907446,1
LA_D_5349360,1,0.9998764,1
LA_D_5364410,1,0.99984956,1
LA_D_5684697,1,0.99670947,1
LA_D_5763453,1,0.9997514,1
LA_D_5790394,1,0.9805134,1
LA_D_5972086,1,0.99998677,1
LA_D_6013126,1,0.99979746,1
LA_D_6022629,1,0.9982399,1
LA_D_6442014,1,0.99694103,1
LA_D_6443649,1,0.9989749,1
LA_D_6446759,1,0.99991405,1
LA_D_6451106,1,0.9998715,1
LA_D_6609032,1,0.9989906,1
LA_D_7067333,1,0.999936,1
LA_D_7200480,1,0.998249,1
LA_D_7302367,1,0.9999926,1
LA_D_7370306,1,0.99984515,1
LA_D_7370520,1,0.99762756,1
LA_D_7394757,1,0.99873656,1
LA_D_7451276,1,0.99953765,1
LA_D_7451364,1,0.99972147,1
LA_D_7480903,1,0.99853647,1
LA_D_7590299,1,0.9997173,1
LA_D_7651671,1,0.99998116,1
LA_D_8089175,1,0.99962854,1
LA_D_8116083,1,0.99977994,1
LA_D_8147163,1,0.9926346,1
LA_D_8313645,1,0.9996265,1
LA_D_8329201,1,0.9997452,1
LA_D_8672699,1,0.9958384,1
LA_D_8762609,1,0.99973744,1
LA_D_8924553,1,0.99995625,1
LA_D_8989585,1,0.9913147,1
LA_D_8995264,1,0.99998593,1
LA_D_9113588,1,0.9996532,1
LA_D_9299686,1,0.99984515,1
LA_D_9676445,1,0.99974304,1
LA_D_9843427,1,0.99992955,1
LA_D_9851827,1,0.9991905,1
LA_D_9875362,1,0.9999057,1
LA_D_9936597,1,0.995758,1
LA_D_1038259,1,0.9417998,1
LA_D_1052072,1,0.05485602,0
LA_D_1056044,1,0.99805343,1
LA_D_1069525,1,0.99730897,1
LA_D_1144331,1,0.99574983,1
LA_D_1204220,1,0.96021324,1
LA_D_1322543,1,0.99316555,1
LA_D_1367406,1,0.97005314,1
LA_D_1484973,1,0.9991302,1
LA_D_1490681,1,0.9996166,1
LA_D_1532705,1,0.9969644,1
LA_D_1608630,1,0.9990735,1
LA_D_1661775,1,0.9955917,1
LA_D_1788083,1,0.9994312,1
LA_D_1792486,1,0.9239606,1
LA_D_1820875,1,0.9986265,1
LA_D_1888215,1,0.9975064,1
LA_D_1959657,1,0.9779303,1
LA_D_1975696,1,0.9983896,1
LA_D_2042159,1,0.998298,1
LA_D_2358821,1,0.99957925,1
LA_D_2408297,1,0.86847466,1
LA_D_2450199,1,0.99791056,1
LA_D_2556697,1,0.9928403,1
LA_D_2596293,1,0.9829916,1
LA_D_2660160,1,0.99861455,1
LA_D_2684373,1,0.9984902,1
LA_D_2819153,1,0.6237757,1
LA_D_2902957,1,0.99853873,1
LA_D_2936796,1,0.9584854,1
LA_D_2952279,1,0.99673235,1
LA_D_2977057,1,0.96768624,1
LA_D_3029513,1,0.9877037,1
LA_D_3093310,1,0.9988029,1
LA_D_3205943,1,0.998921,1
LA_D_3245414,1,0.9975744,1
LA_D_3475014,1,0.9922051,1
LA_D_3495464,1,0.9988678,1
LA_D_3540954,1,0.9970579,1
LA_D_3555645,1,0.99620664,1
LA_D_3603496,1,0.97639126,1
LA_D_3686487,1,0.9132222,1
LA_D_3987478,1,0.9858827,1
LA_D_4107345,1,0.99986124,1
LA_D_4114029,1,0.9997902,1
LA_D_4166346,1,0.9906543,1
LA_D_4433236,1,0.9954517,1
LA_D_4433602,1,0.9729733,1
LA_D_4457621,1,0.9930374,1
LA_D_4606004,1,0.84746915,1
LA_D_4799779,1,0.9988212,1
LA_D_4876634,1,0.94222164,1
LA_D_5037208,1,0.99775404,1
LA_D_5066833,1,0.99319834,1
LA_D_5105872,1,0.9989787,1
LA_D_5136646,1,0.99969286,1
LA_D_5146678,1,0.9977629,1
LA_D_5212308,1,0.9979335,1
LA_D_5256804,1,0.9948701,1
LA_D_5390367,1,0.9955976,1
LA_D_5412149,1,0.9979838,1
LA_D_5513257,1,0.9754524,1
LA_D_5539710,1,0.9974807,1
LA_D_5606626,1,0.99183345,1
LA_D_5631853,1,0.9985071,1
LA_D_5660085,1,0.99844164,1
LA_D_5738969,1,0.9974891,1
LA_D_5823706,1,0.9737848,1
LA_D_5907410,1,0.99845827,1
LA_D_6077981,1,0.9994824,1
LA_D_6084606,1,0.9745403,1
LA_D_6108420,1,0.99933654,1
LA_D_6113999,1,0.98509705,1
LA_D_6332014,1,0.99994814,1
LA_D_6339881,1,0.9978859,1
LA_D_6355669,1,0.99951196,1
LA_D_6404877,1,0.99880457,1
LA_D_6434693,1,0.99668497,1
LA_D_6496486,1,0.9902249,1
LA_D_6516226,1,0.9322063,1
LA_D_6516961,1,0.9313358,1
LA_D_6646969,1,0.98267466,1
LA_D_6733062,1,0.9998205,1
LA_D_6756553,1,0.4692055,0
LA_D_6917442,1,0.99841535,1
LA_D_6919759,1,0.9944299,1
LA_D_7021117,1,0.9990544,1
LA_D_7057765,1,0.9996593,1
LA_D_7074881,1,0.9979261,1
LA_D_7097684,1,0.99211615,1
LA_D_7153183,1,0.9995386,1
LA_D_7501952,1,0.9819319,1
LA_D_7600822,1,0.9908529,1
LA_D_7727446,1,0.99883884,1
LA_D_7730769,1,0.86157286,1
LA_D_7751131,1,0.9996308,1
LA_D_7763180,1,0.9944313,1
LA_D_7765872,1,0.9954395,1
LA_D_7887285,1,0.9994671,1
LA_D_8089934,1,0.9961254,1
LA_D_8215973,1,0.9987201,1
LA_D_8231133,1,0.994969,1
LA_D_8476547,1,0.9894839,1
LA_D_8522983,1,0.9297044,1
LA_D_8554979,1,0.9993271,1
LA_D_8591419,1,0.98956704,1
LA_D_8861489,1,0.9549423,1
LA_D_8880226,1,0.99998057,1
LA_D_8905184,1,0.998993,1
LA_D_8975327,1,0.869915,1
LA_D_8988945,1,0.996714,1
LA_D_9093882,1,0.99936086,1
LA_D_9173254,1,0.9969234,1
LA_D_9195670,1,0.9410376,1
LA_D_9223242,1,0.9201276,1
LA_D_9243355,1,0.9987066,1
LA_D_9256388,1,0.9955723,1
LA_D_9354139,1,0.993361,1
LA_D_9408142,1,0.99979997,1
LA_D_9544806,1,0.9995234,1
LA_D_9559588,1,0.9982262,1
LA_D_9577394,1,0.996887,1
LA_D_9706957,1,0.67902446,1
LA_D_9712400,1,0.9999654,1
LA_D_9764499,1,0.99023026,1
LA_D_9842587,1,0.99985254,1
LA_D_1049549,1,0.9960908,1
LA_D_1076361,1,0.99953514,1
LA_D_1091102,1,0.9996544,1
LA_D_1133998,1,0.9982766,1
LA_D_1223641,1,0.9959514,1
LA_D_1273183,1,0.9995627,1
LA_D_1336215,1,0.99746394,1
LA_D_1337729,1,0.9993481,1
LA_D_1400319,1,0.9996394,1
LA_D_1505756,1,0.9993475,1
LA_D_1511694,1,0.9999684,1
LA_D_1517076,1,0.9994411,1
LA_D_1570970,1,0.9999043,1
LA_D_1585215,1,0.9996555,1
LA_D_1703452,1,0.9997286,1
LA_D_1797978,1,0.99988854,1
LA_D_1829406,1,0.9990482,1
LA_D_1838177,1,0.9985043,1
LA_D_2027122,1,0.9997485,1
LA_D_2120353,1,0.99025637,1
LA_D_2242074,1,0.9996339,1
LA_D_2473174,1,0.9992613,1
LA_D_2576930,1,0.9987845,1
LA_D_2593161,1,0.9976222,1
LA_D_2630434,1,0.9998956,1
LA_D_2639273,1,0.6513293,1
LA_D_2666751,1,0.87813014,1
LA_D_2723178,1,0.99952346,1
LA_D_2740232,1,0.99936134,1
LA_D_2927307,1,0.99971896,1
LA_D_2932112,1,0.9999515,1
LA_D_3155945,1,0.99824286,1
LA_D_3222569,1,0.9999583,1
LA_D_3289496,1,0.99978375,1
LA_D_3319482,1,0.99218714,1
LA_D_3408690,1,0.99990916,1
LA_D_3416238,1,0.9935411,1
LA_D_3500984,1,0.99939156,1
LA_D_3556377,1,0.9992249,1
LA_D_3608670,1,0.9961397,1
LA_D_3703286,1,0.9999155,1
LA_D_3761724,1,0.9997135,1
LA_D_3784822,1,0.9998852,1
LA_D_3878203,1,0.99935526,1
LA_D_3891416,1,0.99882287,1
LA_D_3909550,1,0.99891675,1
LA_D_3912641,1,0.99991894,1
LA_D_4284229,1,0.998483,1
LA_D_4296014,1,0.99963987,1
LA_D_4349047,1,0.9996894,1
LA_D_4359251,1,0.99967355,1
LA_D_4392708,1,0.9998691,1
LA_D_4479461,1,0.99977124,1
LA_D_4494554,1,0.9999565,1
LA_D_4550700,1,0.99854124,1
LA_D_4598473,1,0.99876934,1
LA_D_4608449,1,0.9985221,1
LA_D_4804432,1,0.99679726,1
LA_D_4918840,1,0.9967129,1
LA_D_4966585,1,0.9966516,1
LA_D_5062996,1,0.9996216,1
LA_D_5071715,1,0.9996381,1
LA_D_5107120,1,0.9992987,1
LA_D_5154794,1,0.99921834,1
LA_D_5185995,1,0.9996914,1
LA_D_5273164,1,0.9992275,1
LA_D_5292101,1,0.99834955,1
LA_D_5293101,1,0.99978924,1
LA_D_5326475,1,0.99997675,1
LA_D_5459367,1,0.9988356,1
LA_D_5490922,1,0.9938121,1
LA_D_5666784,1,0.9999045,1
LA_D_5677972,1,0.94173044,1
LA_D_5726006,1,0.9963033,1
LA_D_5939593,1,0.99822444,1
LA_D_5974475,1,0.99968463,1
LA_D_5989374,1,0.99993193,1
LA_D_6134933,1,0.998168,1
LA_D_6189237,1,0.9934451,1
LA_D_6283341,1,0.9987538,1
LA_D_6341313,1,0.99971515,1
LA_D_6375526,1,0.9997168,1
LA_D_6452789,1,0.9994659,1
LA_D_6536846,1,0.8592667,1
LA_D_6544770,1,0.9832598,1
LA_D_6549233,1,0.99955493,1
LA_D_6594571,1,0.99913394,1
LA_D_6610055,1,0.9988267,1
LA_D_6752758,1,0.9999229,1
LA_D_6805066,1,0.99851507,1
LA_D_7071725,1,0.9996684,1
LA_D_7097849,1,0.9994763,1
LA_D_7339633,1,0.99979746,1
LA_D_7629182,1,0.9995796,1
LA_D_7662627,1,0.99991655,1
LA_D_7731192,1,0.9994031,1
LA_D_7812459,1,0.99977744,1
LA_D_7830144,1,0.99977744,1
LA_D_7900736,1,0.99843234,1
LA_D_7944573,1,0.9996905,1
LA_D_7966144,1,0.99956065,1
LA_D_8042945,1,0.9998876,1
LA_D_8094862,1,0.99935204,1
LA_D_8099644,1,0.9994848,1
LA_D_8103476,1,0.9992151,1
LA_D_8184787,1,0.98941094,1
LA_D_8342132,1,0.9994025,1
LA_D_8419568,1,0.9992875,1
LA_D_8436641,1,0.9946631,1
LA_D_8482192,1,0.99998105,1
LA_D_8558274,1,0.9987295,1
LA_D_8587105,1,0.9909635,1
LA_D_8681156,1,0.99976295,1
LA_D_8778186,1,0.99991095,1
LA_D_8792865,1,0.97555655,1
LA_D_8840755,1,0.99963295,1
LA_D_8899535,1,0.99843067,1
LA_D_8988223,1,0.9993975,1
LA_D_9105003,1,0.8099297,1
LA_D_9148460,1,0.9375945,1
LA_D_9169706,1,0.9758623,1
LA_D_9193664,1,0.9929836,1
LA_D_9689549,1,0.99814403,1
LA_D_9741135,1,0.9975083,1
LA_D_9830094,1,0.9987765,1
LA_D_9851890,1,0.98851365,1
LA_D_1086824,1,0.99929833,1
LA_D_1183785,1,0.99786323,1
LA_D_1213994,1,0.9947977,1
LA_D_1253089,1,0.59000677,1
LA_D_1467031,1,0.98970175,1
LA_D_1553644,1,0.99088544,1
LA_D_1597752,1,0.9994454,1
LA_D_1758807,1,0.9992391,1
LA_D_1775211,1,0.9387111,1
LA_D_1861265,1,0.99816763,1
LA_D_1950699,1,0.9983394,1
LA_D_2014253,1,0.9981072,1
LA_D_2139125,1,0.9934771,1
LA_D_2252677,1,0.99848974,1
LA_D_2285682,1,0.99838996,1
LA_D_2302005,1,0.9572189,1
LA_D_2455027,1,0.99246913,1
LA_D_2653208,1,0.99804354,1
LA_D_2654763,1,0.99985933,1
LA_D_2722562,1,0.9990238,1
LA_D_2846692,1,0.99898773,1
LA_D_2871577,1,0.99224854,1
LA_D_2990661,1,0.9998926,1
LA_D_3056969,1,0.98939484,1
LA_D_3075013,1,0.99852777,1
LA_D_3089604,1,0.99943703,1
LA_D_3283135,1,0.9984195,1
LA_D_3387718,1,0.9996734,1
LA_D_3541747,1,0.9996183,1
LA_D_3608903,1,0.99950886,1
LA_D_3773719,1,0.9979614,1
LA_D_3842728,1,0.9999441,1
LA_D_3876757,1,0.9991472,1
LA_D_3952793,1,0.99934477,1
LA_D_3994693,1,0.9960349,1
LA_D_4033472,1,0.9807104,1
LA_D_4149974,1,0.9937929,1
LA_D_4161223,1,0.99932176,1
LA_D_4224972,1,0.9995004,1
LA_D_4289756,1,0.99812025,1
LA_D_4361968,1,0.9974648,1
LA_D_4466001,1,0.9212578,1
LA_D_4494387,1,0.99978375,1
LA_D_4514282,1,0.9873384,1
LA_D_4667936,1,0.8859236,1
LA_D_4670510,1,0.99913406,1
LA_D_4699929,1,0.99747676,1
LA_D_4814376,1,0.9938129,1
LA_D_4963927,1,0.99948835,1
LA_D_5110502,1,0.9989619,1
LA_D_5186221,1,0.99982893,1
LA_D_5261984,1,0.9993826,1
LA_D_5348059,1,0.9975115,1
LA_D_5389440,1,0.89176106,1
LA_D_5417114,1,0.9992698,1
LA_D_5527177,1,0.9977488,1
LA_D_5712579,1,0.997971,1
LA_D_5780144,1,0.92666614,1
LA_D_5791290,1,0.99498284,1
LA_D_5808517,1,0.99819106,1
LA_D_5837272,1,0.9907623,1
LA_D_5881435,1,0.9706523,1
LA_D_5957210,1,0.99931026,1
LA_D_6023315,1,0.99864537,1
LA_D_6033972,1,0.9985091,1
LA_D_6035951,1,0.9999269,1
LA_D_6038297,1,0.9980666,1
LA_D_6127522,1,0.98664016,1
LA_D_6128469,1,0.9988223,1
LA_D_6226339,1,0.9980823,1
LA_D_6330573,1,0.99782205,1
LA_D_6401877,1,0.999282,1
LA_D_6415819,1,0.99923813,1
LA_D_6433438,1,0.99302906,1
LA_D_6458498,1,0.98922396,1
LA_D_6482453,1,0.92552227,1
LA_D_6486117,1,0.99975234,1
LA_D_6710190,1,0.15348892,0
LA_D_6903853,1,0.99936914,1
LA_D_6911536,1,0.9993186,1
LA_D_6972066,1,0.9998456,1
LA_D_7014889,1,0.9975331,1
LA_D_7050071,1,0.99173594,1
LA_D_7109425,1,0.9334806,1
LA_D_7250160,1,0.997227,1
LA_D_7272195,1,0.9988588,1
LA_D_7385359,1,0.9992374,1
LA_D_7426346,1,0.99707794,1
LA_D_7447418,1,0.9953167,1
LA_D_7561369,1,0.8086162,1
LA_D_7617208,1,0.99723154,1
LA_D_7742504,1,0.9967951,1
LA_D_7757579,1,0.9960471,1
LA_D_7769284,1,0.99957734,1
LA_D_7998237,1,0.99718994,1
LA_D_8045816,1,0.9991478,1
LA_D_8087859,1,0.99979067,1
LA_D_8110718,1,0.9993233,1
LA_D_8213223,1,0.99734485,1
LA_D_8238260,1,0.98937094,1
LA_D_8351256,1,0.9564402,1
LA_D_8364855,1,0.9846304,1
LA_D_8438363,1,0.9976519,1
LA_D_8463557,1,0.9995772,1
LA_D_8565008,1,0.9992742,1
LA_D_8635731,1,0.998968,1
LA_D_8658970,1,0.9974692,1
LA_D_8691545,1,0.91873103,1
LA_D_8718356,1,0.9991818,1
LA_D_9026368,1,0.9976857,1
LA_D_9091023,1,0.9927269,1
LA_D_9222965,1,0.999697,1
LA_D_9357270,1,0.98581576,1
LA_D_9385770,1,0.99968797,1
LA_D_9386152,1,0.9967728,1
LA_D_9386892,1,0.9980355,1
LA_D_9422157,1,0.99892765,1
LA_D_9442238,1,0.989935,1
LA_D_9452854,1,0.9489757,1
LA_D_9622791,1,0.9973109,1
LA_D_9628533,1,0.99676406,1
LA_D_9706532,1,0.99393135,1
LA_D_9770200,1,0.70471394,1
LA_D_9820905,1,0.98871696,1
LA_D_9829008,1,0.99527276,1
LA_D_9922523,1,0.9848779,1
LA_D_1133069,1,0.9999255,1
LA_D_1301234,1,0.9996594,1
LA_D_1722779,1,0.99544424,1
LA_D_1732752,1,0.9992813,1
LA_D_1842990,1,0.9986242,1
LA_D_2095392,1,0.9996098,1
LA_D_2338525,1,0.99890804,1
LA_D_2644387,1,0.9995809,1
LA_D_2773764,1,0.9998728,1
LA_D_2896082,1,0.99988055,1
LA_D_3075580,1,0.9996619,1
LA_D_3084702,1,0.99978995,1
LA_D_3163255,1,0.99152535,1
LA_D_3169410,1,0.99971455,1
LA_D_3229215,1,0.99979234,1
LA_D_3377698,1,0.99873203,1
LA_D_3406247,1,0.9996844,1
LA_D_3494648,1,0.98353094,1
LA_D_3564164,1,0.9988117,1
LA_D_3569824,1,0.9999455,1
LA_D_3601430,1,0.99972945,1
LA_D_3631999,1,0.99957234,1
LA_D_3669578,1,0.9958918,1
LA_D_3892057,1,0.9992957,1
LA_D_4318753,1,0.99902153,1
LA_D_4546481,1,0.9994487,1
LA_D_4586853,1,0.9984321,1
LA_D_4666647,1,0.99874145,1
LA_D_4784827,1,0.9990305,1
LA_D_4811625,1,0.9990201,1
LA_D_4821411,1,0.9995809,1
LA_D_4897076,1,0.9998796,1
LA_D_4917895,1,0.9993612,1
LA_D_5011714,1,0.9993745,1
LA_D_5197000,1,0.97854835,1
LA_D_5224129,1,0.99218833,1
LA_D_5445641,1,0.99900347,1
LA_D_5567251,1,0.99994683,1
LA_D_5654315,1,0.9992685,1
LA_D_5719323,1,0.99985325,1
LA_D_5758976,1,0.9991363,1
LA_D_5806611,1,0.99998045,1
LA_D_5903873,1,0.99953526,1
LA_D_6138839,1,0.9991887,1
LA_D_6153942,1,0.9985734,1
LA_D_6160000,1,0.9987161,1
LA_D_6266806,1,0.99802125,1
LA_D_6325680,1,0.9996837,1
LA_D_6368049,1,0.9998666,1
LA_D_6475261,1,0.9999113,1
LA_D_6478753,1,0.997982,1
LA_D_6495848,1,0.99959564,1
LA_D_6529379,1,0.9999522,1
LA_D_6617994,1,0.9992819,1
LA_D_6749101,1,0.99998045,1
LA_D_6939541,1,0.99980855,1
LA_D_7261120,1,0.99950755,1
LA_D_7267402,1,0.99903166,1
LA_D_7304634,1,0.9981552,1
LA_D_7314322,1,0.9991209,1
LA_D_7333352,1,0.99932665,1
LA_D_7407432,1,0.9995535,1
LA_D_7496196,1,0.9991303,1
LA_D_7718050,1,0.9992056,1
LA_D_7866849,1,0.9964884,1
LA_D_7883377,1,0.99954647,1
LA_D_8263452,1,0.99983764,1
LA_D_8289522,1,0.9988925,1
LA_D_8494760,1,0.9999813,1
LA_D_8671896,1,0.99987733,1
LA_D_8863380,1,0.9941969,1
LA_D_9382979,1,0.99876803,1
LA_D_9417900,1,0.9995203,1
LA_D_9451365,1,0.99992585,1
LA_D_9580426,1,0.99959373,1
LA_D_9668611,1,0.9904334,1
LA_D_9834938,1,0.9988977,1
LA_D_1026868,1,0.99406445,1
LA_D_1105489,1,0.999776,1
LA_D_1152692,1,0.9994163,1
LA_D_1179848,1,0.9983228,1
LA_D_1240976,1,0.9994505,1
LA_D_1323454,1,0.9888319,1
LA_D_1361417,1,0.9999188,1
LA_D_1500993,1,0.9986387,1
LA_D_1640497,1,0.99892277,1
LA_D_1648291,1,0.9977367,1
LA_D_1716033,1,0.9989692,1
LA_D_1721527,1,0.9982944,1
LA_D_1796445,1,0.99970025,1
LA_D_1805177,1,0.986834,1
LA_D_1877105,1,0.9940986,1
LA_D_2265315,1,0.9950044,1
LA_D_2322081,1,0.99972564,1
LA_D_2334588,1,0.99988806,1
LA_D_2466781,1,0.99907756,1
LA_D_2609323,1,0.9994949,1
LA_D_2712599,1,0.9983576,1
LA_D_2731741,1,0.99944407,1
LA_D_2756724,1,0.99459684,1
LA_D_2811662,1,0.998437,1
LA_D_2817557,1,0.998536,1
LA_D_3080108,1,0.9993881,1
LA_D_3198087,1,0.9981206,1
LA_D_3251058,1,0.9992273,1
LA_D_3306187,1,0.9998673,1
LA_D_3410479,1,0.9866278,1
LA_D_3475865,1,0.99492216,1
LA_D_3476956,1,0.99601257,1
LA_D_3483451,1,0.9997336,1
LA_D_3542619,1,0.99334395,1
LA_D_3781670,1,0.9996402,1
LA_D_3792397,1,0.9967655,1
LA_D_3797749,1,0.9995179,1
LA_D_3895551,1,0.9983217,1
LA_D_3977034,1,0.99714655,1
LA_D_4043027,1,0.99940836,1
LA_D_4043306,1,0.9975141,1
LA_D_4106360,1,0.9990089,1
LA_D_4195342,1,0.99836737,1
LA_D_4198004,1,0.9981067,1
LA_D_4354056,1,0.9997209,1
LA_D_4402714,1,0.9998683,1
LA_D_4469053,1,0.9998187,1
LA_D_4606442,1,0.994074,1
LA_D_4757475,1,0.9998536,1
LA_D_4767028,1,0.9985001,1
LA_D_4828901,1,0.9997373,1
LA_D_4964260,1,0.9981041,1
LA_D_5110992,1,0.9839929,1
LA_D_5312350,1,0.9999089,1
LA_D_5345225,1,0.9985403,1
LA_D_5349132,1,0.9990239,1
LA_D_5416674,1,0.9939084,1
LA_D_5541379,1,0.99919075,1
LA_D_5636069,1,0.9997216,1
LA_D_5673436,1,0.9993287,1
LA_D_5676897,1,0.99479735,1
LA_D_5712684,1,0.9956845,1
LA_D_5796246,1,0.99855536,1
LA_D_5891453,1,0.99209046,1
LA_D_5925557,1,0.99947464,1
LA_D_6198746,1,0.9996464,1
LA_D_6223286,1,0.984278,1
LA_D_6263129,1,0.9995103,1
LA_D_6288787,1,0.9992912,1
LA_D_6289788,1,0.99987173,1
LA_D_6311046,1,0.99959886,1
LA_D_6382055,1,0.9991474,1
LA_D_6570628,1,0.99906415,1
LA_D_6593270,1,0.99918026,1
LA_D_6701963,1,0.9993499,1
LA_D_6716159,1,0.9995153,1
LA_D_6728141,1,0.9990364,1
LA_D_6795264,1,0.9995658,1
LA_D_6842136,1,0.9969091,1
LA_D_6876630,1,0.97576886,1
LA_D_6935031,1,0.99992335,1
LA_D_6963411,1,0.9990558,1
LA_D_6984595,1,0.9997336,1
LA_D_6994349,1,0.9997941,1
LA_D_7066960,1,0.99976295,1
LA_D_7271587,1,0.9943773,1
LA_D_7277373,1,0.99994946,1
LA_D_7467696,1,0.9994678,1
LA_D_7485630,1,0.99781156,1
LA_D_7510202,1,0.999363,1
LA_D_7570899,1,0.9959455,1
LA_D_7596619,1,0.9933791,1
LA_D_7605953,1,0.9985777,1
LA_D_7611990,1,0.9991404,1
LA_D_7720126,1,0.99754864,1
LA_D_7790850,1,0.98868257,1
LA_D_7796753,1,0.9993111,1
LA_D_7871009,1,0.9990404,1
LA_D_8055872,1,0.99988914,1
LA_D_8076309,1,0.99659115,1
LA_D_8100591,1,0.98994887,1
LA_D_8142373,1,0.9996401,1
LA_D_8161159,1,0.9998429,1
LA_D_8397551,1,0.9992956,1
LA_D_8413105,1,0.9998187,1
LA_D_8433898,1,0.99893457,1
LA_D_8498981,1,0.99970216,1
LA_D_8577756,1,0.9985261,1
LA_D_8594051,1,0.9986588,1
LA_D_8620622,1,0.9995036,1
LA_D_8814488,1,0.9993923,1
LA_D_8899399,1,0.99935836,1
LA_D_8933570,1,0.9985709,1
LA_D_8986360,1,0.99474925,1
LA_D_8993681,1,0.9989819,1
LA_D_9040602,1,0.9988672,1
LA_D_9323815,1,0.99920833,1
LA_D_9406266,1,0.9924472,1
LA_D_9441585,1,0.9991325,1
LA_D_9487961,1,0.9973674,1
LA_D_9549607,1,0.99991155,1
LA_D_9567593,1,0.9997415,1
LA_D_9568749,1,0.88789904,1
LA_D_9758147,1,0.9997167,1
LA_D_9965439,1,0.9998175,1
LA_D_9980740,1,0.99831814,1
LA_D_1118839,1,0.99756503,1
LA_D_1312411,1,0.9990202,1
LA_D_1424876,1,0.99848384,1
LA_D_1594317,1,0.9961283,1
LA_D_1705487,1,0.9973162,1
LA_D_1710314,1,0.9991387,1
LA_D_1739595,1,0.99678516,1
LA_D_1773726,1,0.9982937,1
LA_D_1793763,1,0.99993205,1
LA_D_1823771,1,0.9999931,1
LA_D_1841270,1,0.99775225,1
LA_D_1863167,1,0.9985874,1
LA_D_1930986,1,0.9897028,1
LA_D_1932175,1,0.40364465,0
LA_D_1955388,1,0.9992495,1
LA_D_2004845,1,0.999116,1
LA_D_2019918,1,0.93433803,1
LA_D_2302632,1,0.9686174,1
LA_D_2413566,1,0.9976769,1
LA_D_2589925,1,0.98786664,1
LA_D_2622953,1,0.6060594,1
LA_D_2865796,1,0.99797887,1
LA_D_2910448,1,0.99508685,1
LA_D_2946881,1,0.9989593,1
LA_D_2996762,1,0.9416923,1
LA_D_3131236,1,0.974113,1
LA_D_3286517,1,0.9989926,1
LA_D_3329060,1,0.9862361,1
LA_D_3366735,1,0.9990658,1
LA_D_3401409,1,0.9970106,1
LA_D_3479802,1,0.9826073,1
LA_D_3497637,1,0.9986891,1
LA_D_3524266,1,0.8865297,1
LA_D_3562432,1,0.9980344,1
LA_D_3608178,1,0.9550538,1
LA_D_3678841,1,0.98176575,1
LA_D_3760202,1,0.99815387,1
LA_D_3768511,1,0.98956645,1
LA_D_3790692,1,0.9779664,1
LA_D_3897229,1,0.99985766,1
LA_D_3985682,1,0.9972211,1
LA_D_4159059,1,0.9992443,1
LA_D_4175940,1,0.99805427,1
LA_D_4226294,1,0.86441034,1
LA_D_4247411,1,0.9987569,1
LA_D_4334876,1,0.99592185,1
LA_D_4337768,1,0.91486377,1
LA_D_4366209,1,0.81633955,1
LA_D_4378600,1,0.9972874,1
LA_D_4766808,1,0.997672,1
LA_D_4767218,1,0.99612087,1
LA_D_4882695,1,0.897843,1
LA_D_4926366,1,0.9940245,1
LA_D_4928049,1,0.98853326,1
LA_D_4932722,1,0.99046004,1
LA_D_4941205,1,0.99972624,1
LA_D_4988680,1,0.9995262,1
LA_D_5045373,1,0.9977476,1
LA_D_5093056,1,0.059769716,0
LA_D_5113023,1,0.99822384,1
LA_D_5162129,1,0.9981427,1
LA_D_5171009,1,0.99926394,1
LA_D_5178435,1,0.7365043,1
LA_D_5374875,1,0.9880931,1
LA_D_5498186,1,0.9969414,1
LA_D_5510627,1,0.99500406,1
LA_D_5540152,1,0.99913156,1
LA_D_5611098,1,0.9983172,1
LA_D_5704754,1,0.9927384,1
LA_D_5786812,1,0.9276224,1
LA_D_5852535,1,0.97169733,1
LA_D_5884918,1,0.9927886,1
LA_D_6042898,1,0.88446736,1
LA_D_6122499,1,0.8520305,1
LA_D_6141636,1,0.9992912,1
LA_D_6208971,1,0.9990959,1
LA_D_6228524,1,0.98292166,1
LA_D_6273901,1,0.986687,1
LA_D_6316902,1,0.9944787,1
LA_D_6323762,1,0.9927793,1
LA_D_6375447,1,0.99986565,1
LA_D_6398436,1,0.9989749,1
LA_D_6446182,1,0.9997588,1
LA_D_6484000,1,0.9639058,1
LA_D_6509046,1,0.9916476,1
LA_D_6548870,1,0.9695439,1
LA_D_6618919,1,0.972911,1
LA_D_6716648,1,0.9665688,1
LA_D_6777979,1,0.98950046,1
LA_D_6838449,1,0.9964413,1
LA_D_6986371,1,0.9845729,1
LA_D_7025552,1,0.99098,1
LA_D_7143144,1,0.96635914,1
LA_D_7174977,1,0.9989549,1
LA_D_7234581,1,0.9931114,1
LA_D_7314001,1,0.9987804,1
LA_D_7433591,1,0.88169736,1
LA_D_7446319,1,0.9909282,1
LA_D_7700830,1,0.9583271,1
LA_D_7945965,1,0.98845404,1
LA_D_8008117,1,0.98828375,1
LA_D_8101504,1,0.9779693,1
LA_D_8163895,1,0.9003278,1
LA_D_8179754,1,0.9991972,1
LA_D_8187537,1,0.99239796,1
LA_D_8267383,1,0.9980743,1
LA_D_8316995,1,0.8896917,1
LA_D_8322305,1,0.9940183,1
LA_D_8377433,1,0.9663704,1
LA_D_8429108,1,0.99880254,1
LA_D_8448033,1,0.9970739,1
LA_D_8538667,1,0.9992312,1
LA_D_8556149,1,0.9985598,1
LA_D_8559056,1,0.9943151,1
LA_D_8760685,1,0.99641186,1
LA_D_8814402,1,0.989455,1
LA_D_9051118,1,0.9854916,1
LA_D_9064936,1,0.9989579,1
LA_D_9110661,1,0.9957527,1
LA_D_9121123,1,0.8996991,1
LA_D_9526703,1,0.9953239,1
LA_D_9543794,1,0.9860505,1
LA_D_9610405,1,0.8893417,1
LA_D_9762038,1,0.9988048,1
LA_D_9822511,1,0.99881417,1
LA_D_9835881,1,0.99930334,1
LA_D_1060968,1,0.99984384,1
LA_D_1234829,1,0.99973184,1
LA_D_1239715,1,0.99950504,1
LA_D_1275044,1,0.9999851,1
LA_D_1288217,1,0.9995615,1
LA_D_1462484,1,0.99986947,1
LA_D_1482998,1,0.9999602,1
LA_D_1500385,1,0.9995192,1
LA_D_1519237,1,0.9999398,1
LA_D_1520830,1,0.9842318,1
LA_D_1644764,1,0.9732755,1
LA_D_1760472,1,0.9995323,1
LA_D_1786730,1,0.99877006,1
LA_D_1805483,1,0.9998932,1
LA_D_2035158,1,0.99993515,1
LA_D_2130605,1,0.9973266,1
LA_D_2156985,1,0.9998616,1
LA_D_2212414,1,0.9994838,1
LA_D_2230192,1,0.9998064,1
LA_D_2365147,1,0.99980545,1
LA_D_2375008,1,0.99866474,1
LA_D_2412960,1,0.9996696,1
LA_D_2531373,1,0.99997604,1
LA_D_2590726,1,0.9997378,1
LA_D_2612254,1,0.99956256,1
LA_D_2655610,1,0.9999137,1
LA_D_2733428,1,0.9983347,1
LA_D_2774468,1,0.99988925,1
LA_D_2852000,1,0.9998735,1
LA_D_2866947,1,0.99806505,1
LA_D_2989479,1,0.99795556,1
LA_D_3029021,1,0.9999131,1
LA_D_3061050,1,0.99276936,1
LA_D_3100616,1,0.99994934,1
LA_D_3122510,1,0.99989736,1
LA_D_3170420,1,0.9999852,1
LA_D_3233966,1,0.99993277,1
LA_D_3258501,1,0.9999354,1
LA_D_3312475,1,0.99897015,1
LA_D_3409145,1,0.9969588,1
LA_D_3467485,1,0.99957293,1
LA_D_3526413,1,0.99882525,1
LA_D_3770674,1,0.9985116,1
LA_D_3810542,1,0.99970084,1
LA_D_3851996,1,0.9989378,1
LA_D_4013164,1,0.9995716,1
LA_D_4124707,1,0.9999131,1
LA_D_4174389,1,0.99997866,1
LA_D_4235390,1,0.9996005,1
LA_D_4274975,1,0.9970018,1
LA_D_4367665,1,0.9550665,1
LA_D_4422512,1,0.99960995,1
LA_D_4445250,1,0.9998735,1
LA_D_4468016,1,0.99927646,1
LA_D_4489969,1,0.9999225,1
LA_D_4603625,1,0.9995251,1
LA_D_4620892,1,0.99995637,1
LA_D_4723647,1,0.9957847,1
LA_D_4834228,1,0.99943227,1
LA_D_4867067,1,0.9992342,1
LA_D_4876121,1,0.9999577,1
LA_D_5056218,1,0.9996073,1
LA_D_5355457,1,0.99984026,1
LA_D_5411434,1,0.99942464,1
LA_D_5425829,1,0.99971384,1
LA_D_5463444,1,0.99911577,1
LA_D_5841267,1,0.9997037,1
LA_D_5898234,1,0.99948335,1
LA_D_5927388,1,0.9991373,1
LA_D_6005916,1,0.99986446,1
LA_D_6068075,1,0.99941194,1
LA_D_6254318,1,0.9999138,1
LA_D_6287239,1,0.9996253,1
LA_D_6289317,1,0.999979,1
LA_D_6435582,1,0.9999392,1
LA_D_6487933,1,0.9959929,1
LA_D_6642454,1,0.9995986,1
LA_D_6650126,1,0.964792,1
LA_D_6668024,1,0.99866414,1
LA_D_6681710,1,0.99934167,1
LA_D_6704472,1,0.99965966,1
LA_D_6710328,1,0.99994516,1
LA_D_6843468,1,0.9999126,1
LA_D_6868998,1,0.9991252,1
LA_D_6874297,1,0.9996845,1
LA_D_6931611,1,0.9993154,1
LA_D_6980166,1,0.99944097,1
LA_D_7039466,1,0.9999428,1
LA_D_7114977,1,0.9999913,1
LA_D_7238018,1,0.9997528,1
LA_D_7253146,1,0.99995184,1
LA_D_7464682,1,0.9996688,1
LA_D_7509663,1,0.99998116,1
LA_D_7550546,1,0.99980474,1
LA_D_7556397,1,0.99929583,1
LA_D_7707754,1,0.9988373,1
LA_D_7765088,1,0.9997833,1
LA_D_7822260,1,0.9996301,1
LA_D_7982514,1,0.9986934,1
LA_D_8061400,1,0.99842346,1
LA_D_8073490,1,0.99991035,1
LA_D_8103599,1,0.9266506,1
LA_D_8222020,1,0.9993244,1
LA_D_8237075,1,0.999723,1
LA_D_8705922,1,0.9995777,1
LA_D_8715868,1,0.99995387,1
LA_D_8729758,1,0.9998684,1
LA_D_8844357,1,0.99995995,1
LA_D_8936540,1,0.9961987,1
LA_D_8942125,1,0.9999213,1
LA_D_8980393,1,0.99993575,1
LA_D_9027095,1,0.9952984,1
LA_D_9146484,1,0.99991405,1
LA_D_9272636,1,0.99978185,1
LA_D_9300277,1,0.999627,1
LA_D_9366582,1,0.9997136,1
LA_D_9480023,1,0.9988901,1
LA_D_9496441,1,0.9845761,1
LA_D_9508570,1,0.99980414,1
LA_D_9512174,1,0.9999846,1
LA_D_9523504,1,0.99994135,1
LA_D_9561057,1,0.99913824,1
LA_D_9623720,1,0.99997866,1
LA_D_9841321,1,0.9999833,1
LA_D_9841868,1,0.94738966,1
LA_D_9899632,1,0.9992605,1
LA_D_1008730,0,0.0027091687,0
LA_D_1034049,0,0.0012678257,0
LA_D_1048723,0,0.0088919895,0
LA_D_1067573,0,0.0019785103,0
LA_D_1091909,0,0.0022195429,0
LA_D_1092958,0,0.0024648868,0
LA_D_1095842,0,0.0015606455,0
LA_D_1101986,0,0.0003857443,0
LA_D_1106597,0,0.0023879248,0
LA_D_1125548,0,0.002563247,0
LA_D_1139972,0,0.0028279568,0
LA_D_1167943,0,0.003616041,0
LA_D_1184848,0,0.0013733897,0
LA_D_1232522,0,0.0022080024,0
LA_D_1268902,0,0.003965919,0
LA_D_1290841,0,0.00094648305,0
LA_D_1304826,0,0.0007206636,0
LA_D_1334436,0,0.005342075,0
LA_D_1339468,0,0.005248126,0
LA_D_1345527,0,0.0002904509,0
LA_D_1363550,0,0.0011328415,0
LA_D_1389822,0,0.00096147717,0
LA_D_1428755,0,0.0020422789,0
LA_D_1478460,0,0.0016094056,0
LA_D_1506986,0,0.0018269349,0
LA_D_1533769,0,0.0026671574,0
LA_D_1579380,0,0.0011475355,0
LA_D_1594852,0,0.0021970388,0
LA_D_1637329,0,0.0031919202,0
LA_D_1681095,0,0.0018890711,0
LA_D_1701829,0,0.0011439349,0
LA_D_1720321,0,0.00059272494,0
LA_D_1738496,0,0.0012441452,0
LA_D_1809605,0,0.0027273535,0
LA_D_1833862,0,0.0013721688,0
LA_D_1842805,0,0.0016619317,0
LA_D_1861001,0,0.0010305597,0
LA_D_1886121,0,0.0018831188,0
LA_D_1893715,0,0.0031323128,0
LA_D_1933398,0,0.0032780047,0
LA_D_1948635,0,0.0022864575,0
LA_D_1949036,0,0.002080156,0
LA_D_1959675,0,0.0009534241,0
LA_D_2006889,0,0.004055755,0
LA_D_2018773,0,0.002037208,0
LA_D_2026146,0,0.00065315014,0
LA_D_2028805,0,0.003467201,0
LA_D_2032476,0,0.005502131,0
LA_D_2038170,0,0.0033674045,0
LA_D_2185362,0,0.0035865032,0
LA_D_2212426,0,0.0023733522,0
LA_D_2220720,0,0.0050900243,0
LA_D_2239661,0,0.0030372748,0
LA_D_2291264,0,0.0021686608,0
LA_D_2331981,0,0.0020576625,0
LA_D_2333541,0,0.0014180669,0
LA_D_2334188,0,0.0031452943,0
LA_D_2340825,0,0.00159806,0
LA_D_2363183,0,0.0011063373,0
LA_D_2367899,0,0.005874507,0
LA_D_2369833,0,0.006691101,0
LA_D_2389494,0,0.002340923,0
LA_D_2390711,0,0.002089662,0
LA_D_2416538,0,0.0019762237,0
LA_D_2417895,0,0.0013462257,0
LA_D_2427933,0,0.004877706,0
LA_D_2449712,0,0.002656131,0
LA_D_2453330,0,0.0020591805,0
LA_D_2472289,0,0.002508751,0
LA_D_2496514,0,0.002126451,0
LA_D_2571019,0,0.0050343955,0
LA_D_2654479,0,0.0014904431,0
LA_D_2670696,0,0.0020389268,0
LA_D_2689476,0,0.0019227583,0
LA_D_2741757,0,0.000645824,0
LA_D_2754300,0,0.00213754,0
LA_D_2760189,0,0.0010313008,0
LA_D_2803648,0,0.0017254485,0
LA_D_2813590,0,0.0018154737,0
LA_D_2862236,0,0.0015681606,0
LA_D_2920009,0,0.0022562526,0
LA_D_2938440,0,0.0013364765,0
LA_D_2942769,0,0.0026728814,0
LA_D_2945850,0,0.003998006,0
LA_D_2973553,0,0.0025732769,0
LA_D_2975559,0,0.002762481,0
LA_D_2977712,0,0.0025120417,0
LA_D_2996902,0,0.0030178158,0
LA_D_3019059,0,0.0031887295,0
LA_D_3024431,0,0.0036961793,0
LA_D_3027894,0,0.001214867,0
LA_D_3040671,0,0.0014286579,0
LA_D_3079188,0,0.0014235841,0
LA_D_3082795,0,0.0011864817,0
LA_D_3086617,0,0.00420504,0
LA_D_3096505,0,0.004146586,0
LA_D_3137946,0,0.003403429,0
LA_D_3141328,0,0.0004743901,0
LA_D_3158870,0,0.0006859279,0
LA_D_3179640,0,0.004538499,0
LA_D_3189395,0,0.0005692768,0
LA_D_3196844,0,0.004036875,0
LA_D_3206059,0,0.00480273,0
LA_D_3207844,0,0.0022815154,0
LA_D_3232399,0,0.00026259208,0
LA_D_3267875,0,0.0027247132,0
LA_D_3273748,0,0.0021894022,0
LA_D_3317455,0,0.0042434908,0
LA_D_3338105,0,0.0010512037,0
LA_D_3349138,0,0.00087476766,0
LA_D_3363997,0,0.00045473076,0
LA_D_3420613,0,0.0014246242,0
LA_D_3469063,0,0.0043148967,0
LA_D_3499817,0,0.0014037164,0
LA_D_3537389,0,0.0015109191,0
LA_D_3580750,0,0.001983811,0
LA_D_3606059,0,0.0026131808,0
LA_D_3655523,0,0.0044634743,0
LA_D_3661966,0,0.00039861604,0
LA_D_3669523,0,0.0011676986,0
LA_D_3706017,0,0.001203636,0
LA_D_3809572,0,0.0017193927,0
LA_D_3850569,0,0.0016656003,0
LA_D_3850592,0,0.0013088431,0
LA_D_3871221,0,0.0027439685,0
LA_D_3880703,0,0.001973392,0
LA_D_3901694,0,0.00046187945,0
LA_D_3913268,0,0.0048618284,0
LA_D_3918940,0,0.00076852576,0
LA_D_3934256,0,0.0030071181,0
LA_D_3942815,0,0.002118738,0
LA_D_3965390,0,0.00043306247,0
LA_D_3977949,0,0.0016090125,0
LA_D_4019454,0,0.0022607453,0
LA_D_4020482,0,0.0019148871,0
LA_D_4021951,0,0.0024597791,0
LA_D_4023153,0,0.0008199961,0
LA_D_4024955,0,0.0066159824,0
LA_D_4078686,0,0.0032387944,0
LA_D_4090883,0,0.0022379477,0
LA_D_4103705,0,0.0007639494,0
LA_D_4155281,0,0.00034284685,0
LA_D_4182803,0,0.002114356,0
LA_D_4207466,0,0.0025432268,0
LA_D_4287808,0,0.0031629584,0
LA_D_4343346,0,0.0029167773,0
LA_D_4348695,0,0.0040908684,0
LA_D_4357228,0,0.0009995641,0
LA_D_4359554,0,0.0035348665,0
LA_D_4411086,0,0.0014787553,0
LA_D_4500571,0,0.012831285,0
LA_D_4517917,0,0.003574853,0
LA_D_4531208,0,0.0024017158,0
LA_D_4596767,0,0.0047253272,0
LA_D_4614043,0,0.0013714593,0
LA_D_4617898,0,0.0008811531,0
LA_D_4630094,0,0.0025892104,0
LA_D_4637634,0,0.0066185333,0
LA_D_4649975,0,0.0011059707,0
LA_D_4708084,0,0.0011692318,0
LA_D_4717036,0,0.004139413,0
LA_D_4749654,0,0.0029394724,0
LA_D_4763438,0,0.0008683313,0
LA_D_4782717,0,0.003397868,0
LA_D_4837097,0,0.0018645127,0
LA_D_4846136,0,0.009938577,0
LA_D_4857135,0,0.001380218,0
LA_D_4859623,0,0.0022035986,0
LA_D_4883317,0,0.0014028316,0
LA_D_4887952,0,0.0020294124,0
LA_D_4948572,0,0.0017488076,0
LA_D_4954963,0,0.0023981633,0
LA_D_4965110,0,0.0039361343,0
LA_D_5017526,0,0.0014325734,0
LA_D_5031694,0,0.0018101559,0
LA_D_5044815,0,0.003970195,0
LA_D_5056462,0,0.0022834137,0
LA_D_5072645,0,0.0027969903,0
LA_D_5084431,0,0.0019572014,0
LA_D_5090868,0,0.0030134548,0
LA_D_5156272,0,0.0018485211,0
LA_D_5166255,0,0.0015900885,0
LA_D_5169163,0,0.0022981612,0
LA_D_5173305,0,0.003257874,0
LA_D_5205528,0,0.0031824973,0
LA_D_5209137,0,0.0014495419,0
LA_D_5221571,0,0.0021374605,0
LA_D_5221844,0,0.0037977882,0
LA_D_5233422,0,0.011618698,0
LA_D_5272208,0,0.00089981843,0
LA_D_5285856,0,0.00177546,0
LA_D_5303438,0,0.0011869005,0
LA_D_5307429,0,0.0020724374,0
LA_D_5346441,0,0.0018296011,0
LA_D_5379113,0,0.0032902588,0
LA_D_5423215,0,0.0010630206,0
LA_D_5461745,0,0.0011569551,0
LA_D_5505761,0,0.002865387,0
LA_D_5508053,0,0.0034396858,0
LA_D_5509091,0,0.0016576262,0
LA_D_5533690,0,0.0011271326,0
LA_D_5554577,0,0.0027307447,0
LA_D_5559396,0,0.003948378,0
LA_D_5631440,0,0.004761604,0
LA_D_5631742,0,0.0040617385,0
LA_D_5649386,0,0.0034156572,0
LA_D_5684579,0,0.0019228644,0
LA_D_5722960,0,0.0025616714,0
LA_D_5727966,0,0.004301401,0
LA_D_5753732,0,0.00091168296,0
LA_D_5756742,0,0.0019844237,0
LA_D_5794061,0,0.0018283849,0
LA_D_5812862,0,0.003667341,0
LA_D_5849740,0,0.0021691767,0
LA_D_5850542,0,0.0012171175,0
LA_D_5875571,0,0.0016955497,0
LA_D_5898933,0,0.00159053,0
LA_D_5914542,0,0.0018395081,0
LA_D_5944829,0,0.0011760208,0
LA_D_5951342,0,0.0009353956,0
LA_D_5957150,0,0.0047244327,0
LA_D_6007363,0,0.0028544893,0
LA_D_6011759,0,0.0021073802,0
LA_D_6017071,0,0.0046865707,0
LA_D_6028658,0,0.0023094632,0
LA_D_6038193,0,0.0031909642,0
LA_D_6052299,0,0.0036377823,0
LA_D_6054576,0,0.0013491818,0
LA_D_6060802,0,0.0033325644,0
LA_D_6075514,0,0.0035253477,0
LA_D_6081087,0,0.0025631445,0
LA_D_6102176,0,0.0027520903,0
LA_D_6139929,0,0.0021745379,0
LA_D_6162276,0,0.0027888003,0
LA_D_6170385,0,0.005925028,0
LA_D_6180723,0,0.002719032,0
LA_D_6182559,0,0.00039865365,0
LA_D_6192621,0,0.0020608,0
LA_D_6204835,0,0.0024944274,0
LA_D_6238274,0,0.005319845,0
LA_D_6251391,0,0.0032649701,0
LA_D_6341229,0,0.0027142495,0
LA_D_6347672,0,0.0019862764,0
LA_D_6370184,0,0.00074293994,0
LA_D_6373370,0,0.0034377105,0
LA_D_6381970,0,0.0017588071,0
LA_D_6409383,0,0.0038437853,0
LA_D_6416557,0,0.0032775325,0
LA_D_6462406,0,0.0041379277,0
LA_D_6469114,0,0.0021662186,0
LA_D_6493807,0,0.005071371,0
LA_D_6498199,0,0.0034789247,0
LA_D_6505587,0,0.0037880891,0
LA_D_6507705,0,0.0041889697,0
LA_D_6561658,0,0.00136802,0
LA_D_6566262,0,0.0035716887,0
LA_D_6584040,0,0.0018169327,0
LA_D_6589773,0,0.003956963,0
LA_D_6596581,0,0.0026317067,0
LA_D_6599472,0,0.0034315344,0
LA_D_6701296,0,0.0029772073,0
LA_D_6712123,0,0.002273532,0
LA_D_6731611,0,0.0011619948,0
LA_D_6733078,0,0.00063649716,0
LA_D_6764827,0,0.0019687393,0
LA_D_6777418,0,0.0019901008,0
LA_D_6796553,0,0.0010747028,0
LA_D_6824279,0,0.0035419988,0
LA_D_6826321,0,0.0009088438,0
LA_D_6866089,0,0.000979905,0
LA_D_6933438,0,0.005125701,0
LA_D_6951638,0,0.0028273424,0
LA_D_7002487,0,0.0025365513,0
LA_D_7012818,0,0.0011499067,0
LA_D_7032809,0,0.0018681829,0
LA_D_7039871,0,0.00092880207,0
LA_D_7090389,0,0.0018463519,0
LA_D_7091896,0,0.002402412,0
LA_D_7093411,0,0.005122961,0
LA_D_7109829,0,0.0023985396,0
LA_D_7116705,0,0.0047903657,0
LA_D_7130899,0,0.00052520074,0
LA_D_7147397,0,0.0031370597,0
LA_D_7162377,0,0.0020933822,0
LA_D_7167011,0,0.0062103877,0
LA_D_7169485,0,0.0005079938,0
LA_D_7249283,0,0.0029692703,0
LA_D_7254578,0,0.0032590602,0
LA_D_7259600,0,0.0024626767,0
LA_D_7262880,0,0.0014387772,0
LA_D_7276589,0,0.001544305,0
LA_D_7302504,0,0.000813472,0
LA_D_7339034,0,0.003571008,0
LA_D_7356823,0,0.0017868996,0
LA_D_7386022,0,0.0014849338,0
LA_D_7434467,0,0.0017494756,0
LA_D_7442400,0,0.0019601318,0
LA_D_7491711,0,0.011436831,0
LA_D_7594804,0,0.0063286405,0
LA_D_7640450,0,0.0024624916,0
LA_D_7654443,0,0.0019238128,0
LA_D_7662121,0,0.0043326723,0
LA_D_7672038,0,0.002923885,0
LA_D_7685903,0,0.0012807436,0
LA_D_7695510,0,0.0007588765,0
LA_D_7716157,0,0.0034526817,0
LA_D_7743444,0,0.0029986924,0
LA_D_7784595,0,0.0022982156,0
LA_D_7804235,0,0.0011317584,0
LA_D_7813076,0,0.0017878993,0
LA_D_7826067,0,0.0034411815,0
LA_D_7846025,0,0.00103859,0
LA_D_7857650,0,0.0012135365,0
LA_D_7876973,0,0.006196501,0
LA_D_7894285,0,0.00446779,0
LA_D_7918342,0,0.0017875077,0
LA_D_7921577,0,0.0037580607,0
LA_D_7924450,0,0.0035926977,0
LA_D_7937282,0,0.0019782174,0
LA_D_7977577,0,0.0010446865,0
LA_D_8004353,0,0.002400108,0
LA_D_8009399,0,0.0035930187,0
LA_D_8009413,0,0.0002981025,0
LA_D_8037512,0,0.002684821,0
LA_D_8038171,0,0.0026740003,0
LA_D_8090805,0,0.0016022241,0
LA_D_8099338,0,0.0022353916,0
LA_D_8103316,0,0.0019170948,0
LA_D_8142236,0,0.0017971754,0
LA_D_8146799,0,0.0013738098,0
LA_D_8168878,0,0.00081675686,0
LA_D_8176618,0,0.002286589,0
LA_D_8192880,0,0.0037359186,0
LA_D_8204201,0,0.004523634,0
LA_D_8241382,0,0.0013558568,0
LA_D_8244540,0,0.0017288455,0
LA_D_8264709,0,0.002092695,0
LA_D_8270717,0,0.0073591624,0
LA_D_8301225,0,0.0015759608,0
LA_D_8329816,0,0.0040857447,0
LA_D_8331430,0,0.0023535294,0
LA_D_8340535,0,0.00617301,0
LA_D_8360147,0,0.0030246195,0
LA_D_8364674,0,0.0011246407,0
LA_D_8365775,0,0.0043343557,0
LA_D_8367537,0,0.0045855767,0
LA_D_8372904,0,0.0007272169,0
LA_D_8374409,0,0.005789859,0
LA_D_8421697,0,0.0014203847,0
LA_D_8422575,0,0.0024546678,0
LA_D_8500513,0,0.00086501526,0
LA_D_8531692,0,0.00024902256,0
LA_D_8538200,0,0.0015067453,0
LA_D_8542399,0,0.0008787827,0
LA_D_8551212,0,0.0027667272,0
LA_D_8635221,0,0.0011124007,0
LA_D_8641049,0,0.0028520636,0
LA_D_8669323,0,0.0037059146,0
LA_D_8714315,0,0.008109674,0
LA_D_8720605,0,0.0042081103,0
LA_D_8751784,0,0.00044762297,0
LA_D_8766022,0,0.0008215952,0
LA_D_8784379,0,0.0013662108,0
LA_D_8791959,0,0.003716666,0
LA_D_8809559,0,0.0012078339,0
LA_D_8839841,0,0.000654764,0
LA_D_8865247,0,0.00061888504,0
LA_D_8874413,0,0.0023694874,0
LA_D_8911864,0,0.0018262159,0
LA_D_8917471,0,0.0022800397,0
LA_D_8926223,0,0.0025681087,0
LA_D_8945305,0,0.004130638,0
LA_D_9046865,0,0.00053580967,0
LA_D_9074098,0,0.0008126879,0
LA_D_9078375,0,0.0021870753,0
LA_D_9123178,0,0.0011312454,0
LA_D_9129748,0,0.0033316715,0
LA_D_9156675,0,0.0012637941,0
LA_D_9159596,0,0.00051968714,0
LA_D_9161192,0,0.0035019272,0
LA_D_9163063,0,0.009808191,0
LA_D_9190503,0,0.0066754795,0
LA_D_9204979,0,0.003937114,0
LA_D_9225508,0,0.0081149,0
LA_D_9255940,0,0.0019039694,0
LA_D_9270392,0,0.003464666,0
LA_D_9282180,0,0.0021541498,0
LA_D_9284391,0,0.0029350633,0
LA_D_9328428,0,0.0039394726,0
LA_D_9329610,0,0.011373911,0
LA_D_9339416,0,0.0012058809,0
LA_D_9428575,0,0.007906334,0
LA_D_9444764,0,0.001633834,0
LA_D_9475261,0,0.0056975917,0
LA_D_9491115,0,0.0038815548,0
LA_D_9601633,0,0.0037100315,0
LA_D_9607727,0,0.0020969694,0
LA_D_9618623,0,0.0021882567,0
LA_D_9620336,0,0.0012727615,0
LA_D_9661014,0,0.0035348397,0
LA_D_9697098,0,0.0036700843,0
LA_D_9732597,0,0.003178766,0
LA_D_9763602,0,0.0042094155,0
LA_D_9784098,0,0.0018840447,0
LA_D_9824684,0,0.0010613418,0
LA_D_9863674,0,0.0022300475,0
LA_D_9873726,0,0.002417012,0
LA_D_9908786,0,0.006324357,0
LA_D_9947938,0,0.0022601192,0
LA_D_9963672,0,0.0070571527,0
LA_D_9964852,0,0.0039478363,0
LA_D_9990859,0,0.0026080478,0
LA_D_9995677,0,0.0012155384,0
LA_D_9997314,0,0.0038303705,0
LA_D_1006568,0,0.002368782,0
LA_D_1010295,0,0.004853936,0
LA_D_1017922,0,0.006064364,0
LA_D_1020908,0,0.0014785778,0
LA_D_1066785,0,0.0047605764,0
LA_D_1110836,0,0.009390328,0
LA_D_1121701,0,0.026716262,0
LA_D_1152287,0,0.0020972039,0
LA_D_1163071,0,0.006283593,0
LA_D_1232730,0,0.007361552,0
LA_D_1267719,0,0.018810019,0
LA_D_1271634,0,0.00048817787,0
LA_D_1288652,0,0.006965059,0
LA_D_1294276,0,0.002906905,0
LA_D_1317211,0,0.010227801,0
LA_D_1320493,0,0.04754513,0
LA_D_1323674,0,0.005849287,0
LA_D_1334862,0,0.021525234,0
LA_D_1344503,0,0.0077690147,0
LA_D_1436061,0,0.003369668,0
LA_D_1445252,0,0.0044853752,0
LA_D_1555553,0,0.0071831592,0
LA_D_1556971,0,0.0006281135,0
LA_D_1591653,0,0.005276191,0
LA_D_1603277,0,0.06992583,0
LA_D_1653375,0,0.008938199,0
LA_D_1654960,0,0.008745351,0
LA_D_1655319,0,0.010680367,0
LA_D_1659317,0,0.0054956474,0
LA_D_1683818,0,0.0005496992,0
LA_D_1690469,0,0.0011204509,0
LA_D_1724924,0,0.009413007,0
LA_D_1737077,0,0.0038219811,0
LA_D_1737085,0,0.013399188,0
LA_D_1760580,0,0.0054142955,0
LA_D_1794164,0,0.007063605,0
LA_D_1807940,0,0.0018635314,0
LA_D_1821433,0,0.017055947,0
LA_D_1862819,0,0.011691543,0
LA_D_1869677,0,0.0067977156,0
LA_D_1883531,0,0.0077708713,0
LA_D_1929298,0,0.012060288,0
LA_D_2008195,0,0.0045743943,0
LA_D_2060624,0,0.018170007,0
LA_D_2091673,0,0.0024227432,0
LA_D_2095154,0,0.0032998242,0
LA_D_2164850,0,0.0030378553,0
LA_D_2169349,0,0.010856413,0
LA_D_2252399,0,0.00065356423,0
LA_D_2310737,0,0.014868217,0
LA_D_2327498,0,0.0024605046,0
LA_D_2378744,0,0.005762929,0
LA_D_2396633,0,0.0012181132,0
LA_D_2476343,0,0.014871304,0
LA_D_2508053,0,0.013348709,0
LA_D_2520496,0,0.0012248615,0
LA_D_2526658,0,0.007630676,0
LA_D_2556764,0,0.013116733,0
LA_D_2630883,0,0.19450535,0
LA_D_2634970,0,0.0037525839,0
LA_D_2689521,0,0.011813922,0
LA_D_2695091,0,0.007778401,0
LA_D_2698530,0,0.0060732663,0
LA_D_2707288,0,0.0044670543,0
LA_D_2768684,0,0.00070261117,0
LA_D_2774758,0,0.0076170205,0
LA_D_2782407,0,0.0049174353,0
LA_D_2849844,0,0.01506543,0
LA_D_2859919,0,0.004833005,0
LA_D_2863082,0,0.011129551,0
LA_D_2908310,0,0.0033445372,0
LA_D_2910905,0,0.002122034,0
LA_D_2924653,0,0.017956682,0
LA_D_2929867,0,0.008766379,0
LA_D_2937244,0,0.00077893503,0
LA_D_2938164,0,0.005503258,0
LA_D_2998894,0,0.0031863542,0
LA_D_3024416,0,0.0011008459,0
LA_D_3042268,0,0.004517581,0
LA_D_3056098,0,0.0034811604,0
LA_D_3073758,0,0.0049984907,0
LA_D_3079837,0,0.0041515375,0
LA_D_3094087,0,0.0063570677,0
LA_D_3104490,0,0.002541979,0
LA_D_3117348,0,0.00920136,0
LA_D_3120745,0,0.0028020274,0
LA_D_3145606,0,0.006660897,0
LA_D_3156192,0,0.0017377795,0
LA_D_3205288,0,0.0038691005,0
LA_D_3226786,0,0.0067399633,0
LA_D_3229399,0,0.0020185641,0
LA_D_3235154,0,0.003330161,0
LA_D_3239970,0,0.0031973654,0
LA_D_3252013,0,0.0042435834,0
LA_D_3253940,0,0.0035331773,0
LA_D_3331836,0,0.0070392364,0
LA_D_3351086,0,0.030919079,0
LA_D_3355151,0,0.0020757301,0
LA_D_3384869,0,0.0041157203,0
LA_D_3388709,0,0.002038654,0
LA_D_3404666,0,0.0006479096,0
LA_D_3436518,0,0.0010022804,0
LA_D_3440037,0,0.04572145,0
LA_D_3481456,0,0.014730481,0
LA_D_3497759,0,0.003709092,0
LA_D_3515388,0,0.005700591,0
LA_D_3525345,0,0.008066168,0
LA_D_3661300,0,0.008599467,0
LA_D_3672455,0,0.0333533,0
LA_D_3688344,0,0.041357696,0
LA_D_3700007,0,0.022231288,0
LA_D_3702468,0,0.0063691568,0
LA_D_3705210,0,0.0037077372,0
LA_D_3747897,0,0.00017667034,0
LA_D_3804376,0,0.011260339,0
LA_D_3811291,0,0.0024019387,0
LA_D_3833430,0,0.004484083,0
LA_D_3865287,0,0.017846338,0
LA_D_3874608,0,0.004157452,0
LA_D_3905003,0,0.0020542676,0
LA_D_3976858,0,0.0051749656,0
LA_D_4013191,0,0.001833996,0
LA_D_4021690,0,0.0011679428,0
LA_D_4047385,0,0.0026881988,0
LA_D_4114187,0,0.0038169445,0
LA_D_4143917,0,0.0038187492,0
LA_D_4194549,0,0.01212724,0
LA_D_4257454,0,0.004557152,0
LA_D_4275372,0,0.006475606,0
LA_D_4279596,0,0.005967305,0
LA_D_4290338,0,0.017848404,0
LA_D_4293284,0,0.0032037639,0
LA_D_4326006,0,0.004622349,0
LA_D_4348449,0,0.023710826,0
LA_D_4401164,0,0.0026184667,0
LA_D_4442740,0,0.0059061088,0
LA_D_4461732,0,0.006491375,0
LA_D_4464483,0,0.0019374192,0
LA_D_4488859,0,0.0035179197,0
LA_D_4518477,0,0.003882606,0
LA_D_4630301,0,0.010776071,0
LA_D_4642404,0,0.0038713801,0
LA_D_4677041,0,0.0022672175,0
LA_D_4736814,0,0.0027562145,0
LA_D_4738629,0,0.0012741612,0
LA_D_4771946,0,0.002409714,0
LA_D_4786885,0,0.0074635646,0
LA_D_4794519,0,0.0024248704,0
LA_D_4845175,0,0.0016174244,0
LA_D_4919512,0,0.022935456,0
LA_D_5003486,0,0.0010593514,0
LA_D_5024706,0,0.0019835127,0
LA_D_5034598,0,0.004335765,0
LA_D_5102435,0,0.0023562138,0
LA_D_5180213,0,0.0025151419,0
LA_D_5185512,0,0.0062943688,0
LA_D_5191897,0,0.0028781674,0
LA_D_5200643,0,0.0041703056,0
LA_D_5256388,0,0.0047892015,0
LA_D_5279787,0,0.0022400504,0
LA_D_5323357,0,0.0016102854,0
LA_D_5373393,0,0.007588662,0
LA_D_5380653,0,0.00304708,0
LA_D_5408619,0,0.0023019342,0
LA_D_5495396,0,0.008334281,0
LA_D_5538089,0,0.0005207684,0
LA_D_5670138,0,0.010479999,0
LA_D_5699632,0,0.0008815204,0
LA_D_5732658,0,0.0025106918,0
LA_D_5733057,0,0.0057901884,0
LA_D_5768016,0,0.0019424425,0
LA_D_5810476,0,0.001686875,0
LA_D_5829854,0,0.0027938876,0
LA_D_5869399,0,0.0045765503,0
LA_D_5869425,0,0.00823976,0
LA_D_5873662,0,0.0042666784,0
LA_D_5899979,0,0.00473607,0
LA_D_5973279,0,0.00549619,0
LA_D_6014906,0,0.08123183,0
LA_D_6018179,0,0.0025196753,0
LA_D_6025474,0,0.004124646,0
LA_D_6038027,0,0.0034112255,0
LA_D_6038978,0,0.0025623133,0
LA_D_6051717,0,0.012866939,0
LA_D_6068856,0,0.0065870504,0
LA_D_6097265,0,0.008108957,0
LA_D_6133159,0,0.0039846785,0
LA_D_6133563,0,0.0033121048,0
LA_D_6162940,0,0.0041072196,0
LA_D_6164883,0,0.24808526,0
LA_D_6175114,0,0.0017500302,0
LA_D_6214487,0,0.018672962,0
LA_D_6287353,0,0.0018452817,0
LA_D_6314564,0,0.01197155,0
LA_D_6508425,0,0.0022867676,0
LA_D_6525788,0,0.0074799475,0
LA_D_6537723,0,0.01576031,0
LA_D_6603690,0,0.0041987835,0
LA_D_6659984,0,0.00689563,0
LA_D_6662767,0,0.0022835156,0
LA_D_6781905,0,0.0020396544,0
LA_D_6922450,0,0.0125779705,0
LA_D_6930284,0,0.0045228186,0
LA_D_6946359,0,0.023054786,0
LA_D_6963754,0,0.012394753,0
LA_D_7000854,0,0.009015106,0
LA_D_7002124,0,0.0016839531,0
LA_D_7004503,0,0.005652386,0
LA_D_7014250,0,0.001026504,0
LA_D_7107178,0,0.024616716,0
LA_D_7160056,0,0.009933674,0
LA_D_7214696,0,0.004578508,0
LA_D_7312601,0,0.0009562624,0
LA_D_7321788,0,0.011319788,0
LA_D_7390092,0,0.0076744948,0
LA_D_7392487,0,0.0025886993,0
LA_D_7404650,0,0.0075782374,0
LA_D_7435910,0,0.0075829593,0
LA_D_7445900,0,0.0010639476,0
LA_D_7461366,0,0.019012487,0
LA_D_7505292,0,0.028058654,0
LA_D_7509558,0,0.0018578883,0
LA_D_7510039,0,0.003985818,0
LA_D_7550439,0,0.00024197708,0
LA_D_7618578,0,0.009102146,0
LA_D_7636507,0,0.02700687,0
LA_D_7656662,0,0.0038644904,0
LA_D_7679979,0,0.0044746674,0
LA_D_7683334,0,0.007275348,0
LA_D_7707087,0,7.649596e-05,0
LA_D_7719259,0,0.014429721,0
LA_D_7723869,0,0.00464373,0
LA_D_7730644,0,0.42738783,0
LA_D_7760021,0,0.0156602,0
LA_D_7771514,0,0.0025343373,0
LA_D_7830702,0,0.021333164,0
LA_D_7839873,0,0.002865557,0
LA_D_7886616,0,0.010383697,0
LA_D_7886997,0,0.0020601323,0
LA_D_7900376,0,0.0013703345,0
LA_D_7906850,0,0.0014290239,0
LA_D_7913802,0,0.0075440197,0
LA_D_7989948,0,0.0050198734,0
LA_D_7994287,0,0.0039880467,0
LA_D_8008774,0,0.00054201577,0
LA_D_8018998,0,0.008197034,0
LA_D_8027235,0,0.0035296534,0
LA_D_8037074,0,0.0020201653,0
LA_D_8076027,0,0.0018189481,0
LA_D_8142962,0,0.0038548983,0
LA_D_8151805,0,0.0051258802,0
LA_D_8207116,0,0.0034862196,0
LA_D_8229345,0,0.006225539,0
LA_D_8235730,0,0.0010410512,0
LA_D_8282900,0,0.003426102,0
LA_D_8348389,0,0.0067039295,0
LA_D_8363497,0,0.009358255,0
LA_D_8456837,0,0.005330117,0
LA_D_8488016,0,0.0067110457,0
LA_D_8594739,0,0.009177923,0
LA_D_8616232,0,0.008111028,0
LA_D_8714341,0,0.0036359816,0
LA_D_8722459,0,0.0053917863,0
LA_D_8770467,0,0.0012624972,0
LA_D_8847117,0,0.042790037,0
LA_D_8867529,0,0.00034588872,0
LA_D_8899605,0,0.0025507354,0
LA_D_8930968,0,0.042563934,0
LA_D_9006129,0,0.016392965,0
LA_D_9029190,0,0.00304271,0
LA_D_9055429,0,0.0076102586,0
LA_D_9079393,0,0.0075725773,0
LA_D_9099979,0,0.0039670793,0
LA_D_9121368,0,0.0073751784,0
LA_D_9131118,0,0.0068021496,0
LA_D_9166472,0,0.0023494542,0
LA_D_9183944,0,0.015261315,0
LA_D_9191983,0,0.010223095,0
LA_D_9228237,0,0.0025918593,0
LA_D_9254634,0,0.0046920124,0
LA_D_9321653,0,0.0005573964,0
LA_D_9331428,0,0.010024904,0
LA_D_9435218,0,0.009866118,0
LA_D_9436760,0,0.01981908,0
LA_D_9498951,0,0.0009098597,0
LA_D_9522404,0,0.0047797207,0
LA_D_9545477,0,0.01680753,0
LA_D_9562178,0,0.015340941,0
LA_D_9565756,0,0.0072193164,0
LA_D_9611736,0,0.009512371,0
LA_D_9653036,0,0.024963241,0
LA_D_9679682,0,0.009457958,0
LA_D_9679737,0,0.00058172754,0
LA_D_9701091,0,0.02184258,0
LA_D_9717448,0,0.002478414,0
LA_D_9739031,0,0.0027509506,0
LA_D_9762313,0,0.051267013,0
LA_D_9771809,0,0.007665708,0
LA_D_9772737,0,0.0040031215,0
LA_D_9786434,0,0.0003183217,0
LA_D_9802580,0,0.004305796,0
LA_D_9842983,0,0.0064164037,0
LA_D_9851247,0,0.005098256,0
LA_D_9872439,0,0.0026769266,0
LA_D_9940119,0,0.0010235591,0
LA_D_9953306,0,0.0010472499,0
LA_D_9965466,0,0.0066748345,0
LA_D_9976918,0,0.0076136147,0
LA_D_1008673,0,0.008385875,0
LA_D_1033225,0,0.006273166,0
LA_D_1055758,0,0.008980665,0
LA_D_1110227,0,0.0029374368,0
LA_D_1171974,0,0.0035613172,0
LA_D_1212385,0,0.015204586,0
LA_D_1221102,0,0.0068667005,0
LA_D_1252766,0,0.015804982,0
LA_D_1262462,0,0.011817179,0
LA_D_1345745,0,0.0017086553,0
LA_D_1365588,0,0.00517378,0
LA_D_1366391,0,0.002213441,0
LA_D_1386774,0,0.0035643291,0
LA_D_1396590,0,0.0016275522,0
LA_D_1479871,0,0.009469558,0
LA_D_1496491,0,0.0026754313,0
LA_D_1519187,0,0.0054535843,0
LA_D_1543611,0,0.0172733,0
LA_D_1567712,0,0.0039326623,0
LA_D_1576565,0,0.006006584,0
LA_D_1611581,0,0.005491774,0
LA_D_1611993,0,0.012845885,0
LA_D_1658555,0,0.0063656815,0
LA_D_1659148,0,0.008958929,0
LA_D_1659731,0,0.0011193355,0
LA_D_1664055,0,0.006772095,0
LA_D_1705054,0,0.009558158,0
LA_D_1708689,0,0.0027956394,0
LA_D_1712120,0,0.009368693,0
LA_D_1734430,0,0.0060552806,0
LA_D_1766425,0,0.0157558,0
LA_D_1778872,0,0.010184688,0
LA_D_1813321,0,0.009174679,0
LA_D_1846103,0,0.0069507267,0
LA_D_1881643,0,0.0042728917,0
LA_D_1939610,0,0.027952319,0
LA_D_1941384,0,0.017208172,0
LA_D_1964458,0,0.004102535,0
LA_D_1988690,0,0.0019614263,0
LA_D_1999238,0,0.0038656197,0
LA_D_2038901,0,0.0047041713,0
LA_D_2040882,0,0.011382022,0
LA_D_2050794,0,0.0048121954,0
LA_D_2079819,0,0.0059246174,0
LA_D_2104365,0,0.025542323,0
LA_D_2123885,0,0.010176639,0
LA_D_2131399,0,0.0031913195,0
LA_D_2136816,0,0.019487565,0
LA_D_2183037,0,0.003360064,0
LA_D_2189641,0,0.00518058,0
LA_D_2204353,0,0.009036966,0
LA_D_2228641,0,0.005450205,0
LA_D_2263211,0,0.0030716849,0
LA_D_2274606,0,0.0039955107,0
LA_D_2318160,0,0.0042863716,0
LA_D_2346599,0,0.004407848,0
LA_D_2389765,0,0.008399654,0
LA_D_2422297,0,0.011689361,0
LA_D_2485725,0,0.023859438,0
LA_D_2516382,0,0.015215978,0
LA_D_2518987,0,0.009286079,0
LA_D_2598117,0,0.0056504295,0
LA_D_2604446,0,0.007621979,0
LA_D_2626325,0,0.0017419237,0
LA_D_2639105,0,0.008608985,0
LA_D_2724699,0,0.0055364324,0
LA_D_2732640,0,0.00340285,0
LA_D_2806150,0,0.02605335,0
LA_D_2860247,0,0.013738552,0
LA_D_2868405,0,0.009488536,0
LA_D_2872359,0,0.00494811,0
LA_D_2881179,0,0.008565665,0
LA_D_2888827,0,0.0014412317,0
LA_D_2889500,0,0.10179302,0
LA_D_2901718,0,0.012119547,0
LA_D_2918223,0,0.0065760757,0
LA_D_2920207,0,0.01106909,0
LA_D_2920588,0,0.012895223,0
LA_D_2958099,0,0.005462276,0
LA_D_2987481,0,0.004326598,0
LA_D_3009969,0,0.014831572,0
LA_D_3038598,0,0.004563364,0
LA_D_3046025,0,0.00935818,0
LA_D_3104226,0,0.0034487545,0
LA_D_3117274,0,0.021090481,0
LA_D_3119133,0,0.0012565461,0
LA_D_3157175,0,0.0071498333,0
LA_D_3211572,0,0.0076966556,0
LA_D_3217409,0,0.009140491,0
LA_D_3227446,0,0.007472976,0
LA_D_3232132,0,0.0023099124,0
LA_D_3278230,0,0.011967728,0
LA_D_3313354,0,0.013247751,0
LA_D_3347716,0,0.016247565,0
LA_D_3435721,0,0.009719343,0
LA_D_3436742,0,0.009855685,0
LA_D_3481326,0,0.0031821039,0
LA_D_3512251,0,0.0037341854,0
LA_D_3671224,0,0.0054037366,0
LA_D_3687811,0,0.01078387,0
LA_D_3695422,0,0.005087712,0
LA_D_3713460,0,0.0027629253,0
LA_D_3749584,0,0.020857275,0
LA_D_3780178,0,0.0069641285,0
LA_D_3829330,0,0.0019357161,0
LA_D_3843488,0,0.008586966,0
LA_D_3870318,0,0.09063632,0
LA_D_3873126,0,0.0044896035,0
LA_D_3949631,0,0.0028293408,0
LA_D_3971956,0,0.017298345,0
LA_D_4007335,0,0.0014595747,0
LA_D_4075975,0,0.039510142,0
LA_D_4087816,0,0.0028086489,0
LA_D_4102879,0,0.008233142,0
LA_D_4149777,0,0.005043909,0
LA_D_4207134,0,0.0010976273,0
LA_D_4259040,0,0.012294421,0
LA_D_4311857,0,0.005795719,0
LA_D_4315355,0,0.0076130247,0
LA_D_4404330,0,0.009591626,0
LA_D_4409009,0,0.0039768643,0
LA_D_4498003,0,0.01324883,0
LA_D_4505937,0,0.0039258376,0
LA_D_4565223,0,0.007983903,0
LA_D_4579960,0,0.0073380354,0
LA_D_4589187,0,0.0102893505,0
LA_D_4623751,0,0.009194289,0
LA_D_4653609,0,0.005037313,0
LA_D_4758316,0,0.003919501,0
LA_D_4770612,0,0.004125253,0
LA_D_4771745,0,0.012407374,0
LA_D_4788415,0,0.0077946186,0
LA_D_4822832,0,0.009471862,0
LA_D_4836452,0,0.008951629,0
LA_D_4863244,0,0.0060137347,0
LA_D_4864976,0,0.0017004488,0
LA_D_4876945,0,0.010750958,0
LA_D_4901474,0,0.0038409198,0
LA_D_5074328,0,0.01081574,0
LA_D_5088369,0,0.009443286,0
LA_D_5242519,0,0.009424779,0
LA_D_5253814,0,0.006011922,0
LA_D_5368042,0,0.01669887,0
LA_D_5398887,0,0.023232613,0
LA_D_5457188,0,0.004339068,0
LA_D_5484649,0,0.003581429,0
LA_D_5514319,0,0.0006619355,0
LA_D_5531013,0,0.018306974,0
LA_D_5571676,0,0.0029448979,0
LA_D_5576532,0,0.00616996,0
LA_D_5657789,0,0.037245423,0
LA_D_5660127,0,0.033350572,0
LA_D_5665100,0,0.0024780899,0
LA_D_5668161,0,0.0030030063,0
LA_D_5698259,0,0.002557964,0
LA_D_5710259,0,0.0044931937,0
LA_D_5786164,0,0.0053031016,0
LA_D_5832271,0,0.0025205705,0
LA_D_5838098,0,0.008862089,0
LA_D_5856426,0,0.016162196,0
LA_D_5953565,0,0.006121392,0
LA_D_5975736,0,0.020954387,0
LA_D_5985635,0,0.012867338,0
LA_D_6001607,0,0.0023357826,0
LA_D_6011658,0,0.005329887,0
LA_D_6016576,0,0.021203512,0
LA_D_6083224,0,0.013237052,0
LA_D_6121156,0,0.01289705,0
LA_D_6123683,0,0.0077725006,0
LA_D_6185674,0,0.01566948,0
LA_D_6201251,0,0.0038653093,0
LA_D_6264799,0,0.0047092824,0
LA_D_6397450,0,0.008777201,0
LA_D_6455155,0,0.010058473,0
LA_D_6477172,0,0.014466727,0
LA_D_6506607,0,0.0034751876,0
LA_D_6540535,0,0.010047174,0
LA_D_6586128,0,0.0069756233,0
LA_D_6589534,0,0.0020654828,0
LA_D_6594747,0,0.035573684,0
LA_D_6600446,0,0.010501492,0
LA_D_6621753,0,0.011537891,0
LA_D_6639964,0,0.0066377786,0
LA_D_6670965,0,0.0072811735,0
LA_D_6692133,0,0.0024270997,0
LA_D_6697944,0,0.0055825347,0
LA_D_6752719,0,0.0038697252,0
LA_D_6756999,0,0.0021939718,0
LA_D_6773067,0,0.008725516,0
LA_D_6797923,0,0.008414258,0
LA_D_6810679,0,0.009461425,0
LA_D_6822833,0,0.0025892425,0
LA_D_6868021,0,0.0038318227,0
LA_D_6872655,0,0.0053357137,0
LA_D_6911238,0,0.0020015142,0
LA_D_6927495,0,0.0035817248,0
LA_D_6931606,0,0.011172778,0
LA_D_6948051,0,0.011504727,0
LA_D_6966577,0,0.0029179438,0
LA_D_6968726,0,0.005147802,0
LA_D_6983240,0,0.0154977385,0
LA_D_7021859,0,0.0056445254,0
LA_D_7064077,0,0.0031989266,0
LA_D_7142124,0,0.00071263,0
LA_D_7166843,0,0.0014847621,0
LA_D_7250780,0,0.0026407395,0
LA_D_7277920,0,0.0031857404,0
LA_D_7314849,0,0.006745653,0
LA_D_7317597,0,0.005454686,0
LA_D_7355945,0,0.00258956,0
LA_D_7393779,0,0.0034402956,0
LA_D_7538760,0,0.005282862,0
LA_D_7544809,0,0.005430136,0
LA_D_7665160,0,0.006017906,0
LA_D_7680881,0,0.007222233,0
LA_D_7723211,0,0.013885087,0
LA_D_7750101,0,0.013408572,0
LA_D_7829453,0,0.006226944,0
LA_D_7880553,0,0.012012206,0
LA_D_7882957,0,0.004098339,0
LA_D_7894097,0,0.040138647,0
LA_D_7961471,0,0.003628616,0
LA_D_7969869,0,0.00791277,0
LA_D_8087903,0,0.0073239882,0
LA_D_8093378,0,0.0049333926,0
LA_D_8112113,0,0.063003816,0
LA_D_8125219,0,0.012329183,0
LA_D_8128439,0,0.008602948,0
LA_D_8160527,0,0.011446368,0
LA_D_8191353,0,0.005298742,0
LA_D_8198887,0,0.013211192,0
LA_D_8229496,0,0.003276467,0
LA_D_8233417,0,0.005117729,0
LA_D_8299676,0,0.0037000177,0
LA_D_8338088,0,0.012047087,0
LA_D_8341574,0,0.0024388235,0
LA_D_8386102,0,0.00529829,0
LA_D_8408912,0,0.0051933257,0
LA_D_8418152,0,0.033650097,0
LA_D_8426999,0,0.00058748614,0
LA_D_8450248,0,0.021990221,0
LA_D_8479815,0,0.0107860835,0
LA_D_8491532,0,0.008300244,0
LA_D_8509720,0,0.00785166,0
LA_D_8529268,0,0.0742103,0
LA_D_8541205,0,0.0037362364,0
LA_D_8544644,0,0.019075662,0
LA_D_8591446,0,0.0047933175,0
LA_D_8591522,0,0.0012701645,0
LA_D_8601811,0,0.008468842,0
LA_D_8630942,0,0.008508848,0
LA_D_8640715,0,0.054799136,0
LA_D_8670754,0,0.0017474099,0
LA_D_8674026,0,0.0079733245,0
LA_D_8699272,0,0.010600313,0
LA_D_8728321,0,0.0055614924,0
LA_D_8729734,0,0.0052820905,0
LA_D_8756797,0,0.012794717,0
LA_D_8771564,0,0.012888069,0
LA_D_8788079,0,0.01121075,0
LA_D_8815720,0,0.008736795,0
LA_D_8833581,0,0.017213278,0
LA_D_8846893,0,0.009466753,0
LA_D_8848529,0,0.006873363,0
LA_D_8878573,0,0.00133256,0
LA_D_8891814,0,0.006856731,0
LA_D_8957701,0,0.002820843,0
LA_D_8994328,0,0.0038704313,0
LA_D_9033630,0,0.010198095,0
LA_D_9038073,0,0.0047833873,0
LA_D_9048737,0,0.0043936567,0
LA_D_9065595,0,0.0067615607,0
LA_D_9094488,0,0.00936825,0
LA_D_9127411,0,0.012131714,0
LA_D_9155834,0,0.0010696877,0
LA_D_9167860,0,0.008032812,0
LA_D_9217255,0,0.0018650078,0
LA_D_9220018,0,0.00337538,0
LA_D_9236613,0,0.009108518,0
LA_D_9270152,0,0.007500778,0
LA_D_9278460,0,0.008555349,0
LA_D_9281005,0,0.016780619,0
LA_D_9281870,0,0.008687607,0
LA_D_9315635,0,0.0014567918,0
LA_D_9333859,0,0.0077199144,0
LA_D_9336302,0,0.0033930258,0
LA_D_9346947,0,0.0036796222,0
LA_D_9363652,0,0.008671865,0
LA_D_9424568,0,0.0058118864,0
LA_D_9442040,0,0.012489611,0
LA_D_9465829,0,0.0038827923,0
LA_D_9491192,0,0.0057343533,0
LA_D_9603327,0,0.005443192,0
LA_D_9604966,0,0.005738669,0
LA_D_9618467,0,0.007620529,0
LA_D_9627529,0,0.023299735,0
LA_D_9633851,0,0.011712035,0
LA_D_9636836,0,0.002373282,0
LA_D_9685772,0,0.009170528,0
LA_D_9801638,0,0.0105038695,0
LA_D_9806570,0,0.0015837249,0
LA_D_9813801,0,0.025774684,0
LA_D_9862938,0,0.03532351,0
LA_D_9920299,0,0.014618527,0
LA_D_9930274,0,0.016452674,0
LA_D_9957063,0,0.022660997,0
LA_D_9967406,0,0.014949894,0
LA_D_9987878,0,0.0043891408,0
LA_D_1005471,0,0.004027385,0
LA_D_1024033,0,0.003881345,0
LA_D_1030270,0,0.0044994517,0
LA_D_1031151,0,0.0016812745,0
LA_D_1039057,0,0.0050442824,0
LA_D_1071356,0,0.0046806894,0
LA_D_1079091,0,0.003512932,0
LA_D_1107234,0,0.0041354797,0
LA_D_1208939,0,0.019657915,0
LA_D_1219091,0,0.0016871144,0
LA_D_1240959,0,0.0024636374,0
LA_D_1265133,0,0.0011057494,0
LA_D_1281736,0,0.00483862,0
LA_D_1307113,0,0.0022624808,0
LA_D_1310219,0,0.0073096496,0
LA_D_1330250,0,0.0026338839,0
LA_D_1343353,0,0.0021655033,0
LA_D_1354096,0,0.0018012655,0
LA_D_1368657,0,0.0026140658,0
LA_D_1377906,0,0.0011683623,0
LA_D_1434780,0,0.0015405266,0
LA_D_1447056,0,0.0027903668,0
LA_D_1463984,0,0.005643166,0
LA_D_1468408,0,0.0038485208,0
LA_D_1523141,0,0.026425354,0
LA_D_1528709,0,0.0018667732,0
LA_D_1529875,0,0.005182023,0
LA_D_1593502,0,0.0055620386,0
LA_D_1603312,0,0.0016643576,0
LA_D_1609520,0,0.00304898,0
LA_D_1637629,0,0.006542642,0
LA_D_1664425,0,0.0052038427,0
LA_D_1669057,0,0.0033362317,0
LA_D_1691193,0,0.0033935693,0
LA_D_1770638,0,0.004630518,0
LA_D_1793186,0,0.006509587,0
LA_D_1797576,0,0.0008727479,0
LA_D_1876225,0,0.0025500513,0
LA_D_1962163,0,0.0032270977,0
LA_D_1975814,0,0.001717992,0
LA_D_2005065,0,0.00060445094,0
LA_D_2006815,0,0.0036079595,0
LA_D_2007184,0,0.0030632014,0
LA_D_2051572,0,0.0041456725,0
LA_D_2129319,0,0.0033648196,0
LA_D_2166570,0,0.003549912,0
LA_D_2184401,0,0.0052493215,0
LA_D_2197985,0,0.000556038,0
LA_D_2225547,0,0.0005475072,0
LA_D_2228764,0,0.0074847774,0
LA_D_2240504,0,0.0046426635,0
LA_D_2267325,0,0.0077450597,0
LA_D_2304250,0,0.0038881206,0
LA_D_2342626,0,0.01122002,0
LA_D_2357327,0,0.0028036053,0
LA_D_2370652,0,0.0028716433,0
LA_D_2394024,0,0.010623508,0
LA_D_2418862,0,0.0022140215,0
LA_D_2419904,0,0.00058151275,0
LA_D_2422770,0,0.0051364135,0
LA_D_2428239,0,0.003590486,0
LA_D_2451673,0,0.0030049486,0
LA_D_2478969,0,0.004561714,0
LA_D_2484663,0,0.0021547822,0
LA_D_2488992,0,0.0037326491,0
LA_D_2508069,0,0.0011954996,0
LA_D_2525525,0,0.003723709,0
LA_D_2536110,0,0.010219052,0
LA_D_2570780,0,0.0027403308,0
LA_D_2610325,0,0.006082323,0
LA_D_2627199,0,0.0018789433,0
LA_D_2669790,0,0.005086765,0
LA_D_2695373,0,0.0043596034,0
LA_D_2709061,0,0.0067776074,0
LA_D_2720139,0,0.0030718793,0
LA_D_2737875,0,0.002353655,0
LA_D_2752788,0,0.00617437,0
LA_D_2757814,0,0.0048580766,0
LA_D_2759411,0,0.0021398764,0
LA_D_2759783,0,0.0026097568,0
LA_D_2791553,0,0.0029821596,0
LA_D_2793288,0,0.0026497205,0
LA_D_2816042,0,0.0034981936,0
LA_D_2835194,0,0.003307365,0
LA_D_2879784,0,0.0007242361,0
LA_D_2880430,0,0.0019041073,0
LA_D_2884632,0,0.0036728717,0
LA_D_2887628,0,0.002181811,0
LA_D_2941369,0,0.0017707691,0
LA_D_2942585,0,0.00077915663,0
LA_D_2969521,0,0.00274311,0
LA_D_2975584,0,0.0037604733,0
LA_D_2999032,0,0.00089393393,0
LA_D_3033254,0,0.0031999834,0
LA_D_3065072,0,0.0020029729,0
LA_D_3092822,0,0.0030379102,0
LA_D_3109173,0,0.0014336708,0
LA_D_3119195,0,0.006432563,0
LA_D_3129767,0,0.0019814048,0
LA_D_3133562,0,0.0055861706,0
LA_D_3145865,0,0.007003948,0
LA_D_3148237,0,0.004031409,0
LA_D_3162269,0,0.005465359,0
LA_D_3173565,0,0.00356695,0
LA_D_3183800,0,0.0025055145,0
LA_D_3187395,0,0.0064535053,0
LA_D_3222129,0,0.0029229466,0
LA_D_3226693,0,0.0028775474,0
LA_D_3295650,0,0.0030469296,0
LA_D_3305146,0,0.0019792109,0
LA_D_3387918,0,0.0041549257,0
LA_D_3423664,0,0.0015543604,0
LA_D_3428449,0,0.0067120283,0
LA_D_3432100,0,0.007270593,0
LA_D_3432834,0,0.005338268,0
LA_D_3465878,0,0.00020842193,0
LA_D_3468243,0,0.0025653474,0
LA_D_3485246,0,0.006324294,0
LA_D_3498834,0,0.0037866912,0
LA_D_3546305,0,0.0017050056,0
LA_D_3571831,0,0.003859044,0
LA_D_3597601,0,0.004996677,0
LA_D_3608783,0,0.0022618414,0
LA_D_3617321,0,0.0032262467,0
LA_D_3621915,0,0.003603014,0
LA_D_3655047,0,0.008420371,0
LA_D_3706159,0,0.0036896737,0
LA_D_3744491,0,0.0020543917,0
LA_D_3749921,0,0.004079385,0
LA_D_3752691,0,0.012414031,0
LA_D_3772496,0,0.00063355704,0
LA_D_3815316,0,0.0005649811,0
LA_D_3819582,0,0.0037139407,0
LA_D_3826920,0,0.004789875,0
LA_D_3837714,0,0.0019474011,0
LA_D_3861045,0,0.004269477,0
LA_D_3864495,0,0.0042712106,0
LA_D_3914594,0,0.0033221152,0
LA_D_3943414,0,0.0027771853,0
LA_D_3965345,0,0.005310376,0
LA_D_3989236,0,0.0028371532,0
LA_D_4028437,0,0.007985497,0
LA_D_4046741,0,0.0034089875,0
LA_D_4058844,0,0.0012256224,0
LA_D_4067937,0,0.0030909465,0
LA_D_4099499,0,0.0022406112,0
LA_D_4101246,0,0.004588779,0
LA_D_4111379,0,0.0029263352,0
LA_D_4119592,0,0.004789495,0
LA_D_4156717,0,0.00457838,0
LA_D_4171064,0,0.00249576,0
LA_D_4224687,0,0.0037364762,0
LA_D_4249169,0,0.004253074,0
LA_D_4277377,0,0.002026334,0
LA_D_4297095,0,0.0014018661,0
LA_D_4324080,0,0.004021626,0
LA_D_4329029,0,0.0022142006,0
LA_D_4330465,0,0.0023922068,0
LA_D_4359700,0,0.0063771796,0
LA_D_4373476,0,0.002636912,0
LA_D_4396892,0,0.0031495586,0
LA_D_4418265,0,0.006206369,0
LA_D_4419471,0,0.0023763822,0
LA_D_4421402,0,0.0024941948,0
LA_D_4438261,0,0.002384388,0
LA_D_4485361,0,0.0046189195,0
LA_D_4487745,0,0.0027048767,0
LA_D_4514090,0,0.0036995623,0
LA_D_4514194,0,0.0005540158,0
LA_D_4522480,0,0.0013565581,0
LA_D_4573144,0,0.002261594,0
LA_D_4673693,0,0.0018995273,0
LA_D_4682422,0,0.0039782682,0
LA_D_4704993,0,0.001084587,0
LA_D_4708516,0,0.0016911622,0
LA_D_4710439,0,0.0013681783,0
LA_D_4719986,0,0.0064611174,0
LA_D_4735766,0,0.016685994,0
LA_D_4769016,0,0.007074294,0
LA_D_4771389,0,0.0043942346,0
LA_D_4774155,0,0.0038290245,0
LA_D_4788531,0,0.00097494165,0
LA_D_4813945,0,0.0013890986,0
LA_D_4863395,0,0.0029451668,0
LA_D_4891515,0,0.002388618,0
LA_D_4894754,0,0.008794529,0
LA_D_4909030,0,0.0030998192,0
LA_D_4909565,0,0.0041824724,0
LA_D_4910268,0,0.0047697886,0
LA_D_4929114,0,0.0038278531,0
LA_D_5011300,0,0.00079046196,0
LA_D_5017814,0,0.0055030333,0
LA_D_5095193,0,0.0022351395,0
LA_D_5139344,0,0.0027030252,0
LA_D_5165049,0,0.0035372155,0
LA_D_5174000,0,0.0080440845,0
LA_D_5175082,0,0.0021153674,0
LA_D_5196907,0,0.006004503,0
LA_D_5257176,0,0.002067922,0
LA_D_5300881,0,0.0072585023,0
LA_D_5346070,0,0.002726827,0
LA_D_5378463,0,0.0013486781,0
LA_D_5379068,0,0.005226399,0
LA_D_5381358,0,0.0009276916,0
LA_D_5386489,0,0.0033108615,0
LA_D_5392234,0,0.001762159,0
LA_D_5396149,0,0.0024604367,0
LA_D_5422337,0,0.0031795958,0
LA_D_5427426,0,0.00611859,0
LA_D_5434948,0,0.0040607257,0
LA_D_5443022,0,0.00515407,0
LA_D_5487218,0,0.0023763743,0
LA_D_5504182,0,0.0012331359,0
LA_D_5551594,0,0.0015587653,0
LA_D_5554788,0,0.000711688,0
LA_D_5583563,0,0.002161675,0
LA_D_5594965,0,0.0022326896,0
LA_D_5596835,0,0.0021687,0
LA_D_5597058,0,0.0045088143,0
LA_D_5616692,0,0.0034396825,0
LA_D_5617907,0,0.004210343,0
LA_D_5635914,0,0.0019829737,0
LA_D_5647135,0,0.0028007408,0
LA_D_5647328,0,0.0023718579,0
LA_D_5657749,0,0.0022867229,0
LA_D_5659751,0,0.006952998,0
LA_D_5682188,0,0.0027682458,0
LA_D_5682398,0,0.0064725694,0
LA_D_5691756,0,0.002356708,0
LA_D_5697939,0,0.0024903128,0
LA_D_5710714,0,0.0023551055,0
LA_D_5735487,0,0.006781011,0
LA_D_5746789,0,0.0031369866,0
LA_D_5771160,0,0.0038081212,0
LA_D_5841697,0,0.002909182,0
LA_D_5844846,0,0.0020073596,0
LA_D_5848108,0,0.004007129,0
LA_D_5865733,0,0.005007967,0
LA_D_5870140,0,0.00548586,0
LA_D_5872598,0,0.009979626,0
LA_D_5875499,0,0.0014360278,0
LA_D_5884456,0,0.002626655,0
LA_D_5900756,0,0.004777249,0
LA_D_5909772,0,0.002890492,0
LA_D_5939156,0,0.0039244504,0
LA_D_5950523,0,0.004124442,0
LA_D_5954148,0,0.0029511338,0
LA_D_5965400,0,0.004859354,0
LA_D_5974398,0,0.007016737,0
LA_D_5982804,0,0.0026422294,0
LA_D_5989901,0,0.005020812,0
LA_D_6029420,0,0.0026895008,0
LA_D_6039051,0,0.0037974417,0
LA_D_6059094,0,0.00044332878,0
LA_D_6096386,0,0.003620968,0
LA_D_6113422,0,0.0027806656,0
LA_D_6120066,0,0.0060336734,0
LA_D_6127867,0,0.004266121,0
LA_D_6154657,0,0.0050892252,0
LA_D_6187512,0,0.0023302487,0
LA_D_6252209,0,0.0037111896,0
LA_D_6275031,0,0.0012164308,0
LA_D_6285068,0,0.007894468,0
LA_D_6371287,0,0.0021469174,0
LA_D_6380070,0,0.0011599964,0
LA_D_6388231,0,0.0021029587,0
LA_D_6475624,0,0.0023010252,0
LA_D_6566671,0,0.0032122412,0
LA_D_6579134,0,0.0015259933,0
LA_D_6596114,0,0.0043995846,0
LA_D_6596613,0,0.0028625464,0
LA_D_6631414,0,0.004237253,0
LA_D_6653512,0,0.004969337,0
LA_D_6654217,0,0.004014379,0
LA_D_6729690,0,0.0018776433,0
LA_D_6738457,0,0.0032633801,0
LA_D_6765632,0,0.001748971,0
LA_D_6770649,0,0.0021960961,0
LA_D_6798609,0,0.0036014447,0
LA_D_6846914,0,0.0011028675,0
LA_D_6933658,0,0.002831124,0
LA_D_6943274,0,0.0019251142,0
LA_D_6963297,0,0.0007916315,0
LA_D_6998182,0,0.0037588764,0
LA_D_7031306,0,0.0029346086,0
LA_D_7045833,0,0.005395974,0
LA_D_7086639,0,0.0018450893,0
LA_D_7096240,0,0.0047207344,0
LA_D_7112988,0,0.0009059591,0
LA_D_7125815,0,0.0010094296,0
LA_D_7179358,0,0.0012768133,0
LA_D_7194718,0,0.001124074,0
LA_D_7278311,0,0.003251697,0
LA_D_7297643,0,0.0034841823,0
LA_D_7332066,0,0.0023275677,0
LA_D_7339843,0,0.0033276237,0
LA_D_7350895,0,0.0025655911,0
LA_D_7355156,0,0.0039535216,0
LA_D_7375840,0,0.000974611,0
LA_D_7403376,0,0.0014522057,0
LA_D_7433900,0,0.0018120039,0
LA_D_7481984,0,0.00037115166,0
LA_D_7502624,0,0.0038267623,0
LA_D_7504069,0,0.004833009,0
LA_D_7521790,0,0.0025652717,0
LA_D_7557700,0,0.003518142,0
LA_D_7563022,0,0.0013464091,0
LA_D_7574255,0,0.0014220882,0
LA_D_7587942,0,0.0012270913,0
LA_D_7599610,0,0.002316186,0
LA_D_7606081,0,0.004293731,0
LA_D_7606254,0,0.0056766868,0
LA_D_7607538,0,0.0032167272,0
LA_D_7614468,0,0.0036953243,0
LA_D_7628970,0,0.004770167,0
LA_D_7629200,0,0.0023625833,0
LA_D_7643772,0,0.0036899908,0
LA_D_7655279,0,0.0011957827,0
LA_D_7664409,0,0.0034379112,0
LA_D_7697515,0,0.0011852009,0
LA_D_7703631,0,0.003955095,0
LA_D_7708338,0,0.0016049921,0
LA_D_7711223,0,0.0037486656,0
LA_D_7721121,0,0.002353319,0
LA_D_7723352,0,0.0037831382,0
LA_D_7725114,0,0.009553446,0
LA_D_7765457,0,0.00200677,0
LA_D_7789532,0,0.0014305245,0
LA_D_7800270,0,0.0012934314,0
LA_D_7808217,0,0.0019029712,0
LA_D_7847128,0,0.0007690236,0
LA_D_7865378,0,0.0012276418,0
LA_D_7895930,0,0.0033579757,0
LA_D_7903763,0,0.0036278095,0
LA_D_7945750,0,0.003166641,0
LA_D_7970984,0,0.0026785387,0
LA_D_7975085,0,0.007388341,0
LA_D_8035288,0,0.0019380462,0
LA_D_8056679,0,0.0030130337,0
LA_D_8068169,0,0.0008008277,0
LA_D_8091742,0,0.004066465,0
LA_D_8095844,0,0.004695637,0
LA_D_8113820,0,0.0067601297,0
LA_D_8140249,0,0.001670418,0
LA_D_8174656,0,0.0027680432,0
LA_D_8181944,0,0.0027076658,0
LA_D_8309750,0,0.0033762306,0
LA_D_8321453,0,0.000908121,0
LA_D_8332272,0,0.0028397162,0
LA_D_8371769,0,0.003960671,0
LA_D_8377469,0,0.0028804536,0
LA_D_8412208,0,0.0060437317,0
LA_D_8434044,0,0.00346239,0
LA_D_8445701,0,0.0038718472,0
LA_D_8465947,0,0.0026736264,0
LA_D_8470269,0,0.0011284084,0
LA_D_8494207,0,0.0039587114,0
LA_D_8527611,0,0.0052444083,0
LA_D_8561841,0,0.0027682222,0
LA_D_8622815,0,0.0006377733,0
LA_D_8632099,0,0.0073127886,0
LA_D_8675337,0,0.0141155375,0
LA_D_8704829,0,0.008124202,0
LA_D_8708656,0,0.005842844,0
LA_D_8756941,0,0.0040002307,0
LA_D_8781931,0,0.002874639,0
LA_D_8789190,0,0.0019658706,0
LA_D_8838589,0,0.0035236394,0
LA_D_8847601,0,0.0024389103,0
LA_D_8886611,0,0.0017134692,0
LA_D_8889390,0,0.0023284678,0
LA_D_8925094,0,0.0022062676,0
LA_D_8943651,0,0.0011837714,0
LA_D_8961930,0,0.0035648965,0
LA_D_8964874,0,0.0026744595,0
LA_D_9005051,0,0.006652482,0
LA_D_9045570,0,0.0024061552,0
LA_D_9096004,0,0.013469681,0
LA_D_9106315,0,0.0027114218,0
LA_D_9204208,0,0.0013844314,0
LA_D_9231954,0,0.009537519,0
LA_D_9274326,0,0.0019389552,0
LA_D_9279366,0,0.0030683095,0
LA_D_9289260,0,0.002207055,0
LA_D_9327413,0,0.0017844612,0
LA_D_9341282,0,0.0010031092,0
LA_D_9352339,0,0.0024085625,0
LA_D_9376797,0,0.004090736,0
LA_D_9389017,0,0.004415311,0
LA_D_9407131,0,0.0034216372,0
LA_D_9411191,0,0.0022849764,0
LA_D_9506213,0,0.00430496,0
LA_D_9520076,0,0.006091217,0
LA_D_9562489,0,0.0049568634,0
LA_D_9578667,0,0.0020189176,0
LA_D_9627075,0,0.004746087,0
LA_D_9657561,0,0.0004503046,0
LA_D_9662465,0,0.0029640826,0
LA_D_9665377,0,0.002327417,0
LA_D_9735127,0,0.0034460514,0
LA_D_9755028,0,0.005235421,0
LA_D_9784167,0,0.0038856743,0
LA_D_9815485,0,0.0022612303,0
LA_D_9842180,0,0.0041246265,0
LA_D_9856117,0,0.004899516,0
LA_D_9858647,0,0.0041584373,0
LA_D_9863423,0,0.0017971668,0
LA_D_9885994,0,0.0034303586,0
LA_D_9891401,0,0.014023281,0
LA_D_9904500,0,0.00398105,0
LA_D_9931770,0,0.0041635446,0
LA_D_9934703,0,0.0038512233,0
LA_D_9965004,0,0.0016938072,0
LA_D_9988164,0,0.001809355,0
LA_D_1016922,0,0.02562036,0
LA_D_1039305,0,0.029763028,0
LA_D_1070584,0,0.014194268,0
LA_D_1078241,0,0.017279856,0
LA_D_1144692,0,0.009515454,0
LA_D_1173044,0,0.020303693,0
LA_D_1216735,0,0.02573449,0
LA_D_1245336,0,0.007071328,0
LA_D_1310938,0,0.021248959,0
LA_D_1317099,0,0.011328432,0
LA_D_1351175,0,0.012526346,0
LA_D_1361369,0,0.005456417,0
LA_D_1368692,0,0.06483321,0
LA_D_1406745,0,0.021929188,0
LA_D_1418549,0,0.02388419,0
LA_D_1427018,0,0.02378644,0
LA_D_1436004,0,0.0068820724,0
LA_D_1513681,0,0.024279295,0
LA_D_1535464,0,0.01673855,0
LA_D_1608588,0,0.01967268,0
LA_D_1792373,0,0.012021756,0
LA_D_1851336,0,0.04931843,0
LA_D_1870741,0,0.020363217,0
LA_D_1873473,0,0.020050181,0
LA_D_1876360,0,0.0066859373,0
LA_D_1886178,0,0.032635417,0
LA_D_1897148,0,0.037929732,0
LA_D_1915992,0,0.011957909,0
LA_D_1930073,0,0.008962198,0
LA_D_1971465,0,0.011250368,0
LA_D_2052113,0,0.013765878,0
LA_D_2058872,0,0.0037771983,0
LA_D_2088943,0,0.018124264,0
LA_D_2097283,0,0.013162124,0
LA_D_2107075,0,0.014840563,0
LA_D_2126762,0,0.010407465,0
LA_D_2219009,0,0.03369191,0
LA_D_2246688,0,0.010511589,0
LA_D_2301497,0,0.015087323,0
LA_D_2322982,0,0.00962694,0
LA_D_2323900,0,0.007050961,0
LA_D_2344679,0,0.030909931,0
LA_D_2361529,0,0.009044522,0
LA_D_2469934,0,0.021931147,0
LA_D_2473723,0,0.019755306,0
LA_D_2531385,0,0.016299527,0
LA_D_2550165,0,0.018017678,0
LA_D_2551261,0,0.003073613,0
LA_D_2556606,0,0.053390823,0
LA_D_2654160,0,0.00821085,0
LA_D_2666258,0,0.011609952,0
LA_D_2677497,0,0.012503728,0
LA_D_2677654,0,0.008166137,0
LA_D_2692136,0,0.15510593,0
LA_D_2698574,0,0.024098536,0
LA_D_2700963,0,0.012825463,0
LA_D_2709100,0,0.22166395,0
LA_D_2791447,0,0.0169525,0
LA_D_2819105,0,0.019047862,0
LA_D_2827159,0,0.01131593,0
LA_D_2831303,0,0.013767193,0
LA_D_2892419,0,0.00535245,0
LA_D_2925553,0,0.016847102,0
LA_D_2950518,0,0.35967126,0
LA_D_2979369,0,0.0059269965,0
LA_D_3015288,0,0.045280974,0
LA_D_3068710,0,0.007449678,0
LA_D_3104950,0,0.002417486,0
LA_D_3121037,0,0.018681627,0
LA_D_3134629,0,0.03245816,0
LA_D_3180411,0,0.017596507,0
LA_D_3184350,0,0.019099763,0
LA_D_3215318,0,0.009367117,0
LA_D_3261219,0,0.014148636,0
LA_D_3313031,0,0.013088321,0
LA_D_3331368,0,0.00918726,0
LA_D_3387666,0,0.053298615,0
LA_D_3392778,0,0.0100600775,0
LA_D_3410619,0,0.013287322,0
LA_D_3415789,0,0.040696453,0
LA_D_3424068,0,0.011777188,0
LA_D_3448069,0,0.020782335,0
LA_D_3449059,0,0.008508478,0
LA_D_3481053,0,0.0150715085,0
LA_D_3490249,0,0.015390403,0
LA_D_3527786,0,0.008282216,0
LA_D_3609505,0,0.056955677,0
LA_D_3648769,0,0.028199071,0
LA_D_3651367,0,0.013317832,0
LA_D_3669836,0,0.006638455,0
LA_D_3688613,0,0.009606249,0
LA_D_3708116,0,0.011016776,0
LA_D_3743658,0,0.005742817,0
LA_D_3777358,0,0.027632251,0
LA_D_3814355,0,0.00789631,0
LA_D_3932504,0,0.011293343,0
LA_D_3977471,0,0.04495242,0
LA_D_4013189,0,0.014704698,0
LA_D_4044356,0,0.016840367,0
LA_D_4093216,0,0.015116559,0
LA_D_4104349,0,0.012895218,0
LA_D_4141520,0,0.0060040792,0
LA_D_4160780,0,0.0083333505,0
LA_D_4165061,0,0.010096271,0
LA_D_4191166,0,0.0101773115,0
LA_D_4197046,0,0.01284247,0
LA_D_4276883,0,0.0062884414,0
LA_D_4296893,0,0.011135368,0
LA_D_4356104,0,0.009117771,0
LA_D_4375717,0,0.07662233,0
LA_D_4407003,0,0.012507997,0
LA_D_4409637,0,0.016504537,0
LA_D_4461485,0,0.01599594,0
LA_D_4463930,0,0.014555038,0
LA_D_4464967,0,0.0118157035,0
LA_D_4506133,0,0.008687436,0
LA_D_4561179,0,0.021064129,0
LA_D_4577893,0,0.035314552,0
LA_D_4582769,0,0.011471884,0
LA_D_4598556,0,0.020544613,0
LA_D_4637561,0,0.025528947,0
LA_D_4673891,0,0.0077807344,0
LA_D_4694664,0,0.012911341,0
LA_D_4732324,0,0.014048197,0
LA_D_4815856,0,0.015804583,0
LA_D_4832159,0,0.0074298033,0
LA_D_4853863,0,0.0124484515,0
LA_D_4868553,0,0.036930252,0
LA_D_4877447,0,0.033879105,0
LA_D_4961502,0,0.021223664,0
LA_D_4984317,0,0.011979556,0
LA_D_5001469,0,0.014257754,0
LA_D_5044120,0,0.22422253,0
LA_D_5067184,0,0.0075312355,0
LA_D_5097555,0,0.0094653005,0
LA_D_5120421,0,0.013287534,0
LA_D_5163985,0,0.008607154,0
LA_D_5167361,0,0.01917655,0
LA_D_5191461,0,0.23265207,0
LA_D_5216313,0,0.00746129,0
LA_D_5256245,0,0.007838581,0
LA_D_5260994,0,0.008332503,0
LA_D_5350670,0,0.03638944,0
LA_D_5370145,0,0.019737434,0
LA_D_5439819,0,0.019859629,0
LA_D_5452047,0,0.016213138,0
LA_D_5454156,0,0.007007826,0
LA_D_5455456,0,0.013968965,0
LA_D_5490332,0,0.011886157,0
LA_D_5539101,0,0.018200353,0
LA_D_5600729,0,0.011377167,0
LA_D_5643163,0,0.01773326,0
LA_D_5690287,0,0.006608831,0
LA_D_5695682,0,0.017758776,0
LA_D_5712950,0,0.016559675,0
LA_D_5716651,0,0.027046282,0
LA_D_5719332,0,0.0606803,0
LA_D_5729926,0,0.015701594,0
LA_D_5819339,0,0.02769994,0
LA_D_5831724,0,0.046815626,0
LA_D_5834246,0,0.03166977,0
LA_D_5851479,0,0.008581537,0
LA_D_5890290,0,0.020499917,0
LA_D_5931445,0,0.0026766732,0
LA_D_5968191,0,0.011323326,0
LA_D_6015629,0,0.0072707576,0
LA_D_6021297,0,0.018733487,0
LA_D_6037279,0,0.023340106,0
LA_D_6085681,0,0.034252513,0
LA_D_6162323,0,0.015868265,0
LA_D_6197535,0,0.029245324,0
LA_D_6230272,0,0.0075432737,0
LA_D_6241209,0,0.122444525,0
LA_D_6307445,0,0.015416863,0
LA_D_6351813,0,0.080249965,0
LA_D_6367142,0,0.027903304,0
LA_D_6373060,0,0.009200194,0
LA_D_6400478,0,0.0017601119,0
LA_D_6431658,0,0.0025662014,0
LA_D_6434161,0,0.011980171,0
LA_D_6440826,0,0.03212442,0
LA_D_6487009,0,0.007874516,0
LA_D_6544888,0,0.002272297,0
LA_D_6547919,0,0.00906844,0
LA_D_6556225,0,0.044199664,0
LA_D_6622164,0,0.014606354,0
LA_D_6670902,0,0.026623772,0
LA_D_6721591,0,0.004175696,0
LA_D_6742661,0,0.007684331,0
LA_D_6776598,0,0.009466039,0
LA_D_6787599,0,0.0060913325,0
LA_D_6805723,0,0.0126669,0
LA_D_6826887,0,0.010625999,0
LA_D_6868445,0,0.007248775,0
LA_D_6874210,0,0.0057602683,0
LA_D_7080605,0,0.010728182,0
LA_D_7086814,0,0.010193267,0
LA_D_7139855,0,0.027125807,0
LA_D_7160142,0,0.0149029605,0
LA_D_7183546,0,0.013919811,0
LA_D_7192415,0,0.004833186,0
LA_D_7222508,0,0.0288486,0
LA_D_7288713,0,0.00804027,0
LA_D_7313112,0,0.027823789,0
LA_D_7336955,0,0.017922431,0
LA_D_7394778,0,0.032442737,0
LA_D_7398714,0,0.028011985,0
LA_D_7418963,0,0.022609212,0
LA_D_7425009,0,0.013888443,0
LA_D_7425122,0,0.010765091,0
LA_D_7464906,0,0.020873075,0
LA_D_7468708,0,0.015806036,0
LA_D_7501222,0,0.022788785,0
LA_D_7519959,0,0.0121523095,0
LA_D_7588829,0,0.009131011,0
LA_D_7599548,0,0.008859933,0
LA_D_7663034,0,0.0036808671,0
LA_D_7728140,0,0.010339574,0
LA_D_7773769,0,0.025415955,0
LA_D_7806158,0,0.023250625,0
LA_D_7821302,0,0.039652765,0
LA_D_7840753,0,0.0073163784,0
LA_D_7892017,0,0.010667607,0
LA_D_7904343,0,0.014800002,0
LA_D_7920083,0,0.015412362,0
LA_D_7928225,0,0.011592781,0
LA_D_8011201,0,0.0042256606,0
LA_D_8028589,0,0.005541386,0
LA_D_8059988,0,0.018208224,0
LA_D_8070544,0,0.024825506,0
LA_D_8075316,0,0.010474818,0
LA_D_8076714,0,0.038229644,0
LA_D_8088848,0,0.0050208927,0
LA_D_8096872,0,0.008662782,0
LA_D_8113827,0,0.025290476,0
LA_D_8172352,0,0.0025613385,0
LA_D_8204811,0,0.013231473,0
LA_D_8206665,0,0.01117094,0
LA_D_8208934,0,0.007895289,0
LA_D_8216112,0,0.005912809,0
LA_D_8221506,0,0.023719497,0
LA_D_8239585,0,0.006416036,0
LA_D_8264187,0,0.029125545,0
LA_D_8305381,0,0.009071576,0
LA_D_8333710,0,0.02349548,0
LA_D_8355987,0,0.0158857,0
LA_D_8372696,0,0.027749285,0
LA_D_8499403,0,0.0065614018,0
LA_D_8556216,0,0.015731217,0
LA_D_8559605,0,0.009636178,0
LA_D_8561401,0,0.00837558,0
LA_D_8573818,0,0.0697639,0
LA_D_8605887,0,0.010910223,0
LA_D_8655268,0,0.044436887,0
LA_D_8677181,0,0.013078611,0
LA_D_8693858,0,0.009283289,0
LA_D_8736080,0,0.014983399,0
LA_D_8800120,0,0.0106165195,0
LA_D_8801720,0,0.007534604,0
LA_D_8811306,0,0.005739981,0
LA_D_8827374,0,0.030054806,0
LA_D_8831382,0,0.011124395,0
LA_D_8877909,0,0.0061834827,0
LA_D_8878321,0,0.007880094,0
LA_D_8905956,0,0.08232468,0
LA_D_8910822,0,0.010427442,0
LA_D_8940643,0,0.038497493,0
LA_D_9042048,0,0.014437494,0
LA_D_9170505,0,0.033320185,0
LA_D_9173264,0,0.010540847,0
LA_D_9174169,0,0.03594725,0
LA_D_9257491,0,0.014232631,0
LA_D_9275744,0,0.0017342278,0
LA_D_9289055,0,0.061766025,0
LA_D_9338745,0,0.012747721,0
LA_D_9392816,0,0.011459474,0
LA_D_9400890,0,0.008238817,0
LA_D_9429220,0,0.012854632,0
LA_D_9430144,0,0.015754247,0
LA_D_9437346,0,0.08999688,0
LA_D_9446553,0,0.0066753747,0
LA_D_9450925,0,0.028014427,0
LA_D_9454983,0,0.006706032,0
LA_D_9456431,0,0.018271213,0
LA_D_9499849,0,0.007603404,0
LA_D_9540047,0,0.0368345,0
LA_D_9556871,0,0.056532793,0
LA_D_9579813,0,0.011272353,0
LA_D_9589501,0,0.008845155,0
LA_D_9615736,0,0.017288903,0
LA_D_9744441,0,0.010875873,0
LA_D_9747652,0,0.0055494434,0
LA_D_9751462,0,0.007458574,0
LA_D_9756685,0,0.003614833,0
LA_D_9765860,0,0.020937178,0
LA_D_9769935,0,0.008531006,0
LA_D_9773809,0,0.011151436,0
LA_D_9783743,0,0.009722965,0
LA_D_9804348,0,0.011432945,0
LA_D_9824861,0,0.02000194,0
LA_D_9835448,0,0.011296208,0
LA_D_9864602,0,0.008472475,0
LA_D_9864604,0,0.0855704,0
LA_D_9878419,0,0.009368486,0
LA_D_9925458,0,0.007791164,0
LA_D_9926375,0,0.01181836,0
LA_D_9985382,0,0.011021302,0
LA_D_9995517,0,0.010277324,0
LA_D_1018598,0,0.0045119342,0
LA_D_1028482,0,0.0035864266,0
LA_D_1035474,0,0.0006329818,0
LA_D_1049366,0,0.0011720635,0
LA_D_1058790,0,0.0017567856,0
LA_D_1084880,0,0.005703706,0
LA_D_1099638,0,0.002939616,0
LA_D_1138529,0,0.006215641,0
LA_D_1142092,0,0.0014528504,0
LA_D_1151622,0,0.0019656492,0
LA_D_1158203,0,0.0011355928,0
LA_D_1163392,0,0.0026920135,0
LA_D_1168046,0,0.0007050514,0
LA_D_1195873,0,0.0024638388,0
LA_D_1248515,0,0.0029440538,0
LA_D_1249536,0,0.004524313,0
LA_D_1251682,0,0.0024543188,0
LA_D_1252794,0,0.0034253234,0
LA_D_1254455,0,0.0017329388,0
LA_D_1298257,0,0.00102959,0
LA_D_1379062,0,0.0064113955,0
LA_D_1394305,0,0.003968314,0
LA_D_1434936,0,0.0017977253,0
LA_D_1468044,0,0.003667451,0
LA_D_1522579,0,0.0016226094,0
LA_D_1534651,0,0.0011159644,0
LA_D_1557675,0,0.0014230474,0
LA_D_1611025,0,0.0014346486,0
LA_D_1613798,0,0.0006965615,0
LA_D_1622941,0,0.0019991847,0
LA_D_1628180,0,0.0027526647,0
LA_D_1667962,0,0.0063359756,0
LA_D_1719951,0,0.006112961,0
LA_D_1725328,0,0.00046201042,0
LA_D_1744737,0,0.001538476,0
LA_D_1751782,0,0.0016515511,0
LA_D_1786331,0,0.0056485627,0
LA_D_1820743,0,0.0013260981,0
LA_D_1821879,0,0.0041695987,0
LA_D_1836171,0,0.0025687488,0
LA_D_1860197,0,0.005769514,0
LA_D_1884569,0,0.003530925,0
LA_D_1884725,0,0.0010270743,0
LA_D_1898947,0,0.0022364552,0
LA_D_1899277,0,0.002655742,0
LA_D_1943271,0,0.0014511615,0
LA_D_1991616,0,0.002846712,0
LA_D_2019341,0,0.0063200337,0
LA_D_2026758,0,0.002470239,0
LA_D_2044181,0,0.0013023602,0
LA_D_2083098,0,0.0013521932,0
LA_D_2087690,0,0.0006421275,0
LA_D_2097438,0,0.0031137723,0
LA_D_2103892,0,0.0027252042,0
LA_D_2126341,0,0.0017785912,0
LA_D_2214692,0,0.0064499914,0
LA_D_2227757,0,0.0004329483,0
LA_D_2228121,0,0.0025270323,0
LA_D_2237572,0,0.0018311666,0
LA_D_2247282,0,0.004339771,0
LA_D_2284017,0,0.003298308,0
LA_D_2291890,0,0.0016908837,0
LA_D_2296372,0,0.002800766,0
LA_D_2330702,0,0.0012224674,0
LA_D_2352643,0,0.0021755563,0
LA_D_2375973,0,0.0022761975,0
LA_D_2403858,0,0.0048333304,0
LA_D_2409344,0,0.002185807,0
LA_D_2410043,0,0.0028931855,0
LA_D_2464441,0,0.0015767292,0
LA_D_2541397,0,0.001847433,0
LA_D_2542630,0,0.0037853282,0
LA_D_2579249,0,0.0015299233,0
LA_D_2583973,0,0.0012970372,0
LA_D_2600674,0,0.0013484065,0
LA_D_2622778,0,0.0035324723,0
LA_D_2642581,0,0.0013203771,0
LA_D_2651795,0,0.0009410541,0
LA_D_2652985,0,0.0027540447,0
LA_D_2680311,0,0.0033906791,0
LA_D_2696379,0,0.0014674643,0
LA_D_2717961,0,0.0050641936,0
LA_D_2723107,0,0.004649828,0
LA_D_2753356,0,0.0011892238,0
LA_D_2792366,0,0.0009891952,0
LA_D_2811040,0,0.0013708795,0
LA_D_2856557,0,0.0015031835,0
LA_D_2859163,0,0.0017550355,0
LA_D_2868410,0,0.0020403583,0
LA_D_2876938,0,0.001320674,0
LA_D_2903458,0,0.0005255092,0
LA_D_2964886,0,0.005359302,0
LA_D_2990184,0,0.0023903435,0
LA_D_2999196,0,0.0009661438,0
LA_D_2999262,0,0.00445977,0
LA_D_3084288,0,0.0004750931,0
LA_D_3090583,0,0.0030782747,0
LA_D_3092472,0,0.0023102665,0
LA_D_3092700,0,0.0020811865,0
LA_D_3130241,0,0.004467731,0
LA_D_3135599,0,0.0024454286,0
LA_D_3135628,0,0.0030769052,0
LA_D_3140567,0,0.0020251567,0
LA_D_3171199,0,0.002271614,0
LA_D_3231093,0,0.000734909,0
LA_D_3239072,0,0.0022211084,0
LA_D_3243106,0,0.0019854335,0
LA_D_3292767,0,0.0009766291,0
LA_D_3336031,0,0.0014480732,0
LA_D_3354359,0,0.0007382867,0
LA_D_3374460,0,0.0031965144,0
LA_D_3430397,0,0.0017347661,0
LA_D_3431472,0,0.00034794354,0
LA_D_3441965,0,0.0008546008,0
LA_D_3464373,0,0.0020142607,0
LA_D_3466785,0,0.00165559,0
LA_D_3476552,0,0.0029955176,0
LA_D_3499835,0,0.0014870677,0
LA_D_3538356,0,0.0023658664,0
LA_D_3595174,0,0.004955803,0
LA_D_3608947,0,0.0029645676,0
LA_D_3620817,0,0.00061194017,0
LA_D_3621540,0,0.0024134584,0
LA_D_3671059,0,0.0013791175,0
LA_D_3678117,0,0.0017645083,0
LA_D_3695649,0,0.0051433407,0
LA_D_3712860,0,0.0021662423,0
LA_D_3713729,0,0.0011657214,0
LA_D_3720476,0,0.003702455,0
LA_D_3747854,0,0.0024249167,0
LA_D_3775896,0,0.0022467854,0
LA_D_3831306,0,0.00066691585,0
LA_D_3834961,0,0.002795081,0
LA_D_3863318,0,0.002187247,0
LA_D_3921050,0,0.0010845202,0
LA_D_3934729,0,0.0020228517,0
LA_D_3945922,0,0.0034978844,0
LA_D_3981689,0,0.0035857994,0
LA_D_3983088,0,0.0014906817,0
LA_D_4007368,0,0.00086171605,0
LA_D_4037520,0,0.0030694937,0
LA_D_4039301,0,0.0010281082,0
LA_D_4055045,0,0.0031198706,0
LA_D_4062551,0,0.0022196516,0
LA_D_4076908,0,0.004345391,0
LA_D_4085373,0,0.0054969043,0
LA_D_4157572,0,0.0014160642,0
LA_D_4163754,0,0.002508503,0
LA_D_4198326,0,0.005158248,0
LA_D_4256004,0,0.0019008007,0
LA_D_4274981,0,0.0015681545,0
LA_D_4277712,0,0.0011597886,0
LA_D_4326060,0,0.0035863996,0
LA_D_4357087,0,0.0028216224,0
LA_D_4360961,0,0.00046946696,0
LA_D_4386137,0,0.0046359194,0
LA_D_4411557,0,0.0016302235,0
LA_D_4453721,0,0.0015635772,0
LA_D_4459933,0,0.0011570796,0
LA_D_4467119,0,0.00047371926,0
LA_D_4469400,0,0.0027288557,0
LA_D_4487776,0,0.001400557,0
LA_D_4488391,0,0.0024118312,0
LA_D_4532710,0,0.0010986787,0
LA_D_4545053,0,0.0020189763,0
LA_D_4551946,0,0.0030021158,0
LA_D_4573944,0,0.0011926516,0
LA_D_4615442,0,0.00095510826,0
LA_D_4708202,0,0.0011732142,0
LA_D_4718837,0,0.005250952,0
LA_D_4771311,0,0.0040976345,0
LA_D_4794184,0,0.0011040143,0
LA_D_4797304,0,0.0019137777,0
LA_D_4797934,0,0.001717016,0
LA_D_4798662,0,0.00066605356,0
LA_D_4825371,0,0.002579493,0
LA_D_4825650,0,0.0054453863,0
LA_D_4830541,0,0.0017379449,0
LA_D_4830591,0,0.005253977,0
LA_D_4857699,0,0.00095817406,0
LA_D_4860045,0,0.0023517925,0
LA_D_4874503,0,0.004247726,0
LA_D_4964036,0,0.0020781553,0
LA_D_4983313,0,0.00038925713,0
LA_D_4984003,0,0.0029101586,0
LA_D_5018111,0,0.002980055,0
LA_D_5018490,0,0.0042872834,0
LA_D_5026406,0,0.0046236985,0
LA_D_5060788,0,0.0034675603,0
LA_D_5064398,0,0.002262375,0
LA_D_5095523,0,0.0012614286,0
LA_D_5119493,0,0.0021388014,0
LA_D_5151616,0,0.0023610778,0
LA_D_5156009,0,0.0032185563,0
LA_D_5179475,0,0.002731993,0
LA_D_5188766,0,0.0026975716,0
LA_D_5242820,0,0.006224689,0
LA_D_5262166,0,0.0023844128,0
LA_D_5287350,0,0.0014185747,0
LA_D_5292647,0,0.0022516244,0
LA_D_5329061,0,0.0015296976,0
LA_D_5360138,0,0.004152409,0
LA_D_5416414,0,0.0030498395,0
LA_D_5427352,0,0.0023982292,0
LA_D_5441022,0,0.0069803717,0
LA_D_5476791,0,0.001105284,0
LA_D_5496756,0,0.00059201836,0
LA_D_5503083,0,0.00065927743,0
LA_D_5503291,0,0.0027560755,0
LA_D_5507926,0,0.0032730042,0
LA_D_5517898,0,0.0024913077,0
LA_D_5560002,0,0.00088556774,0
LA_D_5565973,0,0.0036650698,0
LA_D_5615493,0,0.0029475861,0
LA_D_5623022,0,0.002806597,0
LA_D_5624531,0,0.009230016,0
LA_D_5629796,0,0.0011185419,0
LA_D_5680161,0,0.0015387359,0
LA_D_5715212,0,0.0029631837,0
LA_D_5765277,0,0.0015682091,0
LA_D_5781241,0,0.0013822719,0
LA_D_5800838,0,0.0024449795,0
LA_D_5804847,0,0.0012585825,0
LA_D_5820637,0,0.0029432771,0
LA_D_5841055,0,0.0033448455,0
LA_D_5874054,0,0.0034580608,0
LA_D_5888899,0,0.001640939,0
LA_D_5894140,0,0.003107005,0
LA_D_5898202,0,0.0036602186,0
LA_D_5924199,0,0.0023466095,0
LA_D_5931696,0,0.0035779213,0
LA_D_5936355,0,0.0027558792,0
LA_D_5937369,0,0.0013838526,0
LA_D_5944292,0,0.00426155,0
LA_D_5960315,0,0.003722391,0
LA_D_5973374,0,0.0019740746,0
LA_D_5991520,0,0.0020354155,0
LA_D_6021341,0,0.0016611092,0
LA_D_6063219,0,0.0044044764,0
LA_D_6078000,0,0.0011172481,0
LA_D_6084402,0,0.00094345794,0
LA_D_6131696,0,0.0006611733,0
LA_D_6136274,0,0.007535453,0
LA_D_6171581,0,0.0037794437,0
LA_D_6208485,0,0.0015027398,0
LA_D_6242242,0,0.0028068789,0
LA_D_6252325,0,0.0023265292,0
LA_D_6256706,0,0.00037166488,0
LA_D_6292396,0,0.0024123807,0
LA_D_6293563,0,0.0010712296,0
LA_D_6304781,0,0.0021181914,0
LA_D_6306641,0,0.0050912052,0
LA_D_6316737,0,0.0013796766,0
LA_D_6344509,0,0.0023668052,0
LA_D_6379274,0,0.0015250972,0
LA_D_6401440,0,0.0045985193,0
LA_D_6401633,0,0.0050306213,0
LA_D_6405665,0,0.0026183308,0
LA_D_6415971,0,0.002097562,0
LA_D_6421601,0,0.0018919881,0
LA_D_6431120,0,0.0016017068,0
LA_D_6443383,0,0.0038543744,0
LA_D_6458836,0,0.0009579755,0
LA_D_6462998,0,0.00085900945,0
LA_D_6477185,0,0.0036745176,0
LA_D_6487170,0,0.002140848,0
LA_D_6520929,0,0.0022804867,0
LA_D_6567611,0,0.00059171655,0
LA_D_6575860,0,0.0021188308,0
LA_D_6599233,0,0.0043348,0
LA_D_6600823,0,0.0017698718,0
LA_D_6613069,0,0.0017872781,0
LA_D_6650700,0,0.0012773381,0
LA_D_6662518,0,0.0017296051,0
LA_D_6678932,0,0.0009548559,0
LA_D_6682281,0,0.0031419292,0
LA_D_6704901,0,0.0010668768,0
LA_D_6763784,0,0.00065641693,0
LA_D_6851421,0,0.004126139,0
LA_D_6925004,0,0.002932717,0
LA_D_6937667,0,0.0020586045,0
LA_D_6945296,0,0.0028111634,0
LA_D_6946419,0,0.0023283174,0
LA_D_6949687,0,0.0013893717,0
LA_D_6975418,0,0.002002121,0
LA_D_7009859,0,0.005353072,0
LA_D_7038523,0,0.0010579117,0
LA_D_7039777,0,0.0018844034,0
LA_D_7169168,0,0.0037487978,0
LA_D_7172075,0,0.0018334376,0
LA_D_7196635,0,0.0024535882,0
LA_D_7200372,0,0.0026686343,0
LA_D_7212540,0,0.0026501364,0
LA_D_7218456,0,0.0012737184,0
LA_D_7225338,0,0.0036275492,0
LA_D_7262720,0,0.002343139,0
LA_D_7274330,0,0.0028803893,0
LA_D_7286535,0,0.0055231354,0
LA_D_7342043,0,0.00072422915,0
LA_D_7362645,0,0.0043881973,0
LA_D_7380433,0,0.0037365542,0
LA_D_7380667,0,0.0038135229,0
LA_D_7398116,0,0.0034531066,0
LA_D_7478232,0,0.0011340097,0
LA_D_7510219,0,0.0042532943,0
LA_D_7558612,0,0.0031649922,0
LA_D_7567821,0,0.0021230956,0
LA_D_7571658,0,0.00065830926,0
LA_D_7581183,0,0.0017100949,0
LA_D_7604669,0,0.0007712025,0
LA_D_7664865,0,0.001234127,0
LA_D_7680436,0,0.008674292,0
LA_D_7684971,0,0.00096366764,0
LA_D_7692183,0,0.0021009922,0
LA_D_7711976,0,0.002589,0
LA_D_7736037,0,0.0009055996,0
LA_D_7736331,0,0.0004018348,0
LA_D_7772478,0,0.002338935,0
LA_D_7775830,0,0.003985931,0
LA_D_7805571,0,0.0014457185,0
LA_D_7858202,0,0.0017125623,0
LA_D_7888661,0,0.004509206,0
LA_D_7893603,0,0.0031641857,0
LA_D_7931644,0,0.0021849016,0
LA_D_7950517,0,0.0030325789,0
LA_D_7953471,0,0.003846934,0
LA_D_7957109,0,0.0017504267,0
LA_D_7965379,0,0.002211132,0
LA_D_7967827,0,0.0045012715,0
LA_D_8035773,0,0.0009462955,0
LA_D_8045100,0,0.0040113544,0
LA_D_8047166,0,0.0059055295,0
LA_D_8102825,0,0.0021892502,0
LA_D_8120238,0,0.0023584464,0
LA_D_8149667,0,0.002249237,0
LA_D_8161190,0,0.002787215,0
LA_D_8161949,0,0.0033612298,0
LA_D_8169706,0,0.0035344502,0
LA_D_8187108,0,0.0028500545,0
LA_D_8197963,0,0.00070603774,0
LA_D_8283203,0,0.002474601,0
LA_D_8286094,0,0.0034120947,0
LA_D_8335083,0,0.0016223104,0
LA_D_8348784,0,0.0011971142,0
LA_D_8355334,0,0.0013520952,0
LA_D_8384015,0,0.0018290995,0
LA_D_8431362,0,0.0024818236,0
LA_D_8434051,0,0.0032602595,0
LA_D_8439511,0,0.0028882073,0
LA_D_8447703,0,0.0015980144,0
LA_D_8453540,0,0.0034393396,0
LA_D_8480078,0,0.0015432995,0
LA_D_8482059,0,0.00039315072,0
LA_D_8483290,0,0.0016569667,0
LA_D_8505020,0,0.002194498,0
LA_D_8524530,0,0.0020415948,0
LA_D_8530524,0,0.0010796408,0
LA_D_8546655,0,0.0020253581,0
LA_D_8593660,0,0.0036672454,0
LA_D_8623253,0,0.0012512971,0
LA_D_8678171,0,0.0017065988,0
LA_D_8686912,0,0.0017623922,0
LA_D_8721312,0,0.0018783754,0
LA_D_8729192,0,0.0028208764,0
LA_D_8750902,0,0.0019162111,0
LA_D_8788142,0,0.00402205,0
LA_D_8813745,0,0.0058266455,0
LA_D_8842633,0,0.0015172485,0
LA_D_8858217,0,0.003028706,0
LA_D_8868121,0,0.0016023119,0
LA_D_8868214,0,0.0015186599,0
LA_D_8878659,0,0.002221339,0
LA_D_8895696,0,0.0011052192,0
LA_D_8914938,0,0.0028276637,0
LA_D_8918981,0,0.0013097703,0
LA_D_8930242,0,0.006567761,0
LA_D_8965622,0,0.003539455,0
LA_D_8983810,0,0.0025482993,0
LA_D_8991799,0,0.006042769,0
LA_D_9013901,0,0.00069111097,0
LA_D_9045200,0,0.0022962836,0
LA_D_9073905,0,0.006010361,0
LA_D_9075341,0,0.0048976773,0
LA_D_9091046,0,0.0011229776,0
LA_D_9122088,0,0.0075152568,0
LA_D_9138892,0,0.0043607918,0
LA_D_9159860,0,0.002061575,0
LA_D_9173342,0,0.0016457018,0
LA_D_9178673,0,0.002637612,0
LA_D_9193020,0,0.00061055773,0
LA_D_9199194,0,0.0010117028,0
LA_D_9238588,0,0.0016471196,0
LA_D_9289629,0,0.0047225337,0
LA_D_9356917,0,0.002219604,0
LA_D_9384056,0,0.002775968,0
LA_D_9399713,0,0.001128418,0
LA_D_9430687,0,0.00055281294,0
LA_D_9470738,0,0.003422016,0
LA_D_9582133,0,0.0018413968,0
LA_D_9600380,0,0.001228019,0
LA_D_9621176,0,0.002133524,0
LA_D_9646783,0,0.002679056,0
LA_D_9687836,0,0.00251382,0
LA_D_9697274,0,0.0015458991,0
LA_D_9701184,0,0.003893774,0
LA_D_9715092,0,0.0026687281,0
LA_D_9736602,0,0.0028897596,0
LA_D_9745303,0,0.0025972505,0
LA_D_9747113,0,0.0020471106,0
LA_D_9819813,0,0.0026249664,0
LA_D_9841488,0,0.0039732545,0
LA_D_9885280,0,0.004679783,0
LA_D_9936838,0,0.0018316513,0
LA_D_9955848,0,0.0013057571,0
LA_D_1000265,0,0.0030761093,0
LA_D_1017388,0,0.0016779252,0
LA_D_1062092,0,0.005371725,0
LA_D_1089317,0,0.0030824845,0
LA_D_1089742,0,0.0031460198,0
LA_D_1110875,0,0.0022512153,0
LA_D_1139569,0,0.001542402,0
LA_D_1173950,0,0.0033842255,0
LA_D_1192985,0,0.005070473,0
LA_D_1235726,0,0.0032549812,0
LA_D_1249404,0,0.00091608416,0
LA_D_1252946,0,0.0031047505,0
LA_D_1276192,0,0.004492567,0
LA_D_1315668,0,0.0049436446,0
LA_D_1376639,0,0.0018630719,0
LA_D_1424867,0,0.002594802,0
LA_D_1431489,0,0.0035586788,0
LA_D_1437476,0,0.003405393,0
LA_D_1455965,0,0.0032364768,0
LA_D_1472668,0,0.007940942,0
LA_D_1477627,0,0.0038575267,0
LA_D_1558626,0,0.0027186947,0
LA_D_1562319,0,0.0045205867,0
LA_D_1566401,0,0.0028034053,0
LA_D_1672560,0,0.0077147,0
LA_D_1680789,0,0.00097256573,0
LA_D_1682212,0,0.004909686,0
LA_D_1787311,0,0.0036887762,0
LA_D_1799699,0,0.0027558801,0
LA_D_1820129,0,0.0025528981,0
LA_D_1836990,0,0.0027444176,0
LA_D_1837020,0,0.004807612,0
LA_D_1838611,0,0.0039724302,0
LA_D_1896171,0,0.0069949557,0
LA_D_1904585,0,0.0042067734,0
LA_D_1934501,0,0.0017524568,0
LA_D_1939545,0,0.003963456,0
LA_D_1961118,0,0.0023637908,0
LA_D_1976616,0,0.0030349973,0
LA_D_1995371,0,0.0020928404,0
LA_D_2012659,0,0.0013588559,0
LA_D_2066237,0,0.0050938413,0
LA_D_2082122,0,0.006689137,0
LA_D_2095979,0,0.003961081,0
LA_D_2105337,0,0.0033420154,0
LA_D_2118619,0,0.0035212827,0
LA_D_2121691,0,0.0011014071,0
LA_D_2178810,0,0.0049779834,0
LA_D_2186988,0,0.003456423,0
LA_D_2226779,0,0.0029016247,0
LA_D_2238837,0,0.0043322816,0
LA_D_2247196,0,0.0048459014,0
LA_D_2293445,0,0.005047025,0
LA_D_2293756,0,0.0069365688,0
LA_D_2312696,0,0.003013946,0
LA_D_2314419,0,0.0011495694,0
LA_D_2317390,0,0.004254278,0
LA_D_2347763,0,0.003912965,0
LA_D_2354675,0,0.0026987894,0
LA_D_2430844,0,0.002284509,0
LA_D_2433669,0,0.004005791,0
LA_D_2441277,0,0.0018776336,0
LA_D_2462646,0,0.0060019,0
LA_D_2484556,0,0.0054421593,0
LA_D_2509640,0,0.0039528585,0
LA_D_2511835,0,0.0037093298,0
LA_D_2527097,0,0.0062347506,0
LA_D_2549498,0,0.0030838123,0
LA_D_2553000,0,0.0050945734,0
LA_D_2577860,0,0.0038892138,0
LA_D_2604115,0,0.0037978708,0
LA_D_2649427,0,0.0014366761,0
LA_D_2662277,0,0.0033465375,0
LA_D_2669822,0,0.002706973,0
LA_D_2686791,0,0.0057534943,0
LA_D_2698391,0,0.0015565917,0
LA_D_2731107,0,0.003795043,0
LA_D_2746814,0,0.0058502215,0
LA_D_2747335,0,0.0039010786,0
LA_D_2819058,0,0.002597536,0
LA_D_2822128,0,0.0032018214,0
LA_D_2845768,0,0.0072885086,0
LA_D_2871146,0,0.0079159485,0
LA_D_2875404,0,0.0048294147,0
LA_D_2892987,0,0.004592392,0
LA_D_2925360,0,0.0026108392,0
LA_D_2945684,0,0.0061124223,0
LA_D_2955058,0,0.0035508214,0
LA_D_2978349,0,0.0043899,0
LA_D_2985805,0,0.0042577395,0
LA_D_3063995,0,0.0012780447,0
LA_D_3068893,0,0.0019478162,0
LA_D_3069501,0,0.0023075885,0
LA_D_3086208,0,0.005222434,0
LA_D_3116367,0,0.0050246767,0
LA_D_3135080,0,0.0025181475,0
LA_D_3146197,0,0.0030999032,0
LA_D_3149657,0,0.008229319,0
LA_D_3191079,0,0.0049433983,0
LA_D_3203408,0,0.0056876275,0
LA_D_3215585,0,0.0022058454,0
LA_D_3227116,0,0.0019036741,0
LA_D_3256006,0,0.0019078536,0
LA_D_3286671,0,0.0063013094,0
LA_D_3287756,0,0.0032040258,0
LA_D_3302867,0,0.004336465,0
LA_D_3311228,0,0.00366332,0
LA_D_3329538,0,0.0028011056,0
LA_D_3334677,0,0.0042442246,0
LA_D_3365048,0,0.007588882,0
LA_D_3393353,0,0.0041876053,0
LA_D_3409724,0,0.0038989016,0
LA_D_3428215,0,0.0029926568,0
LA_D_3444875,0,0.0022412315,0
LA_D_3445876,0,0.007330321,0
LA_D_3515975,0,0.0031366528,0
LA_D_3522924,0,0.0066795936,0
LA_D_3546314,0,0.0061616674,0
LA_D_3566458,0,0.00335276,0
LA_D_3600248,0,0.0023729098,0
LA_D_3607908,0,0.006239485,0
LA_D_3616699,0,0.0019630464,0
LA_D_3661828,0,0.0037377276,0
LA_D_3727519,0,0.0031711347,0
LA_D_3761549,0,0.004799975,0
LA_D_3763969,0,0.0051686894,0
LA_D_3778726,0,0.003739683,0
LA_D_3779434,0,0.0023977093,0
LA_D_3801913,0,0.003209119,0
LA_D_3881998,0,0.0038019323,0
LA_D_3911980,0,0.00749066,0
LA_D_3981652,0,2.168391e-05,0
LA_D_4001985,0,0.004768379,0
LA_D_4036471,0,0.005155454,0
LA_D_4042906,0,0.0037828041,0
LA_D_4050508,0,0.0029015697,0
LA_D_4059440,0,0.003920147,0
LA_D_4072285,0,0.0018277447,0
LA_D_4102706,0,0.0041157943,0
LA_D_4163122,0,0.002114028,0
LA_D_4171487,0,0.0058250492,0
LA_D_4177111,0,0.002121289,0
LA_D_4209404,0,0.0035308546,0
LA_D_4211767,0,0.0023675382,0
LA_D_4252508,0,0.0035977215,0
LA_D_4269073,0,0.004339025,0
LA_D_4305782,0,0.0030493087,0
LA_D_4316242,0,0.005262734,0
LA_D_4353068,0,0.007180429,0
LA_D_4365990,0,0.008202568,0
LA_D_4375021,0,0.006700523,0
LA_D_4417694,0,0.00454617,0
LA_D_4421447,0,0.0016338994,0
LA_D_4449349,0,0.0031949407,0
LA_D_4474092,0,0.00639548,0
LA_D_4485460,0,0.0042705755,0
LA_D_4493718,0,0.004455876,0
LA_D_4515855,0,0.0017735122,0
LA_D_4516967,0,0.0016663302,0
LA_D_4523584,0,0.0019382685,0
LA_D_4534941,0,0.0037645912,0
LA_D_4537765,0,0.0048488784,0
LA_D_4544332,0,0.0015919562,0
LA_D_4551508,0,0.0026148926,0
LA_D_4551677,0,0.004333958,0
LA_D_4554231,0,0.0030166912,0
LA_D_4569757,0,0.006275651,0
LA_D_4604403,0,0.0010150345,0
LA_D_4616369,0,0.0020227048,0
LA_D_4628903,0,0.0011840217,0
LA_D_4664946,0,0.004768277,0
LA_D_4688316,0,0.0011559878,0
LA_D_4758475,0,0.0016391894,0
LA_D_4764995,0,0.0031889356,0
LA_D_4797424,0,0.0073488937,0
LA_D_4797539,0,0.0054249107,0
LA_D_4810275,0,0.005467104,0
LA_D_4840046,0,0.004809084,0
LA_D_4885731,0,0.0017802769,0
LA_D_4887957,0,0.004032397,0
LA_D_4891771,0,0.0032785563,0
LA_D_4905165,0,0.006702527,0
LA_D_4926358,0,0.002034174,0
LA_D_4932502,0,0.003129912,0
LA_D_4977836,0,0.0014315478,0
LA_D_4995600,0,0.002595365,0
LA_D_5000373,0,0.0029238183,0
LA_D_5091990,0,0.004519696,0
LA_D_5095873,0,0.0035792259,0
LA_D_5150398,0,0.0030710993,0
LA_D_5163732,0,0.00061024906,0
LA_D_5163849,0,0.008657493,0
LA_D_5174969,0,0.0024254704,0
LA_D_5257168,0,0.0030994832,0
LA_D_5261935,0,0.0016722628,0
LA_D_5267454,0,0.0028221188,0
LA_D_5287781,0,0.0034709128,0
LA_D_5302061,0,0.0018989181,0
LA_D_5310025,0,0.00257343,0
LA_D_5328028,0,0.006585456,0
LA_D_5328763,0,0.0039741965,0
LA_D_5363745,0,0.003098296,0
LA_D_5366966,0,0.003210738,0
LA_D_5401010,0,0.0041375915,0
LA_D_5440307,0,0.004415579,0
LA_D_5461007,0,0.0037482528,0
LA_D_5470929,0,0.0037899432,0
LA_D_5474141,0,0.0019248247,0
LA_D_5483224,0,0.0047936854,0
LA_D_5518682,0,0.0014480298,0
LA_D_5525496,0,0.010797557,0
LA_D_5532565,0,0.0016892973,0
LA_D_5565989,0,0.0019617167,0
LA_D_5588322,0,0.0031744433,0
LA_D_5611954,0,0.0049074776,0
LA_D_5643426,0,0.0035055052,0
LA_D_5687206,0,0.002575982,0
LA_D_5714289,0,0.0045609735,0
LA_D_5788841,0,0.0014560166,0
LA_D_5835325,0,0.0030561558,0
LA_D_5905925,0,0.005806709,0
LA_D_5990940,0,0.004068661,0
LA_D_6011425,0,0.0021537154,0
LA_D_6023280,0,0.002602898,0
LA_D_6029082,0,0.0052076853,0
LA_D_6029194,0,0.00394697,0
LA_D_6046766,0,0.0023180568,0
LA_D_6053775,0,0.0029567934,0
LA_D_6134312,0,0.002649912,0
LA_D_6135037,0,0.0048863003,0
LA_D_6138779,0,0.003708676,0
LA_D_6148611,0,0.0017185941,0
LA_D_6162938,0,0.0003588512,0
LA_D_6175279,0,0.0052128164,0
LA_D_6187202,0,0.00078024296,0
LA_D_6234137,0,0.003890862,0
LA_D_6235547,0,0.0031605721,0
LA_D_6239034,0,0.0022220153,0
LA_D_6244535,0,0.0027125208,0
LA_D_6261139,0,0.002817228,0
LA_D_6264594,0,0.0023964571,0
LA_D_6302406,0,0.0022738285,0
LA_D_6312072,0,0.0024717117,0
LA_D_6323745,0,0.0033336843,0
LA_D_6336346,0,0.002657938,0
LA_D_6357321,0,0.0027383715,0
LA_D_6369721,0,0.0072170678,0
LA_D_6378325,0,0.003113981,0
LA_D_6379147,0,0.008493836,0
LA_D_6412670,0,0.004343314,0
LA_D_6427095,0,0.0014037357,0
LA_D_6461848,0,0.003914478,0
LA_D_6472736,0,0.0007642137,0
LA_D_6480332,0,0.0037687188,0
LA_D_6490598,0,0.0050709015,0
LA_D_6497836,0,0.0023747052,0
LA_D_6518387,0,0.002697047,0
LA_D_6532700,0,0.0036620481,0
LA_D_6587975,0,0.0057704747,0
LA_D_6601716,0,0.0014622777,0
LA_D_6627504,0,0.002156374,0
LA_D_6637053,0,0.0028523307,0
LA_D_6669288,0,0.0023373323,0
LA_D_6738104,0,0.0063640988,0
LA_D_6757727,0,0.0007394753,0
LA_D_6758674,0,0.0024967373,0
LA_D_6826932,0,0.0022481894,0
LA_D_6871318,0,0.002155732,0
LA_D_6910629,0,0.0065543624,0
LA_D_6912549,0,0.007165943,0
LA_D_6922693,0,0.002213318,0
LA_D_6938340,0,0.0049577598,0
LA_D_7061454,0,0.0030268116,0
LA_D_7061939,0,0.003527524,0
LA_D_7073171,0,0.00067264156,0
LA_D_7111368,0,0.00022883262,0
LA_D_7115681,0,0.0015048735,0
LA_D_7118013,0,0.0018124862,0
LA_D_7121651,0,0.0014191504,0
LA_D_7125569,0,0.0009036327,0
LA_D_7131778,0,0.0057361503,0
LA_D_7152111,0,0.011242027,0
LA_D_7171094,0,0.0025427563,0
LA_D_7186889,0,0.00222337,0
LA_D_7232349,0,0.0016350151,0
LA_D_7235738,0,0.002650072,0
LA_D_7248183,0,0.0010555207,0
LA_D_7253234,0,0.003177065,0
LA_D_7254994,0,0.004224529,0
LA_D_7269807,0,0.005512671,0
LA_D_7286561,0,0.0066801,0
LA_D_7313938,0,0.0039155562,0
LA_D_7325516,0,0.005205714,0
LA_D_7331720,0,0.0049312487,0
LA_D_7349370,0,0.0012215024,0
LA_D_7350444,0,0.0038993685,0
LA_D_7371430,0,0.0039237314,0
LA_D_7412720,0,0.0034404541,0
LA_D_7459580,0,0.0024086975,0
LA_D_7470861,0,0.004396603,0
LA_D_7474045,0,0.0041875457,0
LA_D_7488791,0,0.0006671812,0
LA_D_7510623,0,0.0074650794,0
LA_D_7542197,0,0.0031687461,0
LA_D_7556050,0,0.0068226135,0
LA_D_7560243,0,0.0047930805,0
LA_D_7623118,0,0.0049483734,0
LA_D_7654864,0,0.005648255,0
LA_D_7666412,0,0.0032054654,0
LA_D_7682859,0,0.0020630115,0
LA_D_7694146,0,0.0035570692,0
LA_D_7702334,0,0.0017891541,0
LA_D_7753766,0,0.002837848,0
LA_D_7760099,0,0.0016306714,0
LA_D_7774263,0,0.002691599,0
LA_D_7774342,0,0.0022381297,0
LA_D_7777836,0,0.002240465,0
LA_D_7789380,0,0.0027835341,0
LA_D_7819097,0,0.0055253645,0
LA_D_7824827,0,0.0043493104,0
LA_D_7873404,0,0.024015145,0
LA_D_7886919,0,0.0043527437,0
LA_D_7897770,0,0.000975082,0
LA_D_7909419,0,0.0031420547,0
LA_D_7946884,0,0.0035637938,0
LA_D_7964759,0,0.0036394917,0
LA_D_7969951,0,0.004344184,0
LA_D_8005407,0,0.0071200095,0
LA_D_8014513,0,0.0046803383,0
LA_D_8016454,0,0.0029506972,0
LA_D_8075338,0,0.0032762524,0
LA_D_8078636,0,0.0024644576,0
LA_D_8131341,0,0.004556265,0
LA_D_8159620,0,0.0058108093,0
LA_D_8200723,0,0.004035543,0
LA_D_8229545,0,0.0029045122,0
LA_D_8255047,0,0.0052991393,0
LA_D_8263768,0,0.0064098956,0
LA_D_8274284,0,0.0044370666,0
LA_D_8277539,0,0.006107708,0
LA_D_8288906,0,0.0035972309,0
LA_D_8313652,0,0.0021271533,0
LA_D_8342458,0,0.0058009257,0
LA_D_8389175,0,0.0047327764,0
LA_D_8428885,0,0.005874557,0
LA_D_8431371,0,0.002068288,0
LA_D_8432132,0,0.0070025856,0
LA_D_8507748,0,0.0047458396,0
LA_D_8534487,0,0.0028206727,0
LA_D_8538867,0,0.0021476378,0
LA_D_8546710,0,0.0024737876,0
LA_D_8631560,0,0.009482072,0
LA_D_8652934,0,0.008487049,0
LA_D_8680689,0,0.0009885601,0
LA_D_8704297,0,0.0020418037,0
LA_D_8764691,0,0.004518623,0
LA_D_8777124,0,0.005141728,0
LA_D_8811442,0,0.0021070605,0
LA_D_8823303,0,0.007249595,0
LA_D_8825681,0,0.003931254,0
LA_D_8954015,0,0.0025391285,0
LA_D_8974324,0,0.0029901422,0
LA_D_8987065,0,0.0041270126,0
LA_D_9024538,0,0.0020489907,0
LA_D_9047749,0,0.0041444246,0
LA_D_9057925,0,0.0046748244,0
LA_D_9063908,0,0.0034607071,0
LA_D_9090521,0,0.0034103876,0
LA_D_9098890,0,0.00434385,0
LA_D_9108542,0,0.0035011037,0
LA_D_9120579,0,0.003963844,0
LA_D_9140799,0,0.006897113,0
LA_D_9172868,0,0.0064492943,0
LA_D_9192908,0,0.0032438582,0
LA_D_9199016,0,0.0013199213,0
LA_D_9199774,0,0.004050614,0
LA_D_9227483,0,0.0021484513,0
LA_D_9253719,0,0.0037090778,0
LA_D_9275127,0,0.0032170392,0
LA_D_9326600,0,0.0033687747,0
LA_D_9371325,0,0.004307103,0
LA_D_9371594,0,0.002670889,0
LA_D_9480700,0,0.003735039,0
LA_D_9486780,0,0.007831272,0
LA_D_9487464,0,0.005802078,0
LA_D_9503559,0,0.004040345,0
LA_D_9515636,0,0.004039761,0
LA_D_9526305,0,0.0036412976,0
LA_D_9533791,0,0.0031712565,0
LA_D_9539564,0,0.0020406507,0
LA_D_9562534,0,0.0017075854,0
LA_D_9565733,0,0.002136932,0
LA_D_9607409,0,0.002123354,0
LA_D_9630382,0,0.0032366032,0
LA_D_9659541,0,0.0013853598,0
LA_D_9673463,0,0.0037942592,0
LA_D_9673567,0,0.0017179726,0
LA_D_9699186,0,0.0046768924,0
LA_D_9699780,0,0.002140183,0
LA_D_9725667,0,0.0036802185,0
LA_D_9784809,0,0.0036959383,0
LA_D_9824026,0,0.002841222,0
LA_D_9832683,0,0.005380628,0
LA_D_9833484,0,0.0037803524,0
LA_D_9880841,0,0.0035561062,0
LA_D_9896645,0,0.0024073964,0
LA_D_9914542,0,0.00072054856,0
LA_D_9915172,0,0.0041618943,0
LA_D_9932427,0,0.0021103574,0
LA_D_9937324,0,0.0024258844,0
LA_D_9952740,0,0.0024786992,0
LA_D_9986371,0,0.00448997,0
LA_D_9990640,0,0.004058048,0
LA_D_9996160,0,0.0053829537,0
LA_D_1043824,0,0.0018582093,0
LA_D_1056844,0,0.001666952,0
LA_D_1088314,0,0.0018957773,0
LA_D_1088929,0,0.002137371,0
LA_D_1108768,0,0.0013332634,0
LA_D_1141118,0,0.0018777981,0
LA_D_1192749,0,0.0051467842,0
LA_D_1200542,0,0.0032574933,0
LA_D_1245233,0,0.0022391863,0
LA_D_1246251,0,0.0013227666,0
LA_D_1274207,0,0.004126225,0
LA_D_1274554,0,0.0011963819,0
LA_D_1300135,0,0.0017881913,0
LA_D_1322656,0,0.0016073358,0
LA_D_1359304,0,0.0027091056,0
LA_D_1412931,0,0.0021993325,0
LA_D_1415728,0,0.0010546906,0
LA_D_1422129,0,0.0013687258,0
LA_D_1461462,0,0.0020258278,0
LA_D_1539089,0,0.001216421,0
LA_D_1580841,0,0.0049832864,0
LA_D_1589222,0,0.0012289592,0
LA_D_1615516,0,0.0013000397,0
LA_D_1616093,0,0.0026298536,0
LA_D_1649885,0,0.0021513526,0
LA_D_1659955,0,0.0065661627,0
LA_D_1673360,0,0.0024133977,0
LA_D_1731771,0,0.0011191282,0
LA_D_1733253,0,0.0040985746,0
LA_D_1798838,0,0.002300003,0
LA_D_1816644,0,0.0013365637,0
LA_D_1831145,0,0.0014040485,0
LA_D_1834815,0,0.0025617299,0
LA_D_1854905,0,0.004549721,0
LA_D_1877966,0,0.0009228531,0
LA_D_1879539,0,0.011255004,0
LA_D_1885226,0,0.0038033053,0
LA_D_1920639,0,0.0018008326,0
LA_D_1927087,0,0.002185882,0
LA_D_1934985,0,0.0018450139,0
LA_D_1965512,0,0.003701674,0
LA_D_1985217,0,0.0031436053,0
LA_D_2074154,0,0.003296346,0
LA_D_2121556,0,0.0011232155,0
LA_D_2135966,0,0.0034395403,0
LA_D_2141097,0,0.0019372865,0
LA_D_2201205,0,0.0015882395,0
LA_D_2216664,0,0.0011577489,0
LA_D_2298248,0,0.0013685796,0
LA_D_2341646,0,0.002596202,0
LA_D_2376428,0,0.0015943395,0
LA_D_2393554,0,0.0015651756,0
LA_D_2425743,0,0.0020144065,0
LA_D_2461601,0,0.0036751234,0
LA_D_2467700,0,0.000873803,0
LA_D_2475830,0,0.0021937839,0
LA_D_2525110,0,0.0023741585,0
LA_D_2533846,0,0.0074046506,0
LA_D_2564083,0,0.0027903258,0
LA_D_2566965,0,0.042257607,0
LA_D_2644554,0,0.0017181049,0
LA_D_2676220,0,0.0018051751,0
LA_D_2685703,0,0.0027428025,0
LA_D_2707454,0,0.0034184894,0
LA_D_2708011,0,0.0035131972,0
LA_D_2734913,0,0.0021125316,0
LA_D_2796669,0,0.0019266979,0
LA_D_2896219,0,0.0021518215,0
LA_D_2950820,0,0.0020839444,0
LA_D_2962430,0,0.003448604,0
LA_D_2983401,0,0.005640023,0
LA_D_2998083,0,0.002881452,0
LA_D_3004782,0,0.0015634522,0
LA_D_3048061,0,0.006960644,0
LA_D_3088084,0,0.0013865419,0
LA_D_3113314,0,0.0019581646,0
LA_D_3117655,0,0.0013150722,0
LA_D_3150574,0,0.0037441095,0
LA_D_3179337,0,0.001071351,0
LA_D_3195295,0,0.0020329598,0
LA_D_3258000,0,0.0019985542,0
LA_D_3333324,0,0.0046539656,0
LA_D_3350240,0,0.0028866397,0
LA_D_3538677,0,0.0070072087,0
LA_D_3553429,0,0.0011656588,0
LA_D_3555076,0,0.005244488,0
LA_D_3621506,0,0.0020531907,0
LA_D_3639895,0,0.0013330317,0
LA_D_3649862,0,0.0028296986,0
LA_D_3673082,0,0.0014390539,0
LA_D_3674534,0,0.003056965,0
LA_D_3675542,0,0.006886516,0
LA_D_3775817,0,0.0037485943,0
LA_D_3777433,0,0.0012755346,0
LA_D_3828893,0,0.004702381,0
LA_D_3855845,0,0.0044853557,0
LA_D_3871798,0,0.01123366,0
LA_D_3912485,0,0.0016692549,0
LA_D_3931582,0,0.0011772538,0
LA_D_3969544,0,0.002445084,0
LA_D_3979729,0,0.0016791974,0
LA_D_4042958,0,0.0034827574,0
LA_D_4096026,0,0.005210522,0
LA_D_4103125,0,0.002442199,0
LA_D_4116714,0,0.0037526144,0
LA_D_4191537,0,0.0010423115,0
LA_D_4191826,0,0.0009630724,0
LA_D_4204191,0,0.0030379435,0
LA_D_4205821,0,0.0015540643,0
LA_D_4206329,0,0.0028699054,0
LA_D_4253070,0,0.0031767238,0
LA_D_4259794,0,0.003952054,0
LA_D_4262940,0,0.0017365259,0
LA_D_4266524,0,0.0020017829,0
LA_D_4302254,0,0.0020154542,0
LA_D_4333326,0,0.0011287394,0
LA_D_4373860,0,0.0034472274,0
LA_D_4394399,0,0.0024885768,0
LA_D_4402495,0,0.0022491063,0
LA_D_4407872,0,0.0017159666,0
LA_D_4504946,0,0.003183045,0
LA_D_4510369,0,0.0015059155,0
LA_D_4552742,0,0.028771792,0
LA_D_4590771,0,0.0021584858,0
LA_D_4598678,0,0.0035427324,0
LA_D_4611322,0,0.0038950616,0
LA_D_4627714,0,0.0024349238,0
LA_D_4669726,0,0.0022690995,0
LA_D_4681179,0,0.0020313177,0
LA_D_4708806,0,0.0034625316,0
LA_D_4713595,0,0.0020635868,0
LA_D_4764117,0,0.0022139656,0
LA_D_4765823,0,0.003396425,0
LA_D_4843399,0,0.0011979596,0
LA_D_4888907,0,0.0016110046,0
LA_D_4896823,0,0.009895691,0
LA_D_4927828,0,0.00089187175,0
LA_D_4944706,0,0.0024469995,0
LA_D_4995679,0,0.0025552695,0
LA_D_4996496,0,0.0025405441,0
LA_D_5018816,0,0.0032368891,0
LA_D_5092434,0,0.015013621,0
LA_D_5109502,0,0.012690106,0
LA_D_5163083,0,0.0019847683,0
LA_D_5228503,0,0.0023161748,0
LA_D_5239525,0,0.00089610467,0
LA_D_5246094,0,0.0031896725,0
LA_D_5269386,0,0.0038464847,0
LA_D_5318221,0,0.0014183761,0
LA_D_5350529,0,0.0016426233,0
LA_D_5402017,0,0.0021551566,0
LA_D_5426906,0,0.007792376,0
LA_D_5432736,0,0.0035066898,0
LA_D_5453346,0,0.0015182132,0
LA_D_5462805,0,0.0031575647,0
LA_D_5490168,0,0.010697235,0
LA_D_5592383,0,0.0027614671,0
LA_D_5593819,0,0.0021469195,0
LA_D_5621900,0,0.0019761738,0
LA_D_5639584,0,0.0030387435,0
LA_D_5642763,0,0.0018000551,0
LA_D_5662897,0,0.0041177473,0
LA_D_5691372,0,0.0014060442,0
LA_D_5733338,0,0.0027944432,0
LA_D_5765155,0,0.0035644444,0
LA_D_5814298,0,0.0016868141,0
LA_D_5866992,0,0.0025424543,0
LA_D_5867393,0,0.0020755867,0
LA_D_5871349,0,0.0018228622,0
LA_D_5897721,0,0.002318833,0
LA_D_5927325,0,0.0026730378,0
LA_D_6004959,0,0.0026641872,0
LA_D_6017131,0,0.0033366566,0
LA_D_6022964,0,0.0018826311,0
LA_D_6028528,0,0.001760608,0
LA_D_6055459,0,0.0012832915,0
LA_D_6056258,0,0.0030354445,0
LA_D_6237040,0,0.001491628,0
LA_D_6246305,0,0.0035321298,0
LA_D_6331537,0,0.002463539,0
LA_D_6339525,0,0.0027807953,0
LA_D_6367650,0,0.001248169,0
LA_D_6371255,0,0.001185097,0
LA_D_6414092,0,0.0010389398,0
LA_D_6422582,0,0.0015266765,0
LA_D_6424715,0,0.0018046638,0
LA_D_6452637,0,0.0021673588,0
LA_D_6553554,0,0.0023577486,0
LA_D_6577158,0,0.001839996,0
LA_D_6634201,0,0.0013696046,0
LA_D_6692967,0,0.0014665297,0
LA_D_6699665,0,0.0033573247,0
LA_D_6757990,0,0.004635897,0
LA_D_6788465,0,0.003407046,0
LA_D_6837161,0,0.002764661,0
LA_D_6863055,0,0.0033242458,0
LA_D_6877026,0,0.002004432,0
LA_D_6895177,0,0.0025785435,0
LA_D_6904064,0,0.002578627,0
LA_D_7041661,0,0.0018510327,0
LA_D_7045415,0,0.0011419479,0
LA_D_7166738,0,0.0025632447,0
LA_D_7167134,0,0.002659302,0
LA_D_7176031,0,0.00097606715,0
LA_D_7182532,0,0.0013167885,0
LA_D_7249074,0,0.0010620655,0
LA_D_7254011,0,0.0005914558,0
LA_D_7261537,0,0.0064138053,0
LA_D_7282044,0,0.006067901,0
LA_D_7382039,0,0.0014456379,0
LA_D_7479581,0,0.0013720198,0
LA_D_7509263,0,0.0039028374,0
LA_D_7520400,0,0.0012374846,0
LA_D_7526293,0,0.0024109534,0
LA_D_7603558,0,0.0023866645,0
LA_D_7645542,0,0.0064014825,0
LA_D_7690544,0,0.0016418009,0
LA_D_7721167,0,0.0021288272,0
LA_D_7768286,0,0.0037121947,0
LA_D_7775067,0,0.0025578337,0
LA_D_7784356,0,0.0032651112,0
LA_D_7896930,0,0.003675698,0
LA_D_7930498,0,0.0019750483,0
LA_D_7948287,0,0.0042858752,0
LA_D_7959836,0,0.0026647549,0
LA_D_7963921,0,0.0014849635,0
LA_D_7969154,0,0.0015303779,0
LA_D_7981282,0,0.0015499701,0
LA_D_7991093,0,0.004447385,0
LA_D_8029513,0,0.0020719385,0
LA_D_8055923,0,0.0012533916,0
LA_D_8089053,0,0.0023305991,0
LA_D_8100525,0,0.004072777,0
LA_D_8108711,0,0.0032888283,0
LA_D_8173750,0,0.0011104997,0
LA_D_8176963,0,0.0048334976,0
LA_D_8181591,0,0.006350005,0
LA_D_8192015,0,0.0009418108,0
LA_D_8231246,0,0.0016053544,0
LA_D_8261853,0,0.007238909,0
LA_D_8316696,0,0.00034662086,0
LA_D_8320443,0,0.0014603039,0
LA_D_8322509,0,0.004155054,0
LA_D_8322984,0,0.002367492,0
LA_D_8336903,0,0.0016584488,0
LA_D_8446758,0,0.0013567266,0
LA_D_8458426,0,0.00168028,0
LA_D_8465272,0,0.0033444783,0
LA_D_8524503,0,0.0092769805,0
LA_D_8531203,0,0.0022267543,0
LA_D_8560313,0,0.0018373389,0
LA_D_8613483,0,0.0011892074,0
LA_D_8624407,0,0.002700425,0
LA_D_8653066,0,0.001692885,0
LA_D_8704593,0,0.001125705,0
LA_D_8712202,0,0.0014124465,0
LA_D_8716948,0,0.0025738436,0
LA_D_8732956,0,0.0013032487,0
LA_D_8766024,0,0.002088181,0
LA_D_8772966,0,0.0015546356,0
LA_D_8788165,0,0.004093037,0
LA_D_8794217,0,0.0020426433,0
LA_D_8795367,0,0.0038173813,0
LA_D_8800518,0,0.0022449475,0
LA_D_8824981,0,0.003558929,0
LA_D_8840072,0,0.0006642102,0
LA_D_8861570,0,0.0011652347,0
LA_D_8875680,0,0.0029269475,0
LA_D_8881354,0,0.0024902096,0
LA_D_8910316,0,0.002011608,0
LA_D_8961138,0,0.0018776229,0
LA_D_8975234,0,0.003523939,0
LA_D_8998984,0,0.001943555,0
LA_D_9011396,0,0.003334282,0
LA_D_9030143,0,0.0016077206,0
LA_D_9058027,0,0.0018560773,0
LA_D_9111429,0,0.0028099339,0
LA_D_9122497,0,0.002081149,0
LA_D_9180251,0,0.005127104,0
LA_D_9237935,0,0.0020635652,0
LA_D_9241230,0,0.0020400893,0
LA_D_9242112,0,0.0011388725,0
LA_D_9244255,0,0.0014166954,0
LA_D_9305654,0,0.0025977879,0
LA_D_9335272,0,0.0016850589,0
LA_D_9354813,0,0.0034744279,0
LA_D_9383850,0,0.004591448,0
LA_D_9401339,0,0.007935242,0
LA_D_9406043,0,0.0012402649,0
LA_D_9430378,0,0.002556068,0
LA_D_9440328,0,0.003162428,0
LA_D_9455279,0,0.001671354,0
LA_D_9477633,0,0.0019744074,0
LA_D_9489571,0,0.0015319862,0
LA_D_9588984,0,0.008973954,0
LA_D_9633618,0,0.0040459246,0
LA_D_9676279,0,0.0031837833,0
LA_D_9685224,0,0.0015587001,0
LA_D_9695805,0,0.0010210192,0
LA_D_9710580,0,0.0014513237,0
LA_D_9731844,0,0.0027601253,0
LA_D_9748213,0,0.0032162687,0
LA_D_9806222,0,0.0051870844,0
LA_D_9821371,0,0.0036537135,0
LA_D_9860564,0,0.0013407462,0
LA_D_9864384,0,0.0032907124,0
LA_D_9953809,0,0.0010911276,0
LA_D_9963628,0,0.0021284535,0
LA_D_1039139,0,0.0016108089,0
LA_D_1048347,0,0.0035439935,0
LA_D_1073972,0,0.0029905406,0
LA_D_1086287,0,0.0023257567,0
LA_D_1140647,0,0.0021652149,0
LA_D_1147199,0,0.0046969294,0
LA_D_1221886,0,0.00240389,0
LA_D_1221909,0,0.0042857756,0
LA_D_1239313,0,0.0008755249,0
LA_D_1242151,0,0.0037527462,0
LA_D_1251337,0,0.0017208011,0
LA_D_1285074,0,0.0037244905,0
LA_D_1288236,0,0.0041505005,0
LA_D_1309241,0,0.003350806,0
LA_D_1345967,0,0.0022850253,0
LA_D_1381057,0,0.0021607485,0
LA_D_1388176,0,0.0012120175,0
LA_D_1408615,0,0.0040079057,0
LA_D_1431732,0,0.0035293885,0
LA_D_1463387,0,0.0012375289,0
LA_D_1482457,0,0.0040932274,0
LA_D_1536794,0,0.0054675783,0
LA_D_1539801,0,0.0020358611,0
LA_D_1544370,0,0.0025822204,0
LA_D_1597981,0,0.0037212896,0
LA_D_1603998,0,0.0063879513,0
LA_D_1611876,0,0.0026887346,0
LA_D_1620917,0,0.0021986428,0
LA_D_1625190,0,0.006079556,0
LA_D_1704825,0,0.0023853001,0
LA_D_1711648,0,0.0019792297,0
LA_D_1714107,0,0.0068028225,0
LA_D_1783314,0,0.0011498082,0
LA_D_1784577,0,0.0016454754,0
LA_D_1832625,0,0.002032974,0
LA_D_1851098,0,0.0004702976,0
LA_D_1856840,0,0.0017953585,0
LA_D_1873253,0,0.003626114,0
LA_D_1997028,0,0.0047262874,0
LA_D_2005741,0,0.0051640207,0
LA_D_2017424,0,0.0048734634,0
LA_D_2027962,0,0.003983812,0
LA_D_2123023,0,0.0029153202,0
LA_D_2142945,0,0.0023332895,0
LA_D_2172486,0,0.0029429498,0
LA_D_2188345,0,0.0015378827,0
LA_D_2198817,0,0.0022081453,0
LA_D_2201640,0,0.0022385558,0
LA_D_2252538,0,0.0029941795,0
LA_D_2288713,0,0.0059189196,0
LA_D_2291346,0,0.0045828437,0
LA_D_2323727,0,0.0024038947,0
LA_D_2362639,0,0.0011760511,0
LA_D_2386679,0,0.0010198073,0
LA_D_2391531,0,0.0015884951,0
LA_D_2417545,0,0.0038042483,0
LA_D_2436190,0,0.0020557286,0
LA_D_2485889,0,0.007995298,0
LA_D_2545382,0,0.0023217264,0
LA_D_2599187,0,0.0017392441,0
LA_D_2614736,0,0.0037591942,0
LA_D_2649373,0,0.0026637272,0
LA_D_2655792,0,0.0023368686,0
LA_D_2754048,0,0.0021864437,0
LA_D_2754891,0,0.0014581826,0
LA_D_2761884,0,0.002741105,0
LA_D_2857417,0,0.00032827584,0
LA_D_2872153,0,0.0017122255,0
LA_D_2874608,0,0.0036523931,0
LA_D_2877559,0,0.0021344025,0
LA_D_2901378,0,0.0010135841,0
LA_D_2916363,0,0.0011403712,0
LA_D_2930227,0,0.0037405023,0
LA_D_2931921,0,0.0015977495,0
LA_D_2993177,0,0.0022435372,0
LA_D_3004388,0,0.005609829,0
LA_D_3048603,0,0.002841106,0
LA_D_3055190,0,0.001402479,0
LA_D_3065329,0,0.0027263772,0
LA_D_3099702,0,0.0033476797,0
LA_D_3099765,0,0.0045042555,0
LA_D_3109115,0,0.0027881465,0
LA_D_3124979,0,0.0011435187,0
LA_D_3131698,0,0.0020967217,0
LA_D_3201304,0,0.0037400122,0
LA_D_3202961,0,0.0020083103,0
LA_D_3282353,0,0.005788975,0
LA_D_3288700,0,0.0008605496,0
LA_D_3290536,0,0.0057289866,0
LA_D_3321895,0,0.0015008522,0
LA_D_3325754,0,0.0024624867,0
LA_D_3362112,0,0.001155198,0
LA_D_3388522,0,0.0028634449,0
LA_D_3392719,0,0.00421197,0
LA_D_3406031,0,0.004312771,0
LA_D_3440162,0,0.00560918,0
LA_D_3466044,0,0.0024974926,0
LA_D_3487752,0,0.0021717977,0
LA_D_3527928,0,0.0022635865,0
LA_D_3528626,0,0.0022698746,0
LA_D_3560287,0,0.0022234777,0
LA_D_3571998,0,0.0037519298,0
LA_D_3588236,0,0.0055258577,0
LA_D_3591268,0,0.00332975,0
LA_D_3592558,0,0.002937621,0
LA_D_3598874,0,0.0030004096,0
LA_D_3609350,0,0.009753793,0
LA_D_3620195,0,0.0036358882,0
LA_D_3685537,0,0.007617659,0
LA_D_3701395,0,0.004267811,0
LA_D_3766418,0,0.002069105,0
LA_D_3776986,0,0.0072192727,0
LA_D_3802428,0,0.0023316771,0
LA_D_3836323,0,0.0048494674,0
LA_D_3842769,0,0.0049713464,0
LA_D_3905640,0,0.0009513484,0
LA_D_3913619,0,0.0040683285,0
LA_D_3913963,0,0.004287919,0
LA_D_3939556,0,0.0013826875,0
LA_D_3944698,0,0.0029620598,0
LA_D_3961777,0,0.0013946048,0
LA_D_3962756,0,0.0021974372,0
LA_D_3968374,0,0.0022668121,0
LA_D_3978838,0,0.005343111,0
LA_D_3983408,0,0.0030580843,0
LA_D_3992187,0,0.003953546,0
LA_D_3993716,0,0.0068637645,0
LA_D_4048492,0,0.0046904027,0
LA_D_4072384,0,0.002673086,0
LA_D_4119433,0,0.0017346612,0
LA_D_4140334,0,0.0048428257,0
LA_D_4164321,0,0.0034108544,0
LA_D_4169471,0,0.005920126,0
LA_D_4176806,0,0.0018201277,0
LA_D_4183043,0,0.0006656424,0
LA_D_4198345,0,0.0026446243,0
LA_D_4210361,0,0.0029670321,0
LA_D_4214532,0,0.0018179528,0
LA_D_4230768,0,0.0028532245,0
LA_D_4238241,0,0.0027003323,0
LA_D_4255447,0,0.001418529,0
LA_D_4282121,0,0.0051218676,0
LA_D_4296919,0,0.0017228412,0
LA_D_4320168,0,0.0051517477,0
LA_D_4341923,0,0.0036835102,0
LA_D_4407489,0,0.0020498207,0
LA_D_4410974,0,0.0038891973,0
LA_D_4432822,0,0.0037528635,0
LA_D_4495766,0,0.0019854032,0
LA_D_4521523,0,0.0049204626,0
LA_D_4534583,0,0.0023648164,0
LA_D_4542167,0,0.0018583827,0
LA_D_4575352,0,0.0038433182,0
LA_D_4579048,0,0.00048722277,0
LA_D_4609177,0,0.00370859,0
LA_D_4609622,0,0.0055491435,0
LA_D_4610333,0,0.0027666613,0
LA_D_4615434,0,0.002520844,0
LA_D_4638796,0,0.0012849094,0
LA_D_4641933,0,0.004566857,0
LA_D_4654330,0,0.0013049416,0
LA_D_4657107,0,0.0056529567,0
LA_D_4673595,0,0.0027907093,0
LA_D_4675553,0,0.0029186432,0
LA_D_4686032,0,0.003857272,0
LA_D_4686386,0,0.002585665,0
LA_D_4722400,0,0.0010876993,0
LA_D_4733662,0,0.0032722747,0
LA_D_4758309,0,0.0023724493,0
LA_D_4774815,0,0.0015785033,0
LA_D_4782016,0,0.0047646468,0
LA_D_4836375,0,0.00085177086,0
LA_D_4889508,0,0.0018743746,0
LA_D_4920577,0,0.0012845418,0
LA_D_4994551,0,0.0039956584,0
LA_D_5006461,0,0.0034890368,0
LA_D_5071327,0,0.0015191445,0
LA_D_5128130,0,0.0016524162,0
LA_D_5157134,0,0.0015506736,0
LA_D_5170078,0,0.0020229106,0
LA_D_5182485,0,0.0054751965,0
LA_D_5191983,0,0.0043350696,0
LA_D_5194315,0,0.0055607595,0
LA_D_5198994,0,0.00043902147,0
LA_D_5204212,0,0.0010650266,0
LA_D_5233163,0,0.004187369,0
LA_D_5242024,0,0.0031447532,0
LA_D_5259188,0,0.0026122825,0
LA_D_5260119,0,0.0023593844,0
LA_D_5264556,0,0.0074831373,0
LA_D_5277511,0,0.005054854,0
LA_D_5318067,0,0.0051362575,0
LA_D_5320783,0,0.0030214477,0
LA_D_5337117,0,0.0015397135,0
LA_D_5343311,0,0.00328863,0
LA_D_5347974,0,0.0022104094,0
LA_D_5356184,0,0.001697959,0
LA_D_5398124,0,0.005381854,0
LA_D_5421873,0,0.0020120973,0
LA_D_5425041,0,0.0030917781,0
LA_D_5434356,0,0.0032267298,0
LA_D_5440849,0,0.0013503226,0
LA_D_5485420,0,0.0020471322,0
LA_D_5485641,0,0.002610207,0
LA_D_5494239,0,0.0038702036,0
LA_D_5504869,0,0.0017799312,0
LA_D_5507640,0,0.002232472,0
LA_D_5520997,0,0.0013533436,0
LA_D_5525698,0,0.005451203,0
LA_D_5527718,0,0.0011070685,0
LA_D_5529420,0,0.0049527003,0
LA_D_5567164,0,0.009156933,0
LA_D_5613254,0,0.0011617895,0
LA_D_5647507,0,0.0027977964,0
LA_D_5658035,0,0.00374167,0
LA_D_5693315,0,0.0045939684,0
LA_D_5707973,0,0.0027995582,0
LA_D_5739561,0,0.004738631,0
LA_D_5814082,0,0.009174853,0
LA_D_5835729,0,0.0026152758,0
LA_D_5852175,0,0.0025429344,0
LA_D_5858599,0,0.0037827902,0
LA_D_5894538,0,0.0049832202,0
LA_D_5899353,0,0.0025924558,0
LA_D_5905495,0,0.002787204,0
LA_D_5917788,0,0.007642192,0
LA_D_5918913,0,0.0060272343,0
LA_D_5921381,0,0.0049256366,0
LA_D_5933472,0,0.004218828,0
LA_D_5962669,0,0.0020402449,0
LA_D_6027288,0,0.0035158927,0
LA_D_6038110,0,0.001612374,0
LA_D_6065472,0,0.002578843,0
LA_D_6074404,0,0.0017115192,0
LA_D_6116156,0,0.0033060797,0
LA_D_6122657,0,0.004102689,0
LA_D_6132835,0,0.00063736766,0
LA_D_6232550,0,0.0036863252,0
LA_D_6257881,0,0.003927367,0
LA_D_6261315,0,0.0043711327,0
LA_D_6296466,0,0.00039043787,0
LA_D_6354261,0,0.0039113555,0
LA_D_6380154,0,0.0012177398,0
LA_D_6426863,0,0.0023483948,0
LA_D_6426887,0,0.0023629882,0
LA_D_6503636,0,0.006282563,0
LA_D_6537993,0,0.009101179,0
LA_D_6573047,0,0.0017282055,0
LA_D_6589288,0,0.002904762,0
LA_D_6626704,0,0.00049168855,0
LA_D_6640884,0,0.0017237853,0
LA_D_6655218,0,0.0024591193,0
LA_D_6658491,0,0.0020604557,0
LA_D_6668678,0,0.00544104,0
LA_D_6681088,0,0.0035300457,0
LA_D_6710896,0,0.0066455933,0
LA_D_6715399,0,0.002727203,0
LA_D_6721387,0,0.0062392545,0
LA_D_6735934,0,0.0013360209,0
LA_D_6739692,0,0.005573682,0
LA_D_6761573,0,0.0021155404,0
LA_D_6836932,0,0.0015768103,0
LA_D_6844665,0,0.003097003,0
LA_D_6850823,0,0.0004932005,0
LA_D_6886899,0,0.0036760771,0
LA_D_6913182,0,0.010810624,0
LA_D_6943890,0,0.0012737475,0
LA_D_6952051,0,0.005346947,0
LA_D_6984478,0,0.001653247,0
LA_D_7001993,0,0.0014105452,0
LA_D_7027043,0,0.00519808,0
LA_D_7032136,0,0.004141385,0
LA_D_7038850,0,0.0018888337,0
LA_D_7042766,0,0.002284823,0
LA_D_7042962,0,0.0034989582,0
LA_D_7059979,0,0.0018330589,0
LA_D_7068087,0,0.0039105266,0
LA_D_7093402,0,0.0051330957,0
LA_D_7116488,0,0.0015323128,0
LA_D_7120234,0,0.0031369897,0
LA_D_7167976,0,0.001727494,0
LA_D_7191777,0,0.0026792942,0
LA_D_7223220,0,0.0021513002,0
LA_D_7236647,0,0.0035756582,0
LA_D_7239373,0,0.003071501,0
LA_D_7263077,0,0.0052071144,0
LA_D_7279307,0,0.0025681795,0
LA_D_7286303,0,0.004990228,0
LA_D_7294510,0,0.008056159,0
LA_D_7299134,0,0.005733421,0
LA_D_7306327,0,0.002117734,0
LA_D_7309140,0,0.0011931913,0
LA_D_7315445,0,0.0022383225,0
LA_D_7350586,0,0.0021964556,0
LA_D_7373868,0,0.0007050413,0
LA_D_7374243,0,0.0022958969,0
LA_D_7415677,0,0.0060372953,0
LA_D_7432070,0,0.004695026,0
LA_D_7445190,0,0.0039171856,0
LA_D_7529026,0,0.001033848,0
LA_D_7542467,0,0.0045712856,0
LA_D_7552264,0,0.00401443,0
LA_D_7572613,0,0.000885369,0
LA_D_7574385,0,0.00539654,0
LA_D_7582835,0,0.0044791093,0
LA_D_7584092,0,0.0045555513,0
LA_D_7586206,0,0.003192755,0
LA_D_7588186,0,0.0007102841,0
LA_D_7600602,0,0.0021517896,0
LA_D_7615544,0,0.0013166217,0
LA_D_7691445,0,0.00068399496,0
LA_D_7695039,0,0.0020135832,0
LA_D_7695465,0,0.004257323,0
LA_D_7701169,0,0.0028174892,0
LA_D_7713348,0,0.0038483413,0
LA_D_7748377,0,0.0076106684,0
LA_D_7749562,0,0.0040703714,0
LA_D_7775951,0,0.0022977556,0
LA_D_7825964,0,0.0029584046,0
LA_D_7829594,0,0.007604045,0
LA_D_7832933,0,0.0037492746,0
LA_D_7834222,0,0.0006631735,0
LA_D_7843002,0,0.0019229733,0
LA_D_7844644,0,0.0024816084,0
LA_D_7848357,0,0.0037866083,0
LA_D_7961484,0,0.0032693786,0
LA_D_7977738,0,0.01740539,0
LA_D_8007626,0,0.003926835,0
LA_D_8023041,0,0.0016022536,0
LA_D_8072757,0,0.0008611115,0
LA_D_8099337,0,0.0041011777,0
LA_D_8127140,0,0.002592774,0
LA_D_8130065,0,0.005223655,0
LA_D_8185366,0,0.00061076425,0
LA_D_8187526,0,0.004443835,0
LA_D_8191100,0,0.0017916475,0
LA_D_8194762,0,0.0022774965,0
LA_D_8254731,0,0.0021507978,0
LA_D_8267517,0,0.003374633,0
LA_D_8268464,0,0.0064021195,0
LA_D_8289361,0,0.0016512106,0
LA_D_8296972,0,0.0013718943,0
LA_D_8318612,0,0.0043900097,0
LA_D_8370029,0,0.0028429085,0
LA_D_8370479,0,0.0025596155,0
LA_D_8372744,0,0.0054977303,0
LA_D_8397498,0,0.0026248093,0
LA_D_8415664,0,0.002868847,0
LA_D_8456126,0,0.004107151,0
LA_D_8460539,0,0.004863266,0
LA_D_8541506,0,0.005413073,0
LA_D_8544672,0,0.0019867416,0
LA_D_8615795,0,0.0030193431,0
LA_D_8618432,0,0.0013301959,0
LA_D_8626873,0,0.0053367596,0
LA_D_8695222,0,0.0027057503,0
LA_D_8726450,0,0.0016000485,0
LA_D_8783766,0,0.004424524,0
LA_D_8793320,0,0.0020980132,0
LA_D_8815599,0,0.0041097635,0
LA_D_8819400,0,0.002305893,0
LA_D_8845423,0,0.006257351,0
LA_D_8867212,0,0.004323731,0
LA_D_8867270,0,0.0024069177,0
LA_D_8892243,0,0.0020234152,0
LA_D_8917998,0,0.004247603,0
LA_D_8932075,0,0.0023976408,0
LA_D_8942534,0,0.0036090587,0
LA_D_8963064,0,0.0032633136,0
LA_D_8966779,0,0.0013832109,0
LA_D_9002280,0,0.00022515,0
LA_D_9040549,0,0.0020161201,0
LA_D_9076740,0,0.0017695979,0
LA_D_9076770,0,0.002666721,0
LA_D_9094015,0,0.0022385952,0
LA_D_9095479,0,0.0028143867,0
LA_D_9181985,0,0.0018891844,0
LA_D_9199206,0,0.002328232,0
LA_D_9209246,0,0.0022346727,0
LA_D_9213158,0,0.0012915512,0
LA_D_9241874,0,0.001334319,0
LA_D_9325677,0,0.0057288534,0
LA_D_9327205,0,0.003682898,0
LA_D_9395571,0,0.003175575,0
LA_D_9410304,0,0.0020803025,0
LA_D_9419166,0,0.0005211773,0
LA_D_9438704,0,0.00095902116,0
LA_D_9472360,0,0.0035668311,0
LA_D_9491705,0,0.004429894,0
LA_D_9497100,0,0.0037050538,0
LA_D_9497941,0,0.00557746,0
LA_D_9501529,0,0.003328381,0
LA_D_9553450,0,0.0008811317,0
LA_D_9603467,0,0.0020249544,0
LA_D_9604114,0,0.0034102676,0
LA_D_9630829,0,0.0034353195,0
LA_D_9695291,0,0.0017775656,0
LA_D_9711196,0,0.0024077273,0
LA_D_9711240,0,0.0013626374,0
LA_D_9739905,0,0.0011987779,0
LA_D_9747461,0,0.0034178637,0
LA_D_9748332,0,0.0049796747,0
LA_D_9780476,0,0.0020210892,0
LA_D_9814040,0,0.0027610837,0
LA_D_9820074,0,0.0010946565,0
LA_D_9830381,0,0.0042845793,0
LA_D_9840469,0,0.0039623114,0
LA_D_9853172,0,0.002022524,0
LA_D_9874583,0,0.0013743942,0
LA_D_9883936,0,0.0038453157,0
LA_D_9895350,0,0.002369519,0
LA_D_9911701,0,0.003698162,0
LA_D_9952323,0,0.0033706916,0
LA_D_9969564,0,0.004546578,0
LA_D_1029606,0,0.0030176956,0
LA_D_1052124,0,0.0069308095,0
LA_D_1083957,0,0.0013990314,0
LA_D_1084800,0,0.00080507185,0
LA_D_1087236,0,0.0014736776,0
LA_D_1113123,0,0.0022561958,0
LA_D_1168419,0,0.00632787,0
LA_D_1226191,0,0.0034847623,0
LA_D_1247401,0,0.007487123,0
LA_D_1254787,0,0.0013037266,0
LA_D_1287933,0,0.0016362158,0
LA_D_1340997,0,0.00033287707,0
LA_D_1341055,0,0.002024623,0
LA_D_1397617,0,0.0015383682,0
LA_D_1432705,0,0.03663431,0
LA_D_1448058,0,0.0019892277,0
LA_D_1468938,0,0.0012576261,0
LA_D_1491936,0,0.005496787,0
LA_D_1492428,0,0.00079233525,0
LA_D_1504555,0,0.009021682,0
LA_D_1571128,0,0.0027796044,0
LA_D_1598091,0,0.0041324547,0
LA_D_1622483,0,0.0006791733,0
LA_D_1642025,0,0.001293068,0
LA_D_1652144,0,0.0028084991,0
LA_D_1667446,0,0.0037975914,0
LA_D_1691998,0,0.0034187813,0
LA_D_1703470,0,0.00049275666,0
LA_D_1823913,0,0.0007529309,0
LA_D_1862205,0,0.0014399278,0
LA_D_1903430,0,0.0022444616,0
LA_D_1923328,0,0.0029665218,0
LA_D_1937650,0,0.0026546044,0
LA_D_1939085,0,0.0021266798,0
LA_D_1964826,0,0.002537846,0
LA_D_1970302,0,0.002715476,0
LA_D_1986407,0,0.0039462615,0
LA_D_2082512,0,0.0017081983,0
LA_D_2103152,0,0.0055055995,0
LA_D_2110587,0,0.0012372496,0
LA_D_2113104,0,0.0021219149,0
LA_D_2207462,0,0.002410083,0
LA_D_2223569,0,0.0021912835,0
LA_D_2227292,0,0.0057642893,0
LA_D_2238824,0,0.0049161944,0
LA_D_2263743,0,0.0022617618,0
LA_D_2288054,0,0.0021885638,0
LA_D_2295069,0,0.0013397959,0
LA_D_2298574,0,0.004306939,0
LA_D_2304305,0,0.0017248474,0
LA_D_2309823,0,0.0066040056,0
LA_D_2317032,0,0.0015247515,0
LA_D_2333530,0,0.00064560556,0
LA_D_2372128,0,0.010935925,0
LA_D_2390461,0,0.0049040443,0
LA_D_2410631,0,0.0004576737,0
LA_D_2443087,0,0.003428967,0
LA_D_2479103,0,0.0019602093,0
LA_D_2490886,0,0.008503291,0
LA_D_2573622,0,0.001898882,0
LA_D_2600197,0,0.0025929937,0
LA_D_2626718,0,0.0012224964,0
LA_D_2638287,0,0.001961009,0
LA_D_2656557,0,0.004085793,0
LA_D_2666429,0,0.003270866,0
LA_D_2729675,0,0.0004707221,0
LA_D_2735904,0,0.0013825038,0
LA_D_2752407,0,0.00152356,0
LA_D_2756344,0,0.0048102434,0
LA_D_2847845,0,0.0011282101,0
LA_D_2852269,0,0.0013026815,0
LA_D_2855965,0,0.007050784,0
LA_D_2876907,0,0.0022978387,0
LA_D_2878565,0,0.0035901486,0
LA_D_2901547,0,0.0025588619,0
LA_D_2955664,0,0.00073907763,0
LA_D_2963628,0,0.0066034333,0
LA_D_2966325,0,0.00057844893,0
LA_D_2981926,0,0.0054348866,0
LA_D_3050425,0,0.0016145102,0
LA_D_3064498,0,0.0037654266,0
LA_D_3076331,0,0.00044611015,0
LA_D_3077841,0,0.008858023,0
LA_D_3084595,0,0.0017400482,0
LA_D_3099139,0,0.001720285,0
LA_D_3104265,0,0.0012574478,0
LA_D_3140574,0,0.00057620904,0
LA_D_3151999,0,0.00086199975,0
LA_D_3257359,0,0.0032482322,0
LA_D_3289644,0,0.004549278,0
LA_D_3304166,0,0.002978817,0
LA_D_3304705,0,0.006936808,0
LA_D_3310432,0,0.00626927,0
LA_D_3311498,0,0.0038746751,0
LA_D_3390471,0,0.003100861,0
LA_D_3390671,0,0.0067879576,0
LA_D_3390960,0,0.00471946,0
LA_D_3457413,0,0.0013955615,0
LA_D_3474687,0,0.0033790139,0
LA_D_3490885,0,0.0014464546,0
LA_D_3587778,0,0.0023721782,0
LA_D_3602354,0,0.003041679,0
LA_D_3617684,0,0.01167518,0
LA_D_3670871,0,0.0017812,0
LA_D_3672627,0,0.0023225637,0
LA_D_3731862,0,0.001439341,0
LA_D_3753870,0,0.0041819145,0
LA_D_3829895,0,0.0012670743,0
LA_D_3864988,0,0.0031521388,0
LA_D_3870377,0,0.0017235277,0
LA_D_3882541,0,0.006142122,0
LA_D_3884708,0,0.0021891878,0
LA_D_3897435,0,0.0034157564,0
LA_D_3921756,0,0.0013979746,0
LA_D_3943903,0,0.0023707727,0
LA_D_3947988,0,0.0015061824,0
LA_D_3961466,0,0.0021438468,0
LA_D_4007402,0,0.0052743442,0
LA_D_4038984,0,0.003013081,0
LA_D_4055931,0,0.0023504235,0
LA_D_4065822,0,0.0026736213,0
LA_D_4093293,0,0.008393226,0
LA_D_4126687,0,0.0012465756,0
LA_D_4156385,0,0.0018317628,0
LA_D_4163117,0,0.002650687,0
LA_D_4181954,0,0.0010058192,0
LA_D_4211012,0,0.004207465,0
LA_D_4234951,0,0.0018995779,0
LA_D_4243231,0,0.004240498,0
LA_D_4276636,0,0.008104988,0
LA_D_4292190,0,0.038875114,0
LA_D_4298361,0,0.006080605,0
LA_D_4305238,0,0.0009725703,0
LA_D_4311165,0,0.001388276,0
LA_D_4334642,0,0.0025316868,0
LA_D_4336024,0,0.0050116633,0
LA_D_4350851,0,0.0014229742,0
LA_D_4355020,0,0.002637435,0
LA_D_4361943,0,0.00077065144,0
LA_D_4372295,0,0.0046917493,0
LA_D_4374564,0,0.0014772906,0
LA_D_4375051,0,0.005085395,0
LA_D_4390307,0,0.00084451685,0
LA_D_4391563,0,0.0013527741,0
LA_D_4417257,0,0.001920323,0
LA_D_4436297,0,0.0015084551,0
LA_D_4453806,0,0.0036666759,0
LA_D_4463094,0,0.0027822237,0
LA_D_4505477,0,0.0010292003,0
LA_D_4533955,0,0.0021729697,0
LA_D_4568370,0,0.000844636,0
LA_D_4568424,0,0.00023252249,0
LA_D_4602007,0,0.0014718111,0
LA_D_4610040,0,0.0016622894,0
LA_D_4630224,0,0.00053925836,0
LA_D_4633338,0,0.0019511731,0
LA_D_4648977,0,0.006987879,0
LA_D_4659487,0,0.009652697,0
LA_D_4676410,0,0.0038998446,0
LA_D_4680226,0,0.0064597093,0
LA_D_4690232,0,0.003697804,0
LA_D_4691564,0,0.009053698,0
LA_D_4698459,0,0.0033493028,0
LA_D_4740585,0,0.0014596607,0
LA_D_4789290,0,0.0013119702,0
LA_D_4794598,0,0.004054473,0
LA_D_4804010,0,0.0028343943,0
LA_D_4821192,0,0.0015846564,0
LA_D_4821332,0,0.0013300559,0
LA_D_4822594,0,0.015248443,0
LA_D_4830664,0,0.011764902,0
LA_D_4906029,0,0.0030141452,0
LA_D_4929206,0,0.0011887817,0
LA_D_4941408,0,0.0038221844,0
LA_D_4954705,0,0.0032111302,0
LA_D_4963222,0,0.00075535197,0
LA_D_4967924,0,0.00033898233,0
LA_D_4983943,0,0.0064491164,0
LA_D_5005032,0,0.0012296453,0
LA_D_5010017,0,0.00062329596,0
LA_D_5035214,0,0.0013670882,0
LA_D_5058945,0,0.000591789,0
LA_D_5069139,0,0.0016873024,0
LA_D_5080060,0,0.0013901832,0
LA_D_5080686,0,0.0020096612,0
LA_D_5125281,0,0.0022844644,0
LA_D_5125885,0,0.0017824168,0
LA_D_5126506,0,0.0018996693,0
LA_D_5145716,0,0.005142879,0
LA_D_5171765,0,0.005980506,0
LA_D_5194284,0,0.0011487358,0
LA_D_5228153,0,0.0047118035,0
LA_D_5247869,0,0.0011388524,0
LA_D_5262139,0,0.0069270497,0
LA_D_5263872,0,0.0013992032,0
LA_D_5272930,0,0.0024454112,0
LA_D_5298319,0,0.010628521,0
LA_D_5320532,0,0.0053619836,0
LA_D_5384581,0,0.0046333033,0
LA_D_5480150,0,0.0013794152,0
LA_D_5494426,0,0.0055527813,0
LA_D_5519767,0,0.008527393,0
LA_D_5527401,0,0.003736524,0
LA_D_5530183,0,0.0017426244,0
LA_D_5539571,0,0.000767774,0
LA_D_5561063,0,0.0047879154,0
LA_D_5620308,0,0.0054109166,0
LA_D_5652448,0,0.0052579087,0
LA_D_5689945,0,0.0015973648,0
LA_D_5752067,0,0.0038649477,0
LA_D_5793309,0,0.00022100277,0
LA_D_5795010,0,0.0024312134,0
LA_D_5820814,0,0.003165287,0
LA_D_5847429,0,0.013684444,0
LA_D_5857393,0,0.0013200156,0
LA_D_5857531,0,0.0047377697,0
LA_D_5897910,0,0.001614192,0
LA_D_5953271,0,0.00090039003,0
LA_D_5959349,0,0.00987904,0
LA_D_5988248,0,0.0030071666,0
LA_D_6008891,0,0.0034859015,0
LA_D_6017002,0,0.0028164124,0
LA_D_6022747,0,0.0015752413,0
LA_D_6035065,0,0.007617529,0
LA_D_6044580,0,0.0020229279,0
LA_D_6048625,0,0.0014934657,0
LA_D_6066336,0,0.0058880923,0
LA_D_6096018,0,0.0018005932,0
LA_D_6149858,0,0.0038060849,0
LA_D_6152637,0,0.00021910106,0
LA_D_6198905,0,0.001117676,0
LA_D_6229325,0,0.0031982714,0
LA_D_6231894,0,0.014350574,0
LA_D_6257405,0,0.007359504,0
LA_D_6263042,0,0.001231305,0
LA_D_6322392,0,0.003140175,0
LA_D_6340625,0,0.0037511901,0
LA_D_6374187,0,0.001476248,0
LA_D_6375662,0,0.0034701116,0
LA_D_6392842,0,0.015667632,0
LA_D_6443831,0,0.00089661806,0
LA_D_6475427,0,0.0018656043,0
LA_D_6486228,0,0.0022181948,0
LA_D_6492372,0,0.0013024135,0
LA_D_6569575,0,0.001856299,0
LA_D_6583550,0,0.0010096498,0
LA_D_6618021,0,0.05136444,0
LA_D_6618951,0,0.006120875,0
LA_D_6640736,0,0.0020982467,0
LA_D_6651226,0,0.0015699227,0
LA_D_6662906,0,0.0025942097,0
LA_D_6675082,0,0.003819404,0
LA_D_6701429,0,0.0033651486,0
LA_D_6767666,0,0.0019928662,0
LA_D_6775046,0,0.0073573864,0
LA_D_6788843,0,0.00035155923,0
LA_D_6810614,0,0.0044576004,0
LA_D_6829505,0,0.0017054034,0
LA_D_6852874,0,0.0053317654,0
LA_D_6905320,0,0.001347085,0
LA_D_6920247,0,0.0030021472,0
LA_D_6923223,0,0.0012155059,0
LA_D_6938086,0,0.0010286053,0
LA_D_6958359,0,0.002662586,0
LA_D_6974451,0,0.0010718562,0
LA_D_6984485,0,0.0024456973,0
LA_D_6988774,0,0.0053072562,0
LA_D_6992460,0,0.05973427,0
LA_D_7006704,0,0.0014871194,0
LA_D_7041540,0,0.0012013569,0
LA_D_7045410,0,0.02030763,0
LA_D_7097297,0,0.0023661195,0
LA_D_7105348,0,0.0020890017,0
LA_D_7124246,0,0.002138492,0
LA_D_7137473,0,0.0011149166,0
LA_D_7153277,0,0.0034150323,0
LA_D_7194671,0,0.0020489565,0
LA_D_7199936,0,0.0034227967,0
LA_D_7206299,0,0.008452219,0
LA_D_7228225,0,0.0005785517,0
LA_D_7247110,0,0.0018874615,0
LA_D_7282970,0,0.010288166,0
LA_D_7295018,0,0.0021573287,0
LA_D_7313474,0,0.0008914719,0
LA_D_7332763,0,0.031463616,0
LA_D_7375023,0,0.0015313968,0
LA_D_7384634,0,0.002343585,0
LA_D_7410425,0,0.0010944189,0
LA_D_7421730,0,0.0023530717,0
LA_D_7465143,0,0.001157756,0
LA_D_7510274,0,0.0029097854,0
LA_D_7511921,0,0.0009220778,0
LA_D_7533882,0,0.0036339057,0
LA_D_7541001,0,0.0014797716,0
LA_D_7606787,0,0.0030320638,0
LA_D_7612955,0,0.0025705404,0
LA_D_7615723,0,0.0036543491,0
LA_D_7616930,0,0.002414801,0
LA_D_7626781,0,0.00073334464,0
LA_D_7627311,0,0.00069987855,0
LA_D_7671577,0,0.0020493837,0
LA_D_7678990,0,0.0024928285,0
LA_D_7700044,0,0.0056772274,0
LA_D_7760174,0,0.0013770092,0
LA_D_7794451,0,0.0069442852,0
LA_D_7805800,0,0.0018418042,0
LA_D_7811982,0,0.004015329,0
LA_D_7812727,0,0.0016031021,0
LA_D_7830572,0,0.002453629,0
LA_D_7853731,0,0.0068232506,0
LA_D_7867502,0,0.0026514651,0
LA_D_7875523,0,0.0013169177,0
LA_D_7893978,0,0.0024441413,0
LA_D_7897572,0,0.008959119,0
LA_D_7905821,0,0.00072868937,0
LA_D_7906958,0,0.002363994,0
LA_D_7908893,0,0.004199086,0
LA_D_7935190,0,0.026110364,0
LA_D_7943905,0,0.0020963864,0
LA_D_7958267,0,0.0018626632,0
LA_D_7961111,0,0.0023721897,0
LA_D_8021505,0,0.002386577,0
LA_D_8027860,0,0.0011380505,0
LA_D_8040350,0,0.0024281149,0
LA_D_8140433,0,0.020659417,0
LA_D_8204422,0,0.001555619,0
LA_D_8227771,0,0.0026306654,0
LA_D_8230373,0,0.0045681624,0
LA_D_8358684,0,0.0004182409,0
LA_D_8377698,0,0.0026714758,0
LA_D_8409251,0,0.0012820263,0
LA_D_8424992,0,0.010448271,0
LA_D_8450267,0,0.0013880968,0
LA_D_8460500,0,0.011657933,0
LA_D_8485154,0,0.003087789,0
LA_D_8490994,0,0.0014752306,0
LA_D_8491335,0,0.0026212314,0
LA_D_8501696,0,0.0007335173,0
LA_D_8525949,0,0.0020195616,0
LA_D_8546971,0,0.003546153,0
LA_D_8559738,0,0.0035016479,0
LA_D_8582199,0,0.009862751,0
LA_D_8615505,0,0.006816106,0
LA_D_8733886,0,0.0035311684,0
LA_D_8798813,0,0.00465606,0
LA_D_8836237,0,0.00090894464,0
LA_D_8837074,0,0.00096335734,0
LA_D_8854126,0,0.00068141654,0
LA_D_8916997,0,0.0062821223,0
LA_D_8917353,0,0.0041722646,0
LA_D_8935601,0,0.0043775956,0
LA_D_8945179,0,0.0009638495,0
LA_D_8951164,0,0.0030068138,0
LA_D_8960763,0,0.0037590298,0
LA_D_8962029,0,0.0013156177,0
LA_D_8978572,0,0.0009535476,0
LA_D_9005877,0,0.00092777907,0
LA_D_9013780,0,0.0017882583,0
LA_D_9042039,0,0.017231453,0
LA_D_9043493,0,0.0032080912,0
LA_D_9044901,0,0.0014519852,0
LA_D_9058018,0,0.0006217011,0
LA_D_9059202,0,0.0011530843,0
LA_D_9074658,0,0.0011294493,0
LA_D_9084504,0,0.0011940867,0
LA_D_9095917,0,0.0018549567,0
LA_D_9111015,0,0.010337057,0
LA_D_9124970,0,0.005635903,0
LA_D_9132111,0,0.0043245032,0
LA_D_9148550,0,0.0023417906,0
LA_D_9161502,0,0.0018413222,0
LA_D_9183154,0,0.0010698405,0
LA_D_9192698,0,0.00065449823,0
LA_D_9227602,0,0.0016649741,0
LA_D_9248420,0,0.0013663274,0
LA_D_9292429,0,0.0016375133,0
LA_D_9300463,0,0.0048072035,0
LA_D_9303843,0,0.002419584,0
LA_D_9325354,0,0.008922838,0
LA_D_9332785,0,4.396067e-05,0
LA_D_9365119,0,0.0167195,0
LA_D_9390557,0,0.01036756,0
LA_D_9407049,0,0.0024520305,0
LA_D_9407190,0,0.0008317239,0
LA_D_9451053,0,0.0033290947,0
LA_D_9456766,0,0.0019319924,0
LA_D_9473902,0,0.0027171166,0
LA_D_9500996,0,0.0032144408,0
LA_D_9501737,0,0.0008811526,0
LA_D_9514508,0,0.0011910972,0
LA_D_9532131,0,0.0045582335,0
LA_D_9542892,0,0.0035643005,0
LA_D_9558237,0,0.0012427772,0
LA_D_9564003,0,0.00315673,0
LA_D_9603372,0,0.0023619721,0
LA_D_9671660,0,0.0023745187,0
LA_D_9681171,0,0.0014058045,0
LA_D_9683822,0,0.0011622643,0
LA_D_9685452,0,0.0019121552,0
LA_D_9687748,0,0.0048417277,0
LA_D_9699380,0,0.0072532846,0
LA_D_9739181,0,0.0013031556,0
LA_D_9742208,0,0.0036666635,0
LA_D_9753761,0,0.00081249786,0
LA_D_9762474,0,0.000865731,0
LA_D_9896543,0,0.00056295557,0
LA_D_9905368,0,0.010215663,0
LA_D_9914380,0,0.0061177234,0
LA_D_9939904,0,0.006858706,0
LA_D_9947685,0,0.004763699,0
LA_D_9975906,0,0.028127939,0
LA_D_9986158,0,0.002271828,0
LA_D_9992230,0,0.0019720402,0
LA_D_9998910,0,0.0017122761,0
LA_D_1017803,0,0.028602282,0
LA_D_1042992,0,0.08991561,0
LA_D_1055140,0,5.365834e-05,0
LA_D_1058368,0,0.0009888182,0
LA_D_1077352,0,0.0018015414,0
LA_D_1079715,0,0.00014816163,0
LA_D_1082954,0,0.0013687159,0
LA_D_1086858,0,0.0005415466,0
LA_D_1091158,0,0.019160878,0
LA_D_1105424,0,0.09163355,0
LA_D_1140841,0,0.007683695,0
LA_D_1171628,0,0.0009025228,0
LA_D_1183633,0,0.0005348213,0
LA_D_1197682,0,0.001157207,0
LA_D_1211244,0,0.0006728018,0
LA_D_1219723,0,0.0029825608,0
LA_D_1239375,0,0.0009734974,0
LA_D_1273074,0,0.000773717,0
LA_D_1296557,0,0.0009360139,0
LA_D_1301496,0,0.0010530801,0
LA_D_1323623,0,0.00037244236,0
LA_D_1330281,0,0.00030752603,0
LA_D_1412811,0,0.00070265407,0
LA_D_1456958,0,0.0022826663,0
LA_D_1481223,0,0.00028350877,0
LA_D_1526344,0,0.00031359223,0
LA_D_1539849,0,0.0010906294,0
LA_D_1540420,0,0.0052874195,0
LA_D_1592340,0,0.013893544,0
LA_D_1670451,0,0.003472675,0
LA_D_1691700,0,0.0023978737,0
LA_D_1753171,0,0.0006780654,0
LA_D_1769224,0,0.00022052371,0
LA_D_1778012,0,0.0008482137,0
LA_D_1809211,0,0.0012032166,0
LA_D_1810169,0,0.002417175,0
LA_D_1847356,0,0.009578796,0
LA_D_1901163,0,0.0005677514,0
LA_D_1958912,0,0.002851288,0
LA_D_1959845,0,0.0014258526,0
LA_D_1978493,0,0.015538359,0
LA_D_1992911,0,0.006048376,0
LA_D_2009466,0,0.00049720996,0
LA_D_2011815,0,0.0022738099,0
LA_D_2037976,0,0.0077175847,0
LA_D_2130837,0,0.0019411609,0
LA_D_2134521,0,0.00051602017,0
LA_D_2186225,0,0.0018642171,0
LA_D_2204777,0,0.0016715785,0
LA_D_2208415,0,0.000709593,0
LA_D_2216630,0,0.0029987863,0
LA_D_2220324,0,0.05900767,0
LA_D_2223464,0,0.0026807587,0
LA_D_2238664,0,0.0009272409,0
LA_D_2244382,0,0.0030860899,0
LA_D_2273149,0,0.0013472827,0
LA_D_2301514,0,0.0035999187,0
LA_D_2353988,0,0.0006014724,0
LA_D_2369275,0,0.00065892754,0
LA_D_2388137,0,0.006818473,0
LA_D_2396921,0,0.0009146472,0
LA_D_2397611,0,0.92559856,1
LA_D_2398374,0,0.0020365703,0
LA_D_2432935,0,0.011132417,0
LA_D_2463168,0,0.0017684965,0
LA_D_2512126,0,0.0010090552,0
LA_D_2512624,0,0.0017406339,0
LA_D_2524995,0,0.12918232,0
LA_D_2570202,0,0.00061366253,0
LA_D_2597834,0,0.005151494,0
LA_D_2599000,0,0.042311337,0
LA_D_2603020,0,0.0070684724,0
LA_D_2681987,0,0.0065630553,0
LA_D_2724415,0,0.0007963781,0
LA_D_2726545,0,0.00083612936,0
LA_D_2742658,0,0.00034773294,0
LA_D_2789736,0,0.045743812,0
LA_D_2821899,0,0.7709447,1
LA_D_2850721,0,0.000766631,0
LA_D_2874880,0,0.002428464,0
LA_D_2984821,0,0.0077776513,0
LA_D_2993111,0,0.0010100728,0
LA_D_3046260,0,0.0003418139,0
LA_D_3081964,0,0.017906876,0
LA_D_3099136,0,0.00026657904,0
LA_D_3197286,0,0.00019504213,0
LA_D_3210349,0,0.0010131616,0
LA_D_3217930,0,0.0019416746,0
LA_D_3220879,0,0.0018500296,0
LA_D_3235008,0,0.0010969271,0
LA_D_3264000,0,0.014631756,0
LA_D_3280550,0,0.0002532877,0
LA_D_3305667,0,0.0048125996,0
LA_D_3306070,0,0.010800664,0
LA_D_3360722,0,0.00085564784,0
LA_D_3402820,0,0.0002506999,0
LA_D_3454271,0,0.0050023603,0
LA_D_3598308,0,0.003226521,0
LA_D_3622402,0,0.031962,0
LA_D_3674377,0,0.0009127699,0
LA_D_3692559,0,0.0032477195,0
LA_D_3707369,0,0.014149001,0
LA_D_3736267,0,0.00025098713,0
LA_D_3744745,0,0.00070514006,0
LA_D_3756775,0,0.006450076,0
LA_D_3758585,0,0.00027444368,0
LA_D_3801152,0,0.019720409,0
LA_D_3808321,0,0.0014722204,0
LA_D_3826682,0,0.008265271,0
LA_D_3848373,0,0.0009185943,0
LA_D_3864770,0,0.0009056851,0
LA_D_3893213,0,0.0011839444,0
LA_D_3895363,0,0.00055409747,0
LA_D_3905105,0,0.00039812314,0
LA_D_3911855,0,0.006983965,0
LA_D_3937674,0,0.0011289986,0
LA_D_3958353,0,5.7141206e-05,0
LA_D_3969230,0,0.0010221575,0
LA_D_3975995,0,0.018990044,0
LA_D_3989106,0,0.0011726281,0
LA_D_4008042,0,0.0013438957,0
LA_D_4017116,0,0.018463384,0
LA_D_4028634,0,0.018745122,0
LA_D_4038724,0,0.0016229919,0
LA_D_4054308,0,0.0011224166,0
LA_D_4054787,0,0.00036713443,0
LA_D_4113739,0,0.013815893,0
LA_D_4127364,0,0.0016651525,0
LA_D_4151736,0,0.042475373,0
LA_D_4173186,0,0.0004705411,0
LA_D_4188323,0,0.00032278497,0
LA_D_4210311,0,0.0047299424,0
LA_D_4218902,0,0.0015366307,0
LA_D_4261231,0,0.02207215,0
LA_D_4284566,0,0.0006972861,0
LA_D_4310640,0,0.0015421346,0
LA_D_4385840,0,0.0011288158,0
LA_D_4397439,0,0.00017445366,0
LA_D_4415553,0,0.000700017,0
LA_D_4445225,0,0.0022187931,0
LA_D_4456942,0,0.0022545862,0
LA_D_4482514,0,0.03976304,0
LA_D_4496096,0,0.0022812376,0
LA_D_4526443,0,0.0009814037,0
LA_D_4553437,0,0.0005847625,0
LA_D_4556521,0,0.0022766364,0
LA_D_4564137,0,0.0015588454,0
LA_D_4589632,0,0.0009821217,0
LA_D_4599870,0,0.0023413184,0
LA_D_4611953,0,0.001396759,0
LA_D_4613194,0,0.006516782,0
LA_D_4657641,0,0.008941139,0
LA_D_4658339,0,0.00065712706,0
LA_D_4670841,0,0.0014457646,0
LA_D_4678036,0,0.0034577223,0
LA_D_4679906,0,0.006133399,0
LA_D_4701013,0,0.0001066302,0
LA_D_4711119,0,0.0043361974,0
LA_D_4720393,0,0.0031018222,0
LA_D_4721080,0,0.022201372,0
LA_D_4723841,0,0.009055319,0
LA_D_4728402,0,0.31852737,0
LA_D_4735914,0,0.027960902,0
LA_D_4750835,0,0.0004894774,0
LA_D_4756307,0,0.0003483694,0
LA_D_4789100,0,0.00055128225,0
LA_D_4794215,0,0.0022632577,0
LA_D_4803093,0,0.00097296934,0
LA_D_4829729,0,0.0033335562,0
LA_D_4848136,0,0.010280613,0
LA_D_4866336,0,0.0002728977,0
LA_D_4876351,0,0.00023962563,0
LA_D_4880181,0,0.0032926004,0
LA_D_4896355,0,0.0044213873,0
LA_D_4940182,0,0.0002978406,0
LA_D_4952807,0,0.66947,1
LA_D_5014227,0,0.0013031468,0
LA_D_5021275,0,0.039978657,0
LA_D_5023052,0,0.00072655536,0
LA_D_5033211,0,0.00072584074,0
LA_D_5041000,0,0.0012682037,0
LA_D_5068765,0,0.0009249459,0
LA_D_5079902,0,0.0073609217,0
LA_D_5081043,0,0.0012857316,0
LA_D_5083379,0,0.0011760539,0
LA_D_5084784,0,0.0032557996,0
LA_D_5131450,0,0.0005651308,0
LA_D_5191412,0,0.0073522967,0
LA_D_5279003,0,0.00019424704,0
LA_D_5282521,0,0.0003462878,0
LA_D_5354332,0,0.0013622066,0
LA_D_5414610,0,0.01561021,0
LA_D_5450143,0,0.0021676568,0
LA_D_5455322,0,0.0003105442,0
LA_D_5459303,0,0.0005162319,0
LA_D_5462650,0,0.008534279,0
LA_D_5501009,0,0.00040946013,0
LA_D_5508199,0,0.00020431612,0
LA_D_5535083,0,0.0069200564,0
LA_D_5548565,0,0.008512595,0
LA_D_5564267,0,0.0018238983,0
LA_D_5584946,0,0.011140998,0
LA_D_5610072,0,0.0032725702,0
LA_D_5650921,0,0.2621697,0
LA_D_5657147,0,0.001024936,0
LA_D_5680275,0,0.00048502634,0
LA_D_5680626,0,0.00015069179,0
LA_D_5682903,0,0.0025899839,0
LA_D_5686347,0,0.006326236,0
LA_D_5709714,0,0.00069342996,0
LA_D_5766006,0,0.0023384434,0
LA_D_5776698,0,0.007900203,0
LA_D_5781195,0,0.00029527704,0
LA_D_5782474,0,0.003594837,0
LA_D_5850105,0,0.00028744817,0
LA_D_5861276,0,0.011886789,0
LA_D_5863422,0,0.020334385,0
LA_D_5878622,0,0.19987307,0
LA_D_5883310,0,0.0008184388,0
LA_D_5890834,0,0.0012645244,0
LA_D_5897153,0,0.00018438135,0
LA_D_5944972,0,0.00032886383,0
LA_D_5946428,0,0.006684889,0
LA_D_5950567,0,0.0011065366,0
LA_D_5966104,0,0.0016236795,0
LA_D_6036963,0,0.0013116566,0
LA_D_6057959,0,0.00068702176,0
LA_D_6077372,0,0.0012954078,0
LA_D_6107728,0,0.004701051,0
LA_D_6122860,0,0.0036848404,0
LA_D_6123915,0,0.042039298,0
LA_D_6166623,0,0.00039044456,0
LA_D_6168608,0,0.0019393528,0
LA_D_6203714,0,0.0007134832,0
LA_D_6223827,0,0.00022251817,0
LA_D_6259909,0,0.020910393,0
LA_D_6291291,0,0.0013283531,0
LA_D_6320084,0,0.0011614314,0
LA_D_6358557,0,0.0017875273,0
LA_D_6367898,0,0.00039751938,0
LA_D_6379619,0,0.00068932906,0
LA_D_6400893,0,0.1725304,0
LA_D_6425500,0,0.0021756245,0
LA_D_6428772,0,0.0073495167,0
LA_D_6432379,0,0.05271138,0
LA_D_6450803,0,0.0023475527,0
LA_D_6483376,0,5.4529755e-05,0
LA_D_6492231,0,0.013254983,0
LA_D_6497562,0,0.00074341946,0
LA_D_6503230,0,0.00050467736,0
LA_D_6507505,0,0.14861874,0
LA_D_6544998,0,0.0050373515,0
LA_D_6591420,0,0.013560325,0
LA_D_6592060,0,0.00020955197,0
LA_D_6602632,0,0.019988272,0
LA_D_6614524,0,0.051825337,0
LA_D_6680787,0,0.00026327095,0
LA_D_6682623,0,0.005416375,0
LA_D_6728714,0,0.0006935552,0
LA_D_6742171,0,0.0016592882,0
LA_D_6747634,0,0.002273465,0
LA_D_6785143,0,0.0006838947,0
LA_D_6819533,0,0.0007711194,0
LA_D_6825802,0,0.009081754,0
LA_D_6826753,0,0.0013849258,0
LA_D_6843509,0,0.0025947478,0
LA_D_6873647,0,0.0014065277,0
LA_D_6879975,0,0.017667785,0
LA_D_6881830,0,0.00930409,0
LA_D_6889186,0,0.0013956612,0
LA_D_6911726,0,0.00021686267,0
LA_D_6924409,0,0.0016753824,0
LA_D_6935218,0,0.0011562873,0
LA_D_6936180,0,0.0007890911,0
LA_D_6941274,0,0.00010248654,0
LA_D_6947699,0,0.00024101094,0
LA_D_6969745,0,0.0002866936,0
LA_D_6986110,0,0.0043293885,0
LA_D_6991312,0,0.00028697416,0
LA_D_7006139,0,0.056194846,0
LA_D_7044166,0,0.00016678932,0
LA_D_7046648,0,0.00759532,0
LA_D_7056175,0,0.006552558,0
LA_D_7075319,0,0.001041566,0
LA_D_7127827,0,0.06009332,0
LA_D_7194017,0,0.0007061124,0
LA_D_7207687,0,0.0011641673,0
LA_D_7239978,0,0.0016813097,0
LA_D_7257601,0,0.0059257946,0
LA_D_7321218,0,0.11930317,0
LA_D_7329224,0,0.0013156829,0
LA_D_7360298,0,0.006839297,0
LA_D_7372099,0,0.007672015,0
LA_D_7402838,0,0.00013702968,0
LA_D_7411417,0,0.0009542106,0
LA_D_7421938,0,0.0015472997,0
LA_D_7460958,0,0.0010349832,0
LA_D_7461040,0,0.0028172212,0
LA_D_7489520,0,4.396587e-05,0
LA_D_7538600,0,0.002192832,0
LA_D_7551361,0,0.00011524086,0
LA_D_7560824,0,0.0014346719,0
LA_D_7569592,0,0.00056129036,0
LA_D_7604595,0,0.01267061,0
LA_D_7606194,0,0.042511642,0
LA_D_7626762,0,0.031999286,0
LA_D_7655654,0,0.0026640033,0
LA_D_7687952,0,0.002529436,0
LA_D_7697892,0,0.00030988848,0
LA_D_7701061,0,0.0006488891,0
LA_D_7713794,0,0.39132634,0
LA_D_7725987,0,0.00197381,0
LA_D_7755398,0,0.008153495,0
LA_D_7766451,0,0.0010768023,0
LA_D_7771236,0,0.00042692354,0
LA_D_7771464,0,0.006851918,0
LA_D_7771836,0,0.0012807455,0
LA_D_7835394,0,0.00027416204,0
LA_D_7875396,0,0.0014582367,0
LA_D_7910852,0,0.0033845261,0
LA_D_7938616,0,0.017466994,0
LA_D_7945877,0,0.064019844,0
LA_D_8060326,0,0.0015969572,0
LA_D_8072143,0,0.0007954058,0
LA_D_8074947,0,0.14580572,0
LA_D_8105434,0,0.0015823616,0
LA_D_8106678,0,0.00057592796,0
LA_D_8118210,0,0.0011317629,0
LA_D_8118898,0,0.0008383619,0
LA_D_8183593,0,0.0006945007,0
LA_D_8214339,0,0.001385505,0
LA_D_8248080,0,0.0004335918,0
LA_D_8296826,0,0.00072566234,0
LA_D_8315223,0,0.003508673,0
LA_D_8329694,0,0.029425621,0
LA_D_8331688,0,0.002457487,0
LA_D_8334768,0,0.00060529786,0
LA_D_8338091,0,0.0015146452,0
LA_D_8367791,0,0.0019235829,0
LA_D_8370214,0,0.00031301245,0
LA_D_8398012,0,0.009883125,0
LA_D_8429173,0,0.0077620265,0
LA_D_8458088,0,0.002355686,0
LA_D_8552720,0,0.00045140076,0
LA_D_8579194,0,0.0043274895,0
LA_D_8590568,0,0.00051173376,0
LA_D_8645922,0,0.0026651006,0
LA_D_8687224,0,0.00050828146,0
LA_D_8724499,0,0.0001428219,0
LA_D_8852715,0,0.0010632308,0
LA_D_8856515,0,0.0005097414,0
LA_D_8866086,0,0.7467225,1
LA_D_8867730,0,6.6957764e-05,0
LA_D_8908629,0,0.066088945,0
LA_D_8915606,0,0.0006692427,0
LA_D_8938260,0,0.001405737,0
LA_D_8952804,0,0.0017427913,0
LA_D_8960387,0,0.0009598439,0
LA_D_8976086,0,0.0019470073,0
LA_D_8979143,0,0.0029957057,0
LA_D_8980615,0,0.00059245585,0
LA_D_8986635,0,0.00042502012,0
LA_D_9028867,0,0.0022226823,0
LA_D_9030330,0,0.0030684073,0
LA_D_9039631,0,0.002892052,0
LA_D_9063206,0,0.0051088557,0
LA_D_9071261,0,0.00088223594,0
LA_D_9139978,0,0.0018560835,0
LA_D_9141529,0,0.00018063962,0
LA_D_9151005,0,0.0011701065,0
LA_D_9166719,0,0.016689539,0
LA_D_9170002,0,0.004236127,0
LA_D_9184356,0,0.008694887,0
LA_D_9187692,0,0.0004617905,0
LA_D_9200915,0,0.02016877,0
LA_D_9213314,0,0.0015722055,0
LA_D_9228123,0,0.002039272,0
LA_D_9239795,0,0.00015993831,0
LA_D_9253024,0,0.0004381556,0
LA_D_9324060,0,0.021958642,0
LA_D_9418544,0,0.00045334428,0
LA_D_9438355,0,0.0039046877,0
LA_D_9444562,0,0.008275616,0
LA_D_9445999,0,0.0042834748,0
LA_D_9457605,0,0.00048422115,0
LA_D_9482480,0,0.001411717,0
LA_D_9498512,0,0.018002242,0
LA_D_9502387,0,0.030285189,0
LA_D_9503729,0,0.00096679246,0
LA_D_9511470,0,0.0066301054,0
LA_D_9538410,0,0.0004165453,0
LA_D_9542467,0,0.002736273,0
LA_D_9553252,0,0.061702527,0
LA_D_9568077,0,0.0029003571,0
LA_D_9590056,0,0.001902531,0
LA_D_9623638,0,0.00044581175,0
LA_D_9712289,0,0.0027506643,0
LA_D_9714255,0,0.0003163651,0
LA_D_9719946,0,0.004778802,0
LA_D_9732390,0,0.00044159396,0
LA_D_9759551,0,0.012798006,0
LA_D_9762749,0,0.00061917206,0
LA_D_9792022,0,0.7529274,1
LA_D_9795643,0,0.0060947365,0
LA_D_9800885,0,0.0003313399,0
LA_D_9816888,0,0.00054486725,0
LA_D_9826922,0,0.009968279,0
LA_D_9827302,0,0.00044790466,0
LA_D_9883471,0,0.001344304,0
LA_D_9893803,0,0.00024582492,0
LA_D_9934914,0,0.0007656936,0
LA_D_9936397,0,0.00087887776,0
LA_D_9955951,0,0.0039783325,0
LA_D_9958345,0,0.0011056941,0
LA_D_1054710,0,0.0002739172,0
LA_D_1055821,0,0.13301988,0
LA_D_1068623,0,0.004443736,0
LA_D_1083852,0,0.07968588,0
LA_D_1120974,0,0.0026905714,0
LA_D_1133783,0,0.0014847365,0
LA_D_1172519,0,0.049449507,0
LA_D_1190017,0,0.0016155719,0
LA_D_1218000,0,0.04501631,0
LA_D_1261130,0,0.0013472108,0
LA_D_1280552,0,0.036586076,0
LA_D_1287088,0,0.0019267675,0
LA_D_1344611,0,0.022837492,0
LA_D_1399820,0,0.001509338,0
LA_D_1429741,0,0.007882313,0
LA_D_1466622,0,0.13218091,0
LA_D_1535123,0,0.0052903867,0
LA_D_1550368,0,0.0027614988,0
LA_D_1599303,0,0.004232554,0
LA_D_1611242,0,0.002669675,0
LA_D_1634285,0,0.093333595,0
LA_D_1637195,0,0.030946402,0
LA_D_1659381,0,0.03846935,0
LA_D_1677100,0,0.007779844,0
LA_D_1685498,0,0.0031963657,0
LA_D_1685866,0,0.03379911,0
LA_D_1697041,0,0.00045783777,0
LA_D_1699593,0,0.0018165392,0
LA_D_1715736,0,0.24086541,0
LA_D_1720051,0,0.004060203,0
LA_D_1752505,0,0.025353301,0
LA_D_1792171,0,0.005998451,0
LA_D_1831983,0,0.019454764,0
LA_D_1873983,0,0.00017477866,0
LA_D_1963562,0,0.008847238,0
LA_D_1971495,0,0.012819549,0
LA_D_2000931,0,0.005237554,0
LA_D_2001268,0,0.00094069826,0
LA_D_2008849,0,0.00049281307,0
LA_D_2032238,0,0.0032085609,0
LA_D_2032856,0,0.005351887,0
LA_D_2055265,0,0.0018470119,0
LA_D_2093249,0,0.021236615,0
LA_D_2100359,0,0.016662939,0
LA_D_2155436,0,0.00024594588,0
LA_D_2175913,0,0.000479855,0
LA_D_2222599,0,0.018058497,0
LA_D_2237091,0,0.010311735,0
LA_D_2261624,0,0.004990048,0
LA_D_2281133,0,0.9954756,1
LA_D_2287702,0,0.023941413,0
LA_D_2301862,0,0.00394598,0
LA_D_2456934,0,0.0013105191,0
LA_D_2493328,0,0.010180849,0
LA_D_2525638,0,0.015079753,0
LA_D_2591082,0,0.007919391,0
LA_D_2605424,0,0.002345924,0
LA_D_2608999,0,0.0068649324,0
LA_D_2621087,0,0.0024414395,0
LA_D_2635826,0,0.003115497,0
LA_D_2645983,0,0.04175934,0
LA_D_2658373,0,0.0015518403,0
LA_D_2689749,0,0.002442958,0
LA_D_2692106,0,0.0032061038,0
LA_D_2699759,0,0.011386014,0
LA_D_2700751,0,0.07531903,0
LA_D_2702031,0,0.007972812,0
LA_D_2753476,0,0.0028281235,0
LA_D_2762615,0,0.0014791412,0
LA_D_2809182,0,0.011039535,0
LA_D_2850729,0,0.016080905,0
LA_D_2910877,0,0.0059542125,0
LA_D_2963073,0,0.0006290172,0
LA_D_2972508,0,0.00018468803,0
LA_D_2977758,0,0.0034737228,0
LA_D_3011525,0,0.0006384356,0
LA_D_3050370,0,0.00032484008,0
LA_D_3137821,0,0.0002318305,0
LA_D_3171966,0,0.0010053527,0
LA_D_3272948,0,0.000111796486,0
LA_D_3303654,0,0.10416076,0
LA_D_3348534,0,0.0018019831,0
LA_D_3399429,0,0.000960303,0
LA_D_3432828,0,0.0013378653,0
LA_D_3528786,0,0.0017865414,0
LA_D_3558657,0,0.011928087,0
LA_D_3566699,0,0.002515174,0
LA_D_3642968,0,0.008201738,0
LA_D_3648708,0,0.04587684,0
LA_D_3697021,0,0.00162586,0
LA_D_3730486,0,0.008332031,0
LA_D_3758555,0,0.00017591708,0
LA_D_3760320,0,0.0007652559,0
LA_D_3774067,0,0.0013876006,0
LA_D_3780158,0,0.6706928,1
LA_D_3785861,0,0.002518701,0
LA_D_3897774,0,0.023233358,0
LA_D_3921229,0,0.0039061755,0
LA_D_3945632,0,0.0025367348,0
LA_D_3978597,0,0.024275959,0
LA_D_4005135,0,0.013093589,0
LA_D_4044847,0,0.0019553003,0
LA_D_4052546,0,0.0051053423,0
LA_D_4055037,0,0.070377566,0
LA_D_4055401,0,0.0060453243,0
LA_D_4065133,0,0.0008159657,0
LA_D_4099567,0,0.0008192206,0
LA_D_4134402,0,0.000103116276,0
LA_D_4149358,0,0.0034536445,0
LA_D_4163686,0,0.0021630917,0
LA_D_4183410,0,0.6414525,1
LA_D_4242553,0,0.024600863,0
LA_D_4284546,0,0.058912385,0
LA_D_4317452,0,0.0056728423,0
LA_D_4369698,0,0.0026645279,0
LA_D_4373208,0,0.0005255027,0
LA_D_4388088,0,0.03256618,0
LA_D_4404747,0,0.014275264,0
LA_D_4405252,0,0.016047608,0
LA_D_4430544,0,0.07277655,0
LA_D_4437552,0,0.00095624925,0
LA_D_4480904,0,0.013989834,0
LA_D_4490090,0,0.0016760718,0
LA_D_4532309,0,0.0077603664,0
LA_D_4545454,0,0.0047100284,0
LA_D_4574682,0,0.03081486,0
LA_D_4578335,0,0.026960596,0
LA_D_4594053,0,0.0015607682,0
LA_D_4595397,0,0.0011033241,0
LA_D_4601718,0,0.008959242,0
LA_D_4635608,0,0.04028077,0
LA_D_4643368,0,0.0013215616,0
LA_D_4648727,0,0.012583214,0
LA_D_4652445,0,0.011666753,0
LA_D_4654553,0,0.00059119624,0
LA_D_4701377,0,0.006371068,0
LA_D_4731106,0,0.0064682835,0
LA_D_4731613,0,0.0006945626,0
LA_D_4746307,0,0.01189451,0
LA_D_4773151,0,0.0013529247,0
LA_D_4813834,0,0.0047943727,0
LA_D_4825664,0,0.019574516,0
LA_D_4828499,0,0.58631057,1
LA_D_4834984,0,0.00227662,0
LA_D_4854132,0,0.051145747,0
LA_D_4862428,0,0.0024956404,0
LA_D_4863657,0,0.0082924925,0
LA_D_4874349,0,0.0058312584,0
LA_D_4899855,0,0.00046901137,0
LA_D_4902814,0,0.09709696,0
LA_D_4912073,0,0.0013670028,0
LA_D_4942458,0,0.10287876,0
LA_D_4951542,0,0.03850769,0
LA_D_4972084,0,0.004219405,0
LA_D_4972276,0,0.0019007681,0
LA_D_5026947,0,0.0028603303,0
LA_D_5029058,0,0.00036701755,0
LA_D_5091062,0,0.0043018344,0
LA_D_5110260,0,0.0017931099,0
LA_D_5161834,0,0.00052750553,0
LA_D_5234492,0,0.10583707,0
LA_D_5258398,0,0.0014680205,0
LA_D_5268360,0,0.0003748567,0
LA_D_5277589,0,0.0027259183,0
LA_D_5307111,0,0.024765983,0
LA_D_5380655,0,0.006032221,0
LA_D_5383288,0,0.019640135,0
LA_D_5384713,0,0.04163716,0
LA_D_5441228,0,0.0006312065,0
LA_D_5465161,0,0.0030685633,0
LA_D_5468030,0,0.001514679,0
LA_D_5484814,0,0.00065613893,0
LA_D_5490216,0,0.0039085066,0
LA_D_5600881,0,0.01219646,0
LA_D_5606927,0,0.039004777,0
LA_D_5625821,0,0.0013110583,0
LA_D_5652919,0,0.00053465745,0
LA_D_5686859,0,0.33877295,0
LA_D_5693748,0,0.0010498381,0
LA_D_5733130,0,0.0008675667,0
LA_D_5800320,0,0.88951755,1
LA_D_5880967,0,0.0011320927,0
LA_D_5890270,0,0.0039653974,0
LA_D_5917800,0,0.02338805,0
LA_D_5966849,0,0.0011511567,0
LA_D_6036698,0,0.002559938,0
LA_D_6057135,0,0.0137174735,0
LA_D_6082119,0,0.007145244,0
LA_D_6108867,0,0.0102691455,0
LA_D_6163484,0,0.077919446,0
LA_D_6181384,0,0.002472483,0
LA_D_6198057,0,0.0036834665,0
LA_D_6233623,0,0.009815214,0
LA_D_6259512,0,0.0017799363,0
LA_D_6290649,0,0.74897665,1
LA_D_6339345,0,0.0034079768,0
LA_D_6363603,0,0.013832737,0
LA_D_6390676,0,0.00930646,0
LA_D_6425341,0,0.08998169,0
LA_D_6469729,0,0.0021648915,0
LA_D_6550422,0,0.033978313,0
LA_D_6569143,0,0.001124795,0
LA_D_6575832,0,0.008102447,0
LA_D_6592592,0,0.0022865685,0
LA_D_6646559,0,0.71482605,1
LA_D_6671856,0,0.02635545,0
LA_D_6699236,0,0.036587942,0
LA_D_6720174,0,0.029278366,0
LA_D_6729704,0,0.0068096016,0
LA_D_6737153,0,0.037347917,0
LA_D_6740718,0,0.00060738344,0
LA_D_6744854,0,0.000449508,0
LA_D_6770921,0,0.004690496,0
LA_D_6946918,0,0.041773755,0
LA_D_6965022,0,0.0011922641,0
LA_D_7018177,0,0.0079352725,0
LA_D_7139647,0,0.0011510091,0
LA_D_7220301,0,0.0038184533,0
LA_D_7260077,0,0.011791237,0
LA_D_7274481,0,0.006155462,0
LA_D_7281516,0,0.0053043896,0
LA_D_7303668,0,0.00058795867,0
LA_D_7303817,0,0.014885918,0
LA_D_7303874,0,0.08861533,0
LA_D_7315219,0,0.015696356,0
LA_D_7317798,0,0.03285171,0
LA_D_7326224,0,0.0060197143,0
LA_D_7400275,0,0.35173145,0
LA_D_7432306,0,0.002307267,0
LA_D_7487498,0,0.00036359893,0
LA_D_7528720,0,0.00010061657,0
LA_D_7544106,0,0.0024932958,0
LA_D_7555122,0,0.0047290786,0
LA_D_7597009,0,0.15770657,0
LA_D_7608721,0,0.00026714918,0
LA_D_7634891,0,0.0033955183,0
LA_D_7639419,0,0.69827783,1
LA_D_7667162,0,0.0025825547,0
LA_D_7671138,0,0.075961985,0
LA_D_7673547,0,0.00020742057,0
LA_D_7682078,0,0.02419321,0
LA_D_7692880,0,0.01355238,0
LA_D_7693054,0,0.0007559432,0
LA_D_7730796,0,0.037338696,0
LA_D_7783843,0,0.00027272347,0
LA_D_7805732,0,0.000539698,0
LA_D_7954225,0,0.010457469,0
LA_D_8006892,0,0.0041520284,0
LA_D_8082589,0,0.004603232,0
LA_D_8093393,0,0.0018344476,0
LA_D_8093888,0,0.025273709,0
LA_D_8110920,0,0.001916158,0
LA_D_8188766,0,0.03246865,0
LA_D_8195927,0,0.007970263,0
LA_D_8236842,0,0.058736626,0
LA_D_8236895,0,0.003087356,0
LA_D_8243247,0,0.0016171449,0
LA_D_8251788,0,0.00015574397,0
LA_D_8268056,0,0.084597304,0
LA_D_8306822,0,0.00075370644,0
LA_D_8381795,0,0.18946923,0
LA_D_8387799,0,0.0016023238,0
LA_D_8414298,0,0.064960994,0
LA_D_8491883,0,0.0028676658,0
LA_D_8564423,0,0.011233179,0
LA_D_8604190,0,0.0041358764,0
LA_D_8615165,0,0.05977596,0
LA_D_8659821,0,0.021651445,0
LA_D_8741984,0,0.008457687,0
LA_D_8749085,0,2.8283312e-05,0
LA_D_8773075,0,0.00041920427,0
LA_D_8777052,0,0.0066235326,0
LA_D_8801540,0,0.025236541,0
LA_D_8841946,0,0.00016434194,0
LA_D_8844856,0,0.0030615188,0
LA_D_8969123,0,0.0010167054,0
LA_D_8977843,0,0.005663259,0
LA_D_9022649,0,0.00039131648,0
LA_D_9027862,0,0.022968477,0
LA_D_9044257,0,0.0073278756,0
LA_D_9050678,0,0.00426206,0
LA_D_9115816,0,0.0043735965,0
LA_D_9142152,0,0.0013168172,0
LA_D_9153526,0,0.004263505,0
LA_D_9190511,0,0.034246888,0
LA_D_9350162,0,0.0016912965,0
LA_D_9405115,0,0.013745075,0
LA_D_9406840,0,0.009767703,0
LA_D_9423650,0,0.008554936,0
LA_D_9450569,0,0.00968014,0
LA_D_9452684,0,0.0009842296,0
LA_D_9472783,0,0.006357465,0
LA_D_9475051,0,0.003440207,0
LA_D_9554324,0,0.0025276921,0
LA_D_9608491,0,0.03404953,0
LA_D_9684230,0,0.011250861,0
LA_D_9688217,0,0.00048058463,0
LA_D_9759514,0,0.0021808664,0
LA_D_9781138,0,0.00093487883,0
LA_D_9793252,0,0.003878194,0
LA_D_9808796,0,0.0047366903,0
LA_D_9826790,0,0.0043674614,0
LA_D_9836454,0,0.0461494,0
LA_D_9846875,0,0.008759628,0
LA_D_9868970,0,0.014853465,0
LA_D_9880269,0,0.0034511478,0
LA_D_9959948,0,0.0068423394,0
LA_D_9962361,0,0.003493436,0
LA_D_1004406,0,0.08793154,0
LA_D_1038888,0,0.0053177914,0
LA_D_1050709,0,0.0048790625,0
LA_D_1055238,0,0.0038700013,0
LA_D_1063719,0,0.004041544,0
LA_D_1085566,0,0.020938477,0
LA_D_1091601,0,0.048796445,0
LA_D_1096227,0,0.007028295,0
LA_D_1110769,0,0.0017617388,0
LA_D_1126775,0,0.019079534,0
LA_D_1150140,0,0.009428221,0
LA_D_1198374,0,0.0035310055,0
LA_D_1301495,0,0.0028802343,0
LA_D_1343070,0,0.003228646,0
LA_D_1348512,0,0.44913763,0
LA_D_1391132,0,0.0016702279,0
LA_D_1413701,0,0.006113349,0
LA_D_1414826,0,0.7309303,1
LA_D_1479561,0,0.10204045,0
LA_D_1516617,0,0.013670087,0
LA_D_1528504,0,0.007784181,0
LA_D_1534944,0,0.0028727916,0
LA_D_1614382,0,0.0044442383,0
LA_D_1639860,0,0.011069436,0
LA_D_1678967,0,0.0023515453,0
LA_D_1707779,0,0.00084888644,0
LA_D_1725718,0,0.0042389035,0
LA_D_1734049,0,0.0133456765,0
LA_D_1751918,0,0.073338196,0
LA_D_1772977,0,0.004088759,0
LA_D_1805502,0,0.00328376,0
LA_D_1812831,0,0.008487089,0
LA_D_1880286,0,0.0032267636,0
LA_D_1895153,0,0.00073765207,0
LA_D_1924915,0,0.006834634,0
LA_D_1925258,0,0.90919477,1
LA_D_1976814,0,0.0013992871,0
LA_D_1992569,0,0.05846757,0
LA_D_2069465,0,0.014633708,0
LA_D_2081014,0,0.004543853,0
LA_D_2153758,0,0.11087887,0
LA_D_2166742,0,0.025739003,0
LA_D_2182436,0,0.0008116323,0
LA_D_2195770,0,0.21647328,0
LA_D_2230362,0,0.07191055,0
LA_D_2233973,0,0.04457888,0
LA_D_2259476,0,0.0017624527,0
LA_D_2290223,0,0.0019676238,0
LA_D_2305845,0,0.051967397,0
LA_D_2340415,0,0.002342682,0
LA_D_2350008,0,0.035736162,0
LA_D_2363543,0,0.006827824,0
LA_D_2412410,0,0.007438491,0
LA_D_2448162,0,0.0033294414,0
LA_D_2461506,0,0.02481528,0
LA_D_2570544,0,0.0019395882,0
LA_D_2658907,0,0.000856546,0
LA_D_2728150,0,0.050988074,0
LA_D_2739423,0,0.0023293998,0
LA_D_2851293,0,0.018900173,0
LA_D_2853583,0,0.4467496,0
LA_D_2864689,0,0.013804982,0
LA_D_2878966,0,0.00063782616,0
LA_D_2909263,0,0.008776118,0
LA_D_2938296,0,0.19349714,0
LA_D_2943031,0,0.047438785,0
LA_D_3027137,0,0.003563489,0
LA_D_3047959,0,0.0050316476,0
LA_D_3078454,0,0.123599835,0
LA_D_3113300,0,0.07268876,0
LA_D_3130414,0,0.012429742,0
LA_D_3204150,0,0.009635449,0
LA_D_3263579,0,0.003316868,0
LA_D_3274635,0,0.01391786,0
LA_D_3290566,0,0.051480807,0
LA_D_3325540,0,0.007949388,0
LA_D_3349542,0,0.03028381,0
LA_D_3375994,0,0.010016591,0
LA_D_3389603,0,0.0019406629,0
LA_D_3470341,0,0.00466073,0
LA_D_3504200,0,0.012087139,0
LA_D_3512336,0,0.018593227,0
LA_D_3533142,0,0.0049620145,0
LA_D_3543093,0,0.031210532,0
LA_D_3579823,0,0.0016280822,0
LA_D_3582263,0,0.02726985,0
LA_D_3598081,0,0.21028048,0
LA_D_3615500,0,0.009899625,0
LA_D_3634420,0,0.0064619742,0
LA_D_3635835,0,0.2765492,0
LA_D_3636142,0,0.0042407736,0
LA_D_3645082,0,0.014252481,0
LA_D_3709016,0,0.088945635,0
LA_D_3762985,0,0.006827449,0
LA_D_3767360,0,0.097740255,0
LA_D_3770745,0,0.0023846284,0
LA_D_3803791,0,0.44038942,0
LA_D_3845484,0,0.05232952,0
LA_D_3848465,0,0.0053735743,0
LA_D_3854807,0,0.010284753,0
LA_D_3872770,0,0.024472324,0
LA_D_3878527,0,0.29169363,0
LA_D_3914577,0,0.0017370168,0
LA_D_4005743,0,0.005773528,0
LA_D_4008967,0,0.15441896,0
LA_D_4052276,0,0.0015747652,0
LA_D_4121148,0,0.002344186,0
LA_D_4187375,0,0.0076008355,0
LA_D_4195600,0,0.004904414,0
LA_D_4201607,0,0.003636795,0
LA_D_4228550,0,0.001590779,0
LA_D_4264656,0,0.71905845,1
LA_D_4282533,0,0.012128445,0
LA_D_4309122,0,0.0008806301,0
LA_D_4324943,0,0.006020511,0
LA_D_4341247,0,0.8183533,1
LA_D_4401901,0,0.025350189,0
LA_D_4407357,0,0.009433156,0
LA_D_4416329,0,0.0029077288,0
LA_D_4499477,0,0.0028739173,0
LA_D_4516952,0,0.0013088656,0
LA_D_4545082,0,0.0044539366,0
LA_D_4581451,0,0.0010647974,0
LA_D_4583809,0,0.0026577143,0
LA_D_4588355,0,0.016514039,0
LA_D_4599014,0,0.0012211226,0
LA_D_4662308,0,0.7451199,1
LA_D_4665317,0,0.0008992724,0
LA_D_4719892,0,0.0073488588,0
LA_D_4737764,0,0.018584082,0
LA_D_4768782,0,0.012202902,0
LA_D_4842833,0,0.000985656,0
LA_D_4884741,0,0.73413855,1
LA_D_4895062,0,0.002431144,0
LA_D_4897222,0,0.007581108,0
LA_D_4915395,0,0.016586728,0
LA_D_4922394,0,0.030069768,0
LA_D_4965981,0,0.017134426,0
LA_D_5120726,0,0.0045384145,0
LA_D_5126554,0,0.19422762,0
LA_D_5140118,0,0.0018575364,0
LA_D_5187334,0,0.0045521143,0
LA_D_5205569,0,0.00211302,0
LA_D_5229682,0,0.0009707947,0
LA_D_5359950,0,0.0063887895,0
LA_D_5380614,0,0.0010455243,0
LA_D_5381315,0,0.0052075814,0
LA_D_5396174,0,0.03934665,0
LA_D_5407356,0,0.05611881,0
LA_D_5430421,0,0.0037735614,0
LA_D_5437717,0,0.002244228,0
LA_D_5448474,0,0.28385335,0
LA_D_5449899,0,0.057177365,0
LA_D_5462959,0,0.0039451816,0
LA_D_5473083,0,0.113892324,0
LA_D_5506307,0,0.011329868,0
LA_D_5531330,0,0.0027916383,0
LA_D_5532100,0,0.010063906,0
LA_D_5535805,0,0.009277283,0
LA_D_5579476,0,0.32530415,0
LA_D_5594622,0,0.39929074,0
LA_D_5637979,0,0.24566728,0
LA_D_5697626,0,0.0031102782,0
LA_D_5706448,0,0.0030182807,0
LA_D_5723701,0,0.002581119,0
LA_D_5835778,0,0.034658168,0
LA_D_5835948,0,0.0028954188,0
LA_D_5837845,0,0.25836474,0
LA_D_5873514,0,0.0005378943,0
LA_D_5880856,0,0.01638066,0
LA_D_5910081,0,0.1382702,0
LA_D_5938241,0,0.0015587921,0
LA_D_6038912,0,0.0034101298,0
LA_D_6065429,0,0.025836155,0
LA_D_6105321,0,0.0018917324,0
LA_D_6107290,0,0.0486944,0
LA_D_6112086,0,0.00052161794,0
LA_D_6128648,0,0.019115854,0
LA_D_6201103,0,0.00585715,0
LA_D_6201607,0,0.00769505,0
LA_D_6245298,0,0.005377621,0
LA_D_6262648,0,0.0032830737,0
LA_D_6276774,0,0.0032988223,0
LA_D_6333663,0,0.00091805443,0
LA_D_6353064,0,0.00092610985,0
LA_D_6409786,0,0.008840617,0
LA_D_6423308,0,0.0024189742,0
LA_D_6444125,0,0.002434162,0
LA_D_6450379,0,0.037855476,0
LA_D_6465758,0,0.0037365525,0
LA_D_6485701,0,0.011227587,0
LA_D_6518794,0,0.0064077424,0
LA_D_6582126,0,0.00024320619,0
LA_D_6601160,0,0.0025417407,0
LA_D_6620261,0,0.0019391341,0
LA_D_6634897,0,0.008721091,0
LA_D_6682326,0,0.17925693,0
LA_D_6691337,0,0.000586485,0
LA_D_6711029,0,0.0045583853,0
LA_D_6712579,0,0.009021008,0
LA_D_6780816,0,0.017891336,0
LA_D_6802153,0,0.0016230567,0
LA_D_6811737,0,0.00395744,0
LA_D_6865799,0,0.0019107776,0
LA_D_6878756,0,0.020920055,0
LA_D_6893706,0,0.20480208,0
LA_D_6903594,0,0.0022417435,0
LA_D_6906792,0,0.0006524906,0
LA_D_6947953,0,0.1462898,0
LA_D_6961697,0,0.017692316,0
LA_D_6984588,0,0.35281652,0
LA_D_6985192,0,0.002747358,0
LA_D_7012203,0,0.0021403385,0
LA_D_7017711,0,0.0021411353,0
LA_D_7026375,0,0.030530253,0
LA_D_7041352,0,0.016706342,0
LA_D_7052613,0,0.0016625054,0
LA_D_7098546,0,0.011043866,0
LA_D_7112692,0,0.008834578,0
LA_D_7112975,0,0.0043009394,0
LA_D_7137971,0,0.0043107974,0
LA_D_7148219,0,0.006468676,0
LA_D_7157816,0,0.00022750231,0
LA_D_7206552,0,0.0019579914,0
LA_D_7224171,0,0.0026573478,0
LA_D_7234278,0,0.026814882,0
LA_D_7264686,0,0.0029669802,0
LA_D_7273954,0,0.00060148875,0
LA_D_7300406,0,0.031216515,0
LA_D_7320269,0,0.23162082,0
LA_D_7338327,0,0.0006167902,0
LA_D_7369444,0,0.0022931655,0
LA_D_7408392,0,0.043040827,0
LA_D_7448493,0,0.0052590235,0
LA_D_7461756,0,0.021124003,0
LA_D_7473280,0,0.01409153,0
LA_D_7482753,0,0.014989276,0
LA_D_7489677,0,0.021145336,0
LA_D_7504343,0,0.109786846,0
LA_D_7519102,0,0.0227615,0
LA_D_7562913,0,0.019024549,0
LA_D_7694154,0,0.006843,0
LA_D_7736435,0,0.010766522,0
LA_D_7769275,0,0.0007959214,0
LA_D_7780225,0,0.0064458735,0
LA_D_7810138,0,0.00856969,0
LA_D_7824275,0,0.0010711423,0
LA_D_7855371,0,0.0018533593,0
LA_D_7979163,0,0.0019655293,0
LA_D_8056722,0,0.005178951,0
LA_D_8056974,0,0.24568951,0
LA_D_8111703,0,0.0092343,0
LA_D_8145413,0,0.0016697078,0
LA_D_8170828,0,0.0054117586,0
LA_D_8228939,0,0.0072309836,0
LA_D_8243405,0,0.010934383,0
LA_D_8287063,0,0.006707976,0
LA_D_8348783,0,0.004702381,0
LA_D_8367777,0,0.039141074,0
LA_D_8500724,0,0.01585919,0
LA_D_8539674,0,0.46633658,0
LA_D_8560239,0,0.009301603,0
LA_D_8624575,0,0.07231497,0
LA_D_8661283,0,0.049529828,0
LA_D_8664408,0,0.15543959,0
LA_D_8715195,0,0.0012748835,0
LA_D_8766017,0,0.00075962424,0
LA_D_8811694,0,0.013432254,0
LA_D_8904858,0,0.00091408746,0
LA_D_8929588,0,0.0005603624,0
LA_D_8932667,0,0.016407572,0
LA_D_8961621,0,0.00065336924,0
LA_D_8997256,0,0.3534106,0
LA_D_9014300,0,0.003855878,0
LA_D_9014425,0,0.009725799,0
LA_D_9036703,0,0.043937117,0
LA_D_9096187,0,0.27228758,0
LA_D_9105267,0,0.0025430867,0
LA_D_9117562,0,0.00073592906,0
LA_D_9250654,0,0.00027853108,0
LA_D_9290170,0,9.929968e-05,0
LA_D_9347930,0,0.004691055,0
LA_D_9361903,0,0.0034384553,0
LA_D_9395081,0,0.02781454,0
LA_D_9416941,0,0.030125424,0
LA_D_9439129,0,0.0017874021,0
LA_D_9467702,0,0.004506103,0
LA_D_9486157,0,0.012757193,0
LA_D_9500158,0,0.017793577,0
LA_D_9502397,0,0.09932673,0
LA_D_9526919,0,0.0009357379,0
LA_D_9603838,0,0.0045439587,0
LA_D_9636629,0,0.016488161,0
LA_D_9643063,0,0.008303016,0
LA_D_9652883,0,0.0021016442,0
LA_D_9654133,0,0.02587443,0
LA_D_9654635,0,0.005737755,0
LA_D_9663298,0,0.16084221,0
LA_D_9726070,0,0.004377506,0
LA_D_9731339,0,0.002162711,0
LA_D_9752133,0,0.036989264,0
LA_D_9754579,0,0.005505524,0
LA_D_9774744,0,0.44024473,0
LA_D_9787469,0,0.0039767567,0
LA_D_9816404,0,3.971464e-05,0
LA_D_9837343,0,0.0032539882,0
LA_D_9850214,0,0.0044173156,0
LA_D_9943041,0,0.008817849,0
LA_D_1026545,0,0.0010992012,0
LA_D_1032197,0,0.0007205358,0
LA_D_1034329,0,0.0038137909,0
LA_D_1048234,0,0.0005079263,0
LA_D_1074364,0,0.0003537607,0
LA_D_1099405,0,0.00031227298,0
LA_D_1117567,0,0.0011622871,0
LA_D_1137303,0,0.0009243023,0
LA_D_1140227,0,0.0003266048,0
LA_D_1158260,0,0.0012623281,0
LA_D_1167294,0,0.0002615265,0
LA_D_1169125,0,0.010150984,0
LA_D_1230972,0,0.0016738262,0
LA_D_1268493,0,0.001090541,0
LA_D_1329749,0,0.00038779393,0
LA_D_1361818,0,0.029290156,0
LA_D_1408290,0,0.0017073756,0
LA_D_1440908,0,0.0033149172,0
LA_D_1449303,0,0.02386893,0
LA_D_1488314,0,0.015407313,0
LA_D_1506631,0,0.006371777,0
LA_D_1544944,0,0.003364768,0
LA_D_1551137,0,0.00074592023,0
LA_D_1555028,0,0.0073448075,0
LA_D_1563071,0,0.0018982018,0
LA_D_1604925,0,0.00060341024,0
LA_D_1654772,0,0.007378981,0
LA_D_1714449,0,0.0027659591,0
LA_D_1723393,0,0.00035732982,0
LA_D_1738100,0,0.0018294295,0
LA_D_1755776,0,0.0054625142,0
LA_D_1768067,0,0.00020326857,0
LA_D_1775541,0,0.14999942,0
LA_D_1830521,0,0.0007739563,0
LA_D_1847073,0,0.116066694,0
LA_D_1860065,0,0.0006100987,0
LA_D_1861262,0,0.07032736,0
LA_D_1864612,0,0.0008071885,0
LA_D_1865763,0,0.0020890913,0
LA_D_1906480,0,0.003493617,0
LA_D_1918819,0,0.0001297269,0
LA_D_1966095,0,0.001090738,0
LA_D_1975267,0,0.058777187,0
LA_D_1984425,0,0.0005363467,0
LA_D_1998989,0,0.0015037246,0
LA_D_2000640,0,0.0013410451,0
LA_D_2013632,0,0.000119543045,0
LA_D_2017160,0,0.00050466537,0
LA_D_2017678,0,0.00072855287,0
LA_D_2039939,0,0.00092083233,0
LA_D_2045953,0,0.0022150686,0
LA_D_2059102,0,0.004182975,0
LA_D_2078394,0,0.0004874383,0
LA_D_2103653,0,0.002707044,0
LA_D_2104529,0,0.03818853,0
LA_D_2106919,0,0.0022229594,0
LA_D_2108357,0,0.0007808931,0
LA_D_2161873,0,0.010852456,0
LA_D_2212427,0,0.038324565,0
LA_D_2234125,0,0.0022833496,0
LA_D_2244005,0,0.00093340134,0
LA_D_2276836,0,0.0015935109,0
LA_D_2292066,0,0.71306586,1
LA_D_2319940,0,0.0014273837,0
LA_D_2336005,0,0.0030896007,0
LA_D_2371320,0,0.0017790038,0
LA_D_2386184,0,0.0005734762,0
LA_D_2386577,0,0.0002762835,0
LA_D_2426319,0,0.00898008,0
LA_D_2428433,0,0.0005523726,0
LA_D_2443752,0,0.0030920724,0
LA_D_2445037,0,0.00034614437,0
LA_D_2455516,0,0.0030150255,0
LA_D_2508484,0,9.952558e-05,0
LA_D_2509891,0,0.0018829879,0
LA_D_2522340,0,0.006130475,0
LA_D_2528296,0,0.00028851812,0
LA_D_2602670,0,0.00018797514,0
LA_D_2609462,0,0.0012546572,0
LA_D_2632286,0,0.0004083,0
LA_D_2648941,0,0.0006036513,0
LA_D_2730974,0,0.0003496399,0
LA_D_2800343,0,0.00080186315,0
LA_D_2807440,0,0.0007225316,0
LA_D_2873975,0,0.00022543655,0
LA_D_2888191,0,0.0059836335,0
LA_D_2943983,0,0.008502744,0
LA_D_2984512,0,0.03548249,0
LA_D_2986383,0,0.0007997433,0
LA_D_2999694,0,0.0041130045,0
LA_D_3039018,0,0.0035534815,0
LA_D_3097956,0,0.0006277278,0
LA_D_3131527,0,0.0014328668,0
LA_D_3135627,0,0.0015221736,0
LA_D_3144528,0,0.02863753,0
LA_D_3192629,0,0.00072406046,0
LA_D_3197572,0,0.0005085357,0
LA_D_3197929,0,0.0013939358,0
LA_D_3200206,0,0.00021088566,0
LA_D_3220081,0,0.0024827146,0
LA_D_3244618,0,0.0016757678,0
LA_D_3256092,0,0.0061496077,0
LA_D_3303443,0,0.00012106071,0
LA_D_3367868,0,0.0020545374,0
LA_D_3376846,0,0.1120791,0
LA_D_3395368,0,0.021237647,0
LA_D_3426729,0,0.009228268,0
LA_D_3443299,0,0.0002825093,0
LA_D_3465485,0,0.0059131566,0
LA_D_3478144,0,0.012668821,0
LA_D_3565303,0,0.004008161,0
LA_D_3593160,0,0.00019629904,0
LA_D_3597738,0,0.00032643424,0
LA_D_3604214,0,0.010517746,0
LA_D_3614881,0,0.0032189053,0
LA_D_3614949,0,0.0009279339,0
LA_D_3617105,0,0.23841599,0
LA_D_3727622,0,0.005033362,0
LA_D_3767704,0,0.0014106365,0
LA_D_3782076,0,0.039782852,0
LA_D_3788675,0,0.002546259,0
LA_D_3792366,0,0.00064286776,0
LA_D_3799314,0,0.002391425,0
LA_D_3849533,0,0.0011387792,0
LA_D_3888968,0,0.005543158,0
LA_D_3915707,0,0.0021351024,0
LA_D_3943938,0,0.006614224,0
LA_D_3980944,0,0.0024000655,0
LA_D_3989246,0,0.012088501,0
LA_D_4039836,0,0.00034798216,0
LA_D_4048306,0,0.0142373415,0
LA_D_4052162,0,0.050272226,0
LA_D_4056923,0,0.00092245574,0
LA_D_4107126,0,0.116313234,0
LA_D_4114596,0,0.0014432102,0
LA_D_4142294,0,0.002056658,0
LA_D_4148714,0,0.020504873,0
LA_D_4155987,0,0.00034530126,0
LA_D_4189838,0,0.00033833468,0
LA_D_4194240,0,0.00094590744,0
LA_D_4203364,0,0.0018294419,0
LA_D_4234032,0,0.0010363484,0
LA_D_4253580,0,0.00069716055,0
LA_D_4258977,0,0.00678263,0
LA_D_4278889,0,0.008085523,0
LA_D_4300523,0,0.0007853796,0
LA_D_4321061,0,0.00048145096,0
LA_D_4332689,0,0.022203268,0
LA_D_4348250,0,0.0006208814,0
LA_D_4398059,0,0.007669888,0
LA_D_4432873,0,0.0031120249,0
LA_D_4440657,0,0.0028000055,0
LA_D_4463511,0,0.009573618,0
LA_D_4527658,0,0.00071928103,0
LA_D_4557906,0,0.00021722916,0
LA_D_4562820,0,0.0011680507,0
LA_D_4593106,0,2.7158432e-05,0
LA_D_4603886,0,0.0008486134,0
LA_D_4691600,0,0.0036361078,0
LA_D_4708858,0,0.00066865684,0
LA_D_4729804,0,0.00038922208,0
LA_D_4750966,0,0.0004960873,0
LA_D_4760053,0,0.0003672815,0
LA_D_4870195,0,0.0036083162,0
LA_D_4874226,0,0.0055240416,0
LA_D_4915695,0,0.0033649986,0
LA_D_4963074,0,0.0036802413,0
LA_D_4979134,0,0.00020128033,0
LA_D_4992708,0,0.0009677408,0
LA_D_5009375,0,0.0006830563,0
LA_D_5016623,0,0.011495885,0
LA_D_5030185,0,0.004380972,0
LA_D_5051331,0,0.0025548234,0
LA_D_5076610,0,0.00071825355,0
LA_D_5076694,0,0.0029551634,0
LA_D_5091691,0,0.0023063328,0
LA_D_5100182,0,0.0010406922,0
LA_D_5118215,0,0.002950501,0
LA_D_5127521,0,0.0028070908,0
LA_D_5133121,0,0.47811118,0
LA_D_5135623,0,0.015623301,0
LA_D_5140041,0,0.0017892758,0
LA_D_5170428,0,0.0023456092,0
LA_D_5177326,0,0.00097135716,0
LA_D_5181684,0,0.0015566073,0
LA_D_5193789,0,0.00085643656,0
LA_D_5209189,0,0.0007007999,0
LA_D_5234713,0,0.0007661212,0
LA_D_5327544,0,0.001180219,0
LA_D_5341623,0,0.0014672029,0
LA_D_5374725,0,0.0005229149,0
LA_D_5383636,0,0.0001715259,0
LA_D_5472358,0,0.0035256809,0
LA_D_5549868,0,0.0007815218,0
LA_D_5563808,0,0.0027530603,0
LA_D_5570032,0,0.01266281,0
LA_D_5586705,0,0.0023226952,0
LA_D_5679699,0,0.0010181409,0
LA_D_5682639,0,0.00016735551,0
LA_D_5699257,0,0.004716493,0
LA_D_5711305,0,0.002245999,0
LA_D_5738684,0,0.07974093,0
LA_D_5751891,0,0.0069077783,0
LA_D_5776830,0,0.08463099,0
LA_D_5798590,0,0.002547331,0
LA_D_5819741,0,0.0009181174,0
LA_D_5830215,0,0.0005221116,0
LA_D_5855679,0,0.003258131,0
LA_D_5948278,0,0.0017180854,0
LA_D_5954862,0,0.0007198049,0
LA_D_5959728,0,0.029057005,0
LA_D_5991498,0,0.00022054768,0
LA_D_6000471,0,0.0004789102,0
LA_D_6001731,0,0.0001797352,0
LA_D_6026070,0,0.00054886047,0
LA_D_6045245,0,0.0008167397,0
LA_D_6046443,0,0.026480531,0
LA_D_6080461,0,0.00029669813,0
LA_D_6125461,0,0.0022862486,0
LA_D_6127252,0,0.00037711553,0
LA_D_6131631,0,0.0008268488,0
LA_D_6147694,0,0.00068492163,0
LA_D_6160245,0,0.0026134567,0
LA_D_6174345,0,0.0025574882,0
LA_D_6183125,0,0.00873976,0
LA_D_6187174,0,0.001862978,0
LA_D_6202447,0,0.0004567424,0
LA_D_6223774,0,0.0019973675,0
LA_D_6227080,0,0.0010416593,0
LA_D_6231724,0,0.0324535,0
LA_D_6264742,0,0.00013627172,0
LA_D_6288186,0,0.0022247455,0
LA_D_6314728,0,0.0014939536,0
LA_D_6316102,0,0.0015469504,0
LA_D_6341396,0,0.058286753,0
LA_D_6359496,0,0.0015798437,0
LA_D_6383686,0,0.002431084,0
LA_D_6388120,0,0.00045725118,0
LA_D_6413462,0,0.0033362852,0
LA_D_6419449,0,0.0011203266,0
LA_D_6428957,0,0.008698679,0
LA_D_6474102,0,0.0018025159,0
LA_D_6479435,0,0.00012397721,0
LA_D_6484577,0,8.9958645e-05,0
LA_D_6497525,0,0.0010271907,0
LA_D_6531960,0,0.00016226275,0
LA_D_6546081,0,0.002965839,0
LA_D_6553908,0,0.0011478432,0
LA_D_6585774,0,0.001323195,0
LA_D_6596958,0,0.001538191,0
LA_D_6629886,0,0.0013369025,0
LA_D_6635685,0,0.0002652604,0
LA_D_6638128,0,0.014759619,0
LA_D_6640384,0,0.070809595,0
LA_D_6665426,0,0.0014257758,0
LA_D_6717508,0,0.00069543585,0
LA_D_6747561,0,0.00042657714,0
LA_D_6748543,0,0.0003654121,0
LA_D_6768434,0,0.0036628244,0
LA_D_6795503,0,0.005365329,0
LA_D_6795908,0,0.18256485,0
LA_D_6802049,0,0.0007759495,0
LA_D_6809474,0,0.0027883295,0
LA_D_6814264,0,0.007747292,0
LA_D_6834652,0,0.0002449284,0
LA_D_6846040,0,0.0012216589,0
LA_D_6846115,0,0.0074451165,0
LA_D_6853671,0,0.00037081973,0
LA_D_6862159,0,0.0012570645,0
LA_D_6878638,0,0.00327515,0
LA_D_6882166,0,0.0056086723,0
LA_D_6886878,0,0.00045299288,0
LA_D_6892152,0,0.0029665327,0
LA_D_6899810,0,0.0024974856,0
LA_D_6901051,0,0.018271375,0
LA_D_6913633,0,0.005577701,0
LA_D_6937285,0,0.0060619796,0
LA_D_6952781,0,0.0004367724,0
LA_D_6962233,0,0.00047891337,0
LA_D_7039816,0,0.10162975,0
LA_D_7054436,0,0.0006889015,0
LA_D_7135015,0,0.056027923,0
LA_D_7149695,0,0.00079278764,0
LA_D_7187720,0,0.01006222,0
LA_D_7194672,0,0.002362127,0
LA_D_7230852,0,0.0033480201,0
LA_D_7235672,0,0.00052195386,0
LA_D_7312592,0,0.010763106,0
LA_D_7321136,0,0.00019805216,0
LA_D_7333250,0,0.00034327005,0
LA_D_7343735,0,0.00028948276,0
LA_D_7382673,0,0.003610796,0
LA_D_7415932,0,0.0048819897,0
LA_D_7418362,0,0.00070391607,0
LA_D_7421260,0,0.0036405104,0
LA_D_7510866,0,0.00055496395,0
LA_D_7525010,0,0.0006803656,0
LA_D_7533494,0,0.001320711,0
LA_D_7546312,0,0.0018214363,0
LA_D_7555962,0,0.0012557278,0
LA_D_7564617,0,0.0046136607,0
LA_D_7577366,0,0.00122868,0
LA_D_7625238,0,0.0003751438,0
LA_D_7626133,0,0.008484674,0
LA_D_7640331,0,0.000615534,0
LA_D_7655235,0,0.0031139944,0
LA_D_7657304,0,0.015015009,0
LA_D_7733072,0,0.013858995,0
LA_D_7741491,0,0.00045077832,0
LA_D_7756238,0,0.0016102929,0
LA_D_7772523,0,0.00025778316,0
LA_D_7774259,0,0.016158132,0
LA_D_7786100,0,0.0003925205,0
LA_D_7793940,0,0.0010890109,0
LA_D_7803428,0,0.006555502,0
LA_D_7833826,0,0.009211303,0
LA_D_7839744,0,0.000648465,0
LA_D_7880514,0,0.0005027837,0
LA_D_7907328,0,0.00042449695,0
LA_D_7965716,0,0.002257396,0
LA_D_8039247,0,0.00037884098,0
LA_D_8069387,0,0.0007320571,0
LA_D_8091794,0,0.0020639738,0
LA_D_8130384,0,0.00020672244,0
LA_D_8137810,0,0.0018516505,0
LA_D_8138035,0,0.00050538406,0
LA_D_8162971,0,0.0032135856,0
LA_D_8169593,0,0.014352416,0
LA_D_8173305,0,0.39805567,0
LA_D_8220161,0,0.0006180277,0
LA_D_8248529,0,0.0010725269,0
LA_D_8250392,0,0.08572451,0
LA_D_8261899,0,0.0013211734,0
LA_D_8268288,0,0.0001371072,0
LA_D_8281201,0,0.0004891749,0
LA_D_8308097,0,0.0002249854,0
LA_D_8309783,0,0.0016601415,0
LA_D_8321562,0,0.00052984327,0
LA_D_8338896,0,0.002090789,0
LA_D_8340325,0,0.00040973932,0
LA_D_8342451,0,0.0015554337,0
LA_D_8406853,0,0.015889987,0
LA_D_8427353,0,0.0023071605,0
LA_D_8455214,0,0.0023438246,0
LA_D_8463562,0,0.014897173,0
LA_D_8483715,0,0.00018236993,0
LA_D_8495231,0,0.0068552764,0
LA_D_8509642,0,0.14506459,0
LA_D_8519166,0,0.00027308564,0
LA_D_8533998,0,0.0020678085,0
LA_D_8536051,0,0.0013984405,0
LA_D_8538675,0,0.00095238414,0
LA_D_8548417,0,0.00052232685,0
LA_D_8549576,0,0.0018710608,0
LA_D_8582931,0,0.001827447,0
LA_D_8614682,0,0.37179655,0
LA_D_8628678,0,0.00045621354,0
LA_D_8646930,0,0.005766886,0
LA_D_8655642,0,0.0034733452,0
LA_D_8667287,0,0.004994714,0
LA_D_8683829,0,0.0018917728,0
LA_D_8753292,0,0.0003675759,0
LA_D_8773895,0,0.00042051144,0
LA_D_8792663,0,0.0029214933,0
LA_D_8804146,0,0.004172461,0
LA_D_8815079,0,0.005741886,0
LA_D_8849846,0,0.00018422495,0
LA_D_8852535,0,0.00043468623,0
LA_D_8862440,0,0.002279568,0
LA_D_8862614,0,0.042119775,0
LA_D_8871719,0,0.0007139804,0
LA_D_8892690,0,0.0009015266,0
LA_D_8908261,0,0.0018830721,0
LA_D_8912899,0,0.00073429354,0
LA_D_8925628,0,0.0036654163,0
LA_D_8998915,0,0.0025358817,0
LA_D_9037892,0,0.0012472634,0
LA_D_9049736,0,0.0017667944,0
LA_D_9066461,0,0.002037528,0
LA_D_9068099,0,0.0002812028,0
LA_D_9073444,0,0.0019005329,0
LA_D_9094713,0,0.0002742143,0
LA_D_9120425,0,0.003860999,0
LA_D_9159389,0,0.0033610156,0
LA_D_9172994,0,0.00081170077,0
LA_D_9225299,0,0.00074339856,0
LA_D_9249528,0,0.0012391992,0
LA_D_9254137,0,0.0013784118,0
LA_D_9271439,0,0.0014626816,0
LA_D_9278326,0,0.00592816,0
LA_D_9278655,0,0.00040429123,0
LA_D_9334822,0,0.0015438742,0
LA_D_9337299,0,0.00067273,0
LA_D_9351259,0,0.00047991078,0
LA_D_9452798,0,0.0005449306,0
LA_D_9497637,0,0.0005315624,0
LA_D_9509498,0,0.010834442,0
LA_D_9521538,0,0.046576973,0
LA_D_9526073,0,0.0030575113,0
LA_D_9609174,0,0.00063943246,0
LA_D_9638872,0,0.0003492884,0
LA_D_9685992,0,0.00066228665,0
LA_D_9696008,0,0.009575422,0
LA_D_9699074,0,0.002323869,0
LA_D_9732180,0,0.0014528628,0
LA_D_9739074,0,0.00080795813,0
LA_D_9800072,0,0.00040152296,0
LA_D_9820995,0,0.0005797175,0
LA_D_9840935,0,0.0020065173,0
LA_D_9865644,0,0.0023377303,0
LA_D_9896805,0,0.0030329723,0
LA_D_9953716,0,0.00063190015,0
LA_D_9972716,0,0.0036003322,0
LA_D_9988500,0,0.0026505373,0
LA_D_1016296,0,0.20040809,0
LA_D_1044924,0,0.32046235,0
LA_D_1078299,0,0.01102867,0
LA_D_1127112,0,0.64819586,1
LA_D_1140789,0,0.150045,0
LA_D_1146602,0,0.002356522,0
LA_D_1161040,0,0.011591345,0
LA_D_1176474,0,0.009140162,0
LA_D_1248870,0,0.56382865,1
LA_D_1292781,0,0.0015485127,0
LA_D_1318978,0,0.7255675,1
LA_D_1326907,0,0.014843603,0
LA_D_1357016,0,0.17626293,0
LA_D_1393609,0,0.63370615,1
LA_D_1394492,0,0.96256596,1
LA_D_1438742,0,0.87385195,1
LA_D_1469415,0,0.18526757,0
LA_D_1484616,0,0.30712652,0
LA_D_1487457,0,0.023655768,0
LA_D_1557405,0,0.2857724,0
LA_D_1559429,0,0.053795055,0
LA_D_1566542,0,0.58610237,1
LA_D_1573404,0,0.12202748,0
LA_D_1630527,0,0.0057327957,0
LA_D_1649895,0,0.5502624,1
LA_D_1697663,0,0.02802323,0
LA_D_1715794,0,0.026849154,0
LA_D_1717085,0,0.006068295,0
LA_D_1763710,0,0.3990543,0
LA_D_1803165,0,0.01896692,0
LA_D_1842516,0,0.053536788,0
LA_D_1856497,0,0.5960118,1
LA_D_1872772,0,0.07189086,0
LA_D_1878310,0,0.92813116,1
LA_D_1921938,0,0.07701753,0
LA_D_1946747,0,0.90374935,1
LA_D_1952217,0,0.03743081,0
LA_D_1953786,0,0.022816338,0
LA_D_1999944,0,0.37397203,0
LA_D_2017057,0,0.25852534,0
LA_D_2021939,0,0.019828845,0
LA_D_2032120,0,0.28807375,0
LA_D_2040913,0,0.004225885,0
LA_D_2110432,0,0.81620616,1
LA_D_2115072,0,0.08667679,0
LA_D_2180694,0,0.022423059,0
LA_D_2196978,0,0.001124917,0
LA_D_2215298,0,0.23598447,0
LA_D_2222567,0,0.028599976,0
LA_D_2300503,0,0.03387368,0
LA_D_2364597,0,0.35061613,0
LA_D_2441093,0,0.036608554,0
LA_D_2466917,0,0.13280563,0
LA_D_2467416,0,0.030579422,0
LA_D_2481560,0,0.38630784,0
LA_D_2494446,0,0.11707094,0
LA_D_2499638,0,0.009728402,0
LA_D_2501643,0,0.000644781,0
LA_D_2542779,0,0.25681183,0
LA_D_2597129,0,0.73587817,1
LA_D_2598079,0,0.0074269623,0
LA_D_2602925,0,0.006820866,0
LA_D_2617516,0,0.0980646,0
LA_D_2674105,0,0.03019217,0
LA_D_2691898,0,0.12679996,0
LA_D_2745051,0,0.04894129,0
LA_D_2776677,0,0.14735958,0
LA_D_2870458,0,0.019260576,0
LA_D_2883720,0,0.12919474,0
LA_D_2977454,0,0.3295608,0
LA_D_3004327,0,0.00032983464,0
LA_D_3010789,0,0.867672,1
LA_D_3054881,0,0.023005664,0
LA_D_3065517,0,0.09742615,0
LA_D_3126147,0,0.007680402,0
LA_D_3211269,0,0.02268416,0
LA_D_3229435,0,0.0016923461,0
LA_D_3273842,0,0.23879537,0
LA_D_3283074,0,0.012676511,0
LA_D_3285424,0,0.011062969,0
LA_D_3301577,0,0.012807106,0
LA_D_3346891,0,0.015047124,0
LA_D_3395278,0,0.26303378,0
LA_D_3399535,0,0.6535224,1
LA_D_3404722,0,0.06578514,0
LA_D_3411132,0,0.035464786,0
LA_D_3442349,0,0.01597514,0
LA_D_3473674,0,0.0116311405,0
LA_D_3495418,0,0.001184288,0
LA_D_3639272,0,0.018021937,0
LA_D_3646143,0,0.99159145,1
LA_D_3655812,0,0.46216595,0
LA_D_3741865,0,0.8975978,1
LA_D_3754318,0,0.20321798,0
LA_D_3884249,0,0.01578337,0
LA_D_3914541,0,0.0034962394,0
LA_D_3928764,0,0.06508049,0
LA_D_3995155,0,0.99427664,1
LA_D_4019473,0,0.008041322,0
LA_D_4021676,0,0.041757315,0
LA_D_4024567,0,0.509084,1
LA_D_4044969,0,0.08361824,0
LA_D_4127237,0,0.01552555,0
LA_D_4190213,0,0.317609,0
LA_D_4249444,0,0.10253849,0
LA_D_4272960,0,0.10880303,0
LA_D_4281667,0,0.43705127,0
LA_D_4354832,0,0.33352333,0
LA_D_4427871,0,0.02680958,0
LA_D_4453838,0,0.030875025,0
LA_D_4482667,0,0.9726608,1
LA_D_4564375,0,0.01735921,0
LA_D_4602795,0,0.009302663,0
LA_D_4657076,0,0.019103993,0
LA_D_4710772,0,0.02035754,0
LA_D_4724979,0,0.06775747,0
LA_D_4730310,0,0.9965257,1
LA_D_4766369,0,0.012326134,0
LA_D_4768212,0,0.16290417,0
LA_D_4771283,0,0.84998727,1
LA_D_4778221,0,0.27618098,0
LA_D_4797830,0,0.58046454,1
LA_D_4799572,0,0.6121428,1
LA_D_4874621,0,0.0087030865,0
LA_D_4876965,0,0.109452605,0
LA_D_4950294,0,0.010413447,0
LA_D_5005167,0,0.081743754,0
LA_D_5091760,0,0.38638017,0
LA_D_5107868,0,0.0065471074,0
LA_D_5124586,0,0.71413547,1
LA_D_5140773,0,0.3520668,0
LA_D_5170331,0,0.16125454,0
LA_D_5177748,0,0.013441091,0
LA_D_5182268,0,0.0044931807,0
LA_D_5189335,0,0.0319765,0
LA_D_5193473,0,0.8238147,1
LA_D_5249364,0,0.105452955,0
LA_D_5266068,0,0.19533226,0
LA_D_5305767,0,0.059158668,0
LA_D_5366058,0,0.14852025,0
LA_D_5399266,0,0.15671739,0
LA_D_5464038,0,0.0185307,0
LA_D_5479621,0,0.0051697316,0
LA_D_5529080,0,0.024140991,0
LA_D_5531293,0,0.400809,0
LA_D_5553767,0,0.0018241848,0
LA_D_5554206,0,0.7041529,1
LA_D_5572271,0,0.015999446,0
LA_D_5702239,0,0.12315871,0
LA_D_5836628,0,0.40174788,0
LA_D_5839530,0,0.826204,1
LA_D_5899837,0,0.00627748,0
LA_D_5919154,0,0.0035893635,0
LA_D_6003803,0,0.8411263,1
LA_D_6048851,0,0.02449514,0
LA_D_6054337,0,0.36236256,0
LA_D_6153129,0,0.23304129,0
LA_D_6153562,0,0.10182396,0
LA_D_6190533,0,0.09385913,0
LA_D_6192792,0,0.0054930844,0
LA_D_6197341,0,0.04574351,0
LA_D_6255539,0,0.11331922,0
LA_D_6256750,0,0.20761628,0
LA_D_6276971,0,0.6744881,1
LA_D_6281576,0,0.03119196,0
LA_D_6292340,0,0.07631614,0
LA_D_6300071,0,0.07914072,0
LA_D_6346160,0,0.43935508,0
LA_D_6355954,0,0.009312854,0
LA_D_6366232,0,0.82715726,1
LA_D_6392613,0,0.040200762,0
LA_D_6411224,0,0.3891253,0
LA_D_6431886,0,0.09096155,0
LA_D_6440445,0,0.3405379,0
LA_D_6493011,0,0.92988116,1
LA_D_6536882,0,0.006885065,0
LA_D_6573061,0,0.11462062,0
LA_D_6604594,0,0.026399232,0
LA_D_6606092,0,0.077764,0
LA_D_6696589,0,0.05103516,0
LA_D_6733057,0,0.003573977,0
LA_D_6733844,0,0.1227636,0
LA_D_6736813,0,0.24651419,0
LA_D_6759383,0,0.24306948,0
LA_D_6784610,0,0.03458069,0
LA_D_6813136,0,0.016682256,0
LA_D_6828979,0,0.02111945,0
LA_D_6838627,0,0.09486803,0
LA_D_6869232,0,0.035324614,0
LA_D_6903687,0,0.09267972,0
LA_D_6937056,0,0.09044336,0
LA_D_6954064,0,0.006205046,0
LA_D_6982355,0,0.045279592,0
LA_D_6990164,0,0.00714517,0
LA_D_6998107,0,0.98580754,1
LA_D_7008788,0,0.008048659,0
LA_D_7016945,0,0.008097003,0
LA_D_7021627,0,0.0012798731,0
LA_D_7030186,0,0.022201033,0
LA_D_7030273,0,0.79987144,1
LA_D_7063095,0,0.13571498,0
LA_D_7088669,0,0.11668049,0
LA_D_7112224,0,0.017149255,0
LA_D_7147745,0,0.5782088,1
LA_D_7154683,0,0.0652389,0
LA_D_7176078,0,0.6067209,1
LA_D_7229340,0,0.00950046,0
LA_D_7253310,0,0.0078315865,0
LA_D_7257796,0,0.07776003,0
LA_D_7272412,0,0.052422766,0
LA_D_7302757,0,0.29078937,0
LA_D_7328344,0,0.06960178,0
LA_D_7328872,0,0.15909731,0
LA_D_7337126,0,0.41236904,0
LA_D_7346965,0,0.001446604,0
LA_D_7363496,0,0.22552912,0
LA_D_7386222,0,0.119838014,0
LA_D_7435327,0,0.31641224,0
LA_D_7468954,0,0.024798153,0
LA_D_7523717,0,0.42549187,0
LA_D_7536401,0,0.035132576,0
LA_D_7543704,0,0.6660111,1
LA_D_7560734,0,0.020699417,0
LA_D_7573124,0,0.12153553,0
LA_D_7631811,0,0.5673492,1
LA_D_7662648,0,0.022460623,0
LA_D_7669397,0,0.9711963,1
LA_D_7739036,0,0.15557906,0
LA_D_7760476,0,0.1706596,0
LA_D_7826604,0,0.054242406,0
LA_D_7856417,0,0.017162828,0
LA_D_7872579,0,0.0024006355,0
LA_D_7893531,0,0.014809759,0
LA_D_7939810,0,0.14485998,0
LA_D_7985410,0,0.019166784,0
LA_D_7993478,0,0.95000005,1
LA_D_7998693,0,0.90103626,1
LA_D_8001922,0,0.9683508,1
LA_D_8018834,0,0.5195452,1
LA_D_8026429,0,0.5859156,1
LA_D_8037458,0,0.5209218,1
LA_D_8058106,0,0.55739284,1
LA_D_8115137,0,0.24064676,0
LA_D_8115280,0,0.7613734,1
LA_D_8116593,0,0.05384151,0
LA_D_8117889,0,0.642184,1
LA_D_8126226,0,0.0031051151,0
LA_D_8189332,0,0.004595796,0
LA_D_8258080,0,0.65252745,1
LA_D_8269720,0,0.09012298,0
LA_D_8271714,0,0.1046519,0
LA_D_8285076,0,0.30509606,0
LA_D_8313425,0,0.12870534,0
LA_D_8351401,0,0.3681716,0
LA_D_8374831,0,0.07081312,0
LA_D_8404295,0,0.05696508,0
LA_D_8429648,0,0.98236626,1
LA_D_8493833,0,0.52608645,1
LA_D_8520696,0,0.08189159,0
LA_D_8522922,0,0.42143008,0
LA_D_8567575,0,0.085006975,0
LA_D_8584532,0,0.009790915,0
LA_D_8606381,0,0.0603742,0
LA_D_8608217,0,0.06516332,0
LA_D_8702563,0,0.019935165,0
LA_D_8749920,0,0.016811637,0
LA_D_8754795,0,0.8505823,1
LA_D_8763624,0,0.0062997425,0
LA_D_8763956,0,0.056799073,0
LA_D_8792267,0,0.5851484,1
LA_D_8795592,0,0.105996944,0
LA_D_8852103,0,0.31534222,0
LA_D_8894648,0,0.20840147,0
LA_D_8903895,0,0.14972548,0
LA_D_8931062,0,0.050177854,0
LA_D_8961195,0,0.026832668,0
LA_D_8987632,0,0.032812234,0
LA_D_9005941,0,0.035116512,0
LA_D_9018221,0,0.002042306,0
LA_D_9127001,0,0.36226487,0
LA_D_9138868,0,0.0503336,0
LA_D_9147299,0,0.28234628,0
LA_D_9152403,0,0.0015952172,0
LA_D_9206015,0,0.04443611,0
LA_D_9274477,0,0.0054466417,0
LA_D_9284758,0,0.04837153,0
LA_D_9335831,0,0.0004950119,0
LA_D_9342188,0,0.8304741,1
LA_D_9392796,0,0.0018089003,0
LA_D_9395082,0,0.003296177,0
LA_D_9424343,0,0.89967597,1
LA_D_9451445,0,0.08883752,0
LA_D_9474750,0,0.01608901,0
LA_D_9478591,0,0.33544227,0
LA_D_9506978,0,0.010551171,0
LA_D_9551821,0,0.008286127,0
LA_D_9626068,0,0.006321822,0
LA_D_9634838,0,0.5572261,1
LA_D_9672991,0,0.9953612,1
LA_D_9733678,0,0.45825103,0
LA_D_9785421,0,0.9287482,1
LA_D_9786409,0,0.014171407,0
LA_D_9812727,0,0.13946758,0
LA_D_9825451,0,0.9639981,1
LA_D_9911052,0,0.034400284,0
LA_D_9922230,0,0.78868645,1
LA_D_9975936,0,0.002805427,0
LA_D_9997585,0,0.007032673,0
LA_D_1013596,0,0.0006922078,0
LA_D_1024326,0,0.00065323233,0
LA_D_1029401,0,0.00067636475,0
LA_D_1051032,0,0.0021676053,0
LA_D_1089922,0,0.0015355729,0
LA_D_1099173,0,0.00018867165,0
LA_D_1141551,0,0.0001646517,0
LA_D_1147582,0,0.001960313,0
LA_D_1176249,0,0.0031645917,0
LA_D_1177616,0,0.002457266,0
LA_D_1179946,0,0.00026581963,0
LA_D_1243570,0,0.002866739,0
LA_D_1253043,0,0.00022065893,0
LA_D_1264718,0,0.00034343536,0
LA_D_1286132,0,0.00051696587,0
LA_D_1290079,0,5.9491136e-05,0
LA_D_1324369,0,0.001188305,0
LA_D_1371818,0,0.0002857219,0
LA_D_1375735,0,0.0007667606,0
LA_D_1409881,0,0.0008282259,0
LA_D_1420574,0,0.0027487173,0
LA_D_1427618,0,0.00035282908,0
LA_D_1443809,0,0.0009083944,0
LA_D_1464997,0,0.100839876,0
LA_D_1483054,0,0.0006040933,0
LA_D_1506235,0,0.0002495288,0
LA_D_1522185,0,0.0016141376,0
LA_D_1528176,0,0.00024406194,0
LA_D_1556777,0,4.78679e-05,0
LA_D_1600156,0,0.0014937288,0
LA_D_1660121,0,0.049245507,0
LA_D_1670207,0,0.0015355553,0
LA_D_1834958,0,0.00029938592,0
LA_D_1874001,0,0.0010441064,0
LA_D_1889727,0,0.0052964054,0
LA_D_1903761,0,0.0018196903,0
LA_D_1915883,0,0.004527527,0
LA_D_1918968,0,0.0045570047,0
LA_D_1936614,0,0.0013669983,0
LA_D_1940050,0,0.00013424402,0
LA_D_1976624,0,0.0014679199,0
LA_D_1980562,0,0.0059181396,0
LA_D_1984025,0,0.0011227706,0
LA_D_1986382,0,6.0846167e-05,0
LA_D_2009306,0,0.0007888723,0
LA_D_2052144,0,0.00059959013,0
LA_D_2063490,0,0.0034190349,0
LA_D_2064600,0,0.0003345965,0
LA_D_2085656,0,0.0025456497,0
LA_D_2100372,0,0.00023829029,0
LA_D_2118848,0,0.0018436059,0
LA_D_2144689,0,0.0011777417,0
LA_D_2159915,0,0.0005423995,0
LA_D_2173475,0,0.006052695,0
LA_D_2187904,0,0.00017691305,0
LA_D_2197811,0,0.0054746955,0
LA_D_2242800,0,0.00095958734,0
LA_D_2254293,0,0.0007642672,0
LA_D_2265492,0,0.0023628385,0
LA_D_2279462,0,0.0034683116,0
LA_D_2293647,0,0.00064867147,0
LA_D_2294546,0,8.24863e-05,0
LA_D_2335219,0,0.00050735427,0
LA_D_2341615,0,0.0006686335,0
LA_D_2345337,0,0.0012226176,0
LA_D_2372835,0,0.00024635025,0
LA_D_2375001,0,0.00029487585,0
LA_D_2395590,0,0.0029678617,0
LA_D_2406469,0,0.0006012328,0
LA_D_2413214,0,0.00065392774,0
LA_D_2458766,0,0.008761682,0
LA_D_2482572,0,0.00520139,0
LA_D_2517481,0,0.00044856264,0
LA_D_2527215,0,0.0002012195,0
LA_D_2545950,0,0.00023275983,0
LA_D_2550548,0,0.0051203105,0
LA_D_2557946,0,0.0025345506,0
LA_D_2571309,0,7.1238486e-05,0
LA_D_2579139,0,0.0005913487,0
LA_D_2603106,0,0.00016713608,0
LA_D_2607277,0,0.0013966857,0
LA_D_2608601,0,0.0009935701,0
LA_D_2684959,0,0.0023640336,0
LA_D_2691745,0,0.0084814895,0
LA_D_2727780,0,0.0017140703,0
LA_D_2799892,0,0.00020333874,0
LA_D_2866949,0,0.0003999986,0
LA_D_2902556,0,0.0005982271,0
LA_D_2914985,0,0.0010754096,0
LA_D_2921930,0,0.0008159587,0
LA_D_2925498,0,0.0013276277,0
LA_D_2933176,0,0.006874835,0
LA_D_2958095,0,0.0007804162,0
LA_D_2997217,0,0.0009823616,0
LA_D_3036760,0,1.7738821e-05,0
LA_D_3039159,0,0.0054781884,0
LA_D_3054411,0,0.0006713149,0
LA_D_3075527,0,0.00073260354,0
LA_D_3093185,0,0.06491153,0
LA_D_3094874,0,5.5246943e-05,0
LA_D_3129993,0,5.263134e-05,0
LA_D_3230838,0,0.0012217417,0
LA_D_3248256,0,0.00011541199,0
LA_D_3282066,0,0.0014189597,0
LA_D_3337611,0,0.00046572377,0
LA_D_3380409,0,0.0030666632,0
LA_D_3393465,0,0.003196408,0
LA_D_3398271,0,0.0005743067,0
LA_D_3412330,0,0.0009515243,0
LA_D_3420388,0,0.0016408009,0
LA_D_3435784,0,0.00055851904,0
LA_D_3450749,0,0.00066123914,0
LA_D_3457581,0,0.00021305791,0
LA_D_3496116,0,0.00043993644,0
LA_D_3509644,0,0.0010887919,0
LA_D_3539892,0,0.00012596883,0
LA_D_3552234,0,0.0011488622,0
LA_D_3562009,0,0.0007225082,0
LA_D_3567404,0,0.002552619,0
LA_D_3571070,0,0.0033837187,0
LA_D_3588547,0,0.0029106874,0
LA_D_3619292,0,0.0007271784,0
LA_D_3643887,0,0.0002853639,0
LA_D_3646040,0,0.006019161,0
LA_D_3673596,0,0.0057518794,0
LA_D_3726596,0,0.004127599,0
LA_D_3737744,0,0.00078953453,0
LA_D_3757923,0,4.3945452e-05,0
LA_D_3770754,0,0.0010809412,0
LA_D_3814257,0,0.0003183405,0
LA_D_3843705,0,0.00065420073,0
LA_D_3851144,0,0.00034005305,0
LA_D_3883337,0,0.0005685897,0
LA_D_3887131,0,0.00034054441,0
LA_D_3893271,0,0.0018487603,0
LA_D_3917851,0,7.2687515e-05,0
LA_D_3918474,0,0.0013592415,0
LA_D_3924068,0,0.00041234738,0
LA_D_3930165,0,0.0035457301,0
LA_D_3946264,0,0.000292783,0
LA_D_3952183,0,0.00095624465,0
LA_D_3967616,0,0.007529757,0
LA_D_4014814,0,0.05109021,0
LA_D_4029515,0,0.00045995804,0
LA_D_4030356,0,0.0012860354,0
LA_D_4046673,0,0.00039265968,0
LA_D_4080966,0,0.0008106005,0
LA_D_4121809,0,1.6901351e-05,0
LA_D_4123062,0,0.0006628752,0
LA_D_4131648,0,0.0029088017,0
LA_D_4167431,0,0.0010902574,0
LA_D_4196303,0,0.0019562142,0
LA_D_4196989,0,0.015023044,0
LA_D_4199273,0,0.001001146,0
LA_D_4231134,0,0.00017036195,0
LA_D_4255574,0,0.0055041714,0
LA_D_4258777,0,4.3328255e-05,0
LA_D_4344587,0,0.0008767077,0
LA_D_4374868,0,0.0002362892,0
LA_D_4394367,0,0.0017295444,0
LA_D_4397003,0,0.0003990103,0
LA_D_4432534,0,0.00035261424,0
LA_D_4452476,0,0.005190466,0
LA_D_4477471,0,0.0015535614,0
LA_D_4492452,0,0.00068198104,0
LA_D_4526494,0,0.00073886424,0
LA_D_4542806,0,0.00044892178,0
LA_D_4575411,0,0.00046074184,0
LA_D_4650704,0,0.031660903,0
LA_D_4653724,0,0.0012663021,0
LA_D_4654807,0,0.0011350169,0
LA_D_4724411,0,0.0002703907,0
LA_D_4724496,0,0.00644854,0
LA_D_4730109,0,0.010577484,0
LA_D_4763142,0,0.0035694083,0
LA_D_4766442,0,0.0006103733,0
LA_D_4798963,0,0.00290528,0
LA_D_4841921,0,0.0008117661,0
LA_D_4852798,0,0.0030858405,0
LA_D_4895511,0,0.0004503589,0
LA_D_4915280,0,7.098988e-05,0
LA_D_4919746,0,0.0012382003,0
LA_D_4967942,0,0.0022135263,0
LA_D_4999305,0,0.00017739719,0
LA_D_5032508,0,0.00025343505,0
LA_D_5049280,0,0.00022528142,0
LA_D_5054258,0,0.001733401,0
LA_D_5066173,0,0.0021659033,0
LA_D_5070212,0,0.0017248048,0
LA_D_5090531,0,0.00018245427,0
LA_D_5090551,0,0.00094190997,0
LA_D_5098442,0,0.0016379849,0
LA_D_5138201,0,0.0060370034,0
LA_D_5145753,0,0.00038695216,0
LA_D_5184417,0,0.0004880697,0
LA_D_5188638,0,0.0013181135,0
LA_D_5259851,0,0.0006615319,0
LA_D_5261718,0,0.00013044114,0
LA_D_5275494,0,0.00027504485,0
LA_D_5331428,0,0.0021113358,0
LA_D_5345215,0,0.000412661,0
LA_D_5402252,0,0.00018482031,0
LA_D_5412628,0,0.0010542957,0
LA_D_5428077,0,0.0004318568,0
LA_D_5451234,0,0.00048497895,0
LA_D_5480395,0,0.0012116433,0
LA_D_5490153,0,0.00087311934,0
LA_D_5507848,0,0.0005985815,0
LA_D_5549134,0,0.0032000015,0
LA_D_5596917,0,0.0002542577,0
LA_D_5631323,0,0.0001434927,0
LA_D_5637114,0,0.00270954,0
LA_D_5661640,0,0.009216465,0
LA_D_5728642,0,0.0003159603,0
LA_D_5738833,0,7.989464e-05,0
LA_D_5742561,0,0.0001545519,0
LA_D_5772488,0,0.00084616046,0
LA_D_5799657,0,2.4831623e-05,0
LA_D_5805258,0,0.0003821208,0
LA_D_5841342,0,0.0002592944,0
LA_D_5845529,0,0.0022245317,0
LA_D_5869640,0,0.002751585,0
LA_D_5914572,0,0.00013250059,0
LA_D_5921937,0,0.00012294628,0
LA_D_5953510,0,0.007397568,0
LA_D_5955756,0,0.0019896708,0
LA_D_5958767,0,0.00036526535,0
LA_D_5974545,0,0.0015270632,0
LA_D_6002746,0,0.0056399372,0
LA_D_6073856,0,0.024000553,0
LA_D_6113951,0,0.0013352565,0
LA_D_6114748,0,0.001236948,0
LA_D_6153465,0,9.898382e-05,0
LA_D_6168336,0,0.0010760583,0
LA_D_6279022,0,0.004321246,0
LA_D_6335987,0,0.0011786631,0
LA_D_6345168,0,0.00050866755,0
LA_D_6369142,0,0.0013187741,0
LA_D_6408762,0,0.00089483603,0
LA_D_6457597,0,0.00072147755,0
LA_D_6490097,0,0.10091277,0
LA_D_6497646,0,0.0002907737,0
LA_D_6572116,0,0.00081662135,0
LA_D_6579479,0,0.0006996638,0
LA_D_6588865,0,0.00028436552,0
LA_D_6590996,0,0.00034574166,0
LA_D_6600800,0,0.00741354,0
LA_D_6646870,0,0.0017876293,0
LA_D_6696204,0,0.002153455,0
LA_D_6725130,0,0.0025415728,0
LA_D_6751659,0,0.00018495641,0
LA_D_6793210,0,0.00010043062,0
LA_D_6849663,0,0.012494052,0
LA_D_6875907,0,0.0007734752,0
LA_D_6880419,0,0.010325141,0
LA_D_6913699,0,0.0025679718,0
LA_D_6934200,0,0.00022565332,0
LA_D_6946644,0,0.00043218877,0
LA_D_6953406,0,0.0038532799,0
LA_D_6978333,0,0.0027928357,0
LA_D_7009736,0,0.00040898987,0
LA_D_7023167,0,0.05006978,0
LA_D_7068182,0,0.0006463326,0
LA_D_7083288,0,0.00093354005,0
LA_D_7104527,0,0.00019237841,0
LA_D_7115178,0,0.0007708513,0
LA_D_7124167,0,0.00073980977,0
LA_D_7140664,0,0.001834052,0
LA_D_7153518,0,0.00033991385,0
LA_D_7164827,0,0.0015687654,0
LA_D_7166280,0,0.00020517019,0
LA_D_7187188,0,0.0009519513,0
LA_D_7187597,0,0.014173931,0
LA_D_7192041,0,0.000154876,0
LA_D_7219075,0,0.0008540741,0
LA_D_7220382,0,0.0024186245,0
LA_D_7269077,0,0.0034536824,0
LA_D_7289124,0,0.002009621,0
LA_D_7302282,0,0.00022251923,0
LA_D_7365945,0,0.0011218617,0
LA_D_7373220,0,0.0024958588,0
LA_D_7404738,0,0.0009484709,0
LA_D_7415426,0,0.00045472904,0
LA_D_7421972,0,0.0014415714,0
LA_D_7446128,0,0.0014768795,0
LA_D_7484552,0,0.0009789515,0
LA_D_7491481,0,0.00010899394,0
LA_D_7500473,0,4.5277804e-05,0
LA_D_7528137,0,0.0014378149,0
LA_D_7552298,0,0.00014345301,0
LA_D_7562908,0,0.022406088,0
LA_D_7563550,0,0.00097439793,0
LA_D_7572295,0,0.00010515607,0
LA_D_7579942,0,0.0005350278,0
LA_D_7599571,0,0.0008295607,0
LA_D_7608424,0,0.0035322772,0
LA_D_7627638,0,0.0115493545,0
LA_D_7628095,0,0.0023513082,0
LA_D_7651024,0,0.0002344137,0
LA_D_7666735,0,0.014963635,0
LA_D_7677736,0,0.0010535864,0
LA_D_7698637,0,0.004010558,0
LA_D_7736692,0,0.0005952924,0
LA_D_7793474,0,0.0046778778,0
LA_D_7821144,0,0.00237773,0
LA_D_7822867,0,0.010691619,0
LA_D_7837262,0,0.0019346561,0
LA_D_7845923,0,0.008302176,0
LA_D_7864167,0,0.00017600082,0
LA_D_7884675,0,0.0035756323,0
LA_D_7887508,0,0.0002884483,0
LA_D_7891889,0,0.000531652,0
LA_D_7901552,0,0.0005833674,0
LA_D_7946330,0,0.00081712415,0
LA_D_7977320,0,0.00061410374,0
LA_D_7984933,0,9.7710195e-05,0
LA_D_7986305,0,0.0010106969,0
LA_D_7988938,0,0.001830217,0
LA_D_8015998,0,0.0033166662,0
LA_D_8047998,0,0.0021932328,0
LA_D_8073420,0,0.00054499035,0
LA_D_8086346,0,0.00026222732,0
LA_D_8090102,0,0.005073957,0
LA_D_8094196,0,0.00035064714,0
LA_D_8126031,0,0.00019916092,0
LA_D_8164002,0,0.0014893301,0
LA_D_8243640,0,4.0541963e-05,0
LA_D_8257354,0,0.0023370252,0
LA_D_8261443,0,0.0015069168,0
LA_D_8281902,0,0.00051806116,0
LA_D_8291086,0,0.0039805984,0
LA_D_8308855,0,0.0047032423,0
LA_D_8348470,0,0.00023777058,0
LA_D_8413012,0,0.0010369503,0
LA_D_8487209,0,0.005505719,0
LA_D_8496632,0,0.0006203611,0
LA_D_8501151,0,0.0009906457,0
LA_D_8507903,0,0.009363446,0
LA_D_8510601,0,0.0016062823,0
LA_D_8512598,0,5.6449517e-05,0
LA_D_8539634,0,0.0104548745,0
LA_D_8546068,0,0.00015474108,0
LA_D_8546481,0,0.006894703,0
LA_D_8605975,0,0.004258249,0
LA_D_8611156,0,0.00019281326,0
LA_D_8612905,0,0.001370236,0
LA_D_8617247,0,0.00039911797,0
LA_D_8628343,0,0.004967032,0
LA_D_8644251,0,0.0004928882,0
LA_D_8648680,0,0.0005442377,0
LA_D_8649631,0,0.00024828716,0
LA_D_8655169,0,0.0005602973,0
LA_D_8710691,0,0.0021174063,0
LA_D_8718179,0,0.030069893,0
LA_D_8723456,0,0.0016073533,0
LA_D_8724279,0,0.0019927134,0
LA_D_8738176,0,0.00041761028,0
LA_D_8765013,0,0.00076354545,0
LA_D_8809106,0,0.00071675744,0
LA_D_8812811,0,0.00033433214,0
LA_D_8816193,0,0.0007712517,0
LA_D_8829832,0,0.0015063825,0
LA_D_8842630,0,0.003144523,0
LA_D_8852748,0,0.012735771,0
LA_D_8864927,0,6.149541e-05,0
LA_D_8869402,0,0.00056008634,0
LA_D_8870403,0,0.00033463282,0
LA_D_8882807,0,0.00058525207,0
LA_D_8888903,0,0.0009908217,0
LA_D_8942973,0,0.0020707853,0
LA_D_8955970,0,0.0007576459,0
LA_D_9017623,0,0.0010210293,0
LA_D_9025240,0,0.0035215085,0
LA_D_9026344,0,0.0031054646,0
LA_D_9103728,0,0.00024744746,0
LA_D_9115231,0,0.0030391251,0
LA_D_9115338,0,0.016830524,0
LA_D_9136883,0,0.0006882571,0
LA_D_9144406,0,0.0015083768,0
LA_D_9192772,0,0.00014491598,0
LA_D_9226269,0,0.0010612609,0
LA_D_9266761,0,0.0009332493,0
LA_D_9287127,0,0.0039471723,0
LA_D_9289511,0,0.016604107,0
LA_D_9292862,0,0.017181909,0
LA_D_9294766,0,0.0006207988,0
LA_D_9323100,0,0.00017045569,0
LA_D_9332950,0,0.00024557987,0
LA_D_9345488,0,0.005448507,0
LA_D_9367260,0,0.0020862988,0
LA_D_9397829,0,0.0037008936,0
LA_D_9419297,0,0.00013938211,0
LA_D_9429831,0,0.0016846843,0
LA_D_9460035,0,0.0022261348,0
LA_D_9582158,0,0.00013405713,0
LA_D_9648319,0,4.6633686e-05,0
LA_D_9714161,0,0.00047355695,0
LA_D_9724620,0,0.00018029375,0
LA_D_9779319,0,9.426771e-05,0
LA_D_9815062,0,0.0004934954,0
LA_D_9847737,0,0.0005986123,0
LA_D_9848935,0,0.0038336474,0
LA_D_9876012,0,0.00060333783,0
LA_D_9877979,0,0.00015025632,0
LA_D_9879056,0,0.000115510426,0
LA_D_9895969,0,5.669552e-05,0
LA_D_9906100,0,0.00491639,0
LA_D_9906845,0,0.00044077932,0
LA_D_9911836,0,0.0016679681,0
LA_D_9912384,0,0.0029348542,0
LA_D_9914359,0,0.0008359943,0
LA_D_9951278,0,0.00017786636,0
LA_D_9962189,0,0.0020774673,0
LA_D_9985507,0,0.000104951505,0
LA_D_1021776,0,0.00023700354,0
LA_D_1034285,0,0.0017881836,0
LA_D_1037321,0,0.0003985488,0
LA_D_1082012,0,0.00093717757,0
LA_D_1084834,0,0.000747183,0
LA_D_1088912,0,0.002638303,0
LA_D_1115199,0,0.0004878732,0
LA_D_1118057,0,0.0019838654,0
LA_D_1127133,0,0.00078039465,0
LA_D_1174503,0,0.00024800465,0
LA_D_1179257,0,0.004564703,0
LA_D_1207577,0,0.00024977943,0
LA_D_1208658,0,0.0006492677,0
LA_D_1240372,0,0.00032763457,0
LA_D_1277623,0,0.0007318307,0
LA_D_1283838,0,0.00038941822,0
LA_D_1298536,0,0.00010128204,0
LA_D_1300449,0,0.00034935414,0
LA_D_1321593,0,0.002219487,0
LA_D_1367292,0,0.00065670133,0
LA_D_1374008,0,0.0005052475,0
LA_D_1375481,0,0.0005513716,0
LA_D_1399436,0,0.0006276276,0
LA_D_1426766,0,0.00017870459,0
LA_D_1434283,0,0.00030889947,0
LA_D_1453930,0,0.00038345647,0
LA_D_1480384,0,0.001597307,0
LA_D_1517317,0,0.000105424035,0
LA_D_1528924,0,0.00061792525,0
LA_D_1571680,0,0.00013830881,0
LA_D_1584090,0,0.00037689199,0
LA_D_1594811,0,0.0006062372,0
LA_D_1602057,0,0.0025350172,0
LA_D_1611669,0,0.00025510005,0
LA_D_1630632,0,0.00052829355,0
LA_D_1636429,0,0.0017017394,0
LA_D_1689670,0,0.00018683386,0
LA_D_1712968,0,0.004563999,0
LA_D_1722516,0,0.00058631704,0
LA_D_1738559,0,0.00058880995,0
LA_D_1781206,0,0.0028143197,0
LA_D_1783793,0,0.0012381268,0
LA_D_1854266,0,0.00031907397,0
LA_D_1905359,0,0.0005324161,0
LA_D_1915504,0,0.0014553027,0
LA_D_1922841,0,0.0003183842,0
LA_D_1991323,0,0.0009666498,0
LA_D_2013762,0,0.0009827487,0
LA_D_2022826,0,0.0005340363,0
LA_D_2027723,0,7.260882e-05,0
LA_D_2059623,0,0.001168231,0
LA_D_2066042,0,0.0007170683,0
LA_D_2072378,0,0.000713457,0
LA_D_2080989,0,0.0004360361,0
LA_D_2083550,0,0.0023382262,0
LA_D_2165853,0,0.0018106368,0
LA_D_2170933,0,0.00014182417,0
LA_D_2174094,0,0.0016979137,0
LA_D_2218453,0,0.00025173198,0
LA_D_2223087,0,0.0027773264,0
LA_D_2286137,0,0.00028891177,0
LA_D_2311722,0,0.0012470875,0
LA_D_2315845,0,0.0005015385,0
LA_D_2348280,0,0.0016168946,0
LA_D_2358905,0,5.6634788e-05,0
LA_D_2368969,0,0.0004934625,0
LA_D_2372420,0,0.0021300814,0
LA_D_2399025,0,0.0005276599,0
LA_D_2415062,0,0.0005268862,0
LA_D_2427989,0,0.0004015243,0
LA_D_2432104,0,0.0007411096,0
LA_D_2433138,0,0.00043588105,0
LA_D_2462561,0,0.004789293,0
LA_D_2487821,0,0.0004787379,0
LA_D_2557874,0,0.0019537795,0
LA_D_2564030,0,0.00014862405,0
LA_D_2581917,0,0.0006356006,0
LA_D_2584407,0,0.00019189878,0
LA_D_2624158,0,0.00030482042,0
LA_D_2668582,0,0.0005326739,0
LA_D_2675915,0,0.0012199414,0
LA_D_2682059,0,0.00023945296,0
LA_D_2688954,0,0.00043669203,0
LA_D_2713644,0,0.00028618128,0
LA_D_2729132,0,0.00020338625,0
LA_D_2731749,0,0.0036826709,0
LA_D_2743615,0,0.0010251284,0
LA_D_2768410,0,7.851085e-05,0
LA_D_2794335,0,0.0006473412,0
LA_D_2800733,0,0.00017784211,0
LA_D_2821157,0,0.0010258504,0
LA_D_2831410,0,7.932066e-05,0
LA_D_2832477,0,6.5167595e-05,0
LA_D_2850159,0,0.0004524377,0
LA_D_2867209,0,0.001002841,0
LA_D_2930522,0,0.0007582707,0
LA_D_2942106,0,0.00209451,0
LA_D_2958641,0,0.00025648234,0
LA_D_2962374,0,0.001252066,0
LA_D_2988379,0,0.0010649556,0
LA_D_2992359,0,0.000802851,0
LA_D_3005047,0,0.002438856,0
LA_D_3006002,0,9.170372e-05,0
LA_D_3018105,0,0.0006767065,0
LA_D_3047927,0,0.0014543281,0
LA_D_3061480,0,0.00043035377,0
LA_D_3070440,0,0.0024155981,0
LA_D_3108882,0,0.00043894947,0
LA_D_3131229,0,0.0005452579,0
LA_D_3133645,0,0.0006562165,0
LA_D_3178557,0,0.0009782577,0
LA_D_3276451,0,0.00048796358,0
LA_D_3291825,0,0.0015743288,0
LA_D_3303715,0,0.000627828,0
LA_D_3343985,0,0.0010440269,0
LA_D_3346070,0,0.00020751671,0
LA_D_3395297,0,0.0012343458,0
LA_D_3400488,0,0.0015183736,0
LA_D_3475718,0,0.0010026209,0
LA_D_3478658,0,0.0020671308,0
LA_D_3485085,0,7.700301e-05,0
LA_D_3513193,0,0.000112506255,0
LA_D_3554318,0,0.0013970721,0
LA_D_3569723,0,0.00042574469,0
LA_D_3595115,0,0.00044146096,0
LA_D_3616142,0,0.00035201348,0
LA_D_3617952,0,0.0003815581,0
LA_D_3639872,0,0.00017681964,0
LA_D_3643640,0,0.00033731697,0
LA_D_3654200,0,0.0009948338,0
LA_D_3696812,0,0.00091128773,0
LA_D_3722861,0,0.004345475,0
LA_D_3725075,0,0.0015592811,0
LA_D_3741108,0,0.0010678606,0
LA_D_3787662,0,0.00030305574,0
LA_D_3812028,0,0.0017282151,0
LA_D_3812294,0,0.0010009215,0
LA_D_3812741,0,0.00047598928,0
LA_D_3848752,0,0.0002363482,0
LA_D_3860127,0,0.00021160977,0
LA_D_3876919,0,0.00042922157,0
LA_D_3881515,0,0.00083751924,0
LA_D_3882757,0,0.001009595,0
LA_D_3893735,0,0.00055321085,0
LA_D_3897907,0,0.00025311776,0
LA_D_3899322,0,0.00067248545,0
LA_D_3910846,0,0.0013911108,0
LA_D_3931321,0,0.0017388932,0
LA_D_3951248,0,0.000111702924,0
LA_D_3952917,0,0.0009766942,0
LA_D_3978867,0,0.00015430011,0
LA_D_4004656,0,0.0012670078,0
LA_D_4011688,0,0.0002008714,0
LA_D_4013817,0,0.0023168814,0
LA_D_4033177,0,0.00043934927,0
LA_D_4049352,0,0.0015215658,0
LA_D_4053975,0,0.00016615549,0
LA_D_4068225,0,0.00028458415,0
LA_D_4072080,0,0.00038539473,0
LA_D_4094297,0,0.0005306208,0
LA_D_4126633,0,0.0015262223,0
LA_D_4150876,0,0.0005640948,0
LA_D_4179450,0,0.0006965203,0
LA_D_4180941,0,0.00010504061,0
LA_D_4209152,0,0.0004333474,0
LA_D_4215677,0,0.00054213486,0
LA_D_4277774,0,0.0003634199,0
LA_D_4281396,0,0.00058992836,0
LA_D_4341644,0,0.0010690617,0
LA_D_4452700,0,0.00014246974,0
LA_D_4490889,0,0.00016609389,0
LA_D_4498106,0,0.0002740596,0
LA_D_4550102,0,0.0014641364,0
LA_D_4559133,0,0.0002710091,0
LA_D_4564558,0,0.00016469379,0
LA_D_4571794,0,0.000140132,0
LA_D_4582979,0,0.0006995858,0
LA_D_4588474,0,0.00083675224,0
LA_D_4639938,0,0.004718772,0
LA_D_4647315,0,0.0007638955,0
LA_D_4653718,0,0.00027142387,0
LA_D_4684582,0,0.00042060745,0
LA_D_4699185,0,0.005905261,0
LA_D_4726342,0,0.0006654603,0
LA_D_4748289,0,8.4869695e-05,0
LA_D_4752372,0,0.0034042185,0
LA_D_4763880,0,0.00054198684,0
LA_D_4775057,0,0.00014477939,0
LA_D_4879165,0,0.0006436519,0
LA_D_4883766,0,0.001001481,0
LA_D_4912771,0,0.00096325827,0
LA_D_4919443,0,0.0006090785,0
LA_D_4924208,0,0.0015373388,0
LA_D_4929026,0,0.00015163099,0
LA_D_4935297,0,0.0070495354,0
LA_D_4936338,0,0.0008790076,0
LA_D_4978588,0,0.00011892942,0
LA_D_5006012,0,0.00022866951,0
LA_D_5007381,0,5.9661113e-05,0
LA_D_5057972,0,0.0017181933,0
LA_D_5074733,0,0.00017649404,0
LA_D_5109259,0,0.0003906469,0
LA_D_5162715,0,0.00021511875,0
LA_D_5177338,0,0.000532842,0
LA_D_5177966,0,0.0003217622,0
LA_D_5245666,0,4.308191e-05,0
LA_D_5268793,0,0.0035444198,0
LA_D_5270654,0,0.004909024,0
LA_D_5272977,0,0.001593337,0
LA_D_5273462,0,0.0006895163,0
LA_D_5291856,0,0.00030962034,0
LA_D_5309692,0,0.00024344884,0
LA_D_5344050,0,0.0016985647,0
LA_D_5385252,0,0.0006241401,0
LA_D_5396438,0,0.00042404357,0
LA_D_5397791,0,0.00019968762,0
LA_D_5427611,0,0.007429698,0
LA_D_5430751,0,6.2065825e-05,0
LA_D_5437365,0,0.00090069417,0
LA_D_5476584,0,0.0006019636,0
LA_D_5478266,0,0.0033626533,0
LA_D_5597859,0,0.00020683445,0
LA_D_5613890,0,0.0015797219,0
LA_D_5629856,0,0.00014690483,0
LA_D_5711819,0,0.0023542878,0
LA_D_5711940,0,0.00036063953,0
LA_D_5718687,0,0.00024034845,0
LA_D_5726766,0,0.00028065854,0
LA_D_5736306,0,0.001014904,0
LA_D_5744389,0,0.0013013725,0
LA_D_5753687,0,0.000542346,0
LA_D_5780553,0,0.00023190277,0
LA_D_5783447,0,0.00069266645,0
LA_D_5825201,0,0.008587888,0
LA_D_5862765,0,0.0025645078,0
LA_D_5869416,0,0.0010700593,0
LA_D_5873171,0,0.0016553891,0
LA_D_5929422,0,0.004713443,0
LA_D_5980008,0,0.00033773592,0
LA_D_5989088,0,0.0012121537,0
LA_D_5990798,0,8.303416e-05,0
LA_D_5997198,0,8.9387e-05,0
LA_D_6002533,0,0.0102539,0
LA_D_6032850,0,0.0036938726,0
LA_D_6109600,0,0.00014087369,0
LA_D_6115340,0,0.00022125832,0
LA_D_6123696,0,0.0006400989,0
LA_D_6124419,0,0.000367574,0
LA_D_6144569,0,0.0031975613,0
LA_D_6147813,0,0.0007179853,0
LA_D_6159310,0,0.00039137452,0
LA_D_6166908,0,0.0005461104,0
LA_D_6192301,0,4.5134977e-05,0
LA_D_6212172,0,7.164672e-05,0
LA_D_6245398,0,0.000522499,0
LA_D_6270968,0,0.00095504837,0
LA_D_6275063,0,0.002162503,0
LA_D_6286681,0,0.0017396185,0
LA_D_6292140,0,0.0009115674,0
LA_D_6410604,0,0.00013836025,0
LA_D_6419681,0,0.0015659842,0
LA_D_6427358,0,0.00024099002,0
LA_D_6454886,0,0.00018295772,0
LA_D_6468364,0,0.00038110293,0
LA_D_6496137,0,2.6893638e-05,0
LA_D_6502033,0,0.0012772025,0
LA_D_6552905,0,0.0011113505,0
LA_D_6597572,0,0.0036180655,0
LA_D_6603189,0,0.00031999915,0
LA_D_6616877,0,0.0010011337,0
LA_D_6621038,0,4.64744e-05,0
LA_D_6621174,0,0.001823959,0
LA_D_6674759,0,0.01468629,0
LA_D_6701637,0,0.00015302829,0
LA_D_6710307,0,9.627687e-05,0
LA_D_6721220,0,0.0008664766,0
LA_D_6736679,0,0.00033357917,0
LA_D_6744347,0,0.0049721487,0
LA_D_6744515,0,0.00018638048,0
LA_D_6814327,0,1.6240867e-05,0
LA_D_6825288,0,0.00049732137,0
LA_D_6839774,0,0.0007827139,0
LA_D_6843816,0,0.00094704505,0
LA_D_6846844,0,0.0030999533,0
LA_D_6869337,0,0.00033230887,0
LA_D_6878349,0,0.0005528901,0
LA_D_6881089,0,0.00089659664,0
LA_D_6884276,0,0.00071955594,0
LA_D_6949266,0,0.0010535176,0
LA_D_6980433,0,0.0006073126,0
LA_D_7070438,0,0.00045568912,0
LA_D_7091848,0,0.0017095217,0
LA_D_7096610,0,0.00018249656,0
LA_D_7115717,0,0.0005798742,0
LA_D_7132991,0,0.002030644,0
LA_D_7150708,0,0.005656592,0
LA_D_7172132,0,0.00028305312,0
LA_D_7174025,0,0.00044415297,0
LA_D_7206220,0,0.0011663768,0
LA_D_7216441,0,0.0006844293,0
LA_D_7264635,0,0.00016522716,0
LA_D_7269974,0,0.00088449806,0
LA_D_7292251,0,0.00029540545,0
LA_D_7297214,0,0.0017271487,0
LA_D_7321644,0,0.00019509104,0
LA_D_7337551,0,0.00083903444,0
LA_D_7348083,0,0.0013489325,0
LA_D_7359011,0,0.0013002948,0
LA_D_7367636,0,0.0001389327,0
LA_D_7386319,0,0.00044652133,0
LA_D_7390342,0,0.00043289716,0
LA_D_7419836,0,0.00030663866,0
LA_D_7435151,0,0.00064609427,0
LA_D_7475228,0,0.0019360092,0
LA_D_7475277,0,0.0002293304,0
LA_D_7510853,0,0.00042047858,0
LA_D_7566932,0,0.0012316001,0
LA_D_7573964,0,0.00095683796,0
LA_D_7591970,0,0.00033113055,0
LA_D_7599287,0,0.0009693866,0
LA_D_7601025,0,0.00047744063,0
LA_D_7684506,0,0.00022859951,0
LA_D_7740794,0,0.00019835454,0
LA_D_7757814,0,0.001871564,0
LA_D_7774126,0,0.00037167675,0
LA_D_7797712,0,0.002289513,0
LA_D_7819798,0,9.261054e-05,0
LA_D_7824980,0,0.0025798548,0
LA_D_7828154,0,0.006511537,0
LA_D_7933080,0,0.00026500155,0
LA_D_7941596,0,0.00057176186,0
LA_D_7946496,0,0.00038797624,0
LA_D_7951889,0,0.00071604503,0
LA_D_7969866,0,0.0019377576,0
LA_D_8033884,0,0.0010319685,0
LA_D_8041823,0,8.463895e-05,0
LA_D_8085631,0,0.0010953706,0
LA_D_8108552,0,0.0006675193,0
LA_D_8138647,0,0.0007247629,0
LA_D_8167961,0,0.0003154354,0
LA_D_8213789,0,0.00029007095,0
LA_D_8250991,0,0.00055917265,0
LA_D_8288109,0,0.000250687,0
LA_D_8341901,0,0.0005865817,0
LA_D_8365650,0,0.0010031655,0
LA_D_8396394,0,0.00033915817,0
LA_D_8445970,0,0.001154989,0
LA_D_8476694,0,0.0009888352,0
LA_D_8480990,0,0.00035548283,0
LA_D_8502103,0,0.00012011862,0
LA_D_8540616,0,0.0007819769,0
LA_D_8575268,0,0.0054474683,0
LA_D_8580528,0,0.00037830888,0
LA_D_8608455,0,0.0036305715,0
LA_D_8667642,0,0.0009145301,0
LA_D_8690666,0,0.00702036,0
LA_D_8791605,0,0.0009481739,0
LA_D_8823371,0,0.00040897407,0
LA_D_8833972,0,0.00031307663,0
LA_D_8858297,0,0.00029923752,0
LA_D_8884259,0,0.03622535,0
LA_D_8891118,0,0.001008873,0
LA_D_8891320,0,0.00046718435,0
LA_D_8924760,0,0.0009660945,0
LA_D_8926801,0,0.0013576321,0
LA_D_9025753,0,0.00013094186,0
LA_D_9053406,0,0.0006149905,0
LA_D_9100339,0,0.00072292826,0
LA_D_9132830,0,0.0011178378,0
LA_D_9151062,0,6.388516e-05,0
LA_D_9154536,0,0.00071541243,0
LA_D_9190608,0,0.0003258478,0
LA_D_9197132,0,0.0006648888,0
LA_D_9209106,0,0.0024534422,0
LA_D_9245802,0,0.0006115032,0
LA_D_9265911,0,0.0006640323,0
LA_D_9283729,0,0.00024756853,0
LA_D_9284814,0,0.00254784,0
LA_D_9285961,0,0.000315396,0
LA_D_9287039,0,0.00025124117,0
LA_D_9314974,0,4.581109e-06,0
LA_D_9361012,0,9.788841e-05,0
LA_D_9380348,0,0.00052302657,0
LA_D_9380432,0,0.0008188882,0
LA_D_9386795,0,0.00021529893,0
LA_D_9427876,0,0.000993237,0
LA_D_9428605,0,0.0014470249,0
LA_D_9445187,0,0.0005035508,0
LA_D_9468857,0,0.00033120156,0
LA_D_9505348,0,0.00049952103,0
LA_D_9521159,0,0.0011093229,0
LA_D_9521386,0,0.00033830196,0
LA_D_9528107,0,0.0010001728,0
LA_D_9557924,0,0.0001525801,0
LA_D_9573599,0,0.0007516906,0
LA_D_9638401,0,0.0008076821,0
LA_D_9673065,0,0.0022459475,0
LA_D_9699422,0,0.0004440084,0
LA_D_9716869,0,0.0013371636,0
LA_D_9735877,0,0.00010887396,0
LA_D_9754279,0,0.00062124775,0
LA_D_9754312,0,0.0009370534,0
LA_D_9787636,0,0.00089720683,0
LA_D_9807965,0,0.00064421963,0
LA_D_9820264,0,0.00015538115,0
LA_D_9865890,0,0.0007115022,0
LA_D_9872675,0,0.0001840248,0
LA_D_9897842,0,0.00033561033,0
LA_D_9904359,0,0.00025842,0
LA_D_9910052,0,0.00041528646,0
LA_D_9913081,0,0.00016064658,0
LA_D_9930873,0,0.00019196302,0
LA_D_9973436,0,0.044253856,0
LA_D_9997827,0,0.015572109,0
LA_D_1012999,0,0.9931144,1
LA_D_1059373,0,0.45221198,0
LA_D_1069983,0,0.012935156,0
LA_D_1093350,0,0.02840885,0
LA_D_1098936,0,0.022988137,0
LA_D_1108377,0,0.62507147,1
LA_D_1128845,0,0.12896957,0
LA_D_1199369,0,0.014315301,0
LA_D_1217579,0,0.0806049,0
LA_D_1219751,0,0.8692991,1
LA_D_1229238,0,0.23285182,0
LA_D_1243162,0,0.048588928,0
LA_D_1328151,0,0.94658387,1
LA_D_1339977,0,0.1844401,0
LA_D_1341967,0,0.32264775,0
LA_D_1385838,0,0.010041954,0
LA_D_1448869,0,0.0999157,0
LA_D_1502443,0,0.37190515,0
LA_D_1509962,0,0.12496207,0
LA_D_1572003,0,0.18840909,0
LA_D_1639891,0,0.44927338,0
LA_D_1655634,0,0.3105597,0
LA_D_1706159,0,0.83427763,1
LA_D_1777002,0,0.76717013,1
LA_D_1811978,0,0.0030927632,0
LA_D_1815265,0,0.75565076,1
LA_D_1845654,0,0.008729793,0
LA_D_1855851,0,0.043931648,0
LA_D_1893758,0,0.6242691,1
LA_D_1953933,0,0.1486346,0
LA_D_1959435,0,0.045572236,0
LA_D_1966690,0,0.9347251,1
LA_D_1982638,0,0.54934686,1
LA_D_2052753,0,0.20347366,0
LA_D_2127486,0,0.001170267,0
LA_D_2129411,0,0.79503626,1
LA_D_2161760,0,0.060976025,0
LA_D_2319804,0,0.021135844,0
LA_D_2352862,0,0.36794567,0
LA_D_2354611,0,0.8630589,1
LA_D_2360026,0,0.010931763,0
LA_D_2365865,0,0.23729548,0
LA_D_2417938,0,0.42038256,0
LA_D_2428124,0,0.1425576,0
LA_D_2461413,0,0.0037604228,0
LA_D_2494939,0,0.64181215,1
LA_D_2503313,0,0.2452386,0
LA_D_2532530,0,0.090727866,0
LA_D_2542974,0,0.019740505,0
LA_D_2575495,0,0.8636395,1
LA_D_2597444,0,0.005659463,0
LA_D_2607016,0,0.011048633,0
LA_D_2618723,0,0.00893776,0
LA_D_2618748,0,0.38931647,0
LA_D_2628131,0,0.5839807,1
LA_D_2656565,0,0.27900165,0
LA_D_2660438,0,0.19389597,0
LA_D_2668830,0,0.39761615,0
LA_D_2684010,0,0.16129999,0
LA_D_2686278,0,0.10524418,0
LA_D_2691873,0,0.027375005,0
LA_D_2726931,0,0.14122932,0
LA_D_2880781,0,0.9322305,1
LA_D_2922852,0,0.008129729,0
LA_D_2933367,0,0.8265636,1
LA_D_2946273,0,0.17770849,0
LA_D_2962271,0,0.91770816,1
LA_D_2993148,0,0.037876647,0
LA_D_3057475,0,0.009483007,0
LA_D_3075008,0,0.8036541,1
LA_D_3087684,0,0.25273478,0
LA_D_3098960,0,0.7101233,1
LA_D_3106089,0,0.016524091,0
LA_D_3111133,0,0.028096935,0
LA_D_3143593,0,0.23985629,0
LA_D_3150612,0,0.022900833,0
LA_D_3153699,0,0.047153328,0
LA_D_3213386,0,0.024825955,0
LA_D_3284727,0,0.81371176,1
LA_D_3285435,0,0.0016755123,0
LA_D_3317920,0,0.79781955,1
LA_D_3347861,0,0.086807676,0
LA_D_3381862,0,0.98266673,1
LA_D_3412517,0,0.20957321,0
LA_D_3497883,0,0.05226317,0
LA_D_3499981,0,0.18940733,0
LA_D_3522934,0,0.9654719,1
LA_D_3556001,0,0.84553766,1
LA_D_3572777,0,0.10799909,0
LA_D_3617770,0,0.13257927,0
LA_D_3626798,0,0.0027320147,0
LA_D_3666824,0,0.002018739,0
LA_D_3680733,0,0.10054356,0
LA_D_3697262,0,0.2173474,0
LA_D_3740798,0,0.19821784,0
LA_D_3750214,0,0.45159373,0
LA_D_3751177,0,0.03947849,0
LA_D_3763362,0,0.6963315,1
LA_D_3789801,0,0.32202855,0
LA_D_3811484,0,0.06484363,0
LA_D_3852341,0,0.018023074,0
LA_D_3868002,0,0.93396205,1
LA_D_3888719,0,0.32175905,0
LA_D_3924244,0,0.20812875,0
LA_D_3937744,0,0.922192,1
LA_D_3949661,0,0.64710534,1
LA_D_4011462,0,0.06076503,0
LA_D_4026230,0,0.0057312544,0
LA_D_4026338,0,0.7364445,1
LA_D_4033961,0,0.10050659,0
LA_D_4042844,0,0.036562003,0
LA_D_4095496,0,0.09361304,0
LA_D_4110412,0,0.07333348,0
LA_D_4113491,0,0.031724047,0
LA_D_4190801,0,0.025456537,0
LA_D_4196661,0,0.93665236,1
LA_D_4198686,0,0.048702933,0
LA_D_4228555,0,0.28155854,0
LA_D_4249243,0,0.28770635,0
LA_D_4289169,0,0.008195821,0
LA_D_4293326,0,0.8264485,1
LA_D_4294751,0,0.24870792,0
LA_D_4322842,0,0.029579824,0
LA_D_4357332,0,0.9207868,1
LA_D_4506633,0,0.010416637,0
LA_D_4551409,0,0.022022352,0
LA_D_4601843,0,0.18675889,0
LA_D_4610013,0,0.0032599866,0
LA_D_4626552,0,0.41131282,0
LA_D_4650788,0,0.08391879,0
LA_D_4678519,0,0.11184162,0
LA_D_4681486,0,0.03506157,0
LA_D_4698298,0,0.0031822657,0
LA_D_4702053,0,0.10507567,0
LA_D_4752694,0,0.15271442,0
LA_D_4770965,0,0.09416487,0
LA_D_4850290,0,0.029616762,0
LA_D_4882385,0,0.61932224,1
LA_D_4984074,0,0.19473262,0
LA_D_4990292,0,0.1573822,0
LA_D_4994552,0,0.24568832,0
LA_D_5068352,0,0.71664244,1
LA_D_5092098,0,0.9366805,1
LA_D_5181153,0,0.20479733,0
LA_D_5291143,0,0.5202518,1
LA_D_5297304,0,0.71403885,1
LA_D_5303302,0,0.39852953,0
LA_D_5315354,0,0.94937205,1
LA_D_5348157,0,0.001873257,0
LA_D_5371276,0,0.0007394549,0
LA_D_5398194,0,0.08863199,0
LA_D_5433558,0,0.13833632,0
LA_D_5455958,0,0.47559947,0
LA_D_5467780,0,0.5134088,1
LA_D_5473316,0,0.17778592,0
LA_D_5505351,0,0.0042800596,0
LA_D_5552740,0,0.116731554,0
LA_D_5568300,0,0.3439094,0
LA_D_5663851,0,0.55440557,1
LA_D_5673334,0,0.027802136,0
LA_D_5684092,0,0.5201404,1
LA_D_5689576,0,0.17278057,0
LA_D_5791423,0,0.08053355,0
LA_D_5803857,0,0.98142785,1
LA_D_5857128,0,0.80063236,1
LA_D_5866849,0,0.8036004,1
LA_D_5881442,0,0.0023047787,0
LA_D_5882834,0,0.13938706,0
LA_D_5895216,0,0.004453992,0
LA_D_5897281,0,0.9776188,1
LA_D_5914226,0,0.31503,0
LA_D_5961859,0,0.015722346,0
LA_D_5965871,0,0.54082716,1
LA_D_6105901,0,0.00474395,0
LA_D_6129031,0,0.77350676,1
LA_D_6197886,0,0.22387163,0
LA_D_6231603,0,0.90023255,1
LA_D_6241521,0,0.44280875,0
LA_D_6241916,0,0.08414841,0
LA_D_6270919,0,0.048020884,0
LA_D_6316118,0,0.037364025,0
LA_D_6321029,0,0.15874726,0
LA_D_6351880,0,0.00071407156,0
LA_D_6391228,0,0.0733807,0
LA_D_6391278,0,0.9313428,1
LA_D_6431288,0,0.0033578468,0
LA_D_6434721,0,0.0035046588,0
LA_D_6479825,0,0.36029422,0
LA_D_6511162,0,0.011304946,0
LA_D_6521320,0,0.95097893,1
LA_D_6551642,0,0.014734475,0
LA_D_6557355,0,0.34592023,0
LA_D_6582780,0,0.18477157,0
LA_D_6589944,0,0.0062764566,0
LA_D_6599019,0,0.0150299035,0
LA_D_6603822,0,0.05249137,0
LA_D_6612387,0,0.10966624,0
LA_D_6623501,0,0.9564948,1
LA_D_6716178,0,0.15341975,0
LA_D_6721785,0,0.0014051079,0
LA_D_6722285,0,0.009008293,0
LA_D_6798242,0,0.52309805,1
LA_D_6826053,0,0.05748482,0
LA_D_6840108,0,0.90519893,1
LA_D_6902611,0,0.32520977,0
LA_D_6921859,0,0.050163858,0
LA_D_7008532,0,0.08162224,0
LA_D_7033344,0,0.06299658,0
LA_D_7034096,0,0.9418224,1
LA_D_7040833,0,0.037408825,0
LA_D_7070716,0,0.7520336,1
LA_D_7113087,0,0.008632686,0
LA_D_7127633,0,0.06380753,0
LA_D_7145643,0,0.9645702,1
LA_D_7149026,0,0.90626293,1
LA_D_7166669,0,0.00090166915,0
LA_D_7209780,0,0.87386906,1
LA_D_7260355,0,0.0057700146,0
LA_D_7265371,0,0.02716767,0
LA_D_7299749,0,0.03836056,0
LA_D_7385727,0,0.10479213,0
LA_D_7401877,0,0.9464889,1
LA_D_7481774,0,0.010730414,0
LA_D_7489647,0,0.44357923,0
LA_D_7510776,0,0.58126557,1
LA_D_7519937,0,0.007395114,0
LA_D_7524908,0,0.05529578,0
LA_D_7546610,0,0.1864841,0
LA_D_7554584,0,0.654756,1
LA_D_7576905,0,0.17954938,0
LA_D_7588911,0,0.07494404,0
LA_D_7603562,0,0.037044924,0
LA_D_7607582,0,0.0010615956,0
LA_D_7616056,0,0.09829148,0
LA_D_7626873,0,0.98911417,1
LA_D_7661091,0,0.013237164,0
LA_D_7663086,0,0.024100125,0
LA_D_7693345,0,0.6420224,1
LA_D_7747702,0,0.70426947,1
LA_D_7763323,0,0.4570245,0
LA_D_7784081,0,0.019839285,0
LA_D_7870262,0,0.040666837,0
LA_D_7918811,0,0.546574,1
LA_D_7958457,0,0.39931956,0
LA_D_7989171,0,0.7418254,1
LA_D_8099861,0,0.032492094,0
LA_D_8135380,0,0.38290524,0
LA_D_8143487,0,0.121473484,0
LA_D_8156106,0,0.118714176,0
LA_D_8170962,0,0.2425519,0
LA_D_8220439,0,0.017135277,0
LA_D_8226027,0,0.69329756,1
LA_D_8256584,0,0.38698304,0
LA_D_8270285,0,0.35536432,0
LA_D_8300528,0,0.0015734837,0
LA_D_8318381,0,0.0056088925,0
LA_D_8328324,0,0.7048923,1
LA_D_8340873,0,0.10020889,0
LA_D_8362355,0,0.9473397,1
LA_D_8524990,0,0.048450753,0
LA_D_8596396,0,0.03129415,0
LA_D_8604395,0,0.1193077,0
LA_D_8619260,0,0.024035716,0
LA_D_8674039,0,0.016164448,0
LA_D_8678189,0,0.027385937,0
LA_D_8682238,0,0.00058363634,0
LA_D_8705688,0,0.93442774,1
LA_D_8769232,0,0.46571192,0
LA_D_8791163,0,0.25474805,0
LA_D_8851647,0,0.97213495,1
LA_D_8923139,0,0.7212372,1
LA_D_8967930,0,0.07643884,0
LA_D_8998352,0,0.10500538,0
LA_D_9000151,0,0.010624255,0
LA_D_9077132,0,0.052596636,0
LA_D_9170829,0,0.21496367,0
LA_D_9240337,0,0.77523726,1
LA_D_9248076,0,0.16299851,0
LA_D_9349907,0,0.2098341,0
LA_D_9366624,0,0.8398152,1
LA_D_9374494,0,0.06809187,0
LA_D_9394624,0,0.08848714,0
LA_D_9410996,0,0.0056276973,0
LA_D_9445699,0,0.058982022,0
LA_D_9488774,0,0.7884538,1
LA_D_9526782,0,0.19258149,0
LA_D_9533572,0,0.86095876,1
LA_D_9546041,0,0.53511965,1
LA_D_9548811,0,0.95848006,1
LA_D_9548980,0,0.12729737,0
LA_D_9581870,0,0.21562804,0
LA_D_9584747,0,0.0033897446,0
LA_D_9646573,0,0.012022906,0
LA_D_9676810,0,0.0008087303,0
LA_D_9678633,0,0.025155613,0
LA_D_9732198,0,0.24143161,0
LA_D_9733347,0,0.004307671,0
LA_D_9740097,0,0.005495158,0
LA_D_9761317,0,0.77111,1
LA_D_9764287,0,0.38531324,0
LA_D_9819662,0,0.06563475,0
LA_D_9851124,0,0.33802357,0
LA_D_9871744,0,0.9477053,1
LA_D_9871974,0,0.9836565,1
LA_D_9900800,0,0.21838863,0
LA_D_9926903,0,0.61307746,1
LA_D_9936826,0,0.0012540186,0
LA_D_9989022,0,0.022271084,0
LA_D_1009810,0,0.0013854587,0
LA_D_1022459,0,0.00035398031,0
LA_D_1026446,0,0.0005187898,0
LA_D_1041178,0,9.1663234e-05,0
LA_D_1047361,0,0.0023975312,0
LA_D_1053010,0,0.0019280701,0
LA_D_1053183,0,0.0019017056,0
LA_D_1053691,0,0.0016961705,0
LA_D_1094663,0,0.00037746443,0
LA_D_1101752,0,0.013032776,0
LA_D_1105063,0,0.0052126925,0
LA_D_1107991,0,0.0006355415,0
LA_D_1117617,0,0.00048175993,0
LA_D_1129139,0,0.0055216164,0
LA_D_1134630,0,0.0014688903,0
LA_D_1154625,0,0.08384107,0
LA_D_1186006,0,0.00061561796,0
LA_D_1187921,0,0.0019432628,0
LA_D_1208833,0,0.001045234,0
LA_D_1232042,0,0.0006311259,0
LA_D_1254689,0,0.00016227696,0
LA_D_1271350,0,0.08428485,0
LA_D_1296622,0,0.00050836266,0
LA_D_1309310,0,0.0014646747,0
LA_D_1346961,0,0.00073889486,0
LA_D_1385432,0,0.0049437312,0
LA_D_1393963,0,0.0010700215,0
LA_D_1398478,0,0.0056751235,0
LA_D_1410471,0,0.0045103384,0
LA_D_1421837,0,0.00087817,0
LA_D_1429385,0,0.00022651146,0
LA_D_1442082,0,0.00015412718,0
LA_D_1473217,0,0.017239619,0
LA_D_1503678,0,0.003760141,0
LA_D_1507132,0,0.0012589889,0
LA_D_1550916,0,0.005153757,0
LA_D_1554337,0,0.0004942693,0
LA_D_1563527,0,0.009241815,0
LA_D_1564951,0,0.0005981797,0
LA_D_1565282,0,0.000174197,0
LA_D_1585777,0,0.0015879711,0
LA_D_1618636,0,0.0005912591,0
LA_D_1626346,0,0.0021679695,0
LA_D_1629018,0,0.0008647491,0
LA_D_1630961,0,0.029931845,0
LA_D_1631906,0,0.006187088,0
LA_D_1649039,0,0.0006212513,0
LA_D_1694628,0,0.0005070002,0
LA_D_1737775,0,0.023968091,0
LA_D_1751115,0,0.0010704079,0
LA_D_1826570,0,0.001731992,0
LA_D_1840313,0,0.02023721,0
LA_D_1844442,0,0.00018313173,0
LA_D_1870825,0,0.0027988341,0
LA_D_1904429,0,0.00012656758,0
LA_D_1921628,0,0.0005580912,0
LA_D_1929165,0,0.000137137,0
LA_D_1940703,0,0.0004709745,0
LA_D_1949097,0,0.0018205903,0
LA_D_1973666,0,0.00033333086,0
LA_D_1993260,0,0.0034827788,0
LA_D_2115537,0,0.00021515899,0
LA_D_2120058,0,0.0645741,0
LA_D_2133447,0,0.0006564147,0
LA_D_2148083,0,0.003507371,0
LA_D_2178992,0,0.17643434,0
LA_D_2185267,0,0.05022474,0
LA_D_2343633,0,0.0008002064,0
LA_D_2348809,0,0.0005007071,0
LA_D_2376692,0,0.00039773583,0
LA_D_2380033,0,0.001542534,0
LA_D_2381616,0,0.0028822864,0
LA_D_2406548,0,0.0026435254,0
LA_D_2424885,0,0.00033517784,0
LA_D_2431861,0,0.0014419532,0
LA_D_2458746,0,0.00096132193,0
LA_D_2489508,0,0.00034859296,0
LA_D_2564824,0,0.008474763,0
LA_D_2608425,0,0.00022873949,0
LA_D_2622549,0,0.00016936068,0
LA_D_2626291,0,0.00029016196,0
LA_D_2657015,0,0.026829666,0
LA_D_2662004,0,0.00029597236,0
LA_D_2665018,0,0.0001899904,0
LA_D_2682967,0,0.00034227027,0
LA_D_2687738,0,0.0023529865,0
LA_D_2691876,0,0.0003409329,0
LA_D_2708695,0,0.0012498369,0
LA_D_2731694,0,0.010955494,0
LA_D_2734460,0,0.0011333639,0
LA_D_2764046,0,0.00032162233,0
LA_D_2812298,0,0.0007985827,0
LA_D_2852116,0,0.00049450446,0
LA_D_2852975,0,0.0013195078,0
LA_D_2899989,0,0.002791755,0
LA_D_2961647,0,0.00056824734,0
LA_D_2970648,0,0.00076074206,0
LA_D_3010008,0,0.0008421955,0
LA_D_3010254,0,3.1894277e-05,0
LA_D_3011286,0,0.00010260446,0
LA_D_3043784,0,0.00062043325,0
LA_D_3052026,0,0.1158267,0
LA_D_3077589,0,0.0053228666,0
LA_D_3122693,0,0.0006142735,0
LA_D_3123903,0,0.076920845,0
LA_D_3196679,0,0.0007441382,0
LA_D_3216202,0,0.00081874034,0
LA_D_3220943,0,0.00044682046,0
LA_D_3229406,0,0.010460702,0
LA_D_3245148,0,0.0034617977,0
LA_D_3246935,0,0.00039048272,0
LA_D_3267050,0,0.0011949821,0
LA_D_3289959,0,0.006136205,0
LA_D_3309097,0,0.0154116675,0
LA_D_3312715,0,0.0027474,0
LA_D_3314683,0,0.0066461824,0
LA_D_3318305,0,0.026229898,0
LA_D_3322462,0,0.00077668217,0
LA_D_3325885,0,0.00022097645,0
LA_D_3335996,0,0.0013847181,0
LA_D_3362119,0,0.00038069914,0
LA_D_3368139,0,0.001410787,0
LA_D_3380478,0,0.00034602903,0
LA_D_3381945,0,0.01333389,0
LA_D_3425552,0,0.0005433394,0
LA_D_3459983,0,0.0039977995,0
LA_D_3460877,0,0.00586906,0
LA_D_3477714,0,0.0013386315,0
LA_D_3484550,0,0.0009011384,0
LA_D_3503337,0,0.00059712934,0
LA_D_3534616,0,0.0005846285,0
LA_D_3552986,0,0.00043722874,0
LA_D_3628282,0,0.00014192643,0
LA_D_3650557,0,0.0043183994,0
LA_D_3670696,0,0.0010173804,0
LA_D_3683959,0,0.001583848,0
LA_D_3687549,0,0.00021711756,0
LA_D_3704583,0,0.000357818,0
LA_D_3759789,0,0.0004566462,0
LA_D_3768268,0,0.0031563956,0
LA_D_3776171,0,0.0022402497,0
LA_D_3811164,0,0.008011808,0
LA_D_3826562,0,0.00031471028,0
LA_D_3835819,0,0.00066787185,0
LA_D_3841462,0,0.001385146,0
LA_D_3844808,0,0.0033625462,0
LA_D_3863142,0,0.000606477,0
LA_D_3865687,0,0.0011279398,0
LA_D_3871675,0,0.00012535616,0
LA_D_3873590,0,0.0007799537,0
LA_D_3925646,0,0.0083566,0
LA_D_3973052,0,0.020532928,0
LA_D_4023359,0,0.0009029167,0
LA_D_4130087,0,0.004523892,0
LA_D_4182606,0,0.0005030895,0
LA_D_4204931,0,0.0011060844,0
LA_D_4250069,0,0.00028418747,0
LA_D_4276413,0,0.012542983,0
LA_D_4313851,0,0.0025968181,0
LA_D_4447429,0,0.018298496,0
LA_D_4449467,0,0.00234144,0
LA_D_4466009,0,0.04373639,0
LA_D_4506665,0,0.0013415606,0
LA_D_4515063,0,0.0008473231,0
LA_D_4557284,0,0.0027676497,0
LA_D_4577794,0,0.0006679902,0
LA_D_4596144,0,0.0002570851,0
LA_D_4625457,0,0.0010186456,0
LA_D_4665264,0,0.0011443743,0
LA_D_4711427,0,0.009205864,0
LA_D_4762149,0,0.00087852986,0
LA_D_4795544,0,0.82183135,1
LA_D_4795829,0,0.001804937,0
LA_D_4820980,0,0.0011028092,0
LA_D_4847920,0,0.00067062373,0
LA_D_4958482,0,0.0005298776,0
LA_D_4976290,0,0.004571158,0
LA_D_4993792,0,0.0049431073,0
LA_D_5044739,0,0.0008337188,0
LA_D_5088072,0,0.011955374,0
LA_D_5106717,0,0.0002990533,0
LA_D_5115800,0,0.002772659,0
LA_D_5159656,0,0.0013063374,0
LA_D_5187844,0,0.007555171,0
LA_D_5192357,0,0.00045880658,0
LA_D_5220582,0,0.0020360085,0
LA_D_5258498,0,0.003011861,0
LA_D_5274993,0,0.00036253512,0
LA_D_5286754,0,0.000566936,0
LA_D_5359152,0,0.0011787141,0
LA_D_5364420,0,0.0010284411,0
LA_D_5394850,0,0.00083824055,0
LA_D_5405782,0,0.00037366472,0
LA_D_5456641,0,0.17585635,0
LA_D_5470191,0,0.0006385704,0
LA_D_5484007,0,0.0009960704,0
LA_D_5487963,0,0.0003070078,0
LA_D_5497028,0,0.00030990236,0
LA_D_5525243,0,0.0031210987,0
LA_D_5541815,0,0.00070201047,0
LA_D_5563514,0,0.0020671447,0
LA_D_5579300,0,0.00033787295,0
LA_D_5594176,0,0.0023639572,0
LA_D_5637855,0,0.0011209997,0
LA_D_5661632,0,0.0010145501,0
LA_D_5683834,0,0.015907153,0
LA_D_5690814,0,0.00019878548,0
LA_D_5707076,0,0.0009875712,0
LA_D_5730035,0,0.0022413712,0
LA_D_5741467,0,0.005722854,0
LA_D_5783492,0,0.0022087807,0
LA_D_5790952,0,0.0010909464,0
LA_D_5824640,0,0.0006219679,0
LA_D_5833095,0,0.00045407368,0
LA_D_5842246,0,0.0016234879,0
LA_D_5893163,0,0.00032685025,0
LA_D_5897596,0,0.007630669,0
LA_D_5910213,0,0.082305074,0
LA_D_5955645,0,0.0004411774,0
LA_D_5955681,0,0.0020904934,0
LA_D_5983573,0,0.0011908704,0
LA_D_5996329,0,0.00073282694,0
LA_D_6035033,0,0.003259153,0
LA_D_6038987,0,0.00021214572,0
LA_D_6042592,0,0.0014156179,0
LA_D_6044584,0,0.004355255,0
LA_D_6052382,0,0.00014591363,0
LA_D_6065690,0,0.0006952377,0
LA_D_6092523,0,0.00060688984,0
LA_D_6106693,0,0.0067351637,0
LA_D_6140365,0,0.0004345008,0
LA_D_6153721,0,0.0054157153,0
LA_D_6173011,0,0.00032299306,0
LA_D_6180503,0,0.0067372057,0
LA_D_6223759,0,0.0019503651,0
LA_D_6255442,0,0.00031932688,0
LA_D_6276227,0,0.003083047,0
LA_D_6286913,0,0.07639469,0
LA_D_6317554,0,0.00026148933,0
LA_D_6333800,0,0.00074796024,0
LA_D_6341347,0,0.0010790197,0
LA_D_6376535,0,0.001965373,0
LA_D_6402345,0,0.0006469576,0
LA_D_6428763,0,0.00051573274,0
LA_D_6462653,0,0.00074600655,0
LA_D_6487128,0,0.0015498395,0
LA_D_6535961,0,0.00018555151,0
LA_D_6540277,0,0.019073267,0
LA_D_6543845,0,0.00036240707,0
LA_D_6560571,0,0.00012324852,0
LA_D_6584904,0,0.0006043294,0
LA_D_6608570,0,0.0001027476,0
LA_D_6643057,0,0.0015758481,0
LA_D_6676552,0,0.0014493839,0
LA_D_6689976,0,0.00215464,0
LA_D_6695955,0,0.0031438745,0
LA_D_6712262,0,0.00080730004,0
LA_D_6752801,0,0.0019446468,0
LA_D_6842358,0,0.00061658566,0
LA_D_6885473,0,0.80237347,1
LA_D_6914312,0,0.0011122825,0
LA_D_6918630,0,0.10634557,0
LA_D_6933618,0,0.011070929,0
LA_D_6986384,0,0.0011952549,0
LA_D_7006476,0,0.0048374212,0
LA_D_7015677,0,0.019157603,0
LA_D_7139973,0,0.00011970126,0
LA_D_7142423,0,0.10312174,0
LA_D_7146345,0,0.008608516,0
LA_D_7146876,0,0.002451985,0
LA_D_7150274,0,0.0003017635,0
LA_D_7166542,0,0.0010790423,0
LA_D_7179177,0,0.00010628516,0
LA_D_7206246,0,0.0021013482,0
LA_D_7210696,0,0.008282115,0
LA_D_7257803,0,0.009078566,0
LA_D_7270413,0,0.00040142878,0
LA_D_7283626,0,0.00039434736,0
LA_D_7295443,0,0.0008874463,0
LA_D_7312934,0,0.0053728814,0
LA_D_7320803,0,0.00062515633,0
LA_D_7321340,0,0.0023353125,0
LA_D_7321900,0,0.00076353824,0
LA_D_7342275,0,0.0023920974,0
LA_D_7370235,0,0.0004615878,0
LA_D_7382054,0,0.0016637056,0
LA_D_7387492,0,0.0094150165,0
LA_D_7389395,0,0.0015048025,0
LA_D_7395165,0,0.0010591212,0
LA_D_7425918,0,0.001418131,0
LA_D_7427432,0,0.18192393,0
LA_D_7431085,0,0.0009797935,0
LA_D_7437986,0,0.0003063602,0
LA_D_7453582,0,0.0006500222,0
LA_D_7454040,0,0.00045605717,0
LA_D_7459422,0,0.4466025,0
LA_D_7466876,0,0.00042337712,0
LA_D_7490963,0,0.057713896,0
LA_D_7506438,0,2.9130517e-05,0
LA_D_7543784,0,0.0009049786,0
LA_D_7556130,0,0.00048775386,0
LA_D_7557614,0,0.0026576535,0
LA_D_7576053,0,0.0010271507,0
LA_D_7588993,0,0.0006935354,0
LA_D_7642448,0,0.0013324178,0
LA_D_7705069,0,0.0011715234,0
LA_D_7712142,0,0.00027157608,0
LA_D_7715629,0,0.002804488,0
LA_D_7752651,0,0.00036126305,0
LA_D_7765425,0,0.020395031,0
LA_D_7768123,0,0.0021446939,0
LA_D_7773053,0,0.00018420369,0
LA_D_7784335,0,0.0049701342,0
LA_D_7815248,0,0.00022205252,0
LA_D_7845861,0,0.006910265,0
LA_D_7863036,0,0.0012271152,0
LA_D_7871377,0,0.005638758,0
LA_D_7879576,0,0.034700572,0
LA_D_7905799,0,0.027631637,0
LA_D_8023983,0,0.0006480971,0
LA_D_8037942,0,0.004348336,0
LA_D_8051196,0,0.0074040866,0
LA_D_8086972,0,0.0015890382,0
LA_D_8106140,0,0.002873066,0
LA_D_8116459,0,0.0017487586,0
LA_D_8122941,0,0.015807454,0
LA_D_8142988,0,0.00046927348,0
LA_D_8159363,0,0.0012513471,0
LA_D_8161487,0,0.017271906,0
LA_D_8193417,0,0.000869768,0
LA_D_8203380,0,0.002084587,0
LA_D_8248441,0,0.00028828825,0
LA_D_8287167,0,0.026978452,0
LA_D_8336154,0,0.013230638,0
LA_D_8348408,0,0.00012962378,0
LA_D_8350335,0,0.0013453843,0
LA_D_8383875,0,0.0010402476,0
LA_D_8387087,0,0.000832244,0
LA_D_8391659,0,0.00405249,0
LA_D_8424724,0,0.0021777858,0
LA_D_8467719,0,0.00030857715,0
LA_D_8481763,0,0.002199687,0
LA_D_8519344,0,0.000786789,0
LA_D_8564097,0,0.00033687492,0
LA_D_8568701,0,0.0046659242,0
LA_D_8575096,0,0.0042446717,0
LA_D_8592862,0,0.00047697988,0
LA_D_8619688,0,0.0008929763,0
LA_D_8631594,0,0.000371335,0
LA_D_8639249,0,0.06751079,0
LA_D_8723101,0,0.00048278488,0
LA_D_8746243,0,0.00084511127,0
LA_D_8750052,0,0.0029254546,0
LA_D_8751310,0,0.00060451723,0
LA_D_8751875,0,0.004992997,0
LA_D_8777414,0,0.00252541,0
LA_D_8792923,0,0.0022141028,0
LA_D_8795993,0,0.0006299513,0
LA_D_8803516,0,0.00044528674,0
LA_D_8804006,0,0.0026232605,0
LA_D_8809919,0,0.0055326954,0
LA_D_8819340,0,0.002309553,0
LA_D_8827587,0,0.0006396573,0
LA_D_8854421,0,0.098839864,0
LA_D_8859455,0,0.0012964876,0
LA_D_8860183,0,0.005071106,0
LA_D_8921775,0,0.01376863,0
LA_D_8943970,0,0.0009078334,0
LA_D_8954085,0,0.033384718,0
LA_D_8976204,0,0.003029848,0
LA_D_8979280,0,0.00046314253,0
LA_D_8988514,0,0.00035138667,0
LA_D_8999079,0,0.0001770209,0
LA_D_9001275,0,0.037372198,0
LA_D_9021806,0,0.00017788129,0
LA_D_9039099,0,0.0012414248,0
LA_D_9049651,0,0.0006389396,0
LA_D_9052609,0,0.00011606811,0
LA_D_9053251,0,0.0014393493,0
LA_D_9157281,0,0.0005739743,0
LA_D_9159354,0,0.00031526736,0
LA_D_9168266,0,0.0012280758,0
LA_D_9197506,0,0.0006389301,0
LA_D_9220126,0,0.00035300635,0
LA_D_9237242,0,4.8641654e-05,0
LA_D_9241080,0,0.013133892,0
LA_D_9268425,0,0.0016164621,0
LA_D_9316595,0,0.0003603538,0
LA_D_9318933,0,0.0012756834,0
LA_D_9335039,0,0.0006810575,0
LA_D_9432444,0,0.001687296,0
LA_D_9507541,0,0.00068013323,0
LA_D_9540548,0,0.0033925779,0
LA_D_9547696,0,0.0013446194,0
LA_D_9559541,0,0.0003574699,0
LA_D_9596844,0,0.001966637,0
LA_D_9601134,0,5.9062153e-05,0
LA_D_9607762,0,0.0034439547,0
LA_D_9615748,0,0.0026328156,0
LA_D_9616611,0,0.00093515584,0
LA_D_9628255,0,0.00024904654,0
LA_D_9672418,0,0.0062679006,0
LA_D_9691176,0,0.00270895,0
LA_D_9705410,0,0.00029228014,0
LA_D_9727400,0,0.0018239166,0
LA_D_9750614,0,0.0006668555,0
LA_D_9763527,0,0.00034299478,0
LA_D_9822555,0,0.00065601885,0
LA_D_9846233,0,0.0017759881,0
LA_D_9866012,0,0.0011519849,0
LA_D_9915922,0,0.00056839007,0
LA_D_9953820,0,0.00079828134,0
LA_D_9985949,0,0.0011856587,0
LA_D_9991459,0,0.0005012338,0
LA_D_1005971,0,0.00022176755,0
LA_D_1064567,0,0.0011571093,0
LA_D_1098691,0,0.000724758,0
LA_D_1109838,0,0.0010443741,0
LA_D_1115081,0,0.0054135914,0
LA_D_1148617,0,6.0086888e-05,0
LA_D_1180576,0,0.00058045564,0
LA_D_1219196,0,0.0001687985,0
LA_D_1228312,0,0.009251391,0
LA_D_1229666,0,0.0007678447,0
LA_D_1236629,0,0.0012955077,0
LA_D_1285621,0,0.00039932918,0
LA_D_1325891,0,0.05538391,0
LA_D_1348647,0,0.0002029407,0
LA_D_1364906,0,0.005367136,0
LA_D_1368126,0,0.00039756487,0
LA_D_1409986,0,0.00023350937,0
LA_D_1445186,0,0.002116936,0
LA_D_1462329,0,0.00460399,0
LA_D_1465281,0,0.049150206,0
LA_D_1549654,0,0.00026638262,0
LA_D_1583199,0,0.0050145984,0
LA_D_1632972,0,0.20178959,0
LA_D_1672323,0,0.016593715,0
LA_D_1685077,0,0.0011779604,0
LA_D_1762685,0,0.0011052471,0
LA_D_1774549,0,0.0022600966,0
LA_D_1865438,0,0.00080323854,0
LA_D_1867538,0,0.008549009,0
LA_D_1875162,0,0.0024888122,0
LA_D_1876350,0,0.0014763015,0
LA_D_1881239,0,0.0010044158,0
LA_D_1902183,0,0.0065078847,0
LA_D_1903412,0,0.0009116378,0
LA_D_1907658,0,0.29859683,0
LA_D_1965430,0,0.0034330348,0
LA_D_2022388,0,0.002278307,0
LA_D_2035917,0,0.0006659326,0
LA_D_2056632,0,0.025579188,0
LA_D_2075767,0,0.0016365937,0
LA_D_2077148,0,0.0021977017,0
LA_D_2091853,0,0.0019690287,0
LA_D_2093991,0,0.0009305687,0
LA_D_2151201,0,0.2659386,0
LA_D_2166390,0,0.0049011805,0
LA_D_2186197,0,0.011023324,0
LA_D_2219894,0,0.0004236977,0
LA_D_2280387,0,0.030863723,0
LA_D_2296391,0,0.047179956,0
LA_D_2307942,0,0.0036520858,0
LA_D_2334368,0,0.0006057688,0
LA_D_2354479,0,0.0023898615,0
LA_D_2357733,0,0.0036726207,0
LA_D_2372047,0,0.0004893209,0
LA_D_2387813,0,0.0021988826,0
LA_D_2401310,0,0.0002588022,0
LA_D_2401901,0,0.0026242302,0
LA_D_2404322,0,0.00012907689,0
LA_D_2425341,0,0.5785647,1
LA_D_2436830,0,0.0017261156,0
LA_D_2437525,0,0.00075849006,0
LA_D_2442363,0,0.054855548,0
LA_D_2474628,0,0.00043493015,0
LA_D_2478026,0,0.045874834,0
LA_D_2538088,0,0.0008027974,0
LA_D_2548430,0,0.031343866,0
LA_D_2552301,0,0.0010301671,0
LA_D_2602102,0,0.0006858445,0
LA_D_2619353,0,0.0012105793,0
LA_D_2631285,0,0.01248676,0
LA_D_2640007,0,0.0008890162,0
LA_D_2713960,0,0.10327302,0
LA_D_2774834,0,0.25511393,0
LA_D_2783478,0,0.00017747078,0
LA_D_2785422,0,0.0005968767,0
LA_D_2836005,0,0.00056405156,0
LA_D_2870594,0,0.0033177573,0
LA_D_2873916,0,0.00052390277,0
LA_D_2877185,0,0.00020126978,0
LA_D_2894007,0,0.014180229,0
LA_D_2894107,0,0.013511705,0
LA_D_2963155,0,0.000273337,0
LA_D_2997742,0,0.0030613788,0
LA_D_3012026,0,0.00046095246,0
LA_D_3033322,0,0.0008477911,0
LA_D_3036929,0,0.00015893795,0
LA_D_3095124,0,0.00080738665,0
LA_D_3101981,0,0.0032533216,0
LA_D_3109790,0,0.0005404856,0
LA_D_3129847,0,0.0046447464,0
LA_D_3130364,0,0.000114139584,0
LA_D_3175475,0,0.0030092557,0
LA_D_3225834,0,0.0005588218,0
LA_D_3273338,0,0.00032527483,0
LA_D_3305882,0,0.010574844,0
LA_D_3318751,0,0.00033431142,0
LA_D_3337171,0,0.0017764202,0
LA_D_3338495,0,0.0009933355,0
LA_D_3384545,0,0.00040469403,0
LA_D_3419580,0,0.0006119705,0
LA_D_3438868,0,0.0004978713,0
LA_D_3441350,0,0.00040687495,0
LA_D_3520505,0,0.00027565574,0
LA_D_3565551,0,0.0048828977,0
LA_D_3592942,0,0.008646303,0
LA_D_3594249,0,0.0033687826,0
LA_D_3597706,0,0.0033867834,0
LA_D_3620253,0,0.0016106748,0
LA_D_3647773,0,0.002408418,0
LA_D_3676943,0,0.0006796845,0
LA_D_3681471,0,0.051189397,0
LA_D_3693776,0,0.00045677635,0
LA_D_3726525,0,0.00020677883,0
LA_D_3737022,0,0.002553452,0
LA_D_3775284,0,0.0005782585,0
LA_D_3813007,0,0.18047053,0
LA_D_3813648,0,0.0048508965,0
LA_D_3869889,0,0.00066325755,0
LA_D_3884215,0,0.012750553,0
LA_D_3919520,0,0.00024716806,0
LA_D_3975705,0,0.0003398285,0
LA_D_4014359,0,0.0016918435,0
LA_D_4019955,0,0.00030939194,0
LA_D_4043719,0,0.0015099102,0
LA_D_4053028,0,0.0022503596,0
LA_D_4081799,0,0.0017228902,0
LA_D_4089047,0,0.0018003646,0
LA_D_4107575,0,0.3986394,0
LA_D_4169368,0,0.0015781064,0
LA_D_4190542,0,0.001784551,0
LA_D_4217323,0,0.004819566,0
LA_D_4219857,0,0.00024989355,0
LA_D_4226263,0,0.00071315,0
LA_D_4227742,0,0.0046765865,0
LA_D_4246402,0,0.0045439154,0
LA_D_4247580,0,0.00021976574,0
LA_D_4261031,0,0.008208015,0
LA_D_4283749,0,0.36210892,0
LA_D_4292655,0,0.0020698663,0
LA_D_4303813,0,0.0009615853,0
LA_D_4353571,0,0.0029140122,0
LA_D_4402563,0,0.00053583796,0
LA_D_4407394,0,0.0035754323,0
LA_D_4411408,0,0.00042389607,0
LA_D_4439782,0,0.00022579989,0
LA_D_4444384,0,0.001082043,0
LA_D_4482890,0,0.0146548515,0
LA_D_4511383,0,0.004421543,0
LA_D_4519434,0,0.004628949,0
LA_D_4519538,0,0.046603788,0
LA_D_4527834,0,0.0031003645,0
LA_D_4530203,0,0.0003046984,0
LA_D_4539097,0,0.007901511,0
LA_D_4543912,0,0.09213795,0
LA_D_4568249,0,0.0012569358,0
LA_D_4581618,0,0.00025313633,0
LA_D_4585543,0,0.00039682465,0
LA_D_4586547,0,0.00050789915,0
LA_D_4613959,0,0.002661291,0
LA_D_4627937,0,0.0019268686,0
LA_D_4659047,0,0.00021942762,0
LA_D_4665394,0,0.0003868105,0
LA_D_4697959,0,0.0053592757,0
LA_D_4702196,0,0.00019826737,0
LA_D_4711442,0,0.000120166966,0
LA_D_4732922,0,0.0017657687,0
LA_D_4740972,0,0.023444714,0
LA_D_4766940,0,0.01281868,0
LA_D_4787259,0,0.0010951036,0
LA_D_4798310,0,0.0058981264,0
LA_D_4803108,0,0.00015207581,0
LA_D_4813149,0,0.0010792881,0
LA_D_4823532,0,0.0018088795,0
LA_D_4835772,0,0.0067468104,0
LA_D_4859211,0,0.083037086,0
LA_D_4863235,0,0.0004945417,0
LA_D_4922420,0,0.11169922,0
LA_D_4946501,0,0.0005004322,0
LA_D_4956135,0,0.0005329136,0
LA_D_4958951,0,0.00048796248,0
LA_D_4998944,0,0.00048577794,0
LA_D_5026901,0,0.001176023,0
LA_D_5054064,0,0.00057020265,0
LA_D_5096512,0,5.8211503e-05,0
LA_D_5108618,0,0.0065960456,0
LA_D_5134311,0,0.0013776263,0
LA_D_5134762,0,0.024118004,0
LA_D_5140356,0,0.039799303,0
LA_D_5162779,0,0.00855954,0
LA_D_5183452,0,0.0023018904,0
LA_D_5192642,0,0.0008201935,0
LA_D_5219289,0,0.00049390574,0
LA_D_5247988,0,0.08986961,0
LA_D_5273781,0,0.0003261182,0
LA_D_5285164,0,0.0016019723,0
LA_D_5299808,0,5.1189265e-05,0
LA_D_5391398,0,0.0022653986,0
LA_D_5396370,0,0.00029393838,0
LA_D_5416366,0,0.00029036618,0
LA_D_5469757,0,0.0021418107,0
LA_D_5477639,0,0.11055594,0
LA_D_5501976,0,0.051522836,0
LA_D_5517878,0,0.00021821252,0
LA_D_5519274,0,0.0014954952,0
LA_D_5519605,0,0.015447902,0
LA_D_5520297,0,0.010570908,0
LA_D_5528569,0,0.0010524398,0
LA_D_5556761,0,0.0007496907,0
LA_D_5567205,0,0.00016180602,0
LA_D_5591138,0,0.004508341,0
LA_D_5631085,0,0.16395478,0
LA_D_5641754,0,0.00040454668,0
LA_D_5642901,0,0.00044377142,0
LA_D_5648503,0,0.046521705,0
LA_D_5718640,0,0.0040432108,0
LA_D_5761264,0,0.051440306,0
LA_D_5770428,0,0.00043122083,0
LA_D_5783301,0,0.00016726888,0
LA_D_5795995,0,0.41245276,0
LA_D_5803074,0,0.0014400649,0
LA_D_5883452,0,0.0027658856,0
LA_D_5911300,0,0.00042792934,0
LA_D_5919919,0,0.00034737543,0
LA_D_5928152,0,0.00031951017,0
LA_D_5934144,0,0.001940204,0
LA_D_5954031,0,0.006519963,0
LA_D_5954633,0,0.0039690356,0
LA_D_6020291,0,0.002908976,0
LA_D_6032328,0,0.0019227316,0
LA_D_6042706,0,0.0044938447,0
LA_D_6052512,0,0.00032015995,0
LA_D_6053701,0,0.00035811472,0
LA_D_6078693,0,0.07033361,0
LA_D_6094253,0,0.01429837,0
LA_D_6107904,0,0.00051341276,0
LA_D_6120899,0,0.0007063043,0
LA_D_6132797,0,0.0020041182,0
LA_D_6164285,0,0.012173749,0
LA_D_6170319,0,0.001925817,0
LA_D_6205147,0,0.0007684009,0
LA_D_6209809,0,8.98203e-05,0
LA_D_6230517,0,0.10250172,0
LA_D_6239035,0,0.0005102034,0
LA_D_6241740,0,0.003180247,0
LA_D_6244687,0,0.003032384,0
LA_D_6262242,0,0.0027437613,0
LA_D_6281338,0,0.00035383928,0
LA_D_6314838,0,0.0001547613,0
LA_D_6327264,0,0.03336457,0
LA_D_6329128,0,0.0014977732,0
LA_D_6345783,0,0.0013434163,0
LA_D_6359840,0,0.014122521,0
LA_D_6374602,0,0.00022632281,0
LA_D_6384143,0,0.19125827,0
LA_D_6427284,0,0.0020592373,0
LA_D_6430389,0,0.000727124,0
LA_D_6431333,0,0.0103627425,0
LA_D_6511144,0,0.00034304382,0
LA_D_6521158,0,0.00025362166,0
LA_D_6540182,0,0.0004709232,0
LA_D_6581422,0,0.00069750147,0
LA_D_6605246,0,0.0022473221,0
LA_D_6623821,0,0.007650676,0
LA_D_6649536,0,0.0013991878,0
LA_D_6653207,0,0.81084585,1
LA_D_6666731,0,0.014331169,0
LA_D_6671109,0,0.00087924674,0
LA_D_6671471,0,0.00011788232,0
LA_D_6675064,0,0.0011404902,0
LA_D_6787867,0,0.0071252226,0
LA_D_6806069,0,0.00041953733,0
LA_D_6847306,0,0.0110043455,0
LA_D_6853645,0,0.00038372196,0
LA_D_6855855,0,0.007324078,0
LA_D_6874834,0,0.002947489,0
LA_D_6912310,0,0.02962225,0
LA_D_6919952,0,0.00013096859,0
LA_D_6922069,0,0.005029113,0
LA_D_6930208,0,0.0005103007,0
LA_D_6975754,0,0.0018904831,0
LA_D_6977905,0,0.00023754715,0
LA_D_6983948,0,0.0012074026,0
LA_D_7034914,0,0.0055630305,0
LA_D_7049894,0,0.0005080352,0
LA_D_7064559,0,0.00024778908,0
LA_D_7076274,0,0.0042804778,0
LA_D_7083074,0,0.0002888225,0
LA_D_7091817,0,0.035902977,0
LA_D_7118043,0,0.00094565423,0
LA_D_7139714,0,0.00048488716,0
LA_D_7139945,0,0.0035095648,0
LA_D_7165851,0,0.00032877573,0
LA_D_7240985,0,0.0058770417,0
LA_D_7256447,0,0.00058214524,0
LA_D_7281378,0,0.18184464,0
LA_D_7291547,0,0.0068347217,0
LA_D_7314791,0,0.0067058485,0
LA_D_7321837,0,0.0015629402,0
LA_D_7350476,0,0.000386075,0
LA_D_7351646,0,0.009082102,0
LA_D_7361872,0,0.00043878885,0
LA_D_7367668,0,0.00041912298,0
LA_D_7371852,0,8.589026e-05,0
LA_D_7378787,0,0.003377774,0
LA_D_7400321,0,0.00100694,0
LA_D_7406573,0,0.0003724651,0
LA_D_7407416,0,0.00038803613,0
LA_D_7433691,0,0.00062473817,0
LA_D_7434468,0,0.0028244453,0
LA_D_7447967,0,0.0006088458,0
LA_D_7459811,0,0.00089562975,0
LA_D_7460919,0,0.12444278,0
LA_D_7478561,0,0.00066396943,0
LA_D_7495566,0,0.0006742516,0
LA_D_7499812,0,0.005180212,0
LA_D_7522283,0,0.00068136136,0
LA_D_7531198,0,0.0001412697,0
LA_D_7537934,0,0.00024836478,0
LA_D_7560414,0,0.049033776,0
LA_D_7592609,0,0.004743977,0
LA_D_7598549,0,0.0001704674,0
LA_D_7619376,0,0.026665088,0
LA_D_7630815,0,0.0007326252,0
LA_D_7632689,0,0.00027836888,0
LA_D_7642965,0,0.012858118,0
LA_D_7646656,0,0.0006468571,0
LA_D_7657874,0,0.0056924024,0
LA_D_7667811,0,0.00025697926,0
LA_D_7672499,0,0.0004168212,0
LA_D_7706480,0,0.0061657885,0
LA_D_7727828,0,0.0084552355,0
LA_D_7776880,0,3.7595302e-05,0
LA_D_7825911,0,0.0016103374,0
LA_D_7850177,0,0.0005875427,0
LA_D_7861399,0,0.00076272734,0
LA_D_7874319,0,0.00049093034,0
LA_D_7891722,0,0.00063037174,0
LA_D_7942916,0,0.00019855189,0
LA_D_8001311,0,0.052042954,0
LA_D_8001942,0,0.007915637,0
LA_D_8025432,0,0.03486257,0
LA_D_8027252,0,0.00017010792,0
LA_D_8093766,0,0.009405256,0
LA_D_8098886,0,0.0042653414,0
LA_D_8113458,0,0.0013784282,0
LA_D_8116868,0,0.0027985838,0
LA_D_8134921,0,0.0036882542,0
LA_D_8184803,0,0.004057356,0
LA_D_8198366,0,0.46333858,0
LA_D_8213401,0,0.014259946,0
LA_D_8215041,0,0.0027699368,0
LA_D_8240682,0,0.026731744,0
LA_D_8241720,0,0.0012209744,0
LA_D_8299554,0,0.0018585161,0
LA_D_8328201,0,0.0003408458,0
LA_D_8359738,0,0.00028703053,0
LA_D_8361424,0,0.0002522449,0
LA_D_8367667,0,0.001661863,0
LA_D_8432977,0,0.0046030963,0
LA_D_8447242,0,0.0007888614,0
LA_D_8461961,0,0.0015558071,0
LA_D_8466324,0,0.021547131,0
LA_D_8480951,0,0.0026026159,0
LA_D_8552659,0,0.02167671,0
LA_D_8570646,0,8.499702e-05,0
LA_D_8578833,0,0.0005166577,0
LA_D_8624362,0,0.008959667,0
LA_D_8666752,0,0.0003130802,0
LA_D_8714013,0,0.00045004865,0
LA_D_8752393,0,0.001533006,0
LA_D_8759565,0,0.004543113,0
LA_D_8777097,0,0.00059009483,0
LA_D_8825567,0,0.0011448611,0
LA_D_8887150,0,0.0016334669,0
LA_D_8902219,0,0.0004804344,0
LA_D_8902439,0,0.00018933936,0
LA_D_8947210,0,0.0010366406,0
LA_D_9000440,0,0.010522233,0
LA_D_9024467,0,0.0010663475,0
LA_D_9067050,0,0.0006582026,0
LA_D_9071605,0,0.00031796255,0
LA_D_9077451,0,0.001167052,0
LA_D_9083107,0,0.00060372835,0
LA_D_9117746,0,0.0062276996,0
LA_D_9147536,0,0.00024203707,0
LA_D_9212493,0,8.71043e-05,0
LA_D_9218380,0,0.0016045155,0
LA_D_9275226,0,0.9065705,1
LA_D_9290458,0,0.10322401,0
LA_D_9295746,0,0.006730253,0
LA_D_9301014,0,0.00065786997,0
LA_D_9310375,0,0.011510813,0
LA_D_9311449,0,0.0007037176,0
LA_D_9323586,0,0.00053718983,0
LA_D_9371038,0,0.0003685571,0
LA_D_9387876,0,0.00022413388,0
LA_D_9419552,0,0.001951509,0
LA_D_9463679,0,0.00015978496,0
LA_D_9478091,0,0.00038715653,0
LA_D_9512709,0,0.0049065556,0
LA_D_9525753,0,0.016632479,0
LA_D_9526501,0,0.0025306852,0
LA_D_9552306,0,0.0007376847,0
LA_D_9624961,0,0.004499065,0
LA_D_9628701,0,0.0010444376,0
LA_D_9636981,0,0.004842954,0
LA_D_9652357,0,0.0008523067,0
LA_D_9688627,0,0.0003660589,0
LA_D_9732033,0,0.0012880126,0
LA_D_9743014,0,0.002589542,0
LA_D_9819954,0,0.00018362657,0
LA_D_9840993,0,0.00050849206,0
LA_D_9937906,0,0.0001780705,0
LA_D_9990316,0,0.0004992723,0
LA_D_1050796,0,0.021031672,0
LA_D_1111959,0,0.9335199,1
LA_D_1126102,0,0.03602392,0
LA_D_1144419,0,0.64036256,1
LA_D_1151564,0,0.08770664,0
LA_D_1154251,0,0.813247,1
LA_D_1154657,0,0.0055407975,0
LA_D_1165410,0,0.10484947,0
LA_D_1188223,0,0.67289287,1
LA_D_1213444,0,0.019718386,0
LA_D_1227666,0,0.9706225,1
LA_D_1229959,0,0.23025756,0
LA_D_1291691,0,0.17267205,0
LA_D_1337747,0,0.70224875,1
LA_D_1360621,0,0.5386435,1
LA_D_1378407,0,0.018502545,0
LA_D_1382784,0,0.09807696,0
LA_D_1386001,0,0.9151797,1
LA_D_1415721,0,0.26957285,0
LA_D_1481062,0,0.09781603,0
LA_D_1594181,0,0.12932818,0
LA_D_1680317,0,0.1198635,0
LA_D_1704161,0,0.09696871,0
LA_D_1721570,0,0.06478292,0
LA_D_1738698,0,0.050373543,0
LA_D_1793742,0,0.4000671,0
LA_D_1830912,0,0.8197103,1
LA_D_1831042,0,0.22377522,0
LA_D_1851796,0,0.01294627,0
LA_D_1875217,0,0.022524294,0
LA_D_1910338,0,0.02851686,0
LA_D_1930325,0,0.9333308,1
LA_D_1951579,0,0.0548829,0
LA_D_1956837,0,0.12191514,0
LA_D_1976246,0,0.76050043,1
LA_D_2006468,0,0.026745068,0
LA_D_2035244,0,0.51194704,1
LA_D_2042803,0,0.72870314,1
LA_D_2044219,0,0.018073203,0
LA_D_2065189,0,0.22663018,0
LA_D_2071567,0,0.043334257,0
LA_D_2077053,0,0.018694451,0
LA_D_2100232,0,0.008555034,0
LA_D_2172608,0,0.7539025,1
LA_D_2175519,0,0.9671742,1
LA_D_2179848,0,0.48435813,0
LA_D_2247699,0,0.9980388,1
LA_D_2255226,0,0.27893844,0
LA_D_2287060,0,0.020185797,0
LA_D_2292607,0,0.8624089,1
LA_D_2342652,0,0.36435956,0
LA_D_2375441,0,0.4473388,0
LA_D_2387052,0,0.08966127,0
LA_D_2390491,0,0.02051546,0
LA_D_2397932,0,0.31138298,0
LA_D_2415268,0,0.83695924,1
LA_D_2430765,0,0.81408226,1
LA_D_2438768,0,0.011036015,0
LA_D_2458775,0,0.013678562,0
LA_D_2470542,0,0.9869778,1
LA_D_2473130,0,0.6296371,1
LA_D_2487000,0,0.0049144705,0
LA_D_2488694,0,0.17123103,0
LA_D_2490273,0,0.0059737978,0
LA_D_2579766,0,0.35433692,0
LA_D_2613151,0,0.5089467,1
LA_D_2638432,0,0.03655196,0
LA_D_2645266,0,0.0070665223,0
LA_D_2672793,0,0.21377508,0
LA_D_2712659,0,0.009818367,0
LA_D_2798127,0,0.59831053,1
LA_D_2799558,0,0.10649627,0
LA_D_2836357,0,0.7494509,1
LA_D_2844231,0,0.09173775,0
LA_D_2847562,0,0.0063907006,0
LA_D_2884001,0,0.1265918,0
LA_D_2886707,0,0.0052298163,0
LA_D_2896594,0,0.11882112,0
LA_D_2900636,0,0.91874593,1
LA_D_2917764,0,0.05468211,0
LA_D_2966362,0,0.4610416,0
LA_D_2998314,0,0.44699842,0
LA_D_2999129,0,0.01498197,0
LA_D_3021959,0,0.9660364,1
LA_D_3025692,0,0.688949,1
LA_D_3054281,0,0.00673867,0
LA_D_3061067,0,0.8432393,1
LA_D_3131198,0,0.41101778,0
LA_D_3136629,0,0.5239371,1
LA_D_3149236,0,0.015252953,0
LA_D_3159355,0,0.85981846,1
LA_D_3170107,0,0.97859025,1
LA_D_3175077,0,0.95981926,1
LA_D_3176307,0,0.49798256,0
LA_D_3187837,0,0.24054742,0
LA_D_3207787,0,0.5402043,1
LA_D_3221437,0,0.078456394,0
LA_D_3225878,0,0.00618993,0
LA_D_3251751,0,0.6425294,1
LA_D_3308419,0,0.54249835,1
LA_D_3329107,0,0.012628242,0
LA_D_3354392,0,0.3460225,0
LA_D_3355540,0,0.90693796,1
LA_D_3370467,0,0.07181242,0
LA_D_3393959,0,0.836612,1
LA_D_3394845,0,0.21462378,0
LA_D_3416807,0,0.03876206,0
LA_D_3424616,0,0.118680656,0
LA_D_3456944,0,0.07277732,0
LA_D_3611600,0,0.5945838,1
LA_D_3618116,0,0.010676741,0
LA_D_3713066,0,0.7748415,1
LA_D_3756417,0,0.12594695,0
LA_D_3758829,0,0.16307,0
LA_D_3770294,0,0.3012131,0
LA_D_3818267,0,0.34507695,0
LA_D_3881866,0,0.3315292,0
LA_D_3883334,0,0.07858936,0
LA_D_3887933,0,0.049680278,0
LA_D_3890266,0,0.36979124,0
LA_D_3906117,0,0.1477901,0
LA_D_3965135,0,0.3321538,0
LA_D_3978913,0,0.9417825,1
LA_D_3985223,0,0.04358856,0
LA_D_3993703,0,0.40935144,0
LA_D_3993966,0,0.13180047,0
LA_D_4031301,0,0.14510883,0
LA_D_4046660,0,0.12287994,0
LA_D_4053616,0,0.6299666,1
LA_D_4065907,0,0.9506202,1
LA_D_4084971,0,0.5378861,1
LA_D_4104923,0,0.929646,1
LA_D_4180411,0,0.9118644,1
LA_D_4197144,0,0.9098591,1
LA_D_4197573,0,0.93261665,1
LA_D_4206865,0,0.7916288,1
LA_D_4225547,0,0.33871704,0
LA_D_4229898,0,0.69705015,1
LA_D_4272224,0,0.01686288,0
LA_D_4275765,0,0.018645829,0
LA_D_4287537,0,0.09868089,0
LA_D_4298024,0,0.8242676,1
LA_D_4377800,0,0.9722982,1
LA_D_4387960,0,0.061702777,0
LA_D_4391297,0,0.75226206,1
LA_D_4400351,0,0.0075526466,0
LA_D_4455922,0,0.013473586,0
LA_D_4493978,0,0.05129426,0
LA_D_4496613,0,0.9733738,1
LA_D_4498755,0,0.7920102,1
LA_D_4531926,0,0.005596858,0
LA_D_4539895,0,0.19092336,0
LA_D_4589577,0,0.40739745,0
LA_D_4589909,0,0.027508799,0
LA_D_4622213,0,0.01417989,0
LA_D_4763816,0,0.040173594,0
LA_D_4776188,0,0.02326593,0
LA_D_4780389,0,0.20002377,0
LA_D_4784803,0,0.002592641,0
LA_D_4809153,0,0.7086999,1
LA_D_4811809,0,0.30151212,0
LA_D_4815971,0,0.21442,0
LA_D_4826746,0,0.021620236,0
LA_D_4879669,0,0.46035898,0
LA_D_4884678,0,0.80704135,1
LA_D_4900320,0,0.9400718,1
LA_D_4919400,0,0.84012336,1
LA_D_4996117,0,0.08131078,0
LA_D_5013977,0,0.121456414,0
LA_D_5041678,0,0.6508165,1
LA_D_5074718,0,0.0073051117,0
LA_D_5144218,0,0.63195807,1
LA_D_5158773,0,0.76781315,1
LA_D_5159304,0,0.0014334149,0
LA_D_5160239,0,0.4779058,0
LA_D_5161378,0,0.4681347,0
LA_D_5165861,0,0.40682524,0
LA_D_5166859,0,0.660354,1
LA_D_5184408,0,0.13511212,0
LA_D_5208164,0,0.88706356,1
LA_D_5212344,0,0.8814866,1
LA_D_5253678,0,0.76657975,1
LA_D_5279728,0,0.0044490723,0
LA_D_5295121,0,0.9012337,1
LA_D_5322522,0,0.1854809,0
LA_D_5359488,0,0.029907385,0
LA_D_5366271,0,0.11320945,0
LA_D_5385731,0,0.938817,1
LA_D_5396598,0,0.9000758,1
LA_D_5446340,0,0.8140009,1
LA_D_5501803,0,0.14736651,0
LA_D_5510967,0,0.09013645,0
LA_D_5513816,0,0.020153731,0
LA_D_5597846,0,0.10255001,0
LA_D_5617675,0,0.21635574,0
LA_D_5634358,0,0.24226102,0
LA_D_5688863,0,0.12655646,0
LA_D_5705098,0,0.92859626,1
LA_D_5712139,0,0.59937817,1
LA_D_5723178,0,0.025607888,0
LA_D_5739495,0,0.63334644,1
LA_D_5749584,0,0.36203378,0
LA_D_5778263,0,0.010851166,0
LA_D_5791213,0,0.20881154,0
LA_D_5849819,0,0.0544048,0
LA_D_5886733,0,0.017251078,0
LA_D_5896975,0,0.048491117,0
LA_D_5906042,0,0.006207143,0
LA_D_5957884,0,0.100686714,0
LA_D_5997013,0,0.008469572,0
LA_D_6016551,0,0.82840043,1
LA_D_6020551,0,0.00034876398,0
LA_D_6029806,0,0.010162681,0
LA_D_6038911,0,0.04705649,0
LA_D_6057039,0,0.49852866,0
LA_D_6068442,0,0.2449312,0
LA_D_6073404,0,0.1515798,0
LA_D_6094200,0,0.07365922,0
LA_D_6117485,0,0.74805623,1
LA_D_6128274,0,0.017339522,0
LA_D_6136829,0,0.012048874,0
LA_D_6153665,0,0.19462493,0
LA_D_6177274,0,0.08167879,0
LA_D_6182738,0,0.084647395,0
LA_D_6236487,0,0.29692495,0
LA_D_6249240,0,0.15413542,0
LA_D_6259209,0,0.08038756,0
LA_D_6272525,0,0.053817116,0
LA_D_6291620,0,0.32901758,0
LA_D_6311384,0,0.9211877,1
LA_D_6370899,0,0.081066474,0
LA_D_6375876,0,0.9328967,1
LA_D_6429416,0,0.022161463,0
LA_D_6434298,0,0.9322456,1
LA_D_6453451,0,0.91874427,1
LA_D_6457159,0,0.18898568,0
LA_D_6461979,0,0.5668211,1
LA_D_6468082,0,0.22459306,0
LA_D_6486693,0,0.6670671,1
LA_D_6490911,0,0.013042108,0
LA_D_6503952,0,0.2736175,0
LA_D_6530033,0,0.49612033,0
LA_D_6547184,0,0.35336876,0
LA_D_6592286,0,0.09646537,0
LA_D_6625336,0,0.100857906,0
LA_D_6636629,0,0.98294896,1
LA_D_6654649,0,0.12201607,0
LA_D_6663970,0,0.25403285,0
LA_D_6686979,0,0.13363065,0
LA_D_6688900,0,0.76264685,1
LA_D_6691656,0,0.29280898,0
LA_D_6720664,0,0.098891474,0
LA_D_6724389,0,0.94136566,1
LA_D_6729397,0,0.17280807,0
LA_D_6732739,0,0.7517716,1
LA_D_6739958,0,0.018668754,0
LA_D_6802709,0,0.9058099,1
LA_D_6872574,0,0.12439075,0
LA_D_6882049,0,0.06786577,0
LA_D_6882216,0,0.88675874,1
LA_D_6890535,0,0.15742366,0
LA_D_6933737,0,0.76156014,1
LA_D_6935848,0,0.2323349,0
LA_D_6938425,0,0.9870051,1
LA_D_6939048,0,0.6756355,1
LA_D_6941679,0,0.07592433,0
LA_D_6981951,0,0.014574152,0
LA_D_6988016,0,0.638023,1
LA_D_6988970,0,0.07117516,0
LA_D_7011716,0,0.004820284,0
LA_D_7020241,0,0.8490736,1
LA_D_7036425,0,0.08483235,0
LA_D_7038278,0,0.023719287,0
LA_D_7044565,0,0.87315464,1
LA_D_7129246,0,0.5957991,1
LA_D_7131053,0,0.9311594,1
LA_D_7131714,0,0.16199334,0
LA_D_7148082,0,0.8703865,1
LA_D_7168632,0,0.6028684,1
LA_D_7177218,0,0.004006362,0
LA_D_7197412,0,0.04195221,0
LA_D_7200498,0,0.9872284,1
LA_D_7247592,0,0.3738329,0
LA_D_7258776,0,0.12525538,0
LA_D_7275397,0,0.30515206,0
LA_D_7279989,0,0.49568757,0
LA_D_7280401,0,0.937207,1
LA_D_7281372,0,0.14646988,0
LA_D_7289456,0,0.11401442,0
LA_D_7306042,0,0.39245015,0
LA_D_7339792,0,0.70372784,1
LA_D_7343889,0,0.009005254,0
LA_D_7371794,0,0.73214686,1
LA_D_7388866,0,0.14782187,0
LA_D_7393671,0,0.028419845,0
LA_D_7415107,0,0.17160346,0
LA_D_7417496,0,0.18341541,0
LA_D_7419263,0,0.93453914,1
LA_D_7421330,0,0.9363294,1
LA_D_7422030,0,0.27107534,0
LA_D_7443140,0,0.46454147,0
LA_D_7445272,0,0.12186382,0
LA_D_7484326,0,0.10398757,0
LA_D_7521512,0,0.9664658,1
LA_D_7537476,0,0.41446406,0
LA_D_7544543,0,0.040187407,0
LA_D_7593562,0,0.29213697,0
LA_D_7688637,0,0.6777602,1
LA_D_7725830,0,0.39670795,0
LA_D_7730920,0,0.5820576,1
LA_D_7748480,0,0.8572527,1
LA_D_7792433,0,0.55237067,1
LA_D_7830811,0,0.25485966,0
LA_D_7874809,0,0.23061295,0
LA_D_7888567,0,0.7140945,1
LA_D_7919496,0,0.82615185,1
LA_D_7957185,0,0.0053513898,0
LA_D_7959946,0,0.33971575,0
LA_D_7999055,0,0.044445682,0
LA_D_8024735,0,0.82615113,1
LA_D_8024758,0,0.1027852,0
LA_D_8069958,0,0.21475902,0
LA_D_8081714,0,0.051851336,0
LA_D_8111410,0,0.8212438,1
LA_D_8120776,0,0.18511373,0
LA_D_8124666,0,0.2638888,0
LA_D_8139288,0,0.979419,1
LA_D_8150491,0,0.103079826,0
LA_D_8152472,0,0.040033996,0
LA_D_8161997,0,0.48320505,0
LA_D_8200654,0,0.99643135,1
LA_D_8213352,0,0.0043735136,0
LA_D_8326614,0,0.7044165,1
LA_D_8336163,0,0.008306849,0
LA_D_8352307,0,0.4815659,0
LA_D_8385680,0,0.1614524,0
LA_D_8414843,0,0.16154203,0
LA_D_8416552,0,0.17972653,0
LA_D_8421891,0,0.0036898823,0
LA_D_8422737,0,0.022383863,0
LA_D_8435340,0,0.0754313,0
LA_D_8438234,0,0.31806117,0
LA_D_8449330,0,0.71985906,1
LA_D_8454268,0,0.10002515,0
LA_D_8471869,0,0.1131899,0
LA_D_8486404,0,0.55132717,1
LA_D_8493432,0,0.49640906,0
LA_D_8505683,0,0.21678591,0
LA_D_8544457,0,0.022498518,0
LA_D_8557735,0,0.72706807,1
LA_D_8573242,0,0.57281995,1
LA_D_8573550,0,0.10007806,0
LA_D_8590450,0,0.24243921,0
LA_D_8626728,0,0.29175133,0
LA_D_8629305,0,0.5278588,1
LA_D_8655144,0,0.38555816,0
LA_D_8676735,0,0.1524453,0
LA_D_8677982,0,0.6727745,1
LA_D_8711459,0,0.65520644,1
LA_D_8724117,0,0.018054092,0
LA_D_8745012,0,0.4374867,0
LA_D_8752888,0,0.27706048,0
LA_D_8754373,0,0.1497572,0
LA_D_8768194,0,0.5211049,1
LA_D_8769496,0,0.43114033,0
LA_D_8797946,0,0.09530536,0
LA_D_8814160,0,0.0037239068,0
LA_D_8846179,0,0.67447555,1
LA_D_8850397,0,0.34482598,0
LA_D_8872966,0,0.018956823,0
LA_D_8892386,0,0.0030433526,0
LA_D_8943748,0,0.74132353,1
LA_D_8969774,0,0.16106553,0
LA_D_9010755,0,0.27790225,0
LA_D_9039359,0,0.5080915,1
LA_D_9101923,0,0.04585912,0
LA_D_9107422,0,0.5268313,1
LA_D_9177165,0,0.027620073,0
LA_D_9187242,0,0.03047192,0
LA_D_9211248,0,0.01970232,0
LA_D_9260195,0,0.48671308,0
LA_D_9281612,0,0.8690082,1
LA_D_9307829,0,0.9602015,1
LA_D_9355857,0,0.90774584,1
LA_D_9371188,0,0.0048045423,0
LA_D_9371232,0,0.005818641,0
LA_D_9386898,0,0.38508695,0
LA_D_9393261,0,0.8140152,1
LA_D_9397905,0,0.02149519,0
LA_D_9412336,0,0.8438431,1
LA_D_9455008,0,0.8376012,1
LA_D_9477430,0,0.3255504,0
LA_D_9515444,0,0.030866906,0
LA_D_9547911,0,0.45203677,0
LA_D_9553230,0,0.029932164,0
LA_D_9565989,0,0.07191963,0
LA_D_9661221,0,0.054521635,0
LA_D_9703394,0,0.7565026,1
LA_D_9740737,0,0.3755431,0
LA_D_9798493,0,0.014412751,0
LA_D_9801845,0,0.05257813,0
LA_D_9825350,0,0.028804362,0
LA_D_9832675,0,0.85179406,1
LA_D_9846021,0,0.006410563,0
LA_D_9851912,0,0.964093,1
LA_D_9866624,0,0.08314746,0
LA_D_9882641,0,0.023105165,0
LA_D_9884269,0,0.00992781,0
LA_D_9932869,0,0.009831332,0
LA_D_9945660,0,0.029228175,0
LA_D_9956149,0,0.5603771,1
LA_D_9958486,0,0.087204516,0
LA_D_9965392,0,0.03916423,0
LA_D_9995609,0,0.9106321,1
LA_D_1004678,0,0.4994689,0
LA_D_1011190,0,0.020141602,0
LA_D_1014671,0,0.0376492,0
LA_D_1056780,0,0.66779786,1
LA_D_1105502,0,0.09358045,0
LA_D_1106685,0,0.023311524,0
LA_D_1118728,0,0.011284467,0
LA_D_1152867,0,0.04874446,0
LA_D_1156748,0,0.8233488,1
LA_D_1207441,0,0.00068720384,0
LA_D_1207924,0,0.0087734675,0
LA_D_1234846,0,0.81797016,1
LA_D_1301926,0,0.019949084,0
LA_D_1319176,0,0.08758451,0
LA_D_1383506,0,0.9719215,1
LA_D_1411177,0,0.67757344,1
LA_D_1416047,0,0.039593764,0
LA_D_1425460,0,0.3255463,0
LA_D_1482414,0,0.053535387,0
LA_D_1518970,0,0.6539344,1
LA_D_1554528,0,0.224787,0
LA_D_1604308,0,0.046046227,0
LA_D_1605983,0,0.90070164,1
LA_D_1667983,0,0.026112426,0
LA_D_1681557,0,0.06994452,0
LA_D_1690641,0,0.009507484,0
LA_D_1717208,0,0.19314066,0
LA_D_1718297,0,0.8826417,1
LA_D_1728539,0,0.008478305,0
LA_D_1736170,0,0.030813165,0
LA_D_1764449,0,0.07716874,0
LA_D_1769296,0,0.61868465,1
LA_D_1803448,0,0.60845906,1
LA_D_1894626,0,0.0015174146,0
LA_D_1901394,0,0.9826058,1
LA_D_1922501,0,0.41418058,0
LA_D_1932129,0,0.009211633,0
LA_D_1940772,0,0.037283115,0
LA_D_2012886,0,0.1575277,0
LA_D_2039361,0,0.19004287,0
LA_D_2041530,0,0.21058892,0
LA_D_2055853,0,0.96267575,1
LA_D_2088042,0,0.7330403,1
LA_D_2102445,0,0.017829958,0
LA_D_2109741,0,0.28534627,0
LA_D_2121128,0,0.015609249,0
LA_D_2177394,0,0.19962882,0
LA_D_2218486,0,0.0014338729,0
LA_D_2219851,0,0.38676178,0
LA_D_2220548,0,0.6068898,1
LA_D_2256901,0,0.016965704,0
LA_D_2266995,0,0.17295319,0
LA_D_2304090,0,0.011322558,0
LA_D_2323632,0,0.013883244,0
LA_D_2333697,0,0.027565803,0
LA_D_2349350,0,0.30091104,0
LA_D_2359886,0,0.11494375,0
LA_D_2369254,0,0.0631902,0
LA_D_2422407,0,0.08519071,0
LA_D_2439087,0,0.02243712,0
LA_D_2480205,0,0.011038331,0
LA_D_2483630,0,0.0064448104,0
LA_D_2523389,0,0.026708327,0
LA_D_2526078,0,0.029194329,0
LA_D_2631213,0,0.34942657,0
LA_D_2631374,0,0.3447014,0
LA_D_2636006,0,0.013824276,0
LA_D_2659549,0,0.50209326,1
LA_D_2663010,0,0.004728753,0
LA_D_2692089,0,0.009241779,0
LA_D_2718826,0,0.058640298,0
LA_D_2739527,0,0.06136871,0
LA_D_2775660,0,0.018099792,0
LA_D_2789615,0,0.001738088,0
LA_D_2792636,0,0.44722894,0
LA_D_2847063,0,0.0592645,0
LA_D_2872375,0,0.0052378774,0
LA_D_2912164,0,0.17479172,0
LA_D_3018508,0,0.16200282,0
LA_D_3053810,0,0.011096989,0
LA_D_3072931,0,0.027062,0
LA_D_3105367,0,0.0104974685,0
LA_D_3111530,0,0.24607442,0
LA_D_3150766,0,0.028079018,0
LA_D_3152935,0,0.033180352,0
LA_D_3165811,0,0.001512898,0
LA_D_3179444,0,0.025003659,0
LA_D_3190273,0,0.8944132,1
LA_D_3200479,0,0.64761674,1
LA_D_3252875,0,0.01816745,0
LA_D_3324013,0,0.02946135,0
LA_D_3361173,0,0.016109759,0
LA_D_3408645,0,0.073770486,0
LA_D_3427528,0,0.26661038,0
LA_D_3488221,0,0.16544752,0
LA_D_3504387,0,0.81018,1
LA_D_3574339,0,0.0065156063,0
LA_D_3593296,0,0.73448414,1
LA_D_3595774,0,0.052198492,0
LA_D_3597570,0,0.026268043,0
LA_D_3706722,0,0.004698579,0
LA_D_3756928,0,0.008005417,0
LA_D_3810637,0,0.15356003,0
LA_D_3889704,0,0.0065763034,0
LA_D_3923572,0,0.77707416,1
LA_D_3979451,0,0.031352613,0
LA_D_4049151,0,0.015518539,0
LA_D_4070821,0,0.9875681,1
LA_D_4175580,0,0.01898761,0
LA_D_4192869,0,0.01057461,0
LA_D_4232324,0,0.021349186,0
LA_D_4248561,0,0.14957316,0
LA_D_4269380,0,0.021636581,0
LA_D_4273910,0,0.056521963,0
LA_D_4294810,0,0.061739642,0
LA_D_4308789,0,0.022106644,0
LA_D_4371236,0,0.3142932,0
LA_D_4422044,0,0.14547792,0
LA_D_4470112,0,0.49151006,0
LA_D_4545230,0,0.28128693,0
LA_D_4574130,0,0.0382767,0
LA_D_4611216,0,0.124452084,0
LA_D_4648091,0,0.017126856,0
LA_D_4663964,0,0.5109035,1
LA_D_4675984,0,0.0032781276,0
LA_D_4710338,0,0.023517419,0
LA_D_4844408,0,0.6943952,1
LA_D_4914857,0,0.0009782382,0
LA_D_4947867,0,0.0044000796,0
LA_D_4976077,0,0.017955925,0
LA_D_5064217,0,0.093836576,0
LA_D_5156414,0,0.0016887158,0
LA_D_5161376,0,0.012119925,0
LA_D_5166740,0,0.17550206,0
LA_D_5209470,0,0.36410585,0
LA_D_5219547,0,0.010962709,0
LA_D_5239597,0,0.031833343,0
LA_D_5242716,0,0.011306817,0
LA_D_5251886,0,0.04620744,0
LA_D_5292440,0,0.13300508,0
LA_D_5324750,0,0.035805933,0
LA_D_5350853,0,0.027468387,0
LA_D_5392659,0,0.015212705,0
LA_D_5393733,0,0.013078426,0
LA_D_5439291,0,0.00035356596,0
LA_D_5524022,0,0.32562974,0
LA_D_5589474,0,0.0027941721,0
LA_D_5631993,0,0.07216707,0
LA_D_5644097,0,0.009940726,0
LA_D_5695457,0,0.00996056,0
LA_D_5764382,0,0.18413007,0
LA_D_5783375,0,0.752325,1
LA_D_5817000,0,0.26967475,0
LA_D_5828086,0,0.9095985,1
LA_D_5856334,0,0.8682123,1
LA_D_5857300,0,0.24648122,0
LA_D_5992094,0,0.77190113,1
LA_D_6153225,0,0.016219756,0
LA_D_6164661,0,0.4805214,0
LA_D_6203032,0,0.015989216,0
LA_D_6216205,0,0.59918976,1
LA_D_6273791,0,0.042593468,0
LA_D_6273909,0,0.0031435455,0
LA_D_6332547,0,0.015682224,0
LA_D_6430849,0,0.43894896,0
LA_D_6460397,0,0.009125715,0
LA_D_6478892,0,0.42468008,0
LA_D_6496687,0,0.39320102,0
LA_D_6496692,0,0.09810197,0
LA_D_6511794,0,0.17458737,0
LA_D_6512613,0,0.016932439,0
LA_D_6532842,0,0.010871945,0
LA_D_6599468,0,0.029283317,0
LA_D_6615388,0,0.0025484434,0
LA_D_6635393,0,0.005587429,0
LA_D_6639608,0,0.0042723054,0
LA_D_6649438,0,0.078591675,0
LA_D_6681423,0,0.9837832,1
LA_D_6684400,0,0.0020963736,0
LA_D_6689440,0,0.74611235,1
LA_D_6693764,0,0.21886905,0
LA_D_6731807,0,0.043272328,0
LA_D_6740073,0,0.020916173,0
LA_D_6789595,0,0.27731293,0
LA_D_6801556,0,0.010161587,0
LA_D_6847296,0,0.014329613,0
LA_D_6887115,0,0.020049606,0
LA_D_6892015,0,0.22430503,0
LA_D_6899016,0,0.01635923,0
LA_D_6903910,0,0.019576242,0
LA_D_6916273,0,0.009364693,0
LA_D_6917691,0,0.035067413,0
LA_D_6938612,0,0.13850452,0
LA_D_6952998,0,0.6084342,1
LA_D_6958661,0,0.00645088,0
LA_D_6989421,0,0.044504832,0
LA_D_6990995,0,0.048210923,0
LA_D_7005694,0,0.010875755,0
LA_D_7015639,0,0.25877914,0
LA_D_7040854,0,0.06582229,0
LA_D_7066069,0,0.050294545,0
LA_D_7101526,0,0.0052142106,0
LA_D_7104296,0,0.009174055,0
LA_D_7149543,0,0.35961056,0
LA_D_7164855,0,0.003439465,0
LA_D_7169514,0,0.01303358,0
LA_D_7193153,0,0.033098094,0
LA_D_7249788,0,0.06037373,0
LA_D_7292718,0,0.031281054,0
LA_D_7349144,0,0.008928853,0
LA_D_7363730,0,0.029349877,0
LA_D_7387761,0,0.002691627,0
LA_D_7455203,0,0.50100434,1
LA_D_7484699,0,0.014981245,0
LA_D_7556575,0,0.9948583,1
LA_D_7557748,0,0.12497637,0
LA_D_7562670,0,0.79571235,1
LA_D_7578994,0,0.011612629,0
LA_D_7597684,0,0.095481984,0
LA_D_7616084,0,0.0074895686,0
LA_D_7623847,0,0.90682656,1
LA_D_7742207,0,0.45828113,0
LA_D_7764878,0,0.051385984,0
LA_D_7793499,0,0.039813977,0
LA_D_7794484,0,0.032757998,0
LA_D_7815461,0,0.0060586045,0
LA_D_7839449,0,0.0037927057,0
LA_D_7898389,0,0.035633463,0
LA_D_7938579,0,0.00898965,0
LA_D_8045509,0,0.7390006,1
LA_D_8060997,0,0.014584052,0
LA_D_8111862,0,0.014163448,0
LA_D_8140953,0,0.062423583,0
LA_D_8149275,0,0.69898874,1
LA_D_8184815,0,0.050375313,0
LA_D_8235279,0,0.063327104,0
LA_D_8259132,0,0.010713581,0
LA_D_8301864,0,0.15060206,0
LA_D_8310109,0,0.0052132886,0
LA_D_8312505,0,0.6682215,1
LA_D_8313341,0,0.11933997,0
LA_D_8336809,0,0.0030728155,0
LA_D_8363354,0,0.010802367,0
LA_D_8370436,0,0.007479774,0
LA_D_8404777,0,0.542681,1
LA_D_8409734,0,0.5034328,1
LA_D_8419000,0,0.012561814,0
LA_D_8507364,0,0.018393429,0
LA_D_8510876,0,0.07005576,0
LA_D_8519685,0,0.01979477,0
LA_D_8524584,0,0.055455066,0
LA_D_8540960,0,0.85084313,1
LA_D_8547114,0,0.9462128,1
LA_D_8583389,0,0.22117746,0
LA_D_8584942,0,0.26814398,0
LA_D_8609682,0,0.08725703,0
LA_D_8609922,0,0.8775493,1
LA_D_8637167,0,0.37560412,0
LA_D_8660957,0,0.4739152,0
LA_D_8705560,0,0.9931479,1
LA_D_8720499,0,0.3504547,0
LA_D_8769243,0,0.0051056594,0
LA_D_8796007,0,0.0021493032,0
LA_D_8880560,0,0.004303378,0
LA_D_8933858,0,0.077800035,0
LA_D_8964930,0,0.40601793,0
LA_D_8980113,0,0.0029024247,0
LA_D_8981643,0,0.43521973,0
LA_D_8981934,0,0.015666766,0
LA_D_8986439,0,0.12434095,0
LA_D_9001165,0,0.24153034,0
LA_D_9038026,0,0.06090872,0
LA_D_9078449,0,0.79684585,1
LA_D_9109600,0,0.009375821,0
LA_D_9111623,0,0.018084744,0
LA_D_9117237,0,0.1226651,0
LA_D_9124462,0,0.079752296,0
LA_D_9137639,0,0.09319976,0
LA_D_9147682,0,0.28033346,0
LA_D_9186626,0,0.11930183,0
LA_D_9201402,0,0.026497269,0
LA_D_9243048,0,0.0066790506,0
LA_D_9272270,0,0.018557973,0
LA_D_9282770,0,0.3357727,0
LA_D_9308342,0,0.008503669,0
LA_D_9315565,0,0.084324926,0
LA_D_9317094,0,0.035176877,0
LA_D_9324727,0,0.0059958464,0
LA_D_9329043,0,0.010321453,0
LA_D_9444904,0,0.006593581,0
LA_D_9499686,0,0.022277856,0
LA_D_9510384,0,0.9364498,1
LA_D_9550483,0,0.0064095184,0
LA_D_9573862,0,0.068880595,0
LA_D_9651635,0,0.0373561,0
LA_D_9678692,0,0.0030762062,0
LA_D_9747996,0,0.23966861,0
LA_D_9781660,0,0.001480563,0
LA_D_9783835,0,0.06464329,0
LA_D_9847755,0,0.017412005,0
LA_D_9871206,0,0.1327134,0
LA_D_9879515,0,0.14841738,0
LA_D_9880460,0,0.86128324,1
LA_D_9924384,0,0.012946356,0
LA_D_9948420,0,0.7904469,1
LA_D_9948672,0,0.29410353,0
LA_D_9973073,0,0.0022974124,0
LA_D_9974010,0,0.0053909863,0
LA_D_1118794,0,0.009541979,0
LA_D_1131563,0,0.0008794538,0
LA_D_1167437,0,0.04520395,0
LA_D_1203854,0,0.00070455304,0
LA_D_1208604,0,0.056344494,0
LA_D_1211631,0,0.005828635,0
LA_D_1212670,0,0.017287122,0
LA_D_1232279,0,0.015364043,0
LA_D_1235148,0,0.0045900103,0
LA_D_1287658,0,0.018118026,0
LA_D_1351703,0,0.005222855,0
LA_D_1396790,0,0.0019362284,0
LA_D_1454984,0,0.07293652,0
LA_D_1467819,0,0.0018502524,0
LA_D_1478351,0,0.009148371,0
LA_D_1512979,0,0.0051818653,0
LA_D_1527493,0,0.017999372,0
LA_D_1539250,0,0.024288286,0
LA_D_1557737,0,0.03925851,0
LA_D_1623705,0,0.0033905373,0
LA_D_1637491,0,0.006898592,0
LA_D_1639348,0,0.000770477,0
LA_D_1702942,0,0.009719647,0
LA_D_1713212,0,0.005895088,0
LA_D_1788098,0,0.5807257,1
LA_D_1798881,0,0.0012516279,0
LA_D_1823585,0,0.0010550211,0
LA_D_1874557,0,0.008499497,0
LA_D_1904999,0,0.00023506141,0
LA_D_1909993,0,0.0071763964,0
LA_D_1957667,0,0.014019714,0
LA_D_1975835,0,0.005923666,0
LA_D_2002669,0,0.005810853,0
LA_D_2007901,0,0.0023839332,0
LA_D_2010593,0,0.008178282,0
LA_D_2020535,0,0.0006742956,0
LA_D_2097045,0,0.0051975152,0
LA_D_2136896,0,0.005456088,0
LA_D_2152100,0,0.0066241445,0
LA_D_2205300,0,0.0025471032,0
LA_D_2254857,0,0.042470872,0
LA_D_2278407,0,0.22899872,0
LA_D_2298020,0,0.004182844,0
LA_D_2298155,0,0.010773057,0
LA_D_2392484,0,0.019039026,0
LA_D_2408504,0,0.06164507,0
LA_D_2409304,0,0.001205813,0
LA_D_2412446,0,0.00892517,0
LA_D_2462449,0,0.009868346,0
LA_D_2504438,0,0.022105135,0
LA_D_2546184,0,0.006402365,0
LA_D_2563154,0,0.011809086,0
LA_D_2576822,0,0.002467599,0
LA_D_2601154,0,0.14396209,0
LA_D_2630786,0,0.0063715144,0
LA_D_2658832,0,0.013643482,0
LA_D_2710906,0,0.013218218,0
LA_D_2720782,0,0.0071495962,0
LA_D_2761640,0,0.590794,1
LA_D_2763276,0,0.0023921984,0
LA_D_2824952,0,0.0005129342,0
LA_D_2844602,0,0.21861444,0
LA_D_2915405,0,0.8139875,1
LA_D_2956552,0,0.0053460137,0
LA_D_2985329,0,0.0023639156,0
LA_D_3051998,0,0.0028811356,0
LA_D_3068570,0,0.009842864,0
LA_D_3090097,0,0.21175523,0
LA_D_3094853,0,0.014735187,0
LA_D_3136384,0,0.0030921486,0
LA_D_3162441,0,0.010223095,0
LA_D_3179260,0,0.06679232,0
LA_D_3199741,0,0.07280095,0
LA_D_3260640,0,0.0027205234,0
LA_D_3266553,0,0.01724062,0
LA_D_3341294,0,0.0016625538,0
LA_D_3357328,0,0.77821606,1
LA_D_3402273,0,0.0012178568,0
LA_D_3484658,0,0.0064900834,0
LA_D_3551244,0,0.0059058005,0
LA_D_3630490,0,0.011171755,0
LA_D_3662303,0,0.003085987,0
LA_D_3671184,0,0.009676959,0
LA_D_3681485,0,0.0044812444,0
LA_D_3778535,0,0.004641489,0
LA_D_3795570,0,0.018149545,0
LA_D_3867494,0,0.054701082,0
LA_D_3970121,0,0.0011066536,0
LA_D_4045695,0,0.0036874183,0
LA_D_4058547,0,0.32676876,0
LA_D_4062752,0,0.09043893,0
LA_D_4075366,0,0.0005097837,0
LA_D_4089906,0,0.001508407,0
LA_D_4091974,0,0.0022485016,0
LA_D_4128580,0,0.0070323595,0
LA_D_4140612,0,0.01902075,0
LA_D_4158867,0,0.009457887,0
LA_D_4164660,0,0.0023534398,0
LA_D_4189888,0,0.003206518,0
LA_D_4200118,0,0.10156699,0
LA_D_4203887,0,0.2662045,0
LA_D_4260004,0,0.009167184,0
LA_D_4265472,0,0.007244476,0
LA_D_4279179,0,0.000774538,0
LA_D_4311841,0,0.95475703,1
LA_D_4347397,0,0.0011350316,0
LA_D_4385188,0,0.004605662,0
LA_D_4399466,0,0.0010852095,0
LA_D_4427641,0,0.002329793,0
LA_D_4448977,0,0.050098892,0
LA_D_4450404,0,0.012927809,0
LA_D_4460089,0,0.0026732094,0
LA_D_4481672,0,0.03083969,0
LA_D_4533373,0,0.5456739,1
LA_D_4538385,0,0.0020861756,0
LA_D_4654776,0,0.00199842,0
LA_D_4674363,0,0.0044782544,0
LA_D_4702125,0,0.0024657124,0
LA_D_4720755,0,0.0018818913,0
LA_D_4788201,0,0.016069878,0
LA_D_4816070,0,0.017645497,0
LA_D_4825555,0,0.0039500417,0
LA_D_4869707,0,0.008665252,0
LA_D_4919707,0,0.012281354,0
LA_D_4920544,0,0.011887994,0
LA_D_4921369,0,0.0029896307,0
LA_D_4929561,0,0.00515908,0
LA_D_4947156,0,0.0021820872,0
LA_D_4960326,0,0.008784945,0
LA_D_5034203,0,0.2186345,0
LA_D_5050513,0,0.003837745,0
LA_D_5063604,0,0.10974941,0
LA_D_5167363,0,0.002219358,0
LA_D_5196563,0,0.0035669107,0
LA_D_5276746,0,0.001989279,0
LA_D_5285039,0,0.0703838,0
LA_D_5294929,0,0.004909686,0
LA_D_5301172,0,0.0039359415,0
LA_D_5304792,0,0.013462157,0
LA_D_5314825,0,0.014210986,0
LA_D_5332565,0,0.0002460282,0
LA_D_5343352,0,0.0059422944,0
LA_D_5407463,0,0.00057920587,0
LA_D_5445370,0,0.0049978904,0
LA_D_5454408,0,0.0020135583,0
LA_D_5519117,0,0.0023849169,0
LA_D_5597072,0,0.056483373,0
LA_D_5605656,0,0.006645121,0
LA_D_5613224,0,0.5497139,1
LA_D_5614406,0,0.700205,1
LA_D_5631357,0,0.00040118588,0
LA_D_5637928,0,0.009868499,0
LA_D_5656124,0,0.0014144718,0
LA_D_5695559,0,0.0012635468,0
LA_D_5721193,0,0.0009554333,0
LA_D_5800550,0,0.0035533262,0
LA_D_5840187,0,0.01415214,0
LA_D_5866255,0,0.003798607,0
LA_D_5891155,0,0.005332726,0
LA_D_5913608,0,0.0068491045,0
LA_D_5926059,0,0.0010114628,0
LA_D_5997151,0,0.034774024,0
LA_D_6049791,0,0.0019207104,0
LA_D_6060780,0,0.004294296,0
LA_D_6097465,0,0.027015755,0
LA_D_6146856,0,0.0015356241,0
LA_D_6176750,0,0.0018496634,0
LA_D_6188881,0,0.90361834,1
LA_D_6196078,0,0.29070693,0
LA_D_6293245,0,0.0030112122,0
LA_D_6320996,0,0.0010985663,0
LA_D_6328554,0,0.020058349,0
LA_D_6368871,0,0.009643785,0
LA_D_6434711,0,0.04960144,0
LA_D_6445884,0,0.0044032913,0
LA_D_6509120,0,0.0013262558,0
LA_D_6551202,0,0.55611783,1
LA_D_6563482,0,0.03481757,0
LA_D_6568047,0,0.01500681,0
LA_D_6587165,0,0.0039573917,0
LA_D_6591249,0,0.0010696006,0
LA_D_6593008,0,0.03617504,0
LA_D_6616471,0,0.0007836766,0
LA_D_6621246,0,0.0082817115,0
LA_D_6688232,0,0.00300096,0
LA_D_6740610,0,0.642647,1
LA_D_6742117,0,0.0048991204,0
LA_D_6743141,0,0.0026813578,0
LA_D_6744596,0,0.00075775204,0
LA_D_6781568,0,0.006016905,0
LA_D_6785127,0,0.017704327,0
LA_D_6806656,0,0.0046008728,0
LA_D_6832377,0,0.07834617,0
LA_D_6837499,0,0.0074328287,0
LA_D_6914532,0,0.00089395436,0
LA_D_6928296,0,0.003308219,0
LA_D_6942448,0,0.0014513457,0
LA_D_6966164,0,0.0067031546,0
LA_D_7051341,0,0.0011288507,0
LA_D_7057633,0,0.0018923761,0
LA_D_7091662,0,0.015532854,0
LA_D_7092291,0,0.007908604,0
LA_D_7119606,0,0.0026574463,0
LA_D_7130454,0,0.003162583,0
LA_D_7139438,0,0.062019143,0
LA_D_7141763,0,0.0029685474,0
LA_D_7151621,0,0.0017420432,0
LA_D_7170607,0,0.0066787465,0
LA_D_7219660,0,0.00048702123,0
LA_D_7263401,0,0.002210134,0
LA_D_7273712,0,0.03742631,0
LA_D_7373443,0,0.014992318,0
LA_D_7390522,0,0.0015984997,0
LA_D_7445146,0,0.003033751,0
LA_D_7456275,0,0.0059833582,0
LA_D_7472227,0,0.01923798,0
LA_D_7520496,0,0.16980597,0
LA_D_7522278,0,0.0053945673,0
LA_D_7551589,0,0.00618183,0
LA_D_7552379,0,0.0014993278,0
LA_D_7555845,0,0.0040012053,0
LA_D_7559932,0,0.01908739,0
LA_D_7601827,0,0.0061990973,0
LA_D_7621816,0,0.012201728,0
LA_D_7644378,0,0.25701413,0
LA_D_7670870,0,0.010817041,0
LA_D_7675126,0,0.012779415,0
LA_D_7690918,0,0.004005685,0
LA_D_7712763,0,0.0025643834,0
LA_D_7742306,0,0.0021707667,0
LA_D_7748254,0,0.008503565,0
LA_D_7752556,0,0.0016593687,0
LA_D_7766576,0,0.046167076,0
LA_D_7773434,0,0.005916395,0
LA_D_7812846,0,0.0010814422,0
LA_D_7815618,0,0.008142131,0
LA_D_7870469,0,0.0056330315,0
LA_D_7907871,0,0.0034903882,0
LA_D_7922506,0,0.061389867,0
LA_D_7925481,0,0.09912699,0
LA_D_7952081,0,0.0040187277,0
LA_D_7971494,0,0.0045036613,0
LA_D_7972252,0,0.5107028,1
LA_D_7977077,0,0.0016181484,0
LA_D_7984768,0,0.010564301,0
LA_D_7996201,0,0.0017688535,0
LA_D_8008375,0,0.66071475,1
LA_D_8019379,0,0.0014213868,0
LA_D_8121898,0,0.0014511482,0
LA_D_8156558,0,0.017964032,0
LA_D_8198807,0,0.40588823,0
LA_D_8222801,0,0.0055961683,0
LA_D_8279014,0,0.001190376,0
LA_D_8297660,0,0.0023506102,0
LA_D_8315403,0,0.0008813021,0
LA_D_8321387,0,0.0034568266,0
LA_D_8328368,0,0.0009562356,0
LA_D_8388061,0,0.007493185,0
LA_D_8391101,0,0.004837107,0
LA_D_8417277,0,0.0018045659,0
LA_D_8442443,0,0.059938062,0
LA_D_8457237,0,0.0025205682,0
LA_D_8461185,0,0.0018575841,0
LA_D_8486455,0,0.011660768,0
LA_D_8519635,0,0.0015644842,0
LA_D_8540397,0,0.00024826443,0
LA_D_8604643,0,0.0013173593,0
LA_D_8638660,0,0.89107805,1
LA_D_8653522,0,0.0016552488,0
LA_D_8701190,0,0.0013736985,0
LA_D_8711337,0,0.09817307,0
LA_D_8759658,0,0.0021291107,0
LA_D_8783109,0,0.00173771,0
LA_D_8816902,0,0.052338164,0
LA_D_8844443,0,0.2013781,0
LA_D_8871469,0,0.07065998,0
LA_D_8906850,0,0.075374514,0
LA_D_8934450,0,0.0052375123,0
LA_D_8940296,0,0.015376932,0
LA_D_8960097,0,0.021106109,0
LA_D_8975798,0,0.014550723,0
LA_D_8983296,0,0.00062160933,0
LA_D_9012249,0,0.006564305,0
LA_D_9149364,0,0.050437365,0
LA_D_9209406,0,0.0007148569,0
LA_D_9217605,0,0.0023668704,0
LA_D_9246417,0,0.0044092406,0
LA_D_9274099,0,0.0010016958,0
LA_D_9275415,0,0.0041267187,0
LA_D_9297011,0,0.001537212,0
LA_D_9305138,0,0.005696514,0
LA_D_9335232,0,0.002290769,0
LA_D_9406480,0,0.05679554,0
LA_D_9462251,0,0.0019322461,0
LA_D_9468171,0,0.0004006233,0
LA_D_9469645,0,0.0010410814,0
LA_D_9473113,0,0.059694912,0
LA_D_9551852,0,0.070446834,0
LA_D_9560177,0,0.007742444,0
LA_D_9600169,0,0.0014937416,0
LA_D_9698818,0,0.0052446374,0
LA_D_9732268,0,0.004218155,0
LA_D_9777627,0,0.0011662996,0
LA_D_9795514,0,0.0051754005,0
LA_D_9819790,0,0.0018460776,0
LA_D_9900338,0,0.41580138,0
LA_D_9950933,0,0.3668141,0
LA_D_9987872,0,0.001738236,0
LA_D_1053530,0,0.050983414,0
LA_D_1054239,0,0.21229877,0
LA_D_1060354,0,0.0033044412,0
LA_D_1064949,0,0.082516395,0
LA_D_1066396,0,0.0036152457,0
LA_D_1152601,0,0.013105523,0
LA_D_1181336,0,0.726787,1
LA_D_1183162,0,0.02362251,0
LA_D_1190139,0,0.006469185,0
LA_D_1216436,0,0.0026965444,0
LA_D_1287631,0,0.0020605137,0
LA_D_1290431,0,0.0042670066,0
LA_D_1302934,0,0.0058153956,0
LA_D_1304734,0,0.005686064,0
LA_D_1354501,0,0.61465037,1
LA_D_1414919,0,0.0022368715,0
LA_D_1433873,0,0.013987188,0
LA_D_1434551,0,0.002605799,0
LA_D_1442792,0,0.009122706,0
LA_D_1475296,0,0.00052316324,0
LA_D_1481205,0,0.0042446353,0
LA_D_1499350,0,0.253438,0
LA_D_1511574,0,0.4084461,0
LA_D_1520617,0,0.005095093,0
LA_D_1677598,0,0.100772604,0
LA_D_1678096,0,0.012403969,0
LA_D_1683892,0,0.002483992,0
LA_D_1684010,0,0.047468826,0
LA_D_1702527,0,0.002521513,0
LA_D_1703167,0,0.13103764,0
LA_D_1746170,0,0.002991563,0
LA_D_1778772,0,0.021531444,0
LA_D_1783942,0,0.015014713,0
LA_D_1841439,0,0.0088701565,0
LA_D_1842165,0,0.0018455875,0
LA_D_1850987,0,0.016021667,0
LA_D_1866244,0,0.0024641037,0
LA_D_1870030,0,0.0014473328,0
LA_D_1870684,0,0.00035712105,0
LA_D_1874896,0,0.0016135296,0
LA_D_1889615,0,0.31109855,0
LA_D_1922892,0,0.0066975,0
LA_D_1930356,0,0.0011294779,0
LA_D_1945994,0,0.8431895,1
LA_D_1994320,0,0.0017033216,0
LA_D_2051517,0,0.0024454938,0
LA_D_2058787,0,0.0009672845,0
LA_D_2062974,0,0.0018979405,0
LA_D_2073559,0,0.0030593101,0
LA_D_2124468,0,0.03368848,0
LA_D_2176634,0,0.031452943,0
LA_D_2211657,0,0.005024665,0
LA_D_2236885,0,0.032632105,0
LA_D_2243169,0,0.0020389762,0
LA_D_2254543,0,0.0021146133,0
LA_D_2289906,0,0.053687755,0
LA_D_2327560,0,0.039775703,0
LA_D_2340770,0,0.013980654,0
LA_D_2342254,0,0.0051299506,0
LA_D_2352948,0,0.009899606,0
LA_D_2382959,0,0.06415338,0
LA_D_2396760,0,0.033733234,0
LA_D_2412575,0,0.006176226,0
LA_D_2442523,0,0.001462036,0
LA_D_2447524,0,0.034456078,0
LA_D_2448121,0,0.0017209192,0
LA_D_2465807,0,0.002364612,0
LA_D_2471375,0,0.049892753,0
LA_D_2471995,0,0.02989316,0
LA_D_2507973,0,0.0036295871,0
LA_D_2508763,0,0.0047017136,0
LA_D_2515908,0,0.16364808,0
LA_D_2537525,0,0.0035319203,0
LA_D_2541811,0,0.0036853903,0
LA_D_2590744,0,0.03360653,0
LA_D_2592823,0,0.0037371614,0
LA_D_2613646,0,0.027924154,0
LA_D_2625096,0,0.0028080905,0
LA_D_2628079,0,0.0062231207,0
LA_D_2643003,0,0.0059161037,0
LA_D_2661411,0,0.07827589,0
LA_D_2690518,0,0.0013244547,0
LA_D_2743059,0,0.017452972,0
LA_D_2761966,0,0.14136368,0
LA_D_2769521,0,0.0268741,0
LA_D_2776056,0,0.014585964,0
LA_D_2783850,0,0.0007270963,0
LA_D_2786535,0,0.0035830117,0
LA_D_2809588,0,0.0042318488,0
LA_D_2812689,0,0.014270587,0
LA_D_2832394,0,0.004993165,0
LA_D_2874107,0,0.009286359,0
LA_D_2907952,0,0.0047976323,0
LA_D_2933402,0,0.013494022,0
LA_D_2943221,0,0.020429827,0
LA_D_2963867,0,0.0006141157,0
LA_D_2964992,0,0.025330627,0
LA_D_3050700,0,0.00091701414,0
LA_D_3059648,0,0.029013233,0
LA_D_3106011,0,0.018659882,0
LA_D_3109309,0,0.00097128033,0
LA_D_3138080,0,0.0053366404,0
LA_D_3152954,0,0.039725624,0
LA_D_3163751,0,0.0051640333,0
LA_D_3165659,0,0.0015514327,0
LA_D_3174960,0,0.006007151,0
LA_D_3198699,0,0.04982074,0
LA_D_3225529,0,0.073172174,0
LA_D_3244699,0,0.0659015,0
LA_D_3251211,0,0.013644753,0
LA_D_3295441,0,0.2768953,0
LA_D_3307287,0,0.01589549,0
LA_D_3355874,0,0.0030979633,0
LA_D_3375546,0,0.032944907,0
LA_D_3379000,0,0.59535986,1
LA_D_3411825,0,0.039177828,0
LA_D_3417657,0,0.009365609,0
LA_D_3501342,0,0.1763989,0
LA_D_3508441,0,0.0009490507,0
LA_D_3545477,0,0.36891866,0
LA_D_3545859,0,0.006604628,0
LA_D_3555810,0,0.032404553,0
LA_D_3573085,0,0.40294805,0
LA_D_3578253,0,0.036900435,0
LA_D_3589383,0,0.0064786193,0
LA_D_3613644,0,0.041335583,0
LA_D_3664298,0,0.009149473,0
LA_D_3671795,0,0.00021787426,0
LA_D_3674440,0,0.045382332,0
LA_D_3688837,0,0.056951042,0
LA_D_3709912,0,0.12021491,0
LA_D_3712672,0,0.007302774,0
LA_D_3732490,0,0.010677729,0
LA_D_3759608,0,0.51700133,1
LA_D_3782739,0,0.0027342413,0
LA_D_3789724,0,0.0037264165,0
LA_D_3790568,0,0.010473226,0
LA_D_3828014,0,0.0021899024,0
LA_D_3868258,0,0.01082801,0
LA_D_3896851,0,0.009687489,0
LA_D_3903402,0,0.0017431722,0
LA_D_3931288,0,0.045135457,0
LA_D_3937097,0,0.21009101,0
LA_D_3958057,0,0.07506244,0
LA_D_3969914,0,0.23304424,0
LA_D_3970673,0,0.009746284,0
LA_D_4005134,0,0.0029401723,0
LA_D_4011113,0,0.0042955414,0
LA_D_4020788,0,0.3244127,0
LA_D_4024701,0,0.0019851048,0
LA_D_4064599,0,0.07770579,0
LA_D_4083446,0,0.85088825,1
LA_D_4099396,0,0.007160422,0
LA_D_4108558,0,0.003166482,0
LA_D_4157946,0,0.03364633,0
LA_D_4158625,0,0.013706265,0
LA_D_4174255,0,0.0032640204,0
LA_D_4232791,0,0.12467095,0
LA_D_4256903,0,0.011855862,0
LA_D_4261339,0,0.060986485,0
LA_D_4319137,0,0.085212395,0
LA_D_4339384,0,0.04855701,0
LA_D_4363125,0,0.0053853923,0
LA_D_4412539,0,0.007627369,0
LA_D_4416737,0,0.012377884,0
LA_D_4429476,0,0.0009945628,0
LA_D_4434827,0,0.48898327,0
LA_D_4437561,0,0.0034312373,0
LA_D_4438405,0,0.0052719833,0
LA_D_4475454,0,0.025091853,0
LA_D_4484594,0,0.055100296,0
LA_D_4540896,0,0.029538155,0
LA_D_4583096,0,0.0028968537,0
LA_D_4593675,0,0.0061398232,0
LA_D_4603798,0,0.0009121882,0
LA_D_4665366,0,0.004981995,0
LA_D_4715249,0,0.008654432,0
LA_D_4721344,0,0.0031045617,0
LA_D_4757865,0,0.48379776,0
LA_D_4768822,0,0.0016604782,0
LA_D_4774710,0,0.033033337,0
LA_D_4786059,0,0.001508007,0
LA_D_4789511,0,0.0069893245,0
LA_D_4804270,0,0.029467009,0
LA_D_4838177,0,0.0022790744,0
LA_D_4868564,0,0.28376216,0
LA_D_4891582,0,0.13996632,0
LA_D_4912137,0,0.018115273,0
LA_D_4928308,0,0.0051291524,0
LA_D_4933001,0,0.02252804,0
LA_D_4947818,0,0.00893803,0
LA_D_4985773,0,0.04284427,0
LA_D_4986753,0,0.0020024974,0
LA_D_4999216,0,0.6252954,1
LA_D_5028641,0,0.0062230267,0
LA_D_5040114,0,0.008104816,0
LA_D_5051597,0,0.054303274,0
LA_D_5051913,0,0.005923371,0
LA_D_5067087,0,0.01096486,0
LA_D_5077584,0,0.0023264019,0
LA_D_5133384,0,0.16565406,0
LA_D_5167234,0,0.0075715133,0
LA_D_5189187,0,0.31680813,0
LA_D_5322570,0,0.026121104,0
LA_D_5341323,0,0.0032067224,0
LA_D_5345453,0,0.0158974,0
LA_D_5419620,0,0.09851256,0
LA_D_5442437,0,0.003421429,0
LA_D_5458288,0,0.12322955,0
LA_D_5476324,0,0.026663369,0
LA_D_5493977,0,0.0066752676,0
LA_D_5510010,0,0.055946127,0
LA_D_5512449,0,0.0029821654,0
LA_D_5519425,0,0.0010395418,0
LA_D_5592740,0,0.014435568,0
LA_D_5609165,0,0.0016003106,0
LA_D_5646610,0,0.1978844,0
LA_D_5742661,0,0.41109017,0
LA_D_5800896,0,0.73219866,1
LA_D_5803007,0,0.016206795,0
LA_D_5805679,0,0.00063144567,0
LA_D_5834907,0,0.1353452,0
LA_D_5849476,0,0.00057900714,0
LA_D_5850460,0,0.005640884,0
LA_D_5863016,0,0.010716604,0
LA_D_5876621,0,0.01078499,0
LA_D_5889397,0,0.00304119,0
LA_D_5915454,0,0.021060014,0
LA_D_5917934,0,0.3749864,0
LA_D_5958463,0,0.0020214864,0
LA_D_6052126,0,0.012201188,0
LA_D_6078362,0,0.06478253,0
LA_D_6088761,0,0.0038266096,0
LA_D_6095686,0,0.010826621,0
LA_D_6166673,0,0.008587762,0
LA_D_6171374,0,0.0075363196,0
LA_D_6181747,0,0.005335451,0
LA_D_6188980,0,0.003381915,0
LA_D_6203299,0,0.0006296218,0
LA_D_6215452,0,0.015976947,0
LA_D_6222475,0,0.0020812151,0
LA_D_6235468,0,0.0023198293,0
LA_D_6244693,0,0.017208187,0
LA_D_6293152,0,0.00093332573,0
LA_D_6293545,0,0.0021487675,0
LA_D_6332738,0,0.049367603,0
LA_D_6343657,0,0.18834427,0
LA_D_6350034,0,0.42693785,0
LA_D_6363274,0,0.1598197,0
LA_D_6369227,0,0.0020076814,0
LA_D_6379069,0,0.0017087237,0
LA_D_6401566,0,0.0046407008,0
LA_D_6405087,0,0.08053887,0
LA_D_6439502,0,0.028199067,0
LA_D_6446521,0,0.008533648,0
LA_D_6486723,0,0.02549059,0
LA_D_6489536,0,0.016735386,0
LA_D_6497583,0,0.0002750131,0
LA_D_6542740,0,0.010208111,0
LA_D_6575341,0,0.0036764701,0
LA_D_6575610,0,0.010361226,0
LA_D_6576940,0,0.0004891012,0
LA_D_6577591,0,0.0046520177,0
LA_D_6609902,0,0.0025653034,0
LA_D_6624176,0,0.13638724,0
LA_D_6648419,0,0.0026957544,0
LA_D_6653711,0,0.0026274247,0
LA_D_6666840,0,0.0015560263,0
LA_D_6726447,0,0.005708938,0
LA_D_6754774,0,0.03443405,0
LA_D_6762250,0,0.29670134,0
LA_D_6762877,0,0.0016196389,0
LA_D_6789571,0,0.010961872,0
LA_D_6806823,0,0.0049642115,0
LA_D_6825223,0,0.019631322,0
LA_D_6844450,0,0.0028209407,0
LA_D_6852390,0,0.016465327,0
LA_D_6858810,0,0.024951411,0
LA_D_6898133,0,0.016123747,0
LA_D_6898383,0,0.1328569,0
LA_D_6935294,0,0.06989164,0
LA_D_6945696,0,0.0012129159,0
LA_D_6951006,0,0.009416765,0
LA_D_7035543,0,0.002117211,0
LA_D_7049162,0,0.07318164,0
LA_D_7053354,0,0.10308201,0
LA_D_7091196,0,0.015386609,0
LA_D_7094041,0,0.006957747,0
LA_D_7205018,0,0.007219061,0
LA_D_7211753,0,0.030482296,0
LA_D_7212590,0,0.0056530423,0
LA_D_7248069,0,0.011644271,0
LA_D_7254050,0,0.0043441076,0
LA_D_7281159,0,0.07818766,0
LA_D_7283308,0,0.001768589,0
LA_D_7298541,0,0.0022739626,0
LA_D_7300764,0,0.0037058373,0
LA_D_7318854,0,0.011950435,0
LA_D_7326976,0,0.0016654591,0
LA_D_7331566,0,0.002476823,0
LA_D_7339440,0,0.001379069,0
LA_D_7373710,0,0.008192504,0
LA_D_7399269,0,0.0021640882,0
LA_D_7421536,0,0.0021007122,0
LA_D_7428865,0,0.7140957,1
LA_D_7451358,0,0.0022606535,0
LA_D_7516190,0,0.0013480848,0
LA_D_7529258,0,0.005489657,0
LA_D_7541122,0,0.013693662,0
LA_D_7585893,0,0.00174558,0
LA_D_7605675,0,0.009754299,0
LA_D_7647923,0,0.0049261623,0
LA_D_7684667,0,0.0041825892,0
LA_D_7738912,0,0.008189947,0
LA_D_7757173,0,0.020304501,0
LA_D_7771073,0,0.024354821,0
LA_D_7800026,0,0.08636734,0
LA_D_7828929,0,0.039484877,0
LA_D_7836755,0,0.0022511412,0
LA_D_7906477,0,0.0032116263,0
LA_D_7912198,0,0.0025842967,0
LA_D_7990767,0,0.051323794,0
LA_D_7995508,0,0.015356983,0
LA_D_8002591,0,0.17231116,0
LA_D_8025687,0,0.076256104,0
LA_D_8027836,0,0.014162363,0
LA_D_8048204,0,0.08639699,0
LA_D_8073022,0,0.003264877,0
LA_D_8077226,0,0.00094926415,0
LA_D_8097725,0,0.9734798,1
LA_D_8106755,0,0.0057060122,0
LA_D_8116371,0,0.00563651,0
LA_D_8123213,0,0.03417273,0
LA_D_8165556,0,8.475461e-05,0
LA_D_8184153,0,0.51054186,1
LA_D_8213309,0,0.0012806058,0
LA_D_8214776,0,0.4113944,0
LA_D_8221856,0,0.060750682,0
LA_D_8243419,0,0.0029918486,0
LA_D_8262652,0,0.0047003017,0
LA_D_8346348,0,0.16838571,0
LA_D_8364730,0,0.06373266,0
LA_D_8412543,0,0.005769596,0
LA_D_8424157,0,0.0041969772,0
LA_D_8467523,0,0.0019371685,0
LA_D_8472714,0,0.31978595,0
LA_D_8481340,0,0.0022481775,0
LA_D_8504805,0,0.0011896165,0
LA_D_8514801,0,0.021237757,0
LA_D_8542121,0,0.00094687316,0
LA_D_8543293,0,0.09966543,0
LA_D_8586128,0,0.0007944317,0
LA_D_8614773,0,0.9721844,1
LA_D_8617115,0,0.021437556,0
LA_D_8629908,0,0.011328501,0
LA_D_8656237,0,0.025625806,0
LA_D_8667202,0,0.08967709,0
LA_D_8667308,0,0.059506327,0
LA_D_8689583,0,0.0027058558,0
LA_D_8718165,0,0.010451496,0
LA_D_8719230,0,0.0025739025,0
LA_D_8737709,0,0.2174297,0
LA_D_8758724,0,0.005537979,0
LA_D_8791449,0,0.050875872,0
LA_D_8874300,0,0.013178199,0
LA_D_8916939,0,0.0067224926,0
LA_D_8930518,0,0.055598717,0
LA_D_8974858,0,0.028851315,0
LA_D_8979245,0,0.05107162,0
LA_D_8992743,0,0.010198701,0
LA_D_9008937,0,0.008969677,0
LA_D_9067610,0,0.82539505,1
LA_D_9095874,0,0.09919254,0
LA_D_9122016,0,0.0058568753,0
LA_D_9131105,0,0.0103784455,0
LA_D_9140619,0,0.0053707645,0
LA_D_9144289,0,0.023386711,0
LA_D_9146864,0,0.24438019,0
LA_D_9147825,0,0.0023889565,0
LA_D_9151278,0,0.036607236,0
LA_D_9163803,0,0.00371446,0
LA_D_9178334,0,0.05767865,0
LA_D_9206035,0,0.04312707,0
LA_D_9254481,0,0.02014565,0
LA_D_9298303,0,0.114501774,0
LA_D_9361389,0,0.109393805,0
LA_D_9363937,0,0.2084651,0
LA_D_9376184,0,0.0023070474,0
LA_D_9378704,0,0.06467373,0
LA_D_9424845,0,0.0010933658,0
LA_D_9429971,0,0.009936315,0
LA_D_9456525,0,0.043234542,0
LA_D_9457668,0,0.018345501,0
LA_D_9502718,0,0.0048871073,0
LA_D_9560631,0,0.0033904018,0
LA_D_9563138,0,0.03270801,0
LA_D_9568708,0,0.06216679,0
LA_D_9596640,0,0.0048059216,0
LA_D_9643751,0,0.0026405097,0
LA_D_9646445,0,0.00041780618,0
LA_D_9652293,0,0.0020150132,0
LA_D_9657295,0,0.02111153,0
LA_D_9662796,0,0.0019252754,0
LA_D_9663907,0,0.0041120397,0
LA_D_9670204,0,0.022149133,0
LA_D_9701877,0,0.037922617,0
LA_D_9708825,0,0.15639542,0
LA_D_9718892,0,0.0074700667,0
LA_D_9774959,0,0.0180028,0
LA_D_9813759,0,0.0014763365,0
LA_D_9910047,0,0.06957398,0
LA_D_9929271,0,0.0085573755,0
LA_D_9937573,0,0.0006114813,0
LA_D_9967058,0,0.0053719464,0
LA_D_1035911,0,0.003226561,0
LA_D_1092890,0,0.001635047,0
LA_D_1099657,0,0.00012491872,0
LA_D_1123562,0,0.0010709285,0
LA_D_1210958,0,0.003850649,0
LA_D_1242157,0,0.0008407498,0
LA_D_1252608,0,0.0023083503,0
LA_D_1371588,0,0.006990705,0
LA_D_1459300,0,0.0018591372,0
LA_D_1504502,0,0.00042425605,0
LA_D_1538546,0,0.0017985238,0
LA_D_1555842,0,0.0001423835,0
LA_D_1581342,0,7.4227275e-05,0
LA_D_1596779,0,0.0007465347,0
LA_D_1601789,0,0.000820668,0
LA_D_1611108,0,0.0011759234,0
LA_D_1638692,0,0.0045331134,0
LA_D_1778690,0,0.004014939,0
LA_D_1783574,0,0.0010651936,0
LA_D_1799143,0,0.001450264,0
LA_D_1813906,0,0.020281028,0
LA_D_1838534,0,0.0035541842,0
LA_D_1858381,0,0.0005318307,0
LA_D_1966794,0,0.008577886,0
LA_D_1971987,0,0.9727658,1
LA_D_1985278,0,0.0009304721,0
LA_D_2002767,0,0.00076859794,0
LA_D_2026077,0,0.010089925,0
LA_D_2047498,0,0.0034770244,0
LA_D_2059452,0,0.0041223923,0
LA_D_2097600,0,0.0019793145,0
LA_D_2106652,0,0.00095056737,0
LA_D_2118778,0,0.0014545302,0
LA_D_2128440,0,0.0057323445,0
LA_D_2140164,0,0.0007825766,0
LA_D_2140638,0,0.000361115,0
LA_D_2145419,0,0.0065775034,0
LA_D_2159690,0,0.04332188,0
LA_D_2160169,0,0.0015492346,0
LA_D_2173667,0,0.0030749633,0
LA_D_2270073,0,0.025059342,0
LA_D_2306860,0,0.0026058683,0
LA_D_2329756,0,0.0015921777,0
LA_D_2388211,0,0.00033655373,0
LA_D_2412061,0,0.020951962,0
LA_D_2444360,0,0.0020923994,0
LA_D_2492831,0,0.16002673,0
LA_D_2532665,0,0.0010749938,0
LA_D_2541982,0,0.00038376986,0
LA_D_2545730,0,0.00052096,0
LA_D_2573565,0,0.0033785868,0
LA_D_2581733,0,0.000110962224,0
LA_D_2616799,0,0.0075418744,0
LA_D_2626312,0,0.0026522104,0
LA_D_2628592,0,0.32907656,0
LA_D_2661690,0,0.00586297,0
LA_D_2686014,0,0.00076368696,0
LA_D_2700899,0,0.0015274537,0
LA_D_2706710,0,0.0025819011,0
LA_D_2849994,0,0.003042758,0
LA_D_2861324,0,0.017690344,0
LA_D_2863900,0,0.0034458155,0
LA_D_2874104,0,0.0038865746,0
LA_D_2888561,0,0.00088264287,0
LA_D_2893126,0,0.00063571177,0
LA_D_2929910,0,0.00064176315,0
LA_D_3003454,0,0.0023078949,0
LA_D_3014451,0,0.0030743743,0
LA_D_3078486,0,0.0019825443,0
LA_D_3112339,0,0.0001491391,0
LA_D_3124216,0,0.017961659,0
LA_D_3150054,0,0.00023475771,0
LA_D_3151652,0,0.022007937,0
LA_D_3176978,0,0.00791569,0
LA_D_3179951,0,0.00010953687,0
LA_D_3198381,0,0.03142458,0
LA_D_3199021,0,0.0010905188,0
LA_D_3226074,0,0.0019970643,0
LA_D_3276105,0,0.023897065,0
LA_D_3319403,0,0.000797911,0
LA_D_3331849,0,0.0013789311,0
LA_D_3368030,0,0.0053089713,0
LA_D_3412324,0,0.00093280885,0
LA_D_3425732,0,0.1770944,0
LA_D_3495492,0,0.0015530303,0
LA_D_3548300,0,0.0036265065,0
LA_D_3574020,0,0.011576347,0
LA_D_3589247,0,0.008854508,0
LA_D_3610743,0,0.0012950624,0
LA_D_3635351,0,0.0010753466,0
LA_D_3663843,0,0.002711057,0
LA_D_3668631,0,0.00055997743,0
LA_D_3707499,0,0.021759566,0
LA_D_3759918,0,0.00021182637,0
LA_D_3768185,0,0.0018419551,0
LA_D_3794629,0,0.0041584116,0
LA_D_3807326,0,0.0054359,0
LA_D_3825329,0,0.0010969078,0
LA_D_3862795,0,0.020141922,0
LA_D_3902856,0,0.00034162577,0
LA_D_3908047,0,0.0028977946,0
LA_D_3935443,0,0.00048662865,0
LA_D_3942708,0,0.0006478371,0
LA_D_3960353,0,0.010555264,0
LA_D_4003135,0,0.0015883333,0
LA_D_4027041,0,0.025854198,0
LA_D_4074277,0,0.0010255812,0
LA_D_4091821,0,0.0004998837,0
LA_D_4123108,0,0.0054965704,0
LA_D_4127746,0,0.006179232,0
LA_D_4154332,0,0.00072719925,0
LA_D_4164238,0,0.0001723946,0
LA_D_4171570,0,0.0004411175,0
LA_D_4183063,0,0.0011563965,0
LA_D_4206038,0,0.0022721349,0
LA_D_4210738,0,0.001435414,0
LA_D_4258858,0,0.010946286,0
LA_D_4320182,0,0.0036069911,0
LA_D_4372323,0,0.00876834,0
LA_D_4399431,0,0.003658918,0
LA_D_4413908,0,0.000353508,0
LA_D_4459406,0,0.0016325046,0
LA_D_4490548,0,0.012484813,0
LA_D_4512980,0,0.0028366838,0
LA_D_4527422,0,0.0008515396,0
LA_D_4542234,0,0.0030173913,0
LA_D_4542657,0,0.008008068,0
LA_D_4548556,0,0.0028879286,0
LA_D_4601520,0,0.00030350647,0
LA_D_4610422,0,0.5058859,1
LA_D_4668049,0,0.0035075028,0
LA_D_4700200,0,0.0009171435,0
LA_D_4736721,0,0.00024515294,0
LA_D_4766470,0,0.00045700956,0
LA_D_4773088,0,0.002280668,0
LA_D_4791058,0,0.00019557045,0
LA_D_4802794,0,0.0012843339,0
LA_D_4828615,0,0.0016940846,0
LA_D_4852037,0,0.0018754997,0
LA_D_4898740,0,0.0033993104,0
LA_D_4964309,0,0.00021202114,0
LA_D_5048362,0,0.00015204071,0
LA_D_5269881,0,0.0005180432,0
LA_D_5384145,0,0.005281339,0
LA_D_5428590,0,0.025274705,0
LA_D_5430038,0,0.0015091598,0
LA_D_5433599,0,0.00029525367,0
LA_D_5453267,0,0.0023864498,0
LA_D_5455243,0,0.0003289353,0
LA_D_5471746,0,0.009780227,0
LA_D_5506813,0,0.0018436401,0
LA_D_5510532,0,0.0027414944,0
LA_D_5518780,0,0.00022948133,0
LA_D_5546624,0,0.97203416,1
LA_D_5580783,0,0.008243267,0
LA_D_5614245,0,0.0006773372,0
LA_D_5623014,0,0.008115699,0
LA_D_5685369,0,0.0046131006,0
LA_D_5714169,0,0.002151337,0
LA_D_5716855,0,0.008088704,0
LA_D_5765948,0,0.010114435,0
LA_D_5812356,0,0.74821585,1
LA_D_5875987,0,0.0029500816,0
LA_D_5901105,0,0.0012301627,0
LA_D_5912421,0,0.00088094943,0
LA_D_6051475,0,0.26460013,0
LA_D_6070172,0,0.00043076876,0
LA_D_6071593,0,0.0043748613,0
LA_D_6084753,0,0.0014440585,0
LA_D_6143239,0,0.00026688926,0
LA_D_6143596,0,0.00069993857,0
LA_D_6177458,0,9.397082e-05,0
LA_D_6220807,0,0.0035374206,0
LA_D_6251984,0,0.00011902336,0
LA_D_6284910,0,0.0031894753,0
LA_D_6303671,0,0.0031802228,0
LA_D_6317931,0,0.00046169103,0
LA_D_6325916,0,0.000911405,0
LA_D_6333127,0,0.0033832362,0
LA_D_6337308,0,0.0026855974,0
LA_D_6352712,0,0.009575621,0
LA_D_6354373,0,0.038152855,0
LA_D_6411228,0,0.0064041703,0
LA_D_6413013,0,0.0014759066,0
LA_D_6445749,0,0.0068454533,0
LA_D_6462905,0,0.0014347456,0
LA_D_6469029,0,0.0008905186,0
LA_D_6475497,0,0.00027228828,0
LA_D_6520436,0,0.0041389335,0
LA_D_6525320,0,0.0025120538,0
LA_D_6568052,0,0.0061981427,0
LA_D_6602571,0,0.0014743942,0
LA_D_6619464,0,0.00065090455,0
LA_D_6623727,0,0.0013556179,0
LA_D_6663132,0,0.0007106314,0
LA_D_6666039,0,0.0004145375,0
LA_D_6672152,0,0.002919616,0
LA_D_6677818,0,0.014298498,0
LA_D_6695450,0,0.004479968,0
LA_D_6710142,0,0.0014621427,0
LA_D_6928395,0,0.001033616,0
LA_D_6954164,0,0.0006710146,0
LA_D_6956269,0,0.0014746808,0
LA_D_7052154,0,0.0009674057,0
LA_D_7080978,0,0.001418227,0
LA_D_7090148,0,0.04743967,0
LA_D_7191759,0,0.152472,0
LA_D_7289423,0,0.0030060231,0
LA_D_7306507,0,0.0023663805,0
LA_D_7352908,0,0.0018160413,0
LA_D_7367873,0,0.004056963,0
LA_D_7380699,0,0.0008248738,0
LA_D_7383133,0,0.10857184,0
LA_D_7412100,0,0.015798071,0
LA_D_7430270,0,0.0027590261,0
LA_D_7476328,0,0.0014797371,0
LA_D_7481545,0,0.0037086268,0
LA_D_7486320,0,0.00199114,0
LA_D_7537886,0,0.0005744729,0
LA_D_7550680,0,0.060175218,0
LA_D_7613584,0,0.0030440977,0
LA_D_7616866,0,0.00032252626,0
LA_D_7635942,0,0.0007927597,0
LA_D_7661318,0,0.0018205781,0
LA_D_7661904,0,0.0006198546,0
LA_D_7664602,0,0.0022733882,0
LA_D_7689936,0,0.00041656796,0
LA_D_7750113,0,0.0023385666,0
LA_D_7764747,0,0.00037162486,0
LA_D_7813172,0,0.00021054289,0
LA_D_7878130,0,0.00034017643,0
LA_D_7905314,0,0.0023084593,0
LA_D_7937424,0,0.029917149,0
LA_D_7979297,0,0.00050769077,0
LA_D_8002427,0,0.016260078,0
LA_D_8030349,0,0.0004359795,0
LA_D_8075963,0,0.6961763,1
LA_D_8091175,0,0.00052345754,0
LA_D_8103595,0,0.0004276867,0
LA_D_8116629,0,0.0016504632,0
LA_D_8127049,0,0.002278656,0
LA_D_8182095,0,0.001707244,0
LA_D_8228250,0,0.0019020468,0
LA_D_8233626,0,0.004233095,0
LA_D_8238983,0,0.0009788945,0
LA_D_8242715,0,0.0033532495,0
LA_D_8250953,0,0.0021429574,0
LA_D_8328358,0,0.000666613,0
LA_D_8362861,0,0.0012285092,0
LA_D_8366884,0,0.0021383995,0
LA_D_8373517,0,0.00041315675,0
LA_D_8407555,0,0.043372285,0
LA_D_8491201,0,0.00079985685,0
LA_D_8497674,0,0.009713659,0
LA_D_8501026,0,0.0011023255,0
LA_D_8503023,0,0.0016728442,0
LA_D_8576937,0,0.015254287,0
LA_D_8588899,0,0.002600552,0
LA_D_8605221,0,0.18809511,0
LA_D_8609217,0,0.0018665403,0
LA_D_8652135,0,0.0005924648,0
LA_D_8728622,0,0.00031356563,0
LA_D_8733004,0,8.012299e-05,0
LA_D_8744543,0,0.0006030265,0
LA_D_8780884,0,0.0030751855,0
LA_D_8798580,0,0.0023484374,0
LA_D_8805955,0,0.005216851,0
LA_D_8863596,0,0.042223543,0
LA_D_8880043,0,0.14619033,0
LA_D_8922428,0,0.00062241324,0
LA_D_8991753,0,0.009351652,0
LA_D_9039340,0,0.0033132315,0
LA_D_9051356,0,0.023686074,0
LA_D_9072602,0,0.00016341188,0
LA_D_9109666,0,0.002176926,0
LA_D_9112845,0,0.0007232553,0
LA_D_9134485,0,0.00028725338,0
LA_D_9173760,0,0.0018896323,0
LA_D_9191160,0,0.00011277533,0
LA_D_9207502,0,0.0012744938,0
LA_D_9219265,0,0.008168153,0
LA_D_9264205,0,0.00038826486,0
LA_D_9264408,0,0.0069051553,0
LA_D_9314069,0,0.0044650803,0
LA_D_9351540,0,0.0004207392,0
LA_D_9362624,0,0.0013558425,0
LA_D_9369162,0,0.0005690557,0
LA_D_9429683,0,0.0013644886,0
LA_D_9457616,0,0.00015817599,0
LA_D_9504862,0,0.00044590564,0
LA_D_9529199,0,0.0031669845,0
LA_D_9549420,0,9.8370685e-05,0
LA_D_9597218,0,0.0004877239,0
LA_D_9623958,0,0.014607212,0
LA_D_9649342,0,0.0012666108,0
LA_D_9658574,0,0.0035763902,0
LA_D_9689602,0,0.0030637316,0
LA_D_9708909,0,0.00013266747,0
LA_D_9722220,0,0.00020837545,0
LA_D_9728978,0,0.0011104944,0
LA_D_9902912,0,0.023746941,0
LA_D_9903321,0,0.0005283127,0
LA_D_9912829,0,3.9116887e-05,0
LA_D_9924653,0,0.0055838134,0
LA_D_9928428,0,0.16889967,0
LA_D_9930304,0,0.007689488,0
LA_D_9965502,0,0.00015743056,0
LA_D_9977384,0,1.7483908e-05,0
LA_D_1013783,0,0.70102614,1
LA_D_1050286,0,0.61278766,1
LA_D_1063236,0,0.7877461,1
LA_D_1074980,0,0.19077337,0
LA_D_1075455,0,0.9101872,1
LA_D_1136051,0,0.80592984,1
LA_D_1138581,0,0.9556205,1
LA_D_1141794,0,0.004285525,0
LA_D_1153840,0,0.27314678,0
LA_D_1159197,0,0.02316628,0
LA_D_1217312,0,0.8237186,1
LA_D_1249114,0,0.70578045,1
LA_D_1303621,0,0.947115,1
LA_D_1321608,0,0.8931006,1
LA_D_1350597,0,0.7962309,1
LA_D_1363364,0,0.83823395,1
LA_D_1378776,0,0.09375036,0
LA_D_1416969,0,0.6483635,1
LA_D_1424372,0,0.17973486,0
LA_D_1433061,0,0.9920512,1
LA_D_1451466,0,0.055367086,0
LA_D_1482068,0,0.96744275,1
LA_D_1483761,0,0.98560816,1
LA_D_1484758,0,0.006377144,0
LA_D_1485960,0,0.9972619,1
LA_D_1566398,0,0.88015866,1
LA_D_1574269,0,0.24737082,0
LA_D_1577587,0,0.019031422,0
LA_D_1588604,0,0.00249707,0
LA_D_1751728,0,0.09756251,0
LA_D_1764443,0,0.0010294213,0
LA_D_1771272,0,0.01722518,0
LA_D_1836354,0,0.006741869,0
LA_D_1841254,0,0.57339364,1
LA_D_1846916,0,0.06198934,0
LA_D_1860158,0,0.472022,0
LA_D_1863131,0,0.0019966026,0
LA_D_1889595,0,0.046505496,0
LA_D_1897056,0,0.8877724,1
LA_D_1897326,0,0.96660835,1
LA_D_1899250,0,0.97277236,1
LA_D_1915163,0,0.08841565,0
LA_D_2004905,0,0.032368273,0
LA_D_2022501,0,0.5468063,1
LA_D_2028337,0,0.89593077,1
LA_D_2028395,0,0.1079252,0
LA_D_2035624,0,0.77895707,1
LA_D_2085166,0,0.15848966,0
LA_D_2101566,0,0.33892855,0
LA_D_2111647,0,0.67054063,1
LA_D_2111682,0,0.005631133,0
LA_D_2151951,0,0.9546457,1
LA_D_2222489,0,0.92461944,1
LA_D_2226134,0,0.03129458,0
LA_D_2238363,0,0.0029739097,0
LA_D_2245059,0,0.0016333986,0
LA_D_2278186,0,0.9054288,1
LA_D_2281493,0,0.43423036,0
LA_D_2295451,0,0.83363605,1
LA_D_2322141,0,0.045283273,0
LA_D_2345402,0,0.33144122,0
LA_D_2349125,0,0.026920924,0
LA_D_2350784,0,0.55292004,1
LA_D_2361610,0,0.35372856,0
LA_D_2397533,0,0.610055,1
LA_D_2402189,0,0.9168606,1
LA_D_2405339,0,0.5025223,1
LA_D_2475221,0,0.95361936,1
LA_D_2500876,0,0.77334476,1
LA_D_2542296,0,0.054673754,0
LA_D_2549631,0,0.08134445,0
LA_D_2562850,0,0.96615976,1
LA_D_2579907,0,0.9505274,1
LA_D_2583710,0,0.04344547,0
LA_D_2696634,0,0.011209065,0
LA_D_2724805,0,0.14986663,0
LA_D_2728628,0,0.058393627,0
LA_D_2753362,0,0.2812097,0
LA_D_2766494,0,0.021481073,0
LA_D_2789277,0,0.044275336,0
LA_D_2800479,0,0.49474132,0
LA_D_2808846,0,0.9424084,1
LA_D_2824576,0,0.02145109,0
LA_D_2854806,0,0.77248216,1
LA_D_2888854,0,0.48848122,0
LA_D_2890608,0,0.08571965,0
LA_D_2906326,0,0.14938138,0
LA_D_2919741,0,0.008453302,0
LA_D_2956834,0,0.9832355,1
LA_D_2957996,0,0.011379666,0
LA_D_2966463,0,0.26788107,0
LA_D_2977245,0,0.90429455,1
LA_D_2983374,0,0.6943297,1
LA_D_3006014,0,0.80145913,1
LA_D_3013009,0,0.004570097,0
LA_D_3020621,0,0.91833115,1
LA_D_3030929,0,0.05634182,0
LA_D_3034938,0,0.032597654,0
LA_D_3039122,0,0.0010216823,0
LA_D_3057445,0,0.15188517,0
LA_D_3070334,0,0.031800386,0
LA_D_3082988,0,0.10692459,0
LA_D_3089498,0,0.74065036,1
LA_D_3113960,0,0.7152046,1
LA_D_3119853,0,0.8896608,1
LA_D_3122174,0,0.94778895,1
LA_D_3150169,0,0.14509518,0
LA_D_3204366,0,0.106672786,0
LA_D_3228176,0,0.028059073,0
LA_D_3246218,0,0.75236213,1
LA_D_3257808,0,0.031731945,0
LA_D_3301231,0,0.8918383,1
LA_D_3307902,0,0.23386014,0
LA_D_3313777,0,0.0033307152,0
LA_D_3335716,0,0.85657454,1
LA_D_3413905,0,0.77022576,1
LA_D_3427278,0,0.8578906,1
LA_D_3435957,0,0.3077022,0
LA_D_3443410,0,0.16755085,0
LA_D_3487340,0,0.0066951592,0
LA_D_3492096,0,0.932957,1
LA_D_3524386,0,0.029850865,0
LA_D_3539811,0,0.7860487,1
LA_D_3544844,0,0.010890574,0
LA_D_3556561,0,0.2193267,0
LA_D_3630229,0,0.8910655,1
LA_D_3675685,0,0.9790768,1
LA_D_3676923,0,0.012435983,0
LA_D_3690604,0,0.37044492,0
LA_D_3694037,0,0.028528117,0
LA_D_3736974,0,0.9392142,1
LA_D_3740186,0,0.8871925,1
LA_D_3750938,0,0.00743025,0
LA_D_3763099,0,0.0063365554,0
LA_D_3768058,0,0.538161,1
LA_D_3779051,0,0.040148783,0
LA_D_3784534,0,0.03920282,0
LA_D_3830921,0,0.7042147,1
LA_D_3866941,0,0.9642344,1
LA_D_3913882,0,0.48450264,0
LA_D_3914448,0,0.97975904,1
LA_D_3984579,0,0.8400105,1
LA_D_4031294,0,0.49502474,0
LA_D_4033330,0,0.27560252,0
LA_D_4043035,0,0.16982356,0
LA_D_4067852,0,0.9904276,1
LA_D_4081483,0,0.7645823,1
LA_D_4108953,0,0.0042745215,0
LA_D_4140711,0,0.0065331776,0
LA_D_4140724,0,0.9410567,1
LA_D_4169547,0,0.84688777,1
LA_D_4179863,0,0.99670947,1
LA_D_4184441,0,0.36112055,0
LA_D_4236528,0,0.14243816,0
LA_D_4256065,0,0.05092791,0
LA_D_4270306,0,0.1495988,0
LA_D_4343772,0,0.37649548,0
LA_D_4344989,0,0.8223036,1
LA_D_4350243,0,0.1127844,0
LA_D_4368585,0,0.72343767,1
LA_D_4375763,0,0.06513524,0
LA_D_4376066,0,0.013613573,0
LA_D_4384335,0,0.87466776,1
LA_D_4391860,0,0.11978721,0
LA_D_4415743,0,0.5201663,1
LA_D_4446874,0,0.994774,1
LA_D_4472623,0,0.34745565,0
LA_D_4511424,0,0.46175626,0
LA_D_4526867,0,0.5282208,1
LA_D_4541749,0,0.00058263453,0
LA_D_4602617,0,0.012907271,0
LA_D_4683194,0,0.13090692,0
LA_D_4685405,0,0.9204557,1
LA_D_4686116,0,0.97282004,1
LA_D_4719420,0,0.91296184,1
LA_D_4720930,0,0.48963413,0
LA_D_4721136,0,0.062709115,0
LA_D_4789758,0,0.93048644,1
LA_D_4796345,0,0.018483192,0
LA_D_4851657,0,0.16593464,0
LA_D_4854280,0,0.20631014,0
LA_D_4871022,0,0.95631385,1
LA_D_4893461,0,0.17568965,0
LA_D_4932083,0,0.9117434,1
LA_D_4949629,0,0.06660555,0
LA_D_4961527,0,0.44419715,0
LA_D_4965816,0,0.18463686,0
LA_D_4987822,0,0.027219761,0
LA_D_5005646,0,0.97966444,1
LA_D_5014370,0,0.48870718,0
LA_D_5023844,0,0.011859578,0
LA_D_5047683,0,0.8197978,1
LA_D_5054607,0,0.015333466,0
LA_D_5076674,0,0.6872893,1
LA_D_5079558,0,0.42170432,0
LA_D_5100382,0,0.7760255,1
LA_D_5149214,0,0.5967201,1
LA_D_5155418,0,0.30505854,0
LA_D_5157129,0,0.92362094,1
LA_D_5173528,0,0.78330076,1
LA_D_5189947,0,0.43689248,0
LA_D_5199048,0,0.0008472096,0
LA_D_5277162,0,0.14762032,0
LA_D_5279500,0,0.21182734,0
LA_D_5282843,0,0.020690648,0
LA_D_5306498,0,0.13812341,0
LA_D_5339390,0,0.28507122,0
LA_D_5358232,0,0.96297014,1
LA_D_5385507,0,0.71290016,1
LA_D_5392108,0,0.36253366,0
LA_D_5396335,0,0.23264821,0
LA_D_5401230,0,0.28522512,0
LA_D_5402646,0,0.22209702,0
LA_D_5412347,0,0.95246094,1
LA_D_5427830,0,0.9288372,1
LA_D_5429622,0,0.2840398,0
LA_D_5453395,0,0.99817896,1
LA_D_5465575,0,0.011597296,0
LA_D_5466886,0,0.529178,1
LA_D_5483705,0,0.6345579,1
LA_D_5567932,0,0.91762173,1
LA_D_5583898,0,0.7677441,1
LA_D_5597126,0,0.031137582,0
LA_D_5624856,0,0.71479696,1
LA_D_5633647,0,0.25996694,0
LA_D_5654371,0,0.25858375,0
LA_D_5712604,0,0.47426775,0
LA_D_5727251,0,0.82937115,1
LA_D_5754462,0,0.4478255,0
LA_D_5782359,0,0.015875893,0
LA_D_5847069,0,0.99613553,1
LA_D_5874196,0,0.80147314,1
LA_D_5893651,0,0.02628023,0
LA_D_5903262,0,0.9216952,1
LA_D_5905554,0,0.9096241,1
LA_D_5922375,0,0.75620943,1
LA_D_5957373,0,0.010949678,0
LA_D_5966088,0,0.026108954,0
LA_D_5981705,0,0.003023015,0
LA_D_5992495,0,0.0040669125,0
LA_D_6004323,0,0.3295258,0
LA_D_6116293,0,0.9686604,1
LA_D_6250024,0,0.31615958,0
LA_D_6270673,0,0.9375019,1
LA_D_6287077,0,0.003510379,0
LA_D_6338424,0,0.82325166,1
LA_D_6338534,0,0.43723437,0
LA_D_6343112,0,0.004696809,0
LA_D_6361258,0,0.9521978,1
LA_D_6413397,0,0.014467372,0
LA_D_6419157,0,0.23951422,0
LA_D_6444033,0,0.5603327,1
LA_D_6495207,0,0.23484537,0
LA_D_6506104,0,0.76333266,1
LA_D_6506991,0,0.050170466,0
LA_D_6516523,0,0.12866367,0
LA_D_6522419,0,0.047435585,0
LA_D_6532972,0,0.23197342,0
LA_D_6574060,0,0.1618472,0
LA_D_6604093,0,0.988593,1
LA_D_6644343,0,0.006148675,0
LA_D_6676522,0,0.87423235,1
LA_D_6706248,0,0.063059494,0
LA_D_6736452,0,0.16570078,0
LA_D_6759403,0,0.034350988,0
LA_D_6767768,0,0.052237727,0
LA_D_6776653,0,0.00354607,0
LA_D_6804587,0,0.69320613,1
LA_D_6813990,0,0.97703457,1
LA_D_6828209,0,0.044497315,0
LA_D_6903783,0,0.096013464,0
LA_D_6908815,0,0.034425236,0
LA_D_6920360,0,0.030378593,0
LA_D_6936936,0,0.029420875,0
LA_D_6963143,0,0.9939966,1
LA_D_7023105,0,0.9771237,1
LA_D_7038318,0,0.013861979,0
LA_D_7063172,0,0.035992153,0
LA_D_7076522,0,0.62636286,1
LA_D_7096314,0,0.43379703,0
LA_D_7097009,0,0.93425703,1
LA_D_7165792,0,0.50213474,1
LA_D_7173210,0,0.8254828,1
LA_D_7175689,0,0.87804645,1
LA_D_7189804,0,0.02405623,0
LA_D_7194931,0,0.56736934,1
LA_D_7205609,0,0.75192934,1
LA_D_7244876,0,0.10382824,0
LA_D_7281015,0,0.113652684,0
LA_D_7302765,0,0.013073048,0
LA_D_7313906,0,0.8920016,1
LA_D_7343331,0,0.95691305,1
LA_D_7346604,0,0.034541044,0
LA_D_7395983,0,0.7829031,1
LA_D_7454687,0,0.14048131,0
LA_D_7459319,0,0.9891556,1
LA_D_7464280,0,0.12540051,0
LA_D_7467996,0,0.08039507,0
LA_D_7536394,0,0.4918333,0
LA_D_7558312,0,0.2644571,0
LA_D_7567281,0,0.87756723,1
LA_D_7611530,0,0.98719585,1
LA_D_7614935,0,0.07235289,0
LA_D_7632057,0,0.8063612,1
LA_D_7764203,0,0.0019934373,0
LA_D_7775116,0,0.068004325,0
LA_D_7803538,0,0.046079826,0
LA_D_7810535,0,0.23538528,0
LA_D_7824549,0,0.43194264,0
LA_D_7858791,0,0.6398344,1
LA_D_7901168,0,0.01929264,0
LA_D_7912035,0,0.72013575,1
LA_D_7920014,0,0.3366093,0
LA_D_7996866,0,0.022215458,0
LA_D_8014808,0,0.3041453,0
LA_D_8046608,0,0.96517867,1
LA_D_8051595,0,0.06913315,0
LA_D_8052749,0,0.7816492,1
LA_D_8094886,0,0.29000232,0
LA_D_8106710,0,0.2220475,0
LA_D_8108942,0,0.80303806,1
LA_D_8137767,0,0.1830452,0
LA_D_8171758,0,0.817658,1
LA_D_8203772,0,0.6739771,1
LA_D_8248087,0,0.7964403,1
LA_D_8286400,0,0.4228695,0
LA_D_8318742,0,0.19704582,0
LA_D_8341752,0,0.09347117,0
LA_D_8361609,0,0.912919,1
LA_D_8375726,0,0.9445048,1
LA_D_8408532,0,0.05663288,0
LA_D_8432686,0,0.943302,1
LA_D_8441935,0,0.07411828,0
LA_D_8463046,0,0.33913633,0
LA_D_8468652,0,0.83679384,1
LA_D_8524946,0,0.74037087,1
LA_D_8525388,0,0.05662677,0
LA_D_8529541,0,0.91639304,1
LA_D_8534416,0,0.9820864,1
LA_D_8545409,0,0.37279525,0
LA_D_8550381,0,0.60667354,1
LA_D_8563620,0,0.25908217,0
LA_D_8568773,0,0.14803147,0
LA_D_8569313,0,0.00807952,0
LA_D_8638488,0,0.9336334,1
LA_D_8641456,0,0.47247422,0
LA_D_8653634,0,0.08116847,0
LA_D_8659185,0,0.24087061,0
LA_D_8660630,0,0.19262637,0
LA_D_8715386,0,0.8119737,1
LA_D_8753814,0,0.94629776,1
LA_D_8764151,0,0.018710433,0
LA_D_8764848,0,0.0028425327,0
LA_D_8830433,0,0.40237525,0
LA_D_8870926,0,0.6056587,1
LA_D_8871612,0,0.014989179,0
LA_D_8891307,0,0.731714,1
LA_D_8894641,0,0.50099075,1
LA_D_8911365,0,0.5623269,1
LA_D_8923789,0,0.048410833,0
LA_D_8934893,0,0.9909458,1
LA_D_8951313,0,0.061283007,0
LA_D_8954954,0,0.53421944,1
LA_D_8964132,0,0.4825995,0
LA_D_8992776,0,0.98287225,1
LA_D_8992901,0,0.73957646,1
LA_D_9040314,0,0.0142797595,0
LA_D_9053193,0,0.0076004476,0
LA_D_9055271,0,0.15073007,0
LA_D_9135528,0,0.01820482,0
LA_D_9149883,0,0.007517793,0
LA_D_9165269,0,0.100116655,0
LA_D_9216190,0,0.9139126,1
LA_D_9241694,0,0.073829256,0
LA_D_9242631,0,0.18760009,0
LA_D_9297479,0,0.9944589,1
LA_D_9314884,0,0.8411711,1
LA_D_9320180,0,0.029678293,0
LA_D_9321479,0,0.17392114,0
LA_D_9351920,0,0.96202856,1
LA_D_9360287,0,0.022880211,0
LA_D_9370304,0,0.26734796,0
LA_D_9436692,0,0.35995516,0
LA_D_9437172,0,0.6914937,1
LA_D_9455460,0,0.124781,0
LA_D_9469817,0,0.8173223,1
LA_D_9486895,0,0.7747018,1
LA_D_9492715,0,0.9164849,1
LA_D_9537226,0,0.019753635,0
LA_D_9550638,0,0.07724827,0
LA_D_9552029,0,0.36212742,0
LA_D_9571982,0,0.96465933,1
LA_D_9582754,0,0.40596056,0
LA_D_9587443,0,0.09111584,0
LA_D_9625091,0,0.9857688,1
LA_D_9634003,0,0.6507349,1
LA_D_9642534,0,0.96462756,1
LA_D_9650472,0,0.9137103,1
LA_D_9655429,0,0.16070779,0
LA_D_9661949,0,0.005672331,0
LA_D_9674319,0,0.9074685,1
LA_D_9695420,0,0.0074147647,0
LA_D_9729864,0,0.0138277225,0
LA_D_9732908,0,0.59863096,1
LA_D_9747140,0,0.009149114,0
LA_D_9770193,0,0.00026920027,0
LA_D_9783307,0,0.99524134,1
LA_D_9798074,0,0.36219436,0
LA_D_9803207,0,0.9796077,1
LA_D_9890472,0,0.008941064,0
LA_D_9893649,0,0.0026810444,0
LA_D_9902676,0,0.48275134,0
LA_D_9960293,0,0.5266732,1
LA_D_9979102,0,0.004237378,0
LA_D_1056202,0,0.00016926721,0
LA_D_1077826,0,0.0012662441,0
LA_D_1143649,0,0.00016600205,0
LA_D_1163845,0,0.0010690984,0
LA_D_1185056,0,4.1230207e-05,0
LA_D_1207487,0,0.0014623404,0
LA_D_1209127,0,0.0020129979,0
LA_D_1214613,0,0.0008176554,0
LA_D_1220081,0,0.0047948733,0
LA_D_1238000,0,0.00012451388,0
LA_D_1313161,0,6.977136e-05,0
LA_D_1314331,0,0.0020621233,0
LA_D_1317619,0,0.0017503084,0
LA_D_1335126,0,0.00025760135,0
LA_D_1385720,0,0.00039805594,0
LA_D_1427144,0,0.000929982,0
LA_D_1435382,0,0.003583233,0
LA_D_1442569,0,0.0016359852,0
LA_D_1450818,0,0.026187385,0
LA_D_1489643,0,0.001306882,0
LA_D_1507114,0,0.0005852467,0
LA_D_1522817,0,0.0016015955,0
LA_D_1538153,0,0.00019309933,0
LA_D_1565624,0,0.0011806672,0
LA_D_1601173,0,0.010278124,0
LA_D_1608618,0,0.0010266555,0
LA_D_1627318,0,0.00055277336,0
LA_D_1638331,0,0.00097047375,0
LA_D_1640462,0,0.0009367273,0
LA_D_1654430,0,0.0030203406,0
LA_D_1685935,0,0.0012982801,0
LA_D_1719910,0,0.0005747955,0
LA_D_1756196,0,0.024613373,0
LA_D_1782822,0,0.013668427,0
LA_D_1793582,0,0.0025309958,0
LA_D_1793717,0,0.0016101426,0
LA_D_1796893,0,0.0016137249,0
LA_D_1826419,0,0.0009063973,0
LA_D_1828942,0,0.0002564442,0
LA_D_1829194,0,0.015156459,0
LA_D_1863027,0,0.00029875975,0
LA_D_1869109,0,0.00033913538,0
LA_D_1901107,0,0.010576899,0
LA_D_1913471,0,0.00046929537,0
LA_D_1950952,0,0.007706819,0
LA_D_1984022,0,0.007825916,0
LA_D_1986070,0,0.0025517314,0
LA_D_1988135,0,0.0013478204,0
LA_D_1993571,0,0.0011862692,0
LA_D_2053458,0,0.0030921956,0
LA_D_2055941,0,0.0019932988,0
LA_D_2068861,0,0.0004001384,0
LA_D_2141182,0,0.0006732675,0
LA_D_2143569,0,0.15711054,0
LA_D_2169320,0,0.00062867976,0
LA_D_2218413,0,0.00021943975,0
LA_D_2222169,0,0.0025564411,0
LA_D_2239802,0,0.00049151754,0
LA_D_2270021,0,0.00029280086,0
LA_D_2281134,0,0.00037169075,0
LA_D_2321687,0,0.0017604906,0
LA_D_2367856,0,0.0028216196,0
LA_D_2374395,0,0.00092777645,0
LA_D_2377649,0,0.017778048,0
LA_D_2397878,0,0.0008084583,0
LA_D_2405764,0,0.00058248243,0
LA_D_2405818,0,0.002220296,0
LA_D_2421406,0,0.03718353,0
LA_D_2434952,0,0.005682048,0
LA_D_2461796,0,0.00055920193,0
LA_D_2501091,0,0.000109418404,0
LA_D_2532436,0,0.003008512,0
LA_D_2533090,0,0.00024219773,0
LA_D_2534017,0,0.0003695329,0
LA_D_2536135,0,0.0008876853,0
LA_D_2599334,0,4.2818947e-06,0
LA_D_2607786,0,0.0011826375,0
LA_D_2687013,0,0.0028200157,0
LA_D_2689559,0,0.0040463456,0
LA_D_2716141,0,0.008408619,0
LA_D_2723030,0,0.00015843788,0
LA_D_2795179,0,0.00070906134,0
LA_D_2806176,0,0.001530104,0
LA_D_2814064,0,0.0060820864,0
LA_D_2843787,0,0.002240849,0
LA_D_2862944,0,0.004466698,0
LA_D_2871885,0,0.0005612824,0
LA_D_2904925,0,0.0022022768,0
LA_D_2914361,0,0.00035843308,0
LA_D_2927188,0,0.013143617,0
LA_D_2930504,0,0.0009875374,0
LA_D_2949126,0,0.00026403336,0
LA_D_2974020,0,3.559269e-05,0
LA_D_2978468,0,0.00021895049,0
LA_D_3013510,0,0.00068273675,0
LA_D_3017070,0,0.0036938705,0
LA_D_3035824,0,0.0007446276,0
LA_D_3059591,0,0.0008331588,0
LA_D_3107673,0,0.005602344,0
LA_D_3197582,0,0.0022998215,0
LA_D_3223665,0,0.00039070778,0
LA_D_3250242,0,0.0021396687,0
LA_D_3312420,0,0.021769237,0
LA_D_3338235,0,0.0030055402,0
LA_D_3342204,0,0.0015063444,0
LA_D_3346384,0,0.0005133802,0
LA_D_3380579,0,0.0012680474,0
LA_D_3413972,0,0.00043092747,0
LA_D_3466262,0,0.0030658673,0
LA_D_3498825,0,0.0039976705,0
LA_D_3503442,0,0.0013474348,0
LA_D_3617923,0,9.213691e-05,0
LA_D_3617996,0,0.0005439587,0
LA_D_3639430,0,0.0687269,0
LA_D_3650016,0,0.00067935255,0
LA_D_3655341,0,0.00042287415,0
LA_D_3667139,0,0.0012361942,0
LA_D_3670090,0,0.0012981669,0
LA_D_3689557,0,0.0018551737,0
LA_D_3705919,0,0.0005362879,0
LA_D_3709416,0,0.010200458,0
LA_D_3714292,0,0.00022476519,0
LA_D_3740108,0,0.0012978023,0
LA_D_3747537,0,0.00091291463,0
LA_D_3753878,0,0.00041760367,0
LA_D_3783086,0,0.00075019954,0
LA_D_3789898,0,0.00027081152,0
LA_D_3835818,0,0.18045674,0
LA_D_3852028,0,0.00058685464,0
LA_D_3872897,0,0.0014356216,0
LA_D_3873657,0,0.0008746726,0
LA_D_3884600,0,0.00069434184,0
LA_D_3894755,0,0.00020976867,0
LA_D_3905143,0,0.0025701518,0
LA_D_3909059,0,0.0004392251,0
LA_D_3960577,0,0.15830386,0
LA_D_3974637,0,0.0007467723,0
LA_D_3984798,0,0.0012754726,0
LA_D_4016544,0,0.001445916,0
LA_D_4017582,0,0.0050333855,0
LA_D_4018037,0,0.0009160125,0
LA_D_4063699,0,0.011256946,0
LA_D_4069330,0,0.00033866544,0
LA_D_4086358,0,0.00036962854,0
LA_D_4086832,0,0.0007243555,0
LA_D_4098613,0,0.000991316,0
LA_D_4099040,0,0.011858199,0
LA_D_4109140,0,0.00022602627,0
LA_D_4125842,0,0.0015160837,0
LA_D_4141301,0,0.0021297745,0
LA_D_4172528,0,0.0004801835,0
LA_D_4173790,0,0.042365335,0
LA_D_4175322,0,0.0016495334,0
LA_D_4176638,0,0.0008396759,0
LA_D_4216210,0,0.0011484814,0
LA_D_4234720,0,0.007885931,0
LA_D_4234795,0,0.0024948106,0
LA_D_4268211,0,0.0012485632,0
LA_D_4278292,0,0.020173153,0
LA_D_4291323,0,0.0063379128,0
LA_D_4312100,0,0.00064889406,0
LA_D_4313841,0,0.0025391153,0
LA_D_4350258,0,0.0003859409,0
LA_D_4374905,0,0.0010572951,0
LA_D_4414319,0,0.00091128476,0
LA_D_4417722,0,0.0029318626,0
LA_D_4418278,0,0.001491415,0
LA_D_4421512,0,0.00033186594,0
LA_D_4433016,0,0.0009971766,0
LA_D_4465057,0,0.016859246,0
LA_D_4513571,0,0.00017214706,0
LA_D_4513970,0,0.0004044636,0
LA_D_4568645,0,0.0010643511,0
LA_D_4611194,0,0.0021963802,0
LA_D_4625868,0,0.00021096288,0
LA_D_4704169,0,0.009738804,0
LA_D_4707821,0,0.0010448458,0
LA_D_4751764,0,0.0087902285,0
LA_D_4786119,0,0.0010416186,0
LA_D_4793960,0,0.00032295182,0
LA_D_4799630,0,0.00053705677,0
LA_D_4812073,0,0.00078164943,0
LA_D_4836563,0,0.007498208,0
LA_D_4864823,0,5.11061e-05,0
LA_D_4893034,0,0.0015953911,0
LA_D_4945642,0,0.0005756862,0
LA_D_4952686,0,0.0033371449,0
LA_D_4955149,0,0.00049010955,0
LA_D_4977984,0,0.000651271,0
LA_D_4998273,0,0.00017785007,0
LA_D_5004890,0,0.005585241,0
LA_D_5014481,0,0.002314385,0
LA_D_5015131,0,0.0015459367,0
LA_D_5023923,0,0.00071393856,0
LA_D_5027993,0,0.0025758813,0
LA_D_5061055,0,0.00066915085,0
LA_D_5081541,0,0.0062669744,0
LA_D_5084936,0,0.014934789,0
LA_D_5088115,0,0.00042604556,0
LA_D_5124245,0,0.00071362767,0
LA_D_5156318,0,0.022682235,0
LA_D_5169505,0,0.008752311,0
LA_D_5172679,0,0.01125258,0
LA_D_5178188,0,0.00031545135,0
LA_D_5203599,0,0.0005695671,0
LA_D_5223993,0,0.001109101,0
LA_D_5224423,0,1.3878776e-05,0
LA_D_5229531,0,0.00034545996,0
LA_D_5265219,0,0.008700857,0
LA_D_5266670,0,0.0016880092,0
LA_D_5273134,0,0.00050859526,0
LA_D_5290031,0,0.0021791675,0
LA_D_5296920,0,0.0020432733,0
LA_D_5308438,0,4.149361e-05,0
LA_D_5353143,0,0.001578365,0
LA_D_5396018,0,0.0006554917,0
LA_D_5416192,0,0.15916844,0
LA_D_5448308,0,0.0019520868,0
LA_D_5477783,0,0.00020174896,0
LA_D_5488567,0,0.0006267453,0
LA_D_5575383,0,0.0006798649,0
LA_D_5593598,0,0.03281923,0
LA_D_5604381,0,0.045853607,0
LA_D_5637838,0,0.0056023486,0
LA_D_5639643,0,0.00081011327,0
LA_D_5659407,0,0.00010422238,0
LA_D_5666850,0,0.0013542261,0
LA_D_5669850,0,0.011950886,0
LA_D_5681373,0,0.00059522665,0
LA_D_5727455,0,0.000883502,0
LA_D_5751493,0,0.0011512887,0
LA_D_5772283,0,0.0015343539,0
LA_D_5783216,0,0.0013641397,0
LA_D_5801266,0,0.0013740859,0
LA_D_5855316,0,0.0011771903,0
LA_D_5857092,0,0.0013972437,0
LA_D_5906128,0,0.0126784025,0
LA_D_5929366,0,0.0047444454,0
LA_D_5985371,0,0.00022622138,0
LA_D_6012767,0,0.0014290491,0
LA_D_6024856,0,0.019801613,0
LA_D_6048939,0,0.0032081264,0
LA_D_6126066,0,0.0015891002,0
LA_D_6153760,0,0.0071447776,0
LA_D_6175359,0,0.0012445363,0
LA_D_6179396,0,0.0033371039,0
LA_D_6204285,0,0.00023167669,0
LA_D_6204583,0,0.0006953339,0
LA_D_6217295,0,0.008562447,0
LA_D_6243272,0,0.00035267236,0
LA_D_6279251,0,0.0022273974,0
LA_D_6333987,0,0.0016090946,0
LA_D_6392042,0,0.009274285,0
LA_D_6395470,0,0.00094080495,0
LA_D_6407386,0,0.0002445441,0
LA_D_6410203,0,0.005027503,0
LA_D_6417317,0,0.001007368,0
LA_D_6442403,0,0.014900113,0
LA_D_6447267,0,0.0003447145,0
LA_D_6463109,0,0.0013121676,0
LA_D_6467494,0,0.0018854334,0
LA_D_6521379,0,0.056054432,0
LA_D_6538074,0,0.00014076344,0
LA_D_6558756,0,0.0065823095,0
LA_D_6636382,0,0.04410791,0
LA_D_6672353,0,0.000167255,0
LA_D_6712765,0,0.0030117994,0
LA_D_6867509,0,0.000105077685,0
LA_D_6903149,0,0.001810517,0
LA_D_6927439,0,0.0057100453,0
LA_D_6937778,0,0.0020122498,0
LA_D_6963030,0,0.00064738066,0
LA_D_6987656,0,0.00046676732,0
LA_D_7015806,0,0.00048633004,0
LA_D_7050207,0,0.006449392,0
LA_D_7082425,0,0.00018646938,0
LA_D_7094589,0,0.00051765377,0
LA_D_7112212,0,0.0096103195,0
LA_D_7114724,0,0.0024451145,0
LA_D_7123806,0,0.0031717436,0
LA_D_7135800,0,0.00015616944,0
LA_D_7149179,0,0.0004840516,0
LA_D_7189798,0,0.011995974,0
LA_D_7194545,0,0.079020195,0
LA_D_7208672,0,0.00094845187,0
LA_D_7209965,0,0.0029989348,0
LA_D_7227539,0,0.02673199,0
LA_D_7259561,0,0.002595591,0
LA_D_7263661,0,0.0006887695,0
LA_D_7311292,0,0.0006526414,0
LA_D_7333091,0,0.13145229,0
LA_D_7379319,0,0.0045291046,0
LA_D_7438591,0,0.023751928,0
LA_D_7463107,0,0.0069981166,0
LA_D_7465910,0,0.0007304181,0
LA_D_7466470,0,0.008154474,0
LA_D_7470557,0,0.037975803,0
LA_D_7472147,0,0.00095569267,0
LA_D_7517169,0,0.0008789549,0
LA_D_7527533,0,0.004372175,0
LA_D_7529689,0,0.0032471654,0
LA_D_7589265,0,0.0047713374,0
LA_D_7654985,0,0.00078909897,0
LA_D_7655713,0,0.008750805,0
LA_D_7684818,0,0.0011595589,0
LA_D_7702354,0,0.06442516,0
LA_D_7730394,0,0.0006779956,0
LA_D_7748559,0,0.0019380583,0
LA_D_7770239,0,0.0018674406,0
LA_D_7778080,0,0.0014299735,0
LA_D_7791744,0,0.004469534,0
LA_D_7809292,0,0.0008915722,0
LA_D_7811959,0,0.00034976358,0
LA_D_7836019,0,0.009886183,0
LA_D_7895701,0,0.0011433859,0
LA_D_7896354,0,0.002378859,0
LA_D_7907343,0,0.008254213,0
LA_D_7950260,0,0.0005115299,0
LA_D_7955585,0,0.067268975,0
LA_D_8014603,0,0.0020120218,0
LA_D_8015183,0,0.0011218549,0
LA_D_8034132,0,0.0040075174,0
LA_D_8037125,0,0.0010642711,0
LA_D_8039974,0,0.00039762683,0
LA_D_8064491,0,0.005770468,0
LA_D_8100357,0,0.0031289568,0
LA_D_8108933,0,0.0032740638,0
LA_D_8110574,0,0.0011835176,0
LA_D_8128686,0,0.0004006495,0
LA_D_8172936,0,0.00023650895,0
LA_D_8178518,0,0.0008181308,0
LA_D_8219863,0,0.00016578645,0
LA_D_8222669,0,0.0031424968,0
LA_D_8239471,0,0.0012176823,0
LA_D_8307879,0,0.0010761813,0
LA_D_8333653,0,0.0050582434,0
LA_D_8350299,0,0.0009797305,0
LA_D_8379829,0,0.0011600677,0
LA_D_8391295,0,0.11415418,0
LA_D_8400463,0,0.002406572,0
LA_D_8427416,0,0.0014831843,0
LA_D_8456624,0,0.004496129,0
LA_D_8478499,0,0.0042307354,0
LA_D_8519883,0,0.0017746742,0
LA_D_8551569,0,0.004385898,0
LA_D_8554608,0,0.0012273325,0
LA_D_8559630,0,0.00026353842,0
LA_D_8606521,0,0.00010200879,0
LA_D_8623490,0,0.0018491087,0
LA_D_8635534,0,0.00014979442,0
LA_D_8649051,0,0.009853187,0
LA_D_8661001,0,0.0009120248,0
LA_D_8681294,0,0.014662883,0
LA_D_8703561,0,0.00091982755,0
LA_D_8716288,0,0.001251489,0
LA_D_8718183,0,0.0065195984,0
LA_D_8767551,0,0.0024812203,0
LA_D_8798373,0,0.0011338023,0
LA_D_8798382,0,0.006555449,0
LA_D_8807350,0,0.01204602,0
LA_D_8848037,0,0.034967784,0
LA_D_8851067,0,0.00028566906,0
LA_D_8862863,0,0.0036492916,0
LA_D_8907174,0,0.0038991498,0
LA_D_8915901,0,0.0010200201,0
LA_D_8917253,0,0.0002542143,0
LA_D_8965995,0,0.012128639,0
LA_D_8977156,0,0.0012772437,0
LA_D_8991757,0,0.00061613624,0
LA_D_9048163,0,0.0017964467,0
LA_D_9061308,0,0.0022388764,0
LA_D_9081161,0,0.0015695333,0
LA_D_9147104,0,0.0005440328,0
LA_D_9150514,0,0.085135475,0
LA_D_9152923,0,0.054581348,0
LA_D_9156289,0,0.0016675211,0
LA_D_9236386,0,0.0023356513,0
LA_D_9257965,0,0.00047729092,0
LA_D_9302308,0,0.9585619,1
LA_D_9316714,0,0.00074172247,0
LA_D_9339036,0,0.0030467615,0
LA_D_9356354,0,8.893578e-05,0
LA_D_9389955,0,0.063570544,0
LA_D_9395637,0,0.0044041,0
LA_D_9405663,0,0.002361462,0
LA_D_9412084,0,0.0024917983,0
LA_D_9450434,0,0.004149253,0
LA_D_9454746,0,0.010315381,0
LA_D_9458104,0,0.017988317,0
LA_D_9483571,0,0.0059834155,0
LA_D_9484889,0,0.0018546812,0
LA_D_9553903,0,0.00024540574,0
LA_D_9570497,0,0.0016538847,0
LA_D_9579892,0,0.0041430336,0
LA_D_9645090,0,0.0012934838,0
LA_D_9645323,0,0.00013431098,0
LA_D_9663208,0,0.0004263633,0
LA_D_9676744,0,0.00011212146,0
LA_D_9724615,0,0.0034240705,0
LA_D_9749712,0,0.00400104,0
LA_D_9756382,0,0.015397317,0
LA_D_9764274,0,0.0007586874,0
LA_D_9781452,0,0.00046811765,0
LA_D_9798833,0,0.0010942271,0
LA_D_9811562,0,0.0013741041,0
LA_D_9818402,0,0.00070946413,0
LA_D_9822388,0,0.0005842937,0
LA_D_9846692,0,0.0017411147,0
LA_D_9862810,0,0.0017704279,0
LA_D_9901164,0,0.00021288347,0
LA_D_9903082,0,0.0086686555,0
LA_D_9933229,0,0.00055609655,0
LA_D_9965150,0,0.0009790998,0
LA_D_9985730,0,0.0013894439,0
LA_D_1025927,0,0.0009863047,0
LA_D_1070779,0,0.00040600647,0
LA_D_1088370,0,0.0039895563,0
LA_D_1091308,0,0.00054362847,0
LA_D_1105378,0,0.00047208677,0
LA_D_1111626,0,5.1861483e-05,0
LA_D_1114144,0,0.0067988867,0
LA_D_1150161,0,0.0008453445,0
LA_D_1165345,0,0.0025164054,0
LA_D_1168433,0,0.0003894084,0
LA_D_1195197,0,8.380634e-05,0
LA_D_1197810,0,4.112591e-05,0
LA_D_1274077,0,0.0004267152,0
LA_D_1296374,0,0.00060562533,0
LA_D_1354354,0,0.0018606617,0
LA_D_1514602,0,0.00021444952,0
LA_D_1519429,0,0.0012241849,0
LA_D_1548278,0,0.00039401045,0
LA_D_1677846,0,0.0012678432,0
LA_D_1683013,0,4.6052544e-05,0
LA_D_1725978,0,0.0031243656,0
LA_D_1776073,0,0.00023394525,0
LA_D_1848103,0,5.7979312e-05,0
LA_D_1886400,0,0.0018699549,0
LA_D_2016158,0,0.0001484286,0
LA_D_2064757,0,0.00032591244,0
LA_D_2101345,0,0.00066485774,0
LA_D_2115009,0,0.004528993,0
LA_D_2118489,0,0.00022615411,0
LA_D_2161752,0,7.137571e-05,0
LA_D_2177055,0,0.0019242952,0
LA_D_2197132,0,0.0136717195,0
LA_D_2239594,0,0.00020602469,0
LA_D_2270025,0,0.0017361762,0
LA_D_2314822,0,0.21368356,0
LA_D_2325645,0,0.00021311318,0
LA_D_2350572,0,0.00036052574,0
LA_D_2361735,0,0.00013969028,0
LA_D_2369381,0,0.0008995154,0
LA_D_2385054,0,0.00046951193,0
LA_D_2399485,0,0.0002652227,0
LA_D_2430078,0,0.0010302073,0
LA_D_2444810,0,0.00034053985,0
LA_D_2449761,0,0.0010237274,0
LA_D_2473428,0,0.00027962116,0
LA_D_2482996,0,0.00023786514,0
LA_D_2494496,0,0.0020045082,0
LA_D_2499979,0,0.0083068805,0
LA_D_2502418,0,8.6392974e-05,0
LA_D_2513024,0,0.00053252873,0
LA_D_2545209,0,0.0051468625,0
LA_D_2559493,0,0.00022748976,0
LA_D_2561400,0,0.00022302136,0
LA_D_2615945,0,0.00043114854,0
LA_D_2689404,0,0.0011607867,0
LA_D_2696306,0,0.00026583255,0
LA_D_2701856,0,0.0017862464,0
LA_D_2709995,0,0.034922745,0
LA_D_2715241,0,0.0023082877,0
LA_D_2738222,0,0.013685962,0
LA_D_2757833,0,0.0002605342,0
LA_D_2837325,0,0.0030506281,0
LA_D_2860670,0,0.0019746386,0
LA_D_2872772,0,0.015090322,0
LA_D_2990459,0,0.0003009952,0
LA_D_3051445,0,0.0004964059,0
LA_D_3065174,0,0.0010305557,0
LA_D_3085915,0,0.0017423399,0
LA_D_3087575,0,0.00021851648,0
LA_D_3087814,0,0.00038578064,0
LA_D_3146791,0,0.0007391745,0
LA_D_3182064,0,0.00526622,0
LA_D_3184170,0,0.00021955108,0
LA_D_3188234,0,0.04081311,0
LA_D_3207833,0,0.0008331826,0
LA_D_3305165,0,0.0003036347,0
LA_D_3329999,0,4.1710624e-05,0
LA_D_3387937,0,0.033996757,0
LA_D_3453232,0,0.00048407167,0
LA_D_3529673,0,0.0015308283,0
LA_D_3554651,0,0.00079520844,0
LA_D_3555349,0,0.001677755,0
LA_D_3580620,0,0.00029907952,0
LA_D_3666430,0,0.00062413205,0
LA_D_3689048,0,0.00015233645,0
LA_D_3694012,0,0.00042511165,0
LA_D_3725212,0,4.7136367e-05,0
LA_D_3738196,0,0.0014670982,0
LA_D_3751233,0,0.00026960584,0
LA_D_3775288,0,0.00041283472,0
LA_D_3792583,0,0.00025082185,0
LA_D_3795890,0,0.0002792647,0
LA_D_3813018,0,0.0010066848,0
LA_D_3862599,0,0.00541122,0
LA_D_3884845,0,9.7656164e-05,0
LA_D_3921032,0,0.0005993377,0
LA_D_3942424,0,0.072316416,0
LA_D_3991910,0,0.025022095,0
LA_D_4026006,0,0.00041189283,0
LA_D_4061704,0,0.0006060223,0
LA_D_4122895,0,0.00016995649,0
LA_D_4148951,0,0.00017197576,0
LA_D_4213958,0,0.0005154723,0
LA_D_4254213,0,0.00047836363,0
LA_D_4254629,0,0.0009359845,0
LA_D_4265541,0,0.0014841824,0
LA_D_4308561,0,0.001534379,0
LA_D_4309636,0,0.009786029,0
LA_D_4338918,0,0.0021889086,0
LA_D_4344561,0,0.0011565606,0
LA_D_4388836,0,0.012511816,0
LA_D_4397256,0,0.00028281382,0
LA_D_4441414,0,0.002911594,0
LA_D_4442289,0,0.0004899575,0
LA_D_4530557,0,0.0052928245,0
LA_D_4543139,0,0.00027286596,0
LA_D_4547626,0,0.00088170485,0
LA_D_4591057,0,0.0007702051,0
LA_D_4698607,0,0.003868652,0
LA_D_4725187,0,0.012906238,0
LA_D_4737267,0,0.00013199213,0
LA_D_4859938,0,0.00013379584,0
LA_D_4860228,0,0.0019477998,0
LA_D_4900313,0,0.00036079084,0
LA_D_4952907,0,0.00085771264,0
LA_D_4961829,0,0.0005445848,0
LA_D_4966175,0,0.002197871,0
LA_D_4993211,0,0.0005115338,0
LA_D_5046909,0,0.0022629767,0
LA_D_5052184,0,0.0018704339,0
LA_D_5058489,0,0.01867481,0
LA_D_5076123,0,0.00026934763,0
LA_D_5077681,0,0.0001582229,0
LA_D_5126998,0,0.000533691,0
LA_D_5147912,0,0.00068184466,0
LA_D_5216508,0,0.000583366,0
LA_D_5216823,0,0.004572722,0
LA_D_5265768,0,0.00092726125,0
LA_D_5271956,0,0.0004998439,0
LA_D_5276027,0,0.00021246434,0
LA_D_5357932,0,0.00049990066,0
LA_D_5437115,0,9.358271e-05,0
LA_D_5456457,0,0.0010485232,0
LA_D_5485139,0,0.0007829481,0
LA_D_5486734,0,0.00050291023,0
LA_D_5498432,0,0.0009138088,0
LA_D_5502789,0,0.0034762113,0
LA_D_5548039,0,0.00011987341,0
LA_D_5553386,0,0.00112442,0
LA_D_5607232,0,0.0014897458,0
LA_D_5683175,0,0.0027640776,0
LA_D_5704173,0,0.00222432,0
LA_D_5751531,0,5.418856e-05,0
LA_D_5849620,0,0.00052987,0
LA_D_5853595,0,0.001149208,0
LA_D_5858013,0,6.791782e-05,0
LA_D_5918268,0,0.00065139646,0
LA_D_5918480,0,0.006675716,0
LA_D_5934239,0,0.0005749643,0
LA_D_5940340,0,0.00012132731,0
LA_D_5952895,0,8.273146e-05,0
LA_D_5991891,0,0.0003434242,0
LA_D_6009636,0,0.0014506577,0
LA_D_6035108,0,0.00029153316,0
LA_D_6087781,0,0.0121602,0
LA_D_6124472,0,0.0027711196,0
LA_D_6165551,0,0.0003475775,0
LA_D_6180201,0,0.016683022,0
LA_D_6253995,0,0.02583106,0
LA_D_6271904,0,3.3062002e-05,0
LA_D_6322470,0,0.0008445462,0
LA_D_6363189,0,0.00033559796,0
LA_D_6365603,0,0.00019548318,0
LA_D_6379749,0,0.056929324,0
LA_D_6423611,0,0.00038092496,0
LA_D_6424276,0,0.014683139,0
LA_D_6435266,0,0.00033012975,0
LA_D_6463589,0,0.0048194784,0
LA_D_6474870,0,0.00096645544,0
LA_D_6606839,0,0.0011468274,0
LA_D_6633566,0,0.0003213048,0
LA_D_6642678,0,0.0030585683,0
LA_D_6666182,0,0.00077013834,0
LA_D_6707722,0,0.0034907581,0
LA_D_6813740,0,0.0011181872,0
LA_D_6859973,0,0.0006182663,0
LA_D_6948552,0,0.012371695,0
LA_D_6962147,0,0.0015340792,0
LA_D_6978904,0,0.0008634144,0
LA_D_7043976,0,0.0001671552,0
LA_D_7067028,0,0.00046270565,0
LA_D_7100242,0,0.0005357121,0
LA_D_7120318,0,4.6999427e-05,0
LA_D_7135654,0,9.260055e-05,0
LA_D_7170139,0,0.0012975371,0
LA_D_7189435,0,0.00074664527,0
LA_D_7193344,0,0.0008041928,0
LA_D_7228303,0,0.0022129621,0
LA_D_7256748,0,0.0011863698,0
LA_D_7298589,0,4.3014505e-05,0
LA_D_7299439,0,0.00058863265,0
LA_D_7325586,0,0.0037989249,0
LA_D_7355604,0,0.0023684958,0
LA_D_7360950,0,0.00010087489,0
LA_D_7402503,0,0.026642326,0
LA_D_7411256,0,0.0003040675,0
LA_D_7430939,0,0.00022961265,0
LA_D_7436720,0,0.0010453416,0
LA_D_7469397,0,0.0040775375,0
LA_D_7487831,0,0.00041839463,0
LA_D_7501132,0,0.0050630984,0
LA_D_7529532,0,0.0001994836,0
LA_D_7575803,0,0.0027542661,0
LA_D_7620039,0,0.00018655472,0
LA_D_7628615,0,0.0019466709,0
LA_D_7652023,0,0.00034346877,0
LA_D_7664721,0,0.00022074123,0
LA_D_7672778,0,8.492775e-05,0
LA_D_7720647,0,0.0010006645,0
LA_D_7738175,0,0.00058941887,0
LA_D_7742793,0,0.0003052031,0
LA_D_7794367,0,0.002338647,0
LA_D_7794776,0,0.0011914677,0
LA_D_7834454,0,0.0005991688,0
LA_D_7874436,0,0.00012816903,0
LA_D_7877117,0,0.0007973083,0
LA_D_7882779,0,0.0005006982,0
LA_D_7901691,0,3.8559956e-05,0
LA_D_7957664,0,0.021824643,0
LA_D_7964973,0,0.0021558334,0
LA_D_7990145,0,0.001529715,0
LA_D_8008446,0,0.00027913213,0
LA_D_8012683,0,6.574253e-05,0
LA_D_8022264,0,0.00055128115,0
LA_D_8038151,0,0.0007169508,0
LA_D_8043094,0,0.00035395636,0
LA_D_8069736,0,0.000362723,0
LA_D_8076952,0,0.010668926,0
LA_D_8088423,0,0.0010304556,0
LA_D_8113627,0,0.0006926357,0
LA_D_8126699,0,0.00022447607,0
LA_D_8155157,0,0.0075771045,0
LA_D_8229090,0,0.01770115,0
LA_D_8259778,0,0.001062359,0
LA_D_8259798,0,0.00066840096,0
LA_D_8260717,0,0.00057670573,0
LA_D_8284400,0,0.0027117904,0
LA_D_8382417,0,0.0014138765,0
LA_D_8389167,0,0.0004796142,0
LA_D_8407147,0,0.0013416627,0
LA_D_8407252,0,0.00015751676,0
LA_D_8440240,0,0.0026929686,0
LA_D_8459341,0,0.0001749464,0
LA_D_8470242,0,0.0024023068,0
LA_D_8486261,0,0.049114797,0
LA_D_8508542,0,0.00033435412,0
LA_D_8516649,0,0.00073390856,0
LA_D_8537694,0,0.0014730603,0
LA_D_8557721,0,0.00071962207,0
LA_D_8576711,0,0.00024383748,0
LA_D_8609765,0,3.2403073e-05,0
LA_D_8668147,0,0.00022419951,0
LA_D_8713999,0,0.002859725,0
LA_D_8724573,0,0.0001260432,0
LA_D_8791416,0,0.007862098,0
LA_D_8840275,0,0.0013671063,0
LA_D_8850840,0,0.0007952664,0
LA_D_8866986,0,0.00016957964,0
LA_D_8890967,0,0.00037229186,0
LA_D_8911190,0,0.0009349247,0
LA_D_9044209,0,0.0003577443,0
LA_D_9120091,0,0.006348853,0
LA_D_9121380,0,0.00019238096,0
LA_D_9125336,0,0.0015162159,0
LA_D_9196227,0,0.0006325865,0
LA_D_9197432,0,0.00020246836,0
LA_D_9235322,0,0.00038400624,0
LA_D_9238626,0,0.00032223246,0
LA_D_9288877,0,0.021825634,0
LA_D_9304694,0,0.00014867904,0
LA_D_9326060,0,0.6071909,1
LA_D_9348134,0,0.14948875,0
LA_D_9372553,0,0.0008743464,0
LA_D_9399909,0,0.0010006307,0
LA_D_9419011,0,0.0012317279,0
LA_D_9428145,0,0.0002087278,0
LA_D_9462541,0,0.00019403009,0
LA_D_9507060,0,0.00019558759,0
LA_D_9535689,0,0.04996119,0
LA_D_9538442,0,0.00079596654,0
LA_D_9553419,0,0.0012591892,0
LA_D_9642966,0,0.059966795,0
LA_D_9660901,0,0.00048054868,0
LA_D_9731600,0,0.0006410934,0
LA_D_9751873,0,0.0011619582,0
LA_D_9758752,0,0.00027547314,0
LA_D_9763964,0,0.0014840842,0
LA_D_9769587,0,0.00039925383,0
LA_D_9779377,0,0.006021532,0
LA_D_9781045,0,0.0027751047,0
LA_D_9805942,0,0.00080152164,0
LA_D_9818011,0,0.005615673,0
LA_D_9880830,0,0.00023078558,0
LA_D_9887916,0,0.002146371,0
LA_D_9888937,0,0.0007047776,0
LA_D_9918902,0,0.00090137887,0
LA_D_9958640,0,0.052127928,0
LA_D_9978941,0,0.00013635191,0
LA_D_1005592,0,0.00029940988,0
LA_D_1017104,0,0.0009508337,0
LA_D_1071228,0,0.0008903387,0
LA_D_1089739,0,0.0004255112,0
LA_D_1119673,0,0.00013874128,0
LA_D_1123797,0,0.00079311634,0
LA_D_1138261,0,0.0008647005,0
LA_D_1184930,0,0.00054237753,0
LA_D_1194428,0,0.0034703754,0
LA_D_1235178,0,0.00062084495,0
LA_D_1236265,0,0.00076925335,0
LA_D_1271546,0,0.00082077744,0
LA_D_1298389,0,0.041155826,0
LA_D_1304868,0,0.027122356,0
LA_D_1315293,0,0.0034359414,0
LA_D_1324364,0,0.001789902,0
LA_D_1416914,0,0.0020407515,0
LA_D_1419805,0,0.00029861968,0
LA_D_1432926,0,0.0006877692,0
LA_D_1452190,0,0.0032566478,0
LA_D_1462753,0,0.0007803995,0
LA_D_1483747,0,0.008354214,0
LA_D_1500142,0,0.0020946458,0
LA_D_1524995,0,0.56080747,1
LA_D_1662418,0,0.007308134,0
LA_D_1664723,0,0.0034655435,0
LA_D_1672244,0,0.00057589915,0
LA_D_1679777,0,0.00373583,0
LA_D_1709196,0,0.0016062242,0
LA_D_1752633,0,0.0014105277,0
LA_D_1761574,0,0.0023546785,0
LA_D_1784041,0,0.0038047582,0
LA_D_1842681,0,0.007829908,0
LA_D_1856279,0,0.0062002577,0
LA_D_1872403,0,0.0022877608,0
LA_D_1874306,0,0.0037815878,0
LA_D_1895641,0,0.019883303,0
LA_D_1940643,0,0.0007048519,0
LA_D_1947826,0,0.0038125739,0
LA_D_2040400,0,0.0054972046,0
LA_D_2053619,0,0.0754415,0
LA_D_2055633,0,0.004533682,0
LA_D_2058117,0,0.001581485,0
LA_D_2078823,0,0.0015723289,0
LA_D_2090075,0,0.0021351096,0
LA_D_2094128,0,0.0049659903,0
LA_D_2108473,0,0.0021125146,0
LA_D_2121290,0,0.0014021866,0
LA_D_2155552,0,0.0008456466,0
LA_D_2177857,0,0.00055426965,0
LA_D_2187583,0,0.00076351134,0
LA_D_2188055,0,0.00054078706,0
LA_D_2197517,0,0.0015390966,0
LA_D_2251028,0,0.0014423095,0
LA_D_2256955,0,0.0012703587,0
LA_D_2258916,0,0.29824966,0
LA_D_2273809,0,0.015947541,0
LA_D_2320593,0,0.0027620671,0
LA_D_2325262,0,0.0007448689,0
LA_D_2327064,0,8.907626e-05,0
LA_D_2336355,0,0.017457265,0
LA_D_2339979,0,0.002990501,0
LA_D_2348570,0,0.00023646181,0
LA_D_2359956,0,0.0026910794,0
LA_D_2365570,0,0.0010344421,0
LA_D_2408058,0,0.000987265,0
LA_D_2466743,0,0.00018718869,0
LA_D_2511400,0,0.007829648,0
LA_D_2513311,0,0.0049422304,0
LA_D_2525166,0,0.003215538,0
LA_D_2526953,0,0.0006677773,0
LA_D_2536374,0,0.0018906144,0
LA_D_2549595,0,0.00546283,0
LA_D_2554799,0,0.00018836663,0
LA_D_2573708,0,0.00029667185,0
LA_D_2583177,0,0.0015209377,0
LA_D_2590592,0,0.0032471702,0
LA_D_2606185,0,0.0023545744,0
LA_D_2609934,0,0.22140148,0
LA_D_2634577,0,0.00013633708,0
LA_D_2655716,0,0.9448301,1
LA_D_2704448,0,0.0011685115,0
LA_D_2757626,0,0.0031742065,0
LA_D_2810400,0,0.01122899,0
LA_D_2819802,0,0.0036594342,0
LA_D_2848309,0,0.00064882485,0
LA_D_2882142,0,0.003241995,0
LA_D_2919295,0,0.0012733241,0
LA_D_2928353,0,0.01471066,0
LA_D_2949136,0,0.00699928,0
LA_D_2952257,0,0.0035885181,0
LA_D_3010217,0,0.0010510695,0
LA_D_3022940,0,0.004321993,0
LA_D_3037806,0,0.0004403665,0
LA_D_3055189,0,0.00066723884,0
LA_D_3059743,0,0.0072798226,0
LA_D_3067081,0,0.0066711074,0
LA_D_3113480,0,0.00020192853,0
LA_D_3147303,0,0.027256392,0
LA_D_3160896,0,0.0027697284,0
LA_D_3165418,0,0.0057988446,0
LA_D_3184710,0,5.139926e-05,0
LA_D_3194471,0,0.00016775684,0
LA_D_3237813,0,0.0090872105,0
LA_D_3255851,0,0.0024753415,0
LA_D_3274443,0,0.00040487153,0
LA_D_3333538,0,0.00070931675,0
LA_D_3336409,0,0.046060365,0
LA_D_3340917,0,0.004593227,0
LA_D_3342540,0,0.0016227269,0
LA_D_3345119,0,0.0017271601,0
LA_D_3369880,0,0.001011684,0
LA_D_3451614,0,0.0014244994,0
LA_D_3453583,0,0.0011406357,0
LA_D_3473084,0,0.00030091516,0
LA_D_3513996,0,0.00026706237,0
LA_D_3522504,0,0.039078962,0
LA_D_3543525,0,0.012818486,0
LA_D_3563525,0,0.004089149,0
LA_D_3565784,0,0.21706156,0
LA_D_3604092,0,9.323213e-05,0
LA_D_3643393,0,0.0013717649,0
LA_D_3682617,0,0.0024457078,0
LA_D_3690238,0,0.0023522165,0
LA_D_3693927,0,0.0092697125,0
LA_D_3724557,0,0.00060583954,0
LA_D_3727131,0,0.0012699002,0
LA_D_3747721,0,0.01330604,0
LA_D_3762352,0,0.00246096,0
LA_D_3762413,0,0.0006633568,0
LA_D_3795957,0,0.0008972278,0
LA_D_3833530,0,0.006172633,0
LA_D_3841427,0,0.008890452,0
LA_D_3844016,0,0.0007922431,0
LA_D_3853070,0,0.00016654888,0
LA_D_3858259,0,0.0021855764,0
LA_D_3864466,0,0.0008440518,0
LA_D_3878565,0,0.0005274133,0
LA_D_3887071,0,0.0003819657,0
LA_D_3907775,0,0.0021994256,0
LA_D_3912535,0,0.001453541,0
LA_D_3971907,0,0.0034328224,0
LA_D_4015028,0,0.00417934,0
LA_D_4019149,0,0.0015487744,0
LA_D_4044179,0,0.001393282,0
LA_D_4077010,0,0.0003736068,0
LA_D_4078062,0,0.00514234,0
LA_D_4087578,0,0.0015960642,0
LA_D_4119669,0,0.0008691628,0
LA_D_4196841,0,0.00016364841,0
LA_D_4204929,0,0.00052108837,0
LA_D_4216338,0,0.00047577746,0
LA_D_4225586,0,0.0018129271,0
LA_D_4271111,0,0.014770294,0
LA_D_4330957,0,0.0022740555,0
LA_D_4351186,0,0.0012774756,0
LA_D_4369287,0,0.002946835,0
LA_D_4371162,0,0.005816484,0
LA_D_4372097,0,0.0022239983,0
LA_D_4392498,0,0.0023304538,0
LA_D_4421919,0,0.021136742,0
LA_D_4435369,0,0.0051166387,0
LA_D_4473107,0,0.0016541114,0
LA_D_4473772,0,0.00063247705,0
LA_D_4476636,0,0.00045274702,0
LA_D_4511459,0,0.0020262355,0
LA_D_4517588,0,0.0006069529,0
LA_D_4522076,0,0.0005169119,0
LA_D_4547827,0,0.0028408573,0
LA_D_4548848,0,0.007842625,0
LA_D_4549046,0,0.00022272045,0
LA_D_4552949,0,0.00949579,0
LA_D_4556350,0,0.017516105,0
LA_D_4560028,0,3.8986804e-05,0
LA_D_4589938,0,0.0053961915,0
LA_D_4647925,0,0.00045038943,0
LA_D_4677050,0,0.00019515466,0
LA_D_4677377,0,0.00068031636,0
LA_D_4692792,0,0.0010902159,0
LA_D_4722390,0,0.00031624478,0
LA_D_4726412,0,0.006130615,0
LA_D_4759329,0,0.0005716578,0
LA_D_4769411,0,0.0012727082,0
LA_D_4815771,0,0.0012812659,0
LA_D_4835175,0,0.0005398544,0
LA_D_4878294,0,0.00057208183,0
LA_D_4884849,0,0.001060104,0
LA_D_4948187,0,0.00091500155,0
LA_D_4983386,0,0.0042284364,0
LA_D_4988682,0,0.0037485373,0
LA_D_4990524,0,0.000757118,0
LA_D_5092281,0,0.0009452326,0
LA_D_5104889,0,0.00014749603,0
LA_D_5107370,0,0.002110011,0
LA_D_5116107,0,0.0122814,0
LA_D_5132318,0,0.000955487,0
LA_D_5163704,0,0.0017590314,0
LA_D_5196824,0,0.0023120798,0
LA_D_5264237,0,0.0020136808,0
LA_D_5284683,0,0.00064887054,0
LA_D_5294702,0,0.00074725354,0
LA_D_5308837,0,0.0024780121,0
LA_D_5319328,0,0.9738096,1
LA_D_5320629,0,0.0010556354,0
LA_D_5333215,0,0.0006030354,0
LA_D_5346392,0,0.001755774,0
LA_D_5349000,0,0.0001930145,0
LA_D_5381348,0,0.0016325132,0
LA_D_5386355,0,0.00054565514,0
LA_D_5423506,0,0.0015790896,0
LA_D_5502502,0,0.0065724635,0
LA_D_5516998,0,0.0015268131,0
LA_D_5542812,0,0.0035953273,0
LA_D_5549392,0,0.0039284993,0
LA_D_5551300,0,0.0038564126,0
LA_D_5560341,0,0.0008257798,0
LA_D_5592243,0,0.00019110195,0
LA_D_5597425,0,0.0033686499,0
LA_D_5604504,0,0.0069003142,0
LA_D_5611758,0,0.0026346045,0
LA_D_5622113,0,0.0011825097,0
LA_D_5635812,0,0.0031902487,0
LA_D_5638131,0,0.0015484057,0
LA_D_5644863,0,0.0044308617,0
LA_D_5646947,0,0.0008070905,0
LA_D_5649166,0,0.0016002358,0
LA_D_5650071,0,0.010713339,0
LA_D_5698354,0,0.0019257619,0
LA_D_5728145,0,0.020402597,0
LA_D_5737821,0,0.0015179233,0
LA_D_5766266,0,0.0009447401,0
LA_D_5802470,0,0.02848663,0
LA_D_5809161,0,0.00047368722,0
LA_D_5922608,0,0.0009010405,0
LA_D_5972807,0,0.0006459872,0
LA_D_5972863,0,0.047947105,0
LA_D_5985773,0,0.0061061624,0
LA_D_5999948,0,0.0018453134,0
LA_D_6064950,0,0.000684717,0
LA_D_6073336,0,0.0011015466,0
LA_D_6121830,0,0.0004356127,0
LA_D_6126930,0,0.0010890649,0
LA_D_6137882,0,0.0042955666,0
LA_D_6145183,0,0.006187285,0
LA_D_6192981,0,0.3296381,0
LA_D_6210899,0,0.015749369,0
LA_D_6238691,0,0.00011523033,0
LA_D_6250547,0,0.0013740034,0
LA_D_6325513,0,0.00033833788,0
LA_D_6370946,0,0.0003443561,0
LA_D_6412057,0,0.008930891,0
LA_D_6438449,0,0.00010978336,0
LA_D_6444645,0,0.00044750285,0
LA_D_6445805,0,0.015211732,0
LA_D_6454007,0,0.0017135653,0
LA_D_6502788,0,0.009245457,0
LA_D_6519360,0,0.0010786297,0
LA_D_6533276,0,0.008547515,0
LA_D_6578873,0,0.0045532687,0
LA_D_6584339,0,0.0017329694,0
LA_D_6603129,0,0.01336462,0
LA_D_6615635,0,0.0005471613,0
LA_D_6647057,0,0.0016734637,0
LA_D_6671090,0,0.0015361755,0
LA_D_6715407,0,0.0006278878,0
LA_D_6719481,0,0.00016663292,0
LA_D_6739250,0,0.0026486397,0
LA_D_6743731,0,0.0015272843,0
LA_D_6757219,0,0.003997581,0
LA_D_6768882,0,0.0076311524,0
LA_D_6783067,0,0.02219592,0
LA_D_6797077,0,0.0031422847,0
LA_D_6817962,0,0.0017437157,0
LA_D_6843783,0,0.0022661078,0
LA_D_6876570,0,0.0006418597,0
LA_D_6938333,0,0.0021505163,0
LA_D_6997711,0,0.00995866,0
LA_D_7002448,0,0.0003086407,0
LA_D_7060794,0,0.0050680414,0
LA_D_7068603,0,0.0020811944,0
LA_D_7079905,0,0.008876434,0
LA_D_7083743,0,0.0002504464,0
LA_D_7096702,0,0.003902348,0
LA_D_7107378,0,0.019401787,0
LA_D_7110350,0,0.00045680357,0
LA_D_7112173,0,0.0017442554,0
LA_D_7137251,0,0.003817119,0
LA_D_7155130,0,8.743443e-05,0
LA_D_7160941,0,0.005439025,0
LA_D_7190149,0,0.00012810282,0
LA_D_7194318,0,0.0001516793,0
LA_D_7195145,0,0.007890266,0
LA_D_7221029,0,0.09483856,0
LA_D_7234853,0,0.00064033066,0
LA_D_7236553,0,0.0012075555,0
LA_D_7241235,0,0.00040528024,0
LA_D_7266503,0,0.0018312433,0
LA_D_7274033,0,0.0007502192,0
LA_D_7282121,0,0.00061794906,0
LA_D_7283042,0,0.00027114144,0
LA_D_7301396,0,0.004159458,0
LA_D_7337144,0,0.0024947147,0
LA_D_7359279,0,0.00029844776,0
LA_D_7364828,0,0.0015907595,0
LA_D_7402167,0,0.0074936175,0
LA_D_7466534,0,0.0020190994,0
LA_D_7469833,0,0.00065737637,0
LA_D_7482154,0,0.00015133257,0
LA_D_7493771,0,0.0050628292,0
LA_D_7522206,0,0.0005836013,0
LA_D_7543487,0,0.00034817046,0
LA_D_7553595,0,0.0007855331,0
LA_D_7553690,0,0.04069129,0
LA_D_7572414,0,0.0009541379,0
LA_D_7575804,0,0.0043027042,0
LA_D_7601300,0,0.0035847551,0
LA_D_7619301,0,0.00056897843,0
LA_D_7628765,0,0.00091126736,0
LA_D_7641817,0,0.017226964,0
LA_D_7671320,0,0.0012734951,0
LA_D_7744640,0,0.00021285123,0
LA_D_7745958,0,0.00804186,0
LA_D_7751409,0,0.0025188446,0
LA_D_7754254,0,0.008616412,0
LA_D_7766160,0,0.04521339,0
LA_D_7806845,0,0.0011173844,0
LA_D_7817451,0,0.096714504,0
LA_D_7848216,0,0.0034941167,0
LA_D_7865668,0,0.0002603708,0
LA_D_7880550,0,0.005231255,0
LA_D_7900417,0,0.0010301995,0
LA_D_7944104,0,0.0015124673,0
LA_D_7965354,0,0.0025852188,0
LA_D_8005673,0,0.0024390286,0
LA_D_8008070,0,0.015839221,0
LA_D_8034675,0,0.00017657298,0
LA_D_8077746,0,0.6263557,1
LA_D_8086986,0,0.0024725536,0
LA_D_8124456,0,0.00061086414,0
LA_D_8149746,0,0.0017360118,0
LA_D_8151843,0,0.0022489286,0
LA_D_8155810,0,0.00052774645,0
LA_D_8172857,0,0.00097631925,0
LA_D_8183663,0,0.0004073888,0
LA_D_8220630,0,0.000120032164,0
LA_D_8344758,0,0.0015082576,0
LA_D_8358680,0,0.0004738708,0
LA_D_8365140,0,0.00054346555,0
LA_D_8373134,0,0.00047846118,0
LA_D_8408092,0,0.0020140354,0
LA_D_8411257,0,7.962318e-05,0
LA_D_8412782,0,0.00068213866,0
LA_D_8441726,0,0.0022305972,0
LA_D_8462223,0,0.0006740334,0
LA_D_8466822,0,0.008747215,0
LA_D_8493812,0,0.0010853761,0
LA_D_8495778,0,0.0055616247,0
LA_D_8541558,0,0.00088291086,0
LA_D_8569874,0,0.0009516145,0
LA_D_8572723,0,0.009395523,0
LA_D_8586748,0,0.005817764,0
LA_D_8617975,0,0.00028996338,0
LA_D_8651574,0,0.0005616805,0
LA_D_8654167,0,0.0006671733,0
LA_D_8655579,0,0.00076503167,0
LA_D_8686332,0,0.0033698825,0
LA_D_8691764,0,0.02562313,0
LA_D_8695868,0,0.005660295,0
LA_D_8714770,0,0.008784871,0
LA_D_8714999,0,0.0005351793,0
LA_D_8792415,0,0.0047249887,0
LA_D_8793112,0,0.015035403,0
LA_D_8926176,0,0.0023860354,0
LA_D_8951929,0,0.00051973667,0
LA_D_8975144,0,0.00018744159,0
LA_D_9078703,0,0.0003043999,0
LA_D_9082615,0,0.002737128,0
LA_D_9090962,0,0.0022394112,0
LA_D_9120912,0,0.0011361592,0
LA_D_9141931,0,0.00090864813,0
LA_D_9162826,0,0.00086982513,0
LA_D_9214389,0,0.00092788704,0
LA_D_9254571,0,0.0005798369,0
LA_D_9270459,0,0.010903691,0
LA_D_9283838,0,0.0012296225,0
LA_D_9286223,0,0.7018348,1
LA_D_9318537,0,0.008865809,0
LA_D_9347029,0,0.0024945012,0
LA_D_9350453,0,0.0009597506,0
LA_D_9362885,0,0.0014156684,0
LA_D_9415159,0,0.002128813,0
LA_D_9479212,0,0.0004475771,0
LA_D_9500532,0,0.0001853593,0
LA_D_9504776,0,0.0001991814,0
LA_D_9508280,0,0.0007672398,0
LA_D_9512282,0,0.009764021,0
LA_D_9541853,0,0.0077145174,0
LA_D_9554955,0,0.00026551695,0
LA_D_9587491,0,0.0018215593,0
LA_D_9641664,0,0.049417328,0
LA_D_9656378,0,0.012177477,0
LA_D_9664614,0,0.0006819792,0
LA_D_9669521,0,0.00055009365,0
LA_D_9702949,0,0.0021523929,0
LA_D_9704152,0,0.0008233755,0
LA_D_9715643,0,0.0013121001,0
LA_D_9785400,0,0.004443462,0
LA_D_9811495,0,0.0010802972,0
LA_D_9821568,0,0.0048524966,0
LA_D_9844896,0,0.0013741801,0
LA_D_9880739,0,0.055870056,0
LA_D_9884237,0,0.0027175946,0
LA_D_9954215,0,0.1533924,0
LA_D_9997481,0,0.0005261227,0
LA_D_1014313,0,0.005985344,0
LA_D_1024828,0,0.2640388,0
LA_D_1042957,0,0.09960249,0
LA_D_1071755,0,0.03144531,0
LA_D_1077260,0,0.8659017,1
LA_D_1099918,0,0.32123414,0
LA_D_1116049,0,0.3989841,0
LA_D_1126375,0,0.995005,1
LA_D_1127824,0,0.50874513,1
LA_D_1132441,0,0.015380189,0
LA_D_1180208,0,0.050522223,0
LA_D_1204522,0,0.017969524,0
LA_D_1207010,0,0.042081095,0
LA_D_1233437,0,0.043298334,0
LA_D_1240926,0,0.008798304,0
LA_D_1251239,0,0.045325316,0
LA_D_1267409,0,0.7228921,1
LA_D_1285082,0,0.011412694,0
LA_D_1352376,0,0.20861839,0
LA_D_1384883,0,0.007231401,0
LA_D_1426626,0,0.011288446,0
LA_D_1434059,0,0.0025196187,0
LA_D_1441868,0,0.017718513,0
LA_D_1452163,0,0.25717762,0
LA_D_1500944,0,0.0051286262,0
LA_D_1512410,0,0.6083243,1
LA_D_1513571,0,0.10599066,0
LA_D_1518705,0,0.7444087,1
LA_D_1535257,0,0.49159014,0
LA_D_1553232,0,0.038020562,0
LA_D_1553263,0,0.01736353,0
LA_D_1569272,0,0.12638524,0
LA_D_1575988,0,0.042948473,0
LA_D_1579120,0,0.004002914,0
LA_D_1601204,0,0.011802354,0
LA_D_1638191,0,0.31234735,0
LA_D_1638389,0,0.030847993,0
LA_D_1670814,0,0.124129236,0
LA_D_1751935,0,0.49717128,0
LA_D_1759072,0,0.017430352,0
LA_D_1809228,0,0.0057072467,0
LA_D_1812790,0,0.059879594,0
LA_D_1861177,0,0.8884953,1
LA_D_1978644,0,0.09458584,0
LA_D_1987685,0,0.019462775,0
LA_D_2024850,0,0.7568544,1
LA_D_2043551,0,0.7448525,1
LA_D_2043751,0,0.021021472,0
LA_D_2057469,0,0.982946,1
LA_D_2058715,0,0.4771181,0
LA_D_2081076,0,0.0020230908,0
LA_D_2085107,0,0.5134404,1
LA_D_2095161,0,0.05347509,0
LA_D_2119575,0,0.012137641,0
LA_D_2155597,0,0.95874846,1
LA_D_2156358,0,0.010288758,0
LA_D_2177130,0,0.12620902,0
LA_D_2180081,0,0.015077839,0
LA_D_2187146,0,0.122797735,0
LA_D_2218719,0,0.27860972,0
LA_D_2224413,0,0.037747797,0
LA_D_2281393,0,0.094929844,0
LA_D_2287659,0,0.039809126,0
LA_D_2288437,0,0.039043173,0
LA_D_2291030,0,0.046415146,0
LA_D_2320491,0,0.40355036,0
LA_D_2381849,0,0.18083103,0
LA_D_2393251,0,0.10871497,0
LA_D_2419226,0,0.024520261,0
LA_D_2428132,0,0.11732567,0
LA_D_2464440,0,0.06433931,0
LA_D_2503748,0,0.003163694,0
LA_D_2519550,0,0.020872816,0
LA_D_2531153,0,0.023148289,0
LA_D_2534355,0,0.007469915,0
LA_D_2691767,0,0.024052065,0
LA_D_2694236,0,0.12367535,0
LA_D_2710357,0,0.35738367,0
LA_D_2762751,0,0.07320971,0
LA_D_2808783,0,0.04307013,0
LA_D_2818034,0,0.006269977,0
LA_D_2869657,0,0.53076947,1
LA_D_2903866,0,0.0027689727,0
LA_D_2939027,0,0.0067302785,0
LA_D_2943864,0,0.24148187,0
LA_D_2950963,0,0.25854048,0
LA_D_2959991,0,0.0038783944,0
LA_D_2973320,0,0.19639045,0
LA_D_2976593,0,0.011762907,0
LA_D_2999920,0,0.0103031555,0
LA_D_3053759,0,0.011199545,0
LA_D_3055355,0,0.014694152,0
LA_D_3061231,0,0.34654212,0
LA_D_3165119,0,0.06392881,0
LA_D_3192893,0,0.009843966,0
LA_D_3249889,0,0.012495547,0
LA_D_3260017,0,0.06478676,0
LA_D_3262004,0,0.07706506,0
LA_D_3275650,0,0.031714253,0
LA_D_3280997,0,0.16049087,0
LA_D_3297516,0,0.5536234,1
LA_D_3297875,0,0.09217537,0
LA_D_3324145,0,0.1340154,0
LA_D_3330227,0,0.00755894,0
LA_D_3332389,0,0.051861733,0
LA_D_3397300,0,0.006314581,0
LA_D_3408868,0,0.10576721,0
LA_D_3424132,0,0.0220487,0
LA_D_3446499,0,0.26411542,0
LA_D_3449245,0,0.018117629,0
LA_D_3453122,0,0.015370277,0
LA_D_3475079,0,0.015170593,0
LA_D_3480390,0,0.00804297,0
LA_D_3514423,0,0.42984387,0
LA_D_3562518,0,0.2665697,0
LA_D_3595306,0,0.011434395,0
LA_D_3626249,0,0.012936051,0
LA_D_3630332,0,0.070526145,0
LA_D_3632818,0,0.35420635,0
LA_D_3645061,0,0.1791375,0
LA_D_3656100,0,0.036202166,0
LA_D_3662597,0,0.015469131,0
LA_D_3690818,0,0.06570464,0
LA_D_3695181,0,0.020057749,0
LA_D_3701347,0,0.09490375,0
LA_D_3706611,0,0.15258418,0
LA_D_3708066,0,0.043568723,0
LA_D_3715432,0,0.8233715,1
LA_D_3716647,0,0.7031913,1
LA_D_3761840,0,0.03504377,0
LA_D_3768134,0,0.06581219,0
LA_D_3803199,0,0.0032248884,0
LA_D_3809615,0,0.027630892,0
LA_D_3845345,0,0.21200228,0
LA_D_3859553,0,0.0030103992,0
LA_D_3866706,0,0.013972978,0
LA_D_3901587,0,0.03380042,0
LA_D_3903524,0,0.0087308,0
LA_D_3928545,0,0.042456795,0
LA_D_3945330,0,0.020559711,0
LA_D_3977795,0,0.027288258,0
LA_D_3991143,0,0.02306816,0
LA_D_4022595,0,0.016245844,0
LA_D_4047883,0,0.09722939,0
LA_D_4052518,0,0.3932287,0
LA_D_4073912,0,0.06269235,0
LA_D_4118240,0,0.017539456,0
LA_D_4134557,0,0.10310725,0
LA_D_4140180,0,0.053227827,0
LA_D_4195410,0,0.08195763,0
LA_D_4195724,0,0.015193771,0
LA_D_4230421,0,0.0681987,0
LA_D_4249396,0,0.02536973,0
LA_D_4277404,0,0.027278723,0
LA_D_4344378,0,0.76066244,1
LA_D_4350681,0,0.21852112,0
LA_D_4362776,0,0.96633863,1
LA_D_4382023,0,0.07038721,0
LA_D_4418208,0,0.01711624,0
LA_D_4427787,0,0.8066188,1
LA_D_4429694,0,0.34055167,0
LA_D_4495277,0,0.04537602,0
LA_D_4546830,0,0.02797746,0
LA_D_4548869,0,0.019547028,0
LA_D_4581852,0,0.12594116,0
LA_D_4582489,0,0.024759686,0
LA_D_4651240,0,0.027867641,0
LA_D_4663597,0,0.5700425,1
LA_D_4727007,0,0.052625835,0
LA_D_4813632,0,0.013099073,0
LA_D_4827346,0,0.021797912,0
LA_D_4830689,0,0.52856684,1
LA_D_4857310,0,0.1577687,0
LA_D_4862951,0,0.23656067,0
LA_D_4882559,0,0.12631992,0
LA_D_4886495,0,0.016865166,0
LA_D_4894867,0,0.0183039,0
LA_D_4904445,0,0.04102882,0
LA_D_4909424,0,0.98288494,1
LA_D_4929736,0,0.5651034,1
LA_D_4954650,0,0.14835055,0
LA_D_4958419,0,0.05440464,0
LA_D_4977848,0,0.020525128,0
LA_D_5005076,0,0.15481105,0
LA_D_5020488,0,0.01679119,0
LA_D_5023157,0,0.9737492,1
LA_D_5025305,0,0.03209774,0
LA_D_5031733,0,0.009164205,0
LA_D_5051294,0,0.018678572,0
LA_D_5055459,0,0.029838627,0
LA_D_5067672,0,0.054491177,0
LA_D_5071522,0,0.1107606,0
LA_D_5082183,0,0.057045437,0
LA_D_5155475,0,0.14984807,0
LA_D_5211419,0,0.007319901,0
LA_D_5227264,0,0.28301618,0
LA_D_5265620,0,0.04680752,0
LA_D_5307657,0,0.01563179,0
LA_D_5324080,0,0.20621163,0
LA_D_5343035,0,0.022569118,0
LA_D_5351581,0,0.018583698,0
LA_D_5375653,0,0.008082563,0
LA_D_5419690,0,0.0038472868,0
LA_D_5435775,0,0.9225967,1
LA_D_5449144,0,0.13823712,0
LA_D_5456397,0,0.12446419,0
LA_D_5486499,0,0.45555153,0
LA_D_5499548,0,0.006091924,0
LA_D_5511906,0,0.009800341,0
LA_D_5556334,0,0.026430603,0
LA_D_5559484,0,0.014329647,0
LA_D_5572135,0,0.11555439,0
LA_D_5597462,0,0.008548047,0
LA_D_5620876,0,0.019391896,0
LA_D_5690035,0,0.04309593,0
LA_D_5695216,0,0.13196515,0
LA_D_5731634,0,0.020680178,0
LA_D_5746299,0,0.3616427,0
LA_D_5762971,0,0.00722698,0
LA_D_5771020,0,0.021279624,0
LA_D_5798354,0,0.03138971,0
LA_D_5813802,0,0.0023676779,0
LA_D_5820162,0,0.10851618,0
LA_D_5877103,0,0.80833524,1
LA_D_5886006,0,0.027612189,0
LA_D_5893528,0,0.8037683,1
LA_D_5900571,0,0.017565172,0
LA_D_5922624,0,0.21102661,0
LA_D_5980821,0,0.0036114065,0
LA_D_5981504,0,0.14599098,0
LA_D_5991239,0,0.99333644,1
LA_D_5992391,0,0.028831387,0
LA_D_6051390,0,0.5020161,1
LA_D_6055777,0,0.05802454,0
LA_D_6103075,0,0.008614896,0
LA_D_6148702,0,0.021408342,0
LA_D_6183192,0,0.02467065,0
LA_D_6224665,0,0.0061396053,0
LA_D_6248846,0,0.38405573,0
LA_D_6320069,0,0.032402735,0
LA_D_6325752,0,0.04287322,0
LA_D_6338202,0,0.35118544,0
LA_D_6385051,0,0.016176563,0
LA_D_6431598,0,0.007340252,0
LA_D_6434621,0,0.009126417,0
LA_D_6435873,0,0.08655701,0
LA_D_6455523,0,0.002405329,0
LA_D_6459893,0,0.012296182,0
LA_D_6507332,0,0.020799331,0
LA_D_6576867,0,0.0136803,0
LA_D_6579123,0,0.023865828,0
LA_D_6590293,0,0.8920535,1
LA_D_6608085,0,0.87659156,1
LA_D_6627826,0,0.024897138,0
LA_D_6639256,0,0.008277009,0
LA_D_6671110,0,0.0035488599,0
LA_D_6711995,0,0.048168868,0
LA_D_6736176,0,0.027780654,0
LA_D_6738030,0,0.0058521875,0
LA_D_6739491,0,0.06992333,0
LA_D_6761882,0,0.9217254,1
LA_D_6770341,0,0.9561976,1
LA_D_6787159,0,0.022768045,0
LA_D_6794211,0,0.9501942,1
LA_D_6843214,0,0.16040021,0
LA_D_6905996,0,0.0017700781,0
LA_D_6934686,0,0.3804931,0
LA_D_6972399,0,0.086438045,0
LA_D_6980039,0,0.06151146,0
LA_D_6989900,0,0.50657594,1
LA_D_7000460,0,0.0079174945,0
LA_D_7020889,0,0.015067815,0
LA_D_7055163,0,0.16310932,0
LA_D_7065907,0,0.06513116,0
LA_D_7086011,0,0.0068307775,0
LA_D_7106954,0,0.0094977105,0
LA_D_7165290,0,0.014303995,0
LA_D_7212013,0,0.01253424,0
LA_D_7213976,0,0.008644836,0
LA_D_7241320,0,0.3055408,0
LA_D_7244084,0,0.10966177,0
LA_D_7251773,0,0.14780413,0
LA_D_7263049,0,0.15197285,0
LA_D_7274110,0,0.25191662,0
LA_D_7339211,0,0.26040718,0
LA_D_7347960,0,0.018334923,0
LA_D_7353591,0,0.010237396,0
LA_D_7364593,0,0.020255633,0
LA_D_7364715,0,0.04744663,0
LA_D_7364775,0,0.04291645,0
LA_D_7371799,0,0.10386021,0
LA_D_7379658,0,0.042232648,0
LA_D_7436563,0,0.0108434,0
LA_D_7455901,0,0.7377419,1
LA_D_7466193,0,0.026225213,0
LA_D_7469644,0,0.026563672,0
LA_D_7473314,0,0.029085655,0
LA_D_7501739,0,0.07884928,0
LA_D_7510281,0,0.058705024,0
LA_D_7546063,0,0.58877593,1
LA_D_7549490,0,0.53554255,1
LA_D_7559634,0,0.021348769,0
LA_D_7561273,0,0.024075374,0
LA_D_7568100,0,0.07253633,0
LA_D_7568924,0,0.4808578,0
LA_D_7584539,0,0.031121664,0
LA_D_7588309,0,0.040477153,0
LA_D_7589575,0,0.049596213,0
LA_D_7604149,0,0.0505573,0
LA_D_7612335,0,0.06823645,0
LA_D_7616407,0,0.024813628,0
LA_D_7618104,0,0.010913507,0
LA_D_7624614,0,0.00838142,0
LA_D_7641129,0,0.41369206,0
LA_D_7679409,0,0.027385075,0
LA_D_7688209,0,0.044348236,0
LA_D_7736821,0,0.014689293,0
LA_D_7747325,0,0.0018273924,0
LA_D_7763773,0,0.060804725,0
LA_D_7777990,0,0.36111188,0
LA_D_7789669,0,0.009338004,0
LA_D_7826586,0,0.96943414,1
LA_D_7867247,0,0.06075185,0
LA_D_7878571,0,0.0068085818,0
LA_D_7883693,0,0.19057079,0
LA_D_7896038,0,0.003784215,0
LA_D_7916660,0,0.99492514,1
LA_D_7975929,0,0.009830682,0
LA_D_8019844,0,0.26600072,0
LA_D_8021684,0,0.005237601,0
LA_D_8066851,0,0.0051702834,0
LA_D_8067296,0,0.0056934417,0
LA_D_8145707,0,0.6817864,1
LA_D_8166206,0,0.012779836,0
LA_D_8189800,0,0.0058509093,0
LA_D_8223907,0,0.020832844,0
LA_D_8377721,0,0.012140077,0
LA_D_8381732,0,0.020745406,0
LA_D_8397584,0,0.06012843,0
LA_D_8400151,0,0.3664151,0
LA_D_8404786,0,0.028903574,0
LA_D_8407994,0,0.0118312305,0
LA_D_8425598,0,0.8433326,1
LA_D_8441455,0,0.013355549,0
LA_D_8444582,0,0.032645255,0
LA_D_8451983,0,0.09341256,0
LA_D_8453906,0,0.46724203,0
LA_D_8455038,0,0.07437178,0
LA_D_8512431,0,0.053036433,0
LA_D_8539909,0,0.031560708,0
LA_D_8607868,0,0.14502594,0
LA_D_8630547,0,0.87013406,1
LA_D_8746689,0,0.00581778,0
LA_D_8748091,0,0.09915422,0
LA_D_8803755,0,0.014479771,0
LA_D_8834933,0,0.2905465,0
LA_D_8835410,0,0.4822299,0
LA_D_8971479,0,0.010397018,0
LA_D_9009537,0,0.0038519881,0
LA_D_9020983,0,0.040174708,0
LA_D_9063327,0,0.054927416,0
LA_D_9076043,0,0.35034555,0
LA_D_9097623,0,0.016689477,0
LA_D_9111668,0,0.093531676,0
LA_D_9119517,0,0.14480922,0
LA_D_9125753,0,0.12527151,0
LA_D_9139002,0,0.010602944,0
LA_D_9154330,0,0.026888138,0
LA_D_9221112,0,0.036545996,0
LA_D_9235965,0,0.35830364,0
LA_D_9264463,0,0.14442942,0
LA_D_9266794,0,0.007442907,0
LA_D_9274003,0,0.20414405,0
LA_D_9309838,0,0.00838699,0
LA_D_9310754,0,0.0060199113,0
LA_D_9310915,0,0.015371209,0
LA_D_9320646,0,0.037620407,0
LA_D_9337409,0,0.0138257835,0
LA_D_9345795,0,0.6516734,1
LA_D_9350724,0,0.26261303,0
LA_D_9370379,0,0.041812837,0
LA_D_9390364,0,0.06293601,0
LA_D_9397192,0,0.030071897,0
LA_D_9404750,0,0.037208572,0
LA_D_9432782,0,0.057418365,0
LA_D_9450813,0,0.062332653,0
LA_D_9482843,0,0.012588084,0
LA_D_9516319,0,0.14849068,0
LA_D_9559812,0,0.38083574,0
LA_D_9566212,0,0.115398094,0
LA_D_9575353,0,0.008377514,0
LA_D_9577784,0,0.19065042,0
LA_D_9581568,0,0.961429,1
LA_D_9592014,0,0.35404855,0
LA_D_9609696,0,0.05570857,0
LA_D_9620080,0,0.1720744,0
LA_D_9626019,0,0.11132833,0
LA_D_9644765,0,0.025295923,0
LA_D_9659478,0,0.026336674,0
LA_D_9683064,0,0.007431626,0
LA_D_9707162,0,0.0065357406,0
LA_D_9750571,0,0.5363545,1
LA_D_9786256,0,0.20272745,0
LA_D_9796040,0,0.38338378,0
LA_D_9796666,0,0.24172908,0
LA_D_9813329,0,0.12737586,0
LA_D_9842978,0,0.0025490592,0
LA_D_9852879,0,0.06623725,0
LA_D_9872744,0,0.59502774,1
LA_D_9904937,0,0.42449942,0
LA_D_9935871,0,0.053338755,0
LA_D_9947633,0,0.06202149,0
LA_D_9974425,0,0.017364508,0
LA_D_9987214,0,0.39025354,0
LA_D_1006800,0,0.00057634804,0
LA_D_1012014,0,0.0016286668,0
LA_D_1023711,0,0.00073079055,0
LA_D_1025449,0,0.0027063848,0
LA_D_1035630,0,0.00038793962,0
LA_D_1079849,0,0.0006801375,0
LA_D_1108554,0,0.000749038,0
LA_D_1130654,0,0.011689109,0
LA_D_1145380,0,0.00095048774,0
LA_D_1208021,0,0.001205333,0
LA_D_1209033,0,0.0009192286,0
LA_D_1217334,0,0.001281444,0
LA_D_1269105,0,0.00028447236,0
LA_D_1274877,0,0.0009591181,0
LA_D_1279846,0,0.00061615795,0
LA_D_1292057,0,0.0026067384,0
LA_D_1320213,0,0.00028837184,0
LA_D_1348965,0,0.0018523097,0
LA_D_1366945,0,0.001473512,0
LA_D_1436550,0,0.00048510308,0
LA_D_1501900,0,0.0009869895,0
LA_D_1522057,0,0.0008255501,0
LA_D_1523950,0,0.00093527575,0
LA_D_1546505,0,0.0011322512,0
LA_D_1548926,0,0.040661532,0
LA_D_1611094,0,0.00044791173,0
LA_D_1611432,0,0.0015055428,0
LA_D_1646348,0,0.001552096,0
LA_D_1648315,0,0.00038992136,0
LA_D_1750429,0,0.0057750284,0
LA_D_1797066,0,0.004061609,0
LA_D_1807177,0,0.001365095,0
LA_D_1832856,0,0.0010239185,0
LA_D_1842604,0,0.0004233751,0
LA_D_1844790,0,0.022443762,0
LA_D_1847022,0,0.007918769,0
LA_D_1865058,0,0.0006133246,0
LA_D_1872889,0,0.0008405116,0
LA_D_1902802,0,0.0005058998,0
LA_D_1919402,0,0.0014923519,0
LA_D_1922687,0,0.00046275993,0
LA_D_1930419,0,0.00046870077,0
LA_D_1935485,0,0.00037167623,0
LA_D_1992558,0,0.0010894124,0
LA_D_2007592,0,0.000257232,0
LA_D_2019701,0,0.011099144,0
LA_D_2020826,0,0.0010650277,0
LA_D_2047629,0,0.0023896762,0
LA_D_2097708,0,0.0004841238,0
LA_D_2139474,0,0.00062895904,0
LA_D_2151504,0,0.001659805,0
LA_D_2152857,0,0.00068600365,0
LA_D_2183722,0,0.0016000477,0
LA_D_2186964,0,0.00085848983,0
LA_D_2188096,0,0.0008916487,0
LA_D_2222274,0,0.00075512344,0
LA_D_2268116,0,0.0014751884,0
LA_D_2319550,0,0.0007717516,0
LA_D_2322438,0,0.0002921885,0
LA_D_2348890,0,0.002804368,0
LA_D_2352067,0,0.0005221572,0
LA_D_2423661,0,0.0026116872,0
LA_D_2448863,0,0.0011325367,0
LA_D_2450840,0,0.0003535692,0
LA_D_2465175,0,0.00045646622,0
LA_D_2478813,0,0.0008299078,0
LA_D_2487709,0,0.00040175172,0
LA_D_2505463,0,0.0015431702,0
LA_D_2510943,0,0.002049959,0
LA_D_2592787,0,0.0035716493,0
LA_D_2599634,0,0.0016429471,0
LA_D_2607679,0,0.00092740613,0
LA_D_2609846,0,0.00035084726,0
LA_D_2622698,0,0.0008788364,0
LA_D_2630833,0,0.0005781309,0
LA_D_2642614,0,0.00048160471,0
LA_D_2643367,0,0.0019489189,0
LA_D_2685215,0,0.0017210713,0
LA_D_2716524,0,0.000595027,0
LA_D_2719044,0,0.00036287014,0
LA_D_2720865,0,0.0030390427,0
LA_D_2728017,0,0.0011202268,0
LA_D_2742223,0,0.0010604848,0
LA_D_2752289,0,0.0005481913,0
LA_D_2752681,0,0.00084526674,0
LA_D_2797968,0,0.0006626541,0
LA_D_2799771,0,0.0028717087,0
LA_D_2829043,0,0.00088831777,0
LA_D_2843055,0,0.0013438828,0
LA_D_2864582,0,0.0009348245,0
LA_D_2909530,0,0.0008570456,0
LA_D_2927394,0,0.0021111618,0
LA_D_2936455,0,0.0010404885,0
LA_D_2965424,0,0.0020140393,0
LA_D_2967557,0,0.0011832258,0
LA_D_2968028,0,0.0007134162,0
LA_D_2973812,0,0.0006587502,0
LA_D_2980255,0,0.006506079,0
LA_D_2982910,0,0.0011230027,0
LA_D_2995459,0,0.011834783,0
LA_D_2996775,0,0.00078806723,0
LA_D_3017713,0,0.00058364973,0
LA_D_3019903,0,0.00053700525,0
LA_D_3042444,0,0.00036956335,0
LA_D_3056222,0,0.0007652617,0
LA_D_3057668,0,0.0009383436,0
LA_D_3057702,0,0.0029726743,0
LA_D_3094082,0,0.0027096274,0
LA_D_3110337,0,0.002389259,0
LA_D_3118678,0,0.00065234164,0
LA_D_3163312,0,0.0015643182,0
LA_D_3164458,0,0.0008278189,0
LA_D_3171467,0,0.0005584552,0
LA_D_3201750,0,0.0026798588,0
LA_D_3221717,0,0.014182536,0
LA_D_3329914,0,0.00073914067,0
LA_D_3344406,0,0.0011890499,0
LA_D_3355442,0,0.0007654637,0
LA_D_3401379,0,0.0032775325,0
LA_D_3405729,0,0.0015641147,0
LA_D_3422520,0,0.0011796544,0
LA_D_3427617,0,0.0014835423,0
LA_D_3449140,0,0.000498134,0
LA_D_3477092,0,0.0015593146,0
LA_D_3502803,0,0.0026249555,0
LA_D_3512866,0,0.0016402423,0
LA_D_3537247,0,0.0001554665,0
LA_D_3543461,0,0.0011006377,0
LA_D_3549631,0,0.00083065784,0
LA_D_3554128,0,0.0017651131,0
LA_D_3582014,0,0.00020045525,0
LA_D_3615597,0,0.0038288224,0
LA_D_3625471,0,0.0010963884,0
LA_D_3663959,0,0.00094296143,0
LA_D_3698117,0,0.004274341,0
LA_D_3765254,0,0.0003664947,0
LA_D_3785568,0,0.00031060548,0
LA_D_3894830,0,0.0003812832,0
LA_D_3930731,0,0.0011187908,0
LA_D_3981572,0,0.0021047427,0
LA_D_3987112,0,0.002550341,0
LA_D_3997475,0,0.00194658,0
LA_D_4017002,0,0.00075471844,0
LA_D_4046737,0,0.00079473044,0
LA_D_4060180,0,0.0016114295,0
LA_D_4064534,0,0.0005572466,0
LA_D_4094835,0,0.0018087004,0
LA_D_4096967,0,0.0010812784,0
LA_D_4138511,0,0.005503999,0
LA_D_4157090,0,0.0006814272,0
LA_D_4193062,0,0.00070271303,0
LA_D_4195166,0,0.0016528409,0
LA_D_4258684,0,0.0008606091,0
LA_D_4263714,0,0.001850292,0
LA_D_4269408,0,0.0015999083,0
LA_D_4269851,0,0.000671842,0
LA_D_4275044,0,0.0008472229,0
LA_D_4288746,0,0.0009903215,0
LA_D_4317915,0,0.00074886606,0
LA_D_4321631,0,0.00065498526,0
LA_D_4345392,0,0.00046952846,0
LA_D_4356469,0,0.00049003784,0
LA_D_4390393,0,0.0012233357,0
LA_D_4407342,0,0.0012220796,0
LA_D_4422392,0,0.00056155794,0
LA_D_4449687,0,0.00095836766,0
LA_D_4450602,0,0.00022380396,0
LA_D_4506176,0,0.0032537747,0
LA_D_4516474,0,0.0007931367,0
LA_D_4520907,0,0.0022052075,0
LA_D_4547450,0,0.0006470957,0
LA_D_4593014,0,0.0007187665,0
LA_D_4632562,0,0.0010620751,0
LA_D_4681916,0,0.00056925777,0
LA_D_4702787,0,0.0018642109,0
LA_D_4746899,0,0.0009312757,0
LA_D_4816337,0,0.0026387349,0
LA_D_4845926,0,0.0066794134,0
LA_D_4847812,0,0.0011227459,0
LA_D_4848911,0,0.0009072186,0
LA_D_4884397,0,0.0050394833,0
LA_D_4918910,0,0.0005906654,0
LA_D_4927338,0,0.0004028042,0
LA_D_4936646,0,0.0009582804,0
LA_D_4954418,0,0.0017914114,0
LA_D_4954625,0,0.0009702261,0
LA_D_4955851,0,0.0010885482,0
LA_D_4977382,0,0.0014144933,0
LA_D_4990214,0,0.0011083273,0
LA_D_5007950,0,0.0038079603,0
LA_D_5057411,0,0.001898462,0
LA_D_5057482,0,0.0006780486,0
LA_D_5071649,0,0.00032436132,0
LA_D_5078657,0,0.0003397028,0
LA_D_5100984,0,0.00054528855,0
LA_D_5117078,0,0.001305514,0
LA_D_5137247,0,0.0007426469,0
LA_D_5167358,0,0.0012872816,0
LA_D_5168359,0,0.0011823678,0
LA_D_5187561,0,0.0015811041,0
LA_D_5221028,0,0.0020747997,0
LA_D_5229781,0,0.0033780022,0
LA_D_5236826,0,0.0014958683,0
LA_D_5276272,0,0.013425166,0
LA_D_5276348,0,0.0013624342,0
LA_D_5292683,0,0.0012739586,0
LA_D_5436589,0,0.0013926387,0
LA_D_5439979,0,0.0022393004,0
LA_D_5454134,0,0.0009936119,0
LA_D_5482436,0,0.0010079575,0
LA_D_5483976,0,0.002158914,0
LA_D_5505633,0,0.00089311705,0
LA_D_5545759,0,0.00045938801,0
LA_D_5577571,0,0.00074599555,0
LA_D_5614734,0,0.0012844574,0
LA_D_5636826,0,0.0007894415,0
LA_D_5673238,0,0.0019418297,0
LA_D_5685884,0,0.004681307,0
LA_D_5709308,0,0.0021312493,0
LA_D_5759815,0,0.0051104454,0
LA_D_5762299,0,0.006562533,0
LA_D_5766454,0,0.0020829074,0
LA_D_5782011,0,0.000912699,0
LA_D_5808364,0,0.00051101646,0
LA_D_5827672,0,0.0025716384,0
LA_D_5856267,0,0.00067901536,0
LA_D_5865882,0,0.0015840938,0
LA_D_5872228,0,0.0009918461,0
LA_D_5885744,0,0.0005902191,0
LA_D_5902944,0,0.0014344855,0
LA_D_5926820,0,0.0020049394,0
LA_D_5940073,0,0.0005079597,0
LA_D_5946805,0,0.0037099537,0
LA_D_5978963,0,0.00044096785,0
LA_D_5996963,0,0.0006025023,0
LA_D_6046242,0,0.00031206524,0
LA_D_6063723,0,0.0003598299,0
LA_D_6065963,0,0.0013635383,0
LA_D_6069206,0,0.00088622957,0
LA_D_6087332,0,0.00036625317,0
LA_D_6100859,0,0.007165536,0
LA_D_6114427,0,0.001535902,0
LA_D_6119277,0,0.00027781684,0
LA_D_6190101,0,0.001528099,0
LA_D_6245395,0,0.0012790468,0
LA_D_6261869,0,0.0028652423,0
LA_D_6316752,0,0.00022673879,0
LA_D_6322857,0,0.0034933432,0
LA_D_6347272,0,0.0021635795,0
LA_D_6350790,0,0.0011235045,0
LA_D_6357050,0,0.0006864337,0
LA_D_6380073,0,0.00042705846,0
LA_D_6382632,0,0.0003569526,0
LA_D_6388697,0,0.00046052094,0
LA_D_6416726,0,0.0005709646,0
LA_D_6426747,0,0.0009478051,0
LA_D_6464823,0,0.0011274805,0
LA_D_6547634,0,0.00038863384,0
LA_D_6579258,0,0.0026714937,0
LA_D_6611831,0,0.0021297976,0
LA_D_6634974,0,0.0009988254,0
LA_D_6637278,0,0.00061970815,0
LA_D_6640366,0,0.00059807114,0
LA_D_6641057,0,0.001495411,0
LA_D_6655351,0,0.0011404272,0
LA_D_6657787,0,0.00046390583,0
LA_D_6659080,0,0.0008658716,0
LA_D_6693854,0,0.0007307342,0
LA_D_6742189,0,0.0006971718,0
LA_D_6754279,0,0.0012429642,0
LA_D_6779582,0,0.0016211123,0
LA_D_6791686,0,0.0017195434,0
LA_D_6863787,0,0.001550269,0
LA_D_6942133,0,0.00047225715,0
LA_D_6978561,0,0.0005166577,0
LA_D_6992037,0,0.0005866997,0
LA_D_6992646,0,0.0027504184,0
LA_D_7011066,0,0.00526052,0
LA_D_7040944,0,0.0016041503,0
LA_D_7062833,0,0.0007359493,0
LA_D_7073459,0,0.0005369889,0
LA_D_7079669,0,0.0036655366,0
LA_D_7114286,0,0.0025349085,0
LA_D_7134088,0,0.003571702,0
LA_D_7148970,0,0.00090599887,0
LA_D_7189764,0,0.00066175644,0
LA_D_7197109,0,0.00035472252,0
LA_D_7224276,0,0.0050272807,0
LA_D_7245490,0,0.0013002859,0
LA_D_7247122,0,0.00073181046,0
LA_D_7278229,0,0.0010720023,0
LA_D_7282553,0,0.0010666841,0
LA_D_7292017,0,0.0011772088,0
LA_D_7294657,0,0.0005547966,0
LA_D_7298360,0,0.00081067777,0
LA_D_7298575,0,0.00053977076,0
LA_D_7321528,0,0.0022078762,0
LA_D_7330214,0,0.00027583845,0
LA_D_7389105,0,0.00025512825,0
LA_D_7389214,0,0.0013360216,0
LA_D_7431097,0,0.0017462649,0
LA_D_7433073,0,0.0013914395,0
LA_D_7438406,0,0.0003246351,0
LA_D_7468734,0,0.0012096288,0
LA_D_7471100,0,0.0010407086,0
LA_D_7473457,0,0.0005631732,0
LA_D_7506436,0,0.00046218594,0
LA_D_7516822,0,0.0067933607,0
LA_D_7603416,0,0.000117448006,0
LA_D_7603542,0,0.001241555,0
LA_D_7641950,0,0.0017392343,0
LA_D_7645919,0,0.0012602799,0
LA_D_7672869,0,0.0014449318,0
LA_D_7719872,0,0.0013939715,0
LA_D_7721596,0,0.0013220274,0
LA_D_7756164,0,0.0014906169,0
LA_D_7757696,0,0.0022073302,0
LA_D_7762795,0,0.0019301596,0
LA_D_7795590,0,0.0021799526,0
LA_D_7827140,0,0.0011238309,0
LA_D_7864914,0,0.00079885026,0
LA_D_7884980,0,0.0084390165,0
LA_D_7892127,0,0.0005454547,0
LA_D_7892153,0,0.0005954187,0
LA_D_7977494,0,0.0006686966,0
LA_D_8014046,0,0.0009631357,0
LA_D_8020639,0,0.0011623733,0
LA_D_8051493,0,0.000804864,0
LA_D_8083306,0,0.0039489185,0
LA_D_8119054,0,0.0011469289,0
LA_D_8157473,0,0.0075452374,0
LA_D_8233126,0,0.0010723446,0
LA_D_8266916,0,0.0018945986,0
LA_D_8278845,0,0.000365704,0
LA_D_8317299,0,0.0014848588,0
LA_D_8350505,0,0.0030010054,0
LA_D_8352772,0,0.00049036613,0
LA_D_8379927,0,0.0033534262,0
LA_D_8407631,0,0.0016579601,0
LA_D_8408616,0,0.00057542755,0
LA_D_8429596,0,0.0008135604,0
LA_D_8433350,0,0.00056184386,0
LA_D_8442719,0,0.00075693906,0
LA_D_8504203,0,0.0022558726,0
LA_D_8509886,0,0.0010404821,0
LA_D_8512928,0,0.00046619258,0
LA_D_8527649,0,0.00027049694,0
LA_D_8550461,0,0.0012195563,0
LA_D_8605944,0,0.0001977908,0
LA_D_8636102,0,0.0025280314,0
LA_D_8655950,0,0.0008132934,0
LA_D_8703309,0,0.0010489688,0
LA_D_8704683,0,0.007945899,0
LA_D_8714203,0,0.0005215073,0
LA_D_8737938,0,0.0007017737,0
LA_D_8746101,0,0.0010009917,0
LA_D_8749485,0,0.0010849807,0
LA_D_8752562,0,0.010050865,0
LA_D_8757855,0,0.00062738085,0
LA_D_8790340,0,0.00088119763,0
LA_D_8842294,0,0.00080288545,0
LA_D_8844402,0,0.0009694301,0
LA_D_8858606,0,0.0007378078,0
LA_D_8874055,0,0.0005353647,0
LA_D_8880080,0,0.0014988083,0
LA_D_8884489,0,0.003845679,0
LA_D_8887766,0,0.0003358566,0
LA_D_8974682,0,0.0020850017,0
LA_D_9008648,0,0.0005024186,0
LA_D_9078979,0,0.0010576699,0
LA_D_9080347,0,0.0016708259,0
LA_D_9088112,0,0.0024040248,0
LA_D_9093953,0,0.0012271835,0
LA_D_9099877,0,0.0011229449,0
LA_D_9116238,0,0.0012739415,0
LA_D_9120875,0,0.0005092249,0
LA_D_9143945,0,0.0022619136,0
LA_D_9144102,0,0.0012064662,0
LA_D_9148848,0,0.0032840723,0
LA_D_9163648,0,0.00061361457,0
LA_D_9171147,0,0.0013605717,0
LA_D_9197571,0,0.0005267364,0
LA_D_9241622,0,0.0006904882,0
LA_D_9247877,0,0.00071721256,0
LA_D_9252037,0,0.00071083667,0
LA_D_9261739,0,0.0015858648,0
LA_D_9300215,0,0.002643407,0
LA_D_9304067,0,0.0003722223,0
LA_D_9317483,0,0.0009940611,0
LA_D_9323818,0,0.00080256717,0
LA_D_9375135,0,0.003860377,0
LA_D_9375495,0,0.0007833608,0
LA_D_9397840,0,0.00095782673,0
LA_D_9397923,0,0.0021013923,0
LA_D_9433309,0,0.00059801526,0
LA_D_9439849,0,0.0010479001,0
LA_D_9473241,0,0.0013378959,0
LA_D_9486985,0,0.0015923416,0
LA_D_9487501,0,0.0011041337,0
LA_D_9497832,0,0.00048747848,0
LA_D_9550154,0,0.0030521657,0
LA_D_9593709,0,0.0010620786,0
LA_D_9734417,0,0.0030493333,0
LA_D_9847175,0,0.0006351171,0
LA_D_9848213,0,0.0008432776,0
LA_D_9860605,0,0.0013893506,0
LA_D_9878738,0,0.0033141314,0
LA_D_9901913,0,0.0012018947,0
LA_D_9910927,0,0.0005987127,0
LA_D_9948857,0,0.003026003,0
LA_D_9949914,0,0.0015220491,0
LA_D_9950490,0,0.0014212677,0
LA_D_9995807,0,0.00090852386,0
LA_D_9997570,0,0.0010115172,0
LA_D_1002200,0,0.0029033662,0
LA_D_1007830,0,0.0028963373,0
LA_D_1025756,0,0.001629703,0
LA_D_1063772,0,0.018224511,0
LA_D_1067946,0,0.004427016,0
LA_D_1110070,0,0.0044915406,0
LA_D_1131210,0,0.003704883,0
LA_D_1135642,0,0.0024480287,0
LA_D_1297929,0,0.004000717,0
LA_D_1302448,0,0.002240352,0
LA_D_1340425,0,0.0025607345,0
LA_D_1387034,0,0.0069325035,0
LA_D_1400454,0,0.0041195373,0
LA_D_1447906,0,0.0063671507,0
LA_D_1462987,0,0.0011227106,0
LA_D_1466691,0,0.001644462,0
LA_D_1474686,0,0.0020126728,0
LA_D_1579407,0,0.009009638,0
LA_D_1613160,0,0.003194528,0
LA_D_1631229,0,0.0020460726,0
LA_D_1648545,0,0.003354161,0
LA_D_1670480,0,0.0072696432,0
LA_D_1700594,0,0.0044077146,0
LA_D_1713307,0,0.1983811,0
LA_D_1714907,0,0.006817029,0
LA_D_1721029,0,0.007298799,0
LA_D_1771814,0,0.0032565733,0
LA_D_1787826,0,0.0056895367,0
LA_D_1853137,0,0.0030408448,0
LA_D_1876813,0,0.011421079,0
LA_D_1907754,0,0.008569728,0
LA_D_1919468,0,0.012575543,0
LA_D_1943658,0,0.0065303463,0
LA_D_1950787,0,0.0021087786,0
LA_D_2045641,0,0.0029991274,0
LA_D_2065995,0,0.0025676251,0
LA_D_2108373,0,0.0020625326,0
LA_D_2112409,0,0.0018027861,0
LA_D_2133817,0,0.15102366,0
LA_D_2154839,0,0.008887813,0
LA_D_2182562,0,0.002673264,0
LA_D_2213830,0,0.0027720805,0
LA_D_2238605,0,0.0024473288,0
LA_D_2248057,0,0.03208955,0
LA_D_2267149,0,0.0025715725,0
LA_D_2267504,0,0.0027219919,0
LA_D_2273005,0,0.0022267215,0
LA_D_2313563,0,0.0015626507,0
LA_D_2321743,0,0.0038458125,0
LA_D_2323254,0,0.0040973895,0
LA_D_2389222,0,0.0008172407,0
LA_D_2450195,0,0.0025290006,0
LA_D_2453665,0,0.0026031889,0
LA_D_2467966,0,0.00033396832,0
LA_D_2518852,0,0.02961882,0
LA_D_2576529,0,0.006520841,0
LA_D_2653207,0,0.069426365,0
LA_D_2677147,0,0.002587359,0
LA_D_2690767,0,0.008424721,0
LA_D_2730632,0,0.004730865,0
LA_D_2837273,0,0.020764379,0
LA_D_3002780,0,0.002372088,0
LA_D_3016487,0,0.0021046244,0
LA_D_3030138,0,0.0032704044,0
LA_D_3044640,0,0.0066178907,0
LA_D_3056925,0,0.010881609,0
LA_D_3078117,0,0.00042421883,0
LA_D_3086038,0,0.003192515,0
LA_D_3119921,0,0.0019292167,0
LA_D_3124585,0,0.0055294796,0
LA_D_3206137,0,0.0028696817,0
LA_D_3227084,0,0.0014810819,0
LA_D_3236240,0,0.0063214055,0
LA_D_3240450,0,0.0028527363,0
LA_D_3295687,0,0.008533067,0
LA_D_3297188,0,0.0035404002,0
LA_D_3313017,0,0.010430951,0
LA_D_3340625,0,0.004427228,0
LA_D_3361986,0,0.014646723,0
LA_D_3388294,0,0.006093108,0
LA_D_3395799,0,0.0028698035,0
LA_D_3478936,0,0.051441725,0
LA_D_3513257,0,0.0055482937,0
LA_D_3532043,0,0.0099034775,0
LA_D_3584869,0,0.00238887,0
LA_D_3650218,0,0.0019531539,0
LA_D_3743275,0,0.00045905402,0
LA_D_3825396,0,0.0013909241,0
LA_D_3845352,0,0.011201636,0
LA_D_3906693,0,0.0027017428,0
LA_D_3945541,0,0.010486984,0
LA_D_3969123,0,0.0012682466,0
LA_D_4026256,0,0.0017872354,0
LA_D_4091670,0,0.0023690672,0
LA_D_4110964,0,0.002262022,0
LA_D_4164922,0,0.0026224982,0
LA_D_4172608,0,0.11617551,0
LA_D_4175116,0,0.016248008,0
LA_D_4192839,0,0.0055704904,0
LA_D_4201464,0,0.002488798,0
LA_D_4218217,0,0.0012253112,0
LA_D_4225915,0,0.0018529597,0
LA_D_4264652,0,0.0031184354,0
LA_D_4266917,0,0.0020330632,0
LA_D_4267207,0,0.0035958567,0
LA_D_4312282,0,0.0015009107,0
LA_D_4357877,0,0.010137093,0
LA_D_4365534,0,0.0015248117,0
LA_D_4374130,0,0.0035846839,0
LA_D_4379964,0,0.0027945908,0
LA_D_4421478,0,0.005790922,0
LA_D_4455707,0,0.0059957295,0
LA_D_4470743,0,0.002103389,0
LA_D_4472830,0,0.009093013,0
LA_D_4490113,0,0.006309029,0
LA_D_4579304,0,0.0015299976,0
LA_D_4597782,0,0.030095415,0
LA_D_4636504,0,0.0015799234,0
LA_D_4653157,0,0.13211139,0
LA_D_4660628,0,0.0016659525,0
LA_D_4668402,0,0.0014782103,0
LA_D_4683557,0,0.002103247,0
LA_D_4703703,0,0.0076780505,0
LA_D_4708702,0,0.005617186,0
LA_D_4710815,0,0.01081017,0
LA_D_4718825,0,0.001348547,0
LA_D_4728167,0,0.0011254128,0
LA_D_4756759,0,0.0024336886,0
LA_D_4814132,0,0.00571469,0
LA_D_4858728,0,0.0013673395,0
LA_D_4876929,0,0.016574988,0
LA_D_4961850,0,0.010692163,0
LA_D_4963596,0,0.014523221,0
LA_D_5027567,0,0.006325873,0
LA_D_5155460,0,0.0017926875,0
LA_D_5166256,0,0.002817453,0
LA_D_5171575,0,0.0071505704,0
LA_D_5203788,0,0.05154609,0
LA_D_5224466,0,0.0036736904,0
LA_D_5294773,0,0.004664538,0
LA_D_5311628,0,0.002689406,0
LA_D_5319370,0,0.0050414563,0
LA_D_5322044,0,0.004995627,0
LA_D_5328555,0,0.004537385,0
LA_D_5341578,0,0.0030872356,0
LA_D_5363798,0,0.0045823585,0
LA_D_5394371,0,0.0032613196,0
LA_D_5402057,0,0.009414595,0
LA_D_5418908,0,0.0060055824,0
LA_D_5456777,0,0.009444022,0
LA_D_5465280,0,0.0031630308,0
LA_D_5467501,0,0.0072806557,0
LA_D_5504231,0,0.003078608,0
LA_D_5546688,0,0.0023149785,0
LA_D_5610202,0,0.007307788,0
LA_D_5628839,0,0.40548095,0
LA_D_5655804,0,0.0027875355,0
LA_D_5694219,0,0.0016715857,0
LA_D_5723637,0,0.0045700925,0
LA_D_5733934,0,0.0019490496,0
LA_D_5744337,0,0.014745009,0
LA_D_5859431,0,0.002606953,0
LA_D_5891436,0,0.0050165947,0
LA_D_5894669,0,0.0024374758,0
LA_D_5981100,0,0.004023393,0
LA_D_6002047,0,0.0128460545,0
LA_D_6028412,0,0.0015189804,0
LA_D_6063728,0,0.10653027,0
LA_D_6085680,0,0.002852777,0
LA_D_6098066,0,0.00528578,0
LA_D_6138688,0,0.002758395,0
LA_D_6165482,0,0.002311147,0
LA_D_6187643,0,0.0027575514,0
LA_D_6209900,0,0.0042448733,0
LA_D_6218180,0,0.007349037,0
LA_D_6286091,0,0.024383947,0
LA_D_6332892,0,0.0006475282,0
LA_D_6373451,0,0.009447917,0
LA_D_6459710,0,0.0059103123,0
LA_D_6469751,0,0.024530891,0
LA_D_6482933,0,0.010444737,0
LA_D_6536746,0,0.020431483,0
LA_D_6549281,0,0.002448697,0
LA_D_6575758,0,0.0025434315,0
LA_D_6590381,0,0.0013717061,0
LA_D_6648837,0,0.0018900173,0
LA_D_6729894,0,0.004431379,0
LA_D_6731562,0,0.0026573858,0
LA_D_6735956,0,0.007842528,0
LA_D_6789741,0,0.0023041188,0
LA_D_6813006,0,0.0005220056,0
LA_D_6856066,0,0.003593493,0
LA_D_6878630,0,0.009379976,0
LA_D_6878754,0,0.0011792385,0
LA_D_6945155,0,0.0058060545,0
LA_D_6952192,0,0.016627545,0
LA_D_6954943,0,0.0021492182,0
LA_D_6994171,0,0.0020348905,0
LA_D_6996385,0,0.003147493,0
LA_D_7003290,0,0.0034691358,0
LA_D_7019901,0,0.031080507,0
LA_D_7046619,0,0.0061877123,0
LA_D_7060810,0,0.004847891,0
LA_D_7097332,0,0.0046757692,0
LA_D_7105149,0,0.0045388886,0
LA_D_7132999,0,0.067578144,0
LA_D_7136231,0,0.008970007,0
LA_D_7178613,0,0.0027350176,0
LA_D_7227717,0,0.009427678,0
LA_D_7293074,0,0.0015654879,0
LA_D_7294764,0,0.005409208,0
LA_D_7295956,0,0.0017980053,0
LA_D_7303262,0,0.0020439064,0
LA_D_7385868,0,0.0079799695,0
LA_D_7403339,0,0.0072772796,0
LA_D_7445001,0,0.0019375143,0
LA_D_7447986,0,0.2653226,0
LA_D_7452521,0,0.0034401454,0
LA_D_7463331,0,0.0016592321,0
LA_D_7539350,0,0.00218617,0
LA_D_7610528,0,0.0036400156,0
LA_D_7623512,0,0.0027841746,0
LA_D_7631675,0,0.11780871,0
LA_D_7702257,0,0.004821419,0
LA_D_7766599,0,0.0049578114,0
LA_D_7807172,0,0.0041674157,0
LA_D_7856548,0,0.006277272,0
LA_D_7857513,0,0.0041123014,0
LA_D_7860524,0,0.0031473238,0
LA_D_7934321,0,0.008660521,0
LA_D_7954991,0,0.015011575,0
LA_D_7963313,0,0.013650453,0
LA_D_7986850,0,0.052072234,0
LA_D_8012684,0,0.0055245706,0
LA_D_8044923,0,0.12763013,0
LA_D_8050230,0,0.0017471338,0
LA_D_8057533,0,0.0035982311,0
LA_D_8065951,0,0.009415502,0
LA_D_8086042,0,0.0020662094,0
LA_D_8089138,0,0.0018177261,0
LA_D_8107939,0,0.006334697,0
LA_D_8136802,0,0.0027090695,0
LA_D_8177600,0,0.039036904,0
LA_D_8180116,0,0.0014042826,0
LA_D_8185337,0,0.0021700468,0
LA_D_8203374,0,0.011825289,0
LA_D_8217062,0,0.39488772,0
LA_D_8229927,0,0.011584862,0
LA_D_8298869,0,0.0014622193,0
LA_D_8323465,0,0.0041013137,0
LA_D_8362480,0,0.0018817631,0
LA_D_8362615,0,0.0007299338,0
LA_D_8392326,0,0.0029611995,0
LA_D_8414414,0,0.007601361,0
LA_D_8422718,0,0.0011753232,0
LA_D_8512727,0,0.027671661,0
LA_D_8598286,0,0.0027845162,0
LA_D_8599385,0,0.0021427232,0
LA_D_8657678,0,0.0012007699,0
LA_D_8658570,0,0.0028756997,0
LA_D_8688272,0,0.012808945,0
LA_D_8688945,0,0.38178697,0
LA_D_8691875,0,0.0076755947,0
LA_D_8762296,0,0.004205931,0
LA_D_8765322,0,0.0020182454,0
LA_D_8778367,0,0.0018948808,0
LA_D_8779473,0,0.0017377604,0
LA_D_8789400,0,0.0025023296,0
LA_D_8803432,0,0.0023011633,0
LA_D_8821416,0,0.0025154515,0
LA_D_8844445,0,0.002199389,0
LA_D_8905425,0,0.008267855,0
LA_D_8910475,0,0.007379006,0
LA_D_8944361,0,0.007507152,0
LA_D_8964349,0,0.0055540553,0
LA_D_9028753,0,0.016755737,0
LA_D_9050986,0,0.0054809824,0
LA_D_9069422,0,0.003632188,0
LA_D_9102400,0,0.001500202,0
LA_D_9175939,0,0.0010069036,0
LA_D_9239645,0,0.0024584653,0
LA_D_9247502,0,0.0020152165,0
LA_D_9253420,0,0.0038755105,0
LA_D_9330010,0,0.008347825,0
LA_D_9338167,0,0.0023005446,0
LA_D_9339602,0,0.0010902819,0
LA_D_9356307,0,0.0012868746,0
LA_D_9394766,0,0.0076082125,0
LA_D_9412889,0,0.005695102,0
LA_D_9432031,0,0.0065642465,0
LA_D_9440603,0,0.11203613,0
LA_D_9449715,0,0.001680816,0
LA_D_9476215,0,0.005996287,0
LA_D_9488197,0,0.012601503,0
LA_D_9537038,0,0.0022929474,0
LA_D_9575315,0,0.015572788,0
LA_D_9644461,0,0.003015973,0
LA_D_9644520,0,0.022164805,0
LA_D_9646459,0,0.0024429439,0
LA_D_9698822,0,0.0010764474,0
LA_D_9732708,0,0.005433644,0
LA_D_9744020,0,0.004291685,0
LA_D_9791419,0,0.004224236,0
LA_D_9847423,0,0.0020939333,0
LA_D_9895830,0,0.0026965265,0
LA_D_9922367,0,0.0041938615,0
LA_D_9936454,0,0.0019343735,0
LA_D_9964285,0,0.002199528,0
LA_D_1027036,0,0.0011780272,0
LA_D_1063280,0,0.0033905888,0
LA_D_1074040,0,0.0025693965,0
LA_D_1158489,0,0.0015073911,0
LA_D_1168201,0,0.0028309706,0
LA_D_1179745,0,0.0015522557,0
LA_D_1190183,0,0.0018010477,0
LA_D_1232140,0,0.0036616933,0
LA_D_1238201,0,0.0028294201,0
LA_D_1248209,0,0.0019547113,0
LA_D_1264445,0,0.0033769975,0
LA_D_1280356,0,0.0027272394,0
LA_D_1351069,0,0.0031014937,0
LA_D_1351546,0,0.0014030413,0
LA_D_1382194,0,0.0018934329,0
LA_D_1388138,0,0.0014356668,0
LA_D_1393294,0,0.0054326956,0
LA_D_1463624,0,0.0040923976,0
LA_D_1518174,0,0.0015643114,0
LA_D_1521999,0,0.0005136568,0
LA_D_1625102,0,0.001899692,0
LA_D_1697322,0,0.0022249168,0
LA_D_1715778,0,0.0028258732,0
LA_D_1892568,0,0.0009812065,0
LA_D_1935532,0,0.0017434352,0
LA_D_1935726,0,0.0015457128,0
LA_D_2017083,0,0.0037826155,0
LA_D_2045790,0,0.0018245288,0
LA_D_2111041,0,0.0006963956,0
LA_D_2113716,0,0.0050848257,0
LA_D_2153291,0,0.0021780666,0
LA_D_2179611,0,0.00092845387,0
LA_D_2226291,0,0.0020037051,0
LA_D_2235229,0,0.0034581888,0
LA_D_2249074,0,0.0014439415,0
LA_D_2265780,0,0.0053399224,0
LA_D_2350123,0,0.0021676468,0
LA_D_2379549,0,0.00103084,0
LA_D_2481318,0,0.0014688182,0
LA_D_2540693,0,0.0014628377,0
LA_D_2544213,0,0.0015196264,0
LA_D_2589783,0,0.003454116,0
LA_D_2621156,0,0.0014883045,0
LA_D_2667561,0,0.008259477,0
LA_D_2682641,0,0.0014035392,0
LA_D_2712069,0,0.0023776237,0
LA_D_2726610,0,0.0018775425,0
LA_D_2734048,0,0.002104372,0
LA_D_2736752,0,0.0011828803,0
LA_D_2761727,0,0.0033748797,0
LA_D_2780378,0,0.0019493613,0
LA_D_2787302,0,0.0029341565,0
LA_D_2796486,0,0.0020919344,0
LA_D_2815191,0,0.0019616364,0
LA_D_2862464,0,0.002881307,0
LA_D_2862862,0,0.0015667249,0
LA_D_2895942,0,0.0023405075,0
LA_D_2909551,0,0.0023363316,0
LA_D_2940992,0,0.002891502,0
LA_D_3004195,0,0.0017910951,0
LA_D_3027433,0,0.0046773474,0
LA_D_3051172,0,0.0076979194,0
LA_D_3069822,0,0.0064978697,0
LA_D_3081705,0,0.00428379,0
LA_D_3106519,0,0.0064181946,0
LA_D_3115590,0,0.0027651228,0
LA_D_3150295,0,0.0025359867,0
LA_D_3177701,0,0.0019919656,0
LA_D_3205024,0,0.0020581502,0
LA_D_3245031,0,0.0016333418,0
LA_D_3250407,0,0.005801115,0
LA_D_3255096,0,0.0017831222,0
LA_D_3281386,0,0.0021046044,0
LA_D_3314744,0,0.004911228,0
LA_D_3331528,0,0.003219456,0
LA_D_3352586,0,0.0019525328,0
LA_D_3371337,0,0.0027456342,0
LA_D_3373830,0,0.003491511,0
LA_D_3386014,0,0.0027792752,0
LA_D_3387945,0,0.001980909,0
LA_D_3405582,0,0.0014509299,0
LA_D_3408202,0,0.0004793571,0
LA_D_3409583,0,0.6472249,1
LA_D_3410467,0,0.001279316,0
LA_D_3415474,0,0.0013885101,0
LA_D_3434212,0,0.0019484329,0
LA_D_3438062,0,0.0017609139,0
LA_D_3438542,0,0.0012348249,0
LA_D_3470313,0,0.0024124058,0
LA_D_3481855,0,0.0052975332,0
LA_D_3497818,0,0.0010624243,0
LA_D_3611170,0,0.0012764162,0
LA_D_3626485,0,0.0007581746,0
LA_D_3634650,0,0.0005942352,0
LA_D_3675957,0,0.0037070166,0
LA_D_3703706,0,0.0078065647,0
LA_D_3703829,0,0.0017482601,0
LA_D_3746592,0,0.0013938919,0
LA_D_3761372,0,0.0025834537,0
LA_D_3811662,0,0.005091147,0
LA_D_3823928,0,0.00432092,0
LA_D_3848625,0,0.0028744095,0
LA_D_3942877,0,0.0023796505,0
LA_D_3954136,0,0.0045400606,0
LA_D_3958645,0,0.0013292086,0
LA_D_3958701,0,0.0015872915,0
LA_D_4019987,0,0.0075911446,0
LA_D_4046895,0,0.0013104996,0
LA_D_4148744,0,0.0018308231,0
LA_D_4181398,0,0.0012714844,0
LA_D_4182510,0,0.0011463626,0
LA_D_4184582,0,0.001277587,0
LA_D_4191582,0,0.0013278093,0
LA_D_4193632,0,0.0006027455,0
LA_D_4195024,0,0.0017136125,0
LA_D_4231438,0,0.0024208482,0
LA_D_4240232,0,0.0018794681,0
LA_D_4241032,0,0.0010826339,0
LA_D_4250284,0,0.00076193624,0
LA_D_4274327,0,0.00083210046,0
LA_D_4302814,0,0.0011470033,0
LA_D_4306636,0,0.0041407263,0
LA_D_4339929,0,0.0013734067,0
LA_D_4358018,0,0.0038045377,0
LA_D_4368080,0,0.0004900883,0
LA_D_4378419,0,0.0035487064,0
LA_D_4382768,0,0.01310997,0
LA_D_4385637,0,0.0008543224,0
LA_D_4502872,0,0.0012921244,0
LA_D_4518823,0,0.004854634,0
LA_D_4530249,0,0.0013763634,0
LA_D_4541895,0,0.0022358838,0
LA_D_4609401,0,0.0024561489,0
LA_D_4702964,0,0.0021016232,0
LA_D_4707076,0,0.0014057592,0
LA_D_4728531,0,0.003926367,0
LA_D_4740253,0,0.002353589,0
LA_D_4758741,0,0.00179175,0
LA_D_4763361,0,0.0017175882,0
LA_D_4798984,0,0.0020075773,0
LA_D_4813001,0,0.0018149164,0
LA_D_4813446,0,0.0047321743,0
LA_D_4820874,0,0.0013124814,0
LA_D_4876374,0,0.0030032261,0
LA_D_4907345,0,0.0029566807,0
LA_D_4911106,0,0.00645772,0
LA_D_4921306,0,0.0035119038,0
LA_D_4936226,0,0.0010866811,0
LA_D_4941783,0,0.0033669246,0
LA_D_4970282,0,0.0021790657,0
LA_D_4972782,0,0.0011434719,0
LA_D_5026079,0,0.0015665839,0
LA_D_5041256,0,0.0057338774,0
LA_D_5082258,0,0.001269917,0
LA_D_5085425,0,0.0025511843,0
LA_D_5094867,0,0.011125123,0
LA_D_5145079,0,0.0011441938,0
LA_D_5174186,0,0.0014118649,0
LA_D_5225846,0,0.0030380113,0
LA_D_5236165,0,0.0014602176,0
LA_D_5274055,0,0.0017610673,0
LA_D_5288785,0,0.0055699907,0
LA_D_5328469,0,0.006758164,0
LA_D_5330416,0,0.0010258929,0
LA_D_5337300,0,0.0009980339,0
LA_D_5341780,0,0.0015506085,0
LA_D_5349891,0,0.0027671088,0
LA_D_5391312,0,0.001463186,0
LA_D_5399074,0,0.0032590772,0
LA_D_5411425,0,0.0076109273,0
LA_D_5416891,0,0.0009456691,0
LA_D_5463025,0,0.0007583679,0
LA_D_5472628,0,0.0019803906,0
LA_D_5502210,0,0.0023508272,0
LA_D_5558097,0,0.0022558575,0
LA_D_5598437,0,0.0016818494,0
LA_D_5606948,0,0.0047025727,0
LA_D_5648484,0,0.0020493856,0
LA_D_5658047,0,0.0010810117,0
LA_D_5674798,0,0.004421977,0
LA_D_5702698,0,0.0010116945,0
LA_D_5731514,0,0.0027973547,0
LA_D_5744723,0,0.0013945438,0
LA_D_5756079,0,0.0028838767,0
LA_D_5761294,0,0.0044964305,0
LA_D_5788830,0,0.0034231693,0
LA_D_5810774,0,0.002864755,0
LA_D_5811636,0,0.00066257996,0
LA_D_5815871,0,0.002244027,0
LA_D_5815879,0,0.0015061436,0
LA_D_5854347,0,0.0032422785,0
LA_D_5890209,0,0.0027176954,0
LA_D_5902939,0,0.0025844835,0
LA_D_5915443,0,0.0017174524,0
LA_D_5966896,0,0.00255275,0
LA_D_6004306,0,0.0011232295,0
LA_D_6020277,0,0.002451401,0
LA_D_6060748,0,0.003874005,0
LA_D_6078371,0,0.0016633762,0
LA_D_6129214,0,0.0011162418,0
LA_D_6166462,0,0.0010202014,0
LA_D_6167979,0,0.0042904154,0
LA_D_6178691,0,0.0024225183,0
LA_D_6212648,0,0.0014704304,0
LA_D_6301347,0,0.0013285746,0
LA_D_6302669,0,0.0014389252,0
LA_D_6364752,0,0.0022205093,0
LA_D_6450264,0,0.0051403427,0
LA_D_6470899,0,0.0015339347,0
LA_D_6607748,0,0.0024494915,0
LA_D_6624488,0,0.0022380052,0
LA_D_6689857,0,0.0019966043,0
LA_D_6695214,0,0.0019297686,0
LA_D_6754663,0,0.0034479548,0
LA_D_6822464,0,0.0029035704,0
LA_D_6832697,0,0.0024028702,0
LA_D_6844056,0,0.003397721,0
LA_D_6910092,0,0.00075388746,0
LA_D_6923831,0,0.0023815415,0
LA_D_6923993,0,0.0014116048,0
LA_D_6954213,0,0.0012172178,0
LA_D_6966943,0,0.0041499073,0
LA_D_6976547,0,0.0051467745,0
LA_D_7045724,0,0.0017060854,0
LA_D_7081849,0,0.0011622749,0
LA_D_7083969,0,0.0016228604,0
LA_D_7121049,0,0.0027995422,0
LA_D_7145015,0,0.002854545,0
LA_D_7154160,0,0.0019919095,0
LA_D_7165623,0,0.0013232756,0
LA_D_7173940,0,0.0023863716,0
LA_D_7223284,0,0.003350325,0
LA_D_7248953,0,0.0015720214,0
LA_D_7249552,0,0.0014650445,0
LA_D_7255755,0,0.0020054376,0
LA_D_7262716,0,0.0018905236,0
LA_D_7392383,0,0.0007824372,0
LA_D_7496841,0,0.00089566264,0
LA_D_7575592,0,0.0036037415,0
LA_D_7575877,0,0.006037038,0
LA_D_7588199,0,0.0029523137,0
LA_D_7591062,0,0.0010472623,0
LA_D_7615134,0,0.0014156401,0
LA_D_7634407,0,0.0013390891,0
LA_D_7641113,0,0.0019257226,0
LA_D_7678069,0,0.00092299463,0
LA_D_7711351,0,0.0016944451,0
LA_D_7736497,0,0.0011730314,0
LA_D_7766550,0,0.004969139,0
LA_D_7789202,0,0.0039423252,0
LA_D_7799234,0,0.0010162595,0
LA_D_7832705,0,0.0016954367,0
LA_D_7836942,0,0.0022130292,0
LA_D_7863940,0,0.0018914191,0
LA_D_7900629,0,0.0017730017,0
LA_D_7934417,0,0.0018488748,0
LA_D_7941843,0,0.0015802026,0
LA_D_8039108,0,0.002009574,0
LA_D_8173717,0,0.0012510932,0
LA_D_8183682,0,0.001686823,0
LA_D_8359755,0,0.0008881391,0
LA_D_8454906,0,0.0023853215,0
LA_D_8471747,0,0.0034583695,0
LA_D_8524883,0,0.0013895181,0
LA_D_8534191,0,0.0063302414,0
LA_D_8630528,0,0.001902082,0
LA_D_8634956,0,0.0018581633,0
LA_D_8658531,0,0.0075936243,0
LA_D_8679609,0,0.0013790276,0
LA_D_8680505,0,0.0022412091,0
LA_D_8698219,0,0.0019728362,0
LA_D_8900733,0,0.0024759148,0
LA_D_8928209,0,0.0017647167,0
LA_D_8940981,0,0.0039488864,0
LA_D_8986725,0,0.008336282,0
LA_D_9039108,0,0.0039666835,0
LA_D_9063622,0,0.0015447624,0
LA_D_9081617,0,0.0019812824,0
LA_D_9093007,0,0.003035944,0
LA_D_9097473,0,0.0022587904,0
LA_D_9175542,0,0.0030262263,0
LA_D_9238403,0,0.0010558456,0
LA_D_9261139,0,0.0021944437,0
LA_D_9325156,0,0.009090894,0
LA_D_9449718,0,0.0024108891,0
LA_D_9451389,0,0.004928849,0
LA_D_9457760,0,0.0015985896,0
LA_D_9460191,0,0.0008629966,0
LA_D_9469910,0,0.0021962172,0
LA_D_9523778,0,0.0024973836,0
LA_D_9562015,0,0.0049998807,0
LA_D_9582658,0,0.0021100391,0
LA_D_9603070,0,0.0030687423,0
LA_D_9662606,0,0.0025848842,0
LA_D_9686838,0,0.0024083194,0
LA_D_9696470,0,0.0023194465,0
LA_D_9704240,0,0.0031556187,0
LA_D_9711707,0,0.0023463627,0
LA_D_9719597,0,0.002106552,0
LA_D_9721837,0,0.0026960198,0
LA_D_9724900,0,0.0027920525,0
LA_D_9774871,0,0.003003589,0
LA_D_9881093,0,0.0015622817,0
LA_D_9913955,0,0.0040714676,0
LA_D_9915722,0,0.0025164138,0
LA_D_9927048,0,0.0014584811,0
LA_D_9935628,0,0.000900402,0
LA_D_9953593,0,0.002403379,0
LA_D_1024541,0,0.0009374521,0
LA_D_1035695,0,0.0016526459,0
LA_D_1042553,0,0.0014747614,0
LA_D_1134137,0,0.0036289662,0
LA_D_1218270,0,0.0026255185,0
LA_D_1218955,0,0.0037932734,0
LA_D_1226093,0,0.0024695178,0
LA_D_1239007,0,0.013773558,0
LA_D_1248476,0,0.004733396,0
LA_D_1252524,0,0.0008775925,0
LA_D_1390523,0,0.00076852547,0
LA_D_1412369,0,0.0020392102,0
LA_D_1432668,0,0.002450122,0
LA_D_1463958,0,0.0011403771,0
LA_D_1496754,0,0.00085112994,0
LA_D_1509117,0,0.008396592,0
LA_D_1528364,0,0.0024523549,0
LA_D_1535343,0,0.0013936548,0
LA_D_1601494,0,0.0009909837,0
LA_D_1601833,0,0.00053134584,0
LA_D_1614845,0,0.00032684903,0
LA_D_1632847,0,0.0006743823,0
LA_D_1635246,0,0.00729776,0
LA_D_1643538,0,0.0020942907,0
LA_D_1711564,0,0.0012295388,0
LA_D_1755243,0,0.0050833877,0
LA_D_1755482,0,0.0012796299,0
LA_D_1778489,0,0.0011804957,0
LA_D_1783037,0,0.00070391275,0
LA_D_1809307,0,0.0047202953,0
LA_D_1838028,0,0.012087283,0
LA_D_1864652,0,0.0007969642,0
LA_D_1871223,0,0.0020465155,0
LA_D_1919505,0,0.0047348277,0
LA_D_1953575,0,0.0025810269,0
LA_D_1954275,0,0.0010161326,0
LA_D_1989443,0,0.0009867328,0
LA_D_2003609,0,0.0030149221,0
LA_D_2006600,0,0.00096126733,0
LA_D_2046470,0,0.00080679834,0
LA_D_2086920,0,0.0015422556,0
LA_D_2092684,0,0.0037792516,0
LA_D_2143588,0,0.0020232939,0
LA_D_2193916,0,0.0054462133,0
LA_D_2228504,0,0.0028715434,0
LA_D_2280242,0,0.0013309219,0
LA_D_2299839,0,0.0031356283,0
LA_D_2332596,0,0.0021602684,0
LA_D_2364299,0,0.0016161083,0
LA_D_2367658,0,0.0018157165,0
LA_D_2373826,0,0.0005459964,0
LA_D_2374054,0,0.00074245443,0
LA_D_2374590,0,0.00061300787,0
LA_D_2379249,0,0.0026871457,0
LA_D_2380365,0,0.024798864,0
LA_D_2416790,0,0.0010239538,0
LA_D_2437354,0,0.0038804102,0
LA_D_2491741,0,0.0033945178,0
LA_D_2493315,0,0.0020809695,0
LA_D_2499496,0,0.002409958,0
LA_D_2499954,0,0.00253648,0
LA_D_2511151,0,0.0026878384,0
LA_D_2536179,0,0.0026991665,0
LA_D_2586141,0,0.0037674764,0
LA_D_2632718,0,0.0013623864,0
LA_D_2661958,0,0.0015795166,0
LA_D_2709080,0,0.0025672428,0
LA_D_2717878,0,0.0018600976,0
LA_D_2721191,0,0.0017884782,0
LA_D_2727763,0,0.0006711969,0
LA_D_2731036,0,0.0025648202,0
LA_D_2736869,0,0.001215341,0
LA_D_2746243,0,0.0044972072,0
LA_D_2746267,0,0.0052868975,0
LA_D_2783081,0,0.002472061,0
LA_D_2793042,0,0.013376886,0
LA_D_2805826,0,0.0010340066,0
LA_D_2831844,0,0.004484541,0
LA_D_2888596,0,0.0004813872,0
LA_D_2910262,0,0.0022560745,0
LA_D_2940539,0,0.0003052357,0
LA_D_2951507,0,0.0027885735,0
LA_D_2987509,0,0.0007243493,0
LA_D_3112824,0,0.0031965435,0
LA_D_3121066,0,0.00094727107,0
LA_D_3139557,0,0.0013233022,0
LA_D_3163081,0,0.0014626852,0
LA_D_3180081,0,0.0018656726,0
LA_D_3224812,0,0.0012473168,0
LA_D_3255789,0,0.00199944,0
LA_D_3286040,0,0.005940202,0
LA_D_3287162,0,0.0023160537,0
LA_D_3309731,0,0.0046236487,0
LA_D_3317337,0,0.00081520365,0
LA_D_3332845,0,0.0021914637,0
LA_D_3336827,0,0.0021798727,0
LA_D_3337239,0,0.0020379527,0
LA_D_3359713,0,0.0039351922,0
LA_D_3364219,0,0.0035705008,0
LA_D_3416934,0,0.0033802409,0
LA_D_3424949,0,0.0051435307,0
LA_D_3425869,0,0.00067787676,0
LA_D_3431144,0,0.00069731066,0
LA_D_3434819,0,0.0017731679,0
LA_D_3440841,0,0.0011274773,0
LA_D_3444944,0,0.0013962148,0
LA_D_3472699,0,0.0023093377,0
LA_D_3472855,0,0.0056279087,0
LA_D_3481947,0,0.0016993984,0
LA_D_3495463,0,0.0020146442,0
LA_D_3495507,0,0.0022065907,0
LA_D_3512887,0,0.0007726693,0
LA_D_3523121,0,0.002602299,0
LA_D_3525708,0,0.0029084035,0
LA_D_3581963,0,0.0037384008,0
LA_D_3623933,0,0.0021409255,0
LA_D_3673803,0,0.0012492192,0
LA_D_3691914,0,0.002421591,0
LA_D_3694349,0,0.002158045,0
LA_D_3859466,0,0.0075891335,0
LA_D_3860524,0,0.0011611875,0
LA_D_3862793,0,0.0032723867,0
LA_D_3874710,0,0.0022365788,0
LA_D_3880845,0,0.0012784469,0
LA_D_3928922,0,0.0014535789,0
LA_D_3956535,0,0.0020905153,0
LA_D_4070411,0,0.001706564,0
LA_D_4083902,0,0.0013820693,0
LA_D_4103449,0,0.0011271155,0
LA_D_4113219,0,0.00063859136,0
LA_D_4135542,0,0.0038222824,0
LA_D_4136401,0,0.0008350871,0
LA_D_4180382,0,0.0014947739,0
LA_D_4280433,0,0.003015276,0
LA_D_4293774,0,0.0036144692,0
LA_D_4301521,0,0.0014332422,0
LA_D_4339595,0,0.0009506407,0
LA_D_4339686,0,0.001733957,0
LA_D_4430284,0,0.0014019129,0
LA_D_4448951,0,0.003410514,0
LA_D_4483013,0,0.0027266014,0
LA_D_4494703,0,0.0011417631,0
LA_D_4505123,0,0.0012482392,0
LA_D_4586638,0,0.0021175507,0
LA_D_4637943,0,0.0013104466,0
LA_D_4653523,0,0.00061977986,0
LA_D_4662010,0,0.002367875,0
LA_D_4696311,0,0.0005909188,0
LA_D_4697088,0,0.0035157758,0
LA_D_4709234,0,0.0020207246,0
LA_D_4720854,0,0.0013548796,0
LA_D_4747651,0,0.005027247,0
LA_D_4790311,0,0.00079572725,0
LA_D_4873396,0,0.0021949075,0
LA_D_4882560,0,0.0070717265,0
LA_D_4884481,0,0.0051140785,0
LA_D_4900323,0,0.0011490724,0
LA_D_4920424,0,0.00041936277,0
LA_D_4942826,0,0.0005765722,0
LA_D_4960294,0,0.0032514497,0
LA_D_5028072,0,0.0029783964,0
LA_D_5028697,0,0.0018546451,0
LA_D_5071457,0,0.002101856,0
LA_D_5101720,0,0.0039519747,0
LA_D_5106469,0,0.00087475515,0
LA_D_5117145,0,0.0019189945,0
LA_D_5118097,0,0.0025554078,0
LA_D_5123725,0,0.0009099845,0
LA_D_5185723,0,0.0052138846,0
LA_D_5192013,0,0.0014360825,0
LA_D_5210752,0,0.0013538328,0
LA_D_5267968,0,0.0030619362,0
LA_D_5275946,0,0.0017891508,0
LA_D_5308008,0,0.0034979356,0
LA_D_5313766,0,0.0028314255,0
LA_D_5332246,0,0.0016152053,0
LA_D_5337439,0,0.011288122,0
LA_D_5362013,0,0.0010343185,0
LA_D_5400157,0,0.00089632295,0
LA_D_5400787,0,0.0021146126,0
LA_D_5409547,0,0.0018335789,0
LA_D_5441203,0,0.0028691224,0
LA_D_5453401,0,0.0008587672,0
LA_D_5463700,0,0.003311763,0
LA_D_5464792,0,0.0019482779,0
LA_D_5474661,0,0.001888857,0
LA_D_5485515,0,0.0032866108,0
LA_D_5492356,0,0.001276643,0
LA_D_5511445,0,0.0021132254,0
LA_D_5515164,0,0.0008096672,0
LA_D_5539912,0,0.00041841023,0
LA_D_5551945,0,0.0028719627,0
LA_D_5556633,0,0.05273186,0
LA_D_5569369,0,0.00825131,0
LA_D_5602174,0,0.00764187,0
LA_D_5602437,0,0.0020090272,0
LA_D_5610125,0,0.0018444273,0
LA_D_5626564,0,0.0007329352,0
LA_D_5629187,0,0.0028405467,0
LA_D_5647508,0,0.00038367714,0
LA_D_5655417,0,0.0017240067,0
LA_D_5681705,0,0.0010760957,0
LA_D_5712427,0,0.0010903698,0
LA_D_5713865,0,0.00081206794,0
LA_D_5752916,0,0.002168281,0
LA_D_5789585,0,0.0005461177,0
LA_D_5808200,0,0.0020759285,0
LA_D_5873758,0,0.0011304483,0
LA_D_5882342,0,0.0017605309,0
LA_D_5886832,0,0.004965326,0
LA_D_5934440,0,0.0021342654,0
LA_D_5966111,0,0.0020156915,0
LA_D_5998708,0,0.001559031,0
LA_D_6013990,0,0.0034605775,0
LA_D_6025730,0,0.0026503154,0
LA_D_6040176,0,0.0019410804,0
LA_D_6113830,0,0.00010005084,0
LA_D_6116905,0,0.002463246,0
LA_D_6145523,0,0.0009833862,0
LA_D_6164377,0,0.0021437327,0
LA_D_6194235,0,0.0016867867,0
LA_D_6209989,0,0.0013946036,0
LA_D_6256464,0,0.012981257,0
LA_D_6265877,0,0.0015256157,0
LA_D_6268154,0,0.0026448104,0
LA_D_6308947,0,0.0015336338,0
LA_D_6335322,0,0.0008261931,0
LA_D_6345131,0,0.0011037688,0
LA_D_6356896,0,0.00057344115,0
LA_D_6368816,0,0.0007131868,0
LA_D_6374661,0,0.0004336668,0
LA_D_6376974,0,0.0020223756,0
LA_D_6445561,0,0.0026212737,0
LA_D_6499586,0,0.0015880566,0
LA_D_6545121,0,0.0025405672,0
LA_D_6548234,0,0.0014418028,0
LA_D_6585381,0,0.0013173769,0
LA_D_6623812,0,0.005176947,0
LA_D_6649816,0,0.006990844,0
LA_D_6690990,0,0.001763897,0
LA_D_6693898,0,0.004311719,0
LA_D_6727952,0,0.0008230115,0
LA_D_6767586,0,0.017558366,0
LA_D_6807841,0,0.0010481362,0
LA_D_6812624,0,0.00070966437,0
LA_D_6820465,0,0.002236067,0
LA_D_6821250,0,0.0013200231,0
LA_D_6861811,0,0.0011886135,0
LA_D_6863380,0,0.0024542906,0
LA_D_6871726,0,0.00085323956,0
LA_D_6884110,0,0.000842131,0
LA_D_6890939,0,0.004342978,0
LA_D_6924353,0,0.0046537756,0
LA_D_6937150,0,0.0032873985,0
LA_D_7036071,0,0.01097736,0
LA_D_7037337,0,0.0031967452,0
LA_D_7039023,0,0.0014387019,0
LA_D_7094796,0,0.0033019155,0
LA_D_7100790,0,0.00097215426,0
LA_D_7126534,0,0.0018080635,0
LA_D_7153247,0,0.076282665,0
LA_D_7169217,0,0.0016633043,0
LA_D_7170458,0,0.002403643,0
LA_D_7170608,0,0.0014656138,0
LA_D_7178248,0,0.0010856475,0
LA_D_7190581,0,0.00012551165,0
LA_D_7215553,0,0.0030826284,0
LA_D_7317360,0,0.0020458049,0
LA_D_7322306,0,0.0022556945,0
LA_D_7410931,0,0.0037183387,0
LA_D_7415755,0,0.0028313715,0
LA_D_7434265,0,0.0021732221,0
LA_D_7460094,0,0.004794835,0
LA_D_7524440,0,0.00061035116,0
LA_D_7526777,0,0.0064656064,0
LA_D_7543928,0,0.0020476563,0
LA_D_7565415,0,0.0008288262,0
LA_D_7567334,0,0.0017475197,0
LA_D_7611234,0,0.001904818,0
LA_D_7618965,0,0.0017705061,0
LA_D_7623214,0,0.0019686944,0
LA_D_7629070,0,0.0020972546,0
LA_D_7661298,0,0.0013462206,0
LA_D_7667637,0,0.00046605174,0
LA_D_7681851,0,0.000398394,0
LA_D_7688135,0,0.005188684,0
LA_D_7745862,0,0.0019204199,0
LA_D_7748502,0,0.0035059615,0
LA_D_7771621,0,0.00086527824,0
LA_D_7798691,0,0.0019985104,0
LA_D_7804785,0,0.0024288427,0
LA_D_7809381,0,0.0014816617,0
LA_D_7831531,0,0.0012878273,0
LA_D_7843372,0,0.0011375053,0
LA_D_7843877,0,0.0011283541,0
LA_D_7852940,0,0.005571111,0
LA_D_7904161,0,0.0030262864,0
LA_D_7912208,0,0.001729318,0
LA_D_7919147,0,0.0010296662,0
LA_D_7920196,0,0.0016009193,0
LA_D_7936437,0,0.0022512313,0
LA_D_7973788,0,0.0030054175,0
LA_D_7974697,0,0.0035693373,0
LA_D_7993138,0,0.0013066902,0
LA_D_7994905,0,0.008067435,0
LA_D_7994992,0,0.0016291009,0
LA_D_8052049,0,0.0022680028,0
LA_D_8111494,0,0.0058284304,0
LA_D_8118167,0,0.0063857064,0
LA_D_8141901,0,0.0006795151,0
LA_D_8174334,0,0.0011073432,0
LA_D_8183218,0,0.0013987302,0
LA_D_8185311,0,0.0005320183,0
LA_D_8200506,0,0.002581777,0
LA_D_8258459,0,0.0006286731,0
LA_D_8264863,0,0.00038587465,0
LA_D_8283567,0,0.003156022,0
LA_D_8299781,0,0.0012946689,0
LA_D_8301954,0,0.0010580574,0
LA_D_8304989,0,0.0027604061,0
LA_D_8315307,0,0.0072905263,0
LA_D_8316071,0,0.0007342933,0
LA_D_8322431,0,0.0008731842,0
LA_D_8344962,0,0.0027182642,0
LA_D_8345800,0,0.00069116463,0
LA_D_8347056,0,0.0017595675,0
LA_D_8380344,0,0.004335374,0
LA_D_8398091,0,0.0015805179,0
LA_D_8411616,0,0.0019299889,0
LA_D_8423289,0,0.0016922212,0
LA_D_8447480,0,0.0014135223,0
LA_D_8454223,0,0.0020455527,0
LA_D_8465207,0,0.0019815746,0
LA_D_8476350,0,0.00071627233,0
LA_D_8511483,0,0.0043277424,0
LA_D_8515733,0,0.002776991,0
LA_D_8534526,0,0.0040129605,0
LA_D_8539612,0,0.0014460428,0
LA_D_8540770,0,0.0013039229,0
LA_D_8543737,0,0.0027117068,0
LA_D_8552142,0,0.006147081,0
LA_D_8555530,0,0.00036115973,0
LA_D_8611140,0,0.0013635526,0
LA_D_8651248,0,0.001791484,0
LA_D_8657095,0,0.0038545614,0
LA_D_8676464,0,0.00080838095,0
LA_D_8692089,0,0.0011755079,0
LA_D_8723788,0,0.0006245545,0
LA_D_8736662,0,0.00064847176,0
LA_D_8763928,0,0.0040153703,0
LA_D_8780503,0,0.0019660916,0
LA_D_8808510,0,0.0052217133,0
LA_D_8811548,0,0.00093535596,0
LA_D_8826150,0,0.003467496,0
LA_D_8833531,0,0.001951002,0
LA_D_8833933,0,0.001950098,0
LA_D_8841412,0,0.0004892999,0
LA_D_8853078,0,0.0037016599,0
LA_D_8868497,0,0.00222054,0
LA_D_8873375,0,0.0014151528,0
LA_D_8878315,0,0.0007629745,0
LA_D_8879769,0,0.0012914538,0
LA_D_8890877,0,0.0021190161,0
LA_D_8912964,0,0.0015586644,0
LA_D_8926504,0,0.00094616064,0
LA_D_8934774,0,0.0024634616,0
LA_D_8939153,0,0.003837499,0
LA_D_8941037,0,0.0018655538,0
LA_D_8950647,0,0.0013472891,0
LA_D_8960736,0,0.0009969961,0
LA_D_8971601,0,0.015813353,0
LA_D_8983751,0,0.0018731073,0
LA_D_9006149,0,0.001871856,0
LA_D_9059259,0,0.0021623846,0
LA_D_9074375,0,0.0019496749,0
LA_D_9101305,0,0.003246544,0
LA_D_9115565,0,0.0011513223,0
LA_D_9129216,0,0.00087411364,0
LA_D_9133128,0,0.0028608455,0
LA_D_9156038,0,0.0011479023,0
LA_D_9160621,0,0.0014344588,0
LA_D_9209018,0,0.005710316,0
LA_D_9222077,0,0.0017037513,0
LA_D_9249738,0,0.00063508924,0
LA_D_9251833,0,0.0011594275,0
LA_D_9262825,0,0.0018250255,0
LA_D_9295689,0,0.00060889794,0
LA_D_9375118,0,0.0019427087,0
LA_D_9388333,0,0.002899808,0
LA_D_9391403,0,0.0027351792,0
LA_D_9435141,0,0.00094058353,0
LA_D_9448997,0,0.0011809916,0
LA_D_9486751,0,0.00064103596,0
LA_D_9490122,0,0.0011485601,0
LA_D_9537289,0,0.0046916003,0
LA_D_9566824,0,0.0010575313,0
LA_D_9572182,0,0.003605012,0
LA_D_9626758,0,0.0012713518,0
LA_D_9666900,0,0.003056179,0
LA_D_9721880,0,0.0012418306,0
LA_D_9723855,0,0.0023749853,0
LA_D_9729483,0,0.0022671053,0
LA_D_9774174,0,0.0022834234,0
LA_D_9779978,0,0.001276457,0
LA_D_9798672,0,0.0010878522,0
LA_D_9808110,0,0.0013095845,0
LA_D_9820486,0,0.001807702,0
LA_D_9830830,0,0.0014990282,0
LA_D_9863362,0,0.00091925665,0
LA_D_9907979,0,0.0063970136,0
LA_D_9920694,0,0.0029248053,0
LA_D_9951144,0,0.00093904603,0
LA_D_9967530,0,0.0049301703,0
LA_D_9999760,0,0.0053894655,0
LA_D_1025356,0,0.0021004395,0
LA_D_1030640,0,0.0005963007,0
LA_D_1054205,0,0.0013041277,0
LA_D_1071291,0,0.0011524957,0
LA_D_1111073,0,0.002428123,0
LA_D_1169636,0,0.0011933522,0
LA_D_1185773,0,0.00038420857,0
LA_D_1193402,0,0.000990556,0
LA_D_1226919,0,0.00066366384,0
LA_D_1230447,0,0.00428284,0
LA_D_1237480,0,0.0014368664,0
LA_D_1287394,0,0.0014898606,0
LA_D_1297520,0,0.0010381177,0
LA_D_1307115,0,0.0014212129,0
LA_D_1307361,0,0.0019829257,0
LA_D_1335533,0,0.0029110555,0
LA_D_1382825,0,0.0008256681,0
LA_D_1401933,0,0.0010517937,0
LA_D_1412270,0,0.0015866613,0
LA_D_1426011,0,0.002253011,0
LA_D_1434547,0,0.0019829879,0
LA_D_1440229,0,0.0017875673,0
LA_D_1461530,0,0.0016936742,0
LA_D_1544054,0,0.002426891,0
LA_D_1608931,0,0.004004709,0
LA_D_1612620,0,0.024989786,0
LA_D_1675550,0,0.0010581849,0
LA_D_1677234,0,0.0005356825,0
LA_D_1685766,0,0.006213411,0
LA_D_1693615,0,0.0025022072,0
LA_D_1734325,0,0.0029579925,0
LA_D_1772083,0,0.0016150391,0
LA_D_1776380,0,0.0012609739,0
LA_D_1858151,0,0.0013621371,0
LA_D_1867335,0,0.0011795976,0
LA_D_1921825,0,0.0031798694,0
LA_D_1933165,0,0.0015045983,0
LA_D_1941143,0,0.000645353,0
LA_D_1968546,0,0.006671455,0
LA_D_2011219,0,0.005631178,0
LA_D_2071557,0,0.003136028,0
LA_D_2074827,0,0.0024746894,0
LA_D_2165495,0,0.014864159,0
LA_D_2188344,0,0.00090186554,0
LA_D_2196548,0,0.0012251835,0
LA_D_2258459,0,0.004555571,0
LA_D_2258741,0,0.0013407845,0
LA_D_2288300,0,0.0015849816,0
LA_D_2339812,0,0.0013985351,0
LA_D_2358779,0,0.0020986202,0
LA_D_2363490,0,0.0017390604,0
LA_D_2364584,0,0.0014590925,0
LA_D_2366142,0,0.0010998935,0
LA_D_2371531,0,0.0019139232,0
LA_D_2381000,0,0.00078744837,0
LA_D_2405558,0,0.0018078466,0
LA_D_2417651,0,0.0012882899,0
LA_D_2427116,0,0.003976141,0
LA_D_2446049,0,0.0045130732,0
LA_D_2460010,0,0.0011886179,0
LA_D_2557760,0,0.0005525074,0
LA_D_2563213,0,0.0011363953,0
LA_D_2587030,0,0.004285562,0
LA_D_2606095,0,0.0013371037,0
LA_D_2626102,0,0.0013821727,0
LA_D_2627350,0,0.00043931935,0
LA_D_2638013,0,0.0016467423,0
LA_D_2660381,0,0.0009066987,0
LA_D_2691829,0,0.0023398497,0
LA_D_2769397,0,0.0028101625,0
LA_D_2820525,0,0.0009864658,0
LA_D_2821637,0,0.0013141275,0
LA_D_2899054,0,0.0012708778,0
LA_D_2917041,0,0.0014508676,0
LA_D_2945771,0,0.0007519023,0
LA_D_2949120,0,0.0012922641,0
LA_D_2984362,0,0.0012648929,0
LA_D_2986907,0,0.000835253,0
LA_D_3004845,0,0.0015057959,0
LA_D_3007276,0,0.0007474309,0
LA_D_3019929,0,0.0013050658,0
LA_D_3057901,0,0.0015408017,0
LA_D_3062235,0,0.00046958643,0
LA_D_3158494,0,0.011955657,0
LA_D_3184698,0,0.0014615775,0
LA_D_3212454,0,0.003839209,0
LA_D_3248319,0,0.0011430761,0
LA_D_3266246,0,0.001799132,0
LA_D_3292105,0,0.0015443469,0
LA_D_3416535,0,0.0008325843,0
LA_D_3446159,0,0.0011671848,0
LA_D_3452933,0,0.0023395657,0
LA_D_3486393,0,0.0014628272,0
LA_D_3495466,0,0.0016064843,0
LA_D_3536487,0,0.00067806995,0
LA_D_3569726,0,0.004008637,0
LA_D_3590829,0,0.0020595824,0
LA_D_3602669,0,0.0012082066,0
LA_D_3605046,0,0.0022629197,0
LA_D_3652898,0,0.0017199512,0
LA_D_3658031,0,0.0014186052,0
LA_D_3674928,0,0.0028298453,0
LA_D_3691736,0,0.0022154208,0
LA_D_3741607,0,0.0027352378,0
LA_D_3831261,0,0.0022949404,0
LA_D_3843887,0,0.0027359426,0
LA_D_3898333,0,0.0027166049,0
LA_D_3960616,0,0.0013375367,0
LA_D_3975996,0,0.0010255353,0
LA_D_4022532,0,0.0016973554,0
LA_D_4029888,0,0.0015570297,0
LA_D_4067593,0,0.00094949116,0
LA_D_4075891,0,0.0019491221,0
LA_D_4144411,0,0.0012743433,0
LA_D_4196632,0,0.0005574328,0
LA_D_4246774,0,0.0007905666,0
LA_D_4260320,0,0.00083601265,0
LA_D_4286664,0,0.00091653375,0
LA_D_4297354,0,0.0009831359,0
LA_D_4356737,0,0.0013603275,0
LA_D_4359265,0,0.021754993,0
LA_D_4389927,0,0.0015519749,0
LA_D_4485889,0,0.0016398035,0
LA_D_4537572,0,0.0015781643,0
LA_D_4551639,0,0.001098548,0
LA_D_4583777,0,0.0074641816,0
LA_D_4610210,0,0.0013924403,0
LA_D_4617565,0,0.001981222,0
LA_D_4628640,0,0.0067766383,0
LA_D_4710912,0,0.001498727,0
LA_D_4767743,0,0.001135695,0
LA_D_4852255,0,0.0036186979,0
LA_D_4855092,0,0.0011996444,0
LA_D_4875350,0,0.00045993284,0
LA_D_4876159,0,0.0016308026,0
LA_D_4893544,0,0.000909156,0
LA_D_4904642,0,0.0024487507,0
LA_D_4919668,0,0.0012101774,0
LA_D_4946717,0,0.0011397538,0
LA_D_4962965,0,0.0025456666,0
LA_D_5002979,0,0.019116582,0
LA_D_5013243,0,0.0015461899,0
LA_D_5026225,0,0.0004748233,0
LA_D_5066427,0,0.0010009077,0
LA_D_5103566,0,0.0011858434,0
LA_D_5131261,0,0.00081759423,0
LA_D_5176156,0,0.0017612451,0
LA_D_5181769,0,0.00037414287,0
LA_D_5194904,0,0.0011692669,0
LA_D_5223490,0,0.0024378572,0
LA_D_5232800,0,0.0009961377,0
LA_D_5233239,0,0.00084031466,0
LA_D_5264948,0,0.0028098163,0
LA_D_5272211,0,0.0012754829,0
LA_D_5280085,0,0.0010440428,0
LA_D_5281076,0,0.0015963605,0
LA_D_5295482,0,0.013713771,0
LA_D_5331450,0,0.00053989043,0
LA_D_5414308,0,0.0031349387,0
LA_D_5451855,0,0.0019007492,0
LA_D_5456485,0,0.001020493,0
LA_D_5481003,0,0.0009388797,0
LA_D_5487740,0,0.002408694,0
LA_D_5509643,0,0.0034356983,0
LA_D_5529065,0,0.030167032,0
LA_D_5612758,0,0.0006883443,0
LA_D_5680395,0,0.0012968539,0
LA_D_5713062,0,0.0011731421,0
LA_D_5736677,0,0.0007275101,0
LA_D_5769169,0,0.0007303269,0
LA_D_5796502,0,0.00045116327,0
LA_D_5827420,0,0.00038865607,0
LA_D_5842927,0,0.0006960512,0
LA_D_5849098,0,0.001655988,0
LA_D_5856691,0,0.0016693487,0
LA_D_5930167,0,0.0009001687,0
LA_D_5935284,0,0.00073224196,0
LA_D_5970267,0,0.0031240839,0
LA_D_6018972,0,0.001323161,0
LA_D_6026073,0,0.0012615818,0
LA_D_6053770,0,0.0025896858,0
LA_D_6157715,0,0.0007230141,0
LA_D_6165178,0,0.0022616822,0
LA_D_6178175,0,0.000708365,0
LA_D_6234671,0,0.0013971067,0
LA_D_6273410,0,0.0016042375,0
LA_D_6273504,0,0.0014499411,0
LA_D_6280436,0,0.00059770246,0
LA_D_6283174,0,0.0035547079,0
LA_D_6396489,0,0.000729144,0
LA_D_6461042,0,0.0029024417,0
LA_D_6498637,0,0.004348336,0
LA_D_6511574,0,0.0010153257,0
LA_D_6516261,0,0.0012432437,0
LA_D_6588379,0,0.002426285,0
LA_D_6597050,0,0.00073729997,0
LA_D_6597330,0,0.0019447032,0
LA_D_6610656,0,0.00050724257,0
LA_D_6613848,0,0.0073615243,0
LA_D_6636415,0,0.0003058337,0
LA_D_6689023,0,0.0012399779,0
LA_D_6695161,0,0.0010131829,0
LA_D_6752187,0,0.0013150972,0
LA_D_6814636,0,0.00074417144,0
LA_D_6855752,0,0.0031344143,0
LA_D_6914760,0,0.002647627,0
LA_D_6920856,0,0.000856426,0
LA_D_6930733,0,0.0010307747,0
LA_D_6940521,0,0.003086015,0
LA_D_7072258,0,0.0013129896,0
LA_D_7101123,0,0.0070382725,0
LA_D_7114007,0,0.0032796704,0
LA_D_7115973,0,0.0081508765,0
LA_D_7120364,0,0.00095752836,0
LA_D_7160537,0,0.00077193475,0
LA_D_7180447,0,0.0043776995,0
LA_D_7199102,0,0.0011238139,0
LA_D_7201951,0,0.0011780019,0
LA_D_7312535,0,0.001178461,0
LA_D_7398349,0,0.00048198662,0
LA_D_7420352,0,0.0018471516,0
LA_D_7442269,0,0.001206303,0
LA_D_7444518,0,0.00051868253,0
LA_D_7457091,0,0.0005444613,0
LA_D_7504762,0,0.0015414981,0
LA_D_7506025,0,0.001539032,0
LA_D_7564052,0,0.0035132575,0
LA_D_7564800,0,0.0016578734,0
LA_D_7579833,0,0.0017267121,0
LA_D_7597147,0,0.0007936395,0
LA_D_7618520,0,0.0012847242,0
LA_D_7643858,0,0.0068541863,0
LA_D_7644072,0,0.004383011,0
LA_D_7673323,0,0.00080028456,0
LA_D_7674419,0,0.011814902,0
LA_D_7712887,0,0.0021000397,0
LA_D_7719213,0,0.0050529,0
LA_D_7735219,0,0.0030216058,0
LA_D_7738182,0,0.0017174615,0
LA_D_7761946,0,0.0036779721,0
LA_D_7871600,0,0.00025480104,0
LA_D_7891639,0,0.0035991317,0
LA_D_7909240,0,0.0018933392,0
LA_D_7915757,0,0.0006989947,0
LA_D_7980033,0,0.0019232909,0
LA_D_8076909,0,0.0011918668,0
LA_D_8077642,0,0.0010623646,0
LA_D_8080127,0,0.0008184053,0
LA_D_8128482,0,0.0039645517,0
LA_D_8138165,0,0.0009674707,0
LA_D_8141415,0,0.00038549816,0
LA_D_8197390,0,0.0027202219,0
LA_D_8205467,0,0.001430414,0
LA_D_8217131,0,0.0012634697,0
LA_D_8223331,0,0.0009269314,0
LA_D_8224117,0,0.0030204423,0
LA_D_8249675,0,0.003896058,0
LA_D_8261063,0,0.0018312277,0
LA_D_8325357,0,0.002270123,0
LA_D_8332415,0,0.0011304881,0
LA_D_8337861,0,0.001819613,0
LA_D_8348255,0,0.00090532535,0
LA_D_8380959,0,0.002152694,0
LA_D_8435642,0,0.0011400182,0
LA_D_8436519,0,0.0038159548,0
LA_D_8441069,0,0.001682128,0
LA_D_8467738,0,0.0017641876,0
LA_D_8485138,0,0.0038514154,0
LA_D_8519084,0,0.00089193083,0
LA_D_8575854,0,0.0043266104,0
LA_D_8576496,0,0.00073675386,0
LA_D_8595477,0,0.004709483,0
LA_D_8636461,0,0.0011473518,0
LA_D_8657393,0,0.005702321,0
LA_D_8663431,0,0.0018943452,0
LA_D_8691113,0,0.00067953614,0
LA_D_8726741,0,0.0025085541,0
LA_D_8817691,0,0.0016326195,0
LA_D_8832311,0,0.0027503963,0
LA_D_8832584,0,0.0008779755,0
LA_D_8884919,0,0.0018945561,0
LA_D_8944675,0,0.000771979,0
LA_D_8948710,0,0.00095358945,0
LA_D_8950385,0,0.0013913017,0
LA_D_9189777,0,0.004505731,0
LA_D_9195548,0,0.0015696291,0
LA_D_9305104,0,0.0005732499,0
LA_D_9334540,0,0.0013938148,0
LA_D_9393077,0,0.0010309633,0
LA_D_9430632,0,0.0012133815,0
LA_D_9468782,0,0.0017046005,0
LA_D_9477146,0,0.0020950423,0
LA_D_9495235,0,0.0009852551,0
LA_D_9525782,0,0.0018776373,0
LA_D_9551181,0,0.00076293485,0
LA_D_9672147,0,0.0017282909,0
LA_D_9759074,0,0.0011962901,0
LA_D_9775592,0,0.0017323301,0
LA_D_9784942,0,0.0008327949,0
LA_D_9791741,0,0.0011037468,0
LA_D_9802861,0,0.0018191421,0
LA_D_9806272,0,0.011010959,0
LA_D_9826388,0,0.0024153406,0
LA_D_9864516,0,0.0010146893,0
LA_D_9913960,0,0.0016402219,0
LA_D_9945483,0,0.0010538609,0
LA_D_9991657,0,0.0019515909,0
LA_D_9991828,0,0.00081823295,0
LA_D_1003797,0,0.0026472365,0
LA_D_1058697,0,0.0010915997,0
LA_D_1068250,0,0.00062347954,0
LA_D_1106906,0,0.0006130014,0
LA_D_1173972,0,0.00040014295,0
LA_D_1191562,0,0.00060242304,0
LA_D_1217069,0,0.0009896806,0
LA_D_1225629,0,0.0009842124,0
LA_D_1267039,0,0.0005894554,0
LA_D_1281551,0,0.0003794088,0
LA_D_1297559,0,0.00020443965,0
LA_D_1358556,0,0.0017175341,0
LA_D_1359166,0,0.00045557946,0
LA_D_1365321,0,0.0003342563,0
LA_D_1375085,0,0.00041495325,0
LA_D_1378109,0,0.0006890332,0
LA_D_1409799,0,0.0008356124,0
LA_D_1414287,0,0.0028844005,0
LA_D_1419364,0,0.0009262912,0
LA_D_1419526,0,0.0006427165,0
LA_D_1526842,0,0.0014739416,0
LA_D_1534693,0,0.0011086568,0
LA_D_1541008,0,0.00036859125,0
LA_D_1555301,0,0.00043505576,0
LA_D_1571595,0,0.0018694238,0
LA_D_1571783,0,0.00081819674,0
LA_D_1581762,0,0.0008439316,0
LA_D_1592559,0,0.0005914862,0
LA_D_1601648,0,0.0012124383,0
LA_D_1637646,0,0.0008674997,0
LA_D_1645531,0,0.008587417,0
LA_D_1685863,0,0.001211879,0
LA_D_1715922,0,0.00082900753,0
LA_D_1757134,0,0.00036259127,0
LA_D_1767230,0,0.017108653,0
LA_D_1789894,0,0.0005354737,0
LA_D_1799775,0,0.00054635457,0
LA_D_1811965,0,0.0012136544,0
LA_D_1812094,0,0.00021742373,0
LA_D_1824827,0,0.00019854186,0
LA_D_1849915,0,0.00061448483,0
LA_D_1855940,0,0.00097502244,0
LA_D_1881500,0,0.00046049547,0
LA_D_1890878,0,0.0005903446,0
LA_D_1922621,0,0.0012597764,0
LA_D_1930859,0,0.0012483508,0
LA_D_1943277,0,0.00071390724,0
LA_D_1955572,0,0.008891574,0
LA_D_1958672,0,0.00045404144,0
LA_D_1975844,0,0.00053478155,0
LA_D_1976284,0,0.0038549036,0
LA_D_2000885,0,0.0002054695,0
LA_D_2005388,0,0.00020598028,0
LA_D_2053681,0,0.00077410816,0
LA_D_2054654,0,0.0016274948,0
LA_D_2093247,0,0.0041514523,0
LA_D_2124188,0,0.0008505714,0
LA_D_2133031,0,0.00088385737,0
LA_D_2157831,0,0.0015441322,0
LA_D_2175694,0,0.00096658536,0
LA_D_2223300,0,0.00482593,0
LA_D_2223782,0,0.00049050193,0
LA_D_2247309,0,0.0020481055,0
LA_D_2255957,0,0.0016565961,0
LA_D_2259016,0,0.00067794847,0
LA_D_2259759,0,0.005422117,0
LA_D_2284232,0,0.00054492726,0
LA_D_2293597,0,0.0013233136,0
LA_D_2306690,0,0.0051449854,0
LA_D_2395644,0,0.0006992279,0
LA_D_2404279,0,0.00032811845,0
LA_D_2406653,0,0.0011823908,0
LA_D_2424487,0,0.00035714902,0
LA_D_2426166,0,0.0020362001,0
LA_D_2473777,0,0.00065378443,0
LA_D_2494449,0,0.00089558755,0
LA_D_2526971,0,0.002000443,0
LA_D_2536291,0,0.00074763387,0
LA_D_2595427,0,0.00029839796,0
LA_D_2617066,0,0.0009848647,0
LA_D_2619504,0,0.0013095906,0
LA_D_2634056,0,0.00090560404,0
LA_D_2645663,0,0.0006217498,0
LA_D_2707564,0,0.00012755943,0
LA_D_2756525,0,0.001481841,0
LA_D_2777831,0,0.00070100604,0
LA_D_2798444,0,0.0005195807,0
LA_D_2798789,0,0.0015687654,0
LA_D_2839838,0,0.0005873358,0
LA_D_2847323,0,0.0009657826,0
LA_D_2861753,0,0.001212716,0
LA_D_2868921,0,0.0004902009,0
LA_D_2870777,0,0.002007397,0
LA_D_2877891,0,0.00031325457,0
LA_D_2878681,0,0.00090141833,0
LA_D_2887586,0,0.0004585445,0
LA_D_2997155,0,0.0002687023,0
LA_D_3057551,0,0.0021637392,0
LA_D_3138020,0,0.0035239959,0
LA_D_3149229,0,0.0010148601,0
LA_D_3171047,0,0.0085928505,0
LA_D_3176069,0,0.00078379695,0
LA_D_3217329,0,0.00032469886,0
LA_D_3302549,0,0.00086174515,0
LA_D_3334659,0,0.0010702157,0
LA_D_3376856,0,0.00060206145,0
LA_D_3416276,0,0.000431404,0
LA_D_3421085,0,0.0033886926,0
LA_D_3425851,0,0.00061625254,0
LA_D_3434821,0,0.0032909345,0
LA_D_3457024,0,0.0029364745,0
LA_D_3472117,0,0.0010923534,0
LA_D_3506569,0,0.00037319495,0
LA_D_3507835,0,0.0001388821,0
LA_D_3510395,0,0.0016090854,0
LA_D_3523213,0,0.0006654854,0
LA_D_3553967,0,0.0013332634,0
LA_D_3561784,0,0.0008759337,0
LA_D_3611237,0,0.0003398233,0
LA_D_3668954,0,0.00062592,0
LA_D_3672445,0,0.00063051895,0
LA_D_3681599,0,0.000692954,0
LA_D_3707430,0,0.0010869997,0
LA_D_3752882,0,0.00067996664,0
LA_D_3754369,0,0.00318211,0
LA_D_3771563,0,0.0006709878,0
LA_D_3777702,0,0.0020525635,0
LA_D_3792705,0,0.002797179,0
LA_D_3802210,0,0.000764087,0
LA_D_3804397,0,0.00049555674,0
LA_D_3833623,0,0.00046808016,0
LA_D_3861037,0,0.00063054205,0
LA_D_3876769,0,0.0015635757,0
LA_D_3879195,0,0.0012833329,0
LA_D_3901273,0,0.00018834886,0
LA_D_3930677,0,0.0051580225,0
LA_D_4007785,0,0.0006625938,0
LA_D_4063282,0,0.00055369275,0
LA_D_4073647,0,0.00028942976,0
LA_D_4074087,0,0.0017400044,0
LA_D_4166028,0,0.0009144372,0
LA_D_4204784,0,0.0015006555,0
LA_D_4206300,0,0.00074949575,0
LA_D_4206952,0,0.00019823184,0
LA_D_4293805,0,0.00029401042,0
LA_D_4330927,0,0.00022134905,0
LA_D_4344125,0,0.0016765815,0
LA_D_4411643,0,0.0012189716,0
LA_D_4411966,0,0.00050821976,0
LA_D_4434620,0,0.0005105342,0
LA_D_4459748,0,0.0008637271,0
LA_D_4471810,0,0.0031412959,0
LA_D_4486700,0,0.00018884228,0
LA_D_4488152,0,0.000664058,0
LA_D_4523165,0,0.004764823,0
LA_D_4544395,0,0.0016700219,0
LA_D_4568975,0,0.00057787995,0
LA_D_4572219,0,0.0004889232,0
LA_D_4613712,0,0.0006729712,0
LA_D_4647613,0,0.0012397452,0
LA_D_4647964,0,0.001247283,0
LA_D_4718710,0,0.0007266932,0
LA_D_4728446,0,0.00079853396,0
LA_D_4736119,0,0.00035980542,0
LA_D_4741755,0,0.00045787162,0
LA_D_4762537,0,0.0009767915,0
LA_D_4766616,0,0.00049795554,0
LA_D_4769401,0,0.0009309927,0
LA_D_4784805,0,0.0007951713,0
LA_D_4788913,0,0.0007425263,0
LA_D_4812719,0,0.0017855605,0
LA_D_4835735,0,0.00022905636,0
LA_D_4850913,0,0.0004687135,0
LA_D_4893596,0,0.00036246478,0
LA_D_4907389,0,0.0022722527,0
LA_D_4925887,0,7.094948e-05,0
LA_D_4929781,0,0.018431125,0
LA_D_4931710,0,0.0005661232,0
LA_D_4950221,0,0.001299774,0
LA_D_4958833,0,0.002965106,0
LA_D_4959035,0,0.00032718512,0
LA_D_4977098,0,0.0018655041,0
LA_D_4984754,0,0.00056407496,0
LA_D_4986715,0,0.0005188761,0
LA_D_5026441,0,0.008065058,0
LA_D_5026948,0,0.0009570659,0
LA_D_5074906,0,0.00039828694,0
LA_D_5092533,0,0.0008565998,0
LA_D_5115596,0,0.0003672624,0
LA_D_5116527,0,0.00074309326,0
LA_D_5157632,0,0.0006724451,0
LA_D_5169953,0,0.00039497836,0
LA_D_5174430,0,0.0012292729,0
LA_D_5184277,0,0.0013790361,0
LA_D_5186676,0,0.0011637583,0
LA_D_5210678,0,0.0007677269,0
LA_D_5245223,0,0.0011829834,0
LA_D_5271094,0,0.00035750616,0
LA_D_5285009,0,0.0009382953,0
LA_D_5298731,0,0.0011293967,0
LA_D_5315391,0,0.0011984378,0
LA_D_5325697,0,0.00017328569,0
LA_D_5327408,0,0.00047553418,0
LA_D_5363458,0,0.0009174878,0
LA_D_5384711,0,0.0011803556,0
LA_D_5389869,0,0.0004506226,0
LA_D_5392790,0,0.000352404,0
LA_D_5399865,0,0.00024322844,0
LA_D_5467548,0,0.0005100279,0
LA_D_5470881,0,0.0007910633,0
LA_D_5488860,0,0.0015928008,0
LA_D_5488938,0,0.0013711903,0
LA_D_5522142,0,0.0009091768,0
LA_D_5565540,0,0.00030085637,0
LA_D_5584723,0,0.0012649086,0
LA_D_5592106,0,0.00015370714,0
LA_D_5610893,0,0.0006254176,0
LA_D_5611885,0,0.0005704022,0
LA_D_5621269,0,0.00084590365,0
LA_D_5652503,0,0.0008603169,0
LA_D_5723098,0,0.0011062542,0
LA_D_5731221,0,0.0009254264,0
LA_D_5736694,0,0.00087640533,0
LA_D_5774345,0,0.0008787551,0
LA_D_5781617,0,0.0020684002,0
LA_D_5793111,0,0.00046283955,0
LA_D_5795353,0,0.00031667715,0
LA_D_5822586,0,0.0005840963,0
LA_D_5858893,0,0.0002945056,0
LA_D_5909998,0,0.00040736608,0
LA_D_5931137,0,0.0006035127,0
LA_D_5959072,0,0.00030687466,0
LA_D_5967483,0,0.0004027351,0
LA_D_6000442,0,0.00063830474,0
LA_D_6035078,0,0.0006893928,0
LA_D_6036733,0,0.0006057111,0
LA_D_6064341,0,0.0008846472,0
LA_D_6115922,0,0.0005072987,0
LA_D_6127270,0,0.0005355778,0
LA_D_6154971,0,0.00096774625,0
LA_D_6155558,0,0.00080860127,0
LA_D_6164680,0,0.00027841798,0
LA_D_6175023,0,0.0036997085,0
LA_D_6209992,0,0.00079256785,0
LA_D_6216331,0,0.00088380347,0
LA_D_6326082,0,0.0035169472,0
LA_D_6338190,0,0.0012696038,0
LA_D_6353632,0,0.0013347936,0
LA_D_6353813,0,0.0023151373,0
LA_D_6366738,0,0.00086393044,0
LA_D_6372376,0,0.00048343602,0
LA_D_6387199,0,0.0009863738,0
LA_D_6425908,0,0.00076089863,0
LA_D_6426866,0,0.00026921977,0
LA_D_6474531,0,0.00089970784,0
LA_D_6480457,0,0.0056213555,0
LA_D_6515358,0,0.00033733656,0
LA_D_6517455,0,0.0006684615,0
LA_D_6526664,0,0.00091234467,0
LA_D_6542878,0,0.00052649016,0
LA_D_6547607,0,0.00054186187,0
LA_D_6554548,0,0.0013425702,0
LA_D_6556577,0,0.0009203605,0
LA_D_6599356,0,0.0002989102,0
LA_D_6627213,0,0.0012618185,0
LA_D_6650483,0,0.0005152085,0
LA_D_6663729,0,0.00097180804,0
LA_D_6697232,0,0.0018952941,0
LA_D_6749090,0,0.00038585186,0
LA_D_6760408,0,0.0006218514,0
LA_D_6788782,0,0.00045341166,0
LA_D_6801331,0,0.0003110823,0
LA_D_6810969,0,0.0009676961,0
LA_D_6818615,0,0.0008722291,0
LA_D_6832953,0,0.0010001456,0
LA_D_6851877,0,0.00040545643,0
LA_D_6862553,0,0.0014116525,0
LA_D_6902833,0,0.00044041625,0
LA_D_6925745,0,0.000556285,0
LA_D_6957117,0,0.00060108956,0
LA_D_6991662,0,0.0014963712,0
LA_D_7018313,0,0.00015431363,0
LA_D_7031080,0,0.0008572376,0
LA_D_7043000,0,0.00027754603,0
LA_D_7059463,0,0.0002921662,0
LA_D_7103223,0,0.004110915,0
LA_D_7119255,0,0.002990367,0
LA_D_7122312,0,0.00069607503,0
LA_D_7123142,0,0.000884758,0
LA_D_7129621,0,0.00027555221,0
LA_D_7170620,0,0.0008893602,0
LA_D_7173433,0,0.0046569,0
LA_D_7229041,0,0.0017057345,0
LA_D_7263188,0,0.00067534647,0
LA_D_7269587,0,0.0005628944,0
LA_D_7285246,0,0.0016119344,0
LA_D_7308100,0,0.00048860686,0
LA_D_7334607,0,0.0003940178,0
LA_D_7357609,0,0.0008556625,0
LA_D_7394528,0,0.0010858233,0
LA_D_7452217,0,0.001322395,0
LA_D_7512399,0,0.00021897368,0
LA_D_7616531,0,0.0010218488,0
LA_D_7640908,0,0.00035065398,0
LA_D_7660720,0,0.00023806073,0
LA_D_7668402,0,0.000867306,0
LA_D_7743470,0,0.0049524037,0
LA_D_7763874,0,0.00057829893,0
LA_D_7774346,0,0.00082249567,0
LA_D_7785816,0,0.0012638259,0
LA_D_7789272,0,0.0030330634,0
LA_D_7795388,0,0.00026803702,0
LA_D_7801572,0,0.0006887019,0
LA_D_7806943,0,0.0005650376,0
LA_D_7827911,0,0.00054359867,0
LA_D_7860380,0,0.0021845857,0
LA_D_7942115,0,0.0019008784,0
LA_D_7947630,0,0.001340194,0
LA_D_7953159,0,0.0010237499,0
LA_D_7960499,0,0.0005022565,0
LA_D_7970013,0,0.0006269744,0
LA_D_7973088,0,0.00061839033,0
LA_D_7978065,0,0.0003570821,0
LA_D_7996904,0,0.0026169652,0
LA_D_8000547,0,0.0017453923,0
LA_D_8029129,0,0.0009040461,0
LA_D_8048240,0,0.0012095056,0
LA_D_8051414,0,0.0007005859,0
LA_D_8057316,0,0.0013586022,0
LA_D_8060077,0,0.0004135873,0
LA_D_8075381,0,0.0035919196,0
LA_D_8092331,0,0.0011740073,0
LA_D_8114334,0,0.000289831,0
LA_D_8146012,0,0.005474957,0
LA_D_8172272,0,0.005943931,0
LA_D_8175426,0,0.0006117104,0
LA_D_8199055,0,0.036005005,0
LA_D_8243797,0,0.00054332643,0
LA_D_8270674,0,0.0006545937,0
LA_D_8276399,0,0.00085897546,0
LA_D_8285739,0,0.00093882607,0
LA_D_8302698,0,0.0006401867,0
LA_D_8311323,0,0.00042380474,0
LA_D_8343646,0,0.00047577563,0
LA_D_8344568,0,0.0013946727,0
LA_D_8353342,0,0.0009411555,0
LA_D_8363627,0,0.0003734485,0
LA_D_8376156,0,0.0007625922,0
LA_D_8379770,0,0.00025048273,0
LA_D_8392731,0,0.00083858444,0
LA_D_8429218,0,0.0071146954,0
LA_D_8456039,0,0.0005022321,0
LA_D_8484861,0,0.0008338661,0
LA_D_8504769,0,0.0009232607,0
LA_D_8522617,0,0.0030043817,0
LA_D_8535380,0,0.00010544605,0
LA_D_8537544,0,0.00096704403,0
LA_D_8545660,0,0.0010795478,0
LA_D_8552859,0,0.00037979675,0
LA_D_8629864,0,0.002150906,0
LA_D_8646520,0,0.0005870297,0
LA_D_8674678,0,0.00070118945,0
LA_D_8696545,0,0.0015802318,0
LA_D_8726013,0,0.0013057827,0
LA_D_8755311,0,0.00088995876,0
LA_D_8796891,0,0.0006651965,0
LA_D_8814451,0,0.002028631,0
LA_D_8850937,0,0.0023510933,0
LA_D_8861762,0,0.0014575765,0
LA_D_8880932,0,0.0013294657,0
LA_D_9002788,0,0.00036922598,0
LA_D_9118224,0,0.0010599035,0
LA_D_9132728,0,0.0021971422,0
LA_D_9140494,0,0.00017542229,0
LA_D_9194593,0,0.0011374967,0
LA_D_9223694,0,0.0015794518,0
LA_D_9224359,0,0.0012265893,0
LA_D_9304826,0,0.00035109185,0
LA_D_9335130,0,0.0009750875,0
LA_D_9395844,0,0.000594357,0
LA_D_9407742,0,0.0002607007,0
LA_D_9414131,0,0.0002911257,0
LA_D_9425366,0,0.0007319186,0
LA_D_9425889,0,0.004270929,0
LA_D_9449347,0,0.0007521868,0
LA_D_9458801,0,0.0009662418,0
LA_D_9498483,0,0.00044282546,0
LA_D_9515513,0,0.0003787168,0
LA_D_9517355,0,0.0028212254,0
LA_D_9528402,0,0.00052905874,0
LA_D_9530100,0,0.00061878806,0
LA_D_9585808,0,0.001173304,0
LA_D_9594281,0,0.0010937862,0
LA_D_9600050,0,0.0003732825,0
LA_D_9605437,0,0.0044164513,0
LA_D_9608815,0,0.0003083125,0
LA_D_9635044,0,0.00088982953,0
LA_D_9649054,0,0.00057784223,0
LA_D_9730987,0,0.00037728707,0
LA_D_9734224,0,0.0005133034,0
LA_D_9738587,0,0.0019667868,0
LA_D_9774358,0,0.00032357158,0
LA_D_9789005,0,0.00034930336,0
LA_D_9861473,0,0.00017987684,0
LA_D_9885320,0,0.00093982654,0
LA_D_9891231,0,0.000524126,0
LA_D_9907101,0,0.001182997,0
LA_D_9916763,0,0.0014679157,0
LA_D_9942200,0,0.00083271315,0
LA_D_9942206,0,0.0006616946,0
LA_D_9965111,0,0.0011621364,0
LA_D_9982040,0,0.00022357746,0
LA_D_9985005,0,0.0018727339,0
LA_D_9989304,0,0.0010085444,0
LA_D_1003673,0,0.00045303736,0
LA_D_1018991,0,0.0015108134,0
LA_D_1027144,0,0.0005107552,0
LA_D_1062960,0,0.0008527271,0
LA_D_1066201,0,0.0013063188,0
LA_D_1082950,0,0.001445905,0
LA_D_1143403,0,0.0013111725,0
LA_D_1160005,0,0.0014894861,0
LA_D_1181647,0,0.0012973641,0
LA_D_1256952,0,0.0016417165,0
LA_D_1264447,0,0.0020485579,0
LA_D_1299444,0,0.0055559203,0
LA_D_1308621,0,0.0011349942,0
LA_D_1318468,0,0.0018542893,0
LA_D_1348271,0,0.0008549665,0
LA_D_1349987,0,0.0015866101,0
LA_D_1355998,0,0.0016142405,0
LA_D_1382288,0,0.0013753048,0
LA_D_1424942,0,0.0009678755,0
LA_D_1435551,0,0.002109507,0
LA_D_1487608,0,0.00038375816,0
LA_D_1509369,0,0.0013061141,0
LA_D_1512085,0,0.0021716736,0
LA_D_1512372,0,0.0005251572,0
LA_D_1519820,0,0.0016562822,0
LA_D_1520607,0,0.00077416614,0
LA_D_1543746,0,0.0024295556,0
LA_D_1544521,0,0.001988497,0
LA_D_1552199,0,0.0013409525,0
LA_D_1597642,0,0.00157655,0
LA_D_1603140,0,0.001124872,0
LA_D_1606153,0,0.00058305,0
LA_D_1626470,0,0.0015032974,0
LA_D_1693968,0,0.00083100307,0
LA_D_1695224,0,0.0022581362,0
LA_D_1698196,0,0.0012060968,0
LA_D_1705438,0,0.0026878575,0
LA_D_1767864,0,0.0021431146,0
LA_D_1792264,0,0.0006566241,0
LA_D_1796664,0,0.0026914247,0
LA_D_1799296,0,0.0026740103,0
LA_D_1800646,0,0.0035082411,0
LA_D_1870337,0,0.0016136797,0
LA_D_1898410,0,0.00096866785,0
LA_D_1907918,0,0.0015683577,0
LA_D_1918858,0,0.003165445,0
LA_D_1965730,0,0.00046901632,0
LA_D_2019608,0,0.0004269455,0
LA_D_2045893,0,0.0013392734,0
LA_D_2074110,0,0.0016750371,0
LA_D_2083344,0,0.0026829806,0
LA_D_2083927,0,0.0007967258,0
LA_D_2120410,0,0.003969292,0
LA_D_2160669,0,0.00090685725,0
LA_D_2178077,0,0.0012339179,0
LA_D_2219332,0,0.0010661504,0
LA_D_2229754,0,0.0017840007,0
LA_D_2242376,0,0.001359015,0
LA_D_2259559,0,0.001441179,0
LA_D_2263827,0,0.0012324906,0
LA_D_2284815,0,0.0010793821,0
LA_D_2288103,0,0.0026147396,0
LA_D_2292762,0,0.0024843297,0
LA_D_2299738,0,0.00072074425,0
LA_D_2311293,0,0.0028197072,0
LA_D_2339309,0,0.0010646691,0
LA_D_2350043,0,0.0021528678,0
LA_D_2382483,0,0.00079220394,0
LA_D_2438243,0,0.0016206014,0
LA_D_2465007,0,0.0068455767,0
LA_D_2484807,0,0.0020702572,0
LA_D_2496133,0,0.00155017,0
LA_D_2530860,0,0.0011950681,0
LA_D_2539085,0,0.0013429795,0
LA_D_2541010,0,0.0014452552,0
LA_D_2564257,0,0.002539608,0
LA_D_2580710,0,0.0024645329,0
LA_D_2592515,0,0.004126558,0
LA_D_2621682,0,0.001562583,0
LA_D_2625374,0,0.0009822114,0
LA_D_2653693,0,0.0017769454,0
LA_D_2658121,0,0.0015749705,0
LA_D_2665376,0,0.00019466718,0
LA_D_2704847,0,0.001129974,0
LA_D_2752105,0,0.002685817,0
LA_D_2785381,0,0.0016305022,0
LA_D_2827693,0,0.0015701284,0
LA_D_2837799,0,0.0017100127,0
LA_D_2848199,0,0.0012062646,0
LA_D_2848511,0,0.001374303,0
LA_D_2855533,0,0.0035743925,0
LA_D_2855988,0,0.0015050741,0
LA_D_2859523,0,0.001907161,0
LA_D_2878110,0,0.0018748894,0
LA_D_2897839,0,0.0020281023,0
LA_D_2906905,0,0.0012336822,0
LA_D_2921446,0,0.0028738778,0
LA_D_3002927,0,0.0010763583,0
LA_D_3007436,0,0.00062011584,0
LA_D_3008473,0,0.0037978352,0
LA_D_3037827,0,0.0014501376,0
LA_D_3041257,0,0.0009860909,0
LA_D_3044060,0,0.0008813739,0
LA_D_3060596,0,0.0015249774,0
LA_D_3071341,0,0.001274693,0
LA_D_3078263,0,0.0025661516,0
LA_D_3080082,0,0.0020485374,0
LA_D_3093801,0,0.0016018258,0
LA_D_3095133,0,0.0012369509,0
LA_D_3096183,0,0.00050627027,0
LA_D_3108387,0,0.003463366,0
LA_D_3132057,0,0.0025811289,0
LA_D_3155689,0,0.0009541942,0
LA_D_3184759,0,0.0009415761,0
LA_D_3235736,0,0.0017414801,0
LA_D_3243424,0,0.0027171243,0
LA_D_3337451,0,0.0007766785,0
LA_D_3366009,0,0.0015409426,0
LA_D_3412951,0,0.0012334642,0
LA_D_3423415,0,0.0015168953,0
LA_D_3474870,0,0.00259164,0
LA_D_3531356,0,0.0024403713,0
LA_D_3546775,0,0.0017184877,0
LA_D_3559702,0,0.00079653074,0
LA_D_3566272,0,0.0026099118,0
LA_D_3570892,0,0.003627625,0
LA_D_3572448,0,0.0028474808,0
LA_D_3584197,0,0.00088459876,0
LA_D_3618767,0,0.0014065377,0
LA_D_3621277,0,0.001383348,0
LA_D_3640131,0,0.0033795373,0
LA_D_3641477,0,0.0008929426,0
LA_D_3683874,0,0.0011872313,0
LA_D_3686659,0,0.0058381255,0
LA_D_3689959,0,0.0027219998,0
LA_D_3694508,0,0.0006100723,0
LA_D_3700284,0,0.0020362448,0
LA_D_3713988,0,0.0013433179,0
LA_D_3789749,0,0.0028124764,0
LA_D_3801718,0,0.0012503094,0
LA_D_3806705,0,0.0033332394,0
LA_D_3818731,0,0.002380683,0
LA_D_3842267,0,0.0019778078,0
LA_D_3859116,0,0.005250494,0
LA_D_3890144,0,0.0014219311,0
LA_D_3921431,0,0.00089501083,0
LA_D_3925971,0,0.0023294573,0
LA_D_3930278,0,0.0027138726,0
LA_D_3937288,0,0.0024479774,0
LA_D_3951121,0,0.0010100135,0
LA_D_3953760,0,0.0007657921,0
LA_D_3958440,0,0.00094980554,0
LA_D_3958741,0,0.0017518203,0
LA_D_3975228,0,0.00076808437,0
LA_D_3989976,0,0.0016729556,0
LA_D_4012262,0,0.0009652513,0
LA_D_4030113,0,0.0011362112,0
LA_D_4039069,0,0.0028609326,0
LA_D_4049023,0,0.011084939,0
LA_D_4061652,0,0.0013044415,0
LA_D_4119576,0,0.0013081434,0
LA_D_4133418,0,0.00074442185,0
LA_D_4174862,0,0.0026130464,0
LA_D_4181002,0,0.000499312,0
LA_D_4182539,0,0.0028526955,0
LA_D_4244793,0,0.003043603,0
LA_D_4275035,0,0.0011012565,0
LA_D_4287173,0,0.001488249,0
LA_D_4293945,0,0.0015607465,0
LA_D_4362961,0,0.0032701152,0
LA_D_4403705,0,0.0017129944,0
LA_D_4409999,0,0.0014127413,0
LA_D_4424865,0,0.0016588767,0
LA_D_4432926,0,0.0014833248,0
LA_D_4439058,0,0.0020011198,0
LA_D_4442369,0,0.0009411286,0
LA_D_4464966,0,0.0018672531,0
LA_D_4526668,0,0.0015439035,0
LA_D_4535256,0,0.0024726277,0
LA_D_4535603,0,0.0011429851,0
LA_D_4570591,0,0.00064862013,0
LA_D_4585446,0,0.0023689645,0
LA_D_4602760,0,0.0025735314,0
LA_D_4606697,0,0.0022607816,0
LA_D_4622729,0,0.00082948164,0
LA_D_4623818,0,0.0027585062,0
LA_D_4629048,0,0.0013949263,0
LA_D_4638423,0,0.0046653016,0
LA_D_4648882,0,0.0051469943,0
LA_D_4658955,0,0.0022099384,0
LA_D_4664367,0,0.0020387657,0
LA_D_4706443,0,0.0014075241,0
LA_D_4706913,0,0.0014841188,0
LA_D_4713977,0,0.0009977164,0
LA_D_4714024,0,0.002500941,0
LA_D_4725194,0,0.0018382014,0
LA_D_4755723,0,0.0010714674,0
LA_D_4756680,0,0.0014874749,0
LA_D_4780370,0,0.0019077419,0
LA_D_4791696,0,0.0011475836,0
LA_D_4873256,0,0.0034529786,0
LA_D_4909869,0,0.0008885699,0
LA_D_4929080,0,0.0012114611,0
LA_D_4929109,0,0.00038277055,0
LA_D_4945200,0,0.0027520668,0
LA_D_4955878,0,0.00047573188,0
LA_D_4987566,0,0.0015129945,0
LA_D_5003095,0,0.0009178813,0
LA_D_5032780,0,0.0019422068,0
LA_D_5035334,0,0.0018369498,0
LA_D_5102780,0,0.0018641204,0
LA_D_5110370,0,0.0031603079,0
LA_D_5174405,0,0.0016216803,0
LA_D_5229121,0,0.002747251,0
LA_D_5251345,0,0.0016274282,0
LA_D_5254618,0,0.003053658,0
LA_D_5293658,0,0.0016430737,0
LA_D_5299386,0,0.0021519985,0
LA_D_5320850,0,0.0010187839,0
LA_D_5349376,0,0.0017282086,0
LA_D_5350443,0,0.0017614983,0
LA_D_5404238,0,0.00056004955,0
LA_D_5426940,0,0.0005159577,0
LA_D_5441528,0,0.00060123455,0
LA_D_5457952,0,0.00068556843,0
LA_D_5470298,0,0.00038308193,0
LA_D_5533482,0,0.0025439456,0
LA_D_5542491,0,0.0012718806,0
LA_D_5558517,0,0.0015511165,0
LA_D_5570657,0,0.0024964667,0
LA_D_5570989,0,0.0022911592,0
LA_D_5581762,0,0.0014309154,0
LA_D_5583900,0,0.0019053447,0
LA_D_5604837,0,0.0026842235,0
LA_D_5611362,0,0.0042539285,0
LA_D_5629619,0,0.0008774051,0
LA_D_5660742,0,0.00183658,0
LA_D_5737877,0,0.0030569055,0
LA_D_5741213,0,0.0020788892,0
LA_D_5875302,0,0.0008185683,0
LA_D_5936853,0,0.008367411,0
LA_D_5940168,0,0.0006754369,0
LA_D_5958479,0,0.0016756344,0
LA_D_5969979,0,0.0017383505,0
LA_D_5981215,0,0.0010605131,0
LA_D_6123181,0,0.0015198723,0
LA_D_6167202,0,0.0012384687,0
LA_D_6172260,0,0.00451635,0
LA_D_6254273,0,0.002091336,0
LA_D_6268565,0,0.0018302213,0
LA_D_6287117,0,0.0029349767,0
LA_D_6304611,0,0.0018239417,0
LA_D_6310271,0,0.00088985445,0
LA_D_6319430,0,0.0013652093,0
LA_D_6341794,0,0.0012345514,0
LA_D_6368586,0,0.0016172057,0
LA_D_6418299,0,0.003337248,0
LA_D_6474973,0,0.0027057233,0
LA_D_6480530,0,0.0017595708,0
LA_D_6503994,0,0.00123083,0
LA_D_6511825,0,0.0011442237,0
LA_D_6518523,0,0.0010497151,0
LA_D_6522646,0,0.00071758445,0
LA_D_6530781,0,0.0020230953,0
LA_D_6553532,0,0.0008700843,0
LA_D_6566390,0,0.0023000424,0
LA_D_6593757,0,0.0013607206,0
LA_D_6650619,0,0.0009375416,0
LA_D_6698563,0,0.000653676,0
LA_D_6747322,0,0.0013962941,0
LA_D_6772310,0,0.0022429363,0
LA_D_6791436,0,0.0018999396,0
LA_D_6798923,0,0.0018053915,0
LA_D_6831466,0,0.0012730834,0
LA_D_6886270,0,0.0009832999,0
LA_D_6887531,0,0.00041037137,0
LA_D_6892385,0,0.00078234624,0
LA_D_6929837,0,0.0020294643,0
LA_D_6940280,0,0.0010709184,0
LA_D_6989014,0,0.001986144,0
LA_D_7009295,0,0.0028774696,0
LA_D_7029319,0,0.004674986,0
LA_D_7030437,0,0.000799938,0
LA_D_7030861,0,0.00092066615,0
LA_D_7038000,0,0.0029490537,0
LA_D_7045061,0,0.00439586,0
LA_D_7052959,0,0.0062369844,0
LA_D_7063900,0,0.0050111734,0
LA_D_7077255,0,0.001854622,0
LA_D_7078301,0,0.0070268046,0
LA_D_7131254,0,0.0004354813,0
LA_D_7138828,0,0.0018266785,0
LA_D_7160304,0,0.0013012394,0
LA_D_7184020,0,0.001510871,0
LA_D_7188586,0,0.0060138823,0
LA_D_7199319,0,0.0026176386,0
LA_D_7200286,0,0.0008481369,0
LA_D_7211735,0,0.00234313,0
LA_D_7232179,0,0.003307824,0
LA_D_7292406,0,0.00080612354,0
LA_D_7303743,0,0.0030515422,0
LA_D_7366764,0,0.0006871429,0
LA_D_7376410,0,0.0011697977,0
LA_D_7388551,0,0.0023605588,0
LA_D_7406638,0,0.0033963248,0
LA_D_7483433,0,0.002043663,0
LA_D_7500692,0,0.0011606705,0
LA_D_7501303,0,0.0018353881,0
LA_D_7509721,0,0.0028744615,0
LA_D_7515658,0,0.0016738981,0
LA_D_7568541,0,0.0011649827,0
LA_D_7570304,0,0.0019524011,0
LA_D_7584030,0,0.0010687725,0
LA_D_7647111,0,0.010135438,0
LA_D_7656559,0,0.0009393091,0
LA_D_7763864,0,0.0021972596,0
LA_D_7765382,0,0.00054447114,0
LA_D_7767507,0,0.0013627568,0
LA_D_7778978,0,0.0013071122,0
LA_D_7785256,0,0.0017368481,0
LA_D_7791861,0,0.0012482938,0
LA_D_7793454,0,0.0038667342,0
LA_D_7809610,0,0.0032890253,0
LA_D_7859872,0,0.0043980433,0
LA_D_7864042,0,0.002224703,0
LA_D_7867692,0,0.001267807,0
LA_D_7876546,0,0.0044561108,0
LA_D_7911995,0,0.0036278318,0
LA_D_7912654,0,0.0010887329,0
LA_D_7979047,0,0.0010718788,0
LA_D_8000064,0,0.0014553318,0
LA_D_8003857,0,0.0006100421,0
LA_D_8015234,0,0.0008116756,0
LA_D_8024014,0,0.0009238239,0
LA_D_8029126,0,0.0006145551,0
LA_D_8063526,0,0.0013253455,0
LA_D_8114692,0,0.00013243036,0
LA_D_8116695,0,0.0044269864,0
LA_D_8128645,0,0.00070237217,0
LA_D_8172406,0,0.00254188,0
LA_D_8212291,0,0.0013353537,0
LA_D_8227552,0,0.0016976196,0
LA_D_8249793,0,0.00085691083,0
LA_D_8283220,0,0.0031770698,0
LA_D_8310686,0,0.0008679181,0
LA_D_8314886,0,0.0007231788,0
LA_D_8322191,0,0.0021016642,0
LA_D_8335652,0,0.0009851153,0
LA_D_8343532,0,0.00053963624,0
LA_D_8416303,0,0.0016214718,0
LA_D_8422079,0,0.0025800795,0
LA_D_8437547,0,0.0017063819,0
LA_D_8481946,0,0.0032209745,0
LA_D_8484790,0,0.0012521114,0
LA_D_8501812,0,0.0016409969,0
LA_D_8532018,0,0.0009963932,0
LA_D_8585920,0,0.0019561695,0
LA_D_8638028,0,0.0014632039,0
LA_D_8640337,0,0.0017637275,0
LA_D_8655168,0,0.0016327914,0
LA_D_8668035,0,0.0022213813,0
LA_D_8668814,0,0.001680124,0
LA_D_8672265,0,0.0005854429,0
LA_D_8683478,0,0.0011813483,0
LA_D_8702450,0,0.0016065264,0
LA_D_8736354,0,0.00086997484,0
LA_D_8755917,0,0.0012748861,0
LA_D_8756602,0,0.0012736013,0
LA_D_8798259,0,0.0012063559,0
LA_D_8819810,0,0.0016542264,0
LA_D_8822966,0,0.0008140858,0
LA_D_8835215,0,0.00092692743,0
LA_D_8880807,0,0.001628631,0
LA_D_8906207,0,0.0010933138,0
LA_D_8922313,0,0.0022749437,0
LA_D_8951502,0,0.002264044,0
LA_D_9023363,0,0.0007900719,0
LA_D_9025572,0,0.0021743143,0
LA_D_9041573,0,0.000553463,0
LA_D_9048536,0,0.00052597857,0
LA_D_9063074,0,0.0016220269,0
LA_D_9070116,0,0.0012103175,0
LA_D_9098279,0,0.0018617212,0
LA_D_9111215,0,0.003596756,0
LA_D_9126962,0,0.0030047686,0
LA_D_9192205,0,0.003758191,0
LA_D_9209327,0,0.0014976278,0
LA_D_9247873,0,0.0015144828,0
LA_D_9259186,0,0.0012909129,0
LA_D_9272626,0,0.00082823617,0
LA_D_9313621,0,0.0020769069,0
LA_D_9316268,0,0.002804396,0
LA_D_9329913,0,0.0014527342,0
LA_D_9333977,0,0.0007903011,0
LA_D_9345210,0,0.0006916915,0
LA_D_9363329,0,0.002365307,0
LA_D_9370841,0,0.002893488,0
LA_D_9399404,0,0.0017698742,0
LA_D_9414796,0,0.0009009092,0
LA_D_9417739,0,0.0013167333,0
LA_D_9553605,0,0.0009979398,0
LA_D_9605217,0,0.0011141967,0
LA_D_9666836,0,0.0020938066,0
LA_D_9672942,0,0.003958587,0
LA_D_9680319,0,0.0017887462,0
LA_D_9687839,0,0.0018833295,0
LA_D_9732147,0,0.0021186047,0
LA_D_9766606,0,0.0014446374,0
LA_D_9800866,0,0.0009361588,0
LA_D_9828475,0,0.0029198867,0
LA_D_9835602,0,0.0013544848,0
LA_D_9867342,0,0.0024690386,0
LA_D_9923796,0,0.00715313,0
LA_D_9924117,0,0.0021073862,0
LA_D_1039528,0,0.001047437,0
LA_D_1076068,0,0.00057986623,0
LA_D_1187262,0,0.0004398884,0
LA_D_1208937,0,0.00026329354,0
LA_D_1256001,0,0.0014541161,0
LA_D_1279699,0,0.00028492184,0
LA_D_1345832,0,0.00044742608,0
LA_D_1360070,0,0.0009763462,0
LA_D_1394044,0,0.0013306083,0
LA_D_1404026,0,0.00041494516,0
LA_D_1405812,0,0.00039335465,0
LA_D_1406948,0,0.0003544132,0
LA_D_1429979,0,0.0003605445,0
LA_D_1447250,0,8.30131e-05,0
LA_D_1462556,0,0.0005912551,0
LA_D_1520589,0,0.00148244,0
LA_D_1534909,0,9.61411e-05,0
LA_D_1546478,0,0.00053060084,0
LA_D_1574961,0,0.0015143731,0
LA_D_1613851,0,0.00033156012,0
LA_D_1623783,0,0.00020123026,0
LA_D_1664915,0,0.0004922044,0
LA_D_1808956,0,0.00030692792,0
LA_D_1975386,0,0.001149334,0
LA_D_1993921,0,0.00036449937,0
LA_D_2042101,0,0.00044477978,0
LA_D_2049968,0,0.0013012841,0
LA_D_2080320,0,0.00015006073,0
LA_D_2117591,0,0.00072952174,0
LA_D_2199278,0,0.00034496532,0
LA_D_2259292,0,0.00073415576,0
LA_D_2335490,0,0.0031647272,0
LA_D_2406981,0,0.0008223056,0
LA_D_2481485,0,0.00017675373,0
LA_D_2547623,0,0.00035501443,0
LA_D_2552841,0,0.00041312957,0
LA_D_2555715,0,0.0026484102,0
LA_D_2643276,0,0.000337477,0
LA_D_2651341,0,0.0010961781,0
LA_D_2670809,0,0.00035320903,0
LA_D_2671594,0,0.0004924062,0
LA_D_2697100,0,0.000642593,0
LA_D_2699739,0,0.0007137093,0
LA_D_2720510,0,0.00048690612,0
LA_D_2733623,0,0.0009254809,0
LA_D_2771030,0,0.0007897929,0
LA_D_2797757,0,0.000372909,0
LA_D_2852714,0,0.00050218444,0
LA_D_2855249,0,0.0005951677,0
LA_D_2869692,0,0.00020893985,0
LA_D_2871536,0,0.0016634198,0
LA_D_2916691,0,0.0007048008,0
LA_D_2925315,0,0.00029628546,0
LA_D_2949516,0,0.0005348906,0
LA_D_2985114,0,0.00035996668,0
LA_D_3012833,0,0.00045713465,0
LA_D_3015735,0,0.0013465123,0
LA_D_3017121,0,0.0007897851,0
LA_D_3105314,0,0.00068929524,0
LA_D_3107692,0,0.0011669797,0
LA_D_3174145,0,0.0006358154,0
LA_D_3178726,0,0.0005897993,0
LA_D_3241180,0,0.00037864438,0
LA_D_3282769,0,0.0011178155,0
LA_D_3294977,0,0.00044690733,0
LA_D_3360066,0,0.0006618252,0
LA_D_3368444,0,0.0007345848,0
LA_D_3384993,0,0.0009210299,0
LA_D_3416825,0,0.00058772333,0
LA_D_3416978,0,0.0008412447,0
LA_D_3419658,0,0.00041983457,0
LA_D_3425893,0,0.00053432706,0
LA_D_3533489,0,0.00064208923,0
LA_D_3552805,0,8.728257e-05,0
LA_D_3567520,0,0.00050738483,0
LA_D_3713639,0,0.00066798576,0
LA_D_3762414,0,0.0011546925,0
LA_D_3788624,0,0.000456769,0
LA_D_3822372,0,0.0006994045,0
LA_D_3858607,0,0.001460351,0
LA_D_3874085,0,0.00050660165,0
LA_D_3914511,0,0.00019844402,0
LA_D_3962973,0,0.00067023997,0
LA_D_4021977,0,0.00081526925,0
LA_D_4037663,0,0.00063073775,0
LA_D_4046580,0,0.0011696339,0
LA_D_4088889,0,0.0018026241,0
LA_D_4164777,0,0.00018995978,0
LA_D_4208169,0,0.0008624664,0
LA_D_4239778,0,0.0003551673,0
LA_D_4264923,0,0.00038876443,0
LA_D_4291104,0,0.0003530833,0
LA_D_4301954,0,0.0005697281,0
LA_D_4402866,0,0.00025066716,0
LA_D_4488838,0,0.00019829535,0
LA_D_4545884,0,0.00030971953,0
LA_D_4584142,0,0.0005222866,0
LA_D_4734716,0,0.0005179481,0
LA_D_4736001,0,0.0025941336,0
LA_D_4762105,0,0.00033204947,0
LA_D_4812481,0,0.00049783214,0
LA_D_4814402,0,0.0009365166,0
LA_D_4824323,0,0.0011268235,0
LA_D_4868270,0,0.0012570183,0
LA_D_4881980,0,0.00043314934,0
LA_D_4943612,0,0.00041788665,0
LA_D_4947939,0,0.00047835518,0
LA_D_4956039,0,0.0009249424,0
LA_D_5013159,0,0.00076944585,0
LA_D_5062241,0,0.000631035,0
LA_D_5065135,0,0.0014748282,0
LA_D_5068271,0,0.0006552416,0
LA_D_5084830,0,0.0005226661,0
LA_D_5168787,0,0.0003734245,0
LA_D_5192033,0,0.0007583722,0
LA_D_5234827,0,0.0012226905,0
LA_D_5236557,0,0.00054075744,0
LA_D_5238266,0,0.0003396542,0
LA_D_5241744,0,0.0003868155,0
LA_D_5257381,0,0.0005688445,0
LA_D_5282749,0,0.0008484174,0
LA_D_5285268,0,0.00027763125,0
LA_D_5285970,0,0.00069665944,0
LA_D_5296414,0,0.00042740424,0
LA_D_5305473,0,0.0012146449,0
LA_D_5330155,0,0.0012068714,0
LA_D_5336165,0,0.00029813236,0
LA_D_5369394,0,0.0005481035,0
LA_D_5470214,0,0.0013951224,0
LA_D_5475290,0,0.00072464446,0
LA_D_5483730,0,0.0005192645,0
LA_D_5545619,0,0.00096469285,0
LA_D_5574112,0,0.0011340594,0
LA_D_5661104,0,0.0005081059,0
LA_D_5669124,0,0.0008005004,0
LA_D_5752206,0,0.0006504922,0
LA_D_5752437,0,0.0002909789,0
LA_D_5761885,0,0.0002763939,0
LA_D_5763793,0,0.00083018583,0
LA_D_5813568,0,0.0005301944,0
LA_D_5817787,0,0.001202882,0
LA_D_5905737,0,0.00041081445,0
LA_D_5921230,0,0.0010521845,0
LA_D_5937021,0,0.0009038351,0
LA_D_5940767,0,0.00045250458,0
LA_D_6020756,0,0.00052567804,0
LA_D_6027499,0,0.0007653525,0
LA_D_6052530,0,0.0003354724,0
LA_D_6090760,0,0.0005971592,0
LA_D_6115335,0,0.00070706935,0
LA_D_6135553,0,0.00017693736,0
LA_D_6177242,0,0.00027064656,0
LA_D_6179226,0,0.000493224,0
LA_D_6210490,0,0.0006968271,0
LA_D_6214703,0,0.0013237238,0
LA_D_6272018,0,0.00042550065,0
LA_D_6290153,0,0.0008470583,0
LA_D_6295513,0,0.0021754235,0
LA_D_6298403,0,0.00027840442,0
LA_D_6321273,0,0.00045270644,0
LA_D_6341314,0,0.00052155525,0
LA_D_6346837,0,0.00049577176,0
LA_D_6359460,0,0.00032505504,0
LA_D_6378566,0,0.0011129831,0
LA_D_6404620,0,0.0010682314,0
LA_D_6409431,0,0.0009391901,0
LA_D_6441885,0,0.0006931383,0
LA_D_6446002,0,0.00053976715,0
LA_D_6468412,0,0.00069367053,0
LA_D_6469406,0,0.0017000878,0
LA_D_6469647,0,0.00022436673,0
LA_D_6525071,0,0.0007871231,0
LA_D_6569285,0,0.00026943395,0
LA_D_6593011,0,0.00053650263,0
LA_D_6595610,0,0.0010131245,0
LA_D_6603047,0,0.0008537015,0
LA_D_6654690,0,0.00074561604,0
LA_D_6662010,0,0.0011561993,0
LA_D_6677490,0,0.0002969169,0
LA_D_6708714,0,0.00067500153,0
LA_D_6728041,0,0.00052801945,0
LA_D_6734401,0,0.0015785055,0
LA_D_6793108,0,0.00043588495,0
LA_D_6794210,0,0.00039124972,0
LA_D_6835954,0,0.00054581143,0
LA_D_6908205,0,0.00033587404,0
LA_D_6947289,0,0.00041368167,0
LA_D_7005622,0,0.00074982934,0
LA_D_7010911,0,0.0006662818,0
LA_D_7044931,0,0.0020404893,0
LA_D_7051804,0,0.0011317391,0
LA_D_7066954,0,0.00064969045,0
LA_D_7114213,0,0.0011027735,0
LA_D_7137953,0,0.0006438599,0
LA_D_7168411,0,0.0007281524,0
LA_D_7201438,0,0.00036167243,0
LA_D_7245573,0,0.00059596007,0
LA_D_7284920,0,0.000414632,0
LA_D_7298083,0,0.001710655,0
LA_D_7322960,0,0.000570791,0
LA_D_7368554,0,0.0007108868,0
LA_D_7368744,0,0.00080606097,0
LA_D_7380127,0,0.0004549055,0
LA_D_7404557,0,0.0005823303,0
LA_D_7439452,0,0.00072075526,0
LA_D_7448540,0,0.0015182059,0
LA_D_7451179,0,0.0010899564,0
LA_D_7471232,0,0.00021725298,0
LA_D_7493620,0,0.00048077086,0
LA_D_7520064,0,0.0007486255,0
LA_D_7547533,0,0.0001649948,0
LA_D_7550549,0,0.0006074593,0
LA_D_7612992,0,0.00033644258,0
LA_D_7650371,0,0.0004691914,0
LA_D_7705939,0,0.00036999024,0
LA_D_7740163,0,0.00025000027,0
LA_D_7775873,0,0.00023688514,0
LA_D_7792362,0,0.0013304049,0
LA_D_7907493,0,0.0005266018,0
LA_D_7916323,0,0.00043374705,0
LA_D_7932134,0,0.00226222,0
LA_D_7958461,0,0.00080498756,0
LA_D_7995545,0,0.00042411368,0
LA_D_8002093,0,0.0006158386,0
LA_D_8010160,0,0.00045315936,0
LA_D_8020367,0,0.0003279599,0
LA_D_8022699,0,0.0012277219,0
LA_D_8035203,0,0.00017972219,0
LA_D_8145529,0,0.0005812036,0
LA_D_8203916,0,0.0012136406,0
LA_D_8208840,0,0.0010770079,0
LA_D_8210004,0,0.0005262952,0
LA_D_8223817,0,0.00014607917,0
LA_D_8226217,0,0.00062470365,0
LA_D_8240404,0,0.00047676443,0
LA_D_8247746,0,0.00069270935,0
LA_D_8252368,0,0.00074226974,0
LA_D_8284460,0,0.00034215578,0
LA_D_8312564,0,0.00033954173,0
LA_D_8364571,0,0.0015814443,0
LA_D_8376351,0,0.0009853626,0
LA_D_8383254,0,0.00029695962,0
LA_D_8425884,0,0.0013709096,0
LA_D_8450502,0,0.0013264708,0
LA_D_8584336,0,0.0002570459,0
LA_D_8595379,0,0.0008745548,0
LA_D_8630312,0,0.00068247854,0
LA_D_8647491,0,0.0004755888,0
LA_D_8648848,0,0.00049685483,0
LA_D_8653799,0,0.00046976533,0
LA_D_8666902,0,0.0005732264,0
LA_D_8678410,0,0.00028547464,0
LA_D_8682135,0,0.00044607735,0
LA_D_8689278,0,0.00070531544,0
LA_D_8733315,0,0.0010417948,0
LA_D_8747095,0,0.00032415419,0
LA_D_8752359,0,0.00083923043,0
LA_D_8754324,0,0.0010163127,0
LA_D_8765813,0,0.0005018591,0
LA_D_8790703,0,0.00049784046,0
LA_D_8808969,0,0.0010582131,0
LA_D_8818969,0,0.00023915726,0
LA_D_8845360,0,0.00026543142,0
LA_D_8876728,0,0.000673247,0
LA_D_8896610,0,0.0014797597,0
LA_D_8915463,0,0.001083866,0
LA_D_9026390,0,0.00045334687,0
LA_D_9036300,0,0.0006706649,0
LA_D_9086230,0,0.00045212512,0
LA_D_9098375,0,0.00048593775,0
LA_D_9150782,0,0.0006002165,0
LA_D_9167498,0,0.00020807664,0
LA_D_9171276,0,0.00018907867,0
LA_D_9173640,0,0.002248967,0
LA_D_9174943,0,0.00047120312,0
LA_D_9175079,0,0.00032791708,0
LA_D_9218689,0,0.00036784317,0
LA_D_9222686,0,0.0005847466,0
LA_D_9248232,0,0.0005836964,0
LA_D_9257320,0,0.0004260886,0
LA_D_9266618,0,0.0008280026,0
LA_D_9301839,0,0.00054762047,0
LA_D_9306659,0,0.0003198738,0
LA_D_9322246,0,0.00034082582,0
LA_D_9352288,0,0.0005894686,0
LA_D_9366858,0,0.0004395713,0
LA_D_9530210,0,0.0014498098,0
LA_D_9581294,0,0.00041842513,0
LA_D_9637098,0,0.00042505207,0
LA_D_9641985,0,0.00017813979,0
LA_D_9646150,0,0.00040908676,0
LA_D_9663682,0,0.00044275395,0
LA_D_9663993,0,0.0006398213,0
LA_D_9729287,0,0.001047978,0
LA_D_9759473,0,0.0012399725,0
LA_D_9786796,0,0.0019662573,0
LA_D_9793796,0,0.0013919604,0
LA_D_9814205,0,0.0010924897,0
LA_D_9878596,0,0.00053584744,0
LA_D_9881103,0,0.0006069839,0
LA_D_9895494,0,0.00033950125,0
LA_D_9899652,0,0.00023219635,0
LA_D_9904324,0,0.00085462845,0
LA_D_9914048,0,0.00060551194,0
LA_D_9918437,0,0.00032635455,0
LA_D_9945037,0,0.000657148,0
LA_D_9962097,0,0.0006894677,0
LA_D_9971231,0,0.0010532306,0
LA_D_1002130,0,0.0055028875,0
LA_D_1004357,0,0.016202379,0
LA_D_1019359,0,0.013537262,0
LA_D_1083373,0,0.0023297055,0
LA_D_1099280,0,0.016315367,0
LA_D_1108820,0,0.0037723067,0
LA_D_1121509,0,0.008267229,0
LA_D_1138393,0,0.007873629,0
LA_D_1139673,0,0.001694058,0
LA_D_1175922,0,0.004810588,0
LA_D_1178516,0,0.00637053,0
LA_D_1241886,0,0.00812099,0
LA_D_1246113,0,0.024423828,0
LA_D_1281857,0,0.06486139,0
LA_D_1293448,0,0.0056595164,0
LA_D_1332849,0,0.0052002226,0
LA_D_1370511,0,0.020526389,0
LA_D_1402537,0,0.007016944,0
LA_D_1407315,0,0.017023768,0
LA_D_1411178,0,0.0072114635,0
LA_D_1417054,0,0.004068406,0
LA_D_1419435,0,0.0025929294,0
LA_D_1432574,0,0.0052083675,0
LA_D_1470065,0,0.0026871306,0
LA_D_1496714,0,0.0075893556,0
LA_D_1507147,0,0.0014146469,0
LA_D_1551943,0,0.0043332423,0
LA_D_1556961,0,0.0077772266,0
LA_D_1602797,0,0.0071861288,0
LA_D_1629631,0,0.02477481,0
LA_D_1642847,0,0.0012292536,0
LA_D_1694462,0,0.013426966,0
LA_D_1695538,0,0.00682656,0
LA_D_1719192,0,0.0040235785,0
LA_D_1734391,0,0.01597577,0
LA_D_1760707,0,0.025718516,0
LA_D_1772690,0,0.014930105,0
LA_D_1776029,0,0.045130897,0
LA_D_1806429,0,0.012832915,0
LA_D_1834056,0,0.009839101,0
LA_D_1835613,0,0.007954556,0
LA_D_1883294,0,0.00795409,0
LA_D_1888187,0,0.0070957495,0
LA_D_1890747,0,0.009172066,0
LA_D_1893600,0,0.0031384365,0
LA_D_1924520,0,0.0041058036,0
LA_D_1939530,0,0.012203607,0
LA_D_1952781,0,0.12267224,0
LA_D_1958457,0,0.014282014,0
LA_D_2032800,0,0.012249322,0
LA_D_2039149,0,0.0016457903,0
LA_D_2077274,0,0.027023626,0
LA_D_2095422,0,0.031649068,0
LA_D_2146411,0,0.00068048656,0
LA_D_2146434,0,0.017154288,0
LA_D_2224784,0,0.006144923,0
LA_D_2225615,0,0.0053923647,0
LA_D_2248370,0,0.005745742,0
LA_D_2301233,0,0.0090761,0
LA_D_2316551,0,0.018682286,0
LA_D_2325585,0,0.09763216,0
LA_D_2331474,0,0.005632335,0
LA_D_2340138,0,0.25255296,0
LA_D_2344937,0,0.012660711,0
LA_D_2347001,0,0.015482998,0
LA_D_2357473,0,0.019195227,0
LA_D_2394870,0,0.03835189,0
LA_D_2401253,0,0.009054387,0
LA_D_2418640,0,0.00714697,0
LA_D_2418754,0,0.0019567346,0
LA_D_2441269,0,0.0056417054,0
LA_D_2448704,0,0.003444742,0
LA_D_2450173,0,0.006873982,0
LA_D_2469604,0,0.0053487476,0
LA_D_2494254,0,0.0019152808,0
LA_D_2507581,0,0.008462159,0
LA_D_2554631,0,0.008800675,0
LA_D_2554943,0,0.0401085,0
LA_D_2596805,0,0.009452385,0
LA_D_2605804,0,0.0016506313,0
LA_D_2612018,0,0.0073407376,0
LA_D_2624303,0,0.022294167,0
LA_D_2631978,0,0.014275183,0
LA_D_2656143,0,0.007188137,0
LA_D_2661406,0,0.0029963609,0
LA_D_2699404,0,0.012127536,0
LA_D_2712544,0,0.0090294015,0
LA_D_2743305,0,0.07638933,0
LA_D_2749889,0,0.04389503,0
LA_D_2768317,0,0.0055852225,0
LA_D_2823242,0,0.006715313,0
LA_D_2849030,0,0.0036440978,0
LA_D_2875382,0,0.0061273705,0
LA_D_2888081,0,0.016872015,0
LA_D_2896709,0,0.05384143,0
LA_D_2932863,0,0.03984421,0
LA_D_2973554,0,0.019867,0
LA_D_2986511,0,0.0112919165,0
LA_D_2990501,0,0.007095454,0
LA_D_3001833,0,0.013472552,0
LA_D_3026538,0,0.013790618,0
LA_D_3028894,0,0.005547844,0
LA_D_3030112,0,0.0076052076,0
LA_D_3037574,0,0.0067290002,0
LA_D_3057401,0,0.007457509,0
LA_D_3086784,0,0.0035874373,0
LA_D_3106788,0,0.010807269,0
LA_D_3108292,0,0.012543132,0
LA_D_3155198,0,0.038798857,0
LA_D_3164494,0,0.014650445,0
LA_D_3213474,0,0.017112052,0
LA_D_3220706,0,0.03284252,0
LA_D_3221893,0,0.0050126333,0
LA_D_3238773,0,0.019808264,0
LA_D_3286643,0,0.010992125,0
LA_D_3295808,0,0.00365328,0
LA_D_3320370,0,0.0057712514,0
LA_D_3321949,0,0.0059114895,0
LA_D_3324360,0,0.0060871993,0
LA_D_3333243,0,0.007951456,0
LA_D_3373111,0,0.00456988,0
LA_D_3395770,0,0.005525103,0
LA_D_3406893,0,0.0068443646,0
LA_D_3418736,0,0.012076582,0
LA_D_3434754,0,0.020752123,0
LA_D_3447687,0,0.01914762,0
LA_D_3488802,0,0.0041226116,0
LA_D_3499644,0,0.0084298365,0
LA_D_3516654,0,0.0152109135,0
LA_D_3549647,0,0.0072447476,0
LA_D_3591655,0,0.038747054,0
LA_D_3685606,0,0.0027417305,0
LA_D_3720598,0,0.004506103,0
LA_D_3755342,0,0.009649315,0
LA_D_3814470,0,0.029459741,0
LA_D_3913989,0,0.0070091235,0
LA_D_3922139,0,0.0062868954,0
LA_D_3926305,0,0.0040306225,0
LA_D_3936411,0,0.011949872,0
LA_D_3938799,0,0.017377252,0
LA_D_3939594,0,0.004245026,0
LA_D_3946425,0,0.008981777,0
LA_D_3988144,0,0.06685592,0
LA_D_3997436,0,0.0034199092,0
LA_D_4001682,0,0.009727172,0
LA_D_4081209,0,0.011201731,0
LA_D_4092177,0,0.013465773,0
LA_D_4095978,0,0.005598246,0
LA_D_4135533,0,0.009785808,0
LA_D_4147879,0,0.038879488,0
LA_D_4159525,0,0.022727752,0
LA_D_4193752,0,0.007929009,0
LA_D_4196607,0,0.016179863,0
LA_D_4305576,0,0.0035013997,0
LA_D_4305596,0,0.019344136,0
LA_D_4345147,0,0.0047953445,0
LA_D_4353496,0,0.018826976,0
LA_D_4433475,0,0.0052364618,0
LA_D_4441186,0,0.018670782,0
LA_D_4463553,0,0.006714795,0
LA_D_4487394,0,0.0033449933,0
LA_D_4549158,0,0.019588256,0
LA_D_4620379,0,0.038104836,0
LA_D_4644335,0,0.001576402,0
LA_D_4682691,0,0.0069275484,0
LA_D_4707332,0,0.011000827,0
LA_D_4784490,0,0.019645754,0
LA_D_4825325,0,0.020718504,0
LA_D_4839051,0,0.1519763,0
LA_D_4846035,0,0.0037001376,0
LA_D_4927995,0,0.0065287407,0
LA_D_4931416,0,0.0032352959,0
LA_D_5019631,0,0.0016318938,0
LA_D_5072686,0,0.017578185,0
LA_D_5077879,0,0.00302471,0
LA_D_5088657,0,0.018716482,0
LA_D_5137523,0,0.040559597,0
LA_D_5164222,0,0.026609046,0
LA_D_5178827,0,0.009226162,0
LA_D_5268777,0,0.006261916,0
LA_D_5270124,0,0.018746395,0
LA_D_5291013,0,0.006981416,0
LA_D_5298257,0,0.0052189124,0
LA_D_5310635,0,0.008231429,0
LA_D_5369918,0,0.005613618,0
LA_D_5374847,0,0.016024861,0
LA_D_5386814,0,0.0032499016,0
LA_D_5392374,0,0.005898957,0
LA_D_5412673,0,0.005570932,0
LA_D_5434480,0,0.0037471238,0
LA_D_5435742,0,0.004829424,0
LA_D_5439954,0,0.0025316002,0
LA_D_5448084,0,0.019653158,0
LA_D_5448835,0,0.008732798,0
LA_D_5457625,0,0.0050604804,0
LA_D_5534901,0,0.098910324,0
LA_D_5536398,0,0.011974777,0
LA_D_5545363,0,0.013085746,0
LA_D_5549589,0,0.009626471,0
LA_D_5578000,0,0.0055161105,0
LA_D_5579274,0,0.011717456,0
LA_D_5586181,0,0.0026585965,0
LA_D_5591157,0,0.004201739,0
LA_D_5614325,0,0.007177738,0
LA_D_5631270,0,0.0057726745,0
LA_D_5632411,0,0.16873534,0
LA_D_5632822,0,0.010674097,0
LA_D_5634905,0,0.036442786,0
LA_D_5636508,0,0.0097704455,0
LA_D_5657965,0,0.013601706,0
LA_D_5660588,0,0.007476992,0
LA_D_5675105,0,0.009271915,0
LA_D_5714330,0,0.014939918,0
LA_D_5737223,0,0.02137756,0
LA_D_5743084,0,0.004419373,0
LA_D_5791089,0,0.005010389,0
LA_D_5817189,0,0.00897381,0
LA_D_5822352,0,0.023109574,0
LA_D_5823623,0,0.017023776,0
LA_D_5840858,0,0.03357225,0
LA_D_5886708,0,0.056725226,0
LA_D_5921657,0,0.09776342,0
LA_D_5936519,0,0.0054270257,0
LA_D_5959182,0,0.0162241,0
LA_D_5963916,0,0.023014344,0
LA_D_5997108,0,0.0039734677,0
LA_D_6006490,0,0.037231214,0
LA_D_6024551,0,0.0048028254,0
LA_D_6026925,0,0.015646007,0
LA_D_6050195,0,0.0070809433,0
LA_D_6058415,0,0.0011404466,0
LA_D_6074434,0,0.013712946,0
LA_D_6107704,0,0.006230837,0
LA_D_6129570,0,0.025993057,0
LA_D_6146678,0,0.054125227,0
LA_D_6164824,0,0.0100982245,0
LA_D_6173156,0,0.011392184,0
LA_D_6206483,0,0.0039207186,0
LA_D_6247609,0,0.02846007,0
LA_D_6291695,0,0.005974511,0
LA_D_6296253,0,0.0074482956,0
LA_D_6343618,0,0.00625321,0
LA_D_6355183,0,0.06826504,0
LA_D_6357517,0,0.0073455763,0
LA_D_6361374,0,0.017408872,0
LA_D_6363129,0,0.007699485,0
LA_D_6369671,0,0.009338056,0
LA_D_6418011,0,0.024525266,0
LA_D_6421018,0,0.0066433717,0
LA_D_6528432,0,0.007948327,0
LA_D_6528717,0,0.0016306079,0
LA_D_6534633,0,0.0076803975,0
LA_D_6548276,0,0.008893032,0
LA_D_6551837,0,0.0014710089,0
LA_D_6553349,0,0.050633285,0
LA_D_6563020,0,0.0040248856,0
LA_D_6587989,0,0.010017296,0
LA_D_6640500,0,0.010381443,0
LA_D_6674222,0,0.002347832,0
LA_D_6679031,0,0.009485041,0
LA_D_6693605,0,0.01323441,0
LA_D_6707611,0,0.0034595516,0
LA_D_6732661,0,0.033034038,0
LA_D_6753200,0,0.004514792,0
LA_D_6827816,0,0.0058246073,0
LA_D_6835200,0,0.01284163,0
LA_D_6843430,0,0.011432805,0
LA_D_6851845,0,0.012505619,0
LA_D_6854305,0,0.006314508,0
LA_D_6857943,0,0.0069402484,0
LA_D_6870829,0,0.01407523,0
LA_D_6879670,0,0.003477606,0
LA_D_6910104,0,0.013854915,0
LA_D_6963454,0,0.0059462055,0
LA_D_7001356,0,0.00831465,0
LA_D_7030074,0,0.010347827,0
LA_D_7038666,0,0.0051391334,0
LA_D_7085648,0,0.0027775364,0
LA_D_7097624,0,0.01606984,0
LA_D_7111683,0,0.021757755,0
LA_D_7121478,0,0.0023836202,0
LA_D_7145472,0,0.0042147837,0
LA_D_7145864,0,0.013699222,0
LA_D_7156674,0,0.006440006,0
LA_D_7177412,0,0.015678823,0
LA_D_7188275,0,0.009938896,0
LA_D_7212060,0,0.012095611,0
LA_D_7230800,0,0.00384294,0
LA_D_7264777,0,0.014842516,0
LA_D_7268521,0,0.008538257,0
LA_D_7271597,0,0.18727134,0
LA_D_7275001,0,0.0089561185,0
LA_D_7277167,0,0.06538519,0
LA_D_7281896,0,0.006150782,0
LA_D_7329677,0,0.008966799,0
LA_D_7334576,0,0.010449055,0
LA_D_7365719,0,0.16806692,0
LA_D_7366301,0,0.005981674,0
LA_D_7423762,0,0.008142908,0
LA_D_7451928,0,0.005500448,0
LA_D_7484822,0,0.12337622,0
LA_D_7513169,0,0.018531095,0
LA_D_7575171,0,0.010887025,0
LA_D_7590619,0,0.0054612346,0
LA_D_7597573,0,0.00807142,0
LA_D_7600960,0,0.0087209875,0
LA_D_7601080,0,0.036425654,0
LA_D_7635843,0,0.5425952,1
LA_D_7638298,0,0.012968305,0
LA_D_7641159,0,0.0027072034,0
LA_D_7650623,0,0.0061069583,0
LA_D_7651577,0,0.007224613,0
LA_D_7660110,0,0.003963776,0
LA_D_7670105,0,0.015114287,0
LA_D_7677110,0,0.0051398403,0
LA_D_7692770,0,0.009622013,0
LA_D_7694966,0,0.005894638,0
LA_D_7724443,0,0.0067082555,0
LA_D_7750449,0,0.0077749793,0
LA_D_7815344,0,0.013834205,0
LA_D_7816846,0,0.0134625435,0
LA_D_7821892,0,0.012310795,0
LA_D_7831036,0,0.0114565315,0
LA_D_7854945,0,0.008487819,0
LA_D_7893809,0,0.0074594785,0
LA_D_7910891,0,0.028399196,0
LA_D_7917674,0,0.0042945673,0
LA_D_7917852,0,0.008102849,0
LA_D_7917885,0,0.01729691,0
LA_D_7944498,0,0.0043423697,0
LA_D_7977171,0,0.0068451357,0
LA_D_7987505,0,0.0368863,0
LA_D_7989686,0,0.08602211,0
LA_D_8035961,0,0.008451487,0
LA_D_8066677,0,0.034424186,0
LA_D_8079405,0,0.0047315094,0
LA_D_8087885,0,0.011559741,0
LA_D_8101383,0,0.0061808866,0
LA_D_8142004,0,0.011795427,0
LA_D_8181392,0,0.0010949627,0
LA_D_8199314,0,0.010271443,0
LA_D_8215903,0,0.050782103,0
LA_D_8223320,0,0.0063834623,0
LA_D_8231132,0,0.0061649648,0
LA_D_8241127,0,0.003803634,0
LA_D_8259901,0,0.030566176,0
LA_D_8280620,0,0.0045567625,0
LA_D_8298208,0,0.004636971,0
LA_D_8317963,0,0.00589986,0
LA_D_8322859,0,0.007158652,0
LA_D_8410808,0,0.012111825,0
LA_D_8449121,0,0.05280602,0
LA_D_8449646,0,0.029006861,0
LA_D_8497918,0,0.009970608,0
LA_D_8502516,0,0.0085232705,0
LA_D_8536291,0,0.0058060954,0
LA_D_8541183,0,0.0058461875,0
LA_D_8550715,0,0.039341908,0
LA_D_8649628,0,0.001876783,0
LA_D_8700255,0,0.016422663,0
LA_D_8726221,0,0.022667523,0
LA_D_8728705,0,0.01301135,0
LA_D_8729520,0,0.052624136,0
LA_D_8730212,0,0.012147571,0
LA_D_8742102,0,0.005929287,0
LA_D_8747282,0,0.007759442,0
LA_D_8755790,0,0.0063320776,0
LA_D_8809090,0,0.00251377,0
LA_D_8847918,0,0.043950696,0
LA_D_8848060,0,0.015757626,0
LA_D_8928963,0,0.045435835,0
LA_D_8959262,0,0.0071310382,0
LA_D_8978674,0,0.0048679346,0
LA_D_8994968,0,0.14601582,0
LA_D_9069590,0,0.010973861,0
LA_D_9094880,0,0.006432883,0
LA_D_9109205,0,0.010415374,0
LA_D_9162715,0,0.018716218,0
LA_D_9171297,0,0.15766037,0
LA_D_9191310,0,0.00523586,0
LA_D_9201030,0,0.0064300676,0
LA_D_9205244,0,0.010112192,0
LA_D_9244829,0,0.13009252,0
LA_D_9256150,0,0.01726854,0
LA_D_9268984,0,0.0043638526,0
LA_D_9273302,0,0.004266988,0
LA_D_9364153,0,0.0009563723,0
LA_D_9366124,0,0.007202531,0
LA_D_9376872,0,0.014267461,0
LA_D_9382453,0,0.0025701982,0
LA_D_9459461,0,0.008839042,0
LA_D_9474947,0,0.003067153,0
LA_D_9502311,0,0.07684764,0
LA_D_9529091,0,0.046608407,0
LA_D_9544494,0,0.021438792,0
LA_D_9547208,0,0.02227934,0
LA_D_9549013,0,0.0030664708,0
LA_D_9560776,0,0.07675262,0
LA_D_9574257,0,0.01977462,0
LA_D_9578605,0,0.0030261714,0
LA_D_9607719,0,0.06288926,0
LA_D_9641619,0,0.015033441,0
LA_D_9724088,0,0.017708434,0
LA_D_9734432,0,0.0074670482,0
LA_D_9747163,0,0.02219526,0
LA_D_9865832,0,0.008829619,0
LA_D_9875273,0,0.010856551,0
LA_D_9890188,0,0.005320042,0
LA_D_9895745,0,0.0029302365,0
LA_D_9960401,0,0.018694479,0
LA_D_9975747,0,0.0035948795,0
LA_D_9981457,0,0.008205501,0
LA_D_9985248,0,0.08875419,0
LA_D_9991693,0,0.0020019019,0
LA_D_1002318,0,0.07765161,0
LA_D_1003356,0,0.008632735,0
LA_D_1007033,0,0.009522134,0
LA_D_1010123,0,0.028987527,0
LA_D_1024399,0,0.05218774,0
LA_D_1079750,0,0.067962356,0
LA_D_1083812,0,0.012162417,0
LA_D_1123046,0,0.009716062,0
LA_D_1139898,0,0.018556917,0
LA_D_1210991,0,0.056936353,0
LA_D_1215152,0,0.014531488,0
LA_D_1222321,0,0.006434407,0
LA_D_1265854,0,0.30309308,0
LA_D_1279998,0,0.82659054,1
LA_D_1320662,0,0.006897524,0
LA_D_1358691,0,0.025837354,0
LA_D_1368786,0,0.007086624,0
LA_D_1382588,0,0.007966753,0
LA_D_1415920,0,0.0133706825,0
LA_D_1421770,0,0.013121864,0
LA_D_1457137,0,0.008737281,0
LA_D_1483464,0,0.034818783,0
LA_D_1545693,0,0.20147999,0
LA_D_1564060,0,0.0040070075,0
LA_D_1567825,0,0.34178326,0
LA_D_1579906,0,0.2435281,0
LA_D_1580977,0,0.06559649,0
LA_D_1612576,0,0.026892394,0
LA_D_1613794,0,0.006408389,0
LA_D_1616269,0,0.031173462,0
LA_D_1625505,0,0.087104276,0
LA_D_1656917,0,0.012054148,0
LA_D_1731339,0,0.16170013,0
LA_D_1752177,0,0.38091794,0
LA_D_1767794,0,0.13923715,0
LA_D_1783940,0,0.04811065,0
LA_D_1824869,0,0.013616858,0
LA_D_1863797,0,0.02903224,0
LA_D_1890020,0,0.60265875,1
LA_D_1900734,0,0.8076029,1
LA_D_1903703,0,0.036124915,0
LA_D_1945462,0,0.02840132,0
LA_D_1963041,0,0.030914666,0
LA_D_1974020,0,0.01633144,0
LA_D_1979882,0,0.04552236,0
LA_D_1985966,0,0.14511964,0
LA_D_2042252,0,0.013895137,0
LA_D_2080992,0,0.09735957,0
LA_D_2118366,0,0.034982704,0
LA_D_2123641,0,0.18712705,0
LA_D_2134538,0,0.027346775,0
LA_D_2165208,0,0.08397737,0
LA_D_2176994,0,0.020163964,0
LA_D_2181333,0,0.020149922,0
LA_D_2205416,0,0.009851768,0
LA_D_2241719,0,0.11036586,0
LA_D_2268605,0,0.021529129,0
LA_D_2273204,0,0.10211918,0
LA_D_2301656,0,0.07261159,0
LA_D_2338001,0,0.52193195,1
LA_D_2376123,0,0.004921091,0
LA_D_2378014,0,0.024369225,0
LA_D_2380179,0,0.08204784,0
LA_D_2383414,0,0.0040626777,0
LA_D_2402405,0,0.0059306026,0
LA_D_2431261,0,0.19870923,0
LA_D_2444403,0,0.010355937,0
LA_D_2450394,0,0.02681611,0
LA_D_2461278,0,0.019360587,0
LA_D_2480874,0,0.019247381,0
LA_D_2505503,0,0.2524471,0
LA_D_2519560,0,0.26545691,0
LA_D_2521725,0,0.011869546,0
LA_D_2576939,0,0.22004281,0
LA_D_2591422,0,0.004926188,0
LA_D_2601552,0,0.07708016,0
LA_D_2607111,0,0.04611642,0
LA_D_2657920,0,0.03630672,0
LA_D_2705075,0,0.11607494,0
LA_D_2753138,0,0.023889486,0
LA_D_2760354,0,0.017978143,0
LA_D_2789710,0,0.09582381,0
LA_D_2825147,0,0.015715025,0
LA_D_2863956,0,0.016457854,0
LA_D_2897106,0,0.12443415,0
LA_D_2901976,0,0.04497101,0
LA_D_2978440,0,0.18386024,0
LA_D_2989956,0,0.019831656,0
LA_D_3003562,0,0.06136439,0
LA_D_3090557,0,0.3687017,0
LA_D_3109995,0,0.028008759,0
LA_D_3116351,0,0.76545686,1
LA_D_3131801,0,0.22574955,0
LA_D_3145268,0,0.017892862,0
LA_D_3161731,0,0.006706394,0
LA_D_3168206,0,0.47319245,0
LA_D_3173350,0,0.0019990718,0
LA_D_3174693,0,0.031577278,0
LA_D_3198406,0,0.17396505,0
LA_D_3223559,0,0.01218066,0
LA_D_3240983,0,0.04078717,0
LA_D_3247149,0,0.025398597,0
LA_D_3293511,0,0.009441283,0
LA_D_3313609,0,0.013811626,0
LA_D_3394044,0,0.01165963,0
LA_D_3403808,0,0.023348203,0
LA_D_3484420,0,0.07628322,0
LA_D_3495412,0,0.006240579,0
LA_D_3498063,0,0.016804412,0
LA_D_3504312,0,0.007951798,0
LA_D_3532135,0,0.036365837,0
LA_D_3553786,0,0.03062593,0
LA_D_3561094,0,0.36557603,0
LA_D_3562536,0,0.17623927,0
LA_D_3579090,0,0.27272645,0
LA_D_3642328,0,0.021564934,0
LA_D_3653047,0,0.012875221,0
LA_D_3676961,0,0.032394834,0
LA_D_3691520,0,0.004946622,0
LA_D_3707107,0,0.0052859345,0
LA_D_3742373,0,0.023152882,0
LA_D_3745110,0,0.0024590807,0
LA_D_3774864,0,0.017181596,0
LA_D_3796134,0,0.01790167,0
LA_D_3819672,0,0.11800589,0
LA_D_3821339,0,0.09858984,0
LA_D_3833739,0,0.019021854,0
LA_D_3892973,0,0.015442571,0
LA_D_3904722,0,0.01982689,0
LA_D_3920947,0,0.06649582,0
LA_D_3941210,0,0.03516966,0
LA_D_3955173,0,0.03137843,0
LA_D_3982665,0,0.036001902,0
LA_D_4011725,0,0.012959329,0
LA_D_4015325,0,0.010798484,0
LA_D_4036012,0,0.024624005,0
LA_D_4046755,0,0.07955779,0
LA_D_4071982,0,0.0103687495,0
LA_D_4086016,0,0.023356909,0
LA_D_4140722,0,0.0044043954,0
LA_D_4159249,0,0.038815003,0
LA_D_4190885,0,0.11024852,0
LA_D_4200716,0,0.06950205,0
LA_D_4220938,0,0.09043816,0
LA_D_4249761,0,0.01449043,0
LA_D_4264490,0,0.020701429,0
LA_D_4271192,0,0.0011291127,0
LA_D_4313950,0,0.04508799,0
LA_D_4324201,0,0.46161234,0
LA_D_4326531,0,0.062789276,0
LA_D_4332889,0,0.014547722,0
LA_D_4343857,0,0.051800855,0
LA_D_4348026,0,0.00323978,0
LA_D_4357471,0,0.9672936,1
LA_D_4362559,0,0.016391596,0
LA_D_4389844,0,0.05169264,0
LA_D_4394502,0,0.009497342,0
LA_D_4400144,0,0.008852742,0
LA_D_4426952,0,0.019938467,0
LA_D_4451147,0,0.006755159,0
LA_D_4475556,0,0.22014056,0
LA_D_4485516,0,0.031187786,0
LA_D_4486175,0,0.034573227,0
LA_D_4492337,0,0.022171654,0
LA_D_4509854,0,0.035119697,0
LA_D_4544920,0,0.017609602,0
LA_D_4631507,0,0.18421268,0
LA_D_4637029,0,0.05665379,0
LA_D_4637589,0,0.03286784,0
LA_D_4654085,0,0.16274804,0
LA_D_4718958,0,0.15019673,0
LA_D_4753776,0,0.034184176,0
LA_D_4801311,0,0.018136092,0
LA_D_4802912,0,0.0370897,0
LA_D_4810819,0,0.035268217,0
LA_D_4821168,0,0.012106527,0
LA_D_4824900,0,0.032832097,0
LA_D_4829433,0,0.08108608,0
LA_D_4845387,0,0.16883895,0
LA_D_4849985,0,0.05264451,0
LA_D_4851952,0,0.20087798,0
LA_D_4861387,0,0.03498519,0
LA_D_4885590,0,0.13646786,0
LA_D_4897078,0,0.02759782,0
LA_D_4912474,0,0.0142225,0
LA_D_4955238,0,0.011032851,0
LA_D_4955492,0,0.010639935,0
LA_D_4958797,0,0.0044515436,0
LA_D_4961889,0,0.040288612,0
LA_D_4975189,0,0.20124173,0
LA_D_5044532,0,0.032863256,0
LA_D_5072579,0,0.2680093,0
LA_D_5150241,0,0.29080087,0
LA_D_5150592,0,0.021120224,0
LA_D_5216299,0,0.03800499,0
LA_D_5253450,0,0.09394744,0
LA_D_5314647,0,0.01767638,0
LA_D_5323165,0,0.28708148,0
LA_D_5341605,0,0.02073022,0
LA_D_5381827,0,0.054565463,0
LA_D_5432278,0,0.07143835,0
LA_D_5440069,0,0.0147522,0
LA_D_5479329,0,0.0068894094,0
LA_D_5493032,0,0.035684407,0
LA_D_5501050,0,0.0057492047,0
LA_D_5507775,0,0.09492043,0
LA_D_5559526,0,0.005061681,0
LA_D_5629651,0,0.018052764,0
LA_D_5633713,0,0.35304984,0
LA_D_5641697,0,0.032451123,0
LA_D_5688911,0,0.0029631497,0
LA_D_5718734,0,0.09979261,0
LA_D_5741885,0,0.05700494,0
LA_D_5754650,0,0.04221993,0
LA_D_5774737,0,0.009432795,0
LA_D_5778470,0,0.03636003,0
LA_D_5785488,0,0.29054475,0
LA_D_5786343,0,0.5002406,1
LA_D_5786582,0,0.07393595,0
LA_D_5790180,0,0.08314459,0
LA_D_5790692,0,0.011234735,0
LA_D_5876152,0,0.020483771,0
LA_D_5901352,0,0.194848,0
LA_D_5903766,0,0.021911241,0
LA_D_5907825,0,0.0099757025,0
LA_D_5919815,0,0.0212906,0
LA_D_5920016,0,0.012368159,0
LA_D_5942690,0,0.021990636,0
LA_D_5958326,0,0.018536773,0
LA_D_5970997,0,0.011350371,0
LA_D_6004360,0,0.08369311,0
LA_D_6017423,0,0.025646387,0
LA_D_6076229,0,0.032524306,0
LA_D_6077399,0,0.22933123,0
LA_D_6108795,0,0.023924861,0
LA_D_6151774,0,0.017466176,0
LA_D_6180779,0,0.009145074,0
LA_D_6261466,0,0.039569024,0
LA_D_6291773,0,0.01677023,0
LA_D_6297114,0,0.010523836,0
LA_D_6330112,0,0.004916847,0
LA_D_6342151,0,0.08435293,0
LA_D_6357526,0,0.010519111,0
LA_D_6366562,0,0.024342883,0
LA_D_6367598,0,0.010036566,0
LA_D_6382392,0,0.03154924,0
LA_D_6394259,0,0.01677653,0
LA_D_6417464,0,0.028079947,0
LA_D_6436497,0,0.1110226,0
LA_D_6472370,0,0.013478265,0
LA_D_6472737,0,0.83734083,1
LA_D_6478004,0,0.007343928,0
LA_D_6489693,0,0.20449884,0
LA_D_6496952,0,0.050439026,0
LA_D_6497292,0,0.097143225,0
LA_D_6502589,0,0.036257412,0
LA_D_6509223,0,0.044788748,0
LA_D_6536188,0,0.03942878,0
LA_D_6557620,0,0.004981357,0
LA_D_6576995,0,0.059514016,0
LA_D_6620895,0,0.020755753,0
LA_D_6624401,0,0.10521533,0
LA_D_6636656,0,0.084441386,0
LA_D_6641429,0,0.029726297,0
LA_D_6667504,0,0.09599846,0
LA_D_6675827,0,0.05832805,0
LA_D_6679907,0,0.065579526,0
LA_D_6714210,0,0.010109862,0
LA_D_6719790,0,0.4675624,0
LA_D_6733531,0,0.0051404303,0
LA_D_6748796,0,0.12718688,0
LA_D_6771622,0,0.0139877545,0
LA_D_6778287,0,0.019709801,0
LA_D_6794543,0,0.03214968,0
LA_D_6847201,0,0.0107627455,0
LA_D_6891553,0,0.03508809,0
LA_D_6899968,0,0.015412391,0
LA_D_6923750,0,0.002940497,0
LA_D_6935342,0,0.38818032,0
LA_D_6959889,0,0.007997208,0
LA_D_6984434,0,0.020424442,0
LA_D_7029895,0,0.077796936,0
LA_D_7037343,0,0.11061166,0
LA_D_7042391,0,0.044767328,0
LA_D_7044321,0,0.97472304,1
LA_D_7064084,0,0.021874063,0
LA_D_7121863,0,0.02952901,0
LA_D_7125248,0,0.03419144,0
LA_D_7130761,0,0.7161737,1
LA_D_7139166,0,0.0050683687,0
LA_D_7289059,0,0.010603774,0
LA_D_7312762,0,0.033353426,0
LA_D_7335129,0,0.005174271,0
LA_D_7384863,0,0.006357754,0
LA_D_7398670,0,0.18575443,0
LA_D_7466704,0,0.004690305,0
LA_D_7487419,0,0.68353295,1
LA_D_7508124,0,0.08345797,0
LA_D_7513496,0,0.015469958,0
LA_D_7535009,0,0.080282584,0
LA_D_7554606,0,0.05409693,0
LA_D_7589031,0,0.07520458,0
LA_D_7592783,0,0.023510171,0
LA_D_7608318,0,0.0050088773,0
LA_D_7673600,0,0.75061184,1
LA_D_7702759,0,0.005725739,0
LA_D_7706712,0,0.017555537,0
LA_D_7726796,0,0.010291589,0
LA_D_7727200,0,0.2563136,0
LA_D_7795465,0,0.11739899,0
LA_D_7835570,0,0.788316,1
LA_D_7863255,0,0.007379645,0
LA_D_7870172,0,0.04013545,0
LA_D_7934292,0,0.049894672,0
LA_D_7947662,0,0.0060827616,0
LA_D_7972339,0,0.038903996,0
LA_D_8066591,0,0.015810428,0
LA_D_8083471,0,0.0069994293,0
LA_D_8118324,0,0.7574241,1
LA_D_8119264,0,0.035218395,0
LA_D_8122690,0,0.03538089,0
LA_D_8131749,0,0.14204799,0
LA_D_8131985,0,0.014929811,0
LA_D_8227459,0,0.0950604,0
LA_D_8235169,0,0.0065830825,0
LA_D_8243194,0,0.1056932,0
LA_D_8258675,0,0.041827053,0
LA_D_8283471,0,0.020674797,0
LA_D_8295817,0,0.070440516,0
LA_D_8303713,0,0.017398467,0
LA_D_8306459,0,0.37062374,0
LA_D_8360978,0,0.3700369,0
LA_D_8391113,0,0.10025497,0
LA_D_8408350,0,0.03059648,0
LA_D_8439976,0,0.005274314,0
LA_D_8440657,0,0.012437237,0
LA_D_8442572,0,0.04153405,0
LA_D_8444186,0,0.6218521,1
LA_D_8503156,0,0.015664339,0
LA_D_8522176,0,0.046484403,0
LA_D_8523635,0,0.27163956,0
LA_D_8541793,0,0.020179657,0
LA_D_8549240,0,0.06949098,0
LA_D_8552161,0,0.034979332,0
LA_D_8553340,0,0.008498669,0
LA_D_8567566,0,0.035821903,0
LA_D_8568137,0,0.055416875,0
LA_D_8582499,0,0.03261437,0
LA_D_8618273,0,0.021786587,0
LA_D_8645885,0,0.009431427,0
LA_D_8652044,0,0.018854173,0
LA_D_8692960,0,0.0046040313,0
LA_D_8694979,0,0.09545516,0
LA_D_8704256,0,0.038349792,0
LA_D_8750012,0,0.28188837,0
LA_D_8754459,0,0.3493495,0
LA_D_8761358,0,0.39987943,0
LA_D_8771384,0,0.08876111,0
LA_D_8775645,0,0.0045631523,0
LA_D_8797843,0,0.00747042,0
LA_D_8816850,0,0.37095386,0
LA_D_8832668,0,0.8748798,1
LA_D_8887385,0,0.10519218,0
LA_D_8927118,0,0.2475032,0
LA_D_8998906,0,0.36660773,0
LA_D_9006768,0,0.029191008,0
LA_D_9008030,0,0.05743517,0
LA_D_9009361,0,0.05791286,0
LA_D_9091322,0,0.006362223,0
LA_D_9102532,0,0.041132018,0
LA_D_9109221,0,0.0552337,0
LA_D_9125165,0,0.008363214,0
LA_D_9167526,0,0.008013752,0
LA_D_9187525,0,0.027646322,0
LA_D_9190204,0,0.008398884,0
LA_D_9191799,0,0.030698413,0
LA_D_9205865,0,0.12811744,0
LA_D_9231862,0,0.018932804,0
LA_D_9232059,0,0.041147586,0
LA_D_9267593,0,0.015988069,0
LA_D_9329045,0,0.17471187,0
LA_D_9364490,0,0.012343563,0
LA_D_9371349,0,0.025584215,0
LA_D_9393645,0,0.10635258,0
LA_D_9491351,0,0.016728131,0
LA_D_9493233,0,0.107770205,0
LA_D_9528054,0,0.06455713,0
LA_D_9540057,0,0.014223596,0
LA_D_9544623,0,0.0059204516,0
LA_D_9555179,0,0.14507347,0
LA_D_9565153,0,0.030594258,0
LA_D_9572483,0,0.008339145,0
LA_D_9589951,0,0.031116145,0
LA_D_9591915,0,0.23521852,0
LA_D_9605808,0,0.07360586,0
LA_D_9629972,0,0.25840387,0
LA_D_9630811,0,0.17721337,0
LA_D_9642750,0,0.017610675,0
LA_D_9643942,0,0.014773264,0
LA_D_9674417,0,0.013401698,0
LA_D_9714527,0,0.44044417,0
LA_D_9715736,0,0.02109973,0
LA_D_9720984,0,0.12056788,0
LA_D_9791782,0,0.013650889,0
LA_D_9806108,0,0.100702815,0
LA_D_9831582,0,0.6773971,1
LA_D_9841018,0,0.36760092,0
LA_D_9853599,0,0.041376244,0
LA_D_9898535,0,0.0010107177,0
LA_D_9908094,0,0.018069137,0
LA_D_9966402,0,0.18150468,0
LA_D_9966943,0,0.0027111894,0
LA_D_9974628,0,0.008861868,0
LA_D_9982261,0,0.005624654,0
LA_D_1002910,0,0.6583822,1
LA_D_1006756,0,0.0040725465,0
LA_D_1036574,0,0.0042574564,0
LA_D_1115782,0,0.004386335,0
LA_D_1142805,0,0.2472423,0
LA_D_1145475,0,0.927945,1
LA_D_1170738,0,0.037254434,0
LA_D_1195377,0,0.2793834,0
LA_D_1251679,0,0.012784175,0
LA_D_1257080,0,0.61392057,1
LA_D_1293421,0,0.0054357783,0
LA_D_1332494,0,0.911605,1
LA_D_1357667,0,0.9195008,1
LA_D_1370948,0,0.0015185333,0
LA_D_1393282,0,0.2872132,0
LA_D_1396637,0,0.4005992,0
LA_D_1408411,0,0.3754977,0
LA_D_1457740,0,0.9903147,1
LA_D_1462019,0,0.67120206,1
LA_D_1472256,0,0.07895411,0
LA_D_1476842,0,0.043600637,0
LA_D_1488430,0,0.0018945518,0
LA_D_1489099,0,0.10842093,0
LA_D_1642715,0,0.015287069,0
LA_D_1649330,0,0.0644097,0
LA_D_1651845,0,0.0002859917,0
LA_D_1670299,0,0.6374205,1
LA_D_1685142,0,0.04116982,0
LA_D_1735038,0,0.004983636,0
LA_D_1744359,0,0.68334097,1
LA_D_1753007,0,0.9776692,1
LA_D_1780584,0,0.0043125497,0
LA_D_1810076,0,0.14297977,0
LA_D_1815585,0,0.948244,1
LA_D_1815707,0,0.43702886,0
LA_D_1821518,0,0.0052130385,0
LA_D_1825844,0,0.0090443725,0
LA_D_1837161,0,0.03317145,0
LA_D_1840901,0,0.03656949,0
LA_D_1851119,0,0.8937284,1
LA_D_1851769,0,0.004747682,0
LA_D_1883025,0,0.012951367,0
LA_D_1885497,0,0.00020195125,0
LA_D_1896903,0,0.00023620945,0
LA_D_1927277,0,0.03348357,0
LA_D_1930385,0,0.008207081,0
LA_D_1957089,0,0.0024987285,0
LA_D_1957500,0,0.22179689,0
LA_D_1961972,0,0.8007067,1
LA_D_1972939,0,0.14393741,0
LA_D_1975175,0,0.6533994,1
LA_D_1976553,0,0.003999123,0
LA_D_2009335,0,0.00021173933,0
LA_D_2069924,0,0.9030277,1
LA_D_2096131,0,0.0030267888,0
LA_D_2155390,0,3.4782173e-05,0
LA_D_2168663,0,0.0019751114,0
LA_D_2186325,0,0.8611733,1
LA_D_2194998,0,0.9798074,1
LA_D_2277312,0,0.00066187116,0
LA_D_2339918,0,0.0013453312,0
LA_D_2350855,0,0.0018425934,0
LA_D_2396859,0,0.4560793,0
LA_D_2416601,0,0.08309167,0
LA_D_2479276,0,0.14978965,0
LA_D_2507237,0,0.03418572,0
LA_D_2508978,0,0.98634475,1
LA_D_2515198,0,0.99101514,1
LA_D_2602530,0,0.00951963,0
LA_D_2603844,0,0.024732606,0
LA_D_2607854,0,0.001791895,0
LA_D_2615029,0,0.2009155,0
LA_D_2639432,0,0.10165487,0
LA_D_2644726,0,0.0042870315,0
LA_D_2657639,0,0.8641149,1
LA_D_2658169,0,0.7500104,1
LA_D_2661413,0,0.0070173424,0
LA_D_2665829,0,0.0017098694,0
LA_D_2672484,0,0.030566461,0
LA_D_2707330,0,0.6776998,1
LA_D_2835020,0,0.83577186,1
LA_D_2839116,0,0.6094063,1
LA_D_2866770,0,0.28681558,0
LA_D_2896872,0,0.8111569,1
LA_D_2927159,0,0.0030938056,0
LA_D_2930906,0,0.8291554,1
LA_D_2938165,0,0.012441782,0
LA_D_2946880,0,0.0027228517,0
LA_D_2957620,0,0.015860368,0
LA_D_2965868,0,0.003359981,0
LA_D_2974559,0,0.29780883,0
LA_D_2991989,0,0.001051362,0
LA_D_2993728,0,0.9930335,1
LA_D_3021599,0,0.027155183,0
LA_D_3107181,0,0.4745596,0
LA_D_3109467,0,0.027744493,0
LA_D_3126217,0,0.30097225,0
LA_D_3133630,0,0.0009565856,0
LA_D_3134750,0,0.2434872,0
LA_D_3154570,0,0.22954895,0
LA_D_3164104,0,0.7847171,1
LA_D_3169743,0,0.103305,0
LA_D_3223179,0,0.68665063,1
LA_D_3224827,0,0.012110445,0
LA_D_3246506,0,0.026941577,0
LA_D_3263795,0,0.00078033516,0
LA_D_3266637,0,0.00017296082,0
LA_D_3287956,0,0.7904598,1
LA_D_3320515,0,0.96670794,1
LA_D_3332353,0,0.07188427,0
LA_D_3337077,0,0.0018030566,0
LA_D_3346997,0,0.004763204,0
LA_D_3384367,0,0.5717519,1
LA_D_3394396,0,0.0051034344,0
LA_D_3412597,0,0.0062017953,0
LA_D_3421236,0,0.59212166,1
LA_D_3429839,0,0.20717286,0
LA_D_3434309,0,0.0048629707,0
LA_D_3449906,0,0.9577295,1
LA_D_3468741,0,0.049631212,0
LA_D_3515783,0,0.0029166623,0
LA_D_3518037,0,0.08684946,0
LA_D_3547583,0,0.042486485,0
LA_D_3569795,0,0.97398674,1
LA_D_3587114,0,0.0019958236,0
LA_D_3592273,0,0.9816712,1
LA_D_3595211,0,0.14432581,0
LA_D_3690532,0,0.11966565,0
LA_D_3702939,0,0.025920022,0
LA_D_3727967,0,0.027800053,0
LA_D_3738454,0,0.0055228127,0
LA_D_3759309,0,0.01146805,0
LA_D_3772095,0,0.44611925,0
LA_D_3790932,0,6.1764686e-06,0
LA_D_3805926,0,0.008244367,0
LA_D_3825603,0,0.77759033,1
LA_D_3830220,0,0.16921358,0
LA_D_3866648,0,0.12610602,0
LA_D_3878824,0,0.0015582681,0
LA_D_3893365,0,0.049563475,0
LA_D_3903068,0,0.0033785708,0
LA_D_3920971,0,0.8647632,1
LA_D_3923192,0,0.0052084266,0
LA_D_3932387,0,0.994993,1
LA_D_3939471,0,0.018156826,0
LA_D_3980920,0,0.048850644,0
LA_D_4046683,0,0.0701777,0
LA_D_4061323,0,0.9984388,1
LA_D_4070699,0,0.006574363,0
LA_D_4086876,0,0.00030276005,0
LA_D_4145030,0,5.6981604e-05,0
LA_D_4173456,0,0.7464662,1
LA_D_4204879,0,0.005234179,0
LA_D_4210951,0,0.27168798,0
LA_D_4253190,0,0.46026117,0
LA_D_4273717,0,0.06410254,0
LA_D_4282616,0,0.005415096,0
LA_D_4285929,0,0.00879648,0
LA_D_4294830,0,0.5343911,1
LA_D_4302465,0,0.013523583,0
LA_D_4312938,0,0.023542063,0
LA_D_4361904,0,0.13736874,0
LA_D_4403908,0,0.0058746156,0
LA_D_4446623,0,0.092119075,0
LA_D_4451377,0,0.26308128,0
LA_D_4516686,0,0.119995795,0
LA_D_4589606,0,0.0016525515,0
LA_D_4621497,0,0.0037032324,0
LA_D_4653264,0,0.011772749,0
LA_D_4683763,0,0.006469399,0
LA_D_4702641,0,0.89110506,1
LA_D_4737852,0,0.6742335,1
LA_D_4757010,0,0.0016686129,0
LA_D_4757904,0,0.29156432,0
LA_D_4779241,0,0.3731745,0
LA_D_4786806,0,0.44755822,0
LA_D_4818051,0,0.056542434,0
LA_D_4823636,0,0.0007742027,0
LA_D_4847181,0,0.9680882,1
LA_D_4847957,0,0.13543743,0
LA_D_4868088,0,0.8169158,1
LA_D_4884945,0,0.0445795,0
LA_D_4891785,0,0.018315371,0
LA_D_4895758,0,0.90572983,1
LA_D_4918359,0,0.015751237,0
LA_D_4924308,0,0.00051614066,0
LA_D_4928888,0,0.60764503,1
LA_D_5000376,0,0.028514292,0
LA_D_5043355,0,0.7949677,1
LA_D_5046774,0,0.015798895,0
LA_D_5047420,0,0.7444148,1
LA_D_5055342,0,0.06126652,0
LA_D_5057861,0,0.0005270977,0
LA_D_5059062,0,0.24892162,0
LA_D_5060694,0,0.62455267,1
LA_D_5109245,0,2.1610853e-05,0
LA_D_5109276,0,0.052393187,0
LA_D_5131627,0,0.005355861,0
LA_D_5148457,0,0.8261536,1
LA_D_5174423,0,0.035584483,0
LA_D_5177635,0,0.1308505,0
LA_D_5191327,0,0.004529711,0
LA_D_5224548,0,0.17534034,0
LA_D_5244812,0,0.16659874,0
LA_D_5245477,0,0.0057170964,0
LA_D_5294579,0,0.85757524,1
LA_D_5329811,0,0.9228994,1
LA_D_5403317,0,0.0019552545,0
LA_D_5473251,0,0.010120356,0
LA_D_5513753,0,0.12947245,0
LA_D_5513863,0,0.009090031,0
LA_D_5544564,0,0.4072055,0
LA_D_5546400,0,0.00057613954,0
LA_D_5573860,0,0.006633794,0
LA_D_5638866,0,0.051003143,0
LA_D_5647735,0,0.109257616,0
LA_D_5654442,0,0.06929184,0
LA_D_5660467,0,0.062146585,0
LA_D_5671694,0,0.47873417,0
LA_D_5692078,0,0.0036807111,0
LA_D_5712711,0,0.2669943,0
LA_D_5736044,0,0.5618476,1
LA_D_5748144,0,3.9417922e-05,0
LA_D_5778584,0,0.5899747,1
LA_D_5814803,0,0.09394957,0
LA_D_5901185,0,0.0027149855,0
LA_D_5912564,0,0.00431544,0
LA_D_5917572,0,0.15428115,0
LA_D_5956543,0,0.067597136,0
LA_D_5963363,0,0.27300242,0
LA_D_5973607,0,0.013207799,0
LA_D_5978354,0,0.47587806,0
LA_D_6013006,0,0.64269257,1
LA_D_6020414,0,0.92672735,1
LA_D_6022892,0,0.11332799,0
LA_D_6068019,0,0.0049525024,0
LA_D_6084869,0,0.07994514,0
LA_D_6093076,0,0.004288035,0
LA_D_6108920,0,0.6650168,1
LA_D_6125700,0,0.94530463,1
LA_D_6131320,0,0.0008069882,0
LA_D_6164605,0,0.030168988,0
LA_D_6217265,0,3.8114333e-05,0
LA_D_6240589,0,0.96857965,1
LA_D_6253615,0,0.8742791,1
LA_D_6262160,0,0.0028661038,0
LA_D_6309848,0,0.008146819,0
LA_D_6322847,0,0.39198157,0
LA_D_6323757,0,0.84287465,1
LA_D_6327775,0,0.83974427,1
LA_D_6341352,0,0.052104454,0
LA_D_6365327,0,0.00886278,0
LA_D_6380108,0,0.4508707,0
LA_D_6441861,0,0.7667333,1
LA_D_6460979,0,0.010507697,0
LA_D_6505457,0,0.96715623,1
LA_D_6510745,0,0.018371586,0
LA_D_6555487,0,0.9895193,1
LA_D_6581601,0,0.49382225,0
LA_D_6599286,0,0.0031075545,0
LA_D_6661034,0,0.010566719,0
LA_D_6662706,0,0.0432226,0
LA_D_6684583,0,6.5041255e-05,0
LA_D_6713489,0,0.0026767217,0
LA_D_6795282,0,0.16547215,0
LA_D_6799400,0,0.9942815,1
LA_D_6805212,0,0.75372005,1
LA_D_6815577,0,0.0011020981,0
LA_D_6844613,0,0.0037152963,0
LA_D_6850195,0,0.0034525194,0
LA_D_6873316,0,0.00884007,0
LA_D_6887879,0,0.28948334,0
LA_D_6905024,0,0.016881302,0
LA_D_6926473,0,0.6866398,1
LA_D_6954837,0,0.001901501,0
LA_D_6969154,0,0.0339455,0
LA_D_7003938,0,0.7588103,1
LA_D_7005292,0,0.9986456,1
LA_D_7033700,0,0.007881612,0
LA_D_7040548,0,0.9974982,1
LA_D_7052344,0,0.0006829424,0
LA_D_7070733,0,0.0013160714,0
LA_D_7075163,0,0.80501187,1
LA_D_7109306,0,0.0023472,0
LA_D_7140845,0,0.08056064,0
LA_D_7142519,0,0.19868872,0
LA_D_7242493,0,0.0069551915,0
LA_D_7257793,0,0.016339224,0
LA_D_7290598,0,0.036585085,0
LA_D_7330429,0,0.8805929,1
LA_D_7331651,0,0.11114245,0
LA_D_7331840,0,0.056915555,0
LA_D_7341748,0,0.953386,1
LA_D_7371288,0,0.00091668474,0
LA_D_7386707,0,0.7731079,1
LA_D_7388904,0,0.51694804,1
LA_D_7459795,0,0.022704696,0
LA_D_7490518,0,0.99135196,1
LA_D_7524540,0,0.74003947,1
LA_D_7525767,0,0.005797396,0
LA_D_7577672,0,0.13070333,0
LA_D_7614671,0,0.028675357,0
LA_D_7616530,0,0.06842189,0
LA_D_7659919,0,0.9516448,1
LA_D_7711838,0,0.9894706,1
LA_D_7793386,0,0.0011080502,0
LA_D_7799165,0,0.036935356,0
LA_D_7810446,0,0.00024411664,0
LA_D_7816819,0,0.045154266,0
LA_D_7817225,0,0.0015184227,0
LA_D_7869978,0,0.03812452,0
LA_D_7874624,0,0.9243028,1
LA_D_7918926,0,0.01288486,0
LA_D_7924795,0,0.009745616,0
LA_D_7927177,0,0.027678516,0
LA_D_7961571,0,0.0060785823,0
LA_D_7987497,0,0.759835,1
LA_D_7998353,0,0.20808175,0
LA_D_7998982,0,0.7328986,1
LA_D_8048114,0,0.9940799,1
LA_D_8051820,0,0.96790755,1
LA_D_8071721,0,0.84474087,1
LA_D_8073134,0,0.0045721885,0
LA_D_8129891,0,0.14289235,0
LA_D_8132797,0,0.013675069,0
LA_D_8133274,0,0.0019122697,0
LA_D_8155535,0,0.9911494,1
LA_D_8211359,0,0.9967336,1
LA_D_8319661,0,0.0054678097,0
LA_D_8339653,0,0.004565717,0
LA_D_8373803,0,0.80938154,1
LA_D_8406667,0,0.00011806344,0
LA_D_8413833,0,0.9792001,1
LA_D_8414079,0,0.011953189,0
LA_D_8445861,0,0.85733885,1
LA_D_8470324,0,0.49048546,0
LA_D_8488684,0,0.69043356,1
LA_D_8557079,0,0.47649318,0
LA_D_8563072,0,0.0031008655,0
LA_D_8594352,0,0.95673645,1
LA_D_8595345,0,0.017976385,0
LA_D_8646222,0,2.6981856e-05,0
LA_D_8647634,0,0.6691066,1
LA_D_8683889,0,0.99318427,1
LA_D_8689002,0,0.0021600442,0
LA_D_8701513,0,1.4988226e-05,0
LA_D_8726210,0,0.007986416,0
LA_D_8764096,0,0.8961646,1
LA_D_8800316,0,0.4420445,0
LA_D_8878225,0,0.00092622545,0
LA_D_8885286,0,0.036010765,0
LA_D_8913665,0,0.007143168,0
LA_D_8945802,0,0.10138452,0
LA_D_8955011,0,0.005072174,0
LA_D_8961557,0,0.53436583,1
LA_D_8982866,0,0.046597242,0
LA_D_9013820,0,0.7819198,1
LA_D_9015085,0,0.0046166442,0
LA_D_9025958,0,0.0019505584,0
LA_D_9029869,0,0.00415948,0
LA_D_9055002,0,0.87395215,1
LA_D_9076185,0,0.992558,1
LA_D_9086164,0,0.18391846,0
LA_D_9089804,0,0.81749797,1
LA_D_9126177,0,0.006404474,0
LA_D_9145182,0,0.8751335,1
LA_D_9149320,0,0.03200428,0
LA_D_9150071,0,0.0002185613,0
LA_D_9166383,0,0.22528462,0
LA_D_9203146,0,0.008378425,0
LA_D_9217608,0,0.0233862,0
LA_D_9233512,0,0.06098762,0
LA_D_9242677,0,0.6269265,1
LA_D_9252351,0,0.0016522943,0
LA_D_9268935,0,0.02218667,0
LA_D_9276825,0,0.93169475,1
LA_D_9286162,0,0.00055064185,0
LA_D_9286456,0,0.0012712145,0
LA_D_9288104,0,0.9585784,1
LA_D_9332063,0,0.028752636,0
LA_D_9339008,0,0.0014035025,0
LA_D_9341531,0,0.79839385,1
LA_D_9388267,0,0.9854159,1
LA_D_9419502,0,0.96246004,1
LA_D_9430603,0,0.0036999967,0
LA_D_9440258,0,0.01547401,0
LA_D_9484916,0,0.7228724,1
LA_D_9525366,0,0.015275351,0
LA_D_9558727,0,0.98703706,1
LA_D_9569310,0,0.0098092705,0
LA_D_9597731,0,0.8552995,1
LA_D_9609716,0,0.9937364,1
LA_D_9615030,0,0.04097379,0
LA_D_9647461,0,0.0021825857,0
LA_D_9656082,0,0.986932,1
LA_D_9658897,0,0.011284211,0
LA_D_9673922,0,0.04784348,0
LA_D_9676251,0,0.90713155,1
LA_D_9676921,0,0.8759843,1
LA_D_9710399,0,0.44183636,0
LA_D_9712023,0,0.17379737,0
LA_D_9736246,0,0.5316037,1
LA_D_9774465,0,0.010669465,0
LA_D_9782692,0,0.004124045,0
LA_D_9797857,0,0.10067075,0
LA_D_9809862,0,0.008586804,0
LA_D_9862297,0,0.029818693,0
LA_D_9892964,0,0.058136296,0
LA_D_9934207,0,0.06193148,0
LA_D_9952613,0,0.008843271,0
LA_D_9954280,0,0.00091474963,0
LA_D_9959509,0,0.007455614,0
LA_D_9970541,0,0.89903384,1
LA_D_9971861,0,0.016010739,0
LA_D_1018989,0,0.99011856,1
LA_D_1044424,0,0.0013482858,0
LA_D_1068303,0,0.05031232,0
LA_D_1110507,0,0.054385237,0
LA_D_1111470,0,0.22762547,0
LA_D_1124684,0,0.6787709,1
LA_D_1188819,0,0.008247522,0
LA_D_1207405,0,0.26672786,0
LA_D_1210739,0,0.76119405,1
LA_D_1264206,0,0.03713365,0
LA_D_1289522,0,0.0003364652,0
LA_D_1341428,0,0.08725152,0
LA_D_1378434,0,0.6720953,1
LA_D_1432159,0,0.93335277,1
LA_D_1436694,0,0.76944906,1
LA_D_1479001,0,0.0020210845,0
LA_D_1489328,0,0.06245969,0
LA_D_1493620,0,0.0014828701,0
LA_D_1522497,0,0.0010599409,0
LA_D_1529810,0,0.0037985276,0
LA_D_1640011,0,6.684322e-06,0
LA_D_1645158,0,0.882382,1
LA_D_1711709,0,0.012457154,0
LA_D_1715178,0,0.052498557,0
LA_D_1722660,0,0.0013450852,0
LA_D_1775441,0,0.7341685,1
LA_D_1779305,0,0.00959244,0
LA_D_1806719,0,0.0062885135,0
LA_D_1808121,0,0.49341235,0
LA_D_1821494,0,0.0022342103,0
LA_D_1851886,0,0.007631268,0
LA_D_1868115,0,0.0010542705,0
LA_D_1937666,0,0.096400574,0
LA_D_1944371,0,0.0031818468,0
LA_D_1975890,0,0.0009178656,0
LA_D_1995273,0,0.08777645,0
LA_D_2011289,0,0.015958883,0
LA_D_2016426,0,0.68107927,1
LA_D_2030792,0,0.021489028,0
LA_D_2036605,0,0.34784403,0
LA_D_2053178,0,0.005650692,0
LA_D_2066670,0,0.021713585,0
LA_D_2198462,0,0.00026811575,0
LA_D_2208401,0,0.0038686707,0
LA_D_2252345,0,0.004966334,0
LA_D_2259315,0,0.0010553001,0
LA_D_2333460,0,0.00035145436,0
LA_D_2344667,0,0.99615055,1
LA_D_2354143,0,0.04172343,0
LA_D_2355980,0,0.7294024,1
LA_D_2396353,0,0.0075217364,0
LA_D_2427540,0,0.0007998183,0
LA_D_2432621,0,0.020716364,0
LA_D_2443104,0,0.00862884,0
LA_D_2457680,0,0.001701035,0
LA_D_2469057,0,0.48245344,0
LA_D_2480501,0,0.0008705922,0
LA_D_2489609,0,0.98901445,1
LA_D_2494829,0,0.9910334,1
LA_D_2499456,0,0.0013628535,0
LA_D_2521605,0,0.02138343,0
LA_D_2565198,0,0.00136335,0
LA_D_2614994,0,0.8973057,1
LA_D_2645568,0,0.0035353033,0
LA_D_2646597,0,0.007964685,0
LA_D_2647309,0,0.004201813,0
LA_D_2653941,0,0.77394706,1
LA_D_2663401,0,0.90632856,1
LA_D_2665201,0,0.0048517417,0
LA_D_2714663,0,0.038757484,0
LA_D_2727786,0,0.028061546,0
LA_D_2743126,0,0.00070209574,0
LA_D_2762514,0,0.7653791,1
LA_D_2792786,0,0.21087821,0
LA_D_2814798,0,0.7014402,1
LA_D_2836134,0,0.0046386546,0
LA_D_2877393,0,0.8930405,1
LA_D_2917649,0,0.0032123758,0
LA_D_2923077,0,0.012652429,0
LA_D_2978760,0,0.058208924,0
LA_D_3010628,0,0.5905891,1
LA_D_3029315,0,0.007980313,0
LA_D_3089796,0,0.00015053095,0
LA_D_3134827,0,0.00020025429,0
LA_D_3170088,0,0.99158996,1
LA_D_3236332,0,0.45287642,0
LA_D_3241576,0,0.21704674,0
LA_D_3266332,0,0.6993732,1
LA_D_3266852,0,0.07453735,0
LA_D_3332120,0,0.34919286,0
LA_D_3333209,0,0.47418118,0
LA_D_3334894,0,0.97435045,1
LA_D_3359485,0,0.0066547473,0
LA_D_3393482,0,0.0015786611,0
LA_D_3491832,0,0.9925099,1
LA_D_3493006,0,0.0022123843,0
LA_D_3508284,0,0.9809887,1
LA_D_3511562,0,0.11527841,0
LA_D_3525678,0,0.004325189,0
LA_D_3538092,0,0.6651988,1
LA_D_3636204,0,0.00025112645,0
LA_D_3639509,0,0.00026715378,0
LA_D_3642417,0,0.025444742,0
LA_D_3643347,0,0.0006987373,0
LA_D_3654109,0,0.94315505,1
LA_D_3680571,0,0.89199394,1
LA_D_3685552,0,0.000527052,0
LA_D_3695332,0,0.14978746,0
LA_D_3698680,0,3.1326956e-05,0
LA_D_3728940,0,0.002969609,0
LA_D_3756322,0,0.16070478,0
LA_D_3766063,0,0.99016416,1
LA_D_3781277,0,0.00036676787,0
LA_D_3825503,0,0.7324656,1
LA_D_3827475,0,0.0121115865,0
LA_D_3845207,0,0.95358187,1
LA_D_3897228,0,0.049597774,0
LA_D_3948770,0,0.0016704942,0
LA_D_4022606,0,0.00032580245,0
LA_D_4028815,0,0.0051340745,0
LA_D_4060882,0,0.114976,0
LA_D_4084655,0,0.56493163,1
LA_D_4085231,0,0.0016513687,0
LA_D_4089310,0,0.047318593,0
LA_D_4093381,0,0.00035385782,0
LA_D_4113064,0,0.0001390167,0
LA_D_4171413,0,0.99051243,1
LA_D_4171795,0,0.6195487,1
LA_D_4223162,0,0.0018014644,0
LA_D_4282301,0,0.00028949243,0
LA_D_4285397,0,0.8243932,1
LA_D_4291834,0,0.006627609,0
LA_D_4308648,0,0.03074853,0
LA_D_4309087,0,0.030288713,0
LA_D_4372209,0,0.0050263884,0
LA_D_4378183,0,0.435038,0
LA_D_4406190,0,0.00017062546,0
LA_D_4455555,0,0.14530179,0
LA_D_4505480,0,0.01065426,0
LA_D_4581987,0,0.69264054,1
LA_D_4649942,0,0.00066575053,0
LA_D_4671558,0,0.0105044,0
LA_D_4698413,0,0.0012696432,0
LA_D_4730271,0,0.074162655,0
LA_D_4757229,0,0.9278749,1
LA_D_4787051,0,0.8218123,1
LA_D_4787055,0,0.21894485,0
LA_D_4812524,0,0.0018839802,0
LA_D_4823858,0,0.9937842,1
LA_D_4860185,0,0.0009667538,0
LA_D_4864983,0,0.04480807,0
LA_D_4916193,0,0.9419694,1
LA_D_4923143,0,0.0030176365,0
LA_D_4959806,0,0.000813207,0
LA_D_5019442,0,0.35254395,0
LA_D_5027960,0,0.15558219,0
LA_D_5066973,0,0.0015613768,0
LA_D_5107660,0,0.75912917,1
LA_D_5110235,0,0.98976016,1
LA_D_5141698,0,0.98752403,1
LA_D_5283334,0,0.0010387918,0
LA_D_5291860,0,0.017738052,0
LA_D_5313304,0,0.0007708645,0
LA_D_5407460,0,0.8503112,1
LA_D_5420446,0,0.00018798714,0
LA_D_5427380,0,0.0005906455,0
LA_D_5432426,0,0.65384614,1
LA_D_5515247,0,0.0025254881,0
LA_D_5526345,0,0.16409676,0
LA_D_5574411,0,0.18702094,0
LA_D_5590639,0,0.0022936587,0
LA_D_5638088,0,0.00023312653,0
LA_D_5759255,0,0.91394764,1
LA_D_5786989,0,0.037317656,0
LA_D_5788668,0,0.02276156,0
LA_D_5882139,0,0.7175317,1
LA_D_5898710,0,0.0032105625,0
LA_D_5901516,0,0.00042457602,0
LA_D_5903063,0,0.016683344,0
LA_D_5904033,0,0.00018587221,0
LA_D_5904172,0,0.08581621,0
LA_D_6010254,0,5.974264e-05,0
LA_D_6115355,0,0.00048519697,0
LA_D_6230991,0,0.0001931509,0
LA_D_6273111,0,0.016974477,0
LA_D_6274861,0,0.0022855296,0
LA_D_6336805,0,0.0013657399,0
LA_D_6380361,0,0.00069211604,0
LA_D_6380923,0,0.55822515,1
LA_D_6381837,0,0.75762933,1
LA_D_6421649,0,0.0004647129,0
LA_D_6435177,0,0.00039361083,0
LA_D_6438125,0,0.023338515,0
LA_D_6473899,0,0.0059120893,0
LA_D_6490991,0,0.835868,1
LA_D_6497345,0,0.00044031173,0
LA_D_6508716,0,0.0005488595,0
LA_D_6509443,0,0.38789687,0
LA_D_6528197,0,0.00047900563,0
LA_D_6538501,0,0.6818989,1
LA_D_6580685,0,0.0023961198,0
LA_D_6606504,0,0.0023061002,0
LA_D_6649541,0,6.847586e-05,0
LA_D_6690758,0,0.00024081595,0
LA_D_6707846,0,0.001063288,0
LA_D_6707973,0,0.8380666,1
LA_D_6778062,0,0.3557705,0
LA_D_6799297,0,0.034408655,0
LA_D_6854523,0,9.235602e-05,0
LA_D_6871963,0,0.42852336,0
LA_D_6962689,0,0.0002504352,0
LA_D_7021292,0,0.0008457409,0
LA_D_7037144,0,0.6938326,1
LA_D_7082349,0,0.03791865,0
LA_D_7135152,0,0.0007489256,0
LA_D_7292869,0,0.0015662982,0
LA_D_7300087,0,0.02994555,0
LA_D_7354290,0,0.018248707,0
LA_D_7374412,0,0.991329,1
LA_D_7400626,0,0.0013384937,0
LA_D_7403792,0,0.033762567,0
LA_D_7471738,0,0.111532606,0
LA_D_7490132,0,6.935305e-05,0
LA_D_7524335,0,0.37776402,0
LA_D_7538248,0,0.00089485006,0
LA_D_7587951,0,0.4405938,0
LA_D_7590234,0,0.6741149,1
LA_D_7647800,0,0.039272558,0
LA_D_7648007,0,0.024456015,0
LA_D_7660396,0,0.8700437,1
LA_D_7668901,0,0.00089370145,0
LA_D_7744555,0,0.0029493566,0
LA_D_7823439,0,0.03430467,0
LA_D_7841141,0,0.00322084,0
LA_D_7890526,0,0.0051093744,0
LA_D_7922639,0,0.06382896,0
LA_D_7985661,0,0.005044258,0
LA_D_7990644,0,0.0053801895,0
LA_D_8027706,0,0.0015580731,0
LA_D_8046996,0,0.13705711,0
LA_D_8060886,0,0.0014873786,0
LA_D_8095272,0,0.030127255,0
LA_D_8102632,0,0.06903425,0
LA_D_8122936,0,0.0043388954,0
LA_D_8258555,0,0.16927019,0
LA_D_8307917,0,0.008541471,0
LA_D_8329853,0,0.30055803,0
LA_D_8340705,0,0.000831485,0
LA_D_8434545,0,0.00032605164,0
LA_D_8477754,0,0.0018615316,0
LA_D_8503739,0,0.27357873,0
LA_D_8515989,0,0.019509437,0
LA_D_8521793,0,0.0008247347,0
LA_D_8525874,0,0.04162992,0
LA_D_8533211,0,0.005972418,0
LA_D_8565273,0,0.017050928,0
LA_D_8567434,0,0.3417867,0
LA_D_8589204,0,0.975608,1
LA_D_8608774,0,0.72257113,1
LA_D_8733390,0,0.97594965,1
LA_D_8738468,0,0.00061824836,0
LA_D_8742856,0,0.994238,1
LA_D_8748450,0,0.29097137,0
LA_D_8756730,0,0.7972133,1
LA_D_8768570,0,0.0018285642,0
LA_D_8782183,0,0.01396406,0
LA_D_8790225,0,0.0018334105,0
LA_D_8798169,0,0.009321498,0
LA_D_8814125,0,0.0007053121,0
LA_D_8842776,0,0.98708296,1
LA_D_8868698,0,0.92168206,1
LA_D_8894851,0,0.0050973417,0
LA_D_8986738,0,0.0011630823,0
LA_D_9036232,0,0.002689664,0
LA_D_9093353,0,0.0069340463,0
LA_D_9107779,0,0.6143433,1
LA_D_9119393,0,0.0141587695,0
LA_D_9133378,0,0.95064485,1
LA_D_9140684,0,0.085886635,0
LA_D_9180019,0,0.08669186,0
LA_D_9189909,0,0.0002948129,0
LA_D_9211377,0,0.015418773,0
LA_D_9240146,0,0.025379859,0
LA_D_9269970,0,0.7244355,1
LA_D_9322007,0,0.03382706,0
LA_D_9323786,0,0.013163933,0
LA_D_9334159,0,0.8193901,1
LA_D_9341217,0,0.8903196,1
LA_D_9386265,0,0.00019098556,0
LA_D_9412135,0,0.01448229,0
LA_D_9418757,0,0.00017005503,0
LA_D_9472560,0,0.021801764,0
LA_D_9500820,0,0.00030657902,0
LA_D_9510776,0,0.020589137,0
LA_D_9528251,0,0.015025154,0
LA_D_9599816,0,0.00070587423,0
LA_D_9599870,0,0.08665205,0
LA_D_9604366,0,0.23993869,0
LA_D_9623259,0,0.0070754746,0
LA_D_9755509,0,0.0017550029,0
LA_D_9765488,0,0.1251505,0
LA_D_9834594,0,1.3672225e-05,0
LA_D_9915578,0,0.0023204929,0
LA_D_9915799,0,0.35029966,0
LA_D_9915811,0,0.016545177,0
LA_D_9917533,0,0.19993322,0
LA_D_9949605,0,0.11321364,0
LA_D_9999690,0,0.8584871,1
LA_D_1041845,0,0.35601488,0
LA_D_1094871,0,0.27804956,0
LA_D_1108281,0,0.004193173,0
LA_D_1135743,0,0.045851745,0
LA_D_1136030,0,0.506115,1
LA_D_1139572,0,0.001783135,0
LA_D_1181772,0,0.002738163,0
LA_D_1274657,0,0.021357074,0
LA_D_1299938,0,0.09844342,0
LA_D_1348104,0,0.0077406387,0
LA_D_1373736,0,0.00023547551,0
LA_D_1435647,0,0.34286517,0
LA_D_1447238,0,0.00023311074,0
LA_D_1452937,0,0.21759045,0
LA_D_1461752,0,0.0009901428,0
LA_D_1495117,0,0.0152376,0
LA_D_1561479,0,0.007301094,0
LA_D_1568497,0,0.0033398261,0
LA_D_1596158,0,0.00038547994,0
LA_D_1728920,0,0.0029857075,0
LA_D_1844563,0,0.099165276,0
LA_D_1853446,0,0.004229796,0
LA_D_1864294,0,0.002241812,0
LA_D_1925587,0,0.005719206,0
LA_D_1948572,0,0.0025452478,0
LA_D_1955179,0,0.004023103,0
LA_D_1968679,0,0.063611984,0
LA_D_1972557,0,0.0028318914,0
LA_D_1995660,0,0.002216224,0
LA_D_2010812,0,0.0016155544,0
LA_D_2067864,0,0.28009167,0
LA_D_2140627,0,0.00827697,0
LA_D_2161419,0,0.006576294,0
LA_D_2189504,0,0.039007455,0
LA_D_2207720,0,0.0070604584,0
LA_D_2243154,0,0.2836439,0
LA_D_2251423,0,0.0023767122,0
LA_D_2319450,0,0.0049402327,0
LA_D_2321124,0,0.11354355,0
LA_D_2343950,0,0.0021007063,0
LA_D_2365482,0,0.12568393,0
LA_D_2367854,0,0.0032457972,0
LA_D_2401656,0,0.005680744,0
LA_D_2405181,0,0.03283722,0
LA_D_2425412,0,0.16509555,0
LA_D_2425446,0,0.020738022,0
LA_D_2439299,0,0.74752164,1
LA_D_2456990,0,0.005128432,0
LA_D_2460221,0,0.00045988263,0
LA_D_2485107,0,0.9079109,1
LA_D_2565263,0,0.09755428,0
LA_D_2595652,0,0.009664953,0
LA_D_2669080,0,0.11888228,0
LA_D_2693786,0,0.4091295,0
LA_D_2718507,0,0.0039270925,0
LA_D_2768110,0,0.004058206,0
LA_D_2815461,0,0.0030215543,0
LA_D_2854358,0,0.027562866,0
LA_D_2970295,0,0.0015610609,0
LA_D_2977725,0,0.4316142,0
LA_D_2977895,0,0.80314213,1
LA_D_2986975,0,0.43699315,0
LA_D_3004811,0,0.001368712,0
LA_D_3049992,0,0.0017971623,0
LA_D_3056214,0,0.5191142,1
LA_D_3080340,0,0.9410884,1
LA_D_3100634,0,0.0087006595,0
LA_D_3114167,0,0.20129934,0
LA_D_3124864,0,0.08061732,0
LA_D_3128163,0,0.00012745826,0
LA_D_3129833,0,0.012531968,0
LA_D_3171725,0,0.000290444,0
LA_D_3248547,0,0.13750224,0
LA_D_3250607,0,0.020392483,0
LA_D_3263334,0,0.74313194,1
LA_D_3334928,0,0.0046079997,0
LA_D_3374782,0,0.77338725,1
LA_D_3412736,0,0.6306693,1
LA_D_3418220,0,0.008162214,0
LA_D_3425507,0,0.02292941,0
LA_D_3490654,0,0.016788686,0
LA_D_3496241,0,0.03377419,0
LA_D_3507662,0,0.0015691195,0
LA_D_3549897,0,0.03482697,0
LA_D_3571681,0,0.98743,1
LA_D_3577998,0,0.7645525,1
LA_D_3581277,0,0.8350868,1
LA_D_3605726,0,0.0018303659,0
LA_D_3637154,0,0.03523807,0
LA_D_3685390,0,0.6513447,1
LA_D_3741474,0,0.18096901,0
LA_D_3749655,0,0.0023640336,0
LA_D_3777012,0,0.0003013656,0
LA_D_3820104,0,0.0024475898,0
LA_D_3825048,0,0.013554063,0
LA_D_3890187,0,0.0009875924,0
LA_D_3905848,0,0.0013275829,0
LA_D_3929323,0,0.11092748,0
LA_D_4002788,0,0.013165933,0
LA_D_4019274,0,0.76176333,1
LA_D_4025786,0,0.99270064,1
LA_D_4027137,0,0.0064288853,0
LA_D_4033240,0,0.07553599,0
LA_D_4163700,0,0.008213223,0
LA_D_4171941,0,0.036076378,0
LA_D_4172288,0,0.19741039,0
LA_D_4190797,0,0.0009870309,0
LA_D_4202629,0,0.17773438,0
LA_D_4296133,0,0.6133367,1
LA_D_4340193,0,0.00061438436,0
LA_D_4355155,0,0.0017812669,0
LA_D_4398399,0,0.009690984,0
LA_D_4399191,0,0.0005530084,0
LA_D_4436213,0,0.008752907,0
LA_D_4476408,0,0.018127924,0
LA_D_4499351,0,0.008219797,0
LA_D_4550388,0,0.0029026677,0
LA_D_4558500,0,0.00093568536,0
LA_D_4567671,0,0.13887557,0
LA_D_4585137,0,0.7864456,1
LA_D_4629056,0,0.00027557663,0
LA_D_4631033,0,0.06452703,0
LA_D_4649265,0,0.14285502,0
LA_D_4718173,0,0.01982437,0
LA_D_4737822,0,0.0004519896,0
LA_D_4741663,0,0.18164638,0
LA_D_4770781,0,0.003462153,0
LA_D_4802475,0,0.0012693651,0
LA_D_4851492,0,0.3094221,0
LA_D_4923977,0,0.052062903,0
LA_D_5008093,0,0.18966939,0
LA_D_5017002,0,0.0018601145,0
LA_D_5092272,0,0.99970895,1
LA_D_5100813,0,0.005910542,0
LA_D_5128111,0,0.0029222437,0
LA_D_5157517,0,0.005395117,0
LA_D_5169731,0,0.0005069115,0
LA_D_5208898,0,0.8343455,1
LA_D_5233431,0,0.00028127196,0
LA_D_5242419,0,0.04633401,0
LA_D_5243479,0,0.69302446,1
LA_D_5264996,0,0.91818047,1
LA_D_5306960,0,0.5313481,1
LA_D_5310517,0,0.7351285,1
LA_D_5359798,0,0.34723982,0
LA_D_5383844,0,0.15764652,0
LA_D_5431286,0,0.00063278363,0
LA_D_5456536,0,0.06969648,0
LA_D_5523423,0,0.09534313,0
LA_D_5567412,0,0.0019304537,0
LA_D_5572324,0,0.7868428,1
LA_D_5586813,0,0.00022260453,0
LA_D_5630768,0,0.45850697,0
LA_D_5639347,0,0.0012049112,0
LA_D_5724957,0,0.016391888,0
LA_D_5726814,0,0.01798098,0
LA_D_5802664,0,0.43046954,0
LA_D_5839621,0,0.0035294509,0
LA_D_5940824,0,0.9947142,1
LA_D_6024993,0,0.0017091663,0
LA_D_6091182,0,0.04983775,0
LA_D_6138007,0,0.5848748,1
LA_D_6168688,0,0.94830936,1
LA_D_6184612,0,0.0021098964,0
LA_D_6197862,0,0.08342685,0
LA_D_6208799,0,0.029190412,0
LA_D_6278890,0,0.0022624303,0
LA_D_6282556,0,0.05604932,0
LA_D_6295904,0,0.02910187,0
LA_D_6298541,0,0.0049798214,0
LA_D_6309997,0,0.0005772249,0
LA_D_6316498,0,0.051133253,0
LA_D_6319262,0,0.0006897654,0
LA_D_6374273,0,0.71104556,1
LA_D_6379116,0,0.57852703,1
LA_D_6383761,0,0.0011308345,0
LA_D_6427369,0,0.00035945707,0
LA_D_6430063,0,0.0023820978,0
LA_D_6514590,0,0.0020624364,0
LA_D_6525234,0,0.08409747,0
LA_D_6530169,0,0.0018603464,0
LA_D_6537903,0,0.32164606,0
LA_D_6556306,0,0.3759303,0
LA_D_6609619,0,0.52998996,1
LA_D_6675849,0,0.0016375125,0
LA_D_6719368,0,0.79278696,1
LA_D_6747363,0,0.00053792,0
LA_D_6863957,0,0.68240035,1
LA_D_6920891,0,0.008180447,0
LA_D_6960999,0,0.86780787,1
LA_D_6975465,0,0.8497434,1
LA_D_7015832,0,0.002255924,0
LA_D_7016609,0,0.0015178142,0
LA_D_7024538,0,0.000342992,0
LA_D_7041179,0,0.6770144,1
LA_D_7092752,0,0.043772437,0
LA_D_7196231,0,0.8547386,1
LA_D_7207516,0,0.0029473521,0
LA_D_7210071,0,0.011689626,0
LA_D_7241809,0,0.00010044324,0
LA_D_7261761,0,0.0016927675,0
LA_D_7296201,0,0.98844177,1
LA_D_7382692,0,0.5345964,1
LA_D_7395153,0,0.0037100718,0
LA_D_7401919,0,0.74691224,1
LA_D_7440389,0,0.0060079056,0
LA_D_7449021,0,0.02519757,0
LA_D_7466992,0,0.8856372,1
LA_D_7468306,0,0.04634125,0
LA_D_7473607,0,0.001633079,0
LA_D_7491886,0,0.3775048,0
LA_D_7503562,0,0.11380573,0
LA_D_7503637,0,0.023714883,0
LA_D_7560677,0,0.8043024,1
LA_D_7568962,0,0.048066393,0
LA_D_7595937,0,0.012884703,0
LA_D_7655377,0,0.009981422,0
LA_D_7659121,0,0.009323899,0
LA_D_7707569,0,0.03296641,0
LA_D_7743189,0,0.00036524792,0
LA_D_7753669,0,0.010565817,0
LA_D_7759688,0,0.0016018471,0
LA_D_7792652,0,0.021329911,0
LA_D_7883460,0,0.87593806,1
LA_D_7891516,0,0.041727714,0
LA_D_7938162,0,0.00083319296,0
LA_D_7954147,0,0.0004222236,0
LA_D_7999736,0,0.23537482,0
LA_D_8003757,0,0.018786408,0
LA_D_8076373,0,0.6390115,1
LA_D_8076419,0,0.00612133,0
LA_D_8122140,0,0.0532788,0
LA_D_8145979,0,0.015594616,0
LA_D_8167480,0,0.9934149,1
LA_D_8187236,0,0.57783353,1
LA_D_8224626,0,0.0018019772,0
LA_D_8250257,0,0.00032091845,0
LA_D_8314649,0,0.13290001,0
LA_D_8322084,0,0.0071104593,0
LA_D_8333263,0,0.0038174777,0
LA_D_8335993,0,0.51606035,1
LA_D_8355933,0,0.0038513623,0
LA_D_8358881,0,0.0119225755,0
LA_D_8367897,0,0.14517762,0
LA_D_8418326,0,0.0020341587,0
LA_D_8437828,0,0.010794858,0
LA_D_8453487,0,0.07453693,0
LA_D_8464223,0,0.00064061885,0
LA_D_8540229,0,0.011450619,0
LA_D_8544570,0,0.0028013934,0
LA_D_8549945,0,0.27270156,0
LA_D_8565833,0,0.27499095,0
LA_D_8594594,0,0.05513668,0
LA_D_8607094,0,0.79764014,1
LA_D_8653096,0,0.96904624,1
LA_D_8663831,0,0.000526934,0
LA_D_8724597,0,0.004087581,0
LA_D_8736114,0,0.2616397,0
LA_D_8770826,0,0.070344985,0
LA_D_8808516,0,0.001542446,0
LA_D_8820413,0,0.0026935528,0
LA_D_8871382,0,0.88978827,1
LA_D_8986682,0,0.064263485,0
LA_D_8987674,0,0.023009228,0
LA_D_8987827,0,0.00043035604,0
LA_D_9020589,0,0.04731108,0
LA_D_9043636,0,0.06950948,0
LA_D_9066739,0,0.013714015,0
LA_D_9071072,0,0.0006729746,0
LA_D_9082501,0,0.021338167,0
LA_D_9098847,0,0.07522392,0
LA_D_9107569,0,0.0008902022,0
LA_D_9121718,0,0.0042965026,0
LA_D_9148057,0,0.031389676,0
LA_D_9165454,0,0.5437197,1
LA_D_9210275,0,0.029000659,0
LA_D_9244478,0,0.005350133,0
LA_D_9298211,0,0.0042052283,0
LA_D_9318857,0,0.145084,0
LA_D_9319228,0,0.032939322,0
LA_D_9323962,0,0.3134144,0
LA_D_9352302,0,0.106502116,0
LA_D_9374690,0,0.15105273,0
LA_D_9430536,0,0.002131714,0
LA_D_9456791,0,0.6668356,1
LA_D_9465062,0,0.04844566,0
LA_D_9516537,0,0.10977458,0
LA_D_9523755,0,0.011990048,0
LA_D_9606397,0,0.012318694,0
LA_D_9616032,0,3.3935088e-05,0
LA_D_9620140,0,0.029429942,0
LA_D_9626571,0,0.18032031,0
LA_D_9648082,0,0.00110185,0
LA_D_9672244,0,0.51512843,1
LA_D_9697323,0,0.010792451,0
LA_D_9699768,0,0.9812267,1
LA_D_9701451,0,0.00071091193,0
LA_D_9708860,0,0.02306571,0
LA_D_9735662,0,0.005990268,0
LA_D_9755271,0,0.00045451644,0
LA_D_9809223,0,0.011227438,0
LA_D_9836225,0,0.8572336,1
LA_D_9873135,0,0.31816444,0
LA_D_9925424,0,0.18502715,0
LA_D_9948190,0,0.56843764,1
LA_D_9948386,0,0.00064884213,0
LA_D_9961107,0,0.0063332533,0
LA_D_9977363,0,0.78293073,1
LA_D_1006586,0,0.024634872,0
LA_D_1032757,0,0.0072917277,0
LA_D_1057680,0,0.006870982,0
LA_D_1094179,0,0.0025562418,0
LA_D_1132076,0,0.0021504958,0
LA_D_1179000,0,0.0028071164,0
LA_D_1218618,0,0.00023965031,0
LA_D_1235211,0,0.009383052,0
LA_D_1261551,0,0.0014902388,0
LA_D_1272181,0,0.7510496,1
LA_D_1279220,0,0.0016190383,0
LA_D_1281123,0,0.0032484978,0
LA_D_1286897,0,0.002055354,0
LA_D_1292315,0,0.0067922673,0
LA_D_1292895,0,0.004772232,0
LA_D_1294054,0,0.0011374007,0
LA_D_1317561,0,0.0008225622,0
LA_D_1364216,0,6.8183304e-05,0
LA_D_1477768,0,0.0011890823,0
LA_D_1479514,0,0.000515863,0
LA_D_1488756,0,0.002323441,0
LA_D_1506183,0,0.004051597,0
LA_D_1509923,0,0.009497437,0
LA_D_1523689,0,0.005318952,0
LA_D_1531184,0,0.06760763,0
LA_D_1544533,0,0.0027869602,0
LA_D_1583428,0,0.0032105122,0
LA_D_1600216,0,0.003348819,0
LA_D_1624895,0,0.62663907,1
LA_D_1662448,0,0.025898289,0
LA_D_1693970,0,0.04330288,0
LA_D_1694092,0,0.0052778004,0
LA_D_1725588,0,0.017064463,0
LA_D_1757843,0,0.0014078477,0
LA_D_1758957,0,0.0028394798,0
LA_D_1764251,0,0.0016184011,0
LA_D_1794906,0,0.10738209,0
LA_D_1802495,0,0.0032367385,0
LA_D_1863279,0,0.0031786603,0
LA_D_1871635,0,0.002317524,0
LA_D_1896433,0,0.0040005646,0
LA_D_1916885,0,0.0023691787,0
LA_D_1943421,0,0.00049132924,0
LA_D_1944808,0,0.011185132,0
LA_D_1954043,0,0.00046780537,0
LA_D_1962374,0,0.0034033225,0
LA_D_1962948,0,0.0017776798,0
LA_D_1974894,0,0.004221184,0
LA_D_2020279,0,0.0006932397,0
LA_D_2021379,0,0.018832218,0
LA_D_2021657,0,0.0062862313,0
LA_D_2025064,0,0.0005518237,0
LA_D_2031125,0,0.0023766467,0
LA_D_2046924,0,1.0152698e-05,0
LA_D_2082270,0,0.12718914,0
LA_D_2111881,0,0.0019810335,0
LA_D_2112026,0,0.00069921924,0
LA_D_2128991,0,0.0014307594,0
LA_D_2135991,0,0.00040834743,0
LA_D_2138850,0,0.00064665737,0
LA_D_2162549,0,0.001694579,0
LA_D_2202228,0,0.0100946175,0
LA_D_2289504,0,0.011174743,0
LA_D_2289949,0,0.0020707399,0
LA_D_2309660,0,0.000106789055,0
LA_D_2328159,0,0.024456402,0
LA_D_2371366,0,0.013782416,0
LA_D_2403365,0,0.011840427,0
LA_D_2419210,0,0.027976098,0
LA_D_2423406,0,0.00015106612,0
LA_D_2460108,0,0.0028838164,0
LA_D_2473905,0,0.0010036621,0
LA_D_2478413,0,0.008895129,0
LA_D_2488691,0,0.0037374985,0
LA_D_2523108,0,0.0011555926,0
LA_D_2525577,0,0.00033340618,0
LA_D_2558912,0,0.0054568956,0
LA_D_2646681,0,0.00062572374,0
LA_D_2648396,0,0.025048848,0
LA_D_2665880,0,0.00073862844,0
LA_D_2683285,0,0.0006167126,0
LA_D_2715685,0,0.0039154016,0
LA_D_2723301,0,0.015618498,0
LA_D_2749481,0,0.0008693607,0
LA_D_2762693,0,0.01004772,0
LA_D_2784153,0,0.0006257792,0
LA_D_2835573,0,0.0016652166,0
LA_D_2877032,0,0.017159715,0
LA_D_2878270,0,0.0012877593,0
LA_D_2889881,0,6.2027306e-05,0
LA_D_2915994,0,0.022544187,0
LA_D_2934273,0,0.0055493065,0
LA_D_2939086,0,0.0007431914,0
LA_D_2968040,0,0.0013832195,0
LA_D_2993864,0,0.010928196,0
LA_D_3048577,0,0.0024252003,0
LA_D_3067742,0,0.10447739,0
LA_D_3072540,0,0.004695414,0
LA_D_3079418,0,0.0021063536,0
LA_D_3083417,0,0.0023249811,0
LA_D_3084091,0,0.0047906474,0
LA_D_3114677,0,0.001250182,0
LA_D_3151881,0,0.0007848851,0
LA_D_3169361,0,0.0011380467,0
LA_D_3203561,0,0.052237112,0
LA_D_3233282,0,0.051831055,0
LA_D_3276030,0,0.0018665565,0
LA_D_3276721,0,0.00029547134,0
LA_D_3292062,0,0.0046109287,0
LA_D_3298952,0,0.0002554106,0
LA_D_3313241,0,0.00092706736,0
LA_D_3318711,0,0.000919135,0
LA_D_3320713,0,0.024468627,0
LA_D_3321986,0,0.0011280327,0
LA_D_3342664,0,0.008146121,0
LA_D_3353739,0,0.0030125151,0
LA_D_3376676,0,0.004027647,0
LA_D_3379278,0,0.00020594023,0
LA_D_3449675,0,0.0013212037,0
LA_D_3451581,0,0.016199103,0
LA_D_3461825,0,0.00044902085,0
LA_D_3474604,0,0.0014208691,0
LA_D_3496658,0,0.0075570666,0
LA_D_3512316,0,0.004563267,0
LA_D_3527270,0,0.003864718,0
LA_D_3554660,0,0.002273838,0
LA_D_3565165,0,9.416035e-05,0
LA_D_3591261,0,0.0009202702,0
LA_D_3591679,0,0.07632674,0
LA_D_3653770,0,0.035900768,0
LA_D_3707801,0,0.024258828,0
LA_D_3710720,0,0.001171389,0
LA_D_3727464,0,0.28482765,0
LA_D_3746754,0,0.004993186,0
LA_D_3753443,0,0.063782126,0
LA_D_3771019,0,0.0021134978,0
LA_D_3815884,0,0.0074703214,0
LA_D_3820911,0,0.0023708425,0
LA_D_3852849,0,0.0040058866,0
LA_D_3890727,0,0.012897585,0
LA_D_3914684,0,0.0021851936,0
LA_D_3939937,0,0.036154553,0
LA_D_3983910,0,0.0021228308,0
LA_D_4008273,0,0.003492928,0
LA_D_4082852,0,0.007869142,0
LA_D_4085392,0,0.0027994225,0
LA_D_4094129,0,0.01118785,0
LA_D_4182338,0,0.011454885,0
LA_D_4199363,0,0.0012480483,0
LA_D_4231672,0,0.0012304262,0
LA_D_4240572,0,0.0075315777,0
LA_D_4297667,0,0.00019424611,0
LA_D_4322439,0,0.009882944,0
LA_D_4335525,0,0.002267417,0
LA_D_4339462,0,0.0003544659,0
LA_D_4382584,0,0.0009006195,0
LA_D_4389304,0,0.0002692665,0
LA_D_4395658,0,0.0013641813,0
LA_D_4401526,0,0.03926624,0
LA_D_4407498,0,0.000400383,0
LA_D_4437954,0,0.0036416436,0
LA_D_4485320,0,0.0024773013,0
LA_D_4488718,0,0.00017438397,0
LA_D_4540134,0,0.011316708,0
LA_D_4544796,0,0.023217397,0
LA_D_4592786,0,0.0015855937,0
LA_D_4608336,0,0.0021942295,0
LA_D_4629979,0,0.003977314,0
LA_D_4678659,0,0.0007457752,0
LA_D_4703894,0,0.025784181,0
LA_D_4716316,0,0.0016034548,0
LA_D_4722555,0,0.002131507,0
LA_D_4732747,0,0.03650206,0
LA_D_4753739,0,0.0009942307,0
LA_D_4769081,0,0.0007403323,0
LA_D_4865380,0,0.0014743373,0
LA_D_4908581,0,0.003777532,0
LA_D_4938185,0,0.00027787144,0
LA_D_4938987,0,0.009582362,0
LA_D_4979666,0,0.0042554047,0
LA_D_4981603,0,0.0035992756,0
LA_D_4982133,0,0.0055045295,0
LA_D_5018866,0,0.0030491902,0
LA_D_5053631,0,0.0008161947,0
LA_D_5067930,0,0.0057220343,0
LA_D_5086729,0,0.0010917016,0
LA_D_5090608,0,0.0013892634,0
LA_D_5098281,0,0.002340539,0
LA_D_5101551,0,0.0016989876,0
LA_D_5103356,0,0.0005319407,0
LA_D_5107192,0,0.0014078129,0
LA_D_5111401,0,0.0026601483,0
LA_D_5139863,0,0.0016080238,0
LA_D_5142081,0,0.00014284792,0
LA_D_5152377,0,0.00046894746,0
LA_D_5165259,0,0.00044105126,0
LA_D_5172398,0,0.007409408,0
LA_D_5176173,0,0.00019101796,0
LA_D_5241214,0,0.008034453,0
LA_D_5267572,0,0.023858622,0
LA_D_5274812,0,0.008811716,0
LA_D_5286510,0,0.0033769268,0
LA_D_5295577,0,0.012945949,0
LA_D_5296519,0,0.0026513983,0
LA_D_5301983,0,0.008414004,0
LA_D_5307600,0,0.29437935,0
LA_D_5326644,0,0.00093025,0
LA_D_5390706,0,0.011888228,0
LA_D_5410675,0,0.0023229856,0
LA_D_5435996,0,0.0008744002,0
LA_D_5444967,0,0.0041309814,0
LA_D_5481956,0,0.0013600574,0
LA_D_5486800,0,0.0032449393,0
LA_D_5505879,0,0.00028439454,0
LA_D_5524814,0,0.006038174,0
LA_D_5538242,0,0.0022522563,0
LA_D_5599281,0,0.00053237344,0
LA_D_5627177,0,0.0067919297,0
LA_D_5653979,0,0.10025602,0
LA_D_5661698,0,0.003203458,0
LA_D_5671767,0,0.0030350264,0
LA_D_5693331,0,0.0032033375,0
LA_D_5710236,0,0.0022950363,0
LA_D_5715402,0,0.014156707,0
LA_D_5735559,0,0.0050996705,0
LA_D_5735922,0,0.0037381838,0
LA_D_5737273,0,0.0039783963,0
LA_D_5747601,0,0.0133167235,0
LA_D_5748042,0,0.0037127626,0
LA_D_5825167,0,0.00470631,0
LA_D_5832702,0,0.50113326,1
LA_D_5834232,0,0.0018980759,0
LA_D_5854092,0,0.731262,1
LA_D_5874425,0,0.017341081,0
LA_D_5875439,0,0.0014003715,0
LA_D_5878616,0,0.0217334,0
LA_D_5889135,0,0.003699016,0
LA_D_5889358,0,0.002643029,0
LA_D_5895018,0,0.0013124483,0
LA_D_5977520,0,0.0016557784,0
LA_D_6038131,0,0.04563728,0
LA_D_6079595,0,0.004311293,0
LA_D_6103320,0,0.008338727,0
LA_D_6112353,0,0.0039515505,0
LA_D_6172873,0,0.00012255194,0
LA_D_6192145,0,0.008487763,0
LA_D_6194442,0,0.07178107,0
LA_D_6211901,0,0.0015645036,0
LA_D_6222247,0,0.00081344374,0
LA_D_6226707,0,0.0008599644,0
LA_D_6264911,0,0.0008499082,0
LA_D_6290952,0,0.06675625,0
LA_D_6345960,0,0.0004172804,0
LA_D_6347250,0,0.0044210115,0
LA_D_6362359,0,0.00016038868,0
LA_D_6393543,0,0.0010377052,0
LA_D_6409900,0,0.0029203643,0
LA_D_6415614,0,0.012949324,0
LA_D_6428297,0,0.00018865116,0
LA_D_6462902,0,0.0006577574,0
LA_D_6468405,0,0.022554906,0
LA_D_6499924,0,0.0018324562,0
LA_D_6517704,0,0.0043014255,0
LA_D_6532301,0,0.00915401,0
LA_D_6547198,0,0.05575645,0
LA_D_6579719,0,0.6237544,1
LA_D_6593636,0,0.00071332714,0
LA_D_6625374,0,0.0004403306,0
LA_D_6625840,0,0.00030681238,0
LA_D_6637850,0,0.00083227333,0
LA_D_6642673,0,0.0020340949,0
LA_D_6660220,0,0.00012535724,0
LA_D_6669051,0,0.5023,1
LA_D_6691154,0,0.2051083,0
LA_D_6695615,0,0.00053939864,0
LA_D_6710195,0,0.0010162698,0
LA_D_6827798,0,0.29455692,0
LA_D_6830532,0,0.11272425,0
LA_D_6864087,0,0.08001845,0
LA_D_6866603,0,0.00036056494,0
LA_D_6892674,0,0.0016759018,0
LA_D_6928429,0,0.03908737,0
LA_D_6965493,0,0.00012340152,0
LA_D_6965771,0,0.0067669293,0
LA_D_6988249,0,0.0053334828,0
LA_D_7021156,0,0.016449248,0
LA_D_7028251,0,0.004640848,0
LA_D_7038606,0,0.003660559,0
LA_D_7066186,0,0.005199431,0
LA_D_7167124,0,0.0015943242,0
LA_D_7183894,0,0.0009410793,0
LA_D_7186069,0,0.0009817441,0
LA_D_7226739,0,0.02311874,0
LA_D_7237488,0,0.0005236043,0
LA_D_7237811,0,0.0015610831,0
LA_D_7307287,0,0.0042125466,0
LA_D_7331654,0,0.0053068763,0
LA_D_7337279,0,0.0043271095,0
LA_D_7359047,0,0.00584978,0
LA_D_7399969,0,0.008312428,0
LA_D_7406865,0,0.0062861242,0
LA_D_7445946,0,0.00073981186,0
LA_D_7464417,0,0.003127079,0
LA_D_7473056,0,0.016040562,0
LA_D_7499183,0,0.0042453045,0
LA_D_7532592,0,0.345864,0
LA_D_7536830,0,0.0037205985,0
LA_D_7573833,0,0.0006787032,0
LA_D_7577850,0,0.002816218,0
LA_D_7592898,0,0.012610846,0
LA_D_7632221,0,0.026350947,0
LA_D_7647841,0,0.0018999759,0
LA_D_7660152,0,0.007739943,0
LA_D_7667125,0,0.0028548841,0
LA_D_7678162,0,0.008636671,0
LA_D_7679219,0,0.00018044542,0
LA_D_7687575,0,0.0026353637,0
LA_D_7704331,0,0.026191084,0
LA_D_7714440,0,0.008053439,0
LA_D_7748160,0,0.0008948961,0
LA_D_7748381,0,0.014215253,0
LA_D_7784995,0,0.0011130945,0
LA_D_7803358,0,0.0067481142,0
LA_D_7836235,0,0.56388444,1
LA_D_7890490,0,0.0008087939,0
LA_D_7898281,0,0.004922646,0
LA_D_7932133,0,0.0014116324,0
LA_D_7954380,0,0.006501783,0
LA_D_7979281,0,0.15850088,0
LA_D_7989855,0,0.00077411195,0
LA_D_7995659,0,0.0031633466,0
LA_D_8044665,0,0.0054244627,0
LA_D_8050534,0,0.0037177112,0
LA_D_8063814,0,3.4823195e-05,0
LA_D_8099371,0,0.0038524563,0
LA_D_8107336,0,0.38953087,0
LA_D_8110188,0,0.0039831838,0
LA_D_8128480,0,0.025553899,0
LA_D_8136728,0,0.00091594143,0
LA_D_8142949,0,0.013146877,0
LA_D_8152318,0,0.00014235677,0
LA_D_8195070,0,0.00050811993,0
LA_D_8244804,0,0.0005781554,0
LA_D_8246386,0,0.0003219515,0
LA_D_8262471,0,0.08779323,0
LA_D_8277450,0,0.0004529365,0
LA_D_8313277,0,0.0962732,0
LA_D_8362912,0,0.00074812496,0
LA_D_8367768,0,0.011081506,0
LA_D_8374952,0,0.00016353706,0
LA_D_8417993,0,0.16800739,0
LA_D_8418660,0,0.009148418,0
LA_D_8438549,0,0.011822247,0
LA_D_8450426,0,0.00071416446,0
LA_D_8468180,0,0.0011358389,0
LA_D_8482703,0,0.0078033074,0
LA_D_8488988,0,0.004702372,0
LA_D_8520152,0,0.00010666051,0
LA_D_8530159,0,0.0020803697,0
LA_D_8543878,0,0.013778165,0
LA_D_8558988,0,0.0056587923,0
LA_D_8586602,0,0.0049842205,0
LA_D_8593631,0,0.011263302,0
LA_D_8593699,0,0.0028958335,0
LA_D_8697162,0,0.00464951,0
LA_D_8724645,0,0.002258681,0
LA_D_8783507,0,0.0004968565,0
LA_D_8866287,0,0.0016893398,0
LA_D_8870358,0,0.003756927,0
LA_D_8875939,0,0.0016012312,0
LA_D_8878567,0,0.000590715,0
LA_D_8909496,0,0.0011760942,0
LA_D_8920232,0,7.2475435e-05,0
LA_D_8954865,0,0.0021705623,0
LA_D_8958398,0,0.006455429,0
LA_D_8988605,0,0.0050889375,0
LA_D_9022054,0,0.016072411,0
LA_D_9053763,0,0.004915063,0
LA_D_9058492,0,0.022076007,0
LA_D_9085002,0,0.00048693537,0
LA_D_9105293,0,0.0034015696,0
LA_D_9156390,0,0.0028692235,0
LA_D_9158496,0,0.0010442273,0
LA_D_9170533,0,0.043911275,0
LA_D_9170546,0,0.033314478,0
LA_D_9233372,0,0.006514548,0
LA_D_9262171,0,0.0030191948,0
LA_D_9269691,0,0.0021199489,0
LA_D_9350649,0,0.0057800463,0
LA_D_9353876,0,0.0043704836,0
LA_D_9366152,0,0.0010184258,0
LA_D_9367691,0,0.000823924,0
LA_D_9386142,0,0.0050279484,0
LA_D_9438113,0,0.0059956163,0
LA_D_9505772,0,0.004621147,0
LA_D_9525819,0,0.16199696,0
LA_D_9602909,0,0.20849937,0
LA_D_9614451,0,0.0010017176,0
LA_D_9710466,0,0.00133284,0
LA_D_9723269,0,0.00057154393,0
LA_D_9734297,0,0.00047339426,0
LA_D_9743828,0,0.19952826,0
LA_D_9764249,0,0.009765515,0
LA_D_9770836,0,0.010184611,0
LA_D_9795685,0,0.0057929615,0
LA_D_9821680,0,0.0007417331,0
LA_D_9831077,0,0.003425747,0
LA_D_9897238,0,0.006512394,0
LA_D_9902848,0,0.0005412857,0
LA_D_9904837,0,0.01052546,0
LA_D_9935431,0,0.001585624,0
LA_D_9955162,0,0.0006772307,0
LA_D_9991348,0,0.0009925938,0
LA_D_9999204,0,0.0041646855,0
LA_D_1010205,0,0.0011054167,0
LA_D_1061499,0,0.00026186305,0
LA_D_1080524,0,0.0014814035,0
LA_D_1082871,0,0.00034056077,0
LA_D_1084804,0,4.1561012e-05,0
LA_D_1158428,0,0.00014271845,0
LA_D_1171849,0,9.4574294e-05,0
LA_D_1235041,0,0.00027132893,0
LA_D_1246046,0,2.7462655e-05,0
LA_D_1266897,0,5.8521742e-05,0
LA_D_1277538,0,2.058972e-05,0
LA_D_1326697,0,0.00088770856,0
LA_D_1384414,0,0.005145217,0
LA_D_1447776,0,0.0048594186,0
LA_D_1498058,0,0.001957734,0
LA_D_1502852,0,0.00023254866,0
LA_D_1555757,0,0.0008594126,0
LA_D_1556162,0,4.4486645e-05,0
LA_D_1606599,0,0.0017484706,0
LA_D_1694389,0,0.0014702757,0
LA_D_1699200,0,0.00062675186,0
LA_D_1705349,0,0.00037393,0
LA_D_1720015,0,0.0008030881,0
LA_D_1738251,0,0.0005169035,0
LA_D_1738651,0,0.00091106334,0
LA_D_1830470,0,0.0006088463,0
LA_D_1832937,0,0.0032106754,0
LA_D_1844495,0,0.00023590404,0
LA_D_1848165,0,9.6180156e-05,0
LA_D_1866166,0,0.00046299023,0
LA_D_1907062,0,0.032556657,0
LA_D_1921890,0,0.00047617627,0
LA_D_1932089,0,0.00041439134,0
LA_D_1966347,0,0.0010486371,0
LA_D_2008956,0,0.0010063915,0
LA_D_2022777,0,0.00023904532,0
LA_D_2033794,0,0.0007607652,0
LA_D_2042102,0,0.00078650226,0
LA_D_2049288,0,7.765295e-05,0
LA_D_2128519,0,0.00067482947,0
LA_D_2140441,0,9.369755e-05,0
LA_D_2178889,0,0.0007281156,0
LA_D_2193624,0,7.3977135e-05,0
LA_D_2308716,0,0.0004493649,0
LA_D_2335769,0,0.0002783986,0
LA_D_2353795,0,9.583026e-05,0
LA_D_2372787,0,0.000396541,0
LA_D_2430243,0,0.00092091755,0
LA_D_2446369,0,0.00079654204,0
LA_D_2492206,0,9.751127e-05,0
LA_D_2497046,0,0.0013026779,0
LA_D_2530462,0,0.00060299254,0
LA_D_2570184,0,0.00021988606,0
LA_D_2653610,0,0.04870135,0
LA_D_2667967,0,0.0011778953,0
LA_D_2747265,0,0.00086067925,0
LA_D_2795326,0,0.003342424,0
LA_D_2837203,0,8.00428e-05,0
LA_D_2875270,0,0.0009099,0
LA_D_2888387,0,0.00096578535,0
LA_D_2933330,0,0.00070098735,0
LA_D_2939024,0,0.008201319,0
LA_D_2960332,0,0.005304098,0
LA_D_2964456,0,1.8944615e-05,0
LA_D_2968176,0,0.00048387187,0
LA_D_2981298,0,0.012755086,0
LA_D_3015558,0,0.00033200168,0
LA_D_3040717,0,0.0026060184,0
LA_D_3049880,0,0.0014868957,0
LA_D_3087285,0,0.0005090966,0
LA_D_3109683,0,0.00043207506,0
LA_D_3142727,0,0.00023578104,0
LA_D_3154837,0,0.0003122197,0
LA_D_3158600,0,0.00025789574,0
LA_D_3184245,0,0.00018982943,0
LA_D_3211293,0,0.00016955133,0
LA_D_3220337,0,0.0014011661,0
LA_D_3228132,0,0.00023792773,0
LA_D_3242739,0,0.0007221004,0
LA_D_3346281,0,0.0029682512,0
LA_D_3353973,0,0.00038389096,0
LA_D_3392617,0,0.001317427,0
LA_D_3401079,0,0.0018327239,0
LA_D_3413740,0,0.004428916,0
LA_D_3436779,0,0.00013695286,0
LA_D_3441390,0,0.00060659985,0
LA_D_3457616,0,0.000120927914,0
LA_D_3492327,0,0.0017186096,0
LA_D_3510615,0,9.139903e-05,0
LA_D_3522779,0,0.00083404133,0
LA_D_3553006,0,0.00027956997,0
LA_D_3553483,0,0.0005855684,0
LA_D_3579245,0,0.00023561205,0
LA_D_3617757,0,0.00037954806,0
LA_D_3629732,0,0.00019542039,0
LA_D_3664914,0,0.0005164347,0
LA_D_3679618,0,0.0002819437,0
LA_D_3795179,0,0.00013732609,0
LA_D_3799415,0,9.553527e-05,0
LA_D_3799822,0,0.00028174487,0
LA_D_3814791,0,0.008625099,0
LA_D_3847966,0,0.00045786574,0
LA_D_3879227,0,0.00017826416,0
LA_D_3931549,0,0.0006587439,0
LA_D_3951142,0,0.00013316619,0
LA_D_4038636,0,0.00025122176,0
LA_D_4046963,0,0.011163862,0
LA_D_4051775,0,0.0004502061,0
LA_D_4067176,0,0.0005442781,0
LA_D_4076013,0,0.0013434957,0
LA_D_4079102,0,0.007302722,0
LA_D_4104036,0,0.0013684839,0
LA_D_4173079,0,8.918071e-05,0
LA_D_4187195,0,0.0072161085,0
LA_D_4190863,0,6.327099e-05,0
LA_D_4198486,0,0.0014661555,0
LA_D_4246414,0,0.00014050583,0
LA_D_4246754,0,0.00092077366,0
LA_D_4269476,0,0.0016454111,0
LA_D_4277166,0,0.005171942,0
LA_D_4285827,0,0.00011608006,0
LA_D_4344112,0,0.0016552313,0
LA_D_4358026,0,0.001253246,0
LA_D_4371820,0,0.00052251713,0
LA_D_4414981,0,0.0001442805,0
LA_D_4436601,0,0.0005544842,0
LA_D_4449596,0,0.0011272614,0
LA_D_4476116,0,0.0001230144,0
LA_D_4497485,0,0.008982967,0
LA_D_4541793,0,0.00044534705,0
LA_D_4554165,0,0.109428324,0
LA_D_4567649,0,8.295881e-05,0
LA_D_4594870,0,0.000345742,0
LA_D_4679930,0,0.00066568766,0
LA_D_4680031,0,0.0028323748,0
LA_D_4684075,0,0.0022901306,0
LA_D_4729932,0,5.353409e-05,0
LA_D_4765138,0,7.8596175e-05,0
LA_D_4766671,0,0.013017169,0
LA_D_4791127,0,0.00015613623,0
LA_D_4793285,0,0.003520003,0
LA_D_4831551,0,0.00021286905,0
LA_D_4838987,0,0.0029743665,0
LA_D_4840993,0,6.377311e-05,0
LA_D_4846038,0,8.433474e-05,0
LA_D_4856350,0,0.001373584,0
LA_D_4893333,0,0.0072355517,0
LA_D_4911711,0,4.9804552e-05,0
LA_D_4938958,0,0.00064201053,0
LA_D_4972385,0,0.0013059195,0
LA_D_4992474,0,0.0016441677,0
LA_D_5039819,0,9.248143e-05,0
LA_D_5057705,0,0.00036599103,0
LA_D_5110293,0,0.0011474928,0
LA_D_5149734,0,0.0007067688,0
LA_D_5178524,0,0.00017714332,0
LA_D_5193343,0,0.00030020135,0
LA_D_5207545,0,0.00038730443,0
LA_D_5246247,0,0.007923663,0
LA_D_5283786,0,0.00022135537,0
LA_D_5338385,0,0.00092881924,0
LA_D_5435340,0,0.008501522,0
LA_D_5453991,0,0.0012942337,0
LA_D_5508990,0,0.0019627663,0
LA_D_5525422,0,0.0003633787,0
LA_D_5570541,0,0.00048351596,0
LA_D_5572661,0,0.00017188086,0
LA_D_5596855,0,6.188586e-05,0
LA_D_5706472,0,0.0010059496,0
LA_D_5732655,0,0.0007051871,0
LA_D_5741681,0,0.00013231435,0
LA_D_5789727,0,0.0019149274,0
LA_D_5792148,0,0.002717283,0
LA_D_5805227,0,0.0010326128,0
LA_D_5824362,0,0.0013076003,0
LA_D_5834045,0,0.00073230057,0
LA_D_5856383,0,0.00023176463,0
LA_D_5891869,0,0.00025202185,0
LA_D_5901525,0,0.0008340071,0
LA_D_5927782,0,0.0010718436,0
LA_D_5961259,0,0.00093919365,0
LA_D_5972830,0,0.002277127,0
LA_D_5975960,0,0.20821437,0
LA_D_5986166,0,0.0009794878,0
LA_D_6096734,0,0.00016856079,0
LA_D_6126827,0,0.00028633358,0
LA_D_6132532,0,0.0010486306,0
LA_D_6211090,0,0.00014213663,0
LA_D_6226652,0,0.00023477919,0
LA_D_6228522,0,0.00041060385,0
LA_D_6239873,0,0.00056252244,0
LA_D_6241133,0,0.0002934895,0
LA_D_6280736,0,0.00080698094,0
LA_D_6310412,0,4.6388413e-05,0
LA_D_6315394,0,0.002043032,0
LA_D_6322158,0,0.0045859986,0
LA_D_6349894,0,0.00014766968,0
LA_D_6361022,0,0.0011284042,0
LA_D_6454374,0,0.005814284,0
LA_D_6506972,0,0.005838649,0
LA_D_6597204,0,0.0005391504,0
LA_D_6614217,0,0.0017539364,0
LA_D_6661592,0,0.00041602761,0
LA_D_6671443,0,0.0005281541,0
LA_D_6690982,0,0.021919316,0
LA_D_6723637,0,0.00010333125,0
LA_D_6748977,0,0.00343674,0
LA_D_6767763,0,9.7959004e-05,0
LA_D_6890596,0,0.00012660187,0
LA_D_6909580,0,0.0031794508,0
LA_D_6930111,0,0.002402062,0
LA_D_6970550,0,8.270897e-05,0
LA_D_6971538,0,0.0019657258,0
LA_D_6985201,0,0.00017070195,0
LA_D_6990804,0,0.00011219206,0
LA_D_7015167,0,0.00031098828,0
LA_D_7030824,0,0.0011949474,0
LA_D_7087327,0,0.0016817836,0
LA_D_7100478,0,0.001623208,0
LA_D_7117158,0,0.002403531,0
LA_D_7138607,0,9.5289884e-05,0
LA_D_7141905,0,4.005483e-05,0
LA_D_7174232,0,0.0028224357,0
LA_D_7277959,0,0.006872257,0
LA_D_7279265,0,0.0008481894,0
LA_D_7279410,0,0.00019564989,0
LA_D_7290012,0,0.00028184833,0
LA_D_7363405,0,4.1245068e-05,0
LA_D_7367187,0,0.0007580753,0
LA_D_7383463,0,0.00047591262,0
LA_D_7409252,0,1.1814644e-05,0
LA_D_7424751,0,0.00021789751,0
LA_D_7447795,0,4.6694564e-05,0
LA_D_7479660,0,0.0058423122,0
LA_D_7620311,0,0.0004969442,0
LA_D_7674620,0,0.00025891865,0
LA_D_7702883,0,0.002064691,0
LA_D_7731461,0,6.8724585e-05,0
LA_D_7734402,0,0.000108623324,0
LA_D_7773583,0,0.0001551135,0
LA_D_7792788,0,0.00154781,0
LA_D_7887063,0,0.00074807357,0
LA_D_7979905,0,0.00026192947,0
LA_D_8022584,0,0.00015654259,0
LA_D_8063128,0,0.00040709335,0
LA_D_8072455,0,0.0011656077,0
LA_D_8147839,0,0.006190443,0
LA_D_8162284,0,0.001348162,0
LA_D_8183756,0,0.0094234,0
LA_D_8202140,0,0.00041643713,0
LA_D_8228955,0,0.005883801,0
LA_D_8245412,0,0.0005477016,0
LA_D_8264531,0,7.813479e-05,0
LA_D_8272979,0,0.00012037648,0
LA_D_8291737,0,0.0009311346,0
LA_D_8335202,0,0.00027332423,0
LA_D_8350950,0,0.0042876215,0
LA_D_8358692,0,0.0022322075,0
LA_D_8364986,0,0.00015032038,0
LA_D_8365489,0,0.00043252078,0
LA_D_8367470,0,0.010306389,0
LA_D_8372141,0,6.278559e-05,0
LA_D_8378530,0,0.0005172549,0
LA_D_8461526,0,6.399064e-05,0
LA_D_8467187,0,4.6902802e-05,0
LA_D_8474115,0,3.430446e-05,0
LA_D_8479165,0,0.0005747952,0
LA_D_8569086,0,0.00040938132,0
LA_D_8573686,0,0.0006609496,0
LA_D_8599184,0,0.0018520983,0
LA_D_8675351,0,0.00010119554,0
LA_D_8683301,0,0.00029572725,0
LA_D_8704675,0,3.0001813e-05,0
LA_D_8726806,0,7.4265794e-05,0
LA_D_8735979,0,0.0005271123,0
LA_D_8787336,0,0.00041162746,0
LA_D_8907825,0,0.00044318422,0
LA_D_8912596,0,3.4500124e-05,0
LA_D_8923373,0,0.0001283454,0
LA_D_8947789,0,0.0016053192,0
LA_D_8971968,0,0.0017486495,0
LA_D_8980613,0,0.0005775394,0
LA_D_9092221,0,0.00016206897,0
LA_D_9095089,0,0.005818685,0
LA_D_9198030,0,0.00073520874,0
LA_D_9308715,0,3.2294108e-06,0
LA_D_9363698,0,0.003666923,0
LA_D_9365960,0,6.9759813e-06,0
LA_D_9465126,0,0.0005525666,0
LA_D_9557863,0,0.00029610924,0
LA_D_9579816,0,0.0005874665,0
LA_D_9585951,0,0.000570574,0
LA_D_9611936,0,0.002890955,0
LA_D_9616817,0,6.660154e-05,0
LA_D_9711980,0,0.0056802784,0
LA_D_9728117,0,0.0006906287,0
LA_D_9735207,0,6.7610425e-05,0
LA_D_9739801,0,0.00270811,0
LA_D_9810869,0,9.623155e-06,0
LA_D_9828928,0,9.67824e-05,0
LA_D_9849984,0,0.016502626,0
LA_D_9853601,0,0.00022092821,0
LA_D_9936972,0,0.00066502887,0
LA_D_9947726,0,0.0010558134,0
LA_D_9977709,0,0.0012105354,0
LA_D_9985554,0,0.0018471868,0
LA_D_9994046,0,0.0004775071,0
LA_D_9995817,0,0.00023544877,0
LA_D_1029785,0,6.766693e-05,0
LA_D_1056838,0,0.0041154586,0
LA_D_1124968,0,0.0121858185,0
LA_D_1149633,0,0.5583049,1
LA_D_1157084,0,8.718198e-06,0
LA_D_1235306,0,0.004499905,0
LA_D_1236459,0,0.0052833282,0
LA_D_1247325,0,0.0054656365,0
LA_D_1285017,0,0.0007396814,0
LA_D_1306634,0,0.0027875393,0
LA_D_1307022,0,0.0019683805,0
LA_D_1314415,0,0.0045029647,0
LA_D_1334666,0,0.0022604514,0
LA_D_1343882,0,0.0088386955,0
LA_D_1356036,0,0.0048086685,0
LA_D_1393870,0,0.023127045,0
LA_D_1424811,0,0.07362306,0
LA_D_1433046,0,0.00635303,0
LA_D_1459201,0,0.0008315472,0
LA_D_1471187,0,0.0045072157,0
LA_D_1471595,0,0.82161856,1
LA_D_1476062,0,0.20194006,0
LA_D_1555695,0,0.042597897,0
LA_D_1574963,0,0.00046139184,0
LA_D_1640383,0,0.3024639,0
LA_D_1680060,0,0.02912518,0
LA_D_1702355,0,0.0010008434,0
LA_D_1702824,0,0.028351914,0
LA_D_1711747,0,0.033502623,0
LA_D_1723025,0,0.0032438028,0
LA_D_1743744,0,0.013827969,0
LA_D_1773079,0,0.0035792685,0
LA_D_1780523,0,0.0030923102,0
LA_D_1818653,0,0.0029448897,0
LA_D_1853731,0,0.0017794812,0
LA_D_1868045,0,0.0015407931,0
LA_D_1891787,0,0.014324226,0
LA_D_1894103,0,0.0009174616,0
LA_D_1905761,0,0.00257834,0
LA_D_1948580,0,0.0020055026,0
LA_D_1949008,0,0.0012866418,0
LA_D_1994966,0,0.1416818,0
LA_D_2002433,0,0.06589458,0
LA_D_2036773,0,0.0018056502,0
LA_D_2070148,0,0.07072451,0
LA_D_2077190,0,0.0025676128,0
LA_D_2107954,0,0.56852156,1
LA_D_2113515,0,0.00021767056,0
LA_D_2136240,0,0.001058864,0
LA_D_2137133,0,0.0060062488,0
LA_D_2166764,0,0.17037311,0
LA_D_2173227,0,0.0029109656,0
LA_D_2195736,0,0.0029185296,0
LA_D_2231411,0,0.0017032153,0
LA_D_2245814,0,0.9536325,1
LA_D_2250398,0,0.014121969,0
LA_D_2260376,0,0.0031997128,0
LA_D_2275662,0,0.0073513887,0
LA_D_2276956,0,0.03503448,0
LA_D_2341150,0,6.018799e-05,0
LA_D_2344292,0,0.0055863056,0
LA_D_2367943,0,0.00058745005,0
LA_D_2382681,0,0.01081399,0
LA_D_2399961,0,0.024387544,0
LA_D_2445772,0,0.0008004653,0
LA_D_2451802,0,0.0004698381,0
LA_D_2454370,0,0.012700769,0
LA_D_2480484,0,0.0010061441,0
LA_D_2502471,0,0.0017825357,0
LA_D_2530547,0,0.32186526,0
LA_D_2565381,0,0.009207543,0
LA_D_2577424,0,0.003853699,0
LA_D_2596513,0,0.0013428824,0
LA_D_2598470,0,0.0015912259,0
LA_D_2602453,0,0.0037807599,0
LA_D_2613067,0,0.00056833046,0
LA_D_2634266,0,0.004726915,0
LA_D_2637205,0,0.38588133,0
LA_D_2709105,0,0.0010623989,0
LA_D_2715552,0,0.004125261,0
LA_D_2719811,0,0.01161815,0
LA_D_2772436,0,0.0070236917,0
LA_D_2775026,0,0.0028534906,0
LA_D_2797619,0,0.0027547835,0
LA_D_2814875,0,0.0012925165,0
LA_D_2816289,0,0.0070667826,0
LA_D_2833762,0,0.004078787,0
LA_D_2854193,0,0.20383123,0
LA_D_2866362,0,0.0045315884,0
LA_D_2895937,0,0.007818503,0
LA_D_2938883,0,0.006940419,0
LA_D_2999774,0,0.0012408303,0
LA_D_3007029,0,0.0072099585,0
LA_D_3010559,0,0.0014754329,0
LA_D_3015714,0,0.0014295588,0
LA_D_3040572,0,0.0055103297,0
LA_D_3043536,0,0.0024107816,0
LA_D_3053606,0,0.0053752363,0
LA_D_3055819,0,0.011583977,0
LA_D_3060623,0,8.513289e-05,0
LA_D_3144395,0,0.7588199,1
LA_D_3176946,0,0.00031854268,0
LA_D_3177863,0,0.0005553002,0
LA_D_3186042,0,0.0013736744,0
LA_D_3186776,0,3.6917285e-05,0
LA_D_3193424,0,0.00021438488,0
LA_D_3197569,0,0.004436574,0
LA_D_3207501,0,0.04426767,0
LA_D_3229118,0,0.13867156,0
LA_D_3230806,0,0.005400255,0
LA_D_3232533,0,0.14473754,0
LA_D_3243854,0,0.0010282153,0
LA_D_3256090,0,0.0001198534,0
LA_D_3310507,0,0.00015230653,0
LA_D_3325797,0,0.0046138493,0
LA_D_3341814,0,0.21684392,0
LA_D_3401398,0,0.0027801816,0
LA_D_3440449,0,0.010762344,0
LA_D_3461793,0,0.00028817888,0
LA_D_3482541,0,0.0014406629,0
LA_D_3498197,0,0.0013272655,0
LA_D_3517587,0,0.016795715,0
LA_D_3529126,0,0.081273794,0
LA_D_3586862,0,0.0019860137,0
LA_D_3608535,0,0.02145209,0
LA_D_3679086,0,0.003189357,0
LA_D_3683215,0,0.016158808,0
LA_D_3703420,0,0.00041398624,0
LA_D_3725938,0,0.013497203,0
LA_D_3733302,0,0.0021248115,0
LA_D_3741233,0,0.0056553585,0
LA_D_3766019,0,0.064710714,0
LA_D_3767648,0,0.0010114377,0
LA_D_3769543,0,0.00060108735,0
LA_D_3773558,0,0.017774977,0
LA_D_3776249,0,0.0033170413,0
LA_D_3783864,0,0.018435368,0
LA_D_3791494,0,0.0015360804,0
LA_D_3805827,0,0.0032965215,0
LA_D_3806582,0,0.6424368,1
LA_D_3840866,0,0.010924388,0
LA_D_3882685,0,0.001847688,0
LA_D_3909128,0,0.012424914,0
LA_D_3942605,0,0.047372986,0
LA_D_3966698,0,0.007686385,0
LA_D_4005820,0,0.075476475,0
LA_D_4020807,0,0.5174331,1
LA_D_4029187,0,0.0048921006,0
LA_D_4105672,0,0.004188015,0
LA_D_4107279,0,0.00860385,0
LA_D_4128802,0,0.91315424,1
LA_D_4143635,0,0.0026243362,0
LA_D_4185259,0,0.07186554,0
LA_D_4216273,0,0.006747791,0
LA_D_4225333,0,0.013392798,0
LA_D_4333191,0,0.0043028225,0
LA_D_4342949,0,0.12989177,0
LA_D_4372021,0,0.0014177961,0
LA_D_4447831,0,0.006112909,0
LA_D_4455937,0,8.983195e-05,0
LA_D_4460163,0,0.009155107,0
LA_D_4472082,0,1.0589298e-05,0
LA_D_4472967,0,0.007590904,0
LA_D_4487386,0,0.12322083,0
LA_D_4487653,0,0.08477786,0
LA_D_4496115,0,0.009307062,0
LA_D_4519635,0,0.0006160863,0
LA_D_4524225,0,0.0006971306,0
LA_D_4529395,0,0.0016625933,0
LA_D_4552584,0,0.00057145185,0
LA_D_4585046,0,0.0067582377,0
LA_D_4624019,0,0.0004561524,0
LA_D_4688262,0,0.02832482,0
LA_D_4699301,0,0.0025829596,0
LA_D_4704078,0,0.014103704,0
LA_D_4727143,0,0.00087002455,0
LA_D_4746243,0,3.3575845e-05,0
LA_D_4767464,0,0.06140048,0
LA_D_4790022,0,0.08493355,0
LA_D_4799307,0,0.011636809,0
LA_D_4814981,0,0.010019046,0
LA_D_4825873,0,0.005026208,0
LA_D_4831370,0,0.27334383,0
LA_D_4833484,0,0.00060502876,0
LA_D_4846158,0,0.0010460304,0
LA_D_4888486,0,0.05476268,0
LA_D_4904641,0,0.22840375,0
LA_D_4931293,0,0.13780966,0
LA_D_4934401,0,0.0124765085,0
LA_D_4946335,0,0.001842995,0
LA_D_4954842,0,0.002448562,0
LA_D_4966242,0,0.26605824,0
LA_D_4974659,0,0.028807694,0
LA_D_4990575,0,0.0021190594,0
LA_D_5008157,0,0.006413289,0
LA_D_5035533,0,0.013342267,0
LA_D_5054541,0,0.0053974483,0
LA_D_5096284,0,0.0012781919,0
LA_D_5127607,0,0.0028344982,0
LA_D_5138851,0,0.37647092,0
LA_D_5151081,0,0.22999102,0
LA_D_5182772,0,0.038806435,0
LA_D_5202763,0,0.045504432,0
LA_D_5232139,0,0.0065846913,0
LA_D_5246193,0,0.08962034,0
LA_D_5293338,0,0.03416469,0
LA_D_5299709,0,0.031296503,0
LA_D_5300130,0,0.03748343,0
LA_D_5308230,0,0.007945944,0
LA_D_5357142,0,0.013267063,0
LA_D_5392292,0,0.11231671,0
LA_D_5394501,0,0.00012699822,0
LA_D_5396397,0,0.007840212,0
LA_D_5421212,0,0.0021769807,0
LA_D_5452800,0,0.040013406,0
LA_D_5465758,0,0.49544096,0
LA_D_5482180,0,0.0018578687,0
LA_D_5571629,0,0.0027930138,0
LA_D_5584734,0,0.0012838728,0
LA_D_5586056,0,0.026251722,0
LA_D_5627497,0,0.01215243,0
LA_D_5654375,0,0.069079936,0
LA_D_5689198,0,0.002097661,0
LA_D_5730320,0,1.512485e-05,0
LA_D_5732035,0,0.006181256,0
LA_D_5737966,0,0.16799806,0
LA_D_5742424,0,0.00035255842,0
LA_D_5755628,0,0.010922075,0
LA_D_5824879,0,0.0016808937,0
LA_D_5826732,0,0.0031690022,0
LA_D_5828981,0,7.7044795e-05,0
LA_D_5861749,0,0.03798398,0
LA_D_5873832,0,0.00017734493,0
LA_D_5932720,0,0.0026751512,0
LA_D_5940165,0,0.8524387,1
LA_D_5945248,0,0.001834803,0
LA_D_5981243,0,0.003735372,0
LA_D_5985415,0,0.009954435,0
LA_D_6001078,0,0.07465279,0
LA_D_6033416,0,0.007457932,0
LA_D_6084356,0,0.0035880953,0
LA_D_6097312,0,0.001094349,0
LA_D_6105514,0,0.0026412883,0
LA_D_6135335,0,0.0016434861,0
LA_D_6159317,0,0.9115627,1
LA_D_6165860,0,0.0077849547,0
LA_D_6185691,0,0.0018958315,0
LA_D_6193524,0,0.0056154015,0
LA_D_6203837,0,0.0002830183,0
LA_D_6210440,0,0.016279867,0
LA_D_6211991,0,0.009650659,0
LA_D_6259884,0,0.0053642853,0
LA_D_6267621,0,0.6271484,1
LA_D_6305298,0,0.017241316,0
LA_D_6305743,0,0.032797184,0
LA_D_6320458,0,0.25518012,0
LA_D_6321182,0,0.0011854599,0
LA_D_6323705,0,0.0018025116,0
LA_D_6345029,0,0.018173521,0
LA_D_6368988,0,0.023859106,0
LA_D_6371872,0,0.0014391643,0
LA_D_6390103,0,0.0018001117,0
LA_D_6401176,0,0.0005049035,0
LA_D_6425717,0,0.0025816688,0
LA_D_6458120,0,8.0396836e-05,0
LA_D_6502358,0,0.034594186,0
LA_D_6526168,0,0.00085643126,0
LA_D_6532619,0,0.00096282375,0
LA_D_6547828,0,0.04462542,0
LA_D_6550208,0,0.00051129685,0
LA_D_6594807,0,0.08703325,0
LA_D_6640572,0,5.8776666e-05,0
LA_D_6742796,0,0.5366033,1
LA_D_6779692,0,4.0705097e-05,0
LA_D_6806988,0,0.00078561506,0
LA_D_6826884,0,8.771888e-05,0
LA_D_6840556,0,4.647059e-05,0
LA_D_6840971,0,0.0017183404,0
LA_D_6845080,0,0.006800848,0
LA_D_6852869,0,0.0074138003,0
LA_D_6865911,0,0.0010405469,0
LA_D_6879359,0,0.0058310865,0
LA_D_6919214,0,0.07993248,0
LA_D_6931896,0,0.00059868593,0
LA_D_6938657,0,0.00012279525,0
LA_D_6947992,0,0.0004246218,0
LA_D_6957283,0,0.010449282,0
LA_D_6970983,0,0.002455802,0
LA_D_6973797,0,0.014682598,0
LA_D_7053102,0,0.030576127,0
LA_D_7124239,0,0.17131908,0
LA_D_7139969,0,0.002004716,0
LA_D_7143938,0,0.002408064,0
LA_D_7175704,0,0.01841238,0
LA_D_7215783,0,0.009007983,0
LA_D_7254378,0,0.00082707015,0
LA_D_7278858,0,0.00071901444,0
LA_D_7290285,0,0.03575693,0
LA_D_7297385,0,8.311829e-05,0
LA_D_7307702,0,0.14372909,0
LA_D_7308358,0,0.00081690704,0
LA_D_7368863,0,0.0015822245,0
LA_D_7401894,0,0.0006656459,0
LA_D_7453123,0,0.00088645425,0
LA_D_7466640,0,0.0114691155,0
LA_D_7482285,0,0.003200639,0
LA_D_7484463,0,0.00020318448,0
LA_D_7508544,0,0.080985636,0
LA_D_7540473,0,0.006791508,0
LA_D_7560065,0,0.0007002448,0
LA_D_7563714,0,0.037427492,0
LA_D_7568059,0,0.0014924827,0
LA_D_7596547,0,0.46468103,0
LA_D_7598446,0,0.017068205,0
LA_D_7635520,0,0.008250958,0
LA_D_7641447,0,0.0029792474,0
LA_D_7748664,0,0.0067111827,0
LA_D_7750829,0,0.091693066,0
LA_D_7754957,0,0.0034444095,0
LA_D_7757055,0,0.0027930192,0
LA_D_7760363,0,0.21951468,0
LA_D_7760924,0,0.02685511,0
LA_D_7823985,0,0.012805219,0
LA_D_7878150,0,0.00053869246,0
LA_D_7901390,0,0.002750443,0
LA_D_7927430,0,0.019254826,0
LA_D_7937903,0,0.0004069686,0
LA_D_7940727,0,0.066836655,0
LA_D_7955580,0,0.024169873,0
LA_D_8006078,0,0.0067529455,0
LA_D_8063853,0,0.00015454629,0
LA_D_8118910,0,0.004304999,0
LA_D_8133720,0,0.0052168216,0
LA_D_8138691,0,0.22922981,0
LA_D_8193062,0,0.00042904442,0
LA_D_8200105,0,0.00026763513,0
LA_D_8205767,0,0.0031563987,0
LA_D_8222053,0,0.0054632574,0
LA_D_8265007,0,0.016237807,0
LA_D_8266174,0,0.0014544824,0
LA_D_8317813,0,0.0034579078,0
LA_D_8322502,0,0.00254236,0
LA_D_8339674,0,0.017169949,0
LA_D_8362045,0,0.012668849,0
LA_D_8377841,0,0.09689364,0
LA_D_8395121,0,0.0034039384,0
LA_D_8400994,0,0.000780594,0
LA_D_8467991,0,0.019071976,0
LA_D_8473774,0,0.0041504,0
LA_D_8523307,0,0.00014484706,0
LA_D_8555156,0,0.00081314193,0
LA_D_8555387,0,0.025721963,0
LA_D_8590984,0,0.08492435,0
LA_D_8641916,0,0.0663434,0
LA_D_8693010,0,0.008895512,0
LA_D_8718669,0,0.031735737,0
LA_D_8737458,0,0.008060092,0
LA_D_8759603,0,0.014308837,0
LA_D_8808929,0,0.00921206,0
LA_D_8829199,0,0.00047849154,0
LA_D_8832719,0,0.60577744,1
LA_D_8879962,0,0.00011791246,0
LA_D_8881042,0,0.0006199066,0
LA_D_8956992,0,0.012727417,0
LA_D_8967078,0,0.41533586,0
LA_D_9032192,0,0.011425537,0
LA_D_9092108,0,0.0052852277,0
LA_D_9095485,0,0.0033665886,0
LA_D_9151418,0,0.0019078229,0
LA_D_9162612,0,0.0010765952,0
LA_D_9165189,0,0.0036615836,0
LA_D_9175790,0,0.008601507,0
LA_D_9176089,0,0.400733,0
LA_D_9178466,0,1.1039997e-05,0
LA_D_9208964,0,0.03602549,0
LA_D_9255229,0,0.0007793988,0
LA_D_9265361,0,0.00508679,0
LA_D_9273017,0,0.47023463,0
LA_D_9291135,0,0.2627765,0
LA_D_9299077,0,0.005642401,0
LA_D_9303374,0,0.0056924485,0
LA_D_9386777,0,0.008153341,0
LA_D_9435140,0,0.0027904012,0
LA_D_9437643,0,0.019929547,0
LA_D_9438939,0,0.048061155,0
LA_D_9458312,0,0.0011313667,0
LA_D_9491341,0,0.000339036,0
LA_D_9493111,0,0.0040323474,0
LA_D_9517810,0,0.0012379633,0
LA_D_9552252,0,0.2938575,0
LA_D_9556143,0,0.0052173724,0
LA_D_9573200,0,0.0025374347,0
LA_D_9583786,0,0.0016908643,0
LA_D_9628041,0,0.06697629,0
LA_D_9643639,0,0.015806653,0
LA_D_9694196,0,0.0031643196,0
LA_D_9735621,0,0.024010608,0
LA_D_9754615,0,0.0008212657,0
LA_D_9809504,0,0.08422833,0
LA_D_9826800,0,0.040554438,0
LA_D_9827463,0,0.0013632722,0
LA_D_9829234,0,0.04382746,0
LA_D_9834151,0,8.80322e-05,0
LA_D_9841709,0,0.024980042,0
LA_D_9843659,0,0.027373446,0
LA_D_9845352,0,0.0014946758,0
LA_D_9887992,0,0.10192195,0
LA_D_9892838,0,0.00056127406,0
LA_D_9915418,0,0.17501643,0
LA_D_9928370,0,0.73839587,1
LA_D_9947625,0,0.008752543,0
LA_D_9951429,0,0.00023723234,0
LA_D_9968504,0,0.7020225,1
LA_D_9982181,0,0.00048229872,0
LA_D_1015995,0,0.00010811469,0
LA_D_1025623,0,0.0010512723,0
LA_D_1041139,0,0.0005746043,0
LA_D_1066994,0,0.00011124532,0
LA_D_1083152,0,0.00012785108,0
LA_D_1141689,0,1.5356596e-05,0
LA_D_1187570,0,0.0003458798,0
LA_D_1222113,0,0.0025209542,0
LA_D_1225103,0,0.0014590063,0
LA_D_1227503,0,0.00015437177,0
LA_D_1236220,0,0.0006490688,0
LA_D_1237599,0,9.5385716e-05,0
LA_D_1256292,0,7.132441e-05,0
LA_D_1270346,0,0.0003627325,0
LA_D_1270417,0,0.0013417125,0
LA_D_1280798,0,4.6266123e-05,0
LA_D_1291887,0,0.0021328554,0
LA_D_1315381,0,0.0008791127,0
LA_D_1339032,0,0.00018616735,0
LA_D_1439434,0,0.0001619939,0
LA_D_1448603,0,0.00014957046,0
LA_D_1477965,0,0.00011047046,0
LA_D_1479340,0,0.00040800832,0
LA_D_1481342,0,0.00036811468,0
LA_D_1524492,0,0.00032498874,0
LA_D_1530598,0,0.00074606313,0
LA_D_1535691,0,0.0025380705,0
LA_D_1571034,0,7.4924355e-05,0
LA_D_1589086,0,0.0011548431,0
LA_D_1683514,0,1.7298222e-05,0
LA_D_1712490,0,0.00023447338,0
LA_D_1733932,0,1.2431282e-06,0
LA_D_1771062,0,0.00016878227,0
LA_D_1804548,0,7.974779e-06,0
LA_D_1827759,0,0.001096517,0
LA_D_1834417,0,9.267344e-05,0
LA_D_1851125,0,0.00024827625,0
LA_D_1853465,0,0.00022299796,0
LA_D_1920181,0,7.762496e-05,0
LA_D_1923158,0,9.981099e-05,0
LA_D_1984046,0,8.486735e-05,0
LA_D_1987281,0,0.00023652225,0
LA_D_2001766,0,0.0013913176,0
LA_D_2028101,0,0.0004947796,0
LA_D_2058414,0,0.00029474235,0
LA_D_2062199,0,0.008053637,0
LA_D_2065118,0,0.00015840087,0
LA_D_2085717,0,0.0011198235,0
LA_D_2092113,0,0.0003186757,0
LA_D_2119647,0,0.0009092201,0
LA_D_2146561,0,0.0015301548,0
LA_D_2155785,0,0.0019205094,0
LA_D_2156294,0,0.0006319616,0
LA_D_2165573,0,0.0002601249,0
LA_D_2174474,0,0.00012026852,0
LA_D_2189477,0,0.0001622423,0
LA_D_2199197,0,0.00023693891,0
LA_D_2221985,0,0.0007137814,0
LA_D_2240941,0,0.00018539661,0
LA_D_2248830,0,0.0023275875,0
LA_D_2258297,0,0.0006204365,0
LA_D_2262952,0,0.00010531663,0
LA_D_2276174,0,0.0006171683,0
LA_D_2290215,0,0.00084924034,0
LA_D_2323323,0,0.0002736293,0
LA_D_2334671,0,0.011051197,0
LA_D_2357913,0,1.1545033e-05,0
LA_D_2363887,0,0.0014168986,0
LA_D_2379173,0,0.0030266622,0
LA_D_2423635,0,7.945359e-05,0
LA_D_2460718,0,9.3185816e-05,0
LA_D_2468069,0,0.00027184343,0
LA_D_2477292,0,0.0009037713,0
LA_D_2488744,0,6.1959916e-05,0
LA_D_2523101,0,0.000267605,0
LA_D_2541020,0,0.0003100324,0
LA_D_2541924,0,0.00024729513,0
LA_D_2555710,0,1.1047012e-05,0
LA_D_2582795,0,6.670234e-05,0
LA_D_2611575,0,1.4118025e-05,0
LA_D_2626790,0,0.00057122915,0
LA_D_2630658,0,0.001012616,0
LA_D_2636307,0,0.0011585773,0
LA_D_2640062,0,0.0006545388,0
LA_D_2652849,0,0.0010739086,0
LA_D_2678908,0,0.0011396116,0
LA_D_2684315,0,0.0012355372,0
LA_D_2695337,0,0.0029955264,0
LA_D_2701625,0,0.00023014173,0
LA_D_2713544,0,0.0011448152,0
LA_D_2715910,0,0.00067973335,0
LA_D_2720839,0,0.002387473,0
LA_D_2739363,0,0.008652215,0
LA_D_2756089,0,0.00012984622,0
LA_D_2780356,0,0.00020345763,0
LA_D_2872987,0,0.0027558003,0
LA_D_2901382,0,0.00063998054,0
LA_D_2905167,0,0.0008433046,0
LA_D_2926242,0,0.00017394887,0
LA_D_2943083,0,0.00011352434,0
LA_D_2952547,0,0.0007798742,0
LA_D_2991323,0,0.0003219684,0
LA_D_3035838,0,5.937704e-05,0
LA_D_3056980,0,0.0011487572,0
LA_D_3164600,0,0.0007658657,0
LA_D_3167097,0,0.0012939145,0
LA_D_3175070,0,8.49633e-05,0
LA_D_3188700,0,0.00020770675,0
LA_D_3238483,0,0.00048624983,0
LA_D_3245212,0,7.8076264e-05,0
LA_D_3258575,0,0.0004567598,0
LA_D_3259757,0,0.0016975218,0
LA_D_3270078,0,0.00062071066,0
LA_D_3286719,0,0.0011893422,0
LA_D_3294926,0,0.00074374117,0
LA_D_3298138,0,0.0025897424,0
LA_D_3337137,0,0.00030118984,0
LA_D_3354072,0,0.00066213426,0
LA_D_3376284,0,0.002920284,0
LA_D_3381710,0,3.6653066e-05,0
LA_D_3389487,0,0.00012366431,0
LA_D_3399382,0,6.753774e-05,0
LA_D_3421665,0,0.00035539118,0
LA_D_3451731,0,0.00060377154,0
LA_D_3453999,0,0.0028784575,0
LA_D_3462084,0,7.547141e-05,0
LA_D_3471536,0,0.0011000831,0
LA_D_3509760,0,0.0005689679,0
LA_D_3513451,0,0.00028678108,0
LA_D_3526960,0,0.00018007144,0
LA_D_3555608,0,0.0032782273,0
LA_D_3571417,0,0.0006635664,0
LA_D_3583295,0,0.00010434538,0
LA_D_3636635,0,2.0345675e-05,0
LA_D_3685242,0,0.0006920356,0
LA_D_3720534,0,0.0021427763,0
LA_D_3722091,0,0.00019246922,0
LA_D_3776262,0,0.0010776643,0
LA_D_3789337,0,7.129388e-05,0
LA_D_3804888,0,0.00093698554,0
LA_D_3813299,0,0.00011794664,0
LA_D_3857047,0,0.00024989355,0
LA_D_3868260,0,4.2388416e-05,0
LA_D_3891253,0,0.0002503039,0
LA_D_3909261,0,0.0010130979,0
LA_D_3921577,0,5.1470673e-05,0
LA_D_3945733,0,0.0013587252,0
LA_D_3957900,0,0.00013134653,0
LA_D_3983564,0,1.5361913e-05,0
LA_D_4012901,0,0.0009564087,0
LA_D_4020557,0,0.00019534456,0
LA_D_4043310,0,0.00012541738,0
LA_D_4054212,0,0.00033552825,0
LA_D_4075904,0,0.000960768,0
LA_D_4077124,0,0.00010620795,0
LA_D_4083104,0,0.00018940744,0
LA_D_4164462,0,0.00010296212,0
LA_D_4211607,0,0.00077067607,0
LA_D_4288295,0,0.00023652676,0
LA_D_4326285,0,0.000998958,0
LA_D_4349901,0,4.7438466e-06,0
LA_D_4374092,0,0.0012429891,0
LA_D_4384865,0,0.0019902939,0
LA_D_4448415,0,0.0024130624,0
LA_D_4450385,0,0.00547703,0
LA_D_4471866,0,0.0005550129,0
LA_D_4491035,0,0.00026016586,0
LA_D_4492917,0,1.3807448e-05,0
LA_D_4518306,0,0.00017583929,0
LA_D_4568137,0,0.00040903958,0
LA_D_4568479,0,0.0001260658,0
LA_D_4638852,0,0.0033044147,0
LA_D_4644231,0,0.0014255552,0
LA_D_4657828,0,0.00081217935,0
LA_D_4669566,0,0.0046231216,0
LA_D_4673983,0,0.0003870446,0
LA_D_4687925,0,0.0044004098,0
LA_D_4698873,0,0.00060454314,0
LA_D_4737548,0,0.00014123198,0
LA_D_4743198,0,0.0021956018,0
LA_D_4756592,0,0.0005637468,0
LA_D_4763639,0,0.0072839316,0
LA_D_4769876,0,0.0010695634,0
LA_D_4811715,0,0.006021224,0
LA_D_4839100,0,0.0027502496,0
LA_D_4846581,0,0.0024523188,0
LA_D_4857618,0,0.0002415488,0
LA_D_4894666,0,6.0080183e-05,0
LA_D_4899911,0,0.000348713,0
LA_D_4907586,0,0.00077344064,0
LA_D_4910423,0,0.0005608166,0
LA_D_4912447,0,0.0025319203,0
LA_D_4943344,0,8.778431e-05,0
LA_D_5125866,0,0.0018369927,0
LA_D_5125915,0,1.2273101e-05,0
LA_D_5135845,0,0.000572959,0
LA_D_5150969,0,0.00047778006,0
LA_D_5157831,0,0.0013652939,0
LA_D_5183182,0,0.00049328373,0
LA_D_5184938,0,4.5230543e-05,0
LA_D_5185211,0,0.002851635,0
LA_D_5185636,0,0.00051072746,0
LA_D_5373686,0,0.0013906845,0
LA_D_5383356,0,0.008903962,0
LA_D_5407666,0,5.8941296e-06,0
LA_D_5417349,0,0.0002920921,0
LA_D_5424569,0,0.00028980503,0
LA_D_5429318,0,0.00081953447,0
LA_D_5478942,0,5.537728e-05,0
LA_D_5491435,0,0.0007705674,0
LA_D_5550937,0,0.00023109671,0
LA_D_5552513,0,0.00010497954,0
LA_D_5553801,0,0.00016931402,0
LA_D_5582646,0,0.00018184482,0
LA_D_5599192,0,6.425793e-05,0
LA_D_5602862,0,0.01559242,0
LA_D_5632375,0,0.00018249864,0
LA_D_5644302,0,0.0004414677,0
LA_D_5654919,0,0.00037726763,0
LA_D_5660762,0,0.007671906,0
LA_D_5685501,0,0.00024099578,0
LA_D_5697877,0,0.00013738332,0
LA_D_5706460,0,0.00044969315,0
LA_D_5724074,0,0.0001394644,0
LA_D_5724578,0,0.0007596152,0
LA_D_5740428,0,0.0015406103,0
LA_D_5756708,0,0.0063763885,0
LA_D_5773268,0,0.00011344686,0
LA_D_5819674,0,9.612745e-06,0
LA_D_5869004,0,0.00047088275,0
LA_D_5875644,0,6.842208e-05,0
LA_D_5918359,0,0.0010577993,0
LA_D_5947954,0,0.0007009342,0
LA_D_5950186,0,0.00027573406,0
LA_D_5953245,0,6.1357816e-05,0
LA_D_5977899,0,0.00020334047,0
LA_D_5986355,0,2.1352222e-05,0
LA_D_6038555,0,0.0010071445,0
LA_D_6045918,0,0.0011353943,0
LA_D_6049599,0,0.00021693173,0
LA_D_6052877,0,0.0004267333,0
LA_D_6068979,0,0.0028118321,0
LA_D_6097940,0,0.002462733,0
LA_D_6102211,0,0.00038280792,0
LA_D_6115491,0,0.015641455,0
LA_D_6205878,0,0.012582816,0
LA_D_6229436,0,8.6489e-05,0
LA_D_6239095,0,8.946017e-05,0
LA_D_6276053,0,6.984205e-05,0
LA_D_6358331,0,0.001993922,0
LA_D_6395285,0,0.0015804846,0
LA_D_6417123,0,0.0008355499,0
LA_D_6418703,0,7.3268886e-05,0
LA_D_6451019,0,0.025647592,0
LA_D_6513075,0,0.0005669627,0
LA_D_6522721,0,0.003621276,0
LA_D_6530557,0,0.0007204424,0
LA_D_6564234,0,0.0006012867,0
LA_D_6606510,0,0.00011755611,0
LA_D_6618107,0,0.0001420678,0
LA_D_6622995,0,0.00015061421,0
LA_D_6642731,0,0.0008490882,0
LA_D_6644436,0,0.0015652747,0
LA_D_6689794,0,0.0014031222,0
LA_D_6707130,0,0.005744734,0
LA_D_6878658,0,0.0004864682,0
LA_D_6896770,0,1.1798869e-05,0
LA_D_6906000,0,3.3988723e-05,0
LA_D_6906145,0,0.0042453427,0
LA_D_6907717,0,0.0013841242,0
LA_D_6919695,0,0.00039087748,0
LA_D_6921894,0,0.0006758435,0
LA_D_6983042,0,0.00028748708,0
LA_D_6993529,0,5.960152e-05,0
LA_D_6994743,0,0.00026729697,0
LA_D_7031980,0,0.0018926535,0
LA_D_7037996,0,6.7599336e-05,0
LA_D_7074811,0,7.74953e-05,0
LA_D_7079132,0,0.00018669816,0
LA_D_7088960,0,0.00028377215,0
LA_D_7122033,0,0.00013607097,0
LA_D_7129140,0,0.00082551467,0
LA_D_7134776,0,3.8094968e-05,0
LA_D_7155652,0,0.0025856884,0
LA_D_7178750,0,0.00067092315,0
LA_D_7186071,0,0.0012639,0
LA_D_7193593,0,0.0005514667,0
LA_D_7237966,0,0.00036683917,0
LA_D_7256380,0,0.00019201831,0
LA_D_7295279,0,0.00032148437,0
LA_D_7297734,0,0.00039778778,0
LA_D_7343925,0,5.8555947e-06,0
LA_D_7391671,0,0.001318874,0
LA_D_7417508,0,0.0014371831,0
LA_D_7418649,0,0.0012020173,0
LA_D_7467500,0,0.00028648294,0
LA_D_7488110,0,0.0006973104,0
LA_D_7500010,0,0.0009700773,0
LA_D_7500339,0,0.0026752749,0
LA_D_7511798,0,0.0055556674,0
LA_D_7520730,0,0.00043192907,0
LA_D_7570804,0,0.0011220531,0
LA_D_7602591,0,0.00010637326,0
LA_D_7657866,0,0.0008350011,0
LA_D_7684671,0,0.009527397,0
LA_D_7691905,0,0.00033742888,0
LA_D_7694898,0,0.0014703759,0
LA_D_7695245,0,8.4714695e-05,0
LA_D_7696325,0,0.000132994,0
LA_D_7697979,0,0.0024107848,0
LA_D_7698904,0,7.085935e-05,0
LA_D_7714709,0,0.0023594182,0
LA_D_7735407,0,0.00039145493,0
LA_D_7741103,0,1.0693949e-05,0
LA_D_7756924,0,0.0009588435,0
LA_D_7775202,0,4.453279e-05,0
LA_D_7859058,0,0.00057529536,0
LA_D_7861316,0,0.00084402325,0
LA_D_7869040,0,1.3006496e-05,0
LA_D_7874416,0,0.0010633812,0
LA_D_7885495,0,0.0001431666,0
LA_D_7893523,0,0.008314001,0
LA_D_7913083,0,0.0007675217,0
LA_D_7916461,0,1.3064252e-05,0
LA_D_7951172,0,0.0009089053,0
LA_D_7976262,0,1.311262e-05,0
LA_D_8054775,0,0.000840345,0
LA_D_8062490,0,0.00025303208,0
LA_D_8085552,0,0.00024699702,0
LA_D_8113811,0,4.3561544e-05,0
LA_D_8115950,0,0.0014920059,0
LA_D_8122305,0,0.000967225,0
LA_D_8151925,0,1.3416686e-05,0
LA_D_8177955,0,2.6607766e-05,0
LA_D_8182521,0,0.00034247426,0
LA_D_8226216,0,0.0003459022,0
LA_D_8241089,0,3.350752e-05,0
LA_D_8247445,0,0.0009329342,0
LA_D_8252463,0,2.7957249e-05,0
LA_D_8321086,0,9.811241e-05,0
LA_D_8337491,0,0.0010971654,0
LA_D_8369078,0,0.00029386356,0
LA_D_8392069,0,0.00013506821,0
LA_D_8424077,0,1.6192955e-05,0
LA_D_8425122,0,4.6514924e-05,0
LA_D_8488579,0,0.00017346704,0
LA_D_8536703,0,0.0015248946,0
LA_D_8580767,0,0.000962483,0
LA_D_8585377,0,0.00019701249,0
LA_D_8599073,0,0.00016745958,0
LA_D_8621180,0,5.489827e-05,0
LA_D_8647244,0,0.0005593555,0
LA_D_8648380,0,0.001717679,0
LA_D_8688194,0,7.9047764e-05,0
LA_D_8752297,0,0.00021931445,0
LA_D_8756258,0,0.00050128874,0
LA_D_8767891,0,0.00020971504,0
LA_D_8773807,0,0.00013607097,0
LA_D_8841902,0,0.00026009887,0
LA_D_8872215,0,0.00016762796,0
LA_D_8880907,0,0.0012796134,0
LA_D_8909743,0,0.0010329353,0
LA_D_8933929,0,4.357601e-05,0
LA_D_8941450,0,5.160273e-05,0
LA_D_8953865,0,0.00037461272,0
LA_D_8972643,0,0.0006493847,0
LA_D_8976301,0,0.0005093618,0
LA_D_9015599,0,0.00028822533,0
LA_D_9048728,0,1.1953758e-06,0
LA_D_9063449,0,0.0015679919,0
LA_D_9073257,0,8.629565e-05,0
LA_D_9094987,0,0.00034636882,0
LA_D_9165968,0,0.00012047294,0
LA_D_9178120,0,0.00034281332,0
LA_D_9204853,0,0.0003072895,0
LA_D_9221421,0,0.0012689099,0
LA_D_9224553,0,0.0028866807,0
LA_D_9256084,0,0.003222264,0
LA_D_9265055,0,0.0008303258,0
LA_D_9270193,0,0.00034007736,0
LA_D_9288062,0,0.0006414724,0
LA_D_9306263,0,2.704301e-05,0
LA_D_9308998,0,0.0017847294,0
LA_D_9345040,0,0.00054514955,0
LA_D_9351534,0,0.0016451823,0
LA_D_9360638,0,0.0012292822,0
LA_D_9455176,0,0.00033515197,0
LA_D_9465852,0,0.00021669544,0
LA_D_9493396,0,0.0011815038,0
LA_D_9501828,0,0.0024416742,0
LA_D_9505222,0,0.0006244013,0
LA_D_9516346,0,0.0025578302,0
LA_D_9531069,0,0.0005786295,0
LA_D_9561723,0,0.0010560286,0
LA_D_9562925,0,4.545609e-05,0
LA_D_9584720,0,0.00021890897,0
LA_D_9603877,0,0.00053836807,0
LA_D_9624479,0,0.00029851607,0
LA_D_9629615,0,0.00019047016,0
LA_D_9643315,0,0.00045371221,0
LA_D_9674554,0,0.00033595972,0
LA_D_9698557,0,0.00014719508,0
LA_D_9700502,0,0.0003345046,0
LA_D_9724716,0,1.6928823e-05,0
LA_D_9738955,0,0.000642764,0
LA_D_9773491,0,0.000106822765,0
LA_D_9825433,0,0.00031973753,0
LA_D_9845428,0,0.00050997344,0
LA_D_9882045,0,0.0002014247,0
LA_D_9883728,0,8.0038066e-05,0
LA_D_9925097,0,0.0018889543,0
LA_D_9934925,0,0.0012073698,0
LA_D_9962471,0,0.0015415164,0
LA_D_9964695,0,0.0003003548,0
LA_D_1000752,0,0.12783858,0
LA_D_1011897,0,0.00094789173,0
LA_D_1031999,0,0.0010534363,0
LA_D_1046296,0,0.0029476658,0
LA_D_1054756,0,0.00021779929,0
LA_D_1081164,0,0.016357765,0
LA_D_1123453,0,0.0013564148,0
LA_D_1171425,0,0.00033483165,0
LA_D_1179445,0,5.5997752e-05,0
LA_D_1244678,0,0.0001744916,0
LA_D_1271468,0,0.00032942675,0
LA_D_1279578,0,0.004260884,0
LA_D_1314423,0,0.4433959,0
LA_D_1369463,0,0.00047497064,0
LA_D_1417565,0,0.00030967817,0
LA_D_1454955,0,0.0001263797,0
LA_D_1472719,0,0.002900797,0
LA_D_1495339,0,0.00052977505,0
LA_D_1518141,0,0.0074906675,0
LA_D_1527843,0,0.00029474124,0
LA_D_1531229,0,0.00050917885,0
LA_D_1540639,0,0.00045601325,0
LA_D_1590758,0,0.0008322646,0
LA_D_1600157,0,0.002741509,0
LA_D_1607304,0,0.00024590673,0
LA_D_1629379,0,0.00091375527,0
LA_D_1674536,0,0.00057744805,0
LA_D_1685139,0,0.00024137912,0
LA_D_1723129,0,7.6186147e-06,0
LA_D_1728557,0,1.1842687e-05,0
LA_D_1759608,0,0.00030169965,0
LA_D_1798555,0,4.3921784e-05,0
LA_D_1812724,0,0.00049923826,0
LA_D_1828356,0,0.0022972266,0
LA_D_1840120,0,0.00030028206,0
LA_D_1847944,0,0.0012850962,0
LA_D_1848349,0,0.00046769678,0
LA_D_1893786,0,0.0008310022,0
LA_D_1900218,0,0.00031788342,0
LA_D_1907731,0,0.00058378046,0
LA_D_1909708,0,0.00076430367,0
LA_D_1924724,0,0.0023599593,0
LA_D_1929031,0,5.7411897e-05,0
LA_D_1969657,0,6.869844e-05,0
LA_D_1975824,0,0.0025980202,0
LA_D_1977942,0,0.002096167,0
LA_D_2079731,0,0.00032438448,0
LA_D_2103518,0,0.0043300916,0
LA_D_2120805,0,0.00012550806,0
LA_D_2130196,0,3.690366e-05,0
LA_D_2184798,0,0.0002018546,0
LA_D_2188353,0,6.661373e-05,0
LA_D_2217221,0,0.002173188,0
LA_D_2225574,0,0.00029807579,0
LA_D_2293379,0,3.1307427e-05,0
LA_D_2295230,0,0.0040545035,0
LA_D_2357497,0,0.0033793962,0
LA_D_2369549,0,0.00033154528,0
LA_D_2414625,0,0.0011125539,0
LA_D_2427111,0,0.0007872888,0
LA_D_2432615,0,0.007553701,0
LA_D_2433056,0,0.0012179102,0
LA_D_2499680,0,0.00024853012,0
LA_D_2504571,0,0.0002275991,0
LA_D_2541236,0,0.0011537612,0
LA_D_2628460,0,0.06027349,0
LA_D_2628819,0,0.0005115943,0
LA_D_2636579,0,0.00079888065,0
LA_D_2657707,0,0.0002116134,0
LA_D_2660514,0,0.0029747554,0
LA_D_2722401,0,0.00024257675,0
LA_D_2810734,0,0.0002465086,0
LA_D_2816308,0,0.25427154,0
LA_D_2850456,0,3.8956183e-05,0
LA_D_2859709,0,0.004079046,0
LA_D_2867530,0,0.29670033,0
LA_D_2882773,0,0.0003127765,0
LA_D_2885606,0,0.00050160417,0
LA_D_2921952,0,0.002006904,0
LA_D_2950326,0,0.020285264,0
LA_D_2971299,0,0.00070802856,0
LA_D_2981561,0,0.00086880923,0
LA_D_2981790,0,0.0034489625,0
LA_D_3014327,0,0.0011839733,0
LA_D_3057414,0,0.00042344816,0
LA_D_3077475,0,0.0001913459,0
LA_D_3087310,0,0.0001271138,0
LA_D_3101861,0,0.0007524384,0
LA_D_3118362,0,0.006118654,0
LA_D_3189890,0,6.3261825e-05,0
LA_D_3230643,0,0.00046281947,0
LA_D_3269593,0,0.0008777593,0
LA_D_3312747,0,0.00012976538,0
LA_D_3377038,0,0.022544615,0
LA_D_3399798,0,0.00033491786,0
LA_D_3441226,0,0.97460157,1
LA_D_3496584,0,0.00016649268,0
LA_D_3547584,0,0.00066958717,0
LA_D_3569855,0,0.00019993795,0
LA_D_3588628,0,0.004355344,0
LA_D_3634368,0,0.15273127,0
LA_D_3642434,0,0.0017826885,0
LA_D_3662875,0,0.00019099738,0
LA_D_3721304,0,0.00011474293,0
LA_D_3736436,0,0.0003898872,0
LA_D_3742795,0,0.00089051604,0
LA_D_3743022,0,0.047282714,0
LA_D_3753747,0,0.00034734595,0
LA_D_3775667,0,0.00056212244,0
LA_D_3780562,0,0.0013149757,0
LA_D_3783520,0,0.00021270695,0
LA_D_3785236,0,0.00010800269,0
LA_D_3803714,0,0.0036458934,0
LA_D_3991844,0,0.00047085743,0
LA_D_4015488,0,0.0002982435,0
LA_D_4039179,0,0.00014691883,0
LA_D_4073939,0,0.040427525,0
LA_D_4119404,0,0.0014451836,0
LA_D_4121278,0,0.00021443151,0
LA_D_4131978,0,0.00038507592,0
LA_D_4132005,0,0.00065889023,0
LA_D_4181484,0,0.00019419611,0
LA_D_4239546,0,0.0015434589,0
LA_D_4243835,0,0.00015022939,0
LA_D_4396214,0,8.306695e-05,0
LA_D_4397064,0,0.003291163,0
LA_D_4458062,0,0.0008128626,0
LA_D_4474720,0,0.0025666493,0
LA_D_4491910,0,0.046542894,0
LA_D_4509357,0,0.00012371103,0
LA_D_4538751,0,0.006701536,0
LA_D_4562819,0,8.9847534e-05,0
LA_D_4580639,0,0.00022415206,0
LA_D_4599790,0,0.0122062005,0
LA_D_4694886,0,0.00022031333,0
LA_D_4699456,0,0.0024715732,0
LA_D_4754875,0,9.8046665e-05,0
LA_D_4801414,0,0.0020633158,0
LA_D_4835906,0,0.00065388414,0
LA_D_4871506,0,0.0018318769,0
LA_D_4872589,0,0.0010613854,0
LA_D_4887466,0,0.0005055206,0
LA_D_4924355,0,0.0007139569,0
LA_D_4925465,0,0.00052372704,0
LA_D_4929440,0,4.8594044e-05,0
LA_D_4935985,0,0.0010281997,0
LA_D_4940984,0,0.029447678,0
LA_D_4953037,0,8.357522e-05,0
LA_D_4978565,0,7.920652e-05,0
LA_D_5012472,0,0.0077535706,0
LA_D_5042622,0,0.00022578651,0
LA_D_5148813,0,0.00085726613,0
LA_D_5194683,0,0.00039740818,0
LA_D_5203690,0,0.00065524183,0
LA_D_5238810,0,0.00015201984,0
LA_D_5287056,0,0.00029588433,0
LA_D_5308866,0,0.008097716,0
LA_D_5323426,0,0.0008105997,0
LA_D_5330909,0,0.00070158206,0
LA_D_5380020,0,0.000107671265,0
LA_D_5442160,0,3.9786173e-05,0
LA_D_5450980,0,4.137081e-05,0
LA_D_5474605,0,0.0028710738,0
LA_D_5514689,0,0.00024989093,0
LA_D_5542976,0,0.0020612942,0
LA_D_5561180,0,9.2205984e-05,0
LA_D_5579170,0,0.00032300508,0
LA_D_5626492,0,0.03611417,0
LA_D_5644446,0,2.1840477e-05,0
LA_D_5690727,0,0.00094373344,0
LA_D_5693207,0,0.0006627495,0
LA_D_5700704,0,0.0003947662,0
LA_D_5717327,0,0.05038293,0
LA_D_5755194,0,0.0015359502,0
LA_D_5767805,0,0.00019367725,0
LA_D_5788523,0,0.00034043402,0
LA_D_5806432,0,0.002848223,0
LA_D_5859057,0,0.0001308928,0
LA_D_5863762,0,6.693861e-05,0
LA_D_5871402,0,0.00016188333,0
LA_D_5873604,0,0.0015060891,0
LA_D_5897761,0,0.00017998405,0
LA_D_5918498,0,9.407716e-05,0
LA_D_5932598,0,9.459576e-05,0
LA_D_5934154,0,0.0001939722,0
LA_D_5960511,0,0.00121092,0
LA_D_5961603,0,0.00039874756,0
LA_D_5974456,0,0.38140973,0
LA_D_5996371,0,8.698768e-05,0
LA_D_6073207,0,0.00018330854,0
LA_D_6097564,0,0.0010968936,0
LA_D_6099244,0,0.00024916313,0
LA_D_6198361,0,0.0003358246,0
LA_D_6246382,0,0.0054203486,0
LA_D_6252373,0,0.00015465493,0
LA_D_6271997,0,0.000383334,0
LA_D_6346227,0,0.00013972184,0
LA_D_6367384,0,0.006008071,0
LA_D_6373288,0,0.0004089815,0
LA_D_6407830,0,3.4945882e-05,0
LA_D_6472939,0,0.00015745082,0
LA_D_6516575,0,0.6342271,1
LA_D_6516814,0,0.00066796667,0
LA_D_6520063,0,0.0022701167,0
LA_D_6568228,0,0.00035590027,0
LA_D_6575380,0,0.00019282133,0
LA_D_6612646,0,0.001068838,0
LA_D_6626918,0,9.6905234e-05,0
LA_D_6694820,0,6.740172e-05,0
LA_D_6717975,0,0.00022661255,0
LA_D_6738889,0,0.00081579504,0
LA_D_6766548,0,0.0028285,0
LA_D_6830608,0,0.6277086,1
LA_D_6936838,0,6.931537e-05,0
LA_D_6971712,0,8.282712e-05,0
LA_D_6979806,0,0.00014000325,0
LA_D_7031958,0,0.0014375623,0
LA_D_7063977,0,0.00010908305,0
LA_D_7127082,0,0.001289402,0
LA_D_7130895,0,0.017900135,0
LA_D_7133142,0,0.0005401887,0
LA_D_7219088,0,2.708309e-06,0
LA_D_7246488,0,0.00018026092,0
LA_D_7284760,0,0.00014603084,0
LA_D_7330298,0,4.853254e-05,0
LA_D_7342764,0,7.097079e-05,0
LA_D_7419811,0,1.5252968e-05,0
LA_D_7427303,0,0.5950454,1
LA_D_7429028,0,2.1147262e-05,0
LA_D_7438016,0,0.011868427,0
LA_D_7477006,0,0.0015113256,0
LA_D_7511640,0,6.438994e-05,0
LA_D_7551987,0,0.0020570338,0
LA_D_7608750,0,0.00015139044,0
LA_D_7608776,0,8.586115e-06,0
LA_D_7630499,0,0.00012493254,0
LA_D_7643950,0,8.611963e-06,0
LA_D_7724545,0,0.00013273656,0
LA_D_7740262,0,0.00020200133,0
LA_D_7772989,0,0.00298578,0
LA_D_7813614,0,0.00012898387,0
LA_D_7862876,0,0.0012187161,0
LA_D_7866293,0,0.00028740594,0
LA_D_7922604,0,0.765697,1
LA_D_7962163,0,0.0010111496,0
LA_D_7984251,0,0.34566608,0
LA_D_7986044,0,0.00034247554,0
LA_D_7992518,0,0.0012214908,0
LA_D_8063205,0,0.0029704254,0
LA_D_8113228,0,0.0010323599,0
LA_D_8169185,0,0.003337865,0
LA_D_8169310,0,0.0020472684,0
LA_D_8205041,0,0.0013604622,0
LA_D_8234296,0,0.004924912,0
LA_D_8249434,0,0.00042550292,0
LA_D_8270568,0,7.0912814e-05,0
LA_D_8285541,0,0.0025767402,0
LA_D_8310930,0,0.007314724,0
LA_D_8322404,0,2.9330553e-05,0
LA_D_8338331,0,4.398134e-06,0
LA_D_8381871,0,0.0002452675,0
LA_D_8400810,0,0.023034591,0
LA_D_8438420,0,0.00044370815,0
LA_D_8468186,0,0.0032858737,0
LA_D_8482937,0,0.0005597827,0
LA_D_8558362,0,0.015946597,0
LA_D_8572188,0,0.8039582,1
LA_D_8582702,0,0.0016972779,0
LA_D_8632409,0,0.00024375334,0
LA_D_8655539,0,0.0014602363,0
LA_D_8713797,0,0.00046763773,0
LA_D_8735190,0,0.00018316823,0
LA_D_8758676,0,0.0001321367,0
LA_D_8770785,0,0.00025398296,0
LA_D_8821382,0,0.00011883148,0
LA_D_8829502,0,0.019386398,0
LA_D_8939040,0,0.0021773663,0
LA_D_8957132,0,0.000110036985,0
LA_D_9012367,0,0.00090398715,0
LA_D_9050106,0,0.00014700137,0
LA_D_9053096,0,0.0031138107,0
LA_D_9092413,0,9.888034e-05,0
LA_D_9096116,0,0.01956772,0
LA_D_9161942,0,5.1036946e-05,0
LA_D_9178575,0,0.002709321,0
LA_D_9180824,0,0.00054798805,0
LA_D_9287624,0,9.126474e-05,0
LA_D_9314868,0,8.641572e-05,0
LA_D_9327657,0,0.13995916,0
LA_D_9335121,0,0.0007485871,0
LA_D_9347638,0,0.0009594526,0
LA_D_9351516,0,0.000929303,0
LA_D_9478492,0,0.00026747567,0
LA_D_9482946,0,0.0031698463,0
LA_D_9493572,0,8.921406e-05,0
LA_D_9643882,0,0.00052327494,0
LA_D_9693082,0,0.00018499681,0
LA_D_9709000,0,0.0006102936,0
LA_D_9716462,0,8.486896e-05,0
LA_D_9717176,0,2.5086852e-05,0
LA_D_9728878,0,0.006386239,0
LA_D_9793079,0,3.851681e-05,0
LA_D_9883916,0,0.05278047,0
LA_D_9888091,0,0.0002565885,0
LA_D_9896820,0,0.00032120926,0
LA_D_9949656,0,3.947096e-05,0
LA_D_9980947,0,0.0014065953,0
LA_D_9998252,0,0.000523602,0
LA_D_1034187,0,0.39536193,0
LA_D_1051251,0,0.017645622,0
LA_D_1083207,0,0.005614696,0
LA_D_1107420,0,0.0034399277,0
LA_D_1163800,0,0.030810146,0
LA_D_1207603,0,0.00010801433,0
LA_D_1215066,0,0.0005191319,0
LA_D_1249171,0,0.015694601,0
LA_D_1266569,0,0.011447154,0
LA_D_1276848,0,0.001719784,0
LA_D_1295900,0,0.005388658,0
LA_D_1298452,0,0.08236625,0
LA_D_1325774,0,0.041755196,0
LA_D_1339898,0,0.00031676682,0
LA_D_1381098,0,0.004258433,0
LA_D_1399230,0,0.017506333,0
LA_D_1415071,0,0.010703428,0
LA_D_1522979,0,0.0020928285,0
LA_D_1533885,0,0.8172278,1
LA_D_1533909,0,0.02877707,0
LA_D_1553275,0,0.04183175,0
LA_D_1568415,0,0.0705167,0
LA_D_1588199,0,0.0019031795,0
LA_D_1647258,0,0.0023316615,0
LA_D_1679200,0,0.0049534235,0
LA_D_1687320,0,0.0013548894,0
LA_D_1722394,0,0.3291172,0
LA_D_1753198,0,0.023390615,0
LA_D_1757233,0,0.0043211007,0
LA_D_1819222,0,0.019409463,0
LA_D_1853874,0,0.00062270515,0
LA_D_1865483,0,0.29140347,0
LA_D_1866359,0,0.035804335,0
LA_D_1891505,0,0.0029582276,0
LA_D_1973577,0,0.0020890834,0
LA_D_1989804,0,0.008625206,0
LA_D_2017659,0,0.8621774,1
LA_D_2041233,0,3.1377785e-05,0
LA_D_2075139,0,0.009201608,0
LA_D_2076743,0,0.082196124,0
LA_D_2081509,0,0.011501587,0
LA_D_2139624,0,8.300471e-05,0
LA_D_2192294,0,0.11138981,0
LA_D_2211287,0,0.0033061297,0
LA_D_2212252,0,0.00211722,0
LA_D_2220021,0,0.01144852,0
LA_D_2256162,0,0.0022053376,0
LA_D_2287208,0,0.053916518,0
LA_D_2293278,0,0.0019349387,0
LA_D_2299711,0,0.083067395,0
LA_D_2352772,0,0.00070756004,0
LA_D_2375510,0,0.007820905,0
LA_D_2378498,0,0.0008597063,0
LA_D_2391042,0,0.0008875613,0
LA_D_2405981,0,0.01573985,0
LA_D_2434311,0,0.0138473855,0
LA_D_2462147,0,0.07798322,0
LA_D_2509933,0,0.09883373,0
LA_D_2548377,0,0.046439607,0
LA_D_2571407,0,0.0029080028,0
LA_D_2578678,0,0.0042978204,0
LA_D_2582183,0,0.0043768683,0
LA_D_2588535,0,0.13832194,0
LA_D_2605084,0,0.08292996,0
LA_D_2623706,0,0.9656063,1
LA_D_2626792,0,0.023263413,0
LA_D_2648600,0,0.017278958,0
LA_D_2650745,0,0.0017138475,0
LA_D_2651974,0,0.013209228,0
LA_D_2667973,0,0.020715706,0
LA_D_2678873,0,0.02388981,0
LA_D_2679440,0,0.01122074,0
LA_D_2692975,0,0.0071932157,0
LA_D_2726583,0,0.002271412,0
LA_D_2727449,0,0.0008764113,0
LA_D_2742354,0,0.014478778,0
LA_D_2759665,0,2.2187389e-05,0
LA_D_2765207,0,0.00072122965,0
LA_D_2818072,0,0.053345174,0
LA_D_2844576,0,0.0038617232,0
LA_D_2875086,0,0.0052345465,0
LA_D_2887795,0,0.0060405987,0
LA_D_2929419,0,0.013337949,0
LA_D_2936311,0,0.17443888,0
LA_D_2943838,0,0.00015463297,0
LA_D_2959188,0,0.14245775,0
LA_D_2970993,0,0.6135863,1
LA_D_2984009,0,0.0057544983,0
LA_D_2998440,0,0.00042671783,0
LA_D_3003086,0,0.0040108417,0
LA_D_3020494,0,0.0004711391,0
LA_D_3036353,0,0.05255501,0
LA_D_3089136,0,0.6729627,1
LA_D_3128305,0,0.4391458,0
LA_D_3143433,0,0.013339148,0
LA_D_3301789,0,0.00017054738,0
LA_D_3307272,0,0.014163722,0
LA_D_3355462,0,0.075424604,0
LA_D_3391776,0,0.0049425303,0
LA_D_3420026,0,0.00091368344,0
LA_D_3440170,0,0.0055330573,0
LA_D_3449640,0,0.0033262828,0
LA_D_3468544,0,0.02198456,0
LA_D_3490330,0,0.030184574,0
LA_D_3512693,0,0.00029513854,0
LA_D_3605545,0,0.0017075773,0
LA_D_3611882,0,0.005677206,0
LA_D_3616666,0,0.0025107374,0
LA_D_3624723,0,0.0064802486,0
LA_D_3648882,0,0.0052090394,0
LA_D_3656689,0,0.00028386334,0
LA_D_3663936,0,0.3271585,0
LA_D_3673853,0,0.0012830837,0
LA_D_3673912,0,0.0025014395,0
LA_D_3690958,0,0.009088803,0
LA_D_3703786,0,1.35096425e-05,0
LA_D_3736756,0,0.045864053,0
LA_D_3747521,0,0.014857011,0
LA_D_3758762,0,0.010882461,0
LA_D_3759938,0,0.0014655134,0
LA_D_3792822,0,0.037822917,0
LA_D_3903108,0,0.03837561,0
LA_D_3905736,0,0.0042321184,0
LA_D_3954480,0,0.016424527,0
LA_D_4025022,0,0.020680381,0
LA_D_4053532,0,0.00691305,0
LA_D_4061958,0,0.0009784003,0
LA_D_4071634,0,0.006157595,0
LA_D_4100744,0,0.013215843,0
LA_D_4168975,0,0.01259728,0
LA_D_4169964,0,0.0019898508,0
LA_D_4194978,0,0.006847451,0
LA_D_4207969,0,0.23371924,0
LA_D_4222295,0,0.00010940953,0
LA_D_4223747,0,0.22988743,0
LA_D_4225288,0,0.20231482,0
LA_D_4228834,0,0.00827816,0
LA_D_4237630,0,0.0073359236,0
LA_D_4250751,0,0.008140983,0
LA_D_4309364,0,0.003442209,0
LA_D_4319399,0,0.0012090103,0
LA_D_4392265,0,0.008243915,0
LA_D_4407621,0,0.009895014,0
LA_D_4451070,0,0.0082769785,0
LA_D_4453435,0,0.021397905,0
LA_D_4463629,0,0.016466206,0
LA_D_4468314,0,0.0022297269,0
LA_D_4469593,0,0.006704266,0
LA_D_4502659,0,0.043590635,0
LA_D_4505651,0,0.033442985,0
LA_D_4535371,0,0.006400494,0
LA_D_4540421,0,0.03657991,0
LA_D_4565179,0,0.012314366,0
LA_D_4583644,0,1.3497795e-05,0
LA_D_4593608,0,0.006522521,0
LA_D_4609361,0,0.00037082343,0
LA_D_4620216,0,0.001421971,0
LA_D_4667765,0,0.0052597797,0
LA_D_4679758,0,0.029104868,0
LA_D_4698819,0,0.2765599,0
LA_D_4699141,0,0.018191235,0
LA_D_4703715,0,0.5628324,1
LA_D_4726778,0,0.0060367575,0
LA_D_4736704,0,0.006068105,0
LA_D_4779224,0,0.17986915,0
LA_D_4819731,0,0.012475528,0
LA_D_4822459,0,0.00072075974,0
LA_D_4828676,0,0.010604114,0
LA_D_4843932,0,0.0010030012,0
LA_D_4845444,0,0.0026587963,0
LA_D_4847009,0,0.004748164,0
LA_D_4866266,0,0.0054500527,0
LA_D_4872241,0,0.0091009345,0
LA_D_4875383,0,0.1731983,0
LA_D_4903487,0,0.018225169,0
LA_D_4907373,0,0.013354488,0
LA_D_4907991,0,0.07267427,0
LA_D_4919412,0,0.012155802,0
LA_D_4925724,0,0.0081506455,0
LA_D_4947976,0,0.012181698,0
LA_D_4984564,0,0.004883834,0
LA_D_5036568,0,0.054324847,0
LA_D_5041677,0,0.005524468,0
LA_D_5107987,0,0.006314544,0
LA_D_5127108,0,0.48794046,0
LA_D_5183585,0,0.0037629372,0
LA_D_5199254,0,0.0023243676,0
LA_D_5220536,0,0.24802582,0
LA_D_5246117,0,0.006896701,0
LA_D_5298685,0,0.005711242,0
LA_D_5302589,0,0.114196375,0
LA_D_5311142,0,0.0057590175,0
LA_D_5312735,0,0.028253684,0
LA_D_5350698,0,0.0005733521,0
LA_D_5395655,0,0.01788336,0
LA_D_5422427,0,0.09971901,0
LA_D_5428671,0,0.012779969,0
LA_D_5508105,0,0.040334575,0
LA_D_5527964,0,0.0087139215,0
LA_D_5531351,0,0.018485596,0
LA_D_5643160,0,0.43099236,0
LA_D_5652696,0,0.036236808,0
LA_D_5676887,0,0.0032530278,0
LA_D_5703244,0,0.025715278,0
LA_D_5849020,0,0.00081832765,0
LA_D_5856680,0,0.0020468147,0
LA_D_5891882,0,0.0053258007,0
LA_D_5901688,0,0.73688614,1
LA_D_5954393,0,0.00016668964,0
LA_D_5975126,0,0.00010637093,0
LA_D_5988160,0,0.005257864,0
LA_D_5998276,0,0.021846257,0
LA_D_6021802,0,0.0068633845,0
LA_D_6028588,0,0.059276063,0
LA_D_6035174,0,0.000986887,0
LA_D_6049417,0,0.020247135,0
LA_D_6064017,0,0.00054063345,0
LA_D_6064137,0,0.011237787,0
LA_D_6065588,0,0.0011006629,0
LA_D_6085907,0,0.0070189172,0
LA_D_6088419,0,0.008713719,0
LA_D_6088722,0,0.057819925,0
LA_D_6129434,0,0.00026921157,0
LA_D_6132418,0,0.0012881438,0
LA_D_6137020,0,0.0035700123,0
LA_D_6161657,0,0.0005172626,0
LA_D_6165122,0,0.111981876,0
LA_D_6191538,0,0.86503774,1
LA_D_6197749,0,0.0012773374,0
LA_D_6202014,0,0.000109544926,0
LA_D_6215628,0,0.0009943263,0
LA_D_6239988,0,0.011863732,0
LA_D_6274651,0,0.06667783,0
LA_D_6307332,0,0.005682277,0
LA_D_6320723,0,0.0018807013,0
LA_D_6341295,0,0.021024339,0
LA_D_6349595,0,0.00025938268,0
LA_D_6349615,0,0.000996135,0
LA_D_6373250,0,0.026588928,0
LA_D_6392761,0,0.00012805666,0
LA_D_6401070,0,0.12160547,0
LA_D_6447915,0,0.02381603,0
LA_D_6470710,0,0.012118736,0
LA_D_6517297,0,0.13406707,0
LA_D_6518612,0,0.16642308,0
LA_D_6563560,0,0.004812545,0
LA_D_6588338,0,0.004352921,0
LA_D_6596195,0,0.0014546986,0
LA_D_6626302,0,0.01608593,0
LA_D_6647418,0,0.0050945007,0
LA_D_6647671,0,0.0010096023,0
LA_D_6687518,0,0.0068012993,0
LA_D_6689676,0,0.030373737,0
LA_D_6694291,0,0.0027794838,0
LA_D_6709679,0,0.011997252,0
LA_D_6748831,0,0.009767222,0
LA_D_6754842,0,0.064970106,0
LA_D_6767175,0,0.0029580377,0
LA_D_6773210,0,1.0215353e-05,0
LA_D_6800111,0,0.013608009,0
LA_D_6805968,0,0.022180267,0
LA_D_6840802,0,0.0034756234,0
LA_D_6863099,0,0.3835292,0
LA_D_6895001,0,0.0117636,0
LA_D_6939321,0,0.0019593262,0
LA_D_6943350,0,0.00910687,0
LA_D_6949242,0,0.0063943625,0
LA_D_6954032,0,0.016655127,0
LA_D_6970271,0,0.037782557,0
LA_D_7010965,0,0.092507906,0
LA_D_7017874,0,0.9563435,1
LA_D_7018861,0,0.013845888,0
LA_D_7022063,0,0.1809015,0
LA_D_7069093,0,0.0013117709,0
LA_D_7074281,0,0.009710192,0
LA_D_7093931,0,0.074188605,0
LA_D_7094975,0,0.006074118,0
LA_D_7110354,0,0.00011666476,0
LA_D_7128095,0,0.022323158,0
LA_D_7236544,0,0.0065814145,0
LA_D_7295286,0,0.011826081,0
LA_D_7296086,0,0.7837473,1
LA_D_7314692,0,0.0033242125,0
LA_D_7328082,0,0.0006458357,0
LA_D_7353135,0,0.00077517494,0
LA_D_7373087,0,0.0012860262,0
LA_D_7381015,0,0.028362932,0
LA_D_7383339,0,0.00042004092,0
LA_D_7392284,0,0.0077018756,0
LA_D_7393784,0,0.010415109,0
LA_D_7419068,0,0.14476253,0
LA_D_7422452,0,0.0035386446,0
LA_D_7465949,0,0.0013053891,0
LA_D_7468068,0,0.45229205,0
LA_D_7469185,0,0.030953897,0
LA_D_7486262,0,0.0050755325,0
LA_D_7502627,0,0.012063504,0
LA_D_7529130,0,0.0026529005,0
LA_D_7591714,0,0.008861298,0
LA_D_7603396,0,0.0009330822,0
LA_D_7606763,0,0.00011506211,0
LA_D_7649168,0,0.024435807,0
LA_D_7653225,0,0.1443767,0
LA_D_7657209,0,0.0003947073,0
LA_D_7663030,0,0.0019900857,0
LA_D_7694906,0,0.017162763,0
LA_D_7695226,0,0.0010489529,0
LA_D_7712668,0,0.5648618,1
LA_D_7718596,0,0.009781835,0
LA_D_7760227,0,0.0023386513,0
LA_D_7813544,0,0.0049323207,0
LA_D_7870101,0,0.0014117238,0
LA_D_7875076,0,0.25880903,0
LA_D_7878211,0,0.060540095,0
LA_D_7916377,0,0.0100898435,0
LA_D_7929797,0,0.0016485103,0
LA_D_7973563,0,0.0048639583,0
LA_D_7974256,0,0.0021689497,0
LA_D_7992459,0,0.026266811,0
LA_D_8081020,0,0.020245722,0
LA_D_8083619,0,0.007314613,0
LA_D_8085936,0,0.014242817,0
LA_D_8100445,0,0.013034893,0
LA_D_8106714,0,0.002365818,0
LA_D_8120088,0,0.0074918973,0
LA_D_8123158,0,0.0012975575,0
LA_D_8128864,0,2.3794091e-05,0
LA_D_8150974,0,0.0004562085,0
LA_D_8158595,0,0.0007419555,0
LA_D_8166014,0,0.8275908,1
LA_D_8171872,0,0.004266427,0
LA_D_8174961,0,0.00019668872,0
LA_D_8190422,0,0.068249665,0
LA_D_8196432,0,0.72792566,1
LA_D_8212949,0,0.0027969636,0
LA_D_8222349,0,0.007945466,0
LA_D_8243403,0,0.009731334,0
LA_D_8244013,0,0.026514778,0
LA_D_8258956,0,0.005776671,0
LA_D_8289914,0,6.6594104e-05,0
LA_D_8307153,0,0.035472695,0
LA_D_8337935,0,0.009117234,0
LA_D_8339762,0,0.022332845,0
LA_D_8376975,0,0.014920444,0
LA_D_8433871,0,0.02174661,0
LA_D_8443980,0,0.0010694227,0
LA_D_8468320,0,0.21060538,0
LA_D_8487885,0,0.00094528537,0
LA_D_8493947,0,0.058426984,0
LA_D_8572488,0,0.07122662,0
LA_D_8603311,0,0.0030181743,0
LA_D_8619361,0,0.0019146457,0
LA_D_8632004,0,0.12747592,0
LA_D_8638456,0,0.09308024,0
LA_D_8663420,0,0.00077742187,0
LA_D_8687308,0,0.034144163,0
LA_D_8699572,0,0.017797252,0
LA_D_8701065,0,0.01519577,0
LA_D_8713273,0,0.010926516,0
LA_D_8746442,0,0.124025874,0
LA_D_8751654,0,0.024844756,0
LA_D_8778868,0,0.014701029,0
LA_D_8780238,0,0.005503081,0
LA_D_8783152,0,0.0012986573,0
LA_D_8791958,0,0.019488186,0
LA_D_8846461,0,0.028133906,0
LA_D_8982257,0,0.1611829,0
LA_D_9015720,0,0.24851641,0
LA_D_9024122,0,0.0027313095,0
LA_D_9046194,0,0.07923932,0
LA_D_9123302,0,0.025106275,0
LA_D_9125073,0,0.00097198575,0
LA_D_9131773,0,0.4310259,0
LA_D_9196907,0,0.019953795,0
LA_D_9202818,0,0.0035278092,0
LA_D_9205726,0,0.014310264,0
LA_D_9266858,0,0.00044800143,0
LA_D_9286130,0,0.019979801,0
LA_D_9297953,0,0.0025635567,0
LA_D_9306701,0,0.01658494,0
LA_D_9310155,0,0.014529965,0
LA_D_9316697,0,0.0002970599,0
LA_D_9410566,0,0.0060513816,0
LA_D_9422357,0,0.0078079873,0
LA_D_9425878,0,0.0031923512,0
LA_D_9439826,0,0.11605508,0
LA_D_9463746,0,0.001197729,0
LA_D_9465437,0,0.0002709884,0
LA_D_9473341,0,0.9948289,1
LA_D_9513966,0,0.017800562,0
LA_D_9520795,0,0.18008378,0
LA_D_9526098,0,0.11680265,0
LA_D_9565110,0,0.006962994,0
LA_D_9575084,0,0.0046437504,0
LA_D_9602040,0,0.024427965,0
LA_D_9614885,0,0.0013086356,0
LA_D_9621486,0,0.013059815,0
LA_D_9631128,0,0.08632448,0
LA_D_9632383,0,0.22154823,0
LA_D_9641174,0,0.14220627,0
LA_D_9656849,0,0.0021595499,0
LA_D_9667226,0,0.020092474,0
LA_D_9712589,0,0.004834959,0
LA_D_9720372,0,0.1803717,0
LA_D_9720674,0,0.05892529,0
LA_D_9775496,0,0.02760365,0
LA_D_9796324,0,0.025791524,0
LA_D_9823996,0,0.00049183436,0
LA_D_9826064,0,0.07734356,0
LA_D_9851042,0,0.028165624,0
LA_D_9927649,0,0.0035857346,0
LA_D_9947258,0,0.001387859,0
LA_D_9976747,0,0.021565603,0
LA_D_9994672,0,0.50196064,1
LA_D_1047174,0,0.0010000604,0
LA_D_1131241,0,0.0022193138,0
LA_D_1171358,0,0.004417491,0
LA_D_1185552,0,0.36479995,0
LA_D_1237375,0,0.060936272,0
LA_D_1256151,0,0.0036767148,0
LA_D_1263173,0,0.020147244,0
LA_D_1293430,0,0.01640197,0
LA_D_1304769,0,0.01746457,0
LA_D_1309629,0,0.0007547213,0
LA_D_1344374,0,0.0338917,0
LA_D_1409464,0,0.08188666,0
LA_D_1430175,0,0.0013327758,0
LA_D_1445597,0,0.002374557,0
LA_D_1458628,0,0.0012122529,0
LA_D_1491201,0,9.4701354e-05,0
LA_D_1529314,0,9.414895e-05,0
LA_D_1548121,0,0.006903802,0
LA_D_1548718,0,0.0061807814,0
LA_D_1565766,0,0.00011449779,0
LA_D_1626255,0,0.0015723521,0
LA_D_1627570,0,0.0040200185,0
LA_D_1634113,0,0.0057950327,0
LA_D_1659790,0,0.0005237647,0
LA_D_1727741,0,0.0040720343,0
LA_D_1740367,0,0.0020854601,0
LA_D_1743186,0,0.007462649,0
LA_D_1746522,0,0.0003921173,0
LA_D_1757304,0,0.009123313,0
LA_D_1769886,0,0.0035203143,0
LA_D_1771787,0,0.010836027,0
LA_D_1817691,0,0.0023753603,0
LA_D_1827728,0,0.0017842147,0
LA_D_1828116,0,0.0024805772,0
LA_D_1860595,0,0.0015040053,0
LA_D_1879704,0,0.0015879084,0
LA_D_1919208,0,0.2516289,0
LA_D_1919831,0,0.0010751904,0
LA_D_1941984,0,0.0032917762,0
LA_D_1961391,0,0.008954917,0
LA_D_1991992,0,0.022896048,0
LA_D_1997650,0,0.34864348,0
LA_D_2003485,0,0.00015995814,0
LA_D_2011612,0,0.0026422848,0
LA_D_2060563,0,0.00029637077,0
LA_D_2083171,0,7.9319296e-05,0
LA_D_2098426,0,0.00027078544,0
LA_D_2122992,0,0.001504342,0
LA_D_2133380,0,0.00038177145,0
LA_D_2161743,0,0.0037797939,0
LA_D_2177492,0,0.000870888,0
LA_D_2218769,0,0.004587194,0
LA_D_2228196,0,0.0012149799,0
LA_D_2231963,0,0.0015023772,0
LA_D_2262103,0,0.0012073503,0
LA_D_2287910,0,0.06155116,0
LA_D_2308577,0,0.0103717195,0
LA_D_2321587,0,0.0024762247,0
LA_D_2341747,0,0.0012639927,0
LA_D_2366913,0,0.00072087656,0
LA_D_2366973,0,0.0007848941,0
LA_D_2419198,0,0.0019743352,0
LA_D_2432364,0,0.00010001593,0
LA_D_2463946,0,0.00079436775,0
LA_D_2468032,0,0.00036593663,0
LA_D_2529149,0,0.0074389656,0
LA_D_2532144,0,0.005913729,0
LA_D_2573843,0,0.00078037754,0
LA_D_2646346,0,0.003548725,0
LA_D_2654921,0,0.07498011,0
LA_D_2669234,0,0.0101714535,0
LA_D_2685701,0,0.0016897073,0
LA_D_2720773,0,0.004974456,0
LA_D_2793178,0,0.0013867016,0
LA_D_2812574,0,0.025414886,0
LA_D_2859736,0,0.007120357,0
LA_D_2863716,0,0.04867547,0
LA_D_2876264,0,0.0031769325,0
LA_D_2879598,0,0.0005271276,0
LA_D_2890838,0,0.00025710254,0
LA_D_2903522,0,0.13149549,0
LA_D_2934374,0,0.0011508174,0
LA_D_2952773,0,0.0022816402,0
LA_D_2983246,0,0.002677693,0
LA_D_2999770,0,0.003906324,0
LA_D_3033532,0,0.0025004095,0
LA_D_3066121,0,0.0062947497,0
LA_D_3074557,0,0.009344948,0
LA_D_3116475,0,0.44649705,0
LA_D_3119194,0,0.00085473974,0
LA_D_3152313,0,0.0019360184,0
LA_D_3200033,0,0.001125372,0
LA_D_3208200,0,0.006487271,0
LA_D_3231942,0,0.00105639,0
LA_D_3272044,0,0.0026216505,0
LA_D_3285914,0,0.0005409484,0
LA_D_3368702,0,0.0006242032,0
LA_D_3379640,0,0.12645748,0
LA_D_3381285,0,0.003464462,0
LA_D_3399241,0,0.0030874384,0
LA_D_3406616,0,0.02626425,0
LA_D_3463311,0,0.0023467387,0
LA_D_3512477,0,0.00069657277,0
LA_D_3521518,0,4.3995562e-05,0
LA_D_3602419,0,0.001975573,0
LA_D_3619498,0,0.00070641737,0
LA_D_3655532,0,0.0006471688,0
LA_D_3700291,0,0.78356767,1
LA_D_3705784,0,0.008240711,0
LA_D_3736074,0,0.000605282,0
LA_D_3771906,0,0.0014082594,0
LA_D_3772874,0,0.00030101585,0
LA_D_3794799,0,0.0007355396,0
LA_D_3846197,0,0.002811535,0
LA_D_3854298,0,0.0048772707,0
LA_D_3858656,0,0.0010608981,0
LA_D_3894817,0,0.002340844,0
LA_D_3914016,0,0.0007378907,0
LA_D_3938510,0,0.024637152,0
LA_D_3944263,0,5.1138275e-05,0
LA_D_3950513,0,0.00022897843,0
LA_D_3991397,0,0.0031650763,0
LA_D_4070616,0,0.0005143275,0
LA_D_4071650,0,0.00023894232,0
LA_D_4080342,0,0.00039645066,0
LA_D_4100470,0,0.00033065325,0
LA_D_4114991,0,0.0013118727,0
LA_D_4142229,0,0.0010106844,0
LA_D_4159900,0,0.020033764,0
LA_D_4170901,0,0.001439949,0
LA_D_4198232,0,0.0015323436,0
LA_D_4226354,0,0.0018289656,0
LA_D_4242624,0,0.00032106964,0
LA_D_4277582,0,0.052490294,0
LA_D_4291683,0,0.014658818,0
LA_D_4340347,0,0.00431074,0
LA_D_4340524,0,0.00086927466,0
LA_D_4363843,0,0.000707876,0
LA_D_4379297,0,0.0015975883,0
LA_D_4392877,0,0.018078227,0
LA_D_4400364,0,0.024305051,0
LA_D_4445016,0,0.0006824986,0
LA_D_4449630,0,0.00088999694,0
LA_D_4454615,0,0.08558726,0
LA_D_4459311,0,0.0016993086,0
LA_D_4492259,0,0.0045899795,0
LA_D_4506339,0,0.0024843083,0
LA_D_4508905,0,0.0012642829,0
LA_D_4585531,0,0.39018843,0
LA_D_4595832,0,0.0016963739,0
LA_D_4603372,0,0.003760355,0
LA_D_4625335,0,0.04923055,0
LA_D_4684613,0,0.00065264764,0
LA_D_4690923,0,0.0017393881,0
LA_D_4700343,0,0.22187667,0
LA_D_4719007,0,0.016682334,0
LA_D_4721450,0,0.001323681,0
LA_D_4761065,0,0.00022092334,0
LA_D_4769648,0,0.0013685875,0
LA_D_4782501,0,0.0023947605,0
LA_D_4789709,0,0.002125148,0
LA_D_4841565,0,0.0076098875,0
LA_D_4866362,0,0.00046140727,0
LA_D_4878580,0,0.002192895,0
LA_D_4895446,0,0.040660184,0
LA_D_4896414,0,0.0006179352,0
LA_D_4914203,0,0.02116543,0
LA_D_4915102,0,0.00022008386,0
LA_D_4924600,0,0.27737182,0
LA_D_4948227,0,0.01484481,0
LA_D_4952112,0,3.6610167e-05,0
LA_D_4981925,0,0.0020269156,0
LA_D_4995472,0,0.0009129021,0
LA_D_5007118,0,0.001556007,0
LA_D_5009438,0,0.0033456981,0
LA_D_5021635,0,4.7524853e-05,0
LA_D_5039319,0,0.0057273298,0
LA_D_5039673,0,0.012981488,0
LA_D_5062244,0,0.0009907241,0
LA_D_5149711,0,0.0138454195,0
LA_D_5163270,0,0.0011283922,0
LA_D_5188309,0,0.00057028583,0
LA_D_5205643,0,5.9013175e-05,0
LA_D_5224590,0,0.00041456125,0
LA_D_5346933,0,0.0028984256,0
LA_D_5347760,0,0.0020077713,0
LA_D_5350117,0,0.017211147,0
LA_D_5370437,0,0.00023496595,0
LA_D_5373558,0,0.003457476,0
LA_D_5383416,0,0.0008926398,0
LA_D_5387959,0,0.0010047336,0
LA_D_5393342,0,0.0004741561,0
LA_D_5401021,0,0.0073276227,0
LA_D_5453453,0,0.0024497642,0
LA_D_5460788,0,0.007089682,0
LA_D_5582371,0,0.0011389648,0
LA_D_5640290,0,0.00013195614,0
LA_D_5678433,0,0.0006413116,0
LA_D_5705296,0,0.0010388087,0
LA_D_5713122,0,0.0058482084,0
LA_D_5760824,0,0.00073036936,0
LA_D_5761733,0,0.0021157528,0
LA_D_5801946,0,0.0042190924,0
LA_D_5840572,0,0.0011996301,0
LA_D_5885088,0,0.003238499,0
LA_D_5911975,0,0.0010084776,0
LA_D_5914436,0,0.00040123484,0
LA_D_5935170,0,0.0013093881,0
LA_D_5938795,0,0.00049553404,0
LA_D_5948741,0,0.004476926,0
LA_D_5955247,0,0.00027483932,0
LA_D_5955650,0,0.0023081603,0
LA_D_5964415,0,0.0005850705,0
LA_D_6014036,0,0.0038191755,0
LA_D_6021418,0,0.00010171021,0
LA_D_6031712,0,0.49913046,0
LA_D_6059712,0,0.00087151385,0
LA_D_6061248,0,0.00021262158,0
LA_D_6168446,0,0.0005661627,0
LA_D_6212766,0,0.056615844,0
LA_D_6219279,0,0.0031556617,0
LA_D_6232042,0,0.0015462472,0
LA_D_6232553,0,0.00041405688,0
LA_D_6237921,0,0.00038251994,0
LA_D_6268680,0,0.0111617455,0
LA_D_6278709,0,0.0006102793,0
LA_D_6333211,0,0.011381468,0
LA_D_6344317,0,0.00066768663,0
LA_D_6366497,0,0.0031197695,0
LA_D_6378055,0,0.0003412963,0
LA_D_6383067,0,0.0006126431,0
LA_D_6385210,0,0.04268099,0
LA_D_6400271,0,0.008398431,0
LA_D_6401168,0,0.026137345,0
LA_D_6416687,0,0.0012624484,0
LA_D_6436603,0,0.0019610082,0
LA_D_6442439,0,8.423274e-05,0
LA_D_6480788,0,0.02767584,0
LA_D_6503412,0,0.003454751,0
LA_D_6507319,0,0.007459267,0
LA_D_6507521,0,0.0013223101,0
LA_D_6508195,0,0.0011026148,0
LA_D_6522742,0,0.548468,1
LA_D_6546480,0,0.00547856,0
LA_D_6564154,0,0.0011612888,0
LA_D_6575484,0,0.00057636807,0
LA_D_6619467,0,0.00088343216,0
LA_D_6621713,0,0.00022405718,0
LA_D_6629176,0,0.0063915025,0
LA_D_6678079,0,0.003973906,0
LA_D_6687865,0,0.0021968496,0
LA_D_6713942,0,0.00064315734,0
LA_D_6725284,0,0.00050969305,0
LA_D_6728550,0,0.00071349234,0
LA_D_6803544,0,0.0036101015,0
LA_D_6836398,0,0.00046253632,0
LA_D_6876134,0,0.00030104455,0
LA_D_6878952,0,0.00063150824,0
LA_D_6910245,0,0.000101062935,0
LA_D_6922311,0,0.020133378,0
LA_D_6927598,0,0.03235558,0
LA_D_6940254,0,0.0006544546,0
LA_D_6958629,0,0.00018318868,0
LA_D_6958960,0,0.0011908925,0
LA_D_6967077,0,0.00033372038,0
LA_D_6974485,0,0.0019073887,0
LA_D_6980145,0,0.0009845322,0
LA_D_6987649,0,0.0011231547,0
LA_D_6993181,0,0.006917884,0
LA_D_7009464,0,0.0028097054,0
LA_D_7021601,0,0.002766038,0
LA_D_7091676,0,0.0026467345,0
LA_D_7107929,0,0.00012608504,0
LA_D_7114322,0,0.003393066,0
LA_D_7152433,0,0.0054608774,0
LA_D_7161221,0,0.0026311483,0
LA_D_7169874,0,0.0022229424,0
LA_D_7181310,0,0.00022697367,0
LA_D_7193059,0,0.032541003,0
LA_D_7247773,0,0.0015789835,0
LA_D_7251068,0,0.010345591,0
LA_D_7261225,0,0.0046496736,0
LA_D_7400823,0,0.030742427,0
LA_D_7480003,0,0.0056625954,0
LA_D_7510874,0,0.0041327747,0
LA_D_7539520,0,0.00039937012,0
LA_D_7539822,0,0.023941653,0
LA_D_7568775,0,0.0946974,0
LA_D_7579323,0,0.002469008,0
LA_D_7594785,0,0.00056698784,0
LA_D_7620067,0,0.0012383296,0
LA_D_7625750,0,5.137921e-05,0
LA_D_7629778,0,0.0010585362,0
LA_D_7633224,0,0.010914655,0
LA_D_7643463,0,0.0009281487,0
LA_D_7648772,0,0.0010580649,0
LA_D_7661207,0,0.00023595127,0
LA_D_7663756,0,0.0018725254,0
LA_D_7680924,0,0.0013317748,0
LA_D_7709982,0,0.0012259352,0
LA_D_7713577,0,0.75296646,1
LA_D_7714357,0,0.0021531312,0
LA_D_7716795,0,0.0010513639,0
LA_D_7716883,0,0.023870835,0
LA_D_7724371,0,6.857311e-05,0
LA_D_7727362,0,0.0001884464,0
LA_D_7749329,0,0.0027119813,0
LA_D_7754037,0,0.0011238519,0
LA_D_7781966,0,0.0016107792,0
LA_D_7823257,0,0.00074791396,0
LA_D_7832615,0,0.0041947914,0
LA_D_7834326,0,0.00837678,0
LA_D_7856949,0,0.0010619704,0
LA_D_7872546,0,0.0013726903,0
LA_D_7879995,0,0.004351987,0
LA_D_7918292,0,0.001050564,0
LA_D_7944465,0,0.0009152946,0
LA_D_7964232,0,0.0018066044,0
LA_D_7971657,0,0.000522619,0
LA_D_7982371,0,0.0040131323,0
LA_D_7992254,0,0.00029531814,0
LA_D_8001056,0,0.0016859608,0
LA_D_8026454,0,0.0047962065,0
LA_D_8034650,0,0.0006290507,0
LA_D_8034862,0,0.0030523313,0
LA_D_8043339,0,0.00035325822,0
LA_D_8089145,0,0.20462266,0
LA_D_8115585,0,7.995111e-05,0
LA_D_8130331,0,0.0038761608,0
LA_D_8149880,0,0.06938517,0
LA_D_8186829,0,0.030948726,0
LA_D_8199907,0,0.012606707,0
LA_D_8207965,0,0.0014623863,0
LA_D_8224019,0,0.0034752304,0
LA_D_8260982,0,0.001257903,0
LA_D_8284375,0,0.01017542,0
LA_D_8300288,0,0.0010652519,0
LA_D_8371442,0,0.00070134347,0
LA_D_8387772,0,0.002369873,0
LA_D_8413601,0,0.0005837874,0
LA_D_8416104,0,0.001603289,0
LA_D_8425905,0,6.1022518e-05,0
LA_D_8432736,0,0.0036886623,0
LA_D_8486100,0,0.0019937153,0
LA_D_8532209,0,0.0017861562,0
LA_D_8585201,0,0.0015518921,0
LA_D_8595960,0,0.0010304998,0
LA_D_8597179,0,0.00040839455,0
LA_D_8636545,0,0.21365164,0
LA_D_8641247,0,0.04291703,0
LA_D_8704936,0,9.050251e-05,0
LA_D_8705144,0,0.00598373,0
LA_D_8709124,0,0.00033475025,0
LA_D_8713937,0,0.0027780754,0
LA_D_8720850,0,0.00072797335,0
LA_D_8725463,0,0.0021775775,0
LA_D_8741531,0,0.0013742323,0
LA_D_8758203,0,0.083950095,0
LA_D_8785469,0,0.0057248482,0
LA_D_8808844,0,0.0011555172,0
LA_D_8829741,0,0.017112013,0
LA_D_8863620,0,0.0012506691,0
LA_D_8894026,0,0.04098037,0
LA_D_8958792,0,0.0001490245,0
LA_D_8962291,0,0.00042550353,0
LA_D_8976734,0,0.00087628176,0
LA_D_8988473,0,0.00060162775,0
LA_D_8998074,0,0.0042433757,0
LA_D_9021082,0,0.0006600967,0
LA_D_9068919,0,0.001954796,0
LA_D_9080965,0,0.0008605866,0
LA_D_9082045,0,0.050205078,0
LA_D_9089312,0,0.0036290488,0
LA_D_9134148,0,0.0016910445,0
LA_D_9140122,0,0.0007236317,0
LA_D_9185597,0,0.00057937566,0
LA_D_9187515,0,0.012421036,0
LA_D_9219215,0,0.0040882677,0
LA_D_9226035,0,0.006833223,0
LA_D_9254983,0,0.001427699,0
LA_D_9255760,0,0.0002771391,0
LA_D_9269639,0,0.0026923248,0
LA_D_9276220,0,0.0018026687,0
LA_D_9279119,0,0.00092312257,0
LA_D_9360355,0,0.0030392248,0
LA_D_9365719,0,0.002419385,0
LA_D_9366202,0,0.18612452,0
LA_D_9366872,0,0.019814828,0
LA_D_9381419,0,0.00094230846,0
LA_D_9384461,0,0.0022201755,0
LA_D_9395386,0,0.00077606,0
LA_D_9398013,0,0.004709501,0
LA_D_9400211,0,0.00148179,0
LA_D_9422935,0,0.008920789,0
LA_D_9429999,0,0.0005299286,0
LA_D_9443500,0,0.008053415,0
LA_D_9451208,0,0.0004930337,0
LA_D_9486228,0,0.014172059,0
LA_D_9526244,0,0.0031096395,0
LA_D_9569756,0,0.0005373527,0
LA_D_9577900,0,0.0035870331,0
LA_D_9594183,0,0.8831652,1
LA_D_9616483,0,0.0011798796,0
LA_D_9741811,0,0.0027215248,0
LA_D_9742570,0,0.0017082366,0
LA_D_9763867,0,0.0042334967,0
LA_D_9863120,0,0.001226788,0
LA_D_9904052,0,0.0031607915,0
LA_D_9912372,0,0.00056703296,0
LA_D_9923905,0,0.0018617903,0
LA_D_9929724,0,0.0032322495,0
LA_D_9943481,0,0.0017787523,0
LA_D_9978885,0,0.001134114,0
LA_D_9993400,0,0.0026858784,0
LA_D_1029617,0,0.0071933144,0
LA_D_1059142,0,0.43046322,0
LA_D_1062379,0,0.014428582,0
LA_D_1091297,0,0.001651743,0
LA_D_1100577,0,0.001471495,0
LA_D_1124488,0,0.0014546991,0
LA_D_1146285,0,0.01655361,0
LA_D_1152767,0,0.0047233184,0
LA_D_1163350,0,0.002190338,0
LA_D_1246000,0,0.015427152,0
LA_D_1251721,0,0.003218899,0
LA_D_1260733,0,0.004732511,0
LA_D_1297021,0,0.030794473,0
LA_D_1317526,0,0.008571996,0
LA_D_1326827,0,0.028246839,0
LA_D_1338548,0,0.0012901857,0
LA_D_1343964,0,0.00068683154,0
LA_D_1357828,0,0.007048384,0
LA_D_1381783,0,0.00060807564,0
LA_D_1408116,0,0.0018012432,0
LA_D_1430367,0,0.008454816,0
LA_D_1447151,0,0.002313915,0
LA_D_1453717,0,0.0031263747,0
LA_D_1501230,0,0.0086761415,0
LA_D_1521868,0,0.0051930225,0
LA_D_1553952,0,0.092606604,0
LA_D_1583850,0,0.37887424,0
LA_D_1585709,0,0.013825427,0
LA_D_1604106,0,0.0051651625,0
LA_D_1605100,0,0.0034889358,0
LA_D_1608727,0,0.0014710755,0
LA_D_1634721,0,0.0009022171,0
LA_D_1647654,0,0.0008444226,0
LA_D_1649381,0,0.0007508933,0
LA_D_1671851,0,0.0104350075,0
LA_D_1672173,0,0.0026786777,0
LA_D_1675600,0,0.006355658,0
LA_D_1687307,0,0.00079878815,0
LA_D_1698474,0,0.09009718,0
LA_D_1714643,0,0.0073811742,0
LA_D_1723287,0,0.003998977,0
LA_D_1724424,0,0.015784975,0
LA_D_1735626,0,0.022623597,0
LA_D_1736244,0,0.0009877214,0
LA_D_1795010,0,0.0011146936,0
LA_D_1809032,0,0.0015716508,0
LA_D_1882571,0,0.1548035,0
LA_D_1893134,0,0.0016225113,0
LA_D_1903855,0,0.0008032156,0
LA_D_1960976,0,0.000367523,0
LA_D_2008880,0,0.005791226,0
LA_D_2009498,0,0.0027947435,0
LA_D_2049727,0,0.0006961195,0
LA_D_2059935,0,0.00074134226,0
LA_D_2138603,0,0.004890281,0
LA_D_2169713,0,0.065406725,0
LA_D_2192158,0,0.0011917618,0
LA_D_2214214,0,0.123023435,0
LA_D_2230194,0,0.1147104,0
LA_D_2230489,0,0.012002216,0
LA_D_2279197,0,0.0023322352,0
LA_D_2284177,0,0.03291691,0
LA_D_2290487,0,0.011458762,0
LA_D_2293625,0,0.078309014,0
LA_D_2324725,0,0.0009383172,0
LA_D_2350816,0,0.004032989,0
LA_D_2351670,0,0.017459933,0
LA_D_2385027,0,0.0133585725,0
LA_D_2389247,0,0.007081557,0
LA_D_2402304,0,0.03760242,0
LA_D_2472102,0,0.0033053523,0
LA_D_2490088,0,0.0009137962,0
LA_D_2500858,0,0.0013048335,0
LA_D_2567797,0,0.005633675,0
LA_D_2575965,0,0.0087354565,0
LA_D_2586002,0,0.0065143257,0
LA_D_2633236,0,0.0008317501,0
LA_D_2685075,0,0.0026603749,0
LA_D_2873307,0,0.0021299163,0
LA_D_2875141,0,0.0008217232,0
LA_D_2899972,0,0.002636976,0
LA_D_2955212,0,0.013862278,0
LA_D_2963785,0,0.009866347,0
LA_D_3006285,0,0.0336081,0
LA_D_3031057,0,0.023012577,0
LA_D_3137629,0,0.002279968,0
LA_D_3139007,0,0.0030861648,0
LA_D_3157447,0,0.00047908595,0
LA_D_3232453,0,0.00035919226,0
LA_D_3257829,0,0.00045022604,0
LA_D_3321832,0,0.0006105239,0
LA_D_3324414,0,0.002675532,0
LA_D_3331432,0,0.00220975,0
LA_D_3359111,0,0.0149074,0
LA_D_3372750,0,0.0017524692,0
LA_D_3387040,0,0.08230072,0
LA_D_3409196,0,0.0005152188,0
LA_D_3410371,0,0.0063155256,0
LA_D_3423188,0,0.0006216079,0
LA_D_3432568,0,0.009119159,0
LA_D_3438168,0,0.0025688233,0
LA_D_3448390,0,0.008362585,0
LA_D_3449920,0,0.001452804,0
LA_D_3479464,0,0.0014432941,0
LA_D_3509024,0,0.06363467,0
LA_D_3524921,0,0.0031639752,0
LA_D_3525710,0,0.000563911,0
LA_D_3540005,0,0.0021691024,0
LA_D_3542780,0,0.0014525489,0
LA_D_3542872,0,0.004306968,0
LA_D_3551822,0,0.0071283607,0
LA_D_3605684,0,0.012512545,0
LA_D_3685201,0,0.002732241,0
LA_D_3694269,0,0.0004759805,0
LA_D_3722549,0,0.0011558089,0
LA_D_3725441,0,0.0010601161,0
LA_D_3776775,0,0.05695186,0
LA_D_3837829,0,0.16946544,0
LA_D_3838880,0,0.0038866135,0
LA_D_3839440,0,0.002115611,0
LA_D_3890924,0,0.002411518,0
LA_D_3894116,0,0.020674508,0
LA_D_3898295,0,0.050101183,0
LA_D_3906822,0,0.004031373,0
LA_D_3925642,0,0.0103902845,0
LA_D_3939673,0,0.0023994537,0
LA_D_3946657,0,0.18403903,0
LA_D_3952047,0,0.0037019856,0
LA_D_3952593,0,0.0021719227,0
LA_D_3963497,0,0.0029157803,0
LA_D_3995855,0,0.7769281,1
LA_D_4019879,0,0.00078270753,0
LA_D_4025778,0,0.0024747786,0
LA_D_4039282,0,0.0021063276,0
LA_D_4050553,0,0.009597833,0
LA_D_4063751,0,0.08319678,0
LA_D_4064982,0,0.0008941601,0
LA_D_4076931,0,0.95678526,1
LA_D_4089949,0,0.0030383102,0
LA_D_4134720,0,0.024634618,0
LA_D_4180262,0,0.002257019,0
LA_D_4222049,0,0.0022965872,0
LA_D_4246541,0,0.01453435,0
LA_D_4264153,0,0.014591584,0
LA_D_4309049,0,0.0016602554,0
LA_D_4320528,0,0.0036195733,0
LA_D_4335121,0,0.0056797746,0
LA_D_4336283,0,0.61470306,1
LA_D_4338324,0,0.0055481116,0
LA_D_4372487,0,0.008954412,0
LA_D_4381840,0,0.009974026,0
LA_D_4484172,0,0.00061129394,0
LA_D_4547683,0,0.005650722,0
LA_D_4564696,0,0.006146353,0
LA_D_4575849,0,0.016708698,0
LA_D_4601604,0,0.0010425181,0
LA_D_4648541,0,0.0003518382,0
LA_D_4656540,0,0.00048231366,0
LA_D_4659648,0,0.0010956546,0
LA_D_4672644,0,0.0066381814,0
LA_D_4704857,0,0.0058381837,0
LA_D_4707978,0,0.026448408,0
LA_D_4725466,0,0.07443558,0
LA_D_4778443,0,0.07349519,0
LA_D_4811609,0,0.0030945246,0
LA_D_4815372,0,0.0016292298,0
LA_D_4818471,0,0.005207651,0
LA_D_4836429,0,0.0018592727,0
LA_D_4878409,0,0.037257493,0
LA_D_4892634,0,0.006104806,0
LA_D_4918498,0,0.0016831316,0
LA_D_4918958,0,0.042867072,0
LA_D_4933781,0,0.0028215596,0
LA_D_4964858,0,0.0053182454,0
LA_D_4969692,0,0.002665766,0
LA_D_4985835,0,0.3572252,0
LA_D_4987070,0,0.0015088336,0
LA_D_4991936,0,0.002444268,0
LA_D_5004267,0,0.0018852468,0
LA_D_5009044,0,0.08829299,0
LA_D_5057755,0,0.002549628,0
LA_D_5064189,0,0.002857906,0
LA_D_5078216,0,0.0018203858,0
LA_D_5106376,0,0.015120827,0
LA_D_5110554,0,0.19650826,0
LA_D_5111852,0,0.0073416554,0
LA_D_5161729,0,0.046918616,0
LA_D_5197250,0,0.0018114883,0
LA_D_5205883,0,0.0012255629,0
LA_D_5208175,0,0.25964588,0
LA_D_5225466,0,0.0006962947,0
LA_D_5229733,0,0.0038469455,0
LA_D_5304257,0,0.26902622,0
LA_D_5352818,0,0.0022558018,0
LA_D_5354133,0,0.0046058674,0
LA_D_5392654,0,0.0007643223,0
LA_D_5434776,0,0.0008820338,0
LA_D_5445662,0,0.19694601,0
LA_D_5473097,0,0.0027834333,0
LA_D_5485350,0,0.0040399474,0
LA_D_5545903,0,0.003105533,0
LA_D_5576853,0,0.0034037316,0
LA_D_5623293,0,0.00058057654,0
LA_D_5643553,0,0.00045596398,0
LA_D_5645161,0,0.0014309393,0
LA_D_5652073,0,0.0048107775,0
LA_D_5654929,0,0.0076677906,0
LA_D_5751999,0,0.046329547,0
LA_D_5769057,0,0.00043346948,0
LA_D_5772395,0,0.004258362,0
LA_D_5776960,0,0.0047740126,0
LA_D_5781251,0,0.006393196,0
LA_D_5806062,0,0.009007152,0
LA_D_5813973,0,0.01590596,0
LA_D_5834553,0,0.0022685307,0
LA_D_5841591,0,0.0009937473,0
LA_D_5844395,0,0.035952672,0
LA_D_5845294,0,0.002197064,0
LA_D_5878173,0,0.0021434347,0
LA_D_5878717,0,0.0041054995,0
LA_D_5886872,0,0.009395133,0
LA_D_5888089,0,0.0015839973,0
LA_D_5891347,0,0.018302657,0
LA_D_5909078,0,0.0033894223,0
LA_D_5930826,0,0.003108339,0
LA_D_5940134,0,0.02000797,0
LA_D_5947518,0,0.0013394718,0
LA_D_5977756,0,0.003827824,0
LA_D_6005525,0,0.036047786,0
LA_D_6054110,0,0.006987309,0
LA_D_6093640,0,0.009319786,0
LA_D_6156761,0,0.0065813055,0
LA_D_6168767,0,0.0017721385,0
LA_D_6197504,0,0.0007388794,0
LA_D_6197832,0,0.025873419,0
LA_D_6202287,0,0.04363981,0
LA_D_6210344,0,0.00048402962,0
LA_D_6283975,0,0.0014552022,0
LA_D_6292935,0,0.009741872,0
LA_D_6306347,0,0.09118303,0
LA_D_6316138,0,0.004595416,0
LA_D_6330654,0,0.5362321,1
LA_D_6330853,0,0.0028191255,0
LA_D_6379756,0,0.0005142356,0
LA_D_6384625,0,0.0072709615,0
LA_D_6434205,0,0.00081192976,0
LA_D_6438379,0,0.0018313305,0
LA_D_6438636,0,0.0018367742,0
LA_D_6520437,0,0.010547931,0
LA_D_6535464,0,0.002529441,0
LA_D_6573123,0,0.0033209722,0
LA_D_6581514,0,0.03767468,0
LA_D_6595340,0,0.0017418632,0
LA_D_6604414,0,0.08177219,0
LA_D_6619395,0,0.0033067383,0
LA_D_6652666,0,0.0057880282,0
LA_D_6672143,0,0.0006204078,0
LA_D_6683794,0,0.002421788,0
LA_D_6688749,0,0.0015823978,0
LA_D_6693826,0,0.0032141446,0
LA_D_6701620,0,0.035214927,0
LA_D_6718749,0,0.008047065,0
LA_D_6772420,0,0.00046669898,0
LA_D_6854316,0,0.0014951428,0
LA_D_6874098,0,0.0049611903,0
LA_D_6874404,0,0.6669151,1
LA_D_6887011,0,0.0007106978,0
LA_D_6904113,0,0.0026155268,0
LA_D_6941127,0,0.002123926,0
LA_D_7038933,0,0.0011507324,0
LA_D_7043780,0,0.023520075,0
LA_D_7052077,0,0.014367439,0
LA_D_7055185,0,0.023507724,0
LA_D_7081066,0,0.036761157,0
LA_D_7123401,0,0.014419419,0
LA_D_7152094,0,0.00291127,0
LA_D_7199038,0,0.08551666,0
LA_D_7231397,0,0.002688167,0
LA_D_7236583,0,0.00083051855,0
LA_D_7256773,0,0.036430996,0
LA_D_7265184,0,0.019250646,0
LA_D_7278509,0,0.01085457,0
LA_D_7281481,0,0.0031628942,0
LA_D_7297227,0,0.007892477,0
LA_D_7330901,0,0.15797381,0
LA_D_7348364,0,0.0059716655,0
LA_D_7357574,0,0.0002585536,0
LA_D_7358592,0,0.1279594,0
LA_D_7358733,0,0.11794835,0
LA_D_7386477,0,0.04432771,0
LA_D_7388871,0,0.25325906,0
LA_D_7423635,0,0.020257566,0
LA_D_7474865,0,0.021528065,0
LA_D_7483615,0,0.25017327,0
LA_D_7519610,0,0.103573956,0
LA_D_7526416,0,0.1865524,0
LA_D_7526656,0,0.0077658324,0
LA_D_7538038,0,0.0065843146,0
LA_D_7542044,0,0.00053816027,0
LA_D_7547063,0,0.0015769243,0
LA_D_7562446,0,0.001316369,0
LA_D_7562673,0,0.000787586,0
LA_D_7586380,0,0.0023973328,0
LA_D_7591149,0,0.0045652967,0
LA_D_7609585,0,0.0038296063,0
LA_D_7636473,0,0.011852891,0
LA_D_7661426,0,0.0040846136,0
LA_D_7701393,0,0.001546932,0
LA_D_7714845,0,0.013879798,0
LA_D_7728587,0,0.0022380818,0
LA_D_7735983,0,0.009569834,0
LA_D_7778751,0,0.022233102,0
LA_D_7804808,0,0.031882618,0
LA_D_7819043,0,0.009500275,0
LA_D_7820165,0,0.0005066111,0
LA_D_7823031,0,0.0020564564,0
LA_D_7828401,0,0.0035460973,0
LA_D_7851106,0,0.002249425,0
LA_D_7857663,0,0.004068526,0
LA_D_7872642,0,0.010261612,0
LA_D_7884286,0,0.0026135934,0
LA_D_7908285,0,0.0009846376,0
LA_D_7939015,0,0.0019294397,0
LA_D_8004624,0,0.006765443,0
LA_D_8022000,0,0.009949891,0
LA_D_8034469,0,0.003116097,0
LA_D_8060762,0,0.44550014,0
LA_D_8065854,0,0.004152624,0
LA_D_8091647,0,0.001498269,0
LA_D_8132473,0,0.008937532,0
LA_D_8184573,0,0.72213656,1
LA_D_8228654,0,0.012369353,0
LA_D_8249964,0,0.0056435973,0
LA_D_8336129,0,0.0066425693,0
LA_D_8359008,0,0.0035436957,0
LA_D_8376162,0,0.00047630016,0
LA_D_8379637,0,0.0048599853,0
LA_D_8409357,0,0.11320708,0
LA_D_8431305,0,0.00312518,0
LA_D_8461642,0,0.0014011881,0
LA_D_8473484,0,0.012804242,0
LA_D_8489881,0,0.0073328405,0
LA_D_8508157,0,0.012043148,0
LA_D_8538474,0,0.004905564,0
LA_D_8555704,0,0.0013896053,0
LA_D_8564782,0,0.0010884472,0
LA_D_8581099,0,0.02333381,0
LA_D_8600719,0,0.0011015608,0
LA_D_8613692,0,0.19966875,0
LA_D_8615709,0,0.12576054,0
LA_D_8687554,0,0.016351622,0
LA_D_8688469,0,0.07249147,0
LA_D_8688676,0,0.00014978655,0
LA_D_8714314,0,0.025543181,0
LA_D_8760189,0,0.0015153707,0
LA_D_8762466,0,0.0071397866,0
LA_D_8765550,0,0.0026607595,0
LA_D_8771091,0,0.008192341,0
LA_D_8815416,0,0.0014294221,0
LA_D_8864575,0,0.00221216,0
LA_D_8871155,0,0.07508119,0
LA_D_8880593,0,0.0068250215,0
LA_D_8925536,0,0.028424392,0
LA_D_8972387,0,0.15015118,0
LA_D_8988861,0,0.0017225458,0
LA_D_9016742,0,0.07330898,0
LA_D_9022425,0,0.0037318056,0
LA_D_9022440,0,0.012765003,0
LA_D_9023965,0,0.04655808,0
LA_D_9041455,0,0.007052463,0
LA_D_9051705,0,0.0008461842,0
LA_D_9064781,0,0.0031611419,0
LA_D_9142942,0,0.0010979694,0
LA_D_9143112,0,0.003314232,0
LA_D_9159130,0,0.009860908,0
LA_D_9179746,0,0.018211173,0
LA_D_9188796,0,0.01579584,0
LA_D_9198202,0,0.12973353,0
LA_D_9201924,0,0.00068839156,0
LA_D_9216213,0,0.00039526288,0
LA_D_9318000,0,0.0069478774,0
LA_D_9340077,0,0.0030161664,0
LA_D_9385995,0,0.028626338,0
LA_D_9433668,0,0.0009861218,0
LA_D_9442665,0,0.0040209843,0
LA_D_9452677,0,0.00057683437,0
LA_D_9478291,0,0.0018731868,0
LA_D_9492963,0,0.0020799935,0
LA_D_9495054,0,0.0022105565,0
LA_D_9529719,0,0.018374698,0
LA_D_9571812,0,0.012589021,0
LA_D_9577897,0,0.0041263625,0
LA_D_9605743,0,0.00916844,0
LA_D_9606946,0,0.59568167,1
LA_D_9619963,0,0.0018767912,0
LA_D_9634351,0,0.056808397,0
LA_D_9639156,0,0.00455979,0
LA_D_9691902,0,0.0014198918,0
LA_D_9747201,0,0.005797539,0
LA_D_9775299,0,0.004127691,0
LA_D_9789557,0,0.005665219,0
LA_D_9789777,0,0.0007938407,0
LA_D_9802479,0,0.0015341379,0
LA_D_9804171,0,0.00076988514,0
LA_D_9831523,0,0.0016147486,0
LA_D_9834959,0,0.004527931,0
LA_D_9871297,0,0.001813697,0
LA_D_9909170,0,0.049059346,0
LA_D_9926070,0,0.0078398045,0
LA_D_9929372,0,0.0027159343,0
LA_D_9972826,0,0.00034361496,0
LA_D_9973827,0,0.00063037593,0
LA_D_9987623,0,0.0014917537,0
LA_D_9999103,0,0.004561186,0
LA_D_1012227,0,0.00093056035,0
LA_D_1014431,0,0.016656604,0
LA_D_1020531,0,0.005151357,0
LA_D_1047504,0,0.0011562979,0
LA_D_1166735,0,0.010149633,0
LA_D_1192014,0,0.0012654243,0
LA_D_1230496,0,0.0012089205,0
LA_D_1237580,0,0.0008153727,0
LA_D_1238377,0,0.00073790277,0
LA_D_1288544,0,0.0038130865,0
LA_D_1314828,0,0.00056158367,0
LA_D_1338441,0,0.00024140422,0
LA_D_1344270,0,0.00092780485,0
LA_D_1381092,0,0.09954784,0
LA_D_1397130,0,0.0007489535,0
LA_D_1425279,0,0.000818878,0
LA_D_1435765,0,0.0021191402,0
LA_D_1458324,0,0.0007958934,0
LA_D_1515269,0,0.010013462,0
LA_D_1526999,0,0.0007279002,0
LA_D_1530272,0,0.0025004903,0
LA_D_1547454,0,0.00016784323,0
LA_D_1557794,0,0.0015580079,0
LA_D_1560736,0,0.01040308,0
LA_D_1585396,0,0.00074414304,0
LA_D_1590976,0,0.00044999077,0
LA_D_1619482,0,0.011026167,0
LA_D_1655868,0,0.0009251944,0
LA_D_1695298,0,0.002028769,0
LA_D_1735779,0,0.0012987865,0
LA_D_1876117,0,0.0050323107,0
LA_D_1884089,0,0.000336841,0
LA_D_1914746,0,0.0008301475,0
LA_D_1923715,0,0.00039024098,0
LA_D_2015444,0,0.00038196225,0
LA_D_2025462,0,0.00086212176,0
LA_D_2052501,0,0.0053129913,0
LA_D_2065855,0,0.003021242,0
LA_D_2148710,0,0.0058470136,0
LA_D_2149013,0,0.0019157897,0
LA_D_2156469,0,0.00044624007,0
LA_D_2227994,0,0.04054072,0
LA_D_2245820,0,0.00093949575,0
LA_D_2431217,0,0.0002151598,0
LA_D_2452864,0,0.0009182136,0
LA_D_2474451,0,0.00054490124,0
LA_D_2496402,0,0.008968227,0
LA_D_2503752,0,0.0058804974,0
LA_D_2519640,0,0.00046375394,0
LA_D_2559709,0,0.0004199524,0
LA_D_2587582,0,0.00043886228,0
LA_D_2648488,0,0.0008903515,0
LA_D_2692844,0,0.0022741347,0
LA_D_2697285,0,0.00027740558,0
LA_D_2706144,0,0.0003923443,0
LA_D_2740410,0,0.00016334878,0
LA_D_2749594,0,0.00089222484,0
LA_D_2770309,0,0.010130162,0
LA_D_2818232,0,0.00019954031,0
LA_D_2850788,0,0.00087930623,0
LA_D_2858116,0,0.0005375038,0
LA_D_2937524,0,0.0012242729,0
LA_D_3016130,0,0.0013073252,0
LA_D_3063803,0,0.0042375834,0
LA_D_3110494,0,0.0011522652,0
LA_D_3120664,0,0.004433544,0
LA_D_3139923,0,0.004962742,0
LA_D_3173801,0,0.00037052645,0
LA_D_3184034,0,0.019023517,0
LA_D_3219891,0,0.00059427286,0
LA_D_3267906,0,0.00028488002,0
LA_D_3318993,0,0.0094080195,0
LA_D_3326531,0,0.0003564167,0
LA_D_3327838,0,0.00036662453,0
LA_D_3368117,0,0.008817708,0
LA_D_3433833,0,0.0003256478,0
LA_D_3487934,0,0.0008523888,0
LA_D_3507476,0,0.0010949841,0
LA_D_3554932,0,0.002449303,0
LA_D_3587041,0,0.010440301,0
LA_D_3602579,0,0.00085614854,0
LA_D_3606925,0,0.0034745862,0
LA_D_3610609,0,0.0067391046,0
LA_D_3658839,0,0.00015551798,0
LA_D_3676858,0,0.00052901544,0
LA_D_3685984,0,0.00529051,0
LA_D_3699071,0,0.007987912,0
LA_D_3733676,0,0.00097182835,0
LA_D_3740651,0,0.00021406362,0
LA_D_3740762,0,0.000830422,0
LA_D_3782088,0,0.00043202666,0
LA_D_3817954,0,0.00084405503,0
LA_D_3830682,0,0.0013665323,0
LA_D_3839496,0,0.00066253135,0
LA_D_3840331,0,0.0006950158,0
LA_D_3850321,0,0.000941822,0
LA_D_3856735,0,0.0025777833,0
LA_D_3902334,0,0.00093038526,0
LA_D_3950755,0,0.00063243584,0
LA_D_3960317,0,0.00031056075,0
LA_D_3993363,0,0.018876122,0
LA_D_4035314,0,0.00027533135,0
LA_D_4093608,0,0.0014504421,0
LA_D_4114998,0,0.00028715315,0
LA_D_4122059,0,0.00075597956,0
LA_D_4126982,0,0.0009524867,0
LA_D_4155696,0,0.0013971493,0
LA_D_4198062,0,0.002199032,0
LA_D_4200652,0,0.00041720082,0
LA_D_4208217,0,0.0031191858,0
LA_D_4259319,0,0.0023209886,0
LA_D_4274538,0,0.000481501,0
LA_D_4288070,0,0.0012621064,0
LA_D_4309778,0,0.00039995974,0
LA_D_4359484,0,0.0012647604,0
LA_D_4360635,0,0.00038934304,0
LA_D_4460052,0,0.003989871,0
LA_D_4481392,0,0.0011664673,0
LA_D_4489550,0,0.0008362178,0
LA_D_4517823,0,0.00086671894,0
LA_D_4552417,0,0.0010663454,0
LA_D_4561795,0,0.00046649532,0
LA_D_4565934,0,0.0005595389,0
LA_D_4589903,0,0.003039804,0
LA_D_4621507,0,0.0005703168,0
LA_D_4623174,0,0.0026962445,0
LA_D_4657513,0,0.00054770557,0
LA_D_4723030,0,0.0004078242,0
LA_D_4729032,0,0.00027749842,0
LA_D_4739739,0,0.0006030644,0
LA_D_4777058,0,0.00074189674,0
LA_D_4778408,0,0.00131946,0
LA_D_4797826,0,0.0024195889,0
LA_D_4808965,0,0.0022080715,0
LA_D_4827296,0,0.0011839975,0
LA_D_4840118,0,0.0004107894,0
LA_D_4841813,0,0.0008662558,0
LA_D_4880667,0,0.0037148937,0
LA_D_5040821,0,0.0010140748,0
LA_D_5058835,0,0.0007446102,0
LA_D_5066305,0,0.0007582696,0
LA_D_5085644,0,0.0018585224,0
LA_D_5154611,0,0.0002788773,0
LA_D_5178700,0,0.00043944648,0
LA_D_5184992,0,0.0017708939,0
LA_D_5220940,0,0.00030701834,0
LA_D_5241773,0,0.0023968243,0
LA_D_5259263,0,0.00044897976,0
LA_D_5269116,0,0.01998817,0
LA_D_5277230,0,0.002204364,0
LA_D_5303690,0,0.00041505118,0
LA_D_5353056,0,0.00046221417,0
LA_D_5376558,0,0.0009243301,0
LA_D_5387772,0,0.00029204087,0
LA_D_5403183,0,0.0005598419,0
LA_D_5406612,0,0.0005752038,0
LA_D_5407124,0,0.00063909765,0
LA_D_5437611,0,0.00045475832,0
LA_D_5444377,0,0.002063687,0
LA_D_5469841,0,0.0022594235,0
LA_D_5498403,0,0.00015830362,0
LA_D_5533562,0,0.0012973907,0
LA_D_5590089,0,0.00742878,0
LA_D_5602225,0,0.0003422092,0
LA_D_5706924,0,0.00087032054,0
LA_D_5783639,0,0.005213207,0
LA_D_5786466,0,0.0019908207,0
LA_D_5844700,0,0.0010102522,0
LA_D_5935235,0,0.0009611159,0
LA_D_5995130,0,0.0006225153,0
LA_D_6004575,0,0.0020677478,0
LA_D_6013939,0,0.0007880094,0
LA_D_6055160,0,0.0003219733,0
LA_D_6088049,0,0.00042942207,0
LA_D_6098836,0,0.00083416933,0
LA_D_6112842,0,0.0008764096,0
LA_D_6199321,0,0.00033648344,0
LA_D_6212632,0,0.0048747957,0
LA_D_6226703,0,0.00059980823,0
LA_D_6244357,0,0.00046957636,0
LA_D_6332465,0,0.0016721333,0
LA_D_6455805,0,0.0025283631,0
LA_D_6461375,0,0.0002095084,0
LA_D_6465292,0,0.0011013336,0
LA_D_6496142,0,0.008206261,0
LA_D_6528108,0,0.00092498603,0
LA_D_6530873,0,0.0013865135,0
LA_D_6544417,0,0.0009922147,0
LA_D_6545950,0,0.0035315894,0
LA_D_6570467,0,0.00030192465,0
LA_D_6573674,0,0.0016794355,0
LA_D_6574286,0,0.0051104627,0
LA_D_6582753,0,0.00031896267,0
LA_D_6599782,0,0.0017118695,0
LA_D_6632470,0,0.0034394015,0
LA_D_6670740,0,0.024610987,0
LA_D_6672788,0,0.016458325,0
LA_D_6675072,0,0.00022832895,0
LA_D_6715404,0,0.0035778026,0
LA_D_6725694,0,0.000999624,0
LA_D_6755211,0,0.0005556544,0
LA_D_6807474,0,0.001603599,0
LA_D_6837429,0,0.030788507,0
LA_D_6920572,0,0.006579709,0
LA_D_6934750,0,0.001476629,0
LA_D_6987996,0,0.0003152905,0
LA_D_7007048,0,0.0014921962,0
LA_D_7013578,0,0.004703075,0
LA_D_7097232,0,0.002589879,0
LA_D_7151864,0,0.001020337,0
LA_D_7166018,0,0.0006610511,0
LA_D_7171872,0,0.00025179968,0
LA_D_7177498,0,0.0015137634,0
LA_D_7181486,0,0.00043672867,0
LA_D_7193682,0,0.0023969293,0
LA_D_7195216,0,0.003436593,0
LA_D_7223335,0,0.0006897654,0
LA_D_7230744,0,0.00083045725,0
LA_D_7254687,0,0.00061197224,0
LA_D_7262507,0,0.0006477692,0
LA_D_7265699,0,0.0007850048,0
LA_D_7271267,0,0.003325006,0
LA_D_7333937,0,0.0048420057,0
LA_D_7360247,0,0.0006810322,0
LA_D_7369058,0,0.00039616995,0
LA_D_7376418,0,0.00022423628,0
LA_D_7451316,0,0.011091396,0
LA_D_7454810,0,0.011157815,0
LA_D_7463026,0,0.0015029431,0
LA_D_7518190,0,0.00041264464,0
LA_D_7529474,0,0.001203838,0
LA_D_7542817,0,0.00038992657,0
LA_D_7556257,0,0.0023368353,0
LA_D_7559615,0,0.0006829814,0
LA_D_7574221,0,0.0050080833,0
LA_D_7615760,0,0.0015842341,0
LA_D_7621051,0,0.0013306056,0
LA_D_7632101,0,0.0011192977,0
LA_D_7634677,0,0.0006470562,0
LA_D_7641847,0,0.00055522774,0
LA_D_7641862,0,0.0029144802,0
LA_D_7647228,0,0.00040365563,0
LA_D_7677517,0,0.0027439438,0
LA_D_7712332,0,0.002961212,0
LA_D_7760383,0,0.00038302608,0
LA_D_7765965,0,0.0010973634,0
LA_D_7824395,0,0.00063670106,0
LA_D_7848022,0,0.00061407266,0
LA_D_7851813,0,0.0004346207,0
LA_D_7914339,0,0.0037233674,0
LA_D_7934602,0,0.057723675,0
LA_D_7966865,0,0.0005755652,0
LA_D_7978139,0,0.00044054264,0
LA_D_8028538,0,0.0019110761,0
LA_D_8052889,0,0.0009947594,0
LA_D_8143136,0,0.0005731341,0
LA_D_8155263,0,0.00074257614,0
LA_D_8213363,0,0.00063405716,0
LA_D_8255145,0,0.0009634583,0
LA_D_8260557,0,0.00034907684,0
LA_D_8295327,0,0.0006421543,0
LA_D_8311267,0,0.0027731129,0
LA_D_8320215,0,0.003246087,0
LA_D_8434598,0,0.0010289546,0
LA_D_8440388,0,0.00031533858,0
LA_D_8468521,0,0.0008495354,0
LA_D_8492918,0,0.00021634428,0
LA_D_8553879,0,0.00017666814,0
LA_D_8588291,0,0.00025831236,0
LA_D_8615151,0,0.001719072,0
LA_D_8638133,0,0.0028744095,0
LA_D_8757329,0,0.0007802385,0
LA_D_8794428,0,0.00083008496,0
LA_D_8878329,0,0.0015025374,0
LA_D_8896845,0,0.0026263178,0
LA_D_8897918,0,0.0009723428,0
LA_D_8938870,0,0.0024268252,0
LA_D_8954870,0,0.0018461962,0
LA_D_8972358,0,0.0036409432,0
LA_D_9051053,0,0.020467933,0
LA_D_9089163,0,0.0013754959,0
LA_D_9133837,0,0.00044135324,0
LA_D_9161520,0,0.0007920469,0
LA_D_9167700,0,0.0004026798,0
LA_D_9209868,0,0.00090425595,0
LA_D_9283374,0,0.00059404044,0
LA_D_9285185,0,0.0013436499,0
LA_D_9415707,0,0.0019920159,0
LA_D_9419753,0,0.0037092578,0
LA_D_9422039,0,0.000864677,0
LA_D_9483474,0,0.0013392536,0
LA_D_9490869,0,0.00304717,0
LA_D_9499913,0,0.0003864062,0
LA_D_9524872,0,0.00088078284,0
LA_D_9677105,0,0.0003125157,0
LA_D_9717884,0,0.00042990746,0
LA_D_9718269,0,0.0014911721,0
LA_D_9721422,0,0.00041552965,0
LA_D_9733138,0,0.00028216827,0
LA_D_9743129,0,0.0005813933,0
LA_D_9749726,0,0.00055012223,0
LA_D_9755038,0,0.00045408166,0
LA_D_9781850,0,0.03009257,0
LA_D_9829062,0,0.0049217492,0
LA_D_9898895,0,0.0012317736,0
LA_D_9911508,0,0.00045801242,0
LA_D_9915639,0,0.0051755058,0
LA_D_9977828,0,0.0027778798,0
LA_D_1002626,0,0.006195958,0
LA_D_1007975,0,0.00092953286,0
LA_D_1013553,0,0.0013345579,0
LA_D_1021287,0,0.0010681333,0
LA_D_1027039,0,0.0028620157,0
LA_D_1044414,0,0.00063314504,0
LA_D_1060987,0,0.0019249043,0
LA_D_1075128,0,0.0013364021,0
LA_D_1075190,0,0.0013197968,0
LA_D_1145856,0,0.00088015705,0
LA_D_1146557,0,0.00027420724,0
LA_D_1165413,0,0.0011399293,0
LA_D_1245164,0,0.024046564,0
LA_D_1270677,0,0.00042394898,0
LA_D_1281285,0,0.004940758,0
LA_D_1293149,0,0.00084721966,0
LA_D_1312652,0,0.00061998994,0
LA_D_1332227,0,0.0013394081,0
LA_D_1340170,0,0.0025362256,0
LA_D_1358422,0,0.000894198,0
LA_D_1391969,0,0.0007765726,0
LA_D_1402940,0,0.004954956,0
LA_D_1414224,0,0.000462086,0
LA_D_1415528,0,0.00059498445,0
LA_D_1425046,0,0.00056842715,0
LA_D_1428381,0,0.0022510502,0
LA_D_1444623,0,0.00065739395,0
LA_D_1453864,0,0.0005037138,0
LA_D_1476819,0,0.0010436281,0
LA_D_1510431,0,0.00023231728,0
LA_D_1512564,0,0.006693942,0
LA_D_1517144,0,0.004378872,0
LA_D_1526816,0,0.0011228733,0
LA_D_1529378,0,0.0019914403,0
LA_D_1539541,0,0.0020789902,0
LA_D_1541459,0,0.005075046,0
LA_D_1549509,0,0.0015420229,0
LA_D_1594826,0,0.058481473,0
LA_D_1602771,0,0.017527144,0
LA_D_1607262,0,0.0027602303,0
LA_D_1648141,0,0.0016130259,0
LA_D_1743004,0,0.0009910328,0
LA_D_1765969,0,0.0035957254,0
LA_D_1767206,0,0.0009764829,0
LA_D_1789917,0,0.0008959571,0
LA_D_1805963,0,0.0007170134,0
LA_D_1862965,0,0.00048816696,0
LA_D_1911374,0,0.00040069816,0
LA_D_1952275,0,0.05294081,0
LA_D_1959983,0,0.00051084167,0
LA_D_1972495,0,0.0014123247,0
LA_D_2018291,0,0.0006740055,0
LA_D_2087494,0,0.00079980044,0
LA_D_2103093,0,0.0023890159,0
LA_D_2117812,0,0.00043779117,0
LA_D_2123475,0,0.0011264118,0
LA_D_2158229,0,0.0041616787,0
LA_D_2195628,0,0.00056929304,0
LA_D_2265384,0,0.0009533128,0
LA_D_2274956,0,0.0023153794,0
LA_D_2282941,0,0.0021625091,0
LA_D_2287068,0,0.0011227871,0
LA_D_2290106,0,0.0011485766,0
LA_D_2388321,0,0.001102388,0
LA_D_2424417,0,0.00094801275,0
LA_D_2451686,0,0.0037093791,0
LA_D_2483131,0,0.00016066957,0
LA_D_2485529,0,0.0020186123,0
LA_D_2489813,0,0.00233777,0
LA_D_2590761,0,0.008872039,0
LA_D_2621260,0,0.0020120582,0
LA_D_2625129,0,0.00095479947,0
LA_D_2655621,0,0.0047014034,0
LA_D_2692895,0,0.0009357548,0
LA_D_2720424,0,0.001720847,0
LA_D_2735004,0,0.005191089,0
LA_D_2736443,0,0.00031530912,0
LA_D_2822470,0,0.008031478,0
LA_D_2923476,0,0.004607197,0
LA_D_2931790,0,0.0011930071,0
LA_D_3038261,0,0.0007920571,0
LA_D_3094249,0,0.00046547435,0
LA_D_3101356,0,0.00059286,0
LA_D_3164806,0,0.002000201,0
LA_D_3179309,0,0.0012069737,0
LA_D_3197490,0,0.0005232206,0
LA_D_3213920,0,0.0013412117,0
LA_D_3248074,0,0.002483356,0
LA_D_3275794,0,0.008526652,0
LA_D_3307235,0,0.00049597904,0
LA_D_3369365,0,0.002668185,0
LA_D_3418140,0,0.00027239785,0
LA_D_3421613,0,0.020774374,0
LA_D_3422355,0,0.0051361453,0
LA_D_3427328,0,0.0005786102,0
LA_D_3460862,0,0.0010920626,0
LA_D_3476775,0,0.0011909759,0
LA_D_3515006,0,0.0010628777,0
LA_D_3526562,0,0.0010139935,0
LA_D_3548689,0,0.0011692229,0
LA_D_3589733,0,0.0028709194,0
LA_D_3603256,0,0.00049479445,0
LA_D_3618771,0,0.00049868895,0
LA_D_3622353,0,0.001025978,0
LA_D_3734390,0,0.00087487773,0
LA_D_3745321,0,0.0009271795,0
LA_D_3750321,0,0.0007054822,0
LA_D_3771602,0,0.00059534406,0
LA_D_3774026,0,0.0005502989,0
LA_D_3857630,0,0.00093334,0
LA_D_3863951,0,0.0031734414,0
LA_D_3895547,0,0.007444324,0
LA_D_3911013,0,0.0026258344,0
LA_D_3913064,0,0.0010539733,0
LA_D_3916686,0,0.0010759004,0
LA_D_3931322,0,0.0016095618,0
LA_D_3965995,0,0.010063925,0
LA_D_3975408,0,0.0005841525,0
LA_D_3977983,0,0.0011346834,0
LA_D_3989469,0,0.000988824,0
LA_D_4018947,0,0.00088957895,0
LA_D_4035138,0,0.00044324633,0
LA_D_4036070,0,0.0015910577,0
LA_D_4037538,0,0.00110163,0
LA_D_4071164,0,0.0006313238,0
LA_D_4079359,0,0.00088208384,0
LA_D_4107017,0,0.0023517357,0
LA_D_4116325,0,0.0013349996,0
LA_D_4150517,0,0.00035992995,0
LA_D_4167033,0,0.0034453247,0
LA_D_4232929,0,0.0008844344,0
LA_D_4249206,0,0.0007315327,0
LA_D_4262014,0,0.00043046064,0
LA_D_4331052,0,0.017877834,0
LA_D_4344547,0,0.0010189026,0
LA_D_4382110,0,0.0002863068,0
LA_D_4411229,0,0.005093092,0
LA_D_4452994,0,0.0025829156,0
LA_D_4467077,0,0.00083737395,0
LA_D_4505290,0,0.0017581233,0
LA_D_4539356,0,0.01109135,0
LA_D_4555408,0,0.002604778,0
LA_D_4585593,0,0.0011394824,0
LA_D_4606355,0,0.0010694563,0
LA_D_4627319,0,0.0053940522,0
LA_D_4685861,0,0.0014776165,0
LA_D_4708179,0,0.0033323271,0
LA_D_4735638,0,0.0015079158,0
LA_D_4744246,0,0.0019178387,0
LA_D_4767892,0,0.00051640393,0
LA_D_4793229,0,0.0052965963,0
LA_D_4796348,0,0.009105287,0
LA_D_4969991,0,0.004520316,0
LA_D_4991294,0,0.0031511937,0
LA_D_5012127,0,0.004448407,0
LA_D_5055165,0,0.00035994643,0
LA_D_5109561,0,0.004342526,0
LA_D_5140508,0,0.036752254,0
LA_D_5163761,0,0.0006977721,0
LA_D_5193544,0,0.00023585994,0
LA_D_5220521,0,0.0019469126,0
LA_D_5253806,0,0.0004970436,0
LA_D_5269911,0,0.014007544,0
LA_D_5312245,0,0.0010887422,0
LA_D_5404458,0,0.00097035547,0
LA_D_5409509,0,0.00060021057,0
LA_D_5459095,0,0.0032595852,0
LA_D_5476884,0,0.032307893,0
LA_D_5486513,0,0.0020884234,0
LA_D_5536552,0,0.0004741923,0
LA_D_5549592,0,0.0026137102,0
LA_D_5609423,0,0.0013006619,0
LA_D_5613500,0,0.0034843432,0
LA_D_5622630,0,0.0037319348,0
LA_D_5673312,0,0.0014139129,0
LA_D_5679192,0,0.0017204914,0
LA_D_5685998,0,0.007109954,0
LA_D_5769309,0,0.00072212925,0
LA_D_5801020,0,0.00064406916,0
LA_D_5830923,0,0.0009919301,0
LA_D_5861399,0,0.00060354825,0
LA_D_5887076,0,0.00052768685,0
LA_D_5908876,0,0.0005764106,0
LA_D_6028756,0,0.0009770041,0
LA_D_6062114,0,0.0013275285,0
LA_D_6079609,0,0.00067759736,0
LA_D_6113648,0,0.0015074557,0
LA_D_6141449,0,0.009385821,0
LA_D_6161090,0,0.0005462338,0
LA_D_6161483,0,0.00067920756,0
LA_D_6165815,0,0.0026707393,0
LA_D_6184039,0,0.0011029978,0
LA_D_6206158,0,0.005951297,0
LA_D_6291610,0,0.001785965,0
LA_D_6432124,0,0.0017101942,0
LA_D_6449816,0,0.00083486584,0
LA_D_6462722,0,0.010216691,0
LA_D_6525457,0,0.004681125,0
LA_D_6603638,0,0.0004659665,0
LA_D_6634413,0,0.0022493117,0
LA_D_6656541,0,0.0006983468,0
LA_D_6698865,0,0.0012706188,0
LA_D_6709571,0,0.003875172,0
LA_D_6710971,0,0.0054856576,0
LA_D_6773995,0,0.007775649,0
LA_D_6777944,0,0.056615207,0
LA_D_6791229,0,0.0025615068,0
LA_D_6807774,0,0.0007622659,0
LA_D_6842546,0,0.0006797266,0
LA_D_6847229,0,0.00055203045,0
LA_D_6854275,0,0.0007816673,0
LA_D_6897891,0,0.002179937,0
LA_D_6953783,0,0.0011679784,0
LA_D_6973097,0,0.0006922543,0
LA_D_6987202,0,0.0034465068,0
LA_D_7086357,0,0.0025599345,0
LA_D_7097361,0,0.0007290537,0
LA_D_7116605,0,0.021718988,0
LA_D_7187563,0,0.00064191263,0
LA_D_7209731,0,0.0057827323,0
LA_D_7289655,0,0.0012363425,0
LA_D_7312870,0,0.0012313254,0
LA_D_7336188,0,0.001101597,0
LA_D_7346067,0,0.001987029,0
LA_D_7354898,0,0.00095804856,0
LA_D_7431998,0,0.0012498046,0
LA_D_7470679,0,0.0105016595,0
LA_D_7473728,0,0.0053465106,0
LA_D_7551227,0,0.0013170758,0
LA_D_7623757,0,0.002288597,0
LA_D_7647218,0,0.00059677,0
LA_D_7659039,0,0.0011816156,0
LA_D_7683536,0,0.0023453815,0
LA_D_7773540,0,0.014752174,0
LA_D_7803058,0,0.0008104229,0
LA_D_7804582,0,0.0012795463,0
LA_D_7824709,0,0.0004587314,0
LA_D_7828554,0,0.0008448046,0
LA_D_7853660,0,0.0027405783,0
LA_D_7895951,0,0.0015413037,0
LA_D_7905993,0,0.0011550583,0
LA_D_7944594,0,0.00043649806,0
LA_D_8006888,0,0.0006698473,0
LA_D_8030557,0,0.0058768718,0
LA_D_8103199,0,0.0012594884,0
LA_D_8125961,0,0.02567382,0
LA_D_8167492,0,0.0012553463,0
LA_D_8172970,0,0.004256401,0
LA_D_8257425,0,0.0006325199,0
LA_D_8261981,0,0.0010607834,0
LA_D_8263001,0,0.0029542374,0
LA_D_8282334,0,0.0010728535,0
LA_D_8352186,0,0.006856309,0
LA_D_8368027,0,0.013305959,0
LA_D_8377834,0,0.00062530616,0
LA_D_8445966,0,0.00051261863,0
LA_D_8450378,0,0.00030851917,0
LA_D_8478346,0,0.0012096541,0
LA_D_8481884,0,0.0018018776,0
LA_D_8511990,0,0.00053889473,0
LA_D_8521403,0,0.002772282,0
LA_D_8582209,0,0.0010516214,0
LA_D_8594091,0,0.0041688248,0
LA_D_8610307,0,0.009381278,0
LA_D_8635185,0,0.0010660158,0
LA_D_8675909,0,0.0042947344,0
LA_D_8702097,0,0.007303618,0
LA_D_8736560,0,0.001830926,0
LA_D_8739986,0,0.00094585016,0
LA_D_8743472,0,0.00882352,0
LA_D_8779034,0,0.0019414932,0
LA_D_8798927,0,0.0026970536,0
LA_D_8988479,0,0.0018820264,0
LA_D_9021893,0,0.0022731405,0
LA_D_9119095,0,0.0031851274,0
LA_D_9183719,0,0.0010241844,0
LA_D_9192418,0,0.010808549,0
LA_D_9197542,0,0.0032500157,0
LA_D_9203142,0,0.0008320025,0
LA_D_9232895,0,0.0022878144,0
LA_D_9289288,0,0.00058601785,0
LA_D_9344368,0,0.003091386,0
LA_D_9363151,0,0.0006671746,0
LA_D_9382127,0,0.00063691736,0
LA_D_9384507,0,0.005640625,0
LA_D_9431218,0,0.0015706606,0
LA_D_9459944,0,0.0012559766,0
LA_D_9467977,0,0.038673114,0
LA_D_9492240,0,0.0011853769,0
LA_D_9500692,0,0.0005213895,0
LA_D_9505564,0,0.02989958,0
LA_D_9520422,0,0.00095446705,0
LA_D_9566347,0,0.0062286495,0
LA_D_9581321,0,0.0017755851,0
LA_D_9635349,0,0.16553515,0
LA_D_9664872,0,0.0015291644,0
LA_D_9678415,0,0.0018722622,0
LA_D_9712952,0,0.015091647,0
LA_D_9731820,0,0.0021790399,0
LA_D_9753113,0,0.0008103295,0
LA_D_9801886,0,0.029819107,0
LA_D_9838599,0,0.006093373,0
LA_D_9872046,0,0.0014539845,0
LA_D_9872925,0,0.0019067825,0
LA_D_9934410,0,0.001260897,0
LA_D_9955936,0,0.0006042203,0
LA_D_9980325,0,0.00082961255,0
LA_D_9982743,0,0.00056739384,0
LA_D_1001095,0,0.00033045284,0
LA_D_1036594,0,0.0010873367,0
LA_D_1036986,0,0.0014806363,0
LA_D_1065306,0,0.001134485,0
LA_D_1073474,0,0.000720124,0
LA_D_1084765,0,0.0039534764,0
LA_D_1085765,0,0.004999385,0
LA_D_1097191,0,0.0029612742,0
LA_D_1202021,0,0.009864349,0
LA_D_1261801,0,0.00084156386,0
LA_D_1264748,0,0.00045222102,0
LA_D_1325941,0,0.0025241626,0
LA_D_1348124,0,0.0014313345,0
LA_D_1362199,0,0.0004893547,0
LA_D_1369901,0,0.00057301635,0
LA_D_1385978,0,0.00086767005,0
LA_D_1401409,0,0.00854465,0
LA_D_1473361,0,0.000264125,0
LA_D_1477090,0,0.00094643293,0
LA_D_1533857,0,0.001915561,0
LA_D_1541976,0,0.0006538439,0
LA_D_1580544,0,0.009861075,0
LA_D_1653412,0,0.0017898296,0
LA_D_1656978,0,0.008227634,0
LA_D_1675990,0,0.0020467523,0
LA_D_1689302,0,0.020612339,0
LA_D_1699219,0,0.002610988,0
LA_D_1733065,0,0.0008118331,0
LA_D_1782967,0,0.0022191373,0
LA_D_1808507,0,0.005524379,0
LA_D_1811445,0,0.0019957875,0
LA_D_1830846,0,0.0020184547,0
LA_D_1845069,0,0.00063813565,0
LA_D_1882691,0,0.0010419531,0
LA_D_1897752,0,0.0012344845,0
LA_D_1907831,0,0.0012273816,0
LA_D_1990270,0,0.0019599248,0
LA_D_1999219,0,0.0017209878,0
LA_D_2000093,0,0.002648685,0
LA_D_2034813,0,0.0046431134,0
LA_D_2039768,0,0.0032233514,0
LA_D_2049455,0,0.0047048475,0
LA_D_2065272,0,0.001658729,0
LA_D_2074516,0,0.0008871454,0
LA_D_2085012,0,0.0032049944,0
LA_D_2113565,0,0.00020138938,0
LA_D_2125183,0,0.000599497,0
LA_D_2143803,0,0.0021460718,0
LA_D_2146476,0,0.0034693566,0
LA_D_2156580,0,0.0021302192,0
LA_D_2165611,0,0.03719277,0
LA_D_2185134,0,0.001139057,0
LA_D_2195201,0,0.0013521867,0
LA_D_2231364,0,0.00040724903,0
LA_D_2327416,0,0.0020607403,0
LA_D_2332467,0,0.0031100078,0
LA_D_2396773,0,0.00028598626,0
LA_D_2413811,0,0.001570271,0
LA_D_2418943,0,0.0041722707,0
LA_D_2419036,0,0.0018950134,0
LA_D_2434538,0,0.0009275086,0
LA_D_2488913,0,0.0044540213,0
LA_D_2490025,0,0.00034398155,0
LA_D_2553532,0,0.0035695813,0
LA_D_2566690,0,0.0014082877,0
LA_D_2576768,0,0.0010958152,0
LA_D_2602113,0,0.002056247,0
LA_D_2609052,0,0.0011146946,0
LA_D_2623262,0,0.0024467725,0
LA_D_2625605,0,0.0032761153,0
LA_D_2649278,0,0.0010432593,0
LA_D_2649880,0,0.0027336304,0
LA_D_2655283,0,0.00063038524,0
LA_D_2693758,0,0.002362698,0
LA_D_2705731,0,0.00047060743,0
LA_D_2708980,0,0.0024715895,0
LA_D_2736449,0,0.001293063,0
LA_D_2772837,0,0.023789052,0
LA_D_2825662,0,0.0013251979,0
LA_D_2826776,0,0.0037812772,0
LA_D_2835735,0,0.0015857046,0
LA_D_2849155,0,0.0031882082,0
LA_D_2853662,0,0.0015128253,0
LA_D_2885274,0,0.002777304,0
LA_D_2912682,0,0.00086622447,0
LA_D_2928032,0,0.0037004538,0
LA_D_2948723,0,0.0069235475,0
LA_D_3019114,0,0.00057155866,0
LA_D_3081777,0,0.0012245594,0
LA_D_3101866,0,0.0016869812,0
LA_D_3116504,0,0.0014523717,0
LA_D_3116736,0,0.0009143409,0
LA_D_3144655,0,0.00049683236,0
LA_D_3153050,0,0.009005892,0
LA_D_3158608,0,0.003150365,0
LA_D_3159204,0,0.0016178272,0
LA_D_3176378,0,0.0030154295,0
LA_D_3251300,0,0.0016135866,0
LA_D_3254201,0,0.0011209901,0
LA_D_3259137,0,0.00037107506,0
LA_D_3347156,0,0.0035069278,0
LA_D_3349453,0,0.00413332,0
LA_D_3383046,0,0.013259612,0
LA_D_3386727,0,0.001363728,0
LA_D_3446645,0,0.00045876615,0
LA_D_3461953,0,0.00199991,0
LA_D_3468801,0,0.0026393034,0
LA_D_3508879,0,0.00077555137,0
LA_D_3533916,0,0.0025236823,0
LA_D_3534602,0,0.002887381,0
LA_D_3539484,0,0.0014541722,0
LA_D_3582380,0,0.0032966859,0
LA_D_3593928,0,0.0005865387,0
LA_D_3597531,0,0.0032639029,0
LA_D_3611560,0,0.0025209591,0
LA_D_3666804,0,0.0018992497,0
LA_D_3682065,0,0.0035323377,0
LA_D_3682613,0,0.0011379269,0
LA_D_3701247,0,0.00064649375,0
LA_D_3746495,0,0.0019066627,0
LA_D_3760422,0,0.00054444413,0
LA_D_3773329,0,0.0012384139,0
LA_D_3808030,0,0.001717925,0
LA_D_3823574,0,0.0021208418,0
LA_D_3827873,0,0.0017514685,0
LA_D_3835319,0,0.0005709777,0
LA_D_3865981,0,0.0014217788,0
LA_D_4024245,0,0.0126853045,0
LA_D_4048880,0,0.0005876727,0
LA_D_4057176,0,0.0032500483,0
LA_D_4099596,0,0.0013096761,0
LA_D_4142832,0,0.004248712,0
LA_D_4162885,0,0.000728896,0
LA_D_4176167,0,0.0022861355,0
LA_D_4185000,0,0.0015996647,0
LA_D_4185261,0,0.0019912357,0
LA_D_4192008,0,0.000791003,0
LA_D_4200824,0,0.0038625617,0
LA_D_4200974,0,0.0004604748,0
LA_D_4206836,0,0.0003027938,0
LA_D_4218588,0,0.0015020717,0
LA_D_4226126,0,0.0007092458,0
LA_D_4239904,0,0.0011186379,0
LA_D_4290017,0,0.0037135123,0
LA_D_4304225,0,0.0025929469,0
LA_D_4335932,0,0.0009094181,0
LA_D_4348413,0,0.0013343233,0
LA_D_4353332,0,0.0006269311,0
LA_D_4365682,0,0.0011447934,0
LA_D_4377114,0,0.0018289576,0
LA_D_4442511,0,0.001217973,0
LA_D_4488788,0,0.0012917214,0
LA_D_4507888,0,0.0015286629,0
LA_D_4554509,0,0.0026185876,0
LA_D_4556349,0,0.0050651953,0
LA_D_4562728,0,0.0007538925,0
LA_D_4567965,0,0.0017313147,0
LA_D_4593541,0,0.0039695934,0
LA_D_4601171,0,0.0011421225,0
LA_D_4601616,0,0.0017797466,0
LA_D_4617063,0,0.0018317027,0
LA_D_4626453,0,0.0015802357,0
LA_D_4678507,0,0.0032100666,0
LA_D_4683975,0,0.0013445645,0
LA_D_4745476,0,0.0021123276,0
LA_D_4776677,0,0.00076155073,0
LA_D_4784347,0,0.0002806607,0
LA_D_4810605,0,0.004500099,0
LA_D_4816769,0,0.0016846987,0
LA_D_4845159,0,0.0037750388,0
LA_D_4899370,0,0.0016358654,0
LA_D_4914250,0,0.0022911243,0
LA_D_4929765,0,0.0041720113,0
LA_D_4931376,0,0.00050677,0
LA_D_4935046,0,0.0014338538,0
LA_D_4935731,0,0.00063577056,0
LA_D_4939706,0,0.0014755327,0
LA_D_4954651,0,0.0015198955,0
LA_D_4974078,0,0.0035358258,0
LA_D_4979175,0,0.00037127268,0
LA_D_5013283,0,0.0033630559,0
LA_D_5070679,0,0.0030950499,0
LA_D_5073015,0,0.001912956,0
LA_D_5074932,0,0.0026926256,0
LA_D_5081966,0,0.00036306115,0
LA_D_5091510,0,0.0023642338,0
LA_D_5117623,0,0.0017530667,0
LA_D_5131724,0,0.0005892234,0
LA_D_5136094,0,0.0021121264,0
LA_D_5198588,0,0.0062041525,0
LA_D_5212385,0,0.0013740316,0
LA_D_5239066,0,0.0020127497,0
LA_D_5246528,0,0.0030967956,0
LA_D_5263011,0,0.0054739295,0
LA_D_5269027,0,0.002014856,0
LA_D_5294224,0,0.0009733656,0
LA_D_5297638,0,0.0019373567,0
LA_D_5299238,0,0.0003628231,0
LA_D_5325527,0,0.001252524,0
LA_D_5372592,0,0.0020267784,0
LA_D_5393942,0,0.0015188523,0
LA_D_5404416,0,0.0016822272,0
LA_D_5448101,0,0.00088379165,0
LA_D_5458900,0,0.008638957,0
LA_D_5478028,0,0.08667813,0
LA_D_5548468,0,0.0016765991,0
LA_D_5574945,0,0.0020956406,0
LA_D_5576148,0,0.043926705,0
LA_D_5611461,0,0.0005403012,0
LA_D_5677611,0,0.0010600889,0
LA_D_5687626,0,0.006663459,0
LA_D_5718984,0,0.0035482277,0
LA_D_5723608,0,0.002613918,0
LA_D_5734083,0,0.0019110144,0
LA_D_5743745,0,0.004460081,0
LA_D_5760810,0,0.0019622217,0
LA_D_5770424,0,0.0160948,0
LA_D_5779022,0,0.0007229276,0
LA_D_5817478,0,0.00051844923,0
LA_D_5821269,0,0.0006439525,0
LA_D_5858787,0,0.004839164,0
LA_D_5871485,0,0.0022596226,0
LA_D_5878266,0,0.015408311,0
LA_D_5911892,0,0.0017542446,0
LA_D_5986701,0,0.0018946589,0
LA_D_6060308,0,0.0024486645,0
LA_D_6062316,0,0.0048864675,0
LA_D_6086453,0,0.001093953,0
LA_D_6093454,0,0.0009173681,0
LA_D_6100016,0,0.002932101,0
LA_D_6124016,0,0.006910429,0
LA_D_6179252,0,0.004315839,0
LA_D_6186728,0,0.00054865464,0
LA_D_6208335,0,0.0035489695,0
LA_D_6218509,0,0.0011359212,0
LA_D_6238446,0,0.00057239353,0
LA_D_6243690,0,0.00031957566,0
LA_D_6264639,0,0.0011190616,0
LA_D_6268296,0,0.0030937719,0
LA_D_6270876,0,0.0016055079,0
LA_D_6280073,0,0.0010599627,0
LA_D_6301940,0,0.0031776088,0
LA_D_6315906,0,0.0024761092,0
LA_D_6404209,0,0.00189338,0
LA_D_6410108,0,0.011674939,0
LA_D_6417597,0,0.0075771767,0
LA_D_6442890,0,0.0049095736,0
LA_D_6522313,0,0.0009419422,0
LA_D_6550883,0,0.00079242885,0
LA_D_6551713,0,0.00048289832,0
LA_D_6565562,0,0.00639087,0
LA_D_6598988,0,0.0012692303,0
LA_D_6651726,0,0.00043556577,0
LA_D_6660188,0,0.0026473424,0
LA_D_6751883,0,0.0021153411,0
LA_D_6798093,0,0.0029049732,0
LA_D_6840690,0,0.0021966812,0
LA_D_6893250,0,0.002689113,0
LA_D_6904176,0,0.0009586635,0
LA_D_6905344,0,0.053801514,0
LA_D_6913174,0,0.0022837569,0
LA_D_6925836,0,0.00043528707,0
LA_D_6931090,0,0.0013511428,0
LA_D_6965307,0,0.0016901118,0
LA_D_6993157,0,0.0013874882,0
LA_D_7015244,0,0.0015711176,0
LA_D_7029392,0,0.00071762514,0
LA_D_7034755,0,0.0015502779,0
LA_D_7064323,0,0.0027760656,0
LA_D_7065500,0,0.0021578798,0
LA_D_7100095,0,0.0065127546,0
LA_D_7111174,0,0.0014336571,0
LA_D_7138620,0,0.0012663237,0
LA_D_7190406,0,0.0021226308,0
LA_D_7197317,0,0.00033395304,0
LA_D_7218513,0,0.00090286933,0
LA_D_7225053,0,0.0038118206,0
LA_D_7233780,0,0.0018895369,0
LA_D_7234016,0,0.0030232407,0
LA_D_7253817,0,0.00090139086,0
LA_D_7295722,0,0.007067666,0
LA_D_7310490,0,0.005793956,0
LA_D_7325649,0,0.00038571967,0
LA_D_7347549,0,0.0018008967,0
LA_D_7366011,0,0.036275584,0
LA_D_7373652,0,0.003210538,0
LA_D_7377187,0,0.005005765,0
LA_D_7389015,0,0.004971137,0
LA_D_7410620,0,0.0024854064,0
LA_D_7414510,0,0.010849646,0
LA_D_7421940,0,0.0012468167,0
LA_D_7430660,0,0.0016506471,0
LA_D_7440074,0,0.00074913434,0
LA_D_7480369,0,0.0015255342,0
LA_D_7484636,0,0.0029055148,0
LA_D_7490527,0,0.0023841553,0
LA_D_7493894,0,0.0007699556,0
LA_D_7525244,0,0.00023114277,0
LA_D_7533258,0,0.002425445,0
LA_D_7535853,0,0.00353775,0
LA_D_7554684,0,0.0011058106,0
LA_D_7574071,0,0.00025707236,0
LA_D_7588214,0,0.00068969897,0
LA_D_7591549,0,0.00258288,0
LA_D_7625011,0,0.0011164183,0
LA_D_7627669,0,0.00067125837,0
LA_D_7655266,0,0.0017649594,0
LA_D_7656709,0,0.0019461939,0
LA_D_7681644,0,0.0011849118,0
LA_D_7693912,0,0.0031802952,0
LA_D_7694213,0,0.0023744071,0
LA_D_7755104,0,0.0030025297,0
LA_D_7770558,0,0.007181035,0
LA_D_7774318,0,0.0012610292,0
LA_D_7795831,0,0.00038399306,0
LA_D_7823248,0,0.0010273767,0
LA_D_7906665,0,0.00059936394,0
LA_D_7933136,0,0.00292626,0
LA_D_7970494,0,0.008395342,0
LA_D_7972028,0,0.0016387758,0
LA_D_7974481,0,0.006247802,0
LA_D_8024787,0,0.0017223007,0
LA_D_8028295,0,0.00079692475,0
LA_D_8062342,0,0.0072195805,0
LA_D_8066346,0,0.0021687865,0
LA_D_8094005,0,0.0033961798,0
LA_D_8099511,0,0.0049468568,0
LA_D_8128338,0,0.0010422013,0
LA_D_8128760,0,0.0036609508,0
LA_D_8159037,0,0.0018193966,0
LA_D_8169401,0,0.0010193265,0
LA_D_8182963,0,0.0051867054,0
LA_D_8191193,0,0.0016809353,0
LA_D_8244933,0,0.0013092933,0
LA_D_8310080,0,0.0009347639,0
LA_D_8317011,0,0.0007557974,0
LA_D_8357910,0,0.00091655285,0
LA_D_8373522,0,0.0014640375,0
LA_D_8452415,0,0.005202934,0
LA_D_8473995,0,0.0030012352,0
LA_D_8480524,0,0.0013089298,0
LA_D_8546378,0,0.0035471842,0
LA_D_8561006,0,0.00077799254,0
LA_D_8583087,0,0.008925047,0
LA_D_8587705,0,0.0013459976,0
LA_D_8610426,0,0.00055850524,0
LA_D_8618689,0,0.0006334481,0
LA_D_8619253,0,0.0045127072,0
LA_D_8631402,0,0.000413258,0
LA_D_8682472,0,0.00053817284,0
LA_D_8763399,0,0.0014559126,0
LA_D_8764534,0,0.0014524492,0
LA_D_8801530,0,0.00037758122,0
LA_D_8833920,0,0.0014988069,0
LA_D_8867068,0,0.0011092494,0
LA_D_8875770,0,0.00041519702,0
LA_D_8889202,0,0.0010197038,0
LA_D_8891088,0,0.002347908,0
LA_D_8932992,0,0.00043309896,0
LA_D_8937390,0,0.0028778773,0
LA_D_8957959,0,0.00040924043,0
LA_D_8962012,0,0.0069710272,0
LA_D_8969618,0,0.0003264588,0
LA_D_8976318,0,0.0016694879,0
LA_D_9001681,0,0.0007191617,0
LA_D_9011511,0,0.00296868,0
LA_D_9023318,0,0.0020679475,0
LA_D_9048413,0,0.0016907959,0
LA_D_9053095,0,0.0022451784,0
LA_D_9059452,0,0.0049907323,0
LA_D_9109915,0,0.0021763688,0
LA_D_9119177,0,0.00042008495,0
LA_D_9131527,0,0.060080677,0
LA_D_9148724,0,0.0040351483,0
LA_D_9160139,0,0.0047347373,0
LA_D_9160943,0,0.0007111531,0
LA_D_9173096,0,0.0008860016,0
LA_D_9196257,0,0.0017288809,0
LA_D_9233697,0,0.0004957367,0
LA_D_9259569,0,0.00073152705,0
LA_D_9275774,0,0.0015719142,0
LA_D_9310262,0,0.0005128588,0
LA_D_9355453,0,0.0014965336,0
LA_D_9374784,0,0.0012648663,0
LA_D_9379842,0,0.0017837426,0
LA_D_9410329,0,0.0038564184,0
LA_D_9421514,0,0.0007000143,0
LA_D_9422436,0,0.0013778324,0
LA_D_9436350,0,0.008353432,0
LA_D_9439087,0,0.0021272749,0
LA_D_9444024,0,0.001506726,0
LA_D_9481030,0,0.0016493872,0
LA_D_9535722,0,0.0012497142,0
LA_D_9577103,0,0.008442433,0
LA_D_9584769,0,0.001066574,0
LA_D_9585648,0,0.001556708,0
LA_D_9588548,0,0.00064142805,0
LA_D_9594921,0,0.0018989468,0
LA_D_9596234,0,0.0011784189,0
LA_D_9596658,0,0.0019469804,0
LA_D_9604838,0,0.0014907754,0
LA_D_9635881,0,0.00085315993,0
LA_D_9642537,0,0.0016041948,0
LA_D_9654253,0,0.0018487305,0
LA_D_9688839,0,0.0007486291,0
LA_D_9694827,0,0.0011303944,0
LA_D_9749510,0,0.0009775483,0
LA_D_9767258,0,0.0034301693,0
LA_D_9829627,0,0.00058734475,0
LA_D_9831804,0,0.004952244,0
LA_D_9930845,0,0.002413966,0
LA_D_9982535,0,0.01056617,0
LA_D_9993251,0,0.0014108152,0
LA_D_9993800,0,0.0010316918,0
LA_D_1004774,0,0.00078942016,0
LA_D_1020087,0,0.0009817235,0
LA_D_1083406,0,0.0003032462,0
LA_D_1088963,0,0.0012263219,0
LA_D_1091851,0,0.00036396217,0
LA_D_1094379,0,0.00061633065,0
LA_D_1144247,0,0.0016900742,0
LA_D_1206907,0,0.00016392922,0
LA_D_1249012,0,0.0022553834,0
LA_D_1251939,0,0.000495983,0
LA_D_1258579,0,0.00052756665,0
LA_D_1296597,0,0.002499186,0
LA_D_1301398,0,0.001045861,0
LA_D_1336509,0,0.0008668941,0
LA_D_1397703,0,0.0016348306,0
LA_D_1530620,0,0.0005716474,0
LA_D_1561911,0,0.0003433851,0
LA_D_1566347,0,0.00033595893,0
LA_D_1569257,0,0.00020911326,0
LA_D_1591743,0,0.00052170816,0
LA_D_1598405,0,0.0004390395,0
LA_D_1609660,0,0.00020077966,0
LA_D_1613936,0,0.0036787188,0
LA_D_1646097,0,0.00052898185,0
LA_D_1715749,0,0.00045564523,0
LA_D_1728757,0,0.00014817576,0
LA_D_1732607,0,0.00018559028,0
LA_D_1767120,0,0.0014212515,0
LA_D_1768591,0,0.0015824838,0
LA_D_1768659,0,0.0033575853,0
LA_D_1783287,0,0.0002837708,0
LA_D_1901077,0,0.0003159335,0
LA_D_1928274,0,0.002282912,0
LA_D_1988141,0,0.00045678328,0
LA_D_2031889,0,0.00036034847,0
LA_D_2033572,0,0.00090588187,0
LA_D_2147894,0,0.0017898626,0
LA_D_2185899,0,0.0073449994,0
LA_D_2187760,0,0.0011135177,0
LA_D_2195595,0,0.0019579504,0
LA_D_2197541,0,0.0006403935,0
LA_D_2200669,0,0.00049159885,0
LA_D_2227552,0,0.00034639373,0
LA_D_2279448,0,0.000384193,0
LA_D_2280644,0,0.00074254826,0
LA_D_2290771,0,0.00043261886,0
LA_D_2300597,0,0.0005752729,0
LA_D_2307932,0,0.0004286309,0
LA_D_2309565,0,0.00061009265,0
LA_D_2347486,0,0.0010871452,0
LA_D_2368097,0,0.0003982334,0
LA_D_2395699,0,0.0006216674,0
LA_D_2419825,0,0.0006933186,0
LA_D_2427170,0,0.0010569858,0
LA_D_2427445,0,0.01833168,0
LA_D_2437399,0,0.00074950675,0
LA_D_2498281,0,0.000649723,0
LA_D_2498389,0,0.00035198563,0
LA_D_2502487,0,0.0013370643,0
LA_D_2510886,0,0.0010749989,0
LA_D_2519499,0,0.006956409,0
LA_D_2534146,0,0.00058367447,0
LA_D_2544697,0,0.0006202748,0
LA_D_2567965,0,0.00031502277,0
LA_D_2572361,0,0.00045039476,0
LA_D_2575136,0,0.00096649316,0
LA_D_2581071,0,0.00046486396,0
LA_D_2596003,0,0.0008124936,0
LA_D_2598422,0,0.00019117066,0
LA_D_2633677,0,0.0010195664,0
LA_D_2638042,0,0.00056965323,0
LA_D_2794299,0,0.0032470035,0
LA_D_2807278,0,0.00017043376,0
LA_D_2833236,0,0.00048811926,0
LA_D_2869838,0,0.0007993775,0
LA_D_2884464,0,0.00066205376,0
LA_D_2907481,0,0.0015538661,0
LA_D_2920298,0,0.0017755666,0
LA_D_2939133,0,0.00048225294,0
LA_D_2940135,0,0.00081235735,0
LA_D_2946840,0,0.0008440462,0
LA_D_2966111,0,0.000695149,0
LA_D_2970964,0,4.719822e-05,0
LA_D_2971908,0,0.00062378537,0
LA_D_2991252,0,0.0015615716,0
LA_D_3035741,0,0.002465194,0
LA_D_3049487,0,0.0014957058,0
LA_D_3090466,0,0.00076306687,0
LA_D_3094177,0,0.0004692931,0
LA_D_3104504,0,0.0006833805,0
LA_D_3130678,0,0.0019355954,0
LA_D_3141028,0,0.0016584068,0
LA_D_3144485,0,0.0023130544,0
LA_D_3242114,0,0.0015761213,0
LA_D_3242439,0,0.0003145336,0
LA_D_3244196,0,0.00061706715,0
LA_D_3249077,0,0.0009495617,0
LA_D_3260123,0,0.0017085205,0
LA_D_3273302,0,0.00036756662,0
LA_D_3284907,0,0.0048494325,0
LA_D_3416456,0,0.0012016308,0
LA_D_3435616,0,0.0013254047,0
LA_D_3449692,0,0.0005047964,0
LA_D_3450019,0,0.0051093446,0
LA_D_3495106,0,0.0006031561,0
LA_D_3504984,0,0.002844094,0
LA_D_3534463,0,0.000587178,0
LA_D_3605088,0,0.009670495,0
LA_D_3615708,0,0.00864995,0
LA_D_3659236,0,0.0023844424,0
LA_D_3691538,0,0.00058707927,0
LA_D_3700696,0,0.00024154142,0
LA_D_3758904,0,0.00036300856,0
LA_D_3772573,0,0.0006794967,0
LA_D_3822874,0,0.0101568885,0
LA_D_3851125,0,0.0011146266,0
LA_D_3864419,0,0.0019615365,0
LA_D_3963572,0,0.00026535222,0
LA_D_4069031,0,0.00031782463,0
LA_D_4123679,0,0.0034307875,0
LA_D_4134915,0,0.00046704925,0
LA_D_4164409,0,0.0011281149,0
LA_D_4181824,0,0.0019368401,0
LA_D_4208598,0,0.0009912575,0
LA_D_4225742,0,0.0015190027,0
LA_D_4272619,0,0.0015014661,0
LA_D_4326894,0,0.008039729,0
LA_D_4332784,0,0.0014296351,0
LA_D_4337797,0,0.0005523679,0
LA_D_4347644,0,0.00089279504,0
LA_D_4402259,0,0.0071647144,0
LA_D_4418754,0,0.0012852491,0
LA_D_4430789,0,0.00068437646,0
LA_D_4445174,0,0.0031860557,0
LA_D_4451989,0,0.00046019664,0
LA_D_4469413,0,0.0026891476,0
LA_D_4540622,0,0.00031538127,0
LA_D_4575624,0,0.0004305105,0
LA_D_4595256,0,0.00047028685,0
LA_D_4673712,0,0.00055755634,0
LA_D_4702864,0,0.0028792638,0
LA_D_4712578,0,0.0008227759,0
LA_D_4730111,0,0.0008849511,0
LA_D_4736521,0,0.0006351331,0
LA_D_4755303,0,0.0006696775,0
LA_D_4765748,0,0.00093954103,0
LA_D_4772711,0,0.00029419013,0
LA_D_4777273,0,0.0012337103,0
LA_D_4804886,0,0.000409022,0
LA_D_4825879,0,0.0008800053,0
LA_D_4864665,0,0.00041635914,0
LA_D_4946274,0,0.00021708444,0
LA_D_4966032,0,0.00027823143,0
LA_D_5005973,0,0.0005303005,0
LA_D_5010817,0,0.0004015394,0
LA_D_5089751,0,0.00027354193,0
LA_D_5092940,0,0.00064469065,0
LA_D_5147678,0,0.0016124155,0
LA_D_5171645,0,0.0002754033,0
LA_D_5258807,0,0.0009519133,0
LA_D_5270228,0,0.00030421338,0
LA_D_5308766,0,0.0022455694,0
LA_D_5362934,0,0.0025539254,0
LA_D_5382385,0,0.000532414,0
LA_D_5395822,0,0.00031975275,0
LA_D_5405376,0,0.0016365072,0
LA_D_5450646,0,0.00015800896,0
LA_D_5452596,0,0.0012419074,0
LA_D_5495669,0,0.00034999588,0
LA_D_5532057,0,0.00015810209,0
LA_D_5558598,0,0.003170729,0
LA_D_5601935,0,0.00012244657,0
LA_D_5612664,0,0.0011795672,0
LA_D_5617123,0,0.00281436,0
LA_D_5634985,0,0.00041526966,0
LA_D_5651896,0,0.0004950365,0
LA_D_5673630,0,0.00080049504,0
LA_D_5697969,0,0.0004722749,0
LA_D_5838500,0,0.00019755728,0
LA_D_5855173,0,0.00047875702,0
LA_D_5893732,0,0.0038266096,0
LA_D_5907805,0,0.00013924901,0
LA_D_5926484,0,0.00090001605,0
LA_D_5948925,0,0.00059438334,0
LA_D_5962786,0,0.0010729168,0
LA_D_6020080,0,0.00037555923,0
LA_D_6052360,0,0.001051362,0
LA_D_6093121,0,0.0008655397,0
LA_D_6115657,0,0.000550418,0
LA_D_6145108,0,0.00036692084,0
LA_D_6162330,0,0.00028685873,0
LA_D_6168902,0,0.0007186606,0
LA_D_6181877,0,0.0003161833,0
LA_D_6203431,0,0.0015810695,0
LA_D_6244463,0,9.409205e-05,0
LA_D_6247219,0,0.00046012073,0
LA_D_6264877,0,0.0007895202,0
LA_D_6350241,0,0.00097251195,0
LA_D_6378781,0,0.0024967326,0
LA_D_6424034,0,0.0006017875,0
LA_D_6482383,0,0.00061725505,0
LA_D_6506973,0,0.00053348584,0
LA_D_6517273,0,0.00040776219,0
LA_D_6564975,0,0.0019350749,0
LA_D_6567387,0,0.0006998579,0
LA_D_6597750,0,0.0021446673,0
LA_D_6598826,0,0.0010252022,0
LA_D_6620544,0,0.0025391234,0
LA_D_6649982,0,0.0003361276,0
LA_D_6678773,0,0.0027766544,0
LA_D_6685036,0,0.00042429363,0
LA_D_6688724,0,0.0027038464,0
LA_D_6692719,0,0.00036281865,0
LA_D_6713264,0,0.0009802963,0
LA_D_6716819,0,0.0016443375,0
LA_D_6743274,0,0.0025076915,0
LA_D_6768042,0,0.0003591012,0
LA_D_6771345,0,0.00069879025,0
LA_D_6816441,0,0.0010207902,0
LA_D_6860124,0,0.0036544634,0
LA_D_6870125,0,0.00063242676,0
LA_D_7026875,0,0.001458827,0
LA_D_7040973,0,0.0064593595,0
LA_D_7061416,0,0.0006711253,0
LA_D_7084497,0,0.0005818742,0
LA_D_7288605,0,0.0005636117,0
LA_D_7334119,0,0.00063836866,0
LA_D_7337689,0,0.00039370748,0
LA_D_7342694,0,0.029136099,0
LA_D_7355507,0,0.0023893157,0
LA_D_7359378,0,0.00051483343,0
LA_D_7372276,0,0.0011198763,0
LA_D_7506627,0,0.0017297089,0
LA_D_7535260,0,0.0004581377,0
LA_D_7656827,0,0.00062186975,0
LA_D_7663996,0,0.0005141094,0
LA_D_7702151,0,0.00050679775,0
LA_D_7712944,0,0.00062468584,0
LA_D_7845355,0,0.0018831277,0
LA_D_7853908,0,0.00039928255,0
LA_D_7861602,0,0.00073272147,0
LA_D_7931400,0,0.00015957728,0
LA_D_7985250,0,0.0002456368,0
LA_D_8042295,0,0.0004313808,0
LA_D_8071214,0,0.00022404929,0
LA_D_8091393,0,0.0007453105,0
LA_D_8131208,0,0.0004431103,0
LA_D_8146146,0,0.0015167437,0
LA_D_8201742,0,8.714078e-05,0
LA_D_8267794,0,0.0006396787,0
LA_D_8292706,0,0.0005567083,0
LA_D_8362390,0,0.0058801575,0
LA_D_8367907,0,0.0003523338,0
LA_D_8464147,0,0.00038323537,0
LA_D_8499637,0,0.0012024742,0
LA_D_8528202,0,0.0014601209,0
LA_D_8562559,0,0.0028352719,0
LA_D_8578970,0,0.012962087,0
LA_D_8594927,0,0.0002227228,0
LA_D_8595493,0,0.0009869279,0
LA_D_8612035,0,0.00044963273,0
LA_D_8656739,0,0.00019112819,0
LA_D_8659693,0,0.00030319765,0
LA_D_8669407,0,0.00015702547,0
LA_D_8672392,0,0.0007779533,0
LA_D_8684186,0,0.00023075564,0
LA_D_8719759,0,0.0013648954,0
LA_D_8732000,0,0.0004345151,0
LA_D_8875774,0,0.002526542,0
LA_D_8893730,0,0.0005951983,0
LA_D_8911591,0,0.0003328707,0
LA_D_8950993,0,0.00062387815,0
LA_D_9007860,0,0.0009633867,0
LA_D_9036585,0,0.00053613714,0
LA_D_9058869,0,0.00022953427,0
LA_D_9064394,0,0.0010194508,0
LA_D_9076744,0,0.0017214303,0
LA_D_9101643,0,0.0015971534,0
LA_D_9212778,0,0.00041278292,0
LA_D_9242976,0,0.00027343267,0
LA_D_9301345,0,0.0008433094,0
LA_D_9302376,0,0.00025180329,0
LA_D_9308388,0,0.00052462384,0
LA_D_9351714,0,0.00083584734,0
LA_D_9366756,0,0.0007673356,0
LA_D_9382297,0,0.0013067425,0
LA_D_9390591,0,0.000926726,0
LA_D_9428728,0,0.0017978684,0
LA_D_9481908,0,0.0006715962,0
LA_D_9499149,0,0.00066573085,0
LA_D_9514185,0,0.00040439767,0
LA_D_9528207,0,0.0018042447,0
LA_D_9559894,0,0.00019000942,0
LA_D_9594600,0,0.00028047396,0
LA_D_9603314,0,0.0006143794,0
LA_D_9605797,0,0.0005594829,0
LA_D_9619214,0,0.00016004662,0
LA_D_9643872,0,0.0009166677,0
LA_D_9645223,0,0.0004478863,0
LA_D_9646701,0,0.0007002128,0
LA_D_9667586,0,0.00062766793,0
LA_D_9737680,0,0.0003363882,0
LA_D_9767344,0,0.0006642143,0
LA_D_9768291,0,0.00020484648,0
LA_D_9928764,0,0.00037664094,0
LA_D_9931389,0,0.0008931332,0
LA_D_9934126,0,0.0003808135,0
LA_D_9992731,0,0.00073565694,0
LA_D_1008834,0,0.0010071233,0
LA_D_1029623,0,0.00063226704,0
LA_D_1135973,0,0.0016151945,0
LA_D_1170726,0,0.0013011092,0
LA_D_1233766,0,0.01736873,0
LA_D_1244860,0,0.0027290313,0
LA_D_1250618,0,0.004231728,0
LA_D_1307590,0,0.0006308868,0
LA_D_1316973,0,0.00078150013,0
LA_D_1323117,0,0.0015430644,0
LA_D_1376887,0,0.001214177,0
LA_D_1382969,0,0.00019695314,0
LA_D_1398743,0,0.004753169,0
LA_D_1402046,0,0.0002975366,0
LA_D_1416122,0,0.00028772728,0
LA_D_1433129,0,0.0006852666,0
LA_D_1472284,0,0.0011279753,0
LA_D_1485983,0,0.0007923941,0
LA_D_1497236,0,0.000599569,0
LA_D_1526424,0,0.0018471982,0
LA_D_1546363,0,0.011255498,0
LA_D_1564452,0,0.003034693,0
LA_D_1589359,0,0.0001733665,0
LA_D_1594784,0,0.0023460188,0
LA_D_1657707,0,0.0007446524,0
LA_D_1758405,0,0.0007063089,0
LA_D_1777158,0,0.0058790254,0
LA_D_1780000,0,0.00033147482,0
LA_D_1800659,0,0.03227567,0
LA_D_1856189,0,0.07094241,0
LA_D_1863901,0,0.0035033636,0
LA_D_1872618,0,0.0035010802,0
LA_D_1904462,0,0.001560913,0
LA_D_1911980,0,0.0013657133,0
LA_D_1917155,0,0.0012099699,0
LA_D_1917753,0,0.0013530988,0
LA_D_1943080,0,0.0021183162,0
LA_D_1953828,0,0.0006312937,0
LA_D_1979046,0,0.0008293473,0
LA_D_2039988,0,0.0014152835,0
LA_D_2041511,0,0.020367736,0
LA_D_2042650,0,0.042482596,0
LA_D_2042770,0,0.0010978235,0
LA_D_2054506,0,0.0011620052,0
LA_D_2069946,0,0.0005091677,0
LA_D_2077413,0,0.00038492767,0
LA_D_2081259,0,0.0020796391,0
LA_D_2081459,0,0.0016423059,0
LA_D_2084084,0,0.00038465363,0
LA_D_2104324,0,0.002284722,0
LA_D_2143625,0,0.0033406264,0
LA_D_2171727,0,0.0008431973,0
LA_D_2177921,0,0.003344197,0
LA_D_2224110,0,0.0011997683,0
LA_D_2226509,0,0.007745321,0
LA_D_2265031,0,0.0009847081,0
LA_D_2275470,0,0.0021434815,0
LA_D_2311080,0,0.0012000541,0
LA_D_2374547,0,0.00027298933,0
LA_D_2380135,0,0.00033437228,0
LA_D_2400343,0,0.0013001016,0
LA_D_2421665,0,0.0004660548,0
LA_D_2431857,0,0.0004522721,0
LA_D_2435960,0,0.012377133,0
LA_D_2460870,0,0.006525621,0
LA_D_2468278,0,0.0019525272,0
LA_D_2473895,0,0.0024669466,0
LA_D_2490231,0,0.00021913824,0
LA_D_2490787,0,0.00095294905,0
LA_D_2498703,0,0.003866826,0
LA_D_2507417,0,0.009419714,0
LA_D_2519581,0,0.0007571988,0
LA_D_2527247,0,0.009134467,0
LA_D_2539732,0,0.00036003033,0
LA_D_2543157,0,0.056728054,0
LA_D_2549993,0,0.0014021999,0
LA_D_2558084,0,0.00024700645,0
LA_D_2598664,0,0.0021925818,0
LA_D_2643397,0,0.0004572582,0
LA_D_2647059,0,0.023296524,0
LA_D_2690336,0,0.004221533,0
LA_D_2720435,0,0.012480464,0
LA_D_2762669,0,0.010431414,0
LA_D_2771079,0,0.00031755993,0
LA_D_2876241,0,0.0029251727,0
LA_D_2881171,0,0.0005957511,0
LA_D_2905137,0,0.00059825473,0
LA_D_2923622,0,0.003529449,0
LA_D_2959609,0,0.00032148283,0
LA_D_2974704,0,0.0027382753,0
LA_D_3045712,0,0.0008032167,0
LA_D_3093534,0,0.00060326705,0
LA_D_3109792,0,0.0016597292,0
LA_D_3115572,0,0.0009065027,0
LA_D_3115750,0,0.002900608,0
LA_D_3122333,0,0.0030496218,0
LA_D_3158956,0,0.0009378595,0
LA_D_3169991,0,0.0010642553,0
LA_D_3195614,0,0.000597104,0
LA_D_3200727,0,0.0004584243,0
LA_D_3294853,0,0.0020480014,0
LA_D_3319355,0,0.000783543,0
LA_D_3325936,0,0.0022658685,0
LA_D_3378402,0,0.00033585916,0
LA_D_3378615,0,0.0027212026,0
LA_D_3379127,0,0.0014903685,0
LA_D_3398607,0,0.008437397,0
LA_D_3413908,0,0.004394731,0
LA_D_3418840,0,0.0023397773,0
LA_D_3445488,0,0.00193628,0
LA_D_3469008,0,0.00308506,0
LA_D_3514513,0,0.00048383014,0
LA_D_3555723,0,0.014731852,0
LA_D_3579076,0,0.0008724669,0
LA_D_3627257,0,0.0053208144,0
LA_D_3654875,0,0.0006517063,0
LA_D_3660282,0,0.0008018425,0
LA_D_3714587,0,0.010873391,0
LA_D_3780481,0,0.0024550078,0
LA_D_3788427,0,0.0004104747,0
LA_D_3794623,0,0.0054132347,0
LA_D_3798024,0,0.0026331851,0
LA_D_3828841,0,0.0016382235,0
LA_D_3945155,0,0.0019459225,0
LA_D_3947953,0,0.0010751863,0
LA_D_3951175,0,0.0003581989,0
LA_D_3957229,0,0.00048250353,0
LA_D_3981366,0,0.0010895629,0
LA_D_3983835,0,0.0031639484,0
LA_D_4002921,0,0.0014896486,0
LA_D_4058412,0,0.0010087519,0
LA_D_4113356,0,0.0017907763,0
LA_D_4117970,0,0.004365622,0
LA_D_4130527,0,0.0013382413,0
LA_D_4143632,0,0.0024212224,0
LA_D_4153076,0,0.02346422,0
LA_D_4171217,0,0.00046495532,0
LA_D_4191752,0,0.011403467,0
LA_D_4223757,0,0.001173037,0
LA_D_4228094,0,0.00402163,0
LA_D_4263760,0,0.00013334726,0
LA_D_4281656,0,0.0017838004,0
LA_D_4283190,0,0.00024933234,0
LA_D_4284194,0,0.0036676025,0
LA_D_4302088,0,0.00500312,0
LA_D_4362724,0,0.0010312939,0
LA_D_4378003,0,0.0023814577,0
LA_D_4390516,0,0.003801197,0
LA_D_4421531,0,0.00042597574,0
LA_D_4515281,0,0.0022474504,0
LA_D_4567317,0,0.0026341432,0
LA_D_4631627,0,0.0063811755,0
LA_D_4648402,0,0.00051493896,0
LA_D_4650858,0,0.0022562665,0
LA_D_4668862,0,0.0011557214,0
LA_D_4708436,0,0.0013050672,0
LA_D_4721356,0,0.0018615582,0
LA_D_4722011,0,0.00040424868,0
LA_D_4747773,0,0.0017175564,0
LA_D_4752880,0,0.0023703284,0
LA_D_4755066,0,0.0011595859,0
LA_D_4859889,0,0.016840896,0
LA_D_4902826,0,0.0013021656,0
LA_D_4907676,0,0.00085932337,0
LA_D_4928075,0,0.017435351,0
LA_D_4933527,0,0.0025445544,0
LA_D_4995063,0,0.0008145261,0
LA_D_5004092,0,0.00057246693,0
LA_D_5031248,0,0.00076203205,0
LA_D_5073126,0,0.0008617172,0
LA_D_5104907,0,0.0034436714,0
LA_D_5123844,0,0.0027723534,0
LA_D_5153538,0,0.00111638,0
LA_D_5159936,0,0.0014663991,0
LA_D_5213207,0,0.0050127856,0
LA_D_5254267,0,0.0027294164,0
LA_D_5269652,0,0.00087595533,0
LA_D_5297443,0,0.0008277123,0
LA_D_5305086,0,0.0021266,0
LA_D_5308188,0,0.0015402635,0
LA_D_5358070,0,0.0005925188,0
LA_D_5377943,0,0.0038913407,0
LA_D_5379360,0,0.0008950582,0
LA_D_5384475,0,0.0032797235,0
LA_D_5393982,0,0.0027563192,0
LA_D_5397434,0,0.008463315,0
LA_D_5406274,0,0.0008061578,0
LA_D_5420932,0,0.0015847273,0
LA_D_5424592,0,0.0023730656,0
LA_D_5427856,0,0.00029389886,0
LA_D_5432198,0,0.0039187153,0
LA_D_5448251,0,0.00084907,0
LA_D_5472216,0,0.0016208452,0
LA_D_5490947,0,0.01060462,0
LA_D_5491412,0,0.0050920867,0
LA_D_5519522,0,0.00041344357,0
LA_D_5543089,0,0.02245674,0
LA_D_5550880,0,0.00048436178,0
LA_D_5613820,0,0.0017760721,0
LA_D_5621483,0,0.0025638738,0
LA_D_5699731,0,0.0012522909,0
LA_D_5702258,0,0.012945747,0
LA_D_5711351,0,0.0076902597,0
LA_D_5726307,0,0.0010667548,0
LA_D_5734535,0,0.0015114502,0
LA_D_5755154,0,0.002231718,0
LA_D_5826748,0,0.00057716103,0
LA_D_5847801,0,0.00043115407,0
LA_D_5854712,0,0.00050923007,0
LA_D_5867269,0,0.000887547,0
LA_D_5881167,0,0.0017347215,0
LA_D_5899377,0,0.0007096816,0
LA_D_5901190,0,0.00067305675,0
LA_D_5909916,0,0.001984415,0
LA_D_5918137,0,0.00058883126,0
LA_D_5929796,0,0.0004064103,0
LA_D_6013665,0,0.00060413935,0
LA_D_6019558,0,0.0050610015,0
LA_D_6081377,0,0.00053396355,0
LA_D_6087767,0,0.0005298074,0
LA_D_6103118,0,0.0018445608,0
LA_D_6108925,0,0.00087603217,0
LA_D_6127324,0,0.00946865,0
LA_D_6137322,0,0.002121611,0
LA_D_6143159,0,0.0008270989,0
LA_D_6151616,0,0.0026732374,0
LA_D_6174114,0,0.0056075524,0
LA_D_6212794,0,0.0011145779,0
LA_D_6218929,0,0.0021084254,0
LA_D_6224605,0,0.00043451408,0
LA_D_6230736,0,0.0022277283,0
LA_D_6233911,0,0.0033313895,0
LA_D_6290294,0,0.00071562,0
LA_D_6327399,0,0.0010417555,0
LA_D_6383543,0,0.002076062,0
LA_D_6390760,0,0.010350998,0
LA_D_6447251,0,0.00042593613,0
LA_D_6454321,0,0.0016043468,0
LA_D_6464994,0,0.0008598497,0
LA_D_6486980,0,0.003810517,0
LA_D_6499728,0,0.0032690072,0
LA_D_6502735,0,0.00051865977,0
LA_D_6513609,0,0.0028009084,0
LA_D_6514670,0,0.0026798996,0
LA_D_6648074,0,0.0067290636,0
LA_D_6655563,0,0.0023040026,0
LA_D_6681675,0,0.00064234785,0
LA_D_6716544,0,0.0045073144,0
LA_D_6734573,0,0.0042077126,0
LA_D_6786099,0,0.0015182031,0
LA_D_6834540,0,0.00037519564,0
LA_D_6852175,0,0.00067473785,0
LA_D_6858597,0,0.0025566977,0
LA_D_6870040,0,0.004560761,0
LA_D_6884626,0,0.005153371,0
LA_D_6887218,0,0.008155033,0
LA_D_6890842,0,0.00059611996,0
LA_D_6920274,0,0.085573494,0
LA_D_6921099,0,0.0009222496,0
LA_D_6932984,0,0.066865176,0
LA_D_6950600,0,0.03953369,0
LA_D_6967013,0,0.0015981408,0
LA_D_7018339,0,0.0018142237,0
LA_D_7030836,0,0.0016946394,0
LA_D_7040526,0,0.0035684295,0
LA_D_7082816,0,0.0017531891,0
LA_D_7107466,0,0.005049183,0
LA_D_7109251,0,0.0012984525,0
LA_D_7112267,0,0.0017432949,0
LA_D_7120164,0,0.000851777,0
LA_D_7120378,0,0.0006716509,0
LA_D_7126476,0,0.0019332654,0
LA_D_7129774,0,0.0020043442,0
LA_D_7139694,0,0.00044948998,0
LA_D_7149435,0,0.0011058169,0
LA_D_7171461,0,0.0012438234,0
LA_D_7186648,0,0.00029027596,0
LA_D_7191599,0,0.0017686313,0
LA_D_7219959,0,0.00053537695,0
LA_D_7227396,0,0.00046489414,0
LA_D_7290138,0,0.0017046924,0
LA_D_7312402,0,0.0008824962,0
LA_D_7375499,0,0.0008144742,0
LA_D_7388723,0,0.0011177069,0
LA_D_7411008,0,0.0027566918,0
LA_D_7420382,0,0.0012435789,0
LA_D_7431648,0,0.01918263,0
LA_D_7453706,0,0.00040870355,0
LA_D_7484913,0,0.008383568,0
LA_D_7525091,0,0.0024837083,0
LA_D_7569481,0,0.00091393245,0
LA_D_7584788,0,0.001377505,0
LA_D_7595396,0,0.0008115136,0
LA_D_7604548,0,0.0012356292,0
LA_D_7614264,0,0.007690551,0
LA_D_7643557,0,0.0003662186,0
LA_D_7660511,0,0.00395764,0
LA_D_7679395,0,0.0005602038,0
LA_D_7685864,0,0.0023493383,0
LA_D_7717790,0,0.0062441733,0
LA_D_7733474,0,0.000875408,0
LA_D_7734687,0,0.0009180855,0
LA_D_7735847,0,0.0051240353,0
LA_D_7744376,0,0.0011683706,0
LA_D_7763354,0,0.00770364,0
LA_D_7768185,0,0.002664348,0
LA_D_7825070,0,0.0029119288,0
LA_D_7863446,0,0.0012537064,0
LA_D_7903297,0,0.00093302975,0
LA_D_7910632,0,0.00065183983,0
LA_D_7918457,0,0.002033727,0
LA_D_7922711,0,0.0013641084,0
LA_D_7949260,0,0.014453998,0
LA_D_7973047,0,0.0009372611,0
LA_D_7997330,0,0.0038339694,0
LA_D_8003982,0,0.00079801213,0
LA_D_8037537,0,0.043283615,0
LA_D_8045695,0,0.0016972867,0
LA_D_8048655,0,0.0014257086,0
LA_D_8090443,0,0.0020172852,0
LA_D_8117597,0,0.0010988076,0
LA_D_8138478,0,0.00033688665,0
LA_D_8161346,0,0.022505954,0
LA_D_8181617,0,0.0010385143,0
LA_D_8191875,0,0.0047902586,0
LA_D_8217709,0,0.0010167297,0
LA_D_8243334,0,0.0014551807,0
LA_D_8257669,0,0.017592741,0
LA_D_8258450,0,0.0038491532,0
LA_D_8271340,0,0.0006285084,0
LA_D_8323372,0,0.0036139095,0
LA_D_8353917,0,0.0005266488,0
LA_D_8359118,0,0.0007972999,0
LA_D_8366444,0,0.0004616404,0
LA_D_8420931,0,0.0006876401,0
LA_D_8428519,0,0.0037209485,0
LA_D_8450719,0,0.0018572651,0
LA_D_8505001,0,0.0006767581,0
LA_D_8524573,0,0.00083717133,0
LA_D_8530635,0,0.0017067499,0
LA_D_8565229,0,0.0033970918,0
LA_D_8592787,0,0.00043984753,0
LA_D_8595981,0,0.0012654822,0
LA_D_8630262,0,0.001313373,0
LA_D_8676372,0,0.0025578544,0
LA_D_8678708,0,0.0013040098,0
LA_D_8686775,0,0.0031805795,0
LA_D_8690110,0,0.0012039475,0
LA_D_8700986,0,0.1414158,0
LA_D_8708922,0,0.0010831993,0
LA_D_8712827,0,0.0024219078,0
LA_D_8720385,0,0.04046652,0
LA_D_8745732,0,0.0006652571,0
LA_D_8752569,0,0.0047688656,0
LA_D_8775447,0,0.010673356,0
LA_D_8788522,0,0.004900864,0
LA_D_8820030,0,0.0002965689,0
LA_D_8825208,0,0.034911614,0
LA_D_8826258,0,0.0012024994,0
LA_D_8846056,0,0.0029282616,0
LA_D_8865823,0,0.0074060773,0
LA_D_8892958,0,0.0012096398,0
LA_D_8923577,0,0.0010115827,0
LA_D_8925211,0,0.0054984344,0
LA_D_8933531,0,0.0011085512,0
LA_D_8937760,0,0.0006506925,0
LA_D_8941942,0,0.00037295293,0
LA_D_8959959,0,0.013496264,0
LA_D_9086287,0,0.003465906,0
LA_D_9092875,0,0.0014672574,0
LA_D_9106136,0,0.0005872373,0
LA_D_9123838,0,0.0016820047,0
LA_D_9129067,0,0.0017023003,0
LA_D_9153269,0,0.010518426,0
LA_D_9170640,0,0.00092546997,0
LA_D_9189588,0,0.0010298726,0
LA_D_9202951,0,0.006387619,0
LA_D_9247963,0,0.036794335,0
LA_D_9251632,0,0.0009145331,0
LA_D_9277522,0,0.00025010615,0
LA_D_9291930,0,0.00022257907,0
LA_D_9325392,0,0.118481636,0
LA_D_9346841,0,0.0018014113,0
LA_D_9347002,0,0.0005134529,0
LA_D_9387976,0,0.0017605594,0
LA_D_9402940,0,0.0006377751,0
LA_D_9410296,0,0.00039437352,0
LA_D_9421383,0,0.0025940544,0
LA_D_9425296,0,0.00208756,0
LA_D_9436918,0,0.012547531,0
LA_D_9461387,0,0.0027827437,0
LA_D_9462148,0,0.002053511,0
LA_D_9472346,0,0.009348729,0
LA_D_9478484,0,0.0028096042,0
LA_D_9489838,0,0.00077258016,0
LA_D_9562412,0,0.0026467142,0
LA_D_9659279,0,0.0055943057,0
LA_D_9672169,0,0.00075259333,0
LA_D_9678259,0,0.00093689404,0
LA_D_9686807,0,0.00034144454,0
LA_D_9706008,0,0.0022736348,0
LA_D_9765329,0,0.005735068,0
LA_D_9777735,0,0.0019332744,0
LA_D_9794955,0,0.0011933981,0
LA_D_9808634,0,0.0005545048,0
LA_D_9810987,0,0.005134579,0
LA_D_9812523,0,0.001834211,0
LA_D_9946370,0,0.0027815015,0
LA_D_9953005,0,0.00034616943,0
LA_D_9954765,0,0.001067129,0
LA_D_9967133,0,0.016359093,0
LA_D_9972110,0,0.0012151535,0
LA_D_9973328,0,0.00088116486,0
LA_D_9996165,0,0.00021416384,0
LA_D_1046823,0,0.0026923516,0
LA_D_1064234,0,0.011240411,0
LA_D_1065706,0,0.010942714,0
LA_D_1087001,0,0.008149057,0
LA_D_1090716,0,0.0029941539,0
LA_D_1115105,0,0.0049759625,0
LA_D_1126589,0,0.012707935,0
LA_D_1135492,0,0.21454518,0
LA_D_1169857,0,0.0025593718,0
LA_D_1196983,0,0.19865426,0
LA_D_1211866,0,0.017532557,0
LA_D_1212413,0,0.0038272021,0
LA_D_1216944,0,0.017544692,0
LA_D_1245325,0,0.004019226,0
LA_D_1274154,0,0.0035997338,0
LA_D_1319002,0,0.012268092,0
LA_D_1322448,0,0.0024822683,0
LA_D_1347517,0,0.0006648641,0
LA_D_1353213,0,0.0029192427,0
LA_D_1355729,0,0.011038003,0
LA_D_1358996,0,0.0022093968,0
LA_D_1364338,0,0.0112125315,0
LA_D_1371353,0,0.0022638848,0
LA_D_1381076,0,0.0008286443,0
LA_D_1404673,0,0.0298286,0
LA_D_1416117,0,0.0039167632,0
LA_D_1431675,0,0.001656383,0
LA_D_1440249,0,0.14279012,0
LA_D_1471424,0,0.014907357,0
LA_D_1512865,0,0.003918272,0
LA_D_1516713,0,0.00085967523,0
LA_D_1533227,0,0.0024355229,0
LA_D_1548711,0,0.0008811144,0
LA_D_1576592,0,0.004205969,0
LA_D_1576850,0,0.71313125,1
LA_D_1649732,0,0.0033959425,0
LA_D_1671144,0,0.0020363454,0
LA_D_1681067,0,0.31565505,0
LA_D_1686618,0,0.040397074,0
LA_D_1693149,0,0.001959771,0
LA_D_1705511,0,0.00072251196,0
LA_D_1727164,0,0.0066361944,0
LA_D_1753843,0,0.001958213,0
LA_D_1772551,0,0.01706771,0
LA_D_1794386,0,0.0035024432,0
LA_D_1835169,0,0.0176811,0
LA_D_1878944,0,0.0010865207,0
LA_D_1919665,0,0.01484237,0
LA_D_1943070,0,0.006996089,0
LA_D_1960584,0,0.00552862,0
LA_D_1963102,0,0.008219589,0
LA_D_1975986,0,0.0040466376,0
LA_D_2030042,0,0.0028470925,0
LA_D_2046001,0,0.008876094,0
LA_D_2049473,0,0.002082747,0
LA_D_2073542,0,0.018518953,0
LA_D_2073874,0,0.00038711983,0
LA_D_2109006,0,0.005130739,0
LA_D_2113562,0,0.004527965,0
LA_D_2158501,0,0.096654326,0
LA_D_2162534,0,0.0024302388,0
LA_D_2177457,0,0.0056155478,0
LA_D_2215146,0,0.00087251427,0
LA_D_2254222,0,0.0005102477,0
LA_D_2349609,0,0.0034382723,0
LA_D_2352367,0,0.029807348,0
LA_D_2356169,0,0.00094077794,0
LA_D_2367543,0,0.0060908063,0
LA_D_2368822,0,0.0009082058,0
LA_D_2384989,0,0.0011021328,0
LA_D_2398137,0,0.00052413356,0
LA_D_2400629,0,0.009424836,0
LA_D_2445228,0,0.0011678326,0
LA_D_2446398,0,0.0120536145,0
LA_D_2459392,0,0.0041528014,0
LA_D_2487310,0,0.003087949,0
LA_D_2489955,0,0.00043344183,0
LA_D_2534090,0,0.027582776,0
LA_D_2540485,0,0.0070271776,0
LA_D_2550999,0,0.0050885347,0
LA_D_2553522,0,0.01358973,0
LA_D_2560049,0,0.0018284563,0
LA_D_2562314,0,0.005744734,0
LA_D_2604413,0,0.013983171,0
LA_D_2612592,0,0.0026490816,0
LA_D_2617260,0,0.015543588,0
LA_D_2619914,0,0.0076356386,0
LA_D_2621924,0,0.03703892,0
LA_D_2638842,0,0.0009774072,0
LA_D_2680473,0,0.0009076115,0
LA_D_2707241,0,0.0046921773,0
LA_D_2729373,0,0.00792964,0
LA_D_2741013,0,0.0009643491,0
LA_D_2836484,0,0.002457453,0
LA_D_2840968,0,0.0045961146,0
LA_D_2856635,0,0.014674848,0
LA_D_2902766,0,0.001163486,0
LA_D_2920486,0,0.001770565,0
LA_D_2957019,0,0.0015364871,0
LA_D_3040991,0,0.00097476615,0
LA_D_3051300,0,0.00046743162,0
LA_D_3056332,0,0.0024031685,0
LA_D_3089201,0,0.0018291109,0
LA_D_3095594,0,0.0009564903,0
LA_D_3113904,0,0.0012071322,0
LA_D_3158628,0,0.0017373502,0
LA_D_3166047,0,0.0048236405,0
LA_D_3176688,0,0.0010291018,0
LA_D_3206802,0,0.0008837833,0
LA_D_3244975,0,0.0009030518,0
LA_D_3298289,0,0.032946315,0
LA_D_3305924,0,0.0036977087,0
LA_D_3307337,0,0.014624243,0
LA_D_3331709,0,0.0028469164,0
LA_D_3332557,0,0.00079808896,0
LA_D_3345023,0,0.0005860196,0
LA_D_3356921,0,0.002425002,0
LA_D_3390672,0,0.0011599495,0
LA_D_3402886,0,0.007405709,0
LA_D_3417486,0,0.009860974,0
LA_D_3440565,0,0.0023763392,0
LA_D_3444243,0,0.00072272343,0
LA_D_3446118,0,0.055317577,0
LA_D_3447750,0,0.0017860271,0
LA_D_3484904,0,0.003199889,0
LA_D_3496739,0,0.0046871137,0
LA_D_3520036,0,0.05972784,0
LA_D_3533031,0,0.0053998297,0
LA_D_3537955,0,0.0107392045,0
LA_D_3553005,0,0.0032346006,0
LA_D_3565600,0,0.0016278776,0
LA_D_3570039,0,0.0019262397,0
LA_D_3613058,0,0.18944749,0
LA_D_3636645,0,0.0017915905,0
LA_D_3687000,0,0.0011959306,0
LA_D_3693157,0,0.0015270122,0
LA_D_3748728,0,0.008235599,0
LA_D_3754292,0,0.00029948525,0
LA_D_3763171,0,0.0030183382,0
LA_D_3808275,0,0.005135636,0
LA_D_3823589,0,0.0413628,0
LA_D_3835778,0,0.09504627,0
LA_D_3877903,0,0.0015144374,0
LA_D_3889153,0,0.015465515,0
LA_D_3890999,0,0.00045157573,0
LA_D_3984908,0,0.043528575,0
LA_D_4019834,0,0.0010299286,0
LA_D_4023227,0,0.01853849,0
LA_D_4042181,0,0.0042610057,0
LA_D_4055259,0,0.017609674,0
LA_D_4103062,0,0.0034888908,0
LA_D_4162881,0,0.006765293,0
LA_D_4191859,0,0.040473565,0
LA_D_4193506,0,0.0015488164,0
LA_D_4193601,0,0.0024015482,0
LA_D_4197706,0,0.0011052061,0
LA_D_4207896,0,0.011059574,0
LA_D_4207897,0,0.0021171668,0
LA_D_4302740,0,0.0010221082,0
LA_D_4308996,0,0.0036731337,0
LA_D_4324353,0,0.022869468,0
LA_D_4338667,0,0.01023133,0
LA_D_4356277,0,0.00094976946,0
LA_D_4424329,0,0.00066258374,0
LA_D_4435608,0,0.003227176,0
LA_D_4455802,0,0.0037207524,0
LA_D_4457611,0,0.0025076414,0
LA_D_4458136,0,0.006927325,0
LA_D_4465780,0,0.005019144,0
LA_D_4468213,0,0.0075609935,0
LA_D_4473266,0,0.0018411207,0
LA_D_4492232,0,0.0017479671,0
LA_D_4523318,0,0.0009939243,0
LA_D_4554903,0,0.0060679205,0
LA_D_4572843,0,0.0039872075,0
LA_D_4666650,0,0.008762465,0
LA_D_4683909,0,0.005216264,0
LA_D_4684144,0,0.0043411576,0
LA_D_4692458,0,0.041003995,0
LA_D_4703784,0,0.0032889298,0
LA_D_4735699,0,0.007098068,0
LA_D_4756172,0,0.004861635,0
LA_D_4769999,0,0.0049842726,0
LA_D_4864229,0,0.005154041,0
LA_D_4901519,0,0.008657067,0
LA_D_4930572,0,0.0071230712,0
LA_D_4951186,0,0.0059092,0
LA_D_4951679,0,0.0063644606,0
LA_D_4978752,0,0.006712906,0
LA_D_4979471,0,0.0057851784,0
LA_D_4990269,0,0.0037624494,0
LA_D_5004135,0,0.03610862,0
LA_D_5023258,0,0.0068980274,0
LA_D_5028708,0,0.0027360832,0
LA_D_5086481,0,0.0074906033,0
LA_D_5118448,0,0.009573143,0
LA_D_5132698,0,0.0024316276,0
LA_D_5170460,0,0.003863413,0
LA_D_5186388,0,0.005123379,0
LA_D_5197604,0,0.0053202943,0
LA_D_5198331,0,0.0028948546,0
LA_D_5210219,0,0.0033882693,0
LA_D_5222618,0,0.0011213896,0
LA_D_5269583,0,0.007555886,0
LA_D_5275307,0,0.0018682432,0
LA_D_5285977,0,0.002620061,0
LA_D_5296528,0,0.0033103642,0
LA_D_5298745,0,0.065476246,0
LA_D_5303682,0,0.006316633,0
LA_D_5387695,0,0.0044799405,0
LA_D_5401977,0,0.0016010208,0
LA_D_5421273,0,0.0048939767,0
LA_D_5443853,0,0.009511006,0
LA_D_5477295,0,0.012770557,0
LA_D_5506987,0,0.0046614595,0
LA_D_5526352,0,0.0037386478,0
LA_D_5581635,0,0.008342446,0
LA_D_5582457,0,0.001530716,0
LA_D_5599455,0,0.50612426,1
LA_D_5609703,0,0.0019264284,0
LA_D_5640612,0,0.003159596,0
LA_D_5670170,0,0.0011646466,0
LA_D_5716688,0,0.00084223045,0
LA_D_5749828,0,0.012662732,0
LA_D_5759044,0,0.0028910814,0
LA_D_5791947,0,0.014386128,0
LA_D_5792469,0,0.0035911393,0
LA_D_5814356,0,0.0054755188,0
LA_D_5835841,0,0.0049906494,0
LA_D_5895172,0,0.009272738,0
LA_D_6002069,0,0.008988631,0
LA_D_6052846,0,0.0015661134,0
LA_D_6074255,0,0.05814243,0
LA_D_6083758,0,0.0008001469,0
LA_D_6104615,0,0.0033327562,0
LA_D_6119999,0,0.0062966114,0
LA_D_6132308,0,0.13318822,0
LA_D_6152825,0,0.0015063515,0
LA_D_6154817,0,0.0018907953,0
LA_D_6157568,0,0.0029198285,0
LA_D_6160345,0,0.0092836395,0
LA_D_6165893,0,0.0009096469,0
LA_D_6167969,0,0.046145935,0
LA_D_6202337,0,0.0034825504,0
LA_D_6230649,0,0.0015829109,0
LA_D_6241854,0,0.0075467657,0
LA_D_6253161,0,0.015011675,0
LA_D_6271396,0,0.0036467095,0
LA_D_6279642,0,0.0010695508,0
LA_D_6286932,0,0.004515379,0
LA_D_6306124,0,0.008879676,0
LA_D_6348972,0,0.006900184,0
LA_D_6377155,0,0.0011834562,0
LA_D_6412420,0,0.03199872,0
LA_D_6420222,0,0.0010750561,0
LA_D_6442430,0,0.005581204,0
LA_D_6456051,0,0.010976202,0
LA_D_6459326,0,0.012614575,0
LA_D_6471553,0,0.0018725512,0
LA_D_6565059,0,0.011034096,0
LA_D_6569528,0,0.0061864336,0
LA_D_6574064,0,0.0020810042,0
LA_D_6621286,0,0.002270715,0
LA_D_6632250,0,0.004552348,0
LA_D_6658901,0,0.04955348,0
LA_D_6671478,0,0.0011817187,0
LA_D_6691155,0,0.0041190516,0
LA_D_6725362,0,0.105643325,0
LA_D_6756303,0,0.0045434795,0
LA_D_6756915,0,0.0029082112,0
LA_D_6763110,0,0.0041697314,0
LA_D_6784152,0,0.041577768,0
LA_D_6800302,0,0.025425313,0
LA_D_6808623,0,0.019427313,0
LA_D_6840245,0,0.00144103,0
LA_D_6875940,0,0.004448755,0
LA_D_6905617,0,0.0074371677,0
LA_D_6905899,0,0.004297296,0
LA_D_6912762,0,0.33018976,0
LA_D_6947158,0,0.42294806,0
LA_D_6948502,0,0.0013211677,0
LA_D_6977063,0,0.0013629697,0
LA_D_6988292,0,0.0016042244,0
LA_D_7014953,0,0.0021430207,0
LA_D_7095518,0,0.0011234167,0
LA_D_7096783,0,0.0022040766,0
LA_D_7150944,0,0.0256326,0
LA_D_7168084,0,0.027367197,0
LA_D_7174444,0,0.0013813174,0
LA_D_7193069,0,0.003285499,0
LA_D_7193826,0,0.0010667503,0
LA_D_7253261,0,0.006586679,0
LA_D_7311677,0,0.0018782557,0
LA_D_7319011,0,0.009146491,0
LA_D_7338005,0,0.002628247,0
LA_D_7348453,0,0.0038976541,0
LA_D_7350559,0,0.002710589,0
LA_D_7361548,0,0.014017037,0
LA_D_7375721,0,0.00078073837,0
LA_D_7408406,0,0.04226967,0
LA_D_7410996,0,0.00074316404,0
LA_D_7420272,0,0.0017722372,0
LA_D_7554470,0,0.0021414247,0
LA_D_7572859,0,0.0030829916,0
LA_D_7610801,0,0.008691354,0
LA_D_7616189,0,0.053735353,0
LA_D_7617084,0,0.0014855808,0
LA_D_7692713,0,0.0018473301,0
LA_D_7723272,0,0.0013380743,0
LA_D_7730512,0,0.0062637622,0
LA_D_7745248,0,0.002306367,0
LA_D_7756409,0,0.0073722475,0
LA_D_7798527,0,0.00076504366,0
LA_D_7829585,0,0.0037024617,0
LA_D_7839758,0,0.001210211,0
LA_D_7851594,0,0.033241708,0
LA_D_7883328,0,0.005415294,0
LA_D_7938379,0,0.0017337276,0
LA_D_7946465,0,0.004630068,0
LA_D_8013292,0,0.67300755,1
LA_D_8024926,0,0.0020376502,0
LA_D_8061900,0,0.08819556,0
LA_D_8067555,0,0.00096626714,0
LA_D_8077978,0,0.009124745,0
LA_D_8105548,0,0.0022594344,0
LA_D_8116303,0,0.0059081726,0
LA_D_8139224,0,0.004646757,0
LA_D_8223029,0,0.005009312,0
LA_D_8229891,0,0.05251083,0
LA_D_8248088,0,0.009435554,0
LA_D_8254223,0,0.033843983,0
LA_D_8285840,0,0.0040095123,0
LA_D_8293730,0,0.017815081,0
LA_D_8296034,0,0.021903148,0
LA_D_8296140,0,0.008960758,0
LA_D_8321065,0,0.0021177721,0
LA_D_8375912,0,0.026584435,0
LA_D_8424084,0,0.0009791426,0
LA_D_8425128,0,0.0038856466,0
LA_D_8434552,0,0.006395859,0
LA_D_8464378,0,0.0008274655,0
LA_D_8467174,0,0.0020843341,0
LA_D_8529083,0,0.006745162,0
LA_D_8538817,0,0.0021910935,0
LA_D_8557922,0,0.011466802,0
LA_D_8563827,0,0.0058755237,0
LA_D_8579416,0,0.01699771,0
LA_D_8638229,0,0.0077786595,0
LA_D_8645167,0,0.0008080659,0
LA_D_8682752,0,0.0038109894,0
LA_D_8688796,0,0.08759726,0
LA_D_8693666,0,0.043500118,0
LA_D_8719361,0,0.0015879667,0
LA_D_8740534,0,0.0025899026,0
LA_D_8753478,0,0.005427216,0
LA_D_8758498,0,0.0036955595,0
LA_D_8772841,0,0.00197771,0
LA_D_8785732,0,0.0023711855,0
LA_D_8843993,0,0.0108159995,0
LA_D_8848915,0,0.016150886,0
LA_D_8870758,0,0.0057413033,0
LA_D_8894853,0,0.0021917245,0
LA_D_8948179,0,0.0011444091,0
LA_D_8957963,0,0.007781096,0
LA_D_8967441,0,0.0013146457,0
LA_D_8985398,0,0.00092912646,0
LA_D_8986637,0,0.01045553,0
LA_D_9000459,0,0.0049001435,0
LA_D_9010806,0,0.0032414896,0
LA_D_9061973,0,0.0012808157,0
LA_D_9064825,0,0.0008148227,0
LA_D_9071521,0,0.0040570614,0
LA_D_9099044,0,0.023201598,0
LA_D_9100251,0,0.025034215,0
LA_D_9106675,0,0.0022939306,0
LA_D_9148946,0,0.0028011801,0
LA_D_9272291,0,0.0050797863,0
LA_D_9278642,0,0.0022556495,0
LA_D_9307448,0,0.010283253,0
LA_D_9321961,0,0.02503593,0
LA_D_9329658,0,0.007401388,0
LA_D_9332219,0,0.0019022342,0
LA_D_9335965,0,0.008670726,0
LA_D_9344459,0,0.0068364344,0
LA_D_9400014,0,0.002550017,0
LA_D_9455587,0,0.006581405,0
LA_D_9471872,0,0.001958582,0
LA_D_9475381,0,0.001279995,0
LA_D_9519831,0,0.01922821,0
LA_D_9523759,0,0.00072389684,0
LA_D_9528015,0,0.0012281453,0
LA_D_9538448,0,0.0070850947,0
LA_D_9644301,0,0.0011295753,0
LA_D_9653754,0,0.0026259879,0
LA_D_9663997,0,0.0009823822,0
LA_D_9676788,0,0.006700717,0
LA_D_9681106,0,0.0022907625,0
LA_D_9698452,0,0.0022016566,0
LA_D_9705819,0,0.006974299,0
LA_D_9707725,0,0.0027461122,0
LA_D_9733247,0,0.003632718,0
LA_D_9761792,0,0.0026503531,0
LA_D_9771827,0,0.0031918897,0
LA_D_9775314,0,0.00359007,0
LA_D_9778372,0,0.0029370287,0
LA_D_9778376,0,0.012568559,0
LA_D_9792691,0,0.012164188,0
LA_D_9797194,0,0.005124485,0
LA_D_9896814,0,0.012803495,0
LA_D_9911310,0,0.0072025727,0
LA_D_9948019,0,0.0016974491,0
LA_D_9958023,0,0.0012985236,0
LA_D_9980576,0,0.014506687,0
LA_D_9987379,0,0.0034567267,0
LA_D_1013810,0,0.0001944926,0
LA_D_1058167,0,0.00037127288,0
LA_D_1114039,0,0.00057245,0
LA_D_1139754,0,0.0002956176,0
LA_D_1162280,0,0.0019916848,0
LA_D_1185426,0,0.00063535443,0
LA_D_1253703,0,0.00013934544,0
LA_D_1291101,0,0.00022216393,0
LA_D_1337359,0,0.0010307797,0
LA_D_1352656,0,0.00021660351,0
LA_D_1361600,0,0.00029589617,0
LA_D_1416022,0,0.0005233692,0
LA_D_1418965,0,0.0003824337,0
LA_D_1441701,0,0.00027655152,0
LA_D_1461015,0,0.00028330015,0
LA_D_1481725,0,0.00038569205,0
LA_D_1483498,0,0.0015462452,0
LA_D_1507549,0,0.0007896782,0
LA_D_1560491,0,0.00017645718,0
LA_D_1561860,0,0.0007641428,0
LA_D_1570710,0,0.00011309982,0
LA_D_1604831,0,0.00032453515,0
LA_D_1621509,0,0.0016942596,0
LA_D_1649887,0,0.0041253157,0
LA_D_1652776,0,0.00017235926,0
LA_D_1716656,0,0.0004889302,0
LA_D_1804384,0,0.0008196204,0
LA_D_1822549,0,0.0021785176,0
LA_D_1877141,0,0.0009699155,0
LA_D_1932009,0,0.00028241804,0
LA_D_1985162,0,0.0014413621,0
LA_D_1985982,0,0.00046444827,0
LA_D_1996500,0,0.0003241199,0
LA_D_2017198,0,0.0001686534,0
LA_D_2018219,0,0.0033082627,0
LA_D_2045409,0,0.00027302056,0
LA_D_2065981,0,0.0018524994,0
LA_D_2094262,0,0.0007536687,0
LA_D_2142744,0,0.00036304907,0
LA_D_2174187,0,0.0004276826,0
LA_D_2195251,0,0.0002577281,0
LA_D_2210828,0,0.00025457522,0
LA_D_2218447,0,0.0003456143,0
LA_D_2256022,0,0.00088324153,0
LA_D_2335395,0,0.00020853862,0
LA_D_2403062,0,0.0007773497,0
LA_D_2441155,0,0.012376613,0
LA_D_2479312,0,0.00022916013,0
LA_D_2490654,0,0.00046628126,0
LA_D_2514874,0,0.0015438021,0
LA_D_2529982,0,0.00088196876,0
LA_D_2653429,0,0.0002802775,0
LA_D_2663437,0,0.00049540325,0
LA_D_2669376,0,0.00051113876,0
LA_D_2688863,0,0.0005398636,0
LA_D_2777169,0,0.00039597892,0
LA_D_2786957,0,0.0011101739,0
LA_D_2808442,0,0.0004509137,0
LA_D_2831646,0,0.0009426367,0
LA_D_2850234,0,0.00016992894,0
LA_D_2864137,0,0.00024552277,0
LA_D_2874951,0,0.0002939818,0
LA_D_2879814,0,0.0018251298,0
LA_D_2886143,0,0.00017474133,0
LA_D_2897075,0,0.0015933324,0
LA_D_2908532,0,0.0013850301,0
LA_D_2928444,0,0.0002323266,0
LA_D_2973882,0,0.0016756306,0
LA_D_2982066,0,0.0003809905,0
LA_D_3063506,0,0.00058292167,0
LA_D_3106372,0,0.0061864518,0
LA_D_3113412,0,0.00024415037,0
LA_D_3114938,0,0.0005928905,0
LA_D_3115301,0,0.0007686067,0
LA_D_3117454,0,0.00033243845,0
LA_D_3118975,0,0.00046003962,0
LA_D_3128008,0,0.00037250665,0
LA_D_3132921,0,0.0004370335,0
LA_D_3194587,0,0.00015071507,0
LA_D_3260902,0,0.00032886222,0
LA_D_3339394,0,0.0002689499,0
LA_D_3342069,0,0.00024871694,0
LA_D_3349461,0,0.00025953804,0
LA_D_3356308,0,0.00046595046,0
LA_D_3373606,0,0.00046619744,0
LA_D_3375685,0,0.00026149306,0
LA_D_3429746,0,0.0009596088,0
LA_D_3430677,0,8.764112e-05,0
LA_D_3445715,0,0.0018651001,0
LA_D_3459378,0,0.00011617198,0
LA_D_3477279,0,0.00070672744,0
LA_D_3506531,0,0.00026522373,0
LA_D_3571216,0,0.0003746752,0
LA_D_3587612,0,0.001355308,0
LA_D_3597947,0,0.00052300474,0
LA_D_3639376,0,0.002209954,0
LA_D_3641330,0,0.0003906093,0
LA_D_3645170,0,0.0004031211,0
LA_D_3676772,0,0.0006254012,0
LA_D_3687327,0,0.0005895855,0
LA_D_3705070,0,0.00076073623,0
LA_D_3711375,0,0.007520085,0
LA_D_3720743,0,0.0011929799,0
LA_D_3732635,0,0.001159762,0
LA_D_3776327,0,0.00029602682,0
LA_D_3787257,0,0.0003430955,0
LA_D_3793172,0,0.000100204845,0
LA_D_3802962,0,0.00037777185,0
LA_D_3821359,0,0.00031053292,0
LA_D_3838632,0,0.0006717133,0
LA_D_3850425,0,0.0020726211,0
LA_D_3898925,0,0.00027162372,0
LA_D_3913569,0,0.00013760358,0
LA_D_3928290,0,0.00086974347,0
LA_D_3945227,0,0.00022277952,0
LA_D_3975146,0,0.0011626912,0
LA_D_4014725,0,0.00038670158,0
LA_D_4031375,0,0.0008238927,0
LA_D_4039557,0,0.0015679164,0
LA_D_4046048,0,0.00018743928,0
LA_D_4084629,0,0.00045174317,0
LA_D_4095002,0,0.00019952412,0
LA_D_4108210,0,0.0007298997,0
LA_D_4110914,0,0.0008667644,0
LA_D_4182578,0,0.0012270381,0
LA_D_4200741,0,0.00065011537,0
LA_D_4205148,0,0.003263971,0
LA_D_4230212,0,0.00025850674,0
LA_D_4234629,0,0.0005125021,0
LA_D_4236787,0,0.005981294,0
LA_D_4251305,0,0.0027333652,0
LA_D_4339387,0,0.00039421677,0
LA_D_4342639,0,0.001233671,0
LA_D_4412972,0,0.0002663768,0
LA_D_4458668,0,0.0026936731,0
LA_D_4528435,0,0.00031619566,0
LA_D_4529749,0,0.00086618727,0
LA_D_4542962,0,0.0022089446,0
LA_D_4573581,0,0.001405755,0
LA_D_4585435,0,0.0014243169,0
LA_D_4593298,0,0.0006897167,0
LA_D_4599849,0,0.00032981232,0
LA_D_4638718,0,5.1017287e-05,0
LA_D_4823498,0,0.00024977967,0
LA_D_4837193,0,0.0009254902,0
LA_D_4850598,0,0.00026584574,0
LA_D_4859174,0,0.00039634845,0
LA_D_4883594,0,0.0005283187,0
LA_D_4919685,0,0.0004024718,0
LA_D_4947786,0,0.00054844056,0
LA_D_4952066,0,0.0002718727,0
LA_D_5029303,0,0.0017855995,0
LA_D_5034046,0,0.000637669,0
LA_D_5051791,0,0.00039856078,0
LA_D_5164039,0,0.0010250664,0
LA_D_5168716,0,0.0009057895,0
LA_D_5174566,0,0.0049985643,0
LA_D_5219734,0,0.0006010626,0
LA_D_5220475,0,0.00075460086,0
LA_D_5237899,0,0.0003407589,0
LA_D_5287819,0,0.0040413616,0
LA_D_5289575,0,0.0010243171,0
LA_D_5323011,0,0.0005458023,0
LA_D_5328894,0,0.00066647044,0
LA_D_5356350,0,0.00022180137,0
LA_D_5394100,0,0.0020290117,0
LA_D_5400630,0,0.0029153773,0
LA_D_5402192,0,0.0031173949,0
LA_D_5413087,0,0.00054715114,0
LA_D_5422570,0,0.0023582457,0
LA_D_5458074,0,0.00031920266,0
LA_D_5525120,0,0.000371695,0
LA_D_5534887,0,0.00036986827,0
LA_D_5580217,0,0.0007274817,0
LA_D_5599035,0,0.00063122244,0
LA_D_5713417,0,0.00041284887,0
LA_D_5737035,0,0.00044564134,0
LA_D_5737796,0,0.00026683658,0
LA_D_5743533,0,0.0033380138,0
LA_D_5791316,0,0.00018563823,0
LA_D_5809176,0,0.001009358,0
LA_D_5818741,0,0.0010532246,0
LA_D_5822388,0,0.00041364657,0
LA_D_5844214,0,0.0006136257,0
LA_D_5885239,0,0.0001691975,0
LA_D_6018250,0,0.00048841734,0
LA_D_6023359,0,8.409085e-05,0
LA_D_6032690,0,0.0004060506,0
LA_D_6047115,0,0.0006861609,0
LA_D_6093649,0,0.000136838,0
LA_D_6098242,0,0.00035781425,0
LA_D_6111501,0,0.00025626333,0
LA_D_6153919,0,0.0009457398,0
LA_D_6197060,0,0.0011502221,0
LA_D_6214749,0,0.0008210646,0
LA_D_6375943,0,0.0007125591,0
LA_D_6407177,0,0.00038041873,0
LA_D_6468524,0,0.0001374419,0
LA_D_6484471,0,0.00054881,0
LA_D_6495668,0,0.00036266405,0
LA_D_6802172,0,0.0007251532,0
LA_D_6810036,0,0.0023943959,0
LA_D_6876959,0,0.004327761,0
LA_D_6900371,0,0.00047529058,0
LA_D_6927348,0,0.0023224896,0
LA_D_6935657,0,0.00020395564,0
LA_D_6946995,0,0.0013990119,0
LA_D_7016944,0,0.0004725494,0
LA_D_7058822,0,0.0038336145,0
LA_D_7065014,0,0.002108027,0
LA_D_7109771,0,0.0006797671,0
LA_D_7125605,0,0.00022794917,0
LA_D_7188227,0,0.0005446523,0
LA_D_7191859,0,0.0007036458,0
LA_D_7194141,0,0.00042301463,0
LA_D_7224568,0,0.00019806047,0
LA_D_7225984,0,0.0007324597,0
LA_D_7283586,0,0.0023983857,0
LA_D_7293816,0,0.00067911984,0
LA_D_7294059,0,0.00075295597,0
LA_D_7297087,0,0.057847593,0
LA_D_7299706,0,0.00021009672,0
LA_D_7363059,0,0.00028920305,0
LA_D_7374784,0,0.00042096907,0
LA_D_7388625,0,0.00035790054,0
LA_D_7422802,0,0.0007064436,0
LA_D_7442253,0,0.0067288764,0
LA_D_7479337,0,0.0006646756,0
LA_D_7506195,0,0.00015701215,0
LA_D_7537666,0,0.00060193805,0
LA_D_7549839,0,0.00018650298,0
LA_D_7622887,0,0.00020700904,0
LA_D_7655527,0,9.723865e-05,0
LA_D_7679781,0,0.00205575,0
LA_D_7691716,0,0.0014176159,0
LA_D_7704814,0,0.0012760037,0
LA_D_7705946,0,0.0013239263,0
LA_D_7769896,0,0.0004050333,0
LA_D_7783081,0,0.0003069531,0
LA_D_7796964,0,0.000450331,0
LA_D_7833173,0,0.00046490564,0
LA_D_7834333,0,0.0018352632,0
LA_D_7906750,0,0.0027525732,0
LA_D_7932767,0,0.00024750008,0
LA_D_7953344,0,0.00042421676,0
LA_D_8023557,0,0.0012405501,0
LA_D_8177576,0,0.0002385399,0
LA_D_8218322,0,0.00016804629,0
LA_D_8241189,0,0.0012426446,0
LA_D_8265432,0,0.0018367602,0
LA_D_8283819,0,0.00034665456,0
LA_D_8350907,0,0.0013708012,0
LA_D_8456544,0,0.00018596511,0
LA_D_8481565,0,0.00067098805,0
LA_D_8511318,0,0.0011928299,0
LA_D_8514719,0,0.0003385052,0
LA_D_8637140,0,0.0010076045,0
LA_D_8665250,0,0.00035900946,0
LA_D_8693204,0,0.00023786764,0
LA_D_8720226,0,0.00064554834,0
LA_D_8728415,0,0.000398893,0
LA_D_8742351,0,0.0005349745,0
LA_D_8821044,0,0.00029877658,0
LA_D_8875562,0,0.00018453911,0
LA_D_8905681,0,0.00050963013,0
LA_D_8944425,0,0.0005199981,0
LA_D_8958444,0,0.00023921723,0
LA_D_9077999,0,0.00014979926,0
LA_D_9080415,0,0.00041216187,0
LA_D_9154948,0,0.00050514704,0
LA_D_9160362,0,0.00029685802,0
LA_D_9182085,0,0.0005707437,0
LA_D_9196271,0,0.00020524903,0
LA_D_9201990,0,0.00031599525,0
LA_D_9230787,0,0.00211314,0
LA_D_9258278,0,0.00012434185,0
LA_D_9278101,0,0.0036546441,0
LA_D_9295289,0,0.001004973,0
LA_D_9305482,0,0.00039266716,0
LA_D_9316058,0,0.001812042,0
LA_D_9321322,0,0.00085598225,0
LA_D_9331853,0,0.001404516,0
LA_D_9354882,0,0.0010237835,0
LA_D_9391009,0,0.0005596541,0
LA_D_9403264,0,0.00025309843,0
LA_D_9439860,0,0.00024634745,0
LA_D_9502607,0,0.00041234976,0
LA_D_9520709,0,0.00024715863,0
LA_D_9549616,0,0.00017648748,0
LA_D_9553311,0,0.00029778664,0
LA_D_9567658,0,0.0005527271,0
LA_D_9641365,0,0.000107566804,0
LA_D_9644491,0,0.00049322355,0
LA_D_9645639,0,0.00053247844,0
LA_D_9670462,0,0.0013706668,0
LA_D_9686921,0,0.000826349,0
LA_D_9741299,0,0.0019038699,0
LA_D_9788709,0,0.0002548822,0
LA_D_9790131,0,0.0006097308,0
LA_D_9815112,0,0.0063182316,0
LA_D_9836992,0,0.00021194517,0
LA_D_9859179,0,0.00021644642,0
LA_D_9871071,0,0.0012546005,0
LA_D_9914468,0,8.048997e-05,0
LA_D_9951013,0,0.00014325535,0
LA_D_9952661,0,0.00039445868,0
LA_D_9963998,0,0.00051017717,0
LA_D_9986772,0,0.0015166221,0
LA_D_1058175,0,0.0010856314,0
LA_D_1094159,0,0.0033575709,0
LA_D_1096800,0,0.072348684,0
LA_D_1112801,0,0.000663195,0
LA_D_1143330,0,0.0014793088,0
LA_D_1182427,0,0.00058966357,0
LA_D_1183700,0,0.0020118908,0
LA_D_1203409,0,0.0010916325,0
LA_D_1218439,0,0.003934439,0
LA_D_1219426,0,0.0014377293,0
LA_D_1234985,0,0.0013470427,0
LA_D_1248114,0,0.07620529,0
LA_D_1251280,0,0.0095542995,0
LA_D_1291769,0,0.0014039088,0
LA_D_1303948,0,0.0007943405,0
LA_D_1321499,0,0.002285374,0
LA_D_1326429,0,0.002414631,0
LA_D_1330876,0,0.003348604,0
LA_D_1345487,0,0.004164986,0
LA_D_1364429,0,0.0025048852,0
LA_D_1370857,0,0.002915743,0
LA_D_1375287,0,0.0017350485,0
LA_D_1421669,0,0.00034202987,0
LA_D_1450181,0,0.0018991459,0
LA_D_1514781,0,0.0015932954,0
LA_D_1546492,0,0.008777454,0
LA_D_1551180,0,0.0049917623,0
LA_D_1552205,0,0.0028489165,0
LA_D_1588708,0,0.0014152505,0
LA_D_1592604,0,0.0028206566,0
LA_D_1616469,0,0.001002767,0
LA_D_1634247,0,0.042866915,0
LA_D_1634260,0,0.0010502993,0
LA_D_1640811,0,0.002746846,0
LA_D_1693621,0,0.003615053,0
LA_D_1700029,0,0.0029413635,0
LA_D_1725101,0,0.050815098,0
LA_D_1726757,0,0.004288733,0
LA_D_1750812,0,0.001101408,0
LA_D_1756267,0,0.002274075,0
LA_D_1764899,0,0.0011403718,0
LA_D_1785622,0,0.0011500141,0
LA_D_1812777,0,0.012430187,0
LA_D_1857093,0,0.000902546,0
LA_D_1859569,0,0.006682673,0
LA_D_1860732,0,0.033677164,0
LA_D_1874538,0,0.0027716337,0
LA_D_1875610,0,0.0023090392,0
LA_D_1888505,0,0.0036831778,0
LA_D_1902286,0,0.0026305278,0
LA_D_1951999,0,0.0022894116,0
LA_D_1977992,0,0.005004689,0
LA_D_1982609,0,0.00057606027,0
LA_D_2040940,0,0.0011826893,0
LA_D_2065024,0,0.0032495756,0
LA_D_2076833,0,0.0023809026,0
LA_D_2092891,0,0.0027834782,0
LA_D_2094846,0,0.05689756,0
LA_D_2110221,0,0.0018156619,0
LA_D_2110877,0,0.0029794034,0
LA_D_2120746,0,0.0028533293,0
LA_D_2160549,0,0.0017230298,0
LA_D_2242907,0,0.0026537383,0
LA_D_2295521,0,0.0018296837,0
LA_D_2330181,0,0.010187001,0
LA_D_2354304,0,0.0017531209,0
LA_D_2368084,0,0.0027703121,0
LA_D_2386712,0,0.0076744505,0
LA_D_2396603,0,0.006567235,0
LA_D_2529258,0,0.0042352015,0
LA_D_2536419,0,0.001257607,0
LA_D_2543771,0,0.0052214777,0
LA_D_2565992,0,0.004661502,0
LA_D_2602121,0,0.0011440231,0
LA_D_2605389,0,0.00784048,0
LA_D_2638194,0,0.002542961,0
LA_D_2669207,0,0.0015832296,0
LA_D_2680010,0,0.0051191906,0
LA_D_2709521,0,0.0010588202,0
LA_D_2713921,0,0.008685834,0
LA_D_2714506,0,0.001898534,0
LA_D_2736798,0,0.0013408515,0
LA_D_2772831,0,0.0023903297,0
LA_D_2779400,0,0.01229222,0
LA_D_2793029,0,0.007466482,0
LA_D_2834285,0,0.023418548,0
LA_D_2853745,0,0.05568259,0
LA_D_2895911,0,0.0025730578,0
LA_D_2897114,0,0.013549639,0
LA_D_2907242,0,0.030603914,0
LA_D_2926373,0,0.0038260573,0
LA_D_2963666,0,0.0014380435,0
LA_D_3033850,0,0.0024004185,0
LA_D_3048934,0,0.0017654157,0
LA_D_3050382,0,0.004495212,0
LA_D_3060021,0,0.0010198035,0
LA_D_3074358,0,0.00053362624,0
LA_D_3091849,0,0.020151895,0
LA_D_3098494,0,0.002520712,0
LA_D_3102719,0,0.00057985296,0
LA_D_3103229,0,0.0076457225,0
LA_D_3140807,0,0.0012074208,0
LA_D_3141001,0,0.0018834154,0
LA_D_3146067,0,0.00093382876,0
LA_D_3197776,0,0.004505128,0
LA_D_3209443,0,0.024585959,0
LA_D_3218501,0,0.0028780717,0
LA_D_3220414,0,0.0011492114,0
LA_D_3223679,0,0.0038210787,0
LA_D_3235954,0,0.002378436,0
LA_D_3240744,0,0.00094023236,0
LA_D_3255179,0,0.0036251163,0
LA_D_3257558,0,0.0021971434,0
LA_D_3268182,0,0.006540551,0
LA_D_3287616,0,0.002665476,0
LA_D_3292380,0,0.0035254161,0
LA_D_3383596,0,0.0028830294,0
LA_D_3395666,0,0.050798222,0
LA_D_3417030,0,0.0049787513,0
LA_D_3469618,0,0.011230276,0
LA_D_3521896,0,0.0041285534,0
LA_D_3608379,0,0.0027679852,0
LA_D_3628945,0,0.011019031,0
LA_D_3658190,0,0.0024377322,0
LA_D_3663883,0,0.0027248051,0
LA_D_3667294,0,0.0009597144,0
LA_D_3668276,0,0.002092193,0
LA_D_3695500,0,0.0019657912,0
LA_D_3761182,0,0.0013506879,0
LA_D_3774569,0,0.014726316,0
LA_D_3794898,0,0.00026401298,0
LA_D_3816975,0,0.0022504528,0
LA_D_3832995,0,0.006320088,0
LA_D_3838796,0,0.001594486,0
LA_D_3870171,0,0.00055829395,0
LA_D_3891032,0,0.0017375115,0
LA_D_3901055,0,0.0027057582,0
LA_D_3942705,0,0.002515021,0
LA_D_3982488,0,0.08603474,0
LA_D_4036156,0,0.002483421,0
LA_D_4083065,0,0.0004306386,0
LA_D_4087294,0,0.018902987,0
LA_D_4100618,0,0.0010113857,0
LA_D_4176473,0,0.003096544,0
LA_D_4177267,0,0.0018514126,0
LA_D_4195813,0,0.006913021,0
LA_D_4234473,0,0.0039301678,0
LA_D_4238004,0,0.0069852583,0
LA_D_4252877,0,0.018998818,0
LA_D_4289062,0,0.00086223625,0
LA_D_4315292,0,0.0019953924,0
LA_D_4320045,0,0.0045054015,0
LA_D_4374505,0,0.026142042,0
LA_D_4374847,0,0.0036122513,0
LA_D_4396906,0,0.012749491,0
LA_D_4431110,0,0.007058159,0
LA_D_4433438,0,0.0014027448,0
LA_D_4435311,0,0.003698928,0
LA_D_4445043,0,0.001263974,0
LA_D_4466315,0,0.0009757241,0
LA_D_4482250,0,0.010996174,0
LA_D_4514767,0,0.0029229312,0
LA_D_4525286,0,0.0015535791,0
LA_D_4532971,0,0.0012414993,0
LA_D_4538195,0,0.0053633093,0
LA_D_4623028,0,0.0062810895,0
LA_D_4646382,0,0.0010607737,0
LA_D_4693240,0,0.0013560427,0
LA_D_4702442,0,0.0017702465,0
LA_D_4739962,0,0.008914096,0
LA_D_4753322,0,0.00443342,0
LA_D_4759804,0,0.0016347194,0
LA_D_4782365,0,0.0026235972,0
LA_D_4808563,0,0.002778691,0
LA_D_4893594,0,0.0056855134,0
LA_D_4893808,0,0.009094465,0
LA_D_4895547,0,0.0050233733,0
LA_D_4916654,0,0.010818908,0
LA_D_4923393,0,0.0012629752,0
LA_D_5000465,0,0.043403015,0
LA_D_5044367,0,0.0066294614,0
LA_D_5070399,0,0.006021763,0
LA_D_5108501,0,0.0018646298,0
LA_D_5109249,0,0.029003162,0
LA_D_5114087,0,0.0039659454,0
LA_D_5160671,0,0.0024027168,0
LA_D_5201039,0,0.0012006081,0
LA_D_5231688,0,0.006113309,0
LA_D_5263250,0,0.0024329256,0
LA_D_5271365,0,0.0020367156,0
LA_D_5275248,0,0.0032087865,0
LA_D_5301506,0,0.010580787,0
LA_D_5301649,0,0.0019416152,0
LA_D_5309639,0,0.010065801,0
LA_D_5331381,0,0.0034507806,0
LA_D_5334560,0,0.014129288,0
LA_D_5364323,0,0.0040721907,0
LA_D_5383156,0,0.008984952,0
LA_D_5408466,0,0.0017428594,0
LA_D_5416130,0,0.0018162334,0
LA_D_5427296,0,0.008681434,0
LA_D_5437761,0,0.0017992621,0
LA_D_5440591,0,0.0017888715,0
LA_D_5454068,0,0.0015621753,0
LA_D_5466662,0,0.002104429,0
LA_D_5471947,0,0.028221915,0
LA_D_5474545,0,0.0012511904,0
LA_D_5510072,0,0.0024542266,0
LA_D_5510361,0,0.0009851204,0
LA_D_5514813,0,0.007553816,0
LA_D_5525407,0,0.0018367933,0
LA_D_5539821,0,0.028312484,0
LA_D_5625259,0,0.00080805324,0
LA_D_5637355,0,0.015465781,0
LA_D_5642400,0,0.001155673,0
LA_D_5653465,0,0.006267214,0
LA_D_5714519,0,0.010002374,0
LA_D_5716129,0,0.01362875,0
LA_D_5716315,0,0.0053171534,0
LA_D_5777775,0,0.0020520634,0
LA_D_5828342,0,0.0067126676,0
LA_D_5856971,0,0.0021899866,0
LA_D_5868191,0,0.005172526,0
LA_D_5938703,0,0.0059113717,0
LA_D_5957995,0,0.002366293,0
LA_D_5995743,0,0.0015203572,0
LA_D_6036790,0,0.004093785,0
LA_D_6055461,0,0.039599977,0
LA_D_6089298,0,0.001769581,0
LA_D_6105261,0,0.001983368,0
LA_D_6107434,0,0.0010324464,0
LA_D_6111513,0,0.0022177137,0
LA_D_6138469,0,0.001756326,0
LA_D_6143621,0,0.00073693605,0
LA_D_6149770,0,0.00078864006,0
LA_D_6175034,0,0.001990707,0
LA_D_6210847,0,0.002519077,0
LA_D_6251261,0,0.004287192,0
LA_D_6271793,0,0.0017532685,0
LA_D_6284369,0,0.0060108504,0
LA_D_6303966,0,0.0014608811,0
LA_D_6341603,0,0.005331505,0
LA_D_6345727,0,0.001575855,0
LA_D_6359607,0,0.007899978,0
LA_D_6422391,0,0.0038804896,0
LA_D_6443808,0,0.0027364553,0
LA_D_6516436,0,0.0014469483,0
LA_D_6518104,0,0.004012625,0
LA_D_6539622,0,0.0032172,0
LA_D_6551392,0,0.004077346,0
LA_D_6577918,0,0.0019959651,0
LA_D_6607113,0,0.0063040215,0
LA_D_6628655,0,0.005503618,0
LA_D_6630625,0,0.0007332559,0
LA_D_6695154,0,0.0098502105,0
LA_D_6718854,0,0.0025717109,0
LA_D_6720500,0,0.015479301,0
LA_D_6721720,0,0.00047902114,0
LA_D_6726921,0,0.038116053,0
LA_D_6736558,0,0.0029963779,0
LA_D_6770113,0,0.0076782326,0
LA_D_6814056,0,0.002768878,0
LA_D_6822067,0,0.008875691,0
LA_D_6879633,0,0.013010855,0
LA_D_6911825,0,0.1127741,0
LA_D_6927946,0,0.0017524182,0
LA_D_6940412,0,0.008332224,0
LA_D_6980515,0,0.0023435804,0
LA_D_6987730,0,0.0037664229,0
LA_D_6992546,0,0.004496268,0
LA_D_7031168,0,0.0076075615,0
LA_D_7056226,0,0.0030120797,0
LA_D_7143793,0,0.0018252089,0
LA_D_7157583,0,0.0013473558,0
LA_D_7169976,0,0.0041971803,0
LA_D_7182086,0,0.0016512688,0
LA_D_7191939,0,0.004284915,0
LA_D_7232917,0,0.0012689764,0
LA_D_7255793,0,0.00075657194,0
LA_D_7297893,0,0.0038310038,0
LA_D_7300673,0,0.0015981239,0
LA_D_7322062,0,0.005802342,0
LA_D_7335601,0,0.0009005531,0
LA_D_7346973,0,0.0010280987,0
LA_D_7359871,0,0.0034036587,0
LA_D_7363360,0,0.0017304618,0
LA_D_7379829,0,0.00058952987,0
LA_D_7383476,0,0.0056482516,0
LA_D_7390072,0,0.0029382566,0
LA_D_7400234,0,0.0011032447,0
LA_D_7417514,0,0.0030220137,0
LA_D_7418166,0,0.000507289,0
LA_D_7453863,0,0.082750455,0
LA_D_7470067,0,0.001410413,0
LA_D_7513692,0,0.005622414,0
LA_D_7517871,0,0.0035743758,0
LA_D_7596266,0,0.011184073,0
LA_D_7624171,0,0.014443237,0
LA_D_7647726,0,0.0017554514,0
LA_D_7665313,0,0.0012885457,0
LA_D_7668086,0,0.008127899,0
LA_D_7694738,0,0.007218059,0
LA_D_7705215,0,0.0014757898,0
LA_D_7722898,0,0.008147897,0
LA_D_7741435,0,0.014385155,0
LA_D_7756173,0,0.00093554624,0
LA_D_7762520,0,0.001371586,0
LA_D_7763634,0,0.010418564,0
LA_D_7764712,0,0.0051872097,0
LA_D_7765561,0,0.0015334601,0
LA_D_7784589,0,0.0026841292,0
LA_D_7784895,0,0.034167588,0
LA_D_7815011,0,0.001117029,0
LA_D_7816003,0,0.0016471369,0
LA_D_7831838,0,0.0070665954,0
LA_D_7833764,0,0.003729985,0
LA_D_7849760,0,0.0009768333,0
LA_D_7855716,0,0.008820241,0
LA_D_7865903,0,0.004870342,0
LA_D_7886257,0,0.0021779237,0
LA_D_7900165,0,0.009725835,0
LA_D_7982809,0,0.0007560048,0
LA_D_7982832,0,0.0032205766,0
LA_D_8004535,0,0.0022628186,0
LA_D_8006920,0,0.002074713,0
LA_D_8043612,0,0.09637441,0
LA_D_8045813,0,0.00084411976,0
LA_D_8046653,0,0.0061645266,0
LA_D_8058949,0,0.010775846,0
LA_D_8066085,0,0.00039846599,0
LA_D_8067809,0,0.002416605,0
LA_D_8086419,0,0.00096267293,0
LA_D_8093748,0,0.012981129,0
LA_D_8106973,0,0.0044420194,0
LA_D_8112034,0,0.0026818041,0
LA_D_8149486,0,0.00040931432,0
LA_D_8151945,0,0.0025751123,0
LA_D_8172758,0,0.0036624465,0
LA_D_8181526,0,0.0024019033,0
LA_D_8198483,0,0.0035109394,0
LA_D_8223293,0,0.008163771,0
LA_D_8232967,0,0.00071585976,0
LA_D_8256307,0,0.013831317,0
LA_D_8309973,0,0.01203098,0
LA_D_8314425,0,0.00042961494,0
LA_D_8323741,0,0.016415901,0
LA_D_8370384,0,0.7680324,1
LA_D_8370984,0,0.0015231364,0
LA_D_8384378,0,0.0038060613,0
LA_D_8391684,0,0.001213848,0
LA_D_8398401,0,0.021571686,0
LA_D_8399662,0,0.007666412,0
LA_D_8504035,0,0.0012248182,0
LA_D_8505340,0,0.0023994814,0
LA_D_8512243,0,0.0018419744,0
LA_D_8534733,0,0.0010907415,0
LA_D_8535074,0,0.0049103145,0
LA_D_8580443,0,0.0039462238,0
LA_D_8584366,0,0.013590898,0
LA_D_8597595,0,0.0049961032,0
LA_D_8600478,0,0.0039843037,0
LA_D_8608509,0,0.0021448652,0
LA_D_8625690,0,0.008189998,0
LA_D_8674116,0,0.0037345507,0
LA_D_8692213,0,0.016117493,0
LA_D_8712541,0,0.0014160027,0
LA_D_8717579,0,0.0048518176,0
LA_D_8791539,0,0.004019572,0
LA_D_8796692,0,0.0031029286,0
LA_D_8840625,0,0.0045044227,0
LA_D_8841200,0,0.0017431263,0
LA_D_8846826,0,0.001024303,0
LA_D_8891133,0,0.016400633,0
LA_D_8904678,0,0.0046948795,0
LA_D_8932331,0,0.0012327448,0
LA_D_8955275,0,0.0029225466,0
LA_D_8956199,0,0.0056789936,0
LA_D_8960945,0,0.004863467,0
LA_D_8966356,0,0.0008911926,0
LA_D_9027045,0,0.0011497501,0
LA_D_9043896,0,0.0006830488,0
LA_D_9205640,0,0.0025054289,0
LA_D_9213206,0,0.00324903,0
LA_D_9218810,0,0.015807468,0
LA_D_9257861,0,0.022105752,0
LA_D_9266332,0,0.0029988948,0
LA_D_9273749,0,0.012547319,0
LA_D_9317123,0,0.0018829744,0
LA_D_9328186,0,0.0013625388,0
LA_D_9362120,0,0.005824663,0
LA_D_9362645,0,0.0031961042,0
LA_D_9382394,0,0.005859697,0
LA_D_9416726,0,0.007608526,0
LA_D_9436033,0,0.0015382365,0
LA_D_9445466,0,0.010620437,0
LA_D_9502317,0,0.0052715177,0
LA_D_9503289,0,0.0063075945,0
LA_D_9580819,0,0.0023298874,0
LA_D_9635070,0,0.0042729853,0
LA_D_9674435,0,0.0011738021,0
LA_D_9677312,0,0.003783949,0
LA_D_9688437,0,0.041478828,0
LA_D_9722118,0,0.0011386262,0
LA_D_9725525,0,0.0035537146,0
LA_D_9752782,0,0.0057085427,0
LA_D_9796677,0,0.00071453745,0
LA_D_9845403,0,0.0031977317,0
LA_D_9868503,0,0.0010923159,0
LA_D_9871188,0,0.0015117372,0
LA_D_9889279,0,0.002875973,0
LA_D_9917167,0,0.023436991,0
LA_D_9926699,0,0.0006975633,0
LA_D_9949558,0,0.0013484765,0
LA_D_9957382,0,0.008154868,0
LA_D_1031436,0,0.006075506,0
LA_D_1032020,0,0.0076079606,0
LA_D_1081764,0,0.30641764,0
LA_D_1096990,0,0.32129,0
LA_D_1110612,0,0.030982593,0
LA_D_1116227,0,0.0025681746,0
LA_D_1121126,0,0.004700632,0
LA_D_1141201,0,0.035702348,0
LA_D_1146509,0,0.0029786017,0
LA_D_1233489,0,0.009579235,0
LA_D_1254187,0,0.005475342,0
LA_D_1348026,0,0.17644942,0
LA_D_1350639,0,0.1753132,0
LA_D_1374599,0,0.09053842,0
LA_D_1391044,0,0.04717121,0
LA_D_1395431,0,0.0033008188,0
LA_D_1412745,0,0.20944467,0
LA_D_1515705,0,0.028617375,0
LA_D_1562924,0,0.0050803884,0
LA_D_1590364,0,0.018187955,0
LA_D_1591023,0,0.018149992,0
LA_D_1608716,0,0.01273426,0
LA_D_1649398,0,0.030669268,0
LA_D_1691598,0,0.0353466,0
LA_D_1703081,0,0.07215481,0
LA_D_1716650,0,0.07404092,0
LA_D_1717564,0,0.012197734,0
LA_D_1771089,0,0.005490563,0
LA_D_1772325,0,0.007817959,0
LA_D_1792741,0,0.004731433,0
LA_D_1800519,0,0.008344596,0
LA_D_1820438,0,0.005785151,0
LA_D_1846110,0,0.0204596,0
LA_D_1872484,0,0.96026236,1
LA_D_1905366,0,0.0018139405,0
LA_D_1952062,0,0.5018427,1
LA_D_2005281,0,0.005920244,0
LA_D_2020389,0,0.0040992964,0
LA_D_2028260,0,0.002760871,0
LA_D_2094937,0,0.026755534,0
LA_D_2108764,0,0.886372,1
LA_D_2124586,0,0.25247678,0
LA_D_2134167,0,0.7752943,1
LA_D_2158419,0,0.01700894,0
LA_D_2171946,0,0.04477399,0
LA_D_2192025,0,0.003605091,0
LA_D_2196619,0,0.016364219,0
LA_D_2240494,0,0.0012078425,0
LA_D_2243488,0,0.018917575,0
LA_D_2272161,0,0.11906652,0
LA_D_2288205,0,0.1757159,0
LA_D_2297266,0,0.0030135664,0
LA_D_2330610,0,0.016240137,0
LA_D_2331209,0,0.039543126,0
LA_D_2381980,0,0.007812635,0
LA_D_2383252,0,0.0062915892,0
LA_D_2396073,0,0.017236436,0
LA_D_2464153,0,0.42049307,0
LA_D_2480756,0,0.00353357,0
LA_D_2482474,0,0.0023525276,0
LA_D_2529761,0,0.4864836,0
LA_D_2537019,0,0.013366614,0
LA_D_2581603,0,0.009623994,0
LA_D_2591831,0,0.014435649,0
LA_D_2600370,0,0.007090813,0
LA_D_2632975,0,0.0012458694,0
LA_D_2659177,0,0.079171814,0
LA_D_2661288,0,0.27871725,0
LA_D_2696036,0,0.027604066,0
LA_D_2731822,0,0.0017211025,0
LA_D_2745677,0,0.257478,0
LA_D_2751547,0,0.0030098571,0
LA_D_2762370,0,0.0012289673,0
LA_D_2768627,0,0.10490222,0
LA_D_2826765,0,0.0029355937,0
LA_D_2831994,0,0.29265442,0
LA_D_2836370,0,0.0024965024,0
LA_D_2836997,0,0.066999465,0
LA_D_2839806,0,0.0010144941,0
LA_D_2873319,0,0.031695575,0
LA_D_2919334,0,0.058249336,0
LA_D_2973933,0,0.022882465,0
LA_D_2997639,0,0.7414278,1
LA_D_3008504,0,0.0033430865,0
LA_D_3009860,0,0.15958978,0
LA_D_3012054,0,0.0016561411,0
LA_D_3020555,0,0.006512965,0
LA_D_3041827,0,0.018427584,0
LA_D_3062267,0,0.0064235907,0
LA_D_3102640,0,0.0010597546,0
LA_D_3117379,0,0.010687256,0
LA_D_3139128,0,0.004955544,0
LA_D_3144478,0,0.0054047615,0
LA_D_3169490,0,0.10104911,0
LA_D_3181890,0,0.029496316,0
LA_D_3205771,0,0.037986234,0
LA_D_3228741,0,0.0492139,0
LA_D_3229923,0,0.0070752325,0
LA_D_3277410,0,0.062432334,0
LA_D_3282057,0,0.0015690523,0
LA_D_3296082,0,0.021420158,0
LA_D_3303334,0,0.017130218,0
LA_D_3316424,0,0.06884026,0
LA_D_3335276,0,0.045233727,0
LA_D_3372760,0,0.034976564,0
LA_D_3411696,0,0.02690444,0
LA_D_3421161,0,0.0016904119,0
LA_D_3431149,0,0.007716116,0
LA_D_3431821,0,0.00499484,0
LA_D_3432362,0,0.010973692,0
LA_D_3456522,0,0.5008949,1
LA_D_3477968,0,0.2797937,0
LA_D_3478947,0,0.022209873,0
LA_D_3485019,0,0.0072766324,0
LA_D_3485765,0,0.09239744,0
LA_D_3489009,0,0.0126549555,0
LA_D_3508839,0,0.022403426,0
LA_D_3530863,0,0.0055194017,0
LA_D_3577241,0,0.009591263,0
LA_D_3591007,0,0.03471811,0
LA_D_3680282,0,0.035982717,0
LA_D_3689168,0,0.006183682,0
LA_D_3695889,0,0.002105569,0
LA_D_3705418,0,0.0025998892,0
LA_D_3802161,0,0.008743442,0
LA_D_3884812,0,0.020002166,0
LA_D_3944543,0,0.018904801,0
LA_D_3964644,0,0.006386862,0
LA_D_3966802,0,0.00664628,0
LA_D_3968324,0,0.007725494,0
LA_D_4055715,0,0.0014714075,0
LA_D_4059408,0,0.012678175,0
LA_D_4068527,0,0.019109154,0
LA_D_4070752,0,0.22312069,0
LA_D_4076028,0,0.0049235006,0
LA_D_4193545,0,0.1757184,0
LA_D_4202564,0,0.0038845667,0
LA_D_4209350,0,0.0015530451,0
LA_D_4254597,0,0.004580882,0
LA_D_4282710,0,0.004017108,0
LA_D_4284157,0,0.84995896,1
LA_D_4296081,0,0.023288855,0
LA_D_4309360,0,0.019150374,0
LA_D_4313608,0,0.41544792,0
LA_D_4337079,0,0.49834338,0
LA_D_4425542,0,0.0086228,0
LA_D_4438965,0,0.019373972,0
LA_D_4451667,0,0.8890826,1
LA_D_4519910,0,0.0040110783,0
LA_D_4554135,0,0.0018167546,0
LA_D_4559678,0,0.41356832,0
LA_D_4570189,0,0.6083534,1
LA_D_4571962,0,0.05379904,0
LA_D_4611388,0,0.0011194801,0
LA_D_4643563,0,0.013365531,0
LA_D_4689159,0,0.018173082,0
LA_D_4771512,0,0.007859226,0
LA_D_4801010,0,0.005877763,0
LA_D_4829975,0,0.003962598,0
LA_D_4832275,0,0.01454379,0
LA_D_4851555,0,0.0023864897,0
LA_D_4862820,0,0.016371075,0
LA_D_4891563,0,0.03957021,0
LA_D_4905495,0,0.0730825,0
LA_D_4942259,0,0.0050943727,0
LA_D_5004432,0,0.0018493754,0
LA_D_5043373,0,0.005475591,0
LA_D_5093282,0,0.010911628,0
LA_D_5135015,0,0.0010996851,0
LA_D_5151079,0,0.01656377,0
LA_D_5178398,0,0.010033615,0
LA_D_5201713,0,0.112411015,0
LA_D_5208743,0,0.0072458554,0
LA_D_5231854,0,0.03804713,0
LA_D_5253057,0,0.024162486,0
LA_D_5269078,0,0.0024842825,0
LA_D_5282926,0,0.011621557,0
LA_D_5290201,0,0.14400417,0
LA_D_5300406,0,0.071596555,0
LA_D_5367629,0,0.0148449475,0
LA_D_5402243,0,0.0037673514,0
LA_D_5405824,0,0.15777598,0
LA_D_5406305,0,0.0016748984,0
LA_D_5427168,0,0.0017104148,0
LA_D_5432594,0,0.006828403,0
LA_D_5469998,0,0.06748308,0
LA_D_5540322,0,0.07879479,0
LA_D_5583855,0,0.6560433,1
LA_D_5604871,0,0.613094,1
LA_D_5638733,0,0.0022922342,0
LA_D_5671651,0,0.014855098,0
LA_D_5692097,0,0.048386093,0
LA_D_5696486,0,0.005233653,0
LA_D_5708525,0,0.042488076,0
LA_D_5708635,0,0.0052142013,0
LA_D_5727128,0,0.04240553,0
LA_D_5732025,0,0.0011490209,0
LA_D_5748339,0,0.05376037,0
LA_D_5762860,0,0.027355306,0
LA_D_5768079,0,0.0052427147,0
LA_D_5785094,0,0.0098891985,0
LA_D_5839319,0,0.03437711,0
LA_D_5847132,0,0.024125447,0
LA_D_5886913,0,0.057326175,0
LA_D_5934552,0,0.006661171,0
LA_D_5974348,0,0.0038694295,0
LA_D_6020580,0,0.056641906,0
LA_D_6043622,0,0.003754547,0
LA_D_6054809,0,0.628107,1
LA_D_6095298,0,0.012181996,0
LA_D_6100403,0,0.86085355,1
LA_D_6128701,0,0.033834625,0
LA_D_6134944,0,0.011100715,0
LA_D_6138799,0,0.0042137606,0
LA_D_6139800,0,0.025326084,0
LA_D_6151678,0,0.006966912,0
LA_D_6178698,0,0.012656574,0
LA_D_6179348,0,0.045557562,0
LA_D_6186073,0,0.025533207,0
LA_D_6226933,0,0.9118083,1
LA_D_6261206,0,0.0036907468,0
LA_D_6268368,0,0.023531487,0
LA_D_6300161,0,0.004181785,0
LA_D_6332364,0,0.006104345,0
LA_D_6348489,0,0.009110188,0
LA_D_6359915,0,0.04062051,0
LA_D_6370803,0,0.0644379,0
LA_D_6475690,0,0.0081928335,0
LA_D_6490506,0,0.023518486,0
LA_D_6519917,0,0.23564747,0
LA_D_6523940,0,0.0029894689,0
LA_D_6577660,0,0.018018698,0
LA_D_6674030,0,0.08375769,0
LA_D_6678702,0,0.0060416465,0
LA_D_6679225,0,0.027927281,0
LA_D_6684696,0,0.015388907,0
LA_D_6687114,0,0.024670975,0
LA_D_6713163,0,0.025717834,0
LA_D_6713386,0,0.0010994379,0
LA_D_6739854,0,0.58389765,1
LA_D_6741158,0,0.004097899,0
LA_D_6758446,0,0.130192,0
LA_D_6779535,0,0.44323,0
LA_D_6800766,0,0.099967904,0
LA_D_6821694,0,0.018788174,0
LA_D_6823282,0,0.025296604,0
LA_D_6845165,0,0.0011566421,0
LA_D_6861442,0,0.008246562,0
LA_D_6863890,0,0.05388175,0
LA_D_6885418,0,0.018648397,0
LA_D_6902681,0,0.0030961214,0
LA_D_6904078,0,0.0021181088,0
LA_D_6906302,0,0.012026289,0
LA_D_6908542,0,0.024119964,0
LA_D_6987015,0,0.0030679363,0
LA_D_6993130,0,0.017113607,0
LA_D_6995410,0,0.017116439,0
LA_D_7091071,0,0.042620383,0
LA_D_7094965,0,0.009284873,0
LA_D_7110756,0,0.022906478,0
LA_D_7133043,0,0.0016088593,0
LA_D_7139747,0,0.0231978,0
LA_D_7151634,0,0.020359926,0
LA_D_7159338,0,0.044162024,0
LA_D_7206772,0,0.014133306,0
LA_D_7207336,0,0.020396754,0
LA_D_7230301,0,0.245323,0
LA_D_7241582,0,0.0027476822,0
LA_D_7243431,0,0.003282415,0
LA_D_7270172,0,0.009010834,0
LA_D_7291272,0,0.051698994,0
LA_D_7291592,0,0.020026332,0
LA_D_7306537,0,0.0019314507,0
LA_D_7312913,0,0.12282237,0
LA_D_7316873,0,0.010066429,0
LA_D_7317184,0,0.03537127,0
LA_D_7396958,0,0.0064903973,0
LA_D_7403679,0,0.0005694532,0
LA_D_7412514,0,0.048961148,0
LA_D_7424653,0,0.007726317,0
LA_D_7428181,0,0.013699628,0
LA_D_7458005,0,0.006167922,0
LA_D_7470485,0,0.0027823693,0
LA_D_7483902,0,0.023807675,0
LA_D_7545322,0,0.010540414,0
LA_D_7551004,0,0.13723832,0
LA_D_7554141,0,0.00703565,0
LA_D_7555425,0,0.0029062252,0
LA_D_7599767,0,0.0022172304,0
LA_D_7601022,0,0.046973553,0
LA_D_7622749,0,0.0031378323,0
LA_D_7635024,0,0.0021567917,0
LA_D_7659228,0,0.0062884027,0
LA_D_7674503,0,0.0010751345,0
LA_D_7692442,0,0.016011091,0
LA_D_7727110,0,0.0028794445,0
LA_D_7765093,0,0.015729548,0
LA_D_7796473,0,0.027940435,0
LA_D_7820794,0,0.006436202,0
LA_D_7830688,0,0.017621353,0
LA_D_7838652,0,0.9335706,1
LA_D_7886473,0,0.007028309,0
LA_D_7888867,0,0.007902251,0
LA_D_7961283,0,0.011090612,0
LA_D_7986122,0,0.3457526,0
LA_D_8014280,0,0.10242871,0
LA_D_8029967,0,0.0021626533,0
LA_D_8049091,0,0.0051950305,0
LA_D_8078840,0,0.6541381,1
LA_D_8078878,0,0.0042434144,0
LA_D_8083150,0,0.005935541,0
LA_D_8095777,0,0.0036334877,0
LA_D_8127459,0,0.0021209407,0
LA_D_8130762,0,0.3545542,0
LA_D_8158331,0,0.112558626,0
LA_D_8158959,0,0.0051172334,0
LA_D_8169547,0,0.041996658,0
LA_D_8170099,0,0.006820795,0
LA_D_8172351,0,0.022746125,0
LA_D_8193450,0,0.0039381105,0
LA_D_8199067,0,0.013514134,0
LA_D_8209765,0,0.0033145708,0
LA_D_8217946,0,0.9896262,1
LA_D_8223036,0,0.005610709,0
LA_D_8237136,0,0.008280964,0
LA_D_8250644,0,0.004931965,0
LA_D_8324721,0,0.005351245,0
LA_D_8346311,0,0.0043808245,0
LA_D_8364154,0,0.0030820905,0
LA_D_8447186,0,0.10182396,0
LA_D_8506451,0,0.0040036216,0
LA_D_8510080,0,0.31988007,0
LA_D_8564217,0,0.68117076,1
LA_D_8592715,0,0.0044763773,0
LA_D_8596130,0,0.36597404,0
LA_D_8597270,0,0.0016754693,0
LA_D_8599650,0,0.09683819,0
LA_D_8635399,0,0.031959157,0
LA_D_8637190,0,0.22667591,0
LA_D_8651444,0,0.012315296,0
LA_D_8676257,0,0.040338166,0
LA_D_8683862,0,0.2992326,0
LA_D_8711965,0,0.007875291,0
LA_D_8717286,0,0.16038606,0
LA_D_8763483,0,0.0128633175,0
LA_D_8815066,0,0.03041216,0
LA_D_8817485,0,0.084730275,0
LA_D_8818567,0,0.009493108,0
LA_D_8870983,0,0.0013027901,0
LA_D_8873162,0,0.011728545,0
LA_D_8882131,0,0.006875867,0
LA_D_8899360,0,0.013063836,0
LA_D_8949695,0,0.056105494,0
LA_D_8956054,0,0.111919865,0
LA_D_8971637,0,0.03196449,0
LA_D_9007888,0,0.0087164175,0
LA_D_9032929,0,0.006590902,0
LA_D_9101014,0,0.19638932,0
LA_D_9116569,0,0.24734046,0
LA_D_9140736,0,0.24968591,0
LA_D_9165073,0,0.10748008,0
LA_D_9196640,0,0.02734469,0
LA_D_9258337,0,0.40451044,0
LA_D_9288317,0,0.0020432605,0
LA_D_9314827,0,0.18888825,0
LA_D_9319189,0,0.1272883,0
LA_D_9333593,0,0.36338225,0
LA_D_9341670,0,0.07240066,0
LA_D_9362528,0,0.008476686,0
LA_D_9377948,0,0.013178032,0
LA_D_9393969,0,0.020538252,0
LA_D_9396779,0,0.0058099693,0
LA_D_9457819,0,0.033004146,0
LA_D_9475659,0,0.045727953,0
LA_D_9476497,0,0.12634625,0
LA_D_9481106,0,0.035704408,0
LA_D_9483379,0,0.0022045362,0
LA_D_9487713,0,0.04000518,0
LA_D_9497869,0,0.057824362,0
LA_D_9500981,0,0.008025057,0
LA_D_9515921,0,0.0032572483,0
LA_D_9517790,0,0.07278228,0
LA_D_9518120,0,0.0011176026,0
LA_D_9523992,0,0.013260466,0
LA_D_9542497,0,0.008467281,0
LA_D_9557083,0,0.4867223,0
LA_D_9566187,0,0.014231662,0
LA_D_9593338,0,0.10520764,0
LA_D_9594827,0,0.0031474363,0
LA_D_9596577,0,0.001057416,0
LA_D_9601777,0,0.09814425,0
LA_D_9629887,0,0.0030243795,0
LA_D_9633079,0,0.0015156767,0
LA_D_9648310,0,0.049309865,0
LA_D_9730838,0,0.025545431,0
LA_D_9749096,0,0.8507665,1
LA_D_9779729,0,0.015094304,0
LA_D_9780174,0,0.31537098,0
LA_D_9789524,0,0.32010776,0
LA_D_9792280,0,0.009143717,0
LA_D_9812014,0,0.435235,0
LA_D_9832311,0,0.4869369,0
LA_D_9835323,0,0.15184811,0
LA_D_9839655,0,0.0023743764,0
LA_D_9847163,0,0.03054756,0
LA_D_9863698,0,0.005305744,0
LA_D_9876246,0,0.015944855,0
LA_D_9908787,0,0.001068717,0
LA_D_9922697,0,0.0021210155,0
LA_D_9924204,0,0.020957997,0
LA_D_9931163,0,0.009031167,0
LA_D_9935163,0,0.01865818,0
LA_D_9944718,0,0.06362744,0
LA_D_9967770,0,0.08910463,0
