{
  "accuracy": 0.6893414909032362,
  "balanced_accuracy": 0.6174824425920074,
  "roc_auc": 0.6847799342681512,
  "eer": 0.36930926216640503,
  "eer_threshold": 0.44595322012901306,
  "f1_bonafide": 0.25816993464052285,
  "f1_spoof": 0.8035332450870583,
  "n_test": 24844,
  "n_test_pos_bonafide": 2548,
  "n_test_neg_spoof": 22296
}