{
  "accuracy": 0.7871920785702785,
  "balanced_accuracy": 0.815215744325386,
  "roc_auc": 0.9118838114445911,
  "eer": 0.18092621664050235,
  "eer_threshold": 0.5924328565597534,
  "f1_bonafide": 0.4504729238124935,
  "f1_spoof": 0.868046022911623,
  "n_test": 24844,
  "n_test_pos_bonafide": 2548,
  "n_test_neg_spoof": 22296
}