{
  "accuracy": 0.7950008050233457,
  "balanced_accuracy": 0.8593680558254602,
  "roc_auc": 0.9451664303006952,
  "eer": 0.13069073783359497,
  "eer_threshold": 0.7339064478874207,
  "f1_bonafide": 0.48477491148204355,
  "f1_spoof": 0.8720448207421551,
  "n_test": 24844,
  "n_test_pos_bonafide": 2548,
  "n_test_neg_spoof": 22296
}