{
  "accuracy": 0.9641764611173724,
  "balanced_accuracy": 0.9659629128624208,
  "roc_auc": 0.9952414889943721,
  "eer": 0.03414442700156983,
  "eer_threshold": 0.5393571257591248,
  "f1_bonafide": 0.847184065934066,
  "f1_spoof": 0.9797100127667335,
  "n_test": 24844,
  "n_test_pos_bonafide": 2548,
  "n_test_neg_spoof": 22296
}