{
  "accuracy": 0.7853002737079375,
  "balanced_accuracy": 0.8292829345036019,
  "roc_auc": 0.9244129769776588,
  "eer": 0.16487262289199855,
  "eer_threshold": 0.5794937610626221,
  "f1_bonafide": 0.4580369843527738,
  "f1_spoof": 0.8661346182803795,
  "n_test": 24844,
  "n_test_pos_bonafide": 2548,
  "n_test_neg_spoof": 22296
}