{
  "accuracy": 0.7542263725648044,
  "balanced_accuracy": 0.7061220758072211,
  "roc_auc": 0.8009835661928927,
  "eer": 0.2810047095761381,
  "eer_threshold": 0.41649600863456726,
  "f1_bonafide": 0.3501489995742869,
  "f1_spoof": 0.8484562692345875,
  "n_test": 24844,
  "n_test_pos_bonafide": 2548,
  "n_test_neg_spoof": 22296
}