{
  "accuracy": 0.9594670745451618,
  "balanced_accuracy": 0.9727246906048997,
  "roc_auc": 0.9964975836736947,
  "eer": 0.026687598116169498,
  "eer_threshold": 0.7483402490615845,
  "f1_bonafide": 0.8335262026781286,
  "f1_spoof": 0.9769243108228878,
  "n_test": 24844,
  "n_test_pos_bonafide": 2548,
  "n_test_neg_spoof": 22296
}