{
  "accuracy": 0.8960312349058123,
  "balanced_accuracy": 0.9267798139376642,
  "roc_auc": 0.9795947147385906,
  "eer": 0.0714285714285714,
  "eer_threshold": 0.7828450798988342,
  "f1_bonafide": 0.6557377049180328,
  "f1_spoof": 0.9387697048713998,
  "n_test": 24844,
  "n_test_pos_bonafide": 2548,
  "n_test_neg_spoof": 22296
}