{
  "accuracy": 0.8259942038319111,
  "balanced_accuracy": 0.7537543252790062,
  "roc_auc": 0.8631827487764172,
  "eer": 0.21245963401506998,
  "eer_threshold": 0.32234060764312744,
  "f1_bonafide": 0.43864433190494745,
  "f1_spoof": 0.8970395598637674,
  "n_test": 24844,
  "n_test_pos_bonafide": 2548,
  "n_test_neg_spoof": 22296
}