{
  "accuracy": 0.9097568829496055,
  "balanced_accuracy": 0.9114844289955777,
  "roc_auc": 0.9725797166593722,
  "eer": 0.0890894819466248,
  "eer_threshold": 0.5128588676452637,
  "f1_bonafide": 0.6749782545665409,
  "f1_spoof": 0.9476045805094649,
  "n_test": 24844,
  "n_test_pos_bonafide": 2548,
  "n_test_neg_spoof": 22296
}