{
  "accuracy": 0.6217195298663661,
  "balanced_accuracy": 0.6489826265026173,
  "roc_auc": 0.6987462710926882,
  "eer": 0.3571428571428571,
  "eer_threshold": 0.5094972848892212,
  "f1_bonafide": 0.2703416149068323,
  "f1_spoof": 0.7446750706368179,
  "n_test": 24844,
  "n_test_pos_bonafide": 2548,
  "n_test_neg_spoof": 22296
}