{
  "accuracy": 0.9016663983255514,
  "balanced_accuracy": 0.9295717769595211,
  "roc_auc": 0.9810403968244581,
  "eer": 0.06996770721205597,
  "eer_threshold": 0.7001402974128723,
  "f1_bonafide": 0.6680255469493137,
  "f1_spoof": 0.9422854307921282,
  "n_test": 24844,
  "n_test_pos_bonafide": 2548,
  "n_test_neg_spoof": 22296
}