{
  "accuracy": 0.8577121236515859,
  "balanced_accuracy": 0.9012593300133667,
  "roc_auc": 0.9667831967804096,
  "eer": 0.09144427001569855,
  "eer_threshold": 0.7837039232254028,
  "f1_bonafide": 0.5795170691090757,
  "f1_spoof": 0.9143673845110342,
  "n_test": 24844,
  "n_test_pos_bonafide": 2548,
  "n_test_neg_spoof": 22296
}