{
  "accuracy": 0.8114635324424408,
  "balanced_accuracy": 0.7738154030346096,
  "roc_auc": 0.867326132655596,
  "eer": 0.21153846153846156,
  "eer_threshold": 0.4014683663845062,
  "f1_bonafide": 0.44145003577390884,
  "f1_spoof": 0.8865914483560118,
  "n_test": 24844,
  "n_test_pos_bonafide": 2548,
  "n_test_neg_spoof": 22296
}