{
  "accuracy": 0.8290130413782,
  "balanced_accuracy": 0.7538719801906024,
  "roc_auc": 0.8703466373508085,
  "eer": 0.20380337280229638,
  "eer_threshold": 0.32403692603111267,
  "f1_bonafide": 0.441640378548896,
  "f1_spoof": 0.8990494296577947,
  "n_test": 24844,
  "n_test_pos_bonafide": 2548,
  "n_test_neg_spoof": 22296
}