{
  "accuracy": 0.9138625020125584,
  "balanced_accuracy": 0.935671490588452,
  "roc_auc": 0.9830773194845547,
  "eer": 0.06083202511773944,
  "eer_threshold": 0.7354168891906738,
  "f1_bonafide": 0.6963677639046538,
  "f1_spoof": 0.949812382739212,
  "n_test": 24844,
  "n_test_pos_bonafide": 2548,
  "n_test_neg_spoof": 22296
}