{
  "accuracy": 0.6076316213170182,
  "balanced_accuracy": 0.5691776731393063,
  "roc_auc": 0.6100609770694732,
  "eer": 0.42904556871187655,
  "eer_threshold": 0.47907790541648865,
  "f1_bonafide": 0.21399774229962912,
  "f1_spoof": 0.7385613903341736,
  "n_test": 24844,
  "n_test_pos_bonafide": 2548,
  "n_test_neg_spoof": 22296
}