{
  "accuracy": 0.9580985348575108,
  "balanced_accuracy": 0.9724836423763843,
  "roc_auc": 0.9970278756944526,
  "eer": 0.025565123789020452,
  "eer_threshold": 0.8631746768951416,
  "f1_bonafide": 0.8290359664969618,
  "f1_spoof": 0.9761233055804033,
  "n_test": 24844,
  "n_test_pos_bonafide": 2548,
  "n_test_neg_spoof": 22296
}