{
  "accuracy": 0.9687650941877315,
  "balanced_accuracy": 0.9747764697499435,
  "roc_auc": 0.997135532402909,
  "eer": 0.025117739403453743,
  "eer_threshold": 0.6892715096473694,
  "f1_bonafide": 0.8657903839501903,
  "f1_spoof": 0.9823258780121168,
  "n_test": 24844,
  "n_test_pos_bonafide": 2548,
  "n_test_neg_spoof": 22296
}