{
  "accuracy": 0.8773949444533892,
  "balanced_accuracy": 0.9044041169502495,
  "roc_auc": 0.9687790616784927,
  "eer": 0.09459095801937567,
  "eer_threshold": 0.6779182553291321,
  "f1_bonafide": 0.6108840061318345,
  "f1_spoof": 0.9272336359292882,
  "n_test": 24844,
  "n_test_pos_bonafide": 2548,
  "n_test_neg_spoof": 22296
}