{
  "accuracy": 0.7436403155691516,
  "balanced_accuracy": 0.7275118232272623,
  "roc_auc": 0.8101588890503623,
  "eer": 0.2727629513343799,
  "eer_threshold": 0.46561428904533386,
  "f1_bonafide": 0.36137571442895816,
  "f1_spoof": 0.8396323807125771,
  "n_test": 24844,
  "n_test_pos_bonafide": 2548,
  "n_test_neg_spoof": 22296
}