{
  "accuracy": 0.8015214941233296,
  "balanced_accuracy": 0.7846141313194981,
  "roc_auc": 0.8643147548412426,
  "eer": 0.2095761381475667,
  "eer_threshold": 0.45852330327033997,
  "f1_bonafide": 0.4409930846842762,
  "f1_spoof": 0.8793402990187682,
  "n_test": 24844,
  "n_test_pos_bonafide": 2548,
  "n_test_neg_spoof": 22296
}