{
  "accuracy": 0.8123490581226855,
  "balanced_accuracy": 0.7786539348702965,
  "roc_auc": 0.8715138395550319,
  "eer": 0.2052590266875981,
  "eer_threshold": 0.4174489974975586,
  "f1_bonafide": 0.4459234608985025,
  "f1_spoof": 0.8870475359790667,
  "n_test": 24844,
  "n_test_pos_bonafide": 2548,
  "n_test_neg_spoof": 22296
}