{
  "accuracy": 0.7681130252777331,
  "balanced_accuracy": 0.720115934094098,
  "roc_auc": 0.8119583367834174,
  "eer": 0.27211158952278436,
  "eer_threshold": 0.3710409998893738,
  "f1_bonafide": 0.3685191274799956,
  "f1_spoof": 0.8579810181190681,
  "n_test": 24844,
  "n_test_pos_bonafide": 2548,
  "n_test_neg_spoof": 22296
}