{
  "accuracy": 0.9657865078087264,
  "balanced_accuracy": 0.9625147649521015,
  "roc_auc": 0.9945093054403179,
  "eer": 0.03713670613562971,
  "eer_threshold": 0.42541825771331787,
  "f1_bonafide": 0.8517614230903382,
  "f1_spoof": 0.9806616007644355,
  "n_test": 24844,
  "n_test_pos_bonafide": 2548,
  "n_test_neg_spoof": 22296
}