{
  "accuracy": 0.48385928191917565,
  "balanced_accuracy": 0.5445398474865644,
  "roc_auc": 0.5630004470323361,
  "eer": 0.45408163265306123,
  "eer_threshold": 0.5154661536216736,
  "f1_bonafide": 0.1979108025270532,
  "f1_spoof": 0.619506839559657,
  "n_test": 24844,
  "n_test_pos_bonafide": 2548,
  "n_test_neg_spoof": 22296
}