{
  "accuracy": 0.9575350185155369,
  "balanced_accuracy": 0.9695625828372254,
  "roc_auc": 0.996106694416609,
  "eer": 0.0299605310369573,
  "eer_threshold": 0.7864972352981567,
  "f1_bonafide": 0.8262802568746913,
  "f1_spoof": 0.9758110741717299,
  "n_test": 24844,
  "n_test_pos_bonafide": 2548,
  "n_test_neg_spoof": 22296
}