{
  "accuracy": 0.7487119626469168,
  "balanced_accuracy": 0.7009640943402284,
  "roc_auc": 0.7910732697898237,
  "eer": 0.28776462145676357,
  "eer_threshold": 0.41757887601852417,
  "f1_bonafide": 0.3434640866547481,
  "f1_spoof": 0.8446203240498769,
  "n_test": 24844,
  "n_test_pos_bonafide": 2548,
  "n_test_neg_spoof": 22296
}