{
  "accuracy": 0.9295202060859765,
  "balanced_accuracy": 0.9391808246855917,
  "roc_auc": 0.9849102647186224,
  "eer": 0.06054897739504844,
  "eer_threshold": 0.6255112290382385,
  "f1_bonafide": 0.7346567661766934,
  "f1_spoof": 0.9593631785374458,
  "n_test": 24844,
  "n_test_pos_bonafide": 2548,
  "n_test_neg_spoof": 22296
}