{
  "accuracy": 0.9068185477378844,
  "balanced_accuracy": 0.9197543511898425,
  "roc_auc": 0.9703981104945084,
  "eer": 0.08281004709576134,
  "eer_threshold": 0.6092438101768494,
  "f1_bonafide": 0.6732533521524348,
  "f1_spoof": 0.9456611036781447,
  "n_test": 24844,
  "n_test_pos_bonafide": 2548,
  "n_test_neg_spoof": 22296
}