{
  "accuracy": 0.7433988085654484,
  "balanced_accuracy": 0.7066942617073326,
  "roc_auc": 0.7940109724646669,
  "eer": 0.28888589881593113,
  "eer_threshold": 0.41858971118927,
  "f1_bonafide": 0.3455497382198953,
  "f1_spoof": 0.8404135479510352,
  "n_test": 24844,
  "n_test_pos_bonafide": 2548,
  "n_test_neg_spoof": 22296
}