{
  "accuracy": 0.7630413781999678,
  "balanced_accuracy": 0.6894812284440148,
  "roc_auc": 0.781845676396749,
  "eer": 0.28915500538213135,
  "eer_threshold": 0.3738223612308502,
  "f1_bonafide": 0.34068764699294435,
  "f1_spoof": 0.8555656419441106,
  "n_test": 24844,
  "n_test_pos_bonafide": 2548,
  "n_test_neg_spoof": 22296
}