{
  "accuracy": 0.8205200450813074,
  "balanced_accuracy": 0.7580043361221279,
  "roc_auc": 0.8669047823236274,
  "eer": 0.20761381475667195,
  "eer_threshold": 0.35858139395713806,
  "f1_bonafide": 0.43706602701679087,
  "f1_spoof": 0.8932410754902196,
  "n_test": 24844,
  "n_test_pos_bonafide": 2548,
  "n_test_neg_spoof": 22296
}