{
  "accuracy": 0.9517791015939462,
  "balanced_accuracy": 0.967572377133349,
  "roc_auc": 0.9963042645434425,
  "eer": 0.029042386185243352,
  "eer_threshold": 0.8386585116386414,
  "f1_bonafide": 0.8077046548956661,
  "f1_spoof": 0.972433153849694,
  "n_test": 24844,
  "n_test_pos_bonafide": 2548,
  "n_test_neg_spoof": 22296
}