{
  "accuracy": 0.7219449364031557,
  "balanced_accuracy": 0.6432946346543917,
  "roc_auc": 0.7201111198184664,
  "eer": 0.3492935635792779,
  "eer_threshold": 0.42645561695098877,
  "f1_bonafide": 0.2865110514356538,
  "f1_spoof": 0.8273259011148327,
  "n_test": 24844,
  "n_test_pos_bonafide": 2548,
  "n_test_neg_spoof": 22296
}