{
  "accuracy": 0.7341410400901626,
  "balanced_accuracy": 0.7112695662019051,
  "roc_auc": 0.7881789748067811,
  "eer": 0.28619483315392896,
  "eer_threshold": 0.46280381083488464,
  "f1_bonafide": 0.3449370227114946,
  "f1_spoof": 0.8332281277616463,
  "n_test": 24844,
  "n_test_pos_bonafide": 2548,
  "n_test_neg_spoof": 22296
}