{
  "accuracy": 0.9584205441957817,
  "balanced_accuracy": 0.9688392973319162,
  "roc_auc": 0.9963666476982448,
  "eer": 0.02982731554160123,
  "eer_threshold": 0.7480178475379944,
  "f1_bonafide": 0.8288885207884711,
  "f1_spoof": 0.9763350209617191,
  "n_test": 24844,
  "n_test_pos_bonafide": 2548,
  "n_test_neg_spoof": 22296
}