{
  "accuracy": 0.9663902753179843,
  "balanced_accuracy": 0.9779723390556851,
  "roc_auc": 0.9982514410086301,
  "eer": 0.018927161822748475,
  "eer_threshold": 0.81584233045578,
  "f1_bonafide": 0.8583064652978108,
  "f1_spoof": 0.9809338965635347,
  "n_test": 24844,
  "n_test_pos_bonafide": 2548,
  "n_test_neg_spoof": 22296
}