{
  "accuracy": 0.925857349863146,
  "balanced_accuracy": 0.9355758387647515,
  "roc_auc": 0.9835663777185959,
  "eer": 0.06637961966271977,
  "eer_threshold": 0.6103937029838562,
  "f1_bonafide": 0.7239208633093525,
  "f1_spoof": 0.9571787241956481,
  "n_test": 24844,
  "n_test_pos_bonafide": 2548,
  "n_test_neg_spoof": 22296
}