{
  "accuracy": 0.9567299951698599,
  "balanced_accuracy": 0.9672021971825908,
  "roc_auc": 0.9946192768736212,
  "eer": 0.03296703296703296,
  "eer_threshold": 0.7040671110153198,
  "f1_bonafide": 0.822928677318399,
  "f1_spoof": 0.9753536465139739,
  "n_test": 24844,
  "n_test_pos_bonafide": 2548,
  "n_test_neg_spoof": 22296
}