{
  "accuracy": 0.9592255675414587,
  "balanced_accuracy": 0.9706782626108321,
  "roc_auc": 0.9966151417717042,
  "eer": 0.027224614280588446,
  "eer_threshold": 0.8164132237434387,
  "f1_bonafide": 0.8320901707276644,
  "f1_spoof": 0.9767953269957621,
  "n_test": 24844,
  "n_test_pos_bonafide": 2548,
  "n_test_neg_spoof": 22296
}