{
  "accuracy": 0.9655047496377395,
  "balanced_accuracy": 0.9755671023066841,
  "roc_auc": 0.9977559666741582,
  "eer": 0.02394034536891676,
  "eer_threshold": 0.8001723885536194,
  "f1_bonafide": 0.8545732224673341,
  "f1_spoof": 0.9804315561137117,
  "n_test": 24844,
  "n_test_pos_bonafide": 2548,
  "n_test_neg_spoof": 22296
}