{
  "accuracy": 0.9550394461439382,
  "balanced_accuracy": 0.9716483347499801,
  "roc_auc": 0.9974326621018532,
  "eer": 0.025117739403453743,
  "eer_threshold": 0.8370403051376343,
  "f1_bonafide": 0.8191093117408907,
  "f1_spoof": 0.9743295107209341,
  "n_test": 24844,
  "n_test_pos_bonafide": 2548,
  "n_test_neg_spoof": 22296
}