utt_id,label,p_bonafide,pred
LA_D_1047731,1,0.9996668,1
LA_D_1105538,1,0.9999832,1
LA_D_1125976,1,0.95787245,1
LA_D_1293230,1,0.9976192,1
LA_D_1340209,1,0.9999119,1
LA_D_1376638,1,0.99577725,1
LA_D_1377420,1,0.99959016,1
LA_D_1403371,1,0.99976665,1
LA_D_1590530,1,0.9998956,1
LA_D_1595036,1,0.9999224,1
LA_D_1618135,1,0.99958426,1
LA_D_1624385,1,0.99996257,1
LA_D_1766721,1,0.99982584,1
LA_D_1833136,1,0.99969083,1
LA_D_1837988,1,0.99942416,1
LA_D_1849134,1,0.9997724,1
LA_D_1865278,1,0.9998952,1
LA_D_1896334,1,0.99963295,1
LA_D_1911275,1,0.9990896,1
LA_D_2112837,1,0.9996681,1
LA_D_2160989,1,0.9994683,1
LA_D_2242311,1,0.9993529,1
LA_D_2250508,1,0.9724381,1
LA_D_2414004,1,0.99942845,1
LA_D_2448116,1,0.9973979,1
LA_D_2462911,1,0.9987515,1
LA_D_2559281,1,0.99995255,1
LA_D_2666979,1,0.9999435,1
LA_D_2679014,1,0.99976903,1
LA_D_2789932,1,0.9999094,1
LA_D_2831561,1,0.99382985,1
LA_D_2954423,1,0.99991703,1
LA_D_3081203,1,0.9999461,1
LA_D_3174543,1,0.99997723,1
LA_D_3212286,1,0.99968714,1
LA_D_3232165,1,0.9969686,1
LA_D_3258694,1,0.99991786,1
LA_D_3315698,1,0.99962807,1
LA_D_3369144,1,0.99991596,1
LA_D_3404272,1,0.99851865,1
LA_D_3444700,1,0.9978428,1
LA_D_3477067,1,0.9997852,1
LA_D_3524013,1,0.99982,1
LA_D_3547565,1,0.9997798,1
LA_D_3552967,1,0.9992926,1
LA_D_3726485,1,0.9987482,1
LA_D_3771133,1,0.99978125,1
LA_D_3776953,1,0.99992776,1
LA_D_3806476,1,0.9997365,1
LA_D_4026041,1,0.99938107,1
LA_D_4145630,1,0.99998724,1
LA_D_4228839,1,0.9997602,1
LA_D_4229637,1,0.96186334,1
LA_D_4395169,1,0.998331,1
LA_D_4443630,1,0.9997664,1
LA_D_4455776,1,0.9996314,1
LA_D_4511951,1,0.9998746,1
LA_D_4517590,1,0.99997723,1
LA_D_4523147,1,0.9951037,1
LA_D_4574058,1,0.9999155,1
LA_D_4621778,1,0.9983339,1
LA_D_4715569,1,0.9999869,1
LA_D_4739519,1,0.9990403,1
LA_D_4807096,1,0.9989384,1
LA_D_4930262,1,0.99816304,1
LA_D_4935874,1,0.99998343,1
LA_D_4949188,1,0.99926037,1
LA_D_4981154,1,0.9999628,1
LA_D_5019937,1,0.9999753,1
LA_D_5240657,1,0.99966156,1
LA_D_5255870,1,0.99922276,1
LA_D_5267249,1,0.9999279,1
LA_D_5278285,1,0.9999528,1
LA_D_5324608,1,0.9996265,1
LA_D_5336291,1,0.9996456,1
LA_D_5386683,1,0.99998546,1
LA_D_5401591,1,0.99995697,1
LA_D_5431436,1,0.999923,1
LA_D_5445492,1,0.9996701,1
LA_D_5521273,1,0.9999515,1
LA_D_5547400,1,0.99995255,1
LA_D_5575912,1,0.99959314,1
LA_D_5604212,1,0.9996048,1
LA_D_5607743,1,0.9996507,1
LA_D_5701193,1,0.9996907,1
LA_D_5769965,1,0.9992662,1
LA_D_5842422,1,0.9997662,1
LA_D_5855069,1,0.9994331,1
LA_D_5859556,1,0.99969214,1
LA_D_5870696,1,0.9969594,1
LA_D_5972310,1,0.99993753,1
LA_D_5989648,1,0.9997891,1
LA_D_6022982,1,0.96670645,1
LA_D_6056778,1,0.9998832,1
LA_D_6059653,1,0.99995244,1
LA_D_6211292,1,0.9991892,1
LA_D_6291895,1,0.9998791,1
LA_D_6397937,1,0.9965371,1
LA_D_6402048,1,0.9995565,1
LA_D_6448946,1,0.99997926,1
LA_D_6648802,1,0.99784076,1
LA_D_6663247,1,0.99668425,1
LA_D_6679303,1,0.9997978,1
LA_D_6724166,1,0.9989102,1
LA_D_6853824,1,0.9998678,1
LA_D_6976006,1,0.9978136,1
LA_D_7030288,1,0.99986696,1
LA_D_7051994,1,0.9954251,1
LA_D_7054977,1,0.99994993,1
LA_D_7130250,1,0.99999464,1
LA_D_7140023,1,0.9999149,1
LA_D_7148850,1,0.9997984,1
LA_D_7194660,1,0.9998578,1
LA_D_7269236,1,0.9999051,1
LA_D_7341689,1,0.99972457,1
LA_D_7360454,1,0.9998584,1
LA_D_7399617,1,0.9997735,1
LA_D_7450790,1,0.9984577,1
LA_D_7473394,1,0.9998473,1
LA_D_7521836,1,0.9997994,1
LA_D_7543100,1,0.9999552,1
LA_D_7638211,1,0.993972,1
LA_D_7679130,1,0.99979055,1
LA_D_7758918,1,0.99089175,1
LA_D_7793148,1,0.9994344,1
LA_D_8017626,1,0.9993099,1
LA_D_8184939,1,0.99997604,1
LA_D_8241585,1,0.9999106,1
LA_D_8428131,1,0.99996257,1
LA_D_8432583,1,0.99774593,1
LA_D_8736165,1,0.9998994,1
LA_D_8750703,1,0.9998661,1
LA_D_8764814,1,0.99900615,1
LA_D_8812163,1,0.9998568,1
LA_D_8813855,1,0.9997482,1
LA_D_8817568,1,0.9999635,1
LA_D_8869015,1,0.98760796,1
LA_D_8869959,1,0.99352586,1
LA_D_8923486,1,0.9998578,1
LA_D_8966044,1,0.9999664,1
LA_D_9015485,1,0.99984634,1
LA_D_9113203,1,0.9999726,1
LA_D_9134844,1,0.9996017,1
LA_D_9375342,1,0.99994063,1
LA_D_9498667,1,0.99967045,1
LA_D_9509324,1,0.9999857,1
LA_D_9602677,1,0.9996895,1
LA_D_9697774,1,0.9996802,1
LA_D_9699048,1,0.9999752,1
LA_D_9732143,1,0.9998375,1
LA_D_9867970,1,0.99985516,1
LA_D_9869348,1,0.9947235,1
LA_D_9884114,1,0.9999753,1
LA_D_9977795,1,0.9999813,1
LA_D_1090286,1,0.9997061,1
LA_D_1119156,1,0.99971205,1
LA_D_1173765,1,0.9948549,1
LA_D_1219450,1,0.9996345,1
LA_D_1239754,1,0.9997657,1
LA_D_1245000,1,0.99919444,1
LA_D_1279882,1,0.99979675,1
LA_D_1399387,1,0.99799985,1
LA_D_1409575,1,0.99444795,1
LA_D_1426585,1,0.9998683,1
LA_D_1472077,1,0.99983466,1
LA_D_1518150,1,0.9996259,1
LA_D_1614129,1,0.9972416,1
LA_D_1714000,1,0.9991635,1
LA_D_1789452,1,0.99684495,1
LA_D_1819301,1,0.995736,1
LA_D_1879957,1,0.99842143,1
LA_D_1884465,1,0.9967969,1
LA_D_1975885,1,0.9999882,1
LA_D_1993949,1,0.9997284,1
LA_D_2017251,1,0.99914265,1
LA_D_2022297,1,0.99788684,1
LA_D_2124484,1,0.9998889,1
LA_D_2133778,1,0.9998064,1
LA_D_2149963,1,0.9993569,1
LA_D_2165027,1,0.99955684,1
LA_D_2232106,1,0.9994129,1
LA_D_2237304,1,0.99915135,1
LA_D_2248106,1,0.99935836,1
LA_D_2307156,1,0.99922824,1
LA_D_2455736,1,0.99839014,1
LA_D_2552799,1,0.99968415,1
LA_D_2674978,1,0.9997951,1
LA_D_2844885,1,0.99982905,1
LA_D_2850598,1,0.9997696,1
LA_D_2944634,1,0.9999027,1
LA_D_2954917,1,0.99955183,1
LA_D_3000565,1,0.99820304,1
LA_D_3074651,1,0.9995128,1
LA_D_3075867,1,0.9999659,1
LA_D_3264952,1,0.9999589,1
LA_D_3343965,1,0.9995807,1
LA_D_3459809,1,0.99935395,1
LA_D_3507167,1,0.999781,1
LA_D_3631905,1,0.9999176,1
LA_D_3717777,1,0.9999068,1
LA_D_3742070,1,0.99988985,1
LA_D_3836344,1,0.99989545,1
LA_D_3876129,1,0.9999713,1
LA_D_3908841,1,0.99868864,1
LA_D_3916177,1,0.9994688,1
LA_D_4005854,1,0.99998283,1
LA_D_4063159,1,0.9999143,1
LA_D_4129574,1,0.9993161,1
LA_D_4328579,1,0.9999248,1
LA_D_4524484,1,0.9977471,1
LA_D_4789150,1,0.999977,1
LA_D_4833247,1,0.9997521,1
LA_D_4877516,1,0.9996826,1
LA_D_4900801,1,0.99943346,1
LA_D_5072627,1,0.998719,1
LA_D_5086183,1,0.99991333,1
LA_D_5143230,1,0.99895406,1
LA_D_5178609,1,0.9998534,1
LA_D_5182745,1,0.99962866,1
LA_D_5240410,1,0.9991161,1
LA_D_5334203,1,0.99674964,1
LA_D_5451679,1,0.9999162,1
LA_D_5508177,1,0.9997971,1
LA_D_5604089,1,0.99881834,1
LA_D_5700038,1,0.99969,1
LA_D_5833858,1,0.9997716,1
LA_D_5929116,1,0.9998573,1
LA_D_5930714,1,0.99931264,1
LA_D_5985188,1,0.9998735,1
LA_D_6055606,1,0.9998393,1
LA_D_6066874,1,0.99967915,1
LA_D_6067380,1,0.9993356,1
LA_D_6137766,1,0.99990773,1
LA_D_6150120,1,0.63578856,1
LA_D_6197289,1,0.9998597,1
LA_D_6198995,1,0.9996499,1
LA_D_6231410,1,0.999273,1
LA_D_6258471,1,0.9999471,1
LA_D_6265671,1,0.999406,1
LA_D_6288751,1,0.9999404,1
LA_D_6289915,1,0.9997902,1
LA_D_6303389,1,0.9999502,1
LA_D_6353335,1,0.99993706,1
LA_D_6386877,1,0.9998554,1
LA_D_6453794,1,0.9999454,1
LA_D_6455651,1,0.99919885,1
LA_D_6458898,1,0.9999641,1
LA_D_6459646,1,0.99931836,1
LA_D_6478834,1,0.99996734,1
LA_D_6700006,1,0.9995875,1
LA_D_6754294,1,0.99967986,1
LA_D_6818564,1,0.9999436,1
LA_D_6912038,1,0.99986744,1
LA_D_7153745,1,0.99972206,1
LA_D_7172970,1,0.99756914,1
LA_D_7179829,1,0.99998224,1
LA_D_7376093,1,0.999946,1
LA_D_7501292,1,0.9999492,1
LA_D_7512726,1,0.999895,1
LA_D_7534463,1,0.99988973,1
LA_D_7544405,1,0.99731535,1
LA_D_7565232,1,0.9985898,1
LA_D_7573423,1,0.9967135,1
LA_D_7612426,1,0.9999659,1
LA_D_7622198,1,0.9997435,1
LA_D_7691845,1,0.9998522,1
LA_D_7712846,1,0.9995586,1
LA_D_7755990,1,0.99952245,1
LA_D_7758267,1,0.9993175,1
LA_D_7787517,1,0.999889,1
LA_D_7798955,1,0.999843,1
LA_D_7870292,1,0.9999156,1
LA_D_8034204,1,0.99958736,1
LA_D_8199784,1,0.9997796,1
LA_D_8272605,1,0.9999099,1
LA_D_8305753,1,0.9939608,1
LA_D_8430669,1,0.9912794,1
LA_D_8693177,1,0.98371303,1
LA_D_8699257,1,0.99920607,1
LA_D_8713325,1,0.9995455,1
LA_D_8716023,1,0.9996191,1
LA_D_8988565,1,0.99942905,1
LA_D_9042964,1,0.9996306,1
LA_D_9239572,1,0.99893266,1
LA_D_9288302,1,0.9988527,1
LA_D_9303165,1,0.9997429,1
LA_D_9462553,1,0.99995637,1
LA_D_9560424,1,0.9987562,1
LA_D_9584404,1,0.9999951,1
LA_D_9620410,1,0.9998139,1
LA_D_9631448,1,0.9998568,1
LA_D_9726894,1,0.9996383,1
LA_D_9954386,1,0.9999422,1
LA_D_9993956,1,0.9998863,1
LA_D_1121887,1,0.99814165,1
LA_D_1133168,1,0.99927634,1
LA_D_1232613,1,0.9959155,1
LA_D_1306387,1,0.99981654,1
LA_D_1330775,1,0.99179244,1
LA_D_1335445,1,0.90642,1
LA_D_1427710,1,0.99819654,1
LA_D_1503604,1,0.9676549,1
LA_D_1523180,1,0.9993744,1
LA_D_1523483,1,0.9992649,1
LA_D_1565390,1,0.99800307,1
LA_D_1770174,1,0.9983859,1
LA_D_1812623,1,0.9996844,1
LA_D_1833652,1,0.9976053,1
LA_D_1882065,1,0.99965537,1
LA_D_1898207,1,0.9995839,1
LA_D_1983415,1,0.9983974,1
LA_D_1997529,1,0.9984804,1
LA_D_2002365,1,0.99932534,1
LA_D_2062744,1,0.92425805,1
LA_D_2096892,1,0.9991123,1
LA_D_2143384,1,0.99843675,1
LA_D_2255247,1,0.99259126,1
LA_D_2382522,1,0.9997951,1
LA_D_2518822,1,0.99809617,1
LA_D_2688414,1,0.99985373,1
LA_D_2753816,1,0.9995604,1
LA_D_2842063,1,0.9922777,1
LA_D_2905424,1,0.9748625,1
LA_D_2924504,1,0.99820554,1
LA_D_2934981,1,0.9985329,1
LA_D_3044379,1,0.9981171,1
LA_D_3062025,1,0.98954904,1
LA_D_3117119,1,0.99855417,1
LA_D_3124251,1,0.9975306,1
LA_D_3194286,1,0.98765415,1
LA_D_3210739,1,0.9882458,1
LA_D_3250253,1,0.9985104,1
LA_D_3280853,1,0.99939907,1
LA_D_3383198,1,0.9972759,1
LA_D_3444541,1,0.99898857,1
LA_D_3547035,1,0.9767131,1
LA_D_3576459,1,0.9946144,1
LA_D_3668484,1,0.9989374,1
LA_D_3698358,1,0.9991616,1
LA_D_3733779,1,0.9905295,1
LA_D_3887452,1,0.9891617,1
LA_D_3981584,1,0.99968225,1
LA_D_4057142,1,0.9992742,1
LA_D_4101216,1,0.9998249,1
LA_D_4154887,1,0.99626595,1
LA_D_4166644,1,0.9995934,1
LA_D_4221800,1,0.9975477,1
LA_D_4401633,1,0.99685764,1
LA_D_4433509,1,0.99936634,1
LA_D_4475626,1,0.86003864,1
LA_D_4530450,1,0.9991555,1
LA_D_4551336,1,0.996828,1
LA_D_4626331,1,0.9988965,1
LA_D_4698419,1,0.9933147,1
LA_D_4813520,1,0.99785966,1
LA_D_4816127,1,0.9991724,1
LA_D_4818528,1,0.99080396,1
LA_D_4961315,1,0.8401563,1
LA_D_4966083,1,0.99545085,1
LA_D_5018258,1,0.99986565,1
LA_D_5021244,1,0.9997018,1
LA_D_5250042,1,0.9760399,1
LA_D_5262821,1,0.99852514,1
LA_D_5332359,1,0.9965798,1
LA_D_5441778,1,0.99933034,1
LA_D_5463411,1,0.9600351,1
LA_D_5490757,1,0.9992427,1
LA_D_5502506,1,0.9999858,1
LA_D_5512289,1,0.99820244,1
LA_D_5623559,1,0.9843456,1
LA_D_5631850,1,0.99990165,1
LA_D_5725878,1,0.9996538,1
LA_D_5824998,1,0.99927974,1
LA_D_5925659,1,0.9935581,1
LA_D_6120152,1,0.9934111,1
LA_D_6178956,1,0.9960698,1
LA_D_6291738,1,0.8479159,1
LA_D_6310267,1,0.997317,1
LA_D_6324927,1,0.99926037,1
LA_D_6503475,1,0.96412206,1
LA_D_6515867,1,0.9990816,1
LA_D_6518159,1,0.9995851,1
LA_D_6561538,1,0.9973565,1
LA_D_6568071,1,0.9994448,1
LA_D_6614329,1,0.9956659,1
LA_D_6741986,1,0.9898057,1
LA_D_6841789,1,0.99037886,1
LA_D_6843205,1,0.99961686,1
LA_D_7030281,1,0.9998219,1
LA_D_7035349,1,0.998896,1
LA_D_7057190,1,0.9993387,1
LA_D_7081771,1,0.99967724,1
LA_D_7110669,1,0.84366906,1
LA_D_7164376,1,0.9978042,1
LA_D_7189280,1,0.99940765,1
LA_D_7383599,1,0.9965868,1
LA_D_7423342,1,0.99889034,1
LA_D_7460902,1,0.9964975,1
LA_D_7473191,1,0.99232334,1
LA_D_7570554,1,0.9831616,1
LA_D_7594892,1,0.9996362,1
LA_D_7600381,1,0.38205734,0
LA_D_7605047,1,0.99839777,1
LA_D_7726114,1,0.99756914,1
LA_D_7783250,1,0.998487,1
LA_D_7989607,1,0.9963271,1
LA_D_8029227,1,0.999897,1
LA_D_8078382,1,0.9983866,1
LA_D_8179191,1,0.9980768,1
LA_D_8210054,1,0.9995578,1
LA_D_8297100,1,0.99950635,1
LA_D_8302640,1,0.9978211,1
LA_D_8516589,1,0.989486,1
LA_D_8621322,1,0.999126,1
LA_D_8672684,1,0.97355074,1
LA_D_8759407,1,0.99958885,1
LA_D_8765991,1,0.997451,1
LA_D_8767583,1,0.9964623,1
LA_D_8773029,1,0.9962994,1
LA_D_8806017,1,0.9995335,1
LA_D_8978560,1,0.9997464,1
LA_D_9039771,1,0.9886995,1
LA_D_9062081,1,0.9939207,1
LA_D_9076677,1,0.9997477,1
LA_D_9135294,1,0.99856097,1
LA_D_9167206,1,0.99927145,1
LA_D_9374684,1,0.99866915,1
LA_D_9423080,1,0.9990822,1
LA_D_9475102,1,0.99328786,1
LA_D_9716895,1,0.99796236,1
LA_D_9780696,1,0.9980155,1
LA_D_9864113,1,0.9989185,1
LA_D_9945997,1,0.99966204,1
LA_D_9983276,1,0.9978582,1
LA_D_1126907,1,0.999848,1
LA_D_1130470,1,0.9978605,1
LA_D_1156906,1,0.9847338,1
LA_D_1238696,1,0.9658261,1
LA_D_1363243,1,0.9975796,1
LA_D_1368280,1,0.99551255,1
LA_D_1374363,1,0.99993813,1
LA_D_1412552,1,0.9988471,1
LA_D_1483493,1,0.9987704,1
LA_D_1488449,1,0.99532664,1
LA_D_1730959,1,0.99704796,1
LA_D_1733691,1,0.9984846,1
LA_D_1772237,1,0.999833,1
LA_D_1895274,1,0.9967072,1
LA_D_1918445,1,0.99963796,1
LA_D_1969568,1,0.99600405,1
LA_D_1984995,1,0.9971259,1
LA_D_2105580,1,0.8196517,1
LA_D_2264682,1,0.8662689,1
LA_D_2289303,1,0.99910766,1
LA_D_2370383,1,0.99853146,1
LA_D_2404405,1,0.9966712,1
LA_D_2417193,1,0.9967776,1
LA_D_2659066,1,0.998781,1
LA_D_2800113,1,0.9994189,1
LA_D_2812544,1,0.9993733,1
LA_D_2816765,1,0.99310994,1
LA_D_2844735,1,0.99939764,1
LA_D_2916024,1,0.99802643,1
LA_D_3154368,1,0.9997823,1
LA_D_3205671,1,0.9841912,1
LA_D_3211435,1,0.9962579,1
LA_D_3249552,1,0.9988232,1
LA_D_3250830,1,0.9895397,1
LA_D_3389737,1,0.9989801,1
LA_D_3440131,1,0.97638935,1
LA_D_3513335,1,0.99886745,1
LA_D_3519840,1,0.99893266,1
LA_D_3570749,1,0.9993135,1
LA_D_3706083,1,0.99609524,1
LA_D_3774137,1,0.9869703,1
LA_D_3857446,1,0.9888974,1
LA_D_3907778,1,0.9981871,1
LA_D_4151774,1,0.9967415,1
LA_D_4156807,1,0.9993975,1
LA_D_4160962,1,0.978627,1
LA_D_4341889,1,0.9946223,1
LA_D_4356541,1,0.9994819,1
LA_D_4371142,1,0.9615447,1
LA_D_4386823,1,0.9987966,1
LA_D_4520104,1,0.99234515,1
LA_D_4645660,1,0.99782485,1
LA_D_4674650,1,0.99720204,1
LA_D_4723086,1,0.99973255,1
LA_D_4771667,1,0.99948525,1
LA_D_4781086,1,0.9991042,1
LA_D_4803902,1,0.99454474,1
LA_D_4945608,1,0.9991979,1
LA_D_4952493,1,0.9977077,1
LA_D_5075029,1,0.9990078,1
LA_D_5090421,1,0.99497426,1
LA_D_5226379,1,0.59615046,1
LA_D_5266850,1,0.9388891,1
LA_D_5312607,1,0.98851985,1
LA_D_5331264,1,0.99853516,1
LA_D_5341375,1,0.999784,1
LA_D_5397319,1,0.9917467,1
LA_D_5467345,1,0.9951285,1
LA_D_5497034,1,0.99762696,1
LA_D_5664870,1,0.99911696,1
LA_D_5665194,1,0.9781054,1
LA_D_5769133,1,0.99943084,1
LA_D_5809254,1,0.99580956,1
LA_D_5825711,1,0.9999088,1
LA_D_5834157,1,0.99791616,1
LA_D_5838540,1,0.9936899,1
LA_D_5868407,1,0.99934715,1
LA_D_5879570,1,0.99643004,1
LA_D_5972627,1,0.99956065,1
LA_D_6008941,1,0.9992094,1
LA_D_6046406,1,0.9975243,1
LA_D_6064218,1,0.99848,1
LA_D_6073354,1,0.4653748,0
LA_D_6092752,1,0.99957734,1
LA_D_6211330,1,0.9934161,1
LA_D_6302480,1,0.9998394,1
LA_D_6338898,1,0.9988809,1
LA_D_6369583,1,0.9995141,1
LA_D_6458272,1,0.9997286,1
LA_D_6509189,1,0.9979024,1
LA_D_6549159,1,0.9886574,1
LA_D_6623102,1,0.9987899,1
LA_D_6626817,1,0.984453,1
LA_D_6669736,1,0.9974753,1
LA_D_6718237,1,0.9873683,1
LA_D_6810732,1,0.98815364,1
LA_D_6908091,1,0.87769943,1
LA_D_6938301,1,0.99799216,1
LA_D_6963530,1,0.9984694,1
LA_D_7122184,1,0.99979997,1
LA_D_7130070,1,0.9838208,1
LA_D_7154479,1,0.9994726,1
LA_D_7179593,1,0.98195744,1
LA_D_7200791,1,0.9996222,1
LA_D_7319497,1,0.99907553,1
LA_D_7385274,1,0.9936042,1
LA_D_7400680,1,0.9946143,1
LA_D_7449236,1,0.96294856,1
LA_D_7455119,1,0.99242955,1
LA_D_7542569,1,0.91739744,1
LA_D_7560590,1,0.99832875,1
LA_D_7562190,1,0.99989355,1
LA_D_7596579,1,0.9981939,1
LA_D_7640990,1,0.99892575,1
LA_D_7679169,1,0.9918522,1
LA_D_7682953,1,0.9996023,1
LA_D_7718364,1,0.96410877,1
LA_D_7783712,1,0.9902623,1
LA_D_7813228,1,0.9937638,1
LA_D_7841911,1,0.9983759,1
LA_D_7933208,1,0.9990367,1
LA_D_7944625,1,0.9978042,1
LA_D_8033621,1,0.99852824,1
LA_D_8037199,1,0.99871707,1
LA_D_8117787,1,0.9710145,1
LA_D_8161836,1,0.94440705,1
LA_D_8239123,1,0.99965,1
LA_D_8284994,1,0.99983954,1
LA_D_8365194,1,0.9968209,1
LA_D_8394417,1,0.9919824,1
LA_D_8429827,1,0.9945715,1
LA_D_8473267,1,0.9926058,1
LA_D_8503024,1,0.9639288,1
LA_D_8572375,1,0.9991629,1
LA_D_8591429,1,0.9960362,1
LA_D_8692948,1,0.9992712,1
LA_D_8696046,1,0.995462,1
LA_D_8909861,1,0.9347355,1
LA_D_8947861,1,0.9488432,1
LA_D_9065762,1,0.9975268,1
LA_D_9091774,1,0.9969048,1
LA_D_9117374,1,0.99965525,1
LA_D_9172298,1,0.9703884,1
LA_D_9319381,1,0.99903923,1
LA_D_9408059,1,0.9997025,1
LA_D_9471952,1,0.9986248,1
LA_D_9557117,1,0.99799556,1
LA_D_9700666,1,0.9900839,1
LA_D_9874897,1,0.99963033,1
LA_D_9891140,1,0.9964084,1
LA_D_9897142,1,0.99837047,1
LA_D_9917104,1,0.6902639,1
LA_D_9924906,1,0.9989159,1
LA_D_9942874,1,0.9954263,1
LA_D_1129909,1,0.9997205,1
LA_D_1161800,1,0.99977374,1
LA_D_1364611,1,0.99979997,1
LA_D_1380231,1,0.99981356,1
LA_D_1560273,1,0.99947584,1
LA_D_1562732,1,0.99996614,1
LA_D_1607104,1,0.9997359,1
LA_D_1689082,1,0.999874,1
LA_D_1711559,1,0.99958426,1
LA_D_1885115,1,0.99915314,1
LA_D_1980534,1,0.9999721,1
LA_D_2109062,1,0.99952716,1
LA_D_2140323,1,0.9987582,1
LA_D_2303609,1,0.99584603,1
LA_D_2311237,1,0.9871547,1
LA_D_2339825,1,0.99856097,1
LA_D_2436364,1,0.99987566,1
LA_D_2441943,1,0.99984443,1
LA_D_2517022,1,0.997408,1
LA_D_2519862,1,0.999205,1
LA_D_2525000,1,0.9998801,1
LA_D_2597748,1,0.998862,1
LA_D_2748583,1,0.99985516,1
LA_D_2839913,1,0.99992347,1
LA_D_2977005,1,0.99798405,1
LA_D_2991667,1,0.99972636,1
LA_D_3005942,1,0.9994628,1
LA_D_3018635,1,0.99953264,1
LA_D_3039424,1,0.9984003,1
LA_D_3174998,1,0.99925023,1
LA_D_3253942,1,0.99932843,1
LA_D_3323539,1,0.99914336,1
LA_D_3329701,1,0.99975675,1
LA_D_3443703,1,0.9991615,1
LA_D_3514242,1,0.99971575,1
LA_D_3559270,1,0.9996721,1
LA_D_3579781,1,0.99951947,1
LA_D_3691360,1,0.99991024,1
LA_D_3746211,1,0.999337,1
LA_D_3787464,1,0.9999014,1
LA_D_3796498,1,0.9998523,1
LA_D_3986002,1,0.99985313,1
LA_D_4004968,1,0.99993825,1
LA_D_4016591,1,0.9999062,1
LA_D_4021153,1,0.63828486,1
LA_D_4033093,1,0.9998784,1
LA_D_4083478,1,0.99942106,1
LA_D_4246171,1,0.99963176,1
LA_D_4350271,1,0.99903566,1
LA_D_4516804,1,0.9933455,1
LA_D_4571818,1,0.9996028,1
LA_D_4574274,1,0.9997627,1
LA_D_4663919,1,0.9997916,1
LA_D_4667621,1,0.99963355,1
LA_D_4703340,1,0.9989568,1
LA_D_4717087,1,0.99895585,1
LA_D_4776681,1,0.9945884,1
LA_D_4777626,1,0.9999287,1
LA_D_4777881,1,0.99762374,1
LA_D_4968305,1,0.99992764,1
LA_D_4969607,1,0.99976736,1
LA_D_5054904,1,0.9985267,1
LA_D_5146064,1,0.99902,1
LA_D_5158638,1,0.9998218,1
LA_D_5495040,1,0.9998646,1
LA_D_5503012,1,0.9998245,1
LA_D_5507210,1,0.9989737,1
LA_D_5651240,1,0.99793893,1
LA_D_5724728,1,0.998087,1
LA_D_5759383,1,0.9998635,1
LA_D_5786237,1,0.9994092,1
LA_D_5833231,1,0.9999001,1
LA_D_5934426,1,0.88822514,1
LA_D_6027798,1,0.99948514,1
LA_D_6032630,1,0.99958295,1
LA_D_6117748,1,0.99973124,1
LA_D_6156090,1,0.9978046,1
LA_D_6236753,1,0.9992169,1
LA_D_6252124,1,0.9993776,1
LA_D_6288557,1,0.99880207,1
LA_D_6292198,1,0.998968,1
LA_D_6367157,1,0.99982786,1
LA_D_6499603,1,0.9991806,1
LA_D_6520984,1,0.9988155,1
LA_D_6549373,1,0.99989593,1
LA_D_6578659,1,0.99968594,1
LA_D_6622348,1,0.9944958,1
LA_D_6711434,1,0.99972445,1
LA_D_6836003,1,0.99993813,1
LA_D_7015174,1,0.99994135,1
LA_D_7123406,1,0.9996351,1
LA_D_7139553,1,0.99802136,1
LA_D_7152817,1,0.9997135,1
LA_D_7255005,1,0.99994993,1
LA_D_7363764,1,0.89340365,1
LA_D_7380582,1,0.99549884,1
LA_D_7450739,1,0.9998534,1
LA_D_7471560,1,0.99975663,1
LA_D_7618637,1,0.9994531,1
LA_D_7783288,1,0.9999676,1
LA_D_7870160,1,0.9996133,1
LA_D_7919190,1,0.99990857,1
LA_D_7957211,1,0.9996734,1
LA_D_8006339,1,0.9997397,1
LA_D_8031870,1,0.9969092,1
LA_D_8043080,1,0.99996746,1
LA_D_8118074,1,0.9989004,1
LA_D_8130173,1,0.99995697,1
LA_D_8210164,1,0.9994097,1
LA_D_8220866,1,0.99994016,1
LA_D_8270902,1,0.99792445,1
LA_D_8371178,1,0.999606,1
LA_D_8440843,1,0.99993217,1
LA_D_8457325,1,0.9801633,1
LA_D_8596240,1,0.998899,1
LA_D_8623607,1,0.9953903,1
LA_D_8637288,1,0.99964774,1
LA_D_8745130,1,0.9992742,1
LA_D_8773329,1,0.99881834,1
LA_D_8879292,1,0.9995066,1
LA_D_8880302,1,0.9939137,1
LA_D_8931596,1,0.99985087,1
LA_D_9035942,1,0.99991286,1
LA_D_9042253,1,0.999158,1
LA_D_9080371,1,0.9998579,1
LA_D_9113299,1,0.99974555,1
LA_D_9118659,1,0.9997485,1
LA_D_9160310,1,0.9994442,1
LA_D_9224096,1,0.99934,1
LA_D_9240035,1,0.99932617,1
LA_D_9241530,1,0.9996265,1
LA_D_9260902,1,0.9698132,1
LA_D_9272509,1,0.9999242,1
LA_D_9330492,1,0.9998224,1
LA_D_9359637,1,0.9347962,1
LA_D_9554132,1,0.99995124,1
LA_D_9664656,1,0.99971896,1
LA_D_9685348,1,0.9995757,1
LA_D_9752146,1,0.99965274,1
LA_D_9883591,1,0.999846,1
LA_D_1084356,1,0.9993542,1
LA_D_1086391,1,0.99845326,1
LA_D_1123614,1,0.9999794,1
LA_D_1281950,1,0.99981177,1
LA_D_1313431,1,0.99984586,1
LA_D_1336221,1,0.99951494,1
LA_D_1389698,1,0.9995959,1
LA_D_1445468,1,0.9997989,1
LA_D_1459930,1,0.9989505,1
LA_D_1481335,1,0.9985947,1
LA_D_1494418,1,0.99966717,1
LA_D_1517231,1,0.9995603,1
LA_D_1541519,1,0.99964106,1
LA_D_1558714,1,0.99909943,1
LA_D_1736286,1,0.99984574,1
LA_D_1803008,1,0.9999176,1
LA_D_1805739,1,0.9996277,1
LA_D_1859048,1,0.99867094,1
LA_D_1881724,1,0.9995214,1
LA_D_1930138,1,0.9996992,1
LA_D_1964638,1,0.9998176,1
LA_D_2053527,1,0.9998486,1
LA_D_2324235,1,0.9944267,1
LA_D_2462521,1,0.99886984,1
LA_D_2534849,1,0.9997729,1
LA_D_2658622,1,0.9998262,1
LA_D_2690780,1,0.9999274,1
LA_D_2832141,1,0.99995494,1
LA_D_2863133,1,0.9988141,1
LA_D_2884522,1,0.9968771,1
LA_D_2896345,1,0.9999156,1
LA_D_2923426,1,0.9998323,1
LA_D_2996584,1,0.99985623,1
LA_D_3025684,1,0.9999404,1
LA_D_3247685,1,0.9965315,1
LA_D_3262859,1,0.99989796,1
LA_D_3264696,1,0.9997274,1
LA_D_3268836,1,0.99977887,1
LA_D_3348941,1,0.9972439,1
LA_D_3399790,1,0.9997594,1
LA_D_3599443,1,0.9993968,1
LA_D_3623206,1,0.99975675,1
LA_D_3655500,1,0.99999106,1
LA_D_3731175,1,0.99942094,1
LA_D_3851855,1,0.99954647,1
LA_D_3857058,1,0.99235713,1
LA_D_3898085,1,0.99980235,1
LA_D_3922266,1,0.99649847,1
LA_D_3933506,1,0.9999118,1
LA_D_4014487,1,0.9999242,1
LA_D_4016003,1,0.9999335,1
LA_D_4021573,1,0.9986156,1
LA_D_4076814,1,0.9993893,1
LA_D_4123677,1,0.9999068,1
LA_D_4146741,1,0.99881655,1
LA_D_4168527,1,0.99992335,1
LA_D_4248918,1,0.9999417,1
LA_D_4279522,1,0.99880683,1
LA_D_4338785,1,0.9973744,1
LA_D_4411754,1,0.99951005,1
LA_D_4441987,1,0.99998,1
LA_D_4462615,1,0.9990354,1
LA_D_4552327,1,0.99797636,1
LA_D_4580301,1,0.9998987,1
LA_D_4644831,1,0.99952257,1
LA_D_4771783,1,0.99996054,1
LA_D_4894198,1,0.99980783,1
LA_D_4903304,1,0.99999225,1
LA_D_4969859,1,0.9999155,1
LA_D_5026692,1,0.99989533,1
LA_D_5135042,1,0.9998088,1
LA_D_5212614,1,0.99922085,1
LA_D_5248127,1,0.9983413,1
LA_D_5248372,1,0.9999471,1
LA_D_5383174,1,0.9997136,1
LA_D_5438251,1,0.9997977,1
LA_D_5513082,1,0.99944836,1
LA_D_5521568,1,0.99977386,1
LA_D_5545146,1,0.9993764,1
LA_D_5561293,1,0.9997454,1
LA_D_5691072,1,0.9994775,1
LA_D_5695691,1,0.9963845,1
LA_D_5734480,1,0.99988234,1
LA_D_5747580,1,0.99961174,1
LA_D_5790567,1,0.9989998,1
LA_D_5863611,1,0.9980798,1
LA_D_5932613,1,0.9997173,1
LA_D_5947257,1,0.9988809,1
LA_D_5962580,1,0.99975544,1
LA_D_6043519,1,0.9962727,1
LA_D_6308295,1,0.9999348,1
LA_D_6460049,1,0.9999198,1
LA_D_6479457,1,0.9994725,1
LA_D_6492056,1,0.9961254,1
LA_D_6497625,1,0.88280725,1
LA_D_6672477,1,0.9975975,1
LA_D_6680138,1,0.9991443,1
LA_D_6717375,1,0.99976486,1
LA_D_6757692,1,0.9995343,1
LA_D_6824022,1,0.9959169,1
LA_D_6864236,1,0.9999809,1
LA_D_6913240,1,0.9999186,1
LA_D_6921684,1,0.99989784,1
LA_D_6936162,1,0.99927586,1
LA_D_6989506,1,0.99992204,1
LA_D_7089929,1,0.9996307,1
LA_D_7090657,1,0.99987555,1
LA_D_7109981,1,0.99999344,1
LA_D_7162317,1,0.997109,1
LA_D_7203605,1,0.9999597,1
LA_D_7204569,1,0.9998535,1
LA_D_7213885,1,0.9997497,1
LA_D_7235373,1,0.9998568,1
LA_D_7270074,1,0.99985945,1
LA_D_7299514,1,0.9999132,1
LA_D_7361566,1,0.9999503,1
LA_D_7391591,1,0.9999379,1
LA_D_7530789,1,0.99986756,1
LA_D_7647812,1,0.9996661,1
LA_D_7718079,1,0.99998367,1
LA_D_7879955,1,0.9997534,1
LA_D_7972724,1,0.99998176,1
LA_D_8042846,1,0.76665163,1
LA_D_8126437,1,0.999959,1
LA_D_8155318,1,0.9994417,1
LA_D_8174725,1,0.999902,1
LA_D_8187801,1,0.99969,1
LA_D_8192047,1,0.9989681,1
LA_D_8197154,1,0.999936,1
LA_D_8214303,1,0.9997958,1
LA_D_8260762,1,0.99980986,1
LA_D_8274833,1,0.9996351,1
LA_D_8289729,1,0.99879766,1
LA_D_8568451,1,0.99993277,1
LA_D_8600039,1,0.9999279,1
LA_D_8749378,1,0.99977124,1
LA_D_8978448,1,0.99971825,1
LA_D_9125966,1,0.9957622,1
LA_D_9126409,1,0.9995646,1
LA_D_9133444,1,0.9990421,1
LA_D_9137331,1,0.99990845,1
LA_D_9159907,1,0.99991846,1
LA_D_9209591,1,0.9964568,1
LA_D_9241229,1,0.9999696,1
LA_D_9295080,1,0.9998243,1
LA_D_9433165,1,0.9996302,1
LA_D_9460592,1,0.9997451,1
LA_D_9502258,1,0.9998641,1
LA_D_9513156,1,0.99968714,1
LA_D_9737719,1,0.9993296,1
LA_D_9821908,1,0.9971873,1
LA_D_9856127,1,0.9998747,1
LA_D_9897452,1,0.9999901,1
LA_D_9997701,1,0.9984977,1
LA_D_1091602,1,0.98710614,1
LA_D_1105131,1,0.99964976,1
LA_D_1107267,1,0.971628,1
LA_D_1112296,1,0.9912458,1
LA_D_1195977,1,0.99964106,1
LA_D_1258927,1,0.9973724,1
LA_D_1274098,1,0.998904,1
LA_D_1317890,1,0.99955183,1
LA_D_1475288,1,0.9994824,1
LA_D_1494180,1,0.9985083,1
LA_D_1575443,1,0.99893826,1
LA_D_1592094,1,0.99669445,1
LA_D_1697470,1,0.99947596,1
LA_D_1702465,1,0.99835557,1
LA_D_1822237,1,0.99765897,1
LA_D_1857965,1,0.998643,1
LA_D_1874320,1,0.9998374,1
LA_D_1943029,1,0.99752563,1
LA_D_1943350,1,0.9997658,1
LA_D_2005171,1,0.9996425,1
LA_D_2009007,1,0.99611056,1
LA_D_2079489,1,0.9993055,1
LA_D_2117889,1,0.996485,1
LA_D_2227760,1,0.99973696,1
LA_D_2289857,1,0.9984732,1
LA_D_2334643,1,0.99788696,1
LA_D_2393663,1,0.9985207,1
LA_D_2407623,1,0.8422241,1
LA_D_2425839,1,0.9944398,1
LA_D_2535161,1,0.9971777,1
LA_D_2671129,1,0.99714106,1
LA_D_2946318,1,0.99885464,1
LA_D_3050627,1,0.9989133,1
LA_D_3077269,1,0.9995985,1
LA_D_3088159,1,0.99954075,1
LA_D_3151376,1,0.9750581,1
LA_D_3215740,1,0.9988129,1
LA_D_3236921,1,0.9960173,1
LA_D_3315214,1,0.99743724,1
LA_D_3316993,1,0.9987142,1
LA_D_3572399,1,0.9995222,1
LA_D_3770523,1,0.9994511,1
LA_D_3819025,1,0.99943584,1
LA_D_3847750,1,0.998645,1
LA_D_3877724,1,0.99975985,1
LA_D_3882050,1,0.9939621,1
LA_D_4080403,1,0.99869436,1
LA_D_4082470,1,0.9984456,1
LA_D_4132709,1,0.99961746,1
LA_D_4148603,1,0.9986301,1
LA_D_4339997,1,0.9851794,1
LA_D_4437989,1,0.9999666,1
LA_D_4466532,1,0.99749136,1
LA_D_4529182,1,0.9991842,1
LA_D_4668193,1,0.9995505,1
LA_D_4675196,1,0.99944896,1
LA_D_4782067,1,0.9998214,1
LA_D_4796882,1,0.999961,1
LA_D_4928990,1,0.99683434,1
LA_D_4948709,1,0.9928052,1
LA_D_5049363,1,0.9863261,1
LA_D_5080128,1,0.99920976,1
LA_D_5115522,1,0.99995947,1
LA_D_5175785,1,0.9994342,1
LA_D_5188600,1,0.9936307,1
LA_D_5255611,1,0.99895895,1
LA_D_5415483,1,0.99917597,1
LA_D_5421834,1,0.99892575,1
LA_D_5554369,1,0.9998375,1
LA_D_5617526,1,0.9979353,1
LA_D_5676289,1,0.99959445,1
LA_D_6030391,1,0.998374,1
LA_D_6043078,1,0.99930966,1
LA_D_6212089,1,0.9988613,1
LA_D_6245432,1,0.9982888,1
LA_D_6266231,1,0.9995961,1
LA_D_6329617,1,0.995584,1
LA_D_6339751,1,0.99976486,1
LA_D_6393255,1,0.9995368,1
LA_D_6421262,1,0.9998683,1
LA_D_6421519,1,0.9994224,1
LA_D_6424598,1,0.99961555,1
LA_D_6525649,1,0.99955505,1
LA_D_6566035,1,0.9998553,1
LA_D_6631537,1,0.9882274,1
LA_D_6733447,1,0.9966551,1
LA_D_6749976,1,0.99988055,1
LA_D_6787225,1,0.9998075,1
LA_D_6869808,1,0.9998138,1
LA_D_6916843,1,0.7533492,1
LA_D_7016331,1,0.9989064,1
LA_D_7030577,1,0.99932843,1
LA_D_7058100,1,0.9986816,1
LA_D_7130987,1,0.99865377,1
LA_D_7150561,1,0.99514323,1
LA_D_7215902,1,0.9986075,1
LA_D_7252855,1,0.99523664,1
LA_D_7292143,1,0.9987538,1
LA_D_7484152,1,0.9990445,1
LA_D_7556469,1,0.99950147,1
LA_D_7579918,1,0.9984725,1
LA_D_7618557,1,0.7059168,1
LA_D_7721618,1,0.9999342,1
LA_D_7745370,1,0.9920574,1
LA_D_7869886,1,0.9981585,1
LA_D_7883065,1,0.99848866,1
LA_D_7891590,1,0.99926835,1
LA_D_7895200,1,0.99691296,1
LA_D_7900046,1,0.981937,1
LA_D_7948554,1,0.9998512,1
LA_D_7971853,1,0.9996278,1
LA_D_7984329,1,0.9996084,1
LA_D_7989694,1,0.9684221,1
LA_D_8017606,1,0.98162067,1
LA_D_8076652,1,0.9995617,1
LA_D_8087254,1,0.98465896,1
LA_D_8138324,1,0.99880147,1
LA_D_8140900,1,0.99904746,1
LA_D_8163197,1,0.9990947,1
LA_D_8197621,1,0.9970799,1
LA_D_8262874,1,0.9966337,1
LA_D_8274900,1,0.9987784,1
LA_D_8456792,1,0.9906199,1
LA_D_8523156,1,0.9976278,1
LA_D_8592900,1,0.99890673,1
LA_D_8639820,1,0.99933666,1
LA_D_8679267,1,0.9999294,1
LA_D_8715858,1,0.9979036,1
LA_D_8726343,1,0.99915266,1
LA_D_8823022,1,0.99188685,1
LA_D_8826808,1,0.9661211,1
LA_D_8853808,1,0.2786403,0
LA_D_8892065,1,0.99483204,1
LA_D_9039818,1,0.9941459,1
LA_D_9053831,1,0.9998424,1
LA_D_9085952,1,0.99982893,1
LA_D_9124171,1,0.9996732,1
LA_D_9124382,1,0.23308107,0
LA_D_9206303,1,0.99841356,1
LA_D_9216147,1,0.99758995,1
LA_D_9287387,1,0.9682675,1
LA_D_9316963,1,0.9994281,1
LA_D_9350860,1,0.9981825,1
LA_D_9352798,1,0.7839548,1
LA_D_9423280,1,0.9998604,1
LA_D_9429134,1,0.99984896,1
LA_D_9435329,1,0.9974542,1
LA_D_9471357,1,0.9994714,1
LA_D_9491309,1,0.98825747,1
LA_D_9658949,1,0.99856454,1
LA_D_9678576,1,0.99834406,1
LA_D_9837717,1,0.9997682,1
LA_D_9897081,1,0.99969894,1
LA_D_9937608,1,0.9993543,1
LA_D_1158837,1,0.81772643,1
LA_D_1214950,1,0.98280007,1
LA_D_1246607,1,0.9986663,1
LA_D_1300558,1,0.99905616,1
LA_D_1353894,1,0.99760014,1
LA_D_1355058,1,0.9975913,1
LA_D_1391982,1,0.99953574,1
LA_D_1438615,1,0.9997191,1
LA_D_1513725,1,0.99985313,1
LA_D_1567126,1,0.9991591,1
LA_D_1680201,1,0.99902725,1
LA_D_1686743,1,0.99911195,1
LA_D_1824180,1,0.99854386,1
LA_D_2044088,1,0.9951349,1
LA_D_2063669,1,0.9990019,1
LA_D_2082295,1,0.9999081,1
LA_D_2188246,1,0.9646116,1
LA_D_2287585,1,0.99937725,1
LA_D_2363836,1,0.9969889,1
LA_D_2380064,1,0.9997602,1
LA_D_2445554,1,0.95562965,1
LA_D_2452544,1,0.99917954,1
LA_D_2565359,1,0.99823076,1
LA_D_2578749,1,0.9869315,1
LA_D_2718909,1,0.97149265,1
LA_D_2824820,1,0.8385505,1
LA_D_2895802,1,0.9294699,1
LA_D_2943260,1,0.99782676,1
LA_D_3051718,1,0.9895327,1
LA_D_3053264,1,0.99858415,1
LA_D_3064595,1,0.999519,1
LA_D_3116201,1,0.99658287,1
LA_D_3224671,1,0.9967914,1
LA_D_3274531,1,0.99762505,1
LA_D_3327924,1,0.99656194,1
LA_D_3373017,1,0.9914743,1
LA_D_3373431,1,0.9991136,1
LA_D_3397208,1,0.9997385,1
LA_D_3405832,1,0.9980386,1
LA_D_3467346,1,0.25219107,0
LA_D_3479801,1,0.99537563,1
LA_D_3482661,1,0.9907981,1
LA_D_3548515,1,0.99613273,1
LA_D_3596015,1,0.9988305,1
LA_D_3604610,1,0.99716705,1
LA_D_3607289,1,0.99653894,1
LA_D_3609977,1,0.9959294,1
LA_D_3787070,1,0.9963737,1
LA_D_3891696,1,0.9984554,1
LA_D_3941447,1,0.9994801,1
LA_D_3956242,1,0.9976978,1
LA_D_3967203,1,0.9997321,1
LA_D_3983406,1,0.9998524,1
LA_D_3996355,1,0.9794933,1
LA_D_3999380,1,0.99969465,1
LA_D_4037283,1,0.9984567,1
LA_D_4052216,1,0.99861693,1
LA_D_4052746,1,0.9944505,1
LA_D_4174420,1,0.999682,1
LA_D_4239074,1,0.9991547,1
LA_D_4282724,1,0.9990645,1
LA_D_4293112,1,0.99904495,1
LA_D_4304868,1,0.9998766,1
LA_D_4399522,1,0.99771416,1
LA_D_4500243,1,0.9995192,1
LA_D_4513531,1,0.99968225,1
LA_D_4646934,1,0.9910806,1
LA_D_4807296,1,0.99971026,1
LA_D_4866981,1,0.9733097,1
LA_D_4947147,1,0.9994399,1
LA_D_4962492,1,0.9994388,1
LA_D_4971078,1,0.993638,1
LA_D_4973412,1,0.99882036,1
LA_D_4977329,1,0.98076415,1
LA_D_4992364,1,0.99903095,1
LA_D_5203733,1,0.99926454,1
LA_D_5245987,1,0.9998089,1
LA_D_5260084,1,0.99798834,1
LA_D_5411748,1,0.99815744,1
LA_D_5431156,1,0.9996371,1
LA_D_5475950,1,0.99822134,1
LA_D_5698379,1,0.9995073,1
LA_D_5770185,1,0.9963947,1
LA_D_5774989,1,0.9998286,1
LA_D_5794620,1,0.999522,1
LA_D_5846104,1,0.9966318,1
LA_D_6124905,1,0.9965103,1
LA_D_6183356,1,0.9973688,1
LA_D_6207345,1,0.99901724,1
LA_D_6280709,1,0.98547745,1
LA_D_6304222,1,0.95876634,1
LA_D_6418577,1,0.9990614,1
LA_D_6480551,1,0.9978649,1
LA_D_6511989,1,0.99426997,1
LA_D_6539878,1,0.9979602,1
LA_D_6558890,1,0.8836715,1
LA_D_6598354,1,0.9967533,1
LA_D_6636661,1,0.9994305,1
LA_D_6659622,1,0.99889106,1
LA_D_6736028,1,0.9992427,1
LA_D_6799496,1,0.9988128,1
LA_D_6821909,1,0.99959445,1
LA_D_7230566,1,0.9991561,1
LA_D_7324285,1,0.989888,1
LA_D_7428513,1,0.99953836,1
LA_D_7512294,1,0.9950572,1
LA_D_7525926,1,0.99835,1
LA_D_7566925,1,0.9995312,1
LA_D_7704954,1,0.9801348,1
LA_D_7724772,1,0.9992305,1
LA_D_7731909,1,0.9995304,1
LA_D_7753521,1,0.9996418,1
LA_D_7760578,1,0.99500895,1
LA_D_7874275,1,0.9917704,1
LA_D_7901021,1,0.9991724,1
LA_D_7974536,1,0.9892937,1
LA_D_8037358,1,0.99895763,1
LA_D_8214679,1,0.9990601,1
LA_D_8288732,1,0.9974776,1
LA_D_8314448,1,0.99933416,1
LA_D_8318899,1,0.9787257,1
LA_D_8426461,1,0.99948037,1
LA_D_8549144,1,0.9996707,1
LA_D_8553650,1,0.999648,1
LA_D_8697996,1,0.9956417,1
LA_D_8767671,1,0.99793833,1
LA_D_8836257,1,0.9980773,1
LA_D_8976620,1,0.9991656,1
LA_D_9183395,1,0.9952678,1
LA_D_9184655,1,0.9992124,1
LA_D_9200045,1,0.9997433,1
LA_D_9304099,1,0.99953574,1
LA_D_9311350,1,0.9945439,1
LA_D_9348889,1,0.9978522,1
LA_D_9531450,1,0.9938725,1
LA_D_9953476,1,0.99782085,1
LA_D_9960664,1,0.9995782,1
LA_D_9966094,1,0.99864286,1
LA_D_9979957,1,0.99975914,1
LA_D_9996570,1,0.9993174,1
LA_D_1024892,1,0.97917867,1
LA_D_1097170,1,0.9902249,1
LA_D_1131723,1,0.9701517,1
LA_D_1218694,1,0.99473387,1
LA_D_1234965,1,0.99831295,1
LA_D_1327255,1,0.99784005,1
LA_D_1491971,1,0.99664336,1
LA_D_1544898,1,0.9975303,1
LA_D_1637250,1,0.98039424,1
LA_D_1696066,1,0.9985714,1
LA_D_1699026,1,0.9802177,1
LA_D_1710320,1,0.9997551,1
LA_D_1775562,1,0.99983513,1
LA_D_1988752,1,0.9946266,1
LA_D_2051747,1,0.9986928,1
LA_D_2059154,1,0.99833894,1
LA_D_2061583,1,0.9975721,1
LA_D_2146246,1,0.98840755,1
LA_D_2209839,1,0.95622903,1
LA_D_2259043,1,0.9997347,1
LA_D_2302613,1,0.98816884,1
LA_D_2411901,1,0.9999366,1
LA_D_2488325,1,0.83801,1
LA_D_2658188,1,0.9999459,1
LA_D_2690312,1,0.93707454,1
LA_D_2763260,1,0.9995261,1
LA_D_2766423,1,0.98071027,1
LA_D_2791787,1,0.9998729,1
LA_D_2928658,1,0.43890068,0
LA_D_2958472,1,0.9889499,1
LA_D_3007617,1,0.70445365,1
LA_D_3109423,1,0.9994281,1
LA_D_3149828,1,0.9935095,1
LA_D_3279100,1,0.9807747,1
LA_D_3291602,1,0.98615265,1
LA_D_3316221,1,0.9972734,1
LA_D_3352195,1,0.979159,1
LA_D_3416462,1,0.99939716,1
LA_D_3549588,1,0.99972755,1
LA_D_3553954,1,0.9974999,1
LA_D_3596872,1,0.99854773,1
LA_D_3694891,1,0.99861145,1
LA_D_3713783,1,0.9964689,1
LA_D_3757479,1,0.9937384,1
LA_D_3805241,1,0.9987544,1
LA_D_3808406,1,0.9997067,1
LA_D_4041525,1,0.9945519,1
LA_D_4063304,1,0.99130017,1
LA_D_4130767,1,0.9589945,1
LA_D_4246474,1,0.9882244,1
LA_D_4310926,1,0.9997721,1
LA_D_4320007,1,0.9979157,1
LA_D_4367012,1,0.8843269,1
LA_D_4440923,1,0.9989764,1
LA_D_4462839,1,0.99985504,1
LA_D_4534077,1,0.9997477,1
LA_D_4599043,1,0.99249613,1
LA_D_4623306,1,0.99745435,1
LA_D_4631592,1,0.99109674,1
LA_D_4661324,1,0.9973098,1
LA_D_4804382,1,0.9961676,1
LA_D_4806480,1,0.98991245,1
LA_D_4838520,1,0.9932753,1
LA_D_4942819,1,0.9983412,1
LA_D_4949737,1,0.8901155,1
LA_D_5000705,1,0.9613316,1
LA_D_5016919,1,0.959321,1
LA_D_5039802,1,0.9967103,1
LA_D_5135534,1,0.9328767,1
LA_D_5232868,1,0.9978188,1
LA_D_5256199,1,0.981355,1
LA_D_5372085,1,0.9993318,1
LA_D_5545304,1,0.9996407,1
LA_D_5624810,1,0.9951114,1
LA_D_5648462,1,0.999617,1
LA_D_5655965,1,0.9991912,1
LA_D_5669008,1,0.9968238,1
LA_D_5823678,1,0.9992637,1
LA_D_5826428,1,0.99937844,1
LA_D_5835377,1,0.9998814,1
LA_D_5984308,1,0.99607533,1
LA_D_6031544,1,0.9977252,1
LA_D_6081830,1,0.9986879,1
LA_D_6089259,1,0.99933344,1
LA_D_6137641,1,0.9990451,1
LA_D_6220480,1,0.9986156,1
LA_D_6340859,1,0.998024,1
LA_D_6373554,1,0.98785615,1
LA_D_6391787,1,0.9986821,1
LA_D_6410181,1,0.99373335,1
LA_D_6598628,1,0.9966054,1
LA_D_6639331,1,0.9843397,1
LA_D_6725470,1,0.9773128,1
LA_D_6730053,1,0.98045623,1
LA_D_6805166,1,0.6722133,1
LA_D_6810551,1,0.9996283,1
LA_D_6848115,1,0.9992198,1
LA_D_6853055,1,0.99910575,1
LA_D_7157407,1,0.9946958,1
LA_D_7176973,1,0.9973742,1
LA_D_7182301,1,0.98422444,1
LA_D_7185044,1,0.9395884,1
LA_D_7202557,1,0.8759381,1
LA_D_7308477,1,0.999721,1
LA_D_7344200,1,0.6999999,1
LA_D_7366267,1,0.9881511,1
LA_D_7391066,1,0.99760664,1
LA_D_7439393,1,0.8214304,1
LA_D_7459649,1,0.98818797,1
LA_D_7463826,1,0.99707747,1
LA_D_7518137,1,0.9991543,1
LA_D_7546022,1,0.99696416,1
LA_D_7701126,1,0.9906707,1
LA_D_7878191,1,0.99884963,1
LA_D_7885719,1,0.9988286,1
LA_D_7905682,1,0.9975439,1
LA_D_7916368,1,0.9932801,1
LA_D_7932604,1,0.98544574,1
LA_D_7932927,1,0.99612397,1
LA_D_7981085,1,0.82202584,1
LA_D_7998943,1,0.99773216,1
LA_D_8003563,1,0.9956607,1
LA_D_8017985,1,0.9157289,1
LA_D_8049554,1,0.99872273,1
LA_D_8092661,1,0.9703087,1
LA_D_8124968,1,0.99983895,1
LA_D_8127075,1,0.8725331,1
LA_D_8246056,1,0.99907374,1
LA_D_8361964,1,0.94835913,1
LA_D_8393123,1,0.9988819,1
LA_D_8443765,1,0.9282029,1
LA_D_8450008,1,0.9997491,1
LA_D_8464454,1,0.9719617,1
LA_D_8537448,1,0.9982133,1
LA_D_8596053,1,0.98276675,1
LA_D_8769661,1,0.99818915,1
LA_D_8775776,1,0.9944898,1
LA_D_8858517,1,0.98963976,1
LA_D_8894154,1,0.8625811,1
LA_D_8916787,1,0.9948395,1
LA_D_8925545,1,0.9980545,1
LA_D_9108828,1,0.9953486,1
LA_D_9126745,1,0.99779886,1
LA_D_9132872,1,0.9878918,1
LA_D_9238819,1,0.9998146,1
LA_D_9338180,1,0.9933056,1
LA_D_9489443,1,0.8760325,1
LA_D_9592778,1,0.9997997,1
LA_D_9595794,1,0.99969035,1
LA_D_9615915,1,0.99987316,1
LA_D_9625547,1,0.98569715,1
LA_D_9666678,1,0.9964773,1
LA_D_9814046,1,0.9989102,1
LA_D_9931422,1,0.9975859,1
LA_D_1072893,1,0.999845,1
LA_D_1118564,1,0.99988925,1
LA_D_1121142,1,0.99988484,1
LA_D_1199158,1,0.9988702,1
LA_D_1264788,1,0.99994016,1
LA_D_1299580,1,0.9997285,1
LA_D_1356035,1,0.9998193,1
LA_D_1396983,1,0.9986351,1
LA_D_1431487,1,0.9904357,1
LA_D_1434598,1,0.9999039,1
LA_D_1487726,1,0.99957603,1
LA_D_1541720,1,0.9999385,1
LA_D_1583668,1,0.9993173,1
LA_D_1592884,1,0.99699223,1
LA_D_1659462,1,0.9999728,1
LA_D_1660662,1,0.7832696,1
LA_D_1716988,1,0.9997521,1
LA_D_1720317,1,0.9975539,1
LA_D_1864699,1,0.99996054,1
LA_D_2014243,1,0.99935967,1
LA_D_2066393,1,0.99995494,1
LA_D_2080977,1,0.9998715,1
LA_D_2172148,1,0.999781,1
LA_D_2190620,1,0.99981177,1
LA_D_2223225,1,0.9997662,1
LA_D_2274164,1,0.99554926,1
LA_D_2286902,1,0.9998636,1
LA_D_2294476,1,0.9991686,1
LA_D_2309894,1,0.99911743,1
LA_D_2415228,1,0.99985826,1
LA_D_2459993,1,0.999746,1
LA_D_2552574,1,0.99992454,1
LA_D_2652046,1,0.9996605,1
LA_D_2681158,1,0.99782133,1
LA_D_2720668,1,0.9999522,1
LA_D_2743286,1,0.9999577,1
LA_D_2855417,1,0.82057005,1
LA_D_2856650,1,0.9999136,1
LA_D_2861752,1,0.9989482,1
LA_D_3299949,1,0.99991524,1
LA_D_3354668,1,0.9999511,1
LA_D_3387539,1,0.9997547,1
LA_D_3448074,1,0.9997284,1
LA_D_3526885,1,0.9998081,1
LA_D_3554499,1,0.9615675,1
LA_D_3555589,1,0.9999188,1
LA_D_3567303,1,0.9997391,1
LA_D_3653942,1,0.99879813,1
LA_D_3714679,1,0.9993476,1
LA_D_3720871,1,0.99956554,1
LA_D_3727888,1,0.9993801,1
LA_D_3897478,1,0.9991768,1
LA_D_4135293,1,0.99994695,1
LA_D_4236952,1,0.9996956,1
LA_D_4310386,1,0.9996637,1
LA_D_4428897,1,0.9999008,1
LA_D_4530613,1,0.99990046,1
LA_D_4655594,1,0.9997094,1
LA_D_4701213,1,0.9999949,1
LA_D_4706408,1,0.9983224,1
LA_D_4708413,1,0.9992777,1
LA_D_4748747,1,0.99998415,1
LA_D_4789764,1,0.99889565,1
LA_D_4878438,1,0.999887,1
LA_D_4890059,1,0.9996956,1
LA_D_4896049,1,0.99986327,1
LA_D_4934804,1,0.9999138,1
LA_D_5009407,1,0.96944433,1
LA_D_5030937,1,0.99902904,1
LA_D_5044136,1,0.9998791,1
LA_D_5135638,1,0.9998379,1
LA_D_5192077,1,0.994862,1
LA_D_5254877,1,0.999809,1
LA_D_5296393,1,0.99947214,1
LA_D_5334517,1,0.99989474,1
LA_D_5542285,1,0.99965453,1
LA_D_5626364,1,0.9992857,1
LA_D_5674440,1,0.73399585,1
LA_D_5679718,1,0.99987316,1
LA_D_5774240,1,0.9997671,1
LA_D_5914465,1,0.9999559,1
LA_D_5937275,1,0.9999069,1
LA_D_5950853,1,0.99999607,1
LA_D_6002845,1,0.999596,1
LA_D_6067855,1,0.9975555,1
LA_D_6077297,1,0.99999094,1
LA_D_6099505,1,0.9686575,1
LA_D_6208197,1,0.9987029,1
LA_D_6233220,1,0.99997973,1
LA_D_6388357,1,0.9999708,1
LA_D_6423859,1,0.99954814,1
LA_D_6465138,1,0.9970709,1
LA_D_6630316,1,0.9974655,1
LA_D_6780824,1,0.99968594,1
LA_D_6785500,1,0.99963045,1
LA_D_6795666,1,0.9994307,1
LA_D_6806996,1,0.99994123,1
LA_D_6831922,1,0.99993813,1
LA_D_6869561,1,0.9896444,1
LA_D_6920717,1,0.9997414,1
LA_D_6948624,1,0.9998642,1
LA_D_6976087,1,0.99970776,1
LA_D_7073625,1,0.9996532,1
LA_D_7184320,1,0.9955513,1
LA_D_7281226,1,0.9992477,1
LA_D_7285253,1,0.99915075,1
LA_D_7349597,1,0.9997735,1
LA_D_7495927,1,0.9958449,1
LA_D_7513515,1,0.9999449,1
LA_D_7514976,1,0.9999391,1
LA_D_7518457,1,0.99819416,1
LA_D_7554234,1,0.999199,1
LA_D_7601268,1,0.9999809,1
LA_D_7661891,1,0.9989336,1
LA_D_7715110,1,0.99992037,1
LA_D_7742734,1,0.9987987,1
LA_D_7786543,1,0.99903923,1
LA_D_7820018,1,0.9999126,1
LA_D_8006035,1,0.9999857,1
LA_D_8023275,1,0.96990037,1
LA_D_8163259,1,0.9995801,1
LA_D_8183126,1,0.9992488,1
LA_D_8232673,1,0.99897015,1
LA_D_8238051,1,0.99916583,1
LA_D_8264385,1,0.9999771,1
LA_D_8274485,1,0.9999956,1
LA_D_8277825,1,0.9999763,1
LA_D_8313453,1,0.97988814,1
LA_D_8436513,1,0.99926525,1
LA_D_8633579,1,0.99830544,1
LA_D_8635476,1,0.9985226,1
LA_D_8665901,1,0.9990742,1
LA_D_8688425,1,0.98895735,1
LA_D_8737588,1,0.99733526,1
LA_D_8863378,1,0.9998903,1
LA_D_8870668,1,0.9997317,1
LA_D_8873219,1,0.99977815,1
LA_D_8878312,1,0.99413764,1
LA_D_8946580,1,0.99996877,1
LA_D_8950507,1,0.999408,1
LA_D_8982290,1,0.9994448,1
LA_D_9057299,1,0.9992518,1
LA_D_9099813,1,0.99788123,1
LA_D_9268601,1,0.9985745,1
LA_D_9437065,1,0.99958724,1
LA_D_9508907,1,0.99964285,1
LA_D_9515167,1,0.9994517,1
LA_D_9613437,1,0.9998255,1
LA_D_9640641,1,0.9999783,1
LA_D_9679656,1,0.99981725,1
LA_D_9682441,1,0.99869967,1
LA_D_9757460,1,0.99947476,1
LA_D_9786399,1,0.9972216,1
LA_D_9791780,1,0.9168454,1
LA_D_1028589,1,0.999335,1
LA_D_1056334,1,0.99846303,1
LA_D_1096053,1,0.9997558,1
LA_D_1245754,1,0.9998678,1
LA_D_1316596,1,0.9994585,1
LA_D_1365236,1,0.98608774,1
LA_D_1444916,1,0.9997658,1
LA_D_1577384,1,0.99958473,1
LA_D_1643904,1,0.9950175,1
LA_D_1764120,1,0.99902594,1
LA_D_1782314,1,0.99895954,1
LA_D_1902645,1,0.99926716,1
LA_D_1961293,1,0.99995327,1
LA_D_2159390,1,0.9994568,1
LA_D_2423683,1,0.9988456,1
LA_D_2435925,1,0.9993375,1
LA_D_2485218,1,0.999593,1
LA_D_2512075,1,0.99975365,1
LA_D_2679873,1,0.999972,1
LA_D_2780780,1,0.99965084,1
LA_D_2972247,1,0.9997828,1
LA_D_3006726,1,0.9999286,1
LA_D_3317945,1,0.99944407,1
LA_D_3370277,1,0.99990976,1
LA_D_3405736,1,0.9992506,1
LA_D_3652642,1,0.9998766,1
LA_D_4131292,1,0.99997854,1
LA_D_4223627,1,0.99966204,1
LA_D_4331249,1,0.9999143,1
LA_D_4420975,1,0.99997294,1
LA_D_4463495,1,0.9990945,1
LA_D_4881390,1,0.9998566,1
LA_D_5522312,1,0.99777883,1
LA_D_5621013,1,0.99980605,1
LA_D_5656029,1,0.9999387,1
LA_D_5696762,1,0.997233,1
LA_D_5965283,1,0.9999716,1
LA_D_5976013,1,0.98394847,1
LA_D_6002117,1,0.99993455,1
LA_D_6114519,1,0.9997792,1
LA_D_6189044,1,0.9998971,1
LA_D_6257081,1,0.997106,1
LA_D_6611532,1,0.9983032,1
LA_D_6815506,1,0.9989813,1
LA_D_6900009,1,0.99972135,1
LA_D_7002192,1,0.999905,1
LA_D_7127063,1,0.9992668,1
LA_D_7148063,1,0.9999856,1
LA_D_7374404,1,0.9996481,1
LA_D_7380611,1,0.99990535,1
LA_D_7448272,1,0.99906886,1
LA_D_7494873,1,0.9995091,1
LA_D_7559885,1,0.99999547,1
LA_D_7713018,1,0.9997872,1
LA_D_7861052,1,0.99999154,1
LA_D_8059879,1,0.99670863,1
LA_D_8190929,1,0.99935764,1
LA_D_8194315,1,0.99993634,1
LA_D_8404215,1,0.9995331,1
LA_D_8433710,1,0.9998574,1
LA_D_8543859,1,0.999148,1
LA_D_8891723,1,0.99990475,1
LA_D_8894613,1,0.9995875,1
LA_D_8932352,1,0.9994616,1
LA_D_8991834,1,0.99963224,1
LA_D_9006057,1,0.99969965,1
LA_D_9060455,1,0.9998752,1
LA_D_9253093,1,0.9999485,1
LA_D_9284682,1,0.9998754,1
LA_D_9298358,1,0.9959857,1
LA_D_9348533,1,0.9996089,1
LA_D_9423451,1,0.99998784,1
LA_D_9442194,1,0.9996556,1
LA_D_9517414,1,0.9994848,1
LA_D_9597340,1,0.9997953,1
LA_D_9764484,1,0.99973947,1
LA_D_9919064,1,0.9999418,1
LA_D_1423006,1,0.99739647,1
LA_D_1473255,1,0.9995236,1
LA_D_1481057,1,0.99942845,1
LA_D_1758018,1,0.99885356,1
LA_D_1954410,1,0.99145657,1
LA_D_1982159,1,0.99982095,1
LA_D_2813154,1,0.9989537,1
LA_D_2906873,1,0.9998777,1
LA_D_2946958,1,0.9995242,1
LA_D_2976553,1,0.93434095,1
LA_D_3061471,1,0.99938595,1
LA_D_3074985,1,0.9999715,1
LA_D_3150235,1,0.99929273,1
LA_D_3170323,1,0.9997677,1
LA_D_3476544,1,0.9997279,1
LA_D_3765509,1,0.9998176,1
LA_D_4016743,1,0.9998871,1
LA_D_4026264,1,0.9997902,1
LA_D_4072040,1,0.9995024,1
LA_D_4137927,1,0.9997451,1
LA_D_4180571,1,0.99920523,1
LA_D_4203374,1,0.9981334,1
LA_D_4309711,1,0.99993074,1
LA_D_4540166,1,0.9985306,1
LA_D_4723558,1,0.99983716,1
LA_D_5029338,1,0.99967045,1
LA_D_5337615,1,0.9984048,1
LA_D_5588765,1,0.99955314,1
LA_D_5621016,1,0.99993587,1
LA_D_5779977,1,0.9970716,1
LA_D_5945817,1,0.9997284,1
LA_D_5952548,1,0.994207,1
LA_D_6016215,1,0.99899834,1
LA_D_6043277,1,0.9997017,1
LA_D_6081678,1,0.99920005,1
LA_D_6085002,1,0.9996801,1
LA_D_6262512,1,0.99977934,1
LA_D_6343761,1,0.9996462,1
LA_D_6380295,1,0.99657106,1
LA_D_6439730,1,0.99982095,1
LA_D_6471870,1,0.99871755,1
LA_D_6480348,1,0.9986272,1
LA_D_6502976,1,0.99741036,1
LA_D_6609968,1,0.9999424,1
LA_D_6624621,1,0.9999435,1
LA_D_7045141,1,0.99955255,1
LA_D_7073678,1,0.9999031,1
LA_D_7160972,1,0.9580379,1
LA_D_7181044,1,0.9999443,1
LA_D_7207798,1,0.99984443,1
LA_D_7219426,1,0.99983644,1
LA_D_7339762,1,0.99951136,1
LA_D_7408100,1,0.9993056,1
LA_D_7467158,1,0.9999628,1
LA_D_7836916,1,0.9999237,1
LA_D_8168206,1,0.9942088,1
LA_D_8222620,1,0.99941856,1
LA_D_8235144,1,0.99950826,1
LA_D_8340433,1,0.99985373,1
LA_D_8461949,1,0.99729747,1
LA_D_8489512,1,0.99993134,1
LA_D_8492975,1,0.9935254,1
LA_D_8544546,1,0.99978995,1
LA_D_8582039,1,0.9993162,1
LA_D_8679905,1,0.98510647,1
LA_D_8830828,1,0.9996821,1
LA_D_8952306,1,0.99629587,1
LA_D_8995647,1,0.9999721,1
LA_D_9095164,1,0.9968585,1
LA_D_9458567,1,0.9712227,1
LA_D_9723493,1,0.9997583,1
LA_D_9750223,1,0.99832994,1
LA_D_9782269,1,0.9994874,1
LA_D_9812702,1,0.9997715,1
LA_D_9818781,1,0.9995852,1
LA_D_9877194,1,0.9997712,1
LA_D_9992816,1,0.9995173,1
LA_D_1101351,1,0.99991035,1
LA_D_1249064,1,0.99936646,1
LA_D_1307948,1,0.56809205,1
LA_D_1403762,1,0.9992894,1
LA_D_1410704,1,0.99879,1
LA_D_1469404,1,0.9992662,1
LA_D_1480186,1,0.99942213,1
LA_D_1556595,1,0.9999547,1
LA_D_1838386,1,0.99984384,1
LA_D_2026367,1,0.99993134,1
LA_D_2178723,1,0.99916905,1
LA_D_2227239,1,0.99895597,1
LA_D_2496910,1,0.9998704,1
LA_D_2977892,1,0.99989355,1
LA_D_2979011,1,0.99914813,1
LA_D_3342452,1,0.99947166,1
LA_D_3536394,1,0.9992868,1
LA_D_3577801,1,0.99679756,1
LA_D_3622835,1,0.9997557,1
LA_D_3776414,1,0.999781,1
LA_D_3860312,1,0.99884796,1
LA_D_3861154,1,0.9989354,1
LA_D_3940913,1,0.99982893,1
LA_D_3947384,1,0.9996899,1
LA_D_3971945,1,0.9995003,1
LA_D_4095293,1,0.99589586,1
LA_D_4246993,1,0.9999474,1
LA_D_4320036,1,0.99704736,1
LA_D_4387141,1,0.9989016,1
LA_D_4457189,1,0.999619,1
LA_D_4485182,1,0.9998286,1
LA_D_4492847,1,0.99988914,1
LA_D_4745806,1,0.9999026,1
LA_D_4747124,1,0.9996555,1
LA_D_4751390,1,0.998938,1
LA_D_5090803,1,0.9993333,1
LA_D_5349360,1,0.99998,1
LA_D_5364410,1,0.9996517,1
LA_D_5684697,1,0.99847585,1
LA_D_5763453,1,0.99981475,1
LA_D_5790394,1,0.9992499,1
LA_D_5972086,1,0.99973816,1
LA_D_6013126,1,0.99996257,1
LA_D_6022629,1,0.99898726,1
LA_D_6442014,1,0.999443,1
LA_D_6443649,1,0.99835414,1
LA_D_6446759,1,0.99968284,1
LA_D_6451106,1,0.9997858,1
LA_D_6609032,1,0.9999205,1
LA_D_7067333,1,0.99960923,1
LA_D_7200480,1,0.99685895,1
LA_D_7302367,1,0.9999504,1
LA_D_7370306,1,0.9989139,1
LA_D_7370520,1,0.99973994,1
LA_D_7394757,1,0.99818164,1
LA_D_7451276,1,0.9993681,1
LA_D_7451364,1,0.9991798,1
LA_D_7480903,1,0.99208283,1
LA_D_7590299,1,0.999425,1
LA_D_7651671,1,0.99982476,1
LA_D_8089175,1,0.999052,1
LA_D_8116083,1,0.99972945,1
LA_D_8147163,1,0.99010545,1
LA_D_8313645,1,0.9996027,1
LA_D_8329201,1,0.99993944,1
LA_D_8672699,1,0.9976167,1
LA_D_8762609,1,0.99978673,1
LA_D_8924553,1,0.9998758,1
LA_D_8989585,1,0.98436874,1
LA_D_8995264,1,0.99997425,1
LA_D_9113588,1,0.9998392,1
LA_D_9299686,1,0.99951327,1
LA_D_9676445,1,0.9999025,1
LA_D_9843427,1,0.9921109,1
LA_D_9851827,1,0.999918,1
LA_D_9875362,1,0.9997023,1
LA_D_9936597,1,0.996284,1
LA_D_1038259,1,0.77856815,1
LA_D_1052072,1,0.35617107,0
LA_D_1056044,1,0.9571522,1
LA_D_1069525,1,0.9976549,1
LA_D_1144331,1,0.94037706,1
LA_D_1204220,1,0.94371134,1
LA_D_1322543,1,0.97282773,1
LA_D_1367406,1,0.960003,1
LA_D_1484973,1,0.9985185,1
LA_D_1490681,1,0.9989598,1
LA_D_1532705,1,0.9838453,1
LA_D_1608630,1,0.9956098,1
LA_D_1661775,1,0.9798981,1
LA_D_1788083,1,0.9979214,1
LA_D_1792486,1,0.60978824,1
LA_D_1820875,1,0.9988249,1
LA_D_1888215,1,0.9833995,1
LA_D_1959657,1,0.9948246,1
LA_D_1975696,1,0.9956256,1
LA_D_2042159,1,0.99759895,1
LA_D_2358821,1,0.9990752,1
LA_D_2408297,1,0.8131405,1
LA_D_2450199,1,0.99596924,1
LA_D_2556697,1,0.993573,1
LA_D_2596293,1,0.9828605,1
LA_D_2660160,1,0.9991468,1
LA_D_2684373,1,0.9940985,1
LA_D_2819153,1,0.687319,1
LA_D_2902957,1,0.99502224,1
LA_D_2936796,1,0.6688873,1
LA_D_2952279,1,0.9898307,1
LA_D_2977057,1,0.9823207,1
LA_D_3029513,1,0.91344655,1
LA_D_3093310,1,0.999295,1
LA_D_3205943,1,0.99700564,1
LA_D_3245414,1,0.98357767,1
LA_D_3475014,1,0.99577206,1
LA_D_3495464,1,0.9906336,1
LA_D_3540954,1,0.999005,1
LA_D_3555645,1,0.9901799,1
LA_D_3603496,1,0.8078889,1
LA_D_3686487,1,0.7767948,1
LA_D_3987478,1,0.9952684,1
LA_D_4107345,1,0.9990427,1
LA_D_4114029,1,0.99922025,1
LA_D_4166346,1,0.9956755,1
LA_D_4433236,1,0.9825751,1
LA_D_4433602,1,0.9994097,1
LA_D_4457621,1,0.97005165,1
LA_D_4606004,1,0.022344418,0
LA_D_4799779,1,0.995548,1
LA_D_4876634,1,0.9521804,1
LA_D_5037208,1,0.994482,1
LA_D_5066833,1,0.9820662,1
LA_D_5105872,1,0.9752177,1
LA_D_5136646,1,0.99942404,1
LA_D_5146678,1,0.9918869,1
LA_D_5212308,1,0.98651946,1
LA_D_5256804,1,0.9876551,1
LA_D_5390367,1,0.9956677,1
LA_D_5412149,1,0.97951883,1
LA_D_5513257,1,0.97700274,1
LA_D_5539710,1,0.99628305,1
LA_D_5606626,1,0.9965747,1
LA_D_5631853,1,0.9273764,1
LA_D_5660085,1,0.9966864,1
LA_D_5738969,1,0.9882217,1
LA_D_5823706,1,0.9951233,1
LA_D_5907410,1,0.99744236,1
LA_D_6077981,1,0.99802244,1
LA_D_6084606,1,0.94600344,1
LA_D_6108420,1,0.9986156,1
LA_D_6113999,1,0.8022874,1
LA_D_6332014,1,0.9990833,1
LA_D_6339881,1,0.87750643,1
LA_D_6355669,1,0.99807763,1
LA_D_6404877,1,0.9782662,1
LA_D_6434693,1,0.9956249,1
LA_D_6496486,1,0.8846718,1
LA_D_6516226,1,0.9227367,1
LA_D_6516961,1,0.74206907,1
LA_D_6646969,1,0.9977175,1
LA_D_6733062,1,0.99707544,1
LA_D_6756553,1,0.31569445,0
LA_D_6917442,1,0.99794954,1
LA_D_6919759,1,0.9749289,1
LA_D_7021117,1,0.9993294,1
LA_D_7057765,1,0.9987031,1
LA_D_7074881,1,0.9742877,1
LA_D_7097684,1,0.99617636,1
LA_D_7153183,1,0.99986863,1
LA_D_7501952,1,0.88351786,1
LA_D_7600822,1,0.978306,1
LA_D_7727446,1,0.9949519,1
LA_D_7730769,1,0.38587013,0
LA_D_7751131,1,0.9989994,1
LA_D_7763180,1,0.7396686,1
LA_D_7765872,1,0.9881584,1
LA_D_7887285,1,0.9861175,1
LA_D_8089934,1,0.99682474,1
LA_D_8215973,1,0.9882166,1
LA_D_8231133,1,0.9746114,1
LA_D_8476547,1,0.9535305,1
LA_D_8522983,1,0.8473644,1
LA_D_8554979,1,0.9928464,1
LA_D_8591419,1,0.9948237,1
LA_D_8861489,1,0.9701277,1
LA_D_8880226,1,0.99991417,1
LA_D_8905184,1,0.99695396,1
LA_D_8975327,1,0.7500632,1
LA_D_8988945,1,0.979607,1
LA_D_9093882,1,0.9941075,1
LA_D_9173254,1,0.9951159,1
LA_D_9195670,1,0.95989704,1
LA_D_9223242,1,0.7263394,1
LA_D_9243355,1,0.99768436,1
LA_D_9256388,1,0.9972525,1
LA_D_9354139,1,0.979762,1
LA_D_9408142,1,0.9996869,1
LA_D_9544806,1,0.9980192,1
LA_D_9559588,1,0.9916841,1
LA_D_9577394,1,0.99357575,1
LA_D_9706957,1,0.55313396,1
LA_D_9712400,1,0.999634,1
LA_D_9764499,1,0.9936865,1
LA_D_9842587,1,0.9990057,1
LA_D_1049549,1,0.99815863,1
LA_D_1076361,1,0.9998703,1
LA_D_1091102,1,0.99962187,1
LA_D_1133998,1,0.9987649,1
LA_D_1223641,1,0.9997927,1
LA_D_1273183,1,0.9998052,1
LA_D_1336215,1,0.9996764,1
LA_D_1337729,1,0.99981415,1
LA_D_1400319,1,0.99977106,1
LA_D_1505756,1,0.9997631,1
LA_D_1511694,1,0.9999845,1
LA_D_1517076,1,0.9989549,1
LA_D_1570970,1,0.99975866,1
LA_D_1585215,1,0.99991727,1
LA_D_1703452,1,0.99908066,1
LA_D_1797978,1,0.99991643,1
LA_D_1829406,1,0.9977361,1
LA_D_1838177,1,0.9991167,1
LA_D_2027122,1,0.9996756,1
LA_D_2120353,1,0.9985892,1
LA_D_2242074,1,0.99948335,1
LA_D_2473174,1,0.9981267,1
LA_D_2576930,1,0.9988224,1
LA_D_2593161,1,0.99869823,1
LA_D_2630434,1,0.99986506,1
LA_D_2639273,1,0.97302216,1
LA_D_2666751,1,0.9660217,1
LA_D_2723178,1,0.99980295,1
LA_D_2740232,1,0.99993443,1
LA_D_2927307,1,0.9997941,1
LA_D_2932112,1,0.9997161,1
LA_D_3155945,1,0.99885035,1
LA_D_3222569,1,0.9998859,1
LA_D_3289496,1,0.99936455,1
LA_D_3319482,1,0.9977051,1
LA_D_3408690,1,0.9998934,1
LA_D_3416238,1,0.9995304,1
LA_D_3500984,1,0.99986815,1
LA_D_3556377,1,0.99982667,1
LA_D_3608670,1,0.9961622,1
LA_D_3703286,1,0.9996042,1
LA_D_3761724,1,0.99979603,1
LA_D_3784822,1,0.99988437,1
LA_D_3878203,1,0.9993573,1
LA_D_3891416,1,0.99954885,1
LA_D_3909550,1,0.99967057,1
LA_D_3912641,1,0.9998419,1
LA_D_4284229,1,0.99915636,1
LA_D_4296014,1,0.99950135,1
LA_D_4349047,1,0.9988997,1
LA_D_4359251,1,0.99963737,1
LA_D_4392708,1,0.99966097,1
LA_D_4479461,1,0.9995949,1
LA_D_4494554,1,0.9999386,1
LA_D_4550700,1,0.9994849,1
LA_D_4598473,1,0.9992451,1
LA_D_4608449,1,0.9991301,1
LA_D_4804432,1,0.99924356,1
LA_D_4918840,1,0.9996669,1
LA_D_4966585,1,0.9984931,1
LA_D_5062996,1,0.9995881,1
LA_D_5071715,1,0.9996719,1
LA_D_5107120,1,0.9994151,1
LA_D_5154794,1,0.9998622,1
LA_D_5185995,1,0.999823,1
LA_D_5273164,1,0.9997124,1
LA_D_5292101,1,0.99801624,1
LA_D_5293101,1,0.9997595,1
LA_D_5326475,1,0.99974126,1
LA_D_5459367,1,0.9995652,1
LA_D_5490922,1,0.9977324,1
LA_D_5666784,1,0.9998919,1
LA_D_5677972,1,0.9937831,1
LA_D_5726006,1,0.99389136,1
LA_D_5939593,1,0.99970824,1
LA_D_5974475,1,0.9997958,1
LA_D_5989374,1,0.99981713,1
LA_D_6134933,1,0.9992168,1
LA_D_6189237,1,0.9959695,1
LA_D_6283341,1,0.99807453,1
LA_D_6341313,1,0.9999144,1
LA_D_6375526,1,0.9999386,1
LA_D_6452789,1,0.99941444,1
LA_D_6536846,1,0.9990063,1
LA_D_6544770,1,0.99773324,1
LA_D_6549233,1,0.9995237,1
LA_D_6594571,1,0.9999006,1
LA_D_6610055,1,0.99957985,1
LA_D_6752758,1,0.9999616,1
LA_D_6805066,1,0.9996147,1
LA_D_7071725,1,0.99950886,1
LA_D_7097849,1,0.9993666,1
LA_D_7339633,1,0.99978983,1
LA_D_7629182,1,0.9997902,1
LA_D_7662627,1,0.999804,1
LA_D_7731192,1,0.9989911,1
LA_D_7812459,1,0.99945635,1
LA_D_7830144,1,0.9995715,1
LA_D_7900736,1,0.99691904,1
LA_D_7944573,1,0.9999777,1
LA_D_7966144,1,0.9997791,1
LA_D_8042945,1,0.9997902,1
LA_D_8094862,1,0.999792,1
LA_D_8099644,1,0.9996027,1
LA_D_8103476,1,0.99978566,1
LA_D_8184787,1,0.9959372,1
LA_D_8342132,1,0.9993179,1
LA_D_8419568,1,0.99959075,1
LA_D_8436641,1,0.9996445,1
LA_D_8482192,1,0.9999443,1
LA_D_8558274,1,0.9990952,1
LA_D_8587105,1,0.9987709,1
LA_D_8681156,1,0.9997879,1
LA_D_8778186,1,0.99992645,1
LA_D_8792865,1,0.995919,1
LA_D_8840755,1,0.9995716,1
LA_D_8899535,1,0.9986817,1
LA_D_8988223,1,0.99961174,1
LA_D_9105003,1,0.9787687,1
LA_D_9148460,1,0.9993087,1
LA_D_9169706,1,0.9922772,1
LA_D_9193664,1,0.99926156,1
LA_D_9689549,1,0.99670756,1
LA_D_9741135,1,0.9938816,1
LA_D_9830094,1,0.99965394,1
LA_D_9851890,1,0.9985184,1
LA_D_1086824,1,0.9969825,1
LA_D_1183785,1,0.9377158,1
LA_D_1213994,1,0.99439865,1
LA_D_1253089,1,0.9668073,1
LA_D_1467031,1,0.99747187,1
LA_D_1553644,1,0.9771747,1
LA_D_1597752,1,0.99923146,1
LA_D_1758807,1,0.9981376,1
LA_D_1775211,1,0.98851573,1
LA_D_1861265,1,0.99766916,1
LA_D_1950699,1,0.9963059,1
LA_D_2014253,1,0.9947871,1
LA_D_2139125,1,0.9819417,1
LA_D_2252677,1,0.99770325,1
LA_D_2285682,1,0.99809307,1
LA_D_2302005,1,0.36370337,0
LA_D_2455027,1,0.98096555,1
LA_D_2653208,1,0.9897014,1
LA_D_2654763,1,0.9998089,1
LA_D_2722562,1,0.9979213,1
LA_D_2846692,1,0.9969441,1
LA_D_2871577,1,0.99266255,1
LA_D_2990661,1,0.9996838,1
LA_D_3056969,1,0.93547446,1
LA_D_3075013,1,0.99835557,1
LA_D_3089604,1,0.99867564,1
LA_D_3283135,1,0.9985443,1
LA_D_3387718,1,0.99839777,1
LA_D_3541747,1,0.9990281,1
LA_D_3608903,1,0.9994137,1
LA_D_3773719,1,0.9933216,1
LA_D_3842728,1,0.9999368,1
LA_D_3876757,1,0.9937155,1
LA_D_3952793,1,0.9958613,1
LA_D_3994693,1,0.98933256,1
LA_D_4033472,1,0.9953075,1
LA_D_4149974,1,0.9759613,1
LA_D_4161223,1,0.9963008,1
LA_D_4224972,1,0.9988017,1
LA_D_4289756,1,0.9879105,1
LA_D_4361968,1,0.9802408,1
LA_D_4466001,1,0.9191834,1
LA_D_4494387,1,0.9995142,1
LA_D_4514282,1,0.9711449,1
LA_D_4667936,1,0.57532525,1
LA_D_4670510,1,0.9920541,1
LA_D_4699929,1,0.992446,1
LA_D_4814376,1,0.9946893,1
LA_D_4963927,1,0.9975648,1
LA_D_5110502,1,0.96263695,1
LA_D_5186221,1,0.9995003,1
LA_D_5261984,1,0.99813336,1
LA_D_5348059,1,0.9930816,1
LA_D_5389440,1,0.9630642,1
LA_D_5417114,1,0.9906923,1
LA_D_5527177,1,0.992611,1
LA_D_5712579,1,0.997165,1
LA_D_5780144,1,0.9967558,1
LA_D_5791290,1,0.9573527,1
LA_D_5808517,1,0.9923272,1
LA_D_5837272,1,0.9929516,1
LA_D_5881435,1,0.9927275,1
LA_D_5957210,1,0.9968159,1
LA_D_6023315,1,0.99532485,1
LA_D_6033972,1,0.9966088,1
LA_D_6035951,1,0.99860966,1
LA_D_6038297,1,0.99748945,1
LA_D_6127522,1,0.8361733,1
LA_D_6128469,1,0.9985077,1
LA_D_6226339,1,0.9973143,1
LA_D_6330573,1,0.99462265,1
LA_D_6401877,1,0.95760167,1
LA_D_6415819,1,0.9991217,1
LA_D_6433438,1,0.98482597,1
LA_D_6458498,1,0.99192,1
LA_D_6482453,1,0.99395907,1
LA_D_6486117,1,0.99959886,1
LA_D_6710190,1,0.30489668,0
LA_D_6903853,1,0.9947011,1
LA_D_6911536,1,0.9962792,1
LA_D_6972066,1,0.99981105,1
LA_D_7014889,1,0.98902214,1
LA_D_7050071,1,0.9921021,1
LA_D_7109425,1,0.902803,1
LA_D_7250160,1,0.9960292,1
LA_D_7272195,1,0.9978441,1
LA_D_7385359,1,0.99708563,1
LA_D_7426346,1,0.9936149,1
LA_D_7447418,1,0.9813618,1
LA_D_7561369,1,0.06733706,0
LA_D_7617208,1,0.99583083,1
LA_D_7742504,1,0.9967875,1
LA_D_7757579,1,0.8980065,1
LA_D_7769284,1,0.96760434,1
LA_D_7998237,1,0.9950622,1
LA_D_8045816,1,0.99774015,1
LA_D_8087859,1,0.9992372,1
LA_D_8110718,1,0.9985593,1
LA_D_8213223,1,0.99394953,1
LA_D_8238260,1,0.9953402,1
LA_D_8351256,1,0.93519443,1
LA_D_8364855,1,0.9960163,1
LA_D_8438363,1,0.99607617,1
LA_D_8463557,1,0.9987839,1
LA_D_8565008,1,0.9947895,1
LA_D_8635731,1,0.9966222,1
LA_D_8658970,1,0.9955182,1
LA_D_8691545,1,0.7470848,1
LA_D_8718356,1,0.9975654,1
LA_D_9026368,1,0.9921211,1
LA_D_9091023,1,0.9937015,1
LA_D_9222965,1,0.99682367,1
LA_D_9357270,1,0.99840856,1
LA_D_9385770,1,0.9993476,1
LA_D_9386152,1,0.99239916,1
LA_D_9386892,1,0.9940924,1
LA_D_9422157,1,0.9963651,1
LA_D_9442238,1,0.9852518,1
LA_D_9452854,1,0.95912033,1
LA_D_9622791,1,0.9949461,1
LA_D_9628533,1,0.98836565,1
LA_D_9706532,1,0.9905461,1
LA_D_9770200,1,0.9456588,1
LA_D_9820905,1,0.99761033,1
LA_D_9829008,1,0.99210393,1
LA_D_9922523,1,0.967103,1
LA_D_1133069,1,0.9998596,1
LA_D_1301234,1,0.99948573,1
LA_D_1722779,1,0.9995028,1
LA_D_1732752,1,0.9998126,1
LA_D_1842990,1,0.9981071,1
LA_D_2095392,1,0.9991313,1
LA_D_2338525,1,0.9996899,1
LA_D_2644387,1,0.9991141,1
LA_D_2773764,1,0.999861,1
LA_D_2896082,1,0.9998276,1
LA_D_3075580,1,0.99956304,1
LA_D_3084702,1,0.9997941,1
LA_D_3163255,1,0.9995222,1
LA_D_3169410,1,0.9998349,1
LA_D_3229215,1,0.99957925,1
LA_D_3377698,1,0.9990754,1
LA_D_3406247,1,0.9998237,1
LA_D_3494648,1,0.87589234,1
LA_D_3564164,1,0.9987514,1
LA_D_3569824,1,0.9999747,1
LA_D_3601430,1,0.99961936,1
LA_D_3631999,1,0.999612,1
LA_D_3669578,1,0.9993788,1
LA_D_3892057,1,0.99942404,1
LA_D_4318753,1,0.99994373,1
LA_D_4546481,1,0.9996581,1
LA_D_4586853,1,0.9989435,1
LA_D_4666647,1,0.9990476,1
LA_D_4784827,1,0.9994413,1
LA_D_4811625,1,0.99987507,1
LA_D_4821411,1,0.99925834,1
LA_D_4897076,1,0.99988854,1
LA_D_4917895,1,0.9992016,1
LA_D_5011714,1,0.9999167,1
LA_D_5197000,1,0.99971026,1
LA_D_5224129,1,0.9994487,1
LA_D_5445641,1,0.9995672,1
LA_D_5567251,1,0.9999268,1
LA_D_5654315,1,0.9981773,1
LA_D_5719323,1,0.99979246,1
LA_D_5758976,1,0.9997273,1
LA_D_5806611,1,0.9999788,1
LA_D_5903873,1,0.9997396,1
LA_D_6138839,1,0.99978006,1
LA_D_6153942,1,0.9994398,1
LA_D_6160000,1,0.9996067,1
LA_D_6266806,1,0.99578816,1
LA_D_6325680,1,0.9999416,1
LA_D_6368049,1,0.9998081,1
LA_D_6475261,1,0.99991465,1
LA_D_6478753,1,0.99894696,1
LA_D_6495848,1,0.9998995,1
LA_D_6529379,1,0.99992645,1
LA_D_6617994,1,0.9996221,1
LA_D_6749101,1,0.9999894,1
LA_D_6939541,1,0.9998784,1
LA_D_7261120,1,0.9999199,1
LA_D_7267402,1,0.99909365,1
LA_D_7304634,1,0.9996002,1
LA_D_7314322,1,0.99707603,1
LA_D_7333352,1,0.993309,1
LA_D_7407432,1,0.99976355,1
LA_D_7496196,1,0.99948585,1
LA_D_7718050,1,0.99956185,1
LA_D_7866849,1,0.99933976,1
LA_D_7883377,1,0.99977255,1
LA_D_8263452,1,0.9999702,1
LA_D_8289522,1,0.99737525,1
LA_D_8494760,1,0.9999547,1
LA_D_8671896,1,0.9997298,1
LA_D_8863380,1,0.9996005,1
LA_D_9382979,1,0.9995222,1
LA_D_9417900,1,0.99874365,1
LA_D_9451365,1,0.9999286,1
LA_D_9580426,1,0.9999423,1
LA_D_9668611,1,0.99794525,1
LA_D_9834938,1,0.9995541,1
LA_D_1026868,1,0.99883324,1
LA_D_1105489,1,0.999536,1
LA_D_1152692,1,0.9996675,1
LA_D_1179848,1,0.99948823,1
LA_D_1240976,1,0.99579525,1
LA_D_1323454,1,0.99837935,1
LA_D_1361417,1,0.9999871,1
LA_D_1500993,1,0.9994194,1
LA_D_1640497,1,0.9995028,1
LA_D_1648291,1,0.9991036,1
LA_D_1716033,1,0.99889755,1
LA_D_1721527,1,0.9992737,1
LA_D_1796445,1,0.9996606,1
LA_D_1805177,1,0.9919151,1
LA_D_1877105,1,0.99303514,1
LA_D_2265315,1,0.9984877,1
LA_D_2322081,1,0.99963534,1
LA_D_2334588,1,0.99981403,1
LA_D_2466781,1,0.99982107,1
LA_D_2609323,1,0.9989857,1
LA_D_2712599,1,0.99145037,1
LA_D_2731741,1,0.9997353,1
LA_D_2756724,1,0.99918455,1
LA_D_2811662,1,0.999887,1
LA_D_2817557,1,0.99927765,1
LA_D_3080108,1,0.99986684,1
LA_D_3198087,1,0.99866736,1
LA_D_3251058,1,0.9995727,1
LA_D_3306187,1,0.99992585,1
LA_D_3410479,1,0.9996122,1
LA_D_3475865,1,0.9953644,1
LA_D_3476956,1,0.9870721,1
LA_D_3483451,1,0.99914753,1
LA_D_3542619,1,0.9928277,1
LA_D_3781670,1,0.9995844,1
LA_D_3792397,1,0.998538,1
LA_D_3797749,1,0.99977577,1
LA_D_3895551,1,0.98870414,1
LA_D_3977034,1,0.9990491,1
LA_D_4043027,1,0.9984244,1
LA_D_4043306,1,0.9995935,1
LA_D_4106360,1,0.9993344,1
LA_D_4195342,1,0.9995918,1
LA_D_4198004,1,0.99874747,1
LA_D_4354056,1,0.99987054,1
LA_D_4402714,1,0.9999114,1
LA_D_4469053,1,0.9997964,1
LA_D_4606442,1,0.99701583,1
LA_D_4757475,1,0.9999151,1
LA_D_4767028,1,0.99989545,1
LA_D_4828901,1,0.99935526,1
LA_D_4964260,1,0.9978532,1
LA_D_5110992,1,0.99940085,1
LA_D_5312350,1,0.9998832,1
LA_D_5345225,1,0.9994475,1
LA_D_5349132,1,0.9997297,1
LA_D_5416674,1,0.98896396,1
LA_D_5541379,1,0.9996141,1
LA_D_5636069,1,0.9996203,1
LA_D_5673436,1,0.99824774,1
LA_D_5676897,1,0.9987355,1
LA_D_5712684,1,0.9972486,1
LA_D_5796246,1,0.9987123,1
LA_D_5891453,1,0.99719244,1
LA_D_5925557,1,0.9995073,1
LA_D_6198746,1,0.9994707,1
LA_D_6223286,1,0.6304394,1
LA_D_6263129,1,0.9997271,1
LA_D_6288787,1,0.99960923,1
LA_D_6289788,1,0.99991083,1
LA_D_6311046,1,0.99881244,1
LA_D_6382055,1,0.99967474,1
LA_D_6570628,1,0.9996968,1
LA_D_6593270,1,0.9992173,1
LA_D_6701963,1,0.9994998,1
LA_D_6716159,1,0.99967426,1
LA_D_6728141,1,0.99953574,1
LA_D_6795264,1,0.9978829,1
LA_D_6842136,1,0.9987587,1
LA_D_6876630,1,0.9969772,1
LA_D_6935031,1,0.999985,1
LA_D_6963411,1,0.99400896,1
LA_D_6984595,1,0.99986315,1
LA_D_6994349,1,0.9998199,1
LA_D_7066960,1,0.9998349,1
LA_D_7271587,1,0.9997018,1
LA_D_7277373,1,0.999977,1
LA_D_7467696,1,0.9988821,1
LA_D_7485630,1,0.99910825,1
LA_D_7510202,1,0.9998988,1
LA_D_7570899,1,0.9983026,1
LA_D_7596619,1,0.99059325,1
LA_D_7605953,1,0.9985025,1
LA_D_7611990,1,0.99963355,1
LA_D_7720126,1,0.9990263,1
LA_D_7790850,1,0.99936694,1
LA_D_7796753,1,0.99991095,1
LA_D_7871009,1,0.999823,1
LA_D_8055872,1,0.99965894,1
LA_D_8076309,1,0.9986086,1
LA_D_8100591,1,0.9995011,1
LA_D_8142373,1,0.9996619,1
LA_D_8161159,1,0.9999746,1
LA_D_8397551,1,0.99951327,1
LA_D_8413105,1,0.9955153,1
LA_D_8433898,1,0.9993961,1
LA_D_8498981,1,0.99974936,1
LA_D_8577756,1,0.9981034,1
LA_D_8594051,1,0.9994201,1
LA_D_8620622,1,0.9998089,1
LA_D_8814488,1,0.9996433,1
LA_D_8899399,1,0.9996468,1
LA_D_8933570,1,0.9988672,1
LA_D_8986360,1,0.9612657,1
LA_D_8993681,1,0.9993855,1
LA_D_9040602,1,0.99975127,1
LA_D_9323815,1,0.99954385,1
LA_D_9406266,1,0.9991198,1
LA_D_9441585,1,0.99916655,1
LA_D_9487961,1,0.99934286,1
LA_D_9549607,1,0.9997822,1
LA_D_9567593,1,0.999794,1
LA_D_9568749,1,0.9838368,1
LA_D_9758147,1,0.99989617,1
LA_D_9965439,1,0.9996506,1
LA_D_9980740,1,0.9997964,1
LA_D_1118839,1,0.9992648,1
LA_D_1312411,1,0.9965766,1
LA_D_1424876,1,0.9995548,1
LA_D_1594317,1,0.99958795,1
LA_D_1705487,1,0.99576896,1
LA_D_1710314,1,0.99936694,1
LA_D_1739595,1,0.9967337,1
LA_D_1773726,1,0.9983954,1
LA_D_1793763,1,0.9999242,1
LA_D_1823771,1,0.9999784,1
LA_D_1841270,1,0.9817509,1
LA_D_1863167,1,0.998643,1
LA_D_1930986,1,0.9857026,1
LA_D_1932175,1,0.7084582,1
LA_D_1955388,1,0.99995697,1
LA_D_2004845,1,0.99964786,1
LA_D_2019918,1,0.99462783,1
LA_D_2302632,1,0.98591506,1
LA_D_2413566,1,0.99955803,1
LA_D_2589925,1,0.9982926,1
LA_D_2622953,1,0.84589905,1
LA_D_2865796,1,0.9998323,1
LA_D_2910448,1,0.99631953,1
LA_D_2946881,1,0.9990958,1
LA_D_2996762,1,0.9958627,1
LA_D_3131236,1,0.9437487,1
LA_D_3286517,1,0.99931395,1
LA_D_3329060,1,0.99879014,1
LA_D_3366735,1,0.9995566,1
LA_D_3401409,1,0.99748516,1
LA_D_3479802,1,0.996903,1
LA_D_3497637,1,0.99676776,1
LA_D_3524266,1,0.99021894,1
LA_D_3562432,1,0.9996182,1
LA_D_3608178,1,0.9987484,1
LA_D_3678841,1,0.99982977,1
LA_D_3760202,1,0.9897522,1
LA_D_3768511,1,0.9964014,1
LA_D_3790692,1,0.98964477,1
LA_D_3897229,1,0.9998925,1
LA_D_3985682,1,0.9992076,1
LA_D_4159059,1,0.9996195,1
LA_D_4175940,1,0.99922276,1
LA_D_4226294,1,0.9826441,1
LA_D_4247411,1,0.99659115,1
LA_D_4334876,1,0.9993376,1
LA_D_4337768,1,0.9983216,1
LA_D_4366209,1,0.99650544,1
LA_D_4378600,1,0.99956375,1
LA_D_4766808,1,0.99977577,1
LA_D_4767218,1,0.9982844,1
LA_D_4882695,1,0.98426497,1
LA_D_4926366,1,0.99959266,1
LA_D_4928049,1,0.99834347,1
LA_D_4932722,1,0.993785,1
LA_D_4941205,1,0.99903816,1
LA_D_4988680,1,0.99962664,1
LA_D_5045373,1,0.9991986,1
LA_D_5093056,1,0.79133874,1
LA_D_5113023,1,0.99959373,1
LA_D_5162129,1,0.9967353,1
LA_D_5171009,1,0.99904114,1
LA_D_5178435,1,0.9937969,1
LA_D_5374875,1,0.9749757,1
LA_D_5498186,1,0.9995484,1
LA_D_5510627,1,0.9988953,1
LA_D_5540152,1,0.9972415,1
LA_D_5611098,1,0.99952173,1
LA_D_5704754,1,0.99442434,1
LA_D_5786812,1,0.98584527,1
LA_D_5852535,1,0.9886008,1
LA_D_5884918,1,0.99942786,1
LA_D_6042898,1,0.96399117,1
LA_D_6122499,1,0.9995096,1
LA_D_6141636,1,0.9995274,1
LA_D_6208971,1,0.9988005,1
LA_D_6228524,1,0.9936845,1
LA_D_6273901,1,0.98780674,1
LA_D_6316902,1,0.97106105,1
LA_D_6323762,1,0.9980506,1
LA_D_6375447,1,0.9997664,1
LA_D_6398436,1,0.9998077,1
LA_D_6446182,1,0.9993702,1
LA_D_6484000,1,0.9881634,1
LA_D_6509046,1,0.9978422,1
LA_D_6548870,1,0.9977191,1
LA_D_6618919,1,0.99392974,1
LA_D_6716648,1,0.9381725,1
LA_D_6777979,1,0.9991669,1
LA_D_6838449,1,0.99899215,1
LA_D_6986371,1,0.99715,1
LA_D_7025552,1,0.99491227,1
LA_D_7143144,1,0.99245447,1
LA_D_7174977,1,0.9990409,1
LA_D_7234581,1,0.9936712,1
LA_D_7314001,1,0.9993079,1
LA_D_7433591,1,0.99542665,1
LA_D_7446319,1,0.9984421,1
LA_D_7700830,1,0.9927451,1
LA_D_7945965,1,0.9994134,1
LA_D_8008117,1,0.9981389,1
LA_D_8101504,1,0.9989466,1
LA_D_8163895,1,0.998066,1
LA_D_8179754,1,0.99975103,1
LA_D_8187537,1,0.99813217,1
LA_D_8267383,1,0.9981851,1
LA_D_8316995,1,0.7995454,1
LA_D_8322305,1,0.99867326,1
LA_D_8377433,1,0.9987866,1
LA_D_8429108,1,0.99922276,1
LA_D_8448033,1,0.99885845,1
LA_D_8538667,1,0.9999379,1
LA_D_8556149,1,0.9988415,1
LA_D_8559056,1,0.9996244,1
LA_D_8760685,1,0.99841857,1
LA_D_8814402,1,0.9940952,1
LA_D_9051118,1,0.9966499,1
LA_D_9064936,1,0.996231,1
LA_D_9110661,1,0.99852246,1
LA_D_9121123,1,0.9922902,1
LA_D_9526703,1,0.99966526,1
LA_D_9543794,1,0.9981365,1
LA_D_9610405,1,0.9493592,1
LA_D_9762038,1,0.99811786,1
LA_D_9822511,1,0.999627,1
LA_D_9835881,1,0.9992788,1
LA_D_1060968,1,0.99964094,1
LA_D_1234829,1,0.99909353,1
LA_D_1239715,1,0.9998442,1
LA_D_1275044,1,0.9998839,1
LA_D_1288217,1,0.9994466,1
LA_D_1462484,1,0.9997267,1
LA_D_1482998,1,0.999864,1
LA_D_1500385,1,0.9989741,1
LA_D_1519237,1,0.9999006,1
LA_D_1520830,1,0.9425005,1
LA_D_1644764,1,0.8820842,1
LA_D_1760472,1,0.99893576,1
LA_D_1786730,1,0.9987839,1
LA_D_1805483,1,0.99976915,1
LA_D_2035158,1,0.99984086,1
LA_D_2130605,1,0.99319446,1
LA_D_2156985,1,0.9998853,1
LA_D_2212414,1,0.99915266,1
LA_D_2230192,1,0.9996388,1
LA_D_2365147,1,0.9998126,1
LA_D_2375008,1,0.9960943,1
LA_D_2412960,1,0.9993612,1
LA_D_2531373,1,0.9999838,1
LA_D_2590726,1,0.9997693,1
LA_D_2612254,1,0.99974984,1
LA_D_2655610,1,0.99994445,1
LA_D_2733428,1,0.9796591,1
LA_D_2774468,1,0.9998599,1
LA_D_2852000,1,0.99995375,1
LA_D_2866947,1,0.9937996,1
LA_D_2989479,1,0.99181175,1
LA_D_3029021,1,0.99987864,1
LA_D_3061050,1,0.99785966,1
LA_D_3100616,1,0.9999411,1
LA_D_3122510,1,0.9995875,1
LA_D_3170420,1,0.999827,1
LA_D_3233966,1,0.9998584,1
LA_D_3258501,1,0.99981344,1
LA_D_3312475,1,0.99819535,1
LA_D_3409145,1,0.9976363,1
LA_D_3467485,1,0.9992366,1
LA_D_3526413,1,0.9978734,1
LA_D_3770674,1,0.9962692,1
LA_D_3810542,1,0.9991302,1
LA_D_3851996,1,0.9935509,1
LA_D_4013164,1,0.99893683,1
LA_D_4124707,1,0.9999182,1
LA_D_4174389,1,0.99993455,1
LA_D_4235390,1,0.9977057,1
LA_D_4274975,1,0.995279,1
LA_D_4367665,1,0.9290856,1
LA_D_4422512,1,0.99973303,1
LA_D_4445250,1,0.99961853,1
LA_D_4468016,1,0.99864763,1
LA_D_4489969,1,0.9994429,1
LA_D_4603625,1,0.99898475,1
LA_D_4620892,1,0.9998702,1
LA_D_4723647,1,0.996962,1
LA_D_4834228,1,0.99878067,1
LA_D_4867067,1,0.99936974,1
LA_D_4876121,1,0.99965787,1
LA_D_5056218,1,0.9988174,1
LA_D_5355457,1,0.99886525,1
LA_D_5411434,1,0.9988531,1
LA_D_5425829,1,0.9994325,1
LA_D_5463444,1,0.99668425,1
LA_D_5841267,1,0.9992907,1
LA_D_5898234,1,0.9983045,1
LA_D_5927388,1,0.99855596,1
LA_D_6005916,1,0.9998779,1
LA_D_6068075,1,0.9944025,1
LA_D_6254318,1,0.9995728,1
LA_D_6287239,1,0.99760735,1
LA_D_6289317,1,0.9998505,1
LA_D_6435582,1,0.99972063,1
LA_D_6487933,1,0.9994081,1
LA_D_6642454,1,0.9994997,1
LA_D_6650126,1,0.91827095,1
LA_D_6668024,1,0.9988143,1
LA_D_6681710,1,0.9978265,1
LA_D_6704472,1,0.9972319,1
LA_D_6710328,1,0.9998776,1
LA_D_6843468,1,0.999559,1
LA_D_6868998,1,0.99670684,1
LA_D_6874297,1,0.9990645,1
LA_D_6931611,1,0.99649376,1
LA_D_6980166,1,0.9994542,1
LA_D_7039466,1,0.99982345,1
LA_D_7114977,1,0.9999621,1
LA_D_7238018,1,0.9998599,1
LA_D_7253146,1,0.9998951,1
LA_D_7464682,1,0.9975804,1
LA_D_7509663,1,0.9999219,1
LA_D_7550546,1,0.9997564,1
LA_D_7556397,1,0.9990951,1
LA_D_7707754,1,0.999519,1
LA_D_7765088,1,0.99936974,1
LA_D_7822260,1,0.9996208,1
LA_D_7982514,1,0.9918968,1
LA_D_8061400,1,0.9959934,1
LA_D_8073490,1,0.99983144,1
LA_D_8103599,1,0.931755,1
LA_D_8222020,1,0.99981546,1
LA_D_8237075,1,0.99961865,1
LA_D_8705922,1,0.9995821,1
LA_D_8715868,1,0.99997675,1
LA_D_8729758,1,0.99990416,1
LA_D_8844357,1,0.9998379,1
LA_D_8936540,1,0.9975547,1
LA_D_8942125,1,0.9996926,1
LA_D_8980393,1,0.9998002,1
LA_D_9027095,1,0.99592376,1
LA_D_9146484,1,0.99935824,1
LA_D_9272636,1,0.9994646,1
LA_D_9300277,1,0.9993187,1
LA_D_9366582,1,0.99978065,1
LA_D_9480023,1,0.99980664,1
LA_D_9496441,1,0.9961706,1
LA_D_9508570,1,0.99824417,1
LA_D_9512174,1,0.9999976,1
LA_D_9523504,1,0.9999335,1
LA_D_9561057,1,0.9972794,1
LA_D_9623720,1,0.9999658,1
LA_D_9841321,1,0.9999542,1
LA_D_9841868,1,0.9316985,1
LA_D_9899632,1,0.973711,1
LA_D_1008730,0,0.00021531638,0
LA_D_1034049,0,0.000388359,0
LA_D_1048723,0,0.00017062173,0
LA_D_1067573,0,0.000254328,0
LA_D_1091909,0,0.000228206,0
LA_D_1092958,0,0.00020188156,0
LA_D_1095842,0,3.071312e-05,0
LA_D_1101986,0,0.00013289473,0
LA_D_1106597,0,6.2853826e-05,0
LA_D_1125548,0,5.3801505e-05,0
LA_D_1139972,0,0.00019773083,0
LA_D_1167943,0,0.00015969739,0
LA_D_1184848,0,7.016777e-05,0
LA_D_1232522,0,0.00051679026,0
LA_D_1268902,0,8.394487e-05,0
LA_D_1290841,0,1.6797949e-05,0
LA_D_1304826,0,0.023512233,0
LA_D_1334436,0,0.00021781174,0
LA_D_1339468,0,0.00044450705,0
LA_D_1345527,0,0.00013660816,0
LA_D_1363550,0,5.7874022e-05,0
LA_D_1389822,0,4.1829247e-05,0
LA_D_1428755,0,9.307641e-05,0
LA_D_1478460,0,0.00020985269,0
LA_D_1506986,0,0.0001796725,0
LA_D_1533769,0,0.00020192334,0
LA_D_1579380,0,0.00055654626,0
LA_D_1594852,0,7.2939074e-05,0
LA_D_1637329,0,0.00012522236,0
LA_D_1681095,0,0.00013761094,0
LA_D_1701829,0,0.00029526436,0
LA_D_1720321,0,0.000107853455,0
LA_D_1738496,0,0.00028096026,0
LA_D_1809605,0,0.00028311383,0
LA_D_1833862,0,8.19151e-05,0
LA_D_1842805,0,0.00042121854,0
LA_D_1861001,0,5.49076e-05,0
LA_D_1886121,0,0.00072954956,0
LA_D_1893715,0,6.0394566e-05,0
LA_D_1933398,0,0.0006686154,0
LA_D_1948635,0,0.0002647702,0
LA_D_1949036,0,4.7172613e-05,0
LA_D_1959675,0,0.0004804882,0
LA_D_2006889,0,8.668503e-05,0
LA_D_2018773,0,0.00034935566,0
LA_D_2026146,0,0.00019619481,0
LA_D_2028805,0,3.1271888e-05,0
LA_D_2032476,0,0.00014120438,0
LA_D_2038170,0,0.0019083977,0
LA_D_2185362,0,0.00025151775,0
LA_D_2212426,0,7.546336e-05,0
LA_D_2220720,0,0.00019297548,0
LA_D_2239661,0,0.00034758612,0
LA_D_2291264,0,0.00034213945,0
LA_D_2331981,0,0.00020178013,0
LA_D_2333541,0,6.263764e-05,0
LA_D_2334188,0,0.00016913023,0
LA_D_2340825,0,0.00035741756,0
LA_D_2363183,0,0.00012116997,0
LA_D_2367899,0,9.935073e-05,0
LA_D_2369833,0,0.00030294334,0
LA_D_2389494,0,7.767457e-05,0
LA_D_2390711,0,0.000101056765,0
LA_D_2416538,0,0.0011311,0
LA_D_2417895,0,8.0623395e-05,0
LA_D_2427933,0,0.0009506875,0
LA_D_2449712,0,0.00017211914,0
LA_D_2453330,0,9.241611e-05,0
LA_D_2472289,0,0.00027411836,0
LA_D_2496514,0,0.00018753027,0
LA_D_2571019,0,0.00033966653,0
LA_D_2654479,0,0.00045501176,0
LA_D_2670696,0,0.0005019115,0
LA_D_2689476,0,0.0003269104,0
LA_D_2741757,0,0.00019089288,0
LA_D_2754300,0,3.9050246e-05,0
LA_D_2760189,0,0.00091773225,0
LA_D_2803648,0,0.00047495682,0
LA_D_2813590,0,0.00031462687,0
LA_D_2862236,0,9.19917e-05,0
LA_D_2920009,0,0.00017089037,0
LA_D_2938440,0,0.005154984,0
LA_D_2942769,0,0.00026009814,0
LA_D_2945850,0,0.00016462234,0
LA_D_2973553,0,0.00016686966,0
LA_D_2975559,0,0.00036322785,0
LA_D_2977712,0,0.00035398518,0
LA_D_2996902,0,4.1430547e-05,0
LA_D_3019059,0,0.0002590918,0
LA_D_3024431,0,0.00017875111,0
LA_D_3027894,0,5.1018207e-05,0
LA_D_3040671,0,0.0004659245,0
LA_D_3079188,0,0.0001194847,0
LA_D_3082795,0,6.946259e-05,0
LA_D_3086617,0,4.348033e-05,0
LA_D_3096505,0,7.678889e-05,0
LA_D_3137946,0,0.00011530628,0
LA_D_3141328,0,7.818466e-05,0
LA_D_3158870,0,0.00016002053,0
LA_D_3179640,0,0.0014278562,0
LA_D_3189395,0,7.978104e-05,0
LA_D_3196844,0,0.0002738138,0
LA_D_3206059,0,0.00067014294,0
LA_D_3207844,0,0.00045251552,0
LA_D_3232399,0,0.00010763329,0
LA_D_3267875,0,0.00045798946,0
LA_D_3273748,0,0.00050445594,0
LA_D_3317455,0,0.00023165416,0
LA_D_3338105,0,0.00021958772,0
LA_D_3349138,0,0.00038395848,0
LA_D_3363997,0,3.1730364e-05,0
LA_D_3420613,0,0.00016989085,0
LA_D_3469063,0,0.0001117073,0
LA_D_3499817,0,0.00014401207,0
LA_D_3537389,0,3.6120913e-05,0
LA_D_3580750,0,0.00014949006,0
LA_D_3606059,0,8.834705e-05,0
LA_D_3655523,0,8.858233e-05,0
LA_D_3661966,0,0.00010514394,0
LA_D_3669523,0,0.00046838343,0
LA_D_3706017,0,0.00012645274,0
LA_D_3809572,0,0.0002735153,0
LA_D_3850569,0,0.0001365424,0
LA_D_3850592,0,0.00014654205,0
LA_D_3871221,0,0.00014071901,0
LA_D_3880703,0,0.00018840436,0
LA_D_3901694,0,0.00037575138,0
LA_D_3913268,0,0.0002692149,0
LA_D_3918940,0,0.00083494105,0
LA_D_3934256,0,0.00058620196,0
LA_D_3942815,0,0.00017917312,0
LA_D_3965390,0,0.013268448,0
LA_D_3977949,0,0.00011205936,0
LA_D_4019454,0,4.3044663e-05,0
LA_D_4020482,0,0.0003681921,0
LA_D_4021951,0,4.8073434e-05,0
LA_D_4023153,0,0.00029230243,0
LA_D_4024955,0,0.0002794855,0
LA_D_4078686,0,0.00045722793,0
LA_D_4090883,0,3.5691188e-05,0
LA_D_4103705,0,0.00013783628,0
LA_D_4155281,0,0.0002569398,0
LA_D_4182803,0,0.00025726852,0
LA_D_4207466,0,0.0004627251,0
LA_D_4287808,0,0.00048361463,0
LA_D_4343346,0,0.0001770435,0
LA_D_4348695,0,0.0001321653,0
LA_D_4357228,0,7.3245414e-05,0
LA_D_4359554,0,7.576476e-05,0
LA_D_4411086,0,0.0022633343,0
LA_D_4500571,0,0.00055465015,0
LA_D_4517917,0,3.4008826e-05,0
LA_D_4531208,0,0.00016666247,0
LA_D_4596767,0,0.00026056898,0
LA_D_4614043,0,0.0005309952,0
LA_D_4617898,0,0.00026884425,0
LA_D_4630094,0,0.000811124,0
LA_D_4637634,0,0.0002528194,0
LA_D_4649975,0,2.8884073e-05,0
LA_D_4708084,0,0.0004101303,0
LA_D_4717036,0,0.00027985265,0
LA_D_4749654,0,5.285153e-05,0
LA_D_4763438,0,0.00013118719,0
LA_D_4782717,0,0.0006741121,0
LA_D_4837097,0,0.0004659338,0
LA_D_4846136,0,0.00032903158,0
LA_D_4857135,0,2.6590009e-05,0
LA_D_4859623,0,0.000828692,0
LA_D_4883317,0,0.0005195214,0
LA_D_4887952,0,0.00012617884,0
LA_D_4948572,0,0.0006101906,0
LA_D_4954963,0,0.00013054803,0
LA_D_4965110,0,0.00040440648,0
LA_D_5017526,0,0.00082224485,0
LA_D_5031694,0,0.00025071876,0
LA_D_5044815,0,0.00015794087,0
LA_D_5056462,0,5.0795723e-05,0
LA_D_5072645,0,0.0012222101,0
LA_D_5084431,0,0.0003622601,0
LA_D_5090868,0,8.401038e-05,0
LA_D_5156272,0,0.00063138816,0
LA_D_5166255,0,0.000103701714,0
LA_D_5169163,0,9.2792194e-05,0
LA_D_5173305,0,8.569432e-05,0
LA_D_5205528,0,0.0003939553,0
LA_D_5209137,0,1.8872286e-05,0
LA_D_5221571,0,5.1584528e-05,0
LA_D_5221844,0,8.79706e-05,0
LA_D_5233422,0,0.00026997575,0
LA_D_5272208,0,0.00020815004,0
LA_D_5285856,0,0.00063195796,0
LA_D_5303438,0,0.00022377004,0
LA_D_5307429,0,0.00010239482,0
LA_D_5346441,0,4.9725157e-05,0
LA_D_5379113,0,0.0004338686,0
LA_D_5423215,0,4.3669523e-05,0
LA_D_5461745,0,0.0003109275,0
LA_D_5505761,0,0.00020480508,0
LA_D_5508053,0,0.00010481719,0
LA_D_5509091,0,0.00015955477,0
LA_D_5533690,0,0.00022053337,0
LA_D_5554577,0,2.5383844e-05,0
LA_D_5559396,0,0.00011020972,0
LA_D_5631440,0,0.00032596025,0
LA_D_5631742,0,0.00026229458,0
LA_D_5649386,0,0.00049678405,0
LA_D_5684579,0,0.00023574103,0
LA_D_5722960,0,7.467606e-05,0
LA_D_5727966,0,8.5998196e-05,0
LA_D_5753732,0,0.0005808522,0
LA_D_5756742,0,6.851141e-05,0
LA_D_5794061,0,0.00024022291,0
LA_D_5812862,0,7.776751e-05,0
LA_D_5849740,0,0.00017629087,0
LA_D_5850542,0,0.0002627035,0
LA_D_5875571,0,6.6752225e-05,0
LA_D_5898933,0,7.933692e-05,0
LA_D_5914542,0,9.4881594e-05,0
LA_D_5944829,0,5.9825827e-05,0
LA_D_5951342,0,0.00011881776,0
LA_D_5957150,0,0.00025423517,0
LA_D_6007363,0,0.0001414375,0
LA_D_6011759,0,3.4259014e-05,0
LA_D_6017071,0,0.00026521564,0
LA_D_6028658,0,0.00042243398,0
LA_D_6038193,0,0.00013300971,0
LA_D_6052299,0,0.00038034766,0
LA_D_6054576,0,0.00014967348,0
LA_D_6060802,0,0.00018900818,0
LA_D_6075514,0,6.4313106e-05,0
LA_D_6081087,0,0.00021048008,0
LA_D_6102176,0,0.00014927356,0
LA_D_6139929,0,6.117494e-05,0
LA_D_6162276,0,0.0002308034,0
LA_D_6170385,0,0.00041403127,0
LA_D_6180723,0,0.000379564,0
LA_D_6182559,0,6.63369e-05,0
LA_D_6192621,0,0.00024465812,0
LA_D_6204835,0,0.00034220828,0
LA_D_6238274,0,0.00016338882,0
LA_D_6251391,0,9.9943565e-05,0
LA_D_6341229,0,2.2912445e-05,0
LA_D_6347672,0,0.00026766292,0
LA_D_6370184,0,0.00011509865,0
LA_D_6373370,0,0.0003653801,0
LA_D_6381970,0,0.00012737504,0
LA_D_6409383,0,0.00023734749,0
LA_D_6416557,0,0.00023159609,0
LA_D_6462406,0,0.00029711964,0
LA_D_6469114,0,7.3409035e-05,0
LA_D_6493807,0,0.00021065112,0
LA_D_6498199,0,0.00017287706,0
LA_D_6505587,0,0.00013791307,0
LA_D_6507705,0,6.3274194e-05,0
LA_D_6561658,0,0.00054500933,0
LA_D_6566262,0,0.00038171594,0
LA_D_6584040,0,5.717876e-05,0
LA_D_6589773,0,0.0002375902,0
LA_D_6596581,0,0.000122066296,0
LA_D_6599472,0,0.000609354,0
LA_D_6701296,0,0.0007404721,0
LA_D_6712123,0,7.476313e-05,0
LA_D_6731611,0,0.00024505504,0
LA_D_6733078,0,0.00023260122,0
LA_D_6764827,0,0.0004099661,0
LA_D_6777418,0,0.00011795407,0
LA_D_6796553,0,0.00012677789,0
LA_D_6824279,0,0.00013470795,0
LA_D_6826321,0,0.00042929238,0
LA_D_6866089,0,0.00067578844,0
LA_D_6933438,0,0.0004236131,0
LA_D_6951638,0,0.00030413098,0
LA_D_7002487,0,0.00060683955,0
LA_D_7012818,0,0.0013392505,0
LA_D_7032809,0,5.193562e-05,0
LA_D_7039871,0,0.00078986224,0
LA_D_7090389,0,0.00019858275,0
LA_D_7091896,0,3.3141518e-05,0
LA_D_7093411,0,0.0001630284,0
LA_D_7109829,0,5.876484e-05,0
LA_D_7116705,0,0.00020204947,0
LA_D_7130899,0,0.00028808025,0
LA_D_7147397,0,0.0001858263,0
LA_D_7162377,0,5.3351796e-05,0
LA_D_7167011,0,0.0006671415,0
LA_D_7169485,0,0.0002701802,0
LA_D_7249283,0,9.687428e-05,0
LA_D_7254578,0,0.00039826604,0
LA_D_7259600,0,0.00034785745,0
LA_D_7262880,0,0.00030063296,0
LA_D_7276589,0,2.9486568e-05,0
LA_D_7302504,0,0.00030079868,0
LA_D_7339034,0,0.0005890112,0
LA_D_7356823,0,0.00025881774,0
LA_D_7386022,0,5.181758e-05,0
LA_D_7434467,0,0.00015970667,0
LA_D_7442400,0,0.00018644483,0
LA_D_7491711,0,0.0007640612,0
LA_D_7594804,0,0.00045984698,0
LA_D_7640450,0,0.00036970852,0
LA_D_7654443,0,0.00021165254,0
LA_D_7662121,0,0.00011447998,0
LA_D_7672038,0,0.00020548987,0
LA_D_7685903,0,0.00026883066,0
LA_D_7695510,0,0.00039489212,0
LA_D_7716157,0,0.00023251917,0
LA_D_7743444,0,0.00010526451,0
LA_D_7784595,0,6.0552287e-05,0
LA_D_7804235,0,0.00023539134,0
LA_D_7813076,0,0.00015055851,0
LA_D_7826067,0,9.7204625e-05,0
LA_D_7846025,0,0.00014470058,0
LA_D_7857650,0,4.3319367e-05,0
LA_D_7876973,0,0.00022361647,0
LA_D_7894285,0,0.0037600857,0
LA_D_7918342,0,6.677967e-05,0
LA_D_7921577,0,0.00021398076,0
LA_D_7924450,0,6.829927e-05,0
LA_D_7937282,0,2.779016e-05,0
LA_D_7977577,0,0.00025723738,0
LA_D_8004353,0,4.2356696e-05,0
LA_D_8009399,0,5.354068e-05,0
LA_D_8009413,0,2.6331889e-05,0
LA_D_8037512,0,0.0002270271,0
LA_D_8038171,0,0.00043685047,0
LA_D_8090805,0,4.5164816e-05,0
LA_D_8099338,0,0.00048442822,0
LA_D_8103316,0,7.0802205e-05,0
LA_D_8142236,0,0.0009858866,0
LA_D_8146799,0,0.00019813584,0
LA_D_8168878,0,0.00051548606,0
LA_D_8176618,0,0.00018175277,0
LA_D_8192880,0,0.00045324294,0
LA_D_8204201,0,0.00015971946,0
LA_D_8241382,0,0.0003029792,0
LA_D_8244540,0,0.00010510003,0
LA_D_8264709,0,8.4759384e-05,0
LA_D_8270717,0,0.00018518706,0
LA_D_8301225,0,2.6665353e-05,0
LA_D_8329816,0,0.0001312724,0
LA_D_8331430,0,0.00023519211,0
LA_D_8340535,0,0.00021298621,0
LA_D_8360147,0,0.00010505855,0
LA_D_8364674,0,0.00044694863,0
LA_D_8365775,0,0.00037489284,0
LA_D_8367537,0,0.00083543925,0
LA_D_8372904,0,0.0002524593,0
LA_D_8374409,0,0.0001456391,0
LA_D_8421697,0,0.00028279092,0
LA_D_8422575,0,0.00030201796,0
LA_D_8500513,0,0.00025332562,0
LA_D_8531692,0,8.749941e-05,0
LA_D_8538200,0,0.00021200559,0
LA_D_8542399,0,0.0002019788,0
LA_D_8551212,0,0.00020661662,0
LA_D_8635221,0,0.0010271325,0
LA_D_8641049,0,0.00028608687,0
LA_D_8669323,0,9.245348e-05,0
LA_D_8714315,0,0.0018061841,0
LA_D_8720605,0,0.00014314476,0
LA_D_8751784,0,0.00074164226,0
LA_D_8766022,0,0.0003020862,0
LA_D_8784379,0,0.004604071,0
LA_D_8791959,0,0.00014538878,0
LA_D_8809559,0,6.1867446e-05,0
LA_D_8839841,0,0.00022965293,0
LA_D_8865247,0,0.0001230178,0
LA_D_8874413,0,8.6332286e-05,0
LA_D_8911864,0,0.00031762233,0
LA_D_8917471,0,8.5660824e-05,0
LA_D_8926223,0,0.00073519367,0
LA_D_8945305,0,5.4065607e-05,0
LA_D_9046865,0,0.00032849814,0
LA_D_9074098,0,7.79133e-05,0
LA_D_9078375,0,0.00026043213,0
LA_D_9123178,0,0.0007355143,0
LA_D_9129748,0,0.00013196871,0
LA_D_9156675,0,0.00062666164,0
LA_D_9159596,0,0.00063584716,0
LA_D_9161192,0,0.000102986465,0
LA_D_9163063,0,0.003237177,0
LA_D_9190503,0,0.00018003282,0
LA_D_9204979,0,0.0001034176,0
LA_D_9225508,0,0.00017296082,0
LA_D_9255940,0,0.00010560918,0
LA_D_9270392,0,4.489429e-05,0
LA_D_9282180,0,5.9052352e-05,0
LA_D_9284391,0,0.00013481872,0
LA_D_9328428,0,0.00078673614,0
LA_D_9329610,0,0.00020766935,0
LA_D_9339416,0,0.00029598252,0
LA_D_9428575,0,0.0014383019,0
LA_D_9444764,0,6.492327e-05,0
LA_D_9475261,0,0.000100497855,0
LA_D_9491115,0,7.2462244e-05,0
LA_D_9601633,0,7.265778e-05,0
LA_D_9607727,0,4.7084526e-05,0
LA_D_9618623,0,0.00022389895,0
LA_D_9620336,0,4.706908e-05,0
LA_D_9661014,0,0.00012526834,0
LA_D_9697098,0,0.00014080237,0
LA_D_9732597,0,0.00015593403,0
LA_D_9763602,0,0.00031301245,0
LA_D_9784098,0,5.1222374e-05,0
LA_D_9824684,0,0.00013984699,0
LA_D_9863674,0,0.00011767153,0
LA_D_9873726,0,0.00012511553,0
LA_D_9908786,0,0.0006664828,0
LA_D_9947938,0,5.1085975e-05,0
LA_D_9963672,0,0.0009820173,0
LA_D_9964852,0,0.00016193058,0
LA_D_9990859,0,0.0003508817,0
LA_D_9995677,0,2.2704655e-05,0
LA_D_9997314,0,0.0002549612,0
LA_D_1006568,0,0.0011164688,0
LA_D_1010295,0,0.00131126,0
LA_D_1017922,0,0.0012245366,0
LA_D_1020908,0,0.0016140529,0
LA_D_1066785,0,0.0021422857,0
LA_D_1110836,0,0.0012080129,0
LA_D_1121701,0,0.0037860887,0
LA_D_1152287,0,0.0016358693,0
LA_D_1163071,0,0.00065223686,0
LA_D_1232730,0,0.0008399515,0
LA_D_1267719,0,0.0036811244,0
LA_D_1271634,0,0.005071221,0
LA_D_1288652,0,0.00066667685,0
LA_D_1294276,0,0.0014848942,0
LA_D_1317211,0,0.0012864268,0
LA_D_1320493,0,0.039283432,0
LA_D_1323674,0,0.0012093,0
LA_D_1334862,0,0.0022739985,0
LA_D_1344503,0,0.0017124433,0
LA_D_1436061,0,0.0011037872,0
LA_D_1445252,0,0.0012641787,0
LA_D_1555553,0,0.0031209935,0
LA_D_1556971,0,0.0007160621,0
LA_D_1591653,0,0.0008024012,0
LA_D_1603277,0,0.00600031,0
LA_D_1653375,0,0.0030670117,0
LA_D_1654960,0,0.001154897,0
LA_D_1655319,0,0.0013955556,0
LA_D_1659317,0,0.00088788744,0
LA_D_1683818,0,0.00023567473,0
LA_D_1690469,0,0.0016922229,0
LA_D_1724924,0,0.0026048745,0
LA_D_1737077,0,0.002391334,0
LA_D_1737085,0,0.0019010657,0
LA_D_1760580,0,0.0011787075,0
LA_D_1794164,0,0.0013621125,0
LA_D_1807940,0,0.00029967292,0
LA_D_1821433,0,0.0016619958,0
LA_D_1862819,0,0.003157407,0
LA_D_1869677,0,0.002003685,0
LA_D_1883531,0,0.0037382925,0
LA_D_1929298,0,0.011572213,0
LA_D_2008195,0,0.0013019671,0
LA_D_2060624,0,0.0008402157,0
LA_D_2091673,0,0.0006774631,0
LA_D_2095154,0,0.00052087044,0
LA_D_2164850,0,0.0024992311,0
LA_D_2169349,0,0.0022058203,0
LA_D_2252399,0,0.00033503183,0
LA_D_2310737,0,0.011976418,0
LA_D_2327498,0,0.0022915385,0
LA_D_2378744,0,0.0012062237,0
LA_D_2396633,0,0.00043735045,0
LA_D_2476343,0,0.005988525,0
LA_D_2508053,0,0.012858197,0
LA_D_2520496,0,0.00013172255,0
LA_D_2526658,0,0.0022685349,0
LA_D_2556764,0,0.0022958477,0
LA_D_2630883,0,0.04697435,0
LA_D_2634970,0,0.0015890888,0
LA_D_2689521,0,0.0014597875,0
LA_D_2695091,0,0.0031310592,0
LA_D_2698530,0,0.0020743269,0
LA_D_2707288,0,0.0005137192,0
LA_D_2768684,0,0.00013918955,0
LA_D_2774758,0,0.00323656,0
LA_D_2782407,0,0.00056863035,0
LA_D_2849844,0,0.003791481,0
LA_D_2859919,0,0.0016586161,0
LA_D_2863082,0,0.005133037,0
LA_D_2908310,0,0.0011918118,0
LA_D_2910905,0,0.00070643245,0
LA_D_2924653,0,0.0019787108,0
LA_D_2929867,0,0.002196742,0
LA_D_2937244,0,0.00085106865,0
LA_D_2938164,0,0.00082049245,0
LA_D_2998894,0,0.0008725775,0
LA_D_3024416,0,0.00025970317,0
LA_D_3042268,0,0.0018575885,0
LA_D_3056098,0,0.0016867875,0
LA_D_3073758,0,0.0017307485,0
LA_D_3079837,0,0.0005137713,0
LA_D_3094087,0,0.00076488726,0
LA_D_3104490,0,0.00048665813,0
LA_D_3117348,0,0.005356681,0
LA_D_3120745,0,0.0016410407,0
LA_D_3145606,0,0.0030814104,0
LA_D_3156192,0,0.0004203323,0
LA_D_3205288,0,0.0004835291,0
LA_D_3226786,0,0.004175686,0
LA_D_3229399,0,0.00046513684,0
LA_D_3235154,0,0.001552581,0
LA_D_3239970,0,0.0006680106,0
LA_D_3252013,0,0.00045791047,0
LA_D_3253940,0,0.00074385706,0
LA_D_3331836,0,0.008294425,0
LA_D_3351086,0,0.010230157,0
LA_D_3355151,0,0.0029467228,0
LA_D_3384869,0,0.00222721,0
LA_D_3388709,0,0.00041098325,0
LA_D_3404666,0,0.0010334079,0
LA_D_3436518,0,0.0021435174,0
LA_D_3440037,0,0.012838359,0
LA_D_3481456,0,0.005359995,0
LA_D_3497759,0,0.00070026785,0
LA_D_3515388,0,0.0017387053,0
LA_D_3525345,0,0.0034425734,0
LA_D_3661300,0,0.0013072019,0
LA_D_3672455,0,0.0012252604,0
LA_D_3688344,0,0.07910968,0
LA_D_3700007,0,0.013215209,0
LA_D_3702468,0,0.00084710756,0
LA_D_3705210,0,0.0009712892,0
LA_D_3747897,0,0.00022451994,0
LA_D_3804376,0,0.0025155714,0
LA_D_3811291,0,0.0012200658,0
LA_D_3833430,0,0.0011098319,0
LA_D_3865287,0,0.0015227745,0
LA_D_3874608,0,0.0006194114,0
LA_D_3905003,0,0.0018705282,0
LA_D_3976858,0,0.00086952024,0
LA_D_4013191,0,0.0016562142,0
LA_D_4021690,0,0.0007081115,0
LA_D_4047385,0,0.0032323247,0
LA_D_4114187,0,0.0024820818,0
LA_D_4143917,0,0.0025474047,0
LA_D_4194549,0,0.0018167979,0
LA_D_4257454,0,0.0021879142,0
LA_D_4275372,0,0.0012500939,0
LA_D_4279596,0,0.0020815372,0
LA_D_4290338,0,0.001104232,0
LA_D_4293284,0,0.0025502634,0
LA_D_4326006,0,0.0014148093,0
LA_D_4348449,0,0.003775636,0
LA_D_4401164,0,0.000782265,0
LA_D_4442740,0,0.000638907,0
LA_D_4461732,0,0.0015107996,0
LA_D_4464483,0,0.000836857,0
LA_D_4488859,0,0.011296847,0
LA_D_4518477,0,0.00096941146,0
LA_D_4630301,0,0.0013297967,0
LA_D_4642404,0,0.0014662761,0
LA_D_4677041,0,0.0012821857,0
LA_D_4736814,0,0.00063210976,0
LA_D_4738629,0,0.0004654231,0
LA_D_4771946,0,0.00077645644,0
LA_D_4786885,0,0.001755474,0
LA_D_4794519,0,0.00075091806,0
LA_D_4845175,0,0.0003244572,0
LA_D_4919512,0,0.0036286418,0
LA_D_5003486,0,0.0010110895,0
LA_D_5024706,0,0.0016793398,0
LA_D_5034598,0,0.00064830866,0
LA_D_5102435,0,0.00038084417,0
LA_D_5180213,0,0.0006209224,0
LA_D_5185512,0,0.0018024823,0
LA_D_5191897,0,0.0012462463,0
LA_D_5200643,0,0.0009903914,0
LA_D_5256388,0,0.006105986,0
LA_D_5279787,0,0.0021299224,0
LA_D_5323357,0,0.00097311946,0
LA_D_5373393,0,0.0030775385,0
LA_D_5380653,0,0.0013529892,0
LA_D_5408619,0,0.0022673209,0
LA_D_5495396,0,0.002123246,0
LA_D_5538089,0,0.0052290647,0
LA_D_5670138,0,0.0063056434,0
LA_D_5699632,0,0.00070047844,0
LA_D_5732658,0,0.00087591825,0
LA_D_5733057,0,0.0013592525,0
LA_D_5768016,0,0.0007423706,0
LA_D_5810476,0,0.00056604313,0
LA_D_5829854,0,0.0012123921,0
LA_D_5869399,0,0.0010483535,0
LA_D_5869425,0,0.0013684942,0
LA_D_5873662,0,0.00062573305,0
LA_D_5899979,0,0.0012404238,0
LA_D_5973279,0,0.0011500043,0
LA_D_6014906,0,0.011700081,0
LA_D_6018179,0,0.00037765322,0
LA_D_6025474,0,0.0013856086,0
LA_D_6038027,0,0.0004292985,0
LA_D_6038978,0,0.0009768947,0
LA_D_6051717,0,0.0066942107,0
LA_D_6068856,0,0.0018301411,0
LA_D_6097265,0,0.0017806981,0
LA_D_6133159,0,0.00094712613,0
LA_D_6133563,0,0.0008952791,0
LA_D_6162940,0,0.0008793779,0
LA_D_6164883,0,0.014212582,0
LA_D_6175114,0,0.0013104747,0
LA_D_6214487,0,0.018799456,0
LA_D_6287353,0,0.00024745925,0
LA_D_6314564,0,0.0011343668,0
LA_D_6508425,0,0.0006087198,0
LA_D_6525788,0,0.007153913,0
LA_D_6537723,0,0.0022096722,0
LA_D_6603690,0,0.0013721596,0
LA_D_6659984,0,0.02630992,0
LA_D_6662767,0,0.0010758016,0
LA_D_6781905,0,0.013295508,0
LA_D_6922450,0,0.001286453,0
LA_D_6930284,0,0.00052455085,0
LA_D_6946359,0,0.013164006,0
LA_D_6963754,0,0.015830565,0
LA_D_7000854,0,0.02065503,0
LA_D_7002124,0,0.00061992224,0
LA_D_7004503,0,0.0013758105,0
LA_D_7014250,0,0.0002005606,0
LA_D_7107178,0,0.0113687115,0
LA_D_7160056,0,0.0013803706,0
LA_D_7214696,0,0.0061653038,0
LA_D_7312601,0,0.0003659783,0
LA_D_7321788,0,0.00085132173,0
LA_D_7390092,0,0.004113319,0
LA_D_7392487,0,0.0042277034,0
LA_D_7404650,0,0.0021673061,0
LA_D_7435910,0,0.007969227,0
LA_D_7445900,0,0.00044795292,0
LA_D_7461366,0,0.007190217,0
LA_D_7505292,0,0.10282002,0
LA_D_7509558,0,0.00039397087,0
LA_D_7510039,0,0.0010213173,0
LA_D_7550439,0,0.0032843517,0
LA_D_7618578,0,0.0026391502,0
LA_D_7636507,0,0.04332515,0
LA_D_7656662,0,0.0014057169,0
LA_D_7679979,0,0.0014465488,0
LA_D_7683334,0,0.005157296,0
LA_D_7707087,0,0.00023113306,0
LA_D_7719259,0,0.004440423,0
LA_D_7723869,0,0.00221509,0
LA_D_7730644,0,0.93754345,1
LA_D_7760021,0,0.01017358,0
LA_D_7771514,0,0.0050887205,0
LA_D_7830702,0,0.0009953586,0
LA_D_7839873,0,0.0015589546,0
LA_D_7886616,0,0.0029699043,0
LA_D_7886997,0,0.003922816,0
LA_D_7900376,0,0.00037653523,0
LA_D_7906850,0,0.0003502003,0
LA_D_7913802,0,0.0017042453,0
LA_D_7989948,0,0.0031452016,0
LA_D_7994287,0,0.00077194395,0
LA_D_8008774,0,0.00021910378,0
LA_D_8018998,0,0.004290348,0
LA_D_8027235,0,0.00065421854,0
LA_D_8037074,0,0.00076503376,0
LA_D_8076027,0,0.001931734,0
LA_D_8142962,0,0.00067550456,0
LA_D_8151805,0,0.0014379758,0
LA_D_8207116,0,0.00095340546,0
LA_D_8229345,0,0.0017074642,0
LA_D_8235730,0,0.0005609548,0
LA_D_8282900,0,0.00064495765,0
LA_D_8348389,0,0.0033531392,0
LA_D_8363497,0,0.002874949,0
LA_D_8456837,0,0.0012775639,0
LA_D_8488016,0,0.0011586777,0
LA_D_8594739,0,0.004357936,0
LA_D_8616232,0,0.0015511247,0
LA_D_8714341,0,0.0011790948,0
LA_D_8722459,0,0.0060102064,0
LA_D_8770467,0,0.001427973,0
LA_D_8847117,0,0.06665424,0
LA_D_8867529,0,0.00015970529,0
LA_D_8899605,0,0.0009820847,0
LA_D_8930968,0,0.006434544,0
LA_D_9006129,0,0.0018949098,0
LA_D_9029190,0,0.0031901412,0
LA_D_9055429,0,0.0027393757,0
LA_D_9079393,0,0.006619026,0
LA_D_9099979,0,0.0014959339,0
LA_D_9121368,0,0.0015961006,0
LA_D_9131118,0,0.0068921144,0
LA_D_9166472,0,0.0016954875,0
LA_D_9183944,0,0.011981396,0
LA_D_9191983,0,0.0016269487,0
LA_D_9228237,0,0.0018206874,0
LA_D_9254634,0,0.001638474,0
LA_D_9321653,0,0.00025768462,0
LA_D_9331428,0,0.0008308827,0
LA_D_9435218,0,0.0013882476,0
LA_D_9436760,0,0.0015752825,0
LA_D_9498951,0,0.0002480096,0
LA_D_9522404,0,0.0018241442,0
LA_D_9545477,0,0.001113837,0
LA_D_9562178,0,0.0020198931,0
LA_D_9565756,0,0.0012941554,0
LA_D_9611736,0,0.0017079145,0
LA_D_9653036,0,0.012268721,0
LA_D_9679682,0,0.005013599,0
LA_D_9679737,0,0.00041068153,0
LA_D_9701091,0,0.0026512267,0
LA_D_9717448,0,0.0010714066,0
LA_D_9739031,0,0.00073106185,0
LA_D_9762313,0,0.0055340943,0
LA_D_9771809,0,0.0025118948,0
LA_D_9772737,0,0.0013546029,0
LA_D_9786434,0,0.0003596293,0
LA_D_9802580,0,0.0007643164,0
LA_D_9842983,0,0.0027485983,0
LA_D_9851247,0,0.0010448195,0
LA_D_9872439,0,0.0010908861,0
LA_D_9940119,0,0.00050806353,0
LA_D_9953306,0,0.00033614057,0
LA_D_9965466,0,0.0009321577,0
LA_D_9976918,0,0.0009870549,0
LA_D_1008673,0,0.0008321231,0
LA_D_1033225,0,0.001030514,0
LA_D_1055758,0,0.0008442018,0
LA_D_1110227,0,0.00029056033,0
LA_D_1171974,0,0.0003514108,0
LA_D_1212385,0,0.0037930824,0
LA_D_1221102,0,0.0005776627,0
LA_D_1252766,0,0.0011738687,0
LA_D_1262462,0,0.0009775026,0
LA_D_1345745,0,0.0011907893,0
LA_D_1365588,0,0.0040867655,0
LA_D_1366391,0,0.0007104266,0
LA_D_1386774,0,0.0004832084,0
LA_D_1396590,0,0.000790555,0
LA_D_1479871,0,0.0007218915,0
LA_D_1496491,0,0.00027725246,0
LA_D_1519187,0,0.0004917003,0
LA_D_1543611,0,0.0073161745,0
LA_D_1567712,0,0.0005241488,0
LA_D_1576565,0,0.0012468992,0
LA_D_1611581,0,0.0008463749,0
LA_D_1611993,0,0.00043842697,0
LA_D_1658555,0,0.00024746443,0
LA_D_1659148,0,0.0005633944,0
LA_D_1659731,0,0.00018351052,0
LA_D_1664055,0,0.0014364156,0
LA_D_1705054,0,0.0005526446,0
LA_D_1708689,0,0.0008871213,0
LA_D_1712120,0,0.0009207657,0
LA_D_1734430,0,0.00041508977,0
LA_D_1766425,0,0.0006899021,0
LA_D_1778872,0,0.00082968094,0
LA_D_1813321,0,0.0003021758,0
LA_D_1846103,0,0.00058996095,0
LA_D_1881643,0,0.0014645458,0
LA_D_1939610,0,0.0026197385,0
LA_D_1941384,0,0.0013880625,0
LA_D_1964458,0,0.0006586469,0
LA_D_1988690,0,0.0001928482,0
LA_D_1999238,0,0.0004022459,0
LA_D_2038901,0,0.0005758898,0
LA_D_2040882,0,0.0007816446,0
LA_D_2050794,0,0.0026033497,0
LA_D_2079819,0,0.0003973629,0
LA_D_2104365,0,0.0008875744,0
LA_D_2123885,0,0.0016242524,0
LA_D_2131399,0,0.000215619,0
LA_D_2136816,0,0.0016105016,0
LA_D_2183037,0,0.0003378372,0
LA_D_2189641,0,0.00024019314,0
LA_D_2204353,0,0.00061609806,0
LA_D_2228641,0,0.0011207685,0
LA_D_2263211,0,0.00030154584,0
LA_D_2274606,0,0.0007077277,0
LA_D_2318160,0,0.00055859436,0
LA_D_2346599,0,0.0005933365,0
LA_D_2389765,0,0.0010471911,0
LA_D_2422297,0,0.0011116496,0
LA_D_2485725,0,0.0023216887,0
LA_D_2516382,0,0.13508372,0
LA_D_2518987,0,0.0013556088,0
LA_D_2598117,0,0.00046260798,0
LA_D_2604446,0,0.0008168043,0
LA_D_2626325,0,0.00023253137,0
LA_D_2639105,0,0.0017845638,0
LA_D_2724699,0,0.00091862713,0
LA_D_2732640,0,0.0010960877,0
LA_D_2806150,0,0.0017862618,0
LA_D_2860247,0,0.0008876692,0
LA_D_2868405,0,0.0016343724,0
LA_D_2872359,0,0.00090729806,0
LA_D_2881179,0,0.0008554278,0
LA_D_2888827,0,0.0005790132,0
LA_D_2889500,0,0.009347417,0
LA_D_2901718,0,0.00033349585,0
LA_D_2918223,0,0.0005831629,0
LA_D_2920207,0,0.00064638164,0
LA_D_2920588,0,0.00055321056,0
LA_D_2958099,0,0.00063963846,0
LA_D_2987481,0,0.00024625045,0
LA_D_3009969,0,0.0009810111,0
LA_D_3038598,0,0.0007462141,0
LA_D_3046025,0,0.00075605995,0
LA_D_3104226,0,0.0007238583,0
LA_D_3117274,0,0.0020049002,0
LA_D_3119133,0,7.611039e-05,0
LA_D_3157175,0,0.0016733706,0
LA_D_3211572,0,0.00043247046,0
LA_D_3217409,0,0.00031489995,0
LA_D_3227446,0,0.0013928635,0
LA_D_3232132,0,0.00048322315,0
LA_D_3278230,0,0.0012807192,0
LA_D_3313354,0,0.0024350246,0
LA_D_3347716,0,0.001861979,0
LA_D_3435721,0,0.010500149,0
LA_D_3436742,0,0.0018759392,0
LA_D_3481326,0,0.0008880854,0
LA_D_3512251,0,0.0010306014,0
LA_D_3671224,0,0.0013796923,0
LA_D_3687811,0,0.001223859,0
LA_D_3695422,0,0.00049588963,0
LA_D_3713460,0,0.0002578242,0
LA_D_3749584,0,0.0024241495,0
LA_D_3780178,0,0.00059446745,0
LA_D_3829330,0,0.00083685905,0
LA_D_3843488,0,0.0009973681,0
LA_D_3870318,0,0.0022731589,0
LA_D_3873126,0,0.0014694079,0
LA_D_3949631,0,0.0007433759,0
LA_D_3971956,0,0.0030274019,0
LA_D_4007335,0,0.0027890974,0
LA_D_4075975,0,0.00060186087,0
LA_D_4087816,0,0.00043868617,0
LA_D_4102879,0,0.00067178084,0
LA_D_4149777,0,0.00026008202,0
LA_D_4207134,0,0.000119790784,0
LA_D_4259040,0,0.0010355766,0
LA_D_4311857,0,0.0015433516,0
LA_D_4315355,0,0.0005960149,0
LA_D_4404330,0,0.00039859384,0
LA_D_4409009,0,0.0004312581,0
LA_D_4498003,0,0.0011867683,0
LA_D_4505937,0,0.000377284,0
LA_D_4565223,0,0.00082736334,0
LA_D_4579960,0,0.001044088,0
LA_D_4589187,0,0.00086156913,0
LA_D_4623751,0,0.00042583016,0
LA_D_4653609,0,0.00081761763,0
LA_D_4758316,0,0.0014654164,0
LA_D_4770612,0,0.0007000117,0
LA_D_4771745,0,0.00066169933,0
LA_D_4788415,0,0.0009935101,0
LA_D_4822832,0,0.0028948807,0
LA_D_4836452,0,0.0004878053,0
LA_D_4863244,0,0.00051753235,0
LA_D_4864976,0,0.0011572819,0
LA_D_4876945,0,0.0012604095,0
LA_D_4901474,0,0.003966712,0
LA_D_5074328,0,0.0015810792,0
LA_D_5088369,0,0.00073665136,0
LA_D_5242519,0,0.00047514949,0
LA_D_5253814,0,0.00070755696,0
LA_D_5368042,0,0.0011033167,0
LA_D_5398887,0,0.007496043,0
LA_D_5457188,0,0.00033043264,0
LA_D_5484649,0,0.00051806663,0
LA_D_5514319,0,0.0007217443,0
LA_D_5531013,0,0.013124878,0
LA_D_5571676,0,0.000750122,0
LA_D_5576532,0,0.0015584016,0
LA_D_5657789,0,0.0074532744,0
LA_D_5660127,0,0.0012244257,0
LA_D_5665100,0,0.0025616942,0
LA_D_5668161,0,0.0014729601,0
LA_D_5698259,0,0.0030453554,0
LA_D_5710259,0,0.00040650877,0
LA_D_5786164,0,0.00052897487,0
LA_D_5832271,0,0.00036778883,0
LA_D_5838098,0,0.0013327599,0
LA_D_5856426,0,0.0019062272,0
LA_D_5953565,0,0.00055525446,0
LA_D_5975736,0,0.0019413115,0
LA_D_5985635,0,0.00054333813,0
LA_D_6001607,0,0.0006427511,0
LA_D_6011658,0,0.0010810934,0
LA_D_6016576,0,0.004825985,0
LA_D_6083224,0,0.0012011701,0
LA_D_6121156,0,0.0459205,0
LA_D_6123683,0,0.00055460574,0
LA_D_6185674,0,0.0005206031,0
LA_D_6201251,0,0.003748386,0
LA_D_6264799,0,0.00081883627,0
LA_D_6397450,0,0.0012361907,0
LA_D_6455155,0,0.011224152,0
LA_D_6477172,0,0.0011753242,0
LA_D_6506607,0,0.0019678306,0
LA_D_6540535,0,0.000687121,0
LA_D_6586128,0,0.0010038523,0
LA_D_6589534,0,0.0005913284,0
LA_D_6594747,0,0.0013725733,0
LA_D_6600446,0,0.0019005428,0
LA_D_6621753,0,0.011925559,0
LA_D_6639964,0,0.0003759361,0
LA_D_6670965,0,0.00083263667,0
LA_D_6692133,0,0.0019588368,0
LA_D_6697944,0,0.00041110514,0
LA_D_6752719,0,0.0006555198,0
LA_D_6756999,0,0.0009445053,0
LA_D_6773067,0,0.000662079,0
LA_D_6797923,0,0.0012464332,0
LA_D_6810679,0,0.0006646468,0
LA_D_6822833,0,0.00022269816,0
LA_D_6868021,0,0.00024472346,0
LA_D_6872655,0,0.00036999414,0
LA_D_6911238,0,0.0033985693,0
LA_D_6927495,0,0.00049607403,0
LA_D_6931606,0,0.0005489615,0
LA_D_6948051,0,0.0004509565,0
LA_D_6966577,0,0.0027207383,0
LA_D_6968726,0,0.005925398,0
LA_D_6983240,0,0.00079670106,0
LA_D_7021859,0,0.0006287624,0
LA_D_7064077,0,0.0004959485,0
LA_D_7142124,0,0.013084786,0
LA_D_7166843,0,0.00057723833,0
LA_D_7250780,0,0.0008311586,0
LA_D_7277920,0,0.0022603385,0
LA_D_7314849,0,0.00093107024,0
LA_D_7317597,0,0.0025469796,0
LA_D_7355945,0,0.00040166592,0
LA_D_7393779,0,0.00045295464,0
LA_D_7538760,0,0.0005018672,0
LA_D_7544809,0,0.00055312726,0
LA_D_7665160,0,0.0006721148,0
LA_D_7680881,0,0.0013322078,0
LA_D_7723211,0,0.0007925452,0
LA_D_7750101,0,0.00054836087,0
LA_D_7829453,0,0.0005124774,0
LA_D_7880553,0,0.001707505,0
LA_D_7882957,0,0.00033539537,0
LA_D_7894097,0,0.0010825375,0
LA_D_7961471,0,0.0012689171,0
LA_D_7969869,0,0.0011626508,0
LA_D_8087903,0,0.0009305093,0
LA_D_8093378,0,0.0010738351,0
LA_D_8112113,0,0.003370685,0
LA_D_8125219,0,0.00074552296,0
LA_D_8128439,0,0.000653002,0
LA_D_8160527,0,0.0002394372,0
LA_D_8191353,0,0.006033042,0
LA_D_8198887,0,0.00077577645,0
LA_D_8229496,0,0.00018046073,0
LA_D_8233417,0,0.0005710658,0
LA_D_8299676,0,0.0010564548,0
LA_D_8338088,0,0.0011413461,0
LA_D_8341574,0,0.00024070987,0
LA_D_8386102,0,0.0009878969,0
LA_D_8408912,0,0.0005048393,0
LA_D_8418152,0,0.001136556,0
LA_D_8426999,0,0.00017949322,0
LA_D_8450248,0,0.003263492,0
LA_D_8479815,0,0.2810867,0
LA_D_8491532,0,0.0013795223,0
LA_D_8509720,0,0.00041063712,0
LA_D_8529268,0,0.0033349174,0
LA_D_8541205,0,0.00020856825,0
LA_D_8544644,0,0.0032210909,0
LA_D_8591446,0,0.00056930364,0
LA_D_8591522,0,0.00039211413,0
LA_D_8601811,0,0.0017750028,0
LA_D_8630942,0,0.001344471,0
LA_D_8640715,0,0.010895923,0
LA_D_8670754,0,0.0011228983,0
LA_D_8674026,0,0.00024757112,0
LA_D_8699272,0,0.0025941147,0
LA_D_8728321,0,0.0026298598,0
LA_D_8729734,0,0.0013207707,0
LA_D_8756797,0,0.00050759595,0
LA_D_8771564,0,0.0021736461,0
LA_D_8788079,0,0.00090345845,0
LA_D_8815720,0,0.0015260848,0
LA_D_8833581,0,0.0016807792,0
LA_D_8846893,0,0.0025007508,0
LA_D_8848529,0,0.0006654099,0
LA_D_8878573,0,0.00043989453,0
LA_D_8891814,0,0.000625187,0
LA_D_8957701,0,0.00021688809,0
LA_D_8994328,0,0.001298118,0
LA_D_9033630,0,0.0005160868,0
LA_D_9038073,0,0.0005439571,0
LA_D_9048737,0,0.0013042389,0
LA_D_9065595,0,0.008136895,0
LA_D_9094488,0,0.0029594204,0
LA_D_9127411,0,0.0005546895,0
LA_D_9155834,0,0.00015819196,0
LA_D_9167860,0,0.00051178987,0
LA_D_9217255,0,0.00026593244,0
LA_D_9220018,0,0.000533916,0
LA_D_9236613,0,0.0005645733,0
LA_D_9270152,0,0.00047737898,0
LA_D_9278460,0,0.0011384891,0
LA_D_9281005,0,0.00073211605,0
LA_D_9281870,0,0.0005167715,0
LA_D_9315635,0,0.00011288949,0
LA_D_9333859,0,0.0001741208,0
LA_D_9336302,0,0.0005435746,0
LA_D_9346947,0,0.00026661358,0
LA_D_9363652,0,0.0012182067,0
LA_D_9424568,0,0.00035791917,0
LA_D_9442040,0,0.0005845499,0
LA_D_9465829,0,0.0053405245,0
LA_D_9491192,0,0.00059255265,0
LA_D_9603327,0,0.0006416787,0
LA_D_9604966,0,0.00015982533,0
LA_D_9618467,0,0.00031572423,0
LA_D_9627529,0,0.0012364214,0
LA_D_9633851,0,0.0016076036,0
LA_D_9636836,0,0.0009106212,0
LA_D_9685772,0,0.00040678788,0
LA_D_9801638,0,0.0006059161,0
LA_D_9806570,0,0.0009204452,0
LA_D_9813801,0,0.0018712317,0
LA_D_9862938,0,0.0064700153,0
LA_D_9920299,0,0.0012557715,0
LA_D_9930274,0,0.0014200007,0
LA_D_9957063,0,0.0011140901,0
LA_D_9967406,0,0.0008185156,0
LA_D_9987878,0,0.00041755312,0
LA_D_1005471,0,0.00076784834,0
LA_D_1024033,0,0.00019579228,0
LA_D_1030270,0,0.00019376683,0
LA_D_1031151,0,0.0005197144,0
LA_D_1039057,0,0.001719207,0
LA_D_1071356,0,0.00022362349,0
LA_D_1079091,0,0.00024113624,0
LA_D_1107234,0,0.000109044566,0
LA_D_1208939,0,0.00071181107,0
LA_D_1219091,0,0.0002128364,0
LA_D_1240959,0,0.00020273011,0
LA_D_1265133,0,8.791827e-05,0
LA_D_1281736,0,7.115735e-05,0
LA_D_1307113,0,0.001924234,0
LA_D_1310219,0,0.00017508407,0
LA_D_1330250,0,5.1665764e-05,0
LA_D_1343353,0,0.00045940443,0
LA_D_1354096,0,7.468033e-05,0
LA_D_1368657,0,5.4871736e-05,0
LA_D_1377906,0,0.0019763487,0
LA_D_1434780,0,0.00031921032,0
LA_D_1447056,0,0.00044080493,0
LA_D_1463984,0,0.000538836,0
LA_D_1468408,0,0.000106327214,0
LA_D_1523141,0,0.00052566,0
LA_D_1528709,0,0.00019017146,0
LA_D_1529875,0,0.00035907706,0
LA_D_1593502,0,0.00012450037,0
LA_D_1603312,0,0.00015631483,0
LA_D_1609520,0,0.00012874157,0
LA_D_1637629,0,0.00012764471,0
LA_D_1664425,0,0.0001224705,0
LA_D_1669057,0,5.3790525e-05,0
LA_D_1691193,0,8.243401e-05,0
LA_D_1770638,0,0.00047472483,0
LA_D_1793186,0,0.00013671214,0
LA_D_1797576,0,6.522585e-05,0
LA_D_1876225,0,2.8916209e-05,0
LA_D_1962163,0,0.00016689989,0
LA_D_1975814,0,0.00029172972,0
LA_D_2005065,0,5.51442e-05,0
LA_D_2006815,0,6.398356e-05,0
LA_D_2007184,0,8.478824e-05,0
LA_D_2051572,0,5.6446068e-05,0
LA_D_2129319,0,3.7197595e-05,0
LA_D_2166570,0,0.00013564581,0
LA_D_2184401,0,0.00013402734,0
LA_D_2197985,0,0.0002394767,0
LA_D_2225547,0,9.099833e-06,0
LA_D_2228764,0,0.00069768925,0
LA_D_2240504,0,0.00019074949,0
LA_D_2267325,0,0.00050555484,0
LA_D_2304250,0,0.00038591825,0
LA_D_2342626,0,0.007974921,0
LA_D_2357327,0,0.00023920627,0
LA_D_2370652,0,0.00013678947,0
LA_D_2394024,0,0.00014334377,0
LA_D_2418862,0,0.00013444078,0
LA_D_2419904,0,0.0032497006,0
LA_D_2422770,0,0.00041639604,0
LA_D_2428239,0,0.00014812223,0
LA_D_2451673,0,0.00046767227,0
LA_D_2478969,0,9.783484e-05,0
LA_D_2484663,0,0.00020789636,0
LA_D_2488992,0,4.0071678e-05,0
LA_D_2508069,0,0.00014941822,0
LA_D_2525525,0,0.00011472041,0
LA_D_2536110,0,0.00029054232,0
LA_D_2570780,0,0.001973331,0
LA_D_2610325,0,9.24177e-05,0
LA_D_2627199,0,0.0003673909,0
LA_D_2669790,0,0.00031943314,0
LA_D_2695373,0,0.00078603654,0
LA_D_2709061,0,0.00045787447,0
LA_D_2720139,0,0.00013720816,0
LA_D_2737875,0,0.00033448671,0
LA_D_2752788,0,0.0001466606,0
LA_D_2757814,0,0.00029635013,0
LA_D_2759411,0,0.0007530812,0
LA_D_2759783,0,0.0006532939,0
LA_D_2791553,0,0.00012883072,0
LA_D_2793288,0,0.00037602548,0
LA_D_2816042,0,8.864664e-05,0
LA_D_2835194,0,0.0011978745,0
LA_D_2879784,0,0.000121326506,0
LA_D_2880430,0,0.00052852347,0
LA_D_2884632,0,0.00058837095,0
LA_D_2887628,0,0.0001433152,0
LA_D_2941369,0,0.0009384384,0
LA_D_2942585,0,0.0018798966,0
LA_D_2969521,0,0.00033956178,0
LA_D_2975584,0,9.253127e-05,0
LA_D_2999032,0,0.000102075646,0
LA_D_3033254,0,0.00011667221,0
LA_D_3065072,0,6.6437366e-05,0
LA_D_3092822,0,0.000756621,0
LA_D_3109173,0,0.0008335944,0
LA_D_3119195,0,0.0007024134,0
LA_D_3129767,0,9.097148e-05,0
LA_D_3133562,0,0.00029283995,0
LA_D_3145865,0,0.00028880077,0
LA_D_3148237,0,0.00029921328,0
LA_D_3162269,0,6.218983e-05,0
LA_D_3173565,0,0.0004778987,0
LA_D_3183800,0,1.6867087e-05,0
LA_D_3187395,0,0.00027024254,0
LA_D_3222129,0,0.00016248536,0
LA_D_3226693,0,0.00027748913,0
LA_D_3295650,0,9.514008e-05,0
LA_D_3305146,0,0.00016697058,0
LA_D_3387918,0,0.000116500116,0
LA_D_3423664,0,0.00018280253,0
LA_D_3428449,0,0.0003762525,0
LA_D_3432100,0,0.00021574936,0
LA_D_3432834,0,0.00033832228,0
LA_D_3465878,0,0.00011966109,0
LA_D_3468243,0,0.0003913859,0
LA_D_3485246,0,0.00021235194,0
LA_D_3498834,0,5.972071e-05,0
LA_D_3546305,0,8.299308e-05,0
LA_D_3571831,0,0.00013615326,0
LA_D_3597601,0,8.502879e-05,0
LA_D_3608783,0,0.00022338888,0
LA_D_3617321,0,0.00026037032,0
LA_D_3621915,0,0.00018459524,0
LA_D_3655047,0,0.0003844493,0
LA_D_3706159,0,4.3937827e-05,0
LA_D_3744491,0,6.902086e-05,0
LA_D_3749921,0,0.00046389166,0
LA_D_3752691,0,0.00064618146,0
LA_D_3772496,0,8.176846e-05,0
LA_D_3815316,0,8.3577615e-05,0
LA_D_3819582,0,0.0005890951,0
LA_D_3826920,0,0.0006293854,0
LA_D_3837714,0,0.0011505691,0
LA_D_3861045,0,0.00043786375,0
LA_D_3864495,0,0.0003026694,0
LA_D_3914594,0,6.200365e-05,0
LA_D_3943414,0,0.00086095603,0
LA_D_3965345,0,0.00052486017,0
LA_D_3989236,0,0.00011343269,0
LA_D_4028437,0,0.0011984778,0
LA_D_4046741,0,0.00011636222,0
LA_D_4058844,0,0.00054255256,0
LA_D_4067937,0,0.00027441044,0
LA_D_4099499,0,0.00017239922,0
LA_D_4101246,0,0.00038533262,0
LA_D_4111379,0,0.00048974645,0
LA_D_4119592,0,2.998817e-05,0
LA_D_4156717,0,0.00011452781,0
LA_D_4171064,0,0.00018446856,0
LA_D_4224687,0,0.00070701377,0
LA_D_4249169,0,0.00050595717,0
LA_D_4277377,0,2.3239634e-05,0
LA_D_4297095,0,0.00023590584,0
LA_D_4324080,0,0.00019628387,0
LA_D_4329029,0,0.00016777332,0
LA_D_4330465,0,8.8965055e-05,0
LA_D_4359700,0,0.00028403982,0
LA_D_4373476,0,0.00055427494,0
LA_D_4396892,0,0.0008784759,0
LA_D_4418265,0,3.8387992e-05,0
LA_D_4419471,0,0.003189489,0
LA_D_4421402,0,9.711791e-05,0
LA_D_4438261,0,2.6904028e-05,0
LA_D_4485361,0,0.00033239662,0
LA_D_4487745,0,0.00024074798,0
LA_D_4514090,0,0.00040629704,0
LA_D_4514194,0,0.00046333662,0
LA_D_4522480,0,5.1263905e-05,0
LA_D_4573144,0,0.00025069175,0
LA_D_4673693,0,0.0002435942,0
LA_D_4682422,0,0.00043323095,0
LA_D_4704993,0,8.1961676e-05,0
LA_D_4708516,0,3.5055065e-05,0
LA_D_4710439,0,0.0002296895,0
LA_D_4719986,0,0.00011817236,0
LA_D_4735766,0,0.00089869084,0
LA_D_4769016,0,8.0570826e-05,0
LA_D_4771389,0,0.00040919654,0
LA_D_4774155,0,0.0006710482,0
LA_D_4788531,0,0.00014350761,0
LA_D_4813945,0,0.00044745675,0
LA_D_4863395,0,0.0002702616,0
LA_D_4891515,0,0.00013884595,0
LA_D_4894754,0,0.0001822609,0
LA_D_4909030,0,0.00019741905,0
LA_D_4909565,0,0.00071628764,0
LA_D_4910268,0,0.00026522396,0
LA_D_4929114,0,0.00076659006,0
LA_D_5011300,0,0.0004825495,0
LA_D_5017814,0,0.0004980958,0
LA_D_5095193,0,0.00028934813,0
LA_D_5139344,0,6.137847e-05,0
LA_D_5165049,0,0.00026004383,0
LA_D_5174000,0,0.00010679771,0
LA_D_5175082,0,0.0001054727,0
LA_D_5196907,0,0.00048506126,0
LA_D_5257176,0,0.00027271436,0
LA_D_5300881,0,9.7024975e-05,0
LA_D_5346070,0,0.00012235799,0
LA_D_5378463,0,0.00012945394,0
LA_D_5379068,0,0.001827514,0
LA_D_5381358,0,0.0008069125,0
LA_D_5386489,0,0.00011182804,0
LA_D_5392234,0,0.00059542834,0
LA_D_5396149,0,0.00071425806,0
LA_D_5422337,0,0.00048307164,0
LA_D_5427426,0,0.0006376727,0
LA_D_5434948,0,0.00052726304,0
LA_D_5443022,0,0.000410014,0
LA_D_5487218,0,8.5038366e-05,0
LA_D_5504182,0,0.0013946122,0
LA_D_5551594,0,0.00039014634,0
LA_D_5554788,0,0.001695339,0
LA_D_5583563,0,0.00032285543,0
LA_D_5594965,0,4.6335575e-05,0
LA_D_5596835,0,0.00014964865,0
LA_D_5597058,0,0.00010664393,0
LA_D_5616692,0,0.00054569985,0
LA_D_5617907,0,0.00018265253,0
LA_D_5635914,0,0.0001352168,0
LA_D_5647135,0,0.00016096383,0
LA_D_5647328,0,0.000721318,0
LA_D_5657749,0,0.0011574914,0
LA_D_5659751,0,0.00020456444,0
LA_D_5682188,0,0.00020492481,0
LA_D_5682398,0,0.00017540088,0
LA_D_5691756,0,0.00017784686,0
LA_D_5697939,0,7.768339e-05,0
LA_D_5710714,0,0.00014003235,0
LA_D_5735487,0,0.0006692829,0
LA_D_5746789,0,0.0003710135,0
LA_D_5771160,0,7.1703915e-05,0
LA_D_5841697,0,6.0471797e-05,0
LA_D_5844846,0,0.000105307685,0
LA_D_5848108,0,0.00021921327,0
LA_D_5865733,0,0.00019207598,0
LA_D_5870140,0,0.0012099913,0
LA_D_5872598,0,0.0005967726,0
LA_D_5875499,0,0.00071739673,0
LA_D_5884456,0,0.00010960605,0
LA_D_5900756,0,5.0741448e-05,0
LA_D_5909772,0,0.00044698018,0
LA_D_5939156,0,7.7398414e-05,0
LA_D_5950523,0,0.0002647841,0
LA_D_5954148,0,0.00011022906,0
LA_D_5965400,0,0.00015547393,0
LA_D_5974398,0,0.00080938754,0
LA_D_5982804,0,0.00023990752,0
LA_D_5989901,0,0.0002744097,0
LA_D_6029420,0,0.0004329477,0
LA_D_6039051,0,0.0001687813,0
LA_D_6059094,0,0.0006327402,0
LA_D_6096386,0,0.0025175847,0
LA_D_6113422,0,0.00020890699,0
LA_D_6120066,0,0.00030384117,0
LA_D_6127867,0,0.00043595314,0
LA_D_6154657,0,0.00028567587,0
LA_D_6187512,0,0.0010165126,0
LA_D_6252209,0,0.00014294138,0
LA_D_6275031,0,0.00013702916,0
LA_D_6285068,0,0.00024043878,0
LA_D_6371287,0,6.213428e-05,0
LA_D_6380070,0,7.06733e-05,0
LA_D_6388231,0,9.3007286e-05,0
LA_D_6475624,0,0.00010597678,0
LA_D_6566671,0,0.00040822112,0
LA_D_6579134,0,0.00070641295,0
LA_D_6596114,0,0.0005158178,0
LA_D_6596613,0,0.0005254108,0
LA_D_6631414,0,0.0005341575,0
LA_D_6653512,0,0.0007952334,0
LA_D_6654217,0,0.00012260478,0
LA_D_6729690,0,0.0006156329,0
LA_D_6738457,0,0.00020464932,0
LA_D_6765632,0,0.0004917038,0
LA_D_6770649,0,0.0010225128,0
LA_D_6798609,0,0.00014814087,0
LA_D_6846914,0,9.600642e-05,0
LA_D_6933658,0,0.000102908125,0
LA_D_6943274,0,0.0007975807,0
LA_D_6963297,0,0.00013284126,0
LA_D_6998182,0,0.00024120565,0
LA_D_7031306,0,3.357114e-05,0
LA_D_7045833,0,0.00051441375,0
LA_D_7086639,0,0.00071119244,0
LA_D_7096240,0,0.00012105228,0
LA_D_7112988,0,0.00026126453,0
LA_D_7125815,0,0.00070867455,0
LA_D_7179358,0,2.2385322e-05,0
LA_D_7194718,0,0.00022066526,0
LA_D_7278311,0,0.00013185739,0
LA_D_7297643,0,0.0055434387,0
LA_D_7332066,0,0.00012049293,0
LA_D_7339843,0,8.448985e-05,0
LA_D_7350895,0,0.000117976226,0
LA_D_7355156,0,8.5365784e-05,0
LA_D_7375840,0,0.0003171149,0
LA_D_7403376,0,5.5263332e-05,0
LA_D_7433900,0,0.00052238617,0
LA_D_7481984,0,0.0011081268,0
LA_D_7502624,0,0.00030235274,0
LA_D_7504069,0,5.8410395e-05,0
LA_D_7521790,0,9.0912945e-05,0
LA_D_7557700,0,8.1476355e-05,0
LA_D_7563022,0,0.000315587,0
LA_D_7574255,0,0.0002598042,0
LA_D_7587942,0,8.4891544e-05,0
LA_D_7599610,0,0.00027638944,0
LA_D_7606081,0,8.382616e-05,0
LA_D_7606254,0,0.00024723003,0
LA_D_7607538,0,0.00022663393,0
LA_D_7614468,0,0.00012279443,0
LA_D_7628970,0,0.0001982806,0
LA_D_7629200,0,0.0007924504,0
LA_D_7643772,0,0.00012621471,0
LA_D_7655279,0,0.000903709,0
LA_D_7664409,0,0.0010581804,0
LA_D_7697515,0,0.00034039136,0
LA_D_7703631,0,6.465685e-05,0
LA_D_7708338,0,0.0004321758,0
LA_D_7711223,0,0.00028857947,0
LA_D_7721121,0,6.412411e-05,0
LA_D_7723352,0,0.00026028097,0
LA_D_7725114,0,0.00027437904,0
LA_D_7765457,0,7.4216165e-05,0
LA_D_7789532,0,2.3272969e-05,0
LA_D_7800270,0,0.00025385173,0
LA_D_7808217,0,0.0015895466,0
LA_D_7847128,0,5.9716607e-05,0
LA_D_7865378,0,0.00044090397,0
LA_D_7895930,0,0.00021461213,0
LA_D_7903763,0,0.00013854179,0
LA_D_7945750,0,0.00016913506,0
LA_D_7970984,0,0.00055871153,0
LA_D_7975085,0,0.00017255281,0
LA_D_8035288,0,0.0001376566,0
LA_D_8056679,0,0.00021411342,0
LA_D_8068169,0,0.00014587872,0
LA_D_8091742,0,0.0004462088,0
LA_D_8095844,0,0.0003745031,0
LA_D_8113820,0,0.0006849666,0
LA_D_8140249,0,0.00045278587,0
LA_D_8174656,0,0.00027335732,0
LA_D_8181944,0,0.00047640715,0
LA_D_8309750,0,0.00010961933,0
LA_D_8321453,0,0.0016551384,0
LA_D_8332272,0,0.00041467173,0
LA_D_8371769,0,0.00034661972,0
LA_D_8377469,0,0.0001227661,0
LA_D_8412208,0,8.53723e-05,0
LA_D_8434044,0,0.00037313695,0
LA_D_8445701,0,0.00015481355,0
LA_D_8465947,0,0.00022859016,0
LA_D_8470269,0,0.00019177185,0
LA_D_8494207,0,8.109127e-05,0
LA_D_8527611,0,0.00013075508,0
LA_D_8561841,0,0.00050629315,0
LA_D_8622815,0,6.922798e-05,0
LA_D_8632099,0,0.00042147745,0
LA_D_8675337,0,0.00047634283,0
LA_D_8704829,0,0.000294198,0
LA_D_8708656,0,0.00015148257,0
LA_D_8756941,0,0.00019558852,0
LA_D_8781931,0,0.00076156855,0
LA_D_8789190,0,0.00075848826,0
LA_D_8838589,0,0.00014919584,0
LA_D_8847601,0,5.1903982e-05,0
LA_D_8886611,0,7.278656e-05,0
LA_D_8889390,0,0.00018941592,0
LA_D_8925094,0,0.00027764632,0
LA_D_8943651,0,0.0004175225,0
LA_D_8961930,0,0.00052231544,0
LA_D_8964874,0,0.00026663087,0
LA_D_9005051,0,0.0004976478,0
LA_D_9045570,0,0.00017847063,0
LA_D_9096004,0,0.00047085134,0
LA_D_9106315,0,0.000102181984,0
LA_D_9204208,0,0.00018963659,0
LA_D_9231954,0,0.00037733975,0
LA_D_9274326,0,0.00036403592,0
LA_D_9279366,0,0.0001563497,0
LA_D_9289260,0,3.536974e-05,0
LA_D_9327413,0,4.2658976e-05,0
LA_D_9341282,0,0.0019439583,0
LA_D_9352339,0,0.00066014077,0
LA_D_9376797,0,0.0009707249,0
LA_D_9389017,0,0.00012423981,0
LA_D_9407131,0,0.0006106339,0
LA_D_9411191,0,0.00015501103,0
LA_D_9506213,0,0.0003024623,0
LA_D_9520076,0,0.00012387086,0
LA_D_9562489,0,0.00028208946,0
LA_D_9578667,0,0.00013495286,0
LA_D_9627075,0,0.00019000344,0
LA_D_9657561,0,0.0008438451,0
LA_D_9662465,0,0.00022597607,0
LA_D_9665377,0,0.0001502175,0
LA_D_9735127,0,0.0004017948,0
LA_D_9755028,0,0.00016388312,0
LA_D_9784167,0,0.0005309102,0
LA_D_9815485,0,0.0003655175,0
LA_D_9842180,0,0.0004788125,0
LA_D_9856117,0,0.00012926225,0
LA_D_9858647,0,0.00042051548,0
LA_D_9863423,0,0.001128911,0
LA_D_9885994,0,0.00021407464,0
LA_D_9891401,0,0.00046242017,0
LA_D_9904500,0,7.1439514e-05,0
LA_D_9931770,0,0.00021313573,0
LA_D_9934703,0,0.00030531487,0
LA_D_9965004,0,0.00021178092,0
LA_D_9988164,0,0.00014091641,0
LA_D_1016922,0,0.017451543,0
LA_D_1039305,0,0.0568493,0
LA_D_1070584,0,0.0028873107,0
LA_D_1078241,0,0.0137781,0
LA_D_1144692,0,0.0064171846,0
LA_D_1173044,0,0.0064888503,0
LA_D_1216735,0,0.00759029,0
LA_D_1245336,0,0.0018959228,0
LA_D_1310938,0,0.20180996,0
LA_D_1317099,0,0.012597227,0
LA_D_1351175,0,0.014068012,0
LA_D_1361369,0,0.004483868,0
LA_D_1368692,0,0.0074201636,0
LA_D_1406745,0,0.023323826,0
LA_D_1418549,0,0.0017910848,0
LA_D_1427018,0,0.10325539,0
LA_D_1436004,0,0.001312624,0
LA_D_1513681,0,0.0386982,0
LA_D_1535464,0,0.2864307,0
LA_D_1608588,0,0.028405525,0
LA_D_1792373,0,0.0031579307,0
LA_D_1851336,0,0.1153352,0
LA_D_1870741,0,0.02204764,0
LA_D_1873473,0,0.0011022578,0
LA_D_1876360,0,0.010045756,0
LA_D_1886178,0,0.0042512007,0
LA_D_1897148,0,0.85107195,1
LA_D_1915992,0,0.1556996,0
LA_D_1930073,0,0.00456399,0
LA_D_1971465,0,0.0067483834,0
LA_D_2052113,0,0.001273625,0
LA_D_2058872,0,0.0005419974,0
LA_D_2088943,0,0.07324129,0
LA_D_2097283,0,0.0014338018,0
LA_D_2107075,0,0.030035712,0
LA_D_2126762,0,0.026641574,0
LA_D_2219009,0,0.007878976,0
LA_D_2246688,0,0.009469415,0
LA_D_2301497,0,0.012271512,0
LA_D_2322982,0,0.0016600017,0
LA_D_2323900,0,0.011028326,0
LA_D_2344679,0,0.42273006,0
LA_D_2361529,0,0.002615481,0
LA_D_2469934,0,0.0010424515,0
LA_D_2473723,0,0.009560127,0
LA_D_2531385,0,0.004538285,0
LA_D_2550165,0,0.15079834,0
LA_D_2551261,0,0.0006799466,0
LA_D_2556606,0,0.0018109265,0
LA_D_2654160,0,0.007153026,0
LA_D_2666258,0,0.5975884,1
LA_D_2677497,0,0.007273016,0
LA_D_2677654,0,0.013310215,0
LA_D_2692136,0,0.013474085,0
LA_D_2698574,0,0.02902665,0
LA_D_2700963,0,0.0022132958,0
LA_D_2709100,0,0.897019,1
LA_D_2791447,0,0.0169183,0
LA_D_2819105,0,0.0058417274,0
LA_D_2827159,0,0.0013144411,0
LA_D_2831303,0,0.0026458283,0
LA_D_2892419,0,0.24919662,0
LA_D_2925553,0,0.014203439,0
LA_D_2950518,0,0.024924506,0
LA_D_2979369,0,0.001983742,0
LA_D_3015288,0,0.030171316,0
LA_D_3068710,0,0.0007054137,0
LA_D_3104950,0,0.0014912467,0
LA_D_3121037,0,0.009845607,0
LA_D_3134629,0,0.05454355,0
LA_D_3180411,0,0.0023509592,0
LA_D_3184350,0,0.012525827,0
LA_D_3215318,0,0.0039691357,0
LA_D_3261219,0,0.04478285,0
LA_D_3313031,0,0.056974363,0
LA_D_3331368,0,0.004876248,0
LA_D_3387666,0,0.027574228,0
LA_D_3392778,0,0.002774937,0
LA_D_3410619,0,0.05921615,0
LA_D_3415789,0,0.8072221,1
LA_D_3424068,0,0.002824839,0
LA_D_3448069,0,0.01502147,0
LA_D_3449059,0,0.013539783,0
LA_D_3481053,0,0.010392633,0
LA_D_3490249,0,0.37339804,0
LA_D_3527786,0,0.0025866812,0
LA_D_3609505,0,0.041964114,0
LA_D_3648769,0,0.05393076,0
LA_D_3651367,0,0.0029312077,0
LA_D_3669836,0,0.012458521,0
LA_D_3688613,0,0.007064936,0
LA_D_3708116,0,0.005970013,0
LA_D_3743658,0,0.0022989803,0
LA_D_3777358,0,0.7727014,1
LA_D_3814355,0,0.0010077957,0
LA_D_3932504,0,0.0070383027,0
LA_D_3977471,0,0.1836438,0
LA_D_4013189,0,0.011310122,0
LA_D_4044356,0,0.007631087,0
LA_D_4093216,0,0.00090109336,0
LA_D_4104349,0,0.0005874022,0
LA_D_4141520,0,0.0022248386,0
LA_D_4160780,0,0.0024079403,0
LA_D_4165061,0,0.060133655,0
LA_D_4191166,0,0.004136772,0
LA_D_4197046,0,0.0017254035,0
LA_D_4276883,0,0.0012303032,0
LA_D_4296893,0,0.020032944,0
LA_D_4356104,0,0.00044846264,0
LA_D_4375717,0,0.100008495,0
LA_D_4407003,0,0.00058968127,0
LA_D_4409637,0,0.0027362392,0
LA_D_4461485,0,0.09047421,0
LA_D_4463930,0,0.0015785837,0
LA_D_4464967,0,0.6503707,1
LA_D_4506133,0,0.001969835,0
LA_D_4561179,0,0.014288957,0
LA_D_4577893,0,0.017418386,0
LA_D_4582769,0,0.03799603,0
LA_D_4598556,0,0.001664807,0
LA_D_4637561,0,0.0012027617,0
LA_D_4673891,0,0.0050301864,0
LA_D_4694664,0,0.014790367,0
LA_D_4732324,0,0.009429405,0
LA_D_4815856,0,0.004107069,0
LA_D_4832159,0,0.029203482,0
LA_D_4853863,0,0.0020378362,0
LA_D_4868553,0,0.047447376,0
LA_D_4877447,0,0.7244157,1
LA_D_4961502,0,0.004685862,0
LA_D_4984317,0,0.001373027,0
LA_D_5001469,0,0.0038730633,0
LA_D_5044120,0,0.008339401,0
LA_D_5067184,0,0.002354833,0
LA_D_5097555,0,0.05797413,0
LA_D_5120421,0,0.0064458027,0
LA_D_5163985,0,0.0005626367,0
LA_D_5167361,0,0.010021274,0
LA_D_5191461,0,0.08630841,0
LA_D_5216313,0,0.0011963045,0
LA_D_5256245,0,0.00064954127,0
LA_D_5260994,0,0.0026382192,0
LA_D_5350670,0,0.12560752,0
LA_D_5370145,0,0.0018371161,0
LA_D_5439819,0,0.0011670836,0
LA_D_5452047,0,0.10188243,0
LA_D_5454156,0,0.0016824201,0
LA_D_5455456,0,0.0057060122,0
LA_D_5490332,0,0.00519169,0
LA_D_5539101,0,0.07799215,0
LA_D_5600729,0,0.005073387,0
LA_D_5643163,0,0.012714961,0
LA_D_5690287,0,0.40696657,0
LA_D_5695682,0,0.011742637,0
LA_D_5712950,0,0.0041344883,0
LA_D_5716651,0,0.07900844,0
LA_D_5719332,0,0.20916684,0
LA_D_5729926,0,0.0033477051,0
LA_D_5819339,0,0.019200575,0
LA_D_5831724,0,0.11445329,0
LA_D_5834246,0,0.19617197,0
LA_D_5851479,0,0.0027498482,0
LA_D_5890290,0,0.0032885035,0
LA_D_5931445,0,0.00042957562,0
LA_D_5968191,0,0.0065336972,0
LA_D_6015629,0,0.28151333,0
LA_D_6021297,0,0.004125522,0
LA_D_6037279,0,0.004931974,0
LA_D_6085681,0,0.022940502,0
LA_D_6162323,0,0.0024991932,0
LA_D_6197535,0,0.019868575,0
LA_D_6230272,0,0.0003147355,0
LA_D_6241209,0,0.099786624,0
LA_D_6307445,0,0.004299927,0
LA_D_6351813,0,0.1571129,0
LA_D_6367142,0,0.15466993,0
LA_D_6373060,0,0.0009965958,0
LA_D_6400478,0,0.0010776822,0
LA_D_6431658,0,0.0012614214,0
LA_D_6434161,0,0.0054103136,0
LA_D_6440826,0,0.046297733,0
LA_D_6487009,0,0.0018269419,0
LA_D_6544888,0,0.00050060067,0
LA_D_6547919,0,0.005298453,0
LA_D_6556225,0,0.014254679,0
LA_D_6622164,0,0.13830353,0
LA_D_6670902,0,0.0040837447,0
LA_D_6721591,0,0.001482131,0
LA_D_6742661,0,0.0034816125,0
LA_D_6776598,0,0.0141414795,0
LA_D_6787599,0,0.002127302,0
LA_D_6805723,0,0.002960939,0
LA_D_6826887,0,0.010849585,0
LA_D_6868445,0,0.014024678,0
LA_D_6874210,0,0.00365487,0
LA_D_7080605,0,0.0014879205,0
LA_D_7086814,0,0.0005092184,0
LA_D_7139855,0,0.08940283,0
LA_D_7160142,0,0.8159438,1
LA_D_7183546,0,0.0012678807,0
LA_D_7192415,0,0.0076358845,0
LA_D_7222508,0,0.045874286,0
LA_D_7288713,0,0.0030238691,0
LA_D_7313112,0,0.5783558,1
LA_D_7336955,0,0.004327099,0
LA_D_7394778,0,0.0394276,0
LA_D_7398714,0,0.0015874716,0
LA_D_7418963,0,0.0291995,0
LA_D_7425009,0,0.03254709,0
LA_D_7425122,0,0.0049222675,0
LA_D_7464906,0,0.0027006445,0
LA_D_7468708,0,0.022147113,0
LA_D_7501222,0,0.0010937253,0
LA_D_7519959,0,0.0032402496,0
LA_D_7588829,0,0.001972713,0
LA_D_7599548,0,0.003139217,0
LA_D_7663034,0,0.08671842,0
LA_D_7728140,0,0.00305469,0
LA_D_7773769,0,0.008589484,0
LA_D_7806158,0,0.0034694737,0
LA_D_7821302,0,0.0352886,0
LA_D_7840753,0,0.0020956856,0
LA_D_7892017,0,0.002401226,0
LA_D_7904343,0,0.0033460732,0
LA_D_7920083,0,0.035239276,0
LA_D_7928225,0,0.013789248,0
LA_D_8011201,0,0.0069381823,0
LA_D_8028589,0,0.039832346,0
LA_D_8059988,0,0.01568134,0
LA_D_8070544,0,0.096686676,0
LA_D_8075316,0,0.006794516,0
LA_D_8076714,0,0.15428437,0
LA_D_8088848,0,0.003571802,0
LA_D_8096872,0,0.11165724,0
LA_D_8113827,0,0.009316396,0
LA_D_8172352,0,0.0026787298,0
LA_D_8204811,0,0.18904223,0
LA_D_8206665,0,0.00082964485,0
LA_D_8208934,0,0.0019544964,0
LA_D_8216112,0,0.0010274207,0
LA_D_8221506,0,0.31442165,0
LA_D_8239585,0,0.0019564107,0
LA_D_8264187,0,0.019945228,0
LA_D_8305381,0,0.0057911654,0
LA_D_8333710,0,0.010644036,0
LA_D_8355987,0,0.036275856,0
LA_D_8372696,0,0.06701892,0
LA_D_8499403,0,0.009657553,0
LA_D_8556216,0,0.009711508,0
LA_D_8559605,0,0.0009044196,0
LA_D_8561401,0,0.00086353207,0
LA_D_8573818,0,0.11977306,0
LA_D_8605887,0,0.002465186,0
LA_D_8655268,0,0.46276814,0
LA_D_8677181,0,0.0021705283,0
LA_D_8693858,0,0.0047976845,0
LA_D_8736080,0,0.16037878,0
LA_D_8800120,0,0.035053153,0
LA_D_8801720,0,0.0035250778,0
LA_D_8811306,0,0.0010071775,0
LA_D_8827374,0,0.5727597,1
LA_D_8831382,0,0.033644237,0
LA_D_8877909,0,0.0031763555,0
LA_D_8878321,0,0.0030173482,0
LA_D_8905956,0,0.5707809,1
LA_D_8910822,0,0.004126525,0
LA_D_8940643,0,0.6352666,1
LA_D_9042048,0,0.003338996,0
LA_D_9170505,0,0.51490355,1
LA_D_9173264,0,0.004221178,0
LA_D_9174169,0,0.08195429,0
LA_D_9257491,0,0.004341003,0
LA_D_9275744,0,0.00084282894,0
LA_D_9289055,0,0.09735308,0
LA_D_9338745,0,0.03232507,0
LA_D_9392816,0,0.0022949183,0
LA_D_9400890,0,0.0014782709,0
LA_D_9429220,0,0.008532523,0
LA_D_9430144,0,0.00067660917,0
LA_D_9437346,0,0.037990592,0
LA_D_9446553,0,0.09309979,0
LA_D_9450925,0,0.23479643,0
LA_D_9454983,0,0.0023682804,0
LA_D_9456431,0,0.0033625767,0
LA_D_9499849,0,0.0006047261,0
LA_D_9540047,0,0.011892459,0
LA_D_9556871,0,0.050671846,0
LA_D_9579813,0,0.124337256,0
LA_D_9589501,0,0.024540342,0
LA_D_9615736,0,0.008934508,0
LA_D_9744441,0,0.002858976,0
LA_D_9747652,0,0.025324013,0
LA_D_9751462,0,0.005582662,0
LA_D_9756685,0,0.00050907524,0
LA_D_9765860,0,0.0088772895,0
LA_D_9769935,0,0.007185425,0
LA_D_9773809,0,0.05345265,0
LA_D_9783743,0,0.0067362003,0
LA_D_9804348,0,0.0008705748,0
LA_D_9824861,0,0.03577304,0
LA_D_9835448,0,0.0019428732,0
LA_D_9864602,0,0.0026944869,0
LA_D_9864604,0,0.01556917,0
LA_D_9878419,0,0.00066332077,0
LA_D_9925458,0,0.016008403,0
LA_D_9926375,0,0.015633844,0
LA_D_9985382,0,0.005219153,0
LA_D_9995517,0,0.0828119,0
LA_D_1018598,0,5.4468583e-05,0
LA_D_1028482,0,0.00015217022,0
LA_D_1035474,0,0.00015701244,0
LA_D_1049366,0,0.0002580111,0
LA_D_1058790,0,0.00042560027,0
LA_D_1084880,0,0.0012559833,0
LA_D_1099638,0,0.00025747364,0
LA_D_1138529,0,0.00031191533,0
LA_D_1142092,0,0.00023127171,0
LA_D_1151622,0,0.00021261023,0
LA_D_1158203,0,0.0004556075,0
LA_D_1163392,0,0.00027912762,0
LA_D_1168046,0,0.00038540628,0
LA_D_1195873,0,0.00025828526,0
LA_D_1248515,0,0.00027085515,0
LA_D_1249536,0,0.00030128777,0
LA_D_1251682,0,0.00084428827,0
LA_D_1252794,0,0.00018965898,0
LA_D_1254455,0,0.00012887077,0
LA_D_1298257,0,0.00018359016,0
LA_D_1379062,0,0.00019887475,0
LA_D_1394305,0,0.0002420449,0
LA_D_1434936,0,6.390582e-05,0
LA_D_1468044,0,0.00027208432,0
LA_D_1522579,0,0.00024559768,0
LA_D_1534651,0,0.00055441336,0
LA_D_1557675,0,0.00016858216,0
LA_D_1611025,0,0.00045146424,0
LA_D_1613798,0,0.0002623836,0
LA_D_1622941,0,0.00017531561,0
LA_D_1628180,0,0.0003994004,0
LA_D_1667962,0,0.0001909453,0
LA_D_1719951,0,0.0007099001,0
LA_D_1725328,0,0.00030208562,0
LA_D_1744737,0,0.00025304078,0
LA_D_1751782,0,0.00024212571,0
LA_D_1786331,0,0.00040021335,0
LA_D_1820743,0,0.00020990812,0
LA_D_1821879,0,0.00019803422,0
LA_D_1836171,0,0.00019342052,0
LA_D_1860197,0,0.0001447159,0
LA_D_1884569,0,0.00038846198,0
LA_D_1884725,0,0.0005600476,0
LA_D_1898947,0,0.00029797037,0
LA_D_1899277,0,0.000518098,0
LA_D_1943271,0,0.00024490786,0
LA_D_1991616,0,0.0005789255,0
LA_D_2019341,0,0.00018736995,0
LA_D_2026758,0,0.00030746387,0
LA_D_2044181,0,0.00053212506,0
LA_D_2083098,0,0.0002046614,0
LA_D_2087690,0,0.0002817027,0
LA_D_2097438,0,0.00016904737,0
LA_D_2103892,0,0.0008464765,0
LA_D_2126341,0,0.00010412641,0
LA_D_2214692,0,0.00014804401,0
LA_D_2227757,0,0.00023648462,0
LA_D_2228121,0,0.00024771775,0
LA_D_2237572,0,0.0005715826,0
LA_D_2247282,0,0.00043055607,0
LA_D_2284017,0,0.0001417113,0
LA_D_2291890,0,0.00036273926,0
LA_D_2296372,0,0.0002853699,0
LA_D_2330702,0,0.00024323516,0
LA_D_2352643,0,0.0007123316,0
LA_D_2375973,0,0.0001800352,0
LA_D_2403858,0,0.00018280341,0
LA_D_2409344,0,0.00017304793,0
LA_D_2410043,0,0.0001979072,0
LA_D_2464441,0,0.00042463496,0
LA_D_2541397,0,0.00034959952,0
LA_D_2542630,0,0.00029177702,0
LA_D_2579249,0,0.0002528939,0
LA_D_2583973,0,0.00061770057,0
LA_D_2600674,0,0.00045936153,0
LA_D_2622778,0,6.536078e-05,0
LA_D_2642581,0,6.2941275e-05,0
LA_D_2651795,0,0.00019097261,0
LA_D_2652985,0,0.00010835611,0
LA_D_2680311,0,0.00037040707,0
LA_D_2696379,0,0.00019505345,0
LA_D_2717961,0,0.0001964584,0
LA_D_2723107,0,0.0003666191,0
LA_D_2753356,0,0.0003563031,0
LA_D_2792366,0,0.00043239008,0
LA_D_2811040,0,0.00016505268,0
LA_D_2856557,0,0.00091563247,0
LA_D_2859163,0,9.400048e-05,0
LA_D_2868410,0,0.0015029509,0
LA_D_2876938,0,0.0001530747,0
LA_D_2903458,0,0.00034790454,0
LA_D_2964886,0,0.00029371734,0
LA_D_2990184,0,0.00021653084,0
LA_D_2999196,0,0.0002504543,0
LA_D_2999262,0,0.00039505004,0
LA_D_3084288,0,0.0018141192,0
LA_D_3090583,0,0.0002723433,0
LA_D_3092472,0,0.00014866529,0
LA_D_3092700,0,0.0014882534,0
LA_D_3130241,0,0.00018623163,0
LA_D_3135599,0,0.00015184411,0
LA_D_3135628,0,0.00017003542,0
LA_D_3140567,0,0.00014029042,0
LA_D_3171199,0,0.00021874599,0
LA_D_3231093,0,0.00065390684,0
LA_D_3239072,0,0.00041260116,0
LA_D_3243106,0,0.00022419247,0
LA_D_3292767,0,0.0004837347,0
LA_D_3336031,0,0.00016551776,0
LA_D_3354359,0,0.0001663099,0
LA_D_3374460,0,9.649737e-05,0
LA_D_3430397,0,0.00024529346,0
LA_D_3431472,0,0.0003246317,0
LA_D_3441965,0,0.0007746528,0
LA_D_3464373,0,0.00015977735,0
LA_D_3466785,0,0.00039831692,0
LA_D_3476552,0,0.00018097043,0
LA_D_3499835,0,0.00017914767,0
LA_D_3538356,0,0.00084305264,0
LA_D_3595174,0,0.000295435,0
LA_D_3608947,0,0.00016316882,0
LA_D_3620817,0,0.00039699906,0
LA_D_3621540,0,0.00023799967,0
LA_D_3671059,0,0.00039024957,0
LA_D_3678117,0,0.00061903894,0
LA_D_3695649,0,0.00058572605,0
LA_D_3712860,0,0.0007255147,0
LA_D_3713729,0,0.00021769943,0
LA_D_3720476,0,0.00020712789,0
LA_D_3747854,0,0.00027102564,0
LA_D_3775896,0,0.00022198947,0
LA_D_3831306,0,9.549264e-05,0
LA_D_3834961,0,0.0005531821,0
LA_D_3863318,0,0.00035379897,0
LA_D_3921050,0,0.0006426524,0
LA_D_3934729,0,0.0002941377,0
LA_D_3945922,0,0.000115857794,0
LA_D_3981689,0,0.0007352984,0
LA_D_3983088,0,0.00044864308,0
LA_D_4007368,0,0.0002115216,0
LA_D_4037520,0,0.00016712572,0
LA_D_4039301,0,0.0004134115,0
LA_D_4055045,0,0.00023104537,0
LA_D_4062551,0,0.00031228847,0
LA_D_4076908,0,0.0008493269,0
LA_D_4085373,0,0.00023270102,0
LA_D_4157572,0,0.00022097032,0
LA_D_4163754,0,0.0007372898,0
LA_D_4198326,0,0.00015339775,0
LA_D_4256004,0,0.000367687,0
LA_D_4274981,0,0.00040495393,0
LA_D_4277712,0,0.00036608125,0
LA_D_4326060,0,0.00028818907,0
LA_D_4357087,0,0.00021131922,0
LA_D_4360961,0,0.00025294235,0
LA_D_4386137,0,0.0006808194,0
LA_D_4411557,0,0.00042259868,0
LA_D_4453721,0,0.0001903879,0
LA_D_4459933,0,0.00013153591,0
LA_D_4467119,0,0.00041799003,0
LA_D_4469400,0,0.00033352798,0
LA_D_4487776,0,0.00040704157,0
LA_D_4488391,0,0.00019233694,0
LA_D_4532710,0,0.0005124596,0
LA_D_4545053,0,0.0019560661,0
LA_D_4551946,0,0.00017733022,0
LA_D_4573944,0,0.00026054564,0
LA_D_4615442,0,0.00019346755,0
LA_D_4708202,0,0.0006067144,0
LA_D_4718837,0,0.00020425377,0
LA_D_4771311,0,0.0002560882,0
LA_D_4794184,0,0.00027491507,0
LA_D_4797304,0,0.00022542191,0
LA_D_4797934,0,0.00011699819,0
LA_D_4798662,0,0.00019088923,0
LA_D_4825371,0,0.00029294242,0
LA_D_4825650,0,0.0002218572,0
LA_D_4830541,0,8.8625e-05,0
LA_D_4830591,0,0.0001933077,0
LA_D_4857699,0,0.00031378272,0
LA_D_4860045,0,0.00022842239,0
LA_D_4874503,0,0.00018925345,0
LA_D_4964036,0,0.0012411926,0
LA_D_4983313,0,0.00032654597,0
LA_D_4984003,0,0.00039202403,0
LA_D_5018111,0,0.00035150413,0
LA_D_5018490,0,0.00026955805,0
LA_D_5026406,0,0.00011884224,0
LA_D_5060788,0,0.0009040569,0
LA_D_5064398,0,0.0003013475,0
LA_D_5095523,0,0.00014958644,0
LA_D_5119493,0,0.0005679744,0
LA_D_5151616,0,0.0017290702,0
LA_D_5156009,0,0.00029938933,0
LA_D_5179475,0,0.00030451978,0
LA_D_5188766,0,0.000921838,0
LA_D_5242820,0,0.0001847252,0
LA_D_5262166,0,0.00029935595,0
LA_D_5287350,0,0.0006380055,0
LA_D_5292647,0,0.00035741777,0
LA_D_5329061,0,0.0002658138,0
LA_D_5360138,0,0.0002825462,0
LA_D_5416414,0,0.00021984667,0
LA_D_5427352,0,0.0005253995,0
LA_D_5441022,0,0.0007435176,0
LA_D_5476791,0,0.00026329982,0
LA_D_5496756,0,0.00041472033,0
LA_D_5503083,0,0.00038749515,0
LA_D_5503291,0,0.00036769817,0
LA_D_5507926,0,0.0002599422,0
LA_D_5517898,0,0.00027180195,0
LA_D_5560002,0,0.00016812033,0
LA_D_5565973,0,0.00022833855,0
LA_D_5615493,0,0.00036636018,0
LA_D_5623022,0,0.00034597362,0
LA_D_5624531,0,0.00038605125,0
LA_D_5629796,0,0.00013521254,0
LA_D_5680161,0,0.00010439694,0
LA_D_5715212,0,0.00020777133,0
LA_D_5765277,0,0.00075600913,0
LA_D_5781241,0,0.0002870357,0
LA_D_5800838,0,0.00048894255,0
LA_D_5804847,0,0.00025705594,0
LA_D_5820637,0,0.00024926508,0
LA_D_5841055,0,0.00010224066,0
LA_D_5874054,0,0.0007073439,0
LA_D_5888899,0,0.00036918747,0
LA_D_5894140,0,0.000120574536,0
LA_D_5898202,0,0.00019792814,0
LA_D_5924199,0,0.0011390527,0
LA_D_5931696,0,0.0003436032,0
LA_D_5936355,0,0.00016829789,0
LA_D_5937369,0,0.00025253944,0
LA_D_5944292,0,0.00068516703,0
LA_D_5960315,0,0.00032478958,0
LA_D_5973374,0,0.0001954133,0
LA_D_5991520,0,0.0006960402,0
LA_D_6021341,0,0.00055471115,0
LA_D_6063219,0,0.0002048414,0
LA_D_6078000,0,0.00040137293,0
LA_D_6084402,0,0.00017467354,0
LA_D_6131696,0,0.00025790633,0
LA_D_6136274,0,0.00021636719,0
LA_D_6171581,0,0.00045421414,0
LA_D_6208485,0,0.00018606885,0
LA_D_6242242,0,0.00056607387,0
LA_D_6252325,0,7.691832e-05,0
LA_D_6256706,0,0.0006717437,0
LA_D_6292396,0,0.0006331393,0
LA_D_6293563,0,0.00018147173,0
LA_D_6304781,0,0.00024584556,0
LA_D_6306641,0,0.00029282988,0
LA_D_6316737,0,0.0002037836,0
LA_D_6344509,0,0.00024395471,0
LA_D_6379274,0,0.0003102938,0
LA_D_6401440,0,0.00021478224,0
LA_D_6401633,0,8.637238e-05,0
LA_D_6405665,0,0.0004206373,0
LA_D_6415971,0,0.00018419421,0
LA_D_6421601,0,0.00021493569,0
LA_D_6431120,0,0.00046565675,0
LA_D_6443383,0,0.00032826205,0
LA_D_6458836,0,0.00019624234,0
LA_D_6462998,0,0.00022121634,0
LA_D_6477185,0,0.00023289192,0
LA_D_6487170,0,0.00036148232,0
LA_D_6520929,0,0.00036038813,0
LA_D_6567611,0,0.00017416794,0
LA_D_6575860,0,0.00022873774,0
LA_D_6599233,0,0.00028625468,0
LA_D_6600823,0,0.00040468902,0
LA_D_6613069,0,0.0013783986,0
LA_D_6650700,0,0.00045376475,0
LA_D_6662518,0,0.00016582028,0
LA_D_6678932,0,0.00036569263,0
LA_D_6682281,0,0.00039670037,0
LA_D_6704901,0,0.00024291003,0
LA_D_6763784,0,0.0007821793,0
LA_D_6851421,0,0.00048885914,0
LA_D_6925004,0,0.00039634467,0
LA_D_6937667,0,0.00030123952,0
LA_D_6945296,0,0.00020432117,0
LA_D_6946419,0,0.00021258286,0
LA_D_6949687,0,0.00027986016,0
LA_D_6975418,0,0.0001906484,0
LA_D_7009859,0,0.00027201584,0
LA_D_7038523,0,0.0001402915,0
LA_D_7039777,0,0.00025738898,0
LA_D_7169168,0,0.00017700705,0
LA_D_7172075,0,0.00043562995,0
LA_D_7196635,0,8.24992e-05,0
LA_D_7200372,0,0.00079562387,0
LA_D_7212540,0,0.0001515444,0
LA_D_7218456,0,0.0006025752,0
LA_D_7225338,0,0.0002477102,0
LA_D_7262720,0,0.00014992486,0
LA_D_7274330,0,0.00034079497,0
LA_D_7286535,0,0.00060128636,0
LA_D_7342043,0,0.0005972221,0
LA_D_7362645,0,0.00062112167,0
LA_D_7380433,0,0.00027060788,0
LA_D_7380667,0,0.00030700458,0
LA_D_7398116,0,0.0002389143,0
LA_D_7478232,0,0.00018363884,0
LA_D_7510219,0,0.00064563507,0
LA_D_7558612,0,0.000352488,0
LA_D_7567821,0,0.0002315462,0
LA_D_7571658,0,0.0002262231,0
LA_D_7581183,0,0.00046494845,0
LA_D_7604669,0,0.00015267979,0
LA_D_7664865,0,0.00027884354,0
LA_D_7680436,0,0.001137027,0
LA_D_7684971,0,0.00024421813,0
LA_D_7692183,0,0.0003565083,0
LA_D_7711976,0,0.00016889496,0
LA_D_7736037,0,0.0004101561,0
LA_D_7736331,0,0.0007608424,0
LA_D_7772478,0,0.00042635272,0
LA_D_7775830,0,0.00038550107,0
LA_D_7805571,0,0.00029708055,0
LA_D_7858202,0,0.00017935243,0
LA_D_7888661,0,0.0003809669,0
LA_D_7893603,0,0.00011242208,0
LA_D_7931644,0,0.0004992604,0
LA_D_7950517,0,0.00042343,0
LA_D_7953471,0,0.00033691214,0
LA_D_7957109,0,0.00017998216,0
LA_D_7965379,0,0.00012137581,0
LA_D_7967827,0,0.00020085032,0
LA_D_8035773,0,0.0011322016,0
LA_D_8045100,0,0.0001761363,0
LA_D_8047166,0,0.0004358237,0
LA_D_8102825,0,0.00028885476,0
LA_D_8120238,0,0.00038145424,0
LA_D_8149667,0,0.00020549282,0
LA_D_8161190,0,0.00095076265,0
LA_D_8161949,0,0.00025583588,0
LA_D_8169706,0,0.0002041319,0
LA_D_8187108,0,0.00012799574,0
LA_D_8197963,0,0.00044991786,0
LA_D_8283203,0,0.00031715844,0
LA_D_8286094,0,0.00018577282,0
LA_D_8335083,0,0.00024954378,0
LA_D_8348784,0,0.00018604526,0
LA_D_8355334,0,8.5747364e-05,0
LA_D_8384015,0,0.00017062384,0
LA_D_8431362,0,6.62633e-05,0
LA_D_8434051,0,0.00037421152,0
LA_D_8439511,0,0.00017580575,0
LA_D_8447703,0,0.00019272006,0
LA_D_8453540,0,0.00023597333,0
LA_D_8480078,0,0.0002383262,0
LA_D_8482059,0,0.00053486467,0
LA_D_8483290,0,0.0003393907,0
LA_D_8505020,0,0.00080436294,0
LA_D_8524530,0,0.00026419276,0
LA_D_8530524,0,0.0005287419,0
LA_D_8546655,0,0.00024719257,0
LA_D_8593660,0,0.00021119475,0
LA_D_8623253,0,0.00029798032,0
LA_D_8678171,0,0.00036555392,0
LA_D_8686912,0,0.00024550635,0
LA_D_8721312,0,0.00025005726,0
LA_D_8729192,0,0.0002534382,0
LA_D_8750902,0,0.00029121898,0
LA_D_8788142,0,0.00011959173,0
LA_D_8813745,0,0.00048541647,0
LA_D_8842633,0,0.00030290207,0
LA_D_8858217,0,0.000110086316,0
LA_D_8868121,0,0.00243323,0
LA_D_8868214,0,0.00029014866,0
LA_D_8878659,0,0.00033612901,0
LA_D_8895696,0,0.00041449463,0
LA_D_8914938,0,0.0005514065,0
LA_D_8918981,0,0.00021364214,0
LA_D_8930242,0,0.00028301182,0
LA_D_8965622,0,0.00018865925,0
LA_D_8983810,0,0.0002485721,0
LA_D_8991799,0,0.00045948892,0
LA_D_9013901,0,0.000810777,0
LA_D_9045200,0,0.00032637382,0
LA_D_9073905,0,0.00026957755,0
LA_D_9075341,0,0.00042912766,0
LA_D_9091046,0,9.1107606e-05,0
LA_D_9122088,0,0.00030664713,0
LA_D_9138892,0,0.00041302817,0
LA_D_9159860,0,0.0024308374,0
LA_D_9173342,0,0.00033726005,0
LA_D_9178673,0,0.00017743238,0
LA_D_9193020,0,0.0012085595,0
LA_D_9199194,0,0.00024205136,0
LA_D_9238588,0,0.00012175881,0
LA_D_9289629,0,0.0003578521,0
LA_D_9356917,0,0.00045195466,0
LA_D_9384056,0,0.0004181889,0
LA_D_9399713,0,0.000508693,0
LA_D_9430687,0,0.00034875382,0
LA_D_9470738,0,0.0021908164,0
LA_D_9582133,0,0.0015734874,0
LA_D_9600380,0,0.0002059043,0
LA_D_9621176,0,0.00034260438,0
LA_D_9646783,0,0.00054575916,0
LA_D_9687836,0,0.00058068644,0
LA_D_9697274,0,0.00045959168,0
LA_D_9701184,0,0.0002186209,0
LA_D_9715092,0,0.00023100198,0
LA_D_9736602,0,0.0003468987,0
LA_D_9745303,0,0.00022072416,0
LA_D_9747113,0,0.00033943492,0
LA_D_9819813,0,0.000331996,0
LA_D_9841488,0,0.00034714353,0
LA_D_9885280,0,0.00029041243,0
LA_D_9936838,0,0.0007774501,0
LA_D_9955848,0,0.00038234182,0
LA_D_1000265,0,0.00023029538,0
LA_D_1017388,0,0.00011883737,0
LA_D_1062092,0,0.0006246736,0
LA_D_1089317,0,0.00012425557,0
LA_D_1089742,0,0.00023406731,0
LA_D_1110875,0,4.9439284e-05,0
LA_D_1139569,0,0.00041837193,0
LA_D_1173950,0,6.033562e-05,0
LA_D_1192985,0,0.0002694743,0
LA_D_1235726,0,4.3756234e-05,0
LA_D_1249404,0,4.257274e-05,0
LA_D_1252946,0,0.00014182673,0
LA_D_1276192,0,0.00013927212,0
LA_D_1315668,0,0.000111325855,0
LA_D_1376639,0,0.00061235996,0
LA_D_1424867,0,0.0011457197,0
LA_D_1431489,0,0.0005125563,0
LA_D_1437476,0,0.0005021359,0
LA_D_1455965,0,0.000109232526,0
LA_D_1472668,0,0.00039544527,0
LA_D_1477627,0,0.00042532303,0
LA_D_1558626,0,0.00046992162,0
LA_D_1562319,0,7.319011e-05,0
LA_D_1566401,0,4.2315114e-05,0
LA_D_1672560,0,0.00070667354,0
LA_D_1680789,0,0.00019899881,0
LA_D_1682212,0,0.00010671768,0
LA_D_1787311,0,0.00021012596,0
LA_D_1799699,0,9.8501725e-05,0
LA_D_1820129,0,9.939897e-05,0
LA_D_1836990,0,0.000116222946,0
LA_D_1837020,0,8.622459e-05,0
LA_D_1838611,0,0.0007907336,0
LA_D_1896171,0,0.00025325656,0
LA_D_1904585,0,8.970244e-05,0
LA_D_1934501,0,0.00019398515,0
LA_D_1939545,0,0.00021549998,0
LA_D_1961118,0,0.0008377638,0
LA_D_1976616,0,0.00017184086,0
LA_D_1995371,0,6.3414096e-05,0
LA_D_2012659,0,0.0065224995,0
LA_D_2066237,0,0.00026976218,0
LA_D_2082122,0,0.0005498863,0
LA_D_2095979,0,0.00038206094,0
LA_D_2105337,0,0.00026640293,0
LA_D_2118619,0,0.00012721517,0
LA_D_2121691,0,5.828415e-05,0
LA_D_2178810,0,0.00046469763,0
LA_D_2186988,0,0.00042792194,0
LA_D_2226779,0,0.00023126928,0
LA_D_2238837,0,0.0004072199,0
LA_D_2247196,0,0.00018756907,0
LA_D_2293445,0,0.0006504649,0
LA_D_2293756,0,0.00029341117,0
LA_D_2312696,0,5.1459923e-05,0
LA_D_2314419,0,0.00013882226,0
LA_D_2317390,0,0.00025487685,0
LA_D_2347763,0,0.00030802545,0
LA_D_2354675,0,0.00010111383,0
LA_D_2430844,0,0.0006552059,0
LA_D_2433669,0,0.00010778426,0
LA_D_2441277,0,0.000517505,0
LA_D_2462646,0,7.535075e-05,0
LA_D_2484556,0,0.00043224666,0
LA_D_2509640,0,0.00012489001,0
LA_D_2511835,0,0.001000564,0
LA_D_2527097,0,0.00041429262,0
LA_D_2549498,0,0.00022629712,0
LA_D_2553000,0,0.00012226013,0
LA_D_2577860,0,0.0015277694,0
LA_D_2604115,0,0.00011041559,0
LA_D_2649427,0,4.2919313e-05,0
LA_D_2662277,0,9.927137e-05,0
LA_D_2669822,0,0.00015791663,0
LA_D_2686791,0,0.00022846463,0
LA_D_2698391,0,2.8317398e-05,0
LA_D_2731107,0,0.00052416977,0
LA_D_2746814,0,3.8393704e-05,0
LA_D_2747335,0,0.00013074711,0
LA_D_2819058,0,9.068998e-05,0
LA_D_2822128,0,0.0003130438,0
LA_D_2845768,0,0.00017781481,0
LA_D_2871146,0,0.00049053214,0
LA_D_2875404,0,0.00025985276,0
LA_D_2892987,0,0.00043583615,0
LA_D_2925360,0,0.004385694,0
LA_D_2945684,0,0.00054130435,0
LA_D_2955058,0,0.00039503255,0
LA_D_2978349,0,0.00044725018,0
LA_D_2985805,0,7.950686e-05,0
LA_D_3063995,0,0.00019304836,0
LA_D_3068893,0,0.0007463102,0
LA_D_3069501,0,7.62402e-05,0
LA_D_3086208,0,9.227908e-05,0
LA_D_3116367,0,0.0004438207,0
LA_D_3135080,0,0.00021095987,0
LA_D_3146197,0,0.00045951808,0
LA_D_3149657,0,0.00014244272,0
LA_D_3191079,0,0.00024052795,0
LA_D_3203408,0,0.00018813669,0
LA_D_3215585,0,0.0002819381,0
LA_D_3227116,0,9.150333e-05,0
LA_D_3256006,0,0.0009999012,0
LA_D_3286671,0,0.0007255275,0
LA_D_3287756,0,0.000175046,0
LA_D_3302867,0,0.00016279041,0
LA_D_3311228,0,3.5096644e-05,0
LA_D_3329538,0,5.1573657e-05,0
LA_D_3334677,0,8.365791e-05,0
LA_D_3365048,0,0.00012918217,0
LA_D_3393353,0,0.00020996355,0
LA_D_3409724,0,0.00016483848,0
LA_D_3428215,0,0.00017610741,0
LA_D_3444875,0,0.00019021844,0
LA_D_3445876,0,0.0020420067,0
LA_D_3515975,0,0.0005221385,0
LA_D_3522924,0,0.0021889638,0
LA_D_3546314,0,0.00022736225,0
LA_D_3566458,0,0.0001470956,0
LA_D_3600248,0,0.00015723883,0
LA_D_3607908,0,0.0021075597,0
LA_D_3616699,0,5.9942893e-05,0
LA_D_3661828,0,0.00032737575,0
LA_D_3727519,0,0.00021552917,0
LA_D_3761549,0,0.00016046026,0
LA_D_3763969,0,0.00061280484,0
LA_D_3778726,0,0.00021037416,0
LA_D_3779434,0,0.00020408034,0
LA_D_3801913,0,0.00033664872,0
LA_D_3881998,0,0.0016292197,0
LA_D_3911980,0,0.0001211561,0
LA_D_3981652,0,0.0046017924,0
LA_D_4001985,0,4.4001816e-05,0
LA_D_4036471,0,0.0013486235,0
LA_D_4042906,0,0.00013020565,0
LA_D_4050508,0,6.984398e-05,0
LA_D_4059440,0,9.9236735e-05,0
LA_D_4072285,0,0.00017392894,0
LA_D_4102706,0,0.00024724135,0
LA_D_4163122,0,6.1319384e-05,0
LA_D_4171487,0,9.029373e-05,0
LA_D_4177111,0,9.5712814e-05,0
LA_D_4209404,0,0.00041361133,0
LA_D_4211767,0,0.00032112596,0
LA_D_4252508,0,0.00010704587,0
LA_D_4269073,0,0.0011238165,0
LA_D_4305782,0,0.0008159649,0
LA_D_4316242,0,0.0021004016,0
LA_D_4353068,0,0.00020077873,0
LA_D_4365990,0,0.0224781,0
LA_D_4375021,0,9.228771e-05,0
LA_D_4417694,0,0.00010246455,0
LA_D_4421447,0,0.00028859626,0
LA_D_4449349,0,0.00040054563,0
LA_D_4474092,0,0.00022628267,0
LA_D_4485460,0,0.00012538617,0
LA_D_4493718,0,0.00015369087,0
LA_D_4515855,0,5.0201998e-05,0
LA_D_4516967,0,0.00013043854,0
LA_D_4523584,0,0.00036420012,0
LA_D_4534941,0,0.00038835997,0
LA_D_4537765,0,0.0004588613,0
LA_D_4544332,0,0.005092674,0
LA_D_4551508,0,0.0029494169,0
LA_D_4551677,0,0.00025809326,0
LA_D_4554231,0,0.00022320684,0
LA_D_4569757,0,0.00097281724,0
LA_D_4604403,0,3.376455e-05,0
LA_D_4616369,0,2.5215293e-05,0
LA_D_4628903,0,2.5066885e-05,0
LA_D_4664946,0,0.0012233101,0
LA_D_4688316,0,0.0025141682,0
LA_D_4758475,0,3.8157905e-05,0
LA_D_4764995,0,6.295496e-05,0
LA_D_4797424,0,0.0005147691,0
LA_D_4797539,0,0.00038847915,0
LA_D_4810275,0,0.00010754044,0
LA_D_4840046,0,0.0002001224,0
LA_D_4885731,0,0.00052318646,0
LA_D_4887957,0,0.0006276377,0
LA_D_4891771,0,0.000114976545,0
LA_D_4905165,0,0.00017251908,0
LA_D_4926358,0,0.0002056265,0
LA_D_4932502,0,0.0013610336,0
LA_D_4977836,0,5.938803e-05,0
LA_D_4995600,0,0.00058142823,0
LA_D_5000373,0,0.00041504108,0
LA_D_5091990,0,0.00024046282,0
LA_D_5095873,0,0.0006292621,0
LA_D_5150398,0,0.00014905678,0
LA_D_5163732,0,0.0001911661,0
LA_D_5163849,0,0.0003911923,0
LA_D_5174969,0,5.015501e-05,0
LA_D_5257168,0,6.94416e-05,0
LA_D_5261935,0,4.447316e-05,0
LA_D_5267454,0,0.00017354627,0
LA_D_5287781,0,0.0008784976,0
LA_D_5302061,0,0.0018282969,0
LA_D_5310025,0,4.841554e-05,0
LA_D_5328028,0,0.0006789507,0
LA_D_5328763,0,0.00038887118,0
LA_D_5363745,0,0.00062920875,0
LA_D_5366966,0,6.722981e-05,0
LA_D_5401010,0,0.00035625484,0
LA_D_5440307,0,7.111774e-05,0
LA_D_5461007,0,6.052267e-05,0
LA_D_5470929,0,0.0004562248,0
LA_D_5474141,0,0.0003229238,0
LA_D_5483224,0,0.0003336647,0
LA_D_5518682,0,8.274384e-05,0
LA_D_5525496,0,0.00045773806,0
LA_D_5532565,0,0.00014258473,0
LA_D_5565989,0,0.00026361304,0
LA_D_5588322,0,0.00025007824,0
LA_D_5611954,0,0.00013681347,0
LA_D_5643426,0,5.880212e-05,0
LA_D_5687206,0,4.739934e-05,0
LA_D_5714289,0,0.00018997012,0
LA_D_5788841,0,7.43648e-05,0
LA_D_5835325,0,0.0023343952,0
LA_D_5905925,0,0.0004337086,0
LA_D_5990940,0,0.0003887487,0
LA_D_6011425,0,0.00024577993,0
LA_D_6023280,0,0.00012142628,0
LA_D_6029082,0,0.0010022268,0
LA_D_6029194,0,6.0464175e-05,0
LA_D_6046766,0,0.00012703781,0
LA_D_6053775,0,0.00010392058,0
LA_D_6134312,0,0.0001695355,0
LA_D_6135037,0,0.0005553828,0
LA_D_6138779,0,0.00048628016,0
LA_D_6148611,0,4.9792827e-05,0
LA_D_6162938,0,4.329224e-05,0
LA_D_6175279,0,0.00093556766,0
LA_D_6187202,0,0.00018765584,0
LA_D_6234137,0,0.00010106188,0
LA_D_6235547,0,2.4085077e-05,0
LA_D_6239034,0,0.00023083443,0
LA_D_6244535,0,0.00012591094,0
LA_D_6261139,0,4.3267675e-05,0
LA_D_6264594,0,0.00021456936,0
LA_D_6302406,0,0.0036587145,0
LA_D_6312072,0,9.7611104e-05,0
LA_D_6323745,0,0.00058170425,0
LA_D_6336346,0,0.00021274062,0
LA_D_6357321,0,6.505731e-05,0
LA_D_6369721,0,0.0012216612,0
LA_D_6378325,0,9.605468e-05,0
LA_D_6379147,0,0.00023221919,0
LA_D_6412670,0,0.00028773525,0
LA_D_6427095,0,8.189433e-05,0
LA_D_6461848,0,0.00014981368,0
LA_D_6472736,0,0.00038411227,0
LA_D_6480332,0,0.00010661871,0
LA_D_6490598,0,5.886282e-05,0
LA_D_6497836,0,6.153818e-05,0
LA_D_6518387,0,0.0001785285,0
LA_D_6532700,0,8.310847e-05,0
LA_D_6587975,0,7.7949786e-05,0
LA_D_6601716,0,3.937539e-05,0
LA_D_6627504,0,0.0021765034,0
LA_D_6637053,0,0.0003656695,0
LA_D_6669288,0,0.00026258483,0
LA_D_6738104,0,6.562365e-05,0
LA_D_6757727,0,0.0030280005,0
LA_D_6758674,0,6.830012e-05,0
LA_D_6826932,0,4.854101e-05,0
LA_D_6871318,0,0.0019316017,0
LA_D_6910629,0,0.00025501614,0
LA_D_6912549,0,0.00048582128,0
LA_D_6922693,0,0.00041528707,0
LA_D_6938340,0,9.616246e-05,0
LA_D_7061454,0,0.0006533842,0
LA_D_7061939,0,3.5160727e-05,0
LA_D_7073171,0,0.00029350293,0
LA_D_7111368,0,3.6849116e-05,0
LA_D_7115681,0,0.00015177896,0
LA_D_7118013,0,0.0002424371,0
LA_D_7121651,0,0.00015107506,0
LA_D_7125569,0,3.4612924e-05,0
LA_D_7131778,0,0.00013868346,0
LA_D_7152111,0,0.0006602291,0
LA_D_7171094,0,3.4756344e-05,0
LA_D_7186889,0,0.00016364465,0
LA_D_7232349,0,0.00011723853,0
LA_D_7235738,0,5.7065074e-05,0
LA_D_7248183,0,0.00078787986,0
LA_D_7253234,0,3.7105197e-05,0
LA_D_7254994,0,0.000121662364,0
LA_D_7269807,0,0.0005556668,0
LA_D_7286561,0,0.00039345105,0
LA_D_7313938,0,0.00020924628,0
LA_D_7325516,0,0.00055523857,0
LA_D_7331720,0,0.00025480252,0
LA_D_7349370,0,6.705252e-05,0
LA_D_7350444,0,9.2392664e-05,0
LA_D_7371430,0,0.00013884515,0
LA_D_7412720,0,0.00198019,0
LA_D_7459580,0,0.0002779403,0
LA_D_7470861,0,0.00026113953,0
LA_D_7474045,0,0.00012824936,0
LA_D_7488791,0,4.679794e-05,0
LA_D_7510623,0,0.00058652385,0
LA_D_7542197,0,0.00018963205,0
LA_D_7556050,0,0.00017327115,0
LA_D_7560243,0,0.00019516564,0
LA_D_7623118,0,0.0003521211,0
LA_D_7654864,0,0.0003021925,0
LA_D_7666412,0,0.0009194783,0
LA_D_7682859,0,0.00033028462,0
LA_D_7694146,0,0.00013935834,0
LA_D_7702334,0,0.000942216,0
LA_D_7753766,0,0.00095279526,0
LA_D_7760099,0,0.00022528956,0
LA_D_7774263,0,0.00015534766,0
LA_D_7774342,0,0.00018440033,0
LA_D_7777836,0,2.4230101e-05,0
LA_D_7789380,0,0.0001452843,0
LA_D_7819097,0,0.0003649481,0
LA_D_7824827,0,0.0004619743,0
LA_D_7873404,0,0.072189435,0
LA_D_7886919,0,0.0004190155,0
LA_D_7897770,0,0.00014084965,0
LA_D_7909419,0,0.00017679992,0
LA_D_7946884,0,0.00020803459,0
LA_D_7964759,0,0.0020357633,0
LA_D_7969951,0,8.191277e-05,0
LA_D_8005407,0,0.00029039607,0
LA_D_8014513,0,0.0002717758,0
LA_D_8016454,0,0.00029181957,0
LA_D_8075338,0,6.348513e-05,0
LA_D_8078636,0,0.0005589507,0
LA_D_8131341,0,0.00013501839,0
LA_D_8159620,0,0.00014018119,0
LA_D_8200723,0,0.00020987529,0
LA_D_8229545,0,0.0001422078,0
LA_D_8255047,0,0.00021732155,0
LA_D_8263768,0,0.0001883203,0
LA_D_8274284,0,0.00039732674,0
LA_D_8277539,0,0.00023172352,0
LA_D_8288906,0,0.00018601902,0
LA_D_8313652,0,0.0001345467,0
LA_D_8342458,0,0.00023716039,0
LA_D_8389175,0,0.00013574492,0
LA_D_8428885,0,0.0001160369,0
LA_D_8431371,0,0.00011857475,0
LA_D_8432132,0,2.8969258e-05,0
LA_D_8507748,0,0.0019192267,0
LA_D_8534487,0,0.00010219679,0
LA_D_8538867,0,3.7176742e-05,0
LA_D_8546710,0,0.00024172089,0
LA_D_8631560,0,0.0002158753,0
LA_D_8652934,0,7.8810146e-05,0
LA_D_8680689,0,5.9709666e-05,0
LA_D_8704297,0,7.184218e-05,0
LA_D_8764691,0,0.0010799231,0
LA_D_8777124,0,0.00037930754,0
LA_D_8811442,0,0.00027461903,0
LA_D_8823303,0,0.0004906682,0
LA_D_8825681,0,0.00060244853,0
LA_D_8954015,0,3.0721145e-05,0
LA_D_8974324,0,0.00034081234,0
LA_D_8987065,0,0.0002986823,0
LA_D_9024538,0,5.0719973e-05,0
LA_D_9047749,0,0.0007233342,0
LA_D_9057925,0,0.0003116178,0
LA_D_9063908,0,0.0004069019,0
LA_D_9090521,0,0.0034993887,0
LA_D_9098890,0,0.00010668961,0
LA_D_9108542,0,8.259091e-05,0
LA_D_9120579,0,0.00018548236,0
LA_D_9140799,0,0.00013105854,0
LA_D_9172868,0,0.00043780328,0
LA_D_9192908,0,8.0559534e-05,0
LA_D_9199016,0,0.0011799212,0
LA_D_9199774,0,6.354679e-05,0
LA_D_9227483,0,0.00023220282,0
LA_D_9253719,0,0.00026637223,0
LA_D_9275127,0,0.0003886694,0
LA_D_9326600,0,0.0004751207,0
LA_D_9371325,0,0.00032397718,0
LA_D_9371594,0,0.00067135843,0
LA_D_9480700,0,0.0007338088,0
LA_D_9486780,0,0.00011505805,0
LA_D_9487464,0,0.00010605068,0
LA_D_9503559,0,0.0001096759,0
LA_D_9515636,0,0.00052823237,0
LA_D_9526305,0,4.5866494e-05,0
LA_D_9533791,0,9.648357e-05,0
LA_D_9539564,0,0.00014543677,0
LA_D_9562534,0,3.4832396e-05,0
LA_D_9565733,0,8.8205124e-05,0
LA_D_9607409,0,0.00012814155,0
LA_D_9630382,0,0.00019337444,0
LA_D_9659541,0,0.006858255,0
LA_D_9673463,0,9.847702e-05,0
LA_D_9673567,0,0.00017004093,0
LA_D_9699186,0,0.00013077704,0
LA_D_9699780,0,5.4327687e-05,0
LA_D_9725667,0,7.273362e-05,0
LA_D_9784809,0,0.0002885217,0
LA_D_9824026,0,3.109204e-05,0
LA_D_9832683,0,0.00086588773,0
LA_D_9833484,0,0.0002516655,0
LA_D_9880841,0,0.00015249997,0
LA_D_9896645,0,8.429237e-05,0
LA_D_9914542,0,0.00062199455,0
LA_D_9915172,0,0.00024309837,0
LA_D_9932427,0,0.00021932302,0
LA_D_9937324,0,0.00019405673,0
LA_D_9952740,0,0.00019238886,0
LA_D_9986371,0,0.00012846319,0
LA_D_9990640,0,0.00015155076,0
LA_D_9996160,0,0.00020899983,0
LA_D_1043824,0,0.00076970324,0
LA_D_1056844,0,0.0011742952,0
LA_D_1088314,0,0.00089295243,0
LA_D_1088929,0,0.0014360982,0
LA_D_1108768,0,0.00057254854,0
LA_D_1141118,0,0.001322727,0
LA_D_1192749,0,0.0009248062,0
LA_D_1200542,0,0.0007669938,0
LA_D_1245233,0,0.0009276753,0
LA_D_1246251,0,0.00060755946,0
LA_D_1274207,0,0.002065007,0
LA_D_1274554,0,0.00049803907,0
LA_D_1300135,0,0.0014278045,0
LA_D_1322656,0,0.00043894348,0
LA_D_1359304,0,0.00086312654,0
LA_D_1412931,0,0.00085797464,0
LA_D_1415728,0,0.0019787964,0
LA_D_1422129,0,0.0009564273,0
LA_D_1461462,0,0.0015299588,0
LA_D_1539089,0,0.00047713108,0
LA_D_1580841,0,0.00045743646,0
LA_D_1589222,0,0.00086491636,0
LA_D_1615516,0,0.0011912669,0
LA_D_1616093,0,0.00063260365,0
LA_D_1649885,0,0.0055813575,0
LA_D_1659955,0,0.005921207,0
LA_D_1673360,0,0.0007074403,0
LA_D_1731771,0,0.0011861117,0
LA_D_1733253,0,0.006765863,0
LA_D_1798838,0,0.0009889421,0
LA_D_1816644,0,0.0007801682,0
LA_D_1831145,0,0.00069498894,0
LA_D_1834815,0,0.016618384,0
LA_D_1854905,0,0.0016506228,0
LA_D_1877966,0,0.00076256995,0
LA_D_1879539,0,0.0034259828,0
LA_D_1885226,0,0.0044467663,0
LA_D_1920639,0,0.00080030167,0
LA_D_1927087,0,0.0011036495,0
LA_D_1934985,0,0.0009432494,0
LA_D_1965512,0,0.001511112,0
LA_D_1985217,0,0.0020393361,0
LA_D_2074154,0,0.000555445,0
LA_D_2121556,0,0.00079538464,0
LA_D_2135966,0,0.0018916125,0
LA_D_2141097,0,0.00073467335,0
LA_D_2201205,0,0.00072730804,0
LA_D_2216664,0,0.0012381691,0
LA_D_2298248,0,0.001978773,0
LA_D_2341646,0,0.0009969424,0
LA_D_2376428,0,0.0009169735,0
LA_D_2393554,0,0.0006974871,0
LA_D_2425743,0,0.00068546424,0
LA_D_2461601,0,0.00096260087,0
LA_D_2467700,0,0.00084066583,0
LA_D_2475830,0,0.0010191513,0
LA_D_2525110,0,0.0024156545,0
LA_D_2533846,0,0.0005218154,0
LA_D_2564083,0,0.001470763,0
LA_D_2566965,0,0.004772044,0
LA_D_2644554,0,0.00065679586,0
LA_D_2676220,0,0.00071881193,0
LA_D_2685703,0,0.0015598114,0
LA_D_2707454,0,0.0009890769,0
LA_D_2708011,0,0.0012572746,0
LA_D_2734913,0,0.0006955827,0
LA_D_2796669,0,0.0008265947,0
LA_D_2896219,0,0.0011154063,0
LA_D_2950820,0,0.0007645491,0
LA_D_2962430,0,0.00054702966,0
LA_D_2983401,0,0.0018552435,0
LA_D_2998083,0,0.001366209,0
LA_D_3004782,0,0.0024554187,0
LA_D_3048061,0,0.025781488,0
LA_D_3088084,0,0.0007452598,0
LA_D_3113314,0,0.0015037204,0
LA_D_3117655,0,0.0030975258,0
LA_D_3150574,0,0.0018889946,0
LA_D_3179337,0,0.00064962794,0
LA_D_3195295,0,0.0012832871,0
LA_D_3258000,0,0.0007197579,0
LA_D_3333324,0,0.002303345,0
LA_D_3350240,0,0.001266322,0
LA_D_3538677,0,0.0025879855,0
LA_D_3553429,0,0.0005025415,0
LA_D_3555076,0,0.015112328,0
LA_D_3621506,0,0.00025568908,0
LA_D_3639895,0,0.0013091747,0
LA_D_3649862,0,0.0011643165,0
LA_D_3673082,0,0.00087299704,0
LA_D_3674534,0,0.0013021016,0
LA_D_3675542,0,0.0021878143,0
LA_D_3775817,0,0.0005426973,0
LA_D_3777433,0,0.004296278,0
LA_D_3828893,0,0.0012711901,0
LA_D_3855845,0,0.001411483,0
LA_D_3871798,0,0.0033423256,0
LA_D_3912485,0,0.0010644053,0
LA_D_3931582,0,0.001015437,0
LA_D_3969544,0,0.0008748107,0
LA_D_3979729,0,0.0006739111,0
LA_D_4042958,0,0.0006936513,0
LA_D_4096026,0,0.002533761,0
LA_D_4103125,0,0.000732466,0
LA_D_4116714,0,0.003385181,0
LA_D_4191537,0,0.0002640044,0
LA_D_4191826,0,0.0005944451,0
LA_D_4204191,0,0.0022998028,0
LA_D_4205821,0,0.0043159397,0
LA_D_4206329,0,0.00090992823,0
LA_D_4253070,0,0.0010226537,0
LA_D_4259794,0,0.000631514,0
LA_D_4262940,0,0.0008153194,0
LA_D_4266524,0,0.00062501006,0
LA_D_4302254,0,0.00091908197,0
LA_D_4333326,0,0.0007625903,0
LA_D_4373860,0,0.0003856299,0
LA_D_4394399,0,0.042597316,0
LA_D_4402495,0,0.00123873,0
LA_D_4407872,0,0.00158326,0
LA_D_4504946,0,0.0005586708,0
LA_D_4510369,0,0.00062946667,0
LA_D_4552742,0,0.0010547544,0
LA_D_4590771,0,0.0008930971,0
LA_D_4598678,0,0.0007236379,0
LA_D_4611322,0,0.0017243079,0
LA_D_4627714,0,0.00062296126,0
LA_D_4669726,0,0.0012801504,0
LA_D_4681179,0,0.00108933,0
LA_D_4708806,0,0.0033970547,0
LA_D_4713595,0,0.00074812747,0
LA_D_4764117,0,0.0006708963,0
LA_D_4765823,0,0.0022999877,0
LA_D_4843399,0,0.00068163377,0
LA_D_4888907,0,0.00090486015,0
LA_D_4896823,0,0.0073759016,0
LA_D_4927828,0,0.0021335648,0
LA_D_4944706,0,0.0014592537,0
LA_D_4995679,0,0.00055929867,0
LA_D_4996496,0,0.0014900813,0
LA_D_5018816,0,0.0009982465,0
LA_D_5092434,0,0.1356237,0
LA_D_5109502,0,0.021674471,0
LA_D_5163083,0,0.0008920892,0
LA_D_5228503,0,0.00057054195,0
LA_D_5239525,0,0.000563642,0
LA_D_5246094,0,0.0029682047,0
LA_D_5269386,0,0.004511375,0
LA_D_5318221,0,0.0011879343,0
LA_D_5350529,0,0.0024770517,0
LA_D_5402017,0,0.0006951632,0
LA_D_5426906,0,0.0005287389,0
LA_D_5432736,0,0.0007613153,0
LA_D_5453346,0,0.0011699911,0
LA_D_5462805,0,0.0008308466,0
LA_D_5490168,0,0.0018989262,0
LA_D_5592383,0,0.00084555836,0
LA_D_5593819,0,0.0006921435,0
LA_D_5621900,0,0.0010229972,0
LA_D_5639584,0,0.00043560585,0
LA_D_5642763,0,0.0004950164,0
LA_D_5662897,0,0.0009961089,0
LA_D_5691372,0,0.0022708953,0
LA_D_5733338,0,0.000627377,0
LA_D_5765155,0,0.0012030224,0
LA_D_5814298,0,0.00082500005,0
LA_D_5866992,0,0.01722698,0
LA_D_5867393,0,0.00118356,0
LA_D_5871349,0,0.00080486556,0
LA_D_5897721,0,0.00035061504,0
LA_D_5927325,0,0.0005957088,0
LA_D_6004959,0,0.00050533493,0
LA_D_6017131,0,0.00088529824,0
LA_D_6022964,0,0.0010252642,0
LA_D_6028528,0,0.0005054968,0
LA_D_6055459,0,0.00075832166,0
LA_D_6056258,0,0.0009920885,0
LA_D_6237040,0,0.00059242366,0
LA_D_6246305,0,0.0009453002,0
LA_D_6331537,0,0.0007353381,0
LA_D_6339525,0,0.0014646684,0
LA_D_6367650,0,0.0031310713,0
LA_D_6371255,0,0.0013125263,0
LA_D_6414092,0,0.0012320857,0
LA_D_6422582,0,0.0007369705,0
LA_D_6424715,0,0.0003103595,0
LA_D_6452637,0,0.0015405766,0
LA_D_6553554,0,0.0029131891,0
LA_D_6577158,0,0.00074042694,0
LA_D_6634201,0,0.0009826187,0
LA_D_6692967,0,0.010016233,0
LA_D_6699665,0,0.003900606,0
LA_D_6757990,0,0.00078839133,0
LA_D_6788465,0,0.0005267708,0
LA_D_6837161,0,0.0004386987,0
LA_D_6863055,0,0.0022630747,0
LA_D_6877026,0,0.00089434325,0
LA_D_6895177,0,0.0029961432,0
LA_D_6904064,0,0.0014186274,0
LA_D_7041661,0,0.0011605512,0
LA_D_7045415,0,0.00041748903,0
LA_D_7166738,0,0.002278898,0
LA_D_7167134,0,0.0013231692,0
LA_D_7176031,0,0.0038467715,0
LA_D_7182532,0,0.0017361003,0
LA_D_7249074,0,0.0010933856,0
LA_D_7254011,0,0.00044694118,0
LA_D_7261537,0,0.0016433304,0
LA_D_7282044,0,0.013727056,0
LA_D_7382039,0,0.005156503,0
LA_D_7479581,0,0.0012002805,0
LA_D_7509263,0,0.0010943777,0
LA_D_7520400,0,0.0008781269,0
LA_D_7526293,0,0.0012925109,0
LA_D_7603558,0,0.0032287978,0
LA_D_7645542,0,0.0016743921,0
LA_D_7690544,0,0.00053514866,0
LA_D_7721167,0,0.0014758074,0
LA_D_7768286,0,0.0006908166,0
LA_D_7775067,0,0.00081364176,0
LA_D_7784356,0,0.0049743922,0
LA_D_7896930,0,0.0009802586,0
LA_D_7930498,0,0.0010538895,0
LA_D_7948287,0,0.0016178704,0
LA_D_7959836,0,0.0013215118,0
LA_D_7963921,0,0.0006662046,0
LA_D_7969154,0,0.00032702542,0
LA_D_7981282,0,0.0005986468,0
LA_D_7991093,0,0.0017463646,0
LA_D_8029513,0,0.0011054919,0
LA_D_8055923,0,0.000721162,0
LA_D_8089053,0,0.00051420863,0
LA_D_8100525,0,0.0012005189,0
LA_D_8108711,0,0.0012402082,0
LA_D_8173750,0,0.0007346268,0
LA_D_8176963,0,0.001237681,0
LA_D_8181591,0,0.003976536,0
LA_D_8192015,0,0.0007131256,0
LA_D_8231246,0,0.016335806,0
LA_D_8261853,0,0.004758002,0
LA_D_8316696,0,0.0013801135,0
LA_D_8320443,0,0.0019787692,0
LA_D_8322509,0,0.000893415,0
LA_D_8322984,0,0.00092624186,0
LA_D_8336903,0,0.00079058966,0
LA_D_8446758,0,0.00409636,0
LA_D_8458426,0,0.0007832201,0
LA_D_8465272,0,0.0018102146,0
LA_D_8524503,0,0.0015703017,0
LA_D_8531203,0,0.0004980887,0
LA_D_8560313,0,0.00062886224,0
LA_D_8613483,0,0.00045995697,0
LA_D_8624407,0,0.0009457848,0
LA_D_8653066,0,0.0007511943,0
LA_D_8704593,0,0.00026277066,0
LA_D_8712202,0,0.0007022888,0
LA_D_8716948,0,0.00087786047,0
LA_D_8732956,0,0.0009954211,0
LA_D_8766024,0,0.000791805,0
LA_D_8772966,0,0.0014297296,0
LA_D_8788165,0,0.0009182158,0
LA_D_8794217,0,0.0007019382,0
LA_D_8795367,0,0.0015774987,0
LA_D_8800518,0,0.0009810055,0
LA_D_8824981,0,0.00087246357,0
LA_D_8840072,0,0.0007083795,0
LA_D_8861570,0,0.00030543804,0
LA_D_8875680,0,0.0008106426,0
LA_D_8881354,0,0.0008276748,0
LA_D_8910316,0,0.0005897729,0
LA_D_8961138,0,0.0020722817,0
LA_D_8975234,0,0.017860236,0
LA_D_8998984,0,0.001423803,0
LA_D_9011396,0,0.0015897971,0
LA_D_9030143,0,0.001091003,0
LA_D_9058027,0,0.00083345146,0
LA_D_9111429,0,0.000891853,0
LA_D_9122497,0,0.00084606686,0
LA_D_9180251,0,0.0008368311,0
LA_D_9237935,0,0.0007004147,0
LA_D_9241230,0,0.0007442215,0
LA_D_9242112,0,0.0010732281,0
LA_D_9244255,0,0.00076397887,0
LA_D_9305654,0,0.00066262035,0
LA_D_9335272,0,0.0010428494,0
LA_D_9354813,0,0.0011240585,0
LA_D_9383850,0,0.00074279023,0
LA_D_9401339,0,0.0031834657,0
LA_D_9406043,0,0.00093048,0
LA_D_9430378,0,0.0017110507,0
LA_D_9440328,0,0.0007772512,0
LA_D_9455279,0,0.00081919215,0
LA_D_9477633,0,0.001805407,0
LA_D_9489571,0,0.0009437105,0
LA_D_9588984,0,0.0018779775,0
LA_D_9633618,0,0.0010732148,0
LA_D_9676279,0,0.00081605354,0
LA_D_9685224,0,0.0013661016,0
LA_D_9695805,0,0.00032041187,0
LA_D_9710580,0,0.0008014396,0
LA_D_9731844,0,0.026489079,0
LA_D_9748213,0,0.00080049393,0
LA_D_9806222,0,0.003177869,0
LA_D_9821371,0,0.0005644105,0
LA_D_9860564,0,0.0020946458,0
LA_D_9864384,0,0.0026175166,0
LA_D_9953809,0,0.0011636446,0
LA_D_9963628,0,0.0011122291,0
LA_D_1039139,0,0.0004508011,0
LA_D_1048347,0,0.00060242077,0
LA_D_1073972,0,0.00046761904,0
LA_D_1086287,0,4.685613e-05,0
LA_D_1140647,0,0.00020188367,0
LA_D_1147199,0,8.944567e-05,0
LA_D_1221886,0,0.0004126551,0
LA_D_1221909,0,7.5096665e-05,0
LA_D_1239313,0,0.00017801873,0
LA_D_1242151,0,0.00031866084,0
LA_D_1251337,0,0.0034202377,0
LA_D_1285074,0,0.00017510811,0
LA_D_1288236,0,0.00020403325,0
LA_D_1309241,0,9.482931e-05,0
LA_D_1345967,0,0.00048648514,0
LA_D_1381057,0,0.00013411914,0
LA_D_1388176,0,0.00017085845,0
LA_D_1408615,0,0.00053038314,0
LA_D_1431732,0,0.00016119544,0
LA_D_1463387,0,0.0021874064,0
LA_D_1482457,0,0.00016898838,0
LA_D_1536794,0,0.00011152645,0
LA_D_1539801,0,0.00015767214,0
LA_D_1544370,0,3.6008176e-05,0
LA_D_1597981,0,0.00039701816,0
LA_D_1603998,0,0.00015892145,0
LA_D_1611876,0,0.00018758088,0
LA_D_1620917,0,0.0002715525,0
LA_D_1625190,0,0.00010819969,0
LA_D_1704825,0,4.1031108e-05,0
LA_D_1711648,0,0.00015304885,0
LA_D_1714107,0,0.00011517705,0
LA_D_1783314,0,0.00078302756,0
LA_D_1784577,0,0.0010728794,0
LA_D_1832625,0,0.00013828099,0
LA_D_1851098,0,0.00031886264,0
LA_D_1856840,0,0.00020870553,0
LA_D_1873253,0,0.00017079752,0
LA_D_1997028,0,0.0002645716,0
LA_D_2005741,0,0.00038507133,0
LA_D_2017424,0,0.00011042348,0
LA_D_2027962,0,7.233596e-05,0
LA_D_2123023,0,2.0243968e-05,0
LA_D_2142945,0,0.00014455826,0
LA_D_2172486,0,0.00017516522,0
LA_D_2188345,0,6.06392e-05,0
LA_D_2198817,0,0.00045668037,0
LA_D_2201640,0,0.0015140293,0
LA_D_2252538,0,0.00038313871,0
LA_D_2288713,0,0.00030882584,0
LA_D_2291346,0,7.2740695e-05,0
LA_D_2323727,0,0.00015129318,0
LA_D_2362639,0,0.00074994547,0
LA_D_2386679,0,0.00011916883,0
LA_D_2391531,0,4.1299387e-05,0
LA_D_2417545,0,1.5312884e-05,0
LA_D_2436190,0,5.1399893e-05,0
LA_D_2485889,0,0.00029005573,0
LA_D_2545382,0,0.0012219405,0
LA_D_2599187,0,4.2236217e-05,0
LA_D_2614736,0,6.17898e-05,0
LA_D_2649373,0,0.0003113345,0
LA_D_2655792,0,0.00010974452,0
LA_D_2754048,0,0.0003701307,0
LA_D_2754891,0,0.00017296644,0
LA_D_2761884,0,0.00027984468,0
LA_D_2857417,0,0.001408142,0
LA_D_2872153,0,1.5486163e-05,0
LA_D_2874608,0,0.00025065712,0
LA_D_2877559,0,2.4583653e-05,0
LA_D_2901378,0,0.000115796705,0
LA_D_2916363,0,0.00021368006,0
LA_D_2930227,0,0.00019876081,0
LA_D_2931921,0,2.575939e-05,0
LA_D_2993177,0,0.00012368649,0
LA_D_3004388,0,0.00015722324,0
LA_D_3048603,0,0.003968615,0
LA_D_3055190,0,0.00010977509,0
LA_D_3065329,0,9.633941e-05,0
LA_D_3099702,0,0.00021983575,0
LA_D_3099765,0,0.0003555032,0
LA_D_3109115,0,2.5407673e-05,0
LA_D_3124979,0,0.000391384,0
LA_D_3131698,0,0.00013821363,0
LA_D_3201304,0,0.00042238727,0
LA_D_3202961,0,3.320634e-05,0
LA_D_3282353,0,0.00012632197,0
LA_D_3288700,0,0.0006134444,0
LA_D_3290536,0,0.00015841053,0
LA_D_3321895,0,6.2458465e-05,0
LA_D_3325754,0,0.0001479146,0
LA_D_3362112,0,6.183578e-05,0
LA_D_3388522,0,0.0003790413,0
LA_D_3392719,0,0.00041977674,0
LA_D_3406031,0,0.00024127743,0
LA_D_3440162,0,0.0035714933,0
LA_D_3466044,0,0.0005241108,0
LA_D_3487752,0,6.2956824e-05,0
LA_D_3527928,0,0.00053731736,0
LA_D_3528626,0,0.00018403164,0
LA_D_3560287,0,0.00013051368,0
LA_D_3571998,0,0.000341186,0
LA_D_3588236,0,0.00073619594,0
LA_D_3591268,0,0.00084299,0
LA_D_3592558,0,0.0002554688,0
LA_D_3598874,0,0.00033277777,0
LA_D_3609350,0,0.00026349872,0
LA_D_3620195,0,0.00031712485,0
LA_D_3685537,0,0.00023498142,0
LA_D_3701395,0,0.0011361468,0
LA_D_3766418,0,0.00022005531,0
LA_D_3776986,0,0.00023477494,0
LA_D_3802428,0,3.8243554e-05,0
LA_D_3836323,0,0.00010755511,0
LA_D_3842769,0,6.0263632e-05,0
LA_D_3905640,0,8.395184e-05,0
LA_D_3913619,0,0.00016809245,0
LA_D_3913963,0,0.00042162894,0
LA_D_3939556,0,0.0012793337,0
LA_D_3944698,0,0.00059237453,0
LA_D_3961777,0,0.0033483466,0
LA_D_3962756,0,0.0007283616,0
LA_D_3968374,0,0.00015391597,0
LA_D_3978838,0,0.00037730235,0
LA_D_3983408,0,0.0006980714,0
LA_D_3992187,0,4.1623443e-05,0
LA_D_3993716,0,0.00012647433,0
LA_D_4048492,0,7.129082e-05,0
LA_D_4072384,0,0.0001277174,0
LA_D_4119433,0,0.00016514701,0
LA_D_4140334,0,0.00018759018,0
LA_D_4164321,0,0.00021396443,0
LA_D_4169471,0,0.0006762675,0
LA_D_4176806,0,0.00013664164,0
LA_D_4183043,0,0.00029505443,0
LA_D_4198345,0,0.00021927139,0
LA_D_4210361,0,0.000143905,0
LA_D_4214532,0,0.00032647935,0
LA_D_4230768,0,7.1448856e-05,0
LA_D_4238241,0,6.7597466e-05,0
LA_D_4255447,0,0.0005476056,0
LA_D_4282121,0,0.00011232265,0
LA_D_4296919,0,0.0002424357,0
LA_D_4320168,0,0.00020437514,0
LA_D_4341923,0,0.00045804775,0
LA_D_4407489,0,0.00010511366,0
LA_D_4410974,0,0.00013343667,0
LA_D_4432822,0,0.0001529495,0
LA_D_4495766,0,0.0002473097,0
LA_D_4521523,0,0.00024688378,0
LA_D_4534583,0,8.371521e-05,0
LA_D_4542167,0,0.0012398668,0
LA_D_4575352,0,0.00044744034,0
LA_D_4579048,0,0.00049398135,0
LA_D_4609177,0,0.00017388187,0
LA_D_4609622,0,0.00011148064,0
LA_D_4610333,0,0.0001357343,0
LA_D_4615434,0,8.09008e-05,0
LA_D_4638796,0,0.000110387904,0
LA_D_4641933,0,0.00016047251,0
LA_D_4654330,0,0.00037374732,0
LA_D_4657107,0,0.00013518664,0
LA_D_4673595,0,5.3512915e-05,0
LA_D_4675553,0,0.0018784248,0
LA_D_4686032,0,2.2078117e-05,0
LA_D_4686386,0,3.9161525e-05,0
LA_D_4722400,0,3.7273625e-05,0
LA_D_4733662,0,0.00015826515,0
LA_D_4758309,0,0.000120446995,0
LA_D_4774815,0,0.00057052803,0
LA_D_4782016,0,0.0002768143,0
LA_D_4836375,0,0.0006112981,0
LA_D_4889508,0,0.00050643866,0
LA_D_4920577,0,0.0005480053,0
LA_D_4994551,0,0.00020076608,0
LA_D_5006461,0,0.00029190976,0
LA_D_5071327,0,0.00013370618,0
LA_D_5128130,0,0.00018373533,0
LA_D_5157134,0,0.00021410301,0
LA_D_5170078,0,0.00046086236,0
LA_D_5182485,0,0.0002431044,0
LA_D_5191983,0,0.0005994364,0
LA_D_5194315,0,0.00011804048,0
LA_D_5198994,0,0.00016061011,0
LA_D_5204212,0,0.00029995904,0
LA_D_5233163,0,0.00025097255,0
LA_D_5242024,0,9.1578935e-05,0
LA_D_5259188,0,4.084228e-05,0
LA_D_5260119,0,5.5596396e-05,0
LA_D_5264556,0,0.0001689146,0
LA_D_5277511,0,0.0001724145,0
LA_D_5318067,0,9.1035625e-05,0
LA_D_5320783,0,9.468365e-05,0
LA_D_5337117,0,0.00027774402,0
LA_D_5343311,0,2.8598664e-05,0
LA_D_5347974,0,0.00015005516,0
LA_D_5356184,0,0.003488478,0
LA_D_5398124,0,4.0895906e-05,0
LA_D_5421873,0,5.2477335e-05,0
LA_D_5425041,0,0.00031624959,0
LA_D_5434356,0,8.976721e-05,0
LA_D_5440849,0,6.948485e-05,0
LA_D_5485420,0,0.0009767482,0
LA_D_5485641,0,0.00041847106,0
LA_D_5494239,0,0.0032409672,0
LA_D_5504869,0,1.2160776e-05,0
LA_D_5507640,0,0.00010372842,0
LA_D_5520997,0,0.00073150714,0
LA_D_5525698,0,0.0011289578,0
LA_D_5527718,0,7.530449e-05,0
LA_D_5529420,0,0.00020502762,0
LA_D_5567164,0,0.00019503635,0
LA_D_5613254,0,0.00010894314,0
LA_D_5647507,0,0.00022832201,0
LA_D_5658035,0,0.0003743266,0
LA_D_5693315,0,0.0003749491,0
LA_D_5707973,0,0.00045983907,0
LA_D_5739561,0,0.00017806728,0
LA_D_5814082,0,0.00010197212,0
LA_D_5835729,0,0.0005854805,0
LA_D_5852175,0,0.0002694337,0
LA_D_5858599,0,4.6902354e-05,0
LA_D_5894538,0,0.00013211112,0
LA_D_5899353,0,0.00011782164,0
LA_D_5905495,0,0.00017508974,0
LA_D_5917788,0,0.0002451651,0
LA_D_5918913,0,0.00010255996,0
LA_D_5921381,0,0.00020893828,0
LA_D_5933472,0,8.606399e-05,0
LA_D_5962669,0,0.000115940784,0
LA_D_6027288,0,0.00023166013,0
LA_D_6038110,0,0.00039808897,0
LA_D_6065472,0,2.6103617e-05,0
LA_D_6074404,0,4.3280266e-05,0
LA_D_6116156,0,0.0002295124,0
LA_D_6122657,0,0.0034192493,0
LA_D_6132835,0,3.077557e-05,0
LA_D_6232550,0,4.7828882e-05,0
LA_D_6257881,0,7.0965514e-05,0
LA_D_6261315,0,0.00047517556,0
LA_D_6296466,0,0.001222242,0
LA_D_6354261,0,0.00022827325,0
LA_D_6380154,0,4.5078068e-05,0
LA_D_6426863,0,0.00020047513,0
LA_D_6426887,0,0.00017708218,0
LA_D_6503636,0,0.00017563485,0
LA_D_6537993,0,0.0036502401,0
LA_D_6573047,0,0.001841182,0
LA_D_6589288,0,0.00053884106,0
LA_D_6626704,0,0.0007961619,0
LA_D_6640884,0,0.0012918451,0
LA_D_6655218,0,0.0001295442,0
LA_D_6658491,0,0.00013865624,0
LA_D_6668678,0,0.00020207165,0
LA_D_6681088,0,0.000168356,0
LA_D_6710896,0,0.00013889931,0
LA_D_6715399,0,0.00014006988,0
LA_D_6721387,0,0.00017729471,0
LA_D_6735934,0,0.0030512547,0
LA_D_6739692,0,0.00043119496,0
LA_D_6761573,0,0.00012310769,0
LA_D_6836932,0,0.0014012749,0
LA_D_6844665,0,0.00024446624,0
LA_D_6850823,0,0.00017222125,0
LA_D_6886899,0,0.00026242388,0
LA_D_6913182,0,0.00076784316,0
LA_D_6943890,0,1.8876462e-05,0
LA_D_6952051,0,0.00014279602,0
LA_D_6984478,0,0.0005553429,0
LA_D_7001993,0,6.5162436e-05,0
LA_D_7027043,0,0.00015114048,0
LA_D_7032136,0,6.0455994e-05,0
LA_D_7038850,0,0.00011708256,0
LA_D_7042766,0,0.00023962471,0
LA_D_7042962,0,0.00027170428,0
LA_D_7059979,0,0.0003712226,0
LA_D_7068087,0,0.00022620587,0
LA_D_7093402,0,0.0001992781,0
LA_D_7116488,0,4.9346683e-05,0
LA_D_7120234,0,5.014119e-05,0
LA_D_7167976,0,0.00024502043,0
LA_D_7191777,0,0.00058362324,0
LA_D_7223220,0,4.634437e-05,0
LA_D_7236647,0,0.00032695808,0
LA_D_7239373,0,0.00049659045,0
LA_D_7263077,0,3.5025525e-05,0
LA_D_7279307,0,7.205273e-05,0
LA_D_7286303,0,0.00019147676,0
LA_D_7294510,0,1.7956492e-05,0
LA_D_7299134,0,0.0005571717,0
LA_D_7306327,0,0.00030405415,0
LA_D_7309140,0,0.00013768836,0
LA_D_7315445,0,2.9699158e-05,0
LA_D_7350586,0,3.5883124e-05,0
LA_D_7373868,0,8.7618646e-05,0
LA_D_7374243,0,0.00036823,0
LA_D_7415677,0,7.705802e-05,0
LA_D_7432070,0,4.028387e-05,0
LA_D_7445190,0,0.0005745044,0
LA_D_7529026,0,0.00011640396,0
LA_D_7542467,0,5.048275e-05,0
LA_D_7552264,0,0.00033254432,0
LA_D_7572613,0,0.001284557,0
LA_D_7574385,0,0.0006231056,0
LA_D_7582835,0,0.00010527335,0
LA_D_7584092,0,9.037659e-05,0
LA_D_7586206,0,0.0012122132,0
LA_D_7588186,0,0.00046622817,0
LA_D_7600602,0,0.00024991567,0
LA_D_7615544,0,5.55264e-05,0
LA_D_7691445,0,0.00075382146,0
LA_D_7695039,0,0.000507684,0
LA_D_7695465,0,0.00010030198,0
LA_D_7701169,0,0.000285133,0
LA_D_7713348,0,0.00027057304,0
LA_D_7748377,0,0.00018502168,0
LA_D_7749562,0,0.00012421032,0
LA_D_7775951,0,0.00013033186,0
LA_D_7825964,0,0.00014760929,0
LA_D_7829594,0,0.00034285532,0
LA_D_7832933,0,0.00012421446,0
LA_D_7834222,0,8.146377e-05,0
LA_D_7843002,0,0.00021621624,0
LA_D_7844644,0,0.00015301413,0
LA_D_7848357,0,0.00010722393,0
LA_D_7961484,0,0.00023073475,0
LA_D_7977738,0,0.0012580892,0
LA_D_8007626,0,0.00017112322,0
LA_D_8023041,0,0.00015135783,0
LA_D_8072757,0,7.080052e-05,0
LA_D_8099337,0,0.0038570757,0
LA_D_8127140,0,0.00033721875,0
LA_D_8130065,0,0.00028916803,0
LA_D_8185366,0,0.00048906443,0
LA_D_8187526,0,0.0007020516,0
LA_D_8191100,0,3.9995553e-05,0
LA_D_8194762,0,0.00022411614,0
LA_D_8254731,0,0.00046408587,0
LA_D_8267517,0,6.492624e-05,0
LA_D_8268464,0,0.00012055361,0
LA_D_8289361,0,0.0004606647,0
LA_D_8296972,0,0.00023775696,0
LA_D_8318612,0,0.0004294823,0
LA_D_8370029,0,9.724765e-05,0
LA_D_8370479,0,0.00033356674,0
LA_D_8372744,0,0.00043131047,0
LA_D_8397498,0,0.0003974703,0
LA_D_8415664,0,5.4564454e-05,0
LA_D_8456126,0,0.00052277744,0
LA_D_8460539,0,0.00019829895,0
LA_D_8541506,0,0.0002499724,0
LA_D_8544672,0,5.66228e-05,0
LA_D_8615795,0,8.255476e-05,0
LA_D_8618432,0,0.00039536654,0
LA_D_8626873,0,0.00022940889,0
LA_D_8695222,0,0.001740363,0
LA_D_8726450,0,0.00046122802,0
LA_D_8783766,0,0.0003829558,0
LA_D_8793320,0,0.00017758521,0
LA_D_8815599,0,8.477627e-05,0
LA_D_8819400,0,0.00021940251,0
LA_D_8845423,0,0.00021277188,0
LA_D_8867212,0,0.00014145127,0
LA_D_8867270,0,0.00024938586,0
LA_D_8892243,0,0.0005642771,0
LA_D_8917998,0,0.00025429841,0
LA_D_8932075,0,0.0002915854,0
LA_D_8942534,0,7.910122e-05,0
LA_D_8963064,0,0.00020996736,0
LA_D_8966779,0,0.0005800229,0
LA_D_9002280,0,0.0008041848,0
LA_D_9040549,0,5.7671834e-05,0
LA_D_9076740,0,0.00023543845,0
LA_D_9076770,0,5.0170944e-05,0
LA_D_9094015,0,0.000321938,0
LA_D_9095479,0,0.00023249655,0
LA_D_9181985,0,0.0062874793,0
LA_D_9199206,0,0.00026923776,0
LA_D_9209246,0,2.435771e-05,0
LA_D_9213158,0,9.50078e-05,0
LA_D_9241874,0,3.2634354e-05,0
LA_D_9325677,0,7.0055044e-05,0
LA_D_9327205,0,0.0004112245,0
LA_D_9395571,0,0.0002406757,0
LA_D_9410304,0,2.618632e-05,0
LA_D_9419166,0,2.1893882e-05,0
LA_D_9438704,0,9.82967e-05,0
LA_D_9472360,0,0.0001883192,0
LA_D_9491705,0,0.00032460075,0
LA_D_9497100,0,0.00014162254,0
LA_D_9497941,0,0.00023828553,0
LA_D_9501529,0,3.1494976e-05,0
LA_D_9553450,0,0.00033954642,0
LA_D_9603467,0,4.0085895e-05,0
LA_D_9604114,0,0.00015479952,0
LA_D_9630829,0,0.00019748326,0
LA_D_9695291,0,0.0002777406,0
LA_D_9711196,0,0.0003128851,0
LA_D_9711240,0,0.0007537923,0
LA_D_9739905,0,0.00019334456,0
LA_D_9747461,0,0.0007690573,0
LA_D_9748332,0,0.0027457883,0
LA_D_9780476,0,0.00029867265,0
LA_D_9814040,0,0.00023433036,0
LA_D_9820074,0,0.0004277456,0
LA_D_9830381,0,6.388017e-05,0
LA_D_9840469,0,6.068391e-05,0
LA_D_9853172,0,5.8046746e-05,0
LA_D_9874583,0,0.0002938801,0
LA_D_9883936,0,0.00014500278,0
LA_D_9895350,0,5.5254688e-05,0
LA_D_9911701,0,6.401085e-05,0
LA_D_9952323,0,0.0012985998,0
LA_D_9969564,0,0.0004703718,0
LA_D_1029606,0,0.000123456,0
LA_D_1052124,0,0.00055949326,0
LA_D_1083957,0,4.4810196e-05,0
LA_D_1084800,0,0.00012215118,0
LA_D_1087236,0,9.5983814e-05,0
LA_D_1113123,0,0.00010491358,0
LA_D_1168419,0,0.0005912205,0
LA_D_1226191,0,0.00045767133,0
LA_D_1247401,0,0.00010919044,0
LA_D_1254787,0,0.0001987324,0
LA_D_1287933,0,4.760777e-05,0
LA_D_1340997,0,4.5385746e-05,0
LA_D_1341055,0,0.00021736341,0
LA_D_1397617,0,0.00016492337,0
LA_D_1432705,0,0.0023933141,0
LA_D_1448058,0,0.00087617786,0
LA_D_1468938,0,6.455606e-05,0
LA_D_1491936,0,0.0017318677,0
LA_D_1492428,0,8.27757e-06,0
LA_D_1504555,0,0.00020537138,0
LA_D_1571128,0,0.0008537267,0
LA_D_1598091,0,0.0002942154,0
LA_D_1622483,0,1.4217873e-05,0
LA_D_1642025,0,6.767532e-05,0
LA_D_1652144,0,9.539672e-05,0
LA_D_1667446,0,6.559574e-05,0
LA_D_1691998,0,3.8053466e-05,0
LA_D_1703470,0,5.9706017e-05,0
LA_D_1823913,0,8.959352e-05,0
LA_D_1862205,0,6.1231905e-05,0
LA_D_1903430,0,0.00016834283,0
LA_D_1923328,0,9.064745e-05,0
LA_D_1937650,0,8.0080295e-05,0
LA_D_1939085,0,0.00031728548,0
LA_D_1964826,0,0.00011124702,0
LA_D_1970302,0,9.106566e-05,0
LA_D_1986407,0,0.00015690752,0
LA_D_2082512,0,7.6742625e-05,0
LA_D_2103152,0,7.944169e-05,0
LA_D_2110587,0,1.8214005e-05,0
LA_D_2113104,0,0.0009786264,0
LA_D_2207462,0,0.0016108542,0
LA_D_2223569,0,0.00024894683,0
LA_D_2227292,0,0.010029291,0
LA_D_2238824,0,0.00022212073,0
LA_D_2263743,0,9.724247e-06,0
LA_D_2288054,0,0.00017497591,0
LA_D_2295069,0,5.184037e-05,0
LA_D_2298574,0,0.00013100993,0
LA_D_2304305,0,0.00010105369,0
LA_D_2309823,0,0.0010956107,0
LA_D_2317032,0,3.837156e-05,0
LA_D_2333530,0,0.00028071765,0
LA_D_2372128,0,0.00038656796,0
LA_D_2390461,0,8.722449e-05,0
LA_D_2410631,0,7.4615695e-05,0
LA_D_2443087,0,8.14807e-05,0
LA_D_2479103,0,0.00028067216,0
LA_D_2490886,0,0.0004312527,0
LA_D_2573622,0,0.00029133284,0
LA_D_2600197,0,7.705237e-05,0
LA_D_2626718,0,8.8816036e-05,0
LA_D_2638287,0,0.000109445005,0
LA_D_2656557,0,0.0003621494,0
LA_D_2666429,0,9.644291e-05,0
LA_D_2729675,0,0.00013484816,0
LA_D_2735904,0,0.0012574914,0
LA_D_2752407,0,6.108011e-05,0
LA_D_2756344,0,0.0003652909,0
LA_D_2847845,0,0.00019879456,0
LA_D_2852269,0,0.00018817419,0
LA_D_2855965,0,0.00020481952,0
LA_D_2876907,0,0.00074890564,0
LA_D_2878565,0,2.5714522e-05,0
LA_D_2901547,0,0.00012233919,0
LA_D_2955664,0,6.453095e-05,0
LA_D_2963628,0,0.00027092514,0
LA_D_2966325,0,6.0120365e-05,0
LA_D_2981926,0,0.0003122941,0
LA_D_3050425,0,5.538082e-05,0
LA_D_3064498,0,6.760972e-05,0
LA_D_3076331,0,6.351529e-05,0
LA_D_3077841,0,0.00042477038,0
LA_D_3084595,0,4.087555e-05,0
LA_D_3099139,0,9.3422495e-05,0
LA_D_3104265,0,0.000104207276,0
LA_D_3140574,0,8.98885e-05,0
LA_D_3151999,0,4.2874395e-05,0
LA_D_3257359,0,6.709704e-05,0
LA_D_3289644,0,7.123482e-05,0
LA_D_3304166,0,0.00035172436,0
LA_D_3304705,0,0.00021559576,0
LA_D_3310432,0,0.00048641788,0
LA_D_3311498,0,0.00047801487,0
LA_D_3390471,0,3.2720425e-05,0
LA_D_3390671,0,0.0007948933,0
LA_D_3390960,0,0.00064637174,0
LA_D_3457413,0,6.29761e-05,0
LA_D_3474687,0,0.000102644684,0
LA_D_3490885,0,7.265155e-05,0
LA_D_3587778,0,0.0005963871,0
LA_D_3602354,0,0.00027578822,0
LA_D_3617684,0,9.346259e-05,0
LA_D_3670871,0,0.00022166333,0
LA_D_3672627,0,0.00012434802,0
LA_D_3731862,0,0.00032166063,0
LA_D_3753870,0,0.000483925,0
LA_D_3829895,0,3.3915647e-05,0
LA_D_3864988,0,0.00011029373,0
LA_D_3870377,0,0.00047654106,0
LA_D_3882541,0,0.00013905013,0
LA_D_3884708,0,0.00022206038,0
LA_D_3897435,0,0.0006187034,0
LA_D_3921756,0,3.7130576e-05,0
LA_D_3943903,0,0.00015350661,0
LA_D_3947988,0,6.389156e-05,0
LA_D_3961466,0,1.9170537e-05,0
LA_D_4007402,0,0.00034323454,0
LA_D_4038984,0,0.0017152799,0
LA_D_4055931,0,0.00036539073,0
LA_D_4065822,0,0.0010069573,0
LA_D_4093293,0,0.0012894849,0
LA_D_4126687,0,2.2568052e-05,0
LA_D_4156385,0,7.434622e-05,0
LA_D_4163117,0,0.0004088458,0
LA_D_4181954,0,3.5405075e-05,0
LA_D_4211012,0,0.0002946359,0
LA_D_4234951,0,5.1447267e-05,0
LA_D_4243231,0,0.0013968686,0
LA_D_4276636,0,0.00039713265,0
LA_D_4292190,0,0.00055493304,0
LA_D_4298361,0,0.00036735449,0
LA_D_4305238,0,0.00010346574,0
LA_D_4311165,0,0.00018393657,0
LA_D_4334642,0,0.0005602268,0
LA_D_4336024,0,0.036428757,0
LA_D_4350851,0,0.00011254961,0
LA_D_4355020,0,4.0439714e-05,0
LA_D_4361943,0,0.00029316705,0
LA_D_4372295,0,0.00015030448,0
LA_D_4374564,0,6.312437e-05,0
LA_D_4375051,0,9.150281e-05,0
LA_D_4390307,0,5.1599483e-05,0
LA_D_4391563,0,0.0001319652,0
LA_D_4417257,0,0.00019511001,0
LA_D_4436297,0,0.00012819325,0
LA_D_4453806,0,0.0002474352,0
LA_D_4463094,0,0.00018007934,0
LA_D_4505477,0,2.6548812e-05,0
LA_D_4533955,0,9.743357e-05,0
LA_D_4568370,0,3.7262675e-05,0
LA_D_4568424,0,0.0008443844,0
LA_D_4602007,0,8.31849e-05,0
LA_D_4610040,0,0.00030415304,0
LA_D_4630224,0,5.244812e-05,0
LA_D_4633338,0,0.00014757016,0
LA_D_4648977,0,0.00012005082,0
LA_D_4659487,0,0.00080319983,0
LA_D_4676410,0,0.00012989885,0
LA_D_4680226,0,0.0006388613,0
LA_D_4690232,0,0.00035645475,0
LA_D_4691564,0,0.0013319935,0
LA_D_4698459,0,0.00031308975,0
LA_D_4740585,0,0.00017692505,0
LA_D_4789290,0,1.672206e-05,0
LA_D_4794598,0,0.011454188,0
LA_D_4804010,0,0.00050747255,0
LA_D_4821192,0,3.6538804e-05,0
LA_D_4821332,0,6.233987e-05,0
LA_D_4822594,0,0.00023943311,0
LA_D_4830664,0,0.0030462965,0
LA_D_4906029,0,0.0002428322,0
LA_D_4929206,0,0.0008941733,0
LA_D_4941408,0,8.2243525e-05,0
LA_D_4954705,0,0.00014951229,0
LA_D_4963222,0,0.00015539108,0
LA_D_4967924,0,0.0002504868,0
LA_D_4983943,0,5.434603e-05,0
LA_D_5005032,0,2.6104639e-05,0
LA_D_5010017,0,0.0028790997,0
LA_D_5035214,0,3.2861797e-05,0
LA_D_5058945,0,2.0493633e-05,0
LA_D_5069139,0,1.8248378e-05,0
LA_D_5080060,0,2.4545398e-05,0
LA_D_5080686,0,3.0997067e-05,0
LA_D_5125281,0,0.00025547293,0
LA_D_5125885,0,0.0010577902,0
LA_D_5126506,0,7.045036e-05,0
LA_D_5145716,0,0.000112142305,0
LA_D_5171765,0,0.0002987535,0
LA_D_5194284,0,6.363065e-05,0
LA_D_5228153,0,0.00031182228,0
LA_D_5247869,0,3.920973e-05,0
LA_D_5262139,0,0.00066522445,0
LA_D_5263872,0,0.00038861975,0
LA_D_5272930,0,0.0002459658,0
LA_D_5298319,0,0.0010216964,0
LA_D_5320532,0,0.00032716637,0
LA_D_5384581,0,7.738631e-05,0
LA_D_5480150,0,0.0010443949,0
LA_D_5494426,0,0.00042577254,0
LA_D_5519767,0,0.00017940409,0
LA_D_5527401,0,0.000557398,0
LA_D_5530183,0,0.00013095973,0
LA_D_5539571,0,0.00018427115,0
LA_D_5561063,0,0.00028130363,0
LA_D_5620308,0,0.00025603647,0
LA_D_5652448,0,0.00010211458,0
LA_D_5689945,0,8.6725864e-05,0
LA_D_5752067,0,0.00054711,0
LA_D_5793309,0,0.00047985083,0
LA_D_5795010,0,0.00017927086,0
LA_D_5820814,0,0.00013370975,0
LA_D_5847429,0,0.0001172486,0
LA_D_5857393,0,6.18668e-05,0
LA_D_5857531,0,0.00025379704,0
LA_D_5897910,0,3.7977446e-05,0
LA_D_5953271,0,1.3142903e-05,0
LA_D_5959349,0,0.00022031962,0
LA_D_5988248,0,6.2838124e-05,0
LA_D_6008891,0,7.232997e-05,0
LA_D_6017002,0,0.000395701,0
LA_D_6022747,0,0.00010683111,0
LA_D_6035065,0,0.0007666109,0
LA_D_6044580,0,0.00049545406,0
LA_D_6048625,0,0.00021772558,0
LA_D_6066336,0,0.0007899778,0
LA_D_6096018,0,5.9856808e-05,0
LA_D_6149858,0,8.617107e-05,0
LA_D_6152637,0,6.320225e-05,0
LA_D_6198905,0,5.9053313e-05,0
LA_D_6229325,0,0.00012738402,0
LA_D_6231894,0,0.00064578804,0
LA_D_6257405,0,0.00043065174,0
LA_D_6263042,0,5.7723715e-05,0
LA_D_6322392,0,5.4219003e-05,0
LA_D_6340625,0,0.00033998353,0
LA_D_6374187,0,0.0001110647,0
LA_D_6375662,0,0.00019503839,0
LA_D_6392842,0,0.0008727699,0
LA_D_6443831,0,0.00016838378,0
LA_D_6475427,0,2.7087946e-05,0
LA_D_6486228,0,0.00048435203,0
LA_D_6492372,0,8.513037e-05,0
LA_D_6569575,0,0.00027150335,0
LA_D_6583550,0,2.1985461e-05,0
LA_D_6618021,0,0.0011880039,0
LA_D_6618951,0,0.0008051981,0
LA_D_6640736,0,0.0003401599,0
LA_D_6651226,0,4.689945e-05,0
LA_D_6662906,0,0.00035151886,0
LA_D_6675082,0,0.00019462635,0
LA_D_6701429,0,0.00013078739,0
LA_D_6767666,0,0.0002244243,0
LA_D_6775046,0,0.00094258547,0
LA_D_6788843,0,0.000248117,0
LA_D_6810614,0,0.00036478564,0
LA_D_6829505,0,0.00012647506,0
LA_D_6852874,0,0.0002049903,0
LA_D_6905320,0,7.4765114e-05,0
LA_D_6920247,0,3.454717e-05,0
LA_D_6923223,0,4.8893813e-05,0
LA_D_6938086,0,0.00010036703,0
LA_D_6958359,0,6.5347385e-06,0
LA_D_6974451,0,0.0011725337,0
LA_D_6984485,0,0.00016320881,0
LA_D_6988774,0,0.0005980429,0
LA_D_6992460,0,0.042568248,0
LA_D_7006704,0,1.9826239e-05,0
LA_D_7041540,0,1.2421764e-05,0
LA_D_7045410,0,0.011575807,0
LA_D_7097297,0,8.09786e-05,0
LA_D_7105348,0,8.7499575e-05,0
LA_D_7124246,0,2.5454481e-05,0
LA_D_7137473,0,7.875523e-05,0
LA_D_7153277,0,0.00084423675,0
LA_D_7194671,0,7.032673e-05,0
LA_D_7199936,0,0.00021156215,0
LA_D_7206299,0,0.0007385573,0
LA_D_7228225,0,0.00014035052,0
LA_D_7247110,0,4.5931884e-05,0
LA_D_7282970,0,0.00012143263,0
LA_D_7295018,0,0.0009261223,0
LA_D_7313474,0,2.1098374e-05,0
LA_D_7332763,0,0.0013211621,0
LA_D_7375023,0,7.338069e-05,0
LA_D_7384634,0,0.0011570791,0
LA_D_7410425,0,0.00040513158,0
LA_D_7421730,0,4.4014825e-05,0
LA_D_7465143,0,0.000103841536,0
LA_D_7510274,0,0.0012041832,0
LA_D_7511921,0,8.457448e-05,0
LA_D_7533882,0,0.00016962443,0
LA_D_7541001,0,0.0003987314,0
LA_D_7606787,0,3.7964735e-05,0
LA_D_7612955,0,0.00010407082,0
LA_D_7615723,0,7.61273e-05,0
LA_D_7616930,0,0.00053144613,0
LA_D_7626781,0,1.9488474e-05,0
LA_D_7627311,0,2.4378252e-05,0
LA_D_7671577,0,8.0135826e-05,0
LA_D_7678990,0,0.0001393064,0
LA_D_7700044,0,7.461092e-05,0
LA_D_7760174,0,4.9053255e-05,0
LA_D_7794451,0,0.00016678027,0
LA_D_7805800,0,0.004783753,0
LA_D_7811982,0,0.00010060899,0
LA_D_7812727,0,0.00011490323,0
LA_D_7830572,0,6.525099e-05,0
LA_D_7853731,0,0.00065492006,0
LA_D_7867502,0,9.396804e-05,0
LA_D_7875523,0,0.0002273152,0
LA_D_7893978,0,6.773258e-05,0
LA_D_7897572,0,0.00020769071,0
LA_D_7905821,0,5.6537978e-05,0
LA_D_7906958,0,2.6375215e-05,0
LA_D_7908893,0,0.0012743069,0
LA_D_7935190,0,0.0004117038,0
LA_D_7943905,0,6.859031e-05,0
LA_D_7958267,0,0.00074133347,0
LA_D_7961111,0,0.00011807978,0
LA_D_8021505,0,6.264314e-05,0
LA_D_8027860,0,0.0015011323,0
LA_D_8040350,0,0.00013463937,0
LA_D_8140433,0,0.0007028824,0
LA_D_8204422,0,5.6472454e-05,0
LA_D_8227771,0,0.000109829634,0
LA_D_8230373,0,0.00011174863,0
LA_D_8358684,0,0.00025335775,0
LA_D_8377698,0,4.91785e-05,0
LA_D_8409251,0,3.834405e-05,0
LA_D_8424992,0,0.0002099177,0
LA_D_8450267,0,2.8396662e-05,0
LA_D_8460500,0,0.000785401,0
LA_D_8485154,0,0.00038698773,0
LA_D_8490994,0,8.285983e-05,0
LA_D_8491335,0,0.00011906162,0
LA_D_8501696,0,0.00019154872,0
LA_D_8525949,0,3.2400414e-05,0
LA_D_8546971,0,0.0011201815,0
LA_D_8559738,0,0.00022993401,0
LA_D_8582199,0,0.0015960201,0
LA_D_8615505,0,0.0001980327,0
LA_D_8733886,0,0.00044683,0
LA_D_8798813,0,0.00080866093,0
LA_D_8836237,0,3.856323e-05,0
LA_D_8837074,0,8.6150045e-05,0
LA_D_8854126,0,8.9078545e-05,0
LA_D_8916997,0,0.000383781,0
LA_D_8917353,0,0.00022351478,0
LA_D_8935601,0,0.00021067967,0
LA_D_8945179,0,2.1364747e-05,0
LA_D_8951164,0,4.6907902e-05,0
LA_D_8960763,0,0.00015311368,0
LA_D_8962029,0,0.0001547889,0
LA_D_8978572,0,4.561951e-05,0
LA_D_9005877,0,7.563107e-05,0
LA_D_9013780,0,0.00016841506,0
LA_D_9042039,0,0.00018578273,0
LA_D_9043493,0,0.00012500546,0
LA_D_9044901,0,3.8611804e-05,0
LA_D_9058018,0,0.00013295632,0
LA_D_9059202,0,0.002611645,0
LA_D_9074658,0,0.00044994787,0
LA_D_9084504,0,3.773722e-05,0
LA_D_9095917,0,7.13683e-05,0
LA_D_9111015,0,0.0012037995,0
LA_D_9124970,0,0.0004469173,0
LA_D_9132111,0,0.00069320493,0
LA_D_9148550,0,0.00012983198,0
LA_D_9161502,0,0.00014875349,0
LA_D_9183154,0,1.5537244e-05,0
LA_D_9192698,0,0.00019273056,0
LA_D_9227602,0,4.0808794e-05,0
LA_D_9248420,0,0.00018010096,0
LA_D_9292429,0,5.234044e-05,0
LA_D_9300463,0,0.00044013947,0
LA_D_9303843,0,0.0013289453,0
LA_D_9325354,0,0.0064672697,0
LA_D_9332785,0,0.00025070467,0
LA_D_9365119,0,0.0009660563,0
LA_D_9390557,0,0.0008997155,0
LA_D_9407049,0,0.0003418162,0
LA_D_9407190,0,0.00042952548,0
LA_D_9451053,0,5.3267602e-05,0
LA_D_9456766,0,4.3947002e-05,0
LA_D_9473902,0,3.8682494e-05,0
LA_D_9500996,0,6.113395e-05,0
LA_D_9501737,0,5.6978675e-05,0
LA_D_9514508,0,2.1733287e-05,0
LA_D_9532131,0,0.0004966841,0
LA_D_9542892,0,0.00069216586,0
LA_D_9558237,0,2.3180357e-05,0
LA_D_9564003,0,0.0007765338,0
LA_D_9603372,0,0.000113604154,0
LA_D_9671660,0,0.0017859862,0
LA_D_9681171,0,2.5452153e-05,0
LA_D_9683822,0,4.0451054e-05,0
LA_D_9685452,0,0.00011417442,0
LA_D_9687748,0,0.00052922015,0
LA_D_9699380,0,0.0008293236,0
LA_D_9739181,0,0.0032233833,0
LA_D_9742208,0,6.40795e-05,0
LA_D_9753761,0,2.0095229e-05,0
LA_D_9762474,0,1.0344779e-05,0
LA_D_9896543,0,1.3357971e-05,0
LA_D_9905368,0,0.00043222462,0
LA_D_9914380,0,0.0011949998,0
LA_D_9939904,0,0.000376607,0
LA_D_9947685,0,0.00038941283,0
LA_D_9975906,0,0.0073815277,0
LA_D_9986158,0,0.00033840226,0
LA_D_9992230,0,1.5167056e-05,0
LA_D_9998910,0,1.5563728e-05,0
LA_D_1017803,0,0.00016371459,0
LA_D_1042992,0,0.0034017796,0
LA_D_1055140,0,4.1452597e-05,0
LA_D_1058368,0,5.189339e-05,0
LA_D_1077352,0,0.0003652641,0
LA_D_1079715,0,1.2034103e-05,0
LA_D_1082954,0,0.00012696722,0
LA_D_1086858,0,3.867685e-05,0
LA_D_1091158,0,0.0010793554,0
LA_D_1105424,0,0.008383326,0
LA_D_1140841,0,0.0007693102,0
LA_D_1171628,0,8.3443025e-05,0
LA_D_1183633,0,5.1195904e-05,0
LA_D_1197682,0,3.374543e-05,0
LA_D_1211244,0,5.2563428e-05,0
LA_D_1219723,0,0.00033669287,0
LA_D_1239375,0,7.397353e-05,0
LA_D_1273074,0,0.00021036413,0
LA_D_1296557,0,8.143611e-05,0
LA_D_1301496,0,4.1096584e-05,0
LA_D_1323623,0,4.918183e-05,0
LA_D_1330281,0,2.2419825e-05,0
LA_D_1412811,0,0.00010116486,0
LA_D_1456958,0,7.6458324e-05,0
LA_D_1481223,0,4.1232368e-05,0
LA_D_1526344,0,3.1318024e-05,0
LA_D_1539849,0,4.2030613e-05,0
LA_D_1540420,0,5.131884e-05,0
LA_D_1592340,0,0.00030975055,0
LA_D_1670451,0,0.00016372098,0
LA_D_1691700,0,0.00018884824,0
LA_D_1753171,0,5.093688e-05,0
LA_D_1769224,0,7.971284e-05,0
LA_D_1778012,0,3.0427478e-05,0
LA_D_1809211,0,6.905049e-05,0
LA_D_1810169,0,7.2550814e-05,0
LA_D_1847356,0,6.727843e-05,0
LA_D_1901163,0,4.1715517e-05,0
LA_D_1958912,0,0.0005300029,0
LA_D_1959845,0,0.00014787597,0
LA_D_1978493,0,0.0003248038,0
LA_D_1992911,0,0.0001380994,0
LA_D_2009466,0,4.375665e-05,0
LA_D_2011815,0,0.00013023718,0
LA_D_2037976,0,0.00049794174,0
LA_D_2130837,0,0.0039171893,0
LA_D_2134521,0,1.683506e-05,0
LA_D_2186225,0,0.00010445848,0
LA_D_2204777,0,5.7710397e-05,0
LA_D_2208415,0,9.812766e-05,0
LA_D_2216630,0,6.5584485e-05,0
LA_D_2220324,0,0.026531504,0
LA_D_2223464,0,0.00022245791,0
LA_D_2238664,0,5.8724727e-05,0
LA_D_2244382,0,9.062082e-05,0
LA_D_2273149,0,5.2575808e-05,0
LA_D_2301514,0,0.0063729305,0
LA_D_2353988,0,0.0001286467,0
LA_D_2369275,0,5.8559366e-05,0
LA_D_2388137,0,0.0006291563,0
LA_D_2396921,0,3.4505287e-05,0
LA_D_2397611,0,0.46317413,0
LA_D_2398374,0,7.179978e-05,0
LA_D_2432935,0,0.00041997063,0
LA_D_2463168,0,6.999948e-05,0
LA_D_2512126,0,5.082843e-05,0
LA_D_2512624,0,0.00013858247,0
LA_D_2524995,0,0.006323431,0
LA_D_2570202,0,5.218569e-05,0
LA_D_2597834,0,6.2806976e-05,0
LA_D_2599000,0,0.0004436094,0
LA_D_2603020,0,0.00041444032,0
LA_D_2681987,0,0.0005245646,0
LA_D_2724415,0,8.17153e-05,0
LA_D_2726545,0,4.141988e-05,0
LA_D_2742658,0,1.2948328e-05,0
LA_D_2789736,0,0.0025687574,0
LA_D_2821899,0,0.54028034,1
LA_D_2850721,0,3.8447964e-05,0
LA_D_2874880,0,7.95517e-05,0
LA_D_2984821,0,0.00025247253,0
LA_D_2993111,0,3.2188742e-05,0
LA_D_3046260,0,0.00023920354,0
LA_D_3081964,0,0.0004876065,0
LA_D_3099136,0,1.4051723e-05,0
LA_D_3197286,0,4.4649638e-05,0
LA_D_3210349,0,0.00010935248,0
LA_D_3217930,0,0.00010971272,0
LA_D_3220879,0,4.4311906e-05,0
LA_D_3235008,0,2.4063818e-05,0
LA_D_3264000,0,0.0030728693,0
LA_D_3280550,0,6.046372e-05,0
LA_D_3305667,0,0.00010190369,0
LA_D_3306070,0,0.0003065618,0
LA_D_3360722,0,5.8446174e-05,0
LA_D_3402820,0,4.9380997e-05,0
LA_D_3454271,0,6.229031e-05,0
LA_D_3598308,0,0.0003319248,0
LA_D_3622402,0,0.008821543,0
LA_D_3674377,0,9.526562e-05,0
LA_D_3692559,0,0.00024821353,0
LA_D_3707369,0,9.395084e-05,0
LA_D_3736267,0,6.90077e-05,0
LA_D_3744745,0,2.6410504e-05,0
LA_D_3756775,0,0.0013118271,0
LA_D_3758585,0,2.2190394e-05,0
LA_D_3801152,0,0.0019260488,0
LA_D_3808321,0,0.00017836396,0
LA_D_3826682,0,0.00076697074,0
LA_D_3848373,0,4.5923563e-05,0
LA_D_3864770,0,4.1260293e-05,0
LA_D_3893213,0,9.810193e-05,0
LA_D_3895363,0,4.6291236e-05,0
LA_D_3905105,0,2.9345296e-05,0
LA_D_3911855,0,7.818898e-05,0
LA_D_3937674,0,0.00014779562,0
LA_D_3958353,0,0.00010677184,0
LA_D_3969230,0,7.914559e-05,0
LA_D_3975995,0,0.00041939275,0
LA_D_3989106,0,8.284015e-05,0
LA_D_4008042,0,0.00013985408,0
LA_D_4017116,0,0.099556506,0
LA_D_4028634,0,0.00042931177,0
LA_D_4038724,0,2.2583123e-05,0
LA_D_4054308,0,5.2392774e-05,0
LA_D_4054787,0,9.052064e-05,0
LA_D_4113739,0,5.118077e-05,0
LA_D_4127364,0,0.00026938925,0
LA_D_4151736,0,0.00024976156,0
LA_D_4173186,0,6.1572166e-05,0
LA_D_4188323,0,4.2879794e-05,0
LA_D_4210311,0,0.0004196017,0
LA_D_4218902,0,5.0737286e-05,0
LA_D_4261231,0,0.0010442651,0
LA_D_4284566,0,4.1804244e-05,0
LA_D_4310640,0,5.7545036e-05,0
LA_D_4385840,0,6.129787e-05,0
LA_D_4397439,0,2.390996e-05,0
LA_D_4415553,0,1.731547e-05,0
LA_D_4445225,0,0.00011454539,0
LA_D_4456942,0,7.0046895e-05,0
LA_D_4482514,0,0.011957544,0
LA_D_4496096,0,6.035116e-05,0
LA_D_4526443,0,5.288173e-05,0
LA_D_4553437,0,3.358824e-05,0
LA_D_4556521,0,8.801524e-05,0
LA_D_4564137,0,5.3392156e-05,0
LA_D_4589632,0,4.322211e-05,0
LA_D_4599870,0,3.7312246e-05,0
LA_D_4611953,0,6.9974456e-05,0
LA_D_4613194,0,0.00016304923,0
LA_D_4657641,0,0.0010595876,0
LA_D_4658339,0,3.6995385e-05,0
LA_D_4670841,0,0.00017156336,0
LA_D_4678036,0,0.00014083782,0
LA_D_4679906,0,0.00057039177,0
LA_D_4701013,0,4.5290584e-05,0
LA_D_4711119,0,9.4512805e-05,0
LA_D_4720393,0,0.0002296908,0
LA_D_4721080,0,0.00022018711,0
LA_D_4723841,0,0.00068945385,0
LA_D_4728402,0,0.012126754,0
LA_D_4735914,0,0.015428167,0
LA_D_4750835,0,4.695342e-05,0
LA_D_4756307,0,7.4699776e-05,0
LA_D_4789100,0,9.201109e-05,0
LA_D_4794215,0,0.00058139,0
LA_D_4803093,0,4.4468878e-05,0
LA_D_4829729,0,7.8879246e-05,0
LA_D_4848136,0,0.00014600465,0
LA_D_4866336,0,6.4597625e-05,0
LA_D_4876351,0,3.0381083e-05,0
LA_D_4880181,0,9.830542e-05,0
LA_D_4896355,0,5.3127787e-05,0
LA_D_4940182,0,0.005369035,0
LA_D_4952807,0,0.004054748,0
LA_D_5014227,0,3.6019268e-05,0
LA_D_5021275,0,0.0062035318,0
LA_D_5023052,0,8.2339735e-05,0
LA_D_5033211,0,2.2208897e-05,0
LA_D_5041000,0,0.00017964629,0
LA_D_5068765,0,5.2736443e-05,0
LA_D_5079902,0,8.651325e-05,0
LA_D_5081043,0,4.175914e-05,0
LA_D_5083379,0,0.0001583974,0
LA_D_5084784,0,7.977892e-05,0
LA_D_5131450,0,5.3366144e-05,0
LA_D_5191412,0,0.0003010328,0
LA_D_5279003,0,5.9483024e-05,0
LA_D_5282521,0,5.4002125e-05,0
LA_D_5354332,0,8.940933e-05,0
LA_D_5414610,0,0.0018289378,0
LA_D_5450143,0,3.980781e-05,0
LA_D_5455322,0,3.614152e-05,0
LA_D_5459303,0,2.921799e-05,0
LA_D_5462650,0,0.00012776088,0
LA_D_5501009,0,7.1100374e-05,0
LA_D_5508199,0,2.6670108e-05,0
LA_D_5535083,0,7.2169576e-05,0
LA_D_5548565,0,0.0003551343,0
LA_D_5564267,0,0.00010244032,0
LA_D_5584946,0,0.000296598,0
LA_D_5610072,0,0.00023969485,0
LA_D_5650921,0,0.00069253205,0
LA_D_5657147,0,3.2490112e-05,0
LA_D_5680275,0,0.000101125894,0
LA_D_5680626,0,1.6550053e-05,0
LA_D_5682903,0,6.6803485e-05,0
LA_D_5686347,0,0.0009966751,0
LA_D_5709714,0,5.2244446e-05,0
LA_D_5766006,0,7.68072e-05,0
LA_D_5776698,0,9.883828e-05,0
LA_D_5781195,0,2.0700447e-05,0
LA_D_5782474,0,0.00025714564,0
LA_D_5850105,0,6.373444e-05,0
LA_D_5861276,0,0.0001545681,0
LA_D_5863422,0,0.0007293838,0
LA_D_5878622,0,0.0037636326,0
LA_D_5883310,0,1.9218256e-05,0
LA_D_5890834,0,9.8253695e-05,0
LA_D_5897153,0,2.4908086e-05,0
LA_D_5944972,0,3.710003e-05,0
LA_D_5946428,0,0.00014144412,0
LA_D_5950567,0,4.5139845e-05,0
LA_D_5966104,0,9.994099e-05,0
LA_D_6036963,0,5.4193984e-05,0
LA_D_6057959,0,0.0001277397,0
LA_D_6077372,0,6.905121e-05,0
LA_D_6107728,0,9.226967e-05,0
LA_D_6122860,0,0.00010430817,0
LA_D_6123915,0,0.001860643,0
LA_D_6166623,0,6.66727e-05,0
LA_D_6168608,0,2.1558446e-05,0
LA_D_6203714,0,2.9818522e-05,0
LA_D_6223827,0,2.0216865e-05,0
LA_D_6259909,0,0.0010377083,0
LA_D_6291291,0,0.000119904034,0
LA_D_6320084,0,4.0391074e-05,0
LA_D_6358557,0,9.66109e-05,0
LA_D_6367898,0,3.1301544e-05,0
LA_D_6379619,0,4.207906e-05,0
LA_D_6400893,0,0.0012794958,0
LA_D_6425500,0,0.00011398731,0
LA_D_6428772,0,0.00018665347,0
LA_D_6432379,0,0.7228421,1
LA_D_6450803,0,9.34592e-05,0
LA_D_6483376,0,0.0003364732,0
LA_D_6492231,0,0.0014500534,0
LA_D_6497562,0,4.9042497e-05,0
LA_D_6503230,0,3.4121e-05,0
LA_D_6507505,0,0.03917077,0
LA_D_6544998,0,0.00040101574,0
LA_D_6591420,0,0.0006988625,0
LA_D_6592060,0,3.4800458e-05,0
LA_D_6602632,0,0.0058252513,0
LA_D_6614524,0,0.003939645,0
LA_D_6680787,0,2.503516e-05,0
LA_D_6682623,0,0.0007234569,0
LA_D_6728714,0,6.937885e-05,0
LA_D_6742171,0,3.0662257e-05,0
LA_D_6747634,0,5.2278538e-05,0
LA_D_6785143,0,6.758644e-05,0
LA_D_6819533,0,0.00013679144,0
LA_D_6825802,0,0.00017124465,0
LA_D_6826753,0,8.129815e-05,0
LA_D_6843509,0,0.000107158616,0
LA_D_6873647,0,3.63277e-05,0
LA_D_6879975,0,0.0034462875,0
LA_D_6881830,0,0.00013222279,0
LA_D_6889186,0,5.4736694e-05,0
LA_D_6911726,0,4.217399e-05,0
LA_D_6924409,0,7.610661e-05,0
LA_D_6935218,0,3.6635625e-05,0
LA_D_6936180,0,3.1156895e-05,0
LA_D_6941274,0,6.5500484e-05,0
LA_D_6947699,0,4.2841948e-05,0
LA_D_6969745,0,0.00023713033,0
LA_D_6986110,0,0.00018025473,0
LA_D_6991312,0,1.9316358e-05,0
LA_D_7006139,0,0.0014087241,0
LA_D_7044166,0,3.576591e-05,0
LA_D_7046648,0,5.665888e-05,0
LA_D_7056175,0,7.815254e-05,0
LA_D_7075319,0,6.0013248e-05,0
LA_D_7127827,0,0.0069267605,0
LA_D_7194017,0,9.7891214e-05,0
LA_D_7207687,0,3.0183412e-05,0
LA_D_7239978,0,7.527232e-05,0
LA_D_7257601,0,0.0003782611,0
LA_D_7321218,0,0.0013031401,0
LA_D_7329224,0,3.3721048e-05,0
LA_D_7360298,0,0.0009891938,0
LA_D_7372099,0,0.00015643337,0
LA_D_7402838,0,1.3770091e-05,0
LA_D_7411417,0,6.757981e-05,0
LA_D_7421938,0,4.9048536e-05,0
LA_D_7460958,0,0.00022578395,0
LA_D_7461040,0,0.00017536542,0
LA_D_7489520,0,5.2666033e-05,0
LA_D_7538600,0,8.109645e-05,0
LA_D_7551361,0,3.9085415e-05,0
LA_D_7560824,0,0.00043198038,0
LA_D_7569592,0,0.006137013,0
LA_D_7604595,0,0.000103098675,0
LA_D_7606194,0,0.009202102,0
LA_D_7626762,0,0.00051813084,0
LA_D_7655654,0,0.009663684,0
LA_D_7687952,0,0.000139596,0
LA_D_7697892,0,1.862592e-05,0
LA_D_7701061,0,4.0639316e-05,0
LA_D_7713794,0,0.001894916,0
LA_D_7725987,0,3.0295447e-05,0
LA_D_7755398,0,9.0988666e-05,0
LA_D_7766451,0,7.393108e-05,0
LA_D_7771236,0,0.0003895422,0
LA_D_7771464,0,8.252415e-05,0
LA_D_7771836,0,0.00010755973,0
LA_D_7835394,0,0.00039076552,0
LA_D_7875396,0,0.00011817844,0
LA_D_7910852,0,0.0005642078,0
LA_D_7938616,0,0.000468707,0
LA_D_7945877,0,0.00053658267,0
LA_D_8060326,0,0.00035526315,0
LA_D_8072143,0,5.520265e-05,0
LA_D_8074947,0,0.0013866171,0
LA_D_8105434,0,0.00011856763,0
LA_D_8106678,0,5.2634252e-05,0
LA_D_8118210,0,8.0750426e-05,0
LA_D_8118898,0,7.3197654e-05,0
LA_D_8183593,0,2.2739174e-05,0
LA_D_8214339,0,5.2221036e-05,0
LA_D_8248080,0,4.431736e-05,0
LA_D_8296826,0,3.956951e-05,0
LA_D_8315223,0,0.0006331037,0
LA_D_8329694,0,0.00021343997,0
LA_D_8331688,0,0.001712775,0
LA_D_8334768,0,5.395554e-05,0
LA_D_8338091,0,5.566324e-05,0
LA_D_8367791,0,0.00013012721,0
LA_D_8370214,0,8.085661e-05,0
LA_D_8398012,0,0.00016807787,0
LA_D_8429173,0,0.00011499399,0
LA_D_8458088,0,0.00016030092,0
LA_D_8552720,0,2.406283e-05,0
LA_D_8579194,0,6.484846e-05,0
LA_D_8590568,0,5.2413263e-05,0
LA_D_8645922,0,0.00017176289,0
LA_D_8687224,0,0.00019676825,0
LA_D_8724499,0,6.7503934e-05,0
LA_D_8852715,0,9.025715e-05,0
LA_D_8856515,0,8.9387686e-05,0
LA_D_8866086,0,0.06147629,0
LA_D_8867730,0,4.3525502e-05,0
LA_D_8908629,0,0.011198151,0
LA_D_8915606,0,5.071518e-05,0
LA_D_8938260,0,6.172043e-05,0
LA_D_8952804,0,0.006156206,0
LA_D_8960387,0,6.4558706e-05,0
LA_D_8976086,0,0.00015717572,0
LA_D_8979143,0,5.4398195e-05,0
LA_D_8980615,0,0.0005408293,0
LA_D_8986635,0,0.00011163487,0
LA_D_9028867,0,8.818082e-05,0
LA_D_9030330,0,6.415874e-05,0
LA_D_9039631,0,9.919822e-05,0
LA_D_9063206,0,0.00019647411,0
LA_D_9071261,0,0.00013832015,0
LA_D_9139978,0,0.00037620065,0
LA_D_9141529,0,0.00017778837,0
LA_D_9151005,0,0.00010659788,0
LA_D_9166719,0,0.00027404522,0
LA_D_9170002,0,7.2100236e-05,0
LA_D_9184356,0,0.020587556,0
LA_D_9187692,0,3.1236985e-05,0
LA_D_9200915,0,0.00023949407,0
LA_D_9213314,0,9.1386224e-05,0
LA_D_9228123,0,0.00012923883,0
LA_D_9239795,0,6.801829e-05,0
LA_D_9253024,0,4.5225584e-05,0
LA_D_9324060,0,0.0009097098,0
LA_D_9418544,0,2.8778957e-05,0
LA_D_9438355,0,0.00022156737,0
LA_D_9444562,0,0.00013375413,0
LA_D_9445999,0,0.0041890633,0
LA_D_9457605,0,2.2889973e-05,0
LA_D_9482480,0,5.1100058e-05,0
LA_D_9498512,0,0.0005805508,0
LA_D_9502387,0,0.00022648058,0
LA_D_9503729,0,4.045437e-05,0
LA_D_9511470,0,0.0004325583,0
LA_D_9538410,0,5.323226e-05,0
LA_D_9542467,0,5.238713e-05,0
LA_D_9553252,0,0.00016380625,0
LA_D_9568077,0,4.6982663e-05,0
LA_D_9590056,0,0.00013332984,0
LA_D_9623638,0,0.0018700022,0
LA_D_9712289,0,6.90821e-05,0
LA_D_9714255,0,5.0475723e-05,0
LA_D_9719946,0,0.00026422198,0
LA_D_9732390,0,0.00011415646,0
LA_D_9759551,0,0.0026153328,0
LA_D_9762749,0,2.942623e-05,0
LA_D_9792022,0,0.019564716,0
LA_D_9795643,0,0.00016530801,0
LA_D_9800885,0,2.8445067e-05,0
LA_D_9816888,0,0.000308346,0
LA_D_9826922,0,0.00012942629,0
LA_D_9827302,0,3.7506925e-05,0
LA_D_9883471,0,6.462221e-05,0
LA_D_9893803,0,2.9076507e-05,0
LA_D_9934914,0,7.7787394e-05,0
LA_D_9936397,0,5.172018e-05,0
LA_D_9955951,0,0.00019824413,0
LA_D_9958345,0,4.165549e-05,0
LA_D_1054710,0,0.00033179636,0
LA_D_1055821,0,0.7674488,1
LA_D_1068623,0,0.0007459959,0
LA_D_1083852,0,0.12271671,0
LA_D_1120974,0,0.0031676304,0
LA_D_1133783,0,0.00093925145,0
LA_D_1172519,0,0.0688776,0
LA_D_1190017,0,0.00072798686,0
LA_D_1218000,0,0.06017461,0
LA_D_1261130,0,0.00033907284,0
LA_D_1280552,0,0.116792955,0
LA_D_1287088,0,0.0007985363,0
LA_D_1344611,0,0.0025914612,0
LA_D_1399820,0,0.0016214636,0
LA_D_1429741,0,0.0054768613,0
LA_D_1466622,0,0.010342375,0
LA_D_1535123,0,0.007096263,0
LA_D_1550368,0,0.0011353716,0
LA_D_1599303,0,0.0010557451,0
LA_D_1611242,0,0.030128453,0
LA_D_1634285,0,0.58333445,1
LA_D_1637195,0,0.279862,0
LA_D_1659381,0,0.06615173,0
LA_D_1677100,0,0.00081510306,0
LA_D_1685498,0,0.00077563897,0
LA_D_1685866,0,0.07499131,0
LA_D_1697041,0,0.00021546507,0
LA_D_1699593,0,0.0010881517,0
LA_D_1715736,0,0.8456965,1
LA_D_1720051,0,0.0022873897,0
LA_D_1752505,0,0.24812427,0
LA_D_1792171,0,0.009788289,0
LA_D_1831983,0,0.008083339,0
LA_D_1873983,0,9.7014614e-05,0
LA_D_1963562,0,0.0057482976,0
LA_D_1971495,0,0.0017360309,0
LA_D_2000931,0,0.0019017716,0
LA_D_2001268,0,0.00024074614,0
LA_D_2008849,0,0.0003493515,0
LA_D_2032238,0,0.0022758814,0
LA_D_2032856,0,0.018323012,0
LA_D_2055265,0,0.00046705612,0
LA_D_2093249,0,0.022860125,0
LA_D_2100359,0,0.028902784,0
LA_D_2155436,0,7.531655e-05,0
LA_D_2175913,0,0.000343955,0
LA_D_2222599,0,0.003073914,0
LA_D_2237091,0,0.0005000689,0
LA_D_2261624,0,0.0014604416,0
LA_D_2281133,0,0.99138826,1
LA_D_2287702,0,0.18574311,0
LA_D_2301862,0,0.013707627,0
LA_D_2456934,0,0.003150599,0
LA_D_2493328,0,0.00080536044,0
LA_D_2525638,0,0.009534929,0
LA_D_2591082,0,0.0035629135,0
LA_D_2605424,0,0.0003213296,0
LA_D_2608999,0,0.010813781,0
LA_D_2621087,0,0.0015277627,0
LA_D_2635826,0,0.00066409115,0
LA_D_2645983,0,0.5869792,1
LA_D_2658373,0,0.0005047818,0
LA_D_2689749,0,0.0025614202,0
LA_D_2692106,0,0.00021109307,0
LA_D_2699759,0,0.002192151,0
LA_D_2700751,0,0.8645625,1
LA_D_2702031,0,0.025173506,0
LA_D_2753476,0,0.004000998,0
LA_D_2762615,0,0.0005096432,0
LA_D_2809182,0,0.020791175,0
LA_D_2850729,0,0.001323923,0
LA_D_2910877,0,0.031301282,0
LA_D_2963073,0,0.00012555176,0
LA_D_2972508,0,0.0012415982,0
LA_D_2977758,0,0.001010064,0
LA_D_3011525,0,0.0004175187,0
LA_D_3050370,0,0.000489862,0
LA_D_3137821,0,0.00014522763,0
LA_D_3171966,0,0.006936578,0
LA_D_3272948,0,4.4680135e-05,0
LA_D_3303654,0,0.60642713,1
LA_D_3348534,0,0.000361089,0
LA_D_3399429,0,0.0011554561,0
LA_D_3432828,0,0.00190216,0
LA_D_3528786,0,0.00066188036,0
LA_D_3558657,0,0.01576015,0
LA_D_3566699,0,0.00239111,0
LA_D_3642968,0,0.004798595,0
LA_D_3648708,0,0.120658144,0
LA_D_3697021,0,0.00025896975,0
LA_D_3730486,0,0.003269046,0
LA_D_3758555,0,0.0009288976,0
LA_D_3760320,0,0.0010521109,0
LA_D_3774067,0,0.00022355978,0
LA_D_3780158,0,0.61442435,1
LA_D_3785861,0,0.00049159135,0
LA_D_3897774,0,0.027148487,0
LA_D_3921229,0,0.00095571094,0
LA_D_3945632,0,0.0033480283,0
LA_D_3978597,0,0.04748749,0
LA_D_4005135,0,0.007473596,0
LA_D_4044847,0,0.0008079612,0
LA_D_4052546,0,0.01543686,0
LA_D_4055037,0,0.0039017568,0
LA_D_4055401,0,0.029046629,0
LA_D_4065133,0,0.00045376277,0
LA_D_4099567,0,0.00014361671,0
LA_D_4134402,0,0.0010418821,0
LA_D_4149358,0,0.001190041,0
LA_D_4163686,0,0.0010528875,0
LA_D_4183410,0,0.6820114,1
LA_D_4242553,0,0.053202484,0
LA_D_4284546,0,0.097109035,0
LA_D_4317452,0,0.0013416404,0
LA_D_4369698,0,0.003913349,0
LA_D_4373208,0,0.000745117,0
LA_D_4388088,0,0.09485007,0
LA_D_4404747,0,0.65601355,1
LA_D_4405252,0,0.27091548,0
LA_D_4430544,0,0.70963967,1
LA_D_4437552,0,0.00019455493,0
LA_D_4480904,0,0.003284567,0
LA_D_4490090,0,0.00069745124,0
LA_D_4532309,0,0.012562997,0
LA_D_4545454,0,0.026470264,0
LA_D_4574682,0,0.08154061,0
LA_D_4578335,0,0.047412775,0
LA_D_4594053,0,0.00047735713,0
LA_D_4595397,0,0.00039069774,0
LA_D_4601718,0,0.0026223985,0
LA_D_4635608,0,0.56754875,1
LA_D_4643368,0,0.00040815576,0
LA_D_4648727,0,0.011102155,0
LA_D_4652445,0,0.13991275,0
LA_D_4654553,0,0.00019812374,0
LA_D_4701377,0,0.015200051,0
LA_D_4731106,0,0.0014666463,0
LA_D_4731613,0,0.00030559502,0
LA_D_4746307,0,0.0011299714,0
LA_D_4773151,0,0.00083293696,0
LA_D_4813834,0,0.013276048,0
LA_D_4825664,0,0.10340954,0
LA_D_4828499,0,0.9903156,1
LA_D_4834984,0,0.0020394314,0
LA_D_4854132,0,0.1770513,0
LA_D_4862428,0,0.00078931864,0
LA_D_4863657,0,0.005534902,0
LA_D_4874349,0,0.019150669,0
LA_D_4899855,0,0.0010684213,0
LA_D_4902814,0,0.0851938,0
LA_D_4912073,0,0.0023879874,0
LA_D_4942458,0,0.46095234,0
LA_D_4951542,0,0.051897388,0
LA_D_4972084,0,0.0051057516,0
LA_D_4972276,0,0.0008961496,0
LA_D_5026947,0,0.0015405371,0
LA_D_5029058,0,0.00042164722,0
LA_D_5091062,0,0.04178807,0
LA_D_5110260,0,0.0014015064,0
LA_D_5161834,0,0.0023523879,0
LA_D_5234492,0,0.057418678,0
LA_D_5258398,0,0.0010327764,0
LA_D_5268360,0,4.3984946e-05,0
LA_D_5277589,0,0.0022853198,0
LA_D_5307111,0,0.12154573,0
LA_D_5380655,0,0.002594512,0
LA_D_5383288,0,0.17920627,0
LA_D_5384713,0,0.17011718,0
LA_D_5441228,0,0.00016913314,0
LA_D_5465161,0,0.00253573,0
LA_D_5468030,0,0.00028143614,0
LA_D_5484814,0,0.000127503,0
LA_D_5490216,0,0.0005655998,0
LA_D_5600881,0,0.037308626,0
LA_D_5606927,0,0.06258995,0
LA_D_5625821,0,8.064031e-05,0
LA_D_5652919,0,0.00020373445,0
LA_D_5686859,0,0.7087117,1
LA_D_5693748,0,0.003044869,0
LA_D_5733130,0,0.00026587796,0
LA_D_5800320,0,0.9829329,1
LA_D_5880967,0,0.0012227213,0
LA_D_5890270,0,0.003559012,0
LA_D_5917800,0,0.0007467434,0
LA_D_5966849,0,0.0005315695,0
LA_D_6036698,0,0.00040838734,0
LA_D_6057135,0,0.017787486,0
LA_D_6082119,0,0.029919546,0
LA_D_6108867,0,0.13513988,0
LA_D_6163484,0,0.67131466,1
LA_D_6181384,0,0.00093755446,0
LA_D_6198057,0,0.027376171,0
LA_D_6233623,0,0.040317442,0
LA_D_6259512,0,0.0012726615,0
LA_D_6290649,0,0.95301235,1
LA_D_6339345,0,0.003544856,0
LA_D_6363603,0,0.0033538947,0
LA_D_6390676,0,0.0021458196,0
LA_D_6425341,0,0.07629022,0
LA_D_6469729,0,0.00073164486,0
LA_D_6550422,0,0.027930018,0
LA_D_6569143,0,0.00025748764,0
LA_D_6575832,0,0.0045041554,0
LA_D_6592592,0,0.0006165463,0
LA_D_6646559,0,0.8157651,1
LA_D_6671856,0,0.0071262927,0
LA_D_6699236,0,0.014453162,0
LA_D_6720174,0,0.19865602,0
LA_D_6729704,0,0.042991694,0
LA_D_6737153,0,0.0022350757,0
LA_D_6740718,0,0.00015920219,0
LA_D_6744854,0,0.00014010542,0
LA_D_6770921,0,0.003685956,0
LA_D_6946918,0,0.61336386,1
LA_D_6965022,0,0.00053868425,0
LA_D_7018177,0,0.0025623927,0
LA_D_7139647,0,0.0002579117,0
LA_D_7220301,0,0.0023635817,0
LA_D_7260077,0,0.063261,0
LA_D_7274481,0,0.0016263825,0
LA_D_7281516,0,0.035646524,0
LA_D_7303668,0,0.0010963384,0
LA_D_7303817,0,0.117181994,0
LA_D_7303874,0,0.031564906,0
LA_D_7315219,0,0.0024427162,0
LA_D_7317798,0,0.047636155,0
LA_D_7326224,0,0.00084080524,0
LA_D_7400275,0,0.9263311,1
LA_D_7432306,0,0.0071724765,0
LA_D_7487498,0,0.0008821149,0
LA_D_7528720,0,0.0008925088,0
LA_D_7544106,0,0.00020088824,0
LA_D_7555122,0,0.0027533849,0
LA_D_7597009,0,0.49600166,0
LA_D_7608721,0,0.0007852999,0
LA_D_7634891,0,0.00187695,0
LA_D_7639419,0,0.029905546,0
LA_D_7667162,0,0.0036520374,0
LA_D_7671138,0,0.24655199,0
LA_D_7673547,0,9.340762e-05,0
LA_D_7682078,0,0.002752818,0
LA_D_7692880,0,0.23877756,0
LA_D_7693054,0,0.00029019543,0
LA_D_7730796,0,0.008135486,0
LA_D_7783843,0,6.847542e-05,0
LA_D_7805732,0,0.00042721606,0
LA_D_7954225,0,0.019100089,0
LA_D_8006892,0,0.0019393205,0
LA_D_8082589,0,0.01609338,0
LA_D_8093393,0,0.00055923715,0
LA_D_8093888,0,0.19987968,0
LA_D_8110920,0,0.0011543394,0
LA_D_8188766,0,0.17908353,0
LA_D_8195927,0,0.0032929701,0
LA_D_8236842,0,0.24666001,0
LA_D_8236895,0,0.00032250106,0
LA_D_8243247,0,0.00018527007,0
LA_D_8251788,0,0.0005896604,0
LA_D_8268056,0,0.23274018,0
LA_D_8306822,0,0.000566933,0
LA_D_8381795,0,0.11102443,0
LA_D_8387799,0,0.00016118743,0
LA_D_8414298,0,0.76493233,1
LA_D_8491883,0,0.0029275918,0
LA_D_8564423,0,0.06060612,0
LA_D_8604190,0,0.005451585,0
LA_D_8615165,0,0.746594,1
LA_D_8659821,0,0.36180675,0
LA_D_8741984,0,0.0017503451,0
LA_D_8749085,0,0.00011443011,0
LA_D_8773075,0,0.00017451523,0
LA_D_8777052,0,0.0025679413,0
LA_D_8801540,0,0.046110813,0
LA_D_8841946,0,7.1910996e-05,0
LA_D_8844856,0,0.00066179864,0
LA_D_8969123,0,0.00034817963,0
LA_D_8977843,0,0.00028689837,0
LA_D_9022649,0,0.00019385183,0
LA_D_9027862,0,0.04445934,0
LA_D_9044257,0,0.019625092,0
LA_D_9050678,0,0.0013992684,0
LA_D_9115816,0,0.0007876712,0
LA_D_9142152,0,0.0006291293,0
LA_D_9153526,0,0.0010912061,0
LA_D_9190511,0,0.11929206,0
LA_D_9350162,0,0.00066127384,0
LA_D_9405115,0,0.011305302,0
LA_D_9406840,0,0.10456462,0
LA_D_9423650,0,0.032744378,0
LA_D_9450569,0,0.0054659634,0
LA_D_9452684,0,0.0003903597,0
LA_D_9472783,0,0.0019993286,0
LA_D_9475051,0,0.0013289313,0
LA_D_9554324,0,0.0010010517,0
LA_D_9608491,0,0.04073101,0
LA_D_9684230,0,0.01400383,0
LA_D_9688217,0,0.00023715655,0
LA_D_9759514,0,0.0007406262,0
LA_D_9781138,0,0.00019087232,0
LA_D_9793252,0,0.002709451,0
LA_D_9808796,0,0.004722657,0
LA_D_9826790,0,0.00044232537,0
LA_D_9836454,0,0.48461545,0
LA_D_9846875,0,0.004621031,0
LA_D_9868970,0,0.0043617734,0
LA_D_9880269,0,0.0019752937,0
LA_D_9959948,0,0.004740835,0
LA_D_9962361,0,0.003598484,0
LA_D_1004406,0,0.22961055,0
LA_D_1038888,0,0.0059189955,0
LA_D_1050709,0,0.00088519533,0
LA_D_1055238,0,0.00042781697,0
LA_D_1063719,0,0.0024823123,0
LA_D_1085566,0,0.028397854,0
LA_D_1091601,0,0.28918397,0
LA_D_1096227,0,0.0014423652,0
LA_D_1110769,0,8.797095e-05,0
LA_D_1126775,0,0.011105077,0
LA_D_1150140,0,0.0035508804,0
LA_D_1198374,0,0.0014266506,0
LA_D_1301495,0,0.001957126,0
LA_D_1343070,0,0.0017052792,0
LA_D_1348512,0,0.093897074,0
LA_D_1391132,0,0.011149695,0
LA_D_1413701,0,0.0020622814,0
LA_D_1414826,0,0.75029325,1
LA_D_1479561,0,0.14069277,0
LA_D_1516617,0,0.032146756,0
LA_D_1528504,0,0.0001767207,0
LA_D_1534944,0,0.0013640546,0
LA_D_1614382,0,0.007643946,0
LA_D_1639860,0,0.002864356,0
LA_D_1678967,0,0.00069333083,0
LA_D_1707779,0,0.0013105645,0
LA_D_1725718,0,0.00024094338,0
LA_D_1734049,0,0.027356265,0
LA_D_1751918,0,0.0015477351,0
LA_D_1772977,0,0.0009014549,0
LA_D_1805502,0,0.013561453,0
LA_D_1812831,0,0.011233348,0
LA_D_1880286,0,0.00035235277,0
LA_D_1895153,0,0.00049738964,0
LA_D_1924915,0,0.002651533,0
LA_D_1925258,0,0.9796918,1
LA_D_1976814,0,0.00034593898,0
LA_D_1992569,0,0.0019198898,0
LA_D_2069465,0,0.1875852,0
LA_D_2081014,0,0.006151452,0
LA_D_2153758,0,0.33545762,0
LA_D_2166742,0,0.0016494171,0
LA_D_2182436,0,0.00043317967,0
LA_D_2195770,0,0.5614121,1
LA_D_2230362,0,0.005162965,0
LA_D_2233973,0,0.061235823,0
LA_D_2259476,0,0.0017819444,0
LA_D_2290223,0,0.00069668837,0
LA_D_2305845,0,0.038097616,0
LA_D_2340415,0,0.0005132493,0
LA_D_2350008,0,0.04374769,0
LA_D_2363543,0,0.0016912612,0
LA_D_2412410,0,0.004888418,0
LA_D_2448162,0,0.00025959028,0
LA_D_2461506,0,0.0014732827,0
LA_D_2570544,0,0.0010898131,0
LA_D_2658907,0,0.0018754946,0
LA_D_2728150,0,0.056093555,0
LA_D_2739423,0,0.0015283631,0
LA_D_2851293,0,0.06381517,0
LA_D_2853583,0,0.3264365,0
LA_D_2864689,0,0.00086388475,0
LA_D_2878966,0,0.0003297592,0
LA_D_2909263,0,0.00022927814,0
LA_D_2938296,0,0.16179793,0
LA_D_2943031,0,0.02302101,0
LA_D_3027137,0,0.0018032548,0
LA_D_3047959,0,0.001822818,0
LA_D_3078454,0,0.07088529,0
LA_D_3113300,0,0.016126297,0
LA_D_3130414,0,0.007415379,0
LA_D_3204150,0,0.001305084,0
LA_D_3263579,0,0.00063868356,0
LA_D_3274635,0,0.0036802744,0
LA_D_3290566,0,0.0018022782,0
LA_D_3325540,0,0.00029087684,0
LA_D_3349542,0,0.13384637,0
LA_D_3375994,0,0.0008858555,0
LA_D_3389603,0,0.0025558015,0
LA_D_3470341,0,0.00047641617,0
LA_D_3504200,0,0.03674409,0
LA_D_3512336,0,0.05738818,0
LA_D_3533142,0,0.022132486,0
LA_D_3543093,0,0.029927263,0
LA_D_3579823,0,0.000129551,0
LA_D_3582263,0,0.0007462497,0
LA_D_3598081,0,0.50335026,1
LA_D_3615500,0,0.003652589,0
LA_D_3634420,0,0.008210959,0
LA_D_3635835,0,0.179709,0
LA_D_3636142,0,0.0014077734,0
LA_D_3645082,0,0.011233004,0
LA_D_3709016,0,0.13131545,0
LA_D_3762985,0,0.0005203362,0
LA_D_3767360,0,0.104161344,0
LA_D_3770745,0,0.00029409814,0
LA_D_3803791,0,0.84048355,1
LA_D_3845484,0,0.015829353,0
LA_D_3848465,0,0.00079001166,0
LA_D_3854807,0,0.008206064,0
LA_D_3872770,0,0.37454975,0
LA_D_3878527,0,0.5336348,1
LA_D_3914577,0,0.0025803063,0
LA_D_4005743,0,0.0013398736,0
LA_D_4008967,0,0.1977783,0
LA_D_4052276,0,0.006695638,0
LA_D_4121148,0,0.0001844049,0
LA_D_4187375,0,0.0012416643,0
LA_D_4195600,0,0.0005470033,0
LA_D_4201607,0,0.0024658872,0
LA_D_4228550,0,0.10233815,0
LA_D_4264656,0,0.22063561,0
LA_D_4282533,0,0.0009872632,0
LA_D_4309122,0,0.00028521105,0
LA_D_4324943,0,0.0003649533,0
LA_D_4341247,0,0.51850766,1
LA_D_4401901,0,0.09296231,0
LA_D_4407357,0,0.0027324932,0
LA_D_4416329,0,0.0045283563,0
LA_D_4499477,0,0.0039096707,0
LA_D_4516952,0,0.000298727,0
LA_D_4545082,0,0.003566235,0
LA_D_4581451,0,0.000559934,0
LA_D_4583809,0,0.0010084248,0
LA_D_4588355,0,0.015672842,0
LA_D_4599014,0,0.0008289463,0
LA_D_4662308,0,0.7903364,1
LA_D_4665317,0,0.00050483085,0
LA_D_4719892,0,0.0014273436,0
LA_D_4737764,0,0.0014820055,0
LA_D_4768782,0,0.249763,0
LA_D_4842833,0,0.0012337386,0
LA_D_4884741,0,0.51573473,1
LA_D_4895062,0,0.0031399091,0
LA_D_4897222,0,0.0004704834,0
LA_D_4915395,0,0.010653858,0
LA_D_4922394,0,0.0069832904,0
LA_D_4965981,0,0.0003465738,0
LA_D_5120726,0,0.0021196525,0
LA_D_5126554,0,0.78382087,1
LA_D_5140118,0,0.0040424117,0
LA_D_5187334,0,0.048605155,0
LA_D_5205569,0,0.0006551785,0
LA_D_5229682,0,0.00010179394,0
LA_D_5359950,0,0.016365485,0
LA_D_5380614,0,8.849368e-05,0
LA_D_5381315,0,0.0044677625,0
LA_D_5396174,0,0.006438801,0
LA_D_5407356,0,0.2222406,0
LA_D_5430421,0,0.00046175526,0
LA_D_5437717,0,0.0012362942,0
LA_D_5448474,0,0.019225247,0
LA_D_5449899,0,0.07856399,0
LA_D_5462959,0,0.0010246339,0
LA_D_5473083,0,0.0012743622,0
LA_D_5506307,0,0.014776082,0
LA_D_5531330,0,0.018886345,0
LA_D_5532100,0,0.00063088536,0
LA_D_5535805,0,0.20300114,0
LA_D_5579476,0,0.91696817,1
LA_D_5594622,0,0.030757368,0
LA_D_5637979,0,0.84165865,1
LA_D_5697626,0,0.0012337174,0
LA_D_5706448,0,0.00078534114,0
LA_D_5723701,0,0.03336306,0
LA_D_5835778,0,0.05898435,0
LA_D_5835948,0,0.0030654958,0
LA_D_5837845,0,0.055924788,0
LA_D_5873514,0,0.0016196504,0
LA_D_5880856,0,0.0057058614,0
LA_D_5910081,0,0.007945368,0
LA_D_5938241,0,0.00035877666,0
LA_D_6038912,0,0.0042618494,0
LA_D_6065429,0,0.024500059,0
LA_D_6105321,0,0.0011984588,0
LA_D_6107290,0,0.026273753,0
LA_D_6112086,0,9.9784906e-05,0
LA_D_6128648,0,0.070437595,0
LA_D_6201103,0,0.0003671558,0
LA_D_6201607,0,0.000868443,0
LA_D_6245298,0,0.005053252,0
LA_D_6262648,0,0.0008802484,0
LA_D_6276774,0,0.004275094,0
LA_D_6333663,0,0.00034985945,0
LA_D_6353064,0,0.00033392632,0
LA_D_6409786,0,0.42355815,0
LA_D_6423308,0,0.00088979123,0
LA_D_6444125,0,0.00025235122,0
LA_D_6450379,0,0.0073485146,0
LA_D_6465758,0,0.00057843013,0
LA_D_6485701,0,0.0009007629,0
LA_D_6518794,0,0.0033063185,0
LA_D_6582126,0,0.0010896972,0
LA_D_6601160,0,0.00027064735,0
LA_D_6620261,0,0.00018391747,0
LA_D_6634897,0,0.0008480965,0
LA_D_6682326,0,0.13499433,0
LA_D_6691337,0,0.00053758424,0
LA_D_6711029,0,0.0005914882,0
LA_D_6712579,0,0.02224819,0
LA_D_6780816,0,0.0018634374,0
LA_D_6802153,0,0.00028991944,0
LA_D_6811737,0,0.00038180166,0
LA_D_6865799,0,0.00089449703,0
LA_D_6878756,0,0.01383904,0
LA_D_6893706,0,0.02528272,0
LA_D_6903594,0,0.0007482411,0
LA_D_6906792,0,0.00016686997,0
LA_D_6947953,0,0.06635576,0
LA_D_6961697,0,0.00231509,0
LA_D_6984588,0,0.14121702,0
LA_D_6985192,0,0.0006754012,0
LA_D_7012203,0,0.00080040615,0
LA_D_7017711,0,0.0023390884,0
LA_D_7026375,0,0.0026559061,0
LA_D_7041352,0,0.0041339407,0
LA_D_7052613,0,0.00025387257,0
LA_D_7098546,0,0.0036338246,0
LA_D_7112692,0,0.0004902542,0
LA_D_7112975,0,0.004304633,0
LA_D_7137971,0,0.008586107,0
LA_D_7148219,0,0.0016883862,0
LA_D_7157816,0,0.00022419203,0
LA_D_7206552,0,0.0003889116,0
LA_D_7224171,0,0.0038446598,0
LA_D_7234278,0,0.071907304,0
LA_D_7264686,0,0.0011074746,0
LA_D_7273954,0,0.0012897514,0
LA_D_7300406,0,0.030655527,0
LA_D_7320269,0,0.18499409,0
LA_D_7338327,0,0.00066778687,0
LA_D_7369444,0,0.001004224,0
LA_D_7408392,0,0.021805223,0
LA_D_7448493,0,0.0019971177,0
LA_D_7461756,0,0.023519691,0
LA_D_7473280,0,0.0040813987,0
LA_D_7482753,0,0.008401664,0
LA_D_7489677,0,0.0042423643,0
LA_D_7504343,0,0.28024057,0
LA_D_7519102,0,0.02606134,0
LA_D_7562913,0,0.027462456,0
LA_D_7694154,0,0.0002485574,0
LA_D_7736435,0,0.014679986,0
LA_D_7769275,0,0.0003693191,0
LA_D_7780225,0,0.0041623507,0
LA_D_7810138,0,0.0010684436,0
LA_D_7824275,0,0.0021071506,0
LA_D_7855371,0,0.00092619244,0
LA_D_7979163,0,0.00068428414,0
LA_D_8056722,0,0.000776653,0
LA_D_8056974,0,0.13045795,0
LA_D_8111703,0,0.0026636156,0
LA_D_8145413,0,0.00049215305,0
LA_D_8170828,0,0.000243937,0
LA_D_8228939,0,0.01375322,0
LA_D_8243405,0,0.0020511877,0
LA_D_8287063,0,0.019445429,0
LA_D_8348783,0,0.0039044486,0
LA_D_8367777,0,0.0027721834,0
LA_D_8500724,0,0.0901302,0
LA_D_8539674,0,0.007306024,0
LA_D_8560239,0,0.009720206,0
LA_D_8624575,0,0.046882994,0
LA_D_8661283,0,0.0072980574,0
LA_D_8664408,0,0.09836323,0
LA_D_8715195,0,0.0024072109,0
LA_D_8766017,0,0.00032226255,0
LA_D_8811694,0,0.004772053,0
LA_D_8904858,0,0.00012927779,0
LA_D_8929588,0,0.00441345,0
LA_D_8932667,0,0.009899069,0
LA_D_8961621,0,0.0019896075,0
LA_D_8997256,0,0.08871768,0
LA_D_9014300,0,0.00058291917,0
LA_D_9014425,0,0.015342288,0
LA_D_9036703,0,0.016243938,0
LA_D_9096187,0,0.03655955,0
LA_D_9105267,0,0.0005199388,0
LA_D_9117562,0,0.00046667186,0
LA_D_9250654,0,0.00033782914,0
LA_D_9290170,0,0.0003920347,0
LA_D_9347930,0,0.00068521866,0
LA_D_9361903,0,0.0027928213,0
LA_D_9395081,0,0.02070823,0
LA_D_9416941,0,0.031777874,0
LA_D_9439129,0,0.0005662822,0
LA_D_9467702,0,0.00028003176,0
LA_D_9486157,0,0.0014058982,0
LA_D_9500158,0,0.3909957,0
LA_D_9502397,0,0.075367466,0
LA_D_9526919,0,0.00029392014,0
LA_D_9603838,0,0.005290282,0
LA_D_9636629,0,0.0035227053,0
LA_D_9643063,0,0.0024317445,0
LA_D_9652883,0,0.0004564082,0
LA_D_9654133,0,0.041151505,0
LA_D_9654635,0,0.08494625,0
LA_D_9663298,0,0.08086769,0
LA_D_9726070,0,0.00093174167,0
LA_D_9731339,0,0.0020975969,0
LA_D_9752133,0,0.03788596,0
LA_D_9754579,0,0.001850425,0
LA_D_9774744,0,0.00467065,0
LA_D_9787469,0,0.0014534419,0
LA_D_9816404,0,8.326943e-05,0
LA_D_9837343,0,0.0014245354,0
LA_D_9850214,0,0.00028546268,0
LA_D_9943041,0,0.0008859285,0
LA_D_1026545,0,0.00010903271,0
LA_D_1032197,0,0.00750365,0
LA_D_1034329,0,2.8770752e-05,0
LA_D_1048234,0,3.0812716e-05,0
LA_D_1074364,0,4.3528118e-05,0
LA_D_1099405,0,1.9050436e-05,0
LA_D_1117567,0,0.00012499855,0
LA_D_1137303,0,4.0385028e-05,0
LA_D_1140227,0,0.00011747421,0
LA_D_1158260,0,5.551767e-05,0
LA_D_1167294,0,3.645103e-05,0
LA_D_1169125,0,0.00029509157,0
LA_D_1230972,0,5.992106e-05,0
LA_D_1268493,0,6.150268e-05,0
LA_D_1329749,0,4.3174365e-05,0
LA_D_1361818,0,8.894368e-05,0
LA_D_1408290,0,3.181393e-05,0
LA_D_1440908,0,0.00037744734,0
LA_D_1449303,0,0.00014434916,0
LA_D_1488314,0,0.0010136907,0
LA_D_1506631,0,0.00015401478,0
LA_D_1544944,0,0.00011823435,0
LA_D_1551137,0,9.107947e-05,0
LA_D_1555028,0,0.00034537617,0
LA_D_1563071,0,8.1343445e-05,0
LA_D_1604925,0,0.00014849514,0
LA_D_1654772,0,0.00018420334,0
LA_D_1714449,0,8.512079e-05,0
LA_D_1723393,0,2.752028e-05,0
LA_D_1738100,0,5.3906475e-05,0
LA_D_1755776,0,0.0001818618,0
LA_D_1768067,0,3.8878316e-05,0
LA_D_1775541,0,0.050045002,0
LA_D_1830521,0,3.1535965e-05,0
LA_D_1847073,0,0.0022174933,0
LA_D_1860065,0,2.9116354e-05,0
LA_D_1861262,0,0.02174079,0
LA_D_1864612,0,1.2753035e-05,0
LA_D_1865763,0,0.00012452042,0
LA_D_1906480,0,5.838807e-05,0
LA_D_1918819,0,9.845698e-06,0
LA_D_1966095,0,5.1054612e-05,0
LA_D_1975267,0,0.00033078567,0
LA_D_1984425,0,0.0002588972,0
LA_D_1998989,0,0.00011893293,0
LA_D_2000640,0,4.5338857e-05,0
LA_D_2013632,0,0.0017538811,0
LA_D_2017160,0,5.3658037e-05,0
LA_D_2017678,0,9.9891055e-05,0
LA_D_2039939,0,0.00012696383,0
LA_D_2045953,0,0.00017042758,0
LA_D_2059102,0,5.562891e-05,0
LA_D_2078394,0,2.4064942e-05,0
LA_D_2103653,0,5.0117575e-05,0
LA_D_2104529,0,0.0016097679,0
LA_D_2106919,0,0.00010587185,0
LA_D_2108357,0,4.7630336e-05,0
LA_D_2161873,0,0.00051491417,0
LA_D_2212427,0,0.00011849597,0
LA_D_2234125,0,6.41837e-05,0
LA_D_2244005,0,2.1833626e-05,0
LA_D_2276836,0,7.882608e-05,0
LA_D_2292066,0,0.36491838,0
LA_D_2319940,0,0.00019682173,0
LA_D_2336005,0,3.875013e-05,0
LA_D_2371320,0,0.0002978082,0
LA_D_2386184,0,4.9635146e-05,0
LA_D_2386577,0,1.4872114e-05,0
LA_D_2426319,0,4.801653e-05,0
LA_D_2428433,0,6.281278e-05,0
LA_D_2443752,0,3.7540376e-05,0
LA_D_2445037,0,4.022728e-05,0
LA_D_2455516,0,4.2955144e-05,0
LA_D_2508484,0,0.00012475789,0
LA_D_2509891,0,0.010563932,0
LA_D_2522340,0,0.00011715159,0
LA_D_2528296,0,2.0643514e-05,0
LA_D_2602670,0,3.884411e-05,0
LA_D_2609462,0,4.069741e-05,0
LA_D_2632286,0,4.9193037e-05,0
LA_D_2648941,0,2.5365282e-05,0
LA_D_2730974,0,3.5316185e-05,0
LA_D_2800343,0,2.8639848e-05,0
LA_D_2807440,0,0.0031943046,0
LA_D_2873975,0,2.7345679e-05,0
LA_D_2888191,0,0.00032185236,0
LA_D_2943983,0,0.000119464305,0
LA_D_2984512,0,0.00020926184,0
LA_D_2986383,0,2.0880812e-05,0
LA_D_2999694,0,0.00010017972,0
LA_D_3039018,0,8.3440325e-05,0
LA_D_3097956,0,0.0038439739,0
LA_D_3131527,0,0.00012700463,0
LA_D_3135627,0,5.263621e-05,0
LA_D_3144528,0,8.5172185e-05,0
LA_D_3192629,0,8.155517e-05,0
LA_D_3197572,0,4.2194428e-05,0
LA_D_3197929,0,7.748237e-05,0
LA_D_3200206,0,1.7251634e-05,0
LA_D_3220081,0,0.00019706773,0
LA_D_3244618,0,5.810396e-05,0
LA_D_3256092,0,0.00022524747,0
LA_D_3303443,0,2.0626825e-05,0
LA_D_3367868,0,6.653583e-05,0
LA_D_3376846,0,0.0002513715,0
LA_D_3395368,0,0.00020328407,0
LA_D_3426729,0,0.00025449102,0
LA_D_3443299,0,3.117666e-05,0
LA_D_3465485,0,0.00015827526,0
LA_D_3478144,0,0.0015715939,0
LA_D_3565303,0,0.00012413466,0
LA_D_3593160,0,0.00021526938,0
LA_D_3597738,0,2.2657956e-05,0
LA_D_3604214,0,5.488498e-05,0
LA_D_3614881,0,7.242418e-05,0
LA_D_3614949,0,2.9162453e-05,0
LA_D_3617105,0,0.045998063,0
LA_D_3727622,0,0.00011061234,0
LA_D_3767704,0,3.1632593e-05,0
LA_D_3782076,0,0.0010250113,0
LA_D_3788675,0,6.751655e-05,0
LA_D_3792366,0,3.82865e-05,0
LA_D_3799314,0,9.411403e-05,0
LA_D_3849533,0,2.7597918e-05,0
LA_D_3888968,0,4.5531106e-05,0
LA_D_3915707,0,6.7552486e-05,0
LA_D_3943938,0,0.00013163303,0
LA_D_3980944,0,8.252998e-05,0
LA_D_3989246,0,0.0005573882,0
LA_D_4039836,0,8.166981e-05,0
LA_D_4048306,0,0.00039039098,0
LA_D_4052162,0,0.0010512413,0
LA_D_4056923,0,4.45723e-05,0
LA_D_4107126,0,0.002872965,0
LA_D_4114596,0,6.4200845e-05,0
LA_D_4142294,0,3.1680353e-05,0
LA_D_4148714,0,7.347529e-05,0
LA_D_4155987,0,2.326862e-05,0
LA_D_4189838,0,2.7238526e-05,0
LA_D_4194240,0,5.9504695e-05,0
LA_D_4203364,0,3.101741e-05,0
LA_D_4234032,0,0.00010706097,0
LA_D_4253580,0,3.4399854e-05,0
LA_D_4258977,0,0.00019548187,0
LA_D_4278889,0,0.0015826947,0
LA_D_4300523,0,5.7556343e-05,0
LA_D_4321061,0,2.3491042e-05,0
LA_D_4332689,0,0.00017555314,0
LA_D_4348250,0,3.1795484e-05,0
LA_D_4398059,0,0.0002335254,0
LA_D_4432873,0,0.00018893938,0
LA_D_4440657,0,5.120684e-05,0
LA_D_4463511,0,0.0018946797,0
LA_D_4527658,0,3.0768464e-05,0
LA_D_4557906,0,3.8996284e-05,0
LA_D_4562820,0,7.734617e-05,0
LA_D_4593106,0,1.2110109e-05,0
LA_D_4603886,0,1.7715187e-05,0
LA_D_4691600,0,0.00012899064,0
LA_D_4708858,0,4.4683373e-05,0
LA_D_4729804,0,2.3349798e-05,0
LA_D_4750966,0,4.938769e-05,0
LA_D_4760053,0,2.2461083e-05,0
LA_D_4870195,0,0.000116803996,0
LA_D_4874226,0,0.00026739662,0
LA_D_4915695,0,8.834368e-05,0
LA_D_4963074,0,8.227726e-05,0
LA_D_4979134,0,2.5680409e-05,0
LA_D_4992708,0,2.6064614e-05,0
LA_D_5009375,0,5.5969136e-05,0
LA_D_5016623,0,7.688268e-05,0
LA_D_5030185,0,0.00015221651,0
LA_D_5051331,0,0.00014667529,0
LA_D_5076610,0,0.00044243477,0
LA_D_5076694,0,0.00020179477,0
LA_D_5091691,0,0.00024206222,0
LA_D_5100182,0,3.50857e-05,0
LA_D_5118215,0,8.0158985e-05,0
LA_D_5127521,0,0.00014854938,0
LA_D_5133121,0,0.021742547,0
LA_D_5135623,0,0.0005505715,0
LA_D_5140041,0,3.843312e-05,0
LA_D_5170428,0,5.7973502e-05,0
LA_D_5177326,0,0.00016814968,0
LA_D_5181684,0,5.1899828e-05,0
LA_D_5193789,0,0.00032742068,0
LA_D_5209189,0,9.053333e-05,0
LA_D_5234713,0,4.8843387e-05,0
LA_D_5327544,0,3.0355282e-05,0
LA_D_5341623,0,3.119046e-05,0
LA_D_5374725,0,0.00019397351,0
LA_D_5383636,0,4.4420347e-05,0
LA_D_5472358,0,0.006081029,0
LA_D_5549868,0,4.2276275e-05,0
LA_D_5563808,0,3.4627188e-05,0
LA_D_5570032,0,0.00035147445,0
LA_D_5586705,0,0.000101935664,0
LA_D_5679699,0,6.11645e-05,0
LA_D_5682639,0,5.3417873e-05,0
LA_D_5699257,0,0.0010197447,0
LA_D_5711305,0,0.00018196294,0
LA_D_5738684,0,0.00038141027,0
LA_D_5751891,0,0.002618935,0
LA_D_5776830,0,0.0019432581,0
LA_D_5798590,0,5.8053673e-05,0
LA_D_5819741,0,0.00031105944,0
LA_D_5830215,0,2.3690594e-05,0
LA_D_5855679,0,0.00022542084,0
LA_D_5948278,0,0.0005308267,0
LA_D_5954862,0,0.00067059806,0
LA_D_5959728,0,0.00079265964,0
LA_D_5991498,0,3.2658918e-05,0
LA_D_6000471,0,3.144108e-05,0
LA_D_6001731,0,2.596659e-05,0
LA_D_6026070,0,3.0568448e-05,0
LA_D_6045245,0,7.193719e-05,0
LA_D_6046443,0,0.011692332,0
LA_D_6080461,0,2.7083657e-05,0
LA_D_6125461,0,7.577617e-05,0
LA_D_6127252,0,2.9104278e-05,0
LA_D_6131631,0,0.00011415362,0
LA_D_6147694,0,3.9236325e-05,0
LA_D_6160245,0,0.00021771852,0
LA_D_6174345,0,0.0002947522,0
LA_D_6183125,0,0.0013050069,0
LA_D_6187174,0,0.00022856923,0
LA_D_6202447,0,3.838682e-05,0
LA_D_6223774,0,0.00014428601,0
LA_D_6227080,0,5.6388504e-05,0
LA_D_6231724,0,0.019941054,0
LA_D_6264742,0,3.323235e-05,0
LA_D_6288186,0,0.00012425391,0
LA_D_6314728,0,9.6721335e-05,0
LA_D_6316102,0,3.845592e-05,0
LA_D_6341396,0,0.0012036528,0
LA_D_6359496,0,0.00022534284,0
LA_D_6383686,0,3.8297603e-05,0
LA_D_6388120,0,5.8639394e-05,0
LA_D_6413462,0,0.00010630289,0
LA_D_6419449,0,5.631424e-05,0
LA_D_6428957,0,0.00019800573,0
LA_D_6474102,0,6.605423e-05,0
LA_D_6479435,0,9.202945e-06,0
LA_D_6484577,0,5.5796634e-05,0
LA_D_6497525,0,3.143709e-05,0
LA_D_6531960,0,2.7363498e-05,0
LA_D_6546081,0,0.00014644985,0
LA_D_6553908,0,3.585306e-05,0
LA_D_6585774,0,3.344313e-05,0
LA_D_6596958,0,7.1054965e-05,0
LA_D_6629886,0,3.9939867e-05,0
LA_D_6635685,0,7.4043186e-05,0
LA_D_6638128,0,7.735967e-05,0
LA_D_6640384,0,0.0026139824,0
LA_D_6665426,0,4.4126617e-05,0
LA_D_6717508,0,4.249186e-05,0
LA_D_6747561,0,0.00031972563,0
LA_D_6748543,0,0.00011494652,0
LA_D_6768434,0,8.116197e-05,0
LA_D_6795503,0,0.0001724329,0
LA_D_6795908,0,0.0032742254,0
LA_D_6802049,0,0.00019126911,0
LA_D_6809474,0,0.00034680398,0
LA_D_6814264,0,8.972057e-05,0
LA_D_6834652,0,3.2390435e-05,0
LA_D_6846040,0,2.8824636e-05,0
LA_D_6846115,0,7.7075296e-05,0
LA_D_6853671,0,2.4993507e-05,0
LA_D_6862159,0,0.00057839986,0
LA_D_6878638,0,5.4614535e-05,0
LA_D_6882166,0,0.0016252673,0
LA_D_6886878,0,1.9467372e-05,0
LA_D_6892152,0,8.412718e-05,0
LA_D_6899810,0,9.000249e-05,0
LA_D_6901051,0,0.00012713173,0
LA_D_6913633,0,0.00013094486,0
LA_D_6937285,0,0.00013082044,0
LA_D_6952781,0,3.152364e-05,0
LA_D_6962233,0,4.869633e-05,0
LA_D_7039816,0,0.013650542,0
LA_D_7054436,0,3.4076773e-05,0
LA_D_7135015,0,0.00040237955,0
LA_D_7149695,0,0.0008952889,0
LA_D_7187720,0,6.730795e-05,0
LA_D_7194672,0,0.00015247567,0
LA_D_7230852,0,0.00010063499,0
LA_D_7235672,0,3.5118872e-05,0
LA_D_7312592,0,0.00011072252,0
LA_D_7321136,0,3.6169724e-05,0
LA_D_7333250,0,3.1636333e-05,0
LA_D_7343735,0,6.6092216e-05,0
LA_D_7382673,0,0.0009727682,0
LA_D_7415932,0,0.00012448174,0
LA_D_7418362,0,0.00011630953,0
LA_D_7421260,0,0.00010207175,0
LA_D_7510866,0,2.8951472e-05,0
LA_D_7525010,0,3.1704167e-05,0
LA_D_7533494,0,2.9147692e-05,0
LA_D_7546312,0,4.169523e-05,0
LA_D_7555962,0,4.9799182e-05,0
LA_D_7564617,0,7.32283e-05,0
LA_D_7577366,0,7.511429e-05,0
LA_D_7625238,0,5.9201266e-05,0
LA_D_7626133,0,0.00018029322,0
LA_D_7640331,0,2.9369765e-05,0
LA_D_7655235,0,6.0488408e-05,0
LA_D_7657304,0,0.000116601026,0
LA_D_7733072,0,0.000364063,0
LA_D_7741491,0,3.6412883e-05,0
LA_D_7756238,0,7.456725e-05,0
LA_D_7772523,0,8.044185e-05,0
LA_D_7774259,0,0.00062563736,0
LA_D_7786100,0,1.18679445e-05,0
LA_D_7793940,0,4.4301432e-05,0
LA_D_7803428,0,0.000102205566,0
LA_D_7833826,0,0.00010853438,0
LA_D_7839744,0,1.5953849e-05,0
LA_D_7880514,0,3.9492534e-05,0
LA_D_7907328,0,0.00036590922,0
LA_D_7965716,0,0.0014064534,0
LA_D_8039247,0,2.8404624e-05,0
LA_D_8069387,0,1.5090517e-05,0
LA_D_8091794,0,0.00012210879,0
LA_D_8130384,0,1.1613411e-05,0
LA_D_8137810,0,4.9900016e-05,0
LA_D_8138035,0,2.8610119e-05,0
LA_D_8162971,0,6.6516164e-05,0
LA_D_8169593,0,0.00021694269,0
LA_D_8173305,0,0.0025419318,0
LA_D_8220161,0,0.00011932302,0
LA_D_8248529,0,8.533234e-05,0
LA_D_8250392,0,0.00021243253,0
LA_D_8261899,0,0.00012187171,0
LA_D_8268288,0,1.6017237e-05,0
LA_D_8281201,0,4.6375404e-05,0
LA_D_8308097,0,3.280519e-05,0
LA_D_8309783,0,2.6165777e-05,0
LA_D_8321562,0,9.517502e-05,0
LA_D_8338896,0,0.00030054242,0
LA_D_8340325,0,2.328811e-05,0
LA_D_8342451,0,6.9415975e-05,0
LA_D_8406853,0,0.0001975893,0
LA_D_8427353,0,6.858069e-05,0
LA_D_8455214,0,0.00014396661,0
LA_D_8463562,0,0.00012353044,0
LA_D_8483715,0,1.7335396e-05,0
LA_D_8495231,0,0.0004443509,0
LA_D_8509642,0,0.00496112,0
LA_D_8519166,0,0.00039707433,0
LA_D_8533998,0,4.168259e-05,0
LA_D_8536051,0,5.0627576e-05,0
LA_D_8538675,0,0.00019452172,0
LA_D_8548417,0,5.433318e-05,0
LA_D_8549576,0,7.2246905e-05,0
LA_D_8582931,0,4.2099855e-05,0
LA_D_8614682,0,0.0015280182,0
LA_D_8628678,0,1.5102451e-05,0
LA_D_8646930,0,7.5643766e-05,0
LA_D_8655642,0,0.00020187713,0
LA_D_8667287,0,6.804086e-05,0
LA_D_8683829,0,5.7706155e-05,0
LA_D_8753292,0,4.9322123e-05,0
LA_D_8773895,0,4.643032e-05,0
LA_D_8792663,0,9.867085e-05,0
LA_D_8804146,0,3.7946273e-05,0
LA_D_8815079,0,6.795779e-05,0
LA_D_8849846,0,3.283126e-05,0
LA_D_8852535,0,2.4734343e-05,0
LA_D_8862440,0,6.339342e-05,0
LA_D_8862614,0,0.00037337787,0
LA_D_8871719,0,2.0010242e-05,0
LA_D_8892690,0,2.0157819e-05,0
LA_D_8908261,0,6.8598936e-05,0
LA_D_8912899,0,3.8563125e-05,0
LA_D_8925628,0,0.0009725796,0
LA_D_8998915,0,7.831479e-05,0
LA_D_9037892,0,3.250753e-05,0
LA_D_9049736,0,9.479224e-05,0
LA_D_9066461,0,1.8401359e-05,0
LA_D_9068099,0,1.8985325e-05,0
LA_D_9073444,0,0.0001364678,0
LA_D_9094713,0,2.5439314e-05,0
LA_D_9120425,0,5.371814e-05,0
LA_D_9159389,0,7.803688e-05,0
LA_D_9172994,0,3.767491e-05,0
LA_D_9225299,0,3.8953243e-05,0
LA_D_9249528,0,3.100641e-05,0
LA_D_9254137,0,7.679475e-05,0
LA_D_9271439,0,8.132591e-05,0
LA_D_9278326,0,0.0001215099,0
LA_D_9278655,0,3.4791894e-05,0
LA_D_9334822,0,4.5547866e-05,0
LA_D_9337299,0,3.2905325e-05,0
LA_D_9351259,0,2.159153e-05,0
LA_D_9452798,0,1.5860252e-05,0
LA_D_9497637,0,2.9408893e-05,0
LA_D_9509498,0,0.00024824005,0
LA_D_9521538,0,0.00040479915,0
LA_D_9526073,0,4.817288e-05,0
LA_D_9609174,0,5.2355266e-05,0
LA_D_9638872,0,3.6717578e-05,0
LA_D_9685992,0,2.7492002e-05,0
LA_D_9696008,0,7.0825634e-05,0
LA_D_9699074,0,3.7732076e-05,0
LA_D_9732180,0,4.9452396e-05,0
LA_D_9739074,0,3.0398705e-05,0
LA_D_9800072,0,4.1652907e-05,0
LA_D_9820995,0,7.63604e-05,0
LA_D_9840935,0,2.864329e-05,0
LA_D_9865644,0,9.6127165e-05,0
LA_D_9896805,0,0.00010106969,0
LA_D_9953716,0,7.756133e-05,0
LA_D_9972716,0,0.0019948483,0
LA_D_9988500,0,5.3817927e-05,0
LA_D_1016296,0,0.64975405,1
LA_D_1044924,0,0.485117,0
LA_D_1078299,0,0.1313413,0
LA_D_1127112,0,0.92691445,1
LA_D_1140789,0,0.57996005,1
LA_D_1146602,0,0.012414024,0
LA_D_1161040,0,0.81116694,1
LA_D_1176474,0,0.107206255,0
LA_D_1248870,0,0.8543567,1
LA_D_1292781,0,0.018839197,0
LA_D_1318978,0,0.99848914,1
LA_D_1326907,0,0.025358262,0
LA_D_1357016,0,0.9047831,1
LA_D_1393609,0,0.9941658,1
LA_D_1394492,0,0.97571826,1
LA_D_1438742,0,0.95244014,1
LA_D_1469415,0,0.28608868,0
LA_D_1484616,0,0.91419464,1
LA_D_1487457,0,0.026911773,0
LA_D_1557405,0,0.9458617,1
LA_D_1559429,0,0.30981806,0
LA_D_1566542,0,0.5722121,1
LA_D_1573404,0,0.9544174,1
LA_D_1630527,0,0.049041826,0
LA_D_1649895,0,0.98534447,1
LA_D_1697663,0,0.1836486,0
LA_D_1715794,0,0.01221641,0
LA_D_1717085,0,0.046170413,0
LA_D_1763710,0,0.8762271,1
LA_D_1803165,0,0.9186588,1
LA_D_1842516,0,0.46961957,0
LA_D_1856497,0,0.9811489,1
LA_D_1872772,0,0.1863062,0
LA_D_1878310,0,0.9886574,1
LA_D_1921938,0,0.13327749,0
LA_D_1946747,0,0.9889579,1
LA_D_1952217,0,0.31964222,0
LA_D_1953786,0,0.627452,1
LA_D_1999944,0,0.97514683,1
LA_D_2017057,0,0.30353934,0
LA_D_2021939,0,0.32634628,0
LA_D_2032120,0,0.98946327,1
LA_D_2040913,0,0.0055011786,0
LA_D_2110432,0,0.7854046,1
LA_D_2115072,0,0.9121183,1
LA_D_2180694,0,0.025506373,0
LA_D_2196978,0,0.0002835185,0
LA_D_2215298,0,0.64245546,1
LA_D_2222567,0,0.32301793,0
LA_D_2300503,0,0.053836152,0
LA_D_2364597,0,0.55238515,1
LA_D_2441093,0,0.6591292,1
LA_D_2466917,0,0.24896172,0
LA_D_2467416,0,0.037694924,0
LA_D_2481560,0,0.6501178,1
LA_D_2494446,0,0.94877756,1
LA_D_2499638,0,0.023619156,0
LA_D_2501643,0,0.0024620863,0
LA_D_2542779,0,0.63246256,1
LA_D_2597129,0,0.9680463,1
LA_D_2598079,0,0.90669423,1
LA_D_2602925,0,0.5102511,1
LA_D_2617516,0,0.57070696,1
LA_D_2674105,0,0.74372905,1
LA_D_2691898,0,0.0853528,0
LA_D_2745051,0,0.35222957,0
LA_D_2776677,0,0.4747522,0
LA_D_2870458,0,0.35957822,0
LA_D_2883720,0,0.4069911,0
LA_D_2977454,0,0.91998446,1
LA_D_3004327,0,0.0010134388,0
LA_D_3010789,0,0.98546267,1
LA_D_3054881,0,0.7134566,1
LA_D_3065517,0,0.39944223,0
LA_D_3126147,0,0.028510949,0
LA_D_3211269,0,0.38912532,0
LA_D_3229435,0,0.005202478,0
LA_D_3273842,0,0.30150142,0
LA_D_3283074,0,0.0055592544,0
LA_D_3285424,0,0.05342441,0
LA_D_3301577,0,0.024693368,0
LA_D_3346891,0,0.027777873,0
LA_D_3395278,0,0.98575854,1
LA_D_3399535,0,0.8189223,1
LA_D_3404722,0,0.06426073,0
LA_D_3411132,0,0.4946139,0
LA_D_3442349,0,0.33259645,0
LA_D_3473674,0,0.052993976,0
LA_D_3495418,0,0.0017497203,0
LA_D_3639272,0,0.07073877,0
LA_D_3646143,0,0.9925714,1
LA_D_3655812,0,0.6197215,1
LA_D_3741865,0,0.9875162,1
LA_D_3754318,0,0.6317135,1
LA_D_3884249,0,0.33565575,0
LA_D_3914541,0,0.04706964,0
LA_D_3928764,0,0.90833616,1
LA_D_3995155,0,0.9925263,1
LA_D_4019473,0,0.10734836,0
LA_D_4021676,0,0.64189094,1
LA_D_4024567,0,0.8361556,1
LA_D_4044969,0,0.6422374,1
LA_D_4127237,0,0.07769917,0
LA_D_4190213,0,0.29141936,0
LA_D_4249444,0,0.9445835,1
LA_D_4272960,0,0.12362175,0
LA_D_4281667,0,0.8746641,1
LA_D_4354832,0,0.85670155,1
LA_D_4427871,0,0.8962577,1
LA_D_4453838,0,0.0647398,0
LA_D_4482667,0,0.9900176,1
LA_D_4564375,0,0.033527482,0
LA_D_4602795,0,0.26869524,0
LA_D_4657076,0,0.37648776,0
LA_D_4710772,0,0.56127477,1
LA_D_4724979,0,0.8797884,1
LA_D_4730310,0,0.99833435,1
LA_D_4766369,0,0.35391736,0
LA_D_4768212,0,0.54264027,1
LA_D_4771283,0,0.98790467,1
LA_D_4778221,0,0.8389333,1
LA_D_4797830,0,0.9944974,1
LA_D_4799572,0,0.9624257,1
LA_D_4874621,0,0.06683528,0
LA_D_4876965,0,0.54949236,1
LA_D_4950294,0,0.17197183,0
LA_D_5005167,0,0.77442545,1
LA_D_5091760,0,0.84789693,1
LA_D_5107868,0,0.07840183,0
LA_D_5124586,0,0.99029994,1
LA_D_5140773,0,0.67020875,1
LA_D_5170331,0,0.9694262,1
LA_D_5177748,0,0.22406092,0
LA_D_5182268,0,0.0016160181,0
LA_D_5189335,0,0.0535919,0
LA_D_5193473,0,0.9987912,1
LA_D_5249364,0,0.46207574,0
LA_D_5266068,0,0.81725097,1
LA_D_5305767,0,0.83201224,1
LA_D_5366058,0,0.7273464,1
LA_D_5399266,0,0.26214045,0
LA_D_5464038,0,0.37857422,0
LA_D_5479621,0,0.017381357,0
LA_D_5529080,0,0.89596367,1
LA_D_5531293,0,0.68637514,1
LA_D_5553767,0,0.20268072,0
LA_D_5554206,0,0.90792423,1
LA_D_5572271,0,0.03353519,0
LA_D_5702239,0,0.43175074,0
LA_D_5836628,0,0.95825434,1
LA_D_5839530,0,0.9442675,1
LA_D_5899837,0,0.16576464,0
LA_D_5919154,0,0.11714072,0
LA_D_6003803,0,0.98045105,1
LA_D_6048851,0,0.27665797,0
LA_D_6054337,0,0.93229795,1
LA_D_6153129,0,0.8359426,1
LA_D_6153562,0,0.87127256,1
LA_D_6190533,0,0.8689928,1
LA_D_6192792,0,0.01118093,0
LA_D_6197341,0,0.2900927,0
LA_D_6255539,0,0.17351423,0
LA_D_6256750,0,0.77223563,1
LA_D_6276971,0,0.95219904,1
LA_D_6281576,0,0.9197124,1
LA_D_6292340,0,0.31313008,0
LA_D_6300071,0,0.8422915,1
LA_D_6346160,0,0.83928096,1
LA_D_6355954,0,0.54154325,1
LA_D_6366232,0,0.938063,1
LA_D_6392613,0,0.082488336,0
LA_D_6411224,0,0.787862,1
LA_D_6431886,0,0.9058696,1
LA_D_6440445,0,0.7462322,1
LA_D_6493011,0,0.8523012,1
LA_D_6536882,0,0.29359084,0
LA_D_6573061,0,0.53967345,1
LA_D_6604594,0,0.027857503,0
LA_D_6606092,0,0.40988216,0
LA_D_6696589,0,0.5867601,1
LA_D_6733057,0,0.30657244,0
LA_D_6733844,0,0.90168625,1
LA_D_6736813,0,0.81206304,1
LA_D_6759383,0,0.66085064,1
LA_D_6784610,0,0.7723456,1
LA_D_6813136,0,0.009574152,0
LA_D_6828979,0,0.15393777,0
LA_D_6838627,0,0.3708458,0
LA_D_6869232,0,0.40389895,0
LA_D_6903687,0,0.7144795,1
LA_D_6937056,0,0.78254,1
LA_D_6954064,0,0.0009865143,0
LA_D_6982355,0,0.63556486,1
LA_D_6990164,0,0.0629548,0
LA_D_6998107,0,0.9008099,1
LA_D_7008788,0,0.015474947,0
LA_D_7016945,0,0.11540476,0
LA_D_7021627,0,0.005176213,0
LA_D_7030186,0,0.07524414,0
LA_D_7030273,0,0.9655825,1
LA_D_7063095,0,0.34629396,0
LA_D_7088669,0,0.5027775,1
LA_D_7112224,0,0.16352105,0
LA_D_7147745,0,0.82971644,1
LA_D_7154683,0,0.346929,0
LA_D_7176078,0,0.9790988,1
LA_D_7229340,0,0.016167564,0
LA_D_7253310,0,0.01943739,0
LA_D_7257796,0,0.41991657,0
LA_D_7272412,0,0.6234203,1
LA_D_7302757,0,0.43741143,0
LA_D_7328344,0,0.5654737,1
LA_D_7328872,0,0.48449194,0
LA_D_7337126,0,0.91811264,1
LA_D_7346965,0,0.0060342886,0
LA_D_7363496,0,0.8757719,1
LA_D_7386222,0,0.57527816,1
LA_D_7435327,0,0.95975745,1
LA_D_7468954,0,0.7016905,1
LA_D_7523717,0,0.98385996,1
LA_D_7536401,0,0.085963026,0
LA_D_7543704,0,0.9656033,1
LA_D_7560734,0,0.5581483,1
LA_D_7573124,0,0.43254682,0
LA_D_7631811,0,0.80385834,1
LA_D_7662648,0,0.23631051,0
LA_D_7669397,0,0.9971066,1
LA_D_7739036,0,0.12339067,0
LA_D_7760476,0,0.8816656,1
LA_D_7826604,0,0.028648183,0
LA_D_7856417,0,0.4464348,0
LA_D_7872579,0,0.0032376773,0
LA_D_7893531,0,0.011696343,0
LA_D_7939810,0,0.5531073,1
LA_D_7985410,0,0.9349246,1
LA_D_7993478,0,0.99220943,1
LA_D_7998693,0,0.9992819,1
LA_D_8001922,0,0.96328294,1
LA_D_8018834,0,0.79089916,1
LA_D_8026429,0,0.985955,1
LA_D_8037458,0,0.9360855,1
LA_D_8058106,0,0.4257209,0
LA_D_8115137,0,0.70510155,1
LA_D_8115280,0,0.97899294,1
LA_D_8116593,0,0.24162497,0
LA_D_8117889,0,0.9021582,1
LA_D_8126226,0,0.023040242,0
LA_D_8189332,0,0.0083656665,0
LA_D_8258080,0,0.9784016,1
LA_D_8269720,0,0.115757234,0
LA_D_8271714,0,0.32220358,0
LA_D_8285076,0,0.46087262,0
LA_D_8313425,0,0.018478941,0
LA_D_8351401,0,0.9776479,1
LA_D_8374831,0,0.9036056,1
LA_D_8404295,0,0.7169341,1
LA_D_8429648,0,0.9878165,1
LA_D_8493833,0,0.8885198,1
LA_D_8520696,0,0.82102776,1
LA_D_8522922,0,0.9681121,1
LA_D_8567575,0,0.13130449,0
LA_D_8584532,0,0.036525227,0
LA_D_8606381,0,0.92836267,1
LA_D_8608217,0,0.14684999,0
LA_D_8702563,0,0.43074507,0
LA_D_8749920,0,0.051563177,0
LA_D_8754795,0,0.72648454,1
LA_D_8763624,0,0.027209517,0
LA_D_8763956,0,0.00096736604,0
LA_D_8792267,0,0.2903316,0
LA_D_8795592,0,0.25982758,0
LA_D_8852103,0,0.80760914,1
LA_D_8894648,0,0.24054515,0
LA_D_8903895,0,0.79851884,1
LA_D_8931062,0,0.107934944,0
LA_D_8961195,0,0.26854324,0
LA_D_8987632,0,0.27192938,0
LA_D_9005941,0,0.54863083,1
LA_D_9018221,0,0.01768544,0
LA_D_9127001,0,0.9775934,1
LA_D_9138868,0,0.02802656,0
LA_D_9147299,0,0.7675413,1
LA_D_9152403,0,0.001125266,0
LA_D_9206015,0,0.15610431,0
LA_D_9274477,0,0.078662485,0
LA_D_9284758,0,0.3615038,0
LA_D_9335831,0,0.00059938704,0
LA_D_9342188,0,0.98697793,1
LA_D_9392796,0,0.00062005286,0
LA_D_9395082,0,0.033918448,0
LA_D_9424343,0,0.94705546,1
LA_D_9451445,0,0.18040049,0
LA_D_9474750,0,0.023541886,0
LA_D_9478591,0,0.50521046,1
LA_D_9506978,0,0.085376166,0
LA_D_9551821,0,0.019339459,0
LA_D_9626068,0,0.6044882,1
LA_D_9634838,0,0.056079034,0
LA_D_9672991,0,0.9983224,1
LA_D_9733678,0,0.9667727,1
LA_D_9785421,0,0.9838681,1
LA_D_9786409,0,0.09706428,0
LA_D_9812727,0,0.621744,1
LA_D_9825451,0,0.9822276,1
LA_D_9911052,0,0.5828448,1
LA_D_9922230,0,0.97626364,1
LA_D_9975936,0,0.0021800501,0
LA_D_9997585,0,0.09248381,0
LA_D_1013596,0,8.835572e-05,0
LA_D_1024326,0,6.943935e-05,0
LA_D_1029401,0,0.00027116702,0
LA_D_1051032,0,0.00012968783,0
LA_D_1089922,0,0.00012986144,0
LA_D_1099173,0,8.005876e-05,0
LA_D_1141551,0,6.599516e-05,0
LA_D_1147582,0,0.00017824682,0
LA_D_1176249,0,0.0031785937,0
LA_D_1177616,0,0.0003318517,0
LA_D_1179946,0,4.3698517e-05,0
LA_D_1243570,0,0.00010488618,0
LA_D_1253043,0,8.335586e-05,0
LA_D_1264718,0,7.137204e-05,0
LA_D_1286132,0,4.7300815e-05,0
LA_D_1290079,0,5.1869247e-05,0
LA_D_1324369,0,0.0017097464,0
LA_D_1371818,0,3.8574854e-05,0
LA_D_1375735,0,7.139164e-05,0
LA_D_1409881,0,0.000110019784,0
LA_D_1420574,0,0.0002560428,0
LA_D_1427618,0,6.442237e-05,0
LA_D_1443809,0,9.962176e-05,0
LA_D_1464997,0,0.12508674,0
LA_D_1483054,0,0.00019314777,0
LA_D_1506235,0,5.9660037e-05,0
LA_D_1522185,0,9.315951e-05,0
LA_D_1528176,0,0.0001883106,0
LA_D_1556777,0,3.3479e-05,0
LA_D_1600156,0,8.951018e-05,0
LA_D_1660121,0,0.041751307,0
LA_D_1670207,0,9.341341e-05,0
LA_D_1834958,0,9.721927e-05,0
LA_D_1874001,0,0.00024534445,0
LA_D_1889727,0,0.0007954991,0
LA_D_1903761,0,0.00013144752,0
LA_D_1915883,0,0.00057440967,0
LA_D_1918968,0,0.00046453066,0
LA_D_1936614,0,9.890598e-05,0
LA_D_1940050,0,3.3445715e-05,0
LA_D_1976624,0,0.00031332625,0
LA_D_1980562,0,0.0016011336,0
LA_D_1984025,0,1.2632231e-05,0
LA_D_1986382,0,4.0486713e-05,0
LA_D_2009306,0,0.00020667633,0
LA_D_2052144,0,0.0001466322,0
LA_D_2063490,0,0.00012087638,0
LA_D_2064600,0,9.661605e-05,0
LA_D_2085656,0,0.00015648008,0
LA_D_2100372,0,6.858311e-05,0
LA_D_2118848,0,0.00085778045,0
LA_D_2144689,0,6.0110957e-05,0
LA_D_2159915,0,7.904392e-05,0
LA_D_2173475,0,0.00032455032,0
LA_D_2187904,0,3.42323e-05,0
LA_D_2197811,0,0.00043245562,0
LA_D_2242800,0,9.881237e-05,0
LA_D_2254293,0,7.7519326e-05,0
LA_D_2265492,0,0.00010225109,0
LA_D_2279462,0,0.00021044316,0
LA_D_2293647,0,0.00022349646,0
LA_D_2294546,0,0.0002880962,0
LA_D_2335219,0,0.00013839614,0
LA_D_2341615,0,0.00020289273,0
LA_D_2345337,0,5.5611403e-05,0
LA_D_2372835,0,8.049296e-05,0
LA_D_2375001,0,6.149395e-05,0
LA_D_2395590,0,0.0005182921,0
LA_D_2406469,0,8.8878136e-05,0
LA_D_2413214,0,7.034692e-05,0
LA_D_2458766,0,0.00108843,0
LA_D_2482572,0,0.0010062971,0
LA_D_2517481,0,5.88859e-05,0
LA_D_2527215,0,0.00011062626,0
LA_D_2545950,0,7.381492e-05,0
LA_D_2550548,0,9.826887e-05,0
LA_D_2557946,0,0.00011260544,0
LA_D_2571309,0,9.025172e-05,0
LA_D_2579139,0,0.0001306758,0
LA_D_2603106,0,4.79164e-05,0
LA_D_2607277,0,0.00016937344,0
LA_D_2608601,0,8.0666774e-05,0
LA_D_2684959,0,0.00011752261,0
LA_D_2691745,0,0.0005295633,0
LA_D_2727780,0,0.00048243086,0
LA_D_2799892,0,4.0666568e-05,0
LA_D_2866949,0,5.3252068e-05,0
LA_D_2902556,0,7.533351e-05,0
LA_D_2914985,0,0.000107227715,0
LA_D_2921930,0,0.00015097499,0
LA_D_2925498,0,0.00017336088,0
LA_D_2933176,0,0.000793077,0
LA_D_2958095,0,0.000102707156,0
LA_D_2997217,0,0.00013383846,0
LA_D_3036760,0,1.0798347e-05,0
LA_D_3039159,0,0.000645604,0
LA_D_3054411,0,0.00024519197,0
LA_D_3075527,0,0.00010527044,0
LA_D_3093185,0,0.044331234,0
LA_D_3094874,0,4.371486e-05,0
LA_D_3129993,0,0.00011271501,0
LA_D_3230838,0,9.570962e-05,0
LA_D_3248256,0,4.006518e-05,0
LA_D_3282066,0,9.446e-05,0
LA_D_3337611,0,0.00014432549,0
LA_D_3380409,0,0.00027436757,0
LA_D_3393465,0,0.0001396149,0
LA_D_3398271,0,0.000105828534,0
LA_D_3412330,0,0.0001617758,0
LA_D_3420388,0,0.00015257995,0
LA_D_3435784,0,0.00030136792,0
LA_D_3450749,0,0.00010117189,0
LA_D_3457581,0,6.519271e-05,0
LA_D_3496116,0,9.209782e-05,0
LA_D_3509644,0,0.00012198332,0
LA_D_3539892,0,0.00019011652,0
LA_D_3552234,0,0.000120944394,0
LA_D_3562009,0,9.544276e-05,0
LA_D_3567404,0,0.0001866193,0
LA_D_3571070,0,0.00015883993,0
LA_D_3588547,0,0.00024733567,0
LA_D_3619292,0,0.00016822922,0
LA_D_3643887,0,0.00023498834,0
LA_D_3646040,0,0.00064737885,0
LA_D_3673596,0,0.00043809778,0
LA_D_3726596,0,0.00015942959,0
LA_D_3737744,0,7.374224e-05,0
LA_D_3757923,0,8.46316e-05,0
LA_D_3770754,0,9.7212695e-05,0
LA_D_3814257,0,6.674885e-05,0
LA_D_3843705,0,0.00021171592,0
LA_D_3851144,0,0.00013055165,0
LA_D_3883337,0,0.00012645732,0
LA_D_3887131,0,8.596506e-05,0
LA_D_3893271,0,0.00036066963,0
LA_D_3917851,0,5.06453e-05,0
LA_D_3918474,0,0.0003643559,0
LA_D_3924068,0,0.00016401787,0
LA_D_3930165,0,0.00011751544,0
LA_D_3946264,0,7.326371e-05,0
LA_D_3952183,0,0.00036564804,0
LA_D_3967616,0,0.002316465,0
LA_D_4014814,0,0.044476014,0
LA_D_4029515,0,0.00021953454,0
LA_D_4030356,0,0.00038627326,0
LA_D_4046673,0,0.00013350006,0
LA_D_4080966,0,0.0001229859,0
LA_D_4121809,0,0.00020206219,0
LA_D_4123062,0,7.744832e-05,0
LA_D_4131648,0,0.00019475594,0
LA_D_4167431,0,0.00013517581,0
LA_D_4196303,0,9.265939e-05,0
LA_D_4196989,0,0.0067031546,0
LA_D_4199273,0,0.00025359917,0
LA_D_4231134,0,5.4741442e-05,0
LA_D_4255574,0,0.00038195553,0
LA_D_4258777,0,4.660475e-05,0
LA_D_4344587,0,0.0001943506,0
LA_D_4374868,0,7.960709e-05,0
LA_D_4394367,0,0.000937584,0
LA_D_4397003,0,0.00012584901,0
LA_D_4432534,0,6.899855e-05,0
LA_D_4452476,0,0.0014137237,0
LA_D_4477471,0,0.00014090956,0
LA_D_4492452,0,7.735082e-05,0
LA_D_4526494,0,0.00022321321,0
LA_D_4542806,0,4.8796785e-05,0
LA_D_4575411,0,0.0002704183,0
LA_D_4650704,0,0.00095687085,0
LA_D_4653724,0,6.88353e-05,0
LA_D_4654807,0,0.0003291395,0
LA_D_4724411,0,9.231429e-05,0
LA_D_4724496,0,0.0008827392,0
LA_D_4730109,0,0.0003399997,0
LA_D_4763142,0,0.00022178912,0
LA_D_4766442,0,0.00014568327,0
LA_D_4798963,0,0.00020978687,0
LA_D_4841921,0,0.00018723492,0
LA_D_4852798,0,0.00015595545,0
LA_D_4895511,0,0.000123697,0
LA_D_4915280,0,1.5183973e-05,0
LA_D_4919746,0,0.00021998672,0
LA_D_4967942,0,0.00012395545,0
LA_D_4999305,0,0.00050510786,0
LA_D_5032508,0,0.0001144191,0
LA_D_5049280,0,0.00011638464,0
LA_D_5054258,0,0.0002085444,0
LA_D_5066173,0,0.027732188,0
LA_D_5070212,0,0.00020769527,0
LA_D_5090531,0,3.3825465e-05,0
LA_D_5090551,0,0.0001235534,0
LA_D_5098442,0,6.041571e-05,0
LA_D_5138201,0,0.0006951334,0
LA_D_5145753,0,0.00010429166,0
LA_D_5184417,0,4.2386717e-05,0
LA_D_5188638,0,0.00024222104,0
LA_D_5259851,0,0.00014444899,0
LA_D_5261718,0,5.6382374e-05,0
LA_D_5275494,0,0.00016659289,0
LA_D_5331428,0,8.858512e-05,0
LA_D_5345215,0,9.848651e-05,0
LA_D_5402252,0,8.0212434e-05,0
LA_D_5412628,0,0.00028340824,0
LA_D_5428077,0,0.00010697811,0
LA_D_5451234,0,7.745053e-05,0
LA_D_5480395,0,0.00010112348,0
LA_D_5490153,0,0.0002653441,0
LA_D_5507848,0,0.00012214232,0
LA_D_5549134,0,0.0019931414,0
LA_D_5596917,0,0.00022102278,0
LA_D_5631323,0,6.686168e-05,0
LA_D_5637114,0,7.253691e-05,0
LA_D_5661640,0,0.0005315444,0
LA_D_5728642,0,3.471646e-05,0
LA_D_5738833,0,4.078549e-05,0
LA_D_5742561,0,0.00012162605,0
LA_D_5772488,0,7.268585e-05,0
LA_D_5799657,0,2.3938572e-05,0
LA_D_5805258,0,7.4563766e-05,0
LA_D_5841342,0,4.828372e-05,0
LA_D_5845529,0,0.0003182552,0
LA_D_5869640,0,0.0001694959,0
LA_D_5914572,0,6.704204e-05,0
LA_D_5921937,0,0.00016849539,0
LA_D_5953510,0,0.0008039668,0
LA_D_5955756,0,0.00025635277,0
LA_D_5958767,0,6.662453e-05,0
LA_D_5974545,0,0.00031590578,0
LA_D_6002746,0,0.00034649248,0
LA_D_6073856,0,0.0018819603,0
LA_D_6113951,0,0.00015091985,0
LA_D_6114748,0,0.00054051884,0
LA_D_6153465,0,3.861792e-05,0
LA_D_6168336,0,7.542838e-05,0
LA_D_6279022,0,0.0002999636,0
LA_D_6335987,0,0.00011167534,0
LA_D_6345168,0,6.872158e-05,0
LA_D_6369142,0,0.0001377945,0
LA_D_6408762,0,0.00013055066,0
LA_D_6457597,0,0.00022256377,0
LA_D_6490097,0,0.0072408933,0
LA_D_6497646,0,5.1082126e-05,0
LA_D_6572116,0,0.00017959662,0
LA_D_6579479,0,9.722168e-05,0
LA_D_6588865,0,8.5977525e-05,0
LA_D_6590996,0,7.70775e-05,0
LA_D_6600800,0,0.00059075805,0
LA_D_6646870,0,0.00032418725,0
LA_D_6696204,0,0.00011814959,0
LA_D_6725130,0,0.000102738304,0
LA_D_6751659,0,0.00020267289,0
LA_D_6793210,0,4.1924173e-05,0
LA_D_6849663,0,0.0066773705,0
LA_D_6875907,0,0.00016475489,0
LA_D_6880419,0,0.00099092,0
LA_D_6913699,0,0.0021853507,0
LA_D_6934200,0,8.181869e-05,0
LA_D_6946644,0,6.1515995e-05,0
LA_D_6953406,0,0.0003880469,0
LA_D_6978333,0,0.00019397629,0
LA_D_7009736,0,0.00013006754,0
LA_D_7023167,0,0.006368499,0
LA_D_7068182,0,0.0001317708,0
LA_D_7083288,0,8.141111e-05,0
LA_D_7104527,0,9.1539805e-05,0
LA_D_7115178,0,0.00042365023,0
LA_D_7124167,0,6.608743e-05,0
LA_D_7140664,0,7.913472e-05,0
LA_D_7153518,0,0.000130858,0
LA_D_7164827,0,0.00013144538,0
LA_D_7166280,0,3.322918e-05,0
LA_D_7187188,0,3.907867e-05,0
LA_D_7187597,0,0.003263253,0
LA_D_7192041,0,5.485165e-05,0
LA_D_7219075,0,7.752746e-05,0
LA_D_7220382,0,0.00013899272,0
LA_D_7269077,0,0.0005050539,0
LA_D_7289124,0,7.223374e-05,0
LA_D_7302282,0,2.304386e-05,0
LA_D_7365945,0,0.0001300808,0
LA_D_7373220,0,0.00012941087,0
LA_D_7404738,0,0.0002229004,0
LA_D_7415426,0,8.555861e-05,0
LA_D_7421972,0,0.00017716897,0
LA_D_7446128,0,0.00020579006,0
LA_D_7484552,0,6.7824105e-05,0
LA_D_7491481,0,7.420626e-05,0
LA_D_7500473,0,6.737595e-05,0
LA_D_7528137,0,0.00017117316,0
LA_D_7552298,0,4.534244e-05,0
LA_D_7562908,0,0.0014175484,0
LA_D_7563550,0,6.816685e-05,0
LA_D_7572295,0,0.00013027445,0
LA_D_7579942,0,0.00013688694,0
LA_D_7599571,0,5.4683478e-05,0
LA_D_7608424,0,0.00026096255,0
LA_D_7627638,0,0.0002535634,0
LA_D_7628095,0,8.3941515e-05,0
LA_D_7651024,0,0.00014538047,0
LA_D_7666735,0,0.0005518695,0
LA_D_7677736,0,0.00014261682,0
LA_D_7698637,0,0.00017882665,0
LA_D_7736692,0,7.2472605e-05,0
LA_D_7793474,0,0.0023456395,0
LA_D_7821144,0,9.3816365e-05,0
LA_D_7822867,0,0.00033286153,0
LA_D_7837262,0,0.0003048893,0
LA_D_7845923,0,0.00035896926,0
LA_D_7864167,0,9.975551e-05,0
LA_D_7884675,0,0.0002651102,0
LA_D_7887508,0,0.00011253361,0
LA_D_7891889,0,0.00017727156,0
LA_D_7901552,0,0.00018446751,0
LA_D_7946330,0,0.0001551527,0
LA_D_7977320,0,0.00018173509,0
LA_D_7984933,0,4.5073084e-05,0
LA_D_7986305,0,0.0018427364,0
LA_D_7988938,0,0.00019075623,0
LA_D_8015998,0,0.00026618535,0
LA_D_8047998,0,0.0004964863,0
LA_D_8073420,0,5.720357e-05,0
LA_D_8086346,0,5.968689e-05,0
LA_D_8090102,0,0.00027348113,0
LA_D_8094196,0,7.143182e-05,0
LA_D_8126031,0,0.00010406944,0
LA_D_8164002,0,0.00026641716,0
LA_D_8243640,0,1.9741317e-05,0
LA_D_8257354,0,0.00013163555,0
LA_D_8261443,0,0.00012997343,0
LA_D_8281902,0,5.475815e-05,0
LA_D_8291086,0,0.00025865022,0
LA_D_8308855,0,0.0036886395,0
LA_D_8348470,0,8.208197e-05,0
LA_D_8413012,0,0.000112005415,0
LA_D_8487209,0,0.0006821062,0
LA_D_8496632,0,3.1224386e-05,0
LA_D_8501151,0,0.0001886704,0
LA_D_8507903,0,0.0006938851,0
LA_D_8510601,0,0.000102967904,0
LA_D_8512598,0,4.793532e-05,0
LA_D_8539634,0,0.00030669098,0
LA_D_8546068,0,9.405204e-05,0
LA_D_8546481,0,0.0002678932,0
LA_D_8605975,0,0.00014056252,0
LA_D_8611156,0,8.6815315e-05,0
LA_D_8612905,0,0.00012723981,0
LA_D_8617247,0,0.00019136105,0
LA_D_8628343,0,0.0011850755,0
LA_D_8644251,0,0.00027180533,0
LA_D_8648680,0,0.0007958172,0
LA_D_8649631,0,9.148631e-05,0
LA_D_8655169,0,0.00014079055,0
LA_D_8710691,0,0.00021654426,0
LA_D_8718179,0,0.0006254674,0
LA_D_8723456,0,0.000108144086,0
LA_D_8724279,0,0.00042523225,0
LA_D_8738176,0,5.8116482e-05,0
LA_D_8765013,0,8.3744824e-05,0
LA_D_8809106,0,0.00066530687,0
LA_D_8812811,0,0.00037499203,0
LA_D_8816193,0,9.9261146e-05,0
LA_D_8829832,0,6.587413e-05,0
LA_D_8842630,0,0.0011417951,0
LA_D_8852748,0,0.0014713808,0
LA_D_8864927,0,9.415344e-05,0
LA_D_8869402,0,9.518463e-05,0
LA_D_8870403,0,4.9130314e-05,0
LA_D_8882807,0,9.914139e-05,0
LA_D_8888903,0,9.4180636e-05,0
LA_D_8942973,0,0.0004188196,0
LA_D_8955970,0,0.0001414042,0
LA_D_9017623,0,0.00016133305,0
LA_D_9025240,0,0.00026746292,0
LA_D_9026344,0,0.0010746507,0
LA_D_9103728,0,0.00013577483,0
LA_D_9115231,0,0.0002543348,0
LA_D_9115338,0,0.00032181002,0
LA_D_9136883,0,0.0001212133,0
LA_D_9144406,0,0.0002453339,0
LA_D_9192772,0,7.439778e-05,0
LA_D_9226269,0,0.00014338367,0
LA_D_9266761,0,4.1399977e-05,0
LA_D_9287127,0,0.0006928259,0
LA_D_9289511,0,0.00049850217,0
LA_D_9292862,0,0.00080260506,0
LA_D_9294766,0,8.042137e-05,0
LA_D_9323100,0,2.9996838e-05,0
LA_D_9332950,0,0.00015121876,0
LA_D_9345488,0,0.00014145908,0
LA_D_9367260,0,4.8509497e-05,0
LA_D_9397829,0,0.00021907075,0
LA_D_9419297,0,0.00034519742,0
LA_D_9429831,0,0.00015492563,0
LA_D_9460035,0,0.00046019556,0
LA_D_9582158,0,9.1047514e-05,0
LA_D_9648319,0,5.4992433e-05,0
LA_D_9714161,0,0.00013441207,0
LA_D_9724620,0,4.920186e-05,0
LA_D_9779319,0,0.00014362177,0
LA_D_9815062,0,0.0003527504,0
LA_D_9847737,0,0.0001163993,0
LA_D_9848935,0,0.00014511745,0
LA_D_9876012,0,5.278142e-05,0
LA_D_9877979,0,8.398635e-05,0
LA_D_9879056,0,5.295324e-05,0
LA_D_9895969,0,4.575317e-05,0
LA_D_9906100,0,0.008217096,0
LA_D_9906845,0,0.00021653248,0
LA_D_9911836,0,0.0014627436,0
LA_D_9912384,0,0.0009811345,0
LA_D_9914359,0,0.00035070983,0
LA_D_9951278,0,5.9652808e-05,0
LA_D_9962189,0,0.0002757246,0
LA_D_9985507,0,2.896583e-05,0
LA_D_1021776,0,0.000993265,0
LA_D_1034285,0,0.0002885682,0
LA_D_1037321,0,0.00012747066,0
LA_D_1082012,0,0.00018648128,0
LA_D_1084834,0,0.00014727734,0
LA_D_1088912,0,0.092988625,0
LA_D_1115199,0,0.00014691337,0
LA_D_1118057,0,0.09448244,0
LA_D_1127133,0,0.0012787526,0
LA_D_1174503,0,0.00018219766,0
LA_D_1179257,0,0.012492145,0
LA_D_1207577,0,7.656588e-05,0
LA_D_1208658,0,0.00024918522,0
LA_D_1240372,0,0.00013134818,0
LA_D_1277623,0,0.00036336845,0
LA_D_1283838,0,7.901325e-05,0
LA_D_1298536,0,0.00014938177,0
LA_D_1300449,0,0.0018439629,0
LA_D_1321593,0,0.0046832715,0
LA_D_1367292,0,0.0025274446,0
LA_D_1374008,0,0.00028551277,0
LA_D_1375481,0,6.330757e-05,0
LA_D_1399436,0,0.00011190825,0
LA_D_1426766,0,0.00025946976,0
LA_D_1434283,0,6.0843442e-05,0
LA_D_1453930,0,0.00018416575,0
LA_D_1480384,0,0.0011434784,0
LA_D_1517317,0,9.3365226e-05,0
LA_D_1528924,0,0.00037301978,0
LA_D_1571680,0,8.6855805e-05,0
LA_D_1584090,0,0.00023068197,0
LA_D_1594811,0,0.000554495,0
LA_D_1602057,0,0.00028753394,0
LA_D_1611669,0,0.00014734744,0
LA_D_1630632,0,0.00010611057,0
LA_D_1636429,0,0.01480176,0
LA_D_1689670,0,0.00044708903,0
LA_D_1712968,0,0.013512933,0
LA_D_1722516,0,0.0002246118,0
LA_D_1738559,0,0.0007724624,0
LA_D_1781206,0,0.0047493833,0
LA_D_1783793,0,0.0016413132,0
LA_D_1854266,0,0.00015394959,0
LA_D_1905359,0,0.00021584361,0
LA_D_1915504,0,0.00090573734,0
LA_D_1922841,0,0.0019784735,0
LA_D_1991323,0,0.00025675172,0
LA_D_2013762,0,0.014111199,0
LA_D_2022826,0,5.2147883e-05,0
LA_D_2027723,0,4.1706884e-05,0
LA_D_2059623,0,0.003281562,0
LA_D_2066042,0,0.0009036526,0
LA_D_2072378,0,0.00022124841,0
LA_D_2080989,0,0.00016655745,0
LA_D_2083550,0,0.0003173145,0
LA_D_2165853,0,0.029815424,0
LA_D_2170933,0,4.8799673e-05,0
LA_D_2174094,0,0.00050814246,0
LA_D_2218453,0,0.00019580722,0
LA_D_2223087,0,0.0006348442,0
LA_D_2286137,0,0.003798324,0
LA_D_2311722,0,0.0007250271,0
LA_D_2315845,0,0.00015207102,0
LA_D_2348280,0,0.00060546433,0
LA_D_2358905,0,2.5392172e-05,0
LA_D_2368969,0,0.00024431595,0
LA_D_2372420,0,0.013397241,0
LA_D_2399025,0,0.0001937044,0
LA_D_2415062,0,0.000492915,0
LA_D_2427989,0,0.00018741284,0
LA_D_2432104,0,0.01913147,0
LA_D_2433138,0,0.00030249602,0
LA_D_2462561,0,0.008640778,0
LA_D_2487821,0,0.00020283353,0
LA_D_2557874,0,0.004388908,0
LA_D_2564030,0,0.00022817076,0
LA_D_2581917,0,0.0045963693,0
LA_D_2584407,0,0.00016034693,0
LA_D_2624158,0,0.00010201083,0
LA_D_2668582,0,0.0012261145,0
LA_D_2675915,0,0.0015945885,0
LA_D_2682059,0,6.790325e-05,0
LA_D_2688954,0,0.0072672386,0
LA_D_2713644,0,0.000121556026,0
LA_D_2729132,0,6.5182205e-05,0
LA_D_2731749,0,0.004472546,0
LA_D_2743615,0,0.0073916805,0
LA_D_2768410,0,0.030645415,0
LA_D_2794335,0,0.0015239299,0
LA_D_2800733,0,0.00011015468,0
LA_D_2821157,0,0.00076922774,0
LA_D_2831410,0,0.00013145416,0
LA_D_2832477,0,0.00065091916,0
LA_D_2850159,0,0.00013576473,0
LA_D_2867209,0,0.0002742151,0
LA_D_2930522,0,0.0004640387,0
LA_D_2942106,0,0.00040063862,0
LA_D_2958641,0,0.00049042946,0
LA_D_2962374,0,0.0008489066,0
LA_D_2988379,0,0.0063462392,0
LA_D_2992359,0,0.00053201325,0
LA_D_3005047,0,0.057892665,0
LA_D_3006002,0,0.0035512417,0
LA_D_3018105,0,0.005908741,0
LA_D_3047927,0,0.00033257192,0
LA_D_3061480,0,0.00014726204,0
LA_D_3070440,0,0.00070549705,0
LA_D_3108882,0,0.00015224265,0
LA_D_3131229,0,0.00045380087,0
LA_D_3133645,0,0.00022612973,0
LA_D_3178557,0,0.00019832334,0
LA_D_3276451,0,0.00012545075,0
LA_D_3291825,0,0.00024785195,0
LA_D_3303715,0,0.00012701117,0
LA_D_3343985,0,0.0005423669,0
LA_D_3346070,0,9.2436014e-05,0
LA_D_3395297,0,0.016131608,0
LA_D_3400488,0,0.0008174283,0
LA_D_3475718,0,0.0006177359,0
LA_D_3478658,0,0.00019095313,0
LA_D_3485085,0,2.214587e-05,0
LA_D_3513193,0,1.5675238e-05,0
LA_D_3554318,0,0.0026353674,0
LA_D_3569723,0,0.00032993435,0
LA_D_3595115,0,0.00065514096,0
LA_D_3616142,0,0.0005012751,0
LA_D_3617952,0,0.00017821215,0
LA_D_3639872,0,0.00013767,0
LA_D_3643640,0,0.00013824222,0
LA_D_3654200,0,0.0001520455,0
LA_D_3696812,0,0.00026848822,0
LA_D_3722861,0,0.000573145,0
LA_D_3725075,0,0.00025086966,0
LA_D_3741108,0,0.00028419614,0
LA_D_3787662,0,9.1739406e-05,0
LA_D_3812028,0,0.0012751282,0
LA_D_3812294,0,0.00033631767,0
LA_D_3812741,0,0.000115693954,0
LA_D_3848752,0,0.00013031496,0
LA_D_3860127,0,0.00029146147,0
LA_D_3876919,0,0.00011264914,0
LA_D_3881515,0,0.0003232688,0
LA_D_3882757,0,0.00019031459,0
LA_D_3893735,0,0.0013011377,0
LA_D_3897907,0,0.00017997959,0
LA_D_3899322,0,0.00025430133,0
LA_D_3910846,0,0.00022658319,0
LA_D_3931321,0,0.002112793,0
LA_D_3951248,0,7.9983976e-05,0
LA_D_3952917,0,0.0012345433,0
LA_D_3978867,0,8.686458e-05,0
LA_D_4004656,0,0.0005926814,0
LA_D_4011688,0,3.1791784e-05,0
LA_D_4013817,0,0.00091108767,0
LA_D_4033177,0,0.001120442,0
LA_D_4049352,0,0.0026768085,0
LA_D_4053975,0,0.0004292985,0
LA_D_4068225,0,0.00022612499,0
LA_D_4072080,0,5.9954215e-05,0
LA_D_4094297,0,0.00022422838,0
LA_D_4126633,0,0.021153634,0
LA_D_4150876,0,0.00010899592,0
LA_D_4179450,0,0.0001997335,0
LA_D_4180941,0,4.8629878e-05,0
LA_D_4209152,0,6.535424e-05,0
LA_D_4215677,0,0.00013129044,0
LA_D_4277774,0,0.0002794658,0
LA_D_4281396,0,0.00038035764,0
LA_D_4341644,0,0.00013798042,0
LA_D_4452700,0,0.000100049976,0
LA_D_4490889,0,0.00013310766,0
LA_D_4498106,0,4.1020663e-05,0
LA_D_4550102,0,0.002070481,0
LA_D_4559133,0,0.00023833869,0
LA_D_4564558,0,0.00012915544,0
LA_D_4571794,0,0.00011141305,0
LA_D_4582979,0,0.0019561509,0
LA_D_4588474,0,0.00047548185,0
LA_D_4639938,0,0.0005221153,0
LA_D_4647315,0,0.00013864644,0
LA_D_4653718,0,0.000144903,0
LA_D_4684582,0,0.00016593607,0
LA_D_4699185,0,0.0015975292,0
LA_D_4726342,0,0.00013913009,0
LA_D_4748289,0,8.59354e-05,0
LA_D_4752372,0,0.08923934,0
LA_D_4763880,0,0.0010885654,0
LA_D_4775057,0,0.00010424205,0
LA_D_4879165,0,0.00012693804,0
LA_D_4883766,0,0.0002943753,0
LA_D_4912771,0,0.04323721,0
LA_D_4919443,0,0.00038729684,0
LA_D_4924208,0,0.0018047505,0
LA_D_4929026,0,0.00011568381,0
LA_D_4935297,0,0.00045048152,0
LA_D_4936338,0,0.00016416871,0
LA_D_4978588,0,0.00010687187,0
LA_D_5006012,0,0.00026794607,0
LA_D_5007381,0,0.00015634956,0
LA_D_5057972,0,0.003895394,0
LA_D_5074733,0,8.3754734e-05,0
LA_D_5109259,0,9.664831e-05,0
LA_D_5162715,0,0.00021393568,0
LA_D_5177338,0,0.00021965892,0
LA_D_5177966,0,0.0003152562,0
LA_D_5245666,0,0.00017447029,0
LA_D_5268793,0,0.0011103024,0
LA_D_5270654,0,0.0036932111,0
LA_D_5272977,0,0.00063743815,0
LA_D_5273462,0,0.00093577226,0
LA_D_5291856,0,9.2660004e-05,0
LA_D_5309692,0,0.00015657992,0
LA_D_5344050,0,0.0003741985,0
LA_D_5385252,0,0.022694265,0
LA_D_5396438,0,0.0003269425,0
LA_D_5397791,0,9.895202e-05,0
LA_D_5427611,0,0.0550232,0
LA_D_5430751,0,0.00015147564,0
LA_D_5437365,0,0.00031815085,0
LA_D_5476584,0,0.00017605099,0
LA_D_5478266,0,0.00031631594,0
LA_D_5597859,0,5.7025638e-05,0
LA_D_5613890,0,0.0007148488,0
LA_D_5629856,0,0.00032349786,0
LA_D_5711819,0,0.030019522,0
LA_D_5711940,0,0.0009816356,0
LA_D_5718687,0,6.0049537e-05,0
LA_D_5726766,0,0.00013432623,0
LA_D_5736306,0,0.0008653092,0
LA_D_5744389,0,0.00032316433,0
LA_D_5753687,0,5.0061546e-05,0
LA_D_5780553,0,0.003372813,0
LA_D_5783447,0,0.00021786346,0
LA_D_5825201,0,0.011490949,0
LA_D_5862765,0,0.0031183597,0
LA_D_5869416,0,0.0016617331,0
LA_D_5873171,0,0.0011996318,0
LA_D_5929422,0,0.09405238,0
LA_D_5980008,0,0.0010149108,0
LA_D_5989088,0,0.00027433067,0
LA_D_5990798,0,3.9613613e-05,0
LA_D_5997198,0,0.00043397388,0
LA_D_6002533,0,0.005997637,0
LA_D_6032850,0,0.00031713909,0
LA_D_6109600,0,9.085791e-05,0
LA_D_6115340,0,0.000102847895,0
LA_D_6123696,0,0.00072270026,0
LA_D_6124419,0,7.882857e-05,0
LA_D_6144569,0,0.0005772249,0
LA_D_6147813,0,6.1620565e-05,0
LA_D_6159310,0,0.00012778756,0
LA_D_6166908,0,0.0011814818,0
LA_D_6192301,0,0.00013273896,0
LA_D_6212172,0,5.9072063e-05,0
LA_D_6245398,0,0.0002787088,0
LA_D_6270968,0,0.00025797,0
LA_D_6275063,0,0.00017878538,0
LA_D_6286681,0,0.0008736403,0
LA_D_6292140,0,0.0003776102,0
LA_D_6410604,0,0.00010563647,0
LA_D_6419681,0,0.00023172199,0
LA_D_6427358,0,6.3926054e-05,0
LA_D_6454886,0,0.00034212787,0
LA_D_6468364,0,0.0047765705,0
LA_D_6496137,0,4.6585865e-05,0
LA_D_6502033,0,0.00033291898,0
LA_D_6552905,0,0.00037353058,0
LA_D_6597572,0,0.022286082,0
LA_D_6603189,0,0.00014296565,0
LA_D_6616877,0,0.00023585683,0
LA_D_6621038,0,4.988122e-05,0
LA_D_6621174,0,0.011856321,0
LA_D_6674759,0,0.33327192,0
LA_D_6701637,0,0.00017901209,0
LA_D_6710307,0,0.00013899458,0
LA_D_6721220,0,0.00015744918,0
LA_D_6736679,0,4.9635524e-05,0
LA_D_6744347,0,0.33706573,0
LA_D_6744515,0,0.0001689175,0
LA_D_6814327,0,9.8821794e-05,0
LA_D_6825288,0,9.973773e-05,0
LA_D_6839774,0,0.004724224,0
LA_D_6843816,0,0.01731152,0
LA_D_6846844,0,0.00045930434,0
LA_D_6869337,0,0.00018053647,0
LA_D_6878349,0,7.6063814e-05,0
LA_D_6881089,0,0.0001293656,0
LA_D_6884276,0,0.0001935949,0
LA_D_6949266,0,0.0031214296,0
LA_D_6980433,0,0.00070824445,0
LA_D_7070438,0,0.000101077494,0
LA_D_7091848,0,0.0004752154,0
LA_D_7096610,0,0.0004837771,0
LA_D_7115717,0,0.0002715564,0
LA_D_7132991,0,0.0007161515,0
LA_D_7150708,0,0.15066572,0
LA_D_7172132,0,0.00012243804,0
LA_D_7174025,0,0.0013846429,0
LA_D_7206220,0,0.00035421934,0
LA_D_7216441,0,0.016567808,0
LA_D_7264635,0,0.00013024117,0
LA_D_7269974,0,8.8632434e-05,0
LA_D_7292251,0,0.00011949575,0
LA_D_7297214,0,0.0006338584,0
LA_D_7321644,0,0.0001332565,0
LA_D_7337551,0,0.00017546862,0
LA_D_7348083,0,0.00061749545,0
LA_D_7359011,0,0.009965296,0
LA_D_7367636,0,9.801011e-05,0
LA_D_7386319,0,0.0024392596,0
LA_D_7390342,0,0.00017630684,0
LA_D_7419836,0,8.272988e-05,0
LA_D_7435151,0,0.0006833099,0
LA_D_7475228,0,0.0003798909,0
LA_D_7475277,0,0.00014878229,0
LA_D_7510853,0,0.00042642996,0
LA_D_7566932,0,0.0009277646,0
LA_D_7573964,0,0.00038534898,0
LA_D_7591970,0,5.3755397e-05,0
LA_D_7599287,0,0.00015814295,0
LA_D_7601025,0,0.00012652257,0
LA_D_7684506,0,0.0011605882,0
LA_D_7740794,0,0.0002598416,0
LA_D_7757814,0,0.006695689,0
LA_D_7774126,0,0.00018317137,0
LA_D_7797712,0,0.0026576421,0
LA_D_7819798,0,7.151218e-05,0
LA_D_7824980,0,0.0005158377,0
LA_D_7828154,0,0.42643523,0
LA_D_7933080,0,0.0003903846,0
LA_D_7941596,0,8.026141e-05,0
LA_D_7946496,0,0.00055311143,0
LA_D_7951889,0,0.00026437998,0
LA_D_7969866,0,0.0003277708,0
LA_D_8033884,0,0.0005593523,0
LA_D_8041823,0,3.942277e-05,0
LA_D_8085631,0,0.0013228063,0
LA_D_8108552,0,0.00021433584,0
LA_D_8138647,0,0.00020470766,0
LA_D_8167961,0,0.00018188209,0
LA_D_8213789,0,6.387877e-05,0
LA_D_8250991,0,0.00011709362,0
LA_D_8288109,0,0.00015164124,0
LA_D_8341901,0,0.00010379688,0
LA_D_8365650,0,0.0011288197,0
LA_D_8396394,0,0.000234176,0
LA_D_8445970,0,0.00024155478,0
LA_D_8476694,0,9.678305e-05,0
LA_D_8480990,0,0.0004987108,0
LA_D_8502103,0,0.00013360524,0
LA_D_8540616,0,0.00035703476,0
LA_D_8575268,0,0.0020595011,0
LA_D_8580528,0,0.0002790877,0
LA_D_8608455,0,0.31953403,0
LA_D_8667642,0,0.0006580549,0
LA_D_8690666,0,0.003961685,0
LA_D_8791605,0,0.0014463201,0
LA_D_8823371,0,0.00013275591,0
LA_D_8833972,0,0.00017834184,0
LA_D_8858297,0,0.000111248075,0
LA_D_8884259,0,0.010023336,0
LA_D_8891118,0,0.00014628879,0
LA_D_8891320,0,8.28705e-05,0
LA_D_8924760,0,0.00015830286,0
LA_D_8926801,0,0.00034244373,0
LA_D_9025753,0,8.542605e-05,0
LA_D_9053406,0,0.00032411248,0
LA_D_9100339,0,0.006107743,0
LA_D_9132830,0,0.00056596147,0
LA_D_9151062,0,8.8672256e-05,0
LA_D_9154536,0,9.785751e-05,0
LA_D_9190608,0,0.00024907978,0
LA_D_9197132,0,0.0028790378,0
LA_D_9209106,0,0.00070786115,0
LA_D_9245802,0,0.00034040934,0
LA_D_9265911,0,0.0002978718,0
LA_D_9283729,0,0.00017526178,0
LA_D_9284814,0,0.0003974525,0
LA_D_9285961,0,0.0002367456,0
LA_D_9287039,0,0.000114503564,0
LA_D_9314974,0,2.0553349e-05,0
LA_D_9361012,0,9.630304e-05,0
LA_D_9380348,0,0.00080420816,0
LA_D_9380432,0,0.00029220825,0
LA_D_9386795,0,0.00020158516,0
LA_D_9427876,0,0.0022443999,0
LA_D_9428605,0,0.0010559144,0
LA_D_9445187,0,0.00021641918,0
LA_D_9468857,0,0.00014116589,0
LA_D_9505348,0,0.00020033086,0
LA_D_9521159,0,0.0001729605,0
LA_D_9521386,0,0.0011227486,0
LA_D_9528107,0,0.00045009906,0
LA_D_9557924,0,0.0029391425,0
LA_D_9573599,0,0.00019808917,0
LA_D_9638401,0,0.00021322639,0
LA_D_9673065,0,0.033067904,0
LA_D_9699422,0,0.000203268,0
LA_D_9716869,0,0.0015903717,0
LA_D_9735877,0,0.00013685496,0
LA_D_9754279,0,0.00012688541,0
LA_D_9754312,0,0.0014339281,0
LA_D_9787636,0,0.00068962306,0
LA_D_9807965,0,0.0002269198,0
LA_D_9820264,0,0.0006735862,0
LA_D_9865890,0,0.0005097849,0
LA_D_9872675,0,0.00022819795,0
LA_D_9897842,0,0.0001044299,0
LA_D_9904359,0,0.00010074223,0
LA_D_9910052,0,0.00020821654,0
LA_D_9913081,0,0.00014523292,0
LA_D_9930873,0,7.7562065e-05,0
LA_D_9973436,0,0.829163,1
LA_D_9997827,0,0.30935687,0
LA_D_1012999,0,0.76679325,1
LA_D_1059373,0,0.028187685,0
LA_D_1069983,0,0.0011503379,0
LA_D_1093350,0,0.09118096,0
LA_D_1098936,0,0.042979594,0
LA_D_1108377,0,0.06819361,0
LA_D_1128845,0,0.024994418,0
LA_D_1199369,0,0.015251205,0
LA_D_1217579,0,0.025355153,0
LA_D_1219751,0,0.94574356,1
LA_D_1229238,0,0.057805702,0
LA_D_1243162,0,0.0030007018,0
LA_D_1328151,0,0.9676142,1
LA_D_1339977,0,0.32240736,0
LA_D_1341967,0,0.79514754,1
LA_D_1385838,0,0.014973908,0
LA_D_1448869,0,0.24777445,0
LA_D_1502443,0,0.09273519,0
LA_D_1509962,0,0.48049107,0
LA_D_1572003,0,0.05360223,0
LA_D_1639891,0,0.024208045,0
LA_D_1655634,0,0.60483164,1
LA_D_1706159,0,0.65603894,1
LA_D_1777002,0,0.30831987,0
LA_D_1811978,0,0.00069633883,0
LA_D_1815265,0,0.05130439,0
LA_D_1845654,0,0.020734113,0
LA_D_1855851,0,0.0013709872,0
LA_D_1893758,0,0.22711626,0
LA_D_1953933,0,0.0499976,0
LA_D_1959435,0,0.0015646265,0
LA_D_1966690,0,0.664999,1
LA_D_1982638,0,0.15611741,0
LA_D_2052753,0,0.009946401,0
LA_D_2127486,0,0.0004121157,0
LA_D_2129411,0,0.09909009,0
LA_D_2161760,0,0.013240471,0
LA_D_2319804,0,0.038817063,0
LA_D_2352862,0,0.16726606,0
LA_D_2354611,0,0.3023029,0
LA_D_2360026,0,0.0010024388,0
LA_D_2365865,0,0.036737967,0
LA_D_2417938,0,0.24685752,0
LA_D_2428124,0,0.0075738532,0
LA_D_2461413,0,0.0012649874,0
LA_D_2494939,0,0.0005912323,0
LA_D_2503313,0,0.012479847,0
LA_D_2532530,0,0.016647032,0
LA_D_2542974,0,0.22284569,0
LA_D_2575495,0,0.14180984,0
LA_D_2597444,0,0.00046611953,0
LA_D_2607016,0,0.0008295899,0
LA_D_2618723,0,0.00042549416,0
LA_D_2618748,0,0.48497346,0
LA_D_2628131,0,0.31021675,0
LA_D_2656565,0,0.018512428,0
LA_D_2660438,0,0.9246042,1
LA_D_2668830,0,0.0020704295,0
LA_D_2684010,0,0.0015452881,0
LA_D_2686278,0,0.025085263,0
LA_D_2691873,0,0.001660645,0
LA_D_2726931,0,0.015624512,0
LA_D_2880781,0,0.49061868,0
LA_D_2922852,0,0.0003584768,0
LA_D_2933367,0,0.14511302,0
LA_D_2946273,0,0.0047378303,0
LA_D_2962271,0,0.8488731,1
LA_D_2993148,0,0.0006717229,0
LA_D_3057475,0,0.00031018793,0
LA_D_3075008,0,0.1269526,0
LA_D_3087684,0,0.007821688,0
LA_D_3098960,0,0.16950934,0
LA_D_3106089,0,0.0011932317,0
LA_D_3111133,0,0.03252537,0
LA_D_3143593,0,0.029453253,0
LA_D_3150612,0,0.00047911634,0
LA_D_3153699,0,0.001769448,0
LA_D_3213386,0,0.0068981806,0
LA_D_3284727,0,0.93262094,1
LA_D_3285435,0,0.00022313259,0
LA_D_3317920,0,0.90646046,1
LA_D_3347861,0,0.041378148,0
LA_D_3381862,0,0.7841807,1
LA_D_3412517,0,0.044109236,0
LA_D_3497883,0,0.0037382196,0
LA_D_3499981,0,0.04876463,0
LA_D_3522934,0,0.8364122,1
LA_D_3556001,0,0.05855675,0
LA_D_3572777,0,0.25735644,0
LA_D_3617770,0,0.08919646,0
LA_D_3626798,0,0.00027087273,0
LA_D_3666824,0,0.00029839313,0
LA_D_3680733,0,0.013590055,0
LA_D_3697262,0,0.044366933,0
LA_D_3740798,0,0.005384981,0
LA_D_3750214,0,0.28950503,0
LA_D_3751177,0,0.008383596,0
LA_D_3763362,0,0.33453172,0
LA_D_3789801,0,0.0050415616,0
LA_D_3811484,0,0.0035003768,0
LA_D_3852341,0,0.00093342946,0
LA_D_3868002,0,0.43223217,0
LA_D_3888719,0,0.095490925,0
LA_D_3924244,0,0.022630725,0
LA_D_3937744,0,0.57601076,1
LA_D_3949661,0,0.0264423,0
LA_D_4011462,0,0.0014286273,0
LA_D_4026230,0,0.00028232406,0
LA_D_4026338,0,0.28130203,0
LA_D_4033961,0,0.037792392,0
LA_D_4042844,0,0.34337363,0
LA_D_4095496,0,0.004025679,0
LA_D_4110412,0,0.008891804,0
LA_D_4113491,0,0.0015304209,0
LA_D_4190801,0,0.0020882406,0
LA_D_4196661,0,0.037568934,0
LA_D_4198686,0,0.003384933,0
LA_D_4228555,0,0.17276949,0
LA_D_4249243,0,0.21018836,0
LA_D_4289169,0,0.0014528662,0
LA_D_4293326,0,0.113319084,0
LA_D_4294751,0,0.0147526935,0
LA_D_4322842,0,0.011083584,0
LA_D_4357332,0,0.36064968,0
LA_D_4506633,0,0.00058190664,0
LA_D_4551409,0,0.081083745,0
LA_D_4601843,0,0.03269224,0
LA_D_4610013,0,0.0013955369,0
LA_D_4626552,0,0.09170677,0
LA_D_4650788,0,0.039138336,0
LA_D_4678519,0,0.0068377773,0
LA_D_4681486,0,0.02627158,0
LA_D_4698298,0,0.011526063,0
LA_D_4702053,0,0.013270052,0
LA_D_4752694,0,0.18076207,0
LA_D_4770965,0,0.05191398,0
LA_D_4850290,0,0.003949963,0
LA_D_4882385,0,0.018099746,0
LA_D_4984074,0,0.056028515,0
LA_D_4990292,0,0.0049324124,0
LA_D_4994552,0,0.005717733,0
LA_D_5068352,0,0.015571545,0
LA_D_5092098,0,0.9409672,1
LA_D_5181153,0,0.15197161,0
LA_D_5291143,0,0.03245178,0
LA_D_5297304,0,0.7102243,1
LA_D_5303302,0,0.13000129,0
LA_D_5315354,0,0.07171084,0
LA_D_5348157,0,0.0012417631,0
LA_D_5371276,0,0.0005308831,0
LA_D_5398194,0,0.038134646,0
LA_D_5433558,0,0.0047365287,0
LA_D_5455958,0,0.2275243,0
LA_D_5467780,0,0.057335164,0
LA_D_5473316,0,0.08772583,0
LA_D_5505351,0,0.001080603,0
LA_D_5552740,0,0.0021608707,0
LA_D_5568300,0,0.009311279,0
LA_D_5663851,0,0.031296533,0
LA_D_5673334,0,0.07814634,0
LA_D_5684092,0,0.009196696,0
LA_D_5689576,0,0.006956673,0
LA_D_5791423,0,0.06751024,0
LA_D_5803857,0,0.3305722,0
LA_D_5857128,0,0.572787,1
LA_D_5866849,0,0.24914871,0
LA_D_5881442,0,0.00030631843,0
LA_D_5882834,0,0.0059964266,0
LA_D_5895216,0,0.00056324457,0
LA_D_5897281,0,0.9118773,1
LA_D_5914226,0,0.17363127,0
LA_D_5961859,0,0.10201266,0
LA_D_5965871,0,0.08026227,0
LA_D_6105901,0,0.0013032741,0
LA_D_6129031,0,0.2886895,0
LA_D_6197886,0,0.16770244,0
LA_D_6231603,0,0.13430776,0
LA_D_6241521,0,0.08116015,0
LA_D_6241916,0,0.025355093,0
LA_D_6270919,0,0.0015413711,0
LA_D_6316118,0,0.0062588598,0
LA_D_6321029,0,0.21047775,0
LA_D_6351880,0,0.0026231583,0
LA_D_6391228,0,0.047453754,0
LA_D_6391278,0,0.88502514,1
LA_D_6431288,0,0.00084028096,0
LA_D_6434721,0,0.00016407888,0
LA_D_6479825,0,0.068077184,0
LA_D_6511162,0,0.00020434379,0
LA_D_6521320,0,0.4094674,0
LA_D_6551642,0,0.017242778,0
LA_D_6557355,0,0.06880974,0
LA_D_6582780,0,0.022695262,0
LA_D_6589944,0,0.00013487505,0
LA_D_6599019,0,0.016065784,0
LA_D_6603822,0,0.0028200115,0
LA_D_6612387,0,0.060898587,0
LA_D_6623501,0,0.9117418,1
LA_D_6716178,0,0.012764902,0
LA_D_6721785,0,0.0002908175,0
LA_D_6722285,0,0.0035621284,0
LA_D_6798242,0,0.106029525,0
LA_D_6826053,0,0.0018829539,0
LA_D_6840108,0,0.055261254,0
LA_D_6902611,0,0.050719533,0
LA_D_6921859,0,0.011987794,0
LA_D_7008532,0,0.0019283454,0
LA_D_7033344,0,0.14780097,0
LA_D_7034096,0,0.81732464,1
LA_D_7040833,0,0.008200586,0
LA_D_7070716,0,0.2789305,0
LA_D_7113087,0,0.0040926384,0
LA_D_7127633,0,0.0072887563,0
LA_D_7145643,0,0.89371336,1
LA_D_7149026,0,0.81038517,1
LA_D_7166669,0,0.0075079165,0
LA_D_7209780,0,0.017707288,0
LA_D_7260355,0,0.00047372672,0
LA_D_7265371,0,0.0092151845,0
LA_D_7299749,0,0.00096871954,0
LA_D_7385727,0,0.0019525561,0
LA_D_7401877,0,0.7993179,1
LA_D_7481774,0,0.0029286516,0
LA_D_7489647,0,0.028948097,0
LA_D_7510776,0,0.02060713,0
LA_D_7519937,0,0.0007513493,0
LA_D_7524908,0,0.0043279766,0
LA_D_7546610,0,0.11828116,0
LA_D_7554584,0,0.0017525919,0
LA_D_7576905,0,0.0122710625,0
LA_D_7588911,0,0.014895998,0
LA_D_7603562,0,0.0032051147,0
LA_D_7607582,0,0.0060322103,0
LA_D_7616056,0,0.01912058,0
LA_D_7626873,0,0.37286764,0
LA_D_7661091,0,0.0013805177,0
LA_D_7663086,0,0.0039073834,0
LA_D_7693345,0,0.086457804,0
LA_D_7747702,0,0.3414476,0
LA_D_7763323,0,0.06890645,0
LA_D_7784081,0,0.0050856723,0
LA_D_7870262,0,0.0006788704,0
LA_D_7918811,0,0.25095856,0
LA_D_7958457,0,0.8693875,1
LA_D_7989171,0,0.10404869,0
LA_D_8099861,0,0.102546394,0
LA_D_8135380,0,0.024705611,0
LA_D_8143487,0,0.0032889927,0
LA_D_8156106,0,0.001274384,0
LA_D_8170962,0,0.008187875,0
LA_D_8220439,0,0.0023075994,0
LA_D_8226027,0,0.54846054,1
LA_D_8256584,0,0.14802629,0
LA_D_8270285,0,0.012796433,0
LA_D_8300528,0,0.00028385737,0
LA_D_8318381,0,0.002858981,0
LA_D_8328324,0,0.40904292,0
LA_D_8340873,0,0.0055378107,0
LA_D_8362355,0,0.7903272,1
LA_D_8524990,0,0.0030302126,0
LA_D_8596396,0,0.005312893,0
LA_D_8604395,0,0.011087286,0
LA_D_8619260,0,0.006888952,0
LA_D_8674039,0,0.0015942598,0
LA_D_8678189,0,0.13971448,0
LA_D_8682238,0,0.00092210685,0
LA_D_8705688,0,0.9600778,1
LA_D_8769232,0,0.028286342,0
LA_D_8791163,0,0.086166285,0
LA_D_8851647,0,0.32252687,0
LA_D_8923139,0,0.46837878,0
LA_D_8967930,0,0.0055204486,0
LA_D_8998352,0,0.50638866,1
LA_D_9000151,0,0.003210799,0
LA_D_9077132,0,0.08022416,0
LA_D_9170829,0,0.08097368,0
LA_D_9240337,0,0.46996552,0
LA_D_9248076,0,0.03619563,0
LA_D_9349907,0,0.34266227,0
LA_D_9366624,0,0.740075,1
LA_D_9374494,0,0.01858532,0
LA_D_9394624,0,0.016078528,0
LA_D_9410996,0,0.017760955,0
LA_D_9445699,0,0.0027012147,0
LA_D_9488774,0,0.33376902,0
LA_D_9526782,0,0.007853231,0
LA_D_9533572,0,0.448576,0
LA_D_9546041,0,0.07028537,0
LA_D_9548811,0,0.18571247,0
LA_D_9548980,0,0.07146193,0
LA_D_9581870,0,0.025144309,0
LA_D_9584747,0,0.00044936943,0
LA_D_9646573,0,0.00084029185,0
LA_D_9676810,0,0.000124071,0
LA_D_9678633,0,0.004613523,0
LA_D_9732198,0,0.30868873,0
LA_D_9733347,0,0.00047842722,0
LA_D_9740097,0,0.0006564376,0
LA_D_9761317,0,0.19051471,0
LA_D_9764287,0,0.008415174,0
LA_D_9819662,0,0.0046345373,0
LA_D_9851124,0,0.011546779,0
LA_D_9871744,0,0.121942215,0
LA_D_9871974,0,0.9682132,1
LA_D_9900800,0,0.019974008,0
LA_D_9926903,0,0.8054909,1
LA_D_9936826,0,0.00014052767,0
LA_D_9989022,0,0.01592995,0
LA_D_1009810,0,0.00020870272,0
LA_D_1022459,0,0.00013943316,0
LA_D_1026446,0,8.238113e-05,0
LA_D_1041178,0,1.08593385e-05,0
LA_D_1047361,0,9.026825e-05,0
LA_D_1053010,0,0.00036121072,0
LA_D_1053183,0,0.00011343722,0
LA_D_1053691,0,0.00010345814,0
LA_D_1094663,0,9.048543e-05,0
LA_D_1101752,0,0.0013172483,0
LA_D_1105063,0,0.0004361697,0
LA_D_1107991,0,0.00010626893,0
LA_D_1117617,0,0.00012375173,0
LA_D_1129139,0,0.00012752257,0
LA_D_1134630,0,6.997772e-05,0
LA_D_1154625,0,0.0012835879,0
LA_D_1186006,0,0.00011278457,0
LA_D_1187921,0,0.00019059695,0
LA_D_1208833,0,0.00014621628,0
LA_D_1232042,0,6.8500165e-05,0
LA_D_1254689,0,5.0358216e-05,0
LA_D_1271350,0,0.0012136861,0
LA_D_1296622,0,5.4870066e-05,0
LA_D_1309310,0,5.2837873e-05,0
LA_D_1346961,0,0.00019427428,0
LA_D_1385432,0,0.000114561786,0
LA_D_1393963,0,0.00024491557,0
LA_D_1398478,0,0.00025401928,0
LA_D_1410471,0,0.0021001196,0
LA_D_1421837,0,0.0007909318,0
LA_D_1429385,0,3.177172e-05,0
LA_D_1442082,0,2.06018e-05,0
LA_D_1473217,0,0.0013808806,0
LA_D_1503678,0,0.00019373005,0
LA_D_1507132,0,5.8462505e-05,0
LA_D_1550916,0,5.1191804e-05,0
LA_D_1554337,0,2.0150457e-05,0
LA_D_1563527,0,0.036629632,0
LA_D_1564951,0,4.6985668e-05,0
LA_D_1565282,0,5.4444696e-05,0
LA_D_1585777,0,0.00022458313,0
LA_D_1618636,0,5.430117e-05,0
LA_D_1626346,0,0.00016256455,0
LA_D_1629018,0,6.593276e-05,0
LA_D_1630961,0,0.01416699,0
LA_D_1631906,0,0.00038530526,0
LA_D_1649039,0,5.850411e-05,0
LA_D_1694628,0,5.736215e-05,0
LA_D_1737775,0,0.00045273776,0
LA_D_1751115,0,7.6584496e-05,0
LA_D_1826570,0,0.00011119271,0
LA_D_1840313,0,0.0015776497,0
LA_D_1844442,0,4.396734e-05,0
LA_D_1870825,0,5.6760815e-05,0
LA_D_1904429,0,6.712674e-05,0
LA_D_1921628,0,0.0029550453,0
LA_D_1929165,0,8.200475e-05,0
LA_D_1940703,0,3.7879065e-05,0
LA_D_1949097,0,0.00018418474,0
LA_D_1973666,0,5.6294055e-05,0
LA_D_1993260,0,0.0001115938,0
LA_D_2115537,0,3.8588027e-05,0
LA_D_2120058,0,0.0011441447,0
LA_D_2133447,0,5.062695e-05,0
LA_D_2148083,0,9.627798e-05,0
LA_D_2178992,0,0.2736061,0
LA_D_2185267,0,0.0016886507,0
LA_D_2343633,0,0.00010643008,0
LA_D_2348809,0,0.00013929045,0
LA_D_2376692,0,7.099252e-05,0
LA_D_2380033,0,0.0002766531,0
LA_D_2381616,0,0.0026950776,0
LA_D_2406548,0,0.00023147246,0
LA_D_2424885,0,4.2894437e-05,0
LA_D_2431861,0,0.00011234599,0
LA_D_2458746,0,6.440867e-05,0
LA_D_2489508,0,6.505304e-05,0
LA_D_2564824,0,0.02048403,0
LA_D_2608425,0,1.8182021e-05,0
LA_D_2622549,0,4.7654874e-05,0
LA_D_2626291,0,6.4471715e-05,0
LA_D_2657015,0,0.0007236762,0
LA_D_2662004,0,7.035349e-05,0
LA_D_2665018,0,3.697796e-05,0
LA_D_2682967,0,5.2174095e-05,0
LA_D_2687738,0,0.00013838176,0
LA_D_2691876,0,2.8180651e-05,0
LA_D_2708695,0,5.6649646e-05,0
LA_D_2731694,0,0.0009702949,0
LA_D_2734460,0,4.699427e-05,0
LA_D_2764046,0,6.594578e-05,0
LA_D_2812298,0,4.6335048e-05,0
LA_D_2852116,0,4.2693653e-05,0
LA_D_2852975,0,0.00021990955,0
LA_D_2899989,0,0.00043392525,0
LA_D_2961647,0,5.9367074e-05,0
LA_D_2970648,0,8.303369e-05,0
LA_D_3010008,0,0.00015353442,0
LA_D_3010254,0,6.2953106e-05,0
LA_D_3011286,0,0.00023720066,0
LA_D_3043784,0,9.215193e-05,0
LA_D_3052026,0,0.031320877,0
LA_D_3077589,0,0.000942268,0
LA_D_3122693,0,5.8103295e-05,0
LA_D_3123903,0,0.00021630096,0
LA_D_3196679,0,0.00033990608,0
LA_D_3216202,0,0.00013782563,0
LA_D_3220943,0,5.8389127e-05,0
LA_D_3229406,0,0.003182526,0
LA_D_3245148,0,5.5121647e-05,0
LA_D_3246935,0,5.7074598e-05,0
LA_D_3267050,0,0.00013891507,0
LA_D_3289959,0,0.00054258644,0
LA_D_3309097,0,0.0008527954,0
LA_D_3312715,0,0.0001802592,0
LA_D_3314683,0,0.0002343576,0
LA_D_3318305,0,0.009235001,0
LA_D_3322462,0,6.2223815e-05,0
LA_D_3325885,0,3.1988795e-05,0
LA_D_3335996,0,0.00018622771,0
LA_D_3362119,0,8.87077e-05,0
LA_D_3368139,0,0.0010365635,0
LA_D_3380478,0,7.3963514e-05,0
LA_D_3381945,0,0.002764426,0
LA_D_3425552,0,4.2812135e-05,0
LA_D_3459983,0,0.00017258358,0
LA_D_3460877,0,0.0004904077,0
LA_D_3477714,0,0.002213719,0
LA_D_3484550,0,0.00010197543,0
LA_D_3503337,0,8.441624e-05,0
LA_D_3534616,0,0.00014525659,0
LA_D_3552986,0,8.835126e-05,0
LA_D_3628282,0,2.486342e-05,0
LA_D_3650557,0,0.00019532352,0
LA_D_3670696,0,6.4201515e-05,0
LA_D_3683959,0,0.00025655402,0
LA_D_3687549,0,0.00074296794,0
LA_D_3704583,0,0.00029208933,0
LA_D_3759789,0,3.231281e-05,0
LA_D_3768268,0,0.00014022063,0
LA_D_3776171,0,7.033088e-05,0
LA_D_3811164,0,0.00012897403,0
LA_D_3826562,0,6.172749e-05,0
LA_D_3835819,0,7.642115e-05,0
LA_D_3841462,0,6.2264e-05,0
LA_D_3844808,0,0.012074159,0
LA_D_3863142,0,4.514066e-05,0
LA_D_3865687,0,4.9692735e-05,0
LA_D_3871675,0,3.3857737e-05,0
LA_D_3873590,0,8.742843e-05,0
LA_D_3925646,0,0.0013608069,0
LA_D_3973052,0,0.00045987283,0
LA_D_4023359,0,7.8379795e-05,0
LA_D_4130087,0,0.0002578038,0
LA_D_4182606,0,9.140068e-05,0
LA_D_4204931,0,6.1183986e-05,0
LA_D_4250069,0,0.0003415541,0
LA_D_4276413,0,0.0022885783,0
LA_D_4313851,0,0.000170271,0
LA_D_4447429,0,0.038421437,0
LA_D_4449467,0,0.00010110526,0
LA_D_4466009,0,0.0065022795,0
LA_D_4506665,0,3.057775e-05,0
LA_D_4515063,0,0.00010490099,0
LA_D_4557284,0,5.3234697e-05,0
LA_D_4577794,0,2.69639e-05,0
LA_D_4596144,0,4.3575426e-05,0
LA_D_4625457,0,0.000160691,0
LA_D_4665264,0,7.285802e-05,0
LA_D_4711427,0,0.0002146328,0
LA_D_4762149,0,0.00016896824,0
LA_D_4795544,0,0.3397489,0
LA_D_4795829,0,4.1059797e-05,0
LA_D_4820980,0,0.00014970917,0
LA_D_4847920,0,0.000242518,0
LA_D_4958482,0,4.5277717e-05,0
LA_D_4976290,0,0.008409259,0
LA_D_4993792,0,0.0012708155,0
LA_D_5044739,0,7.6247175e-05,0
LA_D_5088072,0,0.0009446623,0
LA_D_5106717,0,5.1635223e-05,0
LA_D_5115800,0,0.00019336172,0
LA_D_5159656,0,7.1378774e-05,0
LA_D_5187844,0,0.00021531248,0
LA_D_5192357,0,3.9662864e-05,0
LA_D_5220582,0,0.00012050753,0
LA_D_5258498,0,0.0001619857,0
LA_D_5274993,0,3.3324985e-05,0
LA_D_5286754,0,5.6645804e-05,0
LA_D_5359152,0,0.00026694298,0
LA_D_5364420,0,6.343714e-05,0
LA_D_5394850,0,4.753433e-05,0
LA_D_5405782,0,4.8838825e-05,0
LA_D_5456641,0,0.0007265744,0
LA_D_5470191,0,0.00013109141,0
LA_D_5484007,0,7.068873e-05,0
LA_D_5487963,0,2.6544887e-05,0
LA_D_5497028,0,6.696652e-05,0
LA_D_5525243,0,9.297573e-05,0
LA_D_5541815,0,5.9619764e-05,0
LA_D_5563514,0,0.00021541165,0
LA_D_5579300,0,2.6746673e-05,0
LA_D_5594176,0,5.9812362e-05,0
LA_D_5637855,0,8.26753e-05,0
LA_D_5661632,0,8.0547776e-05,0
LA_D_5683834,0,0.0010020784,0
LA_D_5690814,0,5.446827e-05,0
LA_D_5707076,0,0.00037993363,0
LA_D_5730035,0,0.00011448371,0
LA_D_5741467,0,0.004678011,0
LA_D_5783492,0,9.613633e-05,0
LA_D_5790952,0,7.748769e-05,0
LA_D_5824640,0,9.072632e-05,0
LA_D_5833095,0,0.00026947685,0
LA_D_5842246,0,0.000114287475,0
LA_D_5893163,0,7.989166e-05,0
LA_D_5897596,0,0.00042305575,0
LA_D_5910213,0,0.0526402,0
LA_D_5955645,0,4.5459215e-05,0
LA_D_5955681,0,0.0001254687,0
LA_D_5983573,0,6.96345e-05,0
LA_D_5996329,0,9.728994e-05,0
LA_D_6035033,0,0.00018614979,0
LA_D_6038987,0,4.4834647e-05,0
LA_D_6042592,0,7.201942e-05,0
LA_D_6044584,0,0.0001327663,0
LA_D_6052382,0,2.4673373e-05,0
LA_D_6065690,0,5.0682742e-05,0
LA_D_6092523,0,0.0001556031,0
LA_D_6106693,0,0.052432727,0
LA_D_6140365,0,5.829077e-05,0
LA_D_6153721,0,0.0005202745,0
LA_D_6173011,0,0.00013208731,0
LA_D_6180503,0,0.00032661384,0
LA_D_6223759,0,0.000104647406,0
LA_D_6255442,0,3.5922258e-05,0
LA_D_6276227,0,6.195938e-05,0
LA_D_6286913,0,0.10216265,0
LA_D_6317554,0,8.109807e-05,0
LA_D_6333800,0,4.8467926e-05,0
LA_D_6341347,0,0.00019676881,0
LA_D_6376535,0,0.00014576969,0
LA_D_6402345,0,0.00014565742,0
LA_D_6428763,0,3.8744958e-05,0
LA_D_6462653,0,3.8795024e-05,0
LA_D_6487128,0,0.00062351907,0
LA_D_6535961,0,2.1175576e-05,0
LA_D_6540277,0,0.002606576,0
LA_D_6543845,0,3.8772792e-05,0
LA_D_6560571,0,3.834738e-05,0
LA_D_6584904,0,0.00012440412,0
LA_D_6608570,0,3.3961085e-05,0
LA_D_6643057,0,0.010812648,0
LA_D_6676552,0,0.00015014962,0
LA_D_6689976,0,0.00010451956,0
LA_D_6695955,0,0.00024425332,0
LA_D_6712262,0,4.6989433e-05,0
LA_D_6752801,0,0.00013219958,0
LA_D_6842358,0,3.3521104e-05,0
LA_D_6885473,0,0.012264896,0
LA_D_6914312,0,7.281592e-05,0
LA_D_6918630,0,0.0782802,0
LA_D_6933618,0,0.001686643,0
LA_D_6986384,0,6.7626934e-05,0
LA_D_7006476,0,0.00012090358,0
LA_D_7015677,0,0.0051613417,0
LA_D_7139973,0,0.00046770548,0
LA_D_7142423,0,0.002560788,0
LA_D_7146345,0,0.00065497775,0
LA_D_7146876,0,0.00021852294,0
LA_D_7150274,0,4.995977e-05,0
LA_D_7166542,0,4.6062254e-05,0
LA_D_7179177,0,0.000107971595,0
LA_D_7206246,0,0.0031310683,0
LA_D_7210696,0,0.0003810926,0
LA_D_7257803,0,0.0015823127,0
LA_D_7270413,0,0.0019370863,0
LA_D_7283626,0,0.00042271634,0
LA_D_7295443,0,7.527785e-05,0
LA_D_7312934,0,0.0001041566,0
LA_D_7320803,0,0.00011786379,0
LA_D_7321340,0,0.00013265101,0
LA_D_7321900,0,5.930478e-05,0
LA_D_7342275,0,7.67779e-05,0
LA_D_7370235,0,4.1854186e-05,0
LA_D_7382054,0,6.9682326e-05,0
LA_D_7387492,0,0.00056619506,0
LA_D_7389395,0,0.0001634089,0
LA_D_7395165,0,0.0003828678,0
LA_D_7425918,0,8.729864e-05,0
LA_D_7427432,0,0.2303515,0
LA_D_7431085,0,8.2693754e-05,0
LA_D_7437986,0,2.8591765e-05,0
LA_D_7453582,0,0.00010629782,0
LA_D_7454040,0,6.930777e-05,0
LA_D_7459422,0,0.003922412,0
LA_D_7466876,0,9.681296e-05,0
LA_D_7490963,0,0.00013181088,0
LA_D_7506438,0,4.2226067e-05,0
LA_D_7543784,0,7.613412e-05,0
LA_D_7556130,0,5.2731913e-05,0
LA_D_7557614,0,0.0001097731,0
LA_D_7576053,0,0.0021405362,0
LA_D_7588993,0,0.00038182264,0
LA_D_7642448,0,8.8520945e-05,0
LA_D_7705069,0,0.00013165211,0
LA_D_7712142,0,3.7630023e-05,0
LA_D_7715629,0,0.00028338254,0
LA_D_7752651,0,8.8086854e-05,0
LA_D_7765425,0,0.001987376,0
LA_D_7768123,0,0.0001453095,0
LA_D_7773053,0,4.3012285e-05,0
LA_D_7784335,0,0.00041359712,0
LA_D_7815248,0,6.6971115e-05,0
LA_D_7845861,0,0.00052326574,0
LA_D_7863036,0,0.00089067896,0
LA_D_7871377,0,6.417104e-05,0
LA_D_7879576,0,0.0019957619,0
LA_D_7905799,0,0.007332188,0
LA_D_8023983,0,8.5440544e-05,0
LA_D_8037942,0,0.00013604283,0
LA_D_8051196,0,0.0007828787,0
LA_D_8086972,0,4.4453274e-05,0
LA_D_8106140,0,0.00010483378,0
LA_D_8116459,0,5.2397074e-05,0
LA_D_8122941,0,0.0017042891,0
LA_D_8142988,0,0.00020471058,0
LA_D_8159363,0,8.5245076e-05,0
LA_D_8161487,0,0.021549119,0
LA_D_8193417,0,5.683345e-05,0
LA_D_8203380,0,0.00017921533,0
LA_D_8248441,0,5.14532e-05,0
LA_D_8287167,0,0.0047181835,0
LA_D_8336154,0,0.0002783341,0
LA_D_8348408,0,2.4188705e-05,0
LA_D_8350335,0,0.00023551748,0
LA_D_8383875,0,0.0023762092,0
LA_D_8387087,0,0.00011941932,0
LA_D_8391659,0,0.00040688174,0
LA_D_8424724,0,6.542332e-05,0
LA_D_8467719,0,2.974346e-05,0
LA_D_8481763,0,0.0002093223,0
LA_D_8519344,0,0.0019180423,0
LA_D_8564097,0,5.5860575e-05,0
LA_D_8568701,0,0.0004557232,0
LA_D_8575096,0,0.00015512622,0
LA_D_8592862,0,0.00013862437,0
LA_D_8619688,0,0.0001333853,0
LA_D_8631594,0,3.884048e-05,0
LA_D_8639249,0,0.00079178537,0
LA_D_8723101,0,4.832112e-05,0
LA_D_8746243,0,0.00010676665,0
LA_D_8750052,0,0.0015862982,0
LA_D_8751310,0,9.573829e-05,0
LA_D_8751875,0,0.00022842542,0
LA_D_8777414,0,8.5267755e-05,0
LA_D_8792923,0,7.20605e-05,0
LA_D_8795993,0,0.0004357319,0
LA_D_8803516,0,3.2470754e-05,0
LA_D_8804006,0,0.0010295808,0
LA_D_8809919,0,0.00016101448,0
LA_D_8819340,0,0.00013068678,0
LA_D_8827587,0,0.00024760322,0
LA_D_8854421,0,0.00086203794,0
LA_D_8859455,0,4.3836546e-05,0
LA_D_8860183,0,0.00019589424,0
LA_D_8921775,0,0.002596744,0
LA_D_8943970,0,8.455635e-05,0
LA_D_8954085,0,0.0004745219,0
LA_D_8976204,0,0.00044021246,0
LA_D_8979280,0,0.00020008786,0
LA_D_8988514,0,0.0002613156,0
LA_D_8999079,0,4.519782e-05,0
LA_D_9001275,0,0.0010723033,0
LA_D_9021806,0,3.963787e-05,0
LA_D_9039099,0,0.0039480682,0
LA_D_9049651,0,0.0007821032,0
LA_D_9052609,0,3.9718052e-05,0
LA_D_9053251,0,0.00011141677,0
LA_D_9157281,0,5.1347815e-05,0
LA_D_9159354,0,8.156699e-05,0
LA_D_9168266,0,0.00014700908,0
LA_D_9197506,0,0.00014023506,0
LA_D_9220126,0,5.0114944e-05,0
LA_D_9237242,0,0.00046492406,0
LA_D_9241080,0,0.0014425534,0
LA_D_9268425,0,9.4875984e-05,0
LA_D_9316595,0,0.00027627248,0
LA_D_9318933,0,8.4740146e-05,0
LA_D_9335039,0,5.2998905e-05,0
LA_D_9432444,0,0.00013350463,0
LA_D_9507541,0,6.484098e-05,0
LA_D_9540548,0,0.00020191485,0
LA_D_9547696,0,0.00019909236,0
LA_D_9559541,0,3.7694746e-05,0
LA_D_9596844,0,8.8967776e-05,0
LA_D_9601134,0,8.799178e-06,0
LA_D_9607762,0,0.00012919103,0
LA_D_9615748,0,0.0011193696,0
LA_D_9616611,0,6.380236e-05,0
LA_D_9628255,0,8.45686e-05,0
LA_D_9672418,0,0.00090187497,0
LA_D_9691176,0,8.3429826e-05,0
LA_D_9705410,0,1.8297345e-05,0
LA_D_9727400,0,0.00011297283,0
LA_D_9750614,0,0.00011541749,0
LA_D_9763527,0,5.552884e-05,0
LA_D_9822555,0,0.00010435146,0
LA_D_9846233,0,0.00028195124,0
LA_D_9866012,0,6.552947e-05,0
LA_D_9915922,0,8.257594e-05,0
LA_D_9953820,0,0.0001984457,0
LA_D_9985949,0,7.958894e-05,0
LA_D_9991459,0,2.6985635e-05,0
LA_D_1005971,0,3.4902256e-05,0
LA_D_1064567,0,2.51179e-05,0
LA_D_1098691,0,6.2507024e-05,0
LA_D_1109838,0,0.00012334257,0
LA_D_1115081,0,8.3296276e-05,0
LA_D_1148617,0,1.1266256e-05,0
LA_D_1180576,0,3.153705e-05,0
LA_D_1219196,0,3.693123e-05,0
LA_D_1228312,0,0.00051047857,0
LA_D_1229666,0,4.383847e-05,0
LA_D_1236629,0,7.719946e-05,0
LA_D_1285621,0,5.744602e-05,0
LA_D_1325891,0,0.0072324798,0
LA_D_1348647,0,3.0781615e-05,0
LA_D_1364906,0,5.5236567e-05,0
LA_D_1368126,0,3.558322e-05,0
LA_D_1409986,0,2.0438809e-05,0
LA_D_1445186,0,0.0002339118,0
LA_D_1462329,0,0.0020819253,0
LA_D_1465281,0,0.0003445655,0
LA_D_1549654,0,2.3698614e-05,0
LA_D_1583199,0,0.00016461073,0
LA_D_1632972,0,0.004409213,0
LA_D_1672323,0,0.00021686597,0
LA_D_1685077,0,7.850322e-05,0
LA_D_1762685,0,7.765354e-05,0
LA_D_1774549,0,0.00016425953,0
LA_D_1865438,0,6.5566725e-05,0
LA_D_1867538,0,0.00024373614,0
LA_D_1875162,0,0.00010672176,0
LA_D_1876350,0,0.0057217903,0
LA_D_1881239,0,6.1214916e-05,0
LA_D_1902183,0,0.0040135765,0
LA_D_1903412,0,2.2708013e-05,0
LA_D_1907658,0,0.007515289,0
LA_D_1965430,0,0.0042295684,0
LA_D_2022388,0,9.6492404e-05,0
LA_D_2035917,0,0.00023162215,0
LA_D_2056632,0,0.00039014634,0
LA_D_2075767,0,0.00014154302,0
LA_D_2077148,0,7.058163e-05,0
LA_D_2091853,0,8.814669e-05,0
LA_D_2093991,0,0.00018767321,0
LA_D_2151201,0,0.0032186133,0
LA_D_2166390,0,0.21203615,0
LA_D_2186197,0,0.025343876,0
LA_D_2219894,0,3.72631e-05,0
LA_D_2280387,0,0.00022301264,0
LA_D_2296391,0,0.0024500985,0
LA_D_2307942,0,0.00018022758,0
LA_D_2334368,0,0.0001583758,0
LA_D_2354479,0,0.00027074543,0
LA_D_2357733,0,0.00018921123,0
LA_D_2372047,0,2.8270637e-05,0
LA_D_2387813,0,0.00034987126,0
LA_D_2401310,0,0.0002084577,0
LA_D_2401901,0,3.5791465e-05,0
LA_D_2404322,0,3.2307453e-05,0
LA_D_2425341,0,0.025340997,0
LA_D_2436830,0,0.00024917573,0
LA_D_2437525,0,7.721374e-05,0
LA_D_2442363,0,0.015906714,0
LA_D_2474628,0,0.00028829128,0
LA_D_2478026,0,0.114260286,0
LA_D_2538088,0,8.121198e-05,0
LA_D_2548430,0,0.00049464405,0
LA_D_2552301,0,8.208573e-05,0
LA_D_2602102,0,7.3225645e-05,0
LA_D_2619353,0,0.00017335975,0
LA_D_2631285,0,0.102754734,0
LA_D_2640007,0,5.4005264e-05,0
LA_D_2713960,0,0.0055673323,0
LA_D_2774834,0,0.01768433,0
LA_D_2783478,0,2.8463357e-05,0
LA_D_2785422,0,0.00013340412,0
LA_D_2836005,0,4.3224252e-05,0
LA_D_2870594,0,0.00046554403,0
LA_D_2873916,0,8.995453e-05,0
LA_D_2877185,0,3.3104407e-05,0
LA_D_2894007,0,0.00040366987,0
LA_D_2894107,0,0.0013830549,0
LA_D_2963155,0,5.469944e-05,0
LA_D_2997742,0,0.00030811678,0
LA_D_3012026,0,3.845812e-05,0
LA_D_3033322,0,3.577666e-05,0
LA_D_3036929,0,2.8770723e-05,0
LA_D_3095124,0,6.394471e-05,0
LA_D_3101981,0,0.00013081831,0
LA_D_3109790,0,9.678315e-05,0
LA_D_3129847,0,0.00013746851,0
LA_D_3130364,0,2.8037588e-05,0
LA_D_3175475,0,0.00041099385,0
LA_D_3225834,0,3.9796076e-05,0
LA_D_3273338,0,0.0017154546,0
LA_D_3305882,0,0.0006526837,0
LA_D_3318751,0,2.647251e-05,0
LA_D_3337171,0,0.0002217261,0
LA_D_3338495,0,3.301389e-05,0
LA_D_3384545,0,2.4889614e-05,0
LA_D_3419580,0,7.783881e-05,0
LA_D_3438868,0,7.680075e-05,0
LA_D_3441350,0,4.7193313e-05,0
LA_D_3520505,0,4.5044122e-05,0
LA_D_3565551,0,0.00044004028,0
LA_D_3592942,0,0.0014034229,0
LA_D_3594249,0,4.4759374e-05,0
LA_D_3597706,0,5.573468e-05,0
LA_D_3620253,0,0.0002052179,0
LA_D_3647773,0,0.00022054577,0
LA_D_3676943,0,3.738223e-05,0
LA_D_3681471,0,0.00044914414,0
LA_D_3693776,0,1.9114092e-05,0
LA_D_3726525,0,2.6801848e-05,0
LA_D_3737022,0,0.00030483233,0
LA_D_3775284,0,4.4983768e-05,0
LA_D_3813007,0,0.14311047,0
LA_D_3813648,0,0.00024442148,0
LA_D_3869889,0,4.3794094e-05,0
LA_D_3884215,0,0.00048320007,0
LA_D_3919520,0,3.8028582e-05,0
LA_D_3975705,0,3.7100595e-05,0
LA_D_4014359,0,0.00020251064,0
LA_D_4019955,0,4.591717e-05,0
LA_D_4043719,0,0.00019368704,0
LA_D_4053028,0,0.00030278458,0
LA_D_4081799,0,0.00086057995,0
LA_D_4089047,0,7.897987e-05,0
LA_D_4107575,0,0.3267499,0
LA_D_4169368,0,5.260931e-05,0
LA_D_4190542,0,0.00041438758,0
LA_D_4217323,0,0.0110441,0
LA_D_4219857,0,3.0554605e-05,0
LA_D_4226263,0,8.491114e-05,0
LA_D_4227742,0,6.512678e-05,0
LA_D_4246402,0,0.048489776,0
LA_D_4247580,0,3.4694418e-05,0
LA_D_4261031,0,0.00075703824,0
LA_D_4283749,0,0.006896395,0
LA_D_4292655,0,0.00010485367,0
LA_D_4303813,0,4.5628247e-05,0
LA_D_4353571,0,0.00031528928,0
LA_D_4402563,0,5.936108e-05,0
LA_D_4407394,0,7.706515e-05,0
LA_D_4411408,0,0.0002261334,0
LA_D_4439782,0,2.9090239e-05,0
LA_D_4444384,0,5.6550598e-05,0
LA_D_4482890,0,0.00023486963,0
LA_D_4511383,0,0.00020914616,0
LA_D_4519434,0,0.0015322486,0
LA_D_4519538,0,0.00035689544,0
LA_D_4527834,0,9.6908094e-05,0
LA_D_4530203,0,3.720079e-05,0
LA_D_4539097,0,0.0003193156,0
LA_D_4543912,0,0.0006019733,0
LA_D_4568249,0,6.273203e-05,0
LA_D_4581618,0,4.553358e-05,0
LA_D_4585543,0,5.1836658e-05,0
LA_D_4586547,0,3.660542e-05,0
LA_D_4613959,0,0.00025466626,0
LA_D_4627937,0,0.00022373271,0
LA_D_4659047,0,2.9968616e-05,0
LA_D_4665394,0,0.000318959,0
LA_D_4697959,0,0.00015512697,0
LA_D_4702196,0,1.2889646e-05,0
LA_D_4711442,0,3.058492e-05,0
LA_D_4732922,0,7.1963404e-05,0
LA_D_4740972,0,0.0017956047,0
LA_D_4766940,0,0.00016246786,0
LA_D_4787259,0,6.103725e-05,0
LA_D_4798310,0,0.00028903986,0
LA_D_4803108,0,1.3150325e-05,0
LA_D_4813149,0,4.3236334e-05,0
LA_D_4823532,0,7.013365e-05,0
LA_D_4835772,0,0.0017905445,0
LA_D_4859211,0,0.00026928628,0
LA_D_4863235,0,8.886508e-05,0
LA_D_4922420,0,0.04327681,0
LA_D_4946501,0,4.8887752e-05,0
LA_D_4956135,0,5.443893e-05,0
LA_D_4958951,0,5.1919727e-05,0
LA_D_4998944,0,4.1590036e-05,0
LA_D_5026901,0,4.877059e-05,0
LA_D_5054064,0,2.5837799e-05,0
LA_D_5096512,0,2.308226e-05,0
LA_D_5108618,0,0.0005149554,0
LA_D_5134311,0,8.81714e-05,0
LA_D_5134762,0,0.20549513,0
LA_D_5140356,0,0.018627563,0
LA_D_5162779,0,0.00048717938,0
LA_D_5183452,0,4.5251905e-05,0
LA_D_5192642,0,5.582628e-05,0
LA_D_5219289,0,2.6013162e-05,0
LA_D_5247988,0,0.0026335171,0
LA_D_5273781,0,5.7153466e-05,0
LA_D_5285164,0,7.942783e-05,0
LA_D_5299808,0,1.3065336e-05,0
LA_D_5391398,0,0.0011595843,0
LA_D_5396370,0,3.76479e-05,0
LA_D_5416366,0,1.6378828e-05,0
LA_D_5469757,0,0.00014919159,0
LA_D_5477639,0,0.0005827156,0
LA_D_5501976,0,0.00046421614,0
LA_D_5517878,0,1.9634652e-05,0
LA_D_5519274,0,4.383876e-05,0
LA_D_5519605,0,0.00047733125,0
LA_D_5520297,0,0.12603642,0
LA_D_5528569,0,0.000112156435,0
LA_D_5556761,0,3.8178798e-05,0
LA_D_5567205,0,2.9789957e-05,0
LA_D_5591138,0,0.0028665143,0
LA_D_5631085,0,0.11170727,0
LA_D_5641754,0,5.3198666e-05,0
LA_D_5642901,0,9.84973e-05,0
LA_D_5648503,0,0.0074740415,0
LA_D_5718640,0,0.0009342408,0
LA_D_5761264,0,0.0010230317,0
LA_D_5770428,0,3.6687685e-05,0
LA_D_5783301,0,2.2896349e-05,0
LA_D_5795995,0,0.010787177,0
LA_D_5803074,0,0.0001299012,0
LA_D_5883452,0,0.0001352965,0
LA_D_5911300,0,2.3137865e-05,0
LA_D_5919919,0,0.00023838301,0
LA_D_5928152,0,3.989925e-05,0
LA_D_5934144,0,9.7389544e-05,0
LA_D_5954031,0,0.0010438255,0
LA_D_5954633,0,0.0018283337,0
LA_D_6020291,0,0.031001892,0
LA_D_6032328,0,0.00010917181,0
LA_D_6042706,0,0.00011709485,0
LA_D_6052512,0,2.9828618e-05,0
LA_D_6053701,0,5.0019746e-05,0
LA_D_6078693,0,0.0016493999,0
LA_D_6094253,0,0.0035779863,0
LA_D_6107904,0,3.1705073e-05,0
LA_D_6120899,0,4.906767e-05,0
LA_D_6132797,0,0.00011780804,0
LA_D_6164285,0,0.0031911416,0
LA_D_6170319,0,0.00021752056,0
LA_D_6205147,0,4.9162933e-05,0
LA_D_6209809,0,1.503973e-05,0
LA_D_6230517,0,0.002128588,0
LA_D_6239035,0,3.744681e-05,0
LA_D_6241740,0,0.00011374311,0
LA_D_6244687,0,0.00031914184,0
LA_D_6262242,0,0.00014165076,0
LA_D_6281338,0,7.124942e-05,0
LA_D_6314838,0,0.00013571282,0
LA_D_6327264,0,0.00040769574,0
LA_D_6329128,0,0.00012880872,0
LA_D_6345783,0,5.8648784e-05,0
LA_D_6359840,0,0.008044872,0
LA_D_6374602,0,2.5474785e-05,0
LA_D_6384143,0,0.49243322,0
LA_D_6427284,0,0.0002493459,0
LA_D_6430389,0,4.780754e-05,0
LA_D_6431333,0,0.0021054659,0
LA_D_6511144,0,4.2131906e-05,0
LA_D_6521158,0,6.721629e-05,0
LA_D_6540182,0,2.8305816e-05,0
LA_D_6581422,0,8.999579e-05,0
LA_D_6605246,0,0.0002571128,0
LA_D_6623821,0,0.00020180803,0
LA_D_6649536,0,0.00090118055,0
LA_D_6653207,0,0.7748735,1
LA_D_6666731,0,0.002954003,0
LA_D_6671109,0,4.6820707e-05,0
LA_D_6671471,0,2.1867549e-05,0
LA_D_6675064,0,0.00014165022,0
LA_D_6787867,0,0.0003577629,0
LA_D_6806069,0,1.5886242e-05,0
LA_D_6847306,0,0.0010553051,0
LA_D_6853645,0,2.9306033e-05,0
LA_D_6855855,0,0.00016276124,0
LA_D_6874834,0,7.3814845e-05,0
LA_D_6912310,0,0.0007861722,0
LA_D_6919952,0,2.5904534e-05,0
LA_D_6922069,0,0.00016354921,0
LA_D_6930208,0,0.00014162078,0
LA_D_6975754,0,5.9831586e-05,0
LA_D_6977905,0,3.778735e-05,0
LA_D_6983948,0,7.731631e-05,0
LA_D_7034914,0,0.00041941696,0
LA_D_7049894,0,0.00015685054,0
LA_D_7064559,0,3.0507115e-05,0
LA_D_7076274,0,0.00028053415,0
LA_D_7083074,0,2.8907827e-05,0
LA_D_7091817,0,0.0075691594,0
LA_D_7118043,0,5.2373744e-05,0
LA_D_7139714,0,0.0004718432,0
LA_D_7139945,0,0.00024207769,0
LA_D_7165851,0,2.1066446e-05,0
LA_D_7240985,0,0.000118329765,0
LA_D_7256447,0,6.701743e-05,0
LA_D_7281378,0,0.013256181,0
LA_D_7291547,0,8.292038e-05,0
LA_D_7314791,0,0.0001662823,0
LA_D_7321837,0,7.2210736e-05,0
LA_D_7350476,0,6.524172e-05,0
LA_D_7351646,0,0.0003156559,0
LA_D_7361872,0,2.2760412e-05,0
LA_D_7367668,0,6.343187e-05,0
LA_D_7371852,0,3.1119507e-05,0
LA_D_7378787,0,8.244777e-05,0
LA_D_7400321,0,7.583812e-05,0
LA_D_7406573,0,4.198371e-05,0
LA_D_7407416,0,5.4755175e-05,0
LA_D_7433691,0,0.00011170793,0
LA_D_7434468,0,0.00015990582,0
LA_D_7447967,0,4.6715362e-05,0
LA_D_7459811,0,4.191466e-05,0
LA_D_7460919,0,0.0011862421,0
LA_D_7478561,0,1.9524228e-05,0
LA_D_7495566,0,0.00012618775,0
LA_D_7499812,0,0.00013231019,0
LA_D_7522283,0,5.495741e-05,0
LA_D_7531198,0,4.5892262e-05,0
LA_D_7537934,0,0.00013323897,0
LA_D_7560414,0,0.0016333946,0
LA_D_7592609,0,0.00010269805,0
LA_D_7598549,0,2.9555798e-05,0
LA_D_7619376,0,0.0059428834,0
LA_D_7630815,0,4.545258e-05,0
LA_D_7632689,0,0.00021097554,0
LA_D_7642965,0,0.030869,0
LA_D_7646656,0,0.00014688872,0
LA_D_7657874,0,0.00017769837,0
LA_D_7667811,0,3.9464107e-05,0
LA_D_7672499,0,7.976286e-05,0
LA_D_7706480,0,0.0001596581,0
LA_D_7727828,0,8.3177685e-05,0
LA_D_7776880,0,5.986389e-06,0
LA_D_7825911,0,5.620619e-05,0
LA_D_7850177,0,8.5645304e-05,0
LA_D_7861399,0,0.00021312841,0
LA_D_7874319,0,3.4459317e-05,0
LA_D_7891722,0,5.7501424e-05,0
LA_D_7942916,0,3.7563765e-05,0
LA_D_8001311,0,0.0007126568,0
LA_D_8001942,0,0.00028245035,0
LA_D_8025432,0,0.0011213939,0
LA_D_8027252,0,4.931667e-05,0
LA_D_8093766,0,0.00024202623,0
LA_D_8098886,0,0.02083229,0
LA_D_8113458,0,8.014201e-05,0
LA_D_8116868,0,7.079606e-05,0
LA_D_8134921,0,0.0002056208,0
LA_D_8184803,0,0.00011673119,0
LA_D_8198366,0,0.10296154,0
LA_D_8213401,0,0.00342001,0
LA_D_8215041,0,0.000138677,0
LA_D_8240682,0,0.0019692322,0
LA_D_8241720,0,7.499548e-05,0
LA_D_8299554,0,0.00016699015,0
LA_D_8328201,0,3.354272e-05,0
LA_D_8359738,0,3.7493977e-05,0
LA_D_8361424,0,3.5671586e-05,0
LA_D_8367667,0,3.8567312e-05,0
LA_D_8432977,0,0.006549182,0
LA_D_8447242,0,3.052775e-05,0
LA_D_8461961,0,0.0014174066,0
LA_D_8466324,0,0.00031754177,0
LA_D_8480951,0,0.00015901923,0
LA_D_8552659,0,0.068191946,0
LA_D_8570646,0,5.5301552e-05,0
LA_D_8578833,0,5.699209e-05,0
LA_D_8624362,0,0.0002433022,0
LA_D_8666752,0,2.518511e-05,0
LA_D_8714013,0,9.841271e-05,0
LA_D_8752393,0,0.00010388511,0
LA_D_8759565,0,0.00015433335,0
LA_D_8777097,0,0.00045796984,0
LA_D_8825567,0,7.9459576e-05,0
LA_D_8887150,0,6.7717476e-05,0
LA_D_8902219,0,0.0004276241,0
LA_D_8902439,0,2.2671768e-05,0
LA_D_8947210,0,3.0197087e-05,0
LA_D_9000440,0,4.8025046e-05,0
LA_D_9024467,0,4.5096473e-05,0
LA_D_9067050,0,3.9985487e-05,0
LA_D_9071605,0,3.171608e-05,0
LA_D_9077451,0,8.259879e-05,0
LA_D_9083107,0,2.1156784e-05,0
LA_D_9117746,0,0.00021772494,0
LA_D_9147536,0,2.8673627e-05,0
LA_D_9212493,0,1.3131678e-05,0
LA_D_9218380,0,8.881096e-05,0
LA_D_9275226,0,0.29090962,0
LA_D_9290458,0,0.0071108057,0
LA_D_9295746,0,0.0069697727,0
LA_D_9301014,0,3.4165314e-05,0
LA_D_9310375,0,9.613596e-05,0
LA_D_9311449,0,3.409826e-05,0
LA_D_9323586,0,0.0005245421,0
LA_D_9371038,0,2.9171717e-05,0
LA_D_9387876,0,1.745392e-05,0
LA_D_9419552,0,0.00017797782,0
LA_D_9463679,0,4.2438085e-05,0
LA_D_9478091,0,0.00018537273,0
LA_D_9512709,0,0.00061627454,0
LA_D_9525753,0,0.0012372613,0
LA_D_9526501,0,7.473605e-05,0
LA_D_9552306,0,5.628787e-05,0
LA_D_9624961,0,0.00017157955,0
LA_D_9628701,0,6.5280925e-05,0
LA_D_9636981,0,0.000113215814,0
LA_D_9652357,0,6.0299502e-05,0
LA_D_9688627,0,9.1578135e-05,0
LA_D_9732033,0,6.4208565e-05,0
LA_D_9743014,0,0.00012726443,0
LA_D_9819954,0,4.5302777e-06,0
LA_D_9840993,0,3.335335e-05,0
LA_D_9937906,0,3.5077603e-05,0
LA_D_9990316,0,0.0003120034,0
LA_D_1050796,0,0.0050214287,0
LA_D_1111959,0,0.85207474,1
LA_D_1126102,0,0.001042682,0
LA_D_1144419,0,0.09346457,0
LA_D_1151564,0,0.0041176556,0
LA_D_1154251,0,0.009172231,0
LA_D_1154657,0,0.002278024,0
LA_D_1165410,0,0.10494089,0
LA_D_1188223,0,0.068386234,0
LA_D_1213444,0,0.0048985113,0
LA_D_1227666,0,0.73649895,1
LA_D_1229959,0,0.36886466,0
LA_D_1291691,0,0.0863705,0
LA_D_1337747,0,0.21650489,0
LA_D_1360621,0,0.6948377,1
LA_D_1378407,0,0.043937236,0
LA_D_1382784,0,0.0031918732,0
LA_D_1386001,0,0.60395676,1
LA_D_1415721,0,0.10682645,0
LA_D_1481062,0,0.0005011213,0
LA_D_1594181,0,0.21766174,0
LA_D_1680317,0,0.056245714,0
LA_D_1704161,0,0.26704007,0
LA_D_1721570,0,0.017740645,0
LA_D_1738698,0,0.0012395108,0
LA_D_1793742,0,0.3230582,0
LA_D_1830912,0,0.9815523,1
LA_D_1831042,0,0.009756238,0
LA_D_1851796,0,0.021248441,0
LA_D_1875217,0,0.0034270429,0
LA_D_1910338,0,0.01570559,0
LA_D_1930325,0,0.8982682,1
LA_D_1951579,0,0.0063493554,0
LA_D_1956837,0,0.007760462,0
LA_D_1976246,0,0.26605526,0
LA_D_2006468,0,0.0052307392,0
LA_D_2035244,0,0.09743459,0
LA_D_2042803,0,0.5541158,1
LA_D_2044219,0,0.003159384,0
LA_D_2065189,0,0.1395282,0
LA_D_2071567,0,0.0010073243,0
LA_D_2077053,0,0.031272646,0
LA_D_2100232,0,0.00074652286,0
LA_D_2172608,0,0.3017302,0
LA_D_2175519,0,0.30484733,0
LA_D_2179848,0,0.033920504,0
LA_D_2247699,0,0.9954537,1
LA_D_2255226,0,0.00272825,0
LA_D_2287060,0,0.0012274747,0
LA_D_2292607,0,0.07740664,0
LA_D_2342652,0,0.10092526,0
LA_D_2375441,0,0.011703214,0
LA_D_2387052,0,0.009123787,0
LA_D_2390491,0,0.0018945923,0
LA_D_2397932,0,0.09087197,0
LA_D_2415268,0,0.08246627,0
LA_D_2430765,0,0.0075475234,0
LA_D_2438768,0,0.0027503252,0
LA_D_2458775,0,0.0005882224,0
LA_D_2470542,0,0.8800045,1
LA_D_2473130,0,0.13803339,0
LA_D_2487000,0,0.00037406868,0
LA_D_2488694,0,0.08580336,0
LA_D_2490273,0,0.00014665052,0
LA_D_2579766,0,0.079363585,0
LA_D_2613151,0,0.033808567,0
LA_D_2638432,0,0.0072515854,0
LA_D_2645266,0,0.0014579361,0
LA_D_2672793,0,0.012052666,0
LA_D_2712659,0,0.004635798,0
LA_D_2798127,0,0.3680257,0
LA_D_2799558,0,0.0026729729,0
LA_D_2836357,0,0.08151781,0
LA_D_2844231,0,0.009380317,0
LA_D_2847562,0,0.012467864,0
LA_D_2884001,0,0.0018112203,0
LA_D_2886707,0,0.00053598895,0
LA_D_2896594,0,0.0013560711,0
LA_D_2900636,0,0.6135019,1
LA_D_2917764,0,0.0013534564,0
LA_D_2966362,0,0.030986875,0
LA_D_2998314,0,0.011737236,0
LA_D_2999129,0,0.017552298,0
LA_D_3021959,0,0.9409632,1
LA_D_3025692,0,0.15290955,0
LA_D_3054281,0,0.002145487,0
LA_D_3061067,0,0.35687816,0
LA_D_3131198,0,0.16087614,0
LA_D_3136629,0,0.06388591,0
LA_D_3149236,0,0.0007168664,0
LA_D_3159355,0,0.55627215,1
LA_D_3170107,0,0.9850442,1
LA_D_3175077,0,0.7660604,1
LA_D_3176307,0,0.098074265,0
LA_D_3187837,0,0.0210042,0
LA_D_3207787,0,0.047797944,0
LA_D_3221437,0,0.0030457028,0
LA_D_3225878,0,0.00023364899,0
LA_D_3251751,0,0.0038639763,0
LA_D_3308419,0,0.03920284,0
LA_D_3329107,0,0.0013833651,0
LA_D_3354392,0,0.023652432,0
LA_D_3355540,0,0.40904468,0
LA_D_3370467,0,0.016977541,0
LA_D_3393959,0,0.5737118,1
LA_D_3394845,0,0.5405616,1
LA_D_3416807,0,0.04644009,0
LA_D_3424616,0,0.003729193,0
LA_D_3456944,0,0.0047595683,0
LA_D_3611600,0,0.047086302,0
LA_D_3618116,0,0.00040666206,0
LA_D_3713066,0,0.1433098,0
LA_D_3756417,0,0.04982887,0
LA_D_3758829,0,0.2329609,0
LA_D_3770294,0,0.007251702,0
LA_D_3818267,0,0.37784302,0
LA_D_3881866,0,0.06618685,0
LA_D_3883334,0,0.0015300909,0
LA_D_3887933,0,0.0015801762,0
LA_D_3890266,0,0.026219385,0
LA_D_3906117,0,0.030053474,0
LA_D_3965135,0,0.024711441,0
LA_D_3978913,0,0.902158,1
LA_D_3985223,0,0.0008507496,0
LA_D_3993703,0,0.0016857609,0
LA_D_3993966,0,0.0040454194,0
LA_D_4031301,0,0.051174924,0
LA_D_4046660,0,0.027605856,0
LA_D_4053616,0,0.42703912,0
LA_D_4065907,0,0.44958448,0
LA_D_4084971,0,0.09863655,0
LA_D_4104923,0,0.4987639,0
LA_D_4180411,0,0.27157325,0
LA_D_4197144,0,0.683357,1
LA_D_4197573,0,0.6745677,1
LA_D_4206865,0,0.23951317,0
LA_D_4225547,0,0.28452748,0
LA_D_4229898,0,0.29746053,0
LA_D_4272224,0,0.0004418047,0
LA_D_4275765,0,0.015153022,0
LA_D_4287537,0,0.045411963,0
LA_D_4298024,0,0.21612474,0
LA_D_4377800,0,0.07052048,0
LA_D_4387960,0,0.0013964052,0
LA_D_4391297,0,0.10184234,0
LA_D_4400351,0,0.0006521686,0
LA_D_4455922,0,0.008961766,0
LA_D_4493978,0,0.0037545024,0
LA_D_4496613,0,0.88957995,1
LA_D_4498755,0,0.43713954,0
LA_D_4531926,0,0.0037687158,0
LA_D_4539895,0,0.061174218,0
LA_D_4589577,0,0.105625615,0
LA_D_4589909,0,0.0011004888,0
LA_D_4622213,0,0.0013713267,0
LA_D_4763816,0,0.0002525597,0
LA_D_4776188,0,0.0012237098,0
LA_D_4780389,0,0.0016646389,0
LA_D_4784803,0,0.000356466,0
LA_D_4809153,0,0.7335723,1
LA_D_4811809,0,0.023092808,0
LA_D_4815971,0,0.0015470727,0
LA_D_4826746,0,0.1508389,0
LA_D_4879669,0,0.035081793,0
LA_D_4884678,0,0.04549446,0
LA_D_4900320,0,0.8824469,1
LA_D_4919400,0,0.8808732,1
LA_D_4996117,0,0.004903667,0
LA_D_5013977,0,0.0047618663,0
LA_D_5041678,0,0.015208433,0
LA_D_5074718,0,0.00010589658,0
LA_D_5144218,0,0.71687436,1
LA_D_5158773,0,0.8054739,1
LA_D_5159304,0,0.00071802805,0
LA_D_5160239,0,0.0067685964,0
LA_D_5161378,0,0.16733089,0
LA_D_5165861,0,0.11674463,0
LA_D_5166859,0,0.71567196,1
LA_D_5184408,0,0.15080085,0
LA_D_5208164,0,0.86303705,1
LA_D_5212344,0,0.06989251,0
LA_D_5253678,0,0.8139243,1
LA_D_5279728,0,0.0011203767,0
LA_D_5295121,0,0.80748856,1
LA_D_5322522,0,0.0034190936,0
LA_D_5359488,0,0.0014725617,0
LA_D_5366271,0,0.047864597,0
LA_D_5385731,0,0.56714493,1
LA_D_5396598,0,0.5153796,1
LA_D_5446340,0,0.4027358,0
LA_D_5501803,0,0.017880438,0
LA_D_5510967,0,0.045005057,0
LA_D_5513816,0,0.0029339208,0
LA_D_5597846,0,0.0068568317,0
LA_D_5617675,0,0.0105663,0
LA_D_5634358,0,0.037561435,0
LA_D_5688863,0,0.030175935,0
LA_D_5705098,0,0.20018244,0
LA_D_5712139,0,0.30316547,0
LA_D_5723178,0,0.0014221431,0
LA_D_5739495,0,0.016853373,0
LA_D_5749584,0,0.22537124,0
LA_D_5778263,0,0.014979389,0
LA_D_5791213,0,0.0013821068,0
LA_D_5849819,0,0.004384661,0
LA_D_5886733,0,0.0010897326,0
LA_D_5896975,0,0.0009595417,0
LA_D_5906042,0,0.0016932203,0
LA_D_5957884,0,0.0033512611,0
LA_D_5997013,0,0.0020277307,0
LA_D_6016551,0,0.484025,0
LA_D_6020551,0,4.381891e-05,0
LA_D_6029806,0,0.00095575186,0
LA_D_6038911,0,0.03125657,0
LA_D_6057039,0,0.043327916,0
LA_D_6068442,0,0.011453129,0
LA_D_6073404,0,0.028382005,0
LA_D_6094200,0,0.0017722641,0
LA_D_6117485,0,0.3467345,0
LA_D_6128274,0,0.0013094117,0
LA_D_6136829,0,0.005627249,0
LA_D_6153665,0,0.066770665,0
LA_D_6177274,0,0.01034646,0
LA_D_6182738,0,0.005440774,0
LA_D_6236487,0,0.00817694,0
LA_D_6249240,0,0.0033339695,0
LA_D_6259209,0,0.004722646,0
LA_D_6272525,0,0.0017596385,0
LA_D_6291620,0,0.018491156,0
LA_D_6311384,0,0.013321023,0
LA_D_6370899,0,0.005678509,0
LA_D_6375876,0,0.93510604,1
LA_D_6429416,0,0.007591777,0
LA_D_6434298,0,0.93281496,1
LA_D_6453451,0,0.9276185,1
LA_D_6457159,0,0.045804203,0
LA_D_6461979,0,0.27233535,0
LA_D_6468082,0,0.03152636,0
LA_D_6486693,0,0.2673742,0
LA_D_6490911,0,0.0002774791,0
LA_D_6503952,0,0.02263479,0
LA_D_6530033,0,0.052640494,0
LA_D_6547184,0,0.007706283,0
LA_D_6592286,0,0.0038400223,0
LA_D_6625336,0,0.0047427616,0
LA_D_6636629,0,0.91966486,1
LA_D_6654649,0,0.0065281033,0
LA_D_6663970,0,0.024128428,0
LA_D_6686979,0,0.0041433563,0
LA_D_6688900,0,0.7375342,1
LA_D_6691656,0,0.0054722424,0
LA_D_6720664,0,0.081437856,0
LA_D_6724389,0,0.12373562,0
LA_D_6729397,0,0.000569638,0
LA_D_6732739,0,0.029384183,0
LA_D_6739958,0,0.0010189504,0
LA_D_6802709,0,0.06637952,0
LA_D_6872574,0,0.0010406085,0
LA_D_6882049,0,0.00028706255,0
LA_D_6882216,0,0.09592715,0
LA_D_6890535,0,0.09995854,0
LA_D_6933737,0,0.31070814,0
LA_D_6935848,0,0.030573724,0
LA_D_6938425,0,0.68695134,1
LA_D_6939048,0,0.14833835,0
LA_D_6941679,0,0.0014358624,0
LA_D_6981951,0,0.00057499384,0
LA_D_6988016,0,0.082511164,0
LA_D_6988970,0,0.03375467,0
LA_D_7011716,0,0.00023144773,0
LA_D_7020241,0,0.36467758,0
LA_D_7036425,0,0.03540101,0
LA_D_7038278,0,0.0018611966,0
LA_D_7044565,0,0.6768786,1
LA_D_7129246,0,0.320909,0
LA_D_7131053,0,0.7298167,1
LA_D_7131714,0,0.012990499,0
LA_D_7148082,0,0.837968,1
LA_D_7168632,0,0.007932254,0
LA_D_7177218,0,0.0009542666,0
LA_D_7197412,0,0.006147874,0
LA_D_7200498,0,0.87834054,1
LA_D_7247592,0,0.12764482,0
LA_D_7258776,0,0.0017496035,0
LA_D_7275397,0,0.07378206,0
LA_D_7279989,0,0.055913758,0
LA_D_7280401,0,0.31277812,0
LA_D_7281372,0,0.018312022,0
LA_D_7289456,0,0.0017189075,0
LA_D_7306042,0,0.09719605,0
LA_D_7339792,0,0.34371018,0
LA_D_7343889,0,0.0005167013,0
LA_D_7371794,0,0.41262534,0
LA_D_7388866,0,0.007837035,0
LA_D_7393671,0,0.000546731,0
LA_D_7415107,0,0.0038009428,0
LA_D_7417496,0,0.007932653,0
LA_D_7419263,0,0.73233056,1
LA_D_7421330,0,0.89296967,1
LA_D_7422030,0,0.002896388,0
LA_D_7443140,0,0.015371735,0
LA_D_7445272,0,0.0091686435,0
LA_D_7484326,0,0.06134832,0
LA_D_7521512,0,0.49245417,0
LA_D_7537476,0,0.2549183,0
LA_D_7544543,0,0.0037723389,0
LA_D_7593562,0,0.016941331,0
LA_D_7688637,0,0.5078952,1
LA_D_7725830,0,0.012952153,0
LA_D_7730920,0,0.0091861915,0
LA_D_7748480,0,0.015295046,0
LA_D_7792433,0,0.13329093,0
LA_D_7830811,0,0.018686851,0
LA_D_7874809,0,0.03331367,0
LA_D_7888567,0,0.19003694,0
LA_D_7919496,0,0.6677975,1
LA_D_7957185,0,0.0009665747,0
LA_D_7959946,0,0.018518433,0
LA_D_7999055,0,0.018416472,0
LA_D_8024735,0,0.0014137162,0
LA_D_8024758,0,0.0019233166,0
LA_D_8069958,0,0.09690909,0
LA_D_8081714,0,0.0035442158,0
LA_D_8111410,0,0.05265166,0
LA_D_8120776,0,0.011205455,0
LA_D_8124666,0,0.06255759,0
LA_D_8139288,0,0.7229407,1
LA_D_8150491,0,0.041992966,0
LA_D_8152472,0,0.004760068,0
LA_D_8161997,0,0.10289385,0
LA_D_8200654,0,0.98296726,1
LA_D_8213352,0,0.0013784932,0
LA_D_8326614,0,0.417199,0
LA_D_8336163,0,0.0007211922,0
LA_D_8352307,0,0.11608959,0
LA_D_8385680,0,0.020692818,0
LA_D_8414843,0,0.0022796264,0
LA_D_8416552,0,0.0018158781,0
LA_D_8421891,0,0.0012076141,0
LA_D_8422737,0,0.002833272,0
LA_D_8435340,0,0.05061868,0
LA_D_8438234,0,0.008715495,0
LA_D_8449330,0,0.25209564,0
LA_D_8454268,0,0.00065745757,0
LA_D_8471869,0,0.004139657,0
LA_D_8486404,0,0.04425208,0
LA_D_8493432,0,0.04053503,0
LA_D_8505683,0,0.055796593,0
LA_D_8544457,0,0.0012581204,0
LA_D_8557735,0,0.45895717,0
LA_D_8573242,0,0.0036457775,0
LA_D_8573550,0,0.0035556585,0
LA_D_8590450,0,0.025716104,0
LA_D_8626728,0,0.17935017,0
LA_D_8629305,0,0.31926072,0
LA_D_8655144,0,0.011050134,0
LA_D_8676735,0,0.012459471,0
LA_D_8677982,0,0.6638038,1
LA_D_8711459,0,0.13629512,0
LA_D_8724117,0,0.011338605,0
LA_D_8745012,0,0.020022083,0
LA_D_8752888,0,0.004753181,0
LA_D_8754373,0,0.0011366989,0
LA_D_8768194,0,0.1902539,0
LA_D_8769496,0,0.57900625,1
LA_D_8797946,0,0.029474238,0
LA_D_8814160,0,0.0015549918,0
LA_D_8846179,0,0.13150235,0
LA_D_8850397,0,0.0100972615,0
LA_D_8872966,0,0.0028177665,0
LA_D_8892386,0,0.00050595665,0
LA_D_8943748,0,0.45247746,0
LA_D_8969774,0,0.017339133,0
LA_D_9010755,0,0.0051081795,0
LA_D_9039359,0,0.0054525137,0
LA_D_9101923,0,0.004181416,0
LA_D_9107422,0,0.104994096,0
LA_D_9177165,0,0.0046451143,0
LA_D_9187242,0,0.0019504265,0
LA_D_9211248,0,0.0020003724,0
LA_D_9260195,0,0.18143556,0
LA_D_9281612,0,0.50895447,1
LA_D_9307829,0,0.80588776,1
LA_D_9355857,0,0.5283432,1
LA_D_9371188,0,0.00022585003,0
LA_D_9371232,0,0.00024571526,0
LA_D_9386898,0,0.06262078,0
LA_D_9393261,0,0.02188363,0
LA_D_9397905,0,0.0016121486,0
LA_D_9412336,0,0.9161002,1
LA_D_9455008,0,0.12888715,0
LA_D_9477430,0,0.016680034,0
LA_D_9515444,0,0.0012096104,0
LA_D_9547911,0,0.00971582,0
LA_D_9553230,0,0.0052940743,0
LA_D_9565989,0,0.0010215499,0
LA_D_9661221,0,0.0023427769,0
LA_D_9703394,0,0.02514816,0
LA_D_9740737,0,0.25045517,0
LA_D_9798493,0,0.0037454523,0
LA_D_9801845,0,0.0016141544,0
LA_D_9825350,0,0.0006966717,0
LA_D_9832675,0,0.07988914,0
LA_D_9846021,0,0.00079178315,0
LA_D_9851912,0,0.76109713,1
LA_D_9866624,0,0.2540951,0
LA_D_9882641,0,0.03676679,0
LA_D_9884269,0,0.00046839635,0
LA_D_9932869,0,0.0008621106,0
LA_D_9945660,0,0.0017469756,0
LA_D_9956149,0,0.02776828,0
LA_D_9958486,0,0.013869783,0
LA_D_9965392,0,0.00043502264,0
LA_D_9995609,0,0.8644595,1
LA_D_1004678,0,0.005033183,0
LA_D_1011190,0,0.055611927,0
LA_D_1014671,0,0.012015731,0
LA_D_1056780,0,0.8872137,1
LA_D_1105502,0,0.033175595,0
LA_D_1106685,0,0.05561293,0
LA_D_1118728,0,0.0005188141,0
LA_D_1152867,0,0.0010523364,0
LA_D_1156748,0,0.97631466,1
LA_D_1207441,0,0.00014589305,0
LA_D_1207924,0,0.0005243112,0
LA_D_1234846,0,0.98481256,1
LA_D_1301926,0,0.017059434,0
LA_D_1319176,0,0.371166,0
LA_D_1383506,0,0.997895,1
LA_D_1411177,0,0.99216366,1
LA_D_1416047,0,0.00028210317,0
LA_D_1425460,0,0.008251524,0
LA_D_1482414,0,0.03639885,0
LA_D_1518970,0,0.47508714,0
LA_D_1554528,0,0.19218756,0
LA_D_1604308,0,0.006608205,0
LA_D_1605983,0,0.73496395,1
LA_D_1667983,0,0.04567591,0
LA_D_1681557,0,0.0029699944,0
LA_D_1690641,0,0.002563719,0
LA_D_1717208,0,0.29596993,0
LA_D_1718297,0,0.1604902,0
LA_D_1728539,0,0.002326848,0
LA_D_1736170,0,0.0012473251,0
LA_D_1764449,0,0.04718926,0
LA_D_1769296,0,0.94049793,1
LA_D_1803448,0,0.9900209,1
LA_D_1894626,0,0.00037370354,0
LA_D_1901394,0,0.95977795,1
LA_D_1922501,0,0.11293618,0
LA_D_1932129,0,0.0012548282,0
LA_D_1940772,0,0.10541089,0
LA_D_2012886,0,0.0031288809,0
LA_D_2039361,0,0.17978871,0
LA_D_2041530,0,0.1840874,0
LA_D_2055853,0,0.9602458,1
LA_D_2088042,0,0.0039086607,0
LA_D_2102445,0,0.0058949487,0
LA_D_2109741,0,0.96096694,1
LA_D_2121128,0,0.008529583,0
LA_D_2177394,0,0.67986256,1
LA_D_2218486,0,0.002131066,0
LA_D_2219851,0,0.010374642,0
LA_D_2220548,0,0.34628388,0
LA_D_2256901,0,0.1439,0
LA_D_2266995,0,0.01281041,0
LA_D_2304090,0,0.21407007,0
LA_D_2323632,0,0.11902853,0
LA_D_2333697,0,0.007599803,0
LA_D_2349350,0,0.413151,0
LA_D_2359886,0,0.2848332,0
LA_D_2369254,0,0.060510762,0
LA_D_2422407,0,0.41611388,0
LA_D_2439087,0,0.012260848,0
LA_D_2480205,0,0.0025881,0
LA_D_2483630,0,0.0060909796,0
LA_D_2523389,0,0.002340482,0
LA_D_2526078,0,0.018845845,0
LA_D_2631213,0,0.79890865,1
LA_D_2631374,0,0.2309593,0
LA_D_2636006,0,0.0022904365,0
LA_D_2659549,0,0.96684533,1
LA_D_2663010,0,0.0059575383,0
LA_D_2692089,0,0.0007097431,0
LA_D_2718826,0,0.8579323,1
LA_D_2739527,0,0.017542161,0
LA_D_2775660,0,0.003506313,0
LA_D_2789615,0,0.002238251,0
LA_D_2792636,0,0.014010746,0
LA_D_2847063,0,0.004556503,0
LA_D_2872375,0,0.06180649,0
LA_D_2912164,0,0.8267639,1
LA_D_3018508,0,0.035075545,0
LA_D_3053810,0,0.00339843,0
LA_D_3072931,0,0.0533546,0
LA_D_3105367,0,0.007221767,0
LA_D_3111530,0,0.7971572,1
LA_D_3150766,0,0.015067207,0
LA_D_3152935,0,0.016774744,0
LA_D_3165811,0,0.00090987363,0
LA_D_3179444,0,0.002463226,0
LA_D_3190273,0,0.9638019,1
LA_D_3200479,0,0.8102334,1
LA_D_3252875,0,0.004774649,0
LA_D_3324013,0,0.029372012,0
LA_D_3361173,0,0.0022632491,0
LA_D_3408645,0,0.04256096,0
LA_D_3427528,0,0.19130671,0
LA_D_3488221,0,0.008111185,0
LA_D_3504387,0,0.831911,1
LA_D_3574339,0,0.0032343888,0
LA_D_3593296,0,0.56822455,1
LA_D_3595774,0,0.0691469,0
LA_D_3597570,0,0.13513263,0
LA_D_3706722,0,0.0035856597,0
LA_D_3756928,0,0.005715261,0
LA_D_3810637,0,0.05126057,0
LA_D_3889704,0,0.0008879399,0
LA_D_3923572,0,0.99306375,1
LA_D_3979451,0,0.004049312,0
LA_D_4049151,0,0.010812455,0
LA_D_4070821,0,0.98911315,1
LA_D_4175580,0,0.023691474,0
LA_D_4192869,0,0.002227037,0
LA_D_4232324,0,0.0072597186,0
LA_D_4248561,0,0.0024224103,0
LA_D_4269380,0,0.9059007,1
LA_D_4273910,0,0.0106680505,0
LA_D_4294810,0,0.098437764,0
LA_D_4308789,0,0.007255634,0
LA_D_4371236,0,0.5689588,1
LA_D_4422044,0,0.06998863,0
LA_D_4470112,0,0.3062881,0
LA_D_4545230,0,0.0022675316,0
LA_D_4574130,0,0.0047530136,0
LA_D_4611216,0,0.015688725,0
LA_D_4648091,0,0.012012261,0
LA_D_4663964,0,0.2339812,0
LA_D_4675984,0,0.00041894024,0
LA_D_4710338,0,0.03256098,0
LA_D_4844408,0,0.9414483,1
LA_D_4914857,0,0.0031881733,0
LA_D_4947867,0,0.004188222,0
LA_D_4976077,0,0.069229394,0
LA_D_5064217,0,0.0035535675,0
LA_D_5156414,0,0.00045236567,0
LA_D_5161376,0,0.016979832,0
LA_D_5166740,0,0.21430339,0
LA_D_5209470,0,0.88927364,1
LA_D_5219547,0,0.012299813,0
LA_D_5239597,0,0.15756369,0
LA_D_5242716,0,0.0021554476,0
LA_D_5251886,0,0.08123288,0
LA_D_5292440,0,0.028006708,0
LA_D_5324750,0,0.009191597,0
LA_D_5350853,0,0.009787693,0
LA_D_5392659,0,0.0028134675,0
LA_D_5393733,0,0.01035029,0
LA_D_5439291,0,0.0017419535,0
LA_D_5524022,0,0.062555626,0
LA_D_5589474,0,0.0035769225,0
LA_D_5631993,0,0.0036653362,0
LA_D_5644097,0,0.4362901,0
LA_D_5695457,0,0.010723345,0
LA_D_5764382,0,0.3653198,0
LA_D_5783375,0,0.6819341,1
LA_D_5817000,0,0.68964565,1
LA_D_5828086,0,0.977751,1
LA_D_5856334,0,0.6629297,1
LA_D_5857300,0,0.07743102,0
LA_D_5992094,0,0.06185584,0
LA_D_6153225,0,0.01743055,0
LA_D_6164661,0,0.8519772,1
LA_D_6203032,0,0.0010896465,0
LA_D_6216205,0,0.5437577,1
LA_D_6273791,0,0.015036344,0
LA_D_6273909,0,0.00041707375,0
LA_D_6332547,0,0.0010180818,0
LA_D_6430849,0,0.008862609,0
LA_D_6460397,0,0.0034573048,0
LA_D_6478892,0,0.055233937,0
LA_D_6496687,0,0.6999199,1
LA_D_6496692,0,0.03850399,0
LA_D_6511794,0,0.2752251,0
LA_D_6512613,0,0.26178122,0
LA_D_6532842,0,0.00389783,0
LA_D_6599468,0,0.7429439,1
LA_D_6615388,0,0.0017079326,0
LA_D_6635393,0,0.022348497,0
LA_D_6639608,0,0.0023012375,0
LA_D_6649438,0,0.18682216,0
LA_D_6681423,0,0.96850663,1
LA_D_6684400,0,0.002799248,0
LA_D_6689440,0,0.9827556,1
LA_D_6693764,0,0.24838848,0
LA_D_6731807,0,0.13809177,0
LA_D_6740073,0,0.0010423315,0
LA_D_6789595,0,0.07347797,0
LA_D_6801556,0,0.002232797,0
LA_D_6847296,0,0.021270588,0
LA_D_6887115,0,0.0031725878,0
LA_D_6892015,0,0.8558226,1
LA_D_6899016,0,0.0036030347,0
LA_D_6903910,0,0.004208208,0
LA_D_6916273,0,0.03472561,0
LA_D_6917691,0,0.0026539618,0
LA_D_6938612,0,0.010790251,0
LA_D_6952998,0,0.731787,1
LA_D_6958661,0,0.00287427,0
LA_D_6989421,0,0.13707721,0
LA_D_6990995,0,0.03246817,0
LA_D_7005694,0,0.0022128536,0
LA_D_7015639,0,0.84884745,1
LA_D_7040854,0,0.007053191,0
LA_D_7066069,0,0.11617157,0
LA_D_7101526,0,0.00890919,0
LA_D_7104296,0,0.0019222113,0
LA_D_7149543,0,0.014842746,0
LA_D_7164855,0,0.0020320544,0
LA_D_7169514,0,0.07304149,0
LA_D_7193153,0,0.006079006,0
LA_D_7249788,0,0.90710545,1
LA_D_7292718,0,0.019193502,0
LA_D_7349144,0,0.003113025,0
LA_D_7363730,0,0.0028243004,0
LA_D_7387761,0,0.0006100851,0
LA_D_7455203,0,0.029459052,0
LA_D_7484699,0,0.03189897,0
LA_D_7556575,0,0.98351055,1
LA_D_7557748,0,0.13161992,0
LA_D_7562670,0,0.98984855,1
LA_D_7578994,0,0.010289908,0
LA_D_7597684,0,0.18075727,0
LA_D_7616084,0,0.018686388,0
LA_D_7623847,0,0.924256,1
LA_D_7742207,0,0.018100357,0
LA_D_7764878,0,0.12439574,0
LA_D_7793499,0,0.0017347678,0
LA_D_7794484,0,0.0050938604,0
LA_D_7815461,0,0.00081609085,0
LA_D_7839449,0,0.0010319769,0
LA_D_7898389,0,0.816303,1
LA_D_7938579,0,0.0088007,0
LA_D_8045509,0,0.08474534,0
LA_D_8060997,0,0.004980759,0
LA_D_8111862,0,0.049704764,0
LA_D_8140953,0,0.18548472,0
LA_D_8149275,0,0.16962546,0
LA_D_8184815,0,0.23864646,0
LA_D_8235279,0,0.009340081,0
LA_D_8259132,0,0.00046991959,0
LA_D_8301864,0,0.013710759,0
LA_D_8310109,0,0.0020909144,0
LA_D_8312505,0,0.9728813,1
LA_D_8313341,0,0.04417428,0
LA_D_8336809,0,0.00064875867,0
LA_D_8363354,0,0.06589656,0
LA_D_8370436,0,0.0166533,0
LA_D_8404777,0,0.50371945,1
LA_D_8409734,0,0.8908835,1
LA_D_8419000,0,0.040353455,0
LA_D_8507364,0,0.012057215,0
LA_D_8510876,0,0.047597166,0
LA_D_8519685,0,0.00481186,0
LA_D_8524584,0,0.16492385,0
LA_D_8540960,0,0.9654217,1
LA_D_8547114,0,0.9984553,1
LA_D_8583389,0,0.14089292,0
LA_D_8584942,0,0.5200025,1
LA_D_8609682,0,0.04948348,0
LA_D_8609922,0,0.919495,1
LA_D_8637167,0,0.030536577,0
LA_D_8660957,0,0.6366454,1
LA_D_8705560,0,0.9907052,1
LA_D_8720499,0,0.65411437,1
LA_D_8769243,0,0.00093081,0
LA_D_8796007,0,0.001076616,0
LA_D_8880560,0,0.0020139923,0
LA_D_8933858,0,0.8895922,1
LA_D_8964930,0,0.38823178,0
LA_D_8980113,0,0.00038467202,0
LA_D_8981643,0,0.19250225,0
LA_D_8981934,0,0.008259609,0
LA_D_8986439,0,0.40022284,0
LA_D_9001165,0,0.6480155,1
LA_D_9038026,0,0.6038808,1
LA_D_9078449,0,0.965208,1
LA_D_9109600,0,0.055507477,0
LA_D_9111623,0,0.10757592,0
LA_D_9117237,0,0.2976941,0
LA_D_9124462,0,0.1297882,0
LA_D_9137639,0,0.01354572,0
LA_D_9147682,0,0.97690535,1
LA_D_9186626,0,0.35632133,0
LA_D_9201402,0,0.0021429718,0
LA_D_9243048,0,0.002648666,0
LA_D_9272270,0,0.0015382906,0
LA_D_9282770,0,0.5876079,1
LA_D_9308342,0,0.025681114,0
LA_D_9315565,0,0.41542822,0
LA_D_9317094,0,0.14318158,0
LA_D_9324727,0,0.006543352,0
LA_D_9329043,0,0.01121066,0
LA_D_9444904,0,0.022714512,0
LA_D_9499686,0,0.037562147,0
LA_D_9510384,0,0.9078609,1
LA_D_9550483,0,0.0027262955,0
LA_D_9573862,0,0.049663935,0
LA_D_9651635,0,0.027566705,0
LA_D_9678692,0,0.025346434,0
LA_D_9747996,0,0.7207209,1
LA_D_9781660,0,0.005251695,0
LA_D_9783835,0,0.0065845917,0
LA_D_9847755,0,0.06685381,0
LA_D_9871206,0,0.06512565,0
LA_D_9879515,0,0.007292083,0
LA_D_9880460,0,0.8444275,1
LA_D_9924384,0,0.036615644,0
LA_D_9948420,0,0.17730045,0
LA_D_9948672,0,0.60369164,1
LA_D_9973073,0,0.00041230477,0
LA_D_9974010,0,0.0009240444,0
LA_D_1118794,0,0.001459756,0
LA_D_1131563,0,7.059428e-05,0
LA_D_1167437,0,0.004594703,0
LA_D_1203854,0,0.00033488462,0
LA_D_1208604,0,0.003336003,0
LA_D_1211631,0,0.00054161117,0
LA_D_1212670,0,0.005793681,0
LA_D_1232279,0,0.004152764,0
LA_D_1235148,0,0.00072011637,0
LA_D_1287658,0,0.001502468,0
LA_D_1351703,0,0.0017527621,0
LA_D_1396790,0,0.002225998,0
LA_D_1454984,0,0.16773066,0
LA_D_1467819,0,0.0012356809,0
LA_D_1478351,0,0.0007867541,0
LA_D_1512979,0,9.4140865e-05,0
LA_D_1527493,0,0.0010402278,0
LA_D_1539250,0,0.0031086137,0
LA_D_1557737,0,0.03189215,0
LA_D_1623705,0,0.0034493494,0
LA_D_1637491,0,9.819543e-05,0
LA_D_1639348,0,0.0028500045,0
LA_D_1702942,0,0.0022947786,0
LA_D_1713212,0,0.0048309155,0
LA_D_1788098,0,0.011386819,0
LA_D_1798881,0,2.8269182e-05,0
LA_D_1823585,0,0.00034719252,0
LA_D_1874557,0,0.0007910475,0
LA_D_1904999,0,5.0907598e-05,0
LA_D_1909993,0,0.0003081673,0
LA_D_1957667,0,0.0035050039,0
LA_D_1975835,0,0.00010003643,0
LA_D_2002669,0,0.0034466002,0
LA_D_2007901,0,0.00014750742,0
LA_D_2010593,0,0.003948794,0
LA_D_2020535,0,0.00015052936,0
LA_D_2097045,0,0.0015260538,0
LA_D_2136896,0,0.006634784,0
LA_D_2152100,0,0.0025632896,0
LA_D_2205300,0,0.00014259249,0
LA_D_2254857,0,0.0014656411,0
LA_D_2278407,0,0.0053343656,0
LA_D_2298020,0,0.001225937,0
LA_D_2298155,0,0.0017529941,0
LA_D_2392484,0,0.011948077,0
LA_D_2408504,0,0.030227374,0
LA_D_2409304,0,0.0018352002,0
LA_D_2412446,0,0.0040487982,0
LA_D_2462449,0,0.00040240542,0
LA_D_2504438,0,0.0024613615,0
LA_D_2546184,0,0.00028788147,0
LA_D_2563154,0,0.00051565486,0
LA_D_2576822,0,0.00038508142,0
LA_D_2601154,0,0.8165071,1
LA_D_2630786,0,0.0009185116,0
LA_D_2658832,0,0.0010161579,0
LA_D_2710906,0,0.007659468,0
LA_D_2720782,0,0.000247838,0
LA_D_2761640,0,0.955304,1
LA_D_2763276,0,0.0001487481,0
LA_D_2824952,0,9.450685e-05,0
LA_D_2844602,0,0.90799016,1
LA_D_2915405,0,0.14564621,0
LA_D_2956552,0,0.007943204,0
LA_D_2985329,0,2.7563672e-05,0
LA_D_3051998,0,0.00017571289,0
LA_D_3068570,0,0.00010095891,0
LA_D_3090097,0,0.8431827,1
LA_D_3094853,0,0.028490188,0
LA_D_3136384,0,0.00027883422,0
LA_D_3162441,0,0.00041529004,0
LA_D_3179260,0,0.0043053217,0
LA_D_3199741,0,0.021932814,0
LA_D_3260640,0,0.00039537993,0
LA_D_3266553,0,0.010215856,0
LA_D_3341294,0,0.00011898081,0
LA_D_3357328,0,0.83144385,1
LA_D_3402273,0,0.000127662,0
LA_D_3484658,0,0.000697922,0
LA_D_3551244,0,0.0028090645,0
LA_D_3630490,0,0.00029234364,0
LA_D_3662303,0,0.0012023877,0
LA_D_3671184,0,0.0023325812,0
LA_D_3681485,0,0.00014946626,0
LA_D_3778535,0,0.0046672374,0
LA_D_3795570,0,0.022362959,0
LA_D_3867494,0,0.001466832,0
LA_D_3970121,0,0.00084141194,0
LA_D_4045695,0,0.0005193581,0
LA_D_4058547,0,0.050996732,0
LA_D_4062752,0,0.02098023,0
LA_D_4075366,0,0.0006071809,0
LA_D_4089906,0,0.019190619,0
LA_D_4091974,0,0.00073972024,0
LA_D_4128580,0,0.010441627,0
LA_D_4140612,0,0.07581388,0
LA_D_4158867,0,0.011570499,0
LA_D_4164660,0,9.1326896e-05,0
LA_D_4189888,0,0.0001327977,0
LA_D_4200118,0,0.21732073,0
LA_D_4203887,0,0.00722066,0
LA_D_4260004,0,0.0013081596,0
LA_D_4265472,0,0.00064614485,0
LA_D_4279179,0,0.00020984266,0
LA_D_4311841,0,0.81673986,1
LA_D_4347397,0,6.813884e-05,0
LA_D_4385188,0,0.00069568347,0
LA_D_4399466,0,0.00037533662,0
LA_D_4427641,0,0.0015619753,0
LA_D_4448977,0,0.0071499418,0
LA_D_4450404,0,0.0024136994,0
LA_D_4460089,0,0.0021849556,0
LA_D_4481672,0,0.0013657822,0
LA_D_4533373,0,0.03545169,0
LA_D_4538385,0,0.0006058121,0
LA_D_4654776,0,0.00036881038,0
LA_D_4674363,0,0.00044602426,0
LA_D_4702125,0,0.00034315555,0
LA_D_4720755,0,0.00021644146,0
LA_D_4788201,0,0.0018953021,0
LA_D_4816070,0,0.0007877399,0
LA_D_4825555,0,0.007165539,0
LA_D_4869707,0,0.001001005,0
LA_D_4919707,0,0.0015871563,0
LA_D_4920544,0,0.0011341874,0
LA_D_4921369,0,0.0007546145,0
LA_D_4929561,0,0.0004924322,0
LA_D_4947156,0,0.008577951,0
LA_D_4960326,0,0.051471096,0
LA_D_5034203,0,0.00026094218,0
LA_D_5050513,0,0.0012393296,0
LA_D_5063604,0,0.02058102,0
LA_D_5167363,0,0.0001850321,0
LA_D_5196563,0,0.00077510695,0
LA_D_5276746,0,0.0014386566,0
LA_D_5285039,0,0.012429156,0
LA_D_5294929,0,0.0022850155,0
LA_D_5301172,0,4.214175e-05,0
LA_D_5304792,0,0.00084134494,0
LA_D_5314825,0,0.00048065538,0
LA_D_5332565,0,0.00014429055,0
LA_D_5343352,0,0.0023133713,0
LA_D_5407463,0,0.0002390818,0
LA_D_5445370,0,0.00021857735,0
LA_D_5454408,0,0.0009741465,0
LA_D_5519117,0,4.997321e-05,0
LA_D_5597072,0,0.005116942,0
LA_D_5605656,0,0.00057405833,0
LA_D_5613224,0,0.30248028,0
LA_D_5614406,0,0.85322124,1
LA_D_5631357,0,0.00024895204,0
LA_D_5637928,0,0.001787524,0
LA_D_5656124,0,0.003416287,0
LA_D_5695559,0,0.00025421067,0
LA_D_5721193,0,6.8293215e-05,0
LA_D_5800550,0,0.001178942,0
LA_D_5840187,0,0.0038213544,0
LA_D_5866255,0,0.00026664435,0
LA_D_5891155,0,0.0021898951,0
LA_D_5913608,0,0.0010935913,0
LA_D_5926059,0,5.704108e-05,0
LA_D_5997151,0,0.82003504,1
LA_D_6049791,0,0.00022397644,0
LA_D_6060780,0,0.0013249082,0
LA_D_6097465,0,0.009189112,0
LA_D_6146856,0,0.0001068739,0
LA_D_6176750,0,0.00019732572,0
LA_D_6188881,0,0.21739879,0
LA_D_6196078,0,0.010482842,0
LA_D_6293245,0,0.00018425252,0
LA_D_6320996,0,0.00220296,0
LA_D_6328554,0,0.0052818824,0
LA_D_6368871,0,0.0022109572,0
LA_D_6434711,0,0.012339075,0
LA_D_6445884,0,0.0010005496,0
LA_D_6509120,0,0.00017024128,0
LA_D_6551202,0,0.10528047,0
LA_D_6563482,0,0.001769763,0
LA_D_6568047,0,0.0115189655,0
LA_D_6587165,0,0.000110711524,0
LA_D_6591249,0,0.00018143695,0
LA_D_6593008,0,0.005041705,0
LA_D_6616471,0,0.00022854439,0
LA_D_6621246,0,0.0036266153,0
LA_D_6688232,0,0.0011960668,0
LA_D_6740610,0,0.0021272434,0
LA_D_6742117,0,0.0020953363,0
LA_D_6743141,0,0.00016346297,0
LA_D_6744596,0,0.0006410949,0
LA_D_6781568,0,0.009437195,0
LA_D_6785127,0,0.0024886369,0
LA_D_6806656,0,0.00224475,0
LA_D_6832377,0,0.8110058,1
LA_D_6837499,0,0.0038163934,0
LA_D_6914532,0,0.00017306475,0
LA_D_6928296,0,0.00027834633,0
LA_D_6942448,0,0.00023607188,0
LA_D_6966164,0,0.0015919784,0
LA_D_7051341,0,0.00012926348,0
LA_D_7057633,0,0.00038836847,0
LA_D_7091662,0,0.00076196925,0
LA_D_7092291,0,0.0014864829,0
LA_D_7119606,0,0.00021804593,0
LA_D_7130454,0,0.0008187762,0
LA_D_7139438,0,0.002952203,0
LA_D_7141763,0,0.0013580092,0
LA_D_7151621,0,2.4522586e-05,0
LA_D_7170607,0,0.0016936155,0
LA_D_7219660,0,5.761329e-05,0
LA_D_7263401,0,8.2655446e-05,0
LA_D_7273712,0,0.003462609,0
LA_D_7373443,0,0.00052112195,0
LA_D_7390522,0,9.8405864e-05,0
LA_D_7445146,0,0.0109558515,0
LA_D_7456275,0,0.00043083754,0
LA_D_7472227,0,0.007179849,0
LA_D_7520496,0,0.3232315,0
LA_D_7522278,0,0.00067640055,0
LA_D_7551589,0,0.0060048937,0
LA_D_7552379,0,0.00020470434,0
LA_D_7555845,0,0.00057527615,0
LA_D_7559932,0,0.000719867,0
LA_D_7601827,0,0.00018661877,0
LA_D_7621816,0,0.012601093,0
LA_D_7644378,0,0.002457384,0
LA_D_7670870,0,0.005581169,0
LA_D_7675126,0,0.007946902,0
LA_D_7690918,0,0.0044207596,0
LA_D_7712763,0,0.0049986495,0
LA_D_7742306,0,0.0005865417,0
LA_D_7748254,0,0.003945259,0
LA_D_7752556,0,0.0003792217,0
LA_D_7766576,0,0.04550125,0
LA_D_7773434,0,0.00046136236,0
LA_D_7812846,0,3.58999e-05,0
LA_D_7815618,0,0.0012755576,0
LA_D_7870469,0,0.00030515043,0
LA_D_7907871,0,0.00064653135,0
LA_D_7922506,0,0.011033544,0
LA_D_7925481,0,0.007511494,0
LA_D_7952081,0,0.0001842202,0
LA_D_7971494,0,0.0006687351,0
LA_D_7972252,0,0.8517572,1
LA_D_7977077,0,0.0009079433,0
LA_D_7984768,0,0.00073932804,0
LA_D_7996201,0,0.00012417715,0
LA_D_8008375,0,0.9736669,1
LA_D_8019379,0,0.012742249,0
LA_D_8121898,0,0.00014513808,0
LA_D_8156558,0,7.464508e-05,0
LA_D_8198807,0,0.017527554,0
LA_D_8222801,0,0.0035174268,0
LA_D_8279014,0,0.0003016953,0
LA_D_8297660,0,0.0007100002,0
LA_D_8315403,0,0.00030917994,0
LA_D_8321387,0,0.0005701991,0
LA_D_8328368,0,9.462507e-05,0
LA_D_8388061,0,0.2463415,0
LA_D_8391101,0,0.00015963284,0
LA_D_8417277,0,0.00015254431,0
LA_D_8442443,0,0.0020283116,0
LA_D_8457237,0,0.00019540214,0
LA_D_8461185,0,0.00033404285,0
LA_D_8486455,0,0.00084357464,0
LA_D_8519635,0,0.0020544191,0
LA_D_8540397,0,4.65736e-05,0
LA_D_8604643,0,0.0027466097,0
LA_D_8638660,0,0.97479916,1
LA_D_8653522,0,0.00047771927,0
LA_D_8701190,0,0.0002970627,0
LA_D_8711337,0,0.0070571094,0
LA_D_8759658,0,0.0005941398,0
LA_D_8783109,0,0.00019605289,0
LA_D_8816902,0,0.007933785,0
LA_D_8844443,0,0.7175163,1
LA_D_8871469,0,0.00085114094,0
LA_D_8906850,0,0.53289163,1
LA_D_8934450,0,0.0072429334,0
LA_D_8940296,0,0.005997347,0
LA_D_8960097,0,0.00057896273,0
LA_D_8975798,0,0.03217131,0
LA_D_8983296,0,9.2607894e-05,0
LA_D_9012249,0,0.0006811828,0
LA_D_9149364,0,0.0013154115,0
LA_D_9209406,0,0.00015217952,0
LA_D_9217605,0,0.00011400046,0
LA_D_9246417,0,0.17721163,0
LA_D_9274099,0,9.571236e-05,0
LA_D_9275415,0,0.0019871017,0
LA_D_9297011,0,0.0037115703,0
LA_D_9305138,0,0.0046341154,0
LA_D_9335232,0,0.0008246714,0
LA_D_9406480,0,0.33012623,0
LA_D_9462251,0,0.00021531618,0
LA_D_9468171,0,3.183095e-05,0
LA_D_9469645,0,0.00019894814,0
LA_D_9473113,0,0.0027413901,0
LA_D_9551852,0,0.39371574,0
LA_D_9560177,0,0.00094493,0
LA_D_9600169,0,0.00052648387,0
LA_D_9698818,0,0.0016917702,0
LA_D_9732268,0,0.0022185969,0
LA_D_9777627,0,0.00015819544,0
LA_D_9795514,0,0.000826332,0
LA_D_9819790,0,0.0002279594,0
LA_D_9900338,0,0.009537595,0
LA_D_9950933,0,0.0007278406,0
LA_D_9987872,0,0.00023034151,0
LA_D_1053530,0,0.004257238,0
LA_D_1054239,0,0.0549104,0
LA_D_1060354,0,8.7223336e-05,0
LA_D_1064949,0,0.00015855486,0
LA_D_1066396,0,0.00021094539,0
LA_D_1152601,0,0.00012282674,0
LA_D_1181336,0,0.0035678141,0
LA_D_1183162,0,0.0002789728,0
LA_D_1190139,0,0.00057937595,0
LA_D_1216436,0,0.00026058342,0
LA_D_1287631,0,0.000120553384,0
LA_D_1290431,0,0.0003177556,0
LA_D_1302934,0,0.00011245992,0
LA_D_1304734,0,0.0002870549,0
LA_D_1354501,0,0.002309328,0
LA_D_1414919,0,0.00013502946,0
LA_D_1433873,0,0.00013464605,0
LA_D_1434551,0,0.00087829685,0
LA_D_1442792,0,0.0002787973,0
LA_D_1475296,0,2.9233766e-05,0
LA_D_1481205,0,0.00037252172,0
LA_D_1499350,0,0.00046616726,0
LA_D_1511574,0,0.0057794135,0
LA_D_1520617,0,0.0001875206,0
LA_D_1677598,0,0.00044764666,0
LA_D_1678096,0,0.00023606513,0
LA_D_1683892,0,5.4534536e-05,0
LA_D_1684010,0,0.0014226414,0
LA_D_1702527,0,0.00032401792,0
LA_D_1703167,0,0.003247752,0
LA_D_1746170,0,6.474106e-05,0
LA_D_1778772,0,0.0018104032,0
LA_D_1783942,0,0.0007838842,0
LA_D_1841439,0,0.00044375448,0
LA_D_1842165,0,3.645621e-05,0
LA_D_1850987,0,0.00017364642,0
LA_D_1866244,0,8.377095e-05,0
LA_D_1870030,0,0.00010417985,0
LA_D_1870684,0,3.976474e-05,0
LA_D_1874896,0,6.848352e-05,0
LA_D_1889615,0,0.013817342,0
LA_D_1922892,0,0.0021227219,0
LA_D_1930356,0,4.2515858e-05,0
LA_D_1945994,0,0.011560933,0
LA_D_1994320,0,8.127691e-05,0
LA_D_2051517,0,0.00013862926,0
LA_D_2058787,0,0.00032511208,0
LA_D_2062974,0,2.774702e-05,0
LA_D_2073559,0,8.787083e-05,0
LA_D_2124468,0,0.00029898487,0
LA_D_2176634,0,0.00018965555,0
LA_D_2211657,0,0.000663883,0
LA_D_2236885,0,0.00013287902,0
LA_D_2243169,0,5.32671e-05,0
LA_D_2254543,0,2.3703338e-05,0
LA_D_2289906,0,0.0006655735,0
LA_D_2327560,0,0.00056182325,0
LA_D_2340770,0,0.00015380184,0
LA_D_2342254,0,0.001887298,0
LA_D_2352948,0,0.00018973966,0
LA_D_2382959,0,0.0065844296,0
LA_D_2396760,0,0.001857113,0
LA_D_2412575,0,0.00026892245,0
LA_D_2442523,0,5.154268e-05,0
LA_D_2447524,0,0.0005841406,0
LA_D_2448121,0,6.661081e-05,0
LA_D_2465807,0,0.00012066829,0
LA_D_2471375,0,0.0003656484,0
LA_D_2471995,0,0.00049823994,0
LA_D_2507973,0,6.401573e-05,0
LA_D_2508763,0,8.259579e-05,0
LA_D_2515908,0,0.0116437115,0
LA_D_2537525,0,0.00011444069,0
LA_D_2541811,0,0.00021013919,0
LA_D_2590744,0,0.00037614454,0
LA_D_2592823,0,0.00013111091,0
LA_D_2613646,0,0.00020077718,0
LA_D_2625096,0,0.0028467728,0
LA_D_2628079,0,0.0013769023,0
LA_D_2643003,0,0.00010108395,0
LA_D_2661411,0,0.0044350196,0
LA_D_2690518,0,0.00023538525,0
LA_D_2743059,0,0.00016662385,0
LA_D_2761966,0,0.00023292037,0
LA_D_2769521,0,0.00024695345,0
LA_D_2776056,0,0.00012165343,0
LA_D_2783850,0,2.6712873e-05,0
LA_D_2786535,0,3.3608743e-05,0
LA_D_2809588,0,7.1947754e-05,0
LA_D_2812689,0,0.00028885418,0
LA_D_2832394,0,5.9498223e-05,0
LA_D_2874107,0,0.0003852546,0
LA_D_2907952,0,0.0008075533,0
LA_D_2933402,0,0.00051238365,0
LA_D_2943221,0,0.0004909035,0
LA_D_2963867,0,7.14417e-05,0
LA_D_2964992,0,0.00012221187,0
LA_D_3050700,0,8.606858e-05,0
LA_D_3059648,0,0.00017227481,0
LA_D_3106011,0,0.00014573564,0
LA_D_3109309,0,3.7969658e-05,0
LA_D_3138080,0,0.00011464603,0
LA_D_3152954,0,0.0016391737,0
LA_D_3163751,0,0.00013019932,0
LA_D_3165659,0,0.00020215547,0
LA_D_3174960,0,6.106135e-05,0
LA_D_3198699,0,0.0005433681,0
LA_D_3225529,0,0.0010626864,0
LA_D_3244699,0,0.0015605022,0
LA_D_3251211,0,0.00062805606,0
LA_D_3295441,0,0.00045966683,0
LA_D_3307287,0,0.0034041293,0
LA_D_3355874,0,9.217505e-05,0
LA_D_3375546,0,0.0002205216,0
LA_D_3379000,0,0.008164195,0
LA_D_3411825,0,0.0010378171,0
LA_D_3417657,0,0.00018519642,0
LA_D_3501342,0,0.0063199885,0
LA_D_3508441,0,0.0001760483,0
LA_D_3545477,0,0.007482047,0
LA_D_3545859,0,0.00018696912,0
LA_D_3555810,0,0.004207319,0
LA_D_3573085,0,0.07361682,0
LA_D_3578253,0,0.004362245,0
LA_D_3589383,0,0.0028704694,0
LA_D_3613644,0,0.0012533505,0
LA_D_3664298,0,0.00032537905,0
LA_D_3671795,0,9.089616e-06,0
LA_D_3674440,0,0.000112656664,0
LA_D_3688837,0,0.0032620202,0
LA_D_3709912,0,0.0005027029,0
LA_D_3712672,0,0.00045075428,0
LA_D_3732490,0,0.00026154693,0
LA_D_3759608,0,0.0017399405,0
LA_D_3782739,0,7.022426e-05,0
LA_D_3789724,0,0.00020780462,0
LA_D_3790568,0,0.00015900345,0
LA_D_3828014,0,9.079745e-05,0
LA_D_3868258,0,0.00064346177,0
LA_D_3896851,0,0.00052846654,0
LA_D_3903402,0,8.5874366e-05,0
LA_D_3931288,0,0.00039814023,0
LA_D_3937097,0,0.0007099062,0
LA_D_3958057,0,0.0011602324,0
LA_D_3969914,0,0.0013277649,0
LA_D_3970673,0,9.558712e-05,0
LA_D_4005134,0,4.511041e-05,0
LA_D_4011113,0,9.479713e-05,0
LA_D_4020788,0,0.002166692,0
LA_D_4024701,0,3.4654142e-05,0
LA_D_4064599,0,0.0044562463,0
LA_D_4083446,0,0.036826797,0
LA_D_4099396,0,0.00024911587,0
LA_D_4108558,0,0.00021177526,0
LA_D_4157946,0,0.0015473806,0
LA_D_4158625,0,0.0030299246,0
LA_D_4174255,0,0.000109795816,0
LA_D_4232791,0,8.5068365e-05,0
LA_D_4256903,0,0.00014189884,0
LA_D_4261339,0,0.0011531223,0
LA_D_4319137,0,0.002111774,0
LA_D_4339384,0,0.0013466829,0
LA_D_4363125,0,2.748173e-05,0
LA_D_4412539,0,5.8865015e-05,0
LA_D_4416737,0,0.00021572346,0
LA_D_4429476,0,0.0027597975,0
LA_D_4434827,0,0.0002855879,0
LA_D_4437561,0,0.0014792967,0
LA_D_4438405,0,9.854523e-05,0
LA_D_4475454,0,0.00026711533,0
LA_D_4484594,0,0.0003756382,0
LA_D_4540896,0,0.000100021556,0
LA_D_4583096,0,0.00012711246,0
LA_D_4593675,0,0.00034095452,0
LA_D_4603798,0,0.00052996725,0
LA_D_4665366,0,0.000119622186,0
LA_D_4715249,0,0.0011991205,0
LA_D_4721344,0,4.3840933e-05,0
LA_D_4757865,0,0.0014739857,0
LA_D_4768822,0,4.0033177e-05,0
LA_D_4774710,0,0.00057242304,0
LA_D_4786059,0,9.265427e-05,0
LA_D_4789511,0,6.0202055e-05,0
LA_D_4804270,0,0.0007355248,0
LA_D_4838177,0,6.610136e-05,0
LA_D_4868564,0,0.0051878374,0
LA_D_4891582,0,0.00012492336,0
LA_D_4912137,0,0.00030990443,0
LA_D_4928308,0,0.000106634274,0
LA_D_4933001,0,0.0003167312,0
LA_D_4947818,0,8.601164e-05,0
LA_D_4985773,0,0.0012675299,0
LA_D_4986753,0,8.5320215e-05,0
LA_D_4999216,0,0.0021116713,0
LA_D_5028641,0,0.0036537065,0
LA_D_5040114,0,9.264534e-05,0
LA_D_5051597,0,0.0010320309,0
LA_D_5051913,0,3.1825246e-05,0
LA_D_5067087,0,0.00015759803,0
LA_D_5077584,0,6.382603e-05,0
LA_D_5133384,0,0.0009956241,0
LA_D_5167234,0,0.0034176123,0
LA_D_5189187,0,0.010919258,0
LA_D_5322570,0,0.00017644356,0
LA_D_5341323,0,0.00053230464,0
LA_D_5345453,0,0.00045704618,0
LA_D_5419620,0,0.0003197753,0
LA_D_5442437,0,0.00012940408,0
LA_D_5458288,0,0.00091313734,0
LA_D_5476324,0,0.00018198809,0
LA_D_5493977,0,0.00018214592,0
LA_D_5510010,0,0.003029786,0
LA_D_5512449,0,0.0004760369,0
LA_D_5519425,0,3.904202e-05,0
LA_D_5592740,0,0.0003059746,0
LA_D_5609165,0,0.0001761346,0
LA_D_5646610,0,0.0664742,0
LA_D_5742661,0,0.007074432,0
LA_D_5800896,0,0.0542946,0
LA_D_5803007,0,0.000100817,0
LA_D_5805679,0,7.46532e-05,0
LA_D_5834907,0,0.0016647697,0
LA_D_5849476,0,0.0015776656,0
LA_D_5850460,0,8.901749e-05,0
LA_D_5863016,0,0.0003736116,0
LA_D_5876621,0,9.146459e-05,0
LA_D_5889397,0,0.00085448404,0
LA_D_5915454,0,0.0006121435,0
LA_D_5917934,0,0.0025802266,0
LA_D_5958463,0,9.7983575e-05,0
LA_D_6052126,0,0.00045199692,0
LA_D_6078362,0,0.0001917011,0
LA_D_6088761,0,0.000108105516,0
LA_D_6095686,0,0.0066230902,0
LA_D_6166673,0,0.00012437695,0
LA_D_6171374,0,0.00030275655,0
LA_D_6181747,0,9.2700575e-05,0
LA_D_6188980,0,9.0197354e-05,0
LA_D_6203299,0,0.0005351117,0
LA_D_6215452,0,0.0005522365,0
LA_D_6222475,0,0.0014368643,0
LA_D_6235468,0,9.547735e-05,0
LA_D_6244693,0,0.00038567057,0
LA_D_6293152,0,0.00019141124,0
LA_D_6293545,0,0.0007477486,0
LA_D_6332738,0,0.00016701994,0
LA_D_6343657,0,0.07691738,0
LA_D_6350034,0,0.00030988964,0
LA_D_6363274,0,0.008284297,0
LA_D_6369227,0,0.00036074527,0
LA_D_6379069,0,0.00010253581,0
LA_D_6401566,0,8.592114e-05,0
LA_D_6405087,0,0.0009904456,0
LA_D_6439502,0,0.00013036106,0
LA_D_6446521,0,8.4448606e-05,0
LA_D_6486723,0,0.00072864693,0
LA_D_6489536,0,0.0021625534,0
LA_D_6497583,0,1.7112698e-05,0
LA_D_6542740,0,4.79962e-05,0
LA_D_6575341,0,0.00013058141,0
LA_D_6575610,0,0.00014090863,0
LA_D_6576940,0,8.233691e-05,0
LA_D_6577591,0,0.00011815016,0
LA_D_6609902,0,0.000120341836,0
LA_D_6624176,0,0.011098334,0
LA_D_6648419,0,0.000108274915,0
LA_D_6653711,0,0.00055125885,0
LA_D_6666840,0,2.6242296e-05,0
LA_D_6726447,0,8.028246e-05,0
LA_D_6754774,0,0.0014867563,0
LA_D_6762250,0,0.00096723845,0
LA_D_6762877,0,0.0003104234,0
LA_D_6789571,0,0.00045401894,0
LA_D_6806823,0,0.000648537,0
LA_D_6825223,0,0.0018142506,0
LA_D_6844450,0,4.045221e-05,0
LA_D_6852390,0,4.9552662e-05,0
LA_D_6858810,0,0.00024210167,0
LA_D_6898133,0,0.00038904566,0
LA_D_6898383,0,0.020858305,0
LA_D_6935294,0,0.0010307704,0
LA_D_6945696,0,4.1136143e-05,0
LA_D_6951006,0,0.00025288784,0
LA_D_7035543,0,8.0790865e-05,0
LA_D_7049162,0,0.002527496,0
LA_D_7053354,0,0.0014507793,0
LA_D_7091196,0,5.6107117e-05,0
LA_D_7094041,0,0.000976697,0
LA_D_7205018,0,0.00011263313,0
LA_D_7211753,0,0.00016973607,0
LA_D_7212590,0,0.000112831585,0
LA_D_7248069,0,0.0005193279,0
LA_D_7254050,0,3.680729e-05,0
LA_D_7281159,0,0.036668,0
LA_D_7283308,0,0.00016335079,0
LA_D_7298541,0,0.00020336588,0
LA_D_7300764,0,0.000102510785,0
LA_D_7318854,0,0.00034865993,0
LA_D_7326976,0,4.09868e-05,0
LA_D_7331566,0,0.000105002866,0
LA_D_7339440,0,9.5478084e-05,0
LA_D_7373710,0,0.00016587705,0
LA_D_7399269,0,0.00015744512,0
LA_D_7421536,0,7.405244e-05,0
LA_D_7428865,0,0.0009277853,0
LA_D_7451358,0,0.00018761738,0
LA_D_7516190,0,0.00029355637,0
LA_D_7529258,0,5.068767e-05,0
LA_D_7541122,0,0.0002541157,0
LA_D_7585893,0,0.00013097147,0
LA_D_7605675,0,0.004355497,0
LA_D_7647923,0,7.434736e-05,0
LA_D_7684667,0,0.00018211185,0
LA_D_7738912,0,0.0004125851,0
LA_D_7757173,0,0.00034622685,0
LA_D_7771073,0,0.0013257904,0
LA_D_7800026,0,0.00014186137,0
LA_D_7828929,0,0.0012334972,0
LA_D_7836755,0,0.00013062797,0
LA_D_7906477,0,5.4978853e-05,0
LA_D_7912198,0,9.5894335e-05,0
LA_D_7990767,0,0.0007861842,0
LA_D_7995508,0,0.0008032653,0
LA_D_8002591,0,0.000594052,0
LA_D_8025687,0,0.00089898333,0
LA_D_8027836,0,0.0001489221,0
LA_D_8048204,0,0.00039070446,0
LA_D_8073022,0,4.074098e-05,0
LA_D_8077226,0,3.407456e-05,0
LA_D_8097725,0,0.12755276,0
LA_D_8106755,0,0.00038605623,0
LA_D_8116371,0,0.0003519098,0
LA_D_8123213,0,0.00087210495,0
LA_D_8165556,0,8.537377e-06,0
LA_D_8184153,0,0.012031037,0
LA_D_8213309,0,3.927144e-05,0
LA_D_8214776,0,0.0011163907,0
LA_D_8221856,0,0.00013703479,0
LA_D_8243419,0,8.694008e-05,0
LA_D_8262652,0,0.00012280239,0
LA_D_8346348,0,0.07374987,0
LA_D_8364730,0,0.0008178475,0
LA_D_8412543,0,8.8245004e-05,0
LA_D_8424157,0,0.00023687432,0
LA_D_8467523,0,0.00045636596,0
LA_D_8472714,0,0.0017467771,0
LA_D_8481340,0,0.00010123588,0
LA_D_8504805,0,8.758966e-05,0
LA_D_8514801,0,9.469033e-05,0
LA_D_8542121,0,4.525087e-05,0
LA_D_8543293,0,0.0004966515,0
LA_D_8586128,0,6.4568434e-05,0
LA_D_8614773,0,0.09737966,0
LA_D_8617115,0,0.00017748431,0
LA_D_8629908,0,0.00011653646,0
LA_D_8656237,0,0.00051328924,0
LA_D_8667202,0,0.0002790978,0
LA_D_8667308,0,0.0041907565,0
LA_D_8689583,0,6.485668e-05,0
LA_D_8718165,0,0.0020523516,0
LA_D_8719230,0,4.3488744e-05,0
LA_D_8737709,0,0.00072981,0
LA_D_8758724,0,0.00023445304,0
LA_D_8791449,0,0.004687837,0
LA_D_8874300,0,0.00017855437,0
LA_D_8916939,0,0.00024776167,0
LA_D_8930518,0,0.00018238903,0
LA_D_8974858,0,0.00020070867,0
LA_D_8979245,0,0.00047238954,0
LA_D_8992743,0,0.00018021485,0
LA_D_9008937,0,0.00041456852,0
LA_D_9067610,0,0.0030902429,0
LA_D_9095874,0,0.0011555402,0
LA_D_9122016,0,9.7681776e-05,0
LA_D_9131105,0,0.000108016284,0
LA_D_9140619,0,0.00029737866,0
LA_D_9144289,0,0.00017310503,0
LA_D_9146864,0,0.0029151954,0
LA_D_9147825,0,7.854305e-05,0
LA_D_9151278,0,8.539135e-05,0
LA_D_9163803,0,5.2059586e-05,0
LA_D_9178334,0,0.0015772044,0
LA_D_9206035,0,0.00020125175,0
LA_D_9254481,0,0.0011960702,0
LA_D_9298303,0,0.0005549825,0
LA_D_9361389,0,0.0008218137,0
LA_D_9363937,0,0.0012187834,0
LA_D_9376184,0,2.7398357e-05,0
LA_D_9378704,0,0.0008106226,0
LA_D_9424845,0,5.6473047e-05,0
LA_D_9429971,0,0.0021535123,0
LA_D_9456525,0,0.021336524,0
LA_D_9457668,0,0.0007021932,0
LA_D_9502718,0,0.00018090039,0
LA_D_9560631,0,5.3597738e-05,0
LA_D_9563138,0,0.0024218098,0
LA_D_9568708,0,0.00088011933,0
LA_D_9596640,0,0.00014132279,0
LA_D_9643751,0,0.00044743266,0
LA_D_9646445,0,8.975283e-05,0
LA_D_9652293,0,9.594154e-05,0
LA_D_9657295,0,0.00065192307,0
LA_D_9662796,0,0.0010580437,0
LA_D_9663907,0,0.000113074144,0
LA_D_9670204,0,5.910858e-05,0
LA_D_9701877,0,0.0014077183,0
LA_D_9708825,0,0.0018403077,0
LA_D_9718892,0,0.00017189134,0
LA_D_9774959,0,0.00014165725,0
LA_D_9813759,0,9.6732685e-05,0
LA_D_9910047,0,0.0003275256,0
LA_D_9929271,0,0.0009082889,0
LA_D_9937573,0,0.00022499182,0
LA_D_9967058,0,0.00011480061,0
LA_D_1035911,0,0.0066498034,0
LA_D_1092890,0,0.0001929225,0
LA_D_1099657,0,0.0045823976,0
LA_D_1123562,0,0.0011811019,0
LA_D_1210958,0,0.0025141896,0
LA_D_1242157,0,0.000325215,0
LA_D_1252608,0,0.0066616256,0
LA_D_1371588,0,0.2958598,0
LA_D_1459300,0,0.06593371,0
LA_D_1504502,0,0.0012336505,0
LA_D_1538546,0,0.0011095089,0
LA_D_1555842,0,7.5613476e-05,0
LA_D_1581342,0,0.00021130109,0
LA_D_1596779,0,0.0012295305,0
LA_D_1601789,0,0.00029181817,0
LA_D_1611108,0,0.0051850495,0
LA_D_1638692,0,0.3449981,0
LA_D_1778690,0,0.124632366,0
LA_D_1783574,0,0.002338214,0
LA_D_1799143,0,0.0065375143,0
LA_D_1813906,0,0.41663954,0
LA_D_1838534,0,0.0017954577,0
LA_D_1858381,0,0.0009276638,0
LA_D_1966794,0,0.0031392288,0
LA_D_1971987,0,0.8976914,1
LA_D_1985278,0,0.0009697893,0
LA_D_2002767,0,0.00012438894,0
LA_D_2026077,0,0.001715863,0
LA_D_2047498,0,0.00039133738,0
LA_D_2059452,0,0.023543427,0
LA_D_2097600,0,0.044761006,0
LA_D_2106652,0,0.008655181,0
LA_D_2118778,0,0.0017992225,0
LA_D_2128440,0,0.27589622,0
LA_D_2140164,0,0.003116137,0
LA_D_2140638,0,0.0054498874,0
LA_D_2145419,0,0.060312852,0
LA_D_2159690,0,0.0026874205,0
LA_D_2160169,0,0.0069193486,0
LA_D_2173667,0,0.0003172543,0
LA_D_2270073,0,0.024556428,0
LA_D_2306860,0,0.0013798703,0
LA_D_2329756,0,0.00041954752,0
LA_D_2388211,0,0.000835495,0
LA_D_2412061,0,0.3982995,0
LA_D_2444360,0,0.0034042846,0
LA_D_2492831,0,0.43015662,0
LA_D_2532665,0,0.002263932,0
LA_D_2541982,0,0.00153375,0
LA_D_2545730,0,0.00043781305,0
LA_D_2573565,0,0.004693242,0
LA_D_2581733,0,0.008255791,0
LA_D_2616799,0,0.016671965,0
LA_D_2626312,0,0.0019806102,0
LA_D_2628592,0,0.9587912,1
LA_D_2661690,0,0.0023133813,0
LA_D_2686014,0,0.0011843268,0
LA_D_2700899,0,0.005133607,0
LA_D_2706710,0,0.03887253,0
LA_D_2849994,0,0.02313651,0
LA_D_2861324,0,0.00088351883,0
LA_D_2863900,0,0.024311678,0
LA_D_2874104,0,0.0020939063,0
LA_D_2888561,0,0.00027247862,0
LA_D_2893126,0,0.00012765835,0
LA_D_2929910,0,0.00081527204,0
LA_D_3003454,0,0.0584782,0
LA_D_3014451,0,0.0020268604,0
LA_D_3078486,0,0.00026350524,0
LA_D_3112339,0,0.0017308043,0
LA_D_3124216,0,0.038271643,0
LA_D_3150054,0,0.00017010077,0
LA_D_3151652,0,0.6153711,1
LA_D_3176978,0,0.0030393852,0
LA_D_3179951,0,0.004609544,0
LA_D_3198381,0,0.053602148,0
LA_D_3199021,0,0.0007299084,0
LA_D_3226074,0,0.00052448834,0
LA_D_3276105,0,0.064660884,0
LA_D_3319403,0,0.00025627142,0
LA_D_3331849,0,0.002451001,0
LA_D_3368030,0,0.0058225365,0
LA_D_3412324,0,0.008268352,0
LA_D_3425732,0,0.036891036,0
LA_D_3495492,0,0.0023133052,0
LA_D_3548300,0,0.037304945,0
LA_D_3574020,0,0.06468798,0
LA_D_3589247,0,0.0014106391,0
LA_D_3610743,0,0.0047512343,0
LA_D_3635351,0,0.00065457996,0
LA_D_3663843,0,0.000593752,0
LA_D_3668631,0,0.0006464087,0
LA_D_3707499,0,0.9056822,1
LA_D_3759918,0,0.0015900955,0
LA_D_3768185,0,0.0031442419,0
LA_D_3794629,0,0.3039609,0
LA_D_3807326,0,0.09380123,0
LA_D_3825329,0,0.00054380443,0
LA_D_3862795,0,0.004639183,0
LA_D_3902856,0,0.0005174557,0
LA_D_3908047,0,0.043877885,0
LA_D_3935443,0,0.00034534704,0
LA_D_3942708,0,0.0005902464,0
LA_D_3960353,0,0.006685225,0
LA_D_4003135,0,0.0054252734,0
LA_D_4027041,0,0.021432444,0
LA_D_4074277,0,0.0005212253,0
LA_D_4091821,0,0.01215172,0
LA_D_4123108,0,0.02833514,0
LA_D_4127746,0,0.08225812,0
LA_D_4154332,0,0.00032219806,0
LA_D_4164238,0,0.0005307387,0
LA_D_4171570,0,0.00032646285,0
LA_D_4183063,0,0.03692748,0
LA_D_4206038,0,0.0068365796,0
LA_D_4210738,0,0.0013150846,0
LA_D_4258858,0,0.11442785,0
LA_D_4320182,0,0.0017123211,0
LA_D_4372323,0,0.63598204,1
LA_D_4399431,0,0.0034194752,0
LA_D_4413908,0,0.0003151784,0
LA_D_4459406,0,0.0040682536,0
LA_D_4490548,0,0.8238315,1
LA_D_4512980,0,0.006137118,0
LA_D_4527422,0,0.0007371032,0
LA_D_4542234,0,0.16217674,0
LA_D_4542657,0,0.08552277,0
LA_D_4548556,0,0.000953044,0
LA_D_4601520,0,0.00073573476,0
LA_D_4610422,0,0.3747307,0
LA_D_4668049,0,0.00223153,0
LA_D_4700200,0,0.009130856,0
LA_D_4736721,0,0.00044447082,0
LA_D_4766470,0,0.0125341695,0
LA_D_4773088,0,0.009763271,0
LA_D_4791058,0,4.666256e-05,0
LA_D_4802794,0,0.009869557,0
LA_D_4828615,0,0.0016252224,0
LA_D_4852037,0,0.3643728,0
LA_D_4898740,0,0.0004757076,0
LA_D_4964309,0,0.00027106827,0
LA_D_5048362,0,0.00020004952,0
LA_D_5269881,0,0.00019816776,0
LA_D_5384145,0,0.07754935,0
LA_D_5428590,0,0.014560646,0
LA_D_5430038,0,0.0126839485,0
LA_D_5433599,0,0.00017072588,0
LA_D_5453267,0,0.0014258573,0
LA_D_5455243,0,0.0010695487,0
LA_D_5471746,0,0.01439731,0
LA_D_5506813,0,0.00047382477,0
LA_D_5510532,0,0.00061763934,0
LA_D_5518780,0,0.0003547969,0
LA_D_5546624,0,0.99105364,1
LA_D_5580783,0,0.0056483513,0
LA_D_5614245,0,0.0009619293,0
LA_D_5623014,0,0.021060009,0
LA_D_5685369,0,0.016474448,0
LA_D_5714169,0,0.0026121382,0
LA_D_5716855,0,0.015867468,0
LA_D_5765948,0,0.09685908,0
LA_D_5812356,0,0.105068535,0
LA_D_5875987,0,0.0006037902,0
LA_D_5901105,0,0.00041910078,0
LA_D_5912421,0,0.0021784822,0
LA_D_6051475,0,0.009833649,0
LA_D_6070172,0,0.012011249,0
LA_D_6071593,0,0.00082729635,0
LA_D_6084753,0,0.0025615396,0
LA_D_6143239,0,0.0005206671,0
LA_D_6143596,0,0.0001717945,0
LA_D_6177458,0,6.362768e-05,0
LA_D_6220807,0,0.003364239,0
LA_D_6251984,0,0.0033472613,0
LA_D_6284910,0,0.00065856404,0
LA_D_6303671,0,0.038533367,0
LA_D_6317931,0,0.03834684,0
LA_D_6325916,0,0.00070885895,0
LA_D_6333127,0,0.06575801,0
LA_D_6337308,0,0.014987798,0
LA_D_6352712,0,0.0070318603,0
LA_D_6354373,0,0.62554234,1
LA_D_6411228,0,0.3019925,0
LA_D_6413013,0,0.015600436,0
LA_D_6445749,0,0.0005641222,0
LA_D_6462905,0,0.01646318,0
LA_D_6469029,0,0.0689628,0
LA_D_6475497,0,8.445714e-05,0
LA_D_6520436,0,0.0006356845,0
LA_D_6525320,0,0.0010666506,0
LA_D_6568052,0,0.0033438744,0
LA_D_6602571,0,0.00072189665,0
LA_D_6619464,0,0.0004231197,0
LA_D_6623727,0,0.0060029207,0
LA_D_6663132,0,0.00030981284,0
LA_D_6666039,0,0.025990665,0
LA_D_6672152,0,0.0016818934,0
LA_D_6677818,0,0.7443407,1
LA_D_6695450,0,0.10893349,0
LA_D_6710142,0,0.0007775179,0
LA_D_6928395,0,0.07980092,0
LA_D_6954164,0,0.0006887987,0
LA_D_6956269,0,0.06061918,0
LA_D_7052154,0,0.0014158181,0
LA_D_7080978,0,0.00027133952,0
LA_D_7090148,0,0.4669102,0
LA_D_7191759,0,0.008073428,0
LA_D_7289423,0,0.0033218546,0
LA_D_7306507,0,0.03088474,0
LA_D_7352908,0,0.3099371,0
LA_D_7367873,0,0.033895157,0
LA_D_7380699,0,0.00039397442,0
LA_D_7383133,0,0.21753827,0
LA_D_7412100,0,0.044263273,0
LA_D_7430270,0,0.003687248,0
LA_D_7476328,0,0.0038564734,0
LA_D_7481545,0,0.00080273126,0
LA_D_7486320,0,0.0045591188,0
LA_D_7537886,0,0.0007263612,0
LA_D_7550680,0,0.48449755,0
LA_D_7613584,0,0.043611597,0
LA_D_7616866,0,0.012982205,0
LA_D_7635942,0,0.0011322297,0
LA_D_7661318,0,0.0027775855,0
LA_D_7661904,0,0.0010044082,0
LA_D_7664602,0,0.004832805,0
LA_D_7689936,0,0.005752989,0
LA_D_7750113,0,0.0013011693,0
LA_D_7764747,0,0.0059067914,0
LA_D_7813172,0,0.0688958,0
LA_D_7878130,0,0.006125893,0
LA_D_7905314,0,0.0002544347,0
LA_D_7937424,0,0.59506,1
LA_D_7979297,0,0.009569839,0
LA_D_8002427,0,0.42652708,0
LA_D_8030349,0,0.0006927998,0
LA_D_8075963,0,0.99883837,1
LA_D_8091175,0,0.0152465375,0
LA_D_8103595,0,0.0046074786,0
LA_D_8116629,0,0.0015925651,0
LA_D_8127049,0,0.009760298,0
LA_D_8182095,0,0.16794795,0
LA_D_8228250,0,0.0007839855,0
LA_D_8233626,0,0.008295187,0
LA_D_8238983,0,0.0021293447,0
LA_D_8242715,0,0.33503893,0
LA_D_8250953,0,0.0016987053,0
LA_D_8328358,0,0.0013806334,0
LA_D_8362861,0,0.0011458189,0
LA_D_8366884,0,0.0007381633,0
LA_D_8373517,0,0.00012552374,0
LA_D_8407555,0,0.42992434,0
LA_D_8491201,0,0.0020052744,0
LA_D_8497674,0,0.0016714487,0
LA_D_8501026,0,0.00025009876,0
LA_D_8503023,0,0.0307897,0
LA_D_8576937,0,0.3569747,0
LA_D_8588899,0,0.004446338,0
LA_D_8605221,0,0.042308245,0
LA_D_8609217,0,0.014977319,0
LA_D_8652135,0,0.00043748325,0
LA_D_8728622,0,0.0075848033,0
LA_D_8733004,0,0.002504473,0
LA_D_8744543,0,0.0013266142,0
LA_D_8780884,0,0.019727403,0
LA_D_8798580,0,0.0065428903,0
LA_D_8805955,0,0.005190439,0
LA_D_8863596,0,0.0072322465,0
LA_D_8880043,0,0.012155418,0
LA_D_8922428,0,0.0041840216,0
LA_D_8991753,0,0.009440289,0
LA_D_9039340,0,0.010135343,0
LA_D_9051356,0,0.08724252,0
LA_D_9072602,0,0.00013773145,0
LA_D_9109666,0,0.00022848816,0
LA_D_9112845,0,0.002775271,0
LA_D_9134485,0,0.00017625657,0
LA_D_9173760,0,0.018148948,0
LA_D_9191160,0,0.00023440117,0
LA_D_9207502,0,0.24524304,0
LA_D_9219265,0,0.013292386,0
LA_D_9264205,0,0.0007565384,0
LA_D_9264408,0,0.047513776,0
LA_D_9314069,0,0.001727563,0
LA_D_9351540,0,0.0020633002,0
LA_D_9362624,0,0.009661041,0
LA_D_9369162,0,0.0027107825,0
LA_D_9429683,0,0.010665726,0
LA_D_9457616,0,6.546152e-05,0
LA_D_9504862,0,0.010442839,0
LA_D_9529199,0,0.41897774,0
LA_D_9549420,0,7.878745e-05,0
LA_D_9597218,0,0.0056411754,0
LA_D_9623958,0,0.05634972,0
LA_D_9649342,0,0.32030132,0
LA_D_9658574,0,0.0009866994,0
LA_D_9689602,0,0.00077570404,0
LA_D_9708909,0,0.00025920692,0
LA_D_9722220,0,0.00084013806,0
LA_D_9728978,0,0.00034098947,0
LA_D_9902912,0,0.05185177,0
LA_D_9903321,0,0.00084278884,0
LA_D_9912829,0,0.00086941913,0
LA_D_9924653,0,0.46637383,0
LA_D_9928428,0,0.0015699959,0
LA_D_9930304,0,0.24375713,0
LA_D_9965502,0,0.0018814236,0
LA_D_9977384,0,0.0015891418,0
LA_D_1013783,0,0.97056985,1
LA_D_1050286,0,0.8508235,1
LA_D_1063236,0,0.46792236,0
LA_D_1074980,0,0.55910087,1
LA_D_1075455,0,0.96928036,1
LA_D_1136051,0,0.9150321,1
LA_D_1138581,0,0.9485876,1
LA_D_1141794,0,0.0019318212,0
LA_D_1153840,0,0.55165845,1
LA_D_1159197,0,0.004031639,0
LA_D_1217312,0,0.9702266,1
LA_D_1249114,0,0.66907185,1
LA_D_1303621,0,0.99518126,1
LA_D_1321608,0,0.5285513,1
LA_D_1350597,0,0.9476519,1
LA_D_1363364,0,0.94235206,1
LA_D_1378776,0,0.08615307,0
LA_D_1416969,0,0.20332256,0
LA_D_1424372,0,0.060469825,0
LA_D_1433061,0,0.94082886,1
LA_D_1451466,0,0.0020463285,0
LA_D_1482068,0,0.9849317,1
LA_D_1483761,0,0.9856369,1
LA_D_1484758,0,0.0074567394,0
LA_D_1485960,0,0.99549645,1
LA_D_1566398,0,0.9645135,1
LA_D_1574269,0,0.3228493,0
LA_D_1577587,0,0.0036050824,0
LA_D_1588604,0,0.0004855396,0
LA_D_1751728,0,0.02900141,0
LA_D_1764443,0,0.0024826524,0
LA_D_1771272,0,0.0004838126,0
LA_D_1836354,0,0.18909709,0
LA_D_1841254,0,0.75065225,1
LA_D_1846916,0,0.0016229346,0
LA_D_1860158,0,0.30655444,0
LA_D_1863131,0,0.014164608,0
LA_D_1889595,0,0.00022614526,0
LA_D_1897056,0,0.6124218,1
LA_D_1897326,0,0.9912136,1
LA_D_1899250,0,0.9484974,1
LA_D_1915163,0,0.047110762,0
LA_D_2004905,0,0.12776546,0
LA_D_2022501,0,0.2833683,0
LA_D_2028337,0,0.96991986,1
LA_D_2028395,0,0.0075740754,0
LA_D_2035624,0,0.23412459,0
LA_D_2085166,0,0.015576656,0
LA_D_2101566,0,0.08106651,0
LA_D_2111647,0,0.645313,1
LA_D_2111682,0,0.015759025,0
LA_D_2151951,0,0.9714688,1
LA_D_2222489,0,0.99469095,1
LA_D_2226134,0,0.2846787,0
LA_D_2238363,0,0.25309256,0
LA_D_2245059,0,0.0054848352,0
LA_D_2278186,0,0.9706533,1
LA_D_2281493,0,0.61324376,1
LA_D_2295451,0,0.3725084,0
LA_D_2322141,0,0.007547827,0
LA_D_2345402,0,0.10942981,0
LA_D_2349125,0,0.003677761,0
LA_D_2350784,0,0.88573086,1
LA_D_2361610,0,0.23178744,0
LA_D_2397533,0,0.6601199,1
LA_D_2402189,0,0.9043347,1
LA_D_2405339,0,0.8847559,1
LA_D_2475221,0,0.94574726,1
LA_D_2500876,0,0.87213874,1
LA_D_2542296,0,0.087359145,0
LA_D_2549631,0,0.63531214,1
LA_D_2562850,0,0.89092094,1
LA_D_2579907,0,0.9808632,1
LA_D_2583710,0,0.026674634,0
LA_D_2696634,0,0.016887072,0
LA_D_2724805,0,0.015114827,0
LA_D_2728628,0,0.2860094,0
LA_D_2753362,0,0.05275387,0
LA_D_2766494,0,0.0021740631,0
LA_D_2789277,0,0.0032284188,0
LA_D_2800479,0,0.8803415,1
LA_D_2808846,0,0.94396144,1
LA_D_2824576,0,0.043441705,0
LA_D_2854806,0,0.89502215,1
LA_D_2888854,0,0.8103426,1
LA_D_2890608,0,0.09131803,0
LA_D_2906326,0,0.892557,1
LA_D_2919741,0,0.013940212,0
LA_D_2956834,0,0.9558528,1
LA_D_2957996,0,0.00032451627,0
LA_D_2966463,0,0.5249205,1
LA_D_2977245,0,0.8406324,1
LA_D_2983374,0,0.9503494,1
LA_D_3006014,0,0.14902088,0
LA_D_3013009,0,0.00030247524,0
LA_D_3020621,0,0.88441676,1
LA_D_3030929,0,0.06264315,0
LA_D_3034938,0,0.003961418,0
LA_D_3039122,0,0.00039841817,0
LA_D_3057445,0,0.34818506,0
LA_D_3070334,0,0.015967773,0
LA_D_3082988,0,0.08709034,0
LA_D_3089498,0,0.15687935,0
LA_D_3113960,0,0.50940967,1
LA_D_3119853,0,0.9929616,1
LA_D_3122174,0,0.7728974,1
LA_D_3150169,0,0.10113794,0
LA_D_3204366,0,0.0027680064,0
LA_D_3228176,0,0.14831872,0
LA_D_3246218,0,0.8962674,1
LA_D_3257808,0,0.023323158,0
LA_D_3301231,0,0.9573618,1
LA_D_3307902,0,0.04860519,0
LA_D_3313777,0,0.016750215,0
LA_D_3335716,0,0.94495505,1
LA_D_3413905,0,0.8331186,1
LA_D_3427278,0,0.9350026,1
LA_D_3435957,0,0.08396978,0
LA_D_3443410,0,0.7320573,1
LA_D_3487340,0,0.0009197088,0
LA_D_3492096,0,0.298629,0
LA_D_3524386,0,0.0028896153,0
LA_D_3539811,0,0.9028072,1
LA_D_3544844,0,0.24592125,0
LA_D_3556561,0,0.015172859,0
LA_D_3630229,0,0.9543656,1
LA_D_3675685,0,0.039538108,0
LA_D_3676923,0,0.02272259,0
LA_D_3690604,0,0.2077839,0
LA_D_3694037,0,0.17485653,0
LA_D_3736974,0,0.8420445,1
LA_D_3740186,0,0.84045196,1
LA_D_3750938,0,0.002283483,0
LA_D_3763099,0,0.004850236,0
LA_D_3768058,0,0.015998852,0
LA_D_3779051,0,0.74771523,1
LA_D_3784534,0,0.0021239694,0
LA_D_3830921,0,0.45630094,0
LA_D_3866941,0,0.9515074,1
LA_D_3913882,0,0.87784916,1
LA_D_3914448,0,0.9397398,1
LA_D_3984579,0,0.7315362,1
LA_D_4031294,0,0.07968357,0
LA_D_4033330,0,0.31775373,0
LA_D_4043035,0,0.8150155,1
LA_D_4067852,0,0.95295256,1
LA_D_4081483,0,0.3825879,0
LA_D_4108953,0,0.0027512976,0
LA_D_4140711,0,0.0010373628,0
LA_D_4140724,0,0.65429455,1
LA_D_4169547,0,0.9262531,1
LA_D_4179863,0,0.9982874,1
LA_D_4184441,0,0.27979636,0
LA_D_4236528,0,0.04332483,0
LA_D_4256065,0,0.004485171,0
LA_D_4270306,0,0.003669201,0
LA_D_4343772,0,0.60683125,1
LA_D_4344989,0,0.731887,1
LA_D_4350243,0,0.23815647,0
LA_D_4368585,0,0.3547941,0
LA_D_4375763,0,0.015917167,0
LA_D_4376066,0,0.079406634,0
LA_D_4384335,0,0.94074225,1
LA_D_4391860,0,0.008969936,0
LA_D_4415743,0,0.048997156,0
LA_D_4446874,0,0.99250203,1
LA_D_4472623,0,0.9835356,1
LA_D_4511424,0,0.012995273,0
LA_D_4526867,0,0.63358414,1
LA_D_4541749,0,0.03259145,0
LA_D_4602617,0,0.023995118,0
LA_D_4683194,0,0.42345116,0
LA_D_4685405,0,0.9897327,1
LA_D_4686116,0,0.9964908,1
LA_D_4719420,0,0.9659611,1
LA_D_4720930,0,0.019640254,0
LA_D_4721136,0,0.16795915,0
LA_D_4789758,0,0.9204878,1
LA_D_4796345,0,0.07753914,0
LA_D_4851657,0,0.06913619,0
LA_D_4854280,0,0.020630876,0
LA_D_4871022,0,0.92499006,1
LA_D_4893461,0,0.034991715,0
LA_D_4932083,0,0.28560907,0
LA_D_4949629,0,0.020981546,0
LA_D_4961527,0,0.051506296,0
LA_D_4965816,0,0.16785365,0
LA_D_4987822,0,0.0036299783,0
LA_D_5005646,0,0.9695775,1
LA_D_5014370,0,0.029237371,0
LA_D_5023844,0,0.0020610206,0
LA_D_5047683,0,0.9955376,1
LA_D_5054607,0,0.0044427174,0
LA_D_5076674,0,0.23916677,0
LA_D_5079558,0,0.82302004,1
LA_D_5100382,0,0.8291867,1
LA_D_5149214,0,0.8423585,1
LA_D_5155418,0,0.807157,1
LA_D_5157129,0,0.9033316,1
LA_D_5173528,0,0.8243671,1
LA_D_5189947,0,0.9380749,1
LA_D_5199048,0,0.023813464,0
LA_D_5277162,0,0.0028150855,0
LA_D_5279500,0,0.5314772,1
LA_D_5282843,0,0.1927328,0
LA_D_5306498,0,0.019553514,0
LA_D_5339390,0,0.017453087,0
LA_D_5358232,0,0.9555258,1
LA_D_5385507,0,0.9322683,1
LA_D_5392108,0,0.9324958,1
LA_D_5396335,0,0.7366418,1
LA_D_5401230,0,0.59303045,1
LA_D_5402646,0,0.8441676,1
LA_D_5412347,0,0.9468124,1
LA_D_5427830,0,0.9493263,1
LA_D_5429622,0,0.47903425,0
LA_D_5453395,0,0.9953417,1
LA_D_5465575,0,0.004421702,0
LA_D_5466886,0,0.50749475,1
LA_D_5483705,0,0.51083004,1
LA_D_5567932,0,0.7685507,1
LA_D_5583898,0,0.26281333,0
LA_D_5597126,0,0.05957762,0
LA_D_5624856,0,0.43481368,0
LA_D_5633647,0,0.28799567,0
LA_D_5654371,0,0.7219678,1
LA_D_5712604,0,0.31314275,0
LA_D_5727251,0,0.47835207,0
LA_D_5754462,0,0.32110676,0
LA_D_5782359,0,0.4569313,0
LA_D_5847069,0,0.9930969,1
LA_D_5874196,0,0.86627656,1
LA_D_5893651,0,0.004169949,0
LA_D_5903262,0,0.931356,1
LA_D_5905554,0,0.9532035,1
LA_D_5922375,0,0.8900769,1
LA_D_5957373,0,0.038832307,0
LA_D_5966088,0,0.046098996,0
LA_D_5981705,0,0.0009666857,0
LA_D_5992495,0,0.0028902048,0
LA_D_6004323,0,0.7981318,1
LA_D_6116293,0,0.95798105,1
LA_D_6250024,0,0.8481078,1
LA_D_6270673,0,0.9292513,1
LA_D_6287077,0,0.008820693,0
LA_D_6338424,0,0.9393617,1
LA_D_6338534,0,0.45204908,0
LA_D_6343112,0,0.0062404373,0
LA_D_6361258,0,0.9532007,1
LA_D_6413397,0,0.0006202432,0
LA_D_6419157,0,0.44688496,0
LA_D_6444033,0,0.93831736,1
LA_D_6495207,0,0.106317624,0
LA_D_6506104,0,0.006763678,0
LA_D_6506991,0,0.022009354,0
LA_D_6516523,0,0.09416466,0
LA_D_6522419,0,0.058236267,0
LA_D_6532972,0,0.31404346,0
LA_D_6574060,0,0.12755415,0
LA_D_6604093,0,0.9975186,1
LA_D_6644343,0,0.011136791,0
LA_D_6676522,0,0.92257434,1
LA_D_6706248,0,0.086891115,0
LA_D_6736452,0,0.002657296,0
LA_D_6759403,0,0.67942864,1
LA_D_6767768,0,0.003288891,0
LA_D_6776653,0,0.0018131385,0
LA_D_6804587,0,0.012244348,0
LA_D_6813990,0,0.98252594,1
LA_D_6828209,0,0.15497775,0
LA_D_6903783,0,0.020883374,0
LA_D_6908815,0,0.56655765,1
LA_D_6920360,0,0.023270752,0
LA_D_6936936,0,0.005199685,0
LA_D_6963143,0,0.99714404,1
LA_D_7023105,0,0.96909696,1
LA_D_7038318,0,0.0032285324,0
LA_D_7063172,0,0.0027918096,0
LA_D_7076522,0,0.54931784,1
LA_D_7096314,0,0.36741188,0
LA_D_7097009,0,0.59885514,1
LA_D_7165792,0,0.24069333,0
LA_D_7173210,0,0.9695099,1
LA_D_7175689,0,0.7911842,1
LA_D_7189804,0,0.12132297,0
LA_D_7194931,0,0.94561476,1
LA_D_7205609,0,0.7852475,1
LA_D_7244876,0,0.09950443,0
LA_D_7281015,0,0.15542808,0
LA_D_7302765,0,0.014679233,0
LA_D_7313906,0,0.9258791,1
LA_D_7343331,0,0.88448435,1
LA_D_7346604,0,0.0012926168,0
LA_D_7395983,0,0.55204713,1
LA_D_7454687,0,0.06778898,0
LA_D_7459319,0,0.9171362,1
LA_D_7464280,0,0.40813816,0
LA_D_7467996,0,0.015001201,0
LA_D_7536394,0,0.32760948,0
LA_D_7558312,0,0.14566977,0
LA_D_7567281,0,0.9906198,1
LA_D_7611530,0,0.97961307,1
LA_D_7614935,0,0.07130655,0
LA_D_7632057,0,0.16987357,0
LA_D_7764203,0,0.0007906341,0
LA_D_7775116,0,0.49366078,0
LA_D_7803538,0,0.07649337,0
LA_D_7810535,0,0.0009648974,0
LA_D_7824549,0,0.7727794,1
LA_D_7858791,0,0.8427125,1
LA_D_7901168,0,0.3964267,0
LA_D_7912035,0,0.709966,1
LA_D_7920014,0,0.10869266,0
LA_D_7996866,0,0.38145956,0
LA_D_8014808,0,0.6942025,1
LA_D_8046608,0,0.97102475,1
LA_D_8051595,0,0.10762504,0
LA_D_8052749,0,0.6399219,1
LA_D_8094886,0,0.09369013,0
LA_D_8106710,0,0.0282048,0
LA_D_8108942,0,0.6678219,1
LA_D_8137767,0,0.3211816,0
LA_D_8171758,0,0.17315942,0
LA_D_8203772,0,0.20282778,0
LA_D_8248087,0,0.14408545,0
LA_D_8286400,0,0.16782923,0
LA_D_8318742,0,0.013503605,0
LA_D_8341752,0,0.083964296,0
LA_D_8361609,0,0.24504724,0
LA_D_8375726,0,0.9946319,1
LA_D_8408532,0,0.009813417,0
LA_D_8432686,0,0.8618337,1
LA_D_8441935,0,0.8789929,1
LA_D_8463046,0,0.83119756,1
LA_D_8468652,0,0.9911959,1
LA_D_8524946,0,0.9632245,1
LA_D_8525388,0,0.1656526,0
LA_D_8529541,0,0.9628396,1
LA_D_8534416,0,0.9745402,1
LA_D_8545409,0,0.5027517,1
LA_D_8550381,0,0.67956734,1
LA_D_8563620,0,0.008460395,0
LA_D_8568773,0,0.04788874,0
LA_D_8569313,0,0.0010563462,0
LA_D_8638488,0,0.92235625,1
LA_D_8641456,0,0.95208776,1
LA_D_8653634,0,0.016646156,0
LA_D_8659185,0,0.3685824,0
LA_D_8660630,0,0.08982066,0
LA_D_8715386,0,0.9809961,1
LA_D_8753814,0,0.8592442,1
LA_D_8764151,0,0.00042656105,0
LA_D_8764848,0,0.026121559,0
LA_D_8830433,0,0.18391095,0
LA_D_8870926,0,0.23286211,0
LA_D_8871612,0,0.13082132,0
LA_D_8891307,0,0.0065940465,0
LA_D_8894641,0,0.8693889,1
LA_D_8911365,0,0.04918253,0
LA_D_8923789,0,0.13482554,0
LA_D_8934893,0,0.9886235,1
LA_D_8951313,0,0.001703131,0
LA_D_8954954,0,0.2810081,0
LA_D_8964132,0,0.040367357,0
LA_D_8992776,0,0.92542416,1
LA_D_8992901,0,0.7184769,1
LA_D_9040314,0,0.08328996,0
LA_D_9053193,0,0.0005398037,0
LA_D_9055271,0,0.106683455,0
LA_D_9135528,0,0.003756436,0
LA_D_9149883,0,0.03952864,0
LA_D_9165269,0,0.010483238,0
LA_D_9216190,0,0.95767045,1
LA_D_9241694,0,0.015423944,0
LA_D_9242631,0,0.06769629,0
LA_D_9297479,0,0.99689734,1
LA_D_9314884,0,0.9344636,1
LA_D_9320180,0,0.023291165,0
LA_D_9321479,0,0.04349167,0
LA_D_9351920,0,0.9852719,1
LA_D_9360287,0,0.004121625,0
LA_D_9370304,0,0.44200715,0
LA_D_9436692,0,0.37273556,0
LA_D_9437172,0,0.57926184,1
LA_D_9455460,0,0.17627162,0
LA_D_9469817,0,0.68747205,1
LA_D_9486895,0,0.8649663,1
LA_D_9492715,0,0.97697437,1
LA_D_9537226,0,0.0066858325,0
LA_D_9550638,0,0.0015323916,0
LA_D_9552029,0,0.77180874,1
LA_D_9571982,0,0.95535195,1
LA_D_9582754,0,0.720855,1
LA_D_9587443,0,0.15376711,0
LA_D_9625091,0,0.8113369,1
LA_D_9634003,0,0.8739673,1
LA_D_9642534,0,0.88592213,1
LA_D_9650472,0,0.65488124,1
LA_D_9655429,0,0.8894389,1
LA_D_9661949,0,0.0007233139,0
LA_D_9674319,0,0.9060387,1
LA_D_9695420,0,0.0010750372,0
LA_D_9729864,0,0.00044001758,0
LA_D_9732908,0,0.12845574,0
LA_D_9747140,0,0.0004012775,0
LA_D_9770193,0,0.0053761364,0
LA_D_9783307,0,0.9959041,1
LA_D_9798074,0,0.010088762,0
LA_D_9803207,0,0.98708177,1
LA_D_9890472,0,0.00047421694,0
LA_D_9893649,0,0.072540656,0
LA_D_9902676,0,0.83104986,1
LA_D_9960293,0,0.44727707,0
LA_D_9979102,0,0.02574443,0
LA_D_1056202,0,0.00017461157,0
LA_D_1077826,0,0.000997618,0
LA_D_1143649,0,0.0005822856,0
LA_D_1163845,0,0.00043926408,0
LA_D_1185056,0,8.441704e-05,0
LA_D_1207487,0,0.00086837925,0
LA_D_1209127,0,0.0003609541,0
LA_D_1214613,0,0.00039522446,0
LA_D_1220081,0,0.59667724,1
LA_D_1238000,0,0.00028347145,0
LA_D_1313161,0,0.00010139055,0
LA_D_1314331,0,0.0026011197,0
LA_D_1317619,0,0.0046766126,0
LA_D_1335126,0,0.00012714423,0
LA_D_1385720,0,0.0002148156,0
LA_D_1427144,0,0.006243073,0
LA_D_1435382,0,0.0010569199,0
LA_D_1442569,0,0.00030355947,0
LA_D_1450818,0,0.016758338,0
LA_D_1489643,0,0.024308601,0
LA_D_1507114,0,0.00018565524,0
LA_D_1522817,0,0.00038070645,0
LA_D_1538153,0,0.0002771753,0
LA_D_1565624,0,0.00033883745,0
LA_D_1601173,0,0.00086411205,0
LA_D_1608618,0,0.0012299862,0
LA_D_1627318,0,0.0028270844,0
LA_D_1638331,0,0.006075181,0
LA_D_1640462,0,0.0002636613,0
LA_D_1654430,0,0.0027896622,0
LA_D_1685935,0,0.002773052,0
LA_D_1719910,0,0.0005356835,0
LA_D_1756196,0,0.755189,1
LA_D_1782822,0,0.00041827062,0
LA_D_1793582,0,0.011068678,0
LA_D_1793717,0,0.0007473294,0
LA_D_1796893,0,0.000691911,0
LA_D_1826419,0,0.0010611599,0
LA_D_1828942,0,0.00024377891,0
LA_D_1829194,0,0.07191993,0
LA_D_1863027,0,0.00035830497,0
LA_D_1869109,0,0.00018758659,0
LA_D_1901107,0,0.006963617,0
LA_D_1913471,0,0.006320205,0
LA_D_1950952,0,0.0013131909,0
LA_D_1984022,0,0.0033933532,0
LA_D_1986070,0,0.0012951574,0
LA_D_1988135,0,0.010428603,0
LA_D_1993571,0,0.0033523042,0
LA_D_2053458,0,0.018985132,0
LA_D_2055941,0,0.0012842952,0
LA_D_2068861,0,0.0001544018,0
LA_D_2141182,0,0.0005738958,0
LA_D_2143569,0,0.01218015,0
LA_D_2169320,0,0.0008499713,0
LA_D_2218413,0,0.00020497385,0
LA_D_2222169,0,0.0015996768,0
LA_D_2239802,0,0.0006043585,0
LA_D_2270021,0,0.00040562236,0
LA_D_2281134,0,0.0006769219,0
LA_D_2321687,0,0.003734634,0
LA_D_2367856,0,0.00028049055,0
LA_D_2374395,0,0.0002728777,0
LA_D_2377649,0,0.0002475971,0
LA_D_2397878,0,0.0002434022,0
LA_D_2405764,0,0.003977305,0
LA_D_2405818,0,0.009193042,0
LA_D_2421406,0,0.60352373,1
LA_D_2434952,0,0.00017884455,0
LA_D_2461796,0,0.00014818621,0
LA_D_2501091,0,0.00023078709,0
LA_D_2532436,0,0.04506529,0
LA_D_2533090,0,0.00023206204,0
LA_D_2534017,0,0.00020306672,0
LA_D_2536135,0,0.00042382634,0
LA_D_2599334,0,5.0992046e-05,0
LA_D_2607786,0,0.0010373307,0
LA_D_2687013,0,0.0028686926,0
LA_D_2689559,0,0.05946203,0
LA_D_2716141,0,0.001765088,0
LA_D_2723030,0,4.690996e-05,0
LA_D_2795179,0,0.00045171133,0
LA_D_2806176,0,0.008648457,0
LA_D_2814064,0,0.0013145544,0
LA_D_2843787,0,0.00033563655,0
LA_D_2862944,0,0.0011987187,0
LA_D_2871885,0,0.00015495339,0
LA_D_2904925,0,0.062703535,0
LA_D_2914361,0,0.0005735847,0
LA_D_2927188,0,0.014031511,0
LA_D_2930504,0,0.00041879746,0
LA_D_2949126,0,0.0005333463,0
LA_D_2974020,0,6.707465e-05,0
LA_D_2978468,0,0.00054772274,0
LA_D_3013510,0,0.00019079607,0
LA_D_3017070,0,0.004181811,0
LA_D_3035824,0,0.0014391883,0
LA_D_3059591,0,0.00018959028,0
LA_D_3107673,0,0.22307347,0
LA_D_3197582,0,0.0015100173,0
LA_D_3223665,0,0.0014149178,0
LA_D_3250242,0,0.019996213,0
LA_D_3312420,0,0.001628597,0
LA_D_3338235,0,0.0020824207,0
LA_D_3342204,0,0.0058802906,0
LA_D_3346384,0,0.00026397748,0
LA_D_3380579,0,0.073826365,0
LA_D_3413972,0,0.057864945,0
LA_D_3466262,0,0.031312022,0
LA_D_3498825,0,0.0002359533,0
LA_D_3503442,0,0.009367998,0
LA_D_3617923,0,9.6883705e-05,0
LA_D_3617996,0,0.0005299935,0
LA_D_3639430,0,0.865701,1
LA_D_3650016,0,0.00033054326,0
LA_D_3655341,0,0.00046935107,0
LA_D_3667139,0,0.038593475,0
LA_D_3670090,0,0.00043197355,0
LA_D_3689557,0,0.0005908138,0
LA_D_3705919,0,0.00049890694,0
LA_D_3709416,0,0.0262371,0
LA_D_3714292,0,0.000253943,0
LA_D_3740108,0,0.0017232972,0
LA_D_3747537,0,0.000667097,0
LA_D_3753878,0,0.00052385806,0
LA_D_3783086,0,0.004596082,0
LA_D_3789898,0,0.00019280774,0
LA_D_3835818,0,0.075921714,0
LA_D_3852028,0,0.00025710987,0
LA_D_3872897,0,0.000875388,0
LA_D_3873657,0,0.00035201063,0
LA_D_3884600,0,0.00025309288,0
LA_D_3894755,0,0.00024951238,0
LA_D_3905143,0,0.0006013024,0
LA_D_3909059,0,0.001038681,0
LA_D_3960577,0,0.041852668,0
LA_D_3974637,0,0.004530098,0
LA_D_3984798,0,0.00026020876,0
LA_D_4016544,0,0.00030616982,0
LA_D_4017582,0,0.0042512165,0
LA_D_4018037,0,0.0019615234,0
LA_D_4063699,0,0.0013534706,0
LA_D_4069330,0,0.0019529318,0
LA_D_4086358,0,0.0003484928,0
LA_D_4086832,0,0.0011167289,0
LA_D_4098613,0,0.00029211858,0
LA_D_4099040,0,0.018622024,0
LA_D_4109140,0,0.00032745255,0
LA_D_4125842,0,0.0006192839,0
LA_D_4141301,0,0.0007255424,0
LA_D_4172528,0,0.00029362048,0
LA_D_4173790,0,0.0031996928,0
LA_D_4175322,0,0.00061827456,0
LA_D_4176638,0,0.0014329173,0
LA_D_4216210,0,0.0005937721,0
LA_D_4234720,0,0.0046862974,0
LA_D_4234795,0,0.0009493026,0
LA_D_4268211,0,0.00038622777,0
LA_D_4278292,0,0.00092772476,0
LA_D_4291323,0,0.01928723,0
LA_D_4312100,0,0.0011322799,0
LA_D_4313841,0,0.012501762,0
LA_D_4350258,0,0.00023355235,0
LA_D_4374905,0,0.0010588137,0
LA_D_4414319,0,0.0002834255,0
LA_D_4417722,0,0.17960386,0
LA_D_4418278,0,0.0034795941,0
LA_D_4421512,0,0.0010781813,0
LA_D_4433016,0,0.0011185511,0
LA_D_4465057,0,0.0015806096,0
LA_D_4513571,0,5.9183476e-05,0
LA_D_4513970,0,0.000225779,0
LA_D_4568645,0,0.00035363034,0
LA_D_4611194,0,0.0006123431,0
LA_D_4625868,0,0.0015475751,0
LA_D_4704169,0,0.017049106,0
LA_D_4707821,0,0.0026982208,0
LA_D_4751764,0,0.0067198602,0
LA_D_4786119,0,0.001939121,0
LA_D_4793960,0,0.0013775313,0
LA_D_4799630,0,0.00063891953,0
LA_D_4812073,0,0.0016278195,0
LA_D_4836563,0,0.0002575996,0
LA_D_4864823,0,0.00015244208,0
LA_D_4893034,0,0.0012821344,0
LA_D_4945642,0,0.0005622947,0
LA_D_4952686,0,0.004716865,0
LA_D_4955149,0,0.0006403999,0
LA_D_4977984,0,0.0003759617,0
LA_D_4998273,0,0.00012385148,0
LA_D_5004890,0,0.47495008,0
LA_D_5014481,0,0.0026869143,0
LA_D_5015131,0,0.0016844044,0
LA_D_5023923,0,0.0014903353,0
LA_D_5027993,0,0.0056261923,0
LA_D_5061055,0,0.0010240518,0
LA_D_5081541,0,0.007882305,0
LA_D_5084936,0,0.008497978,0
LA_D_5088115,0,0.00023183269,0
LA_D_5124245,0,0.0005768819,0
LA_D_5156318,0,0.012361759,0
LA_D_5169505,0,0.013240086,0
LA_D_5172679,0,0.0045336387,0
LA_D_5178188,0,0.00072148436,0
LA_D_5203599,0,0.00031139833,0
LA_D_5223993,0,0.0004329543,0
LA_D_5224423,0,0.00026627572,0
LA_D_5229531,0,0.00017082145,0
LA_D_5265219,0,0.0056175133,0
LA_D_5266670,0,0.0017544249,0
LA_D_5273134,0,0.0013246073,0
LA_D_5290031,0,0.00026396767,0
LA_D_5296920,0,0.0066237026,0
LA_D_5308438,0,6.412375e-05,0
LA_D_5353143,0,0.0006064768,0
LA_D_5396018,0,0.0005774989,0
LA_D_5416192,0,0.011984191,0
LA_D_5448308,0,0.0010631907,0
LA_D_5477783,0,0.00011732688,0
LA_D_5488567,0,0.0002732828,0
LA_D_5575383,0,0.0007552026,0
LA_D_5593598,0,0.013506584,0
LA_D_5604381,0,0.34870765,0
LA_D_5637838,0,0.00058488623,0
LA_D_5639643,0,0.00054849207,0
LA_D_5659407,0,0.0001552489,0
LA_D_5666850,0,0.0011356805,0
LA_D_5669850,0,0.012228384,0
LA_D_5681373,0,0.00043369763,0
LA_D_5727455,0,0.0004205828,0
LA_D_5751493,0,0.00026690197,0
LA_D_5772283,0,0.0012905145,0
LA_D_5783216,0,0.0064610466,0
LA_D_5801266,0,0.0023334469,0
LA_D_5855316,0,0.00095607893,0
LA_D_5857092,0,0.0005175911,0
LA_D_5906128,0,0.07161682,0
LA_D_5929366,0,0.00031726822,0
LA_D_5985371,0,0.00030676555,0
LA_D_6012767,0,0.0029061686,0
LA_D_6024856,0,0.013906608,0
LA_D_6048939,0,0.0034295795,0
LA_D_6126066,0,0.0021653138,0
LA_D_6153760,0,0.0011727515,0
LA_D_6175359,0,0.0002623601,0
LA_D_6179396,0,0.13068366,0
LA_D_6204285,0,0.00028329153,0
LA_D_6204583,0,0.0007697549,0
LA_D_6217295,0,0.09544506,0
LA_D_6243272,0,0.00022838927,0
LA_D_6279251,0,0.0011517995,0
LA_D_6333987,0,0.0017667103,0
LA_D_6392042,0,0.024084894,0
LA_D_6395470,0,0.00036066462,0
LA_D_6407386,0,0.00011955057,0
LA_D_6410203,0,0.00069301506,0
LA_D_6417317,0,0.0003025915,0
LA_D_6442403,0,0.0009708378,0
LA_D_6447267,0,0.0015082555,0
LA_D_6463109,0,0.00034348477,0
LA_D_6467494,0,0.00054255384,0
LA_D_6521379,0,0.20173967,0
LA_D_6538074,0,0.0013257052,0
LA_D_6558756,0,0.095593564,0
LA_D_6636382,0,0.12606624,0
LA_D_6672353,0,0.00036126858,0
LA_D_6712765,0,0.0011343063,0
LA_D_6867509,0,0.0002742083,0
LA_D_6903149,0,0.0008001298,0
LA_D_6927439,0,0.026501114,0
LA_D_6937778,0,0.0004884022,0
LA_D_6963030,0,0.00020870869,0
LA_D_6987656,0,0.0002683275,0
LA_D_7015806,0,0.00023850625,0
LA_D_7050207,0,0.0018866408,0
LA_D_7082425,0,0.00013676326,0
LA_D_7094589,0,0.00014608097,0
LA_D_7112212,0,0.027184447,0
LA_D_7114724,0,0.0014134356,0
LA_D_7123806,0,0.0010884649,0
LA_D_7135800,0,0.00029237155,0
LA_D_7149179,0,0.00014368423,0
LA_D_7189798,0,0.0011582115,0
LA_D_7194545,0,0.073225796,0
LA_D_7208672,0,0.00029198296,0
LA_D_7209965,0,0.01949885,0
LA_D_7227539,0,0.06649916,0
LA_D_7259561,0,0.0024679594,0
LA_D_7263661,0,0.00025591685,0
LA_D_7311292,0,0.0004247795,0
LA_D_7333091,0,0.42853335,0
LA_D_7379319,0,0.12463954,0
LA_D_7438591,0,0.8737662,1
LA_D_7463107,0,0.0009343152,0
LA_D_7465910,0,0.0002945339,0
LA_D_7466470,0,0.0031381575,0
LA_D_7470557,0,0.0020532687,0
LA_D_7472147,0,0.0011327222,0
LA_D_7517169,0,0.00036348004,0
LA_D_7527533,0,0.0013585511,0
LA_D_7529689,0,0.00025507595,0
LA_D_7589265,0,0.005244162,0
LA_D_7654985,0,0.0011614161,0
LA_D_7655713,0,0.003084437,0
LA_D_7684818,0,0.0007955532,0
LA_D_7702354,0,0.6946466,1
LA_D_7730394,0,0.002803316,0
LA_D_7748559,0,0.0018199136,0
LA_D_7770239,0,0.0012519963,0
LA_D_7778080,0,0.0016217482,0
LA_D_7791744,0,0.0072980914,0
LA_D_7809292,0,0.00038457502,0
LA_D_7811959,0,0.00027038789,0
LA_D_7836019,0,0.03235838,0
LA_D_7895701,0,0.00043459158,0
LA_D_7896354,0,0.0015033273,0
LA_D_7907343,0,0.053190093,0
LA_D_7950260,0,0.00039330008,0
LA_D_7955585,0,0.8077556,1
LA_D_8014603,0,0.90618736,1
LA_D_8015183,0,0.0008239457,0
LA_D_8034132,0,0.0020662064,0
LA_D_8037125,0,0.0008323003,0
LA_D_8039974,0,0.00010509261,0
LA_D_8064491,0,0.004560458,0
LA_D_8100357,0,0.01176345,0
LA_D_8108933,0,0.0010210308,0
LA_D_8110574,0,0.00077428523,0
LA_D_8128686,0,0.0005132838,0
LA_D_8172936,0,0.00013762194,0
LA_D_8178518,0,0.0009640785,0
LA_D_8219863,0,0.0001363198,0
LA_D_8222669,0,0.0017150724,0
LA_D_8239471,0,0.0028020751,0
LA_D_8307879,0,0.0045130327,0
LA_D_8333653,0,0.014071557,0
LA_D_8350299,0,0.0013788759,0
LA_D_8379829,0,0.0002793752,0
LA_D_8391295,0,0.004183992,0
LA_D_8400463,0,0.00059316715,0
LA_D_8427416,0,0.00920606,0
LA_D_8456624,0,0.0008601525,0
LA_D_8478499,0,0.0007879249,0
LA_D_8519883,0,0.00048603295,0
LA_D_8551569,0,0.015835512,0
LA_D_8554608,0,0.00047865213,0
LA_D_8559630,0,0.00079452747,0
LA_D_8606521,0,0.00011452399,0
LA_D_8623490,0,0.00020097638,0
LA_D_8635534,0,0.00017934268,0
LA_D_8649051,0,0.0025936745,0
LA_D_8661001,0,0.0015222788,0
LA_D_8681294,0,0.54670525,1
LA_D_8703561,0,0.00044494538,0
LA_D_8716288,0,0.0013177978,0
LA_D_8718183,0,0.0095789945,0
LA_D_8767551,0,0.002131366,0
LA_D_8798373,0,0.0008528067,0
LA_D_8798382,0,0.0024048886,0
LA_D_8807350,0,0.0016813233,0
LA_D_8848037,0,0.010333384,0
LA_D_8851067,0,0.0020923226,0
LA_D_8862863,0,0.0013328055,0
LA_D_8907174,0,0.0010858031,0
LA_D_8915901,0,0.0004969103,0
LA_D_8917253,0,0.00065041473,0
LA_D_8965995,0,0.003942758,0
LA_D_8977156,0,0.00013815894,0
LA_D_8991757,0,0.0017453508,0
LA_D_9048163,0,0.0005609759,0
LA_D_9061308,0,0.0017640642,0
LA_D_9081161,0,0.04424734,0
LA_D_9147104,0,0.00026784083,0
LA_D_9150514,0,0.036695063,0
LA_D_9152923,0,0.04381243,0
LA_D_9156289,0,0.004801502,0
LA_D_9236386,0,0.0016408336,0
LA_D_9257965,0,0.0006110126,0
LA_D_9302308,0,0.9670716,1
LA_D_9316714,0,0.00036782373,0
LA_D_9339036,0,0.030642048,0
LA_D_9356354,0,0.00024879165,0
LA_D_9389955,0,0.93110704,1
LA_D_9395637,0,0.019940093,0
LA_D_9405663,0,0.0008786911,0
LA_D_9412084,0,0.0018265907,0
LA_D_9450434,0,0.06292935,0
LA_D_9454746,0,0.061067145,0
LA_D_9458104,0,0.023438768,0
LA_D_9483571,0,0.0049471688,0
LA_D_9484889,0,0.000558841,0
LA_D_9553903,0,0.00012998385,0
LA_D_9570497,0,0.0025974752,0
LA_D_9579892,0,0.002890305,0
LA_D_9645090,0,0.00018598638,0
LA_D_9645323,0,9.310109e-05,0
LA_D_9663208,0,0.00032867354,0
LA_D_9676744,0,0.0005368287,0
LA_D_9724615,0,0.0011077969,0
LA_D_9749712,0,0.0012875287,0
LA_D_9756382,0,0.1856725,0
LA_D_9764274,0,0.0017321346,0
LA_D_9781452,0,0.00065630936,0
LA_D_9798833,0,0.08558964,0
LA_D_9811562,0,0.00047359263,0
LA_D_9818402,0,0.0005437251,0
LA_D_9822388,0,0.00019463008,0
LA_D_9846692,0,0.0016501592,0
LA_D_9862810,0,0.008522879,0
LA_D_9901164,0,0.00075219723,0
LA_D_9903082,0,0.4472826,0
LA_D_9933229,0,0.0002786992,0
LA_D_9965150,0,0.0003919579,0
LA_D_9985730,0,0.00023493057,0
LA_D_1025927,0,0.00021038258,0
LA_D_1070779,0,0.00035568385,0
LA_D_1088370,0,0.0009613453,0
LA_D_1091308,0,0.000109648594,0
LA_D_1105378,0,0.00054047117,0
LA_D_1111626,0,0.0007369129,0
LA_D_1114144,0,0.002667453,0
LA_D_1150161,0,0.00033404474,0
LA_D_1165345,0,0.00026674173,0
LA_D_1168433,0,0.00015546267,0
LA_D_1195197,0,4.811219e-05,0
LA_D_1197810,0,0.00030773162,0
LA_D_1274077,0,8.036909e-05,0
LA_D_1296374,0,0.00020947144,0
LA_D_1354354,0,7.404729e-05,0
LA_D_1514602,0,0.00047295043,0
LA_D_1519429,0,0.0015416098,0
LA_D_1548278,0,0.00018766747,0
LA_D_1677846,0,9.828508e-05,0
LA_D_1683013,0,0.00018486986,0
LA_D_1725978,0,0.0019586168,0
LA_D_1776073,0,6.885664e-05,0
LA_D_1848103,0,9.520515e-05,0
LA_D_1886400,0,0.0006652181,0
LA_D_2016158,0,5.7578356e-05,0
LA_D_2064757,0,0.000105268635,0
LA_D_2101345,0,0.0017481211,0
LA_D_2115009,0,6.63312e-05,0
LA_D_2118489,0,0.00019356831,0
LA_D_2161752,0,7.748769e-05,0
LA_D_2177055,0,0.00586135,0
LA_D_2197132,0,0.0003652218,0
LA_D_2239594,0,6.1274965e-05,0
LA_D_2270025,0,0.00025329881,0
LA_D_2314822,0,0.1438084,0
LA_D_2325645,0,0.00025699026,0
LA_D_2350572,0,4.552876e-05,0
LA_D_2361735,0,0.00018533439,0
LA_D_2369381,0,0.00012730047,0
LA_D_2385054,0,0.00083980587,0
LA_D_2399485,0,6.799611e-05,0
LA_D_2430078,0,0.0007165686,0
LA_D_2444810,0,0.000116375544,0
LA_D_2449761,0,0.00025173317,0
LA_D_2473428,0,0.00016476243,0
LA_D_2482996,0,0.00015998787,0
LA_D_2494496,0,0.000133128,0
LA_D_2499979,0,0.0019372533,0
LA_D_2502418,0,0.00010941683,0
LA_D_2513024,0,2.0824038e-05,0
LA_D_2545209,0,0.0031449655,0
LA_D_2559493,0,0.00026483383,0
LA_D_2561400,0,0.00013027074,0
LA_D_2615945,0,5.9998998e-05,0
LA_D_2689404,0,0.00016981992,0
LA_D_2696306,0,0.00029582792,0
LA_D_2701856,0,0.00020569122,0
LA_D_2709995,0,0.05183305,0
LA_D_2715241,0,0.00049500325,0
LA_D_2738222,0,0.0012918628,0
LA_D_2757833,0,1.2672352e-05,0
LA_D_2837325,0,0.00151062,0
LA_D_2860670,0,0.000105375184,0
LA_D_2872772,0,0.3774922,0
LA_D_2990459,0,0.00020979728,0
LA_D_3051445,0,7.779288e-05,0
LA_D_3065174,0,9.921402e-05,0
LA_D_3085915,0,0.0027115673,0
LA_D_3087575,0,0.00041737562,0
LA_D_3087814,0,0.00022733645,0
LA_D_3146791,0,8.633277e-05,0
LA_D_3182064,0,7.1367e-05,0
LA_D_3184170,0,0.00050199305,0
LA_D_3188234,0,0.2433135,0
LA_D_3207833,0,0.0012581768,0
LA_D_3305165,0,0.00012959004,0
LA_D_3329999,0,0.00023580216,0
LA_D_3387937,0,0.0009781567,0
LA_D_3453232,0,0.000405847,0
LA_D_3529673,0,0.0002896048,0
LA_D_3554651,0,0.0006059562,0
LA_D_3555349,0,0.00030944977,0
LA_D_3580620,0,0.00018052374,0
LA_D_3666430,0,0.0033927828,0
LA_D_3689048,0,0.0005286497,0
LA_D_3694012,0,0.00026060105,0
LA_D_3725212,0,0.00039152618,0
LA_D_3738196,0,7.490735e-05,0
LA_D_3751233,0,6.155244e-05,0
LA_D_3775288,0,0.00024887087,0
LA_D_3792583,0,0.0021353674,0
LA_D_3795890,0,0.00011627428,0
LA_D_3813018,0,0.00030573693,0
LA_D_3862599,0,0.0013728883,0
LA_D_3884845,0,1.6173739e-05,0
LA_D_3921032,0,9.907532e-05,0
LA_D_3942424,0,0.00015209407,0
LA_D_3991910,0,0.00023866136,0
LA_D_4026006,0,0.00047174803,0
LA_D_4061704,0,0.00021648625,0
LA_D_4122895,0,0.00031324173,0
LA_D_4148951,0,0.00024792616,0
LA_D_4213958,0,0.0004244075,0
LA_D_4254213,0,5.5097047e-05,0
LA_D_4254629,0,0.00024026138,0
LA_D_4265541,0,0.0001490241,0
LA_D_4308561,0,7.59104e-05,0
LA_D_4309636,0,0.0012308958,0
LA_D_4338918,0,0.0005791655,0
LA_D_4344561,0,8.1807535e-05,0
LA_D_4388836,0,0.0012082021,0
LA_D_4397256,0,1.99123e-05,0
LA_D_4441414,0,0.013123439,0
LA_D_4442289,0,0.0008355854,0
LA_D_4530557,0,0.00041258585,0
LA_D_4543139,0,0.0009273342,0
LA_D_4547626,0,9.113689e-05,0
LA_D_4591057,0,0.0001779914,0
LA_D_4698607,0,0.0081942165,0
LA_D_4725187,0,0.00018896279,0
LA_D_4737267,0,2.8368942e-05,0
LA_D_4859938,0,9.4819545e-05,0
LA_D_4860228,0,0.0041122898,0
LA_D_4900313,0,0.00018389552,0
LA_D_4952907,0,0.00076321844,0
LA_D_4961829,0,0.00023823079,0
LA_D_4966175,0,0.0014003336,0
LA_D_4993211,0,0.00018310119,0
LA_D_5046909,0,0.0020330835,0
LA_D_5052184,0,0.0003896109,0
LA_D_5058489,0,0.044699315,0
LA_D_5076123,0,7.030373e-05,0
LA_D_5077681,0,0.00081945566,0
LA_D_5126998,0,0.0012382759,0
LA_D_5147912,0,0.0003134885,0
LA_D_5216508,0,0.00050588266,0
LA_D_5216823,0,0.00016719871,0
LA_D_5265768,0,0.0010821518,0
LA_D_5271956,0,0.00011239453,0
LA_D_5276027,0,5.7500605e-05,0
LA_D_5357932,0,0.00013459881,0
LA_D_5437115,0,3.817181e-05,0
LA_D_5456457,0,0.00010370378,0
LA_D_5485139,0,0.0040219487,0
LA_D_5486734,0,0.0001232517,0
LA_D_5498432,0,0.0009821245,0
LA_D_5502789,0,0.0009078645,0
LA_D_5548039,0,0.0002974901,0
LA_D_5553386,0,0.0013303815,0
LA_D_5607232,0,0.0004919891,0
LA_D_5683175,0,0.00026774078,0
LA_D_5704173,0,0.00028621292,0
LA_D_5751531,0,4.1610983e-05,0
LA_D_5849620,0,0.0008352105,0
LA_D_5853595,0,0.00040645647,0
LA_D_5858013,0,0.00081828865,0
LA_D_5918268,0,5.8455036e-05,0
LA_D_5918480,0,0.0037924103,0
LA_D_5934239,0,0.00024847066,0
LA_D_5940340,0,0.005876139,0
LA_D_5952895,0,8.0993974e-05,0
LA_D_5991891,0,0.00024960184,0
LA_D_6009636,0,0.008916657,0
LA_D_6035108,0,0.0022802665,0
LA_D_6087781,0,0.0052329157,0
LA_D_6124472,0,0.005998109,0
LA_D_6165551,0,0.00011169323,0
LA_D_6180201,0,0.008070369,0
LA_D_6253995,0,0.03259191,0
LA_D_6271904,0,5.163148e-05,0
LA_D_6322470,0,0.0025809223,0
LA_D_6363189,0,0.00019140082,0
LA_D_6365603,0,0.0009317696,0
LA_D_6379749,0,0.007129643,0
LA_D_6423611,0,4.6397658e-05,0
LA_D_6424276,0,0.036902014,0
LA_D_6435266,0,0.00019173126,0
LA_D_6463589,0,0.0027069396,0
LA_D_6474870,0,0.00043418718,0
LA_D_6606839,0,0.0002589641,0
LA_D_6633566,0,0.00012114524,0
LA_D_6642678,0,0.00014817393,0
LA_D_6666182,0,0.00019273219,0
LA_D_6707722,0,0.00078211067,0
LA_D_6813740,0,0.00033637715,0
LA_D_6859973,0,0.00011042222,0
LA_D_6948552,0,0.0020312557,0
LA_D_6962147,0,0.00042735436,0
LA_D_6978904,0,7.900623e-05,0
LA_D_7043976,0,7.801947e-05,0
LA_D_7067028,0,0.00011494904,0
LA_D_7100242,0,0.00011123566,0
LA_D_7120318,0,0.0025418387,0
LA_D_7135654,0,2.0266492e-05,0
LA_D_7170139,0,0.0005961535,0
LA_D_7189435,0,0.00010932964,0
LA_D_7193344,0,0.00023631126,0
LA_D_7228303,0,0.0006830788,0
LA_D_7256748,0,4.6527482e-05,0
LA_D_7298589,0,0.00079961715,0
LA_D_7299439,0,0.0024766051,0
LA_D_7325586,0,9.5296346e-05,0
LA_D_7355604,0,0.0009956582,0
LA_D_7360950,0,7.409447e-05,0
LA_D_7402503,0,0.00025192092,0
LA_D_7411256,0,0.00025282902,0
LA_D_7430939,0,5.2362255e-05,0
LA_D_7436720,0,0.0002516636,0
LA_D_7469397,0,0.00078791066,0
LA_D_7487831,0,0.000109307235,0
LA_D_7501132,0,0.0003510301,0
LA_D_7529532,0,0.00014341268,0
LA_D_7575803,0,0.00066200335,0
LA_D_7620039,0,0.000950021,0
LA_D_7628615,0,0.00012288439,0
LA_D_7652023,0,0.0004965052,0
LA_D_7664721,0,0.00158444,0
LA_D_7672778,0,0.00014571063,0
LA_D_7720647,0,0.00020251564,0
LA_D_7738175,0,0.00012419444,0
LA_D_7742793,0,0.006238217,0
LA_D_7794367,0,0.0013202714,0
LA_D_7794776,0,9.937584e-05,0
LA_D_7834454,0,0.0009135072,0
LA_D_7874436,0,0.0008502095,0
LA_D_7877117,0,8.506998e-06,0
LA_D_7882779,0,0.0011847562,0
LA_D_7901691,0,0.00013737823,0
LA_D_7957664,0,0.00033996,0
LA_D_7964973,0,0.0016246414,0
LA_D_7990145,0,0.0044374336,0
LA_D_8008446,0,0.00028325693,0
LA_D_8012683,0,5.101466e-05,0
LA_D_8022264,0,0.004929043,0
LA_D_8038151,0,2.2065258e-05,0
LA_D_8043094,0,0.00014350159,0
LA_D_8069736,0,0.0019985912,0
LA_D_8076952,0,0.0007879583,0
LA_D_8088423,0,5.785615e-05,0
LA_D_8113627,0,8.8570254e-05,0
LA_D_8126699,0,8.46928e-05,0
LA_D_8155157,0,0.043287642,0
LA_D_8229090,0,0.0028067545,0
LA_D_8259778,0,8.561566e-05,0
LA_D_8259798,0,0.00056200614,0
LA_D_8260717,0,0.0014669886,0
LA_D_8284400,0,0.00014411261,0
LA_D_8382417,0,0.0001988427,0
LA_D_8389167,0,0.000641431,0
LA_D_8407147,0,0.0009756073,0
LA_D_8407252,0,0.0002816466,0
LA_D_8440240,0,0.00024604137,0
LA_D_8459341,0,4.5806173e-05,0
LA_D_8470242,0,0.00023394592,0
LA_D_8486261,0,0.08651574,0
LA_D_8508542,0,0.0005488006,0
LA_D_8516649,0,0.001185447,0
LA_D_8537694,0,0.00021434504,0
LA_D_8557721,0,0.0007039493,0
LA_D_8576711,0,0.0003697736,0
LA_D_8609765,0,5.4783224e-05,0
LA_D_8668147,0,3.0715022e-05,0
LA_D_8713999,0,0.00059060205,0
LA_D_8724573,0,0.00049754727,0
LA_D_8791416,0,0.0011070753,0
LA_D_8840275,0,0.00127895,0
LA_D_8850840,0,0.0002078692,0
LA_D_8866986,0,0.00047684758,0
LA_D_8890967,0,0.00010800598,0
LA_D_8911190,0,0.00015491943,0
LA_D_9044209,0,0.00073954015,0
LA_D_9120091,0,0.0062149013,0
LA_D_9121380,0,0.00014885777,0
LA_D_9125336,0,0.0067634857,0
LA_D_9196227,0,0.00045132698,0
LA_D_9197432,0,0.00032257088,0
LA_D_9235322,0,0.004401519,0
LA_D_9238626,0,0.00016529368,0
LA_D_9288877,0,0.0033728709,0
LA_D_9304694,0,0.0010780761,0
LA_D_9326060,0,0.47493163,0
LA_D_9348134,0,0.25061744,0
LA_D_9372553,0,0.0012360553,0
LA_D_9399909,0,0.0028779225,0
LA_D_9419011,0,4.214601e-05,0
LA_D_9428145,0,0.00014320265,0
LA_D_9462541,0,6.0503055e-05,0
LA_D_9507060,0,0.00040813826,0
LA_D_9535689,0,0.37606382,0
LA_D_9538442,0,0.0009852255,0
LA_D_9553419,0,0.0005170462,0
LA_D_9642966,0,0.0026914633,0
LA_D_9660901,0,0.0003213924,0
LA_D_9731600,0,8.734977e-05,0
LA_D_9751873,0,0.00016558392,0
LA_D_9758752,0,0.000105618245,0
LA_D_9763964,0,0.00038547628,0
LA_D_9769587,0,0.0015804019,0
LA_D_9779377,0,0.0048577976,0
LA_D_9781045,0,0.0023663773,0
LA_D_9805942,0,0.0010704375,0
LA_D_9818011,0,0.0002693656,0
LA_D_9880830,0,0.00015063834,0
LA_D_9887916,0,6.6480774e-05,0
LA_D_9888937,0,0.00010441028,0
LA_D_9918902,0,0.0006579916,0
LA_D_9958640,0,0.43890193,0
LA_D_9978941,0,4.1123472e-05,0
LA_D_1005592,0,1.8255969e-05,0
LA_D_1017104,0,2.9007959e-05,0
LA_D_1071228,0,3.21477e-05,0
LA_D_1089739,0,4.884423e-05,0
LA_D_1119673,0,3.0494464e-05,0
LA_D_1123797,0,2.6357062e-05,0
LA_D_1138261,0,4.5346595e-05,0
LA_D_1184930,0,2.1060901e-05,0
LA_D_1194428,0,0.0017348131,0
LA_D_1235178,0,3.289149e-05,0
LA_D_1236265,0,1.8898796e-05,0
LA_D_1271546,0,1.6145446e-05,0
LA_D_1298389,0,0.0036418892,0
LA_D_1304868,0,0.00014024148,0
LA_D_1315293,0,0.00023888402,0
LA_D_1324364,0,5.3882577e-05,0
LA_D_1416914,0,1.7906425e-05,0
LA_D_1419805,0,1.8159373e-05,0
LA_D_1432926,0,1.4287548e-05,0
LA_D_1452190,0,7.78374e-05,0
LA_D_1462753,0,1.1949704e-05,0
LA_D_1483747,0,0.005791204,0
LA_D_1500142,0,2.1328206e-05,0
LA_D_1524995,0,0.007462504,0
LA_D_1662418,0,0.00016551289,0
LA_D_1664723,0,8.662437e-05,0
LA_D_1672244,0,2.2792323e-05,0
LA_D_1679777,0,0.00017385982,0
LA_D_1709196,0,1.3880313e-05,0
LA_D_1752633,0,5.1382154e-05,0
LA_D_1761574,0,1.8193641e-05,0
LA_D_1784041,0,4.0496172e-05,0
LA_D_1842681,0,5.9029604e-05,0
LA_D_1856279,0,3.570174e-05,0
LA_D_1872403,0,0.00034504262,0
LA_D_1874306,0,1.8663846e-05,0
LA_D_1895641,0,7.5745396e-05,0
LA_D_1940643,0,2.204807e-05,0
LA_D_1947826,0,2.8453856e-05,0
LA_D_2040400,0,4.564309e-05,0
LA_D_2053619,0,2.558576e-05,0
LA_D_2055633,0,2.0533307e-05,0
LA_D_2058117,0,0.0002081062,0
LA_D_2078823,0,3.198422e-05,0
LA_D_2090075,0,2.8527596e-05,0
LA_D_2094128,0,2.9049319e-05,0
LA_D_2108473,0,7.059631e-05,0
LA_D_2121290,0,0.00014440864,0
LA_D_2155552,0,8.626678e-05,0
LA_D_2177857,0,5.6513614e-05,0
LA_D_2187583,0,1.0925967e-05,0
LA_D_2188055,0,0.00013043343,0
LA_D_2197517,0,1.9422609e-05,0
LA_D_2251028,0,2.3919016e-05,0
LA_D_2256955,0,4.1874824e-05,0
LA_D_2258916,0,0.0067611835,0
LA_D_2273809,0,0.0001882772,0
LA_D_2320593,0,4.49178e-05,0
LA_D_2325262,0,1.435418e-05,0
LA_D_2327064,0,5.767337e-06,0
LA_D_2336355,0,0.00084486644,0
LA_D_2339979,0,6.42311e-05,0
LA_D_2348570,0,1.6451513e-05,0
LA_D_2359956,0,1.6937156e-05,0
LA_D_2365570,0,1.4464733e-05,0
LA_D_2408058,0,2.3539797e-05,0
LA_D_2466743,0,7.2246556e-05,0
LA_D_2511400,0,0.00032868702,0
LA_D_2513311,0,0.00047660904,0
LA_D_2525166,0,2.320991e-05,0
LA_D_2526953,0,1.610583e-05,0
LA_D_2536374,0,4.992015e-05,0
LA_D_2549595,0,6.961126e-05,0
LA_D_2554799,0,1.30957105e-05,0
LA_D_2573708,0,1.9142313e-05,0
LA_D_2583177,0,5.7740017e-05,0
LA_D_2590592,0,2.8652225e-05,0
LA_D_2606185,0,5.0659062e-05,0
LA_D_2609934,0,0.00096633256,0
LA_D_2634577,0,1.8361427e-05,0
LA_D_2655716,0,0.33085898,0
LA_D_2704448,0,0.00039484788,0
LA_D_2757626,0,0.00014553248,0
LA_D_2810400,0,5.0208084e-05,0
LA_D_2819802,0,3.996608e-05,0
LA_D_2848309,0,8.426223e-06,0
LA_D_2882142,0,9.764034e-05,0
LA_D_2919295,0,4.003417e-05,0
LA_D_2928353,0,5.91362e-05,0
LA_D_2949136,0,8.068908e-05,0
LA_D_2952257,0,6.813384e-05,0
LA_D_3010217,0,4.1153722e-05,0
LA_D_3022940,0,6.217696e-05,0
LA_D_3037806,0,0.0005602297,0
LA_D_3055189,0,0.00018050378,0
LA_D_3059743,0,5.4368065e-05,0
LA_D_3067081,0,4.468103e-05,0
LA_D_3113480,0,4.2069394e-05,0
LA_D_3147303,0,0.0002896219,0
LA_D_3160896,0,9.726397e-05,0
LA_D_3165418,0,8.613124e-05,0
LA_D_3184710,0,1.6750566e-05,0
LA_D_3194471,0,4.9729065e-06,0
LA_D_3237813,0,2.1409312e-05,0
LA_D_3255851,0,3.5194476e-05,0
LA_D_3274443,0,5.3452935e-05,0
LA_D_3333538,0,7.5042975e-05,0
LA_D_3336409,0,0.00012523764,0
LA_D_3340917,0,0.00011071744,0
LA_D_3342540,0,2.1685584e-05,0
LA_D_3345119,0,2.886243e-05,0
LA_D_3369880,0,1.6124597e-05,0
LA_D_3451614,0,7.677e-05,0
LA_D_3453583,0,0.0001224098,0
LA_D_3473084,0,1.2291303e-05,0
LA_D_3513996,0,1.09636885e-05,0
LA_D_3522504,0,0.0002346071,0
LA_D_3543525,0,5.76902e-05,0
LA_D_3563525,0,6.539987e-05,0
LA_D_3565784,0,0.00015298437,0
LA_D_3604092,0,1.1176962e-05,0
LA_D_3643393,0,3.211246e-05,0
LA_D_3682617,0,2.5210387e-05,0
LA_D_3690238,0,3.093756e-05,0
LA_D_3693927,0,0.0002880517,0
LA_D_3724557,0,1.6683814e-05,0
LA_D_3727131,0,4.531698e-05,0
LA_D_3747721,0,0.00030380933,0
LA_D_3762352,0,2.3435507e-05,0
LA_D_3762413,0,2.6324306e-05,0
LA_D_3795957,0,3.2322518e-05,0
LA_D_3833530,0,4.9516337e-05,0
LA_D_3841427,0,0.0005436127,0
LA_D_3844016,0,1.8566348e-05,0
LA_D_3853070,0,3.5677378e-06,0
LA_D_3858259,0,2.558683e-05,0
LA_D_3864466,0,2.7768883e-05,0
LA_D_3878565,0,1.8097224e-05,0
LA_D_3887071,0,1.0177079e-05,0
LA_D_3907775,0,0.00014592156,0
LA_D_3912535,0,1.4334113e-05,0
LA_D_3971907,0,9.902696e-05,0
LA_D_4015028,0,3.188135e-05,0
LA_D_4019149,0,3.498393e-05,0
LA_D_4044179,0,1.6354123e-05,0
LA_D_4077010,0,5.5964756e-05,0
LA_D_4078062,0,3.9620485e-05,0
LA_D_4087578,0,3.309257e-05,0
LA_D_4119669,0,7.552426e-05,0
LA_D_4196841,0,1.5506039e-05,0
LA_D_4204929,0,1.7608752e-05,0
LA_D_4216338,0,5.531166e-06,0
LA_D_4225586,0,2.4973493e-05,0
LA_D_4271111,0,0.00031359823,0
LA_D_4330957,0,0.0007175127,0
LA_D_4351186,0,9.269959e-06,0
LA_D_4369287,0,8.247615e-05,0
LA_D_4371162,0,0.00011087359,0
LA_D_4372097,0,6.1620274e-05,0
LA_D_4392498,0,4.2830347e-05,0
LA_D_4421919,0,0.00031666356,0
LA_D_4435369,0,0.0005754484,0
LA_D_4473107,0,3.548441e-05,0
LA_D_4473772,0,7.3702446e-05,0
LA_D_4476636,0,0.00041223396,0
LA_D_4511459,0,3.624479e-05,0
LA_D_4517588,0,1.5205926e-05,0
LA_D_4522076,0,4.2841704e-05,0
LA_D_4547827,0,5.820667e-05,0
LA_D_4548848,0,3.0953113e-05,0
LA_D_4549046,0,8.143815e-06,0
LA_D_4552949,0,0.00092424685,0
LA_D_4556350,0,0.00016176746,0
LA_D_4560028,0,5.341272e-06,0
LA_D_4589938,0,0.00018191228,0
LA_D_4647925,0,4.372318e-06,0
LA_D_4677050,0,6.610664e-06,0
LA_D_4677377,0,3.7291364e-05,0
LA_D_4692792,0,2.2745311e-05,0
LA_D_4722390,0,1.0719936e-05,0
LA_D_4726412,0,6.728055e-05,0
LA_D_4759329,0,4.8225134e-05,0
LA_D_4769411,0,0.00011974681,0
LA_D_4815771,0,0.000118374235,0
LA_D_4835175,0,1.3680769e-05,0
LA_D_4878294,0,3.8150047e-05,0
LA_D_4884849,0,1.2982603e-05,0
LA_D_4948187,0,4.5400597e-05,0
LA_D_4983386,0,0.00012936842,0
LA_D_4988682,0,1.9794386e-05,0
LA_D_4990524,0,4.2316286e-05,0
LA_D_5092281,0,1.306084e-05,0
LA_D_5104889,0,0.0003538273,0
LA_D_5107370,0,2.6086498e-05,0
LA_D_5116107,0,0.00033857685,0
LA_D_5132318,0,9.786562e-06,0
LA_D_5163704,0,3.809039e-05,0
LA_D_5196824,0,5.387194e-05,0
LA_D_5264237,0,4.152049e-05,0
LA_D_5284683,0,1.6795626e-05,0
LA_D_5294702,0,1.5655398e-05,0
LA_D_5308837,0,2.2379536e-05,0
LA_D_5319328,0,0.09049129,0
LA_D_5320629,0,9.365153e-06,0
LA_D_5333215,0,1.8983443e-05,0
LA_D_5346392,0,6.245293e-05,0
LA_D_5349000,0,4.8544543e-06,0
LA_D_5381348,0,3.3808275e-05,0
LA_D_5386355,0,2.207157e-05,0
LA_D_5423506,0,0.000148168,0
LA_D_5502502,0,0.0001663091,0
LA_D_5516998,0,2.162858e-05,0
LA_D_5542812,0,0.000112603506,0
LA_D_5549392,0,0.00040769108,0
LA_D_5551300,0,2.503819e-05,0
LA_D_5560341,0,2.3083758e-05,0
LA_D_5592243,0,1.0118241e-05,0
LA_D_5597425,0,8.1572594e-05,0
LA_D_5604504,0,0.000106939355,0
LA_D_5611758,0,8.032748e-05,0
LA_D_5622113,0,0.00011088162,0
LA_D_5635812,0,0.00032831373,0
LA_D_5638131,0,0.00013831079,0
LA_D_5644863,0,5.6655317e-05,0
LA_D_5646947,0,3.876647e-05,0
LA_D_5649166,0,7.1812654e-05,0
LA_D_5650071,0,5.3556407e-05,0
LA_D_5698354,0,1.9774952e-05,0
LA_D_5728145,0,9.958871e-05,0
LA_D_5737821,0,7.3924595e-05,0
LA_D_5766266,0,6.932707e-05,0
LA_D_5802470,0,0.0015066535,0
LA_D_5809161,0,2.0313939e-05,0
LA_D_5922608,0,4.8801066e-05,0
LA_D_5972807,0,5.6298937e-05,0
LA_D_5972863,0,0.0017880066,0
LA_D_5985773,0,8.041486e-05,0
LA_D_5999948,0,3.2659416e-05,0
LA_D_6064950,0,8.938597e-06,0
LA_D_6073336,0,2.087661e-05,0
LA_D_6121830,0,8.250474e-06,0
LA_D_6126930,0,2.2127779e-05,0
LA_D_6137882,0,6.9487636e-05,0
LA_D_6145183,0,6.649434e-05,0
LA_D_6192981,0,0.0013154963,0
LA_D_6210899,0,0.0002576679,0
LA_D_6238691,0,2.3804281e-05,0
LA_D_6250547,0,5.1356485e-05,0
LA_D_6325513,0,1.43887055e-05,0
LA_D_6370946,0,1.1014012e-05,0
LA_D_6412057,0,6.0240418e-05,0
LA_D_6438449,0,4.8693983e-06,0
LA_D_6444645,0,1.9253788e-05,0
LA_D_6445805,0,0.00075553986,0
LA_D_6454007,0,2.5932984e-05,0
LA_D_6502788,0,0.015080268,0
LA_D_6519360,0,0.00015471305,0
LA_D_6533276,0,0.00341692,0
LA_D_6578873,0,7.773215e-05,0
LA_D_6584339,0,6.6323555e-05,0
LA_D_6603129,0,0.00011075356,0
LA_D_6615635,0,1.3781073e-05,0
LA_D_6647057,0,4.2336786e-05,0
LA_D_6671090,0,1.2886317e-05,0
LA_D_6715407,0,6.6038985e-05,0
LA_D_6719481,0,7.047651e-06,0
LA_D_6739250,0,0.00013358232,0
LA_D_6743731,0,6.217186e-05,0
LA_D_6757219,0,0.00049943675,0
LA_D_6768882,0,8.304557e-05,0
LA_D_6783067,0,0.002334262,0
LA_D_6797077,0,3.201721e-05,0
LA_D_6817962,0,3.0197807e-05,0
LA_D_6843783,0,0.00019452191,0
LA_D_6876570,0,1.4517774e-05,0
LA_D_6938333,0,4.5793025e-05,0
LA_D_6997711,0,0.0011588428,0
LA_D_7002448,0,6.43055e-05,0
LA_D_7060794,0,4.8071506e-05,0
LA_D_7068603,0,1.900054e-05,0
LA_D_7079905,0,0.00014355742,0
LA_D_7083743,0,6.4222527e-06,0
LA_D_7096702,0,2.4539946e-05,0
LA_D_7107378,0,0.00016717178,0
LA_D_7110350,0,3.16053e-05,0
LA_D_7112173,0,5.686522e-05,0
LA_D_7137251,0,5.1427054e-05,0
LA_D_7155130,0,2.2641864e-06,0
LA_D_7160941,0,9.9451674e-05,0
LA_D_7190149,0,4.6846553e-06,0
LA_D_7194318,0,0.00028851454,0
LA_D_7195145,0,7.15102e-05,0
LA_D_7221029,0,0.055660393,0
LA_D_7234853,0,3.9708393e-05,0
LA_D_7236553,0,4.2541815e-05,0
LA_D_7241235,0,1.7772229e-05,0
LA_D_7266503,0,0.00012948975,0
LA_D_7274033,0,2.2854832e-05,0
LA_D_7282121,0,9.3476465e-06,0
LA_D_7283042,0,1.6039125e-05,0
LA_D_7301396,0,0.0001623768,0
LA_D_7337144,0,5.5309098e-05,0
LA_D_7359279,0,1.40829e-05,0
LA_D_7364828,0,9.29198e-05,0
LA_D_7402167,0,0.00025205116,0
LA_D_7466534,0,4.2436383e-05,0
LA_D_7469833,0,8.381341e-06,0
LA_D_7482154,0,1.8165973e-05,0
LA_D_7493771,0,0.0023125515,0
LA_D_7522206,0,1.5913398e-05,0
LA_D_7543487,0,3.6887175e-06,0
LA_D_7553595,0,5.429682e-05,0
LA_D_7553690,0,0.000110848436,0
LA_D_7572414,0,1.2028332e-05,0
LA_D_7575804,0,5.7154008e-05,0
LA_D_7601300,0,7.09779e-05,0
LA_D_7619301,0,0.00020158516,0
LA_D_7628765,0,2.243927e-05,0
LA_D_7641817,0,0.00020156286,0
LA_D_7671320,0,9.070244e-05,0
LA_D_7744640,0,1.04215205e-05,0
LA_D_7745958,0,0.00045515795,0
LA_D_7751409,0,0.0011824679,0
LA_D_7754254,0,0.0001659169,0
LA_D_7766160,0,0.00058648613,0
LA_D_7806845,0,8.342219e-05,0
LA_D_7817451,0,0.00025005965,0
LA_D_7848216,0,4.5666082e-05,0
LA_D_7865668,0,2.852368e-05,0
LA_D_7880550,0,0.0001749529,0
LA_D_7900417,0,2.0629659e-05,0
LA_D_7944104,0,0.0004266782,0
LA_D_7965354,0,4.4691427e-05,0
LA_D_8005673,0,4.245144e-05,0
LA_D_8008070,0,0.00051052135,0
LA_D_8034675,0,2.661967e-05,0
LA_D_8077746,0,0.010447319,0
LA_D_8086986,0,4.2685468e-05,0
LA_D_8124456,0,3.380985e-05,0
LA_D_8149746,0,0.00020656404,0
LA_D_8151843,0,3.4268065e-05,0
LA_D_8155810,0,1.5835176e-05,0
LA_D_8172857,0,3.125364e-05,0
LA_D_8183663,0,2.2124339e-05,0
LA_D_8220630,0,4.4035653e-05,0
LA_D_8344758,0,0.00014162983,0
LA_D_8358680,0,2.5419988e-05,0
LA_D_8365140,0,2.7226943e-05,0
LA_D_8373134,0,2.5755997e-05,0
LA_D_8408092,0,3.1347667e-05,0
LA_D_8411257,0,5.7374496e-06,0
LA_D_8412782,0,1.3820636e-05,0
LA_D_8441726,0,2.719648e-05,0
LA_D_8462223,0,2.5102578e-05,0
LA_D_8466822,0,0.00016578486,0
LA_D_8493812,0,1.2158944e-05,0
LA_D_8495778,0,5.22184e-05,0
LA_D_8541558,0,1.6772656e-05,0
LA_D_8569874,0,3.0428697e-05,0
LA_D_8572723,0,0.00038244392,0
LA_D_8586748,0,8.484809e-05,0
LA_D_8617975,0,3.9673192e-05,0
LA_D_8651574,0,2.1233613e-05,0
LA_D_8654167,0,4.2638887e-05,0
LA_D_8655579,0,2.120957e-05,0
LA_D_8686332,0,0.00036610026,0
LA_D_8691764,0,0.00016584827,0
LA_D_8695868,0,0.0017287444,0
LA_D_8714770,0,8.9038636e-05,0
LA_D_8714999,0,2.6319085e-05,0
LA_D_8792415,0,3.690905e-05,0
LA_D_8793112,0,0.00084543834,0
LA_D_8926176,0,8.0619095e-05,0
LA_D_8951929,0,6.6294974e-06,0
LA_D_8975144,0,6.2645563e-06,0
LA_D_9078703,0,1.3008654e-05,0
LA_D_9082615,0,0.0003365802,0
LA_D_9090962,0,1.2623656e-05,0
LA_D_9120912,0,3.205436e-05,0
LA_D_9141931,0,9.316729e-06,0
LA_D_9162826,0,4.447099e-05,0
LA_D_9214389,0,1.4933367e-05,0
LA_D_9254571,0,1.1150697e-05,0
LA_D_9270459,0,0.0017188224,0
LA_D_9283838,0,1.8461615e-05,0
LA_D_9286223,0,0.0018895972,0
LA_D_9318537,0,0.008630736,0
LA_D_9347029,0,0.00011994887,0
LA_D_9350453,0,2.045468e-05,0
LA_D_9362885,0,0.00022485005,0
LA_D_9415159,0,0.00015974857,0
LA_D_9479212,0,1.4184963e-05,0
LA_D_9500532,0,7.3126166e-06,0
LA_D_9504776,0,5.10397e-06,0
LA_D_9508280,0,1.939355e-05,0
LA_D_9512282,0,9.678702e-05,0
LA_D_9541853,0,0.00020951498,0
LA_D_9554955,0,2.043604e-05,0
LA_D_9587491,0,3.9238457e-05,0
LA_D_9641664,0,0.009026355,0
LA_D_9656378,0,0.00025901548,0
LA_D_9664614,0,1.9021843e-05,0
LA_D_9669521,0,2.6608299e-05,0
LA_D_9702949,0,6.726233e-05,0
LA_D_9704152,0,2.698852e-05,0
LA_D_9715643,0,2.0783327e-05,0
LA_D_9785400,0,6.611535e-05,0
LA_D_9811495,0,9.293239e-05,0
LA_D_9821568,0,3.9923187e-05,0
LA_D_9844896,0,1.6108965e-05,0
LA_D_9880739,0,0.013302929,0
LA_D_9884237,0,4.161856e-05,0
LA_D_9954215,0,0.00028342198,0
LA_D_9997481,0,0.00012041586,0
LA_D_1014313,0,0.00040424385,0
LA_D_1024828,0,0.06750227,0
LA_D_1042957,0,0.00014939315,0
LA_D_1071755,0,0.0011706845,0
LA_D_1077260,0,0.68517095,1
LA_D_1099918,0,0.02065727,0
LA_D_1116049,0,0.013441342,0
LA_D_1126375,0,0.39433637,0
LA_D_1127824,0,0.08279197,0
LA_D_1132441,0,0.00026096206,0
LA_D_1180208,0,0.0021285932,0
LA_D_1204522,0,0.0018854638,0
LA_D_1207010,0,0.0005067171,0
LA_D_1233437,0,0.0008507297,0
LA_D_1240926,0,0.00021060635,0
LA_D_1251239,0,0.014750794,0
LA_D_1267409,0,0.0315933,0
LA_D_1285082,0,0.00023131867,0
LA_D_1352376,0,0.0021593298,0
LA_D_1384883,0,3.325061e-05,0
LA_D_1426626,0,0.015176266,0
LA_D_1434059,0,0.00060530764,0
LA_D_1441868,0,0.0007127577,0
LA_D_1452163,0,0.02251258,0
LA_D_1500944,0,0.00028553864,0
LA_D_1512410,0,0.0024922227,0
LA_D_1513571,0,0.0013289308,0
LA_D_1518705,0,0.0036867051,0
LA_D_1535257,0,0.13064098,0
LA_D_1553232,0,0.003267429,0
LA_D_1553263,0,0.0003638935,0
LA_D_1569272,0,0.0023584722,0
LA_D_1575988,0,0.010332448,0
LA_D_1579120,0,3.4975124e-05,0
LA_D_1601204,0,0.0005925662,0
LA_D_1638191,0,0.0027545176,0
LA_D_1638389,0,0.006361518,0
LA_D_1670814,0,0.0031718065,0
LA_D_1751935,0,0.046253357,0
LA_D_1759072,0,0.00038261164,0
LA_D_1809228,0,0.00016210825,0
LA_D_1812790,0,0.0002397168,0
LA_D_1861177,0,0.8488149,1
LA_D_1978644,0,0.007381458,0
LA_D_1987685,0,0.00031734988,0
LA_D_2024850,0,0.006327699,0
LA_D_2043551,0,0.17372154,0
LA_D_2043751,0,0.0005779871,0
LA_D_2057469,0,0.9856111,1
LA_D_2058715,0,0.0035683005,0
LA_D_2081076,0,2.6566615e-05,0
LA_D_2085107,0,0.008469407,0
LA_D_2095161,0,0.0006981176,0
LA_D_2119575,0,0.0003356193,0
LA_D_2155597,0,0.6812673,1
LA_D_2156358,0,8.766352e-05,0
LA_D_2177130,0,0.0022804248,0
LA_D_2180081,0,0.00017679333,0
LA_D_2187146,0,0.0025028703,0
LA_D_2218719,0,0.0014464745,0
LA_D_2224413,0,0.0004493497,0
LA_D_2281393,0,0.0006296905,0
LA_D_2287659,0,0.0028636479,0
LA_D_2288437,0,0.00021946568,0
LA_D_2291030,0,0.0034362322,0
LA_D_2320491,0,0.027747935,0
LA_D_2381849,0,0.11882679,0
LA_D_2393251,0,0.005024579,0
LA_D_2419226,0,0.0003557042,0
LA_D_2428132,0,0.045330133,0
LA_D_2464440,0,0.0004744611,0
LA_D_2503748,0,0.00024041241,0
LA_D_2519550,0,0.0010469317,0
LA_D_2531153,0,0.00025399603,0
LA_D_2534355,0,0.00022147698,0
LA_D_2691767,0,0.00053092913,0
LA_D_2694236,0,0.041016355,0
LA_D_2710357,0,0.0017137032,0
LA_D_2762751,0,0.00069274136,0
LA_D_2808783,0,0.00048569994,0
LA_D_2818034,0,0.00015800427,0
LA_D_2869657,0,0.019032978,0
LA_D_2903866,0,0.010130646,0
LA_D_2939027,0,0.000111536894,0
LA_D_2943864,0,0.0010616407,0
LA_D_2950963,0,0.0058478587,0
LA_D_2959991,0,0.00021796403,0
LA_D_2973320,0,0.0642557,0
LA_D_2976593,0,0.0002791356,0
LA_D_2999920,0,0.00023374168,0
LA_D_3053759,0,0.0007181047,0
LA_D_3055355,0,0.000565131,0
LA_D_3061231,0,0.0052933916,0
LA_D_3165119,0,0.0008367889,0
LA_D_3192893,0,0.00018626553,0
LA_D_3249889,0,0.0006312474,0
LA_D_3260017,0,0.0012211563,0
LA_D_3262004,0,0.0009952182,0
LA_D_3275650,0,0.0012833416,0
LA_D_3280997,0,0.00061322964,0
LA_D_3297516,0,0.019908668,0
LA_D_3297875,0,0.00070605765,0
LA_D_3324145,0,0.0014771024,0
LA_D_3330227,0,0.0075724917,0
LA_D_3332389,0,0.0003524329,0
LA_D_3397300,0,0.0006533898,0
LA_D_3408868,0,0.0010526318,0
LA_D_3424132,0,0.00038327096,0
LA_D_3446499,0,0.0034379668,0
LA_D_3449245,0,0.0009098315,0
LA_D_3453122,0,0.00045589352,0
LA_D_3475079,0,0.0017284564,0
LA_D_3480390,0,0.01574206,0
LA_D_3514423,0,0.002349963,0
LA_D_3562518,0,0.008155497,0
LA_D_3595306,0,0.00011385988,0
LA_D_3626249,0,0.00028201228,0
LA_D_3630332,0,0.0009480994,0
LA_D_3632818,0,0.042799022,0
LA_D_3645061,0,0.002704037,0
LA_D_3656100,0,0.0005011103,0
LA_D_3662597,0,0.00027128882,0
LA_D_3690818,0,0.00034627985,0
LA_D_3695181,0,0.0012368461,0
LA_D_3701347,0,0.004074862,0
LA_D_3706611,0,0.002861557,0
LA_D_3708066,0,0.0025824588,0
LA_D_3715432,0,0.67867625,1
LA_D_3716647,0,0.4841043,0
LA_D_3761840,0,0.001687516,0
LA_D_3768134,0,0.009951343,0
LA_D_3803199,0,0.00012252844,0
LA_D_3809615,0,0.00040363506,0
LA_D_3845345,0,0.0028101464,0
LA_D_3859553,0,8.627434e-05,0
LA_D_3866706,0,7.900119e-05,0
LA_D_3901587,0,0.0007399662,0
LA_D_3903524,0,0.00030044586,0
LA_D_3928545,0,0.00029697744,0
LA_D_3945330,0,0.00057444227,0
LA_D_3977795,0,0.00032800462,0
LA_D_3991143,0,0.0002748223,0
LA_D_4022595,0,0.00022855222,0
LA_D_4047883,0,0.0021956053,0
LA_D_4052518,0,0.0019917968,0
LA_D_4073912,0,0.0007735002,0
LA_D_4118240,0,0.00014094127,0
LA_D_4134557,0,0.0006342343,0
LA_D_4140180,0,0.0006049884,0
LA_D_4195410,0,0.0049871034,0
LA_D_4195724,0,0.00048041795,0
LA_D_4230421,0,0.0011815234,0
LA_D_4249396,0,0.0004912775,0
LA_D_4277404,0,0.004359798,0
LA_D_4344378,0,0.014532185,0
LA_D_4350681,0,0.0019418971,0
LA_D_4362776,0,0.45197523,0
LA_D_4382023,0,0.00057663786,0
LA_D_4418208,0,0.00038849213,0
LA_D_4427787,0,0.004873708,0
LA_D_4429694,0,0.0133802155,0
LA_D_4495277,0,0.016464446,0
LA_D_4546830,0,0.0016479132,0
LA_D_4548869,0,0.00020885842,0
LA_D_4581852,0,0.003814619,0
LA_D_4582489,0,0.0015740477,0
LA_D_4651240,0,0.0003754595,0
LA_D_4663597,0,0.0016037105,0
LA_D_4727007,0,0.000917032,0
LA_D_4813632,0,0.00047377413,0
LA_D_4827346,0,0.00038819577,0
LA_D_4830689,0,0.002548074,0
LA_D_4857310,0,0.0016840043,0
LA_D_4862951,0,0.10301213,0
LA_D_4882559,0,0.009692966,0
LA_D_4886495,0,0.00021978839,0
LA_D_4894867,0,0.00040639428,0
LA_D_4904445,0,0.00030246517,0
LA_D_4909424,0,0.832127,1
LA_D_4929736,0,0.043970365,0
LA_D_4954650,0,0.00019310984,0
LA_D_4958419,0,0.0026511967,0
LA_D_4977848,0,0.00025290088,0
LA_D_5005076,0,0.88926184,1
LA_D_5020488,0,0.00026530845,0
LA_D_5023157,0,0.32212156,0
LA_D_5025305,0,0.00025424195,0
LA_D_5031733,0,0.00047470425,0
LA_D_5051294,0,0.00027563368,0
LA_D_5055459,0,0.104222134,0
LA_D_5067672,0,0.0006812094,0
LA_D_5071522,0,0.0007963023,0
LA_D_5082183,0,0.0035817537,0
LA_D_5155475,0,0.032232415,0
LA_D_5211419,0,0.0004855183,0
LA_D_5227264,0,0.01257279,0
LA_D_5265620,0,0.006174677,0
LA_D_5307657,0,0.016576208,0
LA_D_5324080,0,0.0020382388,0
LA_D_5343035,0,0.00033539283,0
LA_D_5351581,0,0.00022500257,0
LA_D_5375653,0,0.00018363306,0
LA_D_5419690,0,0.00017782448,0
LA_D_5435775,0,0.054069363,0
LA_D_5449144,0,0.0008237604,0
LA_D_5456397,0,0.00032847995,0
LA_D_5486499,0,0.001312187,0
LA_D_5499548,0,0.0002143618,0
LA_D_5511906,0,0.00034314554,0
LA_D_5556334,0,0.0006560248,0
LA_D_5559484,0,0.00032480937,0
LA_D_5572135,0,0.004873419,0
LA_D_5597462,0,0.00021025304,0
LA_D_5620876,0,0.00046695757,0
LA_D_5690035,0,0.00043951935,0
LA_D_5695216,0,0.0014088134,0
LA_D_5731634,0,0.00021267572,0
LA_D_5746299,0,0.0016478606,0
LA_D_5762971,0,0.00015443949,0
LA_D_5771020,0,0.0005002229,0
LA_D_5798354,0,0.00023058256,0
LA_D_5813802,0,0.007358441,0
LA_D_5820162,0,0.0017638793,0
LA_D_5877103,0,0.35339937,0
LA_D_5886006,0,0.00049438217,0
LA_D_5893528,0,0.014372004,0
LA_D_5900571,0,0.01120928,0
LA_D_5922624,0,0.009477249,0
LA_D_5980821,0,0.00015604915,0
LA_D_5981504,0,0.0008857269,0
LA_D_5991239,0,0.12973271,0
LA_D_5992391,0,0.0022903767,0
LA_D_6051390,0,0.0016030258,0
LA_D_6055777,0,0.0010537117,0
LA_D_6103075,0,0.00016457574,0
LA_D_6148702,0,0.0002391479,0
LA_D_6183192,0,0.00039509183,0
LA_D_6224665,0,0.00014100687,0
LA_D_6248846,0,0.0015167416,0
LA_D_6320069,0,0.0003529184,0
LA_D_6325752,0,0.00057875994,0
LA_D_6338202,0,0.021516066,0
LA_D_6385051,0,0.0010748182,0
LA_D_6431598,0,0.0004049464,0
LA_D_6434621,0,0.0006105033,0
LA_D_6435873,0,0.0005336733,0
LA_D_6455523,0,0.00020336879,0
LA_D_6459893,0,0.00028320268,0
LA_D_6507332,0,6.4327214e-05,0
LA_D_6576867,0,0.00039752372,0
LA_D_6579123,0,0.00017715582,0
LA_D_6590293,0,0.010105753,0
LA_D_6608085,0,0.22338465,0
LA_D_6627826,0,0.00031370795,0
LA_D_6639256,0,0.00024961182,0
LA_D_6671110,0,0.00012172445,0
LA_D_6711995,0,0.0010322275,0
LA_D_6736176,0,0.0005839541,0
LA_D_6738030,0,0.00012804834,0
LA_D_6739491,0,0.004017003,0
LA_D_6761882,0,0.9235646,1
LA_D_6770341,0,0.10629375,0
LA_D_6787159,0,0.00021383088,0
LA_D_6794211,0,0.32954153,0
LA_D_6843214,0,0.0010522793,0
LA_D_6905996,0,0.00017951771,0
LA_D_6934686,0,0.000947992,0
LA_D_6972399,0,0.00041469108,0
LA_D_6980039,0,0.0001532536,0
LA_D_6989900,0,0.019861503,0
LA_D_7000460,0,0.0003699756,0
LA_D_7020889,0,0.005720748,0
LA_D_7055163,0,0.0004707674,0
LA_D_7065907,0,0.00022528184,0
LA_D_7086011,0,7.846804e-05,0
LA_D_7106954,0,0.00013919632,0
LA_D_7165290,0,0.0005998611,0
LA_D_7212013,0,0.36558872,0
LA_D_7213976,0,6.6075016e-05,0
LA_D_7241320,0,0.0037218977,0
LA_D_7244084,0,0.0049318643,0
LA_D_7251773,0,0.13044244,0
LA_D_7263049,0,0.06718846,0
LA_D_7274110,0,0.013509462,0
LA_D_7339211,0,0.0015799628,0
LA_D_7347960,0,0.00050975085,0
LA_D_7353591,0,0.00014564658,0
LA_D_7364593,0,0.00055827823,0
LA_D_7364715,0,0.009191966,0
LA_D_7364775,0,0.00021529669,0
LA_D_7371799,0,0.0044456073,0
LA_D_7379658,0,0.00021650482,0
LA_D_7436563,0,0.00019272466,0
LA_D_7455901,0,0.0021074093,0
LA_D_7466193,0,0.0001518108,0
LA_D_7469644,0,0.00024190279,0
LA_D_7473314,0,0.00035496216,0
LA_D_7501739,0,0.007598372,0
LA_D_7510281,0,0.00044581192,0
LA_D_7546063,0,0.001337975,0
LA_D_7549490,0,0.37625018,0
LA_D_7559634,0,0.000938928,0
LA_D_7561273,0,0.0005415234,0
LA_D_7568100,0,0.0019017862,0
LA_D_7568924,0,0.03312262,0
LA_D_7584539,0,0.0006205057,0
LA_D_7588309,0,0.000653336,0
LA_D_7589575,0,0.00026347008,0
LA_D_7604149,0,0.0888402,0
LA_D_7612335,0,0.0026728471,0
LA_D_7616407,0,0.000583395,0
LA_D_7618104,0,0.00028093884,0
LA_D_7624614,0,0.0008940332,0
LA_D_7641129,0,0.48223117,0
LA_D_7679409,0,0.00016382124,0
LA_D_7688209,0,0.00053261704,0
LA_D_7736821,0,0.00021474539,0
LA_D_7747325,0,8.998438e-05,0
LA_D_7763773,0,0.00016951108,0
LA_D_7777990,0,0.0016861646,0
LA_D_7789669,0,0.00017892454,0
LA_D_7826586,0,0.72333354,1
LA_D_7867247,0,0.0015633041,0
LA_D_7878571,0,7.3363204e-05,0
LA_D_7883693,0,0.0055019064,0
LA_D_7896038,0,0.00011972626,0
LA_D_7916660,0,0.6928276,1
LA_D_7975929,0,0.00021604417,0
LA_D_8019844,0,0.0044350387,0
LA_D_8021684,0,0.00012294768,0
LA_D_8066851,0,0.00043659945,0
LA_D_8067296,0,0.00022354613,0
LA_D_8145707,0,0.004467283,0
LA_D_8166206,0,0.00024738896,0
LA_D_8189800,0,5.1507104e-05,0
LA_D_8223907,0,0.00010265948,0
LA_D_8377721,0,0.00035173472,0
LA_D_8381732,0,0.0008460636,0
LA_D_8397584,0,0.004787991,0
LA_D_8400151,0,0.035576563,0
LA_D_8404786,0,0.0009280775,0
LA_D_8407994,0,0.0010745785,0
LA_D_8425598,0,0.008910571,0
LA_D_8441455,0,0.0016095411,0
LA_D_8444582,0,0.00017511645,0
LA_D_8451983,0,0.01475812,0
LA_D_8453906,0,0.001919065,0
LA_D_8455038,0,0.0019165385,0
LA_D_8512431,0,0.0030973814,0
LA_D_8539909,0,0.00030015098,0
LA_D_8607868,0,0.0009319814,0
LA_D_8630547,0,0.0051912866,0
LA_D_8746689,0,6.0657934e-05,0
LA_D_8748091,0,0.00086026604,0
LA_D_8803755,0,0.00049163937,0
LA_D_8834933,0,0.003829059,0
LA_D_8835410,0,0.0005743571,0
LA_D_8971479,0,0.0015827143,0
LA_D_9009537,0,0.0083117485,0
LA_D_9020983,0,0.0009117281,0
LA_D_9063327,0,0.002669543,0
LA_D_9076043,0,0.0061425474,0
LA_D_9097623,0,0.0016506889,0
LA_D_9111668,0,0.008805813,0
LA_D_9119517,0,0.005660346,0
LA_D_9125753,0,0.0027346304,0
LA_D_9139002,0,0.00023100417,0
LA_D_9154330,0,0.0006025324,0
LA_D_9221112,0,0.0012617662,0
LA_D_9235965,0,0.17711201,0
LA_D_9264463,0,0.002572211,0
LA_D_9266794,0,0.00013124036,0
LA_D_9274003,0,0.0011914207,0
LA_D_9309838,0,0.009940392,0
LA_D_9310754,0,0.0003402572,0
LA_D_9310915,0,0.001783976,0
LA_D_9320646,0,0.00073360326,0
LA_D_9337409,0,0.00040223455,0
LA_D_9345795,0,0.0021004986,0
LA_D_9350724,0,0.0014369916,0
LA_D_9370379,0,0.06485517,0
LA_D_9390364,0,0.00029183962,0
LA_D_9397192,0,0.0010643547,0
LA_D_9404750,0,0.0017304831,0
LA_D_9432782,0,0.0045996653,0
LA_D_9450813,0,0.0003522564,0
LA_D_9482843,0,0.00057080574,0
LA_D_9516319,0,0.002422666,0
LA_D_9559812,0,0.011308224,0
LA_D_9566212,0,0.003541344,0
LA_D_9575353,0,0.00090758427,0
LA_D_9577784,0,0.0007792655,0
LA_D_9581568,0,0.0318021,0
LA_D_9592014,0,0.02294005,0
LA_D_9609696,0,0.0011027551,0
LA_D_9620080,0,0.0013075959,0
LA_D_9626019,0,0.00079609855,0
LA_D_9644765,0,0.00026594615,0
LA_D_9659478,0,0.00011649,0
LA_D_9683064,0,0.0010795683,0
LA_D_9707162,0,0.00030700665,0
LA_D_9750571,0,0.04418286,0
LA_D_9786256,0,0.0050651813,0
LA_D_9796040,0,0.0010541234,0
LA_D_9796666,0,0.0043340097,0
LA_D_9813329,0,0.008104639,0
LA_D_9842978,0,8.6259126e-05,0
LA_D_9852879,0,0.0005039337,0
LA_D_9872744,0,0.013644913,0
LA_D_9904937,0,0.0015998024,0
LA_D_9935871,0,0.0003672407,0
LA_D_9947633,0,0.0004556203,0
LA_D_9974425,0,0.00047994233,0
LA_D_9987214,0,0.0016876615,0
LA_D_1006800,0,0.0002995615,0
LA_D_1012014,0,0.00033989942,0
LA_D_1023711,0,0.00019552812,0
LA_D_1025449,0,0.00079719775,0
LA_D_1035630,0,0.00026557897,0
LA_D_1079849,0,0.00027986921,0
LA_D_1108554,0,0.00015014691,0
LA_D_1130654,0,0.0018136704,0
LA_D_1145380,0,0.0006748134,0
LA_D_1208021,0,0.0005992597,0
LA_D_1209033,0,0.0031938856,0
LA_D_1217334,0,0.00024521255,0
LA_D_1269105,0,0.00015271343,0
LA_D_1274877,0,0.004046753,0
LA_D_1279846,0,0.00038445738,0
LA_D_1292057,0,0.000614611,0
LA_D_1320213,0,0.00065686065,0
LA_D_1348965,0,0.00064627506,0
LA_D_1366945,0,0.0005768308,0
LA_D_1436550,0,0.00022384836,0
LA_D_1501900,0,0.00014339326,0
LA_D_1522057,0,0.00030775744,0
LA_D_1523950,0,0.00038270507,0
LA_D_1546505,0,0.0029498374,0
LA_D_1548926,0,0.026537111,0
LA_D_1611094,0,0.00019175795,0
LA_D_1611432,0,0.00050009246,0
LA_D_1646348,0,0.0003654508,0
LA_D_1648315,0,0.00039072454,0
LA_D_1750429,0,0.0009198323,0
LA_D_1797066,0,0.0007027555,0
LA_D_1807177,0,0.00024086186,0
LA_D_1832856,0,0.00035116385,0
LA_D_1842604,0,0.00026676792,0
LA_D_1844790,0,0.0025778948,0
LA_D_1847022,0,0.015396257,0
LA_D_1865058,0,0.0002902156,0
LA_D_1872889,0,0.00054483244,0
LA_D_1902802,0,0.00043438553,0
LA_D_1919402,0,0.024100734,0
LA_D_1922687,0,0.00015137515,0
LA_D_1930419,0,0.00036711397,0
LA_D_1935485,0,0.00034129844,0
LA_D_1992558,0,0.00038558966,0
LA_D_2007592,0,0.00080605404,0
LA_D_2019701,0,0.00077857514,0
LA_D_2020826,0,0.0005360188,0
LA_D_2047629,0,0.00067874393,0
LA_D_2097708,0,0.0013074484,0
LA_D_2139474,0,0.000416058,0
LA_D_2151504,0,0.0004287637,0
LA_D_2152857,0,0.00022143073,0
LA_D_2183722,0,0.00033397693,0
LA_D_2186964,0,0.0002678513,0
LA_D_2188096,0,0.00020265087,0
LA_D_2222274,0,0.0004099896,0
LA_D_2268116,0,0.00024881444,0
LA_D_2319550,0,0.00030300376,0
LA_D_2322438,0,0.00025536164,0
LA_D_2348890,0,0.0005333834,0
LA_D_2352067,0,0.0001396414,0
LA_D_2423661,0,0.00068473426,0
LA_D_2448863,0,0.0002836618,0
LA_D_2450840,0,5.4396016e-05,0
LA_D_2465175,0,0.0002367228,0
LA_D_2478813,0,0.00027228933,0
LA_D_2487709,0,0.0004490399,0
LA_D_2505463,0,0.00021900581,0
LA_D_2510943,0,0.0011852573,0
LA_D_2592787,0,0.0010301499,0
LA_D_2599634,0,0.00051463867,0
LA_D_2607679,0,0.00046860604,0
LA_D_2609846,0,0.00012292586,0
LA_D_2622698,0,0.0040698345,0
LA_D_2630833,0,0.000900853,0
LA_D_2642614,0,0.0007314441,0
LA_D_2643367,0,0.00026542027,0
LA_D_2685215,0,0.00019900051,0
LA_D_2716524,0,0.00030278083,0
LA_D_2719044,0,0.00015073965,0
LA_D_2720865,0,0.00029720235,0
LA_D_2728017,0,0.0004648416,0
LA_D_2742223,0,0.00031496093,0
LA_D_2752289,0,0.007345037,0
LA_D_2752681,0,0.00025894927,0
LA_D_2797968,0,0.00037331594,0
LA_D_2799771,0,0.0009818353,0
LA_D_2829043,0,0.00043319704,0
LA_D_2843055,0,0.010660016,0
LA_D_2864582,0,0.00031566975,0
LA_D_2909530,0,0.0028593577,0
LA_D_2927394,0,0.0023943046,0
LA_D_2936455,0,0.0007922254,0
LA_D_2965424,0,0.0006390803,0
LA_D_2967557,0,0.0012783837,0
LA_D_2968028,0,0.0007452722,0
LA_D_2973812,0,0.000116226714,0
LA_D_2980255,0,0.00091732084,0
LA_D_2982910,0,0.0002534128,0
LA_D_2995459,0,0.13533643,0
LA_D_2996775,0,0.0013387747,0
LA_D_3017713,0,0.00020212328,0
LA_D_3019903,0,0.00028224682,0
LA_D_3042444,0,0.00023709507,0
LA_D_3056222,0,0.0004987291,0
LA_D_3057668,0,0.0060887574,0
LA_D_3057702,0,0.000849267,0
LA_D_3094082,0,0.0067543495,0
LA_D_3110337,0,0.00039189553,0
LA_D_3118678,0,0.00026697986,0
LA_D_3163312,0,0.00049261627,0
LA_D_3164458,0,0.00086859363,0
LA_D_3171467,0,0.0004136478,0
LA_D_3201750,0,0.0008836691,0
LA_D_3221717,0,0.0074028005,0
LA_D_3329914,0,0.0007862029,0
LA_D_3344406,0,0.004138543,0
LA_D_3355442,0,0.00019535517,0
LA_D_3401379,0,0.00051639625,0
LA_D_3405729,0,0.00041403616,0
LA_D_3422520,0,0.00030144778,0
LA_D_3427617,0,0.00037118103,0
LA_D_3449140,0,0.00046871617,0
LA_D_3477092,0,0.00033666557,0
LA_D_3502803,0,0.0015551554,0
LA_D_3512866,0,0.00038250207,0
LA_D_3537247,0,0.00022960585,0
LA_D_3543461,0,0.00026242464,0
LA_D_3549631,0,0.0010210829,0
LA_D_3554128,0,0.00081012945,0
LA_D_3582014,0,0.00017252615,0
LA_D_3615597,0,0.0033984627,0
LA_D_3625471,0,0.0003269927,0
LA_D_3663959,0,0.00015272871,0
LA_D_3698117,0,0.00043991653,0
LA_D_3765254,0,0.00013354309,0
LA_D_3785568,0,0.000214083,0
LA_D_3894830,0,0.0005259459,0
LA_D_3930731,0,0.0008994756,0
LA_D_3981572,0,0.0008249332,0
LA_D_3987112,0,0.0039218306,0
LA_D_3997475,0,0.0019052485,0
LA_D_4017002,0,0.00028561294,0
LA_D_4046737,0,0.00020724682,0
LA_D_4060180,0,0.0003567869,0
LA_D_4064534,0,0.00025028363,0
LA_D_4094835,0,0.00041853305,0
LA_D_4096967,0,0.00019598224,0
LA_D_4138511,0,0.0010385801,0
LA_D_4157090,0,0.0006138559,0
LA_D_4193062,0,0.00012788411,0
LA_D_4195166,0,0.0015159184,0
LA_D_4258684,0,0.0004189356,0
LA_D_4263714,0,0.0006149066,0
LA_D_4269408,0,0.00036024232,0
LA_D_4269851,0,0.00021756724,0
LA_D_4275044,0,0.00026026435,0
LA_D_4288746,0,0.00032182536,0
LA_D_4317915,0,0.00045458082,0
LA_D_4321631,0,0.00022151013,0
LA_D_4345392,0,0.00023033886,0
LA_D_4356469,0,0.0005263948,0
LA_D_4390393,0,0.000553146,0
LA_D_4407342,0,0.00039146538,0
LA_D_4422392,0,0.00014857063,0
LA_D_4449687,0,0.00026995773,0
LA_D_4450602,0,0.000997609,0
LA_D_4506176,0,0.00038609837,0
LA_D_4516474,0,0.00049099704,0
LA_D_4520907,0,0.00026696996,0
LA_D_4547450,0,0.0004311292,0
LA_D_4593014,0,0.00090635894,0
LA_D_4632562,0,0.0008336556,0
LA_D_4681916,0,0.0003361242,0
LA_D_4702787,0,0.00055239786,0
LA_D_4746899,0,0.0012882672,0
LA_D_4816337,0,0.00069814187,0
LA_D_4845926,0,0.0004328307,0
LA_D_4847812,0,0.00023341164,0
LA_D_4848911,0,0.00035987212,0
LA_D_4884397,0,0.0014013307,0
LA_D_4918910,0,0.00015862682,0
LA_D_4927338,0,0.0007624036,0
LA_D_4936646,0,0.00045628828,0
LA_D_4954418,0,0.00029820515,0
LA_D_4954625,0,0.00049889984,0
LA_D_4955851,0,0.0028468296,0
LA_D_4977382,0,0.00049370166,0
LA_D_4990214,0,0.00017930917,0
LA_D_5007950,0,0.0004902077,0
LA_D_5057411,0,0.0002718289,0
LA_D_5057482,0,0.00084496476,0
LA_D_5071649,0,0.00034000815,0
LA_D_5078657,0,0.00019791888,0
LA_D_5100984,0,0.0010723297,0
LA_D_5117078,0,0.0038503287,0
LA_D_5137247,0,0.00031025446,0
LA_D_5167358,0,0.00075011095,0
LA_D_5168359,0,0.00018404287,0
LA_D_5187561,0,0.0009810855,0
LA_D_5221028,0,0.0006720777,0
LA_D_5229781,0,0.0015484809,0
LA_D_5236826,0,0.07491036,0
LA_D_5276272,0,0.0009857463,0
LA_D_5276348,0,0.0005982333,0
LA_D_5292683,0,0.0003620778,0
LA_D_5436589,0,0.00087822357,0
LA_D_5439979,0,0.00054908416,0
LA_D_5454134,0,0.00021847233,0
LA_D_5482436,0,0.00041948573,0
LA_D_5483976,0,0.00067292334,0
LA_D_5505633,0,0.00019960711,0
LA_D_5545759,0,0.00010584146,0
LA_D_5577571,0,0.00024831083,0
LA_D_5614734,0,0.0008117681,0
LA_D_5636826,0,0.0016169578,0
LA_D_5673238,0,0.016216118,0
LA_D_5685884,0,0.011758151,0
LA_D_5709308,0,0.00039692828,0
LA_D_5759815,0,0.011840104,0
LA_D_5762299,0,0.008301214,0
LA_D_5766454,0,0.0024016644,0
LA_D_5782011,0,0.00018006988,0
LA_D_5808364,0,0.00013906232,0
LA_D_5827672,0,0.0016982896,0
LA_D_5856267,0,0.00083086087,0
LA_D_5865882,0,0.00039497964,0
LA_D_5872228,0,0.00052013266,0
LA_D_5885744,0,0.00040405392,0
LA_D_5902944,0,0.0005932435,0
LA_D_5926820,0,0.00039144,0
LA_D_5940073,0,8.375753e-05,0
LA_D_5946805,0,0.0015391704,0
LA_D_5978963,0,0.00039982251,0
LA_D_5996963,0,0.00021907243,0
LA_D_6046242,0,0.0001181041,0
LA_D_6063723,0,0.0003373927,0
LA_D_6065963,0,0.00074506126,0
LA_D_6069206,0,0.0003918137,0
LA_D_6087332,0,0.00071693136,0
LA_D_6100859,0,0.0009469765,0
LA_D_6114427,0,0.00016834203,0
LA_D_6119277,0,0.00017080827,0
LA_D_6190101,0,0.008966896,0
LA_D_6245395,0,0.0003735064,0
LA_D_6261869,0,0.00053224736,0
LA_D_6316752,0,0.00048422228,0
LA_D_6322857,0,0.005506098,0
LA_D_6347272,0,0.003587318,0
LA_D_6350790,0,0.00044856698,0
LA_D_6357050,0,0.00035027193,0
LA_D_6380073,0,0.00023139214,0
LA_D_6382632,0,0.001798321,0
LA_D_6388697,0,0.00011493085,0
LA_D_6416726,0,0.0002724321,0
LA_D_6426747,0,0.00029365264,0
LA_D_6464823,0,0.0002096105,0
LA_D_6547634,0,0.00030071728,0
LA_D_6579258,0,0.00047852937,0
LA_D_6611831,0,0.0011898971,0
LA_D_6634974,0,0.0003365005,0
LA_D_6637278,0,0.00019483951,0
LA_D_6640366,0,0.00023073121,0
LA_D_6641057,0,0.0015041722,0
LA_D_6655351,0,0.000938057,0
LA_D_6657787,0,0.0002314045,0
LA_D_6659080,0,0.00024297093,0
LA_D_6693854,0,0.00021977247,0
LA_D_6742189,0,0.00020524455,0
LA_D_6754279,0,0.00033094053,0
LA_D_6779582,0,0.0003839845,0
LA_D_6791686,0,0.0006528763,0
LA_D_6863787,0,0.00077979546,0
LA_D_6942133,0,6.57811e-05,0
LA_D_6978561,0,0.0017826757,0
LA_D_6992037,0,0.0006338744,0
LA_D_6992646,0,0.00037089628,0
LA_D_7011066,0,0.0520097,0
LA_D_7040944,0,0.003198364,0
LA_D_7062833,0,0.00023937468,0
LA_D_7073459,0,0.003052546,0
LA_D_7079669,0,0.0099594025,0
LA_D_7114286,0,0.000595459,0
LA_D_7134088,0,0.00084690086,0
LA_D_7148970,0,0.00030985216,0
LA_D_7189764,0,0.00022330009,0
LA_D_7197109,0,0.00019475147,0
LA_D_7224276,0,0.0010904241,0
LA_D_7245490,0,0.00021808544,0
LA_D_7247122,0,0.00032565216,0
LA_D_7278229,0,0.0009180579,0
LA_D_7282553,0,0.0005636614,0
LA_D_7292017,0,0.00029231107,0
LA_D_7294657,0,0.0012131372,0
LA_D_7298360,0,0.00032965327,0
LA_D_7298575,0,0.00059619924,0
LA_D_7321528,0,0.00086934667,0
LA_D_7330214,0,0.00028046168,0
LA_D_7389105,0,0.00020566746,0
LA_D_7389214,0,0.0005339063,0
LA_D_7431097,0,0.0004124854,0
LA_D_7433073,0,0.00027666285,0
LA_D_7438406,0,0.00030738767,0
LA_D_7468734,0,0.0011466105,0
LA_D_7471100,0,0.00057204836,0
LA_D_7473457,0,0.000497593,0
LA_D_7506436,0,0.00024309236,0
LA_D_7516822,0,0.0010153295,0
LA_D_7603416,0,0.00017450274,0
LA_D_7603542,0,0.00049442035,0
LA_D_7641950,0,0.0013613123,0
LA_D_7645919,0,0.00021506606,0
LA_D_7672869,0,0.00031407303,0
LA_D_7719872,0,0.0002965545,0
LA_D_7721596,0,0.0001684268,0
LA_D_7756164,0,0.00124009,0
LA_D_7757696,0,0.0007807472,0
LA_D_7762795,0,0.0008717543,0
LA_D_7795590,0,0.008485921,0
LA_D_7827140,0,0.00029732962,0
LA_D_7864914,0,0.00021604598,0
LA_D_7884980,0,0.0018929131,0
LA_D_7892127,0,0.0002849993,0
LA_D_7892153,0,0.00039769718,0
LA_D_7977494,0,0.00030247294,0
LA_D_8014046,0,0.00030699084,0
LA_D_8020639,0,0.00045947972,0
LA_D_8051493,0,0.000303701,0
LA_D_8083306,0,0.00058028445,0
LA_D_8119054,0,0.00035555556,0
LA_D_8157473,0,0.00037546598,0
LA_D_8233126,0,0.00049455726,0
LA_D_8266916,0,0.005428856,0
LA_D_8278845,0,0.0002869766,0
LA_D_8317299,0,0.0005573834,0
LA_D_8350505,0,0.00052859855,0
LA_D_8352772,0,0.000186701,0
LA_D_8379927,0,0.00032383605,0
LA_D_8407631,0,0.00046247087,0
LA_D_8408616,0,0.00015458182,0
LA_D_8429596,0,0.0003796447,0
LA_D_8433350,0,0.00020674332,0
LA_D_8442719,0,0.00027112282,0
LA_D_8504203,0,0.00047998992,0
LA_D_8509886,0,0.0005437334,0
LA_D_8512928,0,0.0003748426,0
LA_D_8527649,0,0.00032961115,0
LA_D_8550461,0,0.00043808654,0
LA_D_8605944,0,0.000114117276,0
LA_D_8636102,0,0.004357375,0
LA_D_8655950,0,0.0008113164,0
LA_D_8703309,0,0.0007168213,0
LA_D_8704683,0,0.0051475097,0
LA_D_8714203,0,0.00016596232,0
LA_D_8737938,0,0.00032843236,0
LA_D_8746101,0,0.00039240412,0
LA_D_8749485,0,0.0018887385,0
LA_D_8752562,0,0.004292337,0
LA_D_8757855,0,0.0002992946,0
LA_D_8790340,0,0.0012745126,0
LA_D_8842294,0,9.2956216e-05,0
LA_D_8844402,0,0.00014799884,0
LA_D_8858606,0,0.00020166281,0
LA_D_8874055,0,0.00024761836,0
LA_D_8880080,0,0.0021181442,0
LA_D_8884489,0,0.0026669456,0
LA_D_8887766,0,0.0008224894,0
LA_D_8974682,0,0.0008258117,0
LA_D_9008648,0,0.0007579831,0
LA_D_9078979,0,0.0003911248,0
LA_D_9080347,0,0.005494853,0
LA_D_9088112,0,0.00035249253,0
LA_D_9093953,0,0.0002799335,0
LA_D_9099877,0,0.0002403086,0
LA_D_9116238,0,0.00031311723,0
LA_D_9120875,0,0.00020448158,0
LA_D_9143945,0,0.015018875,0
LA_D_9144102,0,0.00026013833,0
LA_D_9148848,0,0.0023958974,0
LA_D_9163648,0,0.0004240276,0
LA_D_9171147,0,0.00023525693,0
LA_D_9197571,0,0.0009282283,0
LA_D_9241622,0,0.0003831205,0
LA_D_9247877,0,0.00021298905,0
LA_D_9252037,0,0.00037416624,0
LA_D_9261739,0,0.00018991089,0
LA_D_9300215,0,0.0005501817,0
LA_D_9304067,0,0.0006967185,0
LA_D_9317483,0,0.00036107865,0
LA_D_9323818,0,0.00028312707,0
LA_D_9375135,0,0.00013640379,0
LA_D_9375495,0,0.00047851776,0
LA_D_9397840,0,0.0008530375,0
LA_D_9397923,0,0.0014099993,0
LA_D_9433309,0,0.00039360972,0
LA_D_9439849,0,0.00031488165,0
LA_D_9473241,0,0.00036764704,0
LA_D_9486985,0,0.001162818,0
LA_D_9487501,0,0.00096526236,0
LA_D_9497832,0,0.00015321182,0
LA_D_9550154,0,0.0011675162,0
LA_D_9593709,0,0.00036148904,0
LA_D_9734417,0,0.00044664778,0
LA_D_9847175,0,0.0004097985,0
LA_D_9848213,0,0.00070066535,0
LA_D_9860605,0,0.00039753053,0
LA_D_9878738,0,0.001423109,0
LA_D_9901913,0,0.0009896482,0
LA_D_9910927,0,0.0002730406,0
LA_D_9948857,0,0.00055482064,0
LA_D_9949914,0,0.00073435064,0
LA_D_9950490,0,0.00033375793,0
LA_D_9995807,0,0.0010668874,0
LA_D_9997570,0,0.00041725195,0
LA_D_1002200,0,0.0036038957,0
LA_D_1007830,0,0.004578888,0
LA_D_1025756,0,0.00058179186,0
LA_D_1063772,0,0.0013308591,0
LA_D_1067946,0,0.001192634,0
LA_D_1110070,0,0.0008304228,0
LA_D_1131210,0,0.0014471042,0
LA_D_1135642,0,0.00023439806,0
LA_D_1297929,0,0.00087248976,0
LA_D_1302448,0,0.0009648109,0
LA_D_1340425,0,0.0015971322,0
LA_D_1387034,0,0.0018024051,0
LA_D_1400454,0,0.0006452762,0
LA_D_1447906,0,0.0005939909,0
LA_D_1462987,0,0.0011137489,0
LA_D_1466691,0,0.0043791276,0
LA_D_1474686,0,0.0037978655,0
LA_D_1579407,0,0.00037574672,0
LA_D_1613160,0,0.0022710802,0
LA_D_1631229,0,0.0008674456,0
LA_D_1648545,0,0.0014668062,0
LA_D_1670480,0,0.0009993816,0
LA_D_1700594,0,0.013420543,0
LA_D_1713307,0,0.53847736,1
LA_D_1714907,0,0.006590193,0
LA_D_1721029,0,0.01685203,0
LA_D_1771814,0,0.0011513338,0
LA_D_1787826,0,0.0012672764,0
LA_D_1853137,0,0.05874811,0
LA_D_1876813,0,0.0010220839,0
LA_D_1907754,0,0.0023365384,0
LA_D_1919468,0,0.005041825,0
LA_D_1943658,0,0.00091636914,0
LA_D_1950787,0,0.005484443,0
LA_D_2045641,0,0.0002585543,0
LA_D_2065995,0,0.001221154,0
LA_D_2108373,0,0.00076037855,0
LA_D_2112409,0,0.03305527,0
LA_D_2133817,0,0.0023242105,0
LA_D_2154839,0,0.14784092,0
LA_D_2182562,0,0.0003986727,0
LA_D_2213830,0,0.0020906397,0
LA_D_2238605,0,0.0018995103,0
LA_D_2248057,0,0.0062076226,0
LA_D_2267149,0,0.0013076583,0
LA_D_2267504,0,0.0021378056,0
LA_D_2273005,0,0.00058805366,0
LA_D_2313563,0,0.0015146681,0
LA_D_2321743,0,0.0015826434,0
LA_D_2323254,0,0.0028458973,0
LA_D_2389222,0,0.004829605,0
LA_D_2450195,0,0.011758129,0
LA_D_2453665,0,0.00082523824,0
LA_D_2467966,0,0.00020391073,0
LA_D_2518852,0,0.002025498,0
LA_D_2576529,0,0.003098009,0
LA_D_2653207,0,0.002126449,0
LA_D_2677147,0,0.0013884855,0
LA_D_2690767,0,0.00391657,0
LA_D_2730632,0,0.0041597406,0
LA_D_2837273,0,0.003360372,0
LA_D_3002780,0,0.0030394082,0
LA_D_3016487,0,0.0012266418,0
LA_D_3030138,0,0.0012051546,0
LA_D_3044640,0,0.0004883829,0
LA_D_3056925,0,0.0023250873,0
LA_D_3078117,0,0.0017221664,0
LA_D_3086038,0,0.0022183636,0
LA_D_3119921,0,0.0011067447,0
LA_D_3124585,0,0.0007019068,0
LA_D_3206137,0,0.011897503,0
LA_D_3227084,0,0.001338947,0
LA_D_3236240,0,0.030502971,0
LA_D_3240450,0,0.0032182168,0
LA_D_3295687,0,0.002004867,0
LA_D_3297188,0,0.002580812,0
LA_D_3313017,0,0.0008308039,0
LA_D_3340625,0,0.0017702138,0
LA_D_3361986,0,0.009243955,0
LA_D_3388294,0,0.0009440792,0
LA_D_3395799,0,0.0005839591,0
LA_D_3478936,0,0.0010666415,0
LA_D_3513257,0,0.001318231,0
LA_D_3532043,0,0.0059973616,0
LA_D_3584869,0,0.00058656355,0
LA_D_3650218,0,0.0014317108,0
LA_D_3743275,0,0.00024341102,0
LA_D_3825396,0,0.00054676016,0
LA_D_3845352,0,0.0019918354,0
LA_D_3906693,0,0.013382904,0
LA_D_3945541,0,0.0028900604,0
LA_D_3969123,0,0.008559286,0
LA_D_4026256,0,0.0009125938,0
LA_D_4091670,0,0.0019364478,0
LA_D_4110964,0,0.0015741483,0
LA_D_4164922,0,0.003387777,0
LA_D_4172608,0,0.048691582,0
LA_D_4175116,0,0.00096717576,0
LA_D_4192839,0,0.0020438023,0
LA_D_4201464,0,0.0018157,0
LA_D_4218217,0,0.00063359085,0
LA_D_4225915,0,0.0015704018,0
LA_D_4264652,0,0.0014571886,0
LA_D_4266917,0,0.0006325681,0
LA_D_4267207,0,0.0043177083,0
LA_D_4312282,0,0.0019773147,0
LA_D_4357877,0,0.00021261958,0
LA_D_4365534,0,0.002156324,0
LA_D_4374130,0,0.00093391025,0
LA_D_4379964,0,0.0012694546,0
LA_D_4421478,0,0.0037616093,0
LA_D_4455707,0,0.0011748681,0
LA_D_4470743,0,0.00071029935,0
LA_D_4472830,0,0.010672434,0
LA_D_4490113,0,0.0016299319,0
LA_D_4579304,0,0.006082271,0
LA_D_4597782,0,0.0014671318,0
LA_D_4636504,0,0.00055565045,0
LA_D_4653157,0,0.82927847,1
LA_D_4660628,0,0.0021238138,0
LA_D_4668402,0,0.0007153159,0
LA_D_4683557,0,0.0009091864,0
LA_D_4703703,0,0.0010092306,0
LA_D_4708702,0,0.0016303594,0
LA_D_4710815,0,0.0017562163,0
LA_D_4718825,0,0.0010063526,0
LA_D_4728167,0,0.0003198732,0
LA_D_4756759,0,0.0017213213,0
LA_D_4814132,0,0.008150133,0
LA_D_4858728,0,0.0004068092,0
LA_D_4876929,0,0.0027652555,0
LA_D_4961850,0,0.0075377757,0
LA_D_4963596,0,0.0083511295,0
LA_D_5027567,0,0.002986257,0
LA_D_5155460,0,0.0016109416,0
LA_D_5166256,0,0.003092938,0
LA_D_5171575,0,0.0011625101,0
LA_D_5203788,0,0.0168535,0
LA_D_5224466,0,0.0027200603,0
LA_D_5294773,0,0.010473113,0
LA_D_5311628,0,0.001999772,0
LA_D_5319370,0,0.0016162491,0
LA_D_5322044,0,0.0016024704,0
LA_D_5328555,0,0.0007246631,0
LA_D_5341578,0,0.0006026482,0
LA_D_5363798,0,0.00041534862,0
LA_D_5394371,0,0.000975534,0
LA_D_5402057,0,0.001097675,0
LA_D_5418908,0,0.001203564,0
LA_D_5456777,0,0.0030784311,0
LA_D_5465280,0,0.0012706395,0
LA_D_5467501,0,0.0007359389,0
LA_D_5504231,0,0.00030904938,0
LA_D_5546688,0,0.00041181743,0
LA_D_5610202,0,0.00050710456,0
LA_D_5628839,0,0.0142263565,0
LA_D_5655804,0,0.00088018354,0
LA_D_5694219,0,0.00053657347,0
LA_D_5723637,0,0.00185521,0
LA_D_5733934,0,0.00042251655,0
LA_D_5744337,0,0.0018203702,0
LA_D_5859431,0,0.0020550105,0
LA_D_5891436,0,0.0012211493,0
LA_D_5894669,0,0.00031228218,0
LA_D_5981100,0,0.002659144,0
LA_D_6002047,0,0.009827294,0
LA_D_6028412,0,0.0006143247,0
LA_D_6063728,0,0.0140636815,0
LA_D_6085680,0,0.0014176104,0
LA_D_6098066,0,0.0018178653,0
LA_D_6138688,0,0.0008454516,0
LA_D_6165482,0,0.0015181531,0
LA_D_6187643,0,0.25308725,0
LA_D_6209900,0,0.002883028,0
LA_D_6218180,0,0.007544566,0
LA_D_6286091,0,0.005256819,0
LA_D_6332892,0,0.0080078645,0
LA_D_6373451,0,0.00056978513,0
LA_D_6459710,0,0.0024050602,0
LA_D_6469751,0,0.012195121,0
LA_D_6482933,0,0.0010409808,0
LA_D_6536746,0,0.00097320107,0
LA_D_6549281,0,0.00885853,0
LA_D_6575758,0,0.002094228,0
LA_D_6590381,0,0.0005164315,0
LA_D_6648837,0,0.00020618978,0
LA_D_6729894,0,0.0005724364,0
LA_D_6731562,0,0.0014654833,0
LA_D_6735956,0,0.0071770214,0
LA_D_6789741,0,0.00017651962,0
LA_D_6813006,0,0.00040602696,0
LA_D_6856066,0,0.0012265514,0
LA_D_6878630,0,0.0032388454,0
LA_D_6878754,0,0.00081326126,0
LA_D_6945155,0,0.0016927634,0
LA_D_6952192,0,0.018810064,0
LA_D_6954943,0,0.00087867054,0
LA_D_6994171,0,0.012095945,0
LA_D_6996385,0,0.0014106816,0
LA_D_7003290,0,0.0021071848,0
LA_D_7019901,0,0.20140055,0
LA_D_7046619,0,0.026889587,0
LA_D_7060810,0,0.0025585056,0
LA_D_7097332,0,0.0011551281,0
LA_D_7105149,0,0.0064913044,0
LA_D_7132999,0,0.22569251,0
LA_D_7136231,0,0.0031815155,0
LA_D_7178613,0,0.0005490172,0
LA_D_7227717,0,0.0015245969,0
LA_D_7293074,0,0.000935298,0
LA_D_7294764,0,0.0033047865,0
LA_D_7295956,0,0.00053622015,0
LA_D_7303262,0,0.0016199542,0
LA_D_7385868,0,0.0023792633,0
LA_D_7403339,0,0.001894687,0
LA_D_7445001,0,0.003604831,0
LA_D_7447986,0,0.013537903,0
LA_D_7452521,0,0.0009392295,0
LA_D_7463331,0,0.00034512472,0
LA_D_7539350,0,0.000608905,0
LA_D_7610528,0,0.00067582325,0
LA_D_7623512,0,0.0012817492,0
LA_D_7631675,0,0.0036510066,0
LA_D_7702257,0,0.0013924622,0
LA_D_7766599,0,0.00069687056,0
LA_D_7807172,0,0.014579248,0
LA_D_7856548,0,0.0018054267,0
LA_D_7857513,0,0.0007860224,0
LA_D_7860524,0,0.012398998,0
LA_D_7934321,0,0.001148157,0
LA_D_7954991,0,0.0031328008,0
LA_D_7963313,0,0.0027225863,0
LA_D_7986850,0,0.0011780261,0
LA_D_8012684,0,0.0012191712,0
LA_D_8044923,0,0.6234412,1
LA_D_8050230,0,0.0007820518,0
LA_D_8057533,0,0.0030142614,0
LA_D_8065951,0,0.0029812283,0
LA_D_8086042,0,0.00042499803,0
LA_D_8089138,0,0.00065278105,0
LA_D_8107939,0,0.0013229537,0
LA_D_8136802,0,0.00061474345,0
LA_D_8177600,0,0.04964438,0
LA_D_8180116,0,0.0007478291,0
LA_D_8185337,0,0.0011157797,0
LA_D_8203374,0,0.004591289,0
LA_D_8217062,0,0.012346685,0
LA_D_8229927,0,0.11542557,0
LA_D_8298869,0,0.0044997763,0
LA_D_8323465,0,0.001253378,0
LA_D_8362480,0,0.00094514707,0
LA_D_8362615,0,0.0004391171,0
LA_D_8392326,0,0.0018148462,0
LA_D_8414414,0,0.0013024316,0
LA_D_8422718,0,0.0006189063,0
LA_D_8512727,0,0.0013059437,0
LA_D_8598286,0,0.037220825,0
LA_D_8599385,0,0.007156203,0
LA_D_8657678,0,0.00032392528,0
LA_D_8658570,0,0.00073840393,0
LA_D_8688272,0,0.0020255356,0
LA_D_8688945,0,0.02203509,0
LA_D_8691875,0,0.011693368,0
LA_D_8762296,0,0.0005587142,0
LA_D_8765322,0,0.007742452,0
LA_D_8778367,0,0.0002772276,0
LA_D_8779473,0,0.0002428968,0
LA_D_8789400,0,0.0016014004,0
LA_D_8803432,0,0.00045615778,0
LA_D_8821416,0,0.025875807,0
LA_D_8844445,0,0.0024415904,0
LA_D_8905425,0,0.26062056,0
LA_D_8910475,0,0.0148758795,0
LA_D_8944361,0,0.002112974,0
LA_D_8964349,0,0.00082111073,0
LA_D_9028753,0,0.002037095,0
LA_D_9050986,0,0.00093259965,0
LA_D_9069422,0,0.00070758903,0
LA_D_9102400,0,0.00071620545,0
LA_D_9175939,0,0.00035124333,0
LA_D_9239645,0,0.00029086354,0
LA_D_9247502,0,0.005350448,0
LA_D_9253420,0,0.00091270416,0
LA_D_9330010,0,0.0013243215,0
LA_D_9338167,0,0.00080337666,0
LA_D_9339602,0,0.0015826692,0
LA_D_9356307,0,0.0004165594,0
LA_D_9394766,0,0.026440756,0
LA_D_9412889,0,0.00044205727,0
LA_D_9432031,0,0.0007502989,0
LA_D_9440603,0,0.0016479791,0
LA_D_9449715,0,0.008384476,0
LA_D_9476215,0,0.002798275,0
LA_D_9488197,0,0.00075432006,0
LA_D_9537038,0,0.0004854086,0
LA_D_9575315,0,0.0029959865,0
LA_D_9644461,0,0.00035736783,0
LA_D_9644520,0,0.00024398795,0
LA_D_9646459,0,0.00072719087,0
LA_D_9698822,0,0.0004374255,0
LA_D_9732708,0,0.003188193,0
LA_D_9744020,0,0.0011072995,0
LA_D_9791419,0,0.0048257285,0
LA_D_9847423,0,0.00029296195,0
LA_D_9895830,0,0.0011280779,0
LA_D_9922367,0,0.0013110347,0
LA_D_9936454,0,0.0005666645,0
LA_D_9964285,0,0.00024478763,0
LA_D_1027036,0,0.002253238,0
LA_D_1063280,0,0.0054261712,0
LA_D_1074040,0,0.0009334156,0
LA_D_1158489,0,0.0012766812,0
LA_D_1168201,0,0.003276204,0
LA_D_1179745,0,0.0018823785,0
LA_D_1190183,0,0.0004669974,0
LA_D_1232140,0,0.0016674354,0
LA_D_1238201,0,0.02304336,0
LA_D_1248209,0,0.0021867964,0
LA_D_1264445,0,0.00036348955,0
LA_D_1280356,0,0.001178786,0
LA_D_1351069,0,0.0013971726,0
LA_D_1351546,0,0.0019435476,0
LA_D_1382194,0,0.0011990692,0
LA_D_1388138,0,0.005298021,0
LA_D_1393294,0,0.0009937624,0
LA_D_1463624,0,0.008826544,0
LA_D_1518174,0,0.0030071568,0
LA_D_1521999,0,0.00040986956,0
LA_D_1625102,0,0.0021700128,0
LA_D_1697322,0,0.002258897,0
LA_D_1715778,0,0.0010475203,0
LA_D_1892568,0,0.003186907,0
LA_D_1935532,0,0.00075320853,0
LA_D_1935726,0,0.0016591769,0
LA_D_2017083,0,0.0028473334,0
LA_D_2045790,0,0.0011532777,0
LA_D_2111041,0,0.0013973988,0
LA_D_2113716,0,0.0019338358,0
LA_D_2153291,0,0.0012495565,0
LA_D_2179611,0,0.00060235616,0
LA_D_2226291,0,0.0034064075,0
LA_D_2235229,0,0.00122827,0
LA_D_2249074,0,0.0003703036,0
LA_D_2265780,0,0.0010811759,0
LA_D_2350123,0,0.016944349,0
LA_D_2379549,0,0.010640612,0
LA_D_2481318,0,0.0012050438,0
LA_D_2540693,0,0.00218217,0
LA_D_2544213,0,0.00070546573,0
LA_D_2589783,0,0.0013728621,0
LA_D_2621156,0,0.0033835853,0
LA_D_2667561,0,0.00083287945,0
LA_D_2682641,0,0.0013918524,0
LA_D_2712069,0,0.00044276367,0
LA_D_2726610,0,0.003153173,0
LA_D_2734048,0,0.001800992,0
LA_D_2736752,0,0.00089618115,0
LA_D_2761727,0,0.0009241553,0
LA_D_2780378,0,0.0012976421,0
LA_D_2787302,0,0.0033339665,0
LA_D_2796486,0,0.006772188,0
LA_D_2815191,0,0.00057724136,0
LA_D_2862464,0,0.00045711632,0
LA_D_2862862,0,0.0006345299,0
LA_D_2895942,0,0.0021132063,0
LA_D_2909551,0,0.0021170075,0
LA_D_2940992,0,0.003440261,0
LA_D_3004195,0,0.001710515,0
LA_D_3027433,0,0.006436688,0
LA_D_3051172,0,0.005526876,0
LA_D_3069822,0,0.0022031383,0
LA_D_3081705,0,0.0007997014,0
LA_D_3106519,0,0.0089093875,0
LA_D_3115590,0,0.0020102693,0
LA_D_3150295,0,0.0010345412,0
LA_D_3177701,0,0.0060650455,0
LA_D_3205024,0,0.00095025176,0
LA_D_3245031,0,0.00087399577,0
LA_D_3250407,0,0.001447011,0
LA_D_3255096,0,0.0060769953,0
LA_D_3281386,0,0.0018556355,0
LA_D_3314744,0,0.0015028236,0
LA_D_3331528,0,0.0034742563,0
LA_D_3352586,0,0.0010995998,0
LA_D_3371337,0,0.07463007,0
LA_D_3373830,0,0.004993736,0
LA_D_3386014,0,0.0021802213,0
LA_D_3387945,0,0.0010136396,0
LA_D_3405582,0,0.0011481893,0
LA_D_3408202,0,0.0031805132,0
LA_D_3409583,0,0.85860187,1
LA_D_3410467,0,0.0034023586,0
LA_D_3415474,0,0.0019728586,0
LA_D_3434212,0,0.0014563648,0
LA_D_3438062,0,0.0014276889,0
LA_D_3438542,0,0.0010631395,0
LA_D_3470313,0,0.020477295,0
LA_D_3481855,0,0.0027675075,0
LA_D_3497818,0,0.0014719757,0
LA_D_3611170,0,0.0014032078,0
LA_D_3626485,0,0.00034552717,0
LA_D_3634650,0,0.00012774822,0
LA_D_3675957,0,0.0026659109,0
LA_D_3703706,0,0.0026525802,0
LA_D_3703829,0,0.00064058433,0
LA_D_3746592,0,0.001372921,0
LA_D_3761372,0,0.16865663,0
LA_D_3811662,0,0.0064631402,0
LA_D_3823928,0,0.0042043296,0
LA_D_3848625,0,0.0013001821,0
LA_D_3942877,0,0.009836137,0
LA_D_3954136,0,0.0006790244,0
LA_D_3958645,0,0.0010988814,0
LA_D_3958701,0,0.00053823256,0
LA_D_4019987,0,0.0008493545,0
LA_D_4046895,0,0.0020380004,0
LA_D_4148744,0,0.008601919,0
LA_D_4181398,0,0.0013092097,0
LA_D_4182510,0,0.0011058232,0
LA_D_4184582,0,0.0049806177,0
LA_D_4191582,0,0.0010739921,0
LA_D_4193632,0,0.0007841551,0
LA_D_4195024,0,0.0029378205,0
LA_D_4231438,0,0.0014447483,0
LA_D_4240232,0,0.02851571,0
LA_D_4241032,0,0.001604274,0
LA_D_4250284,0,0.001466552,0
LA_D_4274327,0,0.0028653406,0
LA_D_4302814,0,0.0018485765,0
LA_D_4306636,0,0.0018801169,0
LA_D_4339929,0,0.0004833655,0
LA_D_4358018,0,0.01952838,0
LA_D_4368080,0,0.030848615,0
LA_D_4378419,0,0.029420534,0
LA_D_4382768,0,0.0063293236,0
LA_D_4385637,0,0.0009461494,0
LA_D_4502872,0,0.0055952366,0
LA_D_4518823,0,0.054947853,0
LA_D_4530249,0,0.0013550752,0
LA_D_4541895,0,0.016075104,0
LA_D_4609401,0,0.0023626068,0
LA_D_4702964,0,0.005660426,0
LA_D_4707076,0,0.00070512295,0
LA_D_4728531,0,0.009109193,0
LA_D_4740253,0,0.0064587574,0
LA_D_4758741,0,0.0012205237,0
LA_D_4763361,0,0.00073687296,0
LA_D_4798984,0,0.00044738105,0
LA_D_4813001,0,0.0037029528,0
LA_D_4813446,0,0.0009651806,0
LA_D_4820874,0,0.0013066336,0
LA_D_4876374,0,0.001206823,0
LA_D_4907345,0,0.003577189,0
LA_D_4911106,0,0.0903045,0
LA_D_4921306,0,0.012277115,0
LA_D_4936226,0,0.00029025992,0
LA_D_4941783,0,0.011649634,0
LA_D_4970282,0,0.0009985024,0
LA_D_4972782,0,0.0009593214,0
LA_D_5026079,0,0.0010308439,0
LA_D_5041256,0,0.0062070666,0
LA_D_5082258,0,0.0019495246,0
LA_D_5085425,0,0.0012011084,0
LA_D_5094867,0,0.24159251,0
LA_D_5145079,0,0.0012815349,0
LA_D_5174186,0,0.0018131186,0
LA_D_5225846,0,0.0029983174,0
LA_D_5236165,0,0.0075568054,0
LA_D_5274055,0,0.00081125996,0
LA_D_5288785,0,0.0011595809,0
LA_D_5328469,0,0.12564336,0
LA_D_5330416,0,0.0008430543,0
LA_D_5337300,0,0.0006394876,0
LA_D_5341780,0,0.0009248671,0
LA_D_5349891,0,0.0026946021,0
LA_D_5391312,0,0.0034949353,0
LA_D_5399074,0,0.00037117716,0
LA_D_5411425,0,0.013750084,0
LA_D_5416891,0,0.0005237265,0
LA_D_5463025,0,0.0006495756,0
LA_D_5472628,0,0.0024378374,0
LA_D_5502210,0,0.01280267,0
LA_D_5558097,0,0.0012829137,0
LA_D_5598437,0,0.0032770887,0
LA_D_5606948,0,0.008352235,0
LA_D_5648484,0,0.002017985,0
LA_D_5658047,0,0.0004480238,0
LA_D_5674798,0,0.009447943,0
LA_D_5702698,0,0.0007280615,0
LA_D_5731514,0,0.0022031341,0
LA_D_5744723,0,0.0016968383,0
LA_D_5756079,0,0.0009053862,0
LA_D_5761294,0,0.009598128,0
LA_D_5788830,0,0.0012071076,0
LA_D_5810774,0,0.0014918916,0
LA_D_5811636,0,0.00019671742,0
LA_D_5815871,0,0.0012471594,0
LA_D_5815879,0,0.0047532865,0
LA_D_5854347,0,0.0024477202,0
LA_D_5890209,0,0.00091912487,0
LA_D_5902939,0,0.035641294,0
LA_D_5915443,0,0.0081857,0
LA_D_5966896,0,0.0012237098,0
LA_D_6004306,0,0.0005737662,0
LA_D_6020277,0,0.0013390312,0
LA_D_6060748,0,0.00076304394,0
LA_D_6078371,0,0.0014233659,0
LA_D_6129214,0,0.00044562394,0
LA_D_6166462,0,0.0015049917,0
LA_D_6167979,0,0.053334434,0
LA_D_6178691,0,0.00082767016,0
LA_D_6212648,0,0.0007260138,0
LA_D_6301347,0,0.0005091728,0
LA_D_6302669,0,0.0023155857,0
LA_D_6364752,0,0.019172482,0
LA_D_6450264,0,0.0040136008,0
LA_D_6470899,0,0.06444403,0
LA_D_6607748,0,0.041586094,0
LA_D_6624488,0,0.0037627514,0
LA_D_6689857,0,0.003471317,0
LA_D_6695214,0,0.0011341545,0
LA_D_6754663,0,0.001901969,0
LA_D_6822464,0,0.0011476584,0
LA_D_6832697,0,0.003984052,0
LA_D_6844056,0,0.0016710922,0
LA_D_6910092,0,0.00047091057,0
LA_D_6923831,0,0.0021152354,0
LA_D_6923993,0,0.0010027121,0
LA_D_6954213,0,0.0012169367,0
LA_D_6966943,0,0.008947679,0
LA_D_6976547,0,0.0016508051,0
LA_D_7045724,0,0.000849178,0
LA_D_7081849,0,0.00088955567,0
LA_D_7083969,0,0.0014094535,0
LA_D_7121049,0,0.002064395,0
LA_D_7145015,0,0.0016145892,0
LA_D_7154160,0,0.0014294691,0
LA_D_7165623,0,0.0029533908,0
LA_D_7173940,0,0.0020366914,0
LA_D_7223284,0,0.09326749,0
LA_D_7248953,0,0.09201274,0
LA_D_7249552,0,0.0063798153,0
LA_D_7255755,0,0.0007712315,0
LA_D_7262716,0,0.0056200013,0
LA_D_7392383,0,0.011663175,0
LA_D_7496841,0,0.0015036782,0
LA_D_7575592,0,0.012160395,0
LA_D_7575877,0,0.053383976,0
LA_D_7588199,0,0.0006091084,0
LA_D_7591062,0,0.0018127984,0
LA_D_7615134,0,0.0007911039,0
LA_D_7634407,0,0.00188843,0
LA_D_7641113,0,0.0011239984,0
LA_D_7678069,0,0.0006770729,0
LA_D_7711351,0,0.00091284077,0
LA_D_7736497,0,0.0031029165,0
LA_D_7766550,0,0.0021927205,0
LA_D_7789202,0,0.0020085063,0
LA_D_7799234,0,0.007914963,0
LA_D_7832705,0,0.0015556255,0
LA_D_7836942,0,0.0013052156,0
LA_D_7863940,0,0.0016550369,0
LA_D_7900629,0,0.0067369156,0
LA_D_7934417,0,0.0010722888,0
LA_D_7941843,0,0.00068241375,0
LA_D_8039108,0,0.0008616266,0
LA_D_8173717,0,0.0012251888,0
LA_D_8183682,0,0.0012960809,0
LA_D_8359755,0,0.026388373,0
LA_D_8454906,0,0.0043584984,0
LA_D_8471747,0,0.0028350144,0
LA_D_8524883,0,0.0005689267,0
LA_D_8534191,0,0.7101904,1
LA_D_8630528,0,0.00085413153,0
LA_D_8634956,0,0.0011145943,0
LA_D_8658531,0,0.0005715698,0
LA_D_8679609,0,0.0004615592,0
LA_D_8680505,0,0.0013364397,0
LA_D_8698219,0,0.028658371,0
LA_D_8900733,0,0.0018176715,0
LA_D_8928209,0,0.0018298406,0
LA_D_8940981,0,0.0007282117,0
LA_D_8986725,0,0.028724708,0
LA_D_9039108,0,0.0011974581,0
LA_D_9063622,0,0.00080631603,0
LA_D_9081617,0,0.004234407,0
LA_D_9093007,0,0.0053838114,0
LA_D_9097473,0,0.0011210333,0
LA_D_9175542,0,0.00897688,0
LA_D_9238403,0,0.0016941878,0
LA_D_9261139,0,0.004243195,0
LA_D_9325156,0,0.0044396855,0
LA_D_9449718,0,0.0016149562,0
LA_D_9451389,0,0.00850726,0
LA_D_9457760,0,0.0007870128,0
LA_D_9460191,0,0.008876799,0
LA_D_9469910,0,0.0018151902,0
LA_D_9523778,0,0.0060740174,0
LA_D_9562015,0,0.0012226036,0
LA_D_9582658,0,0.0009986174,0
LA_D_9603070,0,0.0027066397,0
LA_D_9662606,0,0.0034569467,0
LA_D_9686838,0,0.001616666,0
LA_D_9696470,0,0.0010401283,0
LA_D_9704240,0,0.0012842194,0
LA_D_9711707,0,0.0049746144,0
LA_D_9719597,0,0.0017530057,0
LA_D_9721837,0,0.0005326932,0
LA_D_9724900,0,0.0033672843,0
LA_D_9774871,0,0.008396247,0
LA_D_9881093,0,0.0019961665,0
LA_D_9913955,0,0.003811974,0
LA_D_9915722,0,0.001963436,0
LA_D_9927048,0,0.0792607,0
LA_D_9935628,0,0.0006764483,0
LA_D_9953593,0,0.0013723575,0
LA_D_1024541,0,0.00040498405,0
LA_D_1035695,0,0.0004938608,0
LA_D_1042553,0,0.00021037375,0
LA_D_1134137,0,0.0013108992,0
LA_D_1218270,0,0.0007357572,0
LA_D_1218955,0,0.00078635354,0
LA_D_1226093,0,0.0008701626,0
LA_D_1239007,0,0.0015616275,0
LA_D_1248476,0,0.0010360325,0
LA_D_1252524,0,0.0017509192,0
LA_D_1390523,0,0.00029227624,0
LA_D_1412369,0,0.00069216726,0
LA_D_1432668,0,0.002799267,0
LA_D_1463958,0,0.00045686107,0
LA_D_1496754,0,0.0003055857,0
LA_D_1509117,0,0.0020839057,0
LA_D_1528364,0,0.00049347,0
LA_D_1535343,0,0.00061479094,0
LA_D_1601494,0,0.0008131601,0
LA_D_1601833,0,0.00093818526,0
LA_D_1614845,0,0.00037845186,0
LA_D_1632847,0,0.001303078,0
LA_D_1635246,0,0.00035416477,0
LA_D_1643538,0,0.001108055,0
LA_D_1711564,0,0.00087778986,0
LA_D_1755243,0,0.00058652135,0
LA_D_1755482,0,0.0005307445,0
LA_D_1778489,0,0.00048683072,0
LA_D_1783037,0,0.00019443216,0
LA_D_1809307,0,0.00096238544,0
LA_D_1838028,0,0.0010623327,0
LA_D_1864652,0,0.0014398304,0
LA_D_1871223,0,0.0033907064,0
LA_D_1919505,0,0.00046684852,0
LA_D_1953575,0,0.0011811885,0
LA_D_1954275,0,0.0006083142,0
LA_D_1989443,0,0.00030792298,0
LA_D_2003609,0,0.0002935292,0
LA_D_2006600,0,0.0003138979,0
LA_D_2046470,0,0.0001701874,0
LA_D_2086920,0,0.0010352194,0
LA_D_2092684,0,0.0004959019,0
LA_D_2143588,0,0.0006734376,0
LA_D_2193916,0,0.00038850142,0
LA_D_2228504,0,0.0012099158,0
LA_D_2280242,0,0.0029428503,0
LA_D_2299839,0,0.00093686866,0
LA_D_2332596,0,0.0020892932,0
LA_D_2364299,0,0.0007058111,0
LA_D_2367658,0,0.0005470419,0
LA_D_2373826,0,0.0002837343,0
LA_D_2374054,0,0.0012250067,0
LA_D_2374590,0,0.00025000362,0
LA_D_2379249,0,0.00072520814,0
LA_D_2380365,0,0.00048778855,0
LA_D_2416790,0,0.00052148965,0
LA_D_2437354,0,0.00048636127,0
LA_D_2491741,0,0.0083048735,0
LA_D_2493315,0,0.0008578643,0
LA_D_2499496,0,0.0036817642,0
LA_D_2499954,0,0.000780172,0
LA_D_2511151,0,0.001160821,0
LA_D_2536179,0,0.0009608893,0
LA_D_2586141,0,0.0005996687,0
LA_D_2632718,0,0.0004168363,0
LA_D_2661958,0,0.0005050597,0
LA_D_2709080,0,0.0006819265,0
LA_D_2717878,0,0.0012421753,0
LA_D_2721191,0,0.0010589584,0
LA_D_2727763,0,0.00037687455,0
LA_D_2731036,0,0.00053271936,0
LA_D_2736869,0,0.0009638168,0
LA_D_2746243,0,0.0014015564,0
LA_D_2746267,0,0.0012327366,0
LA_D_2783081,0,0.0010518674,0
LA_D_2793042,0,0.0038385945,0
LA_D_2805826,0,0.0007383856,0
LA_D_2831844,0,0.000631248,0
LA_D_2888596,0,0.0005224845,0
LA_D_2910262,0,0.0054009515,0
LA_D_2940539,0,0.0049663885,0
LA_D_2951507,0,0.00067806704,0
LA_D_2987509,0,0.00057687314,0
LA_D_3112824,0,0.0005494208,0
LA_D_3121066,0,0.00047067006,0
LA_D_3139557,0,0.0009396465,0
LA_D_3163081,0,0.0006237631,0
LA_D_3180081,0,0.0009437973,0
LA_D_3224812,0,0.0005082653,0
LA_D_3255789,0,0.0008305474,0
LA_D_3286040,0,0.005808436,0
LA_D_3287162,0,0.0024703552,0
LA_D_3309731,0,0.0013110933,0
LA_D_3317337,0,0.00065666845,0
LA_D_3332845,0,0.0012570969,0
LA_D_3336827,0,0.0006515771,0
LA_D_3337239,0,0.00079592894,0
LA_D_3359713,0,0.0014605667,0
LA_D_3364219,0,0.001220697,0
LA_D_3416934,0,0.0010570998,0
LA_D_3424949,0,0.00075084117,0
LA_D_3425869,0,0.0005062022,0
LA_D_3431144,0,0.00036944658,0
LA_D_3434819,0,0.001745934,0
LA_D_3440841,0,0.00039952432,0
LA_D_3444944,0,0.00022044108,0
LA_D_3472699,0,0.0024360488,0
LA_D_3472855,0,0.0012535857,0
LA_D_3481947,0,0.0005775735,0
LA_D_3495463,0,0.0005317924,0
LA_D_3495507,0,0.0008642557,0
LA_D_3512887,0,0.00021038677,0
LA_D_3523121,0,0.00054619607,0
LA_D_3525708,0,0.0017724651,0
LA_D_3581963,0,0.0029954596,0
LA_D_3623933,0,0.00070578855,0
LA_D_3673803,0,0.0005775226,0
LA_D_3691914,0,0.0008344249,0
LA_D_3694349,0,0.0005865903,0
LA_D_3859466,0,0.000640733,0
LA_D_3860524,0,0.0010253902,0
LA_D_3862793,0,0.0015649037,0
LA_D_3874710,0,0.000772565,0
LA_D_3880845,0,0.0005839263,0
LA_D_3928922,0,0.00024132642,0
LA_D_3956535,0,0.0012996026,0
LA_D_4070411,0,0.0006457588,0
LA_D_4083902,0,0.0003592176,0
LA_D_4103449,0,0.004189797,0
LA_D_4113219,0,0.00062952214,0
LA_D_4135542,0,0.009813166,0
LA_D_4136401,0,0.00072122796,0
LA_D_4180382,0,0.00037053545,0
LA_D_4280433,0,0.002149437,0
LA_D_4293774,0,0.00049988466,0
LA_D_4301521,0,0.00049604353,0
LA_D_4339595,0,0.0005438933,0
LA_D_4339686,0,0.00056807755,0
LA_D_4430284,0,0.0007845714,0
LA_D_4448951,0,0.0010886654,0
LA_D_4483013,0,0.00075074425,0
LA_D_4494703,0,0.0007255794,0
LA_D_4505123,0,0.0015158167,0
LA_D_4586638,0,0.0011669135,0
LA_D_4637943,0,0.00019422706,0
LA_D_4653523,0,0.00042239812,0
LA_D_4662010,0,0.00024034022,0
LA_D_4696311,0,0.00025587832,0
LA_D_4697088,0,0.07991736,0
LA_D_4709234,0,0.0007391889,0
LA_D_4720854,0,0.0008154966,0
LA_D_4747651,0,0.0010286577,0
LA_D_4790311,0,0.00083281554,0
LA_D_4873396,0,0.00025564397,0
LA_D_4882560,0,0.0006329257,0
LA_D_4884481,0,0.0014945548,0
LA_D_4900323,0,0.00026784773,0
LA_D_4920424,0,0.000186988,0
LA_D_4942826,0,0.0002873465,0
LA_D_4960294,0,0.0007849438,0
LA_D_5028072,0,0.0009424598,0
LA_D_5028697,0,0.00079398556,0
LA_D_5071457,0,0.00057518214,0
LA_D_5101720,0,0.0017822625,0
LA_D_5106469,0,0.0013008558,0
LA_D_5117145,0,0.0011015896,0
LA_D_5118097,0,0.0018365913,0
LA_D_5123725,0,0.0006963338,0
LA_D_5185723,0,0.001079773,0
LA_D_5192013,0,0.0016201279,0
LA_D_5210752,0,0.0011906759,0
LA_D_5267968,0,0.00089987763,0
LA_D_5275946,0,0.0007661238,0
LA_D_5308008,0,0.0007975146,0
LA_D_5313766,0,0.0007701783,0
LA_D_5332246,0,0.0005053575,0
LA_D_5337439,0,0.0067261867,0
LA_D_5362013,0,0.00027742353,0
LA_D_5400157,0,0.00036919536,0
LA_D_5400787,0,0.0005588127,0
LA_D_5409547,0,0.00060488033,0
LA_D_5441203,0,0.00034116342,0
LA_D_5453401,0,0.00046504082,0
LA_D_5463700,0,0.0007119658,0
LA_D_5464792,0,0.0011826719,0
LA_D_5474661,0,0.0009190001,0
LA_D_5485515,0,0.00087743276,0
LA_D_5492356,0,0.00039768976,0
LA_D_5511445,0,0.0007380318,0
LA_D_5515164,0,0.006308133,0
LA_D_5539912,0,0.0013551209,0
LA_D_5551945,0,0.00084915856,0
LA_D_5556633,0,0.015242378,0
LA_D_5569369,0,0.0010743656,0
LA_D_5602174,0,0.001131656,0
LA_D_5602437,0,0.0008046201,0
LA_D_5610125,0,0.00020624897,0
LA_D_5626564,0,0.00056930335,0
LA_D_5629187,0,0.002516841,0
LA_D_5647508,0,0.00023117561,0
LA_D_5655417,0,0.00080924685,0
LA_D_5681705,0,0.0025573277,0
LA_D_5712427,0,0.00043794204,0
LA_D_5713865,0,0.00032033736,0
LA_D_5752916,0,0.0010008318,0
LA_D_5789585,0,0.00047805565,0
LA_D_5808200,0,0.0016369107,0
LA_D_5873758,0,0.0016103704,0
LA_D_5882342,0,0.00056510436,0
LA_D_5886832,0,0.00076522416,0
LA_D_5934440,0,0.0006748363,0
LA_D_5966111,0,0.0009991822,0
LA_D_5998708,0,0.00054536836,0
LA_D_6013990,0,0.00045676154,0
LA_D_6025730,0,0.0007848384,0
LA_D_6040176,0,0.0007810281,0
LA_D_6113830,0,0.00010234503,0
LA_D_6116905,0,0.0007977601,0
LA_D_6145523,0,0.00074713427,0
LA_D_6164377,0,0.0008284793,0
LA_D_6194235,0,0.0013781559,0
LA_D_6209989,0,0.0010941238,0
LA_D_6256464,0,0.0017903049,0
LA_D_6265877,0,0.0007133431,0
LA_D_6268154,0,0.00086684455,0
LA_D_6308947,0,0.0009931703,0
LA_D_6335322,0,0.00027084816,0
LA_D_6345131,0,0.00026650532,0
LA_D_6356896,0,0.00036425982,0
LA_D_6368816,0,0.0013747527,0
LA_D_6374661,0,0.0002523705,0
LA_D_6376974,0,0.004230965,0
LA_D_6445561,0,0.0009893088,0
LA_D_6499586,0,0.0003852656,0
LA_D_6545121,0,0.00067124586,0
LA_D_6548234,0,0.0009913987,0
LA_D_6585381,0,0.001163766,0
LA_D_6623812,0,0.0012313109,0
LA_D_6649816,0,0.00069797924,0
LA_D_6690990,0,0.13853426,0
LA_D_6693898,0,0.00069539377,0
LA_D_6727952,0,0.00026874506,0
LA_D_6767586,0,0.0009810593,0
LA_D_6807841,0,0.00018086989,0
LA_D_6812624,0,0.0020582608,0
LA_D_6820465,0,0.0005868549,0
LA_D_6821250,0,0.00093223754,0
LA_D_6861811,0,0.0005573247,0
LA_D_6863380,0,0.0005576539,0
LA_D_6871726,0,0.00037084307,0
LA_D_6884110,0,0.00014065504,0
LA_D_6890939,0,0.0006045241,0
LA_D_6924353,0,0.001987625,0
LA_D_6937150,0,0.00068888935,0
LA_D_7036071,0,0.0026946238,0
LA_D_7037337,0,0.011442444,0
LA_D_7039023,0,0.0008807691,0
LA_D_7094796,0,0.00095668714,0
LA_D_7100790,0,0.00046047766,0
LA_D_7126534,0,0.00019288386,0
LA_D_7153247,0,0.0018826422,0
LA_D_7169217,0,0.011893411,0
LA_D_7170458,0,0.0011174503,0
LA_D_7170608,0,0.00039086278,0
LA_D_7178248,0,0.00034245028,0
LA_D_7190581,0,0.0004465873,0
LA_D_7215553,0,0.00082077784,0
LA_D_7317360,0,0.0009161448,0
LA_D_7322306,0,0.000666615,0
LA_D_7410931,0,0.00091986917,0
LA_D_7415755,0,0.00051171496,0
LA_D_7434265,0,0.00053879514,0
LA_D_7460094,0,0.0018430311,0
LA_D_7524440,0,0.00041126937,0
LA_D_7526777,0,0.0006456403,0
LA_D_7543928,0,0.0022040252,0
LA_D_7565415,0,0.0006796916,0
LA_D_7567334,0,0.0020382863,0
LA_D_7611234,0,0.0003182904,0
LA_D_7618965,0,0.0006887833,0
LA_D_7623214,0,0.00066182355,0
LA_D_7629070,0,0.0006358841,0
LA_D_7661298,0,0.0007112578,0
LA_D_7667637,0,0.00020464795,0
LA_D_7681851,0,0.00012235377,0
LA_D_7688135,0,0.0011494609,0
LA_D_7745862,0,0.0006488443,0
LA_D_7748502,0,0.0012692926,0
LA_D_7771621,0,0.0003381704,0
LA_D_7798691,0,0.00072699133,0
LA_D_7804785,0,0.00059402396,0
LA_D_7809381,0,0.0010458023,0
LA_D_7831531,0,0.0002228647,0
LA_D_7843372,0,0.00047485429,0
LA_D_7843877,0,0.0006667296,0
LA_D_7852940,0,0.0024149604,0
LA_D_7904161,0,0.0011105457,0
LA_D_7912208,0,0.0005650007,0
LA_D_7919147,0,0.00048289483,0
LA_D_7920196,0,0.00031607688,0
LA_D_7936437,0,0.0008255981,0
LA_D_7973788,0,0.0025967245,0
LA_D_7974697,0,0.0037310252,0
LA_D_7993138,0,0.0010514215,0
LA_D_7994905,0,0.001244487,0
LA_D_7994992,0,0.00080809364,0
LA_D_8052049,0,0.00072952907,0
LA_D_8111494,0,0.0016978274,0
LA_D_8118167,0,0.0005809934,0
LA_D_8141901,0,0.0007924323,0
LA_D_8174334,0,0.0008842587,0
LA_D_8183218,0,0.0007502203,0
LA_D_8185311,0,0.00036753225,0
LA_D_8200506,0,0.00021733355,0
LA_D_8258459,0,0.0004477083,0
LA_D_8264863,0,0.00028237817,0
LA_D_8283567,0,0.0008093081,0
LA_D_8299781,0,0.0009167228,0
LA_D_8301954,0,0.0005173716,0
LA_D_8304989,0,0.0005569824,0
LA_D_8315307,0,0.001590327,0
LA_D_8316071,0,0.00020946348,0
LA_D_8322431,0,0.00078928284,0
LA_D_8344962,0,0.0004303076,0
LA_D_8345800,0,0.000720379,0
LA_D_8347056,0,0.0012852191,0
LA_D_8380344,0,0.0011486318,0
LA_D_8398091,0,0.0013879278,0
LA_D_8411616,0,0.0011396387,0
LA_D_8423289,0,0.00096293155,0
LA_D_8447480,0,0.0037297811,0
LA_D_8454223,0,0.0006102793,0
LA_D_8465207,0,0.0019968182,0
LA_D_8476350,0,0.00038630713,0
LA_D_8511483,0,0.001127827,0
LA_D_8515733,0,0.0007538243,0
LA_D_8534526,0,0.0012045567,0
LA_D_8539612,0,0.0009954595,0
LA_D_8540770,0,0.0007625987,0
LA_D_8543737,0,0.0006550115,0
LA_D_8552142,0,0.0058419826,0
LA_D_8555530,0,0.000666005,0
LA_D_8611140,0,0.00065651705,0
LA_D_8651248,0,0.00097503077,0
LA_D_8657095,0,0.00063332065,0
LA_D_8676464,0,0.00024798527,0
LA_D_8692089,0,0.00019664128,0
LA_D_8723788,0,0.0005905033,0
LA_D_8736662,0,0.00045517093,0
LA_D_8763928,0,0.0013592202,0
LA_D_8780503,0,0.0007841364,0
LA_D_8808510,0,0.0011871866,0
LA_D_8811548,0,0.0002292729,0
LA_D_8826150,0,0.0014880607,0
LA_D_8833531,0,0.0020899028,0
LA_D_8833933,0,0.0004979026,0
LA_D_8841412,0,0.0001828435,0
LA_D_8853078,0,0.0004034485,0
LA_D_8868497,0,0.000667511,0
LA_D_8873375,0,0.00040393297,0
LA_D_8878315,0,0.00034801368,0
LA_D_8879769,0,0.0019960287,0
LA_D_8890877,0,0.0008366873,0
LA_D_8912964,0,0.00085289375,0
LA_D_8926504,0,0.00040555545,0
LA_D_8934774,0,0.0010097629,0
LA_D_8939153,0,0.002406193,0
LA_D_8941037,0,0.00087776716,0
LA_D_8950647,0,0.00073445844,0
LA_D_8960736,0,0.00092916045,0
LA_D_8971601,0,0.0074434783,0
LA_D_8983751,0,0.00020534906,0
LA_D_9006149,0,0.00032296535,0
LA_D_9059259,0,0.0007933148,0
LA_D_9074375,0,0.006011985,0
LA_D_9101305,0,0.00041992683,0
LA_D_9115565,0,0.0006953355,0
LA_D_9129216,0,0.00024102059,0
LA_D_9133128,0,0.0003301269,0
LA_D_9156038,0,0.0007118417,0
LA_D_9160621,0,0.0005489874,0
LA_D_9209018,0,0.0018310333,0
LA_D_9222077,0,0.00029467352,0
LA_D_9249738,0,0.00046800546,0
LA_D_9251833,0,0.00046194918,0
LA_D_9262825,0,0.0005798499,0
LA_D_9295689,0,0.00041197983,0
LA_D_9375118,0,0.0009772885,0
LA_D_9388333,0,0.00053796073,0
LA_D_9391403,0,0.00065491936,0
LA_D_9435141,0,0.00033673056,0
LA_D_9448997,0,0.00076447264,0
LA_D_9486751,0,0.0003611033,0
LA_D_9490122,0,0.00096312707,0
LA_D_9537289,0,0.0032445602,0
LA_D_9566824,0,0.0005436573,0
LA_D_9572182,0,0.002270378,0
LA_D_9626758,0,0.0013557852,0
LA_D_9666900,0,0.0024123748,0
LA_D_9721880,0,0.00097284187,0
LA_D_9723855,0,0.00028106262,0
LA_D_9729483,0,0.0020373187,0
LA_D_9774174,0,0.0010266346,0
LA_D_9779978,0,0.0008364174,0
LA_D_9798672,0,0.00082917506,0
LA_D_9808110,0,0.0007142853,0
LA_D_9820486,0,0.0005649945,0
LA_D_9830830,0,0.00030882345,0
LA_D_9863362,0,0.00056643394,0
LA_D_9907979,0,0.0027336343,0
LA_D_9920694,0,0.005489275,0
LA_D_9951144,0,0.00019011943,0
LA_D_9967530,0,0.0015843087,0
LA_D_9999760,0,0.0006950353,0
LA_D_1025356,0,0.003112362,0
LA_D_1030640,0,0.00024217258,0
LA_D_1054205,0,0.00239379,0
LA_D_1071291,0,0.0007732331,0
LA_D_1111073,0,0.004699273,0
LA_D_1169636,0,0.0001373202,0
LA_D_1185773,0,0.00020621355,0
LA_D_1193402,0,0.000345581,0
LA_D_1226919,0,0.01383979,0
LA_D_1230447,0,0.008799602,0
LA_D_1237480,0,0.00056677416,0
LA_D_1287394,0,0.0009478105,0
LA_D_1297520,0,0.0010238645,0
LA_D_1307115,0,0.0007775949,0
LA_D_1307361,0,0.00029200912,0
LA_D_1335533,0,0.0018875513,0
LA_D_1382825,0,0.0017041075,0
LA_D_1401933,0,0.00021786553,0
LA_D_1412270,0,0.02881565,0
LA_D_1426011,0,0.0009685981,0
LA_D_1434547,0,0.0052442765,0
LA_D_1440229,0,0.0020045473,0
LA_D_1461530,0,0.0004930395,0
LA_D_1544054,0,0.00033969,0
LA_D_1608931,0,0.00052389805,0
LA_D_1612620,0,0.0022386261,0
LA_D_1675550,0,0.0013377024,0
LA_D_1677234,0,0.00013900771,0
LA_D_1685766,0,0.0023009223,0
LA_D_1693615,0,0.0062456294,0
LA_D_1734325,0,0.02354949,0
LA_D_1772083,0,0.0009028784,0
LA_D_1776380,0,0.0006598938,0
LA_D_1858151,0,0.00021895737,0
LA_D_1867335,0,0.00032186892,0
LA_D_1921825,0,0.0003085742,0
LA_D_1933165,0,0.0015402026,0
LA_D_1941143,0,0.0036313774,0
LA_D_1968546,0,0.001276122,0
LA_D_2011219,0,0.0044161826,0
LA_D_2071557,0,0.0028388037,0
LA_D_2074827,0,0.0006063883,0
LA_D_2165495,0,0.013610462,0
LA_D_2188344,0,0.0013552391,0
LA_D_2196548,0,0.0010652372,0
LA_D_2258459,0,0.0005460513,0
LA_D_2258741,0,0.0039514923,0
LA_D_2288300,0,0.00045121578,0
LA_D_2339812,0,0.0005330279,0
LA_D_2358779,0,0.002510675,0
LA_D_2363490,0,0.00091619097,0
LA_D_2364584,0,0.0015175157,0
LA_D_2366142,0,0.0005955464,0
LA_D_2371531,0,0.0017709234,0
LA_D_2381000,0,0.0004905737,0
LA_D_2405558,0,0.00045796632,0
LA_D_2417651,0,0.0012096727,0
LA_D_2427116,0,0.030891344,0
LA_D_2446049,0,0.013559687,0
LA_D_2460010,0,0.0003079394,0
LA_D_2557760,0,0.00014635103,0
LA_D_2563213,0,0.00045111144,0
LA_D_2587030,0,0.01465097,0
LA_D_2606095,0,0.0020073128,0
LA_D_2626102,0,0.0029793084,0
LA_D_2627350,0,0.00011747577,0
LA_D_2638013,0,0.00053786027,0
LA_D_2660381,0,0.00072654075,0
LA_D_2691829,0,0.0007126188,0
LA_D_2769397,0,0.0041342177,0
LA_D_2820525,0,0.00038811887,0
LA_D_2821637,0,0.0010014896,0
LA_D_2899054,0,0.0005975743,0
LA_D_2917041,0,0.00049366406,0
LA_D_2945771,0,0.00037167853,0
LA_D_2949120,0,0.0013972564,0
LA_D_2984362,0,0.00054137217,0
LA_D_2986907,0,0.029036548,0
LA_D_3004845,0,0.001233009,0
LA_D_3007276,0,0.0005492669,0
LA_D_3019929,0,0.00093569956,0
LA_D_3057901,0,0.00024040301,0
LA_D_3062235,0,0.00012876526,0
LA_D_3158494,0,0.054735582,0
LA_D_3184698,0,0.00028739747,0
LA_D_3212454,0,0.0019354249,0
LA_D_3248319,0,0.0008973624,0
LA_D_3266246,0,0.00087657827,0
LA_D_3292105,0,0.0006044437,0
LA_D_3416535,0,0.00037541336,0
LA_D_3446159,0,0.0005056392,0
LA_D_3452933,0,0.0010613615,0
LA_D_3486393,0,0.0023119268,0
LA_D_3495466,0,0.0073130834,0
LA_D_3536487,0,0.00068493205,0
LA_D_3569726,0,0.00071443536,0
LA_D_3590829,0,0.0072115865,0
LA_D_3602669,0,0.00017117984,0
LA_D_3605046,0,0.007662828,0
LA_D_3652898,0,0.00012530226,0
LA_D_3658031,0,0.00039560572,0
LA_D_3674928,0,0.0012221716,0
LA_D_3691736,0,0.08206233,0
LA_D_3741607,0,0.001112708,0
LA_D_3831261,0,0.0012008871,0
LA_D_3843887,0,0.00018940636,0
LA_D_3898333,0,0.0009949656,0
LA_D_3960616,0,0.00041200378,0
LA_D_3975996,0,0.0005731278,0
LA_D_4022532,0,0.0010765069,0
LA_D_4029888,0,0.0008372196,0
LA_D_4067593,0,0.00033699968,0
LA_D_4075891,0,0.0007048995,0
LA_D_4144411,0,0.0011728733,0
LA_D_4196632,0,0.002620338,0
LA_D_4246774,0,0.0010350839,0
LA_D_4260320,0,0.0005048463,0
LA_D_4286664,0,0.0006070035,0
LA_D_4297354,0,0.00094151776,0
LA_D_4356737,0,0.00138363,0
LA_D_4359265,0,0.58196056,1
LA_D_4389927,0,0.012288441,0
LA_D_4485889,0,0.00042131633,0
LA_D_4537572,0,0.0018510558,0
LA_D_4551639,0,0.0009029046,0
LA_D_4583777,0,0.0013377608,0
LA_D_4610210,0,0.0015539548,0
LA_D_4617565,0,0.0008011494,0
LA_D_4628640,0,0.005889714,0
LA_D_4710912,0,0.007824964,0
LA_D_4767743,0,0.00026530644,0
LA_D_4852255,0,0.035681307,0
LA_D_4855092,0,0.0005888363,0
LA_D_4875350,0,0.0014941237,0
LA_D_4876159,0,0.00057481247,0
LA_D_4893544,0,0.00040245897,0
LA_D_4904642,0,0.00060616527,0
LA_D_4919668,0,0.0014369327,0
LA_D_4946717,0,0.00025333866,0
LA_D_4962965,0,0.0035011603,0
LA_D_5002979,0,0.0016926418,0
LA_D_5013243,0,0.0004966555,0
LA_D_5026225,0,0.00011700879,0
LA_D_5066427,0,0.0012811371,0
LA_D_5103566,0,0.005311281,0
LA_D_5131261,0,0.0004564621,0
LA_D_5176156,0,0.00095731724,0
LA_D_5181769,0,0.00065622205,0
LA_D_5194904,0,0.00014419317,0
LA_D_5223490,0,0.0016572207,0
LA_D_5232800,0,0.0006409119,0
LA_D_5233239,0,0.00025697117,0
LA_D_5264948,0,0.0014540856,0
LA_D_5272211,0,0.0033673116,0
LA_D_5280085,0,0.0015722959,0
LA_D_5281076,0,0.00095829647,0
LA_D_5295482,0,0.003310946,0
LA_D_5331450,0,0.00079128,0
LA_D_5414308,0,0.0030245362,0
LA_D_5451855,0,0.00032825363,0
LA_D_5456485,0,0.00046636612,0
LA_D_5481003,0,0.00044316545,0
LA_D_5487740,0,0.011290437,0
LA_D_5509643,0,0.16189998,0
LA_D_5529065,0,0.005818302,0
LA_D_5612758,0,0.0021624875,0
LA_D_5680395,0,0.00035822636,0
LA_D_5713062,0,0.002317684,0
LA_D_5736677,0,0.0025120073,0
LA_D_5769169,0,0.00014378222,0
LA_D_5796502,0,0.00042348873,0
LA_D_5827420,0,0.0007910094,0
LA_D_5842927,0,0.0003074586,0
LA_D_5849098,0,0.0007174809,0
LA_D_5856691,0,0.0029989448,0
LA_D_5930167,0,0.00067815295,0
LA_D_5935284,0,0.00083847187,0
LA_D_5970267,0,0.0014993422,0
LA_D_6018972,0,0.0018286512,0
LA_D_6026073,0,0.0008643211,0
LA_D_6053770,0,0.011883418,0
LA_D_6157715,0,0.0009331951,0
LA_D_6165178,0,0.00062559586,0
LA_D_6178175,0,0.00026734744,0
LA_D_6234671,0,0.00041821483,0
LA_D_6273410,0,0.0006803831,0
LA_D_6273504,0,0.00051651936,0
LA_D_6280436,0,0.000349945,0
LA_D_6283174,0,0.005348791,0
LA_D_6396489,0,0.00022159865,0
LA_D_6461042,0,0.0033673677,0
LA_D_6498637,0,0.0009984976,0
LA_D_6511574,0,0.00063616416,0
LA_D_6516261,0,0.0026608293,0
LA_D_6588379,0,0.0010574809,0
LA_D_6597050,0,0.00282361,0
LA_D_6597330,0,0.00019678833,0
LA_D_6610656,0,0.00035812924,0
LA_D_6613848,0,0.0054082507,0
LA_D_6636415,0,0.00041243093,0
LA_D_6689023,0,0.00031248023,0
LA_D_6695161,0,0.00083192723,0
LA_D_6752187,0,0.0003696453,0
LA_D_6814636,0,0.00052884803,0
LA_D_6855752,0,0.0032585259,0
LA_D_6914760,0,0.15675221,0
LA_D_6920856,0,0.0002625558,0
LA_D_6930733,0,0.00033321872,0
LA_D_6940521,0,0.0018726697,0
LA_D_7072258,0,0.00032691477,0
LA_D_7101123,0,0.00050685665,0
LA_D_7114007,0,0.0036887762,0
LA_D_7115973,0,0.027784197,0
LA_D_7120364,0,0.0012111051,0
LA_D_7160537,0,0.0014813725,0
LA_D_7180447,0,0.0024578657,0
LA_D_7199102,0,0.00023884211,0
LA_D_7201951,0,0.0034298142,0
LA_D_7312535,0,0.0005469457,0
LA_D_7398349,0,0.00014209774,0
LA_D_7420352,0,0.0009714146,0
LA_D_7442269,0,0.00018841548,0
LA_D_7444518,0,0.0003202082,0
LA_D_7457091,0,0.0002542698,0
LA_D_7504762,0,0.00091717194,0
LA_D_7506025,0,0.0010891826,0
LA_D_7564052,0,0.024122754,0
LA_D_7564800,0,0.0013005808,0
LA_D_7579833,0,0.00030587395,0
LA_D_7597147,0,0.000530661,0
LA_D_7618520,0,0.0005956585,0
LA_D_7643858,0,0.002432104,0
LA_D_7644072,0,0.00094158517,0
LA_D_7673323,0,0.00053109566,0
LA_D_7674419,0,0.0013239211,0
LA_D_7712887,0,0.0017017678,0
LA_D_7719213,0,0.00027955,0
LA_D_7735219,0,0.03494972,0
LA_D_7738182,0,0.00030094958,0
LA_D_7761946,0,0.00027451303,0
LA_D_7871600,0,0.00011485273,0
LA_D_7891639,0,0.0007825051,0
LA_D_7909240,0,0.00085241033,0
LA_D_7915757,0,0.0010609835,0
LA_D_7980033,0,0.0005083861,0
LA_D_8076909,0,0.0005058209,0
LA_D_8077642,0,0.00043597436,0
LA_D_8080127,0,0.00072922424,0
LA_D_8128482,0,0.0064006057,0
LA_D_8138165,0,0.0008737585,0
LA_D_8141415,0,0.00014638186,0
LA_D_8197390,0,0.0024469774,0
LA_D_8205467,0,0.0009451795,0
LA_D_8217131,0,0.0014064306,0
LA_D_8223331,0,0.003103433,0
LA_D_8224117,0,0.00048119843,0
LA_D_8249675,0,0.0003733056,0
LA_D_8261063,0,0.00046792557,0
LA_D_8325357,0,0.0006052468,0
LA_D_8332415,0,0.00020954057,0
LA_D_8337861,0,0.0008577151,0
LA_D_8348255,0,0.00047861517,0
LA_D_8380959,0,0.018313644,0
LA_D_8435642,0,0.00398493,0
LA_D_8436519,0,0.0017309183,0
LA_D_8441069,0,0.0025763898,0
LA_D_8467738,0,0.08252098,0
LA_D_8485138,0,0.00532036,0
LA_D_8519084,0,0.00839934,0
LA_D_8575854,0,0.0010925324,0
LA_D_8576496,0,0.0053731212,0
LA_D_8595477,0,0.00032363329,0
LA_D_8636461,0,0.00079711725,0
LA_D_8657393,0,0.733118,1
LA_D_8663431,0,0.00034954655,0
LA_D_8691113,0,0.0035136684,0
LA_D_8726741,0,0.33932972,0
LA_D_8817691,0,0.00038494729,0
LA_D_8832311,0,0.0026789913,0
LA_D_8832584,0,0.0038056565,0
LA_D_8884919,0,0.00515711,0
LA_D_8944675,0,0.00013976143,0
LA_D_8948710,0,0.0007869187,0
LA_D_8950385,0,0.0011734621,0
LA_D_9189777,0,0.021372437,0
LA_D_9195548,0,0.0009888555,0
LA_D_9305104,0,0.0004083716,0
LA_D_9334540,0,0.00036858613,0
LA_D_9393077,0,0.0002872238,0
LA_D_9430632,0,0.002654574,0
LA_D_9468782,0,0.002153621,0
LA_D_9477146,0,0.00089996756,0
LA_D_9495235,0,0.00083467184,0
LA_D_9525782,0,0.00030671526,0
LA_D_9551181,0,0.0019858463,0
LA_D_9672147,0,0.0006329399,0
LA_D_9759074,0,0.0067862063,0
LA_D_9775592,0,0.0003777557,0
LA_D_9784942,0,0.0013304594,0
LA_D_9791741,0,0.006417051,0
LA_D_9802861,0,0.00035800398,0
LA_D_9806272,0,0.0006976863,0
LA_D_9826388,0,0.00049928087,0
LA_D_9864516,0,0.00079958135,0
LA_D_9913960,0,0.0028512082,0
LA_D_9945483,0,0.00033270128,0
LA_D_9991657,0,0.0005618915,0
LA_D_9991828,0,0.0006332313,0
LA_D_1003797,0,0.0017999704,0
LA_D_1058697,0,0.0007175964,0
LA_D_1068250,0,0.00033962572,0
LA_D_1106906,0,0.0004458621,0
LA_D_1173972,0,0.001038683,0
LA_D_1191562,0,0.0019522634,0
LA_D_1217069,0,0.00078409835,0
LA_D_1225629,0,0.0011038472,0
LA_D_1267039,0,0.00051236607,0
LA_D_1281551,0,0.000677424,0
LA_D_1297559,0,0.0004890912,0
LA_D_1358556,0,0.0042875176,0
LA_D_1359166,0,0.00037312487,0
LA_D_1365321,0,0.0003158293,0
LA_D_1375085,0,0.0005733969,0
LA_D_1378109,0,0.0004036612,0
LA_D_1409799,0,0.0007936814,0
LA_D_1414287,0,0.0016534666,0
LA_D_1419364,0,0.0063148886,0
LA_D_1419526,0,0.00042119145,0
LA_D_1526842,0,0.0050988337,0
LA_D_1534693,0,0.00092328223,0
LA_D_1541008,0,0.0012257969,0
LA_D_1555301,0,0.0018999396,0
LA_D_1571595,0,0.0027105606,0
LA_D_1571783,0,0.00065691076,0
LA_D_1581762,0,0.00074024167,0
LA_D_1592559,0,0.00037239105,0
LA_D_1601648,0,0.0011057899,0
LA_D_1637646,0,0.001844905,0
LA_D_1645531,0,0.002316101,0
LA_D_1685863,0,0.0010676831,0
LA_D_1715922,0,0.0031302024,0
LA_D_1757134,0,0.0002679208,0
LA_D_1767230,0,0.012035345,0
LA_D_1789894,0,0.0007156869,0
LA_D_1799775,0,0.023997474,0
LA_D_1811965,0,0.0007894502,0
LA_D_1812094,0,0.00048950355,0
LA_D_1824827,0,0.003176659,0
LA_D_1849915,0,0.00074584025,0
LA_D_1855940,0,0.00083101925,0
LA_D_1881500,0,0.007215002,0
LA_D_1890878,0,0.004701372,0
LA_D_1922621,0,0.0017076861,0
LA_D_1930859,0,0.0025799996,0
LA_D_1943277,0,0.00046971,0
LA_D_1955572,0,0.0021729316,0
LA_D_1958672,0,0.0031828617,0
LA_D_1975844,0,0.00029384982,0
LA_D_1976284,0,0.25206986,0
LA_D_2000885,0,0.00049398036,0
LA_D_2005388,0,0.0008260604,0
LA_D_2053681,0,0.00044390655,0
LA_D_2054654,0,0.0036609194,0
LA_D_2093247,0,0.0030734944,0
LA_D_2124188,0,0.000686456,0
LA_D_2133031,0,0.0007753478,0
LA_D_2157831,0,0.0006789697,0
LA_D_2175694,0,0.001880089,0
LA_D_2223300,0,0.00277294,0
LA_D_2223782,0,0.0018249387,0
LA_D_2247309,0,0.0027121464,0
LA_D_2255957,0,0.015189341,0
LA_D_2259016,0,0.0008717585,0
LA_D_2259759,0,0.011887451,0
LA_D_2284232,0,0.0005090068,0
LA_D_2293597,0,0.00066560716,0
LA_D_2306690,0,0.0015636063,0
LA_D_2395644,0,0.0008537316,0
LA_D_2404279,0,0.00091990153,0
LA_D_2406653,0,0.0007187634,0
LA_D_2424487,0,0.00024168286,0
LA_D_2426166,0,0.00083031476,0
LA_D_2473777,0,0.0012672341,0
LA_D_2494449,0,0.0010043804,0
LA_D_2526971,0,0.0015938515,0
LA_D_2536291,0,0.002005553,0
LA_D_2595427,0,0.0021193519,0
LA_D_2617066,0,0.0020508443,0
LA_D_2619504,0,0.19936624,0
LA_D_2634056,0,0.0007704532,0
LA_D_2645663,0,0.0029226395,0
LA_D_2707564,0,0.00027280668,0
LA_D_2756525,0,0.0014852576,0
LA_D_2777831,0,0.00094083545,0
LA_D_2798444,0,0.0032038372,0
LA_D_2798789,0,0.007231874,0
LA_D_2839838,0,0.0019130409,0
LA_D_2847323,0,0.003816352,0
LA_D_2861753,0,0.00053859025,0
LA_D_2868921,0,0.0008154973,0
LA_D_2870777,0,0.0020465567,0
LA_D_2877891,0,0.0005239505,0
LA_D_2878681,0,0.0051476364,0
LA_D_2887586,0,0.0010210659,0
LA_D_2997155,0,0.008108102,0
LA_D_3057551,0,0.0010288219,0
LA_D_3138020,0,0.002304306,0
LA_D_3149229,0,0.006986813,0
LA_D_3171047,0,0.010300043,0
LA_D_3176069,0,0.0014236986,0
LA_D_3217329,0,0.0038476798,0
LA_D_3302549,0,0.0036770287,0
LA_D_3334659,0,0.00054548716,0
LA_D_3376856,0,0.00042650904,0
LA_D_3416276,0,0.00035444685,0
LA_D_3421085,0,0.00052645046,0
LA_D_3425851,0,0.00072544866,0
LA_D_3434821,0,0.0007132068,0
LA_D_3457024,0,0.030553697,0
LA_D_3472117,0,0.00034635398,0
LA_D_3506569,0,0.0012068839,0
LA_D_3507835,0,0.00042947917,0
LA_D_3510395,0,0.005400736,0
LA_D_3523213,0,0.00082688883,0
LA_D_3553967,0,0.0009551629,0
LA_D_3561784,0,0.0008229363,0
LA_D_3611237,0,0.0005320759,0
LA_D_3668954,0,0.016825782,0
LA_D_3672445,0,0.0014846863,0
LA_D_3681599,0,0.005245132,0
LA_D_3707430,0,0.00042711158,0
LA_D_3752882,0,0.0007261743,0
LA_D_3754369,0,0.0036043427,0
LA_D_3771563,0,0.00060467195,0
LA_D_3777702,0,0.006266258,0
LA_D_3792705,0,0.0031760414,0
LA_D_3802210,0,0.00034400358,0
LA_D_3804397,0,0.00049967173,0
LA_D_3833623,0,0.00033748115,0
LA_D_3861037,0,0.0024913386,0
LA_D_3876769,0,0.0019848412,0
LA_D_3879195,0,0.0027197134,0
LA_D_3901273,0,0.0014243516,0
LA_D_3930677,0,0.019263975,0
LA_D_4007785,0,0.003035091,0
LA_D_4063282,0,0.00064479973,0
LA_D_4073647,0,0.0023576354,0
LA_D_4074087,0,0.000532327,0
LA_D_4166028,0,0.0014061333,0
LA_D_4204784,0,0.0019159584,0
LA_D_4206300,0,0.00044106078,0
LA_D_4206952,0,0.0008013701,0
LA_D_4293805,0,0.00040881406,0
LA_D_4330927,0,0.0016771251,0
LA_D_4344125,0,0.0018361858,0
LA_D_4411643,0,0.0019083723,0
LA_D_4411966,0,0.0005963439,0
LA_D_4434620,0,0.0018425225,0
LA_D_4459748,0,0.0005183835,0
LA_D_4471810,0,0.0019923504,0
LA_D_4486700,0,0.00078019314,0
LA_D_4488152,0,0.00087419985,0
LA_D_4523165,0,0.06627228,0
LA_D_4544395,0,0.29165503,0
LA_D_4568975,0,0.0007725989,0
LA_D_4572219,0,0.0010484788,0
LA_D_4613712,0,0.00071663555,0
LA_D_4647613,0,0.0016491853,0
LA_D_4647964,0,0.032942504,0
LA_D_4718710,0,0.00224866,0
LA_D_4728446,0,0.00043065086,0
LA_D_4736119,0,0.00043793328,0
LA_D_4741755,0,0.0005596109,0
LA_D_4762537,0,0.00343681,0
LA_D_4766616,0,0.0008554364,0
LA_D_4769401,0,0.0016780262,0
LA_D_4784805,0,0.018934373,0
LA_D_4788913,0,0.027947208,0
LA_D_4812719,0,0.0011308215,0
LA_D_4835735,0,0.00047957787,0
LA_D_4850913,0,0.0019270952,0
LA_D_4893596,0,0.0007309466,0
LA_D_4907389,0,0.0032801614,0
LA_D_4925887,0,0.00017123357,0
LA_D_4929781,0,0.006874356,0
LA_D_4931710,0,0.001327213,0
LA_D_4950221,0,0.0013655493,0
LA_D_4958833,0,0.010251684,0
LA_D_4959035,0,0.00019322461,0
LA_D_4977098,0,0.0011963431,0
LA_D_4984754,0,0.00039169946,0
LA_D_4986715,0,0.0011706684,0
LA_D_5026441,0,0.003863483,0
LA_D_5026948,0,0.0014813972,0
LA_D_5074906,0,0.0010376361,0
LA_D_5092533,0,0.00098575,0
LA_D_5115596,0,0.0017740198,0
LA_D_5116527,0,0.0013475067,0
LA_D_5157632,0,0.0015033309,0
LA_D_5169953,0,0.00041884196,0
LA_D_5174430,0,0.0076797907,0
LA_D_5184277,0,0.002696847,0
LA_D_5186676,0,0.0015834671,0
LA_D_5210678,0,0.0038280985,0
LA_D_5245223,0,0.0006858955,0
LA_D_5271094,0,0.0004902853,0
LA_D_5285009,0,0.0015398901,0
LA_D_5298731,0,0.015623059,0
LA_D_5315391,0,0.0027199555,0
LA_D_5325697,0,0.0004240737,0
LA_D_5327408,0,0.00030818113,0
LA_D_5363458,0,0.0020143527,0
LA_D_5384711,0,0.0010275015,0
LA_D_5389869,0,0.0003130241,0
LA_D_5392790,0,0.00076463947,0
LA_D_5399865,0,0.0009010178,0
LA_D_5467548,0,0.00048855913,0
LA_D_5470881,0,0.00055460207,0
LA_D_5488860,0,0.00047168264,0
LA_D_5488938,0,0.0005230453,0
LA_D_5522142,0,0.000852325,0
LA_D_5565540,0,0.0022814828,0
LA_D_5584723,0,0.09414185,0
LA_D_5592106,0,0.0002732401,0
LA_D_5610893,0,0.0014393376,0
LA_D_5611885,0,0.00029703608,0
LA_D_5621269,0,0.0008516268,0
LA_D_5652503,0,0.0011025071,0
LA_D_5723098,0,0.013238602,0
LA_D_5731221,0,0.00064663764,0
LA_D_5736694,0,0.000492309,0
LA_D_5774345,0,0.00088278163,0
LA_D_5781617,0,0.004269732,0
LA_D_5793111,0,0.00053841213,0
LA_D_5795353,0,0.00043799987,0
LA_D_5822586,0,0.0003964569,0
LA_D_5858893,0,0.0013200917,0
LA_D_5909998,0,0.0017275308,0
LA_D_5931137,0,0.001323616,0
LA_D_5959072,0,0.00029556433,0
LA_D_5967483,0,0.0010959541,0
LA_D_6000442,0,0.00073309726,0
LA_D_6035078,0,0.0010002838,0
LA_D_6036733,0,0.0020033724,0
LA_D_6064341,0,0.0006334969,0
LA_D_6115922,0,0.00045599893,0
LA_D_6127270,0,0.00087900716,0
LA_D_6154971,0,0.0027247504,0
LA_D_6155558,0,0.0003568551,0
LA_D_6164680,0,0.00026757334,0
LA_D_6175023,0,0.009748051,0
LA_D_6209992,0,0.00045570324,0
LA_D_6216331,0,0.0004559157,0
LA_D_6326082,0,0.001512947,0
LA_D_6338190,0,0.0010983539,0
LA_D_6353632,0,0.0041938038,0
LA_D_6353813,0,0.004728715,0
LA_D_6366738,0,0.0007244097,0
LA_D_6372376,0,0.00073165435,0
LA_D_6387199,0,0.0005989667,0
LA_D_6425908,0,0.000793627,0
LA_D_6426866,0,0.0005118311,0
LA_D_6474531,0,0.001430549,0
LA_D_6480457,0,0.0047974065,0
LA_D_6515358,0,0.0006522263,0
LA_D_6517455,0,0.00094759197,0
LA_D_6526664,0,0.0007272924,0
LA_D_6542878,0,0.00060653745,0
LA_D_6547607,0,0.00106387,0
LA_D_6554548,0,0.0005880228,0
LA_D_6556577,0,0.021600122,0
LA_D_6599356,0,0.0011673582,0
LA_D_6627213,0,0.002385113,0
LA_D_6650483,0,0.0008741774,0
LA_D_6663729,0,0.0009196772,0
LA_D_6697232,0,0.00082088786,0
LA_D_6749090,0,0.0020778468,0
LA_D_6760408,0,0.00068125065,0
LA_D_6788782,0,0.009871333,0
LA_D_6801331,0,0.00460855,0
LA_D_6810969,0,0.0010614808,0
LA_D_6818615,0,0.00059445924,0
LA_D_6832953,0,0.0007677155,0
LA_D_6851877,0,0.0005498682,0
LA_D_6862553,0,0.00086578296,0
LA_D_6902833,0,0.0006826437,0
LA_D_6925745,0,0.009862216,0
LA_D_6957117,0,0.0005798714,0
LA_D_6991662,0,0.0047135325,0
LA_D_7018313,0,0.0006295957,0
LA_D_7031080,0,0.0012979165,0
LA_D_7043000,0,0.0005454726,0
LA_D_7059463,0,0.0019227124,0
LA_D_7103223,0,0.0034784635,0
LA_D_7119255,0,0.00075571914,0
LA_D_7122312,0,0.0054826457,0
LA_D_7123142,0,0.0026055446,0
LA_D_7129621,0,0.00037399758,0
LA_D_7170620,0,0.0018820121,0
LA_D_7173433,0,0.002118634,0
LA_D_7229041,0,0.0025885566,0
LA_D_7263188,0,0.00051118166,0
LA_D_7269587,0,0.0043118335,0
LA_D_7285246,0,0.0002792503,0
LA_D_7308100,0,0.003093038,0
LA_D_7334607,0,0.0018568804,0
LA_D_7357609,0,0.0004705534,0
LA_D_7394528,0,0.0021088237,0
LA_D_7452217,0,0.0053893295,0
LA_D_7512399,0,0.00047205304,0
LA_D_7616531,0,0.00068848504,0
LA_D_7640908,0,0.0004958608,0
LA_D_7660720,0,0.0011730443,0
LA_D_7668402,0,0.00095052895,0
LA_D_7743470,0,0.0064480873,0
LA_D_7763874,0,0.0011983139,0
LA_D_7774346,0,0.0027839162,0
LA_D_7785816,0,0.0004198742,0
LA_D_7789272,0,0.0045914175,0
LA_D_7795388,0,0.00067176105,0
LA_D_7801572,0,0.0015049601,0
LA_D_7806943,0,0.00059486675,0
LA_D_7827911,0,0.0006782752,0
LA_D_7860380,0,0.0006182651,0
LA_D_7942115,0,0.0048950193,0
LA_D_7947630,0,0.0015466765,0
LA_D_7953159,0,0.0018182548,0
LA_D_7960499,0,0.0003338986,0
LA_D_7970013,0,0.00068966154,0
LA_D_7973088,0,0.0027545362,0
LA_D_7978065,0,0.00046905718,0
LA_D_7996904,0,0.0008310743,0
LA_D_8000547,0,0.00037748908,0
LA_D_8029129,0,0.0004563157,0
LA_D_8048240,0,0.00091717276,0
LA_D_8051414,0,0.0005783042,0
LA_D_8057316,0,0.014381289,0
LA_D_8060077,0,0.0024063534,0
LA_D_8075381,0,0.001274767,0
LA_D_8092331,0,0.0010396314,0
LA_D_8114334,0,0.0018060378,0
LA_D_8146012,0,0.01715839,0
LA_D_8172272,0,0.3146672,0
LA_D_8175426,0,0.0024432624,0
LA_D_8199055,0,0.5086146,1
LA_D_8243797,0,0.012266896,0
LA_D_8270674,0,0.001107521,0
LA_D_8276399,0,0.00094791705,0
LA_D_8285739,0,0.0026313188,0
LA_D_8302698,0,0.0018641709,0
LA_D_8311323,0,0.00047557274,0
LA_D_8343646,0,0.0006514697,0
LA_D_8344568,0,0.0005427354,0
LA_D_8353342,0,0.0060118563,0
LA_D_8363627,0,0.0024466375,0
LA_D_8376156,0,0.0013401385,0
LA_D_8379770,0,0.0019496926,0
LA_D_8392731,0,0.0008083108,0
LA_D_8429218,0,0.002259183,0
LA_D_8456039,0,0.0006254817,0
LA_D_8484861,0,0.00048363025,0
LA_D_8504769,0,0.004117122,0
LA_D_8522617,0,0.0013735056,0
LA_D_8535380,0,0.0025352016,0
LA_D_8537544,0,0.0010876801,0
LA_D_8545660,0,0.0008656296,0
LA_D_8552859,0,0.0011989269,0
LA_D_8629864,0,0.003060238,0
LA_D_8646520,0,0.00084345444,0
LA_D_8674678,0,0.0014592168,0
LA_D_8696545,0,0.0006568482,0
LA_D_8726013,0,0.003325595,0
LA_D_8755311,0,0.0007264408,0
LA_D_8796891,0,0.0011189635,0
LA_D_8814451,0,0.0012817511,0
LA_D_8850937,0,0.0012333539,0
LA_D_8861762,0,0.01099072,0
LA_D_8880932,0,0.0006224936,0
LA_D_9002788,0,0.0036970817,0
LA_D_9118224,0,0.0026172216,0
LA_D_9132728,0,0.009226071,0
LA_D_9140494,0,0.00031024765,0
LA_D_9194593,0,0.00455353,0
LA_D_9223694,0,0.0008537788,0
LA_D_9224359,0,0.0013854819,0
LA_D_9304826,0,0.06767974,0
LA_D_9335130,0,0.002013885,0
LA_D_9395844,0,0.00055166177,0
LA_D_9407742,0,0.0004287433,0
LA_D_9414131,0,0.0020115594,0
LA_D_9425366,0,0.00044390108,0
LA_D_9425889,0,0.0018567425,0
LA_D_9449347,0,0.00055579026,0
LA_D_9458801,0,0.71910715,1
LA_D_9498483,0,0.0005632097,0
LA_D_9515513,0,0.0010254899,0
LA_D_9517355,0,0.0050435406,0
LA_D_9528402,0,0.0010567146,0
LA_D_9530100,0,0.00197016,0
LA_D_9585808,0,0.0006132351,0
LA_D_9594281,0,0.018910475,0
LA_D_9600050,0,0.0023083,0
LA_D_9605437,0,0.017119832,0
LA_D_9608815,0,0.0060970914,0
LA_D_9635044,0,0.0007283637,0
LA_D_9649054,0,0.000844691,0
LA_D_9730987,0,0.0006643698,0
LA_D_9734224,0,0.0010317405,0
LA_D_9738587,0,0.0013816548,0
LA_D_9774358,0,0.00055556966,0
LA_D_9789005,0,0.0007695598,0
LA_D_9861473,0,0.00827818,0
LA_D_9885320,0,0.005778879,0
LA_D_9891231,0,0.00057749095,0
LA_D_9907101,0,0.0012113025,0
LA_D_9916763,0,0.0013065777,0
LA_D_9942200,0,0.00511224,0
LA_D_9942206,0,0.0004944138,0
LA_D_9965111,0,0.0011310381,0
LA_D_9982040,0,0.00026373897,0
LA_D_9985005,0,0.002020622,0
LA_D_9989304,0,0.00085302733,0
LA_D_1003673,0,0.0015071773,0
LA_D_1018991,0,0.0011015645,0
LA_D_1027144,0,0.010865045,0
LA_D_1062960,0,0.00038732268,0
LA_D_1066201,0,0.0006687613,0
LA_D_1082950,0,0.0014094796,0
LA_D_1143403,0,0.0007378391,0
LA_D_1160005,0,0.0010003762,0
LA_D_1181647,0,0.0077678943,0
LA_D_1256952,0,0.0005088559,0
LA_D_1264447,0,0.0005806784,0
LA_D_1299444,0,0.0029178995,0
LA_D_1308621,0,0.00033391739,0
LA_D_1318468,0,0.0007615624,0
LA_D_1348271,0,0.00056195876,0
LA_D_1349987,0,0.31391892,0
LA_D_1355998,0,0.0028299906,0
LA_D_1382288,0,0.0012189443,0
LA_D_1424942,0,0.0010084137,0
LA_D_1435551,0,0.0022676308,0
LA_D_1487608,0,0.0005640644,0
LA_D_1509369,0,0.0005965741,0
LA_D_1512085,0,0.0006795841,0
LA_D_1512372,0,0.00252677,0
LA_D_1519820,0,0.0004897714,0
LA_D_1520607,0,0.00039890726,0
LA_D_1543746,0,0.0007052513,0
LA_D_1544521,0,0.00039488683,0
LA_D_1552199,0,0.0016450548,0
LA_D_1597642,0,0.0003392125,0
LA_D_1603140,0,0.0011248864,0
LA_D_1606153,0,0.00054850196,0
LA_D_1626470,0,0.001248251,0
LA_D_1693968,0,0.00045838475,0
LA_D_1695224,0,0.0009353813,0
LA_D_1698196,0,0.00079312886,0
LA_D_1705438,0,0.0013043091,0
LA_D_1767864,0,0.00082891044,0
LA_D_1792264,0,0.0010111654,0
LA_D_1796664,0,0.0010658524,0
LA_D_1799296,0,0.00086142455,0
LA_D_1800646,0,0.0006336017,0
LA_D_1870337,0,0.0021671827,0
LA_D_1898410,0,0.00054160855,0
LA_D_1907918,0,0.00036896847,0
LA_D_1918858,0,0.0005050366,0
LA_D_1965730,0,0.000293202,0
LA_D_2019608,0,0.00033486358,0
LA_D_2045893,0,0.0010413334,0
LA_D_2074110,0,0.0009137745,0
LA_D_2083344,0,0.0011536201,0
LA_D_2083927,0,0.0014417794,0
LA_D_2120410,0,0.0011256107,0
LA_D_2160669,0,0.001321218,0
LA_D_2178077,0,0.0007640488,0
LA_D_2219332,0,0.00075617305,0
LA_D_2229754,0,0.0005422565,0
LA_D_2242376,0,0.0012320557,0
LA_D_2259559,0,0.00083275524,0
LA_D_2263827,0,0.00050391356,0
LA_D_2284815,0,0.0009782452,0
LA_D_2288103,0,0.0009370463,0
LA_D_2292762,0,0.0025542232,0
LA_D_2299738,0,0.004651983,0
LA_D_2311293,0,0.0008583554,0
LA_D_2339309,0,0.0007577304,0
LA_D_2350043,0,0.001068884,0
LA_D_2382483,0,0.0010278256,0
LA_D_2438243,0,0.00075096317,0
LA_D_2465007,0,0.0008766706,0
LA_D_2484807,0,0.0013727117,0
LA_D_2496133,0,0.0007443715,0
LA_D_2530860,0,0.00076789694,0
LA_D_2539085,0,0.001007023,0
LA_D_2541010,0,0.0017418673,0
LA_D_2564257,0,0.00083647005,0
LA_D_2580710,0,0.0035783262,0
LA_D_2592515,0,0.0006726143,0
LA_D_2621682,0,0.000689332,0
LA_D_2625374,0,0.00079583755,0
LA_D_2653693,0,0.00057938637,0
LA_D_2658121,0,0.0003895359,0
LA_D_2665376,0,0.0002106427,0
LA_D_2704847,0,0.001311333,0
LA_D_2752105,0,0.00077688316,0
LA_D_2785381,0,0.0012785383,0
LA_D_2827693,0,0.0011978027,0
LA_D_2837799,0,0.0010278961,0
LA_D_2848199,0,0.0010004382,0
LA_D_2848511,0,0.00068735116,0
LA_D_2855533,0,0.0010027159,0
LA_D_2855988,0,0.000560172,0
LA_D_2859523,0,0.002144154,0
LA_D_2878110,0,0.001141514,0
LA_D_2897839,0,0.00081007276,0
LA_D_2906905,0,0.0008118323,0
LA_D_2921446,0,0.000637078,0
LA_D_3002927,0,0.0010745883,0
LA_D_3007436,0,0.0020776936,0
LA_D_3008473,0,0.0018511262,0
LA_D_3037827,0,0.0010262977,0
LA_D_3041257,0,0.0011682616,0
LA_D_3044060,0,0.00068336003,0
LA_D_3060596,0,0.0011997409,0
LA_D_3071341,0,0.0005882745,0
LA_D_3078263,0,0.0013799815,0
LA_D_3080082,0,0.010782262,0
LA_D_3093801,0,0.00042648445,0
LA_D_3095133,0,0.00073466456,0
LA_D_3096183,0,0.00031844978,0
LA_D_3108387,0,0.00085806503,0
LA_D_3132057,0,0.0033310843,0
LA_D_3155689,0,0.0010360172,0
LA_D_3184759,0,0.0010304385,0
LA_D_3235736,0,0.0009268262,0
LA_D_3243424,0,0.0012395716,0
LA_D_3337451,0,0.0008503156,0
LA_D_3366009,0,0.0008300257,0
LA_D_3412951,0,0.00063168094,0
LA_D_3423415,0,0.0007373049,0
LA_D_3474870,0,0.00077955925,0
LA_D_3531356,0,0.00047749322,0
LA_D_3546775,0,0.00086139835,0
LA_D_3559702,0,0.0006393398,0
LA_D_3566272,0,0.0005821699,0
LA_D_3570892,0,0.0017494682,0
LA_D_3572448,0,0.0013925497,0
LA_D_3584197,0,0.0005457961,0
LA_D_3618767,0,0.0009071105,0
LA_D_3621277,0,0.0008279888,0
LA_D_3640131,0,0.0019401808,0
LA_D_3641477,0,0.00067150855,0
LA_D_3683874,0,0.0009691437,0
LA_D_3686659,0,0.001202161,0
LA_D_3689959,0,0.0010418216,0
LA_D_3694508,0,0.00052367616,0
LA_D_3700284,0,0.001649666,0
LA_D_3713988,0,0.00070214865,0
LA_D_3789749,0,0.00076551194,0
LA_D_3801718,0,0.0010312397,0
LA_D_3806705,0,0.001245409,0
LA_D_3818731,0,0.00060199917,0
LA_D_3842267,0,0.002573404,0
LA_D_3859116,0,0.0009729221,0
LA_D_3890144,0,0.0007397097,0
LA_D_3921431,0,0.0007869244,0
LA_D_3925971,0,0.0009897933,0
LA_D_3930278,0,0.0007707914,0
LA_D_3937288,0,0.0006898459,0
LA_D_3951121,0,0.0006001825,0
LA_D_3953760,0,0.004808844,0
LA_D_3958440,0,0.0019062054,0
LA_D_3958741,0,0.00082690705,0
LA_D_3975228,0,0.0002731989,0
LA_D_3989976,0,0.0004975459,0
LA_D_4012262,0,0.00071237364,0
LA_D_4030113,0,0.00079833425,0
LA_D_4039069,0,0.0012206115,0
LA_D_4049023,0,0.0044835443,0
LA_D_4061652,0,0.0008810561,0
LA_D_4119576,0,0.0010735124,0
LA_D_4133418,0,0.001457898,0
LA_D_4174862,0,0.0024171695,0
LA_D_4181002,0,0.0004899395,0
LA_D_4182539,0,0.00090022315,0
LA_D_4244793,0,0.0009564847,0
LA_D_4275035,0,0.0058702086,0
LA_D_4287173,0,0.00065888104,0
LA_D_4293945,0,0.00087659206,0
LA_D_4362961,0,0.0012480852,0
LA_D_4403705,0,0.0011231605,0
LA_D_4409999,0,0.0009413622,0
LA_D_4424865,0,0.00048787176,0
LA_D_4432926,0,0.00062900013,0
LA_D_4439058,0,0.00056580396,0
LA_D_4442369,0,0.0011029526,0
LA_D_4464966,0,0.00047692418,0
LA_D_4526668,0,0.0018998545,0
LA_D_4535256,0,0.0009227071,0
LA_D_4535603,0,0.0005603942,0
LA_D_4570591,0,0.0003754259,0
LA_D_4585446,0,0.0009835374,0
LA_D_4602760,0,0.00084995927,0
LA_D_4606697,0,0.008373922,0
LA_D_4622729,0,0.0008496365,0
LA_D_4623818,0,0.0010880231,0
LA_D_4629048,0,0.0007892336,0
LA_D_4638423,0,0.0010012229,0
LA_D_4648882,0,0.0017580078,0
LA_D_4658955,0,0.0010167141,0
LA_D_4664367,0,0.001314073,0
LA_D_4706443,0,0.01011176,0
LA_D_4706913,0,0.00050961657,0
LA_D_4713977,0,0.00087198697,0
LA_D_4714024,0,0.000826645,0
LA_D_4725194,0,0.0010956863,0
LA_D_4755723,0,0.0009006624,0
LA_D_4756680,0,0.0010649399,0
LA_D_4780370,0,0.00061768113,0
LA_D_4791696,0,0.0022258856,0
LA_D_4873256,0,0.0013244074,0
LA_D_4909869,0,0.00050240353,0
LA_D_4929080,0,0.00085852947,0
LA_D_4929109,0,0.00047388117,0
LA_D_4945200,0,0.0009825798,0
LA_D_4955878,0,0.0003533109,0
LA_D_4987566,0,0.0004376159,0
LA_D_5003095,0,0.000617768,0
LA_D_5032780,0,0.00077996793,0
LA_D_5035334,0,0.0010916928,0
LA_D_5102780,0,0.00038678414,0
LA_D_5110370,0,0.007834276,0
LA_D_5174405,0,0.00062527164,0
LA_D_5229121,0,0.0012057252,0
LA_D_5251345,0,0.00051081245,0
LA_D_5254618,0,0.0007033451,0
LA_D_5293658,0,0.00094287196,0
LA_D_5299386,0,0.0005866183,0
LA_D_5320850,0,0.00033980448,0
LA_D_5349376,0,0.0013550783,0
LA_D_5350443,0,0.0008181897,0
LA_D_5404238,0,0.0006456471,0
LA_D_5426940,0,0.00047486875,0
LA_D_5441528,0,0.0016959242,0
LA_D_5457952,0,0.001234224,0
LA_D_5470298,0,0.00057913404,0
LA_D_5533482,0,0.0012802449,0
LA_D_5542491,0,0.0004980355,0
LA_D_5558517,0,0.0008397571,0
LA_D_5570657,0,0.0005894773,0
LA_D_5570989,0,0.0009013312,0
LA_D_5581762,0,0.0013337955,0
LA_D_5583900,0,0.00053588906,0
LA_D_5604837,0,0.0005131789,0
LA_D_5611362,0,0.0014626753,0
LA_D_5629619,0,0.00047397494,0
LA_D_5660742,0,0.00045758716,0
LA_D_5737877,0,0.001548125,0
LA_D_5741213,0,0.0018968469,0
LA_D_5875302,0,0.00055711996,0
LA_D_5936853,0,0.0006219255,0
LA_D_5940168,0,0.00028357957,0
LA_D_5958479,0,0.0009932957,0
LA_D_5969979,0,0.0006053005,0
LA_D_5981215,0,0.0011880815,0
LA_D_6123181,0,0.0009806313,0
LA_D_6167202,0,0.0012662389,0
LA_D_6172260,0,0.003473322,0
LA_D_6254273,0,0.00092255016,0
LA_D_6268565,0,0.0006109352,0
LA_D_6287117,0,0.001015358,0
LA_D_6304611,0,0.0011167688,0
LA_D_6310271,0,0.0006047157,0
LA_D_6319430,0,0.0004562731,0
LA_D_6341794,0,0.0002976748,0
LA_D_6368586,0,0.0008730245,0
LA_D_6418299,0,0.00082240906,0
LA_D_6474973,0,0.001154197,0
LA_D_6480530,0,0.0014029458,0
LA_D_6503994,0,0.00084983447,0
LA_D_6511825,0,0.00072931143,0
LA_D_6518523,0,0.00090319494,0
LA_D_6522646,0,0.00043594855,0
LA_D_6530781,0,0.0006060735,0
LA_D_6553532,0,0.00058191724,0
LA_D_6566390,0,0.0020227886,0
LA_D_6593757,0,0.0012758347,0
LA_D_6650619,0,0.00062722486,0
LA_D_6698563,0,0.0021096487,0
LA_D_6747322,0,0.0006504026,0
LA_D_6772310,0,0.001047694,0
LA_D_6791436,0,0.00083543255,0
LA_D_6798923,0,0.00060668896,0
LA_D_6831466,0,0.0013931413,0
LA_D_6886270,0,0.00077044405,0
LA_D_6887531,0,0.00026991937,0
LA_D_6892385,0,0.00047787934,0
LA_D_6929837,0,0.0014854465,0
LA_D_6940280,0,0.0023174954,0
LA_D_6989014,0,0.0011285659,0
LA_D_7009295,0,0.001251216,0
LA_D_7029319,0,0.0032573987,0
LA_D_7030437,0,0.0018246954,0
LA_D_7030861,0,0.00083943474,0
LA_D_7038000,0,0.0025127588,0
LA_D_7045061,0,0.0024254438,0
LA_D_7052959,0,0.0019121396,0
LA_D_7063900,0,0.0032763442,0
LA_D_7077255,0,0.0015329324,0
LA_D_7078301,0,0.011562203,0
LA_D_7131254,0,0.0005058373,0
LA_D_7138828,0,0.0006924615,0
LA_D_7160304,0,0.0007352141,0
LA_D_7184020,0,0.00071624166,0
LA_D_7188586,0,0.0014032065,0
LA_D_7199319,0,0.0011930986,0
LA_D_7200286,0,0.00034805667,0
LA_D_7211735,0,0.00067273865,0
LA_D_7232179,0,0.00096938474,0
LA_D_7292406,0,0.0006571697,0
LA_D_7303743,0,0.0418867,0
LA_D_7366764,0,0.0006706102,0
LA_D_7376410,0,0.00067220227,0
LA_D_7388551,0,0.00070691673,0
LA_D_7406638,0,0.0006995898,0
LA_D_7483433,0,0.0021042651,0
LA_D_7500692,0,0.00047485108,0
LA_D_7501303,0,0.00058922626,0
LA_D_7509721,0,0.0017042429,0
LA_D_7515658,0,0.00036419838,0
LA_D_7568541,0,0.0006995781,0
LA_D_7570304,0,0.0014150221,0
LA_D_7584030,0,0.000444427,0
LA_D_7647111,0,0.01802268,0
LA_D_7656559,0,0.00087701314,0
LA_D_7763864,0,0.00096197746,0
LA_D_7765382,0,0.0007843419,0
LA_D_7767507,0,0.0012257105,0
LA_D_7778978,0,0.00042164538,0
LA_D_7785256,0,0.0007851297,0
LA_D_7791861,0,0.0007523194,0
LA_D_7793454,0,0.0012359762,0
LA_D_7809610,0,0.0007703038,0
LA_D_7859872,0,0.0010246398,0
LA_D_7864042,0,0.0010291066,0
LA_D_7867692,0,0.0008180821,0
LA_D_7876546,0,0.00070331764,0
LA_D_7911995,0,0.0009573026,0
LA_D_7912654,0,0.0008227614,0
LA_D_7979047,0,0.0016684533,0
LA_D_8000064,0,0.00055264746,0
LA_D_8003857,0,0.0011152454,0
LA_D_8015234,0,0.00092236995,0
LA_D_8024014,0,0.0008873986,0
LA_D_8029126,0,0.0005103472,0
LA_D_8063526,0,0.007015279,0
LA_D_8114692,0,0.00081615854,0
LA_D_8116695,0,0.0019740947,0
LA_D_8128645,0,0.0005720112,0
LA_D_8172406,0,0.0009927069,0
LA_D_8212291,0,0.00039204612,0
LA_D_8227552,0,0.001024323,0
LA_D_8249793,0,0.13595085,0
LA_D_8283220,0,0.00020475157,0
LA_D_8310686,0,0.00021807088,0
LA_D_8314886,0,0.00064279884,0
LA_D_8322191,0,0.001582706,0
LA_D_8335652,0,0.00015924516,0
LA_D_8343532,0,0.0012175698,0
LA_D_8416303,0,0.002760799,0
LA_D_8422079,0,0.00069304445,0
LA_D_8437547,0,0.000604192,0
LA_D_8481946,0,0.0003310368,0
LA_D_8484790,0,0.00080864434,0
LA_D_8501812,0,0.000711184,0
LA_D_8532018,0,0.00046817385,0
LA_D_8585920,0,0.0010769418,0
LA_D_8638028,0,0.0008269279,0
LA_D_8640337,0,0.0010774856,0
LA_D_8655168,0,0.0005615604,0
LA_D_8668035,0,0.0010422425,0
LA_D_8668814,0,0.0006344691,0
LA_D_8672265,0,0.00027862564,0
LA_D_8683478,0,0.0012278786,0
LA_D_8702450,0,0.00039030926,0
LA_D_8736354,0,0.00052796106,0
LA_D_8755917,0,0.0010178462,0
LA_D_8756602,0,0.00052627694,0
LA_D_8798259,0,0.0004415912,0
LA_D_8819810,0,0.0012011651,0
LA_D_8822966,0,0.00047331347,0
LA_D_8835215,0,0.00038655027,0
LA_D_8880807,0,0.0010979186,0
LA_D_8906207,0,0.00056574005,0
LA_D_8922313,0,0.00073017244,0
LA_D_8951502,0,0.00078021805,0
LA_D_9023363,0,0.0005312828,0
LA_D_9025572,0,0.00080959575,0
LA_D_9041573,0,0.00064738066,0
LA_D_9048536,0,0.0006629138,0
LA_D_9063074,0,0.00067814754,0
LA_D_9070116,0,0.0007080609,0
LA_D_9098279,0,0.00057984074,0
LA_D_9111215,0,0.0008296014,0
LA_D_9126962,0,0.0052302657,0
LA_D_9192205,0,0.0035202825,0
LA_D_9209327,0,0.0012742638,0
LA_D_9247873,0,0.0007401803,0
LA_D_9259186,0,0.00028031974,0
LA_D_9272626,0,0.0009138036,0
LA_D_9313621,0,0.00071704236,0
LA_D_9316268,0,0.0008864719,0
LA_D_9329913,0,0.0012029043,0
LA_D_9333977,0,0.00064651656,0
LA_D_9345210,0,0.0010962981,0
LA_D_9363329,0,0.0004952319,0
LA_D_9370841,0,0.0011507401,0
LA_D_9399404,0,0.0004863961,0
LA_D_9414796,0,0.00036724732,0
LA_D_9417739,0,0.00079711265,0
LA_D_9553605,0,0.00032635705,0
LA_D_9605217,0,0.0023466384,0
LA_D_9666836,0,0.0012211831,0
LA_D_9672942,0,0.0010877837,0
LA_D_9680319,0,0.003510159,0
LA_D_9687839,0,0.00036919824,0
LA_D_9732147,0,0.00054259854,0
LA_D_9766606,0,0.0016459101,0
LA_D_9800866,0,0.0013215572,0
LA_D_9828475,0,0.0007536368,0
LA_D_9835602,0,0.0013168112,0
LA_D_9867342,0,0.0005240841,0
LA_D_9923796,0,0.0006235892,0
LA_D_9924117,0,0.0013511337,0
LA_D_1039528,0,0.00086020125,0
LA_D_1076068,0,0.00070892856,0
LA_D_1187262,0,0.0009937113,0
LA_D_1208937,0,0.009098935,0
LA_D_1256001,0,0.0008055707,0
LA_D_1279699,0,0.00044714272,0
LA_D_1345832,0,0.00074720476,0
LA_D_1360070,0,0.00043649852,0
LA_D_1394044,0,0.00034606137,0
LA_D_1404026,0,0.00018170426,0
LA_D_1405812,0,0.0004900855,0
LA_D_1406948,0,0.00038355516,0
LA_D_1429979,0,0.0001626452,0
LA_D_1447250,0,0.00011785637,0
LA_D_1462556,0,0.0003461554,0
LA_D_1520589,0,0.0003583719,0
LA_D_1534909,0,7.9137746e-05,0
LA_D_1546478,0,0.00056534813,0
LA_D_1574961,0,0.0005436251,0
LA_D_1613851,0,0.00083028665,0
LA_D_1623783,0,0.00025027,0
LA_D_1664915,0,0.0003349983,0
LA_D_1808956,0,0.0004042273,0
LA_D_1975386,0,0.0013072909,0
LA_D_1993921,0,0.000391798,0
LA_D_2042101,0,0.00048484074,0
LA_D_2049968,0,0.0010139095,0
LA_D_2080320,0,0.00013909349,0
LA_D_2117591,0,0.0004518651,0
LA_D_2199278,0,0.00039028958,0
LA_D_2259292,0,0.00033136076,0
LA_D_2335490,0,0.0016609232,0
LA_D_2406981,0,0.0013389119,0
LA_D_2481485,0,0.00083539676,0
LA_D_2547623,0,0.00037559934,0
LA_D_2552841,0,0.00016416119,0
LA_D_2555715,0,0.0010904543,0
LA_D_2643276,0,0.00038411375,0
LA_D_2651341,0,0.0006673161,0
LA_D_2670809,0,0.0007069702,0
LA_D_2671594,0,0.00027098611,0
LA_D_2697100,0,0.00066998036,0
LA_D_2699739,0,0.0007879865,0
LA_D_2720510,0,0.00039110356,0
LA_D_2733623,0,0.0010230157,0
LA_D_2771030,0,0.00048348206,0
LA_D_2797757,0,0.00027548574,0
LA_D_2852714,0,0.0006014526,0
LA_D_2855249,0,0.00044002075,0
LA_D_2869692,0,0.0018695643,0
LA_D_2871536,0,0.0019873958,0
LA_D_2916691,0,0.0150936255,0
LA_D_2925315,0,0.00049934845,0
LA_D_2949516,0,0.0006817273,0
LA_D_2985114,0,0.00023080097,0
LA_D_3012833,0,0.0007520223,0
LA_D_3015735,0,0.00054347847,0
LA_D_3017121,0,0.00035688435,0
LA_D_3105314,0,0.000537707,0
LA_D_3107692,0,0.0016646754,0
LA_D_3174145,0,0.0068740374,0
LA_D_3178726,0,0.0007876322,0
LA_D_3241180,0,0.0007856839,0
LA_D_3282769,0,0.00036930537,0
LA_D_3294977,0,0.00054558105,0
LA_D_3360066,0,0.00026812905,0
LA_D_3368444,0,0.00052883493,0
LA_D_3384993,0,0.000253315,0
LA_D_3416825,0,0.0005728935,0
LA_D_3416978,0,0.0018355778,0
LA_D_3419658,0,0.00039552673,0
LA_D_3425893,0,0.0002459839,0
LA_D_3533489,0,0.0012648237,0
LA_D_3552805,0,7.352078e-05,0
LA_D_3567520,0,0.0003952603,0
LA_D_3713639,0,0.013219182,0
LA_D_3762414,0,0.0007093996,0
LA_D_3788624,0,0.00083497615,0
LA_D_3822372,0,0.00032383666,0
LA_D_3858607,0,0.006223958,0
LA_D_3874085,0,0.0013535189,0
LA_D_3914511,0,0.00031940543,0
LA_D_3962973,0,0.0007107696,0
LA_D_4021977,0,0.00029107629,0
LA_D_4037663,0,0.00022163056,0
LA_D_4046580,0,0.00057151256,0
LA_D_4088889,0,0.0060157785,0
LA_D_4164777,0,0.00037798748,0
LA_D_4208169,0,0.0004384065,0
LA_D_4239778,0,0.000384984,0
LA_D_4264923,0,0.0002201743,0
LA_D_4291104,0,0.00037637693,0
LA_D_4301954,0,0.0009350107,0
LA_D_4402866,0,0.00024935493,0
LA_D_4488838,0,0.00022036606,0
LA_D_4545884,0,0.00010504753,0
LA_D_4584142,0,0.0003897274,0
LA_D_4734716,0,0.00047477326,0
LA_D_4736001,0,0.0029508742,0
LA_D_4762105,0,0.001807104,0
LA_D_4812481,0,0.0013548209,0
LA_D_4814402,0,0.0011932777,0
LA_D_4824323,0,0.015741631,0
LA_D_4868270,0,0.00048448364,0
LA_D_4881980,0,0.00032927791,0
LA_D_4943612,0,0.00021566896,0
LA_D_4947939,0,0.00034350788,0
LA_D_4956039,0,0.0011651136,0
LA_D_5013159,0,0.00021503407,0
LA_D_5062241,0,0.00093223224,0
LA_D_5065135,0,0.0006757611,0
LA_D_5068271,0,0.0037162527,0
LA_D_5084830,0,0.0013063742,0
LA_D_5168787,0,0.0002626955,0
LA_D_5192033,0,0.00074408075,0
LA_D_5234827,0,0.0007071643,0
LA_D_5236557,0,0.0003346555,0
LA_D_5238266,0,0.011274511,0
LA_D_5241744,0,0.00031541465,0
LA_D_5257381,0,0.00025599252,0
LA_D_5282749,0,0.00070334174,0
LA_D_5285268,0,0.00063338736,0
LA_D_5285970,0,0.00064950535,0
LA_D_5296414,0,0.000758434,0
LA_D_5305473,0,0.000394734,0
LA_D_5330155,0,0.00046821468,0
LA_D_5336165,0,0.0003141461,0
LA_D_5369394,0,0.00027472668,0
LA_D_5470214,0,0.00079472054,0
LA_D_5475290,0,0.0014349889,0
LA_D_5483730,0,0.00036702753,0
LA_D_5545619,0,0.0010674781,0
LA_D_5574112,0,0.0015080064,0
LA_D_5661104,0,0.0004755637,0
LA_D_5669124,0,0.0032225274,0
LA_D_5752206,0,0.001342668,0
LA_D_5752437,0,0.00032772266,0
LA_D_5761885,0,0.0013378545,0
LA_D_5763793,0,0.00040657504,0
LA_D_5813568,0,0.0004915323,0
LA_D_5817787,0,0.00086529594,0
LA_D_5905737,0,0.0005433319,0
LA_D_5921230,0,0.0010517312,0
LA_D_5937021,0,0.0013598508,0
LA_D_5940767,0,0.0005646211,0
LA_D_6020756,0,0.0010272294,0
LA_D_6027499,0,0.000587634,0
LA_D_6052530,0,0.00024606317,0
LA_D_6090760,0,0.0004939032,0
LA_D_6115335,0,0.00038426023,0
LA_D_6135553,0,0.000178195,0
LA_D_6177242,0,0.00047063327,0
LA_D_6179226,0,0.0006621933,0
LA_D_6210490,0,0.0003298466,0
LA_D_6214703,0,0.0006415154,0
LA_D_6272018,0,0.0008690597,0
LA_D_6290153,0,0.0004580851,0
LA_D_6295513,0,0.00042203043,0
LA_D_6298403,0,0.000442159,0
LA_D_6321273,0,0.00042817357,0
LA_D_6341314,0,0.0011760404,0
LA_D_6346837,0,0.0002518316,0
LA_D_6359460,0,0.0005007985,0
LA_D_6378566,0,0.00041787888,0
LA_D_6404620,0,0.0003253127,0
LA_D_6409431,0,0.0021435511,0
LA_D_6441885,0,0.00030913454,0
LA_D_6446002,0,0.0005632129,0
LA_D_6468412,0,0.00037555784,0
LA_D_6469406,0,0.0011562549,0
LA_D_6469647,0,0.00016887998,0
LA_D_6525071,0,0.00043284864,0
LA_D_6569285,0,0.00035091967,0
LA_D_6593011,0,0.0004515447,0
LA_D_6595610,0,0.0003548375,0
LA_D_6603047,0,0.0007932241,0
LA_D_6654690,0,0.0008347645,0
LA_D_6662010,0,0.0015439895,0
LA_D_6677490,0,0.00026805568,0
LA_D_6708714,0,0.0004276836,0
LA_D_6728041,0,0.00042738815,0
LA_D_6734401,0,0.0006420149,0
LA_D_6793108,0,0.00020738835,0
LA_D_6794210,0,0.00050147227,0
LA_D_6835954,0,0.0006495118,0
LA_D_6908205,0,0.0001578799,0
LA_D_6947289,0,0.0003610766,0
LA_D_7005622,0,0.0006707569,0
LA_D_7010911,0,0.000645817,0
LA_D_7044931,0,0.015202457,0
LA_D_7051804,0,0.00038323845,0
LA_D_7066954,0,0.00026918255,0
LA_D_7114213,0,0.0012545126,0
LA_D_7137953,0,0.0005148126,0
LA_D_7168411,0,0.00028430426,0
LA_D_7201438,0,0.0002641663,0
LA_D_7245573,0,0.00056090485,0
LA_D_7284920,0,0.00023208992,0
LA_D_7298083,0,0.00049362174,0
LA_D_7322960,0,0.00022113873,0
LA_D_7368554,0,0.00044821217,0
LA_D_7368744,0,0.0014183323,0
LA_D_7380127,0,0.00087106763,0
LA_D_7404557,0,0.00050104083,0
LA_D_7439452,0,0.00091642584,0
LA_D_7448540,0,0.00048302166,0
LA_D_7451179,0,0.0003565409,0
LA_D_7471232,0,0.00026849922,0
LA_D_7493620,0,0.001115045,0
LA_D_7520064,0,0.0043018563,0
LA_D_7547533,0,0.00034744845,0
LA_D_7550549,0,0.0010084305,0
LA_D_7612992,0,0.00030825075,0
LA_D_7650371,0,0.00056867104,0
LA_D_7705939,0,0.00034471235,0
LA_D_7740163,0,0.0003563542,0
LA_D_7775873,0,0.00059288397,0
LA_D_7792362,0,0.0018004914,0
LA_D_7907493,0,0.00059121766,0
LA_D_7916323,0,0.00016739045,0
LA_D_7932134,0,0.01212721,0
LA_D_7958461,0,0.0003522656,0
LA_D_7995545,0,0.0011114039,0
LA_D_8002093,0,0.00048905535,0
LA_D_8010160,0,0.00028553072,0
LA_D_8020367,0,0.00045498574,0
LA_D_8022699,0,0.00053693797,0
LA_D_8035203,0,0.0002264616,0
LA_D_8145529,0,0.0012149457,0
LA_D_8203916,0,0.001491937,0
LA_D_8208840,0,0.00044901573,0
LA_D_8210004,0,0.0010412799,0
LA_D_8223817,0,0.0002536582,0
LA_D_8226217,0,0.0008574724,0
LA_D_8240404,0,0.00034327005,0
LA_D_8247746,0,0.0014465998,0
LA_D_8252368,0,0.00450287,0
LA_D_8284460,0,0.00017446897,0
LA_D_8312564,0,0.0007664889,0
LA_D_8364571,0,0.0005560457,0
LA_D_8376351,0,0.0027432942,0
LA_D_8383254,0,0.0011219751,0
LA_D_8425884,0,0.0024031433,0
LA_D_8450502,0,0.00052204815,0
LA_D_8584336,0,0.00069731736,0
LA_D_8595379,0,0.0011919565,0
LA_D_8630312,0,0.0005615909,0
LA_D_8647491,0,0.00025775982,0
LA_D_8648848,0,0.0003686188,0
LA_D_8653799,0,0.00039542536,0
LA_D_8666902,0,0.00040101612,0
LA_D_8678410,0,0.00037766475,0
LA_D_8682135,0,0.00026358815,0
LA_D_8689278,0,0.001501659,0
LA_D_8733315,0,0.002384303,0
LA_D_8747095,0,0.0001700119,0
LA_D_8752359,0,0.0024929945,0
LA_D_8754324,0,0.0004008663,0
LA_D_8765813,0,0.0010055725,0
LA_D_8790703,0,0.00031467847,0
LA_D_8808969,0,0.0011783213,0
LA_D_8818969,0,0.00023132641,0
LA_D_8845360,0,0.00023056123,0
LA_D_8876728,0,0.0002834609,0
LA_D_8896610,0,0.0030406364,0
LA_D_8915463,0,0.00095034053,0
LA_D_9026390,0,0.00074504816,0
LA_D_9036300,0,0.0005977378,0
LA_D_9086230,0,0.0012315108,0
LA_D_9098375,0,0.00027759658,0
LA_D_9150782,0,0.007711602,0
LA_D_9167498,0,0.0005643403,0
LA_D_9171276,0,0.0001175216,0
LA_D_9173640,0,0.010123228,0
LA_D_9174943,0,0.00042177687,0
LA_D_9175079,0,0.00031278067,0
LA_D_9218689,0,0.00067273166,0
LA_D_9222686,0,0.00081313605,0
LA_D_9248232,0,0.00025238827,0
LA_D_9257320,0,0.0007611985,0
LA_D_9266618,0,0.00030955483,0
LA_D_9301839,0,0.001361066,0
LA_D_9306659,0,0.00032732205,0
LA_D_9322246,0,0.00019046488,0
LA_D_9352288,0,0.00065863057,0
LA_D_9366858,0,0.007604325,0
LA_D_9530210,0,0.00067247974,0
LA_D_9581294,0,0.0004876993,0
LA_D_9637098,0,0.000547758,0
LA_D_9641985,0,0.00025745106,0
LA_D_9646150,0,0.0015824876,0
LA_D_9663682,0,0.00037099494,0
LA_D_9663993,0,0.00023051529,0
LA_D_9729287,0,0.0022899876,0
LA_D_9759473,0,0.0011438401,0
LA_D_9786796,0,0.0018535587,0
LA_D_9793796,0,0.0017485056,0
LA_D_9814205,0,0.002155135,0
LA_D_9878596,0,0.00030897046,0
LA_D_9881103,0,0.00039868485,0
LA_D_9895494,0,0.00021447465,0
LA_D_9899652,0,0.00093151577,0
LA_D_9904324,0,0.00046492732,0
LA_D_9914048,0,0.00071341987,0
LA_D_9918437,0,0.00041601097,0
LA_D_9945037,0,0.00091093185,0
LA_D_9962097,0,0.001093384,0
LA_D_9971231,0,0.0008073254,0
LA_D_1002130,0,0.00061395,0
LA_D_1004357,0,0.0011829576,0
LA_D_1019359,0,0.00083844335,0
LA_D_1083373,0,0.0003039197,0
LA_D_1099280,0,0.0027469716,0
LA_D_1108820,0,0.0012290113,0
LA_D_1121509,0,0.079153635,0
LA_D_1138393,0,0.0020218722,0
LA_D_1139673,0,0.0006385512,0
LA_D_1175922,0,0.0007888351,0
LA_D_1178516,0,0.0004364983,0
LA_D_1241886,0,0.0007022819,0
LA_D_1246113,0,0.0009543442,0
LA_D_1281857,0,0.0055223024,0
LA_D_1293448,0,0.0010248551,0
LA_D_1332849,0,0.0016033783,0
LA_D_1370511,0,0.0007662227,0
LA_D_1402537,0,0.0024602,0
LA_D_1407315,0,0.0041251336,0
LA_D_1411178,0,0.0037122495,0
LA_D_1417054,0,0.00039264266,0
LA_D_1419435,0,0.0008347629,0
LA_D_1432574,0,0.0001408777,0
LA_D_1470065,0,0.001415188,0
LA_D_1496714,0,0.0007556356,0
LA_D_1507147,0,0.0039189816,0
LA_D_1551943,0,0.00025336404,0
LA_D_1556961,0,0.0015218019,0
LA_D_1602797,0,0.15115221,0
LA_D_1629631,0,0.003499984,0
LA_D_1642847,0,0.0004230201,0
LA_D_1694462,0,0.0011407813,0
LA_D_1695538,0,0.0009745376,0
LA_D_1719192,0,0.0011075631,0
LA_D_1734391,0,0.0039722775,0
LA_D_1760707,0,0.02130384,0
LA_D_1772690,0,0.0012877182,0
LA_D_1776029,0,0.001036694,0
LA_D_1806429,0,0.000724048,0
LA_D_1834056,0,0.0021303836,0
LA_D_1835613,0,0.0027685051,0
LA_D_1883294,0,0.0015495629,0
LA_D_1888187,0,0.00082316244,0
LA_D_1890747,0,0.0018957938,0
LA_D_1893600,0,0.0003731921,0
LA_D_1924520,0,0.00050960394,0
LA_D_1939530,0,0.001319406,0
LA_D_1952781,0,0.0056365365,0
LA_D_1958457,0,0.004429499,0
LA_D_2032800,0,0.00095656444,0
LA_D_2039149,0,0.01390421,0
LA_D_2077274,0,0.0025888397,0
LA_D_2095422,0,0.0009401168,0
LA_D_2146411,0,9.7513046e-05,0
LA_D_2146434,0,0.0011183661,0
LA_D_2224784,0,0.0018990437,0
LA_D_2225615,0,0.00045165364,0
LA_D_2248370,0,0.00089572364,0
LA_D_2301233,0,0.0021112503,0
LA_D_2316551,0,0.00086045946,0
LA_D_2325585,0,0.003533822,0
LA_D_2331474,0,0.00096274633,0
LA_D_2340138,0,0.008870856,0
LA_D_2344937,0,0.001019445,0
LA_D_2347001,0,0.000923694,0
LA_D_2357473,0,0.000440211,0
LA_D_2394870,0,0.0007353668,0
LA_D_2401253,0,0.00051998027,0
LA_D_2418640,0,0.0010825468,0
LA_D_2418754,0,0.001469282,0
LA_D_2441269,0,0.0008323748,0
LA_D_2448704,0,0.000777566,0
LA_D_2450173,0,0.00067572366,0
LA_D_2469604,0,0.0007541048,0
LA_D_2494254,0,0.00032668578,0
LA_D_2507581,0,0.0005834411,0
LA_D_2554631,0,0.001352237,0
LA_D_2554943,0,0.0018603952,0
LA_D_2596805,0,0.0027624522,0
LA_D_2605804,0,0.00033731517,0
LA_D_2612018,0,0.00067802664,0
LA_D_2624303,0,0.001236733,0
LA_D_2631978,0,0.036349196,0
LA_D_2656143,0,0.0012444966,0
LA_D_2661406,0,0.00057057536,0
LA_D_2699404,0,0.00044195363,0
LA_D_2712544,0,0.0022423144,0
LA_D_2743305,0,0.0008996615,0
LA_D_2749889,0,0.000641451,0
LA_D_2768317,0,0.0011762079,0
LA_D_2823242,0,0.0014695983,0
LA_D_2849030,0,0.00033269657,0
LA_D_2875382,0,0.0007886626,0
LA_D_2888081,0,0.0010014352,0
LA_D_2896709,0,0.0016894115,0
LA_D_2932863,0,0.0039396337,0
LA_D_2973554,0,0.00060243276,0
LA_D_2986511,0,0.0015247884,0
LA_D_2990501,0,0.0009871377,0
LA_D_3001833,0,0.0009266656,0
LA_D_3026538,0,0.27008492,0
LA_D_3028894,0,0.0003150666,0
LA_D_3030112,0,0.0011696981,0
LA_D_3037574,0,0.0016948404,0
LA_D_3057401,0,0.0006105836,0
LA_D_3086784,0,0.00034406016,0
LA_D_3106788,0,0.0054955855,0
LA_D_3108292,0,0.00017181563,0
LA_D_3155198,0,0.0012047321,0
LA_D_3164494,0,0.0013767706,0
LA_D_3213474,0,0.0009201251,0
LA_D_3220706,0,0.0014221646,0
LA_D_3221893,0,0.0014854373,0
LA_D_3238773,0,0.0011309356,0
LA_D_3286643,0,0.0014640857,0
LA_D_3295808,0,0.00075462996,0
LA_D_3320370,0,0.00038498765,0
LA_D_3321949,0,0.0010706802,0
LA_D_3324360,0,0.04727277,0
LA_D_3333243,0,0.000609298,0
LA_D_3373111,0,0.0007117202,0
LA_D_3395770,0,0.001776406,0
LA_D_3406893,0,0.00066596945,0
LA_D_3418736,0,0.0010365437,0
LA_D_3434754,0,0.0016091664,0
LA_D_3447687,0,0.002257961,0
LA_D_3488802,0,0.0004947556,0
LA_D_3499644,0,0.0008699714,0
LA_D_3516654,0,0.017810885,0
LA_D_3549647,0,0.00041933998,0
LA_D_3591655,0,0.0024015526,0
LA_D_3685606,0,0.0009245551,0
LA_D_3720598,0,0.0074928054,0
LA_D_3755342,0,0.0013703372,0
LA_D_3814470,0,0.0011067237,0
LA_D_3913989,0,0.0008601746,0
LA_D_3922139,0,0.0010384994,0
LA_D_3926305,0,0.00066305307,0
LA_D_3936411,0,0.0005689863,0
LA_D_3938799,0,0.0010901905,0
LA_D_3939594,0,0.0018185852,0
LA_D_3946425,0,0.0014831348,0
LA_D_3988144,0,0.0019467134,0
LA_D_3997436,0,0.0015199925,0
LA_D_4001682,0,0.00062081864,0
LA_D_4081209,0,0.00052125956,0
LA_D_4092177,0,0.0009419759,0
LA_D_4095978,0,0.0017845774,0
LA_D_4135533,0,0.00031545165,0
LA_D_4147879,0,0.19449791,0
LA_D_4159525,0,0.003997627,0
LA_D_4193752,0,0.002425949,0
LA_D_4196607,0,0.00039922775,0
LA_D_4305576,0,0.0007817295,0
LA_D_4305596,0,0.0005607161,0
LA_D_4345147,0,0.00072285114,0
LA_D_4353496,0,0.0013021829,0
LA_D_4433475,0,0.00073199987,0
LA_D_4441186,0,0.00066652853,0
LA_D_4463553,0,0.0034684155,0
LA_D_4487394,0,0.0008439316,0
LA_D_4549158,0,0.0011799623,0
LA_D_4620379,0,0.0044326456,0
LA_D_4644335,0,0.0006207482,0
LA_D_4682691,0,0.0010513058,0
LA_D_4707332,0,0.0025543955,0
LA_D_4784490,0,0.00051316794,0
LA_D_4825325,0,0.0007021858,0
LA_D_4839051,0,0.13318378,0
LA_D_4846035,0,0.0011005276,0
LA_D_4927995,0,0.0060711084,0
LA_D_4931416,0,0.0006314056,0
LA_D_5019631,0,0.002371701,0
LA_D_5072686,0,0.0018662242,0
LA_D_5077879,0,0.0011417321,0
LA_D_5088657,0,0.0012628104,0
LA_D_5137523,0,0.00473012,0
LA_D_5164222,0,0.0051467433,0
LA_D_5178827,0,0.00067127973,0
LA_D_5268777,0,0.0013201005,0
LA_D_5270124,0,0.028568871,0
LA_D_5291013,0,0.0010429855,0
LA_D_5298257,0,0.00090299675,0
LA_D_5310635,0,0.00070726307,0
LA_D_5369918,0,0.0014808077,0
LA_D_5374847,0,0.0006031277,0
LA_D_5386814,0,0.00047543264,0
LA_D_5392374,0,0.0004605273,0
LA_D_5412673,0,0.002280093,0
LA_D_5434480,0,0.0005218601,0
LA_D_5435742,0,0.00031578355,0
LA_D_5439954,0,0.00049649505,0
LA_D_5448084,0,0.00068570994,0
LA_D_5448835,0,0.00037026234,0
LA_D_5457625,0,0.0005201446,0
LA_D_5534901,0,0.0047521563,0
LA_D_5536398,0,0.0014054633,0
LA_D_5545363,0,0.000981177,0
LA_D_5549589,0,0.00067004556,0
LA_D_5578000,0,0.0007940983,0
LA_D_5579274,0,0.0035000623,0
LA_D_5586181,0,0.0005054074,0
LA_D_5591157,0,0.00066678843,0
LA_D_5614325,0,0.00034927673,0
LA_D_5631270,0,0.0011445994,0
LA_D_5632411,0,0.0037417181,0
LA_D_5632822,0,0.00041879763,0
LA_D_5634905,0,0.0009980111,0
LA_D_5636508,0,0.0008834919,0
LA_D_5657965,0,0.0013207461,0
LA_D_5660588,0,0.0040898114,0
LA_D_5675105,0,0.0020635014,0
LA_D_5714330,0,0.001902302,0
LA_D_5737223,0,0.00078391633,0
LA_D_5743084,0,0.0046096267,0
LA_D_5791089,0,0.0011110748,0
LA_D_5817189,0,0.0009826579,0
LA_D_5822352,0,0.001717962,0
LA_D_5823623,0,0.00092912547,0
LA_D_5840858,0,0.005096309,0
LA_D_5886708,0,0.0007607677,0
LA_D_5921657,0,0.00074959244,0
LA_D_5936519,0,0.00077473844,0
LA_D_5959182,0,0.0014896662,0
LA_D_5963916,0,0.0013203073,0
LA_D_5997108,0,0.00020614847,0
LA_D_6006490,0,0.06864155,0
LA_D_6024551,0,0.0034769832,0
LA_D_6026925,0,0.0014914058,0
LA_D_6050195,0,0.0006859864,0
LA_D_6058415,0,0.00078972295,0
LA_D_6074434,0,0.0010521124,0
LA_D_6107704,0,0.0012919909,0
LA_D_6129570,0,0.045379575,0
LA_D_6146678,0,0.0038831758,0
LA_D_6164824,0,0.00066879386,0
LA_D_6173156,0,0.00040353538,0
LA_D_6206483,0,0.00061866624,0
LA_D_6247609,0,0.0010640718,0
LA_D_6291695,0,0.000891328,0
LA_D_6296253,0,0.0008602292,0
LA_D_6343618,0,0.0010116637,0
LA_D_6355183,0,0.0055144047,0
LA_D_6357517,0,0.0012309707,0
LA_D_6361374,0,0.00046985448,0
LA_D_6363129,0,0.0009225233,0
LA_D_6369671,0,0.0010126473,0
LA_D_6418011,0,0.00087775884,0
LA_D_6421018,0,0.0009668371,0
LA_D_6528432,0,0.00090789003,0
LA_D_6528717,0,0.0012269217,0
LA_D_6534633,0,0.0018263698,0
LA_D_6548276,0,0.00075270847,0
LA_D_6551837,0,0.001121037,0
LA_D_6553349,0,0.00090973784,0
LA_D_6563020,0,0.00012613567,0
LA_D_6587989,0,0.00069104735,0
LA_D_6640500,0,0.016030524,0
LA_D_6674222,0,0.0009439344,0
LA_D_6679031,0,0.000879266,0
LA_D_6693605,0,0.010193932,0
LA_D_6707611,0,0.00063067186,0
LA_D_6732661,0,0.0003910424,0
LA_D_6753200,0,0.00055941864,0
LA_D_6827816,0,0.00049535034,0
LA_D_6835200,0,0.0007335704,0
LA_D_6843430,0,0.0010085828,0
LA_D_6851845,0,0.0010449224,0
LA_D_6854305,0,0.00032680633,0
LA_D_6857943,0,0.0005573056,0
LA_D_6870829,0,0.0017086391,0
LA_D_6879670,0,0.00060807157,0
LA_D_6910104,0,0.0009845325,0
LA_D_6963454,0,0.0010161918,0
LA_D_7001356,0,0.0013022617,0
LA_D_7030074,0,0.0029679465,0
LA_D_7038666,0,0.0010713852,0
LA_D_7085648,0,0.00045374528,0
LA_D_7097624,0,0.002029508,0
LA_D_7111683,0,0.00149142,0
LA_D_7121478,0,0.00023212799,0
LA_D_7145472,0,0.0027876229,0
LA_D_7145864,0,0.0008791235,0
LA_D_7156674,0,0.0008989709,0
LA_D_7177412,0,0.00077362073,0
LA_D_7188275,0,0.0008718881,0
LA_D_7212060,0,0.0008575615,0
LA_D_7230800,0,0.00048830983,0
LA_D_7264777,0,0.002440931,0
LA_D_7268521,0,0.0010226829,0
LA_D_7271597,0,0.0016778343,0
LA_D_7275001,0,0.0007983457,0
LA_D_7277167,0,0.00076201494,0
LA_D_7281896,0,0.0011606994,0
LA_D_7329677,0,0.0007160536,0
LA_D_7334576,0,0.020215873,0
LA_D_7365719,0,0.00068622176,0
LA_D_7366301,0,0.0009098588,0
LA_D_7423762,0,0.0009130465,0
LA_D_7451928,0,0.0012660868,0
LA_D_7484822,0,0.0018619966,0
LA_D_7513169,0,0.0015792799,0
LA_D_7575171,0,0.0015227123,0
LA_D_7590619,0,0.000636069,0
LA_D_7597573,0,0.00090684945,0
LA_D_7600960,0,0.0008013769,0
LA_D_7601080,0,0.00149957,0
LA_D_7635843,0,0.04220626,0
LA_D_7638298,0,0.003127983,0
LA_D_7641159,0,0.00038857307,0
LA_D_7650623,0,0.0017700605,0
LA_D_7651577,0,0.0009721303,0
LA_D_7660110,0,0.0010996682,0
LA_D_7670105,0,0.0069905357,0
LA_D_7677110,0,0.0018853751,0
LA_D_7692770,0,0.0006388181,0
LA_D_7694966,0,0.0007871043,0
LA_D_7724443,0,0.0009934698,0
LA_D_7750449,0,0.0004265141,0
LA_D_7815344,0,0.0006728067,0
LA_D_7816846,0,0.002545726,0
LA_D_7821892,0,0.0021420023,0
LA_D_7831036,0,0.00076652615,0
LA_D_7854945,0,0.0010663744,0
LA_D_7893809,0,0.00097508985,0
LA_D_7910891,0,0.0029229997,0
LA_D_7917674,0,0.001343806,0
LA_D_7917852,0,0.004257483,0
LA_D_7917885,0,0.0012250872,0
LA_D_7944498,0,0.0006285342,0
LA_D_7977171,0,0.0019350639,0
LA_D_7987505,0,0.00063007436,0
LA_D_7989686,0,0.02152897,0
LA_D_8035961,0,0.00075220654,0
LA_D_8066677,0,0.0009960942,0
LA_D_8079405,0,0.0008963344,0
LA_D_8087885,0,0.00088545174,0
LA_D_8101383,0,0.00033812734,0
LA_D_8142004,0,0.0024381354,0
LA_D_8181392,0,0.0002000209,0
LA_D_8199314,0,0.00072556833,0
LA_D_8215903,0,0.0013859556,0
LA_D_8223320,0,0.0009029614,0
LA_D_8231132,0,0.002434104,0
LA_D_8241127,0,0.0009712299,0
LA_D_8259901,0,0.0053154137,0
LA_D_8280620,0,0.00051443465,0
LA_D_8298208,0,0.0008287453,0
LA_D_8317963,0,0.00069466117,0
LA_D_8322859,0,0.00068493397,0
LA_D_8410808,0,0.0012033285,0
LA_D_8449121,0,0.0013916733,0
LA_D_8449646,0,0.0010028267,0
LA_D_8497918,0,0.010192002,0
LA_D_8502516,0,0.0013742842,0
LA_D_8536291,0,0.005186294,0
LA_D_8541183,0,0.00053367886,0
LA_D_8550715,0,0.011665242,0
LA_D_8649628,0,0.0012413817,0
LA_D_8700255,0,0.002201265,0
LA_D_8726221,0,0.0007463209,0
LA_D_8728705,0,0.0023190659,0
LA_D_8729520,0,0.010770007,0
LA_D_8730212,0,0.0023641135,0
LA_D_8742102,0,0.0007405649,0
LA_D_8747282,0,0.0033547347,0
LA_D_8755790,0,0.0006752908,0
LA_D_8809090,0,0.00040454377,0
LA_D_8847918,0,0.00388225,0
LA_D_8848060,0,0.0007893566,0
LA_D_8928963,0,0.00066423614,0
LA_D_8959262,0,0.00064620795,0
LA_D_8978674,0,0.0038743697,0
LA_D_8994968,0,0.0018906883,0
LA_D_9069590,0,0.0006523203,0
LA_D_9094880,0,0.00077012216,0
LA_D_9109205,0,0.0003101406,0
LA_D_9162715,0,0.0009443491,0
LA_D_9171297,0,0.0012273514,0
LA_D_9191310,0,0.0001958638,0
LA_D_9201030,0,0.0007501506,0
LA_D_9205244,0,0.0020776975,0
LA_D_9244829,0,0.00071643887,0
LA_D_9256150,0,0.0006489593,0
LA_D_9268984,0,0.0025550346,0
LA_D_9273302,0,0.00049434305,0
LA_D_9364153,0,0.0002957515,0
LA_D_9366124,0,0.0006000072,0
LA_D_9376872,0,0.0014174309,0
LA_D_9382453,0,0.000577802,0
LA_D_9459461,0,0.0008862013,0
LA_D_9474947,0,0.00038026916,0
LA_D_9502311,0,0.0009937477,0
LA_D_9529091,0,0.001061576,0
LA_D_9544494,0,0.0013309524,0
LA_D_9547208,0,0.0007488054,0
LA_D_9549013,0,0.0004636693,0
LA_D_9560776,0,0.0008359298,0
LA_D_9574257,0,0.0012957014,0
LA_D_9578605,0,0.0008706743,0
LA_D_9607719,0,0.012698868,0
LA_D_9641619,0,0.0010421999,0
LA_D_9724088,0,0.006688753,0
LA_D_9734432,0,0.00069743436,0
LA_D_9747163,0,0.0009639964,0
LA_D_9865832,0,0.0010216059,0
LA_D_9875273,0,0.001590209,0
LA_D_9890188,0,0.00056410907,0
LA_D_9895745,0,0.012379977,0
LA_D_9960401,0,0.0013363366,0
LA_D_9975747,0,0.00050553656,0
LA_D_9981457,0,0.00014838799,0
LA_D_9985248,0,0.0012822596,0
LA_D_9991693,0,0.00018133456,0
LA_D_1002318,0,0.0072031664,0
LA_D_1003356,0,0.0012223469,0
LA_D_1007033,0,0.00038741686,0
LA_D_1010123,0,0.009070171,0
LA_D_1024399,0,0.013049845,0
LA_D_1079750,0,0.00225349,0
LA_D_1083812,0,0.0006875808,0
LA_D_1123046,0,0.00076819485,0
LA_D_1139898,0,0.00062427006,0
LA_D_1210991,0,0.18400759,0
LA_D_1215152,0,0.006561753,0
LA_D_1222321,0,0.00035259756,0
LA_D_1265854,0,0.0062291715,0
LA_D_1279998,0,0.89796984,1
LA_D_1320662,0,0.0011749845,0
LA_D_1358691,0,0.0135314865,0
LA_D_1368786,0,0.0018093659,0
LA_D_1382588,0,0.00040071574,0
LA_D_1415920,0,0.00073674787,0
LA_D_1421770,0,0.0021541324,0
LA_D_1457137,0,0.00089023303,0
LA_D_1483464,0,0.0051193875,0
LA_D_1545693,0,0.007862782,0
LA_D_1564060,0,0.008181294,0
LA_D_1567825,0,0.0021659331,0
LA_D_1579906,0,0.15221363,0
LA_D_1580977,0,0.007150246,0
LA_D_1612576,0,0.00092224125,0
LA_D_1613794,0,0.00043652143,0
LA_D_1616269,0,0.012158923,0
LA_D_1625505,0,0.0016674917,0
LA_D_1656917,0,0.011956725,0
LA_D_1731339,0,0.009387746,0
LA_D_1752177,0,0.0037098164,0
LA_D_1767794,0,0.0031634415,0
LA_D_1783940,0,0.005214347,0
LA_D_1824869,0,0.0058783456,0
LA_D_1863797,0,0.0021197118,0
LA_D_1890020,0,0.0029610277,0
LA_D_1900734,0,0.47069818,0
LA_D_1903703,0,0.0014602204,0
LA_D_1945462,0,0.0010022093,0
LA_D_1963041,0,0.00059108017,0
LA_D_1974020,0,0.0007929123,0
LA_D_1979882,0,0.044823233,0
LA_D_1985966,0,0.0021057243,0
LA_D_2042252,0,0.00047513592,0
LA_D_2080992,0,0.036812507,0
LA_D_2118366,0,0.0037402534,0
LA_D_2123641,0,0.019353252,0
LA_D_2134538,0,0.0007515244,0
LA_D_2165208,0,0.0008247956,0
LA_D_2176994,0,0.00053327665,0
LA_D_2181333,0,0.031338576,0
LA_D_2205416,0,0.0006006589,0
LA_D_2241719,0,0.009137225,0
LA_D_2268605,0,0.0005483765,0
LA_D_2273204,0,0.004383313,0
LA_D_2301656,0,0.0021801246,0
LA_D_2338001,0,0.81518286,1
LA_D_2376123,0,0.0016080415,0
LA_D_2378014,0,0.048732445,0
LA_D_2380179,0,0.010277018,0
LA_D_2383414,0,0.0022572908,0
LA_D_2402405,0,0.00052597927,0
LA_D_2431261,0,0.03242439,0
LA_D_2444403,0,0.0011823351,0
LA_D_2450394,0,0.0009061059,0
LA_D_2461278,0,0.004140396,0
LA_D_2480874,0,0.18805513,0
LA_D_2505503,0,0.067010835,0
LA_D_2519560,0,0.0012464041,0
LA_D_2521725,0,0.007741689,0
LA_D_2576939,0,0.05827242,0
LA_D_2591422,0,0.00372795,0
LA_D_2601552,0,0.008837931,0
LA_D_2607111,0,0.0019206062,0
LA_D_2657920,0,0.0022748173,0
LA_D_2705075,0,0.0032850823,0
LA_D_2753138,0,0.0018053107,0
LA_D_2760354,0,0.0031474137,0
LA_D_2789710,0,0.012348749,0
LA_D_2825147,0,0.00062923454,0
LA_D_2863956,0,0.0008656596,0
LA_D_2897106,0,0.0060795764,0
LA_D_2901976,0,0.010345451,0
LA_D_2978440,0,0.0063124048,0
LA_D_2989956,0,0.0015781809,0
LA_D_3003562,0,0.004890826,0
LA_D_3090557,0,0.0020411995,0
LA_D_3109995,0,0.0030807618,0
LA_D_3116351,0,0.18808952,0
LA_D_3131801,0,0.0039615496,0
LA_D_3145268,0,0.0026681433,0
LA_D_3161731,0,0.0025678058,0
LA_D_3168206,0,0.0040744715,0
LA_D_3173350,0,0.00036377143,0
LA_D_3174693,0,0.0028187782,0
LA_D_3198406,0,0.0006898807,0
LA_D_3223559,0,0.0015438522,0
LA_D_3240983,0,0.0022061698,0
LA_D_3247149,0,0.0010263675,0
LA_D_3293511,0,0.0050139152,0
LA_D_3313609,0,0.004874423,0
LA_D_3394044,0,0.112347014,0
LA_D_3403808,0,0.0015795445,0
LA_D_3484420,0,0.0015078131,0
LA_D_3495412,0,0.00077715784,0
LA_D_3498063,0,0.013344734,0
LA_D_3504312,0,0.0009904235,0
LA_D_3532135,0,0.0007537822,0
LA_D_3553786,0,0.0010027322,0
LA_D_3561094,0,0.004201298,0
LA_D_3562536,0,0.0010575076,0
LA_D_3579090,0,0.11128063,0
LA_D_3642328,0,0.012508511,0
LA_D_3653047,0,0.0014294425,0
LA_D_3676961,0,0.00030471495,0
LA_D_3691520,0,0.00079736643,0
LA_D_3707107,0,0.00092097756,0
LA_D_3742373,0,0.0029645294,0
LA_D_3745110,0,0.008811591,0
LA_D_3774864,0,0.0016893076,0
LA_D_3796134,0,0.0008009914,0
LA_D_3819672,0,0.0008714798,0
LA_D_3821339,0,0.0052312184,0
LA_D_3833739,0,0.0028966828,0
LA_D_3892973,0,0.0007049915,0
LA_D_3904722,0,0.0017089703,0
LA_D_3920947,0,0.02616366,0
LA_D_3941210,0,0.0012897268,0
LA_D_3955173,0,0.070644416,0
LA_D_3982665,0,0.0006209476,0
LA_D_4011725,0,0.0009805239,0
LA_D_4015325,0,0.0018076248,0
LA_D_4036012,0,0.0010055467,0
LA_D_4046755,0,0.0020172093,0
LA_D_4071982,0,0.015104453,0
LA_D_4086016,0,0.0030170153,0
LA_D_4140722,0,0.00073641376,0
LA_D_4159249,0,0.0016751743,0
LA_D_4190885,0,0.01502953,0
LA_D_4200716,0,0.0008871965,0
LA_D_4220938,0,0.0024700358,0
LA_D_4249761,0,0.0006173654,0
LA_D_4264490,0,0.0024984991,0
LA_D_4271192,0,0.0018818392,0
LA_D_4313950,0,0.0074610673,0
LA_D_4324201,0,0.007250875,0
LA_D_4326531,0,0.0013660957,0
LA_D_4332889,0,0.0020002476,0
LA_D_4343857,0,0.08743582,0
LA_D_4348026,0,0.0006143856,0
LA_D_4357471,0,0.072105125,0
LA_D_4362559,0,0.0013575488,0
LA_D_4389844,0,0.0024092223,0
LA_D_4394502,0,0.00091486645,0
LA_D_4400144,0,0.0027666707,0
LA_D_4426952,0,0.078172944,0
LA_D_4451147,0,0.000377749,0
LA_D_4475556,0,0.0036215754,0
LA_D_4485516,0,0.001025654,0
LA_D_4486175,0,0.0019450493,0
LA_D_4492337,0,0.0035553817,0
LA_D_4509854,0,0.0035821418,0
LA_D_4544920,0,0.012114542,0
LA_D_4631507,0,0.023890318,0
LA_D_4637029,0,0.0009409726,0
LA_D_4637589,0,0.008349984,0
LA_D_4654085,0,0.009577389,0
LA_D_4718958,0,0.005566197,0
LA_D_4753776,0,0.0027189234,0
LA_D_4801311,0,0.028239025,0
LA_D_4802912,0,0.011550797,0
LA_D_4810819,0,0.01552224,0
LA_D_4821168,0,0.001081144,0
LA_D_4824900,0,0.0012698808,0
LA_D_4829433,0,0.0021944072,0
LA_D_4845387,0,0.011924491,0
LA_D_4849985,0,0.0048174965,0
LA_D_4851952,0,0.010720488,0
LA_D_4861387,0,0.00092072884,0
LA_D_4885590,0,0.002217744,0
LA_D_4897078,0,0.0036717257,0
LA_D_4912474,0,0.00090651476,0
LA_D_4955238,0,0.0007984263,0
LA_D_4955492,0,0.0005883424,0
LA_D_4958797,0,0.0055389563,0
LA_D_4961889,0,0.001117552,0
LA_D_4975189,0,0.0029221687,0
LA_D_5044532,0,0.03427209,0
LA_D_5072579,0,0.015296094,0
LA_D_5150241,0,0.011632341,0
LA_D_5150592,0,0.0028573817,0
LA_D_5216299,0,0.0021451458,0
LA_D_5253450,0,0.0031031112,0
LA_D_5314647,0,0.0029912884,0
LA_D_5323165,0,0.07522024,0
LA_D_5341605,0,0.00085501006,0
LA_D_5381827,0,0.0027234214,0
LA_D_5432278,0,0.0011513442,0
LA_D_5440069,0,0.0010737466,0
LA_D_5479329,0,0.00090179814,0
LA_D_5493032,0,0.015893342,0
LA_D_5501050,0,0.00041141268,0
LA_D_5507775,0,0.016887158,0
LA_D_5559526,0,0.010620437,0
LA_D_5629651,0,0.0006285719,0
LA_D_5633713,0,0.0020054956,0
LA_D_5641697,0,0.0021686535,0
LA_D_5688911,0,0.0012165282,0
LA_D_5718734,0,0.0005058689,0
LA_D_5741885,0,0.0073206364,0
LA_D_5754650,0,0.005580293,0
LA_D_5774737,0,0.00039197155,0
LA_D_5778470,0,0.0018025519,0
LA_D_5785488,0,0.011039883,0
LA_D_5786343,0,0.2698043,0
LA_D_5786582,0,0.017518912,0
LA_D_5790180,0,0.011007704,0
LA_D_5790692,0,0.0006270165,0
LA_D_5876152,0,0.0016625497,0
LA_D_5901352,0,0.001149887,0
LA_D_5903766,0,0.018146662,0
LA_D_5907825,0,0.0003930947,0
LA_D_5919815,0,0.0027127257,0
LA_D_5920016,0,0.0081776045,0
LA_D_5942690,0,0.004277912,0
LA_D_5958326,0,0.006547438,0
LA_D_5970997,0,0.0011349343,0
LA_D_6004360,0,0.0017403556,0
LA_D_6017423,0,0.0017280936,0
LA_D_6076229,0,0.0014475376,0
LA_D_6077399,0,0.02165044,0
LA_D_6108795,0,0.00034361254,0
LA_D_6151774,0,0.01914903,0
LA_D_6180779,0,0.002639228,0
LA_D_6261466,0,0.04172851,0
LA_D_6291773,0,0.018596457,0
LA_D_6297114,0,0.00081608543,0
LA_D_6330112,0,0.006547284,0
LA_D_6342151,0,0.00071032165,0
LA_D_6357526,0,0.0012791406,0
LA_D_6366562,0,0.0042718328,0
LA_D_6367598,0,0.002707815,0
LA_D_6382392,0,0.0068118237,0
LA_D_6394259,0,0.01299969,0
LA_D_6417464,0,0.00847407,0
LA_D_6436497,0,0.0056235045,0
LA_D_6472370,0,0.0010582983,0
LA_D_6472737,0,0.06500612,0
LA_D_6478004,0,0.025876297,0
LA_D_6489693,0,0.01116591,0
LA_D_6496952,0,0.041829918,0
LA_D_6497292,0,0.019791476,0
LA_D_6502589,0,0.0040482483,0
LA_D_6509223,0,0.00057974877,0
LA_D_6536188,0,0.0011698563,0
LA_D_6557620,0,0.0012447052,0
LA_D_6576995,0,0.0014053723,0
LA_D_6620895,0,0.0020398651,0
LA_D_6624401,0,0.26471278,0
LA_D_6636656,0,0.004023099,0
LA_D_6641429,0,0.015593826,0
LA_D_6667504,0,0.002234457,0
LA_D_6675827,0,0.17041324,0
LA_D_6679907,0,0.0008430563,0
LA_D_6714210,0,0.00079086324,0
LA_D_6719790,0,0.009750224,0
LA_D_6733531,0,0.00036443488,0
LA_D_6748796,0,0.0009345703,0
LA_D_6771622,0,0.0036573138,0
LA_D_6778287,0,0.0018870106,0
LA_D_6794543,0,0.0014616945,0
LA_D_6847201,0,0.00068714714,0
LA_D_6891553,0,0.01251486,0
LA_D_6899968,0,0.023799928,0
LA_D_6923750,0,0.00045543813,0
LA_D_6935342,0,0.01889435,0
LA_D_6959889,0,0.0020914834,0
LA_D_6984434,0,0.00095739524,0
LA_D_7029895,0,0.0017856512,0
LA_D_7037343,0,0.0067265434,0
LA_D_7042391,0,0.00088909466,0
LA_D_7044321,0,0.62946093,1
LA_D_7064084,0,0.66168314,1
LA_D_7121863,0,0.0009871128,0
LA_D_7125248,0,0.0007859415,0
LA_D_7130761,0,0.013951937,0
LA_D_7139166,0,0.0010751447,0
LA_D_7289059,0,0.0011103903,0
LA_D_7312762,0,0.0020327857,0
LA_D_7335129,0,0.00037734717,0
LA_D_7384863,0,0.0005424933,0
LA_D_7398670,0,0.47095048,0
LA_D_7466704,0,0.0005822701,0
LA_D_7487419,0,0.009981148,0
LA_D_7508124,0,0.023215743,0
LA_D_7513496,0,0.0013803245,0
LA_D_7535009,0,0.00082978007,0
LA_D_7554606,0,0.0020779308,0
LA_D_7589031,0,0.002761918,0
LA_D_7592783,0,0.0024335866,0
LA_D_7608318,0,0.0012797627,0
LA_D_7673600,0,0.0038207846,0
LA_D_7702759,0,0.0016566663,0
LA_D_7706712,0,0.007104628,0
LA_D_7726796,0,0.11662934,0
LA_D_7727200,0,0.004529775,0
LA_D_7795465,0,0.2675355,0
LA_D_7835570,0,0.25722378,0
LA_D_7863255,0,0.0027475148,0
LA_D_7870172,0,0.00082608877,0
LA_D_7934292,0,0.0014028897,0
LA_D_7947662,0,0.011327624,0
LA_D_7972339,0,0.013589359,0
LA_D_8066591,0,0.0024207584,0
LA_D_8083471,0,0.0006848426,0
LA_D_8118324,0,0.0049653966,0
LA_D_8119264,0,0.0012263341,0
LA_D_8122690,0,0.0017994376,0
LA_D_8131749,0,0.005217544,0
LA_D_8131985,0,0.0015023042,0
LA_D_8227459,0,0.028434308,0
LA_D_8235169,0,0.00051158085,0
LA_D_8243194,0,0.0104568135,0
LA_D_8258675,0,0.020656578,0
LA_D_8283471,0,0.00077354634,0
LA_D_8295817,0,0.0006189013,0
LA_D_8303713,0,0.008679049,0
LA_D_8306459,0,0.048552185,0
LA_D_8360978,0,0.022955906,0
LA_D_8391113,0,0.00079744845,0
LA_D_8408350,0,0.002361189,0
LA_D_8439976,0,0.01760722,0
LA_D_8440657,0,0.004442452,0
LA_D_8442572,0,0.0017112609,0
LA_D_8444186,0,0.036930498,0
LA_D_8503156,0,0.00056911213,0
LA_D_8522176,0,0.13383463,0
LA_D_8523635,0,0.0011038062,0
LA_D_8541793,0,0.0024039254,0
LA_D_8549240,0,0.004663042,0
LA_D_8552161,0,0.004044493,0
LA_D_8553340,0,0.0007160191,0
LA_D_8567566,0,0.004441958,0
LA_D_8568137,0,0.00093216647,0
LA_D_8582499,0,0.0019173622,0
LA_D_8618273,0,0.0023176244,0
LA_D_8645885,0,0.0070528206,0
LA_D_8652044,0,0.00068986235,0
LA_D_8692960,0,0.0044509945,0
LA_D_8694979,0,0.0021902786,0
LA_D_8704256,0,0.0013042731,0
LA_D_8750012,0,0.005604838,0
LA_D_8754459,0,0.023626525,0
LA_D_8761358,0,0.020931851,0
LA_D_8771384,0,0.002095861,0
LA_D_8775645,0,0.014522177,0
LA_D_8797843,0,0.004252323,0
LA_D_8816850,0,0.055595722,0
LA_D_8832668,0,0.08484956,0
LA_D_8887385,0,0.005872324,0
LA_D_8927118,0,0.60795194,1
LA_D_8998906,0,0.0035537228,0
LA_D_9006768,0,0.0034098283,0
LA_D_9008030,0,0.0067866817,0
LA_D_9009361,0,0.0026194868,0
LA_D_9091322,0,0.010781632,0
LA_D_9102532,0,0.039403055,0
LA_D_9109221,0,0.0013853202,0
LA_D_9125165,0,0.003630865,0
LA_D_9167526,0,0.00097237894,0
LA_D_9187525,0,0.00086632976,0
LA_D_9190204,0,0.0008217502,0
LA_D_9191799,0,0.0008559304,0
LA_D_9205865,0,0.14668266,0
LA_D_9231862,0,0.0008682072,0
LA_D_9232059,0,0.011969649,0
LA_D_9267593,0,0.0012455165,0
LA_D_9329045,0,0.006519861,0
LA_D_9364490,0,0.0013594908,0
LA_D_9371349,0,0.00074210815,0
LA_D_9393645,0,0.08119984,0
LA_D_9491351,0,0.0008812946,0
LA_D_9493233,0,0.0009319774,0
LA_D_9528054,0,0.0024766831,0
LA_D_9540057,0,0.0014141127,0
LA_D_9544623,0,0.0008380437,0
LA_D_9555179,0,0.12635,0
LA_D_9565153,0,0.0010162939,0
LA_D_9572483,0,0.0008854669,0
LA_D_9589951,0,0.007881533,0
LA_D_9591915,0,0.019965746,0
LA_D_9605808,0,0.00985476,0
LA_D_9629972,0,0.0009924615,0
LA_D_9630811,0,0.005584566,0
LA_D_9642750,0,0.0016969901,0
LA_D_9643942,0,0.0010080368,0
LA_D_9674417,0,0.0035330062,0
LA_D_9714527,0,0.16009054,0
LA_D_9715736,0,0.0010116117,0
LA_D_9720984,0,0.0033525818,0
LA_D_9791782,0,0.0013389501,0
LA_D_9806108,0,0.012591569,0
LA_D_9831582,0,0.12607974,0
LA_D_9841018,0,0.0009434893,0
LA_D_9853599,0,0.0043778075,0
LA_D_9898535,0,0.001768275,0
LA_D_9908094,0,0.0015857742,0
LA_D_9966402,0,0.0040664454,0
LA_D_9966943,0,0.00074695837,0
LA_D_9974628,0,0.00083153014,0
LA_D_9982261,0,0.00038734853,0
LA_D_1002910,0,0.005740958,0
LA_D_1006756,0,0.00012988276,0
LA_D_1036574,0,0.00027132867,0
LA_D_1115782,0,0.00038567273,0
LA_D_1142805,0,0.0108294,0
LA_D_1145475,0,0.11729031,0
LA_D_1170738,0,0.0020924131,0
LA_D_1195377,0,0.003665474,0
LA_D_1251679,0,0.0006195127,0
LA_D_1257080,0,0.0049600233,0
LA_D_1293421,0,0.00041189478,0
LA_D_1332494,0,0.01555077,0
LA_D_1357667,0,0.39803883,0
LA_D_1370948,0,0.00018791063,0
LA_D_1393282,0,0.004990211,0
LA_D_1396637,0,0.14614865,0
LA_D_1408411,0,0.0011661474,0
LA_D_1457740,0,0.9930831,1
LA_D_1462019,0,0.0099830665,0
LA_D_1472256,0,0.00033294215,0
LA_D_1476842,0,0.002884159,0
LA_D_1488430,0,0.00048044193,0
LA_D_1489099,0,0.0017940309,0
LA_D_1642715,0,0.00019681685,0
LA_D_1649330,0,0.00032407357,0
LA_D_1651845,0,0.00021856211,0
LA_D_1670299,0,0.20152405,0
LA_D_1685142,0,0.011977418,0
LA_D_1735038,0,0.0031196466,0
LA_D_1744359,0,0.34951124,0
LA_D_1753007,0,0.9833978,1
LA_D_1780584,0,0.00038050086,0
LA_D_1810076,0,0.025944883,0
LA_D_1815585,0,0.75602525,1
LA_D_1815707,0,0.011274139,0
LA_D_1821518,0,0.0069552995,0
LA_D_1825844,0,0.00032474406,0
LA_D_1837161,0,0.0030829916,0
LA_D_1840901,0,0.00052646355,0
LA_D_1851119,0,0.09054015,0
LA_D_1851769,0,0.00019470544,0
LA_D_1883025,0,0.0006888789,0
LA_D_1885497,0,0.0016162713,0
LA_D_1896903,0,0.0003702454,0
LA_D_1927277,0,0.0005356848,0
LA_D_1930385,0,0.0029087947,0
LA_D_1957089,0,0.00035412697,0
LA_D_1957500,0,0.0036025688,0
LA_D_1961972,0,0.107705705,0
LA_D_1972939,0,0.0024222627,0
LA_D_1975175,0,0.0026109535,0
LA_D_1976553,0,0.00046936134,0
LA_D_2009335,0,0.00019383001,0
LA_D_2069924,0,0.60219824,1
LA_D_2096131,0,0.000794034,0
LA_D_2155390,0,1.182841e-05,0
LA_D_2168663,0,0.007416678,0
LA_D_2186325,0,0.61453456,1
LA_D_2194998,0,0.83045816,1
LA_D_2277312,0,0.0006317406,0
LA_D_2339918,0,6.501551e-05,0
LA_D_2350855,0,0.05023787,0
LA_D_2396859,0,0.005201871,0
LA_D_2416601,0,0.00071036734,0
LA_D_2479276,0,0.017560646,0
LA_D_2507237,0,0.0018419175,0
LA_D_2508978,0,0.085390225,0
LA_D_2515198,0,0.7158187,1
LA_D_2602530,0,0.0009524381,0
LA_D_2603844,0,0.002311234,0
LA_D_2607854,0,0.00020406145,0
LA_D_2615029,0,0.04114574,0
LA_D_2639432,0,0.00097645307,0
LA_D_2644726,0,0.00038026136,0
LA_D_2657639,0,0.016970366,0
LA_D_2658169,0,0.04216301,0
LA_D_2661413,0,0.0007542745,0
LA_D_2665829,0,0.00019642616,0
LA_D_2672484,0,0.0036685506,0
LA_D_2707330,0,0.013136135,0
LA_D_2835020,0,0.007230741,0
LA_D_2839116,0,0.49778032,0
LA_D_2866770,0,0.00075920194,0
LA_D_2896872,0,0.08359352,0
LA_D_2927159,0,0.00031767107,0
LA_D_2930906,0,0.8668508,1
LA_D_2938165,0,0.0009171439,0
LA_D_2946880,0,0.0011819837,0
LA_D_2957620,0,0.000538986,0
LA_D_2965868,0,0.0005899028,0
LA_D_2974559,0,0.28352693,0
LA_D_2991989,0,0.0004955442,0
LA_D_2993728,0,0.8900116,1
LA_D_3021599,0,0.032766912,0
LA_D_3107181,0,0.092290334,0
LA_D_3109467,0,0.0011702385,0
LA_D_3126217,0,0.004815439,0
LA_D_3133630,0,0.00030398837,0
LA_D_3134750,0,0.024758246,0
LA_D_3154570,0,0.00060984003,0
LA_D_3164104,0,0.2665114,0
LA_D_3169743,0,0.00783702,0
LA_D_3223179,0,0.020044714,0
LA_D_3224827,0,0.0005298309,0
LA_D_3246506,0,0.003627277,0
LA_D_3263795,0,0.00010795636,0
LA_D_3266637,0,7.290417e-05,0
LA_D_3287956,0,0.032318927,0
LA_D_3320515,0,0.92835003,1
LA_D_3332353,0,0.00035422153,0
LA_D_3337077,0,0.00026681143,0
LA_D_3346997,0,0.0024400128,0
LA_D_3384367,0,0.031180996,0
LA_D_3394396,0,0.0016051258,0
LA_D_3412597,0,0.00030220285,0
LA_D_3421236,0,0.32501802,0
LA_D_3429839,0,0.06028327,0
LA_D_3434309,0,0.004838085,0
LA_D_3449906,0,0.45480898,0
LA_D_3468741,0,0.006377159,0
LA_D_3515783,0,0.00048778995,0
LA_D_3518037,0,0.002516372,0
LA_D_3547583,0,0.0010739921,0
LA_D_3569795,0,0.9873612,1
LA_D_3587114,0,0.00022324773,0
LA_D_3592273,0,0.81744874,1
LA_D_3595211,0,0.0015688617,0
LA_D_3690532,0,0.13296704,0
LA_D_3702939,0,0.00093089294,0
LA_D_3727967,0,0.0007537784,0
LA_D_3738454,0,0.0019818614,0
LA_D_3759309,0,0.0038612022,0
LA_D_3772095,0,0.015003962,0
LA_D_3790932,0,2.5521715e-05,0
LA_D_3805926,0,0.00073670445,0
LA_D_3825603,0,0.13044862,0
LA_D_3830220,0,0.0028833803,0
LA_D_3866648,0,0.034747913,0
LA_D_3878824,0,0.000490914,0
LA_D_3893365,0,0.0020802836,0
LA_D_3903068,0,0.0012368342,0
LA_D_3920971,0,0.0042015337,0
LA_D_3923192,0,0.00056692463,0
LA_D_3932387,0,0.9614033,1
LA_D_3939471,0,0.00075891,0
LA_D_3980920,0,0.12256842,0
LA_D_4046683,0,0.0021864949,0
LA_D_4061323,0,0.9561418,1
LA_D_4070699,0,0.00019378937,0
LA_D_4086876,0,0.00017466604,0
LA_D_4145030,0,0.00036087752,0
LA_D_4173456,0,0.009522571,0
LA_D_4204879,0,0.00038233693,0
LA_D_4210951,0,0.020781718,0
LA_D_4253190,0,0.47627026,0
LA_D_4273717,0,0.0005714352,0
LA_D_4282616,0,0.00024121486,0
LA_D_4285929,0,0.00029362776,0
LA_D_4294830,0,0.0006109355,0
LA_D_4302465,0,0.15775093,0
LA_D_4312938,0,0.0012293884,0
LA_D_4361904,0,0.0008583844,0
LA_D_4403908,0,0.0009512483,0
LA_D_4446623,0,0.13768204,0
LA_D_4451377,0,0.0036133428,0
LA_D_4516686,0,0.053820483,0
LA_D_4589606,0,0.0025321238,0
LA_D_4621497,0,0.008581549,0
LA_D_4653264,0,0.00048789452,0
LA_D_4683763,0,0.00029343634,0
LA_D_4702641,0,0.0076058405,0
LA_D_4737852,0,0.024400877,0
LA_D_4757010,0,8.9612826e-05,0
LA_D_4757904,0,0.0019348697,0
LA_D_4779241,0,0.00094101875,0
LA_D_4786806,0,0.0017282901,0
LA_D_4818051,0,0.0010764925,0
LA_D_4823636,0,0.00025683202,0
LA_D_4847181,0,0.9390986,1
LA_D_4847957,0,0.039534364,0
LA_D_4868088,0,0.009274101,0
LA_D_4884945,0,0.00039306848,0
LA_D_4891785,0,0.00051632174,0
LA_D_4895758,0,0.76203793,1
LA_D_4918359,0,0.00060451176,0
LA_D_4924308,0,0.00019562397,0
LA_D_4928888,0,0.0012394605,0
LA_D_5000376,0,0.0011264274,0
LA_D_5043355,0,0.007728127,0
LA_D_5046774,0,0.00069081626,0
LA_D_5047420,0,0.12503958,0
LA_D_5055342,0,0.004455857,0
LA_D_5057861,0,0.013355858,0
LA_D_5059062,0,0.0011708753,0
LA_D_5060694,0,0.053250566,0
LA_D_5109245,0,3.6437195e-06,0
LA_D_5109276,0,0.0003629572,0
LA_D_5131627,0,0.00082428724,0
LA_D_5148457,0,0.016192263,0
LA_D_5174423,0,0.001166143,0
LA_D_5177635,0,0.10238127,0
LA_D_5191327,0,0.00061565056,0
LA_D_5224548,0,0.06350371,0
LA_D_5244812,0,0.00518533,0
LA_D_5245477,0,0.00011941078,0
LA_D_5294579,0,0.2688075,0
LA_D_5329811,0,0.10575998,0
LA_D_5403317,0,0.001927275,0
LA_D_5473251,0,0.00056291104,0
LA_D_5513753,0,0.0022944063,0
LA_D_5513863,0,0.0019993999,0
LA_D_5544564,0,0.005774741,0
LA_D_5546400,0,0.00020319725,0
LA_D_5573860,0,0.00043235795,0
LA_D_5638866,0,0.002851905,0
LA_D_5647735,0,0.0025389364,0
LA_D_5654442,0,0.003297789,0
LA_D_5660467,0,0.0013765647,0
LA_D_5671694,0,0.0162903,0
LA_D_5692078,0,0.0005266987,0
LA_D_5712711,0,0.008241751,0
LA_D_5736044,0,0.022223039,0
LA_D_5748144,0,8.393084e-06,0
LA_D_5778584,0,0.44461715,0
LA_D_5814803,0,0.0005937172,0
LA_D_5901185,0,0.00037753192,0
LA_D_5912564,0,0.00015989851,0
LA_D_5917572,0,0.00330284,0
LA_D_5956543,0,0.006260723,0
LA_D_5963363,0,0.038524773,0
LA_D_5973607,0,0.0019133923,0
LA_D_5978354,0,0.020042753,0
LA_D_6013006,0,0.2555067,0
LA_D_6020414,0,0.754463,1
LA_D_6022892,0,0.009146141,0
LA_D_6068019,0,0.00028183596,0
LA_D_6084869,0,0.08594858,0
LA_D_6093076,0,0.0004158361,0
LA_D_6108920,0,0.016070232,0
LA_D_6125700,0,0.97588605,1
LA_D_6131320,0,0.00026388615,0
LA_D_6164605,0,0.004527099,0
LA_D_6217265,0,0.00012127689,0
LA_D_6240589,0,0.7576337,1
LA_D_6253615,0,0.16710727,0
LA_D_6262160,0,0.000519171,0
LA_D_6309848,0,0.001384237,0
LA_D_6322847,0,0.0018852566,0
LA_D_6323757,0,0.3461337,0
LA_D_6327775,0,0.011986212,0
LA_D_6341352,0,0.0017099263,0
LA_D_6365327,0,0.0006198079,0
LA_D_6380108,0,0.009556768,0
LA_D_6441861,0,0.08678889,0
LA_D_6460979,0,0.0021914814,0
LA_D_6505457,0,0.03776711,0
LA_D_6510745,0,0.0028908725,0
LA_D_6555487,0,0.9871705,1
LA_D_6581601,0,0.09761613,0
LA_D_6599286,0,0.00016220286,0
LA_D_6661034,0,0.00026665017,0
LA_D_6662706,0,0.14138108,0
LA_D_6684583,0,0.0015212811,0
LA_D_6713489,0,0.005617391,0
LA_D_6795282,0,0.0058125397,0
LA_D_6799400,0,0.99783105,1
LA_D_6805212,0,0.12009114,0
LA_D_6815577,0,8.53456e-05,0
LA_D_6844613,0,0.00021529503,0
LA_D_6850195,0,0.0015836111,0
LA_D_6873316,0,0.0043643373,0
LA_D_6887879,0,0.0005451729,0
LA_D_6905024,0,0.00092085917,0
LA_D_6926473,0,0.121414,0
LA_D_6954837,0,0.0004005103,0
LA_D_6969154,0,0.0014246968,0
LA_D_7003938,0,0.41406792,0
LA_D_7005292,0,0.98934644,1
LA_D_7033700,0,0.0033867222,0
LA_D_7040548,0,0.98765916,1
LA_D_7052344,0,0.0005811861,0
LA_D_7070733,0,0.00042809374,0
LA_D_7075163,0,0.008332441,0
LA_D_7109306,0,0.00012257122,0
LA_D_7140845,0,0.00074247393,0
LA_D_7142519,0,0.0005034827,0
LA_D_7242493,0,0.00025694884,0
LA_D_7257793,0,0.0002550509,0
LA_D_7290598,0,0.0033821017,0
LA_D_7330429,0,0.8845295,1
LA_D_7331651,0,0.0138786435,0
LA_D_7331840,0,0.00068925705,0
LA_D_7341748,0,0.20250607,0
LA_D_7371288,0,7.662621e-05,0
LA_D_7386707,0,0.10461886,0
LA_D_7388904,0,0.0023539865,0
LA_D_7459795,0,0.0005925849,0
LA_D_7490518,0,0.8510671,1
LA_D_7524540,0,0.012456643,0
LA_D_7525767,0,0.00019538983,0
LA_D_7577672,0,0.0025718024,0
LA_D_7614671,0,0.00704785,0
LA_D_7616530,0,0.0008371761,0
LA_D_7659919,0,0.06675588,0
LA_D_7711838,0,0.93572426,1
LA_D_7793386,0,0.0010790516,0
LA_D_7799165,0,0.00055448385,0
LA_D_7810446,0,4.025791e-05,0
LA_D_7816819,0,0.0049759974,0
LA_D_7817225,0,0.00023741405,0
LA_D_7869978,0,0.0023575411,0
LA_D_7874624,0,0.50195444,1
LA_D_7918926,0,0.00068264565,0
LA_D_7924795,0,0.0016559463,0
LA_D_7927177,0,0.0038606832,0
LA_D_7961571,0,0.0010017611,0
LA_D_7987497,0,0.06157409,0
LA_D_7998353,0,0.001828035,0
LA_D_7998982,0,0.18392964,0
LA_D_8048114,0,0.9935822,1
LA_D_8051820,0,0.22032619,0
LA_D_8071721,0,0.82772607,1
LA_D_8073134,0,0.00030719663,0
LA_D_8129891,0,0.0007749549,0
LA_D_8132797,0,0.0007719528,0
LA_D_8133274,0,0.0008004763,0
LA_D_8155535,0,0.9379868,1
LA_D_8211359,0,0.9975171,1
LA_D_8319661,0,0.0004940112,0
LA_D_8339653,0,0.000294329,0
LA_D_8373803,0,0.054475695,0
LA_D_8406667,0,0.00086818315,0
LA_D_8413833,0,0.03037304,0
LA_D_8414079,0,0.00021648398,0
LA_D_8445861,0,0.014447769,0
LA_D_8470324,0,0.0019106623,0
LA_D_8488684,0,0.03954674,0
LA_D_8557079,0,0.046001412,0
LA_D_8563072,0,0.00027363843,0
LA_D_8594352,0,0.2948669,0
LA_D_8595345,0,0.0005977255,0
LA_D_8646222,0,0.0030109747,0
LA_D_8647634,0,0.12947163,0
LA_D_8683889,0,0.44496134,0
LA_D_8689002,0,0.0002308879,0
LA_D_8701513,0,3.8425705e-06,0
LA_D_8726210,0,0.00046087906,0
LA_D_8764096,0,0.1806611,0
LA_D_8800316,0,0.039731625,0
LA_D_8878225,0,0.00011910568,0
LA_D_8885286,0,0.0031925132,0
LA_D_8913665,0,0.0004305951,0
LA_D_8945802,0,0.033066496,0
LA_D_8955011,0,0.0008941848,0
LA_D_8961557,0,0.14018373,0
LA_D_8982866,0,0.0036688661,0
LA_D_9013820,0,0.34990013,0
LA_D_9015085,0,0.06331879,0
LA_D_9025958,0,0.0004214248,0
LA_D_9029869,0,0.000168205,0
LA_D_9055002,0,0.27739337,0
LA_D_9076185,0,0.7765495,1
LA_D_9086164,0,0.0031939372,0
LA_D_9089804,0,0.8165571,1
LA_D_9126177,0,0.00021408567,0
LA_D_9145182,0,0.039104853,0
LA_D_9149320,0,0.0006347231,0
LA_D_9150071,0,6.8859925e-05,0
LA_D_9166383,0,0.003607183,0
LA_D_9203146,0,0.086274445,0
LA_D_9217608,0,0.000615517,0
LA_D_9233512,0,0.002106062,0
LA_D_9242677,0,0.0046236813,0
LA_D_9252351,0,0.00021868678,0
LA_D_9268935,0,0.005620407,0
LA_D_9276825,0,0.80901915,1
LA_D_9286162,0,0.00039955025,0
LA_D_9286456,0,0.00016997513,0
LA_D_9288104,0,0.6783832,1
LA_D_9332063,0,0.0008872545,0
LA_D_9339008,0,0.00011948835,0
LA_D_9341531,0,0.13200356,0
LA_D_9388267,0,0.17554246,0
LA_D_9419502,0,0.55119324,1
LA_D_9430603,0,0.00070157147,0
LA_D_9440258,0,0.0011071782,0
LA_D_9484916,0,0.015095518,0
LA_D_9525366,0,0.00043123402,0
LA_D_9558727,0,0.61793387,1
LA_D_9569310,0,0.0005006445,0
LA_D_9597731,0,0.04359088,0
LA_D_9609716,0,0.9926681,1
LA_D_9615030,0,0.0005396393,0
LA_D_9647461,0,0.00013259209,0
LA_D_9656082,0,0.8578995,1
LA_D_9658897,0,0.0005963524,0
LA_D_9673922,0,0.099232875,0
LA_D_9676251,0,0.1374946,0
LA_D_9676921,0,0.0063066087,0
LA_D_9710399,0,0.0024384824,0
LA_D_9712023,0,0.0065775965,0
LA_D_9736246,0,0.011734532,0
LA_D_9774465,0,0.0008611058,0
LA_D_9782692,0,0.0011100037,0
LA_D_9797857,0,0.004189787,0
LA_D_9809862,0,0.0008980108,0
LA_D_9862297,0,0.5410007,1
LA_D_9892964,0,0.017268727,0
LA_D_9934207,0,0.0006251125,0
LA_D_9952613,0,0.0001476849,0
LA_D_9954280,0,0.00017041003,0
LA_D_9959509,0,0.00089650106,0
LA_D_9970541,0,0.288519,0
LA_D_9971861,0,0.00033518713,0
LA_D_1018989,0,0.997556,1
LA_D_1044424,0,0.0039006597,0
LA_D_1068303,0,0.39936116,0
LA_D_1110507,0,0.19653462,0
LA_D_1111470,0,0.37914994,0
LA_D_1124684,0,0.8920257,1
LA_D_1188819,0,0.024914986,0
LA_D_1207405,0,0.3780833,0
LA_D_1210739,0,0.9775514,1
LA_D_1264206,0,0.07400392,0
LA_D_1289522,0,0.0014701275,0
LA_D_1341428,0,0.30553427,0
LA_D_1378434,0,0.9815176,1
LA_D_1432159,0,0.97821426,1
LA_D_1436694,0,0.94263005,1
LA_D_1479001,0,0.04844425,0
LA_D_1489328,0,0.029557748,0
LA_D_1493620,0,0.0057847146,0
LA_D_1522497,0,0.001191011,0
LA_D_1529810,0,0.006966889,0
LA_D_1640011,0,0.00036421575,0
LA_D_1645158,0,0.87979335,1
LA_D_1711709,0,0.193027,0
LA_D_1715178,0,0.20226468,0
LA_D_1722660,0,0.00069247733,0
LA_D_1775441,0,0.9083032,1
LA_D_1779305,0,0.1845178,0
LA_D_1806719,0,0.0011890415,0
LA_D_1808121,0,0.8897574,1
LA_D_1821494,0,0.005333313,0
LA_D_1851886,0,0.00631432,0
LA_D_1868115,0,0.0018607493,0
LA_D_1937666,0,0.21159033,0
LA_D_1944371,0,0.004629558,0
LA_D_1975890,0,0.0017292547,0
LA_D_1995273,0,0.34337145,0
LA_D_2011289,0,0.032054882,0
LA_D_2016426,0,0.7759783,1
LA_D_2030792,0,0.089566566,0
LA_D_2036605,0,0.75875676,1
LA_D_2053178,0,0.00866299,0
LA_D_2066670,0,0.02754191,0
LA_D_2198462,0,0.0002791819,0
LA_D_2208401,0,0.010089373,0
LA_D_2252345,0,0.009766383,0
LA_D_2259315,0,0.0010109368,0
LA_D_2333460,0,0.0019949272,0
LA_D_2344667,0,0.9952364,1
LA_D_2354143,0,0.007223255,0
LA_D_2355980,0,0.951962,1
LA_D_2396353,0,0.010056531,0
LA_D_2427540,0,0.0051800567,0
LA_D_2432621,0,0.002854325,0
LA_D_2443104,0,0.010716893,0
LA_D_2457680,0,0.003969098,0
LA_D_2469057,0,0.8270171,1
LA_D_2480501,0,0.00073071296,0
LA_D_2489609,0,0.9934898,1
LA_D_2494829,0,0.99009377,1
LA_D_2499456,0,0.011735593,0
LA_D_2521605,0,0.015485704,0
LA_D_2565198,0,0.0031781981,0
LA_D_2614994,0,0.9915605,1
LA_D_2645568,0,0.035316177,0
LA_D_2646597,0,0.05548642,0
LA_D_2647309,0,0.0019265707,0
LA_D_2653941,0,0.90872425,1
LA_D_2663401,0,0.94772696,1
LA_D_2665201,0,0.005606654,0
LA_D_2714663,0,0.037443876,0
LA_D_2727786,0,0.28340852,0
LA_D_2743126,0,0.0019081506,0
LA_D_2762514,0,0.31634632,0
LA_D_2792786,0,0.52659893,1
LA_D_2814798,0,0.8381158,1
LA_D_2836134,0,0.014272077,0
LA_D_2877393,0,0.9929964,1
LA_D_2917649,0,0.0014318594,0
LA_D_2923077,0,0.030126462,0
LA_D_2978760,0,0.042165875,0
LA_D_3010628,0,0.32012975,0
LA_D_3029315,0,0.004874224,0
LA_D_3089796,0,0.00016503443,0
LA_D_3134827,0,0.0003848464,0
LA_D_3170088,0,0.99733114,1
LA_D_3236332,0,0.9876932,1
LA_D_3241576,0,0.52545196,1
LA_D_3266332,0,0.95900166,1
LA_D_3266852,0,0.04713951,0
LA_D_3332120,0,0.11561056,0
LA_D_3333209,0,0.5365924,1
LA_D_3334894,0,0.8412863,1
LA_D_3359485,0,0.0015452985,0
LA_D_3393482,0,0.0027993782,0
LA_D_3491832,0,0.99296325,1
LA_D_3493006,0,0.0011164102,0
LA_D_3508284,0,0.9714266,1
LA_D_3511562,0,0.56377625,1
LA_D_3525678,0,0.02352462,0
LA_D_3538092,0,0.59498006,1
LA_D_3636204,0,0.0006137254,0
LA_D_3639509,0,0.0007177801,0
LA_D_3642417,0,0.078209564,0
LA_D_3643347,0,0.00059243833,0
LA_D_3654109,0,0.9792092,1
LA_D_3680571,0,0.94583964,1
LA_D_3685552,0,0.0012961747,0
LA_D_3695332,0,0.76228166,1
LA_D_3698680,0,0.00052630226,0
LA_D_3728940,0,0.003284572,0
LA_D_3756322,0,0.79651445,1
LA_D_3766063,0,0.9951454,1
LA_D_3781277,0,0.004383165,0
LA_D_3825503,0,0.9739741,1
LA_D_3827475,0,0.0030107456,0
LA_D_3845207,0,0.9311814,1
LA_D_3897228,0,0.044041395,0
LA_D_3948770,0,0.0014552479,0
LA_D_4022606,0,0.0006546327,0
LA_D_4028815,0,0.005990563,0
LA_D_4060882,0,0.44866893,0
LA_D_4084655,0,0.96353436,1
LA_D_4085231,0,0.0018143334,0
LA_D_4089310,0,0.013812455,0
LA_D_4093381,0,0.0029278952,0
LA_D_4113064,0,0.0029580896,0
LA_D_4171413,0,0.9945972,1
LA_D_4171795,0,0.26280928,0
LA_D_4223162,0,0.022554554,0
LA_D_4282301,0,0.0013326636,0
LA_D_4285397,0,0.9364334,1
LA_D_4291834,0,0.013784709,0
LA_D_4308648,0,0.025110513,0
LA_D_4309087,0,0.0038739387,0
LA_D_4372209,0,0.025082165,0
LA_D_4378183,0,0.22939064,0
LA_D_4406190,0,0.00037014106,0
LA_D_4455555,0,0.018677458,0
LA_D_4505480,0,0.0020169253,0
LA_D_4581987,0,0.9253411,1
LA_D_4649942,0,0.10121162,0
LA_D_4671558,0,0.5194306,1
LA_D_4698413,0,0.00095574744,0
LA_D_4730271,0,0.009799434,0
LA_D_4757229,0,0.96000487,1
LA_D_4787051,0,0.9857809,1
LA_D_4787055,0,0.80273,1
LA_D_4812524,0,0.0142980395,0
LA_D_4823858,0,0.98306113,1
LA_D_4860185,0,0.0010732128,0
LA_D_4864983,0,0.1516027,0
LA_D_4916193,0,0.9878615,1
LA_D_4923143,0,0.014001052,0
LA_D_4959806,0,0.0028849286,0
LA_D_5019442,0,0.6932276,1
LA_D_5027960,0,0.359881,0
LA_D_5066973,0,0.002058923,0
LA_D_5107660,0,0.93057585,1
LA_D_5110235,0,0.9977483,1
LA_D_5141698,0,0.99683785,1
LA_D_5283334,0,0.001038127,0
LA_D_5291860,0,0.0111372685,0
LA_D_5313304,0,5.552884e-05,0
LA_D_5407460,0,0.052799452,0
LA_D_5420446,0,0.0005017819,0
LA_D_5427380,0,0.0013441266,0
LA_D_5432426,0,0.8378281,1
LA_D_5515247,0,0.0005032809,0
LA_D_5526345,0,0.6237514,1
LA_D_5574411,0,0.67287654,1
LA_D_5590639,0,0.0017953448,0
LA_D_5638088,0,0.0016499627,0
LA_D_5759255,0,0.9675249,1
LA_D_5786989,0,0.23220067,0
LA_D_5788668,0,0.019075327,0
LA_D_5882139,0,0.30655548,0
LA_D_5898710,0,0.008754565,0
LA_D_5901516,0,0.0018601127,0
LA_D_5903063,0,0.0033965316,0
LA_D_5904033,0,0.00029121066,0
LA_D_5904172,0,0.5043268,1
LA_D_6010254,0,0.00054999324,0
LA_D_6115355,0,0.0016021408,0
LA_D_6230991,0,0.00023529684,0
LA_D_6273111,0,0.20647344,0
LA_D_6274861,0,0.0066137915,0
LA_D_6336805,0,0.0011379292,0
LA_D_6380361,0,0.005855812,0
LA_D_6380923,0,0.659376,1
LA_D_6381837,0,0.689739,1
LA_D_6421649,0,0.0008728914,0
LA_D_6435177,0,0.010600639,0
LA_D_6438125,0,0.07281625,0
LA_D_6473899,0,0.01948338,0
LA_D_6490991,0,0.95096123,1
LA_D_6497345,0,0.0010069242,0
LA_D_6508716,0,0.0007269099,0
LA_D_6509443,0,0.9575268,1
LA_D_6528197,0,0.0013351007,0
LA_D_6538501,0,0.9724542,1
LA_D_6580685,0,0.0017413243,0
LA_D_6606504,0,0.003576749,0
LA_D_6649541,0,0.00014178347,0
LA_D_6690758,0,0.00028695064,0
LA_D_6707846,0,0.00042759557,0
LA_D_6707973,0,0.95715785,1
LA_D_6778062,0,0.6802621,1
LA_D_6799297,0,0.04995452,0
LA_D_6854523,0,0.0006415392,0
LA_D_6871963,0,0.983193,1
LA_D_6962689,0,0.0018305305,0
LA_D_7021292,0,0.0005996656,0
LA_D_7037144,0,0.8441577,1
LA_D_7082349,0,0.2487143,0
LA_D_7135152,0,0.012200608,0
LA_D_7292869,0,0.0057475646,0
LA_D_7300087,0,0.048842933,0
LA_D_7354290,0,0.0046413722,0
LA_D_7374412,0,0.8985077,1
LA_D_7400626,0,0.0023081803,0
LA_D_7403792,0,0.07721631,0
LA_D_7471738,0,0.0764394,0
LA_D_7490132,0,0.00050347304,0
LA_D_7524335,0,0.60979843,1
LA_D_7538248,0,0.0064063678,0
LA_D_7587951,0,0.6598958,1
LA_D_7590234,0,0.87789774,1
LA_D_7647800,0,0.0063820975,0
LA_D_7648007,0,0.013416497,0
LA_D_7660396,0,0.14911398,0
LA_D_7668901,0,0.00019545913,0
LA_D_7744555,0,0.000997819,0
LA_D_7823439,0,0.1529228,0
LA_D_7841141,0,0.0055293352,0
LA_D_7890526,0,0.0041979975,0
LA_D_7922639,0,0.017802205,0
LA_D_7985661,0,0.0017585778,0
LA_D_7990644,0,0.0051113744,0
LA_D_8027706,0,0.004012799,0
LA_D_8046996,0,0.5254546,1
LA_D_8060886,0,0.0052645993,0
LA_D_8095272,0,0.021147078,0
LA_D_8102632,0,0.1426455,0
LA_D_8122936,0,0.007538824,0
LA_D_8258555,0,0.6707768,1
LA_D_8307917,0,0.021753004,0
LA_D_8329853,0,0.8513786,1
LA_D_8340705,0,0.002580559,0
LA_D_8434545,0,0.0028030388,0
LA_D_8477754,0,0.0020819283,0
LA_D_8503739,0,0.3643938,0
LA_D_8515989,0,0.0011548734,0
LA_D_8521793,0,0.0029153577,0
LA_D_8525874,0,0.0033858966,0
LA_D_8533211,0,0.0046473285,0
LA_D_8565273,0,0.030279303,0
LA_D_8567434,0,0.33239368,0
LA_D_8589204,0,0.9818419,1
LA_D_8608774,0,0.96916133,1
LA_D_8733390,0,0.98441494,1
LA_D_8738468,0,0.00048335214,0
LA_D_8742856,0,0.8774199,1
LA_D_8748450,0,0.92650676,1
LA_D_8756730,0,0.45680848,0
LA_D_8768570,0,0.013754716,0
LA_D_8782183,0,0.0062376377,0
LA_D_8790225,0,0.04266913,0
LA_D_8798169,0,0.03064641,0
LA_D_8814125,0,0.0006066357,0
LA_D_8842776,0,0.9349944,1
LA_D_8868698,0,0.9676893,1
LA_D_8894851,0,0.0085182395,0
LA_D_8986738,0,0.00110222,0
LA_D_9036232,0,0.002315841,0
LA_D_9093353,0,0.0049891723,0
LA_D_9107779,0,0.9564184,1
LA_D_9119393,0,0.007877039,0
LA_D_9133378,0,0.993369,1
LA_D_9140684,0,0.11084462,0
LA_D_9180019,0,0.7346463,1
LA_D_9189909,0,0.009140305,0
LA_D_9211377,0,0.070511885,0
LA_D_9240146,0,0.07748634,0
LA_D_9269970,0,0.60870737,1
LA_D_9322007,0,0.005667575,0
LA_D_9323786,0,0.011526242,0
LA_D_9334159,0,0.97845215,1
LA_D_9341217,0,0.9930224,1
LA_D_9386265,0,0.00026925086,0
LA_D_9412135,0,0.2949761,0
LA_D_9418757,0,0.00033646694,0
LA_D_9472560,0,0.05874786,0
LA_D_9500820,0,0.00032076857,0
LA_D_9510776,0,0.050326236,0
LA_D_9528251,0,0.0007814294,0
LA_D_9599816,0,0.0040732333,0
LA_D_9599870,0,0.022818495,0
LA_D_9604366,0,0.4709982,0
LA_D_9623259,0,0.057340816,0
LA_D_9755509,0,0.0015468762,0
LA_D_9765488,0,0.7342473,1
LA_D_9834594,0,0.0003562647,0
LA_D_9915578,0,0.0016409702,0
LA_D_9915799,0,0.9295049,1
LA_D_9915811,0,0.047815606,0
LA_D_9917533,0,0.8915257,1
LA_D_9949605,0,0.58968645,1
LA_D_9999690,0,0.98561144,1
LA_D_1041845,0,0.4412235,0
LA_D_1094871,0,0.24536239,0
LA_D_1108281,0,0.032090493,0
LA_D_1135743,0,0.0026355176,0
LA_D_1136030,0,0.45885715,0
LA_D_1139572,0,0.0013612398,0
LA_D_1181772,0,0.0013632105,0
LA_D_1274657,0,0.034637634,0
LA_D_1299938,0,0.77739555,1
LA_D_1348104,0,0.0091634765,0
LA_D_1373736,0,0.00013059858,0
LA_D_1435647,0,0.004695049,0
LA_D_1447238,0,0.00014962097,0
LA_D_1452937,0,0.3225084,0
LA_D_1461752,0,0.000651397,0
LA_D_1495117,0,0.31003568,0
LA_D_1561479,0,0.027247043,0
LA_D_1568497,0,0.008086177,0
LA_D_1596158,0,0.0004309104,0
LA_D_1728920,0,0.00048627277,0
LA_D_1844563,0,0.3109329,0
LA_D_1853446,0,0.012021631,0
LA_D_1864294,0,0.0015294265,0
LA_D_1925587,0,0.045807738,0
LA_D_1948572,0,0.029144349,0
LA_D_1955179,0,0.068839625,0
LA_D_1968679,0,0.004183485,0
LA_D_1972557,0,0.00035980353,0
LA_D_1995660,0,0.0041782446,0
LA_D_2010812,0,0.0005871377,0
LA_D_2067864,0,0.0458659,0
LA_D_2140627,0,0.3126284,0
LA_D_2161419,0,0.0012919374,0
LA_D_2189504,0,0.032230627,0
LA_D_2207720,0,0.19815123,0
LA_D_2243154,0,0.024277352,0
LA_D_2251423,0,0.018815279,0
LA_D_2319450,0,0.015428557,0
LA_D_2321124,0,0.17117238,0
LA_D_2343950,0,0.0013300178,0
LA_D_2365482,0,0.11572085,0
LA_D_2367854,0,0.0059115426,0
LA_D_2401656,0,0.017321022,0
LA_D_2405181,0,0.023055017,0
LA_D_2425412,0,0.96527225,1
LA_D_2425446,0,0.66732836,1
LA_D_2439299,0,0.98517853,1
LA_D_2456990,0,0.10223331,0
LA_D_2460221,0,0.00041020455,0
LA_D_2485107,0,0.056379505,0
LA_D_2565263,0,0.025630306,0
LA_D_2595652,0,0.005433214,0
LA_D_2669080,0,0.097029984,0
LA_D_2693786,0,0.6299816,1
LA_D_2718507,0,0.0025072943,0
LA_D_2768110,0,0.0012841258,0
LA_D_2815461,0,0.011824983,0
LA_D_2854358,0,0.12464139,0
LA_D_2970295,0,0.011457828,0
LA_D_2977725,0,0.08223415,0
LA_D_2977895,0,0.8732821,1
LA_D_2986975,0,0.13964921,0
LA_D_3004811,0,0.0022974538,0
LA_D_3049992,0,0.0012850197,0
LA_D_3056214,0,0.31072235,0
LA_D_3080340,0,0.43068522,0
LA_D_3100634,0,0.018817514,0
LA_D_3114167,0,0.017177304,0
LA_D_3124864,0,0.1071875,0
LA_D_3128163,0,0.0005862863,0
LA_D_3129833,0,0.040591635,0
LA_D_3171725,0,0.00013642746,0
LA_D_3248547,0,0.7427981,1
LA_D_3250607,0,0.0027806908,0
LA_D_3263334,0,0.92779016,1
LA_D_3334928,0,0.00064225384,0
LA_D_3374782,0,0.008345129,0
LA_D_3412736,0,0.89670855,1
LA_D_3418220,0,0.0057525313,0
LA_D_3425507,0,0.0074468395,0
LA_D_3490654,0,0.0093807075,0
LA_D_3496241,0,0.0026061374,0
LA_D_3507662,0,0.001938289,0
LA_D_3549897,0,0.13638523,0
LA_D_3571681,0,0.9905144,1
LA_D_3577998,0,0.8446343,1
LA_D_3581277,0,0.79459834,1
LA_D_3605726,0,0.0052898605,0
LA_D_3637154,0,0.0071553625,0
LA_D_3685390,0,0.95235217,1
LA_D_3741474,0,0.012680074,0
LA_D_3749655,0,0.0445885,0
LA_D_3777012,0,0.0036765311,0
LA_D_3820104,0,0.0032893694,0
LA_D_3825048,0,0.03542607,0
LA_D_3890187,0,0.0008329493,0
LA_D_3905848,0,0.0003033908,0
LA_D_3929323,0,0.0055295844,0
LA_D_4002788,0,0.0038448572,0
LA_D_4019274,0,0.91654897,1
LA_D_4025786,0,0.97041106,1
LA_D_4027137,0,0.5156113,1
LA_D_4033240,0,0.0045936694,0
LA_D_4163700,0,0.0018058573,0
LA_D_4171941,0,0.005969514,0
LA_D_4172288,0,0.03449917,0
LA_D_4190797,0,0.0003939575,0
LA_D_4202629,0,0.28378582,0
LA_D_4296133,0,0.93817043,1
LA_D_4340193,0,0.0037654014,0
LA_D_4355155,0,0.1356956,0
LA_D_4398399,0,0.0353826,0
LA_D_4399191,0,0.1754792,0
LA_D_4436213,0,0.014534028,0
LA_D_4476408,0,0.01724133,0
LA_D_4499351,0,0.0036507866,0
LA_D_4550388,0,0.00042520225,0
LA_D_4558500,0,0.00041030938,0
LA_D_4567671,0,0.982405,1
LA_D_4585137,0,0.7691803,1
LA_D_4629056,0,0.030516284,0
LA_D_4631033,0,0.01377021,0
LA_D_4649265,0,0.05060761,0
LA_D_4718173,0,0.32295203,0
LA_D_4737822,0,0.008504754,0
LA_D_4741663,0,0.0015582555,0
LA_D_4770781,0,0.0012303513,0
LA_D_4802475,0,0.0014588305,0
LA_D_4851492,0,0.14660303,0
LA_D_4923977,0,0.026677703,0
LA_D_5008093,0,0.87710714,1
LA_D_5017002,0,0.0001231307,0
LA_D_5092272,0,0.9962249,1
LA_D_5100813,0,0.02871841,0
LA_D_5128111,0,0.00559599,0
LA_D_5157517,0,0.0008920408,0
LA_D_5169731,0,0.0002590431,0
LA_D_5208898,0,0.104849495,0
LA_D_5233431,0,0.00027762383,0
LA_D_5242419,0,0.008388747,0
LA_D_5243479,0,0.94256115,1
LA_D_5264996,0,0.95882356,1
LA_D_5306960,0,0.9495783,1
LA_D_5310517,0,0.24789962,0
LA_D_5359798,0,0.67289126,1
LA_D_5383844,0,0.3590258,0
LA_D_5431286,0,0.014194789,0
LA_D_5456536,0,0.5325624,1
LA_D_5523423,0,0.047847223,0
LA_D_5567412,0,0.008697358,0
LA_D_5572324,0,0.8430654,1
LA_D_5586813,0,0.00073575793,0
LA_D_5630768,0,0.29499477,0
LA_D_5639347,0,0.002601153,0
LA_D_5724957,0,0.018118074,0
LA_D_5726814,0,0.25123367,0
LA_D_5802664,0,0.6996963,1
LA_D_5839621,0,0.046283964,0
LA_D_5940824,0,0.98611426,1
LA_D_6024993,0,0.011103893,0
LA_D_6091182,0,0.14277521,0
LA_D_6138007,0,0.038616844,0
LA_D_6168688,0,0.9451806,1
LA_D_6184612,0,0.00035527296,0
LA_D_6197862,0,0.018033879,0
LA_D_6208799,0,0.3242312,0
LA_D_6278890,0,0.0007741886,0
LA_D_6282556,0,0.007213567,0
LA_D_6295904,0,0.33515245,0
LA_D_6298541,0,0.022530163,0
LA_D_6309997,0,0.0014881074,0
LA_D_6316498,0,0.013766234,0
LA_D_6319262,0,0.002204984,0
LA_D_6374273,0,0.38593537,0
LA_D_6379116,0,0.2383715,0
LA_D_6383761,0,0.0016200275,0
LA_D_6427369,0,0.0010924736,0
LA_D_6430063,0,0.0012188932,0
LA_D_6514590,0,0.0017467678,0
LA_D_6525234,0,0.05065619,0
LA_D_6530169,0,0.00083674665,0
LA_D_6537903,0,0.5567512,1
LA_D_6556306,0,0.35774323,0
LA_D_6609619,0,0.9717506,1
LA_D_6675849,0,0.005063766,0
LA_D_6719368,0,0.9072785,1
LA_D_6747363,0,0.00019617256,0
LA_D_6863957,0,0.8264391,1
LA_D_6920891,0,0.002467963,0
LA_D_6960999,0,0.42390835,0
LA_D_6975465,0,0.91836566,1
LA_D_7015832,0,0.011122726,0
LA_D_7016609,0,0.002257437,0
LA_D_7024538,0,0.0011255821,0
LA_D_7041179,0,0.9397191,1
LA_D_7092752,0,0.07552683,0
LA_D_7196231,0,0.971001,1
LA_D_7207516,0,0.0015499393,0
LA_D_7210071,0,0.016883345,0
LA_D_7241809,0,4.276496e-05,0
LA_D_7261761,0,0.0061586923,0
LA_D_7296201,0,0.98454815,1
LA_D_7382692,0,0.6513464,1
LA_D_7395153,0,0.0004983597,0
LA_D_7401919,0,0.43198124,0
LA_D_7440389,0,0.017220959,0
LA_D_7449021,0,0.25276917,0
LA_D_7466992,0,0.98204273,1
LA_D_7468306,0,0.45897213,0
LA_D_7473607,0,0.0027058353,0
LA_D_7491886,0,0.18436252,0
LA_D_7503562,0,0.115792744,0
LA_D_7503637,0,0.006821729,0
LA_D_7560677,0,0.8536213,1
LA_D_7568962,0,0.042949595,0
LA_D_7595937,0,0.07543053,0
LA_D_7655377,0,0.0023631756,0
LA_D_7659121,0,0.016063124,0
LA_D_7707569,0,0.106432125,0
LA_D_7743189,0,0.00019778099,0
LA_D_7753669,0,0.7117735,1
LA_D_7759688,0,0.0023095917,0
LA_D_7792652,0,0.023011126,0
LA_D_7883460,0,0.93069124,1
LA_D_7891516,0,0.08048041,0
LA_D_7938162,0,0.0050423723,0
LA_D_7954147,0,0.00062420906,0
LA_D_7999736,0,0.5228599,1
LA_D_8003757,0,0.30258125,0
LA_D_8076373,0,0.5252767,1
LA_D_8076419,0,0.006295201,0
LA_D_8122140,0,0.016990557,0
LA_D_8145979,0,0.116500884,0
LA_D_8167480,0,0.88323504,1
LA_D_8187236,0,0.9538485,1
LA_D_8224626,0,0.0006963292,0
LA_D_8250257,0,0.00041857595,0
LA_D_8314649,0,0.007840603,0
LA_D_8322084,0,0.0015497856,0
LA_D_8333263,0,0.0012908317,0
LA_D_8335993,0,0.9815026,1
LA_D_8355933,0,0.001399991,0
LA_D_8358881,0,0.0013751679,0
LA_D_8367897,0,0.7120533,1
LA_D_8418326,0,0.0012112171,0
LA_D_8437828,0,0.0026575208,0
LA_D_8453487,0,0.15286869,0
LA_D_8464223,0,0.0029960205,0
LA_D_8540229,0,0.02799386,0
LA_D_8544570,0,0.00048189363,0
LA_D_8549945,0,0.08248018,0
LA_D_8565833,0,0.016610367,0
LA_D_8594594,0,0.0010686829,0
LA_D_8607094,0,0.965028,1
LA_D_8653096,0,0.962114,1
LA_D_8663831,0,0.0015507112,0
LA_D_8724597,0,0.001657003,0
LA_D_8736114,0,0.03453457,0
LA_D_8770826,0,0.036296677,0
LA_D_8808516,0,0.00029707234,0
LA_D_8820413,0,0.001643641,0
LA_D_8871382,0,0.21920033,0
LA_D_8986682,0,0.15049882,0
LA_D_8987674,0,0.018333886,0
LA_D_8987827,0,2.4319597e-05,0
LA_D_9020589,0,0.4665579,0
LA_D_9043636,0,0.0022721684,0
LA_D_9066739,0,0.038719732,0
LA_D_9071072,0,0.00088308495,0
LA_D_9082501,0,0.0058920933,0
LA_D_9098847,0,0.036794633,0
LA_D_9107569,0,0.004817652,0
LA_D_9121718,0,0.0062632686,0
LA_D_9148057,0,0.02503284,0
LA_D_9165454,0,0.075679466,0
LA_D_9210275,0,0.0076690246,0
LA_D_9244478,0,0.0044794045,0
LA_D_9298211,0,0.0024532706,0
LA_D_9318857,0,0.13021813,0
LA_D_9319228,0,0.049609713,0
LA_D_9323962,0,0.5162665,1
LA_D_9352302,0,0.77522177,1
LA_D_9374690,0,0.44379944,0
LA_D_9430536,0,0.0039594844,0
LA_D_9456791,0,0.77186394,1
LA_D_9465062,0,0.005118688,0
LA_D_9516537,0,0.17279102,0
LA_D_9523755,0,0.0009896853,0
LA_D_9606397,0,0.03462233,0
LA_D_9616032,0,0.0001324065,0
LA_D_9620140,0,0.15262437,0
LA_D_9626571,0,0.71180695,1
LA_D_9648082,0,0.0039070593,0
LA_D_9672244,0,0.30889338,0
LA_D_9697323,0,0.0703446,0
LA_D_9699768,0,0.9055313,1
LA_D_9701451,0,0.0009829603,0
LA_D_9708860,0,0.013740608,0
LA_D_9735662,0,0.003109168,0
LA_D_9755271,0,0.00056988804,0
LA_D_9809223,0,0.0014557206,0
LA_D_9836225,0,0.98898685,1
LA_D_9873135,0,0.93017054,1
LA_D_9925424,0,0.27369487,0
LA_D_9948190,0,0.9686104,1
LA_D_9948386,0,0.00103271,0
LA_D_9961107,0,0.062539615,0
LA_D_9977363,0,0.93192893,1
LA_D_1006586,0,0.00020530657,0
LA_D_1032757,0,0.00019191086,0
LA_D_1057680,0,0.00020238226,0
LA_D_1094179,0,0.0002134587,0
LA_D_1132076,0,0.0004710866,0
LA_D_1179000,0,5.7933492e-05,0
LA_D_1218618,0,6.464335e-05,0
LA_D_1235211,0,0.00027796338,0
LA_D_1261551,0,3.5061552e-05,0
LA_D_1272181,0,0.03784818,0
LA_D_1279220,0,0.00012403811,0
LA_D_1281123,0,0.00045737415,0
LA_D_1286897,0,5.3133772e-05,0
LA_D_1292315,0,0.000671376,0
LA_D_1292895,0,0.00075394963,0
LA_D_1294054,0,0.002177874,0
LA_D_1317561,0,5.1055835e-05,0
LA_D_1364216,0,2.1697751e-05,0
LA_D_1477768,0,0.00019624401,0
LA_D_1479514,0,0.0001525177,0
LA_D_1488756,0,7.622762e-05,0
LA_D_1506183,0,0.00025377114,0
LA_D_1509923,0,0.035757188,0
LA_D_1523689,0,0.00020983908,0
LA_D_1531184,0,0.0014753373,0
LA_D_1544533,0,0.00028093188,0
LA_D_1583428,0,0.00014997362,0
LA_D_1600216,0,0.00013621183,0
LA_D_1624895,0,0.0012207632,0
LA_D_1662448,0,0.00017541926,0
LA_D_1693970,0,0.0010497466,0
LA_D_1694092,0,0.00017971791,0
LA_D_1725588,0,0.00021281083,0
LA_D_1757843,0,0.00025661784,0
LA_D_1758957,0,0.00083387963,0
LA_D_1764251,0,0.00017106743,0
LA_D_1794906,0,0.00029844206,0
LA_D_1802495,0,0.00038305056,0
LA_D_1863279,0,0.0001240167,0
LA_D_1871635,0,0.003319983,0
LA_D_1896433,0,0.00043429437,0
LA_D_1916885,0,0.0001016721,0
LA_D_1943421,0,0.00014087824,0
LA_D_1944808,0,0.0066166213,0
LA_D_1954043,0,0.00018033656,0
LA_D_1962374,0,0.00074086024,0
LA_D_1962948,0,0.00016363889,0
LA_D_1974894,0,0.00032916432,0
LA_D_2020279,0,6.703654e-05,0
LA_D_2021379,0,0.012898472,0
LA_D_2021657,0,0.00014087973,0
LA_D_2025064,0,0.00012375574,0
LA_D_2031125,0,0.000131389,0
LA_D_2046924,0,1.472269e-06,0
LA_D_2082270,0,0.00090558844,0
LA_D_2111881,0,0.00014853508,0
LA_D_2112026,0,8.9736226e-05,0
LA_D_2128991,0,0.0001577747,0
LA_D_2135991,0,0.00012441764,0
LA_D_2138850,0,4.892926e-05,0
LA_D_2162549,0,8.374954e-05,0
LA_D_2202228,0,0.0021692386,0
LA_D_2289504,0,0.00063373096,0
LA_D_2289949,0,0.001763829,0
LA_D_2309660,0,4.4863988e-05,0
LA_D_2328159,0,0.00044334118,0
LA_D_2371366,0,0.00045074522,0
LA_D_2403365,0,0.00065549294,0
LA_D_2419210,0,0.00046135773,0
LA_D_2423406,0,0.0014429848,0
LA_D_2460108,0,9.5532276e-05,0
LA_D_2473905,0,0.0005047031,0
LA_D_2478413,0,0.0018808669,0
LA_D_2488691,0,8.3572355e-05,0
LA_D_2523108,0,0.00010004158,0
LA_D_2525577,0,0.0020375329,0
LA_D_2558912,0,0.0006195779,0
LA_D_2646681,0,8.785081e-05,0
LA_D_2648396,0,0.0006252126,0
LA_D_2665880,0,0.00029139064,0
LA_D_2683285,0,0.0014651024,0
LA_D_2715685,0,0.0001156483,0
LA_D_2723301,0,0.00018528984,0
LA_D_2749481,0,0.0010901537,0
LA_D_2762693,0,0.00043591947,0
LA_D_2784153,0,2.5155656e-05,0
LA_D_2835573,0,0.00039771365,0
LA_D_2877032,0,0.00068132335,0
LA_D_2878270,0,0.0001281946,0
LA_D_2889881,0,0.00020900821,0
LA_D_2915994,0,0.00031515796,0
LA_D_2934273,0,0.00070429256,0
LA_D_2939086,0,7.905447e-05,0
LA_D_2968040,0,0.00011319131,0
LA_D_2993864,0,0.002119001,0
LA_D_3048577,0,0.0016640424,0
LA_D_3067742,0,0.25770524,0
LA_D_3072540,0,0.0004668716,0
LA_D_3079418,0,0.00012982133,0
LA_D_3083417,0,0.00011261693,0
LA_D_3084091,0,0.0009761266,0
LA_D_3114677,0,0.00013377097,0
LA_D_3151881,0,6.1244995e-05,0
LA_D_3169361,0,0.00030988496,0
LA_D_3203561,0,0.0014133225,0
LA_D_3233282,0,0.0041304007,0
LA_D_3276030,0,7.70055e-05,0
LA_D_3276721,0,2.6661512e-05,0
LA_D_3292062,0,0.0005228195,0
LA_D_3298952,0,0.0019382796,0
LA_D_3313241,0,9.0968795e-05,0
LA_D_3318711,0,0.00018900729,0
LA_D_3320713,0,0.00038875185,0
LA_D_3321986,0,8.4030165e-05,0
LA_D_3342664,0,0.00024106083,0
LA_D_3353739,0,0.00015726747,0
LA_D_3376676,0,0.0001300441,0
LA_D_3379278,0,3.118582e-05,0
LA_D_3449675,0,0.00021148633,0
LA_D_3451581,0,0.0049915235,0
LA_D_3461825,0,3.9256985e-05,0
LA_D_3474604,0,0.00071783987,0
LA_D_3496658,0,0.020009257,0
LA_D_3512316,0,0.00018942839,0
LA_D_3527270,0,0.00022712476,0
LA_D_3554660,0,0.00034613014,0
LA_D_3565165,0,5.2675477e-05,0
LA_D_3591261,0,0.00020720692,0
LA_D_3591679,0,0.18416698,0
LA_D_3653770,0,0.0033022072,0
LA_D_3707801,0,0.022140011,0
LA_D_3710720,0,7.724269e-05,0
LA_D_3727464,0,0.005474989,0
LA_D_3746754,0,0.0062735192,0
LA_D_3753443,0,0.0011067316,0
LA_D_3771019,0,7.934198e-05,0
LA_D_3815884,0,0.00028257206,0
LA_D_3820911,0,0.00023644535,0
LA_D_3852849,0,0.00042921683,0
LA_D_3890727,0,0.00034862803,0
LA_D_3914684,0,0.00014904341,0
LA_D_3939937,0,0.00044687686,0
LA_D_3983910,0,0.00016158955,0
LA_D_4008273,0,0.0004272266,0
LA_D_4082852,0,0.0008118215,0
LA_D_4085392,0,0.00054015603,0
LA_D_4094129,0,0.0072469353,0
LA_D_4182338,0,0.00019079896,0
LA_D_4199363,0,0.00018469684,0
LA_D_4231672,0,0.000106591775,0
LA_D_4240572,0,0.0003371631,0
LA_D_4297667,0,1.7766517e-05,0
LA_D_4322439,0,0.00049960124,0
LA_D_4335525,0,0.0001256315,0
LA_D_4339462,0,0.0017149452,0
LA_D_4382584,0,0.00016510526,0
LA_D_4389304,0,5.171081e-05,0
LA_D_4395658,0,0.00027536048,0
LA_D_4401526,0,0.00021785099,0
LA_D_4407498,0,6.114957e-05,0
LA_D_4437954,0,0.013334912,0
LA_D_4485320,0,0.00018204744,0
LA_D_4488718,0,2.6566313e-05,0
LA_D_4540134,0,0.006170922,0
LA_D_4544796,0,0.00044641495,0
LA_D_4592786,0,8.335395e-05,0
LA_D_4608336,0,0.0017788725,0
LA_D_4629979,0,0.00015819212,0
LA_D_4678659,0,0.0023272696,0
LA_D_4703894,0,0.00035025604,0
LA_D_4716316,0,0.00010327865,0
LA_D_4722555,0,0.00022698946,0
LA_D_4732747,0,0.00015957393,0
LA_D_4753739,0,0.0001850914,0
LA_D_4769081,0,4.697366e-05,0
LA_D_4865380,0,0.00011476154,0
LA_D_4908581,0,0.0003568888,0
LA_D_4938185,0,8.4014224e-05,0
LA_D_4938987,0,0.00013122748,0
LA_D_4979666,0,0.0003369674,0
LA_D_4981603,0,0.0006585182,0
LA_D_4982133,0,0.000104529325,0
LA_D_5018866,0,5.9487164e-05,0
LA_D_5053631,0,6.959666e-05,0
LA_D_5067930,0,0.00013951908,0
LA_D_5086729,0,6.606405e-05,0
LA_D_5090608,0,0.00020763864,0
LA_D_5098281,0,5.8865015e-05,0
LA_D_5101551,0,0.00034132545,0
LA_D_5103356,0,0.00025910314,0
LA_D_5107192,0,7.481548e-05,0
LA_D_5111401,0,0.00013699832,0
LA_D_5139863,0,0.00032401024,0
LA_D_5142081,0,0.000116460804,0
LA_D_5152377,0,5.8909714e-05,0
LA_D_5165259,0,8.085684e-05,0
LA_D_5172398,0,0.0005088773,0
LA_D_5176173,0,0.00012923045,0
LA_D_5241214,0,0.00018224145,0
LA_D_5267572,0,0.00020214602,0
LA_D_5274812,0,0.00043676177,0
LA_D_5286510,0,4.671541e-05,0
LA_D_5295577,0,0.0501902,0
LA_D_5296519,0,0.00012367753,0
LA_D_5301983,0,7.316213e-05,0
LA_D_5307600,0,0.0029893878,0
LA_D_5326644,0,4.8225877e-05,0
LA_D_5390706,0,0.0002139363,0
LA_D_5410675,0,0.0001262796,0
LA_D_5435996,0,7.37383e-05,0
LA_D_5444967,0,8.163593e-05,0
LA_D_5481956,0,0.00011624545,0
LA_D_5486800,0,4.285269e-05,0
LA_D_5505879,0,5.549347e-06,0
LA_D_5524814,0,0.0052245026,0
LA_D_5538242,0,7.378085e-05,0
LA_D_5599281,0,6.0812174e-05,0
LA_D_5627177,0,0.0011350709,0
LA_D_5653979,0,0.030697076,0
LA_D_5661698,0,0.00030437583,0
LA_D_5671767,0,0.0039169122,0
LA_D_5693331,0,0.000113985014,0
LA_D_5710236,0,0.0039192233,0
LA_D_5715402,0,0.00016014218,0
LA_D_5735559,0,0.015396783,0
LA_D_5735922,0,0.00034100199,0
LA_D_5737273,0,0.00045410442,0
LA_D_5747601,0,0.00013187449,0
LA_D_5748042,0,0.00017899997,0
LA_D_5825167,0,0.00023547752,0
LA_D_5832702,0,0.034728896,0
LA_D_5834232,0,5.3882315e-05,0
LA_D_5854092,0,0.0046183825,0
LA_D_5874425,0,0.0002533435,0
LA_D_5875439,0,8.575751e-05,0
LA_D_5878616,0,0.00029886916,0
LA_D_5889135,0,0.00010522457,0
LA_D_5889358,0,0.0002564701,0
LA_D_5895018,0,0.00014153574,0
LA_D_5977520,0,0.00012320282,0
LA_D_6038131,0,0.0008784968,0
LA_D_6079595,0,0.0002809935,0
LA_D_6103320,0,0.000302043,0
LA_D_6112353,0,5.0269788e-05,0
LA_D_6172873,0,2.626613e-05,0
LA_D_6192145,0,0.0018517078,0
LA_D_6194442,0,0.20171048,0
LA_D_6211901,0,0.00026288643,0
LA_D_6222247,0,1.0167999e-05,0
LA_D_6226707,0,7.9062615e-05,0
LA_D_6264911,0,0.0002683682,0
LA_D_6290952,0,0.0010400683,0
LA_D_6345960,0,0.00012165807,0
LA_D_6347250,0,0.00011265462,0
LA_D_6362359,0,0.00010742443,0
LA_D_6393543,0,0.00059039803,0
LA_D_6409900,0,0.0003097854,0
LA_D_6415614,0,0.0007388734,0
LA_D_6428297,0,1.7492763e-05,0
LA_D_6462902,0,0.00017117479,0
LA_D_6468405,0,0.00021970544,0
LA_D_6499924,0,3.575544e-05,0
LA_D_6517704,0,0.000119879696,0
LA_D_6532301,0,0.0013607998,0
LA_D_6547198,0,0.001192693,0
LA_D_6579719,0,0.0025059446,0
LA_D_6593636,0,5.2556206e-05,0
LA_D_6625374,0,0.00014754357,0
LA_D_6625840,0,3.284507e-05,0
LA_D_6637850,0,0.00017000186,0
LA_D_6642673,0,0.00026627624,0
LA_D_6660220,0,6.9474727e-06,0
LA_D_6669051,0,0.014354372,0
LA_D_6691154,0,0.00070061535,0
LA_D_6695615,0,2.4237566e-05,0
LA_D_6710195,0,0.00020004169,0
LA_D_6827798,0,0.004000016,0
LA_D_6830532,0,0.0010499271,0
LA_D_6864087,0,0.00016656508,0
LA_D_6866603,0,0.00077077193,0
LA_D_6892674,0,0.00020301675,0
LA_D_6928429,0,0.00093037286,0
LA_D_6965493,0,7.649662e-05,0
LA_D_6965771,0,0.0022064324,0
LA_D_6988249,0,0.00064282335,0
LA_D_7021156,0,0.001413235,0
LA_D_7028251,0,0.00069834915,0
LA_D_7038606,0,7.954509e-05,0
LA_D_7066186,0,0.0005946644,0
LA_D_7167124,0,8.237547e-05,0
LA_D_7183894,0,0.0003082281,0
LA_D_7186069,0,8.7677654e-05,0
LA_D_7226739,0,0.00021443602,0
LA_D_7237488,0,0.00075189554,0
LA_D_7237811,0,6.03423e-05,0
LA_D_7307287,0,0.00017312648,0
LA_D_7331654,0,0.00035775368,0
LA_D_7337279,0,0.0005250095,0
LA_D_7359047,0,0.0023116143,0
LA_D_7399969,0,0.0004291614,0
LA_D_7406865,0,9.9670404e-05,0
LA_D_7445946,0,0.00010345608,0
LA_D_7464417,0,0.00013453337,0
LA_D_7473056,0,0.00024238462,0
LA_D_7499183,0,0.00013432417,0
LA_D_7532592,0,0.019256152,0
LA_D_7536830,0,9.567713e-05,0
LA_D_7573833,0,0.00048203417,0
LA_D_7577850,0,0.00022746783,0
LA_D_7592898,0,0.009145627,0
LA_D_7632221,0,0.0012477844,0
LA_D_7647841,0,0.00012960426,0
LA_D_7660152,0,0.000377279,0
LA_D_7667125,0,0.002857318,0
LA_D_7678162,0,0.0005065792,0
LA_D_7679219,0,1.5871008e-05,0
LA_D_7687575,0,0.0020003421,0
LA_D_7704331,0,0.00020716224,0
LA_D_7714440,0,0.0009146564,0
LA_D_7748160,0,0.005374115,0
LA_D_7748381,0,0.000644927,0
LA_D_7784995,0,6.221676e-05,0
LA_D_7803358,0,0.0012382217,0
LA_D_7836235,0,0.15080978,0
LA_D_7890490,0,0.0072038276,0
LA_D_7898281,0,0.00012775553,0
LA_D_7932133,0,0.0067566982,0
LA_D_7954380,0,0.0005090794,0
LA_D_7979281,0,0.0005515495,0
LA_D_7989855,0,0.00016516258,0
LA_D_7995659,0,0.00011002073,0
LA_D_8044665,0,0.002184623,0
LA_D_8050534,0,0.0015127237,0
LA_D_8063814,0,4.6080266e-05,0
LA_D_8099371,0,0.00036746007,0
LA_D_8107336,0,0.0942237,0
LA_D_8110188,0,0.00012369215,0
LA_D_8128480,0,0.00035646648,0
LA_D_8136728,0,0.0019453068,0
LA_D_8142949,0,0.017747626,0
LA_D_8152318,0,9.708541e-06,0
LA_D_8195070,0,2.806474e-05,0
LA_D_8244804,0,0.0016386454,0
LA_D_8246386,0,7.399357e-05,0
LA_D_8262471,0,0.000435051,0
LA_D_8277450,0,0.0003347391,0
LA_D_8313277,0,0.0010381349,0
LA_D_8362912,0,0.000112868816,0
LA_D_8367768,0,0.008393322,0
LA_D_8374952,0,6.139627e-05,0
LA_D_8417993,0,0.0043444918,0
LA_D_8418660,0,0.00018547421,0
LA_D_8438549,0,0.00015175928,0
LA_D_8450426,0,0.00015942275,0
LA_D_8468180,0,0.0008794705,0
LA_D_8482703,0,0.0007624432,0
LA_D_8488988,0,0.001057136,0
LA_D_8520152,0,8.294069e-06,0
LA_D_8530159,0,0.005158047,0
LA_D_8543878,0,0.0003657697,0
LA_D_8558988,0,0.00017947132,0
LA_D_8586602,0,0.00012611318,0
LA_D_8593631,0,0.00033040147,0
LA_D_8593699,0,4.8593807e-05,0
LA_D_8697162,0,0.00017319352,0
LA_D_8724645,0,0.0036092645,0
LA_D_8783507,0,8.843243e-05,0
LA_D_8866287,0,0.00015706426,0
LA_D_8870358,0,0.00038969133,0
LA_D_8875939,0,5.2639723e-05,0
LA_D_8878567,0,6.968911e-05,0
LA_D_8909496,0,4.0678784e-05,0
LA_D_8920232,0,5.3889613e-05,0
LA_D_8954865,0,0.00014068991,0
LA_D_8958398,0,0.00022340636,0
LA_D_8988605,0,0.00016114795,0
LA_D_9022054,0,0.00030471873,0
LA_D_9053763,0,0.0013466842,0
LA_D_9058492,0,0.0008178856,0
LA_D_9085002,0,0.00013113642,0
LA_D_9105293,0,0.0007160123,0
LA_D_9156390,0,5.8831734e-05,0
LA_D_9158496,0,4.490585e-05,0
LA_D_9170533,0,0.0003504498,0
LA_D_9170546,0,0.0012190086,0
LA_D_9233372,0,0.00040409493,0
LA_D_9262171,0,0.00029001705,0
LA_D_9269691,0,0.00025517205,0
LA_D_9350649,0,0.0028410736,0
LA_D_9353876,0,3.280181e-05,0
LA_D_9366152,0,0.00012987321,0
LA_D_9367691,0,0.00038963876,0
LA_D_9386142,0,0.0022858386,0
LA_D_9438113,0,0.020705577,0
LA_D_9505772,0,9.494042e-05,0
LA_D_9525819,0,0.10011533,0
LA_D_9602909,0,0.039588522,0
LA_D_9614451,0,0.00027977503,0
LA_D_9710466,0,0.00024854604,0
LA_D_9723269,0,2.0692e-05,0
LA_D_9734297,0,2.7179989e-05,0
LA_D_9743828,0,0.027210671,0
LA_D_9764249,0,0.00020611369,0
LA_D_9770836,0,0.00020017811,0
LA_D_9795685,0,0.00086350006,0
LA_D_9821680,0,7.0370064e-05,0
LA_D_9831077,0,9.32717e-05,0
LA_D_9897238,0,0.044344336,0
LA_D_9902848,0,3.0788247e-05,0
LA_D_9904837,0,0.0008808857,0
LA_D_9935431,0,3.2787422e-05,0
LA_D_9955162,0,4.3612425e-05,0
LA_D_9991348,0,8.966309e-05,0
LA_D_9999204,0,0.00019429559,0
LA_D_1010205,0,0.0033024927,0
LA_D_1061499,0,0.0012252937,0
LA_D_1080524,0,0.0003220448,0
LA_D_1082871,0,0.050131757,0
LA_D_1084804,0,8.944465e-05,0
LA_D_1158428,0,0.00019464566,0
LA_D_1171849,0,9.9289166e-05,0
LA_D_1235041,0,0.0002896799,0
LA_D_1246046,0,0.00032091385,0
LA_D_1266897,0,0.00013286635,0
LA_D_1277538,0,9.183578e-05,0
LA_D_1326697,0,0.0010563874,0
LA_D_1384414,0,0.0020237782,0
LA_D_1447776,0,0.0020905621,0
LA_D_1498058,0,0.003622596,0
LA_D_1502852,0,0.00028837594,0
LA_D_1555757,0,0.0016380403,0
LA_D_1556162,0,0.0005564417,0
LA_D_1606599,0,0.00025583003,0
LA_D_1694389,0,0.00044735102,0
LA_D_1699200,0,0.00010472258,0
LA_D_1705349,0,0.0008392412,0
LA_D_1720015,0,0.00044876797,0
LA_D_1738251,0,0.00022823755,0
LA_D_1738651,0,0.0052125566,0
LA_D_1830470,0,9.371497e-05,0
LA_D_1832937,0,0.0004764975,0
LA_D_1844495,0,0.000702061,0
LA_D_1848165,0,0.00051601103,0
LA_D_1866166,0,0.00038561667,0
LA_D_1907062,0,0.0102428915,0
LA_D_1921890,0,0.00069322414,0
LA_D_1932089,0,0.0008308672,0
LA_D_1966347,0,0.0011959432,0
LA_D_2008956,0,0.00061772735,0
LA_D_2022777,0,0.00030480095,0
LA_D_2033794,0,0.00027792572,0
LA_D_2042102,0,0.00031949952,0
LA_D_2049288,0,0.00020133487,0
LA_D_2128519,0,0.0005585172,0
LA_D_2140441,0,0.00016876585,0
LA_D_2178889,0,0.002725488,0
LA_D_2193624,0,0.00010421483,0
LA_D_2308716,0,0.0009108485,0
LA_D_2335769,0,0.00037203674,0
LA_D_2353795,0,0.00017574221,0
LA_D_2372787,0,0.0002745727,0
LA_D_2430243,0,0.002270068,0
LA_D_2446369,0,0.00047074995,0
LA_D_2492206,0,0.0001651292,0
LA_D_2497046,0,0.00054420787,0
LA_D_2530462,0,0.00047959408,0
LA_D_2570184,0,0.00013589463,0
LA_D_2653610,0,0.02168159,0
LA_D_2667967,0,0.00046730554,0
LA_D_2747265,0,0.001229194,0
LA_D_2795326,0,0.00066051894,0
LA_D_2837203,0,0.000102945225,0
LA_D_2875270,0,0.00032626715,0
LA_D_2888387,0,0.000791842,0
LA_D_2933330,0,0.00086383615,0
LA_D_2939024,0,0.0031799555,0
LA_D_2960332,0,0.0013505613,0
LA_D_2964456,0,8.9349334e-05,0
LA_D_2968176,0,0.00047154396,0
LA_D_2981298,0,0.131154,0
LA_D_3015558,0,0.00012479062,0
LA_D_3040717,0,0.00088084204,0
LA_D_3049880,0,0.0028768333,0
LA_D_3087285,0,0.00026080487,0
LA_D_3109683,0,0.000641991,0
LA_D_3142727,0,0.00017018919,0
LA_D_3154837,0,0.0002334557,0
LA_D_3158600,0,0.0005901997,0
LA_D_3184245,0,0.000764759,0
LA_D_3211293,0,0.004909676,0
LA_D_3220337,0,0.0063045677,0
LA_D_3228132,0,0.00043302428,0
LA_D_3242739,0,0.002126719,0
LA_D_3346281,0,0.0010216,0
LA_D_3353973,0,0.0011060638,0
LA_D_3392617,0,0.005052284,0
LA_D_3401079,0,0.0011072911,0
LA_D_3413740,0,0.021655692,0
LA_D_3436779,0,0.000119558776,0
LA_D_3441390,0,0.0011483015,0
LA_D_3457616,0,0.00023939085,0
LA_D_3492327,0,0.0005025055,0
LA_D_3510615,0,7.6017255e-05,0
LA_D_3522779,0,0.00032935265,0
LA_D_3553006,0,8.637773e-05,0
LA_D_3553483,0,0.0023751515,0
LA_D_3579245,0,0.0028484017,0
LA_D_3617757,0,0.00044688943,0
LA_D_3629732,0,0.006191934,0
LA_D_3664914,0,0.0053027277,0
LA_D_3679618,0,0.00039846543,0
LA_D_3795179,0,0.00017275331,0
LA_D_3799415,0,0.0009203452,0
LA_D_3799822,0,0.00028000213,0
LA_D_3814791,0,0.021744149,0
LA_D_3847966,0,0.00033222936,0
LA_D_3879227,0,0.00021082192,0
LA_D_3931549,0,0.0003131781,0
LA_D_3951142,0,0.00025785688,0
LA_D_4038636,0,0.00028435307,0
LA_D_4046963,0,0.004553461,0
LA_D_4051775,0,0.00026639507,0
LA_D_4067176,0,0.0009655603,0
LA_D_4076013,0,0.0006598252,0
LA_D_4079102,0,0.0045937393,0
LA_D_4104036,0,0.000361918,0
LA_D_4173079,0,0.00035359393,0
LA_D_4187195,0,0.00024789284,0
LA_D_4190863,0,0.00014219953,0
LA_D_4198486,0,0.0009225519,0
LA_D_4246414,0,0.00032507148,0
LA_D_4246754,0,0.0011320502,0
LA_D_4269476,0,0.0011525984,0
LA_D_4277166,0,0.2863373,0
LA_D_4285827,0,0.0018584002,0
LA_D_4344112,0,0.001782282,0
LA_D_4358026,0,0.0010529862,0
LA_D_4371820,0,0.0053756824,0
LA_D_4414981,0,0.0003424661,0
LA_D_4436601,0,0.0010570317,0
LA_D_4449596,0,0.0026871315,0
LA_D_4476116,0,0.0003263107,0
LA_D_4497485,0,0.0005809092,0
LA_D_4541793,0,0.0003271692,0
LA_D_4554165,0,0.0055867108,0
LA_D_4567649,0,0.00010675168,0
LA_D_4594870,0,0.0030621344,0
LA_D_4679930,0,0.00014063921,0
LA_D_4680031,0,0.00031294473,0
LA_D_4684075,0,0.0022519436,0
LA_D_4729932,0,0.00017002813,0
LA_D_4765138,0,0.0024727348,0
LA_D_4766671,0,0.007086789,0
LA_D_4791127,0,0.00013989862,0
LA_D_4793285,0,0.003045642,0
LA_D_4831551,0,0.00017390658,0
LA_D_4838987,0,0.0145632485,0
LA_D_4840993,0,0.000111170666,0
LA_D_4846038,0,0.00015318407,0
LA_D_4856350,0,0.0004361955,0
LA_D_4893333,0,0.0016712832,0
LA_D_4911711,0,9.2066206e-05,0
LA_D_4938958,0,0.0001184753,0
LA_D_4972385,0,0.00067581906,0
LA_D_4992474,0,0.0011192071,0
LA_D_5039819,0,3.62318e-05,0
LA_D_5057705,0,0.00021826017,0
LA_D_5110293,0,0.0004355324,0
LA_D_5149734,0,0.00047100376,0
LA_D_5178524,0,0.00040867805,0
LA_D_5193343,0,0.00029121508,0
LA_D_5207545,0,0.0007808748,0
LA_D_5246247,0,0.002741286,0
LA_D_5283786,0,0.00023987754,0
LA_D_5338385,0,0.00087078585,0
LA_D_5435340,0,0.003922449,0
LA_D_5453991,0,0.019774055,0
LA_D_5508990,0,0.0040343204,0
LA_D_5525422,0,0.0015609873,0
LA_D_5570541,0,0.0005850343,0
LA_D_5572661,0,0.000102097256,0
LA_D_5596855,0,8.355881e-05,0
LA_D_5706472,0,0.00055644277,0
LA_D_5732655,0,0.0006256647,0
LA_D_5741681,0,0.0002370164,0
LA_D_5789727,0,0.00057801104,0
LA_D_5792148,0,0.0010873631,0
LA_D_5805227,0,0.0026280682,0
LA_D_5824362,0,0.00017502598,0
LA_D_5834045,0,0.0009553113,0
LA_D_5856383,0,9.780425e-05,0
LA_D_5891869,0,0.00024155615,0
LA_D_5901525,0,0.00075066154,0
LA_D_5927782,0,0.000117643925,0
LA_D_5961259,0,0.00069960015,0
LA_D_5972830,0,0.003457505,0
LA_D_5975960,0,0.650458,1
LA_D_5986166,0,0.0024362379,0
LA_D_6096734,0,0.0001549073,0
LA_D_6126827,0,0.00013960771,0
LA_D_6132532,0,0.0003859556,0
LA_D_6211090,0,8.5183725e-05,0
LA_D_6226652,0,0.00040016684,0
LA_D_6228522,0,0.000480461,0
LA_D_6239873,0,0.00041449763,0
LA_D_6241133,0,0.0005309299,0
LA_D_6280736,0,0.0005519095,0
LA_D_6310412,0,0.0011334206,0
LA_D_6315394,0,0.0007404138,0
LA_D_6322158,0,0.0075679636,0
LA_D_6349894,0,0.0005121727,0
LA_D_6361022,0,0.0026240814,0
LA_D_6454374,0,0.35068405,0
LA_D_6506972,0,0.045355223,0
LA_D_6597204,0,0.000247684,0
LA_D_6614217,0,0.0006911676,0
LA_D_6661592,0,0.00019352828,0
LA_D_6671443,0,0.0001812699,0
LA_D_6690982,0,0.0032540606,0
LA_D_6723637,0,9.810034e-05,0
LA_D_6748977,0,0.00047901497,0
LA_D_6767763,0,8.575415e-05,0
LA_D_6890596,0,0.00026306018,0
LA_D_6909580,0,0.0020429164,0
LA_D_6930111,0,0.0010764822,0
LA_D_6970550,0,0.00014658706,0
LA_D_6971538,0,0.00042983555,0
LA_D_6985201,0,0.0003851877,0
LA_D_6990804,0,0.00014948122,0
LA_D_7015167,0,0.00033676397,0
LA_D_7030824,0,0.0007630083,0
LA_D_7087327,0,0.0007447915,0
LA_D_7100478,0,0.024413584,0
LA_D_7117158,0,0.014236946,0
LA_D_7138607,0,0.00014758212,0
LA_D_7141905,0,4.2424774e-05,0
LA_D_7174232,0,0.0113190515,0
LA_D_7277959,0,0.004887465,0
LA_D_7279265,0,0.00026994818,0
LA_D_7279410,0,0.00019363865,0
LA_D_7290012,0,7.568662e-05,0
LA_D_7363405,0,0.000108886416,0
LA_D_7367187,0,0.0009519927,0
LA_D_7383463,0,0.00030427804,0
LA_D_7409252,0,0.00021031339,0
LA_D_7424751,0,0.00012422845,0
LA_D_7447795,0,0.00074454886,0
LA_D_7479660,0,0.0031558059,0
LA_D_7620311,0,0.0006368215,0
LA_D_7674620,0,0.00022486079,0
LA_D_7702883,0,0.0006063242,0
LA_D_7731461,0,0.0006164984,0
LA_D_7734402,0,0.00028831686,0
LA_D_7773583,0,0.00040318992,0
LA_D_7792788,0,0.008118597,0
LA_D_7887063,0,0.0020145425,0
LA_D_7979905,0,0.00040464755,0
LA_D_8022584,0,0.00010731743,0
LA_D_8063128,0,0.00056665693,0
LA_D_8072455,0,0.0005710574,0
LA_D_8147839,0,0.0132489735,0
LA_D_8162284,0,0.00026651597,0
LA_D_8183756,0,0.02614691,0
LA_D_8202140,0,0.0002575844,0
LA_D_8228955,0,0.0014124775,0
LA_D_8245412,0,0.00029504375,0
LA_D_8264531,0,0.0004955102,0
LA_D_8272979,0,0.0003534979,0
LA_D_8291737,0,0.0041428665,0
LA_D_8335202,0,0.00017997342,0
LA_D_8350950,0,0.0012745806,0
LA_D_8358692,0,0.00068467355,0
LA_D_8364986,0,0.00053303526,0
LA_D_8365489,0,0.0005210504,0
LA_D_8367470,0,0.004141303,0
LA_D_8372141,0,0.00027021006,0
LA_D_8378530,0,9.661744e-05,0
LA_D_8461526,0,0.00018029082,0
LA_D_8467187,0,0.00016215029,0
LA_D_8474115,0,8.182397e-06,0
LA_D_8479165,0,0.00033781515,0
LA_D_8569086,0,0.0008276503,0
LA_D_8573686,0,0.00014994646,0
LA_D_8599184,0,0.00080061745,0
LA_D_8675351,0,2.2167129e-05,0
LA_D_8683301,0,0.00026094017,0
LA_D_8704675,0,0.00013260814,0
LA_D_8726806,0,0.0046012723,0
LA_D_8735979,0,0.00028305635,0
LA_D_8787336,0,0.00081087666,0
LA_D_8907825,0,0.00030432793,0
LA_D_8912596,0,0.00018432667,0
LA_D_8923373,0,0.00025803124,0
LA_D_8947789,0,0.0014628982,0
LA_D_8971968,0,0.000668928,0
LA_D_8980613,0,0.00040315592,0
LA_D_9092221,0,0.00014465312,0
LA_D_9095089,0,0.000698458,0
LA_D_9198030,0,0.0006901056,0
LA_D_9308715,0,0.00012356942,0
LA_D_9363698,0,0.00083175127,0
LA_D_9365960,0,0.0008190743,0
LA_D_9465126,0,0.00010961933,0
LA_D_9557863,0,0.00039473272,0
LA_D_9579816,0,0.0021463537,0
LA_D_9585951,0,0.0019175869,0
LA_D_9611936,0,0.0009896359,0
LA_D_9616817,0,0.00017587046,0
LA_D_9711980,0,0.0005075703,0
LA_D_9728117,0,0.0027864885,0
LA_D_9735207,0,0.0001715452,0
LA_D_9739801,0,0.0025023525,0
LA_D_9810869,0,1.2284004e-05,0
LA_D_9828928,0,0.0005100077,0
LA_D_9849984,0,0.034837313,0
LA_D_9853601,0,0.0019295958,0
LA_D_9936972,0,0.010628852,0
LA_D_9947726,0,0.00012892448,0
LA_D_9977709,0,0.000722867,0
LA_D_9985554,0,0.018017735,0
LA_D_9994046,0,0.00060142507,0
LA_D_9995817,0,0.0011278179,0
LA_D_1029785,0,8.4219006e-05,0
LA_D_1056838,0,7.2743336e-05,0
LA_D_1124968,0,0.000539164,0
LA_D_1149633,0,0.014985509,0
LA_D_1157084,0,1.1960627e-05,0
LA_D_1235306,0,0.0003330742,0
LA_D_1236459,0,0.0004223347,0
LA_D_1247325,0,0.0011500826,0
LA_D_1285017,0,0.00052478665,0
LA_D_1306634,0,0.00014854995,0
LA_D_1307022,0,0.00068962935,0
LA_D_1314415,0,0.0001503072,0
LA_D_1334666,0,7.6193755e-05,0
LA_D_1343882,0,0.00095403835,0
LA_D_1356036,0,0.0004666792,0
LA_D_1393870,0,0.0002925143,0
LA_D_1424811,0,0.00053521985,0
LA_D_1433046,0,0.00026997933,0
LA_D_1459201,0,0.00016090399,0
LA_D_1471187,0,0.0005267431,0
LA_D_1471595,0,0.3613139,0
LA_D_1476062,0,0.0018992102,0
LA_D_1555695,0,0.01008832,0
LA_D_1574963,0,4.398478e-05,0
LA_D_1640383,0,0.0005247209,0
LA_D_1680060,0,0.002470286,0
LA_D_1702355,0,0.00022027656,0
LA_D_1702824,0,0.0027245418,0
LA_D_1711747,0,0.0003741805,0
LA_D_1723025,0,0.00033358583,0
LA_D_1743744,0,0.0019158927,0
LA_D_1773079,0,0.0005214424,0
LA_D_1780523,0,0.00018962934,0
LA_D_1818653,0,0.00036343947,0
LA_D_1853731,0,0.00016225607,0
LA_D_1868045,0,0.00047020146,0
LA_D_1891787,0,0.000116776384,0
LA_D_1894103,0,0.00012583497,0
LA_D_1905761,0,0.0044369427,0
LA_D_1948580,0,8.606111e-05,0
LA_D_1949008,0,0.000262914,0
LA_D_1994966,0,0.0042769555,0
LA_D_2002433,0,0.0022549508,0
LA_D_2036773,0,0.00021121187,0
LA_D_2070148,0,0.0007844466,0
LA_D_2077190,0,0.00017027245,0
LA_D_2107954,0,0.008443123,0
LA_D_2113515,0,9.3196664e-05,0
LA_D_2136240,0,0.00026919387,0
LA_D_2137133,0,0.00029266885,0
LA_D_2166764,0,0.0013145857,0
LA_D_2173227,0,0.00025795918,0
LA_D_2195736,0,0.00019823467,0
LA_D_2231411,0,0.00045720433,0
LA_D_2245814,0,0.062190123,0
LA_D_2250398,0,0.00054251374,0
LA_D_2260376,0,0.00077747705,0
LA_D_2275662,0,0.00053296925,0
LA_D_2276956,0,0.0002574945,0
LA_D_2341150,0,5.286303e-05,0
LA_D_2344292,0,0.00080627645,0
LA_D_2367943,0,0.0003718573,0
LA_D_2382681,0,0.00055041746,0
LA_D_2399961,0,0.0051808604,0
LA_D_2445772,0,0.014343912,0
LA_D_2451802,0,9.887939e-05,0
LA_D_2454370,0,0.0030790062,0
LA_D_2480484,0,0.00011692693,0
LA_D_2502471,0,0.00014077526,0
LA_D_2530547,0,0.0080948435,0
LA_D_2565381,0,0.0007590031,0
LA_D_2577424,0,0.0004034633,0
LA_D_2596513,0,0.00028965337,0
LA_D_2598470,0,0.00024201605,0
LA_D_2602453,0,0.0002568521,0
LA_D_2613067,0,0.000110985085,0
LA_D_2634266,0,0.0010746323,0
LA_D_2637205,0,0.018311039,0
LA_D_2709105,0,0.00015937747,0
LA_D_2715552,0,0.0005373621,0
LA_D_2719811,0,0.00022401939,0
LA_D_2772436,0,0.0029401318,0
LA_D_2775026,0,0.004798379,0
LA_D_2797619,0,0.00039306958,0
LA_D_2814875,0,0.00035866772,0
LA_D_2816289,0,0.00035338433,0
LA_D_2833762,0,0.009859641,0
LA_D_2854193,0,0.00069459307,0
LA_D_2866362,0,0.0004174755,0
LA_D_2895937,0,0.00014372754,0
LA_D_2938883,0,0.00016299327,0
LA_D_2999774,0,0.00014753838,0
LA_D_3007029,0,0.00065776054,0
LA_D_3010559,0,7.8503515e-05,0
LA_D_3015714,0,6.326973e-05,0
LA_D_3040572,0,0.002699227,0
LA_D_3043536,0,0.00017492454,0
LA_D_3053606,0,0.00031036895,0
LA_D_3055819,0,0.019452328,0
LA_D_3060623,0,0.00013338681,0
LA_D_3144395,0,0.34087762,0
LA_D_3176946,0,5.761455e-05,0
LA_D_3177863,0,0.00044429183,0
LA_D_3186042,0,0.00015368294,0
LA_D_3186776,0,0.00016710181,0
LA_D_3193424,0,5.3296513e-05,0
LA_D_3197569,0,0.00034017238,0
LA_D_3207501,0,0.0009771349,0
LA_D_3229118,0,0.0043889997,0
LA_D_3230806,0,0.002588766,0
LA_D_3232533,0,0.00043231796,0
LA_D_3243854,0,0.0011488792,0
LA_D_3256090,0,1.9783442e-05,0
LA_D_3310507,0,8.586757e-05,0
LA_D_3325797,0,0.000106942614,0
LA_D_3341814,0,0.0005460178,0
LA_D_3401398,0,0.00023341032,0
LA_D_3440449,0,0.0010945976,0
LA_D_3461793,0,7.029877e-05,0
LA_D_3482541,0,0.00020731756,0
LA_D_3498197,0,5.9686834e-05,0
LA_D_3517587,0,0.0061408677,0
LA_D_3529126,0,0.001383757,0
LA_D_3586862,0,0.00012920656,0
LA_D_3608535,0,0.00040471717,0
LA_D_3679086,0,0.00035224343,0
LA_D_3683215,0,0.0057603223,0
LA_D_3703420,0,6.8518326e-05,0
LA_D_3725938,0,0.00026451462,0
LA_D_3733302,0,0.00034427588,0
LA_D_3741233,0,0.00019537417,0
LA_D_3766019,0,0.000462979,0
LA_D_3767648,0,0.00021234527,0
LA_D_3769543,0,0.0008925531,0
LA_D_3773558,0,0.0005789365,0
LA_D_3776249,0,0.00021051259,0
LA_D_3783864,0,0.006089736,0
LA_D_3791494,0,0.0008566811,0
LA_D_3805827,0,0.00017914099,0
LA_D_3806582,0,0.008511661,0
LA_D_3840866,0,0.00030787278,0
LA_D_3882685,0,0.00013200282,0
LA_D_3909128,0,0.000112925874,0
LA_D_3942605,0,0.0009983587,0
LA_D_3966698,0,0.00016940074,0
LA_D_4005820,0,0.00084942975,0
LA_D_4020807,0,0.002291111,0
LA_D_4029187,0,7.24132e-05,0
LA_D_4105672,0,0.00023623084,0
LA_D_4107279,0,0.00041249738,0
LA_D_4128802,0,0.089701265,0
LA_D_4143635,0,0.00025227715,0
LA_D_4185259,0,0.052321244,0
LA_D_4216273,0,0.00345493,0
LA_D_4225333,0,0.0009207456,0
LA_D_4333191,0,0.0017074902,0
LA_D_4342949,0,0.0018244219,0
LA_D_4372021,0,0.0002795881,0
LA_D_4447831,0,0.00013746273,0
LA_D_4455937,0,8.038059e-05,0
LA_D_4460163,0,0.0015038528,0
LA_D_4472082,0,2.8039327e-05,0
LA_D_4472967,0,0.00020661071,0
LA_D_4487386,0,0.00065729965,0
LA_D_4487653,0,0.0070131468,0
LA_D_4496115,0,0.00013392055,0
LA_D_4519635,0,0.0016405439,0
LA_D_4524225,0,0.00026494067,0
LA_D_4529395,0,0.00039124486,0
LA_D_4552584,0,0.00041524653,0
LA_D_4585046,0,0.000371531,0
LA_D_4624019,0,0.00022134441,0
LA_D_4688262,0,0.0005780311,0
LA_D_4699301,0,0.0258752,0
LA_D_4704078,0,0.003731818,0
LA_D_4727143,0,0.00021812701,0
LA_D_4746243,0,3.4700308e-05,0
LA_D_4767464,0,0.0037049674,0
LA_D_4790022,0,0.0013815396,0
LA_D_4799307,0,0.00043651555,0
LA_D_4814981,0,0.0004623505,0
LA_D_4825873,0,0.00022942334,0
LA_D_4831370,0,0.0020772032,0
LA_D_4833484,0,0.000111742025,0
LA_D_4846158,0,0.00031725157,0
LA_D_4888486,0,0.0007709225,0
LA_D_4904641,0,0.015360799,0
LA_D_4931293,0,0.0037543955,0
LA_D_4934401,0,0.0007586205,0
LA_D_4946335,0,0.00030331878,0
LA_D_4954842,0,9.226369e-05,0
LA_D_4966242,0,0.0016868076,0
LA_D_4974659,0,0.0005999909,0
LA_D_4990575,0,0.00026701804,0
LA_D_5008157,0,0.00018780924,0
LA_D_5035533,0,0.00018704399,0
LA_D_5054541,0,0.0011320168,0
LA_D_5096284,0,0.00043785208,0
LA_D_5127607,0,0.00029917932,0
LA_D_5138851,0,0.044790003,0
LA_D_5151081,0,0.009601591,0
LA_D_5182772,0,0.00051689905,0
LA_D_5202763,0,0.00015857344,0
LA_D_5232139,0,0.00025432705,0
LA_D_5246193,0,0.009416644,0
LA_D_5293338,0,0.0012572891,0
LA_D_5299709,0,0.00039549053,0
LA_D_5300130,0,0.0002831063,0
LA_D_5308230,0,0.00020856349,0
LA_D_5357142,0,0.000870476,0
LA_D_5392292,0,0.10213431,0
LA_D_5394501,0,0.00019276325,0
LA_D_5396397,0,0.0003113167,0
LA_D_5421212,0,0.0001669779,0
LA_D_5452800,0,0.0015985159,0
LA_D_5465758,0,0.5080271,1
LA_D_5482180,0,0.00013355022,0
LA_D_5571629,0,0.00027542876,0
LA_D_5584734,0,0.00072212,0
LA_D_5586056,0,0.0014690855,0
LA_D_5627497,0,0.00046918914,0
LA_D_5654375,0,0.00046654712,0
LA_D_5689198,0,0.0014616791,0
LA_D_5730320,0,6.6790653e-06,0
LA_D_5732035,0,0.00020244326,0
LA_D_5737966,0,0.078371935,0
LA_D_5742424,0,0.0002690879,0
LA_D_5755628,0,0.0008471794,0
LA_D_5824879,0,0.00031089643,0
LA_D_5826732,0,0.00015079629,0
LA_D_5828981,0,5.236995e-05,0
LA_D_5861749,0,0.0020201143,0
LA_D_5873832,0,0.008877914,0
LA_D_5932720,0,0.00031046485,0
LA_D_5940165,0,0.0110568255,0
LA_D_5945248,0,0.00017295488,0
LA_D_5981243,0,0.00035592672,0
LA_D_5985415,0,0.0064361296,0
LA_D_6001078,0,0.00031675323,0
LA_D_6033416,0,0.00029385797,0
LA_D_6084356,0,0.0004960551,0
LA_D_6097312,0,9.440894e-05,0
LA_D_6105514,0,0.0001170848,0
LA_D_6135335,0,0.00026305893,0
LA_D_6159317,0,0.06386441,0
LA_D_6165860,0,0.0007251867,0
LA_D_6185691,0,0.00033044998,0
LA_D_6193524,0,0.00012623036,0
LA_D_6203837,0,0.00012036042,0
LA_D_6210440,0,0.0010549452,0
LA_D_6211991,0,0.0022351374,0
LA_D_6259884,0,0.00053390727,0
LA_D_6267621,0,0.015646968,0
LA_D_6305298,0,0.00047381117,0
LA_D_6305743,0,0.001798666,0
LA_D_6320458,0,0.006715205,0
LA_D_6321182,0,0.00013423941,0
LA_D_6323705,0,0.00052015716,0
LA_D_6345029,0,0.00010927461,0
LA_D_6368988,0,0.0010641809,0
LA_D_6371872,0,7.3509495e-05,0
LA_D_6390103,0,0.00029302592,0
LA_D_6401176,0,0.00012506697,0
LA_D_6425717,0,0.00011613785,0
LA_D_6458120,0,0.00015859205,0
LA_D_6502358,0,0.0023780977,0
LA_D_6526168,0,0.000104872466,0
LA_D_6532619,0,0.0001912124,0
LA_D_6547828,0,0.00046939135,0
LA_D_6550208,0,0.0013078987,0
LA_D_6594807,0,0.0043696514,0
LA_D_6640572,0,5.854206e-05,0
LA_D_6742796,0,0.0044776313,0
LA_D_6779692,0,4.743321e-05,0
LA_D_6806988,0,8.201359e-05,0
LA_D_6826884,0,0.00010624796,0
LA_D_6840556,0,0.00018079986,0
LA_D_6840971,0,0.00020548402,0
LA_D_6845080,0,0.0004036362,0
LA_D_6852869,0,0.065381154,0
LA_D_6865911,0,0.00018166892,0
LA_D_6879359,0,0.00033406098,0
LA_D_6919214,0,0.00042051548,0
LA_D_6931896,0,0.00046939627,0
LA_D_6938657,0,0.008202777,0
LA_D_6947992,0,0.00017879698,0
LA_D_6957283,0,0.001134524,0
LA_D_6970983,0,0.0011989566,0
LA_D_6973797,0,0.00019157665,0
LA_D_7053102,0,0.00026654598,0
LA_D_7124239,0,0.0017086505,0
LA_D_7139969,0,0.00014051535,0
LA_D_7143938,0,0.00027749417,0
LA_D_7175704,0,0.00035668776,0
LA_D_7215783,0,0.00023524101,0
LA_D_7254378,0,3.2899676e-05,0
LA_D_7278858,0,0.00029538517,0
LA_D_7290285,0,0.00081216736,0
LA_D_7297385,0,9.992603e-05,0
LA_D_7307702,0,0.0039303075,0
LA_D_7308358,0,0.000118395685,0
LA_D_7368863,0,0.0007146165,0
LA_D_7401894,0,0.0026719728,0
LA_D_7453123,0,0.0001514394,0
LA_D_7466640,0,0.00020073737,0
LA_D_7482285,0,0.0001473577,0
LA_D_7484463,0,6.1418286e-05,0
LA_D_7508544,0,0.016609821,0
LA_D_7540473,0,9.520388e-05,0
LA_D_7560065,0,0.000121005076,0
LA_D_7563714,0,0.0009771166,0
LA_D_7568059,0,0.00051832024,0
LA_D_7596547,0,0.002136275,0
LA_D_7598446,0,9.004146e-05,0
LA_D_7635520,0,0.00028696022,0
LA_D_7641447,0,0.00014574287,0
LA_D_7748664,0,0.00042854695,0
LA_D_7750829,0,0.006689476,0
LA_D_7754957,0,0.004871195,0
LA_D_7757055,0,0.00033244005,0
LA_D_7760363,0,0.0045125466,0
LA_D_7760924,0,0.0012733119,0
LA_D_7823985,0,0.0018673872,0
LA_D_7878150,0,9.984306e-05,0
LA_D_7901390,0,0.00011641372,0
LA_D_7927430,0,0.00046356718,0
LA_D_7937903,0,0.030619705,0
LA_D_7940727,0,0.00092177035,0
LA_D_7955580,0,0.00031051252,0
LA_D_8006078,0,6.9809765e-05,0
LA_D_8063853,0,7.724246e-05,0
LA_D_8118910,0,0.00017478984,0
LA_D_8133720,0,0.0058940044,0
LA_D_8138691,0,0.0051907497,0
LA_D_8193062,0,0.000111648515,0
LA_D_8200105,0,0.0013928057,0
LA_D_8205767,0,9.5983996e-05,0
LA_D_8222053,0,0.0026234277,0
LA_D_8265007,0,0.0029320118,0
LA_D_8266174,0,0.0002030427,0
LA_D_8317813,0,0.0004950235,0
LA_D_8322502,0,9.201188e-05,0
LA_D_8339674,0,0.0007153923,0
LA_D_8362045,0,0.00014861753,0
LA_D_8377841,0,0.028884627,0
LA_D_8395121,0,0.0001383357,0
LA_D_8400994,0,8.004288e-05,0
LA_D_8467991,0,0.00023642395,0
LA_D_8473774,0,0.00010578263,0
LA_D_8523307,0,8.457295e-05,0
LA_D_8555156,0,0.00029968494,0
LA_D_8555387,0,0.00021934186,0
LA_D_8590984,0,0.0022924773,0
LA_D_8641916,0,0.0010017258,0
LA_D_8693010,0,0.00016490703,0
LA_D_8718669,0,0.00087305653,0
LA_D_8737458,0,0.00042854634,0
LA_D_8759603,0,9.3624214e-05,0
LA_D_8808929,0,0.00019568608,0
LA_D_8829199,0,0.00015803926,0
LA_D_8832719,0,0.0020859325,0
LA_D_8879962,0,0.00020508314,0
LA_D_8881042,0,0.0032155076,0
LA_D_8956992,0,0.00039297593,0
LA_D_8967078,0,0.2833391,0
LA_D_9032192,0,0.00024745642,0
LA_D_9092108,0,0.0003160986,0
LA_D_9095485,0,0.00090276526,0
LA_D_9151418,0,0.00034853068,0
LA_D_9162612,0,0.0003303328,0
LA_D_9165189,0,0.00036513878,0
LA_D_9175790,0,0.000120726625,0
LA_D_9176089,0,0.0022032661,0
LA_D_9178466,0,2.582979e-05,0
LA_D_9208964,0,0.0037645074,0
LA_D_9255229,0,5.898729e-05,0
LA_D_9265361,0,0.00092294806,0
LA_D_9273017,0,0.0026636145,0
LA_D_9291135,0,0.0008325363,0
LA_D_9299077,0,0.00042964853,0
LA_D_9303374,0,0.00048628275,0
LA_D_9386777,0,0.0003396787,0
LA_D_9435140,0,0.0010759236,0
LA_D_9437643,0,0.0013638033,0
LA_D_9438939,0,0.00078918925,0
LA_D_9458312,0,8.521841e-05,0
LA_D_9491341,0,0.000108967644,0
LA_D_9493111,0,0.0011587403,0
LA_D_9517810,0,0.002417395,0
LA_D_9552252,0,0.0017032064,0
LA_D_9556143,0,8.9642745e-05,0
LA_D_9573200,0,0.00019275885,0
LA_D_9583786,0,0.0004766917,0
LA_D_9628041,0,0.00097115873,0
LA_D_9643639,0,0.0012539726,0
LA_D_9694196,0,9.53128e-05,0
LA_D_9735621,0,0.00120385,0
LA_D_9754615,0,0.00017932695,0
LA_D_9809504,0,0.0017772712,0
LA_D_9826800,0,0.0031290997,0
LA_D_9827463,0,0.0004909194,0
LA_D_9829234,0,0.0014992973,0
LA_D_9834151,0,0.00010949491,0
LA_D_9841709,0,0.00014580722,0
LA_D_9843659,0,0.00014593992,0
LA_D_9845352,0,0.0005006815,0
LA_D_9887992,0,0.043882266,0
LA_D_9892838,0,0.00012596403,0
LA_D_9915418,0,0.0012736401,0
LA_D_9928370,0,0.16327354,0
LA_D_9947625,0,0.00012894145,0
LA_D_9951429,0,7.108411e-05,0
LA_D_9968504,0,0.011352318,0
LA_D_9982181,0,0.00018123188,0
LA_D_1015995,0,0.00014677223,0
LA_D_1025623,0,0.00010717374,0
LA_D_1041139,0,0.00019918769,0
LA_D_1066994,0,0.00017423705,0
LA_D_1083152,0,0.00012236719,0
LA_D_1141689,0,2.3796065e-05,0
LA_D_1187570,0,0.0001306894,0
LA_D_1222113,0,0.0004021199,0
LA_D_1225103,0,0.00010788978,0
LA_D_1227503,0,0.00022200766,0
LA_D_1236220,0,0.00010923909,0
LA_D_1237599,0,5.3621206e-05,0
LA_D_1256292,0,0.000110093984,0
LA_D_1270346,0,0.00018703651,0
LA_D_1270417,0,0.00053591694,0
LA_D_1280798,0,6.55566e-05,0
LA_D_1291887,0,0.0005052321,0
LA_D_1315381,0,0.0011637732,0
LA_D_1339032,0,0.0005065951,0
LA_D_1439434,0,0.00015609975,0
LA_D_1448603,0,3.0096353e-05,0
LA_D_1477965,0,6.7923196e-05,0
LA_D_1479340,0,0.0006592118,0
LA_D_1481342,0,9.355604e-05,0
LA_D_1524492,0,0.00012875839,0
LA_D_1530598,0,0.0001404098,0
LA_D_1535691,0,0.0025525691,0
LA_D_1571034,0,0.00014236233,0
LA_D_1589086,0,8.633006e-05,0
LA_D_1683514,0,3.312376e-05,0
LA_D_1712490,0,6.6724606e-05,0
LA_D_1733932,0,5.9359827e-05,0
LA_D_1771062,0,0.0005021881,0
LA_D_1804548,0,0.001344078,0
LA_D_1827759,0,0.0008159497,0
LA_D_1834417,0,0.00015283565,0
LA_D_1851125,0,0.00020391968,0
LA_D_1853465,0,0.00018584775,0
LA_D_1920181,0,5.8090332e-05,0
LA_D_1923158,0,0.00066217314,0
LA_D_1984046,0,0.00049985753,0
LA_D_1987281,0,0.00014807959,0
LA_D_2001766,0,0.00010073302,0
LA_D_2028101,0,0.00037598357,0
LA_D_2058414,0,0.000120608805,0
LA_D_2062199,0,0.0031414619,0
LA_D_2065118,0,0.00061458035,0
LA_D_2085717,0,0.00015697129,0
LA_D_2092113,0,0.00032056618,0
LA_D_2119647,0,0.00014781549,0
LA_D_2146561,0,0.0008744135,0
LA_D_2155785,0,0.0009274093,0
LA_D_2156294,0,7.870793e-05,0
LA_D_2165573,0,8.548114e-05,0
LA_D_2174474,0,9.112308e-05,0
LA_D_2189477,0,7.9850994e-05,0
LA_D_2199197,0,4.6569698e-05,0
LA_D_2221985,0,0.0032049778,0
LA_D_2240941,0,0.00013937468,0
LA_D_2248830,0,0.0002481596,0
LA_D_2258297,0,0.0050196205,0
LA_D_2262952,0,0.00010076578,0
LA_D_2276174,0,0.00012215339,0
LA_D_2290215,0,0.0004185275,0
LA_D_2323323,0,0.0011359033,0
LA_D_2334671,0,0.012075377,0
LA_D_2357913,0,8.548407e-05,0
LA_D_2363887,0,0.00011607132,0
LA_D_2379173,0,0.0028888267,0
LA_D_2423635,0,8.879843e-05,0
LA_D_2460718,0,0.0002807779,0
LA_D_2468069,0,6.707401e-05,0
LA_D_2477292,0,0.00013527638,0
LA_D_2488744,0,7.6660624e-05,0
LA_D_2523101,0,0.00061022054,0
LA_D_2541020,0,0.00048710225,0
LA_D_2541924,0,0.00044575095,0
LA_D_2555710,0,3.7174264e-05,0
LA_D_2582795,0,1.02944505e-05,0
LA_D_2611575,0,7.236908e-05,0
LA_D_2626790,0,0.00056524604,0
LA_D_2630658,0,0.00073067565,0
LA_D_2636307,0,0.0006847496,0
LA_D_2640062,0,0.00023354073,0
LA_D_2652849,0,0.00040512267,0
LA_D_2678908,0,8.913931e-05,0
LA_D_2684315,0,0.00022763968,0
LA_D_2695337,0,0.00083342526,0
LA_D_2701625,0,6.6156914e-05,0
LA_D_2713544,0,0.0005413905,0
LA_D_2715910,0,0.00015713945,0
LA_D_2720839,0,0.045068983,0
LA_D_2739363,0,0.0017288413,0
LA_D_2756089,0,0.0002321209,0
LA_D_2780356,0,0.00069800776,0
LA_D_2872987,0,0.0010507371,0
LA_D_2901382,0,9.5056384e-05,0
LA_D_2905167,0,0.00010380579,0
LA_D_2926242,0,0.00013666914,0
LA_D_2943083,0,0.00027857517,0
LA_D_2952547,0,0.0002529995,0
LA_D_2991323,0,0.00021134922,0
LA_D_3035838,0,0.00012598552,0
LA_D_3056980,0,0.04670782,0
LA_D_3164600,0,0.00034462952,0
LA_D_3167097,0,0.00028698565,0
LA_D_3175070,0,0.00031589405,0
LA_D_3188700,0,0.00053340703,0
LA_D_3238483,0,0.00011384968,0
LA_D_3245212,0,6.421187e-05,0
LA_D_3258575,0,0.0002096129,0
LA_D_3259757,0,0.0035257915,0
LA_D_3270078,0,0.00015649425,0
LA_D_3286719,0,0.00018864377,0
LA_D_3294926,0,0.00010377838,0
LA_D_3298138,0,0.0001679372,0
LA_D_3337137,0,0.00013552635,0
LA_D_3354072,0,8.041171e-05,0
LA_D_3376284,0,0.00020357987,0
LA_D_3381710,0,0.000599944,0
LA_D_3389487,0,7.773681e-05,0
LA_D_3399382,0,7.504311e-05,0
LA_D_3421665,0,0.00020956394,0
LA_D_3451731,0,0.002442456,0
LA_D_3453999,0,0.0051551606,0
LA_D_3462084,0,0.00011291747,0
LA_D_3471536,0,9.990039e-05,0
LA_D_3509760,0,0.00012733108,0
LA_D_3513451,0,0.00022839863,0
LA_D_3526960,0,0.00029093816,0
LA_D_3555608,0,0.00084225216,0
LA_D_3571417,0,0.0024415639,0
LA_D_3583295,0,0.00019181463,0
LA_D_3636635,0,2.9557232e-05,0
LA_D_3685242,0,0.00033852228,0
LA_D_3720534,0,0.0008969317,0
LA_D_3722091,0,0.0001373671,0
LA_D_3776262,0,0.00031442536,0
LA_D_3789337,0,4.4698205e-05,0
LA_D_3804888,0,0.00015783112,0
LA_D_3813299,0,0.00011860563,0
LA_D_3857047,0,0.0006039036,0
LA_D_3868260,0,0.00023599312,0
LA_D_3891253,0,0.00016409578,0
LA_D_3909261,0,0.00035583752,0
LA_D_3921577,0,0.00015272202,0
LA_D_3945733,0,0.00029959407,0
LA_D_3957900,0,0.0006612603,0
LA_D_3983564,0,0.00018911528,0
LA_D_4012901,0,0.00026697834,0
LA_D_4020557,0,0.00228748,0
LA_D_4043310,0,6.154e-05,0
LA_D_4054212,0,0.00016174863,0
LA_D_4075904,0,0.0005580144,0
LA_D_4077124,0,2.039605e-05,0
LA_D_4083104,0,0.00015340067,0
LA_D_4164462,0,4.5823865e-05,0
LA_D_4211607,0,0.00012267423,0
LA_D_4288295,0,3.553683e-05,0
LA_D_4326285,0,0.0011063041,0
LA_D_4349901,0,1.5329908e-05,0
LA_D_4374092,0,0.015535331,0
LA_D_4384865,0,0.004998154,0
LA_D_4448415,0,0.00020519698,0
LA_D_4450385,0,0.00081141497,0
LA_D_4471866,0,0.00020037481,0
LA_D_4491035,0,0.00018713158,0
LA_D_4492917,0,0.00010434349,0
LA_D_4518306,0,0.00016334956,0
LA_D_4568137,0,0.000508878,0
LA_D_4568479,0,4.083476e-05,0
LA_D_4638852,0,0.020042669,0
LA_D_4644231,0,0.00014616748,0
LA_D_4657828,0,0.010672521,0
LA_D_4669566,0,0.007951731,0
LA_D_4673983,0,0.00026980691,0
LA_D_4687925,0,0.0077389977,0
LA_D_4698873,0,0.009554309,0
LA_D_4737548,0,0.00012292787,0
LA_D_4743198,0,0.000885264,0
LA_D_4756592,0,0.00027372455,0
LA_D_4763639,0,0.0014592473,0
LA_D_4769876,0,0.0009027988,0
LA_D_4811715,0,0.04494123,0
LA_D_4839100,0,0.00090810674,0
LA_D_4846581,0,0.00014924082,0
LA_D_4857618,0,0.00028007716,0
LA_D_4894666,0,3.6102487e-05,0
LA_D_4899911,0,0.00020622063,0
LA_D_4907586,0,8.1129634e-05,0
LA_D_4910423,0,0.00022056198,0
LA_D_4912447,0,0.006936132,0
LA_D_4943344,0,1.5567959e-05,0
LA_D_5125866,0,0.0003346408,0
LA_D_5125915,0,1.924777e-05,0
LA_D_5135845,0,0.0002137685,0
LA_D_5150969,0,0.000112797155,0
LA_D_5157831,0,0.00081726286,0
LA_D_5183182,0,0.0006951257,0
LA_D_5184938,0,3.120087e-05,0
LA_D_5185211,0,0.00025732027,0
LA_D_5185636,0,0.00018686004,0
LA_D_5373686,0,0.00017839474,0
LA_D_5383356,0,0.0025358468,0
LA_D_5407666,0,4.55298e-05,0
LA_D_5417349,0,8.171437e-05,0
LA_D_5424569,0,0.00047284653,0
LA_D_5429318,0,0.0008429827,0
LA_D_5478942,0,0.0003164152,0
LA_D_5491435,0,0.002046476,0
LA_D_5550937,0,0.00015783413,0
LA_D_5552513,0,0.00012680521,0
LA_D_5553801,0,6.309464e-05,0
LA_D_5582646,0,0.0023480877,0
LA_D_5599192,0,9.189902e-05,0
LA_D_5602862,0,0.013912986,0
LA_D_5632375,0,0.00015008678,0
LA_D_5644302,0,0.000508219,0
LA_D_5654919,0,0.00063169544,0
LA_D_5660762,0,0.21956423,0
LA_D_5685501,0,0.00034604303,0
LA_D_5697877,0,4.4875924e-05,0
LA_D_5706460,0,0.00024126936,0
LA_D_5724074,0,5.4637763e-05,0
LA_D_5724578,0,0.00056273997,0
LA_D_5740428,0,0.001497349,0
LA_D_5756708,0,0.002279106,0
LA_D_5773268,0,5.1326813e-05,0
LA_D_5819674,0,2.573459e-05,0
LA_D_5869004,0,0.00012515156,0
LA_D_5875644,0,0.0007544621,0
LA_D_5918359,0,0.0004419334,0
LA_D_5947954,0,0.0015892076,0
LA_D_5950186,0,0.0001824113,0
LA_D_5953245,0,0.00022033582,0
LA_D_5977899,0,0.00014237293,0
LA_D_5986355,0,8.368559e-05,0
LA_D_6038555,0,0.005219623,0
LA_D_6045918,0,0.00018958631,0
LA_D_6049599,0,0.00023487055,0
LA_D_6052877,0,0.00047909556,0
LA_D_6068979,0,0.00012948061,0
LA_D_6097940,0,0.00036813802,0
LA_D_6102211,0,0.0001349718,0
LA_D_6115491,0,0.0039194953,0
LA_D_6205878,0,0.004657654,0
LA_D_6229436,0,0.00020632055,0
LA_D_6239095,0,6.25811e-05,0
LA_D_6276053,0,2.44186e-05,0
LA_D_6358331,0,0.00023237467,0
LA_D_6395285,0,0.0007324943,0
LA_D_6417123,0,6.104988e-05,0
LA_D_6418703,0,0.0012331306,0
LA_D_6451019,0,0.14749482,0
LA_D_6513075,0,0.001008321,0
LA_D_6522721,0,0.0008362293,0
LA_D_6530557,0,0.000417575,0
LA_D_6564234,0,0.009066512,0
LA_D_6606510,0,0.000136672,0
LA_D_6618107,0,0.00024461988,0
LA_D_6622995,0,3.3887518e-05,0
LA_D_6642731,0,0.0003124311,0
LA_D_6644436,0,0.0005327351,0
LA_D_6689794,0,0.0005655837,0
LA_D_6707130,0,0.00032852724,0
LA_D_6878658,0,0.00015819061,0
LA_D_6896770,0,4.421149e-05,0
LA_D_6906000,0,0.000101179816,0
LA_D_6906145,0,0.0008813131,0
LA_D_6907717,0,0.00037528115,0
LA_D_6919695,0,0.00015521352,0
LA_D_6921894,0,0.00022666398,0
LA_D_6983042,0,9.45502e-05,0
LA_D_6993529,0,0.0004348085,0
LA_D_6994743,0,0.0002994453,0
LA_D_7031980,0,0.00037360465,0
LA_D_7037996,0,3.0635016e-05,0
LA_D_7074811,0,0.00025551018,0
LA_D_7079132,0,0.0003327311,0
LA_D_7088960,0,0.00010666854,0
LA_D_7122033,0,0.00015045604,0
LA_D_7129140,0,0.00031967898,0
LA_D_7134776,0,3.736491e-05,0
LA_D_7155652,0,0.00035771413,0
LA_D_7178750,0,0.0002777022,0
LA_D_7186071,0,0.000649208,0
LA_D_7193593,0,9.8028526e-05,0
LA_D_7237966,0,0.00037982463,0
LA_D_7256380,0,0.00014083137,0
LA_D_7295279,0,0.00017822339,0
LA_D_7297734,0,5.944412e-05,0
LA_D_7343925,0,1.8730372e-05,0
LA_D_7391671,0,0.00030087898,0
LA_D_7417508,0,0.0018792778,0
LA_D_7418649,0,0.00017911983,0
LA_D_7467500,0,3.9189545e-05,0
LA_D_7488110,0,0.00018306766,0
LA_D_7500010,0,0.0006310955,0
LA_D_7500339,0,0.0031463606,0
LA_D_7511798,0,0.006565932,0
LA_D_7520730,0,0.0009673993,0
LA_D_7570804,0,0.00011383252,0
LA_D_7602591,0,0.00014470388,0
LA_D_7657866,0,0.0002734402,0
LA_D_7684671,0,0.0043690354,0
LA_D_7691905,0,0.00015416891,0
LA_D_7694898,0,0.0009631256,0
LA_D_7695245,0,0.00020926824,0
LA_D_7696325,0,8.466979e-05,0
LA_D_7697979,0,0.00039113188,0
LA_D_7698904,0,1.1008919e-05,0
LA_D_7714709,0,0.0006145402,0
LA_D_7735407,0,0.00011816301,0
LA_D_7741103,0,2.9486793e-05,0
LA_D_7756924,0,0.00044996373,0
LA_D_7775202,0,4.1101717e-05,0
LA_D_7859058,0,0.00016621429,0
LA_D_7861316,0,9.234211e-05,0
LA_D_7869040,0,3.3217995e-05,0
LA_D_7874416,0,0.00026371333,0
LA_D_7885495,0,9.0228925e-05,0
LA_D_7893523,0,0.0010901853,0
LA_D_7913083,0,5.323967e-05,0
LA_D_7916461,0,3.9458162e-05,0
LA_D_7951172,0,0.0004206646,0
LA_D_7976262,0,3.085709e-05,0
LA_D_8054775,0,0.00013587624,0
LA_D_8062490,0,8.950872e-05,0
LA_D_8085552,0,0.00011884587,0
LA_D_8113811,0,0.00019030624,0
LA_D_8115950,0,0.0074382448,0
LA_D_8122305,0,0.00010355684,0
LA_D_8151925,0,5.228771e-05,0
LA_D_8177955,0,3.8897524e-05,0
LA_D_8182521,0,0.00031431776,0
LA_D_8226216,0,7.540566e-05,0
LA_D_8241089,0,2.954368e-05,0
LA_D_8247445,0,0.0039642598,0
LA_D_8252463,0,2.7609341e-05,0
LA_D_8321086,0,6.713391e-05,0
LA_D_8337491,0,0.0002781052,0
LA_D_8369078,0,0.00026367663,0
LA_D_8392069,0,8.154288e-05,0
LA_D_8424077,0,4.216973e-05,0
LA_D_8425122,0,3.23203e-05,0
LA_D_8488579,0,0.00024090895,0
LA_D_8536703,0,0.00087865756,0
LA_D_8580767,0,0.001038002,0
LA_D_8585377,0,0.00016883457,0
LA_D_8599073,0,0.00010574925,0
LA_D_8621180,0,1.5119514e-05,0
LA_D_8647244,0,6.663216e-05,0
LA_D_8648380,0,0.0002867187,0
LA_D_8688194,0,4.0803e-05,0
LA_D_8752297,0,8.8381086e-05,0
LA_D_8756258,0,0.00012227167,0
LA_D_8767891,0,5.176819e-05,0
LA_D_8773807,0,3.6023426e-05,0
LA_D_8841902,0,8.675167e-05,0
LA_D_8872215,0,0.00010647678,0
LA_D_8880907,0,0.0014709654,0
LA_D_8909743,0,0.0015330726,0
LA_D_8933929,0,9.6665235e-06,0
LA_D_8941450,0,0.00017074282,0
LA_D_8953865,0,0.00024475917,0
LA_D_8972643,0,0.0016592297,0
LA_D_8976301,0,0.0055817384,0
LA_D_9015599,0,0.00012303398,0
LA_D_9048728,0,0.0003213685,0
LA_D_9063449,0,0.00051853445,0
LA_D_9073257,0,7.970987e-05,0
LA_D_9094987,0,7.069938e-05,0
LA_D_9165968,0,1.4153479e-05,0
LA_D_9178120,0,0.0002922194,0
LA_D_9204853,0,0.0003764218,0
LA_D_9221421,0,0.00079524255,0
LA_D_9224553,0,7.209529e-05,0
LA_D_9256084,0,0.0020210661,0
LA_D_9265055,0,0.00016451659,0
LA_D_9270193,0,0.0026020082,0
LA_D_9288062,0,0.0017477359,0
LA_D_9306263,0,1.1168757e-05,0
LA_D_9308998,0,0.0005333956,0
LA_D_9345040,0,0.0003586402,0
LA_D_9351534,0,0.001552459,0
LA_D_9360638,0,0.00010668909,0
LA_D_9455176,0,0.00014637405,0
LA_D_9465852,0,0.00019242206,0
LA_D_9493396,0,0.0023363982,0
LA_D_9501828,0,0.0013256965,0
LA_D_9505222,0,0.00026792666,0
LA_D_9516346,0,0.0008372284,0
LA_D_9531069,0,9.859279e-05,0
LA_D_9561723,0,6.6264314e-05,0
LA_D_9562925,0,1.50568785e-05,0
LA_D_9584720,0,0.00023755396,0
LA_D_9603877,0,0.0007047941,0
LA_D_9624479,0,5.799203e-05,0
LA_D_9629615,0,0.0002891308,0
LA_D_9643315,0,0.00014589734,0
LA_D_9674554,0,0.00063818495,0
LA_D_9698557,0,0.00015050008,0
LA_D_9700502,0,0.0007218014,0
LA_D_9724716,0,9.176811e-06,0
LA_D_9738955,0,0.00065290555,0
LA_D_9773491,0,5.6441877e-05,0
LA_D_9825433,0,0.00033573413,0
LA_D_9845428,0,7.269112e-05,0
LA_D_9882045,0,5.9865542e-05,0
LA_D_9883728,0,0.0054791863,0
LA_D_9925097,0,0.00011113325,0
LA_D_9934925,0,0.00014359165,0
LA_D_9962471,0,0.00035038282,0
LA_D_9964695,0,0.00047001865,0
LA_D_1000752,0,0.02923064,0
LA_D_1011897,0,0.00085943437,0
LA_D_1031999,0,0.0005022034,0
LA_D_1046296,0,0.00021761349,0
LA_D_1054756,0,0.00017579804,0
LA_D_1081164,0,0.0008200001,0
LA_D_1123453,0,0.00038806186,0
LA_D_1171425,0,0.0012672455,0
LA_D_1179445,0,0.000107059954,0
LA_D_1244678,0,0.0012918949,0
LA_D_1271468,0,0.00016814838,0
LA_D_1279578,0,0.010629107,0
LA_D_1314423,0,0.042526774,0
LA_D_1369463,0,0.00041364838,0
LA_D_1417565,0,0.0047155796,0
LA_D_1454955,0,0.00049051293,0
LA_D_1472719,0,0.00038818637,0
LA_D_1495339,0,0.00022685317,0
LA_D_1518141,0,0.0043940116,0
LA_D_1527843,0,0.0010818647,0
LA_D_1531229,0,0.0011082017,0
LA_D_1540639,0,0.0005038845,0
LA_D_1590758,0,0.00010806358,0
LA_D_1600157,0,0.0001881159,0
LA_D_1607304,0,0.0002892116,0
LA_D_1629379,0,0.00022195537,0
LA_D_1674536,0,0.0029163808,0
LA_D_1685139,0,0.00020412277,0
LA_D_1723129,0,7.5503376e-05,0
LA_D_1728557,0,6.678253e-05,0
LA_D_1759608,0,0.000303752,0
LA_D_1798555,0,0.00011139222,0
LA_D_1812724,0,0.00022880861,0
LA_D_1828356,0,0.005575876,0
LA_D_1840120,0,0.0010254009,0
LA_D_1847944,0,0.00017237947,0
LA_D_1848349,0,0.00040944977,0
LA_D_1893786,0,0.00044460644,0
LA_D_1900218,0,0.0007306283,0
LA_D_1907731,0,0.00074850395,0
LA_D_1909708,0,0.00085147994,0
LA_D_1924724,0,0.007738423,0
LA_D_1929031,0,0.0002874443,0
LA_D_1969657,0,9.658142e-05,0
LA_D_1975824,0,0.0015894385,0
LA_D_1977942,0,0.00088989513,0
LA_D_2079731,0,0.00029520356,0
LA_D_2103518,0,0.004154689,0
LA_D_2120805,0,0.000714817,0
LA_D_2130196,0,0.00012799635,0
LA_D_2184798,0,0.00023972252,0
LA_D_2188353,0,0.00014621405,0
LA_D_2217221,0,0.002616231,0
LA_D_2225574,0,0.00028552936,0
LA_D_2293379,0,6.3515977e-06,0
LA_D_2295230,0,0.0014907469,0
LA_D_2357497,0,0.0009443491,0
LA_D_2369549,0,0.00044024416,0
LA_D_2414625,0,0.00025678746,0
LA_D_2427111,0,0.0024240827,0
LA_D_2432615,0,0.00031585278,0
LA_D_2433056,0,0.0009117568,0
LA_D_2499680,0,0.0053759986,0
LA_D_2504571,0,0.00032034772,0
LA_D_2541236,0,0.00028228585,0
LA_D_2628460,0,0.00067205593,0
LA_D_2628819,0,0.0006532945,0
LA_D_2636579,0,0.002485792,0
LA_D_2657707,0,0.00018749968,0
LA_D_2660514,0,0.008155519,0
LA_D_2722401,0,0.00021763031,0
LA_D_2810734,0,0.012627363,0
LA_D_2816308,0,0.0015778294,0
LA_D_2850456,0,0.00026365352,0
LA_D_2859709,0,0.00024573633,0
LA_D_2867530,0,0.14477728,0
LA_D_2882773,0,0.00019605794,0
LA_D_2885606,0,0.00036313367,0
LA_D_2921952,0,0.000765606,0
LA_D_2950326,0,0.0074850474,0
LA_D_2971299,0,0.0018281282,0
LA_D_2981561,0,0.00026343492,0
LA_D_2981790,0,0.0017804642,0
LA_D_3014327,0,0.0057512606,0
LA_D_3057414,0,0.00048392446,0
LA_D_3077475,0,0.00012672665,0
LA_D_3087310,0,0.0006015753,0
LA_D_3101861,0,0.00012436025,0
LA_D_3118362,0,0.00085859984,0
LA_D_3189890,0,5.177713e-05,0
LA_D_3230643,0,0.0005716739,0
LA_D_3269593,0,0.00021724946,0
LA_D_3312747,0,0.00023623041,0
LA_D_3377038,0,0.002956206,0
LA_D_3399798,0,0.0002704549,0
LA_D_3441226,0,0.08233806,0
LA_D_3496584,0,0.0002640384,0
LA_D_3547584,0,0.00012086646,0
LA_D_3569855,0,0.00017483148,0
LA_D_3588628,0,0.002595107,0
LA_D_3634368,0,0.010374294,0
LA_D_3642434,0,0.0009965051,0
LA_D_3662875,0,0.0006075068,0
LA_D_3721304,0,9.0790534e-05,0
LA_D_3736436,0,0.00044815088,0
LA_D_3742795,0,0.0039324737,0
LA_D_3743022,0,0.15955669,0
LA_D_3753747,0,0.00028189237,0
LA_D_3775667,0,0.00012290865,0
LA_D_3780562,0,0.00025846635,0
LA_D_3783520,0,0.0010173125,0
LA_D_3785236,0,0.00013108917,0
LA_D_3803714,0,0.000814466,0
LA_D_3991844,0,0.00077119475,0
LA_D_4015488,0,0.00023820081,0
LA_D_4039179,0,0.0020424586,0
LA_D_4073939,0,0.004288442,0
LA_D_4119404,0,0.0010593514,0
LA_D_4121278,0,0.00013638701,0
LA_D_4131978,0,0.00053183857,0
LA_D_4132005,0,0.00085508794,0
LA_D_4181484,0,0.0005126174,0
LA_D_4239546,0,0.0018806396,0
LA_D_4243835,0,7.1863e-05,0
LA_D_4396214,0,0.0002290343,0
LA_D_4397064,0,0.003341495,0
LA_D_4458062,0,0.0082743205,0
LA_D_4474720,0,0.006337892,0
LA_D_4491910,0,0.0075690737,0
LA_D_4509357,0,0.0009178949,0
LA_D_4538751,0,0.0013196655,0
LA_D_4562819,0,0.0003270987,0
LA_D_4580639,0,0.00032474005,0
LA_D_4599790,0,0.0021449213,0
LA_D_4694886,0,0.00021559,0
LA_D_4699456,0,0.0009989105,0
LA_D_4754875,0,0.0003304147,0
LA_D_4801414,0,0.008515477,0
LA_D_4835906,0,0.006029929,0
LA_D_4871506,0,0.0006114665,0
LA_D_4872589,0,0.00037480402,0
LA_D_4887466,0,0.0018878408,0
LA_D_4924355,0,0.00019623653,0
LA_D_4925465,0,0.0010529793,0
LA_D_4929440,0,0.000100845464,0
LA_D_4935985,0,0.0004054192,0
LA_D_4940984,0,0.0028636071,0
LA_D_4953037,0,0.00021625827,0
LA_D_4978565,0,9.130609e-05,0
LA_D_5012472,0,0.0015268001,0
LA_D_5042622,0,0.0014419903,0
LA_D_5148813,0,0.0003103086,0
LA_D_5194683,0,0.005157922,0
LA_D_5203690,0,0.0002626011,0
LA_D_5238810,0,0.00031601122,0
LA_D_5287056,0,0.00019932904,0
LA_D_5308866,0,0.0010914115,0
LA_D_5323426,0,0.0010714098,0
LA_D_5330909,0,0.018400382,0
LA_D_5380020,0,7.4426374e-05,0
LA_D_5442160,0,0.0010939989,0
LA_D_5450980,0,0.0007427531,0
LA_D_5474605,0,0.011728302,0
LA_D_5514689,0,0.00023582332,0
LA_D_5542976,0,0.000302745,0
LA_D_5561180,0,0.00039949312,0
LA_D_5579170,0,0.0002131902,0
LA_D_5626492,0,0.044554215,0
LA_D_5644446,0,0.00017658915,0
LA_D_5690727,0,0.0018644017,0
LA_D_5693207,0,0.00029618604,0
LA_D_5700704,0,0.0010490332,0
LA_D_5717327,0,0.009168717,0
LA_D_5755194,0,0.00044384354,0
LA_D_5767805,0,0.0008313075,0
LA_D_5788523,0,0.00056727784,0
LA_D_5806432,0,0.0025429255,0
LA_D_5859057,0,0.00021167897,0
LA_D_5863762,0,0.000414384,0
LA_D_5871402,0,0.00030216915,0
LA_D_5873604,0,0.0028680654,0
LA_D_5897761,0,5.316788e-05,0
LA_D_5918498,0,0.00057788676,0
LA_D_5932598,0,7.286205e-05,0
LA_D_5934154,0,0.00022843915,0
LA_D_5960511,0,0.0005329667,0
LA_D_5961603,0,0.002261238,0
LA_D_5974456,0,0.5596563,1
LA_D_5996371,0,0.0024462303,0
LA_D_6073207,0,0.00063365063,0
LA_D_6097564,0,0.00029402442,0
LA_D_6099244,0,0.00044391,0
LA_D_6198361,0,0.00036931876,0
LA_D_6246382,0,0.10100103,0
LA_D_6252373,0,0.0014452991,0
LA_D_6271997,0,0.008960203,0
LA_D_6346227,0,0.003187437,0
LA_D_6367384,0,0.001458584,0
LA_D_6373288,0,0.003345343,0
LA_D_6407830,0,0.00018770182,0
LA_D_6472939,0,0.0003674235,0
LA_D_6516575,0,0.29022384,0
LA_D_6516814,0,0.0008051819,0
LA_D_6520063,0,0.00048049344,0
LA_D_6568228,0,0.0002469551,0
LA_D_6575380,0,0.00060066057,0
LA_D_6612646,0,0.0010179799,0
LA_D_6626918,0,0.0009200444,0
LA_D_6694820,0,0.0005342003,0
LA_D_6717975,0,0.00041624124,0
LA_D_6738889,0,0.00027979026,0
LA_D_6766548,0,0.0020283482,0
LA_D_6830608,0,0.0707703,0
LA_D_6936838,0,9.7329015e-05,0
LA_D_6971712,0,0.0001586999,0
LA_D_6979806,0,0.00010753901,0
LA_D_7031958,0,0.0014959545,0
LA_D_7063977,0,0.00029920472,0
LA_D_7127082,0,0.00018481558,0
LA_D_7130895,0,0.02182405,0
LA_D_7133142,0,0.0003004576,0
LA_D_7219088,0,0.00027233604,0
LA_D_7246488,0,0.00080390973,0
LA_D_7284760,0,0.0014324617,0
LA_D_7330298,0,0.0029844404,0
LA_D_7342764,0,8.585005e-05,0
LA_D_7419811,0,0.0032432617,0
LA_D_7427303,0,0.027108537,0
LA_D_7429028,0,5.3956668e-05,0
LA_D_7438016,0,0.002379604,0
LA_D_7477006,0,0.00023122541,0
LA_D_7511640,0,0.00015687117,0
LA_D_7551987,0,0.0013465007,0
LA_D_7608750,0,0.00018623713,0
LA_D_7608776,0,0.00020074369,0
LA_D_7630499,0,0.00031447332,0
LA_D_7643950,0,0.00017639747,0
LA_D_7724545,0,0.00039009983,0
LA_D_7740262,0,0.00061308703,0
LA_D_7772989,0,0.0056349523,0
LA_D_7813614,0,0.0002780389,0
LA_D_7862876,0,0.000418051,0
LA_D_7866293,0,0.0014296467,0
LA_D_7922604,0,0.3118318,0
LA_D_7962163,0,0.0004951497,0
LA_D_7984251,0,0.21712235,0
LA_D_7986044,0,0.0003263213,0
LA_D_7992518,0,0.0003957468,0
LA_D_8063205,0,0.013879667,0
LA_D_8113228,0,0.0018506813,0
LA_D_8169185,0,0.00046959225,0
LA_D_8169310,0,0.0005742692,0
LA_D_8205041,0,0.00033154688,0
LA_D_8234296,0,0.003940738,0
LA_D_8249434,0,0.0010566043,0
LA_D_8270568,0,0.00013083617,0
LA_D_8285541,0,0.008124613,0
LA_D_8310930,0,0.010486033,0
LA_D_8322404,0,0.0019197016,0
LA_D_8338331,0,0.00015727978,0
LA_D_8381871,0,0.00011608649,0
LA_D_8400810,0,0.008280513,0
LA_D_8438420,0,0.00045375348,0
LA_D_8468186,0,0.0003836943,0
LA_D_8482937,0,0.00089251646,0
LA_D_8558362,0,0.13468513,0
LA_D_8572188,0,0.42130327,0
LA_D_8582702,0,0.00032760366,0
LA_D_8632409,0,0.0001276244,0
LA_D_8655539,0,0.00030750167,0
LA_D_8713797,0,0.010573008,0
LA_D_8735190,0,0.00024670048,0
LA_D_8758676,0,0.00021914222,0
LA_D_8770785,0,7.138143e-05,0
LA_D_8821382,0,0.0003463883,0
LA_D_8829502,0,0.00047809622,0
LA_D_8939040,0,0.018985158,0
LA_D_8957132,0,0.00035183667,0
LA_D_9012367,0,0.007380078,0
LA_D_9050106,0,0.00015724183,0
LA_D_9053096,0,0.0026352648,0
LA_D_9092413,0,0.0011768758,0
LA_D_9096116,0,0.5365907,1
LA_D_9161942,0,0.00041948492,0
LA_D_9178575,0,0.0003183244,0
LA_D_9180824,0,0.00039789776,0
LA_D_9287624,0,0.00059368607,0
LA_D_9314868,0,9.33679e-05,0
LA_D_9327657,0,0.0071645216,0
LA_D_9335121,0,0.00028563826,0
LA_D_9347638,0,0.00087350456,0
LA_D_9351516,0,0.00045026426,0
LA_D_9478492,0,0.00043009684,0
LA_D_9482946,0,0.00080076436,0
LA_D_9493572,0,0.00022342872,0
LA_D_9643882,0,3.318244e-05,0
LA_D_9693082,0,0.0005721127,0
LA_D_9709000,0,0.00019574339,0
LA_D_9716462,0,0.0018539001,0
LA_D_9717176,0,0.00014034395,0
LA_D_9728878,0,0.0021987183,0
LA_D_9793079,0,0.0001724796,0
LA_D_9883916,0,0.1245474,0
LA_D_9888091,0,0.00037689327,0
LA_D_9896820,0,0.00013724677,0
LA_D_9949656,0,0.0003049553,0
LA_D_9980947,0,0.00041019282,0
LA_D_9998252,0,0.00039477978,0
LA_D_1034187,0,0.0022145072,0
LA_D_1051251,0,0.00043470715,0
LA_D_1083207,0,0.0019500674,0
LA_D_1107420,0,0.00081212324,0
LA_D_1163800,0,0.000542775,0
LA_D_1207603,0,0.000109320885,0
LA_D_1215066,0,0.00022497875,0
LA_D_1249171,0,0.00053884136,0
LA_D_1266569,0,0.0004228268,0
LA_D_1276848,0,0.00028582898,0
LA_D_1295900,0,0.000110850546,0
LA_D_1298452,0,0.0013332182,0
LA_D_1325774,0,0.0013856548,0
LA_D_1339898,0,4.028525e-05,0
LA_D_1381098,0,0.0001880888,0
LA_D_1399230,0,0.0002929723,0
LA_D_1415071,0,0.0002450536,0
LA_D_1522979,0,0.0002861731,0
LA_D_1533885,0,0.14905193,0
LA_D_1533909,0,0.00055108784,0
LA_D_1553275,0,0.032789856,0
LA_D_1568415,0,0.0004457097,0
LA_D_1588199,0,0.00018183772,0
LA_D_1647258,0,0.00046160517,0
LA_D_1679200,0,0.00027028014,0
LA_D_1687320,0,0.00094072556,0
LA_D_1722394,0,0.03102379,0
LA_D_1753198,0,0.00038601868,0
LA_D_1757233,0,0.000104797204,0
LA_D_1819222,0,0.0010543253,0
LA_D_1853874,0,7.419833e-05,0
LA_D_1865483,0,0.023641577,0
LA_D_1866359,0,0.0003412503,0
LA_D_1891505,0,0.00013313381,0
LA_D_1973577,0,0.00031697858,0
LA_D_1989804,0,0.0002990892,0
LA_D_2017659,0,0.930917,1
LA_D_2041233,0,0.00045361012,0
LA_D_2075139,0,0.00049975555,0
LA_D_2076743,0,0.064566344,0
LA_D_2081509,0,0.00015791587,0
LA_D_2139624,0,6.3417116e-05,0
LA_D_2192294,0,0.00034792343,0
LA_D_2211287,0,0.0066716834,0
LA_D_2212252,0,0.0001792502,0
LA_D_2220021,0,0.00022904176,0
LA_D_2256162,0,0.0005121441,0
LA_D_2287208,0,0.0016214048,0
LA_D_2293278,0,0.000411065,0
LA_D_2299711,0,0.00018634797,0
LA_D_2352772,0,0.00023774769,0
LA_D_2375510,0,0.00024219474,0
LA_D_2378498,0,0.00025885968,0
LA_D_2391042,0,0.00033234817,0
LA_D_2405981,0,0.0005315679,0
LA_D_2434311,0,0.00024529579,0
LA_D_2462147,0,0.0026726816,0
LA_D_2509933,0,0.000825368,0
LA_D_2548377,0,0.00034978872,0
LA_D_2571407,0,0.00022195537,0
LA_D_2578678,0,0.0071335933,0
LA_D_2582183,0,0.0041760346,0
LA_D_2588535,0,0.0036421039,0
LA_D_2605084,0,0.0019761682,0
LA_D_2623706,0,0.12646328,0
LA_D_2626792,0,0.044739604,0
LA_D_2648600,0,0.0016625688,0
LA_D_2650745,0,0.0003114675,0
LA_D_2651974,0,0.0006448437,0
LA_D_2667973,0,0.00054523273,0
LA_D_2678873,0,0.0003718832,0
LA_D_2679440,0,0.0002328211,0
LA_D_2692975,0,0.00016466944,0
LA_D_2726583,0,0.00021913198,0
LA_D_2727449,0,7.970698e-05,0
LA_D_2742354,0,0.000563148,0
LA_D_2759665,0,0.000104857376,0
LA_D_2765207,0,0.0014909124,0
LA_D_2818072,0,0.0013224159,0
LA_D_2844576,0,0.00014596316,0
LA_D_2875086,0,0.0002981682,0
LA_D_2887795,0,0.0005896976,0
LA_D_2929419,0,0.00039250962,0
LA_D_2936311,0,0.0017475954,0
LA_D_2943838,0,4.463223e-05,0
LA_D_2959188,0,0.04700962,0
LA_D_2970993,0,0.0062569086,0
LA_D_2984009,0,0.00016938281,0
LA_D_2998440,0,9.083185e-06,0
LA_D_3003086,0,0.00052702986,0
LA_D_3020494,0,0.00020884644,0
LA_D_3036353,0,0.00021008511,0
LA_D_3089136,0,0.0019468367,0
LA_D_3128305,0,0.0059949257,0
LA_D_3143433,0,0.00037417604,0
LA_D_3301789,0,4.986543e-05,0
LA_D_3307272,0,0.00029915053,0
LA_D_3355462,0,0.004544906,0
LA_D_3391776,0,0.001802623,0
LA_D_3420026,0,0.0011296194,0
LA_D_3440170,0,0.00032307804,0
LA_D_3449640,0,0.0008635884,0
LA_D_3468544,0,0.00040897133,0
LA_D_3490330,0,0.00060019194,0
LA_D_3512693,0,5.480773e-05,0
LA_D_3605545,0,0.0002131329,0
LA_D_3611882,0,0.00030716386,0
LA_D_3616666,0,0.0005831128,0
LA_D_3624723,0,0.00018141048,0
LA_D_3648882,0,0.00042337773,0
LA_D_3656689,0,0.00015880572,0
LA_D_3663936,0,0.005312281,0
LA_D_3673853,0,0.00016751308,0
LA_D_3673912,0,0.00015223726,0
LA_D_3690958,0,0.00017712844,0
LA_D_3703786,0,0.000112129055,0
LA_D_3736756,0,0.00047160574,0
LA_D_3747521,0,0.00057798764,0
LA_D_3758762,0,0.0002384337,0
LA_D_3759938,0,0.000114361836,0
LA_D_3792822,0,0.0008890803,0
LA_D_3903108,0,0.0017400242,0
LA_D_3905736,0,0.00030020534,0
LA_D_3954480,0,0.00025227788,0
LA_D_4025022,0,0.0006210832,0
LA_D_4053532,0,0.0009530418,0
LA_D_4061958,0,0.000111155605,0
LA_D_4071634,0,0.0010011228,0
LA_D_4100744,0,0.0014053127,0
LA_D_4168975,0,0.0002461509,0
LA_D_4169964,0,0.0002649452,0
LA_D_4194978,0,0.00017183562,0
LA_D_4207969,0,0.006926282,0
LA_D_4222295,0,0.0004939915,0
LA_D_4223747,0,0.0009524013,0
LA_D_4225288,0,0.0029829137,0
LA_D_4228834,0,0.00031685169,0
LA_D_4237630,0,0.0007341372,0
LA_D_4250751,0,0.0006707458,0
LA_D_4309364,0,0.00015949772,0
LA_D_4319399,0,0.00019371235,0
LA_D_4392265,0,0.00022143836,0
LA_D_4407621,0,0.00033100523,0
LA_D_4451070,0,0.0038614387,0
LA_D_4453435,0,0.00044737384,0
LA_D_4463629,0,0.0018679793,0
LA_D_4468314,0,0.0004505242,0
LA_D_4469593,0,0.0005924645,0
LA_D_4502659,0,0.00830635,0
LA_D_4505651,0,0.00055860315,0
LA_D_4535371,0,0.0002468207,0
LA_D_4540421,0,0.0018784755,0
LA_D_4565179,0,6.520757e-05,0
LA_D_4583644,0,1.8080963e-06,0
LA_D_4593608,0,0.0007586466,0
LA_D_4609361,0,8.6481916e-05,0
LA_D_4620216,0,0.0001230381,0
LA_D_4667765,0,0.0003634473,0
LA_D_4679758,0,0.00482319,0
LA_D_4698819,0,0.007622985,0
LA_D_4699141,0,0.00037859657,0
LA_D_4703715,0,0.0049629537,0
LA_D_4726778,0,0.00029606832,0
LA_D_4736704,0,0.000692222,0
LA_D_4779224,0,0.00037800136,0
LA_D_4819731,0,0.0008986159,0
LA_D_4822459,0,2.373788e-05,0
LA_D_4828676,0,0.0003582725,0
LA_D_4843932,0,0.00019282907,0
LA_D_4845444,0,0.00053143216,0
LA_D_4847009,0,0.00091560493,0
LA_D_4866266,0,0.0002280083,0
LA_D_4872241,0,0.00044494538,0
LA_D_4875383,0,0.007416077,0
LA_D_4903487,0,0.0016126098,0
LA_D_4907373,0,0.00044381502,0
LA_D_4907991,0,0.0049376455,0
LA_D_4919412,0,0.00033158984,0
LA_D_4925724,0,0.00018689228,0
LA_D_4947976,0,0.00025905154,0
LA_D_4984564,0,0.0004338779,0
LA_D_5036568,0,0.0006985735,0
LA_D_5041677,0,0.0003569912,0
LA_D_5107987,0,0.00027653627,0
LA_D_5127108,0,0.0003739093,0
LA_D_5183585,0,0.00028129746,0
LA_D_5199254,0,0.00017233033,0
LA_D_5220536,0,0.025219673,0
LA_D_5246117,0,0.00021507671,0
LA_D_5298685,0,0.0005811734,0
LA_D_5302589,0,0.016998483,0
LA_D_5311142,0,0.00078643893,0
LA_D_5312735,0,0.0009108104,0
LA_D_5350698,0,0.00010319684,0
LA_D_5395655,0,0.00037202204,0
LA_D_5422427,0,0.0012078949,0
LA_D_5428671,0,0.00016259323,0
LA_D_5508105,0,0.0017879547,0
LA_D_5527964,0,0.00024425538,0
LA_D_5531351,0,0.0017455069,0
LA_D_5643160,0,0.0020055722,0
LA_D_5652696,0,0.002973986,0
LA_D_5676887,0,0.0031811465,0
LA_D_5703244,0,0.012110496,0
LA_D_5849020,0,0.00014984256,0
LA_D_5856680,0,0.00017489269,0
LA_D_5891882,0,0.0005947956,0
LA_D_5901688,0,0.07564412,0
LA_D_5954393,0,6.3074185e-05,0
LA_D_5975126,0,3.8280734e-05,0
LA_D_5988160,0,0.00033607022,0
LA_D_5998276,0,0.00037558755,0
LA_D_6021802,0,0.0035449807,0
LA_D_6028588,0,0.4474177,0
LA_D_6035174,0,0.0006041112,0
LA_D_6049417,0,0.00077022234,0
LA_D_6064017,0,7.896323e-05,0
LA_D_6064137,0,0.0011522652,0
LA_D_6065588,0,0.0002732922,0
LA_D_6085907,0,0.00013671514,0
LA_D_6088419,0,0.00025064757,0
LA_D_6088722,0,0.0010095311,0
LA_D_6129434,0,1.3414192e-05,0
LA_D_6132418,0,0.0006655371,0
LA_D_6137020,0,9.771933e-05,0
LA_D_6161657,0,8.1312886e-05,0
LA_D_6165122,0,0.00030653813,0
LA_D_6191538,0,0.9836676,1
LA_D_6197749,0,0.0001672357,0
LA_D_6202014,0,3.725637e-06,0
LA_D_6215628,0,0.000111783695,0
LA_D_6239988,0,0.0003418263,0
LA_D_6274651,0,0.0038524196,0
LA_D_6307332,0,0.00010149173,0
LA_D_6320723,0,0.0013023224,0
LA_D_6341295,0,0.00017608525,0
LA_D_6349595,0,5.016658e-05,0
LA_D_6349615,0,1.7672342e-05,0
LA_D_6373250,0,0.0010527917,0
LA_D_6392761,0,2.3419867e-05,0
LA_D_6401070,0,0.00032767016,0
LA_D_6447915,0,0.0100969765,0
LA_D_6470710,0,8.9629495e-05,0
LA_D_6517297,0,0.0012562763,0
LA_D_6518612,0,0.00048049074,0
LA_D_6563560,0,0.0002188574,0
LA_D_6588338,0,0.00014804401,0
LA_D_6596195,0,0.000120881916,0
LA_D_6626302,0,0.011957493,0
LA_D_6647418,0,0.0036388487,0
LA_D_6647671,0,0.00011427059,0
LA_D_6687518,0,0.00037638808,0
LA_D_6689676,0,0.00058910856,0
LA_D_6694291,0,0.00026983678,0
LA_D_6709679,0,0.00036842717,0
LA_D_6748831,0,0.0002436855,0
LA_D_6754842,0,0.0431769,0
LA_D_6767175,0,0.00020292659,0
LA_D_6773210,0,1e-06,0
LA_D_6800111,0,0.00034130624,0
LA_D_6805968,0,0.0006818307,0
LA_D_6840802,0,0.0002667804,0
LA_D_6863099,0,0.02075502,0
LA_D_6895001,0,0.0002863819,0
LA_D_6939321,0,0.00014932394,0
LA_D_6943350,0,0.00022619033,0
LA_D_6949242,0,0.001265686,0
LA_D_6954032,0,0.00040129165,0
LA_D_6970271,0,0.00047942201,0
LA_D_7010965,0,0.0002953398,0
LA_D_7017874,0,0.029876353,0
LA_D_7018861,0,0.004010825,0
LA_D_7022063,0,0.0021107811,0
LA_D_7069093,0,9.535952e-05,0
LA_D_7074281,0,0.014240353,0
LA_D_7093931,0,0.00131803,0
LA_D_7094975,0,0.00020593219,0
LA_D_7110354,0,0.005283892,0
LA_D_7128095,0,0.00036056305,0
LA_D_7236544,0,0.00040993423,0
LA_D_7295286,0,0.00010942727,0
LA_D_7296086,0,0.03322772,0
LA_D_7314692,0,9.103996e-05,0
LA_D_7328082,0,0.00017168053,0
LA_D_7353135,0,0.00010045647,0
LA_D_7373087,0,0.00013443168,0
LA_D_7381015,0,0.0016673639,0
LA_D_7383339,0,0.0006675002,0
LA_D_7392284,0,0.00037509034,0
LA_D_7393784,0,0.0034627602,0
LA_D_7419068,0,0.020851381,0
LA_D_7422452,0,0.00028719148,0
LA_D_7465949,0,0.00018163217,0
LA_D_7468068,0,0.008517708,0
LA_D_7469185,0,0.0013011744,0
LA_D_7486262,0,0.00025763302,0
LA_D_7502627,0,0.00033705513,0
LA_D_7529130,0,0.00012645588,0
LA_D_7591714,0,0.0003742233,0
LA_D_7603396,0,5.790295e-05,0
LA_D_7606763,0,2.689305e-05,0
LA_D_7649168,0,0.0035521984,0
LA_D_7653225,0,0.002622694,0
LA_D_7657209,0,0.00010591193,0
LA_D_7663030,0,0.00019952221,0
LA_D_7694906,0,0.0013293119,0
LA_D_7695226,0,8.892171e-05,0
LA_D_7712668,0,0.00083676097,0
LA_D_7718596,0,0.0003339425,0
LA_D_7760227,0,0.00023631263,0
LA_D_7813544,0,0.0001432988,0
LA_D_7870101,0,0.00010699259,0
LA_D_7875076,0,0.00035488588,0
LA_D_7878211,0,0.0017537411,0
LA_D_7916377,0,0.00039941733,0
LA_D_7929797,0,0.00018281108,0
LA_D_7973563,0,0.0011455477,0
LA_D_7974256,0,0.0004187827,0
LA_D_7992459,0,0.00028464056,0
LA_D_8081020,0,0.0008062188,0
LA_D_8083619,0,0.00027565862,0
LA_D_8085936,0,0.030703506,0
LA_D_8100445,0,0.00049453817,0
LA_D_8106714,0,0.00021742642,0
LA_D_8120088,0,0.00037561115,0
LA_D_8123158,0,6.598195e-05,0
LA_D_8128864,0,7.2844146e-06,0
LA_D_8150974,0,3.8629045e-05,0
LA_D_8158595,0,5.394746e-05,0
LA_D_8166014,0,0.009806932,0
LA_D_8171872,0,0.00015934632,0
LA_D_8174961,0,0.00021719187,0
LA_D_8190422,0,0.00060607574,0
LA_D_8196432,0,0.03263274,0
LA_D_8212949,0,0.00023441816,0
LA_D_8222349,0,0.00019405229,0
LA_D_8243403,0,0.00018691315,0
LA_D_8244013,0,0.0029167843,0
LA_D_8258956,0,0.0002353038,0
LA_D_8289914,0,3.493859e-05,0
LA_D_8307153,0,0.0008870359,0
LA_D_8337935,0,0.00023345683,0
LA_D_8339762,0,0.0005512536,0
LA_D_8376975,0,0.00033057603,0
LA_D_8433871,0,0.00032058268,0
LA_D_8443980,0,0.00031949466,0
LA_D_8468320,0,0.07004147,0
LA_D_8487885,0,0.000113149974,0
LA_D_8493947,0,0.0010037128,0
LA_D_8572488,0,0.0024611484,0
LA_D_8603311,0,0.00014401837,0
LA_D_8619361,0,0.0013483929,0
LA_D_8632004,0,0.5916022,1
LA_D_8638456,0,0.00054996624,0
LA_D_8663420,0,9.262272e-05,0
LA_D_8687308,0,0.00079531904,0
LA_D_8699572,0,0.00034632473,0
LA_D_8701065,0,0.00029427878,0
LA_D_8713273,0,0.00024867686,0
LA_D_8746442,0,0.00068580895,0
LA_D_8751654,0,0.00021246272,0
LA_D_8778868,0,0.018298933,0
LA_D_8780238,0,0.00014816319,0
LA_D_8783152,0,0.0003245268,0
LA_D_8791958,0,0.00023339828,0
LA_D_8846461,0,0.0017233284,0
LA_D_8982257,0,0.23452269,0
LA_D_9015720,0,0.003703329,0
LA_D_9024122,0,0.000163679,0
LA_D_9046194,0,0.0006222679,0
LA_D_9123302,0,0.053594004,0
LA_D_9125073,0,8.070386e-05,0
LA_D_9131773,0,0.012040375,0
LA_D_9196907,0,0.00030282786,0
LA_D_9202818,0,0.0003471624,0
LA_D_9205726,0,0.00013368425,0
LA_D_9266858,0,5.48494e-05,0
LA_D_9286130,0,0.0001427605,0
LA_D_9297953,0,0.00021055536,0
LA_D_9306701,0,0.00026519693,0
LA_D_9310155,0,0.00019138951,0
LA_D_9316697,0,4.9320763e-05,0
LA_D_9410566,0,0.00030933,0
LA_D_9422357,0,0.0001014214,0
LA_D_9425878,0,6.787056e-05,0
LA_D_9439826,0,0.011354342,0
LA_D_9463746,0,0.00022541333,0
LA_D_9465437,0,0.00016329973,0
LA_D_9473341,0,0.9735112,1
LA_D_9513966,0,0.00015055694,0
LA_D_9520795,0,0.0006777721,0
LA_D_9526098,0,0.0054573696,0
LA_D_9565110,0,0.00064105645,0
LA_D_9575084,0,0.00018790059,0
LA_D_9602040,0,0.0025638067,0
LA_D_9614885,0,0.00036357896,0
LA_D_9621486,0,0.00019683507,0
LA_D_9631128,0,0.004735852,0
LA_D_9632383,0,0.0025437048,0
LA_D_9641174,0,0.002280324,0
LA_D_9656849,0,5.9094036e-05,0
LA_D_9667226,0,0.009650295,0
LA_D_9712589,0,0.00015413732,0
LA_D_9720372,0,0.00032778297,0
LA_D_9720674,0,0.004123056,0
LA_D_9775496,0,0.00037135126,0
LA_D_9796324,0,0.0017386094,0
LA_D_9823996,0,0.00013590176,0
LA_D_9826064,0,0.0007441555,0
LA_D_9851042,0,0.018278494,0
LA_D_9927649,0,0.00016759026,0
LA_D_9947258,0,0.00029749522,0
LA_D_9976747,0,0.00014106926,0
LA_D_9994672,0,0.0007456377,0
LA_D_1047174,0,5.986429e-05,0
LA_D_1131241,0,0.0002026474,0
LA_D_1171358,0,0.00034858714,0
LA_D_1185552,0,0.0009677671,0
LA_D_1237375,0,0.00030356293,0
LA_D_1256151,0,0.0001261785,0
LA_D_1263173,0,0.00017745318,0
LA_D_1293430,0,0.0016631648,0
LA_D_1304769,0,0.00052191934,0
LA_D_1309629,0,0.00028868514,0
LA_D_1344374,0,0.0001300183,0
LA_D_1409464,0,0.0004334011,0
LA_D_1430175,0,4.6437144e-05,0
LA_D_1445597,0,0.0005536379,0
LA_D_1458628,0,3.9116734e-05,0
LA_D_1491201,0,4.8696285e-05,0
LA_D_1529314,0,0.0004971756,0
LA_D_1548121,0,0.00019012687,0
LA_D_1548718,0,0.00014055354,0
LA_D_1565766,0,1.29967375e-05,0
LA_D_1626255,0,0.00017812976,0
LA_D_1627570,0,0.00015363518,0
LA_D_1634113,0,0.00055753085,0
LA_D_1659790,0,3.3821107e-05,0
LA_D_1727741,0,7.2861076e-05,0
LA_D_1740367,0,6.776295e-05,0
LA_D_1743186,0,9.703043e-05,0
LA_D_1746522,0,3.882737e-05,0
LA_D_1757304,0,0.00032750654,0
LA_D_1769886,0,0.00024095026,0
LA_D_1771787,0,0.0010309657,0
LA_D_1817691,0,4.8562586e-05,0
LA_D_1827728,0,0.00017341958,0
LA_D_1828116,0,0.00012002552,0
LA_D_1860595,0,4.1456788e-05,0
LA_D_1879704,0,0.00017541325,0
LA_D_1919208,0,0.0017107804,0
LA_D_1919831,0,0.000426141,0
LA_D_1941984,0,5.3164586e-05,0
LA_D_1961391,0,9.4033116e-05,0
LA_D_1991992,0,0.00040304716,0
LA_D_1997650,0,0.00058470236,0
LA_D_2003485,0,0.0012981292,0
LA_D_2011612,0,0.00014532892,0
LA_D_2060563,0,0.00016584052,0
LA_D_2083171,0,2.2247414e-05,0
LA_D_2098426,0,1.3633322e-05,0
LA_D_2122992,0,4.2851385e-05,0
LA_D_2133380,0,7.565069e-05,0
LA_D_2161743,0,0.00014430223,0
LA_D_2177492,0,0.000109861896,0
LA_D_2218769,0,0.0030964098,0
LA_D_2228196,0,2.0526943e-05,0
LA_D_2231963,0,0.00023174628,0
LA_D_2262103,0,0.000112427755,0
LA_D_2287910,0,0.0020605,0
LA_D_2308577,0,0.00019450892,0
LA_D_2321587,0,0.00010191622,0
LA_D_2341747,0,7.615932e-05,0
LA_D_2366913,0,0.00014576859,0
LA_D_2366973,0,0.00013750889,0
LA_D_2419198,0,0.00022992263,0
LA_D_2432364,0,6.655005e-05,0
LA_D_2463946,0,6.5249624e-05,0
LA_D_2468032,0,3.4152315e-05,0
LA_D_2529149,0,0.18510543,0
LA_D_2532144,0,0.00025913748,0
LA_D_2573843,0,0.00011948128,0
LA_D_2646346,0,0.0002670137,0
LA_D_2654921,0,0.00087875087,0
LA_D_2669234,0,0.0005756176,0
LA_D_2685701,0,3.5566933e-05,0
LA_D_2720773,0,7.975594e-05,0
LA_D_2793178,0,5.364284e-05,0
LA_D_2812574,0,0.0008308403,0
LA_D_2859736,0,0.00011305398,0
LA_D_2863716,0,0.00020350069,0
LA_D_2876264,0,0.0001229308,0
LA_D_2879598,0,1.4847682e-05,0
LA_D_2890838,0,7.761112e-05,0
LA_D_2903522,0,0.00060994347,0
LA_D_2934374,0,0.00017952676,0
LA_D_2952773,0,0.00011908727,0
LA_D_2983246,0,5.2223826e-05,0
LA_D_2999770,0,0.00055827794,0
LA_D_3033532,0,0.00020078177,0
LA_D_3066121,0,0.00014563437,0
LA_D_3074557,0,0.0001523549,0
LA_D_3116475,0,0.0007303481,0
LA_D_3119194,0,6.725373e-05,0
LA_D_3152313,0,8.901597e-05,0
LA_D_3200033,0,1.9928182e-05,0
LA_D_3208200,0,0.00021442703,0
LA_D_3231942,0,3.853132e-05,0
LA_D_3272044,0,0.00012290313,0
LA_D_3285914,0,5.2717587e-05,0
LA_D_3368702,0,5.4264776e-05,0
LA_D_3379640,0,0.0005281974,0
LA_D_3381285,0,0.00016504263,0
LA_D_3399241,0,0.00013427743,0
LA_D_3406616,0,9.9939556e-05,0
LA_D_3463311,0,7.919255e-05,0
LA_D_3512477,0,9.331645e-05,0
LA_D_3521518,0,6.319388e-06,0
LA_D_3602419,0,6.224043e-05,0
LA_D_3619498,0,0.00014084454,0
LA_D_3655532,0,0.00014963865,0
LA_D_3700291,0,0.050644416,0
LA_D_3705784,0,0.0013876753,0
LA_D_3736074,0,4.865984e-05,0
LA_D_3771906,0,0.00014163266,0
LA_D_3772874,0,9.347417e-05,0
LA_D_3794799,0,0.00011693529,0
LA_D_3846197,0,9.442236e-05,0
LA_D_3854298,0,0.013637726,0
LA_D_3858656,0,0.00016766314,0
LA_D_3894817,0,0.00028487213,0
LA_D_3914016,0,0.00010171331,0
LA_D_3938510,0,0.0022653749,0
LA_D_3944263,0,1.8057053e-05,0
LA_D_3950513,0,0.00028077952,0
LA_D_3991397,0,0.0001135526,0
LA_D_4070616,0,7.752243e-05,0
LA_D_4071650,0,8.740059e-06,0
LA_D_4080342,0,0.0002693307,0
LA_D_4100470,0,5.2468375e-05,0
LA_D_4114991,0,0.00010543851,0
LA_D_4142229,0,0.00020087101,0
LA_D_4159900,0,0.00056750176,0
LA_D_4170901,0,0.00018135029,0
LA_D_4198232,0,0.00029752415,0
LA_D_4226354,0,0.0001743306,0
LA_D_4242624,0,6.250929e-05,0
LA_D_4277582,0,0.00068197655,0
LA_D_4291683,0,0.00019548318,0
LA_D_4340347,0,5.6696066e-05,0
LA_D_4340524,0,0.00032369807,0
LA_D_4363843,0,5.5089902e-05,0
LA_D_4379297,0,6.696779e-05,0
LA_D_4392877,0,8.7014225e-05,0
LA_D_4400364,0,0.0011185437,0
LA_D_4445016,0,2.5812702e-05,0
LA_D_4449630,0,0.0014208691,0
LA_D_4454615,0,0.00026400693,0
LA_D_4459311,0,0.00032861464,0
LA_D_4492259,0,0.00023708351,0
LA_D_4506339,0,4.9187693e-05,0
LA_D_4508905,0,6.994157e-05,0
LA_D_4585531,0,0.14968544,0
LA_D_4595832,0,0.00023609011,0
LA_D_4603372,0,0.00053812284,0
LA_D_4625335,0,0.00094652,0
LA_D_4684613,0,0.000108583445,0
LA_D_4690923,0,0.00018665846,0
LA_D_4700343,0,0.0032604006,0
LA_D_4719007,0,0.0001718466,0
LA_D_4721450,0,0.00031185258,0
LA_D_4761065,0,5.143461e-05,0
LA_D_4769648,0,0.00011256122,0
LA_D_4782501,0,7.414825e-05,0
LA_D_4789709,0,0.0031505704,0
LA_D_4841565,0,0.00036225974,0
LA_D_4866362,0,7.4871285e-05,0
LA_D_4878580,0,6.4807595e-05,0
LA_D_4895446,0,0.0017574013,0
LA_D_4896414,0,8.804437e-05,0
LA_D_4914203,0,0.005260156,0
LA_D_4915102,0,0.0012785997,0
LA_D_4924600,0,0.011735864,0
LA_D_4948227,0,0.00028071288,0
LA_D_4952112,0,2.4119348e-05,0
LA_D_4981925,0,3.2869855e-05,0
LA_D_4995472,0,4.395099e-05,0
LA_D_5007118,0,0.0003576478,0
LA_D_5009438,0,0.00031812233,0
LA_D_5021635,0,4.158052e-05,0
LA_D_5039319,0,0.0005655535,0
LA_D_5039673,0,0.0001538149,0
LA_D_5062244,0,0.00012994494,0
LA_D_5149711,0,0.0046886425,0
LA_D_5163270,0,8.258319e-05,0
LA_D_5188309,0,9.789429e-05,0
LA_D_5205643,0,1.3992351e-05,0
LA_D_5224590,0,0.0036984307,0
LA_D_5346933,0,0.00031540534,0
LA_D_5347760,0,0.000114083334,0
LA_D_5350117,0,0.0086659435,0
LA_D_5370437,0,2.427571e-05,0
LA_D_5373558,0,0.00012483571,0
LA_D_5383416,0,0.0003251031,0
LA_D_5387959,0,0.015948022,0
LA_D_5393342,0,4.8053906e-05,0
LA_D_5401021,0,0.00014377908,0
LA_D_5453453,0,0.0002814815,0
LA_D_5460788,0,2.2929475e-05,0
LA_D_5582371,0,0.00018446716,0
LA_D_5640290,0,0.00014885722,0
LA_D_5678433,0,0.00018156673,0
LA_D_5705296,0,0.00024929788,0
LA_D_5713122,0,0.00031960465,0
LA_D_5760824,0,1.8205148e-05,0
LA_D_5761733,0,0.00010435385,0
LA_D_5801946,0,0.00024035946,0
LA_D_5840572,0,3.4560187e-05,0
LA_D_5885088,0,6.0018854e-05,0
LA_D_5911975,0,6.0812286e-05,0
LA_D_5914436,0,0.00026869998,0
LA_D_5935170,0,8.568083e-05,0
LA_D_5938795,0,0.00011462047,0
LA_D_5948741,0,0.000156475,0
LA_D_5955247,0,0.00024554593,0
LA_D_5955650,0,4.850575e-05,0
LA_D_5964415,0,4.7646237e-05,0
LA_D_6014036,0,0.0021666528,0
LA_D_6021418,0,2.7181468e-06,0
LA_D_6031712,0,0.010213426,0
LA_D_6059712,0,4.5180408e-05,0
LA_D_6061248,0,0.00013621534,0
LA_D_6168446,0,5.7817757e-05,0
LA_D_6212766,0,0.0017785346,0
LA_D_6219279,0,9.3165036e-05,0
LA_D_6232042,0,7.4115036e-05,0
LA_D_6232553,0,0.00010115945,0
LA_D_6237921,0,4.6285055e-05,0
LA_D_6268680,0,0.00018429557,0
LA_D_6278709,0,6.6278284e-05,0
LA_D_6333211,0,0.00082108803,0
LA_D_6344317,0,4.8285976e-05,0
LA_D_6366497,0,0.00013817119,0
LA_D_6378055,0,7.8744495e-05,0
LA_D_6383067,0,9.452912e-05,0
LA_D_6385210,0,0.0003733704,0
LA_D_6400271,0,0.00022540819,0
LA_D_6401168,0,0.0002768248,0
LA_D_6416687,0,6.4395215e-05,0
LA_D_6436603,0,0.00025993798,0
LA_D_6442439,0,3.407609e-05,0
LA_D_6480788,0,0.00019412447,0
LA_D_6503412,0,0.00020316007,0
LA_D_6507319,0,0.004849423,0
LA_D_6507521,0,0.0005043256,0
LA_D_6508195,0,5.947468e-05,0
LA_D_6522742,0,0.0067578955,0
LA_D_6546480,0,0.00020544893,0
LA_D_6564154,0,7.790201e-05,0
LA_D_6575484,0,8.583343e-05,0
LA_D_6619467,0,0.00017790045,0
LA_D_6621713,0,3.7080154e-05,0
LA_D_6629176,0,0.00018531088,0
LA_D_6678079,0,0.00044520255,0
LA_D_6687865,0,0.0002728072,0
LA_D_6713942,0,8.3329316e-05,0
LA_D_6725284,0,7.5719254e-05,0
LA_D_6728550,0,8.9830406e-05,0
LA_D_6803544,0,0.00013880678,0
LA_D_6836398,0,3.0453517e-05,0
LA_D_6876134,0,0.00015839831,0
LA_D_6878952,0,4.1276744e-05,0
LA_D_6910245,0,1.6646545e-05,0
LA_D_6922311,0,0.00045261264,0
LA_D_6927598,0,0.0004173649,0
LA_D_6940254,0,5.9820464e-05,0
LA_D_6958629,0,1.4289674e-05,0
LA_D_6958960,0,0.002397716,0
LA_D_6967077,0,3.8466816e-05,0
LA_D_6974485,0,0.00011310013,0
LA_D_6980145,0,8.689565e-05,0
LA_D_6987649,0,0.00048823882,0
LA_D_6993181,0,0.0081644505,0
LA_D_7009464,0,0.00035809082,0
LA_D_7021601,0,5.4951597e-05,0
LA_D_7091676,0,0.00020184056,0
LA_D_7107929,0,7.5626226e-06,0
LA_D_7114322,0,0.00014884515,0
LA_D_7152433,0,0.0017120952,0
LA_D_7161221,0,0.00037495536,0
LA_D_7169874,0,0.00044058714,0
LA_D_7181310,0,9.288923e-05,0
LA_D_7193059,0,0.0002475258,0
LA_D_7247773,0,1.7502609e-05,0
LA_D_7251068,0,0.00034214222,0
LA_D_7261225,0,0.00032667862,0
LA_D_7400823,0,0.0038275549,0
LA_D_7480003,0,9.166237e-05,0
LA_D_7510874,0,0.0007715398,0
LA_D_7539520,0,5.77066e-05,0
LA_D_7539822,0,0.00091254944,0
LA_D_7568775,0,0.00022398886,0
LA_D_7579323,0,0.0010243591,0
LA_D_7594785,0,8.210608e-05,0
LA_D_7620067,0,0.0024763,0
LA_D_7625750,0,2.9641067e-05,0
LA_D_7629778,0,9.4309966e-05,0
LA_D_7633224,0,0.0001278768,0
LA_D_7643463,0,4.919262e-05,0
LA_D_7648772,0,0.0001788952,0
LA_D_7661207,0,3.9642786e-05,0
LA_D_7663756,0,8.329945e-05,0
LA_D_7680924,0,0.00016343867,0
LA_D_7709982,0,3.8563892e-05,0
LA_D_7713577,0,0.021958688,0
LA_D_7714357,0,0.000106888074,0
LA_D_7716795,0,0.00022653371,0
LA_D_7716883,0,0.00041453057,0
LA_D_7724371,0,5.038737e-05,0
LA_D_7727362,0,0.0013034635,0
LA_D_7749329,0,9.8468954e-05,0
LA_D_7754037,0,4.665918e-05,0
LA_D_7781966,0,5.9453363e-05,0
LA_D_7823257,0,7.1641865e-05,0
LA_D_7832615,0,0.0004391745,0
LA_D_7834326,0,8.618562e-05,0
LA_D_7856949,0,1.3747051e-05,0
LA_D_7872546,0,0.00013896554,0
LA_D_7879995,0,8.647663e-05,0
LA_D_7918292,0,8.177376e-05,0
LA_D_7944465,0,3.0210165e-05,0
LA_D_7964232,0,0.00010904186,0
LA_D_7971657,0,6.689898e-05,0
LA_D_7982371,0,0.00016438315,0
LA_D_7992254,0,3.4757668e-05,0
LA_D_8001056,0,0.00020673644,0
LA_D_8026454,0,4.9428065e-05,0
LA_D_8034650,0,0.0001872735,0
LA_D_8034862,0,0.00025448276,0
LA_D_8043339,0,3.165082e-05,0
LA_D_8089145,0,0.0066692033,0
LA_D_8115585,0,0.00023681809,0
LA_D_8130331,0,0.03139436,0
LA_D_8149880,0,0.0009005483,0
LA_D_8186829,0,0.00032756056,0
LA_D_8199907,0,0.001912653,0
LA_D_8207965,0,0.0001322639,0
LA_D_8224019,0,0.00028046567,0
LA_D_8260982,0,0.00014134542,0
LA_D_8284375,0,9.237558e-05,0
LA_D_8300288,0,0.00015608607,0
LA_D_8371442,0,0.00020623794,0
LA_D_8387772,0,0.00018533014,0
LA_D_8413601,0,4.5491e-05,0
LA_D_8416104,0,0.00013467045,0
LA_D_8425905,0,0.00010329451,0
LA_D_8432736,0,7.304746e-05,0
LA_D_8486100,0,9.975647e-05,0
LA_D_8532209,0,0.00024044656,0
LA_D_8585201,0,0.00012867198,0
LA_D_8595960,0,5.0711944e-05,0
LA_D_8597179,0,4.2851014e-05,0
LA_D_8636545,0,0.06468504,0
LA_D_8641247,0,0.0029175375,0
LA_D_8704936,0,3.2677766e-05,0
LA_D_8705144,0,7.4785086e-05,0
LA_D_8709124,0,7.9054844e-05,0
LA_D_8713937,0,9.343728e-05,0
LA_D_8720850,0,0.00010099406,0
LA_D_8725463,0,0.00032445532,0
LA_D_8741531,0,4.702009e-05,0
LA_D_8758203,0,0.0005371061,0
LA_D_8785469,0,7.052222e-05,0
LA_D_8808844,0,5.747078e-05,0
LA_D_8829741,0,0.00068661163,0
LA_D_8863620,0,0.00014239695,0
LA_D_8894026,0,0.0034534591,0
LA_D_8958792,0,6.464169e-05,0
LA_D_8962291,0,0.00015122496,0
LA_D_8976734,0,7.215457e-05,0
LA_D_8988473,0,5.686094e-05,0
LA_D_8998074,0,0.00019607962,0
LA_D_9021082,0,4.011672e-05,0
LA_D_9068919,0,7.571774e-05,0
LA_D_9080965,0,2.873582e-05,0
LA_D_9082045,0,0.00076077244,0
LA_D_9089312,0,7.0614486e-05,0
LA_D_9134148,0,2.3496197e-05,0
LA_D_9140122,0,3.6184214e-05,0
LA_D_9185597,0,2.0799745e-05,0
LA_D_9187515,0,0.00056039606,0
LA_D_9219215,0,0.00016699286,0
LA_D_9226035,0,0.0004890586,0
LA_D_9254983,0,9.570022e-05,0
LA_D_9255760,0,8.892824e-05,0
LA_D_9269639,0,0.0002927559,0
LA_D_9276220,0,0.00012310463,0
LA_D_9279119,0,4.8698003e-05,0
LA_D_9360355,0,0.00011046477,0
LA_D_9365719,0,0.00054186414,0
LA_D_9366202,0,0.0055217682,0
LA_D_9366872,0,0.0007232377,0
LA_D_9381419,0,0.00011899862,0
LA_D_9384461,0,8.14386e-05,0
LA_D_9395386,0,5.397365e-05,0
LA_D_9398013,0,0.00017821335,0
LA_D_9400211,0,0.00032914357,0
LA_D_9422935,0,0.0008026464,0
LA_D_9429999,0,6.399742e-05,0
LA_D_9443500,0,0.00031123924,0
LA_D_9451208,0,9.566546e-05,0
LA_D_9486228,0,0.00030603324,0
LA_D_9526244,0,0.00011556958,0
LA_D_9569756,0,5.6882633e-05,0
LA_D_9577900,0,0.0016239092,0
LA_D_9594183,0,0.16582707,0
LA_D_9616483,0,6.9375805e-05,0
LA_D_9741811,0,0.000621871,0
LA_D_9742570,0,0.00010444723,0
LA_D_9763867,0,0.00022393696,0
LA_D_9863120,0,0.00056301034,0
LA_D_9904052,0,0.00012345707,0
LA_D_9912372,0,2.160846e-05,0
LA_D_9923905,0,0.00014904626,0
LA_D_9929724,0,0.0003060884,0
LA_D_9943481,0,0.00012315442,0
LA_D_9978885,0,9.327988e-05,0
LA_D_9993400,0,0.00024446694,0
LA_D_1029617,0,0.0011440484,0
LA_D_1059142,0,0.051389094,0
LA_D_1062379,0,0.002720231,0
LA_D_1091297,0,0.0010985688,0
LA_D_1100577,0,0.0008554212,0
LA_D_1124488,0,0.0011514386,0
LA_D_1146285,0,0.0037460967,0
LA_D_1152767,0,0.0060901367,0
LA_D_1163350,0,0.0004510457,0
LA_D_1246000,0,0.0018793752,0
LA_D_1251721,0,0.00096858287,0
LA_D_1260733,0,0.0015751167,0
LA_D_1297021,0,0.04363198,0
LA_D_1317526,0,0.0029399667,0
LA_D_1326827,0,0.01660881,0
LA_D_1338548,0,0.00067610765,0
LA_D_1343964,0,0.00042131136,0
LA_D_1357828,0,0.0005163023,0
LA_D_1381783,0,0.00083742547,0
LA_D_1408116,0,0.0018178981,0
LA_D_1430367,0,0.00089376874,0
LA_D_1447151,0,0.0005487119,0
LA_D_1453717,0,0.0005774807,0
LA_D_1501230,0,0.010077702,0
LA_D_1521868,0,0.0007910154,0
LA_D_1553952,0,0.006858518,0
LA_D_1583850,0,0.04746411,0
LA_D_1585709,0,0.0010753353,0
LA_D_1604106,0,0.020223813,0
LA_D_1605100,0,0.0068238056,0
LA_D_1608727,0,0.0010530776,0
LA_D_1634721,0,0.0012791869,0
LA_D_1647654,0,0.00043996435,0
LA_D_1649381,0,0.0010163084,0
LA_D_1671851,0,0.004126866,0
LA_D_1672173,0,0.0013179227,0
LA_D_1675600,0,0.008015656,0
LA_D_1687307,0,0.0009072254,0
LA_D_1698474,0,0.008700746,0
LA_D_1714643,0,0.0062474883,0
LA_D_1723287,0,0.0007714667,0
LA_D_1724424,0,0.002873539,0
LA_D_1735626,0,0.02358226,0
LA_D_1736244,0,0.00083743583,0
LA_D_1795010,0,0.0041173287,0
LA_D_1809032,0,0.00036802015,0
LA_D_1882571,0,0.011428408,0
LA_D_1893134,0,0.00092270394,0
LA_D_1903855,0,0.00043264445,0
LA_D_1960976,0,0.00040478568,0
LA_D_2008880,0,0.0007635593,0
LA_D_2009498,0,0.00022829456,0
LA_D_2049727,0,0.00086028123,0
LA_D_2059935,0,0.00022612672,0
LA_D_2138603,0,0.021129018,0
LA_D_2169713,0,0.0514146,0
LA_D_2192158,0,0.0021265198,0
LA_D_2214214,0,0.018392645,0
LA_D_2230194,0,0.048605762,0
LA_D_2230489,0,0.009265873,0
LA_D_2279197,0,0.00038573783,0
LA_D_2284177,0,0.048094776,0
LA_D_2290487,0,0.00081157975,0
LA_D_2293625,0,0.13242224,0
LA_D_2324725,0,0.000580217,0
LA_D_2350816,0,0.010363564,0
LA_D_2351670,0,0.018262504,0
LA_D_2385027,0,0.0012543178,0
LA_D_2389247,0,0.0065105744,0
LA_D_2402304,0,0.0024618276,0
LA_D_2472102,0,0.0006458976,0
LA_D_2490088,0,0.00023778557,0
LA_D_2500858,0,0.0006565531,0
LA_D_2567797,0,0.00037950158,0
LA_D_2575965,0,0.00067887106,0
LA_D_2586002,0,0.001137431,0
LA_D_2633236,0,0.00057561515,0
LA_D_2685075,0,0.0014682771,0
LA_D_2873307,0,0.0008743006,0
LA_D_2875141,0,0.00060363923,0
LA_D_2899972,0,0.00043242102,0
LA_D_2955212,0,0.06773985,0
LA_D_2963785,0,0.0005393151,0
LA_D_3006285,0,0.013076919,0
LA_D_3031057,0,0.0016623138,0
LA_D_3137629,0,0.0008994756,0
LA_D_3139007,0,0.0011436037,0
LA_D_3157447,0,0.0004419585,0
LA_D_3232453,0,0.0002311628,0
LA_D_3257829,0,0.00063106604,0
LA_D_3321832,0,0.0017233004,0
LA_D_3324414,0,0.00040576424,0
LA_D_3331432,0,0.0009120482,0
LA_D_3359111,0,0.006834369,0
LA_D_3372750,0,0.0009239356,0
LA_D_3387040,0,0.5520984,1
LA_D_3409196,0,0.0004442048,0
LA_D_3410371,0,0.004000761,0
LA_D_3423188,0,0.0006890994,0
LA_D_3432568,0,0.0006917534,0
LA_D_3438168,0,0.0007749825,0
LA_D_3448390,0,0.0018491774,0
LA_D_3449920,0,0.0003472021,0
LA_D_3479464,0,0.0065275193,0
LA_D_3509024,0,0.0028615517,0
LA_D_3524921,0,0.00030244788,0
LA_D_3525710,0,0.00059635524,0
LA_D_3540005,0,0.0011772206,0
LA_D_3542780,0,0.00053016655,0
LA_D_3542872,0,0.0015920451,0
LA_D_3551822,0,0.0016464948,0
LA_D_3605684,0,0.008841904,0
LA_D_3685201,0,0.0008803302,0
LA_D_3694269,0,0.00041985395,0
LA_D_3722549,0,0.001327359,0
LA_D_3725441,0,0.0008480217,0
LA_D_3776775,0,0.011187422,0
LA_D_3837829,0,0.03355959,0
LA_D_3838880,0,0.0010968482,0
LA_D_3839440,0,0.0008753718,0
LA_D_3890924,0,0.000630345,0
LA_D_3894116,0,0.0037152716,0
LA_D_3898295,0,0.0020211316,0
LA_D_3906822,0,0.00037185254,0
LA_D_3925642,0,0.00057467143,0
LA_D_3939673,0,0.0008834027,0
LA_D_3946657,0,0.031772148,0
LA_D_3952047,0,0.00050351414,0
LA_D_3952593,0,0.035194367,0
LA_D_3963497,0,0.00018584829,0
LA_D_3995855,0,0.32418874,0
LA_D_4019879,0,0.00035443486,0
LA_D_4025778,0,0.00044199024,0
LA_D_4039282,0,0.0024967256,0
LA_D_4050553,0,0.0004710262,0
LA_D_4063751,0,0.013856799,0
LA_D_4064982,0,0.0002050597,0
LA_D_4076931,0,0.39091527,0
LA_D_4089949,0,0.0004082951,0
LA_D_4134720,0,0.0030150525,0
LA_D_4180262,0,0.0010997736,0
LA_D_4222049,0,0.0008949968,0
LA_D_4246541,0,0.0020306585,0
LA_D_4264153,0,0.010244134,0
LA_D_4309049,0,0.15213326,0
LA_D_4320528,0,0.0020236722,0
LA_D_4335121,0,0.00033727725,0
LA_D_4336283,0,0.0056367237,0
LA_D_4338324,0,0.0026009441,0
LA_D_4372487,0,0.0008743498,0
LA_D_4381840,0,0.0022408948,0
LA_D_4484172,0,0.00060385006,0
LA_D_4547683,0,0.0029509051,0
LA_D_4564696,0,0.0022120473,0
LA_D_4575849,0,0.00069636275,0
LA_D_4601604,0,0.4585711,0
LA_D_4648541,0,0.00025508204,0
LA_D_4656540,0,0.0010539227,0
LA_D_4659648,0,0.00050715,0
LA_D_4672644,0,0.025480714,0
LA_D_4704857,0,0.0030903663,0
LA_D_4707978,0,0.0075061433,0
LA_D_4725466,0,0.02059848,0
LA_D_4778443,0,0.0008908568,0
LA_D_4811609,0,0.000304442,0
LA_D_4815372,0,0.00057820085,0
LA_D_4818471,0,0.0011406672,0
LA_D_4836429,0,0.0010318294,0
LA_D_4878409,0,0.0018999585,0
LA_D_4892634,0,0.000906256,0
LA_D_4918498,0,0.00160542,0
LA_D_4918958,0,0.0022633688,0
LA_D_4933781,0,0.0015461317,0
LA_D_4964858,0,0.00089774554,0
LA_D_4969692,0,0.0002858726,0
LA_D_4985835,0,0.030849881,0
LA_D_4987070,0,0.00032553604,0
LA_D_4991936,0,0.0013000111,0
LA_D_5004267,0,0.0005075947,0
LA_D_5009044,0,0.001963393,0
LA_D_5057755,0,0.00023451274,0
LA_D_5064189,0,0.0006826034,0
LA_D_5078216,0,0.0005426663,0
LA_D_5106376,0,0.0023834049,0
LA_D_5110554,0,0.030979166,0
LA_D_5111852,0,0.0004488146,0
LA_D_5161729,0,0.048273597,0
LA_D_5197250,0,0.0008974005,0
LA_D_5205883,0,0.002712523,0
LA_D_5208175,0,0.016108708,0
LA_D_5225466,0,0.000607556,0
LA_D_5229733,0,0.0018722214,0
LA_D_5304257,0,0.004901036,0
LA_D_5352818,0,0.00010699076,0
LA_D_5354133,0,0.0014448403,0
LA_D_5392654,0,0.00016439334,0
LA_D_5434776,0,0.00021234223,0
LA_D_5445662,0,0.0020475774,0
LA_D_5473097,0,0.00040443195,0
LA_D_5485350,0,0.0012668269,0
LA_D_5545903,0,0.0010580998,0
LA_D_5576853,0,0.00078856345,0
LA_D_5623293,0,0.00034590389,0
LA_D_5643553,0,0.0005482971,0
LA_D_5645161,0,0.00029526913,0
LA_D_5652073,0,0.0022768984,0
LA_D_5654929,0,0.0018930951,0
LA_D_5751999,0,0.00199568,0
LA_D_5769057,0,0.00031071948,0
LA_D_5772395,0,0.0024772272,0
LA_D_5776960,0,0.0010333675,0
LA_D_5781251,0,0.0020778696,0
LA_D_5806062,0,0.00066655147,0
LA_D_5813973,0,0.0017480231,0
LA_D_5834553,0,0.0011488551,0
LA_D_5841591,0,0.00038438497,0
LA_D_5844395,0,0.013743064,0
LA_D_5845294,0,0.0021058293,0
LA_D_5878173,0,0.00314994,0
LA_D_5878717,0,0.004030772,0
LA_D_5886872,0,0.0024957329,0
LA_D_5888089,0,0.0003572312,0
LA_D_5891347,0,0.012534411,0
LA_D_5909078,0,0.0039850227,0
LA_D_5930826,0,0.0012497754,0
LA_D_5940134,0,0.02890797,0
LA_D_5947518,0,0.00077916926,0
LA_D_5977756,0,0.0028607883,0
LA_D_6005525,0,0.0023309218,0
LA_D_6054110,0,0.0023866475,0
LA_D_6093640,0,0.0029896821,0
LA_D_6156761,0,0.0021334968,0
LA_D_6168767,0,0.00037470396,0
LA_D_6197504,0,0.0032680735,0
LA_D_6197832,0,0.0009751544,0
LA_D_6202287,0,0.072367355,0
LA_D_6210344,0,0.0015363387,0
LA_D_6283975,0,0.0014830161,0
LA_D_6292935,0,0.00034817331,0
LA_D_6306347,0,0.011940666,0
LA_D_6316138,0,0.0056475587,0
LA_D_6330654,0,0.45901534,0
LA_D_6330853,0,0.0006395445,0
LA_D_6379756,0,0.00048234325,0
LA_D_6384625,0,0.00061626226,0
LA_D_6434205,0,0.00089165336,0
LA_D_6438379,0,0.008255029,0
LA_D_6438636,0,0.00043250882,0
LA_D_6520437,0,0.00046042874,0
LA_D_6535464,0,0.00031979237,0
LA_D_6573123,0,0.006816577,0
LA_D_6581514,0,0.039857596,0
LA_D_6595340,0,0.0030760525,0
LA_D_6604414,0,0.050042592,0
LA_D_6619395,0,0.0016742892,0
LA_D_6652666,0,0.002009841,0
LA_D_6672143,0,0.001798607,0
LA_D_6683794,0,0.002034973,0
LA_D_6688749,0,0.00042566904,0
LA_D_6693826,0,0.0002841433,0
LA_D_6701620,0,0.0051642465,0
LA_D_6718749,0,0.008048458,0
LA_D_6772420,0,0.00032663127,0
LA_D_6854316,0,0.00038822173,0
LA_D_6874098,0,0.0012590477,0
LA_D_6874404,0,0.011256682,0
LA_D_6887011,0,0.0001971102,0
LA_D_6904113,0,0.001116691,0
LA_D_6941127,0,0.0004823734,0
LA_D_7038933,0,0.053044416,0
LA_D_7043780,0,0.0014121312,0
LA_D_7052077,0,0.0028984766,0
LA_D_7055185,0,0.09489813,0
LA_D_7081066,0,0.005119798,0
LA_D_7123401,0,0.002370458,0
LA_D_7152094,0,0.00054103555,0
LA_D_7199038,0,0.001728421,0
LA_D_7231397,0,0.0005043283,0
LA_D_7236583,0,0.0018380395,0
LA_D_7256773,0,0.02979897,0
LA_D_7265184,0,0.0010365522,0
LA_D_7278509,0,0.00088490854,0
LA_D_7281481,0,0.0033129249,0
LA_D_7297227,0,0.00022796787,0
LA_D_7330901,0,0.006655406,0
LA_D_7348364,0,0.0013157612,0
LA_D_7357574,0,0.00049147237,0
LA_D_7358592,0,0.009491468,0
LA_D_7358733,0,0.0010500632,0
LA_D_7386477,0,0.0028584078,0
LA_D_7388871,0,0.06421841,0
LA_D_7423635,0,0.00080561335,0
LA_D_7474865,0,0.0030280224,0
LA_D_7483615,0,0.01379011,0
LA_D_7519610,0,0.05545294,0
LA_D_7526416,0,0.009934693,0
LA_D_7526656,0,0.0009485829,0
LA_D_7538038,0,0.00094305805,0
LA_D_7542044,0,0.0006366731,0
LA_D_7547063,0,0.001904208,0
LA_D_7562446,0,0.00031689368,0
LA_D_7562673,0,0.00066331064,0
LA_D_7586380,0,0.000568214,0
LA_D_7591149,0,0.0012274045,0
LA_D_7609585,0,0.006725737,0
LA_D_7636473,0,0.0012676495,0
LA_D_7661426,0,0.00071140286,0
LA_D_7701393,0,0.0056285677,0
LA_D_7714845,0,0.009476341,0
LA_D_7728587,0,0.000168908,0
LA_D_7735983,0,0.00046721776,0
LA_D_7778751,0,0.0054175905,0
LA_D_7804808,0,0.0015228629,0
LA_D_7819043,0,0.0019507683,0
LA_D_7820165,0,0.0005224895,0
LA_D_7823031,0,0.00028049134,0
LA_D_7828401,0,0.001243622,0
LA_D_7851106,0,0.0005975438,0
LA_D_7857663,0,0.0005109028,0
LA_D_7872642,0,0.011847335,0
LA_D_7884286,0,0.00048644704,0
LA_D_7908285,0,0.000680447,0
LA_D_7939015,0,0.00084227906,0
LA_D_8004624,0,0.0008820204,0
LA_D_8022000,0,0.0011374105,0
LA_D_8034469,0,0.6018426,1
LA_D_8060762,0,0.005939045,0
LA_D_8065854,0,0.0006461913,0
LA_D_8091647,0,0.00085910567,0
LA_D_8132473,0,0.0015427404,0
LA_D_8184573,0,0.58771795,1
LA_D_8228654,0,0.0021720664,0
LA_D_8249964,0,0.0009478051,0
LA_D_8336129,0,0.0038650206,0
LA_D_8359008,0,0.0004579175,0
LA_D_8376162,0,0.00029040716,0
LA_D_8379637,0,0.0018850538,0
LA_D_8409357,0,0.0037441433,0
LA_D_8431305,0,0.0023380716,0
LA_D_8461642,0,9.877308e-05,0
LA_D_8473484,0,0.0025966663,0
LA_D_8489881,0,0.00094561226,0
LA_D_8508157,0,0.0045516393,0
LA_D_8538474,0,0.00053209515,0
LA_D_8555704,0,0.0064371424,0
LA_D_8564782,0,0.0016458537,0
LA_D_8581099,0,0.10635246,0
LA_D_8600719,0,0.0009837346,0
LA_D_8613692,0,0.1705097,0
LA_D_8615709,0,0.010345543,0
LA_D_8687554,0,0.37914085,0
LA_D_8688469,0,0.006349686,0
LA_D_8688676,0,0.0001408796,0
LA_D_8714314,0,0.013328075,0
LA_D_8760189,0,0.00051403174,0
LA_D_8762466,0,0.03089239,0
LA_D_8765550,0,0.0020819253,0
LA_D_8771091,0,0.00023017751,0
LA_D_8815416,0,9.195021e-05,0
LA_D_8864575,0,0.0010001056,0
LA_D_8871155,0,0.011466505,0
LA_D_8880593,0,0.0044381917,0
LA_D_8925536,0,0.01597188,0
LA_D_8972387,0,0.0039480273,0
LA_D_8988861,0,0.0006504745,0
LA_D_9016742,0,0.029278703,0
LA_D_9022425,0,0.00080185395,0
LA_D_9022440,0,0.0003137594,0
LA_D_9023965,0,0.0050245123,0
LA_D_9041455,0,0.0011049018,0
LA_D_9051705,0,0.000937684,0
LA_D_9064781,0,0.00089896657,0
LA_D_9142942,0,0.0004182808,0
LA_D_9143112,0,0.0018771145,0
LA_D_9159130,0,0.0008150518,0
LA_D_9179746,0,0.00714874,0
LA_D_9188796,0,0.0034190775,0
LA_D_9198202,0,0.010548856,0
LA_D_9201924,0,0.0002737924,0
LA_D_9216213,0,0.00026218206,0
LA_D_9318000,0,0.0007177674,0
LA_D_9340077,0,0.00028670588,0
LA_D_9385995,0,0.018424172,0
LA_D_9433668,0,0.0012818316,0
LA_D_9442665,0,0.00031056133,0
LA_D_9452677,0,0.0017198292,0
LA_D_9478291,0,0.00026559772,0
LA_D_9492963,0,0.0010563578,0
LA_D_9495054,0,0.0017307219,0
LA_D_9529719,0,0.00085582933,0
LA_D_9571812,0,0.00079457177,0
LA_D_9577897,0,0.0021521593,0
LA_D_9605743,0,0.02090277,0
LA_D_9606946,0,0.12114325,0
LA_D_9619963,0,0.00063791074,0
LA_D_9634351,0,0.0037463778,0
LA_D_9639156,0,0.00056487846,0
LA_D_9691902,0,0.00093430316,0
LA_D_9747201,0,0.0006663063,0
LA_D_9775299,0,0.0012862503,0
LA_D_9789557,0,0.004986136,0
LA_D_9789777,0,0.00047267077,0
LA_D_9802479,0,0.0014129241,0
LA_D_9804171,0,0.00030669887,0
LA_D_9831523,0,0.00053112383,0
LA_D_9834959,0,0.0013606655,0
LA_D_9871297,0,0.00086993875,0
LA_D_9909170,0,0.004462705,0
LA_D_9926070,0,0.0025117276,0
LA_D_9929372,0,0.00091380015,0
LA_D_9972826,0,0.00031858188,0
LA_D_9973827,0,0.00044785667,0
LA_D_9987623,0,0.0022249878,0
LA_D_9999103,0,0.0024167646,0
LA_D_1012227,0,0.00049273367,0
LA_D_1014431,0,0.004552037,0
LA_D_1020531,0,0.009606536,0
LA_D_1047504,0,0.00018006096,0
LA_D_1166735,0,0.0017926175,0
LA_D_1192014,0,0.00073071534,0
LA_D_1230496,0,0.00049930037,0
LA_D_1237580,0,0.0005332543,0
LA_D_1238377,0,0.00071219925,0
LA_D_1288544,0,0.0012141278,0
LA_D_1314828,0,7.335816e-05,0
LA_D_1338441,0,8.176434e-05,0
LA_D_1344270,0,0.00012919719,0
LA_D_1381092,0,0.21296598,0
LA_D_1397130,0,0.0005623161,0
LA_D_1425279,0,0.0001491677,0
LA_D_1435765,0,0.0003871082,0
LA_D_1458324,0,0.00015691337,0
LA_D_1515269,0,0.1475147,0
LA_D_1526999,0,0.00034221544,0
LA_D_1530272,0,0.0015187648,0
LA_D_1547454,0,0.00010900672,0
LA_D_1557794,0,0.00027439083,0
LA_D_1560736,0,0.0031498803,0
LA_D_1585396,0,0.00010211652,0
LA_D_1590976,0,0.00017494205,0
LA_D_1619482,0,0.0015421823,0
LA_D_1655868,0,0.004653827,0
LA_D_1695298,0,0.00078806013,0
LA_D_1735779,0,0.0021959469,0
LA_D_1876117,0,0.0046755825,0
LA_D_1884089,0,0.00021339438,0
LA_D_1914746,0,0.00045158045,0
LA_D_1923715,0,0.00017230668,0
LA_D_2015444,0,0.0021201991,0
LA_D_2025462,0,0.0019642867,0
LA_D_2052501,0,0.0008936061,0
LA_D_2065855,0,0.0009542802,0
LA_D_2148710,0,0.00080097956,0
LA_D_2149013,0,0.004128367,0
LA_D_2156469,0,0.00039197697,0
LA_D_2227994,0,0.019187495,0
LA_D_2245820,0,0.0029532108,0
LA_D_2431217,0,6.932945e-05,0
LA_D_2452864,0,0.001925673,0
LA_D_2474451,0,0.000610927,0
LA_D_2496402,0,0.01613148,0
LA_D_2503752,0,0.00093613163,0
LA_D_2519640,0,0.00014951144,0
LA_D_2559709,0,0.0002016607,0
LA_D_2587582,0,0.00019888689,0
LA_D_2648488,0,0.00016157061,0
LA_D_2692844,0,0.0004967521,0
LA_D_2697285,0,7.4382246e-05,0
LA_D_2706144,0,0.00023591303,0
LA_D_2740410,0,8.9933004e-05,0
LA_D_2749594,0,0.0005623102,0
LA_D_2770309,0,0.012355782,0
LA_D_2818232,0,0.00038295507,0
LA_D_2850788,0,0.00024256585,0
LA_D_2858116,0,0.00031555994,0
LA_D_2937524,0,0.00018827936,0
LA_D_3016130,0,0.0020944146,0
LA_D_3063803,0,0.12769097,0
LA_D_3110494,0,0.00058616616,0
LA_D_3120664,0,0.0015118129,0
LA_D_3139923,0,0.0007103646,0
LA_D_3173801,0,0.00025577977,0
LA_D_3184034,0,0.014445687,0
LA_D_3219891,0,0.0011180658,0
LA_D_3267906,0,4.6769925e-05,0
LA_D_3318993,0,0.28066733,0
LA_D_3326531,0,0.00011784491,0
LA_D_3327838,0,0.00017818736,0
LA_D_3368117,0,0.008171577,0
LA_D_3433833,0,0.00020199844,0
LA_D_3487934,0,0.00045975993,0
LA_D_3507476,0,0.0006847594,0
LA_D_3554932,0,0.001873892,0
LA_D_3587041,0,0.001555479,0
LA_D_3602579,0,0.0006161936,0
LA_D_3606925,0,0.0013881511,0
LA_D_3610609,0,0.0009081327,0
LA_D_3658839,0,0.000261738,0
LA_D_3676858,0,0.000936318,0
LA_D_3685984,0,0.0018931673,0
LA_D_3699071,0,0.001253483,0
LA_D_3733676,0,0.00013252547,0
LA_D_3740651,0,0.00012728445,0
LA_D_3740762,0,0.0010571657,0
LA_D_3782088,0,0.00024724888,0
LA_D_3817954,0,0.000905938,0
LA_D_3830682,0,0.0011753377,0
LA_D_3839496,0,0.00034889136,0
LA_D_3840331,0,0.00029989326,0
LA_D_3850321,0,0.00034731106,0
LA_D_3856735,0,0.0004669426,0
LA_D_3902334,0,0.00069463963,0
LA_D_3950755,0,0.00020773249,0
LA_D_3960317,0,0.000114870374,0
LA_D_3993363,0,0.018012557,0
LA_D_4035314,0,0.0005165433,0
LA_D_4093608,0,0.0003536479,0
LA_D_4114998,0,8.059426e-05,0
LA_D_4122059,0,0.0003148042,0
LA_D_4126982,0,0.00022742014,0
LA_D_4155696,0,0.0007212802,0
LA_D_4198062,0,0.0015906905,0
LA_D_4200652,0,0.00019418816,0
LA_D_4208217,0,0.00020770695,0
LA_D_4259319,0,0.013207694,0
LA_D_4274538,0,0.0003817693,0
LA_D_4288070,0,0.00024017575,0
LA_D_4309778,0,0.00014819231,0
LA_D_4359484,0,0.0006412037,0
LA_D_4360635,0,0.0003570862,0
LA_D_4460052,0,0.00042705907,0
LA_D_4481392,0,0.00045408407,0
LA_D_4489550,0,0.00022271748,0
LA_D_4517823,0,0.00018693792,0
LA_D_4552417,0,0.00016269885,0
LA_D_4561795,0,0.00043244447,0
LA_D_4565934,0,0.00011541275,0
LA_D_4589903,0,0.00046930698,0
LA_D_4621507,0,0.00038084545,0
LA_D_4623174,0,0.001570464,0
LA_D_4657513,0,0.00061737275,0
LA_D_4723030,0,0.00021509232,0
LA_D_4729032,0,0.00015975922,0
LA_D_4739739,0,0.0008163355,0
LA_D_4777058,0,0.00041874137,0
LA_D_4778408,0,0.0012054926,0
LA_D_4797826,0,0.0044978885,0
LA_D_4808965,0,0.0014030114,0
LA_D_4827296,0,0.0007015136,0
LA_D_4840118,0,0.00067934743,0
LA_D_4841813,0,0.0002547384,0
LA_D_4880667,0,0.00089079014,0
LA_D_5040821,0,0.00047040475,0
LA_D_5058835,0,0.00048259046,0
LA_D_5066305,0,6.537829e-05,0
LA_D_5085644,0,0.00082124217,0
LA_D_5154611,0,0.0002463761,0
LA_D_5178700,0,5.1065716e-05,0
LA_D_5184992,0,0.08896662,0
LA_D_5220940,0,6.606985e-05,0
LA_D_5241773,0,0.00034761528,0
LA_D_5259263,0,0.000700028,0
LA_D_5269116,0,0.0018812824,0
LA_D_5277230,0,0.0004131085,0
LA_D_5303690,0,0.0001517574,0
LA_D_5353056,0,8.001587e-05,0
LA_D_5376558,0,0.00060991914,0
LA_D_5387772,0,5.7123932e-05,0
LA_D_5403183,0,0.0002524465,0
LA_D_5406612,0,0.00013551548,0
LA_D_5407124,0,0.00043430395,0
LA_D_5437611,0,0.00035388686,0
LA_D_5444377,0,0.001392624,0
LA_D_5469841,0,0.00093053636,0
LA_D_5498403,0,0.00015094964,0
LA_D_5533562,0,0.00017150791,0
LA_D_5590089,0,0.0054966514,0
LA_D_5602225,0,0.0010074385,0
LA_D_5706924,0,0.0008987666,0
LA_D_5783639,0,0.0010635529,0
LA_D_5786466,0,0.0005746013,0
LA_D_5844700,0,0.00038656392,0
LA_D_5935235,0,0.00012072824,0
LA_D_5995130,0,0.0005664501,0
LA_D_6004575,0,0.00021842877,0
LA_D_6013939,0,6.878012e-05,0
LA_D_6055160,0,0.00023180949,0
LA_D_6088049,0,0.00080643507,0
LA_D_6098836,0,0.001106564,0
LA_D_6112842,0,0.004109619,0
LA_D_6199321,0,0.00050504506,0
LA_D_6212632,0,0.0119296545,0
LA_D_6226703,0,0.00015351773,0
LA_D_6244357,0,0.0002267526,0
LA_D_6332465,0,0.0021053946,0
LA_D_6455805,0,0.00060933287,0
LA_D_6461375,0,4.642439e-05,0
LA_D_6465292,0,0.000751711,0
LA_D_6496142,0,0.0025021557,0
LA_D_6528108,0,0.0003178492,0
LA_D_6530873,0,0.00087187224,0
LA_D_6544417,0,0.00039430472,0
LA_D_6545950,0,0.0012688586,0
LA_D_6570467,0,0.00018444868,0
LA_D_6573674,0,0.0002700092,0
LA_D_6574286,0,0.00061537215,0
LA_D_6582753,0,0.0007301018,0
LA_D_6599782,0,0.00048388183,0
LA_D_6632470,0,0.00074208126,0
LA_D_6670740,0,0.001517932,0
LA_D_6672788,0,0.0029455435,0
LA_D_6675072,0,8.3818646e-05,0
LA_D_6715404,0,0.0006703681,0
LA_D_6725694,0,0.0003592272,0
LA_D_6755211,0,0.00077644986,0
LA_D_6807474,0,0.00075444556,0
LA_D_6837429,0,0.056003198,0
LA_D_6920572,0,0.001454364,0
LA_D_6934750,0,0.0002734225,0
LA_D_6987996,0,5.9279842e-05,0
LA_D_7007048,0,0.00065342285,0
LA_D_7013578,0,0.0010281194,0
LA_D_7097232,0,0.0012932067,0
LA_D_7151864,0,0.0004733417,0
LA_D_7166018,0,0.00020645988,0
LA_D_7171872,0,0.00011041485,0
LA_D_7177498,0,0.0005408703,0
LA_D_7181486,0,0.00011349761,0
LA_D_7193682,0,0.003710315,0
LA_D_7195216,0,0.0006010824,0
LA_D_7223335,0,0.0012104282,0
LA_D_7230744,0,8.096254e-05,0
LA_D_7254687,0,0.000671546,0
LA_D_7262507,0,0.0005828561,0
LA_D_7265699,0,0.0017163907,0
LA_D_7271267,0,0.00056249625,0
LA_D_7333937,0,0.0020199239,0
LA_D_7360247,0,0.00035856894,0
LA_D_7369058,0,0.00031646527,0
LA_D_7376418,0,0.00011024358,0
LA_D_7451316,0,0.0003311135,0
LA_D_7454810,0,0.0015572708,0
LA_D_7463026,0,0.0013986916,0
LA_D_7518190,0,9.971509e-05,0
LA_D_7529474,0,0.0010704099,0
LA_D_7542817,0,0.0002456937,0
LA_D_7556257,0,0.00097178813,0
LA_D_7559615,0,0.0011739274,0
LA_D_7574221,0,0.0003017454,0
LA_D_7615760,0,0.00058672065,0
LA_D_7621051,0,0.00049102376,0
LA_D_7632101,0,0.0009740281,0
LA_D_7634677,0,0.00013304535,0
LA_D_7641847,0,0.00010633726,0
LA_D_7641862,0,0.0006855116,0
LA_D_7647228,0,0.00012968386,0
LA_D_7677517,0,0.0016716985,0
LA_D_7712332,0,0.001329674,0
LA_D_7760383,0,0.0002371552,0
LA_D_7765965,0,0.0010952465,0
LA_D_7824395,0,0.00015029631,0
LA_D_7848022,0,0.00019367947,0
LA_D_7851813,0,0.00046951705,0
LA_D_7914339,0,0.0014217693,0
LA_D_7934602,0,0.013742017,0
LA_D_7966865,0,0.00010429515,0
LA_D_7978139,0,0.00018939155,0
LA_D_8028538,0,0.0002253841,0
LA_D_8052889,0,0.0007201024,0
LA_D_8143136,0,0.0006083988,0
LA_D_8155263,0,0.00014961496,0
LA_D_8213363,0,0.00051739253,0
LA_D_8255145,0,0.00026757055,0
LA_D_8260557,0,0.00016459347,0
LA_D_8295327,0,0.00047941608,0
LA_D_8311267,0,0.00030560986,0
LA_D_8320215,0,0.0035503544,0
LA_D_8434598,0,0.0013508848,0
LA_D_8440388,0,0.00025141682,0
LA_D_8468521,0,0.00042628305,0
LA_D_8492918,0,0.00020294303,0
LA_D_8553879,0,0.00019610242,0
LA_D_8588291,0,0.00022213046,0
LA_D_8615151,0,0.0025842316,0
LA_D_8638133,0,0.0014127466,0
LA_D_8757329,0,0.00071026175,0
LA_D_8794428,0,0.00013046117,0
LA_D_8878329,0,0.00025226417,0
LA_D_8896845,0,0.00033845098,0
LA_D_8897918,0,0.00080325385,0
LA_D_8938870,0,0.0005217362,0
LA_D_8954870,0,0.00080414454,0
LA_D_8972358,0,0.00080306176,0
LA_D_9051053,0,0.012338452,0
LA_D_9089163,0,0.0022033898,0
LA_D_9133837,0,0.0005311351,0
LA_D_9161520,0,0.0007956928,0
LA_D_9167700,0,0.00015929481,0
LA_D_9209868,0,0.0002036696,0
LA_D_9283374,0,0.00030311267,0
LA_D_9285185,0,0.00033564214,0
LA_D_9415707,0,0.00024041286,0
LA_D_9419753,0,0.0026483636,0
LA_D_9422039,0,0.00040583932,0
LA_D_9483474,0,0.0010730083,0
LA_D_9490869,0,0.0022854689,0
LA_D_9499913,0,0.00030241758,0
LA_D_9524872,0,0.0010527546,0
LA_D_9677105,0,6.754476e-05,0
LA_D_9717884,0,0.0001479555,0
LA_D_9718269,0,0.001502835,0
LA_D_9721422,0,0.0001493171,0
LA_D_9733138,0,0.00034427864,0
LA_D_9743129,0,0.00029938904,0
LA_D_9749726,0,0.00018883382,0
LA_D_9755038,0,0.000585591,0
LA_D_9781850,0,0.003916423,0
LA_D_9829062,0,0.0004665042,0
LA_D_9898895,0,0.0065305843,0
LA_D_9911508,0,4.1629555e-05,0
LA_D_9915639,0,0.0032942127,0
LA_D_9977828,0,0.0011732242,0
LA_D_1002626,0,0.0013236444,0
LA_D_1007975,0,0.00071541034,0
LA_D_1013553,0,0.00050453667,0
LA_D_1021287,0,0.00027609762,0
LA_D_1027039,0,0.0016093849,0
LA_D_1044414,0,0.0012122154,0
LA_D_1060987,0,0.00030381078,0
LA_D_1075128,0,0.0012185083,0
LA_D_1075190,0,0.003337838,0
LA_D_1145856,0,0.0017897104,0
LA_D_1146557,0,0.000111501686,0
LA_D_1165413,0,0.000544453,0
LA_D_1245164,0,0.010941718,0
LA_D_1270677,0,0.0003819677,0
LA_D_1281285,0,0.00055573677,0
LA_D_1293149,0,0.00046637235,0
LA_D_1312652,0,0.00013708079,0
LA_D_1332227,0,0.0008411854,0
LA_D_1340170,0,0.00085307984,0
LA_D_1358422,0,0.00019614749,0
LA_D_1391969,0,0.000728504,0
LA_D_1402940,0,0.00040315936,0
LA_D_1414224,0,0.0003778965,0
LA_D_1415528,0,0.0003152394,0
LA_D_1425046,0,0.00013387458,0
LA_D_1428381,0,0.0011521993,0
LA_D_1444623,0,0.00045809997,0
LA_D_1453864,0,6.967435e-05,0
LA_D_1476819,0,0.00081982627,0
LA_D_1510431,0,0.00064874784,0
LA_D_1512564,0,0.0034128584,0
LA_D_1517144,0,0.0025081458,0
LA_D_1526816,0,0.00020718752,0
LA_D_1529378,0,0.0009435092,0
LA_D_1539541,0,0.0002839337,0
LA_D_1541459,0,0.1621398,0
LA_D_1549509,0,0.0005916173,0
LA_D_1594826,0,0.011741839,0
LA_D_1602771,0,0.07569323,0
LA_D_1607262,0,0.002455449,0
LA_D_1648141,0,0.0009193854,0
LA_D_1743004,0,0.00013309205,0
LA_D_1765969,0,0.0011466445,0
LA_D_1767206,0,9.203241e-05,0
LA_D_1789917,0,0.00090332504,0
LA_D_1805963,0,0.00015740369,0
LA_D_1862965,0,0.00011656312,0
LA_D_1911374,0,0.00010451965,0
LA_D_1952275,0,0.058514234,0
LA_D_1959983,0,0.00069161167,0
LA_D_1972495,0,0.0008530948,0
LA_D_2018291,0,0.00036989345,0
LA_D_2087494,0,0.0011401008,0
LA_D_2103093,0,0.00074487564,0
LA_D_2117812,0,0.0002070801,0
LA_D_2123475,0,0.0008017176,0
LA_D_2158229,0,0.0019057536,0
LA_D_2195628,0,0.0001280453,0
LA_D_2265384,0,0.0006665463,0
LA_D_2274956,0,0.00023782092,0
LA_D_2282941,0,0.0018849677,0
LA_D_2287068,0,0.0007164348,0
LA_D_2290106,0,0.00035008328,0
LA_D_2388321,0,0.0002874542,0
LA_D_2424417,0,0.00051886897,0
LA_D_2451686,0,0.0009623694,0
LA_D_2483131,0,0.0005074452,0
LA_D_2485529,0,0.0010380707,0
LA_D_2489813,0,0.00011419217,0
LA_D_2590761,0,0.018989723,0
LA_D_2621260,0,0.009383964,0
LA_D_2625129,0,0.00018056332,0
LA_D_2655621,0,0.0034595698,0
LA_D_2692895,0,0.00019644096,0
LA_D_2720424,0,0.00087100954,0
LA_D_2735004,0,0.0019369684,0
LA_D_2736443,0,0.00015980187,0
LA_D_2822470,0,0.20246927,0
LA_D_2923476,0,0.027128125,0
LA_D_2931790,0,0.0002225882,0
LA_D_3038261,0,0.00083306595,0
LA_D_3094249,0,0.00011373184,0
LA_D_3101356,0,0.0008203006,0
LA_D_3164806,0,0.0009737511,0
LA_D_3179309,0,0.00070402445,0
LA_D_3197490,0,0.00075438514,0
LA_D_3213920,0,0.0036186068,0
LA_D_3248074,0,0.005922936,0
LA_D_3275794,0,0.0009451376,0
LA_D_3307235,0,0.00018249969,0
LA_D_3369365,0,0.0010696698,0
LA_D_3418140,0,8.878674e-05,0
LA_D_3421613,0,0.044279262,0
LA_D_3422355,0,0.0010611827,0
LA_D_3427328,0,0.00031802893,0
LA_D_3460862,0,0.0008051314,0
LA_D_3476775,0,0.0004903596,0
LA_D_3515006,0,0.0004399595,0
LA_D_3526562,0,0.00038735277,0
LA_D_3548689,0,0.0002460519,0
LA_D_3589733,0,0.0013061912,0
LA_D_3603256,0,0.00013225747,0
LA_D_3618771,0,0.0007291234,0
LA_D_3622353,0,0.00029907897,0
LA_D_3734390,0,0.0005885283,0
LA_D_3745321,0,0.00027327394,0
LA_D_3750321,0,0.00037652088,0
LA_D_3771602,0,0.0015071837,0
LA_D_3774026,0,0.00024181264,0
LA_D_3857630,0,0.00023693642,0
LA_D_3863951,0,0.00082347123,0
LA_D_3895547,0,0.0009846194,0
LA_D_3911013,0,0.0005877063,0
LA_D_3913064,0,0.0008922666,0
LA_D_3916686,0,0.0006177224,0
LA_D_3931322,0,0.0012541171,0
LA_D_3965995,0,0.0021971862,0
LA_D_3975408,0,0.00029015617,0
LA_D_3977983,0,0.0003787341,0
LA_D_3989469,0,0.0006381178,0
LA_D_4018947,0,0.00018645603,0
LA_D_4035138,0,0.00033344148,0
LA_D_4036070,0,0.0004913173,0
LA_D_4037538,0,0.0016807906,0
LA_D_4071164,0,0.00049229007,0
LA_D_4079359,0,0.0017532712,0
LA_D_4107017,0,0.0010180862,0
LA_D_4116325,0,0.0013311248,0
LA_D_4150517,0,0.00043607948,0
LA_D_4167033,0,0.0011943086,0
LA_D_4232929,0,0.00037557838,0
LA_D_4249206,0,0.00023642283,0
LA_D_4262014,0,0.00013559847,0
LA_D_4331052,0,0.0024363063,0
LA_D_4344547,0,0.00068188005,0
LA_D_4382110,0,0.00020676642,0
LA_D_4411229,0,0.00047251064,0
LA_D_4452994,0,0.0007208033,0
LA_D_4467077,0,0.00018963966,0
LA_D_4505290,0,0.0005483964,0
LA_D_4539356,0,0.005127549,0
LA_D_4555408,0,0.001570404,0
LA_D_4585593,0,0.0011795722,0
LA_D_4606355,0,0.00023856174,0
LA_D_4627319,0,0.0006988059,0
LA_D_4685861,0,0.0010833121,0
LA_D_4708179,0,0.00053951796,0
LA_D_4735638,0,0.0009015206,0
LA_D_4744246,0,0.0006375834,0
LA_D_4767892,0,7.208058e-05,0
LA_D_4793229,0,0.0009981551,0
LA_D_4796348,0,0.00034857518,0
LA_D_4969991,0,0.00017908038,0
LA_D_4991294,0,0.0006851312,0
LA_D_5012127,0,0.0013186007,0
LA_D_5055165,0,0.00034410344,0
LA_D_5109561,0,0.0012363396,0
LA_D_5140508,0,0.008972602,0
LA_D_5163761,0,0.00014849825,0
LA_D_5193544,0,0.00015905834,0
LA_D_5220521,0,0.0055684783,0
LA_D_5253806,0,0.00029670465,0
LA_D_5269911,0,0.00038226275,0
LA_D_5312245,0,0.00063184596,0
LA_D_5404458,0,0.0006570241,0
LA_D_5409509,0,0.00015051861,0
LA_D_5459095,0,0.000378508,0
LA_D_5476884,0,0.00096949463,0
LA_D_5486513,0,0.0011762842,0
LA_D_5536552,0,0.000102799655,0
LA_D_5549592,0,0.00024211255,0
LA_D_5609423,0,0.00086236454,0
LA_D_5613500,0,0.0079157725,0
LA_D_5622630,0,0.0010412025,0
LA_D_5673312,0,0.0003881246,0
LA_D_5679192,0,0.00074707903,0
LA_D_5685998,0,0.004180614,0
LA_D_5769309,0,0.00062568416,0
LA_D_5801020,0,0.0003411839,0
LA_D_5830923,0,0.00039963634,0
LA_D_5861399,0,0.00030014897,0
LA_D_5887076,0,0.0006607944,0
LA_D_5908876,0,7.461861e-05,0
LA_D_6028756,0,0.00079572503,0
LA_D_6062114,0,0.0003675922,0
LA_D_6079609,0,0.00029313684,0
LA_D_6113648,0,0.00048811903,0
LA_D_6141449,0,0.001310735,0
LA_D_6161090,0,0.00020968527,0
LA_D_6161483,0,0.00019422742,0
LA_D_6165815,0,0.00054925145,0
LA_D_6184039,0,0.00037312577,0
LA_D_6206158,0,0.00087806414,0
LA_D_6291610,0,0.00036280183,0
LA_D_6432124,0,0.04188642,0
LA_D_6449816,0,0.00034572254,0
LA_D_6462722,0,0.0010304806,0
LA_D_6525457,0,0.00041723903,0
LA_D_6603638,0,0.0023803136,0
LA_D_6634413,0,0.0005558989,0
LA_D_6656541,0,0.00030118893,0
LA_D_6698865,0,0.0008135514,0
LA_D_6709571,0,0.0076161744,0
LA_D_6710971,0,0.0006570707,0
LA_D_6773995,0,0.00044521334,0
LA_D_6777944,0,0.0036466538,0
LA_D_6791229,0,0.006340231,0
LA_D_6807774,0,0.00033712454,0
LA_D_6842546,0,0.00019328762,0
LA_D_6847229,0,0.00015912206,0
LA_D_6854275,0,0.0003884068,0
LA_D_6897891,0,0.0010159009,0
LA_D_6953783,0,0.0006761711,0
LA_D_6973097,0,0.000600359,0
LA_D_6987202,0,0.0010013909,0
LA_D_7086357,0,0.0006310161,0
LA_D_7097361,0,8.9390574e-05,0
LA_D_7116605,0,0.030461084,0
LA_D_7187563,0,0.00028009585,0
LA_D_7209731,0,0.00066504505,0
LA_D_7289655,0,0.0006298138,0
LA_D_7312870,0,0.00043958786,0
LA_D_7336188,0,0.000738772,0
LA_D_7346067,0,0.000789668,0
LA_D_7354898,0,0.0004957937,0
LA_D_7431998,0,0.0012176753,0
LA_D_7470679,0,0.0019086355,0
LA_D_7473728,0,0.0010163336,0
LA_D_7551227,0,0.00028247485,0
LA_D_7623757,0,0.0005549365,0
LA_D_7647218,0,0.00015755506,0
LA_D_7659039,0,0.00018095078,0
LA_D_7683536,0,0.00043729375,0
LA_D_7773540,0,0.3405524,0
LA_D_7803058,0,0.0001960155,0
LA_D_7804582,0,0.00073942845,0
LA_D_7824709,0,0.00029209378,0
LA_D_7828554,0,0.00025992736,0
LA_D_7853660,0,0.000768047,0
LA_D_7895951,0,0.004334014,0
LA_D_7905993,0,0.00026656277,0
LA_D_7944594,0,0.00017546896,0
LA_D_8006888,0,0.00036565465,0
LA_D_8030557,0,0.00029439692,0
LA_D_8103199,0,0.0013110827,0
LA_D_8125961,0,0.00134185,0
LA_D_8167492,0,0.00044481014,0
LA_D_8172970,0,0.0004482564,0
LA_D_8257425,0,0.0006743605,0
LA_D_8261981,0,0.00076712755,0
LA_D_8263001,0,0.0012870334,0
LA_D_8282334,0,0.00022842542,0
LA_D_8352186,0,0.0008887575,0
LA_D_8368027,0,0.001323318,0
LA_D_8377834,0,0.0010333714,0
LA_D_8445966,0,0.00036343202,0
LA_D_8450378,0,0.00013751125,0
LA_D_8478346,0,0.0009423699,0
LA_D_8481884,0,0.0010014371,0
LA_D_8511990,0,0.0001256895,0
LA_D_8521403,0,0.00096100563,0
LA_D_8582209,0,0.00090290507,0
LA_D_8594091,0,0.0007920371,0
LA_D_8610307,0,0.0011661412,0
LA_D_8635185,0,0.00013506706,0
LA_D_8675909,0,0.00063136587,0
LA_D_8702097,0,0.0010954707,0
LA_D_8736560,0,0.0026076871,0
LA_D_8739986,0,0.0006065241,0
LA_D_8743472,0,0.08700644,0
LA_D_8779034,0,0.0003881059,0
LA_D_8798927,0,0.0019018837,0
LA_D_8988479,0,0.00020358666,0
LA_D_9021893,0,0.00037199652,0
LA_D_9119095,0,0.004054542,0
LA_D_9183719,0,0.007189488,0
LA_D_9192418,0,0.0033254544,0
LA_D_9197542,0,0.000996452,0
LA_D_9203142,0,0.00044360964,0
LA_D_9232895,0,0.001795879,0
LA_D_9289288,0,9.164855e-05,0
LA_D_9344368,0,0.0006278226,0
LA_D_9363151,0,0.00034035245,0
LA_D_9382127,0,0.00018907886,0
LA_D_9384507,0,0.0008923132,0
LA_D_9431218,0,0.112072706,0
LA_D_9459944,0,0.00042095385,0
LA_D_9467977,0,0.009301441,0
LA_D_9492240,0,0.0006694921,0
LA_D_9500692,0,7.8649406e-05,0
LA_D_9505564,0,0.008832894,0
LA_D_9520422,0,0.00028995733,0
LA_D_9566347,0,0.000553156,0
LA_D_9581321,0,0.0015098758,0
LA_D_9635349,0,0.2665902,0
LA_D_9664872,0,0.00073885685,0
LA_D_9678415,0,0.0006042001,0
LA_D_9712952,0,0.004585309,0
LA_D_9731820,0,0.0014736685,0
LA_D_9753113,0,0.00017468868,0
LA_D_9801886,0,0.001066857,0
LA_D_9838599,0,0.0019569956,0
LA_D_9872046,0,0.000836629,0
LA_D_9872925,0,0.00081399817,0
LA_D_9934410,0,0.0006498456,0
LA_D_9955936,0,0.0007901705,0
LA_D_9980325,0,0.0005275817,0
LA_D_9982743,0,7.9736325e-05,0
LA_D_1001095,0,0.00026888092,0
LA_D_1036594,0,0.0010403829,0
LA_D_1036986,0,0.00041254063,0
LA_D_1065306,0,0.00034505464,0
LA_D_1073474,0,0.00056800287,0
LA_D_1084765,0,0.00037225476,0
LA_D_1085765,0,0.00055341446,0
LA_D_1097191,0,0.00046582456,0
LA_D_1202021,0,0.0004786943,0
LA_D_1261801,0,0.00060811214,0
LA_D_1264748,0,0.00044831776,0
LA_D_1325941,0,0.00025786748,0
LA_D_1348124,0,0.0006871249,0
LA_D_1362199,0,0.00014181672,0
LA_D_1369901,0,0.00036982328,0
LA_D_1385978,0,0.0011971496,0
LA_D_1401409,0,0.00024208162,0
LA_D_1473361,0,0.00055324857,0
LA_D_1477090,0,0.00014153437,0
LA_D_1533857,0,0.0005147691,0
LA_D_1541976,0,0.00024289911,0
LA_D_1580544,0,0.00066843885,0
LA_D_1653412,0,0.0012567682,0
LA_D_1656978,0,0.00090608606,0
LA_D_1675990,0,0.00055363076,0
LA_D_1689302,0,0.0005286202,0
LA_D_1699219,0,0.0010416633,0
LA_D_1733065,0,0.00022509503,0
LA_D_1782967,0,0.000799581,0
LA_D_1808507,0,0.0006510389,0
LA_D_1811445,0,0.0002406954,0
LA_D_1830846,0,0.0006701586,0
LA_D_1845069,0,0.00020002302,0
LA_D_1882691,0,0.00036139137,0
LA_D_1897752,0,0.00081657275,0
LA_D_1907831,0,0.0006470057,0
LA_D_1990270,0,0.0004481955,0
LA_D_1999219,0,0.00021119695,0
LA_D_2000093,0,0.0012610586,0
LA_D_2034813,0,0.00047254984,0
LA_D_2039768,0,0.00023855398,0
LA_D_2049455,0,0.0026200165,0
LA_D_2065272,0,0.000314954,0
LA_D_2074516,0,0.00019226104,0
LA_D_2085012,0,0.00027700752,0
LA_D_2113565,0,0.000102745165,0
LA_D_2125183,0,0.00044172574,0
LA_D_2143803,0,0.00026569067,0
LA_D_2146476,0,0.00093579147,0
LA_D_2156580,0,0.0004451692,0
LA_D_2165611,0,0.0011994988,0
LA_D_2185134,0,0.00027480003,0
LA_D_2195201,0,0.00022701372,0
LA_D_2231364,0,0.00047982752,0
LA_D_2327416,0,0.00034462952,0
LA_D_2332467,0,0.0010804881,0
LA_D_2396773,0,0.00012866707,0
LA_D_2413811,0,0.000820242,0
LA_D_2418943,0,0.00067033677,0
LA_D_2419036,0,0.001260708,0
LA_D_2434538,0,0.00032908085,0
LA_D_2488913,0,0.00035152407,0
LA_D_2490025,0,7.8897974e-05,0
LA_D_2553532,0,0.0002715507,0
LA_D_2566690,0,0.0005277339,0
LA_D_2576768,0,0.00028965337,0
LA_D_2602113,0,0.00040036486,0
LA_D_2609052,0,0.0002466137,0
LA_D_2623262,0,0.00039410515,0
LA_D_2625605,0,0.04423363,0
LA_D_2649278,0,0.00033759107,0
LA_D_2649880,0,0.0004761488,0
LA_D_2655283,0,0.0009887678,0
LA_D_2693758,0,0.00010499565,0
LA_D_2705731,0,0.00088053534,0
LA_D_2708980,0,0.0004508791,0
LA_D_2736449,0,0.00049550645,0
LA_D_2772837,0,0.0008023626,0
LA_D_2825662,0,0.00056561606,0
LA_D_2826776,0,0.00016484271,0
LA_D_2835735,0,0.00033418045,0
LA_D_2849155,0,0.00225529,0
LA_D_2853662,0,0.00032468463,0
LA_D_2885274,0,0.0005043044,0
LA_D_2912682,0,0.00012328297,0
LA_D_2928032,0,0.0068986416,0
LA_D_2948723,0,0.0014920812,0
LA_D_3019114,0,0.00020993852,0
LA_D_3081777,0,0.00042433472,0
LA_D_3101866,0,0.00029578,0
LA_D_3116504,0,0.00043859505,0
LA_D_3116736,0,0.0015899197,0
LA_D_3144655,0,0.00010335214,0
LA_D_3153050,0,0.000750883,0
LA_D_3158608,0,0.0007181372,0
LA_D_3159204,0,0.00075841014,0
LA_D_3176378,0,0.00047171925,0
LA_D_3251300,0,0.00030564397,0
LA_D_3254201,0,0.000506507,0
LA_D_3259137,0,6.374428e-05,0
LA_D_3347156,0,0.0010639294,0
LA_D_3349453,0,0.0013118858,0
LA_D_3383046,0,0.00073073735,0
LA_D_3386727,0,0.00036261926,0
LA_D_3446645,0,0.00019790644,0
LA_D_3461953,0,0.0003789508,0
LA_D_3468801,0,0.00034844162,0
LA_D_3508879,0,0.0007280039,0
LA_D_3533916,0,0.00043246878,0
LA_D_3534602,0,0.00018036201,0
LA_D_3539484,0,0.00020386891,0
LA_D_3582380,0,0.00059850764,0
LA_D_3593928,0,0.0003512862,0
LA_D_3597531,0,0.00016158647,0
LA_D_3611560,0,0.00068451575,0
LA_D_3666804,0,0.0003072283,0
LA_D_3682065,0,0.0005342199,0
LA_D_3682613,0,0.0002229797,0
LA_D_3701247,0,0.0004499519,0
LA_D_3746495,0,0.0008308008,0
LA_D_3760422,0,0.00025489434,0
LA_D_3773329,0,0.00044879448,0
LA_D_3808030,0,0.0003397052,0
LA_D_3823574,0,0.00017852406,0
LA_D_3827873,0,0.00064208434,0
LA_D_3835319,0,0.00018661327,0
LA_D_3865981,0,0.0003836451,0
LA_D_4024245,0,0.00030908152,0
LA_D_4048880,0,0.0004859424,0
LA_D_4057176,0,0.0004347347,0
LA_D_4099596,0,0.00038149607,0
LA_D_4142832,0,0.00048838224,0
LA_D_4162885,0,0.00070176163,0
LA_D_4176167,0,0.0015642578,0
LA_D_4185000,0,0.00072644907,0
LA_D_4185261,0,0.00021765998,0
LA_D_4192008,0,0.0001956318,0
LA_D_4200824,0,0.0043221777,0
LA_D_4200974,0,0.00078590587,0
LA_D_4206836,0,0.0007832119,0
LA_D_4218588,0,0.0003533262,0
LA_D_4226126,0,0.013799588,0
LA_D_4239904,0,0.00039124786,0
LA_D_4290017,0,0.00036970308,0
LA_D_4304225,0,0.00021951612,0
LA_D_4335932,0,0.00010360346,0
LA_D_4348413,0,0.0011705095,0
LA_D_4353332,0,0.0008594479,0
LA_D_4365682,0,0.00064098433,0
LA_D_4377114,0,0.0005863288,0
LA_D_4442511,0,0.00033486963,0
LA_D_4488788,0,0.00012871259,0
LA_D_4507888,0,0.0003889296,0
LA_D_4554509,0,0.0005135041,0
LA_D_4556349,0,0.00018496242,0
LA_D_4562728,0,0.00034146276,0
LA_D_4567965,0,0.0005162221,0
LA_D_4593541,0,0.00071257126,0
LA_D_4601171,0,0.00023948128,0
LA_D_4601616,0,0.0012191046,0
LA_D_4617063,0,0.00024035624,0
LA_D_4626453,0,0.00036257814,0
LA_D_4678507,0,0.000592971,0
LA_D_4683975,0,0.000255039,0
LA_D_4745476,0,0.0016119452,0
LA_D_4776677,0,0.00023612457,0
LA_D_4784347,0,0.00043533268,0
LA_D_4810605,0,0.0010425067,0
LA_D_4816769,0,0.0002821516,0
LA_D_4845159,0,0.00047309563,0
LA_D_4899370,0,0.00082187477,0
LA_D_4914250,0,0.0010129166,0
LA_D_4929765,0,0.00085089274,0
LA_D_4931376,0,0.0002909456,0
LA_D_4935046,0,0.0037355318,0
LA_D_4935731,0,0.0009442042,0
LA_D_4939706,0,0.0014737247,0
LA_D_4954651,0,0.0004549161,0
LA_D_4974078,0,0.0004959667,0
LA_D_4979175,0,0.00017527299,0
LA_D_5013283,0,0.00025170966,0
LA_D_5070679,0,0.0002684168,0
LA_D_5073015,0,0.00053554744,0
LA_D_5074932,0,0.00041775798,0
LA_D_5081966,0,0.00033168375,0
LA_D_5091510,0,0.0013880348,0
LA_D_5117623,0,0.000510444,0
LA_D_5131724,0,0.00014565104,0
LA_D_5136094,0,0.00073640223,0
LA_D_5198588,0,0.0016031878,0
LA_D_5212385,0,0.00027369478,0
LA_D_5239066,0,0.0007187346,0
LA_D_5246528,0,0.0005048869,0
LA_D_5263011,0,0.00037441903,0
LA_D_5269027,0,0.00014723199,0
LA_D_5294224,0,0.00022034674,0
LA_D_5297638,0,0.0006272222,0
LA_D_5299238,0,0.00017997205,0
LA_D_5325527,0,0.00035436134,0
LA_D_5372592,0,0.00012669124,0
LA_D_5393942,0,0.00066454895,0
LA_D_5404416,0,0.00016575863,0
LA_D_5448101,0,0.00016844094,0
LA_D_5458900,0,0.003274339,0
LA_D_5478028,0,0.0032730787,0
LA_D_5548468,0,0.00042252478,0
LA_D_5574945,0,0.00085132907,0
LA_D_5576148,0,0.02256624,0
LA_D_5611461,0,0.00046042062,0
LA_D_5677611,0,0.00010502269,0
LA_D_5687626,0,0.000674284,0
LA_D_5718984,0,0.0003435578,0
LA_D_5723608,0,0.0003984616,0
LA_D_5734083,0,0.00058671675,0
LA_D_5743745,0,0.0009055536,0
LA_D_5760810,0,0.00047585793,0
LA_D_5770424,0,0.0019763731,0
LA_D_5779022,0,0.00061341317,0
LA_D_5817478,0,0.00020813319,0
LA_D_5821269,0,0.00060067663,0
LA_D_5858787,0,0.00044880647,0
LA_D_5871485,0,0.00041463276,0
LA_D_5878266,0,0.0001664506,0
LA_D_5911892,0,0.0005361399,0
LA_D_5986701,0,0.0002946853,0
LA_D_6060308,0,0.0002111293,0
LA_D_6062316,0,0.00084708974,0
LA_D_6086453,0,0.00033576903,0
LA_D_6093454,0,0.00053008297,0
LA_D_6100016,0,0.00040205207,0
LA_D_6124016,0,0.0008969218,0
LA_D_6179252,0,0.000565075,0
LA_D_6186728,0,0.00026086406,0
LA_D_6208335,0,0.0013826796,0
LA_D_6218509,0,0.00073114166,0
LA_D_6238446,0,0.000489233,0
LA_D_6243690,0,0.00032273604,0
LA_D_6264639,0,0.00017612285,0
LA_D_6268296,0,0.0015439013,0
LA_D_6270876,0,0.0005506586,0
LA_D_6280073,0,9.9798905e-05,0
LA_D_6301940,0,0.0008175498,0
LA_D_6315906,0,0.0005578304,0
LA_D_6404209,0,0.00018720636,0
LA_D_6410108,0,0.00031461337,0
LA_D_6417597,0,0.0013916793,0
LA_D_6442890,0,0.0006721459,0
LA_D_6522313,0,0.0003528269,0
LA_D_6550883,0,0.00032421478,0
LA_D_6551713,0,0.0004387144,0
LA_D_6565562,0,0.00036332654,0
LA_D_6598988,0,0.00091254245,0
LA_D_6651726,0,0.00018119179,0
LA_D_6660188,0,0.00050364895,0
LA_D_6751883,0,0.00036798473,0
LA_D_6798093,0,0.00066696195,0
LA_D_6840690,0,0.0012833794,0
LA_D_6893250,0,0.00024889864,0
LA_D_6904176,0,0.00017997393,0
LA_D_6905344,0,0.007167229,0
LA_D_6913174,0,0.00043555663,0
LA_D_6925836,0,0.00042076388,0
LA_D_6931090,0,0.00030269218,0
LA_D_6965307,0,0.00025754512,0
LA_D_6993157,0,0.000764465,0
LA_D_7015244,0,0.00017192592,0
LA_D_7029392,0,0.00016977394,0
LA_D_7034755,0,0.00019834886,0
LA_D_7064323,0,0.0007182984,0
LA_D_7065500,0,0.00067479024,0
LA_D_7100095,0,0.0005556224,0
LA_D_7111174,0,0.00015257647,0
LA_D_7138620,0,0.00028184053,0
LA_D_7190406,0,0.0003991975,0
LA_D_7197317,0,0.0003055076,0
LA_D_7218513,0,0.0005558369,0
LA_D_7225053,0,0.00032651328,0
LA_D_7233780,0,0.00015314449,0
LA_D_7234016,0,0.001223627,0
LA_D_7253817,0,0.00011128351,0
LA_D_7295722,0,0.0007078227,0
LA_D_7310490,0,0.001497804,0
LA_D_7325649,0,0.00017667082,0
LA_D_7347549,0,0.00025987555,0
LA_D_7366011,0,0.0008357227,0
LA_D_7373652,0,0.0012344768,0
LA_D_7377187,0,0.0044107037,0
LA_D_7389015,0,0.0009585804,0
LA_D_7410620,0,0.00048081414,0
LA_D_7414510,0,0.0011642028,0
LA_D_7421940,0,0.0003351897,0
LA_D_7430660,0,0.0027382425,0
LA_D_7440074,0,0.00088908407,0
LA_D_7480369,0,0.0006198715,0
LA_D_7484636,0,0.001514038,0
LA_D_7490527,0,0.00067743275,0
LA_D_7493894,0,0.0008518342,0
LA_D_7525244,0,0.00017571208,0
LA_D_7533258,0,0.0006991822,0
LA_D_7535853,0,0.0005516489,0
LA_D_7554684,0,0.00065413996,0
LA_D_7574071,0,0.0004266906,0
LA_D_7588214,0,0.0003498181,0
LA_D_7591549,0,0.00061283435,0
LA_D_7625011,0,0.00017177484,0
LA_D_7627669,0,0.00020698241,0
LA_D_7655266,0,0.00046268405,0
LA_D_7656709,0,0.00020557198,0
LA_D_7681644,0,0.0002659418,0
LA_D_7693912,0,0.00021504598,0
LA_D_7694213,0,0.0002910877,0
LA_D_7755104,0,0.00058484444,0
LA_D_7770558,0,0.001904641,0
LA_D_7774318,0,0.000181263,0
LA_D_7795831,0,0.00015504919,0
LA_D_7823248,0,0.00037219145,0
LA_D_7906665,0,0.00029375879,0
LA_D_7933136,0,0.00021155427,0
LA_D_7970494,0,0.00063614,0
LA_D_7972028,0,0.00033127196,0
LA_D_7974481,0,0.0009567218,0
LA_D_8024787,0,0.00020600247,0
LA_D_8028295,0,0.0003338776,0
LA_D_8062342,0,0.00039529626,0
LA_D_8066346,0,0.00045666515,0
LA_D_8094005,0,0.00031332416,0
LA_D_8099511,0,0.0005850064,0
LA_D_8128338,0,0.0005587171,0
LA_D_8128760,0,0.0005927021,0
LA_D_8159037,0,0.0005514034,0
LA_D_8169401,0,0.0003498286,0
LA_D_8182963,0,0.00023495095,0
LA_D_8191193,0,0.0026401507,0
LA_D_8244933,0,0.00052754226,0
LA_D_8310080,0,9.247199e-05,0
LA_D_8317011,0,8.479972e-05,0
LA_D_8357910,0,0.0010901449,0
LA_D_8373522,0,0.00050615275,0
LA_D_8452415,0,0.0006580775,0
LA_D_8473995,0,0.0003524403,0
LA_D_8480524,0,0.00056148064,0
LA_D_8546378,0,0.00033653897,0
LA_D_8561006,0,0.0005301701,0
LA_D_8583087,0,0.0005446375,0
LA_D_8587705,0,0.0013640001,0
LA_D_8610426,0,0.0002280981,0
LA_D_8618689,0,0.000585811,0
LA_D_8619253,0,0.0020895635,0
LA_D_8631402,0,0.0005094956,0
LA_D_8682472,0,0.00045816592,0
LA_D_8763399,0,0.00012792996,0
LA_D_8764534,0,0.00092551846,0
LA_D_8801530,0,8.979777e-05,0
LA_D_8833920,0,0.0004780206,0
LA_D_8867068,0,0.0008338328,0
LA_D_8875770,0,0.00013348249,0
LA_D_8889202,0,0.00014395564,0
LA_D_8891088,0,0.0026041064,0
LA_D_8932992,0,0.00016980924,0
LA_D_8937390,0,0.00039128965,0
LA_D_8957959,0,0.00013678857,0
LA_D_8962012,0,0.00036554036,0
LA_D_8969618,0,0.00033202957,0
LA_D_8976318,0,0.00033396162,0
LA_D_9001681,0,0.00044728193,0
LA_D_9011511,0,0.00035648825,0
LA_D_9023318,0,0.0002513499,0
LA_D_9048413,0,0.00024078976,0
LA_D_9053095,0,0.00043548274,0
LA_D_9059452,0,0.0002706814,0
LA_D_9109915,0,0.00063210283,0
LA_D_9119177,0,0.00026017352,0
LA_D_9131527,0,0.0004633958,0
LA_D_9148724,0,0.00041846387,0
LA_D_9160139,0,0.00047512143,0
LA_D_9160943,0,0.00018832802,0
LA_D_9173096,0,0.00033250093,0
LA_D_9196257,0,0.0002636887,0
LA_D_9233697,0,0.0009572333,0
LA_D_9259569,0,0.000829335,0
LA_D_9275774,0,0.00021972135,0
LA_D_9310262,0,0.0021088917,0
LA_D_9355453,0,0.0004229372,0
LA_D_9374784,0,0.0013585931,0
LA_D_9379842,0,0.00058224314,0
LA_D_9410329,0,0.0014673644,0
LA_D_9421514,0,0.00017360885,0
LA_D_9422436,0,0.0009348526,0
LA_D_9436350,0,0.0012354879,0
LA_D_9439087,0,0.00014579986,0
LA_D_9444024,0,0.0006907804,0
LA_D_9481030,0,0.00030485413,0
LA_D_9535722,0,0.0005980064,0
LA_D_9577103,0,0.00019167057,0
LA_D_9584769,0,0.0002530234,0
LA_D_9585648,0,0.0005258073,0
LA_D_9588548,0,0.00060902425,0
LA_D_9594921,0,0.0005268787,0
LA_D_9596234,0,0.0006466022,0
LA_D_9596658,0,0.0007038091,0
LA_D_9604838,0,0.00036172845,0
LA_D_9635881,0,0.0004677668,0
LA_D_9642537,0,0.0007030958,0
LA_D_9654253,0,0.00037889625,0
LA_D_9688839,0,0.0011252853,0
LA_D_9694827,0,8.361875e-05,0
LA_D_9749510,0,0.0006939267,0
LA_D_9767258,0,0.0012988559,0
LA_D_9829627,0,0.00034747316,0
LA_D_9831804,0,0.001048655,0
LA_D_9930845,0,0.00096833333,0
LA_D_9982535,0,0.0031157846,0
LA_D_9993251,0,0.00022607065,0
LA_D_9993800,0,0.00012175137,0
LA_D_1004774,0,0.00078480545,0
LA_D_1020087,0,0.0006466589,0
LA_D_1083406,0,0.0005538593,0
LA_D_1088963,0,0.00040856,0
LA_D_1091851,0,0.00061525864,0
LA_D_1094379,0,0.00043317478,0
LA_D_1144247,0,0.0008925305,0
LA_D_1206907,0,7.3585376e-05,0
LA_D_1249012,0,0.0008899545,0
LA_D_1251939,0,0.00080068613,0
LA_D_1258579,0,0.0016404892,0
LA_D_1296597,0,0.0004313436,0
LA_D_1301398,0,0.0005222699,0
LA_D_1336509,0,0.00090733956,0
LA_D_1397703,0,0.0013375463,0
LA_D_1530620,0,0.008210365,0
LA_D_1561911,0,0.0012424203,0
LA_D_1566347,0,6.4818596e-05,0
LA_D_1569257,0,0.00034894326,0
LA_D_1591743,0,0.00052387733,0
LA_D_1598405,0,0.00028551547,0
LA_D_1609660,0,0.00024333791,0
LA_D_1613936,0,0.0010331869,0
LA_D_1646097,0,0.0028443134,0
LA_D_1715749,0,0.0001962867,0
LA_D_1728757,0,0.00013649267,0
LA_D_1732607,0,0.00014806235,0
LA_D_1767120,0,0.00046541184,0
LA_D_1768591,0,0.00039812183,0
LA_D_1768659,0,0.095820464,0
LA_D_1783287,0,0.0003223735,0
LA_D_1901077,0,0.03801825,0
LA_D_1928274,0,0.00075105584,0
LA_D_1988141,0,0.0003557298,0
LA_D_2031889,0,0.00036303952,0
LA_D_2033572,0,0.00051678874,0
LA_D_2147894,0,0.0014250326,0
LA_D_2185899,0,0.0033165766,0
LA_D_2187760,0,0.00023965738,0
LA_D_2195595,0,0.0008496329,0
LA_D_2197541,0,6.671106e-05,0
LA_D_2200669,0,0.00037193228,0
LA_D_2227552,0,0.00080499175,0
LA_D_2279448,0,0.00021767056,0
LA_D_2280644,0,0.00032182506,0
LA_D_2290771,0,0.00020581167,0
LA_D_2300597,0,7.837621e-05,0
LA_D_2307932,0,0.0003963477,0
LA_D_2309565,0,3.778728e-05,0
LA_D_2347486,0,0.0005293425,0
LA_D_2368097,0,0.000241835,0
LA_D_2395699,0,0.0001699035,0
LA_D_2419825,0,0.00052331307,0
LA_D_2427170,0,0.001225679,0
LA_D_2427445,0,0.0013290764,0
LA_D_2437399,0,0.00079308945,0
LA_D_2498281,0,0.00028601763,0
LA_D_2498389,0,0.00017353917,0
LA_D_2502487,0,0.0008925743,0
LA_D_2510886,0,0.00016191391,0
LA_D_2519499,0,0.0025773225,0
LA_D_2534146,0,0.0002424068,0
LA_D_2544697,0,0.000981372,0
LA_D_2567965,0,0.00047242126,0
LA_D_2572361,0,0.001283888,0
LA_D_2575136,0,0.00059893535,0
LA_D_2581071,0,0.00020526997,0
LA_D_2596003,0,0.00079928,0
LA_D_2598422,0,0.00021617026,0
LA_D_2633677,0,0.00036822527,0
LA_D_2638042,0,0.00075914554,0
LA_D_2794299,0,0.007512725,0
LA_D_2807278,0,0.00011926022,0
LA_D_2833236,0,0.00115593,0
LA_D_2869838,0,0.00061062083,0
LA_D_2884464,0,0.00012417148,0
LA_D_2907481,0,0.0005010131,0
LA_D_2920298,0,0.000515236,0
LA_D_2939133,0,0.00024679507,0
LA_D_2940135,0,0.00055991363,0
LA_D_2946840,0,0.00013408449,0
LA_D_2966111,0,0.00035315094,0
LA_D_2970964,0,0.00018760806,0
LA_D_2971908,0,0.00039254443,0
LA_D_2991252,0,0.0035385923,0
LA_D_3035741,0,0.0007229518,0
LA_D_3049487,0,0.0050007394,0
LA_D_3090466,0,0.00022923552,0
LA_D_3094177,0,0.0008260954,0
LA_D_3104504,0,0.0007455535,0
LA_D_3130678,0,0.00064360746,0
LA_D_3141028,0,0.0035439632,0
LA_D_3144485,0,0.00081694435,0
LA_D_3242114,0,0.11928941,0
LA_D_3242439,0,0.00059603364,0
LA_D_3244196,0,0.0004176244,0
LA_D_3249077,0,0.0013179459,0
LA_D_3260123,0,0.00063884305,0
LA_D_3273302,0,0.00022499889,0
LA_D_3284907,0,0.015046346,0
LA_D_3416456,0,0.00072243006,0
LA_D_3435616,0,0.0013609299,0
LA_D_3449692,0,0.00054488593,0
LA_D_3450019,0,0.0031388379,0
LA_D_3495106,0,0.0004713031,0
LA_D_3504984,0,0.0012250114,0
LA_D_3534463,0,0.00012986566,0
LA_D_3605088,0,0.0010453969,0
LA_D_3615708,0,0.00456127,0
LA_D_3659236,0,0.0012944586,0
LA_D_3691538,0,0.018680032,0
LA_D_3700696,0,0.00010213065,0
LA_D_3758904,0,8.119712e-05,0
LA_D_3772573,0,0.00026899244,0
LA_D_3822874,0,0.0013181781,0
LA_D_3851125,0,0.0007691039,0
LA_D_3864419,0,0.0019366771,0
LA_D_3963572,0,0.00013179053,0
LA_D_4069031,0,0.0005877928,0
LA_D_4123679,0,0.00080058316,0
LA_D_4134915,0,0.00063590717,0
LA_D_4164409,0,0.0005361752,0
LA_D_4181824,0,0.0010975463,0
LA_D_4208598,0,0.00022968906,0
LA_D_4225742,0,0.00082141045,0
LA_D_4272619,0,0.0002649998,0
LA_D_4326894,0,0.0015137692,0
LA_D_4332784,0,0.0012251863,0
LA_D_4337797,0,0.0009942733,0
LA_D_4347644,0,0.00050496246,0
LA_D_4402259,0,0.0060828044,0
LA_D_4418754,0,0.0012241366,0
LA_D_4430789,0,0.0009291755,0
LA_D_4445174,0,0.000967385,0
LA_D_4451989,0,0.00032678328,0
LA_D_4469413,0,0.0016894715,0
LA_D_4540622,0,0.00017137207,0
LA_D_4575624,0,0.00024308726,0
LA_D_4595256,0,0.00030418232,0
LA_D_4673712,0,0.00011736963,0
LA_D_4702864,0,0.0006674125,0
LA_D_4712578,0,0.00014903973,0
LA_D_4730111,0,0.0002931718,0
LA_D_4736521,0,0.00032450454,0
LA_D_4755303,0,0.0014145653,0
LA_D_4765748,0,0.0003564624,0
LA_D_4772711,0,0.00022091155,0
LA_D_4777273,0,0.001481132,0
LA_D_4804886,0,0.0008385578,0
LA_D_4825879,0,0.0014293268,0
LA_D_4864665,0,0.0007803534,0
LA_D_4946274,0,0.0003953085,0
LA_D_4966032,0,0.0003637499,0
LA_D_5005973,0,5.8199512e-05,0
LA_D_5010817,0,0.00017236914,0
LA_D_5089751,0,0.00050836266,0
LA_D_5092940,0,0.00021794596,0
LA_D_5147678,0,0.00043624084,0
LA_D_5171645,0,0.00018259349,0
LA_D_5258807,0,0.0010487101,0
LA_D_5270228,0,7.4797565e-05,0
LA_D_5308766,0,0.0006932149,0
LA_D_5362934,0,0.00028640157,0
LA_D_5382385,0,0.00021786471,0
LA_D_5395822,0,7.908237e-05,0
LA_D_5405376,0,0.0009620701,0
LA_D_5450646,0,7.792772e-05,0
LA_D_5452596,0,0.00039281265,0
LA_D_5495669,0,0.0006825483,0
LA_D_5532057,0,0.00024052453,0
LA_D_5558598,0,0.0014656675,0
LA_D_5601935,0,2.423648e-05,0
LA_D_5612664,0,0.0014134248,0
LA_D_5617123,0,0.00038178623,0
LA_D_5634985,0,0.00013658275,0
LA_D_5651896,0,0.0015916533,0
LA_D_5673630,0,0.0004182862,0
LA_D_5697969,0,0.00030481402,0
LA_D_5838500,0,0.0009403376,0
LA_D_5855173,0,0.00010731906,0
LA_D_5893732,0,0.00022804528,0
LA_D_5907805,0,0.00012763668,0
LA_D_5926484,0,0.0022844013,0
LA_D_5948925,0,0.00066652254,0
LA_D_5962786,0,0.00014336563,0
LA_D_6020080,0,0.00042360826,0
LA_D_6052360,0,0.00043423063,0
LA_D_6093121,0,0.0005290865,0
LA_D_6115657,0,0.0008193873,0
LA_D_6145108,0,0.00020042373,0
LA_D_6162330,0,0.00046111902,0
LA_D_6168902,0,0.0026479329,0
LA_D_6181877,0,0.0002943913,0
LA_D_6203431,0,0.0019021517,0
LA_D_6244463,0,0.00012168592,0
LA_D_6247219,0,0.00017073174,0
LA_D_6264877,0,0.0010875983,0
LA_D_6350241,0,0.00054075615,0
LA_D_6378781,0,0.0021524646,0
LA_D_6424034,0,0.00049577287,0
LA_D_6482383,0,0.00043148626,0
LA_D_6506973,0,0.000388637,0
LA_D_6517273,0,9.2878785e-05,0
LA_D_6564975,0,0.002323294,0
LA_D_6567387,0,0.0013618739,0
LA_D_6597750,0,0.0020985764,0
LA_D_6598826,0,0.00029007564,0
LA_D_6620544,0,0.0004746257,0
LA_D_6649982,0,0.00019977883,0
LA_D_6678773,0,0.0036345115,0
LA_D_6685036,0,0.00035345493,0
LA_D_6688724,0,0.00057255453,0
LA_D_6692719,0,7.018777e-05,0
LA_D_6713264,0,0.00060381583,0
LA_D_6716819,0,0.0014457583,0
LA_D_6743274,0,4.81902e-05,0
LA_D_6768042,0,0.00020684252,0
LA_D_6771345,0,0.0006679272,0
LA_D_6816441,0,0.00011515739,0
LA_D_6860124,0,0.0072097364,0
LA_D_6870125,0,0.0017446722,0
LA_D_7026875,0,0.0011448173,0
LA_D_7040973,0,0.43859136,0
LA_D_7061416,0,0.00026804008,0
LA_D_7084497,0,0.00042351053,0
LA_D_7288605,0,0.0003837746,0
LA_D_7334119,0,0.00021864717,0
LA_D_7337689,0,0.0011971912,0
LA_D_7342694,0,0.05959016,0
LA_D_7355507,0,0.00815746,0
LA_D_7359378,0,0.00019859146,0
LA_D_7372276,0,0.00064373994,0
LA_D_7506627,0,0.0016181708,0
LA_D_7535260,0,0.00021870993,0
LA_D_7656827,0,0.0002454095,0
LA_D_7663996,0,0.0023781452,0
LA_D_7702151,0,0.0013611659,0
LA_D_7712944,0,0.00046127615,0
LA_D_7845355,0,0.0002004975,0
LA_D_7853908,0,0.00023264802,0
LA_D_7861602,0,0.003741345,0
LA_D_7931400,0,6.0609596e-05,0
LA_D_7985250,0,8.942452e-05,0
LA_D_8042295,0,0.00061919773,0
LA_D_8071214,0,8.920002e-05,0
LA_D_8091393,0,0.0010968702,0
LA_D_8131208,0,0.0006324394,0
LA_D_8146146,0,0.0009691995,0
LA_D_8201742,0,0.00049498054,0
LA_D_8267794,0,3.9817718e-05,0
LA_D_8292706,0,0.00024549375,0
LA_D_8362390,0,0.0060257944,0
LA_D_8367907,0,0.00010931161,0
LA_D_8464147,0,0.00012970749,0
LA_D_8499637,0,0.00044896096,0
LA_D_8528202,0,0.00046944592,0
LA_D_8562559,0,0.003575038,0
LA_D_8578970,0,0.018403796,0
LA_D_8594927,0,5.5770834e-05,0
LA_D_8595493,0,0.0006581195,0
LA_D_8612035,0,0.00048784015,0
LA_D_8656739,0,6.1635496e-05,0
LA_D_8659693,0,0.00049716467,0
LA_D_8669407,0,7.407334e-05,0
LA_D_8672392,0,0.00013811364,0
LA_D_8684186,0,0.00030139633,0
LA_D_8719759,0,0.00078351423,0
LA_D_8732000,0,0.00035369844,0
LA_D_8875774,0,0.012233015,0
LA_D_8893730,0,0.00012942778,0
LA_D_8911591,0,0.00028903765,0
LA_D_8950993,0,0.00047616038,0
LA_D_9007860,0,0.0007709787,0
LA_D_9036585,0,0.00045774068,0
LA_D_9058869,0,0.0002557354,0
LA_D_9064394,0,0.0007156978,0
LA_D_9076744,0,0.0004191036,0
LA_D_9101643,0,0.000420996,0
LA_D_9212778,0,8.4826e-05,0
LA_D_9242976,0,0.00018702153,0
LA_D_9301345,0,0.00050006673,0
LA_D_9302376,0,0.0006007949,0
LA_D_9308388,0,0.00015404298,0
LA_D_9351714,0,0.000808955,0
LA_D_9366756,0,0.00065366604,0
LA_D_9382297,0,0.0018566074,0
LA_D_9390591,0,0.0010417195,0
LA_D_9428728,0,0.0003208135,0
LA_D_9481908,0,0.0002164097,0
LA_D_9499149,0,0.00031627764,0
LA_D_9514185,0,0.00014789205,0
LA_D_9528207,0,0.0009209166,0
LA_D_9559894,0,0.00045396033,0
LA_D_9594600,0,0.00010997604,0
LA_D_9603314,0,0.0004561511,0
LA_D_9605797,0,0.0001042677,0
LA_D_9619214,0,8.5821724e-05,0
LA_D_9643872,0,0.0009655134,0
LA_D_9645223,0,0.00027111173,0
LA_D_9646701,0,0.0014522377,0
LA_D_9667586,0,0.000332766,0
LA_D_9737680,0,4.9712784e-05,0
LA_D_9767344,0,6.0072627e-05,0
LA_D_9768291,0,0.00021046825,0
LA_D_9928764,0,0.00031435644,0
LA_D_9931389,0,0.00021514545,0
LA_D_9934126,0,8.758924e-05,0
LA_D_9992731,0,0.00030573577,0
LA_D_1008834,0,0.0009508274,0
LA_D_1029623,0,0.0010446676,0
LA_D_1135973,0,0.00045335683,0
LA_D_1170726,0,0.01045894,0
LA_D_1233766,0,0.0058930037,0
LA_D_1244860,0,0.019929206,0
LA_D_1250618,0,0.0005159024,0
LA_D_1307590,0,0.002670141,0
LA_D_1316973,0,0.0011881234,0
LA_D_1323117,0,0.00037660665,0
LA_D_1376887,0,0.0006019636,0
LA_D_1382969,0,0.0002929064,0
LA_D_1398743,0,0.0010438478,0
LA_D_1402046,0,0.0014308125,0
LA_D_1416122,0,0.0005910841,0
LA_D_1433129,0,0.0034492903,0
LA_D_1472284,0,0.0019795594,0
LA_D_1485983,0,0.00057481386,0
LA_D_1497236,0,0.00048748127,0
LA_D_1526424,0,0.0037571928,0
LA_D_1546363,0,0.003835645,0
LA_D_1564452,0,0.00053042255,0
LA_D_1589359,0,0.0006105446,0
LA_D_1594784,0,0.0013068651,0
LA_D_1657707,0,0.00047287988,0
LA_D_1758405,0,0.0018203746,0
LA_D_1777158,0,0.002818037,0
LA_D_1780000,0,0.0012577908,0
LA_D_1800659,0,0.01458689,0
LA_D_1856189,0,0.10484742,0
LA_D_1863901,0,0.001854554,0
LA_D_1872618,0,0.0009180216,0
LA_D_1904462,0,0.0020999517,0
LA_D_1911980,0,0.0021638032,0
LA_D_1917155,0,0.0011771983,0
LA_D_1917753,0,0.03700696,0
LA_D_1943080,0,0.008928372,0
LA_D_1953828,0,0.0014777157,0
LA_D_1979046,0,0.00044266152,0
LA_D_2039988,0,0.00057747745,0
LA_D_2041511,0,0.005973449,0
LA_D_2042650,0,0.14785273,0
LA_D_2042770,0,0.0007270967,0
LA_D_2054506,0,0.015493194,0
LA_D_2069946,0,0.0008221704,0
LA_D_2077413,0,0.00050544325,0
LA_D_2081259,0,0.002085199,0
LA_D_2081459,0,0.00066367583,0
LA_D_2084084,0,0.00085521385,0
LA_D_2104324,0,0.002825207,0
LA_D_2143625,0,0.0014702779,0
LA_D_2171727,0,0.00043954098,0
LA_D_2177921,0,0.0020945747,0
LA_D_2224110,0,0.0009453614,0
LA_D_2226509,0,0.013744105,0
LA_D_2265031,0,0.001739889,0
LA_D_2275470,0,0.019185543,0
LA_D_2311080,0,0.0006246198,0
LA_D_2374547,0,0.00062039454,0
LA_D_2380135,0,0.0013766171,0
LA_D_2400343,0,0.00092021056,0
LA_D_2421665,0,0.0008053316,0
LA_D_2431857,0,0.0010763336,0
LA_D_2435960,0,0.010914932,0
LA_D_2460870,0,0.052663326,0
LA_D_2468278,0,0.0024345452,0
LA_D_2473895,0,0.0015793911,0
LA_D_2490231,0,0.0008018268,0
LA_D_2490787,0,0.00079924316,0
LA_D_2498703,0,0.0013554855,0
LA_D_2507417,0,0.0016991841,0
LA_D_2519581,0,0.0012449916,0
LA_D_2527247,0,0.002007546,0
LA_D_2539732,0,0.0005181118,0
LA_D_2543157,0,0.030647095,0
LA_D_2549993,0,0.0040962547,0
LA_D_2558084,0,0.0004135975,0
LA_D_2598664,0,0.0013882661,0
LA_D_2643397,0,0.0008039445,0
LA_D_2647059,0,0.18967871,0
LA_D_2690336,0,0.0021782462,0
LA_D_2720435,0,0.007834173,0
LA_D_2762669,0,0.009417566,0
LA_D_2771079,0,0.0003785825,0
LA_D_2876241,0,0.0011844916,0
LA_D_2881171,0,0.00088440033,0
LA_D_2905137,0,0.00079770916,0
LA_D_2923622,0,0.0022531901,0
LA_D_2959609,0,0.001089056,0
LA_D_2974704,0,0.00048230233,0
LA_D_3045712,0,0.0006508584,0
LA_D_3093534,0,0.0010407363,0
LA_D_3109792,0,0.00085576077,0
LA_D_3115572,0,0.00087005977,0
LA_D_3115750,0,0.0027708376,0
LA_D_3122333,0,0.0023876817,0
LA_D_3158956,0,0.00016343461,0
LA_D_3169991,0,0.0009163525,0
LA_D_3195614,0,0.0009678399,0
LA_D_3200727,0,0.0015223512,0
LA_D_3294853,0,0.0007799326,0
LA_D_3319355,0,0.00071556855,0
LA_D_3325936,0,0.0044988347,0
LA_D_3378402,0,0.001082855,0
LA_D_3378615,0,0.00041808287,0
LA_D_3379127,0,0.00039008923,0
LA_D_3398607,0,0.011127573,0
LA_D_3413908,0,0.004804469,0
LA_D_3418840,0,0.0017447402,0
LA_D_3445488,0,0.0018071507,0
LA_D_3469008,0,0.004432597,0
LA_D_3514513,0,0.0004481727,0
LA_D_3555723,0,0.010152182,0
LA_D_3579076,0,0.00079228356,0
LA_D_3627257,0,0.0017810091,0
LA_D_3654875,0,0.00028337364,0
LA_D_3660282,0,0.0008349196,0
LA_D_3714587,0,0.0020145406,0
LA_D_3780481,0,0.0012066581,0
LA_D_3788427,0,0.000616963,0
LA_D_3794623,0,0.0010427778,0
LA_D_3798024,0,0.0010697729,0
LA_D_3828841,0,0.13674673,0
LA_D_3945155,0,0.0020386775,0
LA_D_3947953,0,0.0017746227,0
LA_D_3951175,0,0.000558854,0
LA_D_3957229,0,0.00079669623,0
LA_D_3981366,0,0.0010222417,0
LA_D_3983835,0,0.0050001894,0
LA_D_4002921,0,0.0015468098,0
LA_D_4058412,0,0.0075164693,0
LA_D_4113356,0,0.0010098948,0
LA_D_4117970,0,0.0032218029,0
LA_D_4130527,0,0.0017305491,0
LA_D_4143632,0,0.0024200457,0
LA_D_4153076,0,0.04357123,0
LA_D_4171217,0,0.0014571194,0
LA_D_4191752,0,0.0008766493,0
LA_D_4223757,0,0.0022141375,0
LA_D_4228094,0,0.004636929,0
LA_D_4263760,0,0.00045349836,0
LA_D_4281656,0,0.00022390878,0
LA_D_4283190,0,0.0013552441,0
LA_D_4284194,0,0.094161585,0
LA_D_4302088,0,0.0010632875,0
LA_D_4362724,0,0.0010854298,0
LA_D_4378003,0,0.0011911903,0
LA_D_4390516,0,0.011840281,0
LA_D_4421531,0,0.0018394574,0
LA_D_4515281,0,0.008497247,0
LA_D_4567317,0,0.0015682091,0
LA_D_4631627,0,0.005088327,0
LA_D_4648402,0,0.0010065103,0
LA_D_4650858,0,0.0019394903,0
LA_D_4668862,0,0.0009150647,0
LA_D_4708436,0,0.0003554681,0
LA_D_4721356,0,0.012594651,0
LA_D_4722011,0,0.00074628816,0
LA_D_4747773,0,0.0033212516,0
LA_D_4752880,0,0.011878325,0
LA_D_4755066,0,0.00094608637,0
LA_D_4859889,0,0.0035014749,0
LA_D_4902826,0,0.0007765701,0
LA_D_4907676,0,0.0010011275,0
LA_D_4928075,0,0.33707842,0
LA_D_4933527,0,0.0023355193,0
LA_D_4995063,0,0.0010127997,0
LA_D_5004092,0,0.0012522701,0
LA_D_5031248,0,0.0010230463,0
LA_D_5073126,0,0.0007212025,0
LA_D_5104907,0,0.0005587557,0
LA_D_5123844,0,0.0053248354,0
LA_D_5153538,0,0.00022205782,0
LA_D_5159936,0,0.0002809008,0
LA_D_5213207,0,0.0022727835,0
LA_D_5254267,0,0.0015267979,0
LA_D_5269652,0,0.0008568525,0
LA_D_5297443,0,0.00036250884,0
LA_D_5305086,0,0.007168661,0
LA_D_5308188,0,0.0007858917,0
LA_D_5358070,0,0.0017168614,0
LA_D_5377943,0,0.001204797,0
LA_D_5379360,0,0.00035577713,0
LA_D_5384475,0,0.0055922824,0
LA_D_5393982,0,0.024617095,0
LA_D_5397434,0,0.002404161,0
LA_D_5406274,0,0.0013034181,0
LA_D_5420932,0,0.00084433856,0
LA_D_5424592,0,0.00063489616,0
LA_D_5427856,0,0.00052759284,0
LA_D_5432198,0,0.000828299,0
LA_D_5448251,0,0.0010348329,0
LA_D_5472216,0,0.0019781159,0
LA_D_5490947,0,0.0031435832,0
LA_D_5491412,0,0.002792638,0
LA_D_5519522,0,0.0009811883,0
LA_D_5543089,0,0.0038788365,0
LA_D_5550880,0,0.00080949825,0
LA_D_5613820,0,0.009820184,0
LA_D_5621483,0,0.01389817,0
LA_D_5699731,0,0.0037522572,0
LA_D_5702258,0,0.0039213724,0
LA_D_5711351,0,0.0020493718,0
LA_D_5726307,0,0.0038653219,0
LA_D_5734535,0,0.022742225,0
LA_D_5755154,0,0.009984508,0
LA_D_5826748,0,0.0052254843,0
LA_D_5847801,0,0.00044193468,0
LA_D_5854712,0,0.00014216332,0
LA_D_5867269,0,0.0024428046,0
LA_D_5881167,0,0.0010590133,0
LA_D_5899377,0,0.00081223925,0
LA_D_5901190,0,0.0025096806,0
LA_D_5909916,0,0.0010183592,0
LA_D_5918137,0,0.00073939044,0
LA_D_5929796,0,0.00088530703,0
LA_D_6013665,0,0.00047645092,0
LA_D_6019558,0,0.0014155464,0
LA_D_6081377,0,0.0009828153,0
LA_D_6087767,0,0.00038888695,0
LA_D_6103118,0,0.0014122623,0
LA_D_6108925,0,0.0009536603,0
LA_D_6127324,0,0.003638342,0
LA_D_6137322,0,0.010925161,0
LA_D_6143159,0,0.0007851791,0
LA_D_6151616,0,0.0016065723,0
LA_D_6174114,0,0.0022045602,0
LA_D_6212794,0,0.0006202716,0
LA_D_6218929,0,0.004250038,0
LA_D_6224605,0,0.0005445461,0
LA_D_6230736,0,0.003364885,0
LA_D_6233911,0,0.0014414515,0
LA_D_6290294,0,0.0003980224,0
LA_D_6327399,0,0.0090727,0
LA_D_6383543,0,0.001880176,0
LA_D_6390760,0,0.0071011507,0
LA_D_6447251,0,0.00057117874,0
LA_D_6454321,0,0.0018967367,0
LA_D_6464994,0,0.0009835328,0
LA_D_6486980,0,0.0010126367,0
LA_D_6499728,0,0.0009680617,0
LA_D_6502735,0,0.0006804441,0
LA_D_6513609,0,0.23528509,0
LA_D_6514670,0,0.0008049423,0
LA_D_6648074,0,0.0022876095,0
LA_D_6655563,0,0.0013304264,0
LA_D_6681675,0,0.0011507729,0
LA_D_6716544,0,0.014654254,0
LA_D_6734573,0,0.0044040587,0
LA_D_6786099,0,0.00069403916,0
LA_D_6834540,0,0.001112424,0
LA_D_6852175,0,0.0003451365,0
LA_D_6858597,0,0.03369059,0
LA_D_6870040,0,0.0015508735,0
LA_D_6884626,0,0.003758887,0
LA_D_6887218,0,0.004716502,0
LA_D_6890842,0,0.0009472508,0
LA_D_6920274,0,0.037001625,0
LA_D_6921099,0,0.0010165684,0
LA_D_6932984,0,0.03596953,0
LA_D_6950600,0,0.01001776,0
LA_D_6967013,0,0.0041880766,0
LA_D_7018339,0,0.0018880346,0
LA_D_7030836,0,0.01897683,0
LA_D_7040526,0,0.0019197655,0
LA_D_7082816,0,0.001558775,0
LA_D_7107466,0,0.0018713751,0
LA_D_7109251,0,0.0007693223,0
LA_D_7112267,0,0.00042163316,0
LA_D_7120164,0,0.00032853227,0
LA_D_7120378,0,0.0007650521,0
LA_D_7126476,0,0.020533152,0
LA_D_7129774,0,0.017820716,0
LA_D_7139694,0,0.0015163833,0
LA_D_7149435,0,0.0012718969,0
LA_D_7171461,0,0.0015298555,0
LA_D_7186648,0,0.000837003,0
LA_D_7191599,0,0.007409229,0
LA_D_7219959,0,0.0005859696,0
LA_D_7227396,0,0.03236336,0
LA_D_7290138,0,0.0047447337,0
LA_D_7312402,0,0.0013122557,0
LA_D_7375499,0,0.0022527,0
LA_D_7388723,0,0.0007457006,0
LA_D_7411008,0,0.00079816685,0
LA_D_7420382,0,0.0005289176,0
LA_D_7431648,0,0.0042470447,0
LA_D_7453706,0,0.0005603531,0
LA_D_7484913,0,0.0034807355,0
LA_D_7525091,0,0.0007886765,0
LA_D_7569481,0,0.0008816695,0
LA_D_7584788,0,0.0015179436,0
LA_D_7595396,0,0.0006717562,0
LA_D_7604548,0,0.0015481433,0
LA_D_7614264,0,0.0035995985,0
LA_D_7643557,0,0.0022922088,0
LA_D_7660511,0,0.0051354994,0
LA_D_7679395,0,0.0017977989,0
LA_D_7685864,0,0.004726076,0
LA_D_7717790,0,0.0068577407,0
LA_D_7733474,0,0.0012236108,0
LA_D_7734687,0,0.0007963519,0
LA_D_7735847,0,0.016776662,0
LA_D_7744376,0,0.0010497872,0
LA_D_7763354,0,0.00401362,0
LA_D_7768185,0,0.41200298,0
LA_D_7825070,0,0.0019258161,0
LA_D_7863446,0,0.006291843,0
LA_D_7903297,0,0.0011941333,0
LA_D_7910632,0,0.01580844,0
LA_D_7918457,0,0.0006287214,0
LA_D_7922711,0,0.001123292,0
LA_D_7949260,0,0.029337572,0
LA_D_7973047,0,0.00054050644,0
LA_D_7997330,0,0.019241061,0
LA_D_8003982,0,0.0007677898,0
LA_D_8037537,0,0.29143408,0
LA_D_8045695,0,0.0016009551,0
LA_D_8048655,0,0.00044596047,0
LA_D_8090443,0,0.001696878,0
LA_D_8117597,0,0.0012782072,0
LA_D_8138478,0,0.00090221834,0
LA_D_8161346,0,0.008105138,0
LA_D_8181617,0,0.0006609024,0
LA_D_8191875,0,0.0042469157,0
LA_D_8217709,0,0.00079041417,0
LA_D_8243334,0,0.001327562,0
LA_D_8257669,0,0.006617878,0
LA_D_8258450,0,0.023811247,0
LA_D_8271340,0,0.0022459421,0
LA_D_8323372,0,0.0012539804,0
LA_D_8353917,0,0.0009220831,0
LA_D_8359118,0,0.00076619093,0
LA_D_8366444,0,0.0011254557,0
LA_D_8420931,0,0.0021073911,0
LA_D_8428519,0,0.0020229213,0
LA_D_8450719,0,0.011001812,0
LA_D_8505001,0,0.0007468246,0
LA_D_8524573,0,0.0011547381,0
LA_D_8530635,0,0.0011365332,0
LA_D_8565229,0,0.00086359004,0
LA_D_8592787,0,0.0010214053,0
LA_D_8595981,0,0.005837425,0
LA_D_8630262,0,0.0006127275,0
LA_D_8676372,0,0.001138514,0
LA_D_8678708,0,0.0021472864,0
LA_D_8686775,0,0.0042148656,0
LA_D_8690110,0,0.0019882966,0
LA_D_8700986,0,0.04893302,0
LA_D_8708922,0,0.0010830687,0
LA_D_8712827,0,0.004862724,0
LA_D_8720385,0,0.0010774204,0
LA_D_8745732,0,0.0005679501,0
LA_D_8752569,0,0.0014608519,0
LA_D_8775447,0,0.1089356,0
LA_D_8788522,0,0.0015690634,0
LA_D_8820030,0,0.0011938001,0
LA_D_8825208,0,0.10541011,0
LA_D_8826258,0,0.0007708637,0
LA_D_8846056,0,0.0017868901,0
LA_D_8865823,0,0.009749736,0
LA_D_8892958,0,0.0016029809,0
LA_D_8923577,0,0.00037878036,0
LA_D_8925211,0,0.028736556,0
LA_D_8933531,0,0.0011930976,0
LA_D_8937760,0,0.0007681418,0
LA_D_8941942,0,0.00035461006,0
LA_D_8959959,0,0.005214822,0
LA_D_9086287,0,0.00090264314,0
LA_D_9092875,0,0.024377061,0
LA_D_9106136,0,0.0022169328,0
LA_D_9123838,0,0.03346923,0
LA_D_9129067,0,0.0023268855,0
LA_D_9153269,0,0.008873095,0
LA_D_9170640,0,0.0012746959,0
LA_D_9189588,0,0.0009995336,0
LA_D_9202951,0,0.015413201,0
LA_D_9247963,0,0.014200007,0
LA_D_9251632,0,0.00060212257,0
LA_D_9277522,0,0.0005568601,0
LA_D_9291930,0,0.000521986,0
LA_D_9325392,0,0.0062915334,0
LA_D_9346841,0,0.00072166935,0
LA_D_9347002,0,0.0009846129,0
LA_D_9387976,0,0.0014071374,0
LA_D_9402940,0,0.00040472238,0
LA_D_9410296,0,0.00086453196,0
LA_D_9421383,0,0.0015038049,0
LA_D_9425296,0,0.0019146394,0
LA_D_9436918,0,0.04379356,0
LA_D_9461387,0,0.00080843247,0
LA_D_9462148,0,0.00096325687,0
LA_D_9472346,0,0.07670272,0
LA_D_9478484,0,0.00051310455,0
LA_D_9489838,0,0.00050091,0
LA_D_9562412,0,0.0005883595,0
LA_D_9659279,0,0.009017795,0
LA_D_9672169,0,0.0017136974,0
LA_D_9678259,0,0.006069649,0
LA_D_9686807,0,0.00027583766,0
LA_D_9706008,0,0.0013870528,0
LA_D_9765329,0,0.0013021935,0
LA_D_9777735,0,0.0017490957,0
LA_D_9794955,0,0.0020531192,0
LA_D_9808634,0,0.0006364317,0
LA_D_9810987,0,0.0020759741,0
LA_D_9812523,0,0.00074752484,0
LA_D_9946370,0,0.0014355718,0
LA_D_9953005,0,0.038533032,0
LA_D_9954765,0,0.0014295051,0
LA_D_9967133,0,0.11340842,0
LA_D_9972110,0,0.0009794912,0
LA_D_9973328,0,0.0006580073,0
LA_D_9996165,0,0.000972203,0
LA_D_1046823,0,0.0005274432,0
LA_D_1064234,0,0.020357588,0
LA_D_1065706,0,0.0064372336,0
LA_D_1087001,0,0.0019621125,0
LA_D_1090716,0,0.0037854628,0
LA_D_1115105,0,0.0025414857,0
LA_D_1126589,0,0.003028199,0
LA_D_1135492,0,0.026903907,0
LA_D_1169857,0,0.001675033,0
LA_D_1196983,0,0.13257605,0
LA_D_1211866,0,0.013794611,0
LA_D_1212413,0,0.0002496604,0
LA_D_1216944,0,0.024481773,0
LA_D_1245325,0,0.0017327879,0
LA_D_1274154,0,0.0022772786,0
LA_D_1319002,0,0.00041469486,0
LA_D_1322448,0,0.0008847049,0
LA_D_1347517,0,0.0010629173,0
LA_D_1353213,0,0.0008525431,0
LA_D_1355729,0,0.0009007809,0
LA_D_1358996,0,0.0013755504,0
LA_D_1364338,0,0.007468823,0
LA_D_1371353,0,0.0015428859,0
LA_D_1381076,0,0.00079958595,0
LA_D_1404673,0,0.0058463817,0
LA_D_1416117,0,0.002747375,0
LA_D_1431675,0,0.0005187871,0
LA_D_1440249,0,0.00037721478,0
LA_D_1471424,0,0.006217211,0
LA_D_1512865,0,0.0016007815,0
LA_D_1516713,0,0.0005703924,0
LA_D_1533227,0,0.00028865214,0
LA_D_1548711,0,0.00066696474,0
LA_D_1576592,0,0.005087166,0
LA_D_1576850,0,0.20204988,0
LA_D_1649732,0,0.0006393846,0
LA_D_1671144,0,0.00042878703,0
LA_D_1681067,0,0.65338117,1
LA_D_1686618,0,0.0051701656,0
LA_D_1693149,0,0.015069118,0
LA_D_1705511,0,0.0010623174,0
LA_D_1727164,0,0.0011397272,0
LA_D_1753843,0,0.00076575443,0
LA_D_1772551,0,0.0027255085,0
LA_D_1794386,0,0.0002524706,0
LA_D_1835169,0,0.0026401584,0
LA_D_1878944,0,0.0006392258,0
LA_D_1919665,0,0.011367478,0
LA_D_1943070,0,0.016723426,0
LA_D_1960584,0,0.0010739379,0
LA_D_1963102,0,0.0032626977,0
LA_D_1975986,0,0.00041911518,0
LA_D_2030042,0,0.00043942992,0
LA_D_2046001,0,0.00046623772,0
LA_D_2049473,0,0.0018771198,0
LA_D_2073542,0,0.0061894516,0
LA_D_2073874,0,0.0007051142,0
LA_D_2109006,0,0.0006268743,0
LA_D_2113562,0,0.0011966941,0
LA_D_2158501,0,0.32714784,0
LA_D_2162534,0,0.00043753642,0
LA_D_2177457,0,0.0070004403,0
LA_D_2215146,0,0.00022034065,0
LA_D_2254222,0,0.00056574895,0
LA_D_2349609,0,0.0013177149,0
LA_D_2352367,0,0.003366632,0
LA_D_2356169,0,0.0014298088,0
LA_D_2367543,0,0.018351205,0
LA_D_2368822,0,0.00019101068,0
LA_D_2384989,0,0.00089117215,0
LA_D_2398137,0,0.0007402971,0
LA_D_2400629,0,0.011871219,0
LA_D_2445228,0,0.0016018283,0
LA_D_2446398,0,0.0028160962,0
LA_D_2459392,0,0.0007230364,0
LA_D_2487310,0,0.0011645783,0
LA_D_2489955,0,0.000934792,0
LA_D_2534090,0,0.08576551,0
LA_D_2540485,0,0.0004582705,0
LA_D_2550999,0,0.0024972255,0
LA_D_2553522,0,0.017813373,0
LA_D_2560049,0,0.0010554288,0
LA_D_2562314,0,0.002327489,0
LA_D_2604413,0,0.0033888314,0
LA_D_2612592,0,0.0012454144,0
LA_D_2617260,0,0.005608246,0
LA_D_2619914,0,0.0063516484,0
LA_D_2621924,0,0.0065498,0
LA_D_2638842,0,0.00020718182,0
LA_D_2680473,0,0.0008759174,0
LA_D_2707241,0,0.0007561399,0
LA_D_2729373,0,0.0040970137,0
LA_D_2741013,0,0.001085769,0
LA_D_2836484,0,0.00087850227,0
LA_D_2840968,0,0.0044714585,0
LA_D_2856635,0,0.009249271,0
LA_D_2902766,0,0.0010479465,0
LA_D_2920486,0,0.0003886094,0
LA_D_2957019,0,0.0003686982,0
LA_D_3040991,0,0.0008866767,0
LA_D_3051300,0,0.00025626726,0
LA_D_3056332,0,0.00041798086,0
LA_D_3089201,0,0.00040468207,0
LA_D_3095594,0,0.0006442657,0
LA_D_3113904,0,0.00044333108,0
LA_D_3158628,0,0.0006679269,0
LA_D_3166047,0,0.0005720265,0
LA_D_3176688,0,0.0004330476,0
LA_D_3206802,0,0.0006142834,0
LA_D_3244975,0,0.01431763,0
LA_D_3298289,0,0.0024011482,0
LA_D_3305924,0,0.0019735273,0
LA_D_3307337,0,0.0005650449,0
LA_D_3331709,0,0.0007987079,0
LA_D_3332557,0,0.00094601646,0
LA_D_3345023,0,0.0005823702,0
LA_D_3356921,0,0.00096729555,0
LA_D_3390672,0,0.021252276,0
LA_D_3402886,0,0.00091955985,0
LA_D_3417486,0,0.00046389896,0
LA_D_3440565,0,0.00082283514,0
LA_D_3444243,0,0.0007584362,0
LA_D_3446118,0,0.0020574755,0
LA_D_3447750,0,0.00042552824,0
LA_D_3484904,0,0.0025611632,0
LA_D_3496739,0,0.023995833,0
LA_D_3520036,0,0.013433095,0
LA_D_3533031,0,0.017786745,0
LA_D_3537955,0,0.011354294,0
LA_D_3553005,0,0.0004326618,0
LA_D_3565600,0,0.00063622004,0
LA_D_3570039,0,0.0015142434,0
LA_D_3613058,0,0.005570934,0
LA_D_3636645,0,0.00049172353,0
LA_D_3687000,0,0.00042480478,0
LA_D_3693157,0,0.00044163587,0
LA_D_3748728,0,0.0007717616,0
LA_D_3754292,0,0.00017898223,0
LA_D_3763171,0,0.0007969817,0
LA_D_3808275,0,0.00045269178,0
LA_D_3823589,0,0.0013039022,0
LA_D_3835778,0,0.014119035,0
LA_D_3877903,0,0.0008429374,0
LA_D_3889153,0,0.002175729,0
LA_D_3890999,0,0.08852122,0
LA_D_3984908,0,0.00628309,0
LA_D_4019834,0,0.0013462045,0
LA_D_4023227,0,0.00541114,0
LA_D_4042181,0,0.0012847848,0
LA_D_4055259,0,0.0009637792,0
LA_D_4103062,0,0.0013065938,0
LA_D_4162881,0,0.19764926,0
LA_D_4191859,0,0.01036064,0
LA_D_4193506,0,0.0007494861,0
LA_D_4193601,0,0.002138129,0
LA_D_4197706,0,0.0005626367,0
LA_D_4207896,0,0.022421615,0
LA_D_4207897,0,0.006832324,0
LA_D_4302740,0,0.0009353603,0
LA_D_4308996,0,0.0014629846,0
LA_D_4324353,0,0.002926373,0
LA_D_4338667,0,0.0005676321,0
LA_D_4356277,0,0.00082737516,0
LA_D_4424329,0,0.0020478775,0
LA_D_4435608,0,0.00036777568,0
LA_D_4455802,0,0.0014050798,0
LA_D_4457611,0,0.00040062846,0
LA_D_4458136,0,0.00034230747,0
LA_D_4465780,0,0.0012150776,0
LA_D_4468213,0,0.0018673731,0
LA_D_4473266,0,0.0006941874,0
LA_D_4492232,0,0.0057349624,0
LA_D_4523318,0,0.007539991,0
LA_D_4554903,0,0.004974808,0
LA_D_4572843,0,0.0005727821,0
LA_D_4666650,0,0.000862942,0
LA_D_4683909,0,0.023189453,0
LA_D_4684144,0,0.0016191493,0
LA_D_4692458,0,0.00593681,0
LA_D_4703784,0,0.00043497555,0
LA_D_4735699,0,0.0010309205,0
LA_D_4756172,0,0.0014205634,0
LA_D_4769999,0,0.0014264244,0
LA_D_4864229,0,0.0035148405,0
LA_D_4901519,0,0.0010370841,0
LA_D_4930572,0,0.0060557253,0
LA_D_4951186,0,0.0010241824,0
LA_D_4951679,0,0.0012161841,0
LA_D_4978752,0,0.007644908,0
LA_D_4979471,0,0.0014598665,0
LA_D_4990269,0,0.0032138205,0
LA_D_5004135,0,0.0014651791,0
LA_D_5023258,0,0.0009688308,0
LA_D_5028708,0,0.0005342708,0
LA_D_5086481,0,0.035534892,0
LA_D_5118448,0,0.004537361,0
LA_D_5132698,0,0.001545626,0
LA_D_5170460,0,0.0016348906,0
LA_D_5186388,0,0.0014688574,0
LA_D_5197604,0,0.002271333,0
LA_D_5198331,0,0.0007710558,0
LA_D_5210219,0,0.0006184808,0
LA_D_5222618,0,0.0051440923,0
LA_D_5269583,0,0.0015489358,0
LA_D_5275307,0,0.0003810708,0
LA_D_5285977,0,0.0044758483,0
LA_D_5296528,0,0.00040639698,0
LA_D_5298745,0,0.019772781,0
LA_D_5303682,0,0.0021325508,0
LA_D_5387695,0,0.0007403578,0
LA_D_5401977,0,0.00021021896,0
LA_D_5421273,0,0.0007277219,0
LA_D_5443853,0,0.00053448725,0
LA_D_5477295,0,0.008048073,0
LA_D_5506987,0,0.0007702128,0
LA_D_5526352,0,0.0013281413,0
LA_D_5581635,0,0.0027960793,0
LA_D_5582457,0,0.0005446214,0
LA_D_5599455,0,0.04916009,0
LA_D_5609703,0,0.0014437387,0
LA_D_5640612,0,0.0007696478,0
LA_D_5670170,0,0.0084417015,0
LA_D_5716688,0,0.0073151076,0
LA_D_5749828,0,0.016399564,0
LA_D_5759044,0,0.0006463003,0
LA_D_5791947,0,0.0040392494,0
LA_D_5792469,0,0.0025351294,0
LA_D_5814356,0,0.0010566693,0
LA_D_5835841,0,0.001083323,0
LA_D_5895172,0,0.0008927823,0
LA_D_6002069,0,0.036585785,0
LA_D_6052846,0,0.00037295223,0
LA_D_6074255,0,0.042459346,0
LA_D_6083758,0,0.0013406561,0
LA_D_6104615,0,0.0027353817,0
LA_D_6119999,0,0.0013810265,0
LA_D_6132308,0,0.10167665,0
LA_D_6152825,0,0.0004150498,0
LA_D_6154817,0,0.0018341404,0
LA_D_6157568,0,0.0015853083,0
LA_D_6160345,0,0.0012797011,0
LA_D_6165893,0,0.0011671176,0
LA_D_6167969,0,0.029235536,0
LA_D_6202337,0,0.0022295043,0
LA_D_6230649,0,0.00036904847,0
LA_D_6241854,0,0.000577954,0
LA_D_6253161,0,0.0007528043,0
LA_D_6271396,0,0.0119988965,0
LA_D_6279642,0,0.00023255199,0
LA_D_6286932,0,0.0010802771,0
LA_D_6306124,0,0.018466927,0
LA_D_6348972,0,0.00043052816,0
LA_D_6377155,0,0.0009527957,0
LA_D_6412420,0,0.0036090482,0
LA_D_6420222,0,0.0005747662,0
LA_D_6442430,0,0.0012488313,0
LA_D_6456051,0,0.008859167,0
LA_D_6459326,0,0.0018509993,0
LA_D_6471553,0,0.00064176525,0
LA_D_6565059,0,0.0030619027,0
LA_D_6569528,0,0.0007205217,0
LA_D_6574064,0,0.0005551602,0
LA_D_6621286,0,0.00081542425,0
LA_D_6632250,0,0.0056678713,0
LA_D_6658901,0,0.018255407,0
LA_D_6671478,0,0.013465893,0
LA_D_6691155,0,0.0027640776,0
LA_D_6725362,0,0.03104965,0
LA_D_6756303,0,0.0011240575,0
LA_D_6756915,0,0.00047192033,0
LA_D_6763110,0,0.00029593625,0
LA_D_6784152,0,0.13136649,0
LA_D_6800302,0,0.0014524437,0
LA_D_6808623,0,0.007853466,0
LA_D_6840245,0,0.0001725727,0
LA_D_6875940,0,0.0033474395,0
LA_D_6905617,0,0.00074271025,0
LA_D_6905899,0,0.0030588375,0
LA_D_6912762,0,0.011649122,0
LA_D_6947158,0,0.34344444,0
LA_D_6948502,0,0.00064012845,0
LA_D_6977063,0,0.0008647701,0
LA_D_6988292,0,0.0005983742,0
LA_D_7014953,0,0.0012796043,0
LA_D_7095518,0,0.00057627633,0
LA_D_7096783,0,0.0017412215,0
LA_D_7150944,0,0.0066396277,0
LA_D_7168084,0,0.06635526,0
LA_D_7174444,0,0.00045776123,0
LA_D_7193069,0,0.00042592981,0
LA_D_7193826,0,0.0010174331,0
LA_D_7253261,0,0.0016243104,0
LA_D_7311677,0,0.0007415345,0
LA_D_7319011,0,0.0020389373,0
LA_D_7338005,0,0.0012131372,0
LA_D_7348453,0,0.006568819,0
LA_D_7350559,0,0.0028315533,0
LA_D_7361548,0,0.0028069762,0
LA_D_7375721,0,0.0007206241,0
LA_D_7408406,0,0.0028453982,0
LA_D_7410996,0,0.00047173369,0
LA_D_7420272,0,0.0016188765,0
LA_D_7554470,0,0.0046827267,0
LA_D_7572859,0,0.0018026952,0
LA_D_7610801,0,0.00247508,0
LA_D_7616189,0,0.0025598698,0
LA_D_7617084,0,0.0029297667,0
LA_D_7692713,0,0.0009067882,0
LA_D_7723272,0,0.0011665679,0
LA_D_7730512,0,0.001987169,0
LA_D_7745248,0,0.0004231435,0
LA_D_7756409,0,0.0016399065,0
LA_D_7798527,0,0.0012344627,0
LA_D_7829585,0,0.0022372333,0
LA_D_7839758,0,0.000974813,0
LA_D_7851594,0,0.008242074,0
LA_D_7883328,0,0.03650772,0
LA_D_7938379,0,0.00028791308,0
LA_D_7946465,0,0.0012613276,0
LA_D_8013292,0,0.059807353,0
LA_D_8024926,0,0.0004954899,0
LA_D_8061900,0,0.02059747,0
LA_D_8067555,0,0.0023806717,0
LA_D_8077978,0,0.0010499241,0
LA_D_8105548,0,0.0004540386,0
LA_D_8116303,0,0.0003981239,0
LA_D_8139224,0,0.0016906012,0
LA_D_8223029,0,0.0014628745,0
LA_D_8229891,0,0.108861685,0
LA_D_8248088,0,0.0027349424,0
LA_D_8254223,0,0.29014897,0
LA_D_8285840,0,0.00038401704,0
LA_D_8293730,0,0.029379886,0
LA_D_8296034,0,0.003185235,0
LA_D_8296140,0,0.0017477294,0
LA_D_8321065,0,0.0005052614,0
LA_D_8375912,0,0.00451416,0
LA_D_8424084,0,0.0005711012,0
LA_D_8425128,0,0.00045125617,0
LA_D_8434552,0,0.0008271209,0
LA_D_8464378,0,0.10674137,0
LA_D_8467174,0,0.0030607635,0
LA_D_8529083,0,0.031220486,0
LA_D_8538817,0,0.001957054,0
LA_D_8557922,0,0.05791592,0
LA_D_8563827,0,0.001913446,0
LA_D_8579416,0,0.0032320544,0
LA_D_8638229,0,0.0005765392,0
LA_D_8645167,0,0.00030791562,0
LA_D_8682752,0,0.0016856486,0
LA_D_8688796,0,0.0012325898,0
LA_D_8693666,0,0.048167665,0
LA_D_8719361,0,0.00033274633,0
LA_D_8740534,0,0.0006458403,0
LA_D_8753478,0,0.004463273,0
LA_D_8758498,0,0.0018561197,0
LA_D_8772841,0,0.000502643,0
LA_D_8785732,0,0.0010317789,0
LA_D_8843993,0,0.002280492,0
LA_D_8848915,0,0.001613635,0
LA_D_8870758,0,0.0019082696,0
LA_D_8894853,0,0.0010901479,0
LA_D_8948179,0,0.0012115748,0
LA_D_8957963,0,0.0040519107,0
LA_D_8967441,0,0.0017456224,0
LA_D_8985398,0,0.00032676145,0
LA_D_8986637,0,0.001115468,0
LA_D_9000459,0,0.001910046,0
LA_D_9010806,0,0.0005315018,0
LA_D_9061973,0,0.0011282664,0
LA_D_9064825,0,0.0007990744,0
LA_D_9071521,0,0.00082977297,0
LA_D_9099044,0,0.0063108113,0
LA_D_9100251,0,0.030213013,0
LA_D_9106675,0,0.0003394967,0
LA_D_9148946,0,0.0010110673,0
LA_D_9272291,0,0.0013870753,0
LA_D_9278642,0,0.0017589051,0
LA_D_9307448,0,0.106149085,0
LA_D_9321961,0,0.0067525553,0
LA_D_9329658,0,0.0005627853,0
LA_D_9332219,0,0.0005003046,0
LA_D_9335965,0,0.0014345557,0
LA_D_9344459,0,0.0017495763,0
LA_D_9400014,0,0.0016922042,0
LA_D_9455587,0,0.019181987,0
LA_D_9471872,0,0.0015067267,0
LA_D_9475381,0,0.00095292414,0
LA_D_9519831,0,0.008886322,0
LA_D_9523759,0,0.0019612275,0
LA_D_9528015,0,0.0019123673,0
LA_D_9538448,0,0.0016365796,0
LA_D_9644301,0,0.0028125285,0
LA_D_9653754,0,0.0007105207,0
LA_D_9663997,0,0.0008789862,0
LA_D_9676788,0,0.0009735159,0
LA_D_9681106,0,0.00014089854,0
LA_D_9698452,0,0.00032426853,0
LA_D_9705819,0,0.0041761617,0
LA_D_9707725,0,0.00078107277,0
LA_D_9733247,0,0.0005453894,0
LA_D_9761792,0,0.00067114027,0
LA_D_9771827,0,0.0019959707,0
LA_D_9775314,0,0.0003195163,0
LA_D_9778372,0,0.0004988173,0
LA_D_9778376,0,0.00077522075,0
LA_D_9792691,0,0.00801771,0
LA_D_9797194,0,0.0011379838,0
LA_D_9896814,0,0.0009620535,0
LA_D_9911310,0,0.006193545,0
LA_D_9948019,0,0.00092306494,0
LA_D_9958023,0,0.0008642676,0
LA_D_9980576,0,0.010379846,0
LA_D_9987379,0,0.00068265316,0
LA_D_1013810,0,0.00032214858,0
LA_D_1058167,0,0.00026830012,0
LA_D_1114039,0,0.00021790918,0
LA_D_1139754,0,5.1802363e-05,0
LA_D_1162280,0,0.001938239,0
LA_D_1185426,0,0.00041734026,0
LA_D_1253703,0,0.00035164607,0
LA_D_1291101,0,0.00027769347,0
LA_D_1337359,0,0.0015257682,0
LA_D_1352656,0,0.00016958691,0
LA_D_1361600,0,0.00047628046,0
LA_D_1416022,0,0.0007350252,0
LA_D_1418965,0,0.0016522155,0
LA_D_1441701,0,0.00024805596,0
LA_D_1461015,0,0.00034029223,0
LA_D_1481725,0,0.0002748401,0
LA_D_1483498,0,0.00043073384,0
LA_D_1507549,0,0.0001417694,0
LA_D_1560491,0,0.00044524707,0
LA_D_1561860,0,0.00072657166,0
LA_D_1570710,0,9.789588e-05,0
LA_D_1604831,0,7.1803894e-05,0
LA_D_1621509,0,0.00062311866,0
LA_D_1649887,0,0.07017404,0
LA_D_1652776,0,0.00028353254,0
LA_D_1716656,0,0.0024175753,0
LA_D_1804384,0,0.0028715641,0
LA_D_1822549,0,0.005682398,0
LA_D_1877141,0,0.00095916557,0
LA_D_1932009,0,0.00026431496,0
LA_D_1985162,0,0.0022288635,0
LA_D_1985982,0,0.00032528723,0
LA_D_1996500,0,0.00037327057,0
LA_D_2017198,0,0.00013691305,0
LA_D_2018219,0,0.0062479707,0
LA_D_2045409,0,0.00017879289,0
LA_D_2065981,0,0.00040703692,0
LA_D_2094262,0,0.00020560414,0
LA_D_2142744,0,0.00012301968,0
LA_D_2174187,0,0.00046518692,0
LA_D_2195251,0,0.00062079437,0
LA_D_2210828,0,8.2482766e-05,0
LA_D_2218447,0,0.0003892226,0
LA_D_2256022,0,0.00034381732,0
LA_D_2335395,0,0.00019686735,0
LA_D_2403062,0,0.00034670826,0
LA_D_2441155,0,0.0027031756,0
LA_D_2479312,0,0.00026434092,0
LA_D_2490654,0,0.0002354189,0
LA_D_2514874,0,0.0004912232,0
LA_D_2529982,0,0.0014910188,0
LA_D_2653429,0,0.00023173173,0
LA_D_2663437,0,0.0008741424,0
LA_D_2669376,0,0.0005109656,0
LA_D_2688863,0,0.0007829724,0
LA_D_2777169,0,0.0002181655,0
LA_D_2786957,0,0.00083103747,0
LA_D_2808442,0,0.00020735513,0
LA_D_2831646,0,0.0008068018,0
LA_D_2850234,0,0.00023655585,0
LA_D_2864137,0,3.2713622e-05,0
LA_D_2874951,0,0.00038530305,0
LA_D_2879814,0,0.000834473,0
LA_D_2886143,0,0.00029435847,0
LA_D_2897075,0,0.00044745827,0
LA_D_2908532,0,0.00092866796,0
LA_D_2928444,0,0.00019669285,0
LA_D_2973882,0,0.0019236489,0
LA_D_2982066,0,0.00023168663,0
LA_D_3063506,0,0.0005611259,0
LA_D_3106372,0,0.0017612701,0
LA_D_3113412,0,9.775129e-05,0
LA_D_3114938,0,0.0011698852,0
LA_D_3115301,0,0.00026940336,0
LA_D_3117454,0,0.0005111064,0
LA_D_3118975,0,0.00025858587,0
LA_D_3128008,0,0.0006210548,0
LA_D_3132921,0,0.00025549752,0
LA_D_3194587,0,4.5928995e-05,0
LA_D_3260902,0,0.0009133662,0
LA_D_3339394,0,0.00011836791,0
LA_D_3342069,0,5.121812e-05,0
LA_D_3349461,0,0.0003310529,0
LA_D_3356308,0,0.00028192787,0
LA_D_3373606,0,0.00067191024,0
LA_D_3375685,0,0.0004679345,0
LA_D_3429746,0,7.5346434e-05,0
LA_D_3430677,0,8.0831865e-05,0
LA_D_3445715,0,0.0030219348,0
LA_D_3459378,0,5.659494e-05,0
LA_D_3477279,0,0.0003654999,0
LA_D_3506531,0,0.00017926918,0
LA_D_3571216,0,0.00035748538,0
LA_D_3587612,0,0.000499228,0
LA_D_3597947,0,0.00035353415,0
LA_D_3639376,0,0.0009365161,0
LA_D_3641330,0,0.00018389201,0
LA_D_3645170,0,0.00017818532,0
LA_D_3676772,0,0.00025278132,0
LA_D_3687327,0,3.502833e-05,0
LA_D_3705070,0,0.00046901766,0
LA_D_3711375,0,0.0015057198,0
LA_D_3720743,0,0.00059707527,0
LA_D_3732635,0,0.00039357878,0
LA_D_3776327,0,3.611754e-05,0
LA_D_3787257,0,0.00023273253,0
LA_D_3793172,0,0.00028547086,0
LA_D_3802962,0,0.00037398277,0
LA_D_3821359,0,0.0001044523,0
LA_D_3838632,0,0.0011782808,0
LA_D_3850425,0,0.0012655201,0
LA_D_3898925,0,0.0001199484,0
LA_D_3913569,0,8.3916544e-05,0
LA_D_3928290,0,0.0011381637,0
LA_D_3945227,0,0.00019306732,0
LA_D_3975146,0,0.00020143684,0
LA_D_4014725,0,0.00020099286,0
LA_D_4031375,0,0.00029134672,0
LA_D_4039557,0,0.068400085,0
LA_D_4046048,0,0.00014401207,0
LA_D_4084629,0,0.00016042263,0
LA_D_4095002,0,0.0001439522,0
LA_D_4108210,0,0.0006662961,0
LA_D_4110914,0,0.00026043065,0
LA_D_4182578,0,0.00093166437,0
LA_D_4200741,0,0.0009171435,0
LA_D_4205148,0,0.002966523,0
LA_D_4230212,0,0.00015067871,0
LA_D_4234629,0,0.00042092454,0
LA_D_4236787,0,0.0017119616,0
LA_D_4251305,0,0.077192426,0
LA_D_4339387,0,0.001588015,0
LA_D_4342639,0,0.0004953858,0
LA_D_4412972,0,0.00011856594,0
LA_D_4458668,0,0.0013403,0
LA_D_4528435,0,0.00019175337,0
LA_D_4529749,0,0.00044203407,0
LA_D_4542962,0,0.0006449276,0
LA_D_4573581,0,0.00042518682,0
LA_D_4585435,0,0.0018881067,0
LA_D_4593298,0,0.00093056215,0
LA_D_4599849,0,0.0006234602,0
LA_D_4638718,0,8.749383e-05,0
LA_D_4823498,0,0.00010604856,0
LA_D_4837193,0,0.0014016317,0
LA_D_4850598,0,0.00013065526,0
LA_D_4859174,0,0.00014896526,0
LA_D_4883594,0,0.00054170383,0
LA_D_4919685,0,0.00030087354,0
LA_D_4947786,0,0.0021108214,0
LA_D_4952066,0,0.00020439111,0
LA_D_5029303,0,0.00023652517,0
LA_D_5034046,0,0.0002799546,0
LA_D_5051791,0,0.00032403308,0
LA_D_5164039,0,0.000662274,0
LA_D_5168716,0,0.00064915605,0
LA_D_5174566,0,0.003930689,0
LA_D_5219734,0,0.00054847274,0
LA_D_5220475,0,0.0003259264,0
LA_D_5237899,0,0.012275322,0
LA_D_5287819,0,0.0060682893,0
LA_D_5289575,0,0.00067106355,0
LA_D_5323011,0,0.017005833,0
LA_D_5328894,0,0.0008212844,0
LA_D_5356350,0,0.0001623881,0
LA_D_5394100,0,0.0011494319,0
LA_D_5400630,0,0.0007321903,0
LA_D_5402192,0,0.0013233545,0
LA_D_5413087,0,0.0005007059,0
LA_D_5422570,0,0.019571649,0
LA_D_5458074,0,0.00038163265,0
LA_D_5525120,0,0.0001845655,0
LA_D_5534887,0,0.00025499766,0
LA_D_5580217,0,0.0004243608,0
LA_D_5599035,0,0.0008182918,0
LA_D_5713417,0,0.0004193993,0
LA_D_5737035,0,0.000536062,0
LA_D_5737796,0,0.00013760162,0
LA_D_5743533,0,0.0016274088,0
LA_D_5791316,0,0.0003095088,0
LA_D_5809176,0,0.0007839358,0
LA_D_5818741,0,0.0021784802,0
LA_D_5822388,0,0.0001947277,0
LA_D_5844214,0,0.0008001137,0
LA_D_5885239,0,7.1843e-05,0
LA_D_6018250,0,0.002384904,0
LA_D_6023359,0,0.000118188465,0
LA_D_6032690,0,0.0017881317,0
LA_D_6047115,0,0.00073103816,0
LA_D_6093649,0,6.135015e-05,0
LA_D_6098242,0,0.00046915427,0
LA_D_6111501,0,0.00013518638,0
LA_D_6153919,0,0.0006820249,0
LA_D_6197060,0,0.00032887352,0
LA_D_6214749,0,0.0005535593,0
LA_D_6375943,0,0.0002863161,0
LA_D_6407177,0,0.00025789847,0
LA_D_6468524,0,0.00010925898,0
LA_D_6484471,0,0.0004161274,0
LA_D_6495668,0,0.0003250005,0
LA_D_6802172,0,0.00062821916,0
LA_D_6810036,0,0.0011882581,0
LA_D_6876959,0,0.004086608,0
LA_D_6900371,0,0.00018666452,0
LA_D_6927348,0,0.0008759784,0
LA_D_6935657,0,0.00010328249,0
LA_D_6946995,0,0.0020964246,0
LA_D_7016944,0,0.0013332296,0
LA_D_7058822,0,0.0006044357,0
LA_D_7065014,0,0.00043616345,0
LA_D_7109771,0,0.0007303906,0
LA_D_7125605,0,0.00017296923,0
LA_D_7188227,0,0.00052994356,0
LA_D_7191859,0,0.00048965286,0
LA_D_7194141,0,0.0001602355,0
LA_D_7224568,0,0.000513128,0
LA_D_7225984,0,0.00046860919,0
LA_D_7283586,0,0.008403925,0
LA_D_7293816,0,0.0006465936,0
LA_D_7294059,0,0.00017300091,0
LA_D_7297087,0,0.0125386305,0
LA_D_7299706,0,8.406038e-05,0
LA_D_7363059,0,0.00031625232,0
LA_D_7374784,0,0.00045513737,0
LA_D_7388625,0,0.00055399607,0
LA_D_7422802,0,0.00041498058,0
LA_D_7442253,0,0.0011659897,0
LA_D_7479337,0,0.0010776473,0
LA_D_7506195,0,0.00043669136,0
LA_D_7537666,0,0.00047722747,0
LA_D_7549839,0,0.0007963793,0
LA_D_7622887,0,0.00014755623,0
LA_D_7655527,0,6.7534456e-05,0
LA_D_7679781,0,0.00053844735,0
LA_D_7691716,0,0.0022894866,0
LA_D_7704814,0,0.00032229544,0
LA_D_7705946,0,0.0010891182,0
LA_D_7769896,0,0.00028769902,0
LA_D_7783081,0,0.00017274557,0
LA_D_7796964,0,0.00052251766,0
LA_D_7833173,0,0.00018578078,0
LA_D_7834333,0,0.004488753,0
LA_D_7906750,0,0.06760143,0
LA_D_7932767,0,0.00015954366,0
LA_D_7953344,0,0.00032594785,0
LA_D_8023557,0,0.00537373,0
LA_D_8177576,0,0.00020451276,0
LA_D_8218322,0,0.0003453701,0
LA_D_8241189,0,0.00058903726,0
LA_D_8265432,0,0.00033303577,0
LA_D_8283819,0,3.7495905e-05,0
LA_D_8350907,0,0.0008305751,0
LA_D_8456544,0,0.00023071318,0
LA_D_8481565,0,0.0003521382,0
LA_D_8511318,0,0.001233029,0
LA_D_8514719,0,0.00033980337,0
LA_D_8637140,0,0.00023501547,0
LA_D_8665250,0,0.0002683641,0
LA_D_8693204,0,0.00010365,0
LA_D_8720226,0,0.0004310647,0
LA_D_8728415,0,0.00015291247,0
LA_D_8742351,0,0.0013865088,0
LA_D_8821044,0,0.00020624972,0
LA_D_8875562,0,0.0007469478,0
LA_D_8905681,0,0.00026375937,0
LA_D_8944425,0,0.0005775503,0
LA_D_8958444,0,0.00046915695,0
LA_D_9077999,0,0.00024065666,0
LA_D_9080415,0,0.00057996897,0
LA_D_9154948,0,0.0004936231,0
LA_D_9160362,0,0.00024900617,0
LA_D_9182085,0,0.00017172113,0
LA_D_9196271,0,0.00029886747,0
LA_D_9201990,0,8.349055e-05,0
LA_D_9230787,0,0.00071004074,0
LA_D_9258278,0,0.00014104035,0
LA_D_9278101,0,0.022498677,0
LA_D_9295289,0,0.00019543436,0
LA_D_9305482,0,0.00039595983,0
LA_D_9316058,0,0.00038877095,0
LA_D_9321322,0,0.0015174233,0
LA_D_9331853,0,0.00055521476,0
LA_D_9354882,0,0.004422151,0
LA_D_9391009,0,0.00036573276,0
LA_D_9403264,0,0.00019252338,0
LA_D_9439860,0,0.000194381,0
LA_D_9502607,0,0.00048086507,0
LA_D_9520709,0,0.00035677143,0
LA_D_9549616,0,0.000105630534,0
LA_D_9553311,0,0.0007938316,0
LA_D_9567658,0,0.025339978,0
LA_D_9641365,0,0.0001033081,0
LA_D_9644491,0,0.0009655621,0
LA_D_9645639,0,0.00070731225,0
LA_D_9670462,0,0.0011563154,0
LA_D_9686921,0,0.00012816807,0
LA_D_9741299,0,0.00057563354,0
LA_D_9788709,0,0.00011013114,0
LA_D_9790131,0,0.0012653562,0
LA_D_9815112,0,0.00065261684,0
LA_D_9836992,0,0.00017150464,0
LA_D_9859179,0,0.00010424186,0
LA_D_9871071,0,0.00020843744,0
LA_D_9914468,0,3.760979e-05,0
LA_D_9951013,0,0.00014657502,0
LA_D_9952661,0,0.00028887182,0
LA_D_9963998,0,0.00013363888,0
LA_D_9986772,0,0.0006951125,0
LA_D_1058175,0,0.00038071148,0
LA_D_1094159,0,0.0011047677,0
LA_D_1096800,0,0.0012708711,0
LA_D_1112801,0,0.00022270241,0
LA_D_1143330,0,0.003321245,0
LA_D_1182427,0,0.00037647583,0
LA_D_1183700,0,0.0028724857,0
LA_D_1203409,0,9.590348e-05,0
LA_D_1218439,0,0.0011708172,0
LA_D_1219426,0,0.000100438454,0
LA_D_1234985,0,0.0003265217,0
LA_D_1248114,0,0.0012363713,0
LA_D_1251280,0,0.00047834395,0
LA_D_1291769,0,0.00061900745,0
LA_D_1303948,0,0.0011635011,0
LA_D_1321499,0,0.0007979076,0
LA_D_1326429,0,0.0006674954,0
LA_D_1330876,0,0.00048430124,0
LA_D_1345487,0,0.0012458522,0
LA_D_1364429,0,0.00044195616,0
LA_D_1370857,0,0.00056906114,0
LA_D_1375287,0,0.0026360543,0
LA_D_1421669,0,0.0005524587,0
LA_D_1450181,0,0.0003200919,0
LA_D_1514781,0,0.00021020013,0
LA_D_1546492,0,0.00435945,0
LA_D_1551180,0,0.001210525,0
LA_D_1552205,0,0.0011060154,0
LA_D_1588708,0,0.00075396616,0
LA_D_1592604,0,0.00073083624,0
LA_D_1616469,0,0.00026168587,0
LA_D_1634247,0,0.019594707,0
LA_D_1634260,0,0.0018955797,0
LA_D_1640811,0,0.00050111604,0
LA_D_1693621,0,0.0013035876,0
LA_D_1700029,0,0.000630315,0
LA_D_1725101,0,0.0092039155,0
LA_D_1726757,0,0.0028032174,0
LA_D_1750812,0,0.03920962,0
LA_D_1756267,0,0.0013043594,0
LA_D_1764899,0,0.0005616532,0
LA_D_1785622,0,0.0005683359,0
LA_D_1812777,0,0.0020830114,0
LA_D_1857093,0,0.00025837639,0
LA_D_1859569,0,0.0015553648,0
LA_D_1860732,0,0.0011925902,0
LA_D_1874538,0,0.0035458952,0
LA_D_1875610,0,0.003531319,0
LA_D_1888505,0,0.0007132255,0
LA_D_1902286,0,0.0011430973,0
LA_D_1951999,0,0.0065023904,0
LA_D_1977992,0,0.0018058659,0
LA_D_1982609,0,0.00027426137,0
LA_D_2040940,0,0.0008171308,0
LA_D_2065024,0,0.0011750148,0
LA_D_2076833,0,0.0010129822,0
LA_D_2092891,0,0.0011322546,0
LA_D_2094846,0,0.0010528138,0
LA_D_2110221,0,0.0011866337,0
LA_D_2110877,0,0.007049425,0
LA_D_2120746,0,0.00066072517,0
LA_D_2160549,0,0.0005034201,0
LA_D_2242907,0,0.003089849,0
LA_D_2295521,0,0.00037708876,0
LA_D_2330181,0,0.0037682143,0
LA_D_2354304,0,0.00041893762,0
LA_D_2368084,0,0.00070898567,0
LA_D_2386712,0,0.0014223584,0
LA_D_2396603,0,0.0014597797,0
LA_D_2529258,0,0.008734003,0
LA_D_2536419,0,0.0006463915,0
LA_D_2543771,0,0.001293256,0
LA_D_2565992,0,0.0015138082,0
LA_D_2602121,0,0.00045296934,0
LA_D_2605389,0,0.0055100396,0
LA_D_2638194,0,0.0030220079,0
LA_D_2669207,0,0.0004169613,0
LA_D_2680010,0,0.0028533088,0
LA_D_2709521,0,0.0003810733,0
LA_D_2713921,0,0.001960859,0
LA_D_2714506,0,0.00085314893,0
LA_D_2736798,0,0.0012860287,0
LA_D_2772831,0,0.0008166373,0
LA_D_2779400,0,0.0006098432,0
LA_D_2793029,0,0.0028568653,0
LA_D_2834285,0,0.0030639325,0
LA_D_2853745,0,0.003308623,0
LA_D_2895911,0,0.00043468847,0
LA_D_2897114,0,0.000571725,0
LA_D_2907242,0,0.013724624,0
LA_D_2926373,0,0.0004814645,0
LA_D_2963666,0,0.00031642304,0
LA_D_3033850,0,0.0010024433,0
LA_D_3048934,0,0.0014427601,0
LA_D_3050382,0,0.00035031117,0
LA_D_3060021,0,0.00056375243,0
LA_D_3074358,0,0.00033478026,0
LA_D_3091849,0,0.022353321,0
LA_D_3098494,0,0.0009278556,0
LA_D_3102719,0,0.00023939885,0
LA_D_3103229,0,0.0014904204,0
LA_D_3140807,0,0.00070935366,0
LA_D_3141001,0,0.0015118821,0
LA_D_3146067,0,0.0004475167,0
LA_D_3197776,0,0.0005930869,0
LA_D_3209443,0,0.0036730098,0
LA_D_3218501,0,0.003624729,0
LA_D_3220414,0,0.0022847708,0
LA_D_3223679,0,0.0007600924,0
LA_D_3235954,0,0.00036868767,0
LA_D_3240744,0,0.0002681748,0
LA_D_3255179,0,0.001136687,0
LA_D_3257558,0,0.00024360513,0
LA_D_3268182,0,0.0022087726,0
LA_D_3287616,0,0.0009944652,0
LA_D_3292380,0,0.00084448664,0
LA_D_3383596,0,0.0015733741,0
LA_D_3395666,0,0.0013302546,0
LA_D_3417030,0,0.0015463474,0
LA_D_3469618,0,0.026206782,0
LA_D_3521896,0,0.0005829375,0
LA_D_3608379,0,0.0006734443,0
LA_D_3628945,0,0.0014717656,0
LA_D_3658190,0,0.000242246,0
LA_D_3663883,0,0.00074282207,0
LA_D_3667294,0,0.0006534807,0
LA_D_3668276,0,0.0010998138,0
LA_D_3695500,0,0.00019710476,0
LA_D_3761182,0,0.00039283623,0
LA_D_3774569,0,0.003243046,0
LA_D_3794898,0,0.0021787807,0
LA_D_3816975,0,0.003710331,0
LA_D_3832995,0,0.0005979614,0
LA_D_3838796,0,0.0005131344,0
LA_D_3870171,0,0.00032457072,0
LA_D_3891032,0,0.0005792472,0
LA_D_3901055,0,0.0016583825,0
LA_D_3942705,0,0.00034280567,0
LA_D_3982488,0,0.0024931356,0
LA_D_4036156,0,0.0005117189,0
LA_D_4083065,0,0.00048253138,0
LA_D_4087294,0,0.00068888575,0
LA_D_4100618,0,0.0007887179,0
LA_D_4176473,0,0.0011204344,0
LA_D_4177267,0,0.00019520064,0
LA_D_4195813,0,0.0016298991,0
LA_D_4234473,0,0.0014332305,0
LA_D_4238004,0,0.0005003855,0
LA_D_4252877,0,0.0005620846,0
LA_D_4289062,0,0.00040325776,0
LA_D_4315292,0,0.00089593016,0
LA_D_4320045,0,0.0011634274,0
LA_D_4374505,0,0.0047604432,0
LA_D_4374847,0,0.00055410084,0
LA_D_4396906,0,0.002420955,0
LA_D_4431110,0,0.00037761114,0
LA_D_4433438,0,0.00063058053,0
LA_D_4435311,0,0.0009842579,0
LA_D_4445043,0,0.00091201486,0
LA_D_4466315,0,0.00038994665,0
LA_D_4482250,0,0.0023103037,0
LA_D_4514767,0,0.0010394334,0
LA_D_4525286,0,0.0005999417,0
LA_D_4532971,0,0.0005773148,0
LA_D_4538195,0,0.0065219924,0
LA_D_4623028,0,0.00064362306,0
LA_D_4646382,0,0.0003571102,0
LA_D_4693240,0,0.00058347615,0
LA_D_4702442,0,0.00044167036,0
LA_D_4739962,0,0.0069970964,0
LA_D_4753322,0,0.0007435055,0
LA_D_4759804,0,0.00062283844,0
LA_D_4782365,0,0.0011383112,0
LA_D_4808563,0,0.00063811196,0
LA_D_4893594,0,0.0009542101,0
LA_D_4893808,0,0.014568559,0
LA_D_4895547,0,0.0066718063,0
LA_D_4916654,0,0.0064747743,0
LA_D_4923393,0,0.0005447766,0
LA_D_5000465,0,0.0010508307,0
LA_D_5044367,0,0.0056244642,0
LA_D_5070399,0,0.0018098898,0
LA_D_5108501,0,0.0013209791,0
LA_D_5109249,0,0.0020180254,0
LA_D_5114087,0,0.0013630196,0
LA_D_5160671,0,0.000576214,0
LA_D_5201039,0,0.0004373588,0
LA_D_5231688,0,0.001054591,0
LA_D_5263250,0,0.00048081856,0
LA_D_5271365,0,0.00047924375,0
LA_D_5275248,0,0.0010995233,0
LA_D_5301506,0,0.00244657,0
LA_D_5301649,0,0.00028113765,0
LA_D_5309639,0,0.0016504248,0
LA_D_5331381,0,0.0002940174,0
LA_D_5334560,0,0.0035029508,0
LA_D_5364323,0,0.0004564236,0
LA_D_5383156,0,0.0045601814,0
LA_D_5408466,0,0.0003403928,0
LA_D_5416130,0,0.00017199841,0
LA_D_5427296,0,0.0013714625,0
LA_D_5437761,0,0.0003317995,0
LA_D_5440591,0,0.0008430218,0
LA_D_5454068,0,0.00021555382,0
LA_D_5466662,0,0.0006188659,0
LA_D_5471947,0,0.0024029354,0
LA_D_5474545,0,0.00025837639,0
LA_D_5510072,0,0.0022762225,0
LA_D_5510361,0,0.00062816014,0
LA_D_5514813,0,0.0042187097,0
LA_D_5525407,0,0.007449575,0
LA_D_5539821,0,0.0040250886,0
LA_D_5625259,0,0.00061504875,0
LA_D_5637355,0,0.0012456392,0
LA_D_5642400,0,0.0009464335,0
LA_D_5653465,0,0.00027466644,0
LA_D_5714519,0,0.003936067,0
LA_D_5716129,0,0.0013406778,0
LA_D_5716315,0,0.0044643236,0
LA_D_5777775,0,0.00025653103,0
LA_D_5828342,0,0.0010281164,0
LA_D_5856971,0,0.0007096403,0
LA_D_5868191,0,0.001420591,0
LA_D_5938703,0,0.0007052419,0
LA_D_5957995,0,0.00065126544,0
LA_D_5995743,0,0.0005275556,0
LA_D_6036790,0,0.0022802937,0
LA_D_6055461,0,0.001589362,0
LA_D_6089298,0,0.0010602843,0
LA_D_6105261,0,0.0005588162,0
LA_D_6107434,0,0.0008540428,0
LA_D_6111513,0,0.0012062134,0
LA_D_6138469,0,0.00045150294,0
LA_D_6143621,0,0.00033478794,0
LA_D_6149770,0,0.00056551385,0
LA_D_6175034,0,0.00021862819,0
LA_D_6210847,0,0.002035238,0
LA_D_6251261,0,0.0018091437,0
LA_D_6271793,0,0.0010728661,0
LA_D_6284369,0,0.0014548558,0
LA_D_6303966,0,0.0004941683,0
LA_D_6341603,0,0.0065817414,0
LA_D_6345727,0,0.0002638904,0
LA_D_6359607,0,0.0016627208,0
LA_D_6422391,0,0.001383595,0
LA_D_6443808,0,0.0019208521,0
LA_D_6516436,0,0.0008427523,0
LA_D_6518104,0,0.00046793892,0
LA_D_6539622,0,0.00080535497,0
LA_D_6551392,0,0.00084025855,0
LA_D_6577918,0,0.00082117534,0
LA_D_6607113,0,0.00046252247,0
LA_D_6628655,0,0.0022094809,0
LA_D_6630625,0,0.00043897965,0
LA_D_6695154,0,0.010500892,0
LA_D_6718854,0,0.0007721411,0
LA_D_6720500,0,0.0023078795,0
LA_D_6721720,0,0.00058781495,0
LA_D_6726921,0,0.0028859274,0
LA_D_6736558,0,0.0014381971,0
LA_D_6770113,0,0.002406859,0
LA_D_6814056,0,0.00073552097,0
LA_D_6822067,0,0.0046564247,0
LA_D_6879633,0,0.00090957806,0
LA_D_6911825,0,0.060863424,0
LA_D_6927946,0,0.00030356986,0
LA_D_6940412,0,0.026540486,0
LA_D_6980515,0,0.0003835213,0
LA_D_6987730,0,0.001265008,0
LA_D_6992546,0,0.0010851404,0
LA_D_7031168,0,0.001975181,0
LA_D_7056226,0,0.000769529,0
LA_D_7143793,0,0.0007851293,0
LA_D_7157583,0,0.0010993766,0
LA_D_7169976,0,0.0013594299,0
LA_D_7182086,0,0.00015847686,0
LA_D_7191939,0,0.00076360547,0
LA_D_7232917,0,0.0026811578,0
LA_D_7255793,0,0.0002825306,0
LA_D_7297893,0,0.0008545239,0
LA_D_7300673,0,0.0024124642,0
LA_D_7322062,0,0.000717724,0
LA_D_7335601,0,0.00038247547,0
LA_D_7346973,0,0.0012942584,0
LA_D_7359871,0,0.00020049635,0
LA_D_7363360,0,0.0006580499,0
LA_D_7379829,0,0.0005918559,0
LA_D_7383476,0,0.0013399585,0
LA_D_7390072,0,0.000656969,0
LA_D_7400234,0,0.00020473052,0
LA_D_7417514,0,0.0005834383,0
LA_D_7418166,0,0.00033219103,0
LA_D_7453863,0,0.0054439534,0
LA_D_7470067,0,0.001116648,0
LA_D_7513692,0,0.0010509308,0
LA_D_7517871,0,0.00040568746,0
LA_D_7596266,0,0.00086481794,0
LA_D_7624171,0,0.0020479632,0
LA_D_7647726,0,0.00031103898,0
LA_D_7665313,0,0.00045586572,0
LA_D_7668086,0,0.0017078122,0
LA_D_7694738,0,0.002253697,0
LA_D_7705215,0,0.00042393565,0
LA_D_7722898,0,0.0024479341,0
LA_D_7741435,0,0.004780149,0
LA_D_7756173,0,0.0010600798,0
LA_D_7762520,0,0.00059683574,0
LA_D_7763634,0,0.00046899242,0
LA_D_7764712,0,0.0022102378,0
LA_D_7765561,0,0.00037482867,0
LA_D_7784589,0,0.00075736153,0
LA_D_7784895,0,0.00464113,0
LA_D_7815011,0,0.00058938295,0
LA_D_7816003,0,0.00023074486,0
LA_D_7831838,0,0.0017446962,0
LA_D_7833764,0,0.0011782135,0
LA_D_7849760,0,0.0009245168,0
LA_D_7855716,0,0.0038520133,0
LA_D_7865903,0,0.0011843257,0
LA_D_7886257,0,0.0016181184,0
LA_D_7900165,0,0.005613306,0
LA_D_7982809,0,0.00013386655,0
LA_D_7982832,0,0.0014323164,0
LA_D_8004535,0,0.00038296054,0
LA_D_8006920,0,0.00071516604,0
LA_D_8043612,0,0.020992702,0
LA_D_8045813,0,0.00044350163,0
LA_D_8046653,0,0.0010998291,0
LA_D_8058949,0,0.008160705,0
LA_D_8066085,0,0.00064173987,0
LA_D_8067809,0,0.0008518565,0
LA_D_8086419,0,0.00029445416,0
LA_D_8093748,0,0.003300853,0
LA_D_8106973,0,0.005366843,0
LA_D_8112034,0,0.00019252613,0
LA_D_8149486,0,0.0031042825,0
LA_D_8151945,0,0.0006090231,0
LA_D_8172758,0,0.0003249209,0
LA_D_8181526,0,0.00071244227,0
LA_D_8198483,0,0.001304367,0
LA_D_8223293,0,0.0014993715,0
LA_D_8232967,0,0.00012195937,0
LA_D_8256307,0,0.0005018354,0
LA_D_8309973,0,0.0062055695,0
LA_D_8314425,0,0.00042386353,0
LA_D_8323741,0,0.0030304168,0
LA_D_8370384,0,0.15834376,0
LA_D_8370984,0,0.0013713228,0
LA_D_8384378,0,0.0031830978,0
LA_D_8391684,0,0.0008548925,0
LA_D_8398401,0,0.13963084,0
LA_D_8399662,0,0.0027381722,0
LA_D_8504035,0,0.0013790526,0
LA_D_8505340,0,0.00025324666,0
LA_D_8512243,0,0.00026584906,0
LA_D_8534733,0,0.00019974302,0
LA_D_8535074,0,0.0006220076,0
LA_D_8580443,0,0.0009139077,0
LA_D_8584366,0,0.0013903871,0
LA_D_8597595,0,0.0021673103,0
LA_D_8600478,0,0.026660493,0
LA_D_8608509,0,0.000589796,0
LA_D_8625690,0,0.0016298806,0
LA_D_8674116,0,0.000542828,0
LA_D_8692213,0,0.0018835221,0
LA_D_8712541,0,0.0006480724,0
LA_D_8717579,0,0.002416581,0
LA_D_8791539,0,0.0011022678,0
LA_D_8796692,0,0.0011958898,0
LA_D_8840625,0,0.000877426,0
LA_D_8841200,0,0.00041448852,0
LA_D_8846826,0,0.00041121116,0
LA_D_8891133,0,0.0010210999,0
LA_D_8904678,0,0.007577783,0
LA_D_8932331,0,0.0010272489,0
LA_D_8955275,0,0.0017183038,0
LA_D_8956199,0,0.00080418016,0
LA_D_8960945,0,0.00032411743,0
LA_D_8966356,0,0.0003388229,0
LA_D_9027045,0,0.00033823907,0
LA_D_9043896,0,0.00035750345,0
LA_D_9205640,0,0.0006300639,0
LA_D_9213206,0,0.0008466625,0
LA_D_9218810,0,0.0011391155,0
LA_D_9257861,0,0.00054528133,0
LA_D_9266332,0,0.0020727029,0
LA_D_9273749,0,0.0015027369,0
LA_D_9317123,0,0.00056270586,0
LA_D_9328186,0,0.00075699744,0
LA_D_9362120,0,0.0008139268,0
LA_D_9362645,0,0.0012105701,0
LA_D_9382394,0,0.00043656115,0
LA_D_9416726,0,0.00067435566,0
LA_D_9436033,0,0.00053564314,0
LA_D_9445466,0,0.00034913688,0
LA_D_9502317,0,0.00343428,0
LA_D_9503289,0,0.0004126966,0
LA_D_9580819,0,0.0012234044,0
LA_D_9635070,0,0.00022335842,0
LA_D_9674435,0,0.0009928051,0
LA_D_9677312,0,0.01622907,0
LA_D_9688437,0,0.06292371,0
LA_D_9722118,0,0.0013699221,0
LA_D_9725525,0,0.00046965046,0
LA_D_9752782,0,0.008060066,0
LA_D_9796677,0,0.0007707561,0
LA_D_9845403,0,0.0010967755,0
LA_D_9868503,0,0.0013801062,0
LA_D_9871188,0,0.001126524,0
LA_D_9889279,0,0.0005609147,0
LA_D_9917167,0,0.0019770062,0
LA_D_9926699,0,0.0005913642,0
LA_D_9949558,0,0.00013971612,0
LA_D_9957382,0,0.00080199726,0
LA_D_1031436,0,0.001879931,0
LA_D_1032020,0,0.00092547614,0
LA_D_1081764,0,0.07337915,0
LA_D_1096990,0,0.02142516,0
LA_D_1110612,0,0.0020923135,0
LA_D_1116227,0,0.000301411,0
LA_D_1121126,0,0.00056736276,0
LA_D_1141201,0,0.0017800701,0
LA_D_1146509,0,0.000767698,0
LA_D_1233489,0,0.00025438136,0
LA_D_1254187,0,0.002616124,0
LA_D_1348026,0,0.053132053,0
LA_D_1350639,0,0.0032954465,0
LA_D_1374599,0,0.0016006831,0
LA_D_1391044,0,0.05542138,0
LA_D_1395431,0,0.0004114535,0
LA_D_1412745,0,0.0022920945,0
LA_D_1515705,0,0.0038692276,0
LA_D_1562924,0,0.0011031481,0
LA_D_1590364,0,0.061789487,0
LA_D_1591023,0,0.0003893267,0
LA_D_1608716,0,0.0005770271,0
LA_D_1649398,0,0.008578953,0
LA_D_1691598,0,0.0033458204,0
LA_D_1703081,0,0.0020674446,0
LA_D_1716650,0,0.0022787135,0
LA_D_1717564,0,0.0006467957,0
LA_D_1771089,0,0.0010929087,0
LA_D_1772325,0,0.0025134413,0
LA_D_1792741,0,0.0007280126,0
LA_D_1800519,0,0.00058663567,0
LA_D_1820438,0,0.0017415613,0
LA_D_1846110,0,0.0019631165,0
LA_D_1872484,0,0.5712036,1
LA_D_1905366,0,0.00028137522,0
LA_D_1952062,0,0.114716925,0
LA_D_2005281,0,0.00034565252,0
LA_D_2020389,0,0.00048141196,0
LA_D_2028260,0,0.00047790393,0
LA_D_2094937,0,0.00958836,0
LA_D_2108764,0,0.082318254,0
LA_D_2124586,0,0.0027046518,0
LA_D_2134167,0,0.028801493,0
LA_D_2158419,0,0.010072394,0
LA_D_2171946,0,0.0013034554,0
LA_D_2192025,0,0.0029773857,0
LA_D_2196619,0,0.014599856,0
LA_D_2240494,0,0.00026155091,0
LA_D_2243488,0,0.0019589188,0
LA_D_2272161,0,0.0028313946,0
LA_D_2288205,0,0.25836554,0
LA_D_2297266,0,0.0017294225,0
LA_D_2330610,0,0.0009404047,0
LA_D_2331209,0,0.0035127734,0
LA_D_2381980,0,0.0012334214,0
LA_D_2383252,0,0.000728597,0
LA_D_2396073,0,0.0018951973,0
LA_D_2464153,0,0.00457505,0
LA_D_2480756,0,0.0006283787,0
LA_D_2482474,0,0.0025110648,0
LA_D_2529761,0,0.06011949,0
LA_D_2537019,0,0.017128237,0
LA_D_2581603,0,0.00089617696,0
LA_D_2591831,0,0.00043870902,0
LA_D_2600370,0,0.0013970009,0
LA_D_2632975,0,0.0055774045,0
LA_D_2659177,0,0.00040941892,0
LA_D_2661288,0,0.022669615,0
LA_D_2696036,0,0.0012945622,0
LA_D_2731822,0,0.00059417775,0
LA_D_2745677,0,0.0035009773,0
LA_D_2751547,0,0.0013462252,0
LA_D_2762370,0,0.0013532361,0
LA_D_2768627,0,0.016563334,0
LA_D_2826765,0,0.0012584465,0
LA_D_2831994,0,0.0054929983,0
LA_D_2836370,0,0.00025199397,0
LA_D_2836997,0,0.0009833927,0
LA_D_2839806,0,0.0015593168,0
LA_D_2873319,0,0.0019909893,0
LA_D_2919334,0,0.0029051253,0
LA_D_2973933,0,0.0068803225,0
LA_D_2997639,0,0.038194925,0
LA_D_3008504,0,0.0007994861,0
LA_D_3009860,0,0.009818728,0
LA_D_3012054,0,0.00080947706,0
LA_D_3020555,0,0.00047528444,0
LA_D_3041827,0,0.008835066,0
LA_D_3062267,0,0.005444919,0
LA_D_3102640,0,0.0033447295,0
LA_D_3117379,0,0.00035834286,0
LA_D_3139128,0,0.00091476657,0
LA_D_3144478,0,0.001622055,0
LA_D_3169490,0,0.010289836,0
LA_D_3181890,0,0.0033476907,0
LA_D_3205771,0,0.021242533,0
LA_D_3228741,0,0.001111746,0
LA_D_3229923,0,0.0005249062,0
LA_D_3277410,0,0.0008822994,0
LA_D_3282057,0,0.0005188781,0
LA_D_3296082,0,0.00372914,0
LA_D_3303334,0,0.022226667,0
LA_D_3316424,0,0.0022322903,0
LA_D_3335276,0,0.0016548282,0
LA_D_3372760,0,0.0015193593,0
LA_D_3411696,0,0.005094465,0
LA_D_3421161,0,0.00065512635,0
LA_D_3431149,0,0.0019370958,0
LA_D_3431821,0,0.0012404125,0
LA_D_3432362,0,0.00067916035,0
LA_D_3456522,0,0.0185541,0
LA_D_3477968,0,0.0059312964,0
LA_D_3478947,0,0.0018930212,0
LA_D_3485019,0,0.0007688972,0
LA_D_3485765,0,0.008459451,0
LA_D_3489009,0,0.00026027873,0
LA_D_3508839,0,0.0037163852,0
LA_D_3530863,0,0.00055643485,0
LA_D_3577241,0,0.0032532054,0
LA_D_3591007,0,0.0009718728,0
LA_D_3680282,0,0.0045851544,0
LA_D_3689168,0,0.00038804783,0
LA_D_3695889,0,0.0005594202,0
LA_D_3705418,0,0.00067766843,0
LA_D_3802161,0,0.0012248387,0
LA_D_3884812,0,0.000942978,0
LA_D_3944543,0,0.0036413318,0
LA_D_3964644,0,0.00047639938,0
LA_D_3966802,0,0.0011596148,0
LA_D_3968324,0,0.72952354,1
LA_D_4055715,0,0.00043294523,0
LA_D_4059408,0,0.0031554399,0
LA_D_4068527,0,0.009943415,0
LA_D_4070752,0,0.006035822,0
LA_D_4076028,0,0.00042364033,0
LA_D_4193545,0,0.016254205,0
LA_D_4202564,0,0.00095280755,0
LA_D_4209350,0,0.00052370335,0
LA_D_4254597,0,0.0016935887,0
LA_D_4282710,0,0.0019474373,0
LA_D_4284157,0,0.059703294,0
LA_D_4296081,0,0.009449863,0
LA_D_4309360,0,0.000629231,0
LA_D_4313608,0,0.034825526,0
LA_D_4337079,0,0.007141663,0
LA_D_4425542,0,0.00043802595,0
LA_D_4438965,0,0.00047485836,0
LA_D_4451667,0,0.25498408,0
LA_D_4519910,0,0.00043771163,0
LA_D_4554135,0,0.0028092489,0
LA_D_4559678,0,0.0020024593,0
LA_D_4570189,0,0.0037498642,0
LA_D_4571962,0,0.0035096502,0
LA_D_4611388,0,0.00037687545,0
LA_D_4643563,0,0.0016204264,0
LA_D_4689159,0,0.0026351118,0
LA_D_4771512,0,0.0021271624,0
LA_D_4801010,0,0.0012295335,0
LA_D_4829975,0,0.0005888523,0
LA_D_4832275,0,0.0013724453,0
LA_D_4851555,0,0.00097371306,0
LA_D_4862820,0,0.005251311,0
LA_D_4891563,0,0.008557776,0
LA_D_4905495,0,0.00067365903,0
LA_D_4942259,0,0.0017637466,0
LA_D_5004432,0,0.00066713995,0
LA_D_5043373,0,0.0006548251,0
LA_D_5093282,0,0.00087271095,0
LA_D_5135015,0,0.00032078812,0
LA_D_5151079,0,0.0021484853,0
LA_D_5178398,0,0.0007218626,0
LA_D_5201713,0,0.0058256374,0
LA_D_5208743,0,0.0010512307,0
LA_D_5231854,0,0.00044639705,0
LA_D_5253057,0,0.01333106,0
LA_D_5269078,0,0.0029188376,0
LA_D_5282926,0,0.00067824736,0
LA_D_5290201,0,0.0020647368,0
LA_D_5300406,0,0.0025326058,0
LA_D_5367629,0,0.0015598953,0
LA_D_5402243,0,0.00053016987,0
LA_D_5405824,0,0.012394363,0
LA_D_5406305,0,0.00034788565,0
LA_D_5427168,0,0.00072040054,0
LA_D_5432594,0,0.0003000723,0
LA_D_5469998,0,0.006732156,0
LA_D_5540322,0,0.048207104,0
LA_D_5583855,0,0.49966994,0
LA_D_5604871,0,0.028101979,0
LA_D_5638733,0,0.0004828205,0
LA_D_5671651,0,0.002434712,0
LA_D_5692097,0,0.004071682,0
LA_D_5696486,0,0.004616322,0
LA_D_5708525,0,0.0021422838,0
LA_D_5708635,0,0.001114047,0
LA_D_5727128,0,0.002059453,0
LA_D_5732025,0,0.0013215037,0
LA_D_5748339,0,0.0017780487,0
LA_D_5762860,0,0.0048433086,0
LA_D_5768079,0,0.0047228653,0
LA_D_5785094,0,0.0004977669,0
LA_D_5839319,0,0.002042717,0
LA_D_5847132,0,0.005876181,0
LA_D_5886913,0,0.00050745346,0
LA_D_5934552,0,0.0005945465,0
LA_D_5974348,0,0.00979305,0
LA_D_6020580,0,0.0016223814,0
LA_D_6043622,0,0.00061981886,0
LA_D_6054809,0,0.0017409248,0
LA_D_6095298,0,0.00050217373,0
LA_D_6100403,0,0.05799124,0
LA_D_6128701,0,0.0022548265,0
LA_D_6134944,0,0.0027311952,0
LA_D_6138799,0,0.0017716198,0
LA_D_6139800,0,0.001539399,0
LA_D_6151678,0,0.0010060152,0
LA_D_6178698,0,0.0015796497,0
LA_D_6179348,0,0.0043849233,0
LA_D_6186073,0,0.0071579954,0
LA_D_6226933,0,0.06420557,0
LA_D_6261206,0,0.00072108296,0
LA_D_6268368,0,0.0016345957,0
LA_D_6300161,0,0.0013413198,0
LA_D_6332364,0,0.0030008503,0
LA_D_6348489,0,0.0008106364,0
LA_D_6359915,0,0.005436214,0
LA_D_6370803,0,0.0005886685,0
LA_D_6475690,0,0.001196407,0
LA_D_6490506,0,0.0018513517,0
LA_D_6519917,0,0.019896533,0
LA_D_6523940,0,0.00087714347,0
LA_D_6577660,0,0.0043980684,0
LA_D_6674030,0,0.006212084,0
LA_D_6678702,0,0.00089930586,0
LA_D_6679225,0,0.0026890899,0
LA_D_6684696,0,0.0014740714,0
LA_D_6687114,0,0.0027256864,0
LA_D_6713163,0,0.002279644,0
LA_D_6713386,0,0.001586019,0
LA_D_6739854,0,0.02610237,0
LA_D_6741158,0,0.00084080634,0
LA_D_6758446,0,0.002724485,0
LA_D_6779535,0,0.2767874,0
LA_D_6800766,0,0.0147253,0
LA_D_6821694,0,0.00069188664,0
LA_D_6823282,0,0.0020880934,0
LA_D_6845165,0,0.00072525034,0
LA_D_6861442,0,0.012783712,0
LA_D_6863890,0,0.00030181961,0
LA_D_6885418,0,0.006145319,0
LA_D_6902681,0,0.0006644147,0
LA_D_6904078,0,0.0021658568,0
LA_D_6906302,0,0.00057407306,0
LA_D_6908542,0,0.0009888376,0
LA_D_6987015,0,0.006047264,0
LA_D_6993130,0,0.043396145,0
LA_D_6995410,0,0.00071788294,0
LA_D_7091071,0,0.0009463032,0
LA_D_7094965,0,0.00067951315,0
LA_D_7110756,0,0.0032899636,0
LA_D_7133043,0,0.00035330956,0
LA_D_7139747,0,0.0010610775,0
LA_D_7151634,0,0.001565309,0
LA_D_7159338,0,0.0052462122,0
LA_D_7206772,0,0.00089713297,0
LA_D_7207336,0,0.0026588887,0
LA_D_7230301,0,0.013344383,0
LA_D_7241582,0,0.0008193311,0
LA_D_7243431,0,0.0006057281,0
LA_D_7270172,0,0.00696646,0
LA_D_7291272,0,0.10196556,0
LA_D_7291592,0,0.0008771121,0
LA_D_7306537,0,0.00040258712,0
LA_D_7312913,0,0.0008091828,0
LA_D_7316873,0,0.003555084,0
LA_D_7317184,0,0.091707595,0
LA_D_7396958,0,0.00051781285,0
LA_D_7403679,0,0.00024093536,0
LA_D_7412514,0,0.0051764115,0
LA_D_7424653,0,0.0025358372,0
LA_D_7428181,0,0.0014108442,0
LA_D_7458005,0,0.0005338351,0
LA_D_7470485,0,0.0006529852,0
LA_D_7483902,0,0.0011226181,0
LA_D_7545322,0,0.0008130973,0
LA_D_7551004,0,0.002166399,0
LA_D_7554141,0,0.0014873658,0
LA_D_7555425,0,0.0025515642,0
LA_D_7599767,0,0.0019671624,0
LA_D_7601022,0,0.00054853916,0
LA_D_7622749,0,0.00057544786,0
LA_D_7635024,0,0.000355126,0
LA_D_7659228,0,0.0007471417,0
LA_D_7674503,0,0.00043722038,0
LA_D_7692442,0,0.0060619502,0
LA_D_7727110,0,0.00060568715,0
LA_D_7765093,0,0.001396957,0
LA_D_7796473,0,0.006119512,0
LA_D_7820794,0,0.00097620196,0
LA_D_7830688,0,0.0008522624,0
LA_D_7838652,0,0.57854563,1
LA_D_7886473,0,0.0041782083,0
LA_D_7888867,0,0.0025458739,0
LA_D_7961283,0,0.0011211103,0
LA_D_7986122,0,0.080441356,0
LA_D_8014280,0,0.014955274,0
LA_D_8029967,0,0.0006360133,0
LA_D_8049091,0,0.0026302515,0
LA_D_8078840,0,0.0016162136,0
LA_D_8078878,0,0.0050100177,0
LA_D_8083150,0,0.00065258885,0
LA_D_8095777,0,0.00043649558,0
LA_D_8127459,0,0.00095281616,0
LA_D_8130762,0,0.001514764,0
LA_D_8158331,0,0.0024772685,0
LA_D_8158959,0,0.2531441,0
LA_D_8169547,0,0.0038219173,0
LA_D_8170099,0,0.0010112078,0
LA_D_8172351,0,0.01471617,0
LA_D_8193450,0,0.0004016864,0
LA_D_8199067,0,0.0012074468,0
LA_D_8209765,0,0.0003343624,0
LA_D_8217946,0,0.0457782,0
LA_D_8223036,0,0.034315698,0
LA_D_8237136,0,0.0032496005,0
LA_D_8250644,0,0.0015267398,0
LA_D_8324721,0,0.0012882525,0
LA_D_8346311,0,0.0003955143,0
LA_D_8364154,0,0.00053690956,0
LA_D_8447186,0,0.0036163863,0
LA_D_8506451,0,0.001692354,0
LA_D_8510080,0,0.00467955,0
LA_D_8564217,0,0.0012453634,0
LA_D_8592715,0,0.0008811308,0
LA_D_8596130,0,0.005198886,0
LA_D_8597270,0,0.0009415537,0
LA_D_8599650,0,0.10791965,0
LA_D_8635399,0,0.0020736044,0
LA_D_8637190,0,0.015031612,0
LA_D_8651444,0,0.00095551834,0
LA_D_8676257,0,0.0037400918,0
LA_D_8683862,0,0.0034302706,0
LA_D_8711965,0,0.00033081847,0
LA_D_8717286,0,0.006563929,0
LA_D_8763483,0,0.0013838005,0
LA_D_8815066,0,0.00068290887,0
LA_D_8817485,0,0.0022169065,0
LA_D_8818567,0,0.0047989166,0
LA_D_8870983,0,0.00031664452,0
LA_D_8873162,0,0.0007529606,0
LA_D_8882131,0,0.0020939868,0
LA_D_8899360,0,0.0005911092,0
LA_D_8949695,0,0.0012220796,0
LA_D_8956054,0,0.001698136,0
LA_D_8971637,0,0.00068885187,0
LA_D_9007888,0,0.001147442,0
LA_D_9032929,0,0.0014072505,0
LA_D_9101014,0,0.015505068,0
LA_D_9116569,0,0.006960044,0
LA_D_9140736,0,0.016919015,0
LA_D_9165073,0,0.0017847065,0
LA_D_9196640,0,0.0020661445,0
LA_D_9258337,0,0.0009706568,0
LA_D_9288317,0,0.00041051986,0
LA_D_9314827,0,0.1694726,0
LA_D_9319189,0,0.003072583,0
LA_D_9333593,0,0.0024686428,0
LA_D_9341670,0,0.00087293296,0
LA_D_9362528,0,0.010001085,0
LA_D_9377948,0,0.001388426,0
LA_D_9393969,0,0.010865008,0
LA_D_9396779,0,0.00036378126,0
LA_D_9457819,0,0.0018230816,0
LA_D_9475659,0,0.00047273096,0
LA_D_9476497,0,0.020864988,0
LA_D_9481106,0,0.013934984,0
LA_D_9483379,0,0.00066488277,0
LA_D_9487713,0,0.0008723596,0
LA_D_9497869,0,0.0028153867,0
LA_D_9500981,0,0.0007454164,0
LA_D_9515921,0,0.0006140606,0
LA_D_9517790,0,0.0046346956,0
LA_D_9518120,0,0.00055594684,0
LA_D_9523992,0,0.0012212051,0
LA_D_9542497,0,0.0021790399,0
LA_D_9557083,0,0.017389698,0
LA_D_9566187,0,0.0009315308,0
LA_D_9593338,0,0.0014695892,0
LA_D_9594827,0,0.001658485,0
LA_D_9596577,0,0.0006908248,0
LA_D_9601777,0,0.00081193756,0
LA_D_9629887,0,0.00036202688,0
LA_D_9633079,0,0.00020454006,0
LA_D_9648310,0,0.0007821882,0
LA_D_9730838,0,0.0022976473,0
LA_D_9749096,0,0.30192864,0
LA_D_9779729,0,0.0032996438,0
LA_D_9780174,0,0.0063662785,0
LA_D_9789524,0,0.043811854,0
LA_D_9792280,0,0.0057554445,0
LA_D_9812014,0,0.0028408382,0
LA_D_9832311,0,0.0042537847,0
LA_D_9835323,0,0.016259428,0
LA_D_9839655,0,0.0011585862,0
LA_D_9847163,0,0.0016721617,0
LA_D_9863698,0,0.0005055736,0
LA_D_9876246,0,0.0007819881,0
LA_D_9908787,0,0.00037718404,0
LA_D_9922697,0,0.00076212216,0
LA_D_9924204,0,0.01884927,0
LA_D_9931163,0,0.00075613265,0
LA_D_9935163,0,0.0016711131,0
LA_D_9944718,0,0.0024935436,0
LA_D_9967770,0,0.051123418,0
