{
  "accuracy": 0.8274834970214137,
  "balanced_accuracy": 0.7554531044843209,
  "roc_auc": 0.8693717333335589,
  "eer": 0.2080193756727664,
  "eer_threshold": 0.33996155858039856,
  "f1_bonafide": 0.44149074798019283,
  "f1_spoof": 0.8979863854905508,
  "n_test": 24844,
  "n_test_pos_bonafide": 2548,
  "n_test_neg_spoof": 22296
}