{
  "accuracy": 0.8838753823860892,
  "balanced_accuracy": 0.9028004262895851,
  "roc_auc": 0.969255498941317,
  "eer": 0.09497645211930927,
  "eer_threshold": 0.625720739364624,
  "f1_bonafide": 0.6207440515314842,
  "f1_spoof": 0.9314417433045792,
  "n_test": 24844,
  "n_test_pos_bonafide": 2548,
  "n_test_neg_spoof": 22296
}