{
  "accuracy": 0.8167364353566253,
  "balanced_accuracy": 0.7903100794843068,
  "roc_auc": 0.8782334769835731,
  "eer": 0.19819466248037676,
  "eer_threshold": 0.4136897623538971,
  "f1_bonafide": 0.4586850552847461,
  "f1_spoof": 0.8896964411173293,
  "n_test": 24844,
  "n_test_pos_bonafide": 2548,
  "n_test_neg_spoof": 22296
}