{
  "accuracy": 0.8916841088391564,
  "balanced_accuracy": 0.8951583138016324,
  "roc_auc": 0.9629210651719494,
  "eer": 0.10441334768568353,
  "eer_threshold": 0.5219458341598511,
  "f1_bonafide": 0.6301030927835052,
  "f1_spoof": 0.9365524721193974,
  "n_test": 24844,
  "n_test_pos_bonafide": 2548,
  "n_test_neg_spoof": 22296
}