{
  "accuracy": 0.9647802286266302,
  "balanced_accuracy": 0.9739467949140408,
  "roc_auc": 0.9966542280570421,
  "eer": 0.025510204081632626,
  "eer_threshold": 0.7641088962554932,
  "f1_bonafide": 0.8516194675258606,
  "f1_spoof": 0.9800187253088534,
  "n_test": 24844,
  "n_test_pos_bonafide": 2548,
  "n_test_neg_spoof": 22296
}