utt_id,label,p_bonafide,pred
LA_D_1047731,1,0.9999964,1
LA_D_1105538,1,0.999999,1
LA_D_1125976,1,0.99901915,1
LA_D_1293230,1,0.99999535,1
LA_D_1340209,1,0.9999944,1
LA_D_1376638,1,0.9999864,1
LA_D_1377420,1,0.999999,1
LA_D_1403371,1,0.999999,1
LA_D_1590530,1,0.99999845,1
LA_D_1595036,1,0.999998,1
LA_D_1618135,1,0.999998,1
LA_D_1624385,1,0.999999,1
LA_D_1766721,1,0.999998,1
LA_D_1833136,1,0.999999,1
LA_D_1837988,1,0.99999213,1
LA_D_1849134,1,0.9999989,1
LA_D_1865278,1,0.999999,1
LA_D_1896334,1,0.9999819,1
LA_D_1911275,1,0.999999,1
LA_D_2112837,1,0.999999,1
LA_D_2160989,1,0.99999785,1
LA_D_2242311,1,0.9999957,1
LA_D_2250508,1,0.9999771,1
LA_D_2414004,1,0.9999814,1
LA_D_2448116,1,0.99999356,1
LA_D_2462911,1,0.9999738,1
LA_D_2559281,1,0.9992766,1
LA_D_2666979,1,0.99999857,1
LA_D_2679014,1,0.999999,1
LA_D_2789932,1,0.999999,1
LA_D_2831561,1,0.9999598,1
LA_D_2954423,1,0.9999778,1
LA_D_3081203,1,0.999999,1
LA_D_3174543,1,0.999999,1
LA_D_3212286,1,0.99999833,1
LA_D_3232165,1,0.999999,1
LA_D_3258694,1,0.999999,1
LA_D_3315698,1,0.999999,1
LA_D_3369144,1,0.999999,1
LA_D_3404272,1,0.99995625,1
LA_D_3444700,1,0.99995875,1
LA_D_3477067,1,0.999999,1
LA_D_3524013,1,0.999999,1
LA_D_3547565,1,0.999999,1
LA_D_3552967,1,0.999999,1
LA_D_3726485,1,0.9999987,1
LA_D_3771133,1,0.999999,1
LA_D_3776953,1,0.999999,1
LA_D_3806476,1,0.9999945,1
LA_D_4026041,1,0.9997199,1
LA_D_4145630,1,0.999999,1
LA_D_4228839,1,0.99985397,1
LA_D_4229637,1,0.99873346,1
LA_D_4395169,1,0.999385,1
LA_D_4443630,1,0.999999,1
LA_D_4455776,1,0.999999,1
LA_D_4511951,1,0.99998605,1
LA_D_4517590,1,0.999999,1
LA_D_4523147,1,0.9999603,1
LA_D_4574058,1,0.9999987,1
LA_D_4621778,1,0.9999808,1
LA_D_4715569,1,0.999999,1
LA_D_4739519,1,0.9999702,1
LA_D_4807096,1,0.9999776,1
LA_D_4930262,1,0.999979,1
LA_D_4935874,1,0.999999,1
LA_D_4949188,1,0.99998987,1
LA_D_4981154,1,0.999999,1
LA_D_5019937,1,0.999999,1
LA_D_5240657,1,0.99999845,1
LA_D_5255870,1,0.99999726,1
LA_D_5267249,1,0.999999,1
LA_D_5278285,1,0.999999,1
LA_D_5324608,1,0.9999987,1
LA_D_5336291,1,0.999999,1
LA_D_5386683,1,0.999999,1
LA_D_5401591,1,0.999999,1
LA_D_5431436,1,0.9999989,1
LA_D_5445492,1,0.99999774,1
LA_D_5521273,1,0.999999,1
LA_D_5547400,1,0.999999,1
LA_D_5575912,1,0.999999,1
LA_D_5604212,1,0.9999964,1
LA_D_5607743,1,0.9999981,1
LA_D_5701193,1,0.999999,1
LA_D_5769965,1,0.99781954,1
LA_D_5842422,1,0.9999516,1
LA_D_5855069,1,0.999999,1
LA_D_5859556,1,0.999999,1
LA_D_5870696,1,0.9999956,1
LA_D_5972310,1,0.999999,1
LA_D_5989648,1,0.9999646,1
LA_D_6022982,1,0.99998724,1
LA_D_6056778,1,0.9999982,1
LA_D_6059653,1,0.999999,1
LA_D_6211292,1,0.9999945,1
LA_D_6291895,1,0.99999154,1
LA_D_6397937,1,0.9999577,1
LA_D_6402048,1,0.99999785,1
LA_D_6448946,1,0.99999726,1
LA_D_6648802,1,0.99995434,1
LA_D_6663247,1,0.99998236,1
LA_D_6679303,1,0.99999845,1
LA_D_6724166,1,0.99998844,1
LA_D_6853824,1,0.999999,1
LA_D_6976006,1,0.9999579,1
LA_D_7030288,1,0.9999962,1
LA_D_7051994,1,0.99996006,1
LA_D_7054977,1,0.9999981,1
LA_D_7130250,1,0.999999,1
LA_D_7140023,1,0.999999,1
LA_D_7148850,1,0.999999,1
LA_D_7194660,1,0.999999,1
LA_D_7269236,1,0.9999968,1
LA_D_7341689,1,0.999999,1
LA_D_7360454,1,0.9999989,1
LA_D_7399617,1,0.9999976,1
LA_D_7450790,1,0.9999931,1
LA_D_7473394,1,0.999999,1
LA_D_7521836,1,0.99999845,1
LA_D_7543100,1,0.999999,1
LA_D_7638211,1,0.9999639,1
LA_D_7679130,1,0.999999,1
LA_D_7758918,1,0.99997413,1
LA_D_7793148,1,0.9999629,1
LA_D_8017626,1,0.9999987,1
LA_D_8184939,1,0.999999,1
LA_D_8241585,1,0.99999034,1
LA_D_8428131,1,0.999999,1
LA_D_8432583,1,0.9998901,1
LA_D_8736165,1,0.999999,1
LA_D_8750703,1,0.9999988,1
LA_D_8764814,1,0.99999666,1
LA_D_8812163,1,0.999999,1
LA_D_8813855,1,0.9999989,1
LA_D_8817568,1,0.9999987,1
LA_D_8869015,1,0.99924666,1
LA_D_8869959,1,0.9998704,1
LA_D_8923486,1,0.99999607,1
LA_D_8966044,1,0.999999,1
LA_D_9015485,1,0.9999956,1
LA_D_9113203,1,0.99999833,1
LA_D_9134844,1,0.9999813,1
LA_D_9375342,1,0.999999,1
LA_D_9498667,1,0.9999924,1
LA_D_9509324,1,0.999999,1
LA_D_9602677,1,0.9999926,1
LA_D_9697774,1,0.99999785,1
LA_D_9699048,1,0.999999,1
LA_D_9732143,1,0.999999,1
LA_D_9867970,1,0.999999,1
LA_D_9869348,1,0.999977,1
LA_D_9884114,1,0.999999,1
LA_D_9977795,1,0.999999,1
LA_D_1090286,1,0.999999,1
LA_D_1119156,1,0.9997459,1
LA_D_1173765,1,0.9995955,1
LA_D_1219450,1,0.9991242,1
LA_D_1239754,1,0.999999,1
LA_D_1245000,1,0.999999,1
LA_D_1279882,1,0.999999,1
LA_D_1399387,1,0.99987173,1
LA_D_1409575,1,0.99998975,1
LA_D_1426585,1,0.9999925,1
LA_D_1472077,1,0.99999344,1
LA_D_1518150,1,0.9999987,1
LA_D_1614129,1,0.9998076,1
LA_D_1714000,1,0.999999,1
LA_D_1789452,1,0.99999046,1
LA_D_1819301,1,0.9999968,1
LA_D_1879957,1,0.999999,1
LA_D_1884465,1,0.999999,1
LA_D_1975885,1,0.999999,1
LA_D_1993949,1,0.999999,1
LA_D_2017251,1,0.999999,1
LA_D_2022297,1,0.99993944,1
LA_D_2124484,1,0.999999,1
LA_D_2133778,1,0.99999356,1
LA_D_2149963,1,0.9999887,1
LA_D_2165027,1,0.9999682,1
LA_D_2232106,1,0.9999982,1
LA_D_2237304,1,0.99998796,1
LA_D_2248106,1,0.999999,1
LA_D_2307156,1,0.999999,1
LA_D_2455736,1,0.999999,1
LA_D_2552799,1,0.999999,1
LA_D_2674978,1,0.999999,1
LA_D_2844885,1,0.99989855,1
LA_D_2850598,1,0.9999341,1
LA_D_2944634,1,0.999999,1
LA_D_2954917,1,0.9999987,1
LA_D_3000565,1,0.9999989,1
LA_D_3074651,1,0.99999475,1
LA_D_3075867,1,0.99991786,1
LA_D_3264952,1,0.999999,1
LA_D_3343965,1,0.999999,1
LA_D_3459809,1,0.99973327,1
LA_D_3507167,1,0.9999926,1
LA_D_3631905,1,0.9999902,1
LA_D_3717777,1,0.99999213,1
LA_D_3742070,1,0.999999,1
LA_D_3836344,1,0.999999,1
LA_D_3876129,1,0.9999951,1
LA_D_3908841,1,0.999999,1
LA_D_3916177,1,0.9999982,1
LA_D_4005854,1,0.999999,1
LA_D_4063159,1,0.999999,1
LA_D_4129574,1,0.9999974,1
LA_D_4328579,1,0.999999,1
LA_D_4524484,1,0.99994373,1
LA_D_4789150,1,0.99999726,1
LA_D_4833247,1,0.9998146,1
LA_D_4877516,1,0.999999,1
LA_D_4900801,1,0.999999,1
LA_D_5072627,1,0.999999,1
LA_D_5086183,1,0.999999,1
LA_D_5143230,1,0.9999821,1
LA_D_5178609,1,0.99999785,1
LA_D_5182745,1,0.999999,1
LA_D_5240410,1,0.45948213,0
LA_D_5334203,1,0.99985754,1
LA_D_5451679,1,0.9999703,1
LA_D_5508177,1,0.9999906,1
LA_D_5604089,1,0.9999629,1
LA_D_5700038,1,0.999889,1
LA_D_5833858,1,0.999999,1
LA_D_5929116,1,0.999998,1
LA_D_5930714,1,0.999999,1
LA_D_5985188,1,0.91789454,1
LA_D_6055606,1,0.9999974,1
LA_D_6066874,1,0.9999845,1
LA_D_6067380,1,0.9999989,1
LA_D_6137766,1,0.999999,1
LA_D_6150120,1,0.9999852,1
LA_D_6197289,1,0.9999951,1
LA_D_6198995,1,0.9999945,1
LA_D_6231410,1,0.99991333,1
LA_D_6258471,1,0.999999,1
LA_D_6265671,1,0.99999344,1
LA_D_6288751,1,0.999999,1
LA_D_6289915,1,0.999999,1
LA_D_6303389,1,0.999999,1
LA_D_6353335,1,0.99999654,1
LA_D_6386877,1,0.999999,1
LA_D_6453794,1,0.999999,1
LA_D_6455651,1,0.9999316,1
LA_D_6458898,1,0.999999,1
LA_D_6459646,1,0.999999,1
LA_D_6478834,1,0.9999989,1
LA_D_6700006,1,0.99999547,1
LA_D_6754294,1,0.999999,1
LA_D_6818564,1,0.99999356,1
LA_D_6912038,1,0.999999,1
LA_D_7153745,1,0.99999833,1
LA_D_7172970,1,0.999999,1
LA_D_7179829,1,0.999999,1
LA_D_7376093,1,0.999999,1
LA_D_7501292,1,0.999999,1
LA_D_7512726,1,0.999999,1
LA_D_7534463,1,0.9999981,1
LA_D_7544405,1,0.99977994,1
LA_D_7565232,1,0.99997234,1
LA_D_7573423,1,0.999999,1
LA_D_7612426,1,0.999999,1
LA_D_7622198,1,0.999999,1
LA_D_7691845,1,0.99995804,1
LA_D_7712846,1,0.999999,1
LA_D_7755990,1,0.999999,1
LA_D_7758267,1,0.99983406,1
LA_D_7787517,1,0.9999763,1
LA_D_7798955,1,0.999999,1
LA_D_7870292,1,0.99999404,1
LA_D_8034204,1,0.999999,1
LA_D_8199784,1,0.999972,1
LA_D_8272605,1,0.9999949,1
LA_D_8305753,1,0.9999765,1
LA_D_8430669,1,0.9998995,1
LA_D_8693177,1,0.999998,1
LA_D_8699257,1,0.9999987,1
LA_D_8713325,1,0.999999,1
LA_D_8716023,1,0.99999654,1
LA_D_8988565,1,0.9999989,1
LA_D_9042964,1,0.999999,1
LA_D_9239572,1,0.9999747,1
LA_D_9288302,1,0.9999943,1
LA_D_9303165,1,0.99994946,1
LA_D_9462553,1,0.9999918,1
LA_D_9560424,1,0.99999833,1
LA_D_9584404,1,0.999999,1
LA_D_9620410,1,0.999999,1
LA_D_9631448,1,0.9999945,1
LA_D_9726894,1,0.9999957,1
LA_D_9954386,1,0.999999,1
LA_D_9993956,1,0.999999,1
LA_D_1121887,1,0.999999,1
LA_D_1133168,1,0.999999,1
LA_D_1232613,1,0.9999896,1
LA_D_1306387,1,0.999999,1
LA_D_1330775,1,0.999999,1
LA_D_1335445,1,0.99993324,1
LA_D_1427710,1,0.9999958,1
LA_D_1503604,1,0.9999497,1
LA_D_1523180,1,0.999999,1
LA_D_1523483,1,0.999999,1
LA_D_1565390,1,0.9999887,1
LA_D_1770174,1,0.9999875,1
LA_D_1812623,1,0.999999,1
LA_D_1833652,1,0.99991286,1
LA_D_1882065,1,0.999999,1
LA_D_1898207,1,0.9999888,1
LA_D_1983415,1,0.9999989,1
LA_D_1997529,1,0.999999,1
LA_D_2002365,1,0.9999925,1
LA_D_2062744,1,0.9991178,1
LA_D_2096892,1,0.9999987,1
LA_D_2143384,1,0.99997497,1
LA_D_2255247,1,0.99998665,1
LA_D_2382522,1,0.999999,1
LA_D_2518822,1,0.999999,1
LA_D_2688414,1,0.999999,1
LA_D_2753816,1,0.99998367,1
LA_D_2842063,1,0.99998033,1
LA_D_2905424,1,0.9999887,1
LA_D_2924504,1,0.99999714,1
LA_D_2934981,1,0.999999,1
LA_D_3044379,1,0.9991429,1
LA_D_3062025,1,0.9999958,1
LA_D_3117119,1,0.999999,1
LA_D_3124251,1,0.9999503,1
LA_D_3194286,1,0.9999988,1
LA_D_3210739,1,0.99992275,1
LA_D_3250253,1,0.9999963,1
LA_D_3280853,1,0.99998534,1
LA_D_3383198,1,0.9971215,1
LA_D_3444541,1,0.999999,1
LA_D_3547035,1,0.9997741,1
LA_D_3576459,1,0.9999844,1
LA_D_3668484,1,0.9999964,1
LA_D_3698358,1,0.99984324,1
LA_D_3733779,1,0.99997413,1
LA_D_3887452,1,0.999998,1
LA_D_3981584,1,0.999999,1
LA_D_4057142,1,0.99999654,1
LA_D_4101216,1,0.999999,1
LA_D_4154887,1,0.9999187,1
LA_D_4166644,1,0.999999,1
LA_D_4221800,1,0.9995236,1
LA_D_4401633,1,0.99999857,1
LA_D_4433509,1,0.999999,1
LA_D_4475626,1,0.99839216,1
LA_D_4530450,1,0.9999981,1
LA_D_4551336,1,0.9999987,1
LA_D_4626331,1,0.9967584,1
LA_D_4698419,1,0.999999,1
LA_D_4813520,1,0.9999989,1
LA_D_4816127,1,0.9999883,1
LA_D_4818528,1,0.99998665,1
LA_D_4961315,1,0.9998243,1
LA_D_4966083,1,0.99581164,1
LA_D_5018258,1,0.999999,1
LA_D_5021244,1,0.999999,1
LA_D_5250042,1,0.99573755,1
LA_D_5262821,1,0.9999988,1
LA_D_5332359,1,0.9999987,1
LA_D_5441778,1,0.9991862,1
LA_D_5463411,1,0.9999913,1
LA_D_5490757,1,0.999999,1
LA_D_5502506,1,0.999999,1
LA_D_5512289,1,0.999999,1
LA_D_5623559,1,0.9999988,1
LA_D_5631850,1,0.999999,1
LA_D_5725878,1,0.999999,1
LA_D_5824998,1,0.9999908,1
LA_D_5925659,1,0.99999857,1
LA_D_6120152,1,0.9999919,1
LA_D_6178956,1,0.9999728,1
LA_D_6291738,1,0.9999863,1
LA_D_6310267,1,0.99996555,1
LA_D_6324927,1,0.999999,1
LA_D_6503475,1,0.99999726,1
LA_D_6515867,1,0.999999,1
LA_D_6518159,1,0.9999939,1
LA_D_6561538,1,0.999999,1
LA_D_6568071,1,0.999999,1
LA_D_6614329,1,0.999999,1
LA_D_6741986,1,0.9999976,1
LA_D_6841789,1,0.9961557,1
LA_D_6843205,1,0.9914074,1
LA_D_7030281,1,0.9999858,1
LA_D_7035349,1,0.999999,1
LA_D_7057190,1,0.9999976,1
LA_D_7081771,1,0.999999,1
LA_D_7110669,1,0.9999182,1
LA_D_7164376,1,0.999999,1
LA_D_7189280,1,0.9999989,1
LA_D_7383599,1,0.9999988,1
LA_D_7423342,1,0.999999,1
LA_D_7460902,1,0.9999988,1
LA_D_7473191,1,0.9999968,1
LA_D_7570554,1,0.999998,1
LA_D_7594892,1,0.99999726,1
LA_D_7600381,1,0.9996674,1
LA_D_7605047,1,0.99999714,1
LA_D_7726114,1,0.9999894,1
LA_D_7783250,1,0.999999,1
LA_D_7989607,1,0.999999,1
LA_D_8029227,1,0.999999,1
LA_D_8078382,1,0.9999808,1
LA_D_8179191,1,0.999999,1
LA_D_8210054,1,0.999999,1
LA_D_8297100,1,0.99999,1
LA_D_8302640,1,0.9999963,1
LA_D_8516589,1,0.93031824,1
LA_D_8621322,1,0.999999,1
LA_D_8672684,1,0.99951315,1
LA_D_8759407,1,0.999999,1
LA_D_8765991,1,0.9999949,1
LA_D_8767583,1,0.9999944,1
LA_D_8773029,1,0.999999,1
LA_D_8806017,1,0.99993765,1
LA_D_8978560,1,0.999999,1
LA_D_9039771,1,0.999999,1
LA_D_9062081,1,0.99999857,1
LA_D_9076677,1,0.999999,1
LA_D_9135294,1,0.99998903,1
LA_D_9167206,1,0.999999,1
LA_D_9374684,1,0.999999,1
LA_D_9423080,1,0.999999,1
LA_D_9475102,1,0.9999795,1
LA_D_9716895,1,0.99998975,1
LA_D_9780696,1,0.999999,1
LA_D_9864113,1,0.9999943,1
LA_D_9945997,1,0.999999,1
LA_D_9983276,1,0.99996424,1
LA_D_1126907,1,0.9999732,1
LA_D_1130470,1,0.99995625,1
LA_D_1156906,1,0.9999962,1
LA_D_1238696,1,0.7871774,1
LA_D_1363243,1,0.99999046,1
LA_D_1368280,1,0.99998736,1
LA_D_1374363,1,0.99999833,1
LA_D_1412552,1,0.99758685,1
LA_D_1483493,1,0.9973258,1
LA_D_1488449,1,0.9997454,1
LA_D_1730959,1,0.9920001,1
LA_D_1733691,1,0.9997372,1
LA_D_1772237,1,0.999999,1
LA_D_1895274,1,0.99984443,1
LA_D_1918445,1,0.99999225,1
LA_D_1969568,1,0.99962294,1
LA_D_1984995,1,0.9951933,1
LA_D_2105580,1,0.9998025,1
LA_D_2264682,1,0.99980843,1
LA_D_2289303,1,0.99999547,1
LA_D_2370383,1,0.999999,1
LA_D_2404405,1,0.99999774,1
LA_D_2417193,1,0.9999969,1
LA_D_2659066,1,0.99977314,1
LA_D_2800113,1,0.9999796,1
LA_D_2812544,1,0.99999607,1
LA_D_2816765,1,0.9971316,1
LA_D_2844735,1,0.9999914,1
LA_D_2916024,1,0.9999652,1
LA_D_3154368,1,0.9997633,1
LA_D_3205671,1,0.99935526,1
LA_D_3211435,1,0.9999757,1
LA_D_3249552,1,0.999999,1
LA_D_3250830,1,0.99999774,1
LA_D_3389737,1,0.9998934,1
LA_D_3440131,1,0.99997044,1
LA_D_3513335,1,0.99999464,1
LA_D_3519840,1,0.9999944,1
LA_D_3570749,1,0.99998605,1
LA_D_3706083,1,0.9999901,1
LA_D_3774137,1,0.99982405,1
LA_D_3857446,1,0.99914813,1
LA_D_3907778,1,0.999999,1
LA_D_4151774,1,0.9961234,1
LA_D_4156807,1,0.9999677,1
LA_D_4160962,1,0.9999708,1
LA_D_4341889,1,0.9999771,1
LA_D_4356541,1,0.9998019,1
LA_D_4371142,1,0.92291313,1
LA_D_4386823,1,0.99999046,1
LA_D_4520104,1,0.99627775,1
LA_D_4645660,1,0.9999975,1
LA_D_4674650,1,0.99995553,1
LA_D_4723086,1,0.99996424,1
LA_D_4771667,1,0.9999765,1
LA_D_4781086,1,0.9997741,1
LA_D_4803902,1,0.99992156,1
LA_D_4945608,1,0.99964964,1
LA_D_4952493,1,0.99997866,1
LA_D_5075029,1,0.9994255,1
LA_D_5090421,1,0.99996793,1
LA_D_5226379,1,0.9994263,1
LA_D_5266850,1,0.99927855,1
LA_D_5312607,1,0.9998431,1
LA_D_5331264,1,0.99998415,1
LA_D_5341375,1,0.9999975,1
LA_D_5397319,1,0.9999851,1
LA_D_5467345,1,0.99956995,1
LA_D_5497034,1,0.9999912,1
LA_D_5664870,1,0.9999949,1
LA_D_5665194,1,0.9963043,1
LA_D_5769133,1,0.9999659,1
LA_D_5809254,1,0.99994075,1
LA_D_5825711,1,0.9982728,1
LA_D_5834157,1,0.99999845,1
LA_D_5838540,1,0.9999981,1
LA_D_5868407,1,0.9953682,1
LA_D_5879570,1,0.99997425,1
LA_D_5972627,1,0.9999981,1
LA_D_6008941,1,0.9996383,1
LA_D_6046406,1,0.9976562,1
LA_D_6064218,1,0.99999034,1
LA_D_6073354,1,0.9994188,1
LA_D_6092752,1,0.99999857,1
LA_D_6211330,1,0.9999863,1
LA_D_6302480,1,0.99999654,1
LA_D_6338898,1,0.9999387,1
LA_D_6369583,1,0.9999989,1
LA_D_6458272,1,0.9999937,1
LA_D_6509189,1,0.9999763,1
LA_D_6549159,1,0.999984,1
LA_D_6623102,1,0.999999,1
LA_D_6626817,1,0.9987074,1
LA_D_6669736,1,0.9999982,1
LA_D_6718237,1,0.99998236,1
LA_D_6810732,1,0.9999982,1
LA_D_6908091,1,0.9998263,1
LA_D_6938301,1,0.9999634,1
LA_D_6963530,1,0.9999912,1
LA_D_7122184,1,0.9999796,1
LA_D_7130070,1,0.9991854,1
LA_D_7154479,1,0.999999,1
LA_D_7179593,1,0.99994636,1
LA_D_7200791,1,0.9999949,1
LA_D_7319497,1,0.999956,1
LA_D_7385274,1,0.9999958,1
LA_D_7400680,1,0.9995208,1
LA_D_7449236,1,0.9877165,1
LA_D_7455119,1,0.9996894,1
LA_D_7542569,1,0.9979957,1
LA_D_7560590,1,0.9999455,1
LA_D_7562190,1,0.9999927,1
LA_D_7596579,1,0.9998883,1
LA_D_7640990,1,0.9999968,1
LA_D_7679169,1,0.99892765,1
LA_D_7682953,1,0.9999901,1
LA_D_7718364,1,0.99899775,1
LA_D_7783712,1,0.99487287,1
LA_D_7813228,1,0.99981034,1
LA_D_7841911,1,0.9999826,1
LA_D_7933208,1,0.999999,1
LA_D_7944625,1,0.9999833,1
LA_D_8033621,1,0.999959,1
LA_D_8037199,1,0.99995506,1
LA_D_8117787,1,0.999594,1
LA_D_8161836,1,0.9999231,1
LA_D_8239123,1,0.9999918,1
LA_D_8284994,1,0.99999785,1
LA_D_8365194,1,0.9999933,1
LA_D_8394417,1,0.99704653,1
LA_D_8429827,1,0.99999464,1
LA_D_8473267,1,0.99998665,1
LA_D_8503024,1,0.9975746,1
LA_D_8572375,1,0.9999962,1
LA_D_8591429,1,0.98980683,1
LA_D_8692948,1,0.9999982,1
LA_D_8696046,1,0.9999989,1
LA_D_8909861,1,0.9999318,1
LA_D_8947861,1,0.9999882,1
LA_D_9065762,1,0.99990237,1
LA_D_9091774,1,0.99999833,1
LA_D_9117374,1,0.99997187,1
LA_D_9172298,1,0.9999304,1
LA_D_9319381,1,0.9999949,1
LA_D_9408059,1,0.998159,1
LA_D_9471952,1,0.99998593,1
LA_D_9557117,1,0.99998665,1
LA_D_9700666,1,0.99999,1
LA_D_9874897,1,0.99999213,1
LA_D_9891140,1,0.99991024,1
LA_D_9897142,1,0.99999046,1
LA_D_9917104,1,0.9960259,1
LA_D_9924906,1,0.99999833,1
LA_D_9942874,1,0.99998593,1
LA_D_1129909,1,0.9999845,1
LA_D_1161800,1,0.99999475,1
LA_D_1364611,1,0.99999475,1
LA_D_1380231,1,0.999999,1
LA_D_1560273,1,0.999999,1
LA_D_1562732,1,0.999999,1
LA_D_1607104,1,0.999999,1
LA_D_1689082,1,0.999999,1
LA_D_1711559,1,0.9999827,1
LA_D_1885115,1,0.99999297,1
LA_D_1980534,1,0.999999,1
LA_D_2109062,1,0.999999,1
LA_D_2140323,1,0.9999192,1
LA_D_2303609,1,0.99157953,1
LA_D_2311237,1,0.9999044,1
LA_D_2339825,1,0.99999845,1
LA_D_2436364,1,0.999999,1
LA_D_2441943,1,0.99999523,1
LA_D_2517022,1,0.99919254,1
LA_D_2519862,1,0.99997735,1
LA_D_2525000,1,0.999999,1
LA_D_2597748,1,0.999999,1
LA_D_2748583,1,0.999999,1
LA_D_2839913,1,0.999999,1
LA_D_2977005,1,0.999999,1
LA_D_2991667,1,0.999999,1
LA_D_3005942,1,0.999999,1
LA_D_3018635,1,0.9999895,1
LA_D_3039424,1,0.9999907,1
LA_D_3174998,1,0.999999,1
LA_D_3253942,1,0.99999785,1
LA_D_3323539,1,0.9998994,1
LA_D_3329701,1,0.999999,1
LA_D_3443703,1,0.999999,1
LA_D_3514242,1,0.999999,1
LA_D_3559270,1,0.999999,1
LA_D_3579781,1,0.999999,1
LA_D_3691360,1,0.999999,1
LA_D_3746211,1,0.99806446,1
LA_D_3787464,1,0.999999,1
LA_D_3796498,1,0.999999,1
LA_D_3986002,1,0.999999,1
LA_D_4004968,1,0.999999,1
LA_D_4016591,1,0.999999,1
LA_D_4021153,1,0.9999622,1
LA_D_4033093,1,0.999999,1
LA_D_4083478,1,0.99999475,1
LA_D_4246171,1,0.999999,1
LA_D_4350271,1,0.9998722,1
LA_D_4516804,1,0.999999,1
LA_D_4571818,1,0.999999,1
LA_D_4574274,1,0.9999931,1
LA_D_4663919,1,0.999999,1
LA_D_4667621,1,0.999999,1
LA_D_4703340,1,0.999999,1
LA_D_4717087,1,0.9999987,1
LA_D_4776681,1,0.9999988,1
LA_D_4777626,1,0.999999,1
LA_D_4777881,1,0.9999912,1
LA_D_4968305,1,0.99999094,1
LA_D_4969607,1,0.999999,1
LA_D_5054904,1,0.999999,1
LA_D_5146064,1,0.999999,1
LA_D_5158638,1,0.999999,1
LA_D_5495040,1,0.999999,1
LA_D_5503012,1,0.999999,1
LA_D_5507210,1,0.99999785,1
LA_D_5651240,1,0.999999,1
LA_D_5724728,1,0.999999,1
LA_D_5759383,1,0.999999,1
LA_D_5786237,1,0.9999876,1
LA_D_5833231,1,0.99999726,1
LA_D_5934426,1,0.9998839,1
LA_D_6027798,1,0.999999,1
LA_D_6032630,1,0.999999,1
LA_D_6117748,1,0.999999,1
LA_D_6156090,1,0.99999845,1
LA_D_6236753,1,0.99998164,1
LA_D_6252124,1,0.999999,1
LA_D_6288557,1,0.99996674,1
LA_D_6292198,1,0.999999,1
LA_D_6367157,1,0.999999,1
LA_D_6499603,1,0.999999,1
LA_D_6520984,1,0.99998987,1
LA_D_6549373,1,0.999999,1
LA_D_6578659,1,0.999999,1
LA_D_6622348,1,0.99998987,1
LA_D_6711434,1,0.999999,1
LA_D_6836003,1,0.999999,1
LA_D_7015174,1,0.999999,1
LA_D_7123406,1,0.999999,1
LA_D_7139553,1,0.9999981,1
LA_D_7152817,1,0.999999,1
LA_D_7255005,1,0.9999672,1
LA_D_7363764,1,0.6399743,1
LA_D_7380582,1,0.9999976,1
LA_D_7450739,1,0.999999,1
LA_D_7471560,1,0.999999,1
LA_D_7618637,1,0.999999,1
LA_D_7783288,1,0.999999,1
LA_D_7870160,1,0.9999932,1
LA_D_7919190,1,0.99999785,1
LA_D_7957211,1,0.99999857,1
LA_D_8006339,1,0.999999,1
LA_D_8031870,1,0.999995,1
LA_D_8043080,1,0.9999906,1
LA_D_8118074,1,0.99998844,1
LA_D_8130173,1,0.999999,1
LA_D_8210164,1,0.9999857,1
LA_D_8220866,1,0.9999988,1
LA_D_8270902,1,0.9999981,1
LA_D_8371178,1,0.999999,1
LA_D_8440843,1,0.999999,1
LA_D_8457325,1,0.99999833,1
LA_D_8596240,1,0.999999,1
LA_D_8623607,1,0.99999595,1
LA_D_8637288,1,0.999999,1
LA_D_8745130,1,0.99999785,1
LA_D_8773329,1,0.999999,1
LA_D_8879292,1,0.9999945,1
LA_D_8880302,1,0.05161539,0
LA_D_8931596,1,0.999999,1
LA_D_9035942,1,0.99996066,1
LA_D_9042253,1,0.99999857,1
LA_D_9080371,1,0.999999,1
LA_D_9113299,1,0.999999,1
LA_D_9118659,1,0.999999,1
LA_D_9160310,1,0.99999666,1
LA_D_9224096,1,0.999987,1
LA_D_9240035,1,0.9999976,1
LA_D_9241530,1,0.999999,1
LA_D_9260902,1,0.99946076,1
LA_D_9272509,1,0.999999,1
LA_D_9330492,1,0.999999,1
LA_D_9359637,1,0.9999349,1
LA_D_9554132,1,0.999999,1
LA_D_9664656,1,0.999999,1
LA_D_9685348,1,0.999999,1
LA_D_9752146,1,0.999999,1
LA_D_9883591,1,0.999999,1
LA_D_1084356,1,0.99999726,1
LA_D_1086391,1,0.9999429,1
LA_D_1123614,1,0.999999,1
LA_D_1281950,1,0.999999,1
LA_D_1313431,1,0.999999,1
LA_D_1336221,1,0.999999,1
LA_D_1389698,1,0.9999932,1
LA_D_1445468,1,0.99997175,1
LA_D_1459930,1,0.999999,1
LA_D_1481335,1,0.999999,1
LA_D_1494418,1,0.99999833,1
LA_D_1517231,1,0.99999535,1
LA_D_1541519,1,0.999999,1
LA_D_1558714,1,0.9999974,1
LA_D_1736286,1,0.999999,1
LA_D_1803008,1,0.999999,1
LA_D_1805739,1,0.999999,1
LA_D_1859048,1,0.99999475,1
LA_D_1881724,1,0.999998,1
LA_D_1930138,1,0.9999981,1
LA_D_1964638,1,0.9999958,1
LA_D_2053527,1,0.999999,1
LA_D_2324235,1,0.9995991,1
LA_D_2462521,1,0.999997,1
LA_D_2534849,1,0.999999,1
LA_D_2658622,1,0.999999,1
LA_D_2690780,1,0.999999,1
LA_D_2832141,1,0.999999,1
LA_D_2863133,1,0.9999589,1
LA_D_2884522,1,0.999999,1
LA_D_2896345,1,0.999999,1
LA_D_2923426,1,0.99999857,1
LA_D_2996584,1,0.99999845,1
LA_D_3025684,1,0.999999,1
LA_D_3247685,1,0.9999969,1
LA_D_3262859,1,0.999999,1
LA_D_3264696,1,0.99999595,1
LA_D_3268836,1,0.999999,1
LA_D_3348941,1,0.999999,1
LA_D_3399790,1,0.999999,1
LA_D_3599443,1,0.999999,1
LA_D_3623206,1,0.9999707,1
LA_D_3655500,1,0.999999,1
LA_D_3731175,1,0.999999,1
LA_D_3851855,1,0.99999845,1
LA_D_3857058,1,0.9999963,1
LA_D_3898085,1,0.99999833,1
LA_D_3922266,1,0.9999939,1
LA_D_3933506,1,0.999999,1
LA_D_4014487,1,0.999999,1
LA_D_4016003,1,0.999999,1
LA_D_4021573,1,0.9999987,1
LA_D_4076814,1,0.99999094,1
LA_D_4123677,1,0.999999,1
LA_D_4146741,1,0.99999785,1
LA_D_4168527,1,0.999999,1
LA_D_4248918,1,0.999999,1
LA_D_4279522,1,0.99998903,1
LA_D_4338785,1,0.999999,1
LA_D_4411754,1,0.99999666,1
LA_D_4441987,1,0.999999,1
LA_D_4462615,1,0.9999975,1
LA_D_4552327,1,0.9991605,1
LA_D_4580301,1,0.999999,1
LA_D_4644831,1,0.9999893,1
LA_D_4771783,1,0.999999,1
LA_D_4894198,1,0.999999,1
LA_D_4903304,1,0.999999,1
LA_D_4969859,1,0.999999,1
LA_D_5026692,1,0.999999,1
LA_D_5135042,1,0.99999595,1
LA_D_5212614,1,0.9999907,1
LA_D_5248127,1,0.99999416,1
LA_D_5248372,1,0.999999,1
LA_D_5383174,1,0.99998975,1
LA_D_5438251,1,0.99999607,1
LA_D_5513082,1,0.999999,1
LA_D_5521568,1,0.999999,1
LA_D_5545146,1,0.999995,1
LA_D_5561293,1,0.999999,1
LA_D_5691072,1,0.999999,1
LA_D_5695691,1,0.99997354,1
LA_D_5734480,1,0.99981105,1
LA_D_5747580,1,0.99999666,1
LA_D_5790567,1,0.999999,1
LA_D_5863611,1,0.9999982,1
LA_D_5932613,1,0.999999,1
LA_D_5947257,1,0.999999,1
LA_D_5962580,1,0.999999,1
LA_D_6043519,1,0.99987924,1
LA_D_6308295,1,0.999999,1
LA_D_6460049,1,0.999999,1
LA_D_6479457,1,0.999999,1
LA_D_6492056,1,0.99997497,1
LA_D_6497625,1,0.99999046,1
LA_D_6672477,1,0.99998975,1
LA_D_6680138,1,0.9999981,1
LA_D_6717375,1,0.999999,1
LA_D_6757692,1,0.99999714,1
LA_D_6824022,1,0.99998546,1
LA_D_6864236,1,0.999999,1
LA_D_6913240,1,0.999999,1
LA_D_6921684,1,0.999999,1
LA_D_6936162,1,0.999999,1
LA_D_6989506,1,0.999999,1
LA_D_7089929,1,0.99982595,1
LA_D_7090657,1,0.999999,1
LA_D_7109981,1,0.999999,1
LA_D_7162317,1,0.9999988,1
LA_D_7203605,1,0.999999,1
LA_D_7204569,1,0.999999,1
LA_D_7213885,1,0.999999,1
LA_D_7235373,1,0.99999785,1
LA_D_7270074,1,0.99998224,1
LA_D_7299514,1,0.9999987,1
LA_D_7361566,1,0.999999,1
LA_D_7391591,1,0.999999,1
LA_D_7530789,1,0.99999845,1
LA_D_7647812,1,0.999999,1
LA_D_7718079,1,0.999999,1
LA_D_7879955,1,0.9999763,1
LA_D_7972724,1,0.999999,1
LA_D_8042846,1,0.9999331,1
LA_D_8126437,1,0.999999,1
LA_D_8155318,1,0.99999774,1
LA_D_8174725,1,0.999999,1
LA_D_8187801,1,0.999999,1
LA_D_8192047,1,0.99999833,1
LA_D_8197154,1,0.999999,1
LA_D_8214303,1,0.999999,1
LA_D_8260762,1,0.9999989,1
LA_D_8274833,1,0.99974126,1
LA_D_8289729,1,0.9999926,1
LA_D_8568451,1,0.999999,1
LA_D_8600039,1,0.999999,1
LA_D_8749378,1,0.999999,1
LA_D_8978448,1,0.999999,1
LA_D_9125966,1,0.99987686,1
LA_D_9126409,1,0.99983704,1
LA_D_9133444,1,0.9999974,1
LA_D_9137331,1,0.999999,1
LA_D_9159907,1,0.999999,1
LA_D_9209591,1,0.99999416,1
LA_D_9241229,1,0.999999,1
LA_D_9295080,1,0.9999987,1
LA_D_9433165,1,0.999999,1
LA_D_9460592,1,0.999999,1
LA_D_9502258,1,0.999999,1
LA_D_9513156,1,0.9999689,1
LA_D_9737719,1,0.99999714,1
LA_D_9821908,1,0.9999752,1
LA_D_9856127,1,0.999999,1
LA_D_9897452,1,0.999999,1
LA_D_9997701,1,0.9997947,1
LA_D_1091602,1,0.99999774,1
LA_D_1105131,1,0.9999975,1
LA_D_1107267,1,0.99987984,1
LA_D_1112296,1,0.9999474,1
LA_D_1195977,1,0.999999,1
LA_D_1258927,1,0.99998236,1
LA_D_1274098,1,0.999999,1
LA_D_1317890,1,0.99999094,1
LA_D_1475288,1,0.99997056,1
LA_D_1494180,1,0.999999,1
LA_D_1575443,1,0.9999865,1
LA_D_1592094,1,0.9999958,1
LA_D_1697470,1,0.999999,1
LA_D_1702465,1,0.9999808,1
LA_D_1822237,1,0.99996626,1
LA_D_1857965,1,0.9999529,1
LA_D_1874320,1,0.9999981,1
LA_D_1943029,1,0.999999,1
LA_D_1943350,1,0.999999,1
LA_D_2005171,1,0.999999,1
LA_D_2009007,1,0.999998,1
LA_D_2079489,1,0.999999,1
LA_D_2117889,1,0.99999154,1
LA_D_2227760,1,0.999999,1
LA_D_2289857,1,0.9999324,1
LA_D_2334643,1,0.999999,1
LA_D_2393663,1,0.99999297,1
LA_D_2407623,1,0.9999974,1
LA_D_2425839,1,0.999999,1
LA_D_2535161,1,0.9999974,1
LA_D_2671129,1,0.999999,1
LA_D_2946318,1,0.99999,1
LA_D_3050627,1,0.9999987,1
LA_D_3077269,1,0.99923444,1
LA_D_3088159,1,0.999999,1
LA_D_3151376,1,0.9999958,1
LA_D_3215740,1,0.9999938,1
LA_D_3236921,1,0.99999,1
LA_D_3315214,1,0.9999976,1
LA_D_3316993,1,0.999999,1
LA_D_3572399,1,0.999999,1
LA_D_3770523,1,0.999999,1
LA_D_3819025,1,0.9999982,1
LA_D_3847750,1,0.999999,1
LA_D_3877724,1,0.999999,1
LA_D_3882050,1,0.9998764,1
LA_D_4080403,1,0.9999683,1
LA_D_4082470,1,0.9999937,1
LA_D_4132709,1,0.9999975,1
LA_D_4148603,1,0.99998987,1
LA_D_4339997,1,0.99999523,1
LA_D_4437989,1,0.999999,1
LA_D_4466532,1,0.999999,1
LA_D_4529182,1,0.999999,1
LA_D_4668193,1,0.99998593,1
LA_D_4675196,1,0.9999968,1
LA_D_4782067,1,0.99999523,1
LA_D_4796882,1,0.999999,1
LA_D_4928990,1,0.999998,1
LA_D_4948709,1,0.99986124,1
LA_D_5049363,1,0.99963117,1
LA_D_5080128,1,0.9999976,1
LA_D_5115522,1,0.999999,1
LA_D_5175785,1,0.99999833,1
LA_D_5188600,1,0.9999989,1
LA_D_5255611,1,0.999999,1
LA_D_5415483,1,0.999999,1
LA_D_5421834,1,0.999999,1
LA_D_5554369,1,0.999999,1
LA_D_5617526,1,0.9999362,1
LA_D_5676289,1,0.999997,1
LA_D_6030391,1,0.9999945,1
LA_D_6043078,1,0.999999,1
LA_D_6212089,1,0.99999666,1
LA_D_6245432,1,0.999999,1
LA_D_6266231,1,0.999999,1
LA_D_6329617,1,0.9999968,1
LA_D_6339751,1,0.999999,1
LA_D_6393255,1,0.99999475,1
LA_D_6421262,1,0.99999297,1
LA_D_6421519,1,0.99996555,1
LA_D_6424598,1,0.9997716,1
LA_D_6525649,1,0.99999857,1
LA_D_6566035,1,0.9999989,1
LA_D_6631537,1,0.9999919,1
LA_D_6733447,1,0.9917971,1
LA_D_6749976,1,0.999999,1
LA_D_6787225,1,0.99999857,1
LA_D_6869808,1,0.9999974,1
LA_D_6916843,1,0.9999813,1
LA_D_7016331,1,0.999999,1
LA_D_7030577,1,0.99777323,1
LA_D_7058100,1,0.99999225,1
LA_D_7130987,1,0.9997359,1
LA_D_7150561,1,0.99997854,1
LA_D_7215902,1,0.99999845,1
LA_D_7252855,1,0.99998903,1
LA_D_7292143,1,0.9999932,1
LA_D_7484152,1,0.999999,1
LA_D_7556469,1,0.999999,1
LA_D_7579918,1,0.99998415,1
LA_D_7618557,1,0.99997175,1
LA_D_7721618,1,0.999999,1
LA_D_7745370,1,0.99938047,1
LA_D_7869886,1,0.999999,1
LA_D_7883065,1,0.99999607,1
LA_D_7891590,1,0.9999105,1
LA_D_7895200,1,0.999999,1
LA_D_7900046,1,0.999999,1
LA_D_7948554,1,0.9999968,1
LA_D_7971853,1,0.9999982,1
LA_D_7984329,1,0.99999785,1
LA_D_7989694,1,0.99981964,1
LA_D_8017606,1,0.9999938,1
LA_D_8076652,1,0.99999774,1
LA_D_8087254,1,0.99999344,1
LA_D_8138324,1,0.999999,1
LA_D_8140900,1,0.9999963,1
LA_D_8163197,1,0.999999,1
LA_D_8197621,1,0.9999783,1
LA_D_8262874,1,0.99999833,1
LA_D_8274900,1,0.999999,1
LA_D_8456792,1,0.99946314,1
LA_D_8523156,1,0.9999975,1
LA_D_8592900,1,0.999999,1
LA_D_8639820,1,0.9999895,1
LA_D_8679267,1,0.999999,1
LA_D_8715858,1,0.999998,1
LA_D_8726343,1,0.99999344,1
LA_D_8823022,1,0.9999685,1
LA_D_8826808,1,0.99997294,1
LA_D_8853808,1,0.9999906,1
LA_D_8892065,1,0.9999988,1
LA_D_9039818,1,0.99971956,1
LA_D_9053831,1,0.99999535,1
LA_D_9085952,1,0.9999989,1
LA_D_9124171,1,0.9999819,1
LA_D_9124382,1,0.9999924,1
LA_D_9206303,1,0.999999,1
LA_D_9216147,1,0.9999821,1
LA_D_9287387,1,0.99946076,1
LA_D_9316963,1,0.999999,1
LA_D_9350860,1,0.999999,1
LA_D_9352798,1,0.9999907,1
LA_D_9423280,1,0.999999,1
LA_D_9429134,1,0.999999,1
LA_D_9435329,1,0.999997,1
LA_D_9471357,1,0.999977,1
LA_D_9491309,1,0.99999213,1
LA_D_9658949,1,0.9999987,1
LA_D_9678576,1,0.9999989,1
LA_D_9837717,1,0.999999,1
LA_D_9897081,1,0.999999,1
LA_D_9937608,1,0.9999982,1
LA_D_1158837,1,0.99991035,1
LA_D_1214950,1,0.9998015,1
LA_D_1246607,1,0.999999,1
LA_D_1300558,1,0.9998158,1
LA_D_1353894,1,0.9999316,1
LA_D_1355058,1,0.999999,1
LA_D_1391982,1,0.99999857,1
LA_D_1438615,1,0.999999,1
LA_D_1513725,1,0.999999,1
LA_D_1567126,1,0.99999726,1
LA_D_1680201,1,0.99999666,1
LA_D_1686743,1,0.9999964,1
LA_D_1824180,1,0.99999726,1
LA_D_2044088,1,0.9999974,1
LA_D_2063669,1,0.999848,1
LA_D_2082295,1,0.999999,1
LA_D_2188246,1,0.999377,1
LA_D_2287585,1,0.999999,1
LA_D_2363836,1,0.9999949,1
LA_D_2380064,1,0.99999845,1
LA_D_2445554,1,0.99998355,1
LA_D_2452544,1,0.9999974,1
LA_D_2565359,1,0.9999938,1
LA_D_2578749,1,0.9999435,1
LA_D_2718909,1,0.99997973,1
LA_D_2824820,1,0.99930143,1
LA_D_2895802,1,0.99999857,1
LA_D_2943260,1,0.999982,1
LA_D_3051718,1,0.99992394,1
LA_D_3053264,1,0.99998903,1
LA_D_3064595,1,0.99999034,1
LA_D_3116201,1,0.9999893,1
LA_D_3224671,1,0.9999974,1
LA_D_3274531,1,0.9950722,1
LA_D_3327924,1,0.9999924,1
LA_D_3373017,1,0.9997976,1
LA_D_3373431,1,0.9999951,1
LA_D_3397208,1,0.9999987,1
LA_D_3405832,1,0.9999988,1
LA_D_3467346,1,0.99970907,1
LA_D_3479801,1,0.9998218,1
LA_D_3482661,1,0.9999825,1
LA_D_3548515,1,0.9999974,1
LA_D_3596015,1,0.999999,1
LA_D_3604610,1,0.9999925,1
LA_D_3607289,1,0.9999882,1
LA_D_3609977,1,0.9999918,1
LA_D_3787070,1,0.9999442,1
LA_D_3891696,1,0.99999833,1
LA_D_3941447,1,0.9999951,1
LA_D_3956242,1,0.99999845,1
LA_D_3967203,1,0.999999,1
LA_D_3983406,1,0.999999,1
LA_D_3996355,1,0.99995375,1
LA_D_3999380,1,0.9999604,1
LA_D_4037283,1,0.999999,1
LA_D_4052216,1,0.5310972,1
LA_D_4052746,1,0.99985707,1
LA_D_4174420,1,0.99999845,1
LA_D_4239074,1,0.99998665,1
LA_D_4282724,1,0.9993113,1
LA_D_4293112,1,0.9999894,1
LA_D_4304868,1,0.999999,1
LA_D_4399522,1,0.99997663,1
LA_D_4500243,1,0.9999956,1
LA_D_4513531,1,0.9999982,1
LA_D_4646934,1,0.99978673,1
LA_D_4807296,1,0.999999,1
LA_D_4866981,1,0.9900537,1
LA_D_4947147,1,0.99989283,1
LA_D_4962492,1,0.999999,1
LA_D_4971078,1,0.9999862,1
LA_D_4973412,1,0.999999,1
LA_D_4977329,1,0.99999464,1
LA_D_4992364,1,0.9999031,1
LA_D_5203733,1,0.99999666,1
LA_D_5245987,1,0.9999968,1
LA_D_5260084,1,0.9999987,1
LA_D_5411748,1,0.99996746,1
LA_D_5431156,1,0.9999975,1
LA_D_5475950,1,0.99994063,1
LA_D_5698379,1,0.999999,1
LA_D_5770185,1,0.9998946,1
LA_D_5774989,1,0.999999,1
LA_D_5794620,1,0.99999714,1
LA_D_5846104,1,0.99999726,1
LA_D_6124905,1,0.999999,1
LA_D_6183356,1,0.9999988,1
LA_D_6207345,1,0.9999919,1
LA_D_6280709,1,0.9987478,1
LA_D_6304222,1,0.99999464,1
LA_D_6418577,1,0.999999,1
LA_D_6480551,1,0.99999356,1
LA_D_6511989,1,0.9999969,1
LA_D_6539878,1,0.9999658,1
LA_D_6558890,1,0.9997921,1
LA_D_6598354,1,0.99999225,1
LA_D_6636661,1,0.9999914,1
LA_D_6659622,1,0.99989414,1
LA_D_6736028,1,0.999999,1
LA_D_6799496,1,0.9999988,1
LA_D_6821909,1,0.9999989,1
LA_D_7230566,1,0.9999988,1
LA_D_7324285,1,0.9999342,1
LA_D_7428513,1,0.999999,1
LA_D_7512294,1,0.99998844,1
LA_D_7525926,1,0.9999981,1
LA_D_7566925,1,0.9999988,1
LA_D_7704954,1,0.9999646,1
LA_D_7724772,1,0.999999,1
LA_D_7731909,1,0.9999938,1
LA_D_7753521,1,0.999999,1
LA_D_7760578,1,0.9993813,1
LA_D_7874275,1,0.99999356,1
LA_D_7901021,1,0.99999845,1
LA_D_7974536,1,0.9999782,1
LA_D_8037358,1,0.999999,1
LA_D_8214679,1,0.999999,1
LA_D_8288732,1,0.99689543,1
LA_D_8314448,1,0.99232394,1
LA_D_8318899,1,0.9999939,1
LA_D_8426461,1,0.99995387,1
LA_D_8549144,1,0.999999,1
LA_D_8553650,1,0.999999,1
LA_D_8697996,1,0.9999815,1
LA_D_8767671,1,0.9999671,1
LA_D_8836257,1,0.999999,1
LA_D_8976620,1,0.99998724,1
LA_D_9183395,1,0.99999845,1
LA_D_9184655,1,0.99999845,1
LA_D_9200045,1,0.9999943,1
LA_D_9304099,1,0.9999596,1
LA_D_9311350,1,0.9999708,1
LA_D_9348889,1,0.999999,1
LA_D_9531450,1,0.9999813,1
LA_D_9953476,1,0.9999939,1
LA_D_9960664,1,0.99996746,1
LA_D_9966094,1,0.999999,1
LA_D_9979957,1,0.9999989,1
LA_D_9996570,1,0.999999,1
LA_D_1024892,1,0.999974,1
LA_D_1097170,1,0.99961066,1
LA_D_1131723,1,0.99997485,1
LA_D_1218694,1,0.9999919,1
LA_D_1234965,1,0.99998236,1
LA_D_1327255,1,0.99999785,1
LA_D_1491971,1,0.9999682,1
LA_D_1544898,1,0.99966395,1
LA_D_1637250,1,0.9999429,1
LA_D_1696066,1,0.9999938,1
LA_D_1699026,1,0.9967943,1
LA_D_1710320,1,0.999999,1
LA_D_1775562,1,0.99900913,1
LA_D_1988752,1,0.99994874,1
LA_D_2051747,1,0.99995446,1
LA_D_2059154,1,0.9999633,1
LA_D_2061583,1,0.99983954,1
LA_D_2146246,1,0.99989915,1
LA_D_2209839,1,0.99956924,1
LA_D_2259043,1,0.9999168,1
LA_D_2302613,1,0.99999666,1
LA_D_2411901,1,0.999999,1
LA_D_2488325,1,0.9995998,1
LA_D_2658188,1,0.999999,1
LA_D_2690312,1,0.9480009,1
LA_D_2763260,1,0.9999957,1
LA_D_2766423,1,0.9999908,1
LA_D_2791787,1,0.999999,1
LA_D_2928658,1,0.99973434,1
LA_D_2958472,1,0.9999695,1
LA_D_3007617,1,0.99997115,1
LA_D_3109423,1,0.99980485,1
LA_D_3149828,1,0.9998784,1
LA_D_3279100,1,0.9999951,1
LA_D_3291602,1,0.9999989,1
LA_D_3316221,1,0.99999714,1
LA_D_3352195,1,0.9995747,1
LA_D_3416462,1,0.9999238,1
LA_D_3549588,1,0.99484134,1
LA_D_3553954,1,0.999895,1
LA_D_3596872,1,0.9999832,1
LA_D_3694891,1,0.99996805,1
LA_D_3713783,1,0.99989223,1
LA_D_3757479,1,0.9999608,1
LA_D_3805241,1,0.9999914,1
LA_D_3808406,1,0.99995935,1
LA_D_4041525,1,0.99973303,1
LA_D_4063304,1,0.99966854,1
LA_D_4130767,1,0.9999758,1
LA_D_4246474,1,0.99924654,1
LA_D_4310926,1,0.99998796,1
LA_D_4320007,1,0.999992,1
LA_D_4367012,1,0.99998546,1
LA_D_4440923,1,0.9999982,1
LA_D_4462839,1,0.9999975,1
LA_D_4534077,1,0.99983835,1
LA_D_4599043,1,0.99999666,1
LA_D_4623306,1,0.9999095,1
LA_D_4631592,1,0.9999964,1
LA_D_4661324,1,0.99999547,1
LA_D_4804382,1,0.9999987,1
LA_D_4806480,1,0.99984074,1
LA_D_4838520,1,0.99985874,1
LA_D_4942819,1,0.99998736,1
LA_D_4949737,1,0.9998119,1
LA_D_5000705,1,0.9970626,1
LA_D_5016919,1,0.99984205,1
LA_D_5039802,1,0.99984634,1
LA_D_5135534,1,0.99990547,1
LA_D_5232868,1,0.99992454,1
LA_D_5256199,1,0.99997854,1
LA_D_5372085,1,0.999999,1
LA_D_5545304,1,0.99994314,1
LA_D_5624810,1,0.99998987,1
LA_D_5648462,1,0.99999833,1
LA_D_5655965,1,0.999899,1
LA_D_5669008,1,0.9999933,1
LA_D_5823678,1,0.9999933,1
LA_D_5826428,1,0.9999931,1
LA_D_5835377,1,0.99998534,1
LA_D_5984308,1,0.99993825,1
LA_D_6031544,1,0.9966235,1
LA_D_6081830,1,0.9999944,1
LA_D_6089259,1,0.99987686,1
LA_D_6137641,1,0.99989367,1
LA_D_6220480,1,0.99998856,1
LA_D_6340859,1,0.9997203,1
LA_D_6373554,1,0.999999,1
LA_D_6391787,1,0.99998474,1
LA_D_6410181,1,0.99994576,1
LA_D_6598628,1,0.999992,1
LA_D_6639331,1,0.99995196,1
LA_D_6725470,1,0.999825,1
LA_D_6730053,1,0.9987159,1
LA_D_6805166,1,0.9998721,1
LA_D_6810551,1,0.999999,1
LA_D_6848115,1,0.9999981,1
LA_D_6853055,1,0.9999045,1
LA_D_7157407,1,0.9996363,1
LA_D_7176973,1,0.9998388,1
LA_D_7182301,1,0.9995658,1
LA_D_7185044,1,0.9991541,1
LA_D_7202557,1,0.9999465,1
LA_D_7308477,1,0.9999924,1
LA_D_7344200,1,0.999999,1
LA_D_7366267,1,0.9998696,1
LA_D_7391066,1,0.999999,1
LA_D_7439393,1,0.9993507,1
LA_D_7459649,1,0.9999658,1
LA_D_7463826,1,0.9999677,1
LA_D_7518137,1,0.99928546,1
LA_D_7546022,1,0.9999981,1
LA_D_7701126,1,0.9999974,1
LA_D_7878191,1,0.99997985,1
LA_D_7885719,1,0.99997616,1
LA_D_7905682,1,0.99952954,1
LA_D_7916368,1,0.9999931,1
LA_D_7932604,1,0.9999132,1
LA_D_7932927,1,0.99998415,1
LA_D_7981085,1,0.999809,1
LA_D_7998943,1,0.9999305,1
LA_D_8003563,1,0.999999,1
LA_D_8017985,1,0.99999475,1
LA_D_8049554,1,0.99999607,1
LA_D_8092661,1,0.9999132,1
LA_D_8124968,1,0.9999987,1
LA_D_8127075,1,0.99996746,1
LA_D_8246056,1,0.99997556,1
LA_D_8361964,1,0.9998412,1
LA_D_8393123,1,0.9999852,1
LA_D_8443765,1,0.8977333,1
LA_D_8450008,1,0.9999969,1
LA_D_8464454,1,0.8470223,1
LA_D_8537448,1,0.99999654,1
LA_D_8596053,1,0.99507505,1
LA_D_8769661,1,0.9999875,1
LA_D_8775776,1,0.99999714,1
LA_D_8858517,1,0.98693895,1
LA_D_8894154,1,0.99996936,1
LA_D_8916787,1,0.9999554,1
LA_D_8925545,1,0.9999747,1
LA_D_9108828,1,0.9999323,1
LA_D_9126745,1,0.9999665,1
LA_D_9132872,1,0.99453044,1
LA_D_9238819,1,0.9999989,1
LA_D_9338180,1,0.9999093,1
LA_D_9489443,1,0.99990237,1
LA_D_9592778,1,0.9999207,1
LA_D_9595794,1,0.999999,1
LA_D_9615915,1,0.9999807,1
LA_D_9625547,1,0.99796414,1
LA_D_9666678,1,0.99992764,1
LA_D_9814046,1,0.9999548,1
LA_D_9931422,1,0.999999,1
LA_D_1072893,1,0.999999,1
LA_D_1118564,1,0.999999,1
LA_D_1121142,1,0.999999,1
LA_D_1199158,1,0.99999523,1
LA_D_1264788,1,0.999999,1
LA_D_1299580,1,0.999999,1
LA_D_1356035,1,0.9999944,1
LA_D_1396983,1,0.999999,1
LA_D_1431487,1,0.999999,1
LA_D_1434598,1,0.999999,1
LA_D_1487726,1,0.999999,1
LA_D_1541720,1,0.999999,1
LA_D_1583668,1,0.999999,1
LA_D_1592884,1,0.999992,1
LA_D_1659462,1,0.999999,1
LA_D_1660662,1,0.9999962,1
LA_D_1716988,1,0.999999,1
LA_D_1720317,1,0.999999,1
LA_D_1864699,1,0.999999,1
LA_D_2014243,1,0.999999,1
LA_D_2066393,1,0.999999,1
LA_D_2080977,1,0.999999,1
LA_D_2172148,1,0.99999845,1
LA_D_2190620,1,0.999999,1
LA_D_2223225,1,0.999999,1
LA_D_2274164,1,0.99999785,1
LA_D_2286902,1,0.999999,1
LA_D_2294476,1,0.999999,1
LA_D_2309894,1,0.999999,1
LA_D_2415228,1,0.999999,1
LA_D_2459993,1,0.999999,1
LA_D_2552574,1,0.999999,1
LA_D_2652046,1,0.999999,1
LA_D_2681158,1,0.9999938,1
LA_D_2720668,1,0.999999,1
LA_D_2743286,1,0.999999,1
LA_D_2855417,1,0.999999,1
LA_D_2856650,1,0.999999,1
LA_D_2861752,1,0.999999,1
LA_D_3299949,1,0.999999,1
LA_D_3354668,1,0.999999,1
LA_D_3387539,1,0.999999,1
LA_D_3448074,1,0.999999,1
LA_D_3526885,1,0.999999,1
LA_D_3554499,1,0.999997,1
LA_D_3555589,1,0.999999,1
LA_D_3567303,1,0.9999982,1
LA_D_3653942,1,0.999999,1
LA_D_3714679,1,0.99999774,1
LA_D_3720871,1,0.999999,1
LA_D_3727888,1,0.999999,1
LA_D_3897478,1,0.999999,1
LA_D_4135293,1,0.999999,1
LA_D_4236952,1,0.999999,1
LA_D_4310386,1,0.99997103,1
LA_D_4428897,1,0.999999,1
LA_D_4530613,1,0.999999,1
LA_D_4655594,1,0.999999,1
LA_D_4701213,1,0.999999,1
LA_D_4706408,1,0.999999,1
LA_D_4708413,1,0.9999945,1
LA_D_4748747,1,0.999999,1
LA_D_4789764,1,0.999999,1
LA_D_4878438,1,0.999999,1
LA_D_4890059,1,0.999999,1
LA_D_4896049,1,0.999999,1
LA_D_4934804,1,0.999999,1
LA_D_5009407,1,0.999999,1
LA_D_5030937,1,0.999999,1
LA_D_5044136,1,0.999999,1
LA_D_5135638,1,0.999999,1
LA_D_5192077,1,0.999999,1
LA_D_5254877,1,0.999999,1
LA_D_5296393,1,0.999999,1
LA_D_5334517,1,0.999999,1
LA_D_5542285,1,0.999999,1
LA_D_5626364,1,0.9999963,1
LA_D_5674440,1,0.9999987,1
LA_D_5679718,1,0.999999,1
LA_D_5774240,1,0.99999845,1
LA_D_5914465,1,0.999999,1
LA_D_5937275,1,0.99997973,1
LA_D_5950853,1,0.999999,1
LA_D_6002845,1,0.999999,1
LA_D_6067855,1,0.999999,1
LA_D_6077297,1,0.999999,1
LA_D_6099505,1,0.99997663,1
LA_D_6208197,1,0.999999,1
LA_D_6233220,1,0.999999,1
LA_D_6388357,1,0.99999666,1
LA_D_6423859,1,0.999999,1
LA_D_6465138,1,0.999999,1
LA_D_6630316,1,0.999999,1
LA_D_6780824,1,0.999999,1
LA_D_6785500,1,0.99999833,1
LA_D_6795666,1,0.999999,1
LA_D_6806996,1,0.999999,1
LA_D_6831922,1,0.999999,1
LA_D_6869561,1,0.999999,1
LA_D_6920717,1,0.9999988,1
LA_D_6948624,1,0.999999,1
LA_D_6976087,1,0.999999,1
LA_D_7073625,1,0.999999,1
LA_D_7184320,1,0.999999,1
LA_D_7281226,1,0.9999989,1
LA_D_7285253,1,0.999999,1
LA_D_7349597,1,0.999999,1
LA_D_7495927,1,0.999999,1
LA_D_7513515,1,0.999999,1
LA_D_7514976,1,0.999999,1
LA_D_7518457,1,0.999999,1
LA_D_7554234,1,0.999999,1
LA_D_7601268,1,0.999999,1
LA_D_7661891,1,0.99956113,1
LA_D_7715110,1,0.999999,1
LA_D_7742734,1,0.999999,1
LA_D_7786543,1,0.999999,1
LA_D_7820018,1,0.999999,1
LA_D_8006035,1,0.999999,1
LA_D_8023275,1,0.9997792,1
LA_D_8163259,1,0.999999,1
LA_D_8183126,1,0.999999,1
LA_D_8232673,1,0.999999,1
LA_D_8238051,1,0.9999987,1
LA_D_8264385,1,0.999999,1
LA_D_8274485,1,0.999999,1
LA_D_8277825,1,0.999998,1
LA_D_8313453,1,0.999999,1
LA_D_8436513,1,0.999999,1
LA_D_8633579,1,0.999999,1
LA_D_8635476,1,0.999999,1
LA_D_8665901,1,0.999999,1
LA_D_8688425,1,0.9999796,1
LA_D_8737588,1,0.999999,1
LA_D_8863378,1,0.99999774,1
LA_D_8870668,1,0.999999,1
LA_D_8873219,1,0.999999,1
LA_D_8878312,1,0.999999,1
LA_D_8946580,1,0.999999,1
LA_D_8950507,1,0.999999,1
LA_D_8982290,1,0.999999,1
LA_D_9057299,1,0.9999989,1
LA_D_9099813,1,0.999999,1
LA_D_9268601,1,0.99999857,1
LA_D_9437065,1,0.999999,1
LA_D_9508907,1,0.999999,1
LA_D_9515167,1,0.999999,1
LA_D_9613437,1,0.999999,1
LA_D_9640641,1,0.999999,1
LA_D_9679656,1,0.999999,1
LA_D_9682441,1,0.999999,1
LA_D_9757460,1,0.999999,1
LA_D_9786399,1,0.999999,1
LA_D_9791780,1,0.999999,1
LA_D_1028589,1,0.99998784,1
LA_D_1056334,1,0.6420934,1
LA_D_1096053,1,0.999999,1
LA_D_1245754,1,0.999999,1
LA_D_1316596,1,0.999998,1
LA_D_1365236,1,0.99990475,1
LA_D_1444916,1,0.999999,1
LA_D_1577384,1,0.9999455,1
LA_D_1643904,1,0.9997143,1
LA_D_1764120,1,0.9999987,1
LA_D_1782314,1,0.999979,1
LA_D_1902645,1,0.9999368,1
LA_D_1961293,1,0.999999,1
LA_D_2159390,1,0.99999845,1
LA_D_2423683,1,0.999999,1
LA_D_2435925,1,0.999999,1
LA_D_2485218,1,0.9999988,1
LA_D_2512075,1,0.9998199,1
LA_D_2679873,1,0.999999,1
LA_D_2780780,1,0.9999924,1
LA_D_2972247,1,0.9999937,1
LA_D_3006726,1,0.999999,1
LA_D_3317945,1,0.999999,1
LA_D_3370277,1,0.999999,1
LA_D_3405736,1,0.999999,1
LA_D_3652642,1,0.9999846,1
LA_D_4131292,1,0.999999,1
LA_D_4223627,1,0.9999596,1
LA_D_4331249,1,0.999999,1
LA_D_4420975,1,0.999999,1
LA_D_4463495,1,0.9999858,1
LA_D_4881390,1,0.999999,1
LA_D_5522312,1,0.9999925,1
LA_D_5621013,1,0.99999857,1
LA_D_5656029,1,0.9999809,1
LA_D_5696762,1,0.9999969,1
LA_D_5965283,1,0.999999,1
LA_D_5976013,1,0.9999894,1
LA_D_6002117,1,0.99998283,1
LA_D_6114519,1,0.999999,1
LA_D_6189044,1,0.99999774,1
LA_D_6257081,1,0.99991465,1
LA_D_6611532,1,0.99999166,1
LA_D_6815506,1,0.9999989,1
LA_D_6900009,1,0.999999,1
LA_D_7002192,1,0.999999,1
LA_D_7127063,1,0.9999987,1
LA_D_7148063,1,0.999999,1
LA_D_7374404,1,0.99999833,1
LA_D_7380611,1,0.999999,1
LA_D_7448272,1,0.99999654,1
LA_D_7494873,1,0.999999,1
LA_D_7559885,1,0.999999,1
LA_D_7713018,1,0.999999,1
LA_D_7861052,1,0.999999,1
LA_D_8059879,1,0.99998844,1
LA_D_8190929,1,0.9999924,1
LA_D_8194315,1,0.999999,1
LA_D_8404215,1,0.99994826,1
LA_D_8433710,1,0.999999,1
LA_D_8543859,1,0.999999,1
LA_D_8891723,1,0.99989474,1
LA_D_8894613,1,0.999999,1
LA_D_8932352,1,0.99999595,1
LA_D_8991834,1,0.99999595,1
LA_D_9006057,1,0.99999213,1
LA_D_9060455,1,0.999999,1
LA_D_9253093,1,0.999999,1
LA_D_9284682,1,0.999999,1
LA_D_9298358,1,0.99999523,1
LA_D_9348533,1,0.9985713,1
LA_D_9423451,1,0.999999,1
LA_D_9442194,1,0.9999981,1
LA_D_9517414,1,0.9958223,1
LA_D_9597340,1,0.999999,1
LA_D_9764484,1,0.999977,1
LA_D_9919064,1,0.999999,1
LA_D_1423006,1,0.9999815,1
LA_D_1473255,1,0.999999,1
LA_D_1481057,1,0.9999888,1
LA_D_1758018,1,0.9999894,1
LA_D_1954410,1,0.9999567,1
LA_D_1982159,1,0.9999198,1
LA_D_2813154,1,0.99973637,1
LA_D_2906873,1,0.9999528,1
LA_D_2946958,1,0.999999,1
LA_D_2976553,1,0.99562407,1
LA_D_3061471,1,0.99985695,1
LA_D_3074985,1,0.9999989,1
LA_D_3150235,1,0.9983405,1
LA_D_3170323,1,0.9999151,1
LA_D_3476544,1,0.9997402,1
LA_D_3765509,1,0.999999,1
LA_D_4016743,1,0.99999154,1
LA_D_4026264,1,0.9994134,1
LA_D_4072040,1,0.99998415,1
LA_D_4137927,1,0.9999918,1
LA_D_4180571,1,0.9997706,1
LA_D_4203374,1,0.999742,1
LA_D_4309711,1,0.999999,1
LA_D_4540166,1,0.9999902,1
LA_D_4723558,1,0.99989545,1
LA_D_5029338,1,0.999995,1
LA_D_5337615,1,0.9997671,1
LA_D_5588765,1,0.99999666,1
LA_D_5621016,1,0.99995077,1
LA_D_5779977,1,0.99997294,1
LA_D_5945817,1,0.99994755,1
LA_D_5952548,1,0.99975616,1
LA_D_6016215,1,0.9999951,1
LA_D_6043277,1,0.9999633,1
LA_D_6081678,1,0.99999654,1
LA_D_6085002,1,0.9999801,1
LA_D_6262512,1,0.99999106,1
LA_D_6343761,1,0.9999832,1
LA_D_6380295,1,0.9999831,1
LA_D_6439730,1,0.9999715,1
LA_D_6471870,1,0.7493535,1
LA_D_6480348,1,0.99977887,1
LA_D_6502976,1,0.99997056,1
LA_D_6609968,1,0.99997604,1
LA_D_6624621,1,0.999999,1
LA_D_7045141,1,0.9999831,1
LA_D_7073678,1,0.999999,1
LA_D_7160972,1,0.9956243,1
LA_D_7181044,1,0.99997365,1
LA_D_7207798,1,0.99996674,1
LA_D_7219426,1,0.9999937,1
LA_D_7339762,1,0.99998605,1
LA_D_7408100,1,0.9999949,1
LA_D_7467158,1,0.999716,1
LA_D_7836916,1,0.9999628,1
LA_D_8168206,1,0.9988305,1
LA_D_8222620,1,0.9999521,1
LA_D_8235144,1,0.99999046,1
LA_D_8340433,1,0.9999962,1
LA_D_8461949,1,0.999999,1
LA_D_8489512,1,0.999992,1
LA_D_8492975,1,0.99984646,1
LA_D_8544546,1,0.9998801,1
LA_D_8582039,1,0.99998844,1
LA_D_8679905,1,0.0015623473,0
LA_D_8830828,1,0.99990904,1
LA_D_8952306,1,0.99973947,1
LA_D_8995647,1,0.9999987,1
LA_D_9095164,1,0.99870634,1
LA_D_9458567,1,0.99595565,1
LA_D_9723493,1,0.9999542,1
LA_D_9750223,1,0.9993036,1
LA_D_9782269,1,0.9997464,1
LA_D_9812702,1,0.99999464,1
LA_D_9818781,1,0.9999641,1
LA_D_9877194,1,0.99998915,1
LA_D_9992816,1,0.99910885,1
LA_D_1101351,1,0.999999,1
LA_D_1249064,1,0.99816847,1
LA_D_1307948,1,0.99194664,1
LA_D_1403762,1,0.9999907,1
LA_D_1410704,1,0.9999782,1
LA_D_1469404,1,0.9997839,1
LA_D_1480186,1,0.99935144,1
LA_D_1556595,1,0.999999,1
LA_D_1838386,1,0.9999788,1
LA_D_2026367,1,0.99999833,1
LA_D_2178723,1,0.9999707,1
LA_D_2227239,1,0.999173,1
LA_D_2496910,1,0.999477,1
LA_D_2977892,1,0.99999833,1
LA_D_2979011,1,0.999999,1
LA_D_3342452,1,0.9999987,1
LA_D_3536394,1,0.9999093,1
LA_D_3577801,1,0.9997209,1
LA_D_3622835,1,0.99998283,1
LA_D_3776414,1,0.99999356,1
LA_D_3860312,1,0.99933213,1
LA_D_3861154,1,0.9961991,1
LA_D_3940913,1,0.99999845,1
LA_D_3947384,1,0.99997604,1
LA_D_3971945,1,0.999999,1
LA_D_4095293,1,0.99989414,1
LA_D_4246993,1,0.99999666,1
LA_D_4320036,1,0.99997056,1
LA_D_4387141,1,0.99997866,1
LA_D_4457189,1,0.99998665,1
LA_D_4485182,1,0.99990106,1
LA_D_4492847,1,0.9999677,1
LA_D_4745806,1,0.9999968,1
LA_D_4747124,1,0.999999,1
LA_D_4751390,1,0.97944576,1
LA_D_5090803,1,0.9999969,1
LA_D_5349360,1,0.9999976,1
LA_D_5364410,1,0.9999753,1
LA_D_5684697,1,0.9999678,1
LA_D_5763453,1,0.999999,1
LA_D_5790394,1,0.99998033,1
LA_D_5972086,1,0.99999845,1
LA_D_6013126,1,0.99999297,1
LA_D_6022629,1,0.9865626,1
LA_D_6442014,1,0.99999726,1
LA_D_6443649,1,0.9999913,1
LA_D_6446759,1,0.9999981,1
LA_D_6451106,1,0.99991906,1
LA_D_6609032,1,0.99998605,1
LA_D_7067333,1,0.9995967,1
LA_D_7200480,1,0.9998462,1
LA_D_7302367,1,0.99990034,1
LA_D_7370306,1,0.999926,1
LA_D_7370520,1,0.999999,1
LA_D_7394757,1,0.999999,1
LA_D_7451276,1,0.99999344,1
LA_D_7451364,1,0.99999785,1
LA_D_7480903,1,0.99999785,1
LA_D_7590299,1,0.9998412,1
LA_D_7651671,1,0.9999974,1
LA_D_8089175,1,0.99998343,1
LA_D_8116083,1,0.99987626,1
LA_D_8147163,1,0.9871446,1
LA_D_8313645,1,0.99999094,1
LA_D_8329201,1,0.9996617,1
LA_D_8672699,1,0.9998176,1
LA_D_8762609,1,0.999807,1
LA_D_8924553,1,0.99994993,1
LA_D_8989585,1,0.99956805,1
LA_D_8995264,1,0.999999,1
LA_D_9113588,1,0.9999883,1
LA_D_9299686,1,0.999956,1
LA_D_9676445,1,0.9999038,1
LA_D_9843427,1,0.99754745,1
LA_D_9851827,1,0.9999633,1
LA_D_9875362,1,0.9999938,1
LA_D_9936597,1,0.9995832,1
LA_D_1038259,1,0.99998796,1
LA_D_1052072,1,0.9496738,1
LA_D_1056044,1,0.9999759,1
LA_D_1069525,1,0.999999,1
LA_D_1144331,1,0.99999785,1
LA_D_1204220,1,0.9999759,1
LA_D_1322543,1,0.99975187,1
LA_D_1367406,1,0.99989474,1
LA_D_1484973,1,0.9999696,1
LA_D_1490681,1,0.99998045,1
LA_D_1532705,1,0.9997928,1
LA_D_1608630,1,0.999999,1
LA_D_1661775,1,0.9999975,1
LA_D_1788083,1,0.999964,1
LA_D_1792486,1,0.99969155,1
LA_D_1820875,1,0.999999,1
LA_D_1888215,1,0.99999857,1
LA_D_1959657,1,0.999999,1
LA_D_1975696,1,0.9997677,1
LA_D_2042159,1,0.99999845,1
LA_D_2358821,1,0.999992,1
LA_D_2408297,1,0.99999595,1
LA_D_2450199,1,0.999999,1
LA_D_2556697,1,0.99989796,1
LA_D_2596293,1,0.99999666,1
LA_D_2660160,1,0.99999607,1
LA_D_2684373,1,0.9999746,1
LA_D_2819153,1,0.9971896,1
LA_D_2902957,1,0.99994624,1
LA_D_2936796,1,0.9994617,1
LA_D_2952279,1,0.9999927,1
LA_D_2977057,1,0.99633646,1
LA_D_3029513,1,0.9999753,1
LA_D_3093310,1,0.9999969,1
LA_D_3205943,1,0.999999,1
LA_D_3245414,1,0.9999988,1
LA_D_3475014,1,0.9998878,1
LA_D_3495464,1,0.999992,1
LA_D_3540954,1,0.999999,1
LA_D_3555645,1,0.99999213,1
LA_D_3603496,1,0.99997234,1
LA_D_3686487,1,0.9982685,1
LA_D_3987478,1,0.999999,1
LA_D_4107345,1,0.999999,1
LA_D_4114029,1,0.99995995,1
LA_D_4166346,1,0.999997,1
LA_D_4433236,1,0.9999981,1
LA_D_4433602,1,0.99999857,1
LA_D_4457621,1,0.9999535,1
LA_D_4606004,1,0.99977505,1
LA_D_4799779,1,0.99993837,1
LA_D_4876634,1,0.9999664,1
LA_D_5037208,1,0.9999745,1
LA_D_5066833,1,0.99808276,1
LA_D_5105872,1,0.999999,1
LA_D_5136646,1,0.999999,1
LA_D_5146678,1,0.9999418,1
LA_D_5212308,1,0.99997807,1
LA_D_5256804,1,0.999999,1
LA_D_5390367,1,0.9998374,1
LA_D_5412149,1,0.99925965,1
LA_D_5513257,1,0.99975544,1
LA_D_5539710,1,0.999999,1
LA_D_5606626,1,0.9999708,1
LA_D_5631853,1,0.9999943,1
LA_D_5660085,1,0.99958664,1
LA_D_5738969,1,0.99994934,1
LA_D_5823706,1,0.999998,1
LA_D_5907410,1,0.999999,1
LA_D_6077981,1,0.9999989,1
LA_D_6084606,1,0.9999628,1
LA_D_6108420,1,0.999997,1
LA_D_6113999,1,0.9999976,1
LA_D_6332014,1,0.999999,1
LA_D_6339881,1,0.99989223,1
LA_D_6355669,1,0.999999,1
LA_D_6404877,1,0.99999607,1
LA_D_6434693,1,0.9999833,1
LA_D_6496486,1,0.9993599,1
LA_D_6516226,1,0.99862975,1
LA_D_6516961,1,0.999999,1
LA_D_6646969,1,0.999999,1
LA_D_6733062,1,0.99999046,1
LA_D_6756553,1,0.99958366,1
LA_D_6917442,1,0.99997115,1
LA_D_6919759,1,0.99986684,1
LA_D_7021117,1,0.99995995,1
LA_D_7057765,1,0.99999297,1
LA_D_7074881,1,0.999999,1
LA_D_7097684,1,0.99999046,1
LA_D_7153183,1,0.9999931,1
LA_D_7501952,1,0.99993706,1
LA_D_7600822,1,0.9999918,1
LA_D_7727446,1,0.9995875,1
LA_D_7730769,1,0.99853885,1
LA_D_7751131,1,0.9999949,1
LA_D_7763180,1,0.99999166,1
LA_D_7765872,1,0.9999969,1
LA_D_7887285,1,0.9994206,1
LA_D_8089934,1,0.999999,1
LA_D_8215973,1,0.999999,1
LA_D_8231133,1,0.9999633,1
LA_D_8476547,1,0.9999958,1
LA_D_8522983,1,0.9999802,1
LA_D_8554979,1,0.99998593,1
LA_D_8591419,1,0.999999,1
LA_D_8861489,1,0.9988143,1
LA_D_8880226,1,0.999999,1
LA_D_8905184,1,0.999999,1
LA_D_8975327,1,0.99999523,1
LA_D_8988945,1,0.9999919,1
LA_D_9093882,1,0.99999666,1
LA_D_9173254,1,0.9999888,1
LA_D_9195670,1,0.999984,1
LA_D_9223242,1,0.9994689,1
LA_D_9243355,1,0.9995735,1
LA_D_9256388,1,0.999999,1
LA_D_9354139,1,0.9998442,1
LA_D_9408142,1,0.999999,1
LA_D_9544806,1,0.99998915,1
LA_D_9559588,1,0.999999,1
LA_D_9577394,1,0.99998844,1
LA_D_9706957,1,0.999913,1
LA_D_9712400,1,0.999999,1
LA_D_9764499,1,0.9999745,1
LA_D_9842587,1,0.9999968,1
LA_D_1049549,1,0.999999,1
LA_D_1076361,1,0.9999893,1
LA_D_1091102,1,0.999999,1
LA_D_1133998,1,0.9999987,1
LA_D_1223641,1,0.9999914,1
LA_D_1273183,1,0.999877,1
LA_D_1336215,1,0.999999,1
LA_D_1337729,1,0.99999714,1
LA_D_1400319,1,0.999999,1
LA_D_1505756,1,0.9999987,1
LA_D_1511694,1,0.999999,1
LA_D_1517076,1,0.99999213,1
LA_D_1570970,1,0.999999,1
LA_D_1585215,1,0.999999,1
LA_D_1703452,1,0.999999,1
LA_D_1797978,1,0.999999,1
LA_D_1829406,1,0.9995256,1
LA_D_1838177,1,0.9999895,1
LA_D_2027122,1,0.9999981,1
LA_D_2120353,1,0.99988115,1
LA_D_2242074,1,0.999999,1
LA_D_2473174,1,0.999999,1
LA_D_2576930,1,0.9999964,1
LA_D_2593161,1,0.9994738,1
LA_D_2630434,1,0.9999963,1
LA_D_2639273,1,0.99983156,1
LA_D_2666751,1,0.99990594,1
LA_D_2723178,1,0.99999857,1
LA_D_2740232,1,0.999997,1
LA_D_2927307,1,0.9998869,1
LA_D_2932112,1,0.9999975,1
LA_D_3155945,1,0.9999924,1
LA_D_3222569,1,0.99999106,1
LA_D_3289496,1,0.999999,1
LA_D_3319482,1,0.99998415,1
LA_D_3408690,1,0.999999,1
LA_D_3416238,1,0.9999703,1
LA_D_3500984,1,0.9999907,1
LA_D_3556377,1,0.999999,1
LA_D_3608670,1,0.99989676,1
LA_D_3703286,1,0.99999344,1
LA_D_3761724,1,0.999999,1
LA_D_3784822,1,0.999984,1
LA_D_3878203,1,0.9999988,1
LA_D_3891416,1,0.99999845,1
LA_D_3909550,1,0.999999,1
LA_D_3912641,1,0.999999,1
LA_D_4284229,1,0.999999,1
LA_D_4296014,1,0.999992,1
LA_D_4349047,1,0.99999595,1
LA_D_4359251,1,0.99998164,1
LA_D_4392708,1,0.999999,1
LA_D_4479461,1,0.999999,1
LA_D_4494554,1,0.9999713,1
LA_D_4550700,1,0.999999,1
LA_D_4598473,1,0.9999901,1
LA_D_4608449,1,0.9999933,1
LA_D_4804432,1,0.9999974,1
LA_D_4918840,1,0.999999,1
LA_D_4966585,1,0.999995,1
LA_D_5062996,1,0.999999,1
LA_D_5071715,1,0.999999,1
LA_D_5107120,1,0.999999,1
LA_D_5154794,1,0.99999833,1
LA_D_5185995,1,0.99999774,1
LA_D_5273164,1,0.999998,1
LA_D_5292101,1,0.999999,1
LA_D_5293101,1,0.9999988,1
LA_D_5326475,1,0.999999,1
LA_D_5459367,1,0.999999,1
LA_D_5490922,1,0.9999881,1
LA_D_5666784,1,0.999999,1
LA_D_5677972,1,0.9785985,1
LA_D_5726006,1,0.999997,1
LA_D_5939593,1,0.99994266,1
LA_D_5974475,1,0.99991214,1
LA_D_5989374,1,0.999999,1
LA_D_6134933,1,0.9999989,1
LA_D_6189237,1,0.9999802,1
LA_D_6283341,1,0.9998969,1
LA_D_6341313,1,0.999999,1
LA_D_6375526,1,0.999999,1
LA_D_6452789,1,0.9999976,1
LA_D_6536846,1,0.9999839,1
LA_D_6544770,1,0.99993753,1
LA_D_6549233,1,0.999999,1
LA_D_6594571,1,0.99999654,1
LA_D_6610055,1,0.999999,1
LA_D_6752758,1,0.999999,1
LA_D_6805066,1,0.99999523,1
LA_D_7071725,1,0.9999988,1
LA_D_7097849,1,0.9999119,1
LA_D_7339633,1,0.9999988,1
LA_D_7629182,1,0.999999,1
LA_D_7662627,1,0.999999,1
LA_D_7731192,1,0.9999988,1
LA_D_7812459,1,0.999999,1
LA_D_7830144,1,0.999999,1
LA_D_7900736,1,0.99998796,1
LA_D_7944573,1,0.99999344,1
LA_D_7966144,1,0.99999845,1
LA_D_8042945,1,0.999999,1
LA_D_8094862,1,0.99998724,1
LA_D_8099644,1,0.9999933,1
LA_D_8103476,1,0.999999,1
LA_D_8184787,1,0.99978614,1
LA_D_8342132,1,0.9999931,1
LA_D_8419568,1,0.999999,1
LA_D_8436641,1,0.9999964,1
LA_D_8482192,1,0.9999988,1
LA_D_8558274,1,0.999999,1
LA_D_8587105,1,0.99995446,1
LA_D_8681156,1,0.999999,1
LA_D_8778186,1,0.9999932,1
LA_D_8792865,1,0.99989223,1
LA_D_8840755,1,0.9999782,1
LA_D_8899535,1,0.999999,1
LA_D_8988223,1,0.999999,1
LA_D_9105003,1,0.9999242,1
LA_D_9148460,1,0.9999851,1
LA_D_9169706,1,0.9993313,1
LA_D_9193664,1,0.999999,1
LA_D_9689549,1,0.9992488,1
LA_D_9741135,1,0.99973804,1
LA_D_9830094,1,0.9999881,1
LA_D_9851890,1,0.99689084,1
LA_D_1086824,1,0.9999368,1
LA_D_1183785,1,0.9857684,1
LA_D_1213994,1,0.99986017,1
LA_D_1253089,1,0.9989777,1
LA_D_1467031,1,0.999956,1
LA_D_1553644,1,0.99987507,1
LA_D_1597752,1,0.9999291,1
LA_D_1758807,1,0.9999912,1
LA_D_1775211,1,0.99976045,1
LA_D_1861265,1,0.9999738,1
LA_D_1950699,1,0.9999341,1
LA_D_2014253,1,0.9999517,1
LA_D_2139125,1,0.99997413,1
LA_D_2252677,1,0.9999988,1
LA_D_2285682,1,0.99999774,1
LA_D_2302005,1,0.99711275,1
LA_D_2455027,1,0.9997075,1
LA_D_2653208,1,0.999895,1
LA_D_2654763,1,0.9999968,1
LA_D_2722562,1,0.9994687,1
LA_D_2846692,1,0.9999603,1
LA_D_2871577,1,0.9862686,1
LA_D_2990661,1,0.99999225,1
LA_D_3056969,1,0.99949014,1
LA_D_3075013,1,0.99999726,1
LA_D_3089604,1,0.9996808,1
LA_D_3283135,1,0.9999739,1
LA_D_3387718,1,0.9999963,1
LA_D_3541747,1,0.9999641,1
LA_D_3608903,1,0.99994576,1
LA_D_3773719,1,0.999318,1
LA_D_3842728,1,0.99965227,1
LA_D_3876757,1,0.99612325,1
LA_D_3952793,1,0.9993775,1
LA_D_3994693,1,0.9999815,1
LA_D_4033472,1,0.9998832,1
LA_D_4149974,1,0.9792684,1
LA_D_4161223,1,0.99992776,1
LA_D_4224972,1,0.999997,1
LA_D_4289756,1,0.99961853,1
LA_D_4361968,1,0.9996097,1
LA_D_4466001,1,0.9856845,1
LA_D_4494387,1,0.9999987,1
LA_D_4514282,1,0.9999057,1
LA_D_4667936,1,0.9999331,1
LA_D_4670510,1,0.99992895,1
LA_D_4699929,1,0.9991416,1
LA_D_4814376,1,0.9991493,1
LA_D_4963927,1,0.9999888,1
LA_D_5110502,1,0.99993217,1
LA_D_5186221,1,0.9999608,1
LA_D_5261984,1,0.99987507,1
LA_D_5348059,1,0.9998512,1
LA_D_5389440,1,0.9996919,1
LA_D_5417114,1,0.9999827,1
LA_D_5527177,1,0.99998665,1
LA_D_5712579,1,0.99957746,1
LA_D_5780144,1,0.9999689,1
LA_D_5791290,1,0.9997693,1
LA_D_5808517,1,0.9892419,1
LA_D_5837272,1,0.99997175,1
LA_D_5881435,1,0.98672986,1
LA_D_5957210,1,0.99999666,1
LA_D_6023315,1,0.9975782,1
LA_D_6033972,1,0.9999857,1
LA_D_6035951,1,0.9999809,1
LA_D_6038297,1,0.9999168,1
LA_D_6127522,1,0.9999565,1
LA_D_6128469,1,0.9999988,1
LA_D_6226339,1,0.999999,1
LA_D_6330573,1,0.99981606,1
LA_D_6401877,1,0.9997847,1
LA_D_6415819,1,0.9999943,1
LA_D_6433438,1,0.99959266,1
LA_D_6458498,1,0.9982121,1
LA_D_6482453,1,0.99985135,1
LA_D_6486117,1,0.9999974,1
LA_D_6710190,1,0.99859625,1
LA_D_6903853,1,0.9999919,1
LA_D_6911536,1,0.99961436,1
LA_D_6972066,1,0.999999,1
LA_D_7014889,1,0.9999107,1
LA_D_7050071,1,0.9999286,1
LA_D_7109425,1,0.9999207,1
LA_D_7250160,1,0.9999664,1
LA_D_7272195,1,0.9999846,1
LA_D_7385359,1,0.9997147,1
LA_D_7426346,1,0.99997985,1
LA_D_7447418,1,0.9981756,1
LA_D_7561369,1,0.9997669,1
LA_D_7617208,1,0.99997973,1
LA_D_7742504,1,0.99992585,1
LA_D_7757579,1,0.99991834,1
LA_D_7769284,1,0.95654064,1
LA_D_7998237,1,0.9996296,1
LA_D_8045816,1,0.99949396,1
LA_D_8087859,1,0.9998443,1
LA_D_8110718,1,0.99999654,1
LA_D_8213223,1,0.9986312,1
LA_D_8238260,1,0.99996567,1
LA_D_8351256,1,0.9999962,1
LA_D_8364855,1,0.9992118,1
LA_D_8438363,1,0.999902,1
LA_D_8463557,1,0.9999428,1
LA_D_8565008,1,0.9999964,1
LA_D_8635731,1,0.9996314,1
LA_D_8658970,1,0.9999956,1
LA_D_8691545,1,0.9999887,1
LA_D_8718356,1,0.9999733,1
LA_D_9026368,1,0.99754506,1
LA_D_9091023,1,0.999979,1
LA_D_9222965,1,0.9999964,1
LA_D_9357270,1,0.9567937,1
LA_D_9385770,1,0.99999654,1
LA_D_9386152,1,0.9999527,1
LA_D_9386892,1,0.9980349,1
LA_D_9422157,1,0.99993,1
LA_D_9442238,1,0.99976236,1
LA_D_9452854,1,0.99898,1
LA_D_9622791,1,0.9999765,1
LA_D_9628533,1,0.99988437,1
LA_D_9706532,1,0.9999527,1
LA_D_9770200,1,0.9997192,1
LA_D_9820905,1,0.9991012,1
LA_D_9829008,1,0.99969596,1
LA_D_9922523,1,0.9999703,1
LA_D_1133069,1,0.9999974,1
LA_D_1301234,1,0.99986255,1
LA_D_1722779,1,0.9999919,1
LA_D_1732752,1,0.99999774,1
LA_D_1842990,1,0.99993694,1
LA_D_2095392,1,0.9999919,1
LA_D_2338525,1,0.99999297,1
LA_D_2644387,1,0.9996102,1
LA_D_2773764,1,0.9999939,1
LA_D_2896082,1,0.999999,1
LA_D_3075580,1,0.9999987,1
LA_D_3084702,1,0.99991405,1
LA_D_3163255,1,0.9999691,1
LA_D_3169410,1,0.9983033,1
LA_D_3229215,1,0.99998975,1
LA_D_3377698,1,0.9999913,1
LA_D_3406247,1,0.999999,1
LA_D_3494648,1,0.9997129,1
LA_D_3564164,1,0.998638,1
LA_D_3569824,1,0.999999,1
LA_D_3601430,1,0.9999989,1
LA_D_3631999,1,0.9999913,1
LA_D_3669578,1,0.9999889,1
LA_D_3892057,1,0.999999,1
LA_D_4318753,1,0.999999,1
LA_D_4546481,1,0.99990916,1
LA_D_4586853,1,0.99994075,1
LA_D_4666647,1,0.999999,1
LA_D_4784827,1,0.9998964,1
LA_D_4811625,1,0.9999974,1
LA_D_4821411,1,0.999999,1
LA_D_4897076,1,0.999999,1
LA_D_4917895,1,0.99999475,1
LA_D_5011714,1,0.9999988,1
LA_D_5197000,1,0.99999607,1
LA_D_5224129,1,0.9999305,1
LA_D_5445641,1,0.999999,1
LA_D_5567251,1,0.999999,1
LA_D_5654315,1,0.999999,1
LA_D_5719323,1,0.999999,1
LA_D_5758976,1,0.99999833,1
LA_D_5806611,1,0.999999,1
LA_D_5903873,1,0.9999988,1
LA_D_6138839,1,0.9999417,1
LA_D_6153942,1,0.99997723,1
LA_D_6160000,1,0.99999714,1
LA_D_6266806,1,0.9999989,1
LA_D_6325680,1,0.9988186,1
LA_D_6368049,1,0.99984324,1
LA_D_6475261,1,0.999999,1
LA_D_6478753,1,0.99999714,1
LA_D_6495848,1,0.9999852,1
LA_D_6529379,1,0.999999,1
LA_D_6617994,1,0.9999981,1
LA_D_6749101,1,0.999999,1
LA_D_6939541,1,0.999999,1
LA_D_7261120,1,0.999999,1
LA_D_7267402,1,0.9999987,1
LA_D_7304634,1,0.99988365,1
LA_D_7314322,1,0.999999,1
LA_D_7333352,1,0.9999465,1
LA_D_7407432,1,0.99999845,1
LA_D_7496196,1,0.9999715,1
LA_D_7718050,1,0.99999344,1
LA_D_7866849,1,0.99999595,1
LA_D_7883377,1,0.9999912,1
LA_D_8263452,1,0.999999,1
LA_D_8289522,1,0.9999808,1
LA_D_8494760,1,0.999999,1
LA_D_8671896,1,0.999999,1
LA_D_8863380,1,0.99999464,1
LA_D_9382979,1,0.9999975,1
LA_D_9417900,1,0.99935085,1
LA_D_9451365,1,0.999999,1
LA_D_9580426,1,0.999999,1
LA_D_9668611,1,0.99999475,1
LA_D_9834938,1,0.99999547,1
LA_D_1026868,1,0.9999989,1
LA_D_1105489,1,0.999999,1
LA_D_1152692,1,0.999999,1
LA_D_1179848,1,0.9999989,1
LA_D_1240976,1,0.999999,1
LA_D_1323454,1,0.99999857,1
LA_D_1361417,1,0.999999,1
LA_D_1500993,1,0.999999,1
LA_D_1640497,1,0.9999988,1
LA_D_1648291,1,0.999999,1
LA_D_1716033,1,0.999999,1
LA_D_1721527,1,0.999999,1
LA_D_1796445,1,0.999999,1
LA_D_1805177,1,0.9999865,1
LA_D_1877105,1,0.999999,1
LA_D_2265315,1,0.99999833,1
LA_D_2322081,1,0.999999,1
LA_D_2334588,1,0.999999,1
LA_D_2466781,1,0.999999,1
LA_D_2609323,1,0.999999,1
LA_D_2712599,1,0.999943,1
LA_D_2731741,1,0.999999,1
LA_D_2756724,1,0.999999,1
LA_D_2811662,1,0.999999,1
LA_D_2817557,1,0.999999,1
LA_D_3080108,1,0.999999,1
LA_D_3198087,1,0.999999,1
LA_D_3251058,1,0.999999,1
LA_D_3306187,1,0.9999989,1
LA_D_3410479,1,0.9999963,1
LA_D_3475865,1,0.99997354,1
LA_D_3476956,1,0.999999,1
LA_D_3483451,1,0.9999906,1
LA_D_3542619,1,0.999999,1
LA_D_3781670,1,0.999999,1
LA_D_3792397,1,0.99999785,1
LA_D_3797749,1,0.999999,1
LA_D_3895551,1,0.9999981,1
LA_D_3977034,1,0.9999571,1
LA_D_4043027,1,0.999999,1
LA_D_4043306,1,0.999999,1
LA_D_4106360,1,0.9999989,1
LA_D_4195342,1,0.99999595,1
LA_D_4198004,1,0.999881,1
LA_D_4354056,1,0.999999,1
LA_D_4402714,1,0.999999,1
LA_D_4469053,1,0.999999,1
LA_D_4606442,1,0.99999475,1
LA_D_4757475,1,0.999999,1
LA_D_4767028,1,0.999999,1
LA_D_4828901,1,0.999999,1
LA_D_4964260,1,0.9999962,1
LA_D_5110992,1,0.99999785,1
LA_D_5312350,1,0.999999,1
LA_D_5345225,1,0.9999981,1
LA_D_5349132,1,0.999999,1
LA_D_5416674,1,0.99998415,1
LA_D_5541379,1,0.999999,1
LA_D_5636069,1,0.999999,1
LA_D_5673436,1,0.9999976,1
LA_D_5676897,1,0.999999,1
LA_D_5712684,1,0.999999,1
LA_D_5796246,1,0.999999,1
LA_D_5891453,1,0.999999,1
LA_D_5925557,1,0.999999,1
LA_D_6198746,1,0.999999,1
LA_D_6223286,1,0.9999949,1
LA_D_6263129,1,0.999999,1
LA_D_6288787,1,0.9999987,1
LA_D_6289788,1,0.9999982,1
LA_D_6311046,1,0.999999,1
LA_D_6382055,1,0.999999,1
LA_D_6570628,1,0.99999404,1
LA_D_6593270,1,0.999999,1
LA_D_6701963,1,0.99999285,1
LA_D_6716159,1,0.999999,1
LA_D_6728141,1,0.99999714,1
LA_D_6795264,1,0.9999931,1
LA_D_6842136,1,0.999999,1
LA_D_6876630,1,0.999999,1
LA_D_6935031,1,0.999999,1
LA_D_6963411,1,0.9999975,1
LA_D_6984595,1,0.999999,1
LA_D_6994349,1,0.999999,1
LA_D_7066960,1,0.999999,1
LA_D_7271587,1,0.999999,1
LA_D_7277373,1,0.999999,1
LA_D_7467696,1,0.9999906,1
LA_D_7485630,1,0.999999,1
LA_D_7510202,1,0.999999,1
LA_D_7570899,1,0.999999,1
LA_D_7596619,1,0.99998796,1
LA_D_7605953,1,0.999999,1
LA_D_7611990,1,0.999999,1
LA_D_7720126,1,0.999999,1
LA_D_7790850,1,0.99999654,1
LA_D_7796753,1,0.99999547,1
LA_D_7871009,1,0.999999,1
LA_D_8055872,1,0.999999,1
LA_D_8076309,1,0.999999,1
LA_D_8100591,1,0.999999,1
LA_D_8142373,1,0.9999975,1
LA_D_8161159,1,0.999999,1
LA_D_8397551,1,0.999999,1
LA_D_8413105,1,0.999999,1
LA_D_8433898,1,0.999999,1
LA_D_8498981,1,0.9999988,1
LA_D_8577756,1,0.999999,1
LA_D_8594051,1,0.9999579,1
LA_D_8620622,1,0.99999416,1
LA_D_8814488,1,0.999999,1
LA_D_8899399,1,0.9999987,1
LA_D_8933570,1,0.999999,1
LA_D_8986360,1,0.999999,1
LA_D_8993681,1,0.999999,1
LA_D_9040602,1,0.999999,1
LA_D_9323815,1,0.999999,1
LA_D_9406266,1,0.999999,1
LA_D_9441585,1,0.97632015,1
LA_D_9487961,1,0.99999833,1
LA_D_9549607,1,0.999999,1
LA_D_9567593,1,0.999999,1
LA_D_9568749,1,0.999999,1
LA_D_9758147,1,0.999999,1
LA_D_9965439,1,0.999999,1
LA_D_9980740,1,0.9999896,1
LA_D_1118839,1,0.9999765,1
LA_D_1312411,1,0.99872535,1
LA_D_1424876,1,0.9999765,1
LA_D_1594317,1,0.99997497,1
LA_D_1705487,1,0.9987607,1
LA_D_1710314,1,0.9999703,1
LA_D_1739595,1,0.99988925,1
LA_D_1773726,1,0.9997658,1
LA_D_1793763,1,0.999999,1
LA_D_1823771,1,0.999999,1
LA_D_1841270,1,0.99869525,1
LA_D_1863167,1,0.99998915,1
LA_D_1930986,1,0.999974,1
LA_D_1932175,1,0.999923,1
LA_D_1955388,1,0.999999,1
LA_D_2004845,1,0.999998,1
LA_D_2019918,1,0.99989676,1
LA_D_2302632,1,0.9999937,1
LA_D_2413566,1,0.9999076,1
LA_D_2589925,1,0.999999,1
LA_D_2622953,1,0.9997249,1
LA_D_2865796,1,0.9999944,1
LA_D_2910448,1,0.99990916,1
LA_D_2946881,1,0.9997715,1
LA_D_2996762,1,0.9999318,1
LA_D_3131236,1,0.99969023,1
LA_D_3286517,1,0.999705,1
LA_D_3329060,1,0.99955064,1
LA_D_3366735,1,0.9999889,1
LA_D_3401409,1,0.99999535,1
LA_D_3479802,1,0.9998214,1
LA_D_3497637,1,0.99991477,1
LA_D_3524266,1,0.99985933,1
LA_D_3562432,1,0.99985695,1
LA_D_3608178,1,0.9999981,1
LA_D_3678841,1,0.9999546,1
LA_D_3760202,1,0.9999808,1
LA_D_3768511,1,0.99996686,1
LA_D_3790692,1,0.9999213,1
LA_D_3897229,1,0.999999,1
LA_D_3985682,1,0.99991155,1
LA_D_4159059,1,0.9999504,1
LA_D_4175940,1,0.9999846,1
LA_D_4226294,1,0.99994063,1
LA_D_4247411,1,0.99998164,1
LA_D_4334876,1,0.9999968,1
LA_D_4337768,1,0.99995935,1
LA_D_4366209,1,0.99998057,1
LA_D_4378600,1,0.9999975,1
LA_D_4766808,1,0.99997556,1
LA_D_4767218,1,0.999325,1
LA_D_4882695,1,0.99779034,1
LA_D_4926366,1,0.99999356,1
LA_D_4928049,1,0.99994075,1
LA_D_4932722,1,0.99999154,1
LA_D_4941205,1,0.99750334,1
LA_D_4988680,1,0.99991095,1
LA_D_5045373,1,0.9997607,1
LA_D_5093056,1,0.9276474,1
LA_D_5113023,1,0.99995863,1
LA_D_5162129,1,0.9999584,1
LA_D_5171009,1,0.9998075,1
LA_D_5178435,1,0.99890494,1
LA_D_5374875,1,0.9969542,1
LA_D_5498186,1,0.9999989,1
LA_D_5510627,1,0.9995821,1
LA_D_5540152,1,0.9997951,1
LA_D_5611098,1,0.99997616,1
LA_D_5704754,1,0.9999213,1
LA_D_5786812,1,0.9998044,1
LA_D_5852535,1,0.9999869,1
LA_D_5884918,1,0.9999932,1
LA_D_6042898,1,0.9998958,1
LA_D_6122499,1,0.998013,1
LA_D_6141636,1,0.99953526,1
LA_D_6208971,1,0.9999974,1
LA_D_6228524,1,0.9995429,1
LA_D_6273901,1,0.18268315,0
LA_D_6316902,1,0.9997452,1
LA_D_6323762,1,0.99992096,1
LA_D_6375447,1,0.999999,1
LA_D_6398436,1,0.99999416,1
LA_D_6446182,1,0.9999865,1
LA_D_6484000,1,0.99985707,1
LA_D_6509046,1,0.9679143,1
LA_D_6548870,1,0.99997723,1
LA_D_6618919,1,0.9977145,1
LA_D_6716648,1,0.9623181,1
LA_D_6777979,1,0.999773,1
LA_D_6838449,1,0.99977946,1
LA_D_6986371,1,0.9999851,1
LA_D_7025552,1,0.9999045,1
LA_D_7143144,1,0.9960179,1
LA_D_7174977,1,0.99999833,1
LA_D_7234581,1,0.9973877,1
LA_D_7314001,1,0.99981403,1
LA_D_7433591,1,0.999998,1
LA_D_7446319,1,0.999999,1
LA_D_7700830,1,0.999977,1
LA_D_7945965,1,0.99999774,1
LA_D_8008117,1,0.9999857,1
LA_D_8101504,1,0.9999361,1
LA_D_8163895,1,0.99995375,1
LA_D_8179754,1,0.99993086,1
LA_D_8187537,1,0.99999464,1
LA_D_8267383,1,0.9999943,1
LA_D_8316995,1,0.7761462,1
LA_D_8322305,1,0.99995637,1
LA_D_8377433,1,0.99109745,1
LA_D_8429108,1,0.9999188,1
LA_D_8448033,1,0.9993617,1
LA_D_8538667,1,0.9998511,1
LA_D_8556149,1,0.9999403,1
LA_D_8559056,1,0.9999509,1
LA_D_8760685,1,0.99997056,1
LA_D_8814402,1,0.9998151,1
LA_D_9051118,1,0.99963427,1
LA_D_9064936,1,0.99995255,1
LA_D_9110661,1,0.9999808,1
LA_D_9121123,1,0.99998856,1
LA_D_9526703,1,0.99988556,1
LA_D_9543794,1,0.9988123,1
LA_D_9610405,1,0.99873215,1
LA_D_9762038,1,0.9999881,1
LA_D_9822511,1,0.9998933,1
LA_D_9835881,1,0.99999774,1
LA_D_1060968,1,0.99988294,1
LA_D_1234829,1,0.9999974,1
LA_D_1239715,1,0.999999,1
LA_D_1275044,1,0.9999964,1
LA_D_1288217,1,0.99992645,1
LA_D_1462484,1,0.9999821,1
LA_D_1482998,1,0.99999654,1
LA_D_1500385,1,0.99934334,1
LA_D_1519237,1,0.9999256,1
LA_D_1520830,1,0.99952644,1
LA_D_1644764,1,0.9998239,1
LA_D_1760472,1,0.999999,1
LA_D_1786730,1,0.9998065,1
LA_D_1805483,1,0.9999975,1
LA_D_2035158,1,0.99994516,1
LA_D_2130605,1,0.99907243,1
LA_D_2156985,1,0.9999876,1
LA_D_2212414,1,0.999905,1
LA_D_2230192,1,0.99999595,1
LA_D_2365147,1,0.99999714,1
LA_D_2375008,1,0.9982742,1
LA_D_2412960,1,0.9999846,1
LA_D_2531373,1,0.999999,1
LA_D_2590726,1,0.9999988,1
LA_D_2612254,1,0.9999927,1
LA_D_2655610,1,0.9999987,1
LA_D_2733428,1,0.9990973,1
LA_D_2774468,1,0.9999951,1
LA_D_2852000,1,0.999997,1
LA_D_2866947,1,0.9999658,1
LA_D_2989479,1,0.9999887,1
LA_D_3029021,1,0.9999666,1
LA_D_3061050,1,0.99978936,1
LA_D_3100616,1,0.99999833,1
LA_D_3122510,1,0.999999,1
LA_D_3170420,1,0.9999255,1
LA_D_3233966,1,0.99998903,1
LA_D_3258501,1,0.99993956,1
LA_D_3312475,1,0.99998796,1
LA_D_3409145,1,0.9999932,1
LA_D_3467485,1,0.99996305,1
LA_D_3526413,1,0.9999902,1
LA_D_3770674,1,0.9999405,1
LA_D_3810542,1,0.98562557,1
LA_D_3851996,1,0.9999137,1
LA_D_4013164,1,0.9999151,1
LA_D_4124707,1,0.999999,1
LA_D_4174389,1,0.9999976,1
LA_D_4235390,1,0.99999774,1
LA_D_4274975,1,0.98862594,1
LA_D_4367665,1,0.23562033,0
LA_D_4422512,1,0.9999956,1
LA_D_4445250,1,0.9999958,1
LA_D_4468016,1,0.999999,1
LA_D_4489969,1,0.99953,1
LA_D_4603625,1,0.9999882,1
LA_D_4620892,1,0.99999857,1
LA_D_4723647,1,0.99997044,1
LA_D_4834228,1,0.9989762,1
LA_D_4867067,1,0.999999,1
LA_D_4876121,1,0.999999,1
LA_D_5056218,1,0.99999785,1
LA_D_5355457,1,0.99987113,1
LA_D_5411434,1,0.999999,1
LA_D_5425829,1,0.99999416,1
LA_D_5463444,1,0.99981153,1
LA_D_5841267,1,0.999999,1
LA_D_5898234,1,0.999998,1
LA_D_5927388,1,0.9999125,1
LA_D_6005916,1,0.99999857,1
LA_D_6068075,1,0.99999845,1
LA_D_6254318,1,0.99998343,1
LA_D_6287239,1,0.9997507,1
LA_D_6289317,1,0.99999034,1
LA_D_6435582,1,0.9999964,1
LA_D_6487933,1,0.99964285,1
LA_D_6642454,1,0.99999845,1
LA_D_6650126,1,0.99887997,1
LA_D_6668024,1,0.999999,1
LA_D_6681710,1,0.999946,1
LA_D_6704472,1,0.99994504,1
LA_D_6710328,1,0.999999,1
LA_D_6843468,1,0.99999154,1
LA_D_6868998,1,0.99999785,1
LA_D_6874297,1,0.99997675,1
LA_D_6931611,1,0.99991477,1
LA_D_6980166,1,0.9999906,1
LA_D_7039466,1,0.99994993,1
LA_D_7114977,1,0.999999,1
LA_D_7238018,1,0.9999443,1
LA_D_7253146,1,0.999999,1
LA_D_7464682,1,0.99999344,1
LA_D_7509663,1,0.999999,1
LA_D_7550546,1,0.9999974,1
LA_D_7556397,1,0.9999759,1
LA_D_7707754,1,0.99990964,1
LA_D_7765088,1,0.9998989,1
LA_D_7822260,1,0.999999,1
LA_D_7982514,1,0.9998888,1
LA_D_8061400,1,0.99976426,1
LA_D_8073490,1,0.999999,1
LA_D_8103599,1,0.99980545,1
LA_D_8222020,1,0.99998415,1
LA_D_8237075,1,0.999972,1
LA_D_8705922,1,0.9999944,1
LA_D_8715868,1,0.999999,1
LA_D_8729758,1,0.999999,1
LA_D_8844357,1,0.999999,1
LA_D_8936540,1,0.9999982,1
LA_D_8942125,1,0.99998796,1
LA_D_8980393,1,0.9999974,1
LA_D_9027095,1,0.9999757,1
LA_D_9146484,1,0.9999956,1
LA_D_9272636,1,0.99999416,1
LA_D_9300277,1,0.999982,1
LA_D_9366582,1,0.99999464,1
LA_D_9480023,1,0.99646926,1
LA_D_9496441,1,0.9999889,1
LA_D_9508570,1,0.9999404,1
LA_D_9512174,1,0.999999,1
LA_D_9523504,1,0.999999,1
LA_D_9561057,1,0.9999738,1
LA_D_9623720,1,0.9999881,1
LA_D_9841321,1,0.99999475,1
LA_D_9841868,1,0.99996746,1
LA_D_9899632,1,0.9999373,1
LA_D_1008730,0,4.391567e-05,0
LA_D_1034049,0,2.6606496e-05,0
LA_D_1048723,0,6.8654634e-05,0
LA_D_1067573,0,2.8169125e-05,0
LA_D_1091909,0,2.4559775e-05,0
LA_D_1092958,0,8.6859865e-05,0
LA_D_1095842,0,4.262104e-05,0
LA_D_1101986,0,8.404411e-05,0
LA_D_1106597,0,5.391146e-05,0
LA_D_1125548,0,3.7806236e-05,0
LA_D_1139972,0,3.5915615e-05,0
LA_D_1167943,0,6.309073e-05,0
LA_D_1184848,0,3.9941544e-05,0
LA_D_1232522,0,3.973692e-05,0
LA_D_1268902,0,4.35082e-05,0
LA_D_1290841,0,2.831216e-05,0
LA_D_1304826,0,0.0010051415,0
LA_D_1334436,0,6.7138644e-05,0
LA_D_1339468,0,3.810071e-05,0
LA_D_1345527,0,2.0508609e-05,0
LA_D_1363550,0,5.9722704e-05,0
LA_D_1389822,0,6.5080894e-05,0
LA_D_1428755,0,3.3728218e-05,0
LA_D_1478460,0,1.21114845e-05,0
LA_D_1506986,0,4.383826e-05,0
LA_D_1533769,0,9.150587e-05,0
LA_D_1579380,0,1e-06,0
LA_D_1594852,0,4.733931e-05,0
LA_D_1637329,0,0.00010919284,0
LA_D_1681095,0,5.3651587e-05,0
LA_D_1701829,0,0.00021158374,0
LA_D_1720321,0,9.6093805e-05,0
LA_D_1738496,0,1.8204524e-05,0
LA_D_1809605,0,3.8439608e-05,0
LA_D_1833862,0,4.405955e-05,0
LA_D_1842805,0,5.6051067e-05,0
LA_D_1861001,0,5.5229983e-05,0
LA_D_1886121,0,4.3537373e-05,0
LA_D_1893715,0,4.5862336e-05,0
LA_D_1933398,0,8.9712696e-05,0
LA_D_1948635,0,6.0265582e-05,0
LA_D_1949036,0,3.9676597e-05,0
LA_D_1959675,0,3.301156e-05,0
LA_D_2006889,0,6.145631e-05,0
LA_D_2018773,0,1.9378407e-05,0
LA_D_2026146,0,6.4777196e-05,0
LA_D_2028805,0,3.965118e-05,0
LA_D_2032476,0,3.71451e-05,0
LA_D_2038170,0,9.286984e-06,0
LA_D_2185362,0,1.2709761e-05,0
LA_D_2212426,0,5.017912e-05,0
LA_D_2220720,0,5.158025e-05,0
LA_D_2239661,0,5.7913607e-05,0
LA_D_2291264,0,4.582793e-05,0
LA_D_2331981,0,3.616448e-05,0
LA_D_2333541,0,4.2579602e-05,0
LA_D_2334188,0,3.685376e-05,0
LA_D_2340825,0,4.4023684e-05,0
LA_D_2363183,0,3.8645365e-05,0
LA_D_2367899,0,5.3005984e-05,0
LA_D_2369833,0,4.145003e-05,0
LA_D_2389494,0,4.60022e-05,0
LA_D_2390711,0,3.0170175e-05,0
LA_D_2416538,0,8.630372e-05,0
LA_D_2417895,0,4.6810757e-05,0
LA_D_2427933,0,3.0755647e-05,0
LA_D_2449712,0,6.28026e-05,0
LA_D_2453330,0,3.962551e-05,0
LA_D_2472289,0,2.9298235e-05,0
LA_D_2496514,0,3.4154986e-05,0
LA_D_2571019,0,4.7332083e-05,0
LA_D_2654479,0,5.439275e-05,0
LA_D_2670696,0,1.9433188e-05,0
LA_D_2689476,0,2.5803423e-05,0
LA_D_2741757,0,5.4493783e-05,0
LA_D_2754300,0,4.3675438e-05,0
LA_D_2760189,0,0.00012724186,0
LA_D_2803648,0,1.7230175e-05,0
LA_D_2813590,0,3.2859607e-05,0
LA_D_2862236,0,4.2629414e-05,0
LA_D_2920009,0,4.4157474e-05,0
LA_D_2938440,0,0.000110602945,0
LA_D_2942769,0,6.5344015e-05,0
LA_D_2945850,0,5.9566864e-05,0
LA_D_2973553,0,4.6622925e-05,0
LA_D_2975559,0,3.206818e-05,0
LA_D_2977712,0,1.5697002e-05,0
LA_D_2996902,0,4.5226538e-05,0
LA_D_3019059,0,3.0189341e-05,0
LA_D_3024431,0,3.4831035e-05,0
LA_D_3027894,0,5.7865687e-05,0
LA_D_3040671,0,3.9411454e-05,0
LA_D_3079188,0,3.75824e-05,0
LA_D_3082795,0,2.8031625e-05,0
LA_D_3086617,0,0.000109118526,0
LA_D_3096505,0,3.9416944e-05,0
LA_D_3137946,0,3.3938908e-05,0
LA_D_3141328,0,7.150529e-05,0
LA_D_3158870,0,5.8511978e-05,0
LA_D_3179640,0,4.870994e-05,0
LA_D_3189395,0,4.9328475e-05,0
LA_D_3196844,0,4.5615285e-05,0
LA_D_3206059,0,4.0120893e-05,0
LA_D_3207844,0,1.2086514e-05,0
LA_D_3232399,0,5.63949e-05,0
LA_D_3267875,0,1.0104086e-05,0
LA_D_3273748,0,5.6114717e-05,0
LA_D_3317455,0,5.1258972e-05,0
LA_D_3338105,0,5.9677615e-05,0
LA_D_3349138,0,4.583121e-05,0
LA_D_3363997,0,4.7331454e-05,0
LA_D_3420613,0,4.4664244e-05,0
LA_D_3469063,0,3.6197984e-05,0
LA_D_3499817,0,5.4251326e-05,0
LA_D_3537389,0,7.689271e-05,0
LA_D_3580750,0,5.7650002e-05,0
LA_D_3606059,0,5.3092746e-05,0
LA_D_3655523,0,4.3217948e-05,0
LA_D_3661966,0,4.2718457e-05,0
LA_D_3669523,0,5.7667872e-05,0
LA_D_3706017,0,4.123571e-05,0
LA_D_3809572,0,4.518317e-05,0
LA_D_3850569,0,4.3206655e-05,0
LA_D_3850592,0,3.4894034e-05,0
LA_D_3871221,0,5.017228e-05,0
LA_D_3880703,0,3.9375354e-05,0
LA_D_3901694,0,5.8975033e-06,0
LA_D_3913268,0,2.9769879e-05,0
LA_D_3918940,0,0.0001934849,0
LA_D_3934256,0,0.00012252787,0
LA_D_3942815,0,9.449793e-05,0
LA_D_3965390,0,0.0014274034,0
LA_D_3977949,0,4.828013e-05,0
LA_D_4019454,0,3.7640682e-05,0
LA_D_4020482,0,3.7138016e-05,0
LA_D_4021951,0,4.27914e-05,0
LA_D_4023153,0,4.059907e-05,0
LA_D_4024955,0,4.1813495e-05,0
LA_D_4078686,0,2.4445138e-05,0
LA_D_4090883,0,7.353515e-05,0
LA_D_4103705,0,3.8043054e-05,0
LA_D_4155281,0,4.2527823e-05,0
LA_D_4182803,0,9.979909e-05,0
LA_D_4207466,0,3.5003453e-05,0
LA_D_4287808,0,3.7581216e-05,0
LA_D_4343346,0,3.654229e-05,0
LA_D_4348695,0,3.4622928e-05,0
LA_D_4357228,0,4.9267448e-05,0
LA_D_4359554,0,3.6892507e-05,0
LA_D_4411086,0,2.7068862e-05,0
LA_D_4500571,0,5.362739e-05,0
LA_D_4517917,0,4.1629795e-05,0
LA_D_4531208,0,3.859244e-05,0
LA_D_4596767,0,3.6470537e-05,0
LA_D_4614043,0,5.8364738e-05,0
LA_D_4617898,0,0.000100224635,0
LA_D_4630094,0,2.036804e-05,0
LA_D_4637634,0,5.9003327e-05,0
LA_D_4649975,0,0.00013075958,0
LA_D_4708084,0,0.00022313237,0
LA_D_4717036,0,4.778575e-05,0
LA_D_4749654,0,5.4026852e-05,0
LA_D_4763438,0,4.6169596e-05,0
LA_D_4782717,0,2.7952901e-05,0
LA_D_4837097,0,3.1265296e-05,0
LA_D_4846136,0,3.441793e-05,0
LA_D_4857135,0,6.522846e-05,0
LA_D_4859623,0,2.745336e-05,0
LA_D_4883317,0,3.201892e-05,0
LA_D_4887952,0,6.5171575e-05,0
LA_D_4948572,0,1.37234465e-05,0
LA_D_4954963,0,5.7567377e-05,0
LA_D_4965110,0,2.1036532e-05,0
LA_D_5017526,0,1.0950469e-06,0
LA_D_5031694,0,7.259005e-05,0
LA_D_5044815,0,4.8774735e-05,0
LA_D_5056462,0,0.00012547431,0
LA_D_5072645,0,0.00016032858,0
LA_D_5084431,0,4.591371e-05,0
LA_D_5090868,0,3.5819565e-05,0
LA_D_5156272,0,1.7597285e-05,0
LA_D_5166255,0,5.4044474e-05,0
LA_D_5169163,0,6.7424284e-05,0
LA_D_5173305,0,3.8908434e-05,0
LA_D_5205528,0,4.139745e-05,0
LA_D_5209137,0,0.00014160524,0
LA_D_5221571,0,4.602664e-05,0
LA_D_5221844,0,2.8424542e-05,0
LA_D_5233422,0,5.291023e-05,0
LA_D_5272208,0,2.9985795e-05,0
LA_D_5285856,0,2.3119954e-05,0
LA_D_5303438,0,1.3740589e-05,0
LA_D_5307429,0,3.630093e-05,0
LA_D_5346441,0,5.1772735e-05,0
LA_D_5379113,0,0.00013298231,0
LA_D_5423215,0,6.64688e-05,0
LA_D_5461745,0,1.0019778e-05,0
LA_D_5505761,0,3.861519e-05,0
LA_D_5508053,0,5.0406645e-05,0
LA_D_5509091,0,3.116991e-05,0
LA_D_5533690,0,3.0199562e-06,0
LA_D_5554577,0,3.9634997e-05,0
LA_D_5559396,0,3.95531e-05,0
LA_D_5631440,0,4.40875e-05,0
LA_D_5631742,0,4.8521804e-05,0
LA_D_5649386,0,3.3123477e-05,0
LA_D_5684579,0,6.972972e-05,0
LA_D_5722960,0,3.3209253e-05,0
LA_D_5727966,0,5.5216922e-05,0
LA_D_5753732,0,0.00030076972,0
LA_D_5756742,0,4.619303e-05,0
LA_D_5794061,0,2.0512189e-05,0
LA_D_5812862,0,0.0001104137,0
LA_D_5849740,0,6.6744455e-05,0
LA_D_5850542,0,5.5593642e-05,0
LA_D_5875571,0,5.3046442e-05,0
LA_D_5898933,0,0.000101322024,0
LA_D_5914542,0,6.3663305e-05,0
LA_D_5944829,0,3.722538e-05,0
LA_D_5951342,0,4.2638763e-05,0
LA_D_5957150,0,2.9334748e-05,0
LA_D_6007363,0,4.4563843e-05,0
LA_D_6011759,0,7.076967e-05,0
LA_D_6017071,0,0.00011180896,0
LA_D_6028658,0,2.7535349e-05,0
LA_D_6038193,0,5.0550338e-05,0
LA_D_6052299,0,4.6568897e-05,0
LA_D_6054576,0,6.452559e-05,0
LA_D_6060802,0,3.93615e-05,0
LA_D_6075514,0,4.6938687e-05,0
LA_D_6081087,0,5.4054675e-05,0
LA_D_6102176,0,4.9228373e-05,0
LA_D_6139929,0,6.189684e-05,0
LA_D_6162276,0,5.784958e-05,0
LA_D_6170385,0,4.849733e-05,0
LA_D_6180723,0,3.1438376e-05,0
LA_D_6182559,0,1.5993273e-05,0
LA_D_6192621,0,0.00011540979,0
LA_D_6204835,0,3.8843256e-05,0
LA_D_6238274,0,3.8710798e-05,0
LA_D_6251391,0,4.3510314e-05,0
LA_D_6341229,0,5.6149667e-05,0
LA_D_6347672,0,5.334177e-05,0
LA_D_6370184,0,3.500332e-05,0
LA_D_6373370,0,6.1612045e-05,0
LA_D_6381970,0,4.7729143e-05,0
LA_D_6409383,0,4.043593e-05,0
LA_D_6416557,0,7.0240334e-05,0
LA_D_6462406,0,3.1895157e-05,0
LA_D_6469114,0,4.5804645e-05,0
LA_D_6493807,0,5.3280764e-05,0
LA_D_6498199,0,4.4972574e-05,0
LA_D_6505587,0,4.08385e-05,0
LA_D_6507705,0,3.752957e-05,0
LA_D_6561658,0,4.4601336e-05,0
LA_D_6566262,0,5.355074e-05,0
LA_D_6584040,0,4.8340804e-05,0
LA_D_6589773,0,5.8419253e-05,0
LA_D_6596581,0,3.9590646e-05,0
LA_D_6599472,0,9.258669e-06,0
LA_D_6701296,0,1.4037138e-05,0
LA_D_6712123,0,7.25051e-05,0
LA_D_6731611,0,3.6428686e-05,0
LA_D_6733078,0,5.5548382e-05,0
LA_D_6764827,0,1.0036447e-05,0
LA_D_6777418,0,4.3696935e-05,0
LA_D_6796553,0,5.571746e-05,0
LA_D_6824279,0,4.7505277e-05,0
LA_D_6826321,0,3.7662085e-05,0
LA_D_6866089,0,3.2274747e-05,0
LA_D_6933438,0,0.00010072035,0
LA_D_6951638,0,3.3614804e-05,0
LA_D_7002487,0,3.6701087e-05,0
LA_D_7012818,0,0.00014234766,0
LA_D_7032809,0,0.0001681508,0
LA_D_7039871,0,2.7191659e-06,0
LA_D_7090389,0,2.9196624e-05,0
LA_D_7091896,0,8.2842766e-05,0
LA_D_7093411,0,5.0418617e-05,0
LA_D_7109829,0,5.1718896e-05,0
LA_D_7116705,0,5.81151e-05,0
LA_D_7130899,0,3.344683e-05,0
LA_D_7147397,0,4.8648846e-05,0
LA_D_7162377,0,4.768274e-05,0
LA_D_7167011,0,7.287817e-05,0
LA_D_7169485,0,5.9031237e-05,0
LA_D_7249283,0,4.6553618e-05,0
LA_D_7254578,0,1.8491093e-05,0
LA_D_7259600,0,4.0721134e-05,0
LA_D_7262880,0,8.518161e-05,0
LA_D_7276589,0,8.18407e-05,0
LA_D_7302504,0,2.415823e-05,0
LA_D_7339034,0,2.9892204e-05,0
LA_D_7356823,0,0.00031927024,0
LA_D_7386022,0,6.357898e-05,0
LA_D_7434467,0,8.024373e-05,0
LA_D_7442400,0,3.5007524e-05,0
LA_D_7491711,0,3.4114553e-05,0
LA_D_7594804,0,5.317792e-05,0
LA_D_7640450,0,3.419967e-05,0
LA_D_7654443,0,3.8913407e-05,0
LA_D_7662121,0,4.043582e-05,0
LA_D_7672038,0,6.0159706e-05,0
LA_D_7685903,0,3.6509646e-06,0
LA_D_7695510,0,6.0126613e-06,0
LA_D_7716157,0,5.8754023e-05,0
LA_D_7743444,0,5.039064e-05,0
LA_D_7784595,0,6.223142e-05,0
LA_D_7804235,0,5.9108184e-05,0
LA_D_7813076,0,3.0017667e-05,0
LA_D_7826067,0,3.897026e-05,0
LA_D_7846025,0,9.013682e-05,0
LA_D_7857650,0,5.5423618e-05,0
LA_D_7876973,0,3.0196139e-05,0
LA_D_7894285,0,9.463797e-05,0
LA_D_7918342,0,5.5146094e-05,0
LA_D_7921577,0,4.873145e-05,0
LA_D_7924450,0,4.9419585e-05,0
LA_D_7937282,0,4.5965404e-05,0
LA_D_7977577,0,0.00016897662,0
LA_D_8004353,0,6.933018e-05,0
LA_D_8009399,0,6.477967e-05,0
LA_D_8009413,0,3.9422506e-05,0
LA_D_8037512,0,4.916832e-05,0
LA_D_8038171,0,2.1376261e-05,0
LA_D_8090805,0,4.385783e-05,0
LA_D_8099338,0,4.511639e-05,0
LA_D_8103316,0,7.27985e-05,0
LA_D_8142236,0,3.4198758e-05,0
LA_D_8146799,0,5.6087592e-05,0
LA_D_8168878,0,5.4012427e-05,0
LA_D_8176618,0,4.5601973e-05,0
LA_D_8192880,0,2.704061e-05,0
LA_D_8204201,0,4.8877733e-05,0
LA_D_8241382,0,2.6110914e-05,0
LA_D_8244540,0,5.3450793e-05,0
LA_D_8264709,0,2.7141188e-05,0
LA_D_8270717,0,5.2231495e-05,0
LA_D_8301225,0,4.2579803e-05,0
LA_D_8329816,0,5.3309377e-05,0
LA_D_8331430,0,3.075503e-05,0
LA_D_8340535,0,3.91264e-05,0
LA_D_8360147,0,5.050283e-05,0
LA_D_8364674,0,1.9806037e-05,0
LA_D_8365775,0,2.516518e-05,0
LA_D_8367537,0,3.866427e-05,0
LA_D_8372904,0,3.3494165e-05,0
LA_D_8374409,0,3.5689965e-05,0
LA_D_8421697,0,5.4894248e-05,0
LA_D_8422575,0,4.3020736e-05,0
LA_D_8500513,0,5.0295395e-05,0
LA_D_8531692,0,2.110107e-05,0
LA_D_8538200,0,4.5961286e-05,0
LA_D_8542399,0,4.903628e-05,0
LA_D_8551212,0,6.7009634e-05,0
LA_D_8635221,0,7.806279e-05,0
LA_D_8641049,0,3.477856e-05,0
LA_D_8669323,0,5.9410515e-05,0
LA_D_8714315,0,3.593919e-05,0
LA_D_8720605,0,4.94005e-05,0
LA_D_8751784,0,5.525735e-06,0
LA_D_8766022,0,5.3887425e-06,0
LA_D_8784379,0,1.022009e-06,0
LA_D_8791959,0,4.2726282e-05,0
LA_D_8809559,0,6.7874054e-05,0
LA_D_8839841,0,4.5745186e-05,0
LA_D_8865247,0,3.7418038e-05,0
LA_D_8874413,0,4.0778257e-05,0
LA_D_8911864,0,5.5835808e-05,0
LA_D_8917471,0,4.28764e-05,0
LA_D_8926223,0,6.859757e-05,0
LA_D_8945305,0,5.5833676e-05,0
LA_D_9046865,0,6.2595245e-05,0
LA_D_9074098,0,4.9232036e-05,0
LA_D_9078375,0,5.8853788e-05,0
LA_D_9123178,0,4.202901e-05,0
LA_D_9129748,0,5.659586e-05,0
LA_D_9156675,0,2.09395e-05,0
LA_D_9159596,0,5.540891e-06,0
LA_D_9161192,0,4.967198e-05,0
LA_D_9163063,0,9.402246e-06,0
LA_D_9190503,0,4.943297e-05,0
LA_D_9204979,0,3.5542587e-05,0
LA_D_9225508,0,4.735574e-05,0
LA_D_9255940,0,3.095831e-05,0
LA_D_9270392,0,4.5780886e-05,0
LA_D_9282180,0,7.102692e-05,0
LA_D_9284391,0,3.774683e-05,0
LA_D_9328428,0,0.00010698453,0
LA_D_9329610,0,4.0210754e-05,0
LA_D_9339416,0,2.701826e-05,0
LA_D_9428575,0,4.223816e-06,0
LA_D_9444764,0,6.122338e-05,0
LA_D_9475261,0,4.674473e-05,0
LA_D_9491115,0,4.375665e-05,0
LA_D_9601633,0,9.9677156e-05,0
LA_D_9607727,0,4.954543e-05,0
LA_D_9618623,0,3.0393372e-05,0
LA_D_9620336,0,6.860005e-05,0
LA_D_9661014,0,3.91389e-05,0
LA_D_9697098,0,3.9344726e-05,0
LA_D_9732597,0,3.2923374e-05,0
LA_D_9763602,0,4.7204154e-05,0
LA_D_9784098,0,5.3315987e-05,0
LA_D_9824684,0,7.8832774e-05,0
LA_D_9863674,0,4.3494965e-05,0
LA_D_9873726,0,7.022313e-05,0
LA_D_9908786,0,7.533063e-05,0
LA_D_9947938,0,4.6173212e-05,0
LA_D_9963672,0,4.0069423e-05,0
LA_D_9964852,0,2.3823199e-05,0
LA_D_9990859,0,4.1011743e-05,0
LA_D_9995677,0,5.4795815e-05,0
LA_D_9997314,0,4.1567633e-05,0
LA_D_1006568,0,9.9474535e-05,0
LA_D_1010295,0,4.5996367e-05,0
LA_D_1017922,0,3.1123574e-05,0
LA_D_1020908,0,0.00011205264,0
LA_D_1066785,0,1.6106645e-05,0
LA_D_1110836,0,6.2338564e-05,0
LA_D_1121701,0,1.8191855e-05,0
LA_D_1152287,0,5.5496595e-05,0
LA_D_1163071,0,6.969921e-05,0
LA_D_1232730,0,5.5460943e-05,0
LA_D_1267719,0,2.1831687e-05,0
LA_D_1271634,0,1e-06,0
LA_D_1288652,0,3.4696437e-05,0
LA_D_1294276,0,8.4365296e-05,0
LA_D_1317211,0,0.00012017669,0
LA_D_1320493,0,8.737026e-05,0
LA_D_1323674,0,4.7653553e-05,0
LA_D_1334862,0,5.6040757e-05,0
LA_D_1344503,0,4.881298e-05,0
LA_D_1436061,0,5.1941963e-05,0
LA_D_1445252,0,5.4089895e-05,0
LA_D_1555553,0,2.7035918e-05,0
LA_D_1556971,0,6.893733e-05,0
LA_D_1591653,0,2.1982945e-05,0
LA_D_1603277,0,2.8853952e-05,0
LA_D_1653375,0,4.909795e-05,0
LA_D_1654960,0,7.664967e-05,0
LA_D_1655319,0,3.036246e-05,0
LA_D_1659317,0,9.281538e-05,0
LA_D_1683818,0,4.9305803e-05,0
LA_D_1690469,0,1e-06,0
LA_D_1724924,0,4.45794e-05,0
LA_D_1737077,0,1e-06,0
LA_D_1737085,0,2.2719405e-05,0
LA_D_1760580,0,5.681508e-05,0
LA_D_1794164,0,6.6456625e-05,0
LA_D_1807940,0,4.116122e-05,0
LA_D_1821433,0,5.9873593e-05,0
LA_D_1862819,0,2.2859498e-05,0
LA_D_1869677,0,5.1055933e-05,0
LA_D_1883531,0,5.9635742e-05,0
LA_D_1929298,0,2.2440765e-05,0
LA_D_2008195,0,9.585329e-05,0
LA_D_2060624,0,6.0130566e-05,0
LA_D_2091673,0,5.1246654e-05,0
LA_D_2095154,0,1.5355192e-05,0
LA_D_2164850,0,4.825177e-05,0
LA_D_2169349,0,8.3997154e-05,0
LA_D_2252399,0,5.2224175e-05,0
LA_D_2310737,0,2.7787351e-05,0
LA_D_2327498,0,0.00013243263,0
LA_D_2378744,0,2.8653314e-05,0
LA_D_2396633,0,4.1023242e-05,0
LA_D_2476343,0,6.4405845e-05,0
LA_D_2508053,0,4.442471e-05,0
LA_D_2520496,0,3.4990555e-06,0
LA_D_2526658,0,4.0937226e-05,0
LA_D_2556764,0,6.4959684e-05,0
LA_D_2630883,0,4.8680216e-05,0
LA_D_2634970,0,8.436208e-05,0
LA_D_2689521,0,6.564042e-05,0
LA_D_2695091,0,0.00010712622,0
LA_D_2698530,0,2.948626e-05,0
LA_D_2707288,0,2.6873693e-05,0
LA_D_2768684,0,7.318192e-06,0
LA_D_2774758,0,7.409432e-05,0
LA_D_2782407,0,3.005846e-05,0
LA_D_2849844,0,4.563034e-05,0
LA_D_2859919,0,3.0228204e-05,0
LA_D_2863082,0,1.2770534e-05,0
LA_D_2908310,0,7.1084854e-05,0
LA_D_2910905,0,3.8714934e-05,0
LA_D_2924653,0,2.3823879e-05,0
LA_D_2929867,0,1.7888759e-05,0
LA_D_2937244,0,4.026117e-05,0
LA_D_2938164,0,0.000106126354,0
LA_D_2998894,0,5.7365378e-05,0
LA_D_3024416,0,7.1292925e-05,0
LA_D_3042268,0,2.6905127e-06,0
LA_D_3056098,0,2.843202e-05,0
LA_D_3073758,0,5.1452906e-05,0
LA_D_3079837,0,2.2846792e-05,0
LA_D_3094087,0,7.4456686e-05,0
LA_D_3104490,0,0.00010159369,0
LA_D_3117348,0,4.101789e-06,0
LA_D_3120745,0,4.5377004e-05,0
LA_D_3145606,0,2.3099525e-05,0
LA_D_3156192,0,2.859632e-05,0
LA_D_3205288,0,4.2847256e-05,0
LA_D_3226786,0,3.7455056e-06,0
LA_D_3229399,0,7.81231e-05,0
LA_D_3235154,0,4.195405e-05,0
LA_D_3239970,0,3.2358203e-05,0
LA_D_3252013,0,4.9946288e-05,0
LA_D_3253940,0,2.475924e-05,0
LA_D_3331836,0,1.3454433e-05,0
LA_D_3351086,0,6.7952744e-05,0
LA_D_3355151,0,0.00010303803,0
LA_D_3384869,0,2.9409734e-05,0
LA_D_3388709,0,8.899857e-05,0
LA_D_3404666,0,1.2311986e-05,0
LA_D_3436518,0,1.8670789e-06,0
LA_D_3440037,0,4.474192e-05,0
LA_D_3481456,0,6.549842e-05,0
LA_D_3497759,0,5.201364e-05,0
LA_D_3515388,0,4.490619e-05,0
LA_D_3525345,0,5.178468e-05,0
LA_D_3661300,0,7.373232e-05,0
LA_D_3672455,0,0.0002481622,0
LA_D_3688344,0,8.98867e-05,0
LA_D_3700007,0,3.4150395e-05,0
LA_D_3702468,0,5.8203004e-05,0
LA_D_3705210,0,0.00026954775,0
LA_D_3747897,0,1.1864912e-05,0
LA_D_3804376,0,3.250595e-05,0
LA_D_3811291,0,9.858706e-05,0
LA_D_3833430,0,3.6602523e-05,0
LA_D_3865287,0,6.863886e-05,0
LA_D_3874608,0,1.654308e-05,0
LA_D_3905003,0,9.209834e-05,0
LA_D_3976858,0,4.7426693e-05,0
LA_D_4013191,0,0.00020131202,0
LA_D_4021690,0,1e-06,0
LA_D_4047385,0,4.2533255e-05,0
LA_D_4114187,0,9.366101e-05,0
LA_D_4143917,0,5.994135e-05,0
LA_D_4194549,0,4.246841e-05,0
LA_D_4257454,0,1.5841037e-05,0
LA_D_4275372,0,0.00012248733,0
LA_D_4279596,0,0.00012791935,0
LA_D_4290338,0,2.3423732e-05,0
LA_D_4293284,0,1.6339499e-06,0
LA_D_4326006,0,6.694117e-05,0
LA_D_4348449,0,4.89702e-05,0
LA_D_4401164,0,4.5267225e-05,0
LA_D_4442740,0,1.8503988e-05,0
LA_D_4461732,0,5.2860607e-05,0
LA_D_4464483,0,4.573995e-05,0
LA_D_4488859,0,2.8599456e-05,0
LA_D_4518477,0,4.0196566e-05,0
LA_D_4630301,0,4.7146303e-05,0
LA_D_4642404,0,5.2037052e-05,0
LA_D_4677041,0,5.2069467e-05,0
LA_D_4736814,0,4.4928678e-05,0
LA_D_4738629,0,5.71071e-05,0
LA_D_4771946,0,4.9104037e-05,0
LA_D_4786885,0,4.7792313e-05,0
LA_D_4794519,0,3.7184116e-05,0
LA_D_4845175,0,1.8325758e-05,0
LA_D_4919512,0,6.6679124e-05,0
LA_D_5003486,0,4.498544e-05,0
LA_D_5024706,0,7.229983e-05,0
LA_D_5034598,0,3.4032575e-05,0
LA_D_5102435,0,2.9363267e-05,0
LA_D_5180213,0,4.626431e-05,0
LA_D_5185512,0,8.2599814e-05,0
LA_D_5191897,0,4.6324392e-05,0
LA_D_5200643,0,4.4233213e-05,0
LA_D_5256388,0,7.937226e-05,0
LA_D_5279787,0,3.8571143e-05,0
LA_D_5323357,0,2.2156371e-05,0
LA_D_5373393,0,6.137695e-05,0
LA_D_5380653,0,3.673551e-05,0
LA_D_5408619,0,2.370092e-05,0
LA_D_5495396,0,0.00018868444,0
LA_D_5538089,0,1e-06,0
LA_D_5670138,0,1.977286e-06,0
LA_D_5699632,0,5.566993e-05,0
LA_D_5732658,0,5.4671065e-05,0
LA_D_5733057,0,4.7782607e-05,0
LA_D_5768016,0,6.578123e-05,0
LA_D_5810476,0,4.043593e-05,0
LA_D_5829854,0,2.8656978e-05,0
LA_D_5869399,0,4.597505e-05,0
LA_D_5869425,0,1.5955568e-05,0
LA_D_5873662,0,2.4151734e-05,0
LA_D_5899979,0,7.4374795e-05,0
LA_D_5973279,0,5.391948e-05,0
LA_D_6014906,0,6.659429e-05,0
LA_D_6018179,0,0.00010989731,0
LA_D_6025474,0,2.721111e-05,0
LA_D_6038027,0,4.3436106e-05,0
LA_D_6038978,0,1.4082338e-05,0
LA_D_6051717,0,4.3618667e-05,0
LA_D_6068856,0,4.080673e-05,0
LA_D_6097265,0,5.0132014e-05,0
LA_D_6133159,0,3.981703e-05,0
LA_D_6133563,0,5.9810252e-05,0
LA_D_6162940,0,2.764776e-05,0
LA_D_6164883,0,0.00024074798,0
LA_D_6175114,0,2.5750962e-05,0
LA_D_6214487,0,4.086413e-05,0
LA_D_6287353,0,1.3044569e-05,0
LA_D_6314564,0,0.00012045044,0
LA_D_6508425,0,6.455907e-05,0
LA_D_6525788,0,2.921158e-05,0
LA_D_6537723,0,9.555291e-06,0
LA_D_6603690,0,5.9504186e-05,0
LA_D_6659984,0,5.3952426e-06,0
LA_D_6662767,0,3.7111284e-05,0
LA_D_6781905,0,6.666192e-06,0
LA_D_6922450,0,3.496829e-05,0
LA_D_6930284,0,5.7303267e-05,0
LA_D_6946359,0,8.717058e-06,0
LA_D_6963754,0,1.9630404e-06,0
LA_D_7000854,0,1.8532934e-05,0
LA_D_7002124,0,3.4449098e-05,0
LA_D_7004503,0,7.45674e-05,0
LA_D_7014250,0,1.2598341e-05,0
LA_D_7107178,0,2.4047806e-05,0
LA_D_7160056,0,4.589213e-05,0
LA_D_7214696,0,5.4243104e-05,0
LA_D_7312601,0,4.522662e-05,0
LA_D_7321788,0,3.8697435e-05,0
LA_D_7390092,0,4.0910454e-05,0
LA_D_7392487,0,0.0002984025,0
LA_D_7404650,0,1.587013e-05,0
LA_D_7435910,0,0.0001674701,0
LA_D_7445900,0,4.4441364e-05,0
LA_D_7461366,0,6.270841e-05,0
LA_D_7505292,0,5.1082323e-05,0
LA_D_7509558,0,7.7541874e-05,0
LA_D_7510039,0,2.2150307e-05,0
LA_D_7550439,0,2.542777e-05,0
LA_D_7618578,0,2.4076237e-05,0
LA_D_7636507,0,0.00067259447,0
LA_D_7656662,0,7.010229e-05,0
LA_D_7679979,0,5.5657878e-05,0
LA_D_7683334,0,7.060452e-05,0
LA_D_7707087,0,1.3251227e-05,0
LA_D_7719259,0,4.089064e-05,0
LA_D_7723869,0,0.00010874271,0
LA_D_7730644,0,9.320794e-05,0
LA_D_7760021,0,3.1956748e-05,0
LA_D_7771514,0,2.84806e-05,0
LA_D_7830702,0,3.3772892e-05,0
LA_D_7839873,0,5.4652304e-05,0
LA_D_7886616,0,4.3474396e-05,0
LA_D_7886997,0,1.617994e-05,0
LA_D_7900376,0,7.633732e-05,0
LA_D_7906850,0,6.0378392e-05,0
LA_D_7913802,0,6.712886e-05,0
LA_D_7989948,0,5.745155e-05,0
LA_D_7994287,0,5.3107982e-05,0
LA_D_8008774,0,4.186724e-06,0
LA_D_8018998,0,1.0365814e-05,0
LA_D_8027235,0,6.429538e-05,0
LA_D_8037074,0,3.0197403e-05,0
LA_D_8076027,0,5.1167102e-05,0
LA_D_8142962,0,7.107415e-05,0
LA_D_8151805,0,4.147478e-05,0
LA_D_8207116,0,6.359668e-05,0
LA_D_8229345,0,6.993469e-05,0
LA_D_8235730,0,6.510349e-05,0
LA_D_8282900,0,5.9951417e-05,0
LA_D_8348389,0,0.0001926374,0
LA_D_8363497,0,1.599405e-05,0
LA_D_8456837,0,6.242345e-05,0
LA_D_8488016,0,5.9321854e-05,0
LA_D_8594739,0,5.6535766e-05,0
LA_D_8616232,0,0.000113999165,0
LA_D_8714341,0,8.176012e-05,0
LA_D_8722459,0,8.22044e-05,0
LA_D_8770467,0,3.004745e-06,0
LA_D_8847117,0,1.3700731e-05,0
LA_D_8867529,0,8.179557e-06,0
LA_D_8899605,0,3.118796e-05,0
LA_D_8930968,0,0.00015511173,0
LA_D_9006129,0,0.00011454409,0
LA_D_9029190,0,4.3559638e-05,0
LA_D_9055429,0,5.6817626e-05,0
LA_D_9079393,0,3.2044413e-06,0
LA_D_9099979,0,8.426576e-05,0
LA_D_9121368,0,8.092403e-05,0
LA_D_9131118,0,4.7603047e-05,0
LA_D_9166472,0,6.596842e-05,0
LA_D_9183944,0,7.4143165e-05,0
LA_D_9191983,0,2.9615949e-05,0
LA_D_9228237,0,3.836095e-05,0
LA_D_9254634,0,3.7828057e-05,0
LA_D_9321653,0,1.0454977e-05,0
LA_D_9331428,0,2.3471272e-05,0
LA_D_9435218,0,4.4766504e-05,0
LA_D_9436760,0,1.7697019e-05,0
LA_D_9498951,0,1.7576474e-06,0
LA_D_9522404,0,4.1745363e-05,0
LA_D_9545477,0,2.4241383e-05,0
LA_D_9562178,0,2.2436272e-05,0
LA_D_9565756,0,6.63724e-05,0
LA_D_9611736,0,0.00031166326,0
LA_D_9653036,0,1.8560702e-05,0
LA_D_9679682,0,3.0282363e-05,0
LA_D_9679737,0,3.5484543e-05,0
LA_D_9701091,0,0.0002447517,0
LA_D_9717448,0,3.8648755e-06,0
LA_D_9739031,0,1.621629e-05,0
LA_D_9762313,0,7.8647005e-05,0
LA_D_9771809,0,4.135787e-05,0
LA_D_9772737,0,2.1700791e-06,0
LA_D_9786434,0,0.00012992103,0
LA_D_9802580,0,7.568309e-05,0
LA_D_9842983,0,5.039737e-05,0
LA_D_9851247,0,5.506858e-05,0
LA_D_9872439,0,3.360692e-05,0
LA_D_9940119,0,8.600973e-06,0
LA_D_9953306,0,9.201032e-06,0
LA_D_9965466,0,0.00016030151,0
LA_D_9976918,0,4.2895543e-05,0
LA_D_1008673,0,3.8226925e-05,0
LA_D_1033225,0,5.3682346e-05,0
LA_D_1055758,0,4.720497e-05,0
LA_D_1110227,0,9.3811805e-06,0
LA_D_1171974,0,4.9617443e-05,0
LA_D_1212385,0,0.00021102707,0
LA_D_1221102,0,5.444345e-05,0
LA_D_1252766,0,6.438152e-05,0
LA_D_1262462,0,5.9992708e-05,0
LA_D_1345745,0,4.68749e-05,0
LA_D_1365588,0,2.540668e-05,0
LA_D_1366391,0,6.220953e-06,0
LA_D_1386774,0,9.692076e-05,0
LA_D_1396590,0,3.2193995e-05,0
LA_D_1479871,0,3.989069e-05,0
LA_D_1496491,0,1.9687397e-05,0
LA_D_1519187,0,3.3239925e-05,0
LA_D_1543611,0,2.5821637e-05,0
LA_D_1567712,0,5.817487e-05,0
LA_D_1576565,0,0.000104478604,0
LA_D_1611581,0,3.467692e-05,0
LA_D_1611993,0,5.837481e-05,0
LA_D_1658555,0,3.3625158e-05,0
LA_D_1659148,0,1.963748e-05,0
LA_D_1659731,0,0.00011386162,0
LA_D_1664055,0,4.4048666e-06,0
LA_D_1705054,0,3.57077e-05,0
LA_D_1708689,0,4.460525e-05,0
LA_D_1712120,0,2.3904695e-05,0
LA_D_1734430,0,5.2706528e-05,0
LA_D_1766425,0,8.060433e-05,0
LA_D_1778872,0,4.8390062e-05,0
LA_D_1813321,0,9.635145e-05,0
LA_D_1846103,0,8.240762e-06,0
LA_D_1881643,0,3.0691248e-05,0
LA_D_1939610,0,3.4138542e-05,0
LA_D_1941384,0,6.0151902e-05,0
LA_D_1964458,0,8.629672e-05,0
LA_D_1988690,0,4.169798e-05,0
LA_D_1999238,0,5.662307e-05,0
LA_D_2038901,0,6.712584e-05,0
LA_D_2040882,0,4.976733e-05,0
LA_D_2050794,0,9.486667e-06,0
LA_D_2079819,0,6.66319e-05,0
LA_D_2104365,0,6.5419394e-05,0
LA_D_2123885,0,5.9345115e-05,0
LA_D_2131399,0,6.42123e-05,0
LA_D_2136816,0,3.585942e-05,0
LA_D_2183037,0,3.5052526e-05,0
LA_D_2189641,0,1e-06,0
LA_D_2204353,0,3.9830018e-05,0
LA_D_2228641,0,2.4963112e-05,0
LA_D_2263211,0,6.8912406e-05,0
LA_D_2274606,0,5.9035177e-05,0
LA_D_2318160,0,5.639899e-05,0
LA_D_2346599,0,2.206577e-06,0
LA_D_2389765,0,5.122965e-05,0
LA_D_2422297,0,2.367826e-05,0
LA_D_2485725,0,3.7717866e-05,0
LA_D_2516382,0,0.00010208936,0
LA_D_2518987,0,3.2715398e-05,0
LA_D_2598117,0,2.5306235e-05,0
LA_D_2604446,0,8.240509e-05,0
LA_D_2626325,0,9.13843e-05,0
LA_D_2639105,0,7.035859e-05,0
LA_D_2724699,0,0.00011133223,0
LA_D_2732640,0,7.2257217e-06,0
LA_D_2806150,0,8.403642e-05,0
LA_D_2860247,0,8.37176e-05,0
LA_D_2868405,0,9.928179e-06,0
LA_D_2872359,0,6.502897e-05,0
LA_D_2881179,0,7.187452e-05,0
LA_D_2888827,0,9.440369e-06,0
LA_D_2889500,0,7.4429336e-06,0
LA_D_2901718,0,3.1405565e-05,0
LA_D_2918223,0,1e-06,0
LA_D_2920207,0,8.969911e-06,0
LA_D_2920588,0,0.0001034767,0
LA_D_2958099,0,3.543284e-05,0
LA_D_2987481,0,3.7321817e-05,0
LA_D_3009969,0,4.8206515e-05,0
LA_D_3038598,0,4.570986e-05,0
LA_D_3046025,0,5.1991767e-05,0
LA_D_3104226,0,1.7357614e-05,0
LA_D_3117274,0,9.023271e-05,0
LA_D_3119133,0,3.828236e-06,0
LA_D_3157175,0,2.3013748e-05,0
LA_D_3211572,0,0.00010335925,0
LA_D_3217409,0,4.1291274e-05,0
LA_D_3227446,0,6.661945e-05,0
LA_D_3232132,0,6.4004686e-05,0
LA_D_3278230,0,3.4097447e-05,0
LA_D_3313354,0,0.00028359392,0
LA_D_3347716,0,5.6271347e-05,0
LA_D_3435721,0,3.5998473e-06,0
LA_D_3436742,0,8.467278e-05,0
LA_D_3481326,0,6.769094e-05,0
LA_D_3512251,0,8.8712346e-05,0
LA_D_3671224,0,6.4489195e-06,0
LA_D_3687811,0,2.2644e-05,0
LA_D_3695422,0,4.442049e-06,0
LA_D_3713460,0,8.4044754e-05,0
LA_D_3749584,0,5.3048034e-06,0
LA_D_3780178,0,9.485699e-05,0
LA_D_3829330,0,4.545817e-05,0
LA_D_3843488,0,5.942672e-05,0
LA_D_3870318,0,2.7620063e-05,0
LA_D_3873126,0,6.346546e-05,0
LA_D_3949631,0,1.5717824e-05,0
LA_D_3971956,0,3.1924796e-05,0
LA_D_4007335,0,7.967124e-06,0
LA_D_4075975,0,3.513187e-05,0
LA_D_4087816,0,7.127043e-05,0
LA_D_4102879,0,9.2609574e-05,0
LA_D_4149777,0,9.2051814e-05,0
LA_D_4207134,0,2.647857e-05,0
LA_D_4259040,0,5.1789822e-05,0
LA_D_4311857,0,7.563879e-05,0
LA_D_4315355,0,4.2032818e-05,0
LA_D_4404330,0,0.000118206844,0
LA_D_4409009,0,5.105554e-05,0
LA_D_4498003,0,1.2839971e-05,0
LA_D_4505937,0,6.148614e-05,0
LA_D_4565223,0,4.647295e-06,0
LA_D_4579960,0,0.00013656453,0
LA_D_4589187,0,9.092682e-05,0
LA_D_4623751,0,2.3547185e-05,0
LA_D_4653609,0,6.9210815e-05,0
LA_D_4758316,0,3.8116534e-06,0
LA_D_4770612,0,1.4982338e-05,0
LA_D_4771745,0,1.7885295e-05,0
LA_D_4788415,0,7.252834e-05,0
LA_D_4822832,0,0.000100734556,0
LA_D_4836452,0,6.781492e-05,0
LA_D_4863244,0,5.9511563e-05,0
LA_D_4864976,0,1.8486122e-05,0
LA_D_4876945,0,3.9740517e-05,0
LA_D_4901474,0,3.48633e-05,0
LA_D_5074328,0,2.788158e-05,0
LA_D_5088369,0,5.4581837e-05,0
LA_D_5242519,0,0.00014813918,0
LA_D_5253814,0,2.5185516e-05,0
LA_D_5368042,0,3.3400138e-05,0
LA_D_5398887,0,1.8288361e-05,0
LA_D_5457188,0,2.7672975e-05,0
LA_D_5484649,0,1.6195192e-05,0
LA_D_5514319,0,3.0016383e-05,0
LA_D_5531013,0,0.00014449004,0
LA_D_5571676,0,7.49365e-05,0
LA_D_5576532,0,0.00010629873,0
LA_D_5657789,0,3.5353252e-05,0
LA_D_5660127,0,0.00012894477,0
LA_D_5665100,0,8.503858e-06,0
LA_D_5668161,0,4.32671e-05,0
LA_D_5698259,0,3.4626464e-05,0
LA_D_5710259,0,7.653938e-05,0
LA_D_5786164,0,5.7071717e-05,0
LA_D_5832271,0,5.92391e-05,0
LA_D_5838098,0,3.5130728e-05,0
LA_D_5856426,0,5.3683474e-05,0
LA_D_5953565,0,0.00023592699,0
LA_D_5975736,0,0.00028102563,0
LA_D_5985635,0,6.83106e-05,0
LA_D_6001607,0,7.232521e-05,0
LA_D_6011658,0,4.2427928e-05,0
LA_D_6016576,0,8.014623e-06,0
LA_D_6083224,0,3.613983e-05,0
LA_D_6121156,0,5.0965933e-05,0
LA_D_6123683,0,6.9685855e-05,0
LA_D_6185674,0,9.0440735e-05,0
LA_D_6201251,0,0.00024226378,0
LA_D_6264799,0,3.1147e-05,0
LA_D_6397450,0,4.317627e-06,0
LA_D_6455155,0,0.0005615157,0
LA_D_6477172,0,1e-06,0
LA_D_6506607,0,1.3059419e-05,0
LA_D_6540535,0,2.5435433e-05,0
LA_D_6586128,0,6.54707e-05,0
LA_D_6589534,0,9.56143e-05,0
LA_D_6594747,0,1.1509219e-05,0
LA_D_6600446,0,2.1757302e-05,0
LA_D_6621753,0,2.8627095e-05,0
LA_D_6639964,0,0.00011045424,0
LA_D_6670965,0,5.541526e-05,0
LA_D_6692133,0,0.00037278264,0
LA_D_6697944,0,3.3385233e-05,0
LA_D_6752719,0,6.17226e-05,0
LA_D_6756999,0,0.00015130457,0
LA_D_6773067,0,4.342227e-05,0
LA_D_6797923,0,2.8057808e-05,0
LA_D_6810679,0,5.2355717e-05,0
LA_D_6822833,0,4.528713e-05,0
LA_D_6868021,0,3.938052e-06,0
LA_D_6872655,0,4.9222363e-06,0
LA_D_6911238,0,1e-06,0
LA_D_6927495,0,7.075869e-06,0
LA_D_6931606,0,6.8121044e-05,0
LA_D_6948051,0,9.850605e-05,0
LA_D_6966577,0,1.0925235e-06,0
LA_D_6968726,0,7.5903604e-06,0
LA_D_6983240,0,6.73962e-05,0
LA_D_7021859,0,8.832573e-05,0
LA_D_7064077,0,3.17418e-05,0
LA_D_7142124,0,0.00031013825,0
LA_D_7166843,0,1e-06,0
LA_D_7250780,0,5.135374e-05,0
LA_D_7277920,0,4.563517e-05,0
LA_D_7314849,0,2.2689635e-05,0
LA_D_7317597,0,5.137e-05,0
LA_D_7355945,0,2.7939952e-05,0
LA_D_7393779,0,0.00015388221,0
LA_D_7538760,0,2.3108141e-05,0
LA_D_7544809,0,5.656295e-05,0
LA_D_7665160,0,5.7022644e-05,0
LA_D_7680881,0,3.0298135e-05,0
LA_D_7723211,0,8.338345e-05,0
LA_D_7750101,0,4.5307952e-05,0
LA_D_7829453,0,2.3239434e-05,0
LA_D_7880553,0,9.673092e-05,0
LA_D_7882957,0,4.36165e-05,0
LA_D_7894097,0,3.178236e-05,0
LA_D_7961471,0,2.3444752e-06,0
LA_D_7969869,0,4.7788308e-05,0
LA_D_8087903,0,6.61607e-05,0
LA_D_8093378,0,4.649639e-05,0
LA_D_8112113,0,5.995862e-05,0
LA_D_8125219,0,4.6228193e-05,0
LA_D_8128439,0,5.455233e-05,0
LA_D_8160527,0,2.6015692e-05,0
LA_D_8191353,0,2.1275418e-06,0
LA_D_8198887,0,5.3232106e-05,0
LA_D_8229496,0,8.291841e-05,0
LA_D_8233417,0,4.8632795e-05,0
LA_D_8299676,0,6.224928e-05,0
LA_D_8338088,0,7.225875e-05,0
LA_D_8341574,0,0.00023030418,0
LA_D_8386102,0,5.3360192e-05,0
LA_D_8408912,0,4.5551336e-05,0
LA_D_8418152,0,4.270265e-05,0
LA_D_8426999,0,1.3307239e-06,0
LA_D_8450248,0,3.8335787e-05,0
LA_D_8479815,0,1.4779201e-06,0
LA_D_8491532,0,2.8251608e-05,0
LA_D_8509720,0,7.54884e-05,0
LA_D_8529268,0,3.0050665e-05,0
LA_D_8541205,0,1.2630328e-05,0
LA_D_8544644,0,0.00018156035,0
LA_D_8591446,0,4.5898305e-05,0
LA_D_8591522,0,2.25769e-05,0
LA_D_8601811,0,7.285455e-05,0
LA_D_8630942,0,7.6937824e-05,0
LA_D_8640715,0,7.480142e-05,0
LA_D_8670754,0,1e-06,0
LA_D_8674026,0,3.4348748e-05,0
LA_D_8699272,0,2.0310199e-05,0
LA_D_8728321,0,1.6049614e-06,0
LA_D_8729734,0,0.00019448424,0
LA_D_8756797,0,0.000111189845,0
LA_D_8771564,0,3.7137586e-05,0
LA_D_8788079,0,3.5726196e-05,0
LA_D_8815720,0,3.6187805e-05,0
LA_D_8833581,0,2.3356724e-05,0
LA_D_8846893,0,0.00031024203,0
LA_D_8848529,0,4.5833393e-05,0
LA_D_8878573,0,0.000119399854,0
LA_D_8891814,0,4.02637e-05,0
LA_D_8957701,0,6.9264424e-05,0
LA_D_8994328,0,4.5288813e-05,0
LA_D_9033630,0,0.000107831154,0
LA_D_9038073,0,9.925329e-06,0
LA_D_9048737,0,5.8757058e-05,0
LA_D_9065595,0,0.00027315805,0
LA_D_9094488,0,3.1029977e-06,0
LA_D_9127411,0,6.5331245e-05,0
LA_D_9155834,0,1e-06,0
LA_D_9167860,0,5.5912056e-05,0
LA_D_9217255,0,5.816644e-05,0
LA_D_9220018,0,2.1048012e-05,0
LA_D_9236613,0,3.503047e-05,0
LA_D_9270152,0,2.1464017e-05,0
LA_D_9278460,0,6.8122274e-05,0
LA_D_9281005,0,6.8521076e-05,0
LA_D_9281870,0,0.00011922953,0
LA_D_9315635,0,5.068952e-06,0
LA_D_9333859,0,8.461635e-05,0
LA_D_9336302,0,7.6217e-05,0
LA_D_9346947,0,1.5891424e-05,0
LA_D_9363652,0,2.9984198e-05,0
LA_D_9424568,0,3.1370095e-05,0
LA_D_9442040,0,2.9543791e-05,0
LA_D_9465829,0,6.0579903e-05,0
LA_D_9491192,0,6.429729e-05,0
LA_D_9603327,0,4.9793343e-05,0
LA_D_9604966,0,3.7720707e-05,0
LA_D_9618467,0,9.775372e-05,0
LA_D_9627529,0,4.521843e-05,0
LA_D_9633851,0,2.596352e-05,0
LA_D_9636836,0,2.7580212e-05,0
LA_D_9685772,0,0.00012553297,0
LA_D_9801638,0,0.00054200774,0
LA_D_9806570,0,7.6167315e-05,0
LA_D_9813801,0,6.1010884e-05,0
LA_D_9862938,0,0.0002810763,0
LA_D_9920299,0,2.8560642e-05,0
LA_D_9930274,0,6.8941895e-06,0
LA_D_9957063,0,3.134154e-05,0
LA_D_9967406,0,3.5510744e-05,0
LA_D_9987878,0,1.798021e-05,0
LA_D_1005471,0,3.2270254e-05,0
LA_D_1024033,0,6.970719e-05,0
LA_D_1030270,0,5.360316e-05,0
LA_D_1031151,0,4.7762744e-05,0
LA_D_1039057,0,2.7790953e-05,0
LA_D_1071356,0,4.0266084e-05,0
LA_D_1079091,0,5.4890526e-05,0
LA_D_1107234,0,5.733552e-05,0
LA_D_1208939,0,3.4714638e-05,0
LA_D_1219091,0,0.00010730208,0
LA_D_1240959,0,5.0521616e-05,0
LA_D_1265133,0,5.382927e-05,0
LA_D_1281736,0,4.084329e-05,0
LA_D_1307113,0,0.00010990811,0
LA_D_1310219,0,3.8573493e-05,0
LA_D_1330250,0,8.6308e-05,0
LA_D_1343353,0,2.667418e-05,0
LA_D_1354096,0,6.333311e-05,0
LA_D_1368657,0,5.4091288e-05,0
LA_D_1377906,0,2.4169851e-06,0
LA_D_1434780,0,5.3714146e-05,0
LA_D_1447056,0,3.5550893e-05,0
LA_D_1463984,0,7.261713e-05,0
LA_D_1468408,0,5.17225e-05,0
LA_D_1523141,0,5.446282e-05,0
LA_D_1528709,0,7.0898415e-05,0
LA_D_1529875,0,5.06795e-05,0
LA_D_1593502,0,2.4925479e-05,0
LA_D_1603312,0,8.166342e-05,0
LA_D_1609520,0,5.2041225e-05,0
LA_D_1637629,0,4.849257e-05,0
LA_D_1664425,0,4.6329256e-05,0
LA_D_1669057,0,4.6982663e-05,0
LA_D_1691193,0,7.2288385e-05,0
LA_D_1770638,0,7.404785e-05,0
LA_D_1793186,0,3.167011e-05,0
LA_D_1797576,0,1.6711267e-05,0
LA_D_1876225,0,4.417078e-05,0
LA_D_1962163,0,5.959703e-05,0
LA_D_1975814,0,6.95599e-05,0
LA_D_2005065,0,1.570741e-05,0
LA_D_2006815,0,4.638744e-05,0
LA_D_2007184,0,5.3526277e-05,0
LA_D_2051572,0,7.953986e-05,0
LA_D_2129319,0,4.5061734e-05,0
LA_D_2166570,0,7.3042575e-05,0
LA_D_2184401,0,3.250694e-05,0
LA_D_2197985,0,1.1686359e-05,0
LA_D_2225547,0,1.2459669e-05,0
LA_D_2228764,0,3.501654e-05,0
LA_D_2240504,0,5.423664e-05,0
LA_D_2267325,0,3.4948516e-05,0
LA_D_2304250,0,4.4947235e-05,0
LA_D_2342626,0,9.922358e-06,0
LA_D_2357327,0,5.9280577e-05,0
LA_D_2370652,0,6.372441e-05,0
LA_D_2394024,0,6.63586e-05,0
LA_D_2418862,0,4.5406352e-05,0
LA_D_2419904,0,2.682629e-06,0
LA_D_2422770,0,3.1542913e-05,0
LA_D_2428239,0,2.9612476e-05,0
LA_D_2451673,0,1e-06,0
LA_D_2478969,0,0.00010076578,0
LA_D_2484663,0,6.806371e-05,0
LA_D_2488992,0,3.9860344e-05,0
LA_D_2508069,0,0.000111848945,0
LA_D_2525525,0,3.2912514e-05,0
LA_D_2536110,0,5.3670778e-05,0
LA_D_2570780,0,0.00019569634,0
LA_D_2610325,0,6.1987805e-05,0
LA_D_2627199,0,1.4291935e-06,0
LA_D_2669790,0,2.805366e-05,0
LA_D_2695373,0,1.6036724e-05,0
LA_D_2709061,0,6.367059e-05,0
LA_D_2720139,0,2.85967e-05,0
LA_D_2737875,0,2.7332046e-05,0
LA_D_2752788,0,5.4055556e-05,0
LA_D_2757814,0,6.3702784e-05,0
LA_D_2759411,0,5.0798528e-05,0
LA_D_2759783,0,1.2104233e-05,0
LA_D_2791553,0,6.85667e-05,0
LA_D_2793288,0,3.742821e-05,0
LA_D_2816042,0,2.3226385e-05,0
LA_D_2835194,0,2.1104974e-05,0
LA_D_2879784,0,1.355344e-05,0
LA_D_2880430,0,5.0603783e-05,0
LA_D_2884632,0,3.7103182e-05,0
LA_D_2887628,0,7.264248e-05,0
LA_D_2941369,0,2.5975058e-05,0
LA_D_2942585,0,1e-06,0
LA_D_2969521,0,4.670383e-05,0
LA_D_2975584,0,6.1719074e-05,0
LA_D_2999032,0,2.5696354e-05,0
LA_D_3033254,0,5.3282132e-05,0
LA_D_3065072,0,9.011611e-05,0
LA_D_3092822,0,4.008242e-05,0
LA_D_3109173,0,3.672325e-05,0
LA_D_3119195,0,1.8350205e-05,0
LA_D_3129767,0,6.052885e-05,0
LA_D_3133562,0,3.7573547e-05,0
LA_D_3145865,0,3.291474e-05,0
LA_D_3148237,0,5.869265e-05,0
LA_D_3162269,0,4.4440934e-05,0
LA_D_3173565,0,8.631689e-05,0
LA_D_3183800,0,3.942401e-05,0
LA_D_3187395,0,6.953006e-05,0
LA_D_3222129,0,5.2021773e-05,0
LA_D_3226693,0,6.649594e-05,0
LA_D_3295650,0,3.8046863e-05,0
LA_D_3305146,0,6.335625e-05,0
LA_D_3387918,0,5.5124383e-05,0
LA_D_3423664,0,2.6945958e-05,0
LA_D_3428449,0,5.844756e-05,0
LA_D_3432100,0,4.7451576e-05,0
LA_D_3432834,0,8.092048e-05,0
LA_D_3465878,0,4.7871228e-05,0
LA_D_3468243,0,5.258739e-05,0
LA_D_3485246,0,9.85643e-05,0
LA_D_3498834,0,4.203891e-05,0
LA_D_3546305,0,1.4484086e-05,0
LA_D_3571831,0,6.6281e-05,0
LA_D_3597601,0,2.2700435e-05,0
LA_D_3608783,0,3.0330222e-05,0
LA_D_3617321,0,6.330642e-05,0
LA_D_3621915,0,2.7160997e-05,0
LA_D_3655047,0,9.6224285e-05,0
LA_D_3706159,0,4.3213415e-05,0
LA_D_3744491,0,1.7695616e-05,0
LA_D_3749921,0,6.334386e-05,0
LA_D_3752691,0,2.8392735e-05,0
LA_D_3772496,0,5.1438336e-05,0
LA_D_3815316,0,7.103079e-05,0
LA_D_3819582,0,4.4274442e-05,0
LA_D_3826920,0,2.0746396e-05,0
LA_D_3837714,0,1.6424487e-05,0
LA_D_3861045,0,2.3123128e-05,0
LA_D_3864495,0,5.35442e-05,0
LA_D_3914594,0,1.9127658e-05,0
LA_D_3943414,0,3.5093963e-05,0
LA_D_3965345,0,8.1447375e-05,0
LA_D_3989236,0,5.042583e-05,0
LA_D_4028437,0,4.9384245e-05,0
LA_D_4046741,0,4.7932117e-05,0
LA_D_4058844,0,4.055913e-05,0
LA_D_4067937,0,3.5611836e-05,0
LA_D_4099499,0,4.8294492e-05,0
LA_D_4101246,0,5.1168863e-05,0
LA_D_4111379,0,3.074465e-05,0
LA_D_4119592,0,3.617597e-05,0
LA_D_4156717,0,3.2915712e-05,0
LA_D_4171064,0,8.0539714e-05,0
LA_D_4224687,0,2.1164733e-05,0
LA_D_4249169,0,3.501634e-05,0
LA_D_4277377,0,3.115856e-05,0
LA_D_4297095,0,2.1609636e-05,0
LA_D_4324080,0,4.1300333e-05,0
LA_D_4329029,0,2.0435553e-05,0
LA_D_4330465,0,4.25563e-05,0
LA_D_4359700,0,6.1061706e-05,0
LA_D_4373476,0,2.4749894e-05,0
LA_D_4396892,0,4.215377e-05,0
LA_D_4418265,0,4.9860006e-05,0
LA_D_4419471,0,3.2530294e-05,0
LA_D_4421402,0,4.1914896e-05,0
LA_D_4438261,0,1.7503993e-05,0
LA_D_4485361,0,3.9286533e-05,0
LA_D_4487745,0,3.124333e-05,0
LA_D_4514090,0,6.911827e-05,0
LA_D_4514194,0,1e-06,0
LA_D_4522480,0,6.990829e-05,0
LA_D_4573144,0,3.8643448e-05,0
LA_D_4673693,0,4.1564937e-05,0
LA_D_4682422,0,8.1549806e-05,0
LA_D_4704993,0,0.0001194413,0
LA_D_4708516,0,3.1021165e-05,0
LA_D_4710439,0,6.657601e-05,0
LA_D_4719986,0,3.153263e-05,0
LA_D_4735766,0,2.2502483e-05,0
LA_D_4769016,0,1.4460885e-05,0
LA_D_4771389,0,6.842809e-05,0
LA_D_4774155,0,3.9630802e-05,0
LA_D_4788531,0,5.9944894e-05,0
LA_D_4813945,0,4.4395867e-05,0
LA_D_4863395,0,8.6694694e-05,0
LA_D_4891515,0,5.5033775e-05,0
LA_D_4894754,0,2.8941146e-05,0
LA_D_4909030,0,4.611165e-05,0
LA_D_4909565,0,5.6498044e-05,0
LA_D_4910268,0,7.051557e-05,0
LA_D_4929114,0,1.3854036e-05,0
LA_D_5011300,0,6.045928e-05,0
LA_D_5017814,0,3.5779114e-05,0
LA_D_5095193,0,1.8222745e-05,0
LA_D_5139344,0,5.592309e-05,0
LA_D_5165049,0,8.5465406e-05,0
LA_D_5174000,0,4.3463577e-05,0
LA_D_5175082,0,7.74755e-05,0
LA_D_5196907,0,2.4547177e-05,0
LA_D_5257176,0,6.622547e-05,0
LA_D_5300881,0,3.8779486e-05,0
LA_D_5346070,0,9.4064955e-05,0
LA_D_5378463,0,4.0700437e-05,0
LA_D_5379068,0,1.410419e-05,0
LA_D_5381358,0,1e-06,0
LA_D_5386489,0,8.568542e-05,0
LA_D_5392234,0,4.0426374e-05,0
LA_D_5396149,0,1.0191464e-05,0
LA_D_5422337,0,1.5201127e-05,0
LA_D_5427426,0,8.43805e-05,0
LA_D_5434948,0,2.2405718e-05,0
LA_D_5443022,0,3.7314167e-05,0
LA_D_5487218,0,4.7752266e-05,0
LA_D_5504182,0,1e-06,0
LA_D_5551594,0,9.327833e-06,0
LA_D_5554788,0,1e-06,0
LA_D_5583563,0,3.987593e-05,0
LA_D_5594965,0,2.8047027e-05,0
LA_D_5596835,0,7.064695e-05,0
LA_D_5597058,0,5.907325e-05,0
LA_D_5616692,0,5.451785e-05,0
LA_D_5617907,0,4.9582064e-05,0
LA_D_5635914,0,6.452319e-05,0
LA_D_5647135,0,4.156149e-05,0
LA_D_5647328,0,4.538523e-05,0
LA_D_5657749,0,5.6553996e-05,0
LA_D_5659751,0,4.3735043e-05,0
LA_D_5682188,0,5.617334e-05,0
LA_D_5682398,0,6.27108e-05,0
LA_D_5691756,0,3.3873723e-05,0
LA_D_5697939,0,3.155555e-05,0
LA_D_5710714,0,1.5720883e-05,0
LA_D_5735487,0,2.4233314e-05,0
LA_D_5746789,0,2.5849602e-05,0
LA_D_5771160,0,4.26941e-05,0
LA_D_5841697,0,3.4040233e-05,0
LA_D_5844846,0,7.376059e-05,0
LA_D_5848108,0,6.0878723e-05,0
LA_D_5865733,0,5.2281277e-05,0
LA_D_5870140,0,7.853509e-06,0
LA_D_5872598,0,4.3204265e-05,0
LA_D_5875499,0,1.5797665e-05,0
LA_D_5884456,0,7.8979196e-05,0
LA_D_5900756,0,3.9574905e-05,0
LA_D_5909772,0,5.901987e-05,0
LA_D_5939156,0,5.2748863e-05,0
LA_D_5950523,0,4.2577405e-05,0
LA_D_5954148,0,4.336054e-05,0
LA_D_5965400,0,4.2200667e-05,0
LA_D_5974398,0,9.032084e-06,0
LA_D_5982804,0,6.0869672e-05,0
LA_D_5989901,0,3.5963323e-05,0
LA_D_6029420,0,2.7420654e-05,0
LA_D_6039051,0,3.432684e-05,0
LA_D_6059094,0,3.8989332e-05,0
LA_D_6096386,0,6.618038e-06,0
LA_D_6113422,0,6.934129e-05,0
LA_D_6120066,0,4.9924e-05,0
LA_D_6127867,0,2.4788846e-05,0
LA_D_6154657,0,3.3818433e-05,0
LA_D_6187512,0,6.8482404e-05,0
LA_D_6252209,0,7.908667e-05,0
LA_D_6275031,0,0.0001027629,0
LA_D_6285068,0,7.057484e-05,0
LA_D_6371287,0,8.232741e-05,0
LA_D_6380070,0,4.657174e-05,0
LA_D_6388231,0,4.67557e-05,0
LA_D_6475624,0,3.7002334e-05,0
LA_D_6566671,0,2.8609152e-06,0
LA_D_6579134,0,3.7160615e-05,0
LA_D_6596114,0,4.1025865e-05,0
LA_D_6596613,0,3.223104e-05,0
LA_D_6631414,0,1.0076901e-05,0
LA_D_6653512,0,1.4780534e-05,0
LA_D_6654217,0,5.4353186e-05,0
LA_D_6729690,0,3.7532755e-05,0
LA_D_6738457,0,6.0327282e-05,0
LA_D_6765632,0,2.1734053e-05,0
LA_D_6770649,0,1.4997606e-05,0
LA_D_6798609,0,4.0389998e-05,0
LA_D_6846914,0,5.4689946e-05,0
LA_D_6933658,0,4.9846647e-05,0
LA_D_6943274,0,3.0089894e-05,0
LA_D_6963297,0,3.7381553e-05,0
LA_D_6998182,0,4.2092466e-05,0
LA_D_7031306,0,6.285575e-05,0
LA_D_7045833,0,1.08412e-05,0
LA_D_7086639,0,4.3297812e-05,0
LA_D_7096240,0,3.760208e-05,0
LA_D_7112988,0,1.2107846e-05,0
LA_D_7125815,0,1.8471477e-05,0
LA_D_7179358,0,0.00012334551,0
LA_D_7194718,0,2.2854289e-05,0
LA_D_7278311,0,2.0010051e-05,0
LA_D_7297643,0,4.703875e-05,0
LA_D_7332066,0,7.3114985e-05,0
LA_D_7339843,0,7.2927396e-05,0
LA_D_7350895,0,4.194781e-05,0
LA_D_7355156,0,8.23172e-05,0
LA_D_7375840,0,7.741716e-05,0
LA_D_7403376,0,4.7066882e-05,0
LA_D_7433900,0,9.184235e-06,0
LA_D_7481984,0,1.1628239e-05,0
LA_D_7502624,0,0.00012531552,0
LA_D_7504069,0,5.712203e-05,0
LA_D_7521790,0,4.2022322e-05,0
LA_D_7557700,0,7.054402e-05,0
LA_D_7563022,0,5.9382422e-05,0
LA_D_7574255,0,4.809081e-05,0
LA_D_7587942,0,4.1411782e-05,0
LA_D_7599610,0,6.934764e-05,0
LA_D_7606081,0,3.6975314e-05,0
LA_D_7606254,0,5.8772184e-05,0
LA_D_7607538,0,3.7432208e-05,0
LA_D_7614468,0,5.3812637e-05,0
LA_D_7628970,0,5.6022483e-05,0
LA_D_7629200,0,5.246918e-05,0
LA_D_7643772,0,4.076597e-05,0
LA_D_7655279,0,1.75087e-05,0
LA_D_7664409,0,6.485877e-06,0
LA_D_7697515,0,3.4258293e-05,0
LA_D_7703631,0,6.0793325e-05,0
LA_D_7708338,0,4.1353454e-05,0
LA_D_7711223,0,3.219338e-05,0
LA_D_7721121,0,3.9047827e-05,0
LA_D_7723352,0,4.634291e-05,0
LA_D_7725114,0,4.1237756e-05,0
LA_D_7765457,0,8.215692e-05,0
LA_D_7789532,0,3.0750543e-05,0
LA_D_7800270,0,3.892016e-05,0
LA_D_7808217,0,2.950787e-06,0
LA_D_7847128,0,6.803198e-05,0
LA_D_7865378,0,8.409211e-06,0
LA_D_7895930,0,5.256428e-05,0
LA_D_7903763,0,5.3268217e-05,0
LA_D_7945750,0,8.9321475e-05,0
LA_D_7970984,0,1.5783133e-05,0
LA_D_7975085,0,5.4329194e-05,0
LA_D_8035288,0,2.486321e-05,0
LA_D_8056679,0,3.9625815e-05,0
LA_D_8068169,0,4.880405e-05,0
LA_D_8091742,0,5.2832787e-05,0
LA_D_8095844,0,4.764542e-05,0
LA_D_8113820,0,2.5138437e-05,0
LA_D_8140249,0,3.7045553e-05,0
LA_D_8174656,0,7.624827e-05,0
LA_D_8181944,0,3.510732e-05,0
LA_D_8309750,0,5.386552e-05,0
LA_D_8321453,0,1e-06,0
LA_D_8332272,0,3.753959e-05,0
LA_D_8371769,0,5.9677674e-05,0
LA_D_8377469,0,4.4485376e-05,0
LA_D_8412208,0,3.799556e-05,0
LA_D_8434044,0,4.1913416e-05,0
LA_D_8445701,0,5.4352615e-05,0
LA_D_8465947,0,5.3762375e-05,0
LA_D_8470269,0,6.159219e-05,0
LA_D_8494207,0,6.726662e-05,0
LA_D_8527611,0,4.588723e-05,0
LA_D_8561841,0,2.4432225e-05,0
LA_D_8622815,0,4.4440516e-05,0
LA_D_8632099,0,6.4000895e-05,0
LA_D_8675337,0,7.193116e-05,0
LA_D_8704829,0,2.0428539e-05,0
LA_D_8708656,0,5.284019e-05,0
LA_D_8756941,0,5.9230733e-05,0
LA_D_8781931,0,3.815729e-05,0
LA_D_8789190,0,1e-06,0
LA_D_8838589,0,6.666762e-05,0
LA_D_8847601,0,4.884595e-05,0
LA_D_8886611,0,5.6117977e-05,0
LA_D_8889390,0,4.2991207e-05,0
LA_D_8925094,0,2.481006e-05,0
LA_D_8943651,0,1.3470074e-06,0
LA_D_8961930,0,2.5177065e-05,0
LA_D_8964874,0,3.9721537e-05,0
LA_D_9005051,0,4.8096495e-05,0
LA_D_9045570,0,0.00010269414,0
LA_D_9096004,0,4.8242342e-05,0
LA_D_9106315,0,5.8430847e-05,0
LA_D_9204208,0,5.4577566e-05,0
LA_D_9231954,0,5.0121685e-05,0
LA_D_9274326,0,3.371394e-05,0
LA_D_9279366,0,6.8520814e-05,0
LA_D_9289260,0,4.049428e-05,0
LA_D_9327413,0,4.9255144e-05,0
LA_D_9341282,0,1.7250164e-06,0
LA_D_9352339,0,3.847782e-05,0
LA_D_9376797,0,3.4318196e-06,0
LA_D_9389017,0,4.7253157e-05,0
LA_D_9407131,0,3.90208e-05,0
LA_D_9411191,0,6.589386e-05,0
LA_D_9506213,0,4.503506e-05,0
LA_D_9520076,0,4.458518e-05,0
LA_D_9562489,0,0.00013298081,0
LA_D_9578667,0,7.051651e-05,0
LA_D_9627075,0,4.241903e-05,0
LA_D_9657561,0,4.7409645e-05,0
LA_D_9662465,0,5.1351e-05,0
LA_D_9665377,0,4.3566783e-05,0
LA_D_9735127,0,3.3643122e-05,0
LA_D_9755028,0,3.8142516e-05,0
LA_D_9784167,0,6.962819e-05,0
LA_D_9815485,0,6.993229e-05,0
LA_D_9842180,0,4.051398e-05,0
LA_D_9856117,0,3.8422968e-05,0
LA_D_9858647,0,4.2748492e-05,0
LA_D_9863423,0,0.000113218826,0
LA_D_9885994,0,5.596877e-05,0
LA_D_9891401,0,5.2531053e-05,0
LA_D_9904500,0,5.5321914e-05,0
LA_D_9931770,0,4.9635753e-05,0
LA_D_9934703,0,6.699347e-05,0
LA_D_9965004,0,4.3783613e-05,0
LA_D_9988164,0,7.722236e-05,0
LA_D_1016922,0,4.650592e-05,0
LA_D_1039305,0,5.7857465e-05,0
LA_D_1070584,0,3.0043817e-05,0
LA_D_1078241,0,2.2927004e-05,0
LA_D_1144692,0,1.27105495e-05,0
LA_D_1173044,0,3.5881036e-05,0
LA_D_1216735,0,3.8234874e-05,0
LA_D_1245336,0,9.2862756e-05,0
LA_D_1310938,0,2.2365115e-05,0
LA_D_1317099,0,0.00016449385,0
LA_D_1351175,0,4.608676e-06,0
LA_D_1361369,0,1e-06,0
LA_D_1368692,0,4.8875405e-05,0
LA_D_1406745,0,4.5434506e-05,0
LA_D_1418549,0,1.7416989e-05,0
LA_D_1427018,0,3.902869e-05,0
LA_D_1436004,0,5.0411647e-05,0
LA_D_1513681,0,8.542027e-06,0
LA_D_1535464,0,9.349234e-06,0
LA_D_1608588,0,0.00039128814,0
LA_D_1792373,0,6.196452e-05,0
LA_D_1851336,0,7.260404e-05,0
LA_D_1870741,0,3.4251174e-05,0
LA_D_1873473,0,6.718956e-05,0
LA_D_1876360,0,4.5838726e-05,0
LA_D_1886178,0,4.9706814e-05,0
LA_D_1897148,0,0.03453779,0
LA_D_1915992,0,0.000107702486,0
LA_D_1930073,0,6.6488254e-05,0
LA_D_1971465,0,1.4255631e-05,0
LA_D_2052113,0,2.5988911e-05,0
LA_D_2058872,0,2.188021e-05,0
LA_D_2088943,0,7.873839e-06,0
LA_D_2097283,0,4.4533e-05,0
LA_D_2107075,0,0.00023534666,0
LA_D_2126762,0,3.9571773e-05,0
LA_D_2219009,0,2.0580474e-05,0
LA_D_2246688,0,2.579053e-05,0
LA_D_2301497,0,0.00013237506,0
LA_D_2322982,0,4.6833124e-05,0
LA_D_2323900,0,4.3468594e-05,0
LA_D_2344679,0,9.6409174e-05,0
LA_D_2361529,0,7.3742725e-05,0
LA_D_2469934,0,3.4481243e-05,0
LA_D_2473723,0,6.1286766e-05,0
LA_D_2531385,0,5.4676173e-05,0
LA_D_2550165,0,4.010184e-05,0
LA_D_2551261,0,5.2494903e-05,0
LA_D_2556606,0,3.695409e-05,0
LA_D_2654160,0,6.128431e-05,0
LA_D_2666258,0,6.325543e-05,0
LA_D_2677497,0,5.130954e-05,0
LA_D_2677654,0,4.9195434e-05,0
LA_D_2692136,0,6.778357e-05,0
LA_D_2698574,0,0.00011241961,0
LA_D_2700963,0,4.2465897e-05,0
LA_D_2709100,0,3.125525e-05,0
LA_D_2791447,0,9.053203e-05,0
LA_D_2819105,0,4.1433468e-05,0
LA_D_2827159,0,4.2112057e-05,0
LA_D_2831303,0,4.1755753e-05,0
LA_D_2892419,0,3.3172917e-05,0
LA_D_2925553,0,5.9255486e-05,0
LA_D_2950518,0,0.000606443,0
LA_D_2979369,0,0.0004377586,0
LA_D_3015288,0,8.848533e-05,0
LA_D_3068710,0,1.130926e-05,0
LA_D_3104950,0,3.9503906e-05,0
LA_D_3121037,0,3.0215264e-05,0
LA_D_3134629,0,4.4222117e-05,0
LA_D_3180411,0,3.2234115e-05,0
LA_D_3184350,0,8.891492e-05,0
LA_D_3215318,0,4.027999e-05,0
LA_D_3261219,0,0.00064617436,0
LA_D_3313031,0,0.00013798976,0
LA_D_3331368,0,4.259885e-05,0
LA_D_3387666,0,2.5452515e-05,0
LA_D_3392778,0,2.1514164e-05,0
LA_D_3410619,0,2.3484437e-05,0
LA_D_3415789,0,6.6874614e-05,0
LA_D_3424068,0,3.686209e-05,0
LA_D_3448069,0,0.00046746727,0
LA_D_3449059,0,9.628587e-05,0
LA_D_3481053,0,0.00013295292,0
LA_D_3490249,0,5.5905602e-05,0
LA_D_3527786,0,1e-06,0
LA_D_3609505,0,0.000114507944,0
LA_D_3648769,0,0.00017718859,0
LA_D_3651367,0,3.775511e-05,0
LA_D_3669836,0,1.0841883e-05,0
LA_D_3688613,0,3.9292416e-05,0
LA_D_3708116,0,9.7944896e-05,0
LA_D_3743658,0,1.2579996e-05,0
LA_D_3777358,0,0.0005333097,0
LA_D_3814355,0,3.556266e-05,0
LA_D_3932504,0,3.6304154e-05,0
LA_D_3977471,0,0.00011069601,0
LA_D_4013189,0,5.0659935e-05,0
LA_D_4044356,0,5.1267725e-05,0
LA_D_4093216,0,3.596912e-05,0
LA_D_4104349,0,3.3649183e-05,0
LA_D_4141520,0,1e-06,0
LA_D_4160780,0,3.484535e-05,0
LA_D_4165061,0,0.0001138068,0
LA_D_4191166,0,6.942035e-05,0
LA_D_4197046,0,4.342211e-05,0
LA_D_4276883,0,0.00017300123,0
LA_D_4296893,0,7.980203e-06,0
LA_D_4356104,0,7.7464465e-06,0
LA_D_4375717,0,0.00021199204,0
LA_D_4407003,0,2.9367946e-05,0
LA_D_4409637,0,2.9519912e-05,0
LA_D_4461485,0,6.212741e-05,0
LA_D_4463930,0,4.0646486e-05,0
LA_D_4464967,0,5.456346e-05,0
LA_D_4506133,0,3.9526632e-05,0
LA_D_4561179,0,5.751623e-05,0
LA_D_4577893,0,0.0001145644,0
LA_D_4582769,0,3.4146746e-05,0
LA_D_4598556,0,3.3863744e-05,0
LA_D_4637561,0,2.3489298e-05,0
LA_D_4673891,0,3.2509266e-05,0
LA_D_4694664,0,5.7857415e-05,0
LA_D_4732324,0,3.815976e-05,0
LA_D_4815856,0,5.841101e-05,0
LA_D_4832159,0,0.0017429928,0
LA_D_4853863,0,4.5132056e-05,0
LA_D_4868553,0,0.00014542582,0
LA_D_4877447,0,0.0013144361,0
LA_D_4961502,0,4.472554e-05,0
LA_D_4984317,0,4.492979e-05,0
LA_D_5001469,0,4.563043e-05,0
LA_D_5044120,0,3.9342285e-05,0
LA_D_5067184,0,1.3639616e-05,0
LA_D_5097555,0,0.001393059,0
LA_D_5120421,0,4.5373286e-05,0
LA_D_5163985,0,5.10242e-05,0
LA_D_5167361,0,0.00015673168,0
LA_D_5191461,0,0.00039874396,0
LA_D_5216313,0,3.913364e-05,0
LA_D_5256245,0,2.871497e-05,0
LA_D_5260994,0,5.265714e-05,0
LA_D_5350670,0,5.936039e-05,0
LA_D_5370145,0,1.8666338e-05,0
LA_D_5439819,0,0.00013802528,0
LA_D_5452047,0,0.0002391536,0
LA_D_5454156,0,2.7177291e-05,0
LA_D_5455456,0,4.3947428e-05,0
LA_D_5490332,0,3.815434e-05,0
LA_D_5539101,0,9.987256e-06,0
LA_D_5600729,0,4.1631785e-05,0
LA_D_5643163,0,9.954589e-05,0
LA_D_5690287,0,0.00024487235,0
LA_D_5695682,0,1.5272299e-05,0
LA_D_5712950,0,3.654302e-05,0
LA_D_5716651,0,7.533487e-05,0
LA_D_5719332,0,0.0004901808,0
LA_D_5729926,0,4.4040436e-05,0
LA_D_5819339,0,3.4788474e-05,0
LA_D_5831724,0,6.550554e-05,0
LA_D_5834246,0,3.098893e-06,0
LA_D_5851479,0,4.964977e-05,0
LA_D_5890290,0,3.0443383e-05,0
LA_D_5931445,0,1e-06,0
LA_D_5968191,0,0.0001668773,0
LA_D_6015629,0,0.00014758902,0
LA_D_6021297,0,2.2040442e-05,0
LA_D_6037279,0,4.1991476e-05,0
LA_D_6085681,0,6.250977e-05,0
LA_D_6162323,0,8.2954386e-05,0
LA_D_6197535,0,0.00027390572,0
LA_D_6230272,0,4.4616652e-05,0
LA_D_6241209,0,6.2863e-05,0
LA_D_6307445,0,5.526834e-05,0
LA_D_6351813,0,0.0307424,0
LA_D_6367142,0,4.545696e-05,0
LA_D_6373060,0,0.00014948136,0
LA_D_6400478,0,5.034184e-05,0
LA_D_6431658,0,1.6444925e-05,0
LA_D_6434161,0,5.217743e-05,0
LA_D_6440826,0,0.00023903711,0
LA_D_6487009,0,8.288512e-05,0
LA_D_6544888,0,5.278278e-05,0
LA_D_6547919,0,0.00026043388,0
LA_D_6556225,0,0.00012445028,0
LA_D_6622164,0,2.7939232e-05,0
LA_D_6670902,0,1.3596731e-05,0
LA_D_6721591,0,1.7973678e-05,0
LA_D_6742661,0,5.187335e-05,0
LA_D_6776598,0,3.2078733e-05,0
LA_D_6787599,0,3.4216962e-05,0
LA_D_6805723,0,7.686786e-05,0
LA_D_6826887,0,2.6878126e-05,0
LA_D_6868445,0,6.168588e-05,0
LA_D_6874210,0,6.656458e-05,0
LA_D_7080605,0,3.5306046e-05,0
LA_D_7086814,0,4.429695e-05,0
LA_D_7139855,0,7.149234e-05,0
LA_D_7160142,0,8.592933e-05,0
LA_D_7183546,0,3.640521e-05,0
LA_D_7192415,0,3.3865195e-05,0
LA_D_7222508,0,3.060911e-05,0
LA_D_7288713,0,4.7307265e-05,0
LA_D_7313112,0,4.3843735e-05,0
LA_D_7336955,0,4.7480502e-05,0
LA_D_7394778,0,2.160941e-05,0
LA_D_7398714,0,4.1628286e-05,0
LA_D_7418963,0,4.4954864e-05,0
LA_D_7425009,0,2.8736284e-05,0
LA_D_7425122,0,4.623595e-05,0
LA_D_7464906,0,4.145426e-05,0
LA_D_7468708,0,0.00020493225,0
LA_D_7501222,0,1.803028e-05,0
LA_D_7519959,0,3.866136e-05,0
LA_D_7588829,0,4.850067e-06,0
LA_D_7599548,0,5.3499796e-05,0
LA_D_7663034,0,5.3044537e-06,0
LA_D_7728140,0,3.4254113e-05,0
LA_D_7773769,0,1.6502127e-05,0
LA_D_7806158,0,3.060304e-05,0
LA_D_7821302,0,7.050252e-05,0
LA_D_7840753,0,4.007267e-05,0
LA_D_7892017,0,7.278983e-05,0
LA_D_7904343,0,1.079602e-05,0
LA_D_7920083,0,2.4669891e-05,0
LA_D_7928225,0,6.0228354e-05,0
LA_D_8011201,0,5.8896738e-05,0
LA_D_8028589,0,7.312398e-05,0
LA_D_8059988,0,3.5891306e-05,0
LA_D_8070544,0,3.279421e-05,0
LA_D_8075316,0,3.483947e-05,0
LA_D_8076714,0,0.000104066654,0
LA_D_8088848,0,6.493051e-05,0
LA_D_8096872,0,0.0006568281,0
LA_D_8113827,0,5.8187412e-05,0
LA_D_8172352,0,3.6075784e-05,0
LA_D_8204811,0,7.84441e-05,0
LA_D_8206665,0,3.208745e-05,0
LA_D_8208934,0,3.4731194e-05,0
LA_D_8216112,0,2.9870349e-05,0
LA_D_8221506,0,0.0002380555,0
LA_D_8239585,0,3.625488e-05,0
LA_D_8264187,0,4.4673277e-05,0
LA_D_8305381,0,1.2893738e-06,0
LA_D_8333710,0,7.23499e-05,0
LA_D_8355987,0,3.4793386e-05,0
LA_D_8372696,0,2.6112708e-05,0
LA_D_8499403,0,4.2389347e-05,0
LA_D_8556216,0,3.7306763e-05,0
LA_D_8559605,0,3.9980416e-05,0
LA_D_8561401,0,2.4062761e-05,0
LA_D_8573818,0,0.00014018104,0
LA_D_8605887,0,6.483361e-05,0
LA_D_8655268,0,0.09526902,0
LA_D_8677181,0,4.0866624e-05,0
LA_D_8693858,0,3.663825e-05,0
LA_D_8736080,0,3.415277e-05,0
LA_D_8800120,0,4.130553e-05,0
LA_D_8801720,0,3.32632e-05,0
LA_D_8811306,0,4.5635385e-05,0
LA_D_8827374,0,3.1446685e-05,0
LA_D_8831382,0,6.947432e-05,0
LA_D_8877909,0,3.0548224e-05,0
LA_D_8878321,0,4.518256e-05,0
LA_D_8905956,0,5.914895e-05,0
LA_D_8910822,0,9.980081e-05,0
LA_D_8940643,0,0.00023532513,0
LA_D_9042048,0,2.398672e-05,0
LA_D_9170505,0,6.0510323e-05,0
LA_D_9173264,0,3.6802165e-05,0
LA_D_9174169,0,6.576692e-05,0
LA_D_9257491,0,0.000114273535,0
LA_D_9275744,0,3.9356248e-05,0
LA_D_9289055,0,0.00051561627,0
LA_D_9338745,0,9.736572e-06,0
LA_D_9392816,0,5.2945514e-05,0
LA_D_9400890,0,3.47112e-05,0
LA_D_9429220,0,4.253792e-05,0
LA_D_9430144,0,2.7117592e-05,0
LA_D_9437346,0,4.438596e-05,0
LA_D_9446553,0,1.6012777e-05,0
LA_D_9450925,0,0.00016375081,0
LA_D_9454983,0,4.107123e-05,0
LA_D_9456431,0,5.4096345e-05,0
LA_D_9499849,0,7.6016613e-06,0
LA_D_9540047,0,4.250289e-05,0
LA_D_9556871,0,6.995477e-05,0
LA_D_9579813,0,1e-06,0
LA_D_9589501,0,0.000346128,0
LA_D_9615736,0,9.6392345e-05,0
LA_D_9744441,0,4.2520358e-05,0
LA_D_9747652,0,0.000105465166,0
LA_D_9751462,0,0.00011574659,0
LA_D_9756685,0,4.1116575e-05,0
LA_D_9765860,0,9.4873365e-05,0
LA_D_9769935,0,3.8719954e-05,0
LA_D_9773809,0,7.784779e-05,0
LA_D_9783743,0,0.00013566444,0
LA_D_9804348,0,2.3865197e-05,0
LA_D_9824861,0,4.9727863e-05,0
LA_D_9835448,0,4.411408e-05,0
LA_D_9864602,0,3.516264e-05,0
LA_D_9864604,0,7.710007e-05,0
LA_D_9878419,0,1.3251467e-05,0
LA_D_9925458,0,7.961408e-05,0
LA_D_9926375,0,8.429486e-05,0
LA_D_9985382,0,4.4746743e-05,0
LA_D_9995517,0,4.2759784e-05,0
LA_D_1018598,0,8.2570834e-05,0
LA_D_1028482,0,5.662307e-05,0
LA_D_1035474,0,8.0340506e-05,0
LA_D_1049366,0,6.533829e-06,0
LA_D_1058790,0,3.3294302e-05,0
LA_D_1084880,0,0.00016336654,0
LA_D_1099638,0,2.5149011e-05,0
LA_D_1138529,0,6.925062e-05,0
LA_D_1142092,0,8.5473715e-05,0
LA_D_1151622,0,2.9010258e-05,0
LA_D_1158203,0,8.5884596e-05,0
LA_D_1163392,0,7.978797e-05,0
LA_D_1168046,0,5.308265e-06,0
LA_D_1195873,0,1.4650137e-05,0
LA_D_1248515,0,3.3439017e-05,0
LA_D_1249536,0,4.7699883e-05,0
LA_D_1251682,0,8.910506e-05,0
LA_D_1252794,0,5.3370877e-05,0
LA_D_1254455,0,2.9743145e-05,0
LA_D_1298257,0,7.297303e-05,0
LA_D_1379062,0,3.0335254e-05,0
LA_D_1394305,0,5.7760008e-05,0
LA_D_1434936,0,7.8789184e-05,0
LA_D_1468044,0,4.2561656e-05,0
LA_D_1522579,0,2.512818e-05,0
LA_D_1534651,0,1.6829104e-05,0
LA_D_1557675,0,1.393755e-05,0
LA_D_1611025,0,7.410274e-05,0
LA_D_1613798,0,2.898125e-05,0
LA_D_1622941,0,3.460609e-05,0
LA_D_1628180,0,3.2308344e-05,0
LA_D_1667962,0,4.029693e-05,0
LA_D_1719951,0,5.720548e-05,0
LA_D_1725328,0,1.3780403e-05,0
LA_D_1744737,0,3.7309077e-05,0
LA_D_1751782,0,5.704103e-05,0
LA_D_1786331,0,1.8040643e-06,0
LA_D_1820743,0,6.010403e-06,0
LA_D_1821879,0,3.5186993e-05,0
LA_D_1836171,0,4.944235e-05,0
LA_D_1860197,0,3.232101e-05,0
LA_D_1884569,0,3.156452e-05,0
LA_D_1884725,0,7.827485e-05,0
LA_D_1898947,0,4.892099e-06,0
LA_D_1899277,0,3.7628408e-05,0
LA_D_1943271,0,2.3252402e-05,0
LA_D_1991616,0,3.1821237e-05,0
LA_D_2019341,0,2.4730263e-05,0
LA_D_2026758,0,2.7961674e-05,0
LA_D_2044181,0,0.00020615122,0
LA_D_2083098,0,4.3976856e-05,0
LA_D_2087690,0,2.0821237e-05,0
LA_D_2097438,0,4.4442844e-05,0
LA_D_2103892,0,8.0680154e-05,0
LA_D_2126341,0,3.1135063e-05,0
LA_D_2214692,0,4.148364e-05,0
LA_D_2227757,0,0.000120248806,0
LA_D_2228121,0,4.056861e-05,0
LA_D_2237572,0,0.000100913196,0
LA_D_2247282,0,3.4299486e-05,0
LA_D_2284017,0,5.9201204e-05,0
LA_D_2291890,0,1.7536743e-06,0
LA_D_2296372,0,2.522453e-05,0
LA_D_2330702,0,7.5993717e-06,0
LA_D_2352643,0,4.2794214e-05,0
LA_D_2375973,0,8.0636775e-05,0
LA_D_2403858,0,3.521089e-05,0
LA_D_2409344,0,1.1190208e-05,0
LA_D_2410043,0,3.8479913e-05,0
LA_D_2464441,0,3.19934e-05,0
LA_D_2541397,0,5.6800942e-05,0
LA_D_2542630,0,5.1935123e-05,0
LA_D_2579249,0,2.610957e-05,0
LA_D_2583973,0,5.7814283e-05,0
LA_D_2600674,0,3.873687e-06,0
LA_D_2622778,0,4.3859087e-05,0
LA_D_2642581,0,2.7588208e-05,0
LA_D_2651795,0,2.0814288e-05,0
LA_D_2652985,0,5.458803e-05,0
LA_D_2680311,0,5.4975757e-05,0
LA_D_2696379,0,9.605688e-06,0
LA_D_2717961,0,8.891933e-05,0
LA_D_2723107,0,4.612229e-05,0
LA_D_2753356,0,5.3112626e-06,0
LA_D_2792366,0,3.703227e-05,0
LA_D_2811040,0,5.040429e-05,0
LA_D_2856557,0,1.4430385e-06,0
LA_D_2859163,0,3.667233e-05,0
LA_D_2868410,0,3.2480137e-05,0
LA_D_2876938,0,4.1536845e-05,0
LA_D_2903458,0,2.122185e-05,0
LA_D_2964886,0,1.3459041e-05,0
LA_D_2990184,0,2.533115e-05,0
LA_D_2999196,0,2.4796718e-05,0
LA_D_2999262,0,4.6591813e-05,0
LA_D_3084288,0,1.4475607e-05,0
LA_D_3090583,0,9.423095e-05,0
LA_D_3092472,0,4.3107222e-05,0
LA_D_3092700,0,7.1221104e-05,0
LA_D_3130241,0,3.573291e-05,0
LA_D_3135599,0,3.640174e-05,0
LA_D_3135628,0,3.642615e-05,0
LA_D_3140567,0,9.314481e-06,0
LA_D_3171199,0,3.2240972e-05,0
LA_D_3231093,0,7.997459e-06,0
LA_D_3239072,0,5.7538393e-05,0
LA_D_3243106,0,9.038848e-06,0
LA_D_3292767,0,5.355339e-05,0
LA_D_3336031,0,1.3869846e-05,0
LA_D_3354359,0,7.486994e-06,0
LA_D_3374460,0,6.7209556e-05,0
LA_D_3430397,0,2.1353666e-05,0
LA_D_3431472,0,6.100891e-05,0
LA_D_3441965,0,9.94151e-06,0
LA_D_3464373,0,4.4427165e-05,0
LA_D_3466785,0,7.957362e-05,0
LA_D_3476552,0,3.5990015e-05,0
LA_D_3499835,0,2.6295378e-05,0
LA_D_3538356,0,7.353157e-05,0
LA_D_3595174,0,4.6994046e-05,0
LA_D_3608947,0,9.662109e-06,0
LA_D_3620817,0,2.5994092e-05,0
LA_D_3621540,0,3.8757524e-05,0
LA_D_3671059,0,1.887738e-05,0
LA_D_3678117,0,3.2761636e-05,0
LA_D_3695649,0,2.5203683e-05,0
LA_D_3712860,0,3.9599213e-06,0
LA_D_3713729,0,1.3650703e-05,0
LA_D_3720476,0,7.7699835e-05,0
LA_D_3747854,0,4.1030715e-05,0
LA_D_3775896,0,1.8544406e-05,0
LA_D_3831306,0,5.1873798e-05,0
LA_D_3834961,0,6.629118e-05,0
LA_D_3863318,0,4.042065e-06,0
LA_D_3921050,0,2.7412287e-05,0
LA_D_3934729,0,4.00036e-05,0
LA_D_3945922,0,6.187453e-05,0
LA_D_3981689,0,3.845724e-05,0
LA_D_3983088,0,5.1540814e-05,0
LA_D_4007368,0,6.3097646e-06,0
LA_D_4037520,0,4.6086152e-05,0
LA_D_4039301,0,5.4909695e-05,0
LA_D_4055045,0,4.7772675e-05,0
LA_D_4062551,0,3.9882474e-05,0
LA_D_4076908,0,4.233142e-05,0
LA_D_4085373,0,4.0238217e-05,0
LA_D_4157572,0,7.981316e-05,0
LA_D_4163754,0,5.776722e-05,0
LA_D_4198326,0,1.1005937e-05,0
LA_D_4256004,0,5.085999e-05,0
LA_D_4274981,0,8.0410944e-05,0
LA_D_4277712,0,1.7481321e-06,0
LA_D_4326060,0,4.822776e-05,0
LA_D_4357087,0,4.7087487e-05,0
LA_D_4360961,0,2.3282624e-05,0
LA_D_4386137,0,7.612955e-05,0
LA_D_4411557,0,8.102904e-05,0
LA_D_4453721,0,4.3365333e-05,0
LA_D_4459933,0,7.091295e-05,0
LA_D_4467119,0,6.2813183e-06,0
LA_D_4469400,0,4.464066e-05,0
LA_D_4487776,0,4.2151323e-06,0
LA_D_4488391,0,2.172365e-05,0
LA_D_4532710,0,3.3120636e-05,0
LA_D_4545053,0,1.343054e-06,0
LA_D_4551946,0,4.429733e-05,0
LA_D_4573944,0,3.5935213e-05,0
LA_D_4615442,0,4.4625333e-05,0
LA_D_4708202,0,4.719668e-05,0
LA_D_4718837,0,2.5234465e-05,0
LA_D_4771311,0,2.9118659e-05,0
LA_D_4794184,0,7.0831244e-05,0
LA_D_4797304,0,4.277467e-05,0
LA_D_4797934,0,4.034569e-05,0
LA_D_4798662,0,4.198218e-05,0
LA_D_4825371,0,2.861001e-05,0
LA_D_4825650,0,7.2331626e-05,0
LA_D_4830541,0,5.445191e-05,0
LA_D_4830591,0,2.482679e-05,0
LA_D_4857699,0,4.865367e-05,0
LA_D_4860045,0,5.6110806e-05,0
LA_D_4874503,0,5.731212e-05,0
LA_D_4964036,0,4.9324055e-05,0
LA_D_4983313,0,2.714701e-05,0
LA_D_4984003,0,6.038864e-05,0
LA_D_5018111,0,5.7626585e-05,0
LA_D_5018490,0,7.0490016e-05,0
LA_D_5026406,0,5.7760717e-05,0
LA_D_5060788,0,5.508418e-05,0
LA_D_5064398,0,0.00014794452,0
LA_D_5095523,0,4.3398527e-06,0
LA_D_5119493,0,4.7074962e-05,0
LA_D_5151616,0,6.92557e-05,0
LA_D_5156009,0,5.1729305e-05,0
LA_D_5179475,0,3.3738514e-05,0
LA_D_5188766,0,5.083648e-05,0
LA_D_5242820,0,3.623397e-05,0
LA_D_5262166,0,3.0194238e-05,0
LA_D_5287350,0,0.00015229202,0
LA_D_5292647,0,4.639602e-05,0
LA_D_5329061,0,2.1516236e-05,0
LA_D_5360138,0,1.3546384e-05,0
LA_D_5416414,0,3.134955e-05,0
LA_D_5427352,0,4.6978366e-05,0
LA_D_5441022,0,3.0008223e-05,0
LA_D_5476791,0,1.9906664e-05,0
LA_D_5496756,0,1.890965e-05,0
LA_D_5503083,0,1.7199427e-05,0
LA_D_5503291,0,3.971839e-05,0
LA_D_5507926,0,3.4451135e-05,0
LA_D_5517898,0,4.09215e-05,0
LA_D_5560002,0,2.6210855e-05,0
LA_D_5565973,0,2.55779e-05,0
LA_D_5615493,0,3.548353e-05,0
LA_D_5623022,0,3.932117e-05,0
LA_D_5624531,0,7.644542e-05,0
LA_D_5629796,0,1.2392998e-05,0
LA_D_5680161,0,4.813311e-05,0
LA_D_5715212,0,5.113686e-05,0
LA_D_5765277,0,0.00011726603,0
LA_D_5781241,0,3.348101e-05,0
LA_D_5800838,0,2.6052414e-05,0
LA_D_5804847,0,9.345534e-06,0
LA_D_5820637,0,3.3096134e-05,0
LA_D_5841055,0,7.002091e-05,0
LA_D_5874054,0,4.50825e-05,0
LA_D_5888899,0,1.31340585e-05,0
LA_D_5894140,0,4.566264e-05,0
LA_D_5898202,0,4.5902765e-05,0
LA_D_5924199,0,2.9205762e-06,0
LA_D_5931696,0,4.6366913e-05,0
LA_D_5936355,0,5.7532243e-06,0
LA_D_5937369,0,3.2828128e-05,0
LA_D_5944292,0,4.232173e-05,0
LA_D_5960315,0,2.9472823e-05,0
LA_D_5973374,0,2.5803272e-05,0
LA_D_5991520,0,4.1944848e-05,0
LA_D_6021341,0,5.5700624e-05,0
LA_D_6063219,0,6.256087e-05,0
LA_D_6078000,0,3.5095388e-06,0
LA_D_6084402,0,1.4063238e-05,0
LA_D_6131696,0,8.6156375e-05,0
LA_D_6136274,0,2.5763587e-05,0
LA_D_6171581,0,3.7676236e-05,0
LA_D_6208485,0,7.083928e-05,0
LA_D_6242242,0,4.268246e-05,0
LA_D_6252325,0,3.35982e-05,0
LA_D_6256706,0,3.609168e-05,0
LA_D_6292396,0,4.7734422e-05,0
LA_D_6293563,0,1.7535036e-05,0
LA_D_6304781,0,6.563291e-05,0
LA_D_6306641,0,3.2315154e-05,0
LA_D_6316737,0,7.585888e-05,0
LA_D_6344509,0,4.1205443e-05,0
LA_D_6379274,0,2.970964e-05,0
LA_D_6401440,0,4.0096947e-05,0
LA_D_6401633,0,4.1855466e-05,0
LA_D_6405665,0,6.4808687e-06,0
LA_D_6415971,0,4.7570826e-05,0
LA_D_6421601,0,3.1650638e-05,0
LA_D_6431120,0,0.00016819891,0
LA_D_6443383,0,2.3821585e-05,0
LA_D_6458836,0,8.91993e-06,0
LA_D_6462998,0,5.2762804e-05,0
LA_D_6477185,0,1.1293525e-05,0
LA_D_6487170,0,3.777694e-05,0
LA_D_6520929,0,2.2124277e-05,0
LA_D_6567611,0,1.9779422e-05,0
LA_D_6575860,0,1.0710688e-05,0
LA_D_6599233,0,4.5812852e-05,0
LA_D_6600823,0,3.6548317e-06,0
LA_D_6613069,0,4.835607e-06,0
LA_D_6650700,0,4.529292e-05,0
LA_D_6662518,0,1.9185185e-05,0
LA_D_6678932,0,5.3843592e-05,0
LA_D_6682281,0,3.628598e-05,0
LA_D_6704901,0,7.020315e-06,0
LA_D_6763784,0,2.8660245e-06,0
LA_D_6851421,0,3.062263e-05,0
LA_D_6925004,0,4.279915e-05,0
LA_D_6937667,0,4.000437e-05,0
LA_D_6945296,0,3.1311756e-05,0
LA_D_6946419,0,5.088238e-06,0
LA_D_6949687,0,5.4624532e-05,0
LA_D_6975418,0,5.3455944e-05,0
LA_D_7009859,0,3.436051e-05,0
LA_D_7038523,0,1.7011278e-05,0
LA_D_7039777,0,2.7117618e-05,0
LA_D_7169168,0,8.794892e-06,0
LA_D_7172075,0,1.3666156e-06,0
LA_D_7196635,0,2.7120746e-05,0
LA_D_7200372,0,2.8681638e-05,0
LA_D_7212540,0,3.1155705e-05,0
LA_D_7218456,0,2.778629e-05,0
LA_D_7225338,0,7.136692e-06,0
LA_D_7262720,0,2.6117737e-05,0
LA_D_7274330,0,0.00014441814,0
LA_D_7286535,0,0.00010019443,0
LA_D_7342043,0,8.289696e-06,0
LA_D_7362645,0,4.4264263e-05,0
LA_D_7380433,0,4.1697498e-05,0
LA_D_7380667,0,7.09352e-05,0
LA_D_7398116,0,4.9079317e-05,0
LA_D_7478232,0,1.8570263e-05,0
LA_D_7510219,0,4.3475553e-05,0
LA_D_7558612,0,3.401045e-05,0
LA_D_7567821,0,5.378079e-06,0
LA_D_7571658,0,1.1345535e-05,0
LA_D_7581183,0,3.1166135e-05,0
LA_D_7604669,0,3.757018e-05,0
LA_D_7664865,0,1e-06,0
LA_D_7680436,0,4.098082e-05,0
LA_D_7684971,0,2.3983725e-05,0
LA_D_7692183,0,1.821927e-05,0
LA_D_7711976,0,3.670067e-05,0
LA_D_7736037,0,1.4829426e-05,0
LA_D_7736331,0,0.00013350783,0
LA_D_7772478,0,4.2458443e-05,0
LA_D_7775830,0,2.0294981e-05,0
LA_D_7805571,0,3.544781e-05,0
LA_D_7858202,0,4.7701315e-06,0
LA_D_7888661,0,2.6648167e-05,0
LA_D_7893603,0,1.8854567e-05,0
LA_D_7931644,0,3.8185717e-05,0
LA_D_7950517,0,4.060867e-05,0
LA_D_7953471,0,3.6786445e-05,0
LA_D_7957109,0,2.6623224e-05,0
LA_D_7965379,0,3.138299e-05,0
LA_D_7967827,0,3.912573e-05,0
LA_D_8035773,0,3.2450355e-06,0
LA_D_8045100,0,4.3481654e-05,0
LA_D_8047166,0,5.7157224e-05,0
LA_D_8102825,0,1.3367975e-05,0
LA_D_8120238,0,2.8513512e-05,0
LA_D_8149667,0,1.16576075e-05,0
LA_D_8161190,0,2.589712e-06,0
LA_D_8161949,0,3.8164202e-05,0
LA_D_8169706,0,3.7679074e-05,0
LA_D_8187108,0,4.776429e-05,0
LA_D_8197963,0,7.598044e-05,0
LA_D_8283203,0,2.8134895e-05,0
LA_D_8286094,0,4.0024363e-05,0
LA_D_8335083,0,1.8982699e-05,0
LA_D_8348784,0,3.8157505e-05,0
LA_D_8355334,0,7.628463e-05,0
LA_D_8384015,0,8.592045e-06,0
LA_D_8431362,0,3.539633e-05,0
LA_D_8434051,0,2.8954923e-05,0
LA_D_8439511,0,6.2679894e-05,0
LA_D_8447703,0,5.659705e-05,0
LA_D_8453540,0,1.7161285e-05,0
LA_D_8480078,0,1.3146539e-05,0
LA_D_8482059,0,5.7504272e-05,0
LA_D_8483290,0,3.0464991e-05,0
LA_D_8505020,0,4.2402567e-05,0
LA_D_8524530,0,2.9912053e-05,0
LA_D_8530524,0,3.085649e-06,0
LA_D_8546655,0,4.2612708e-05,0
LA_D_8593660,0,3.555439e-05,0
LA_D_8623253,0,2.3470377e-05,0
LA_D_8678171,0,3.1600903e-05,0
LA_D_8686912,0,3.9711686e-05,0
LA_D_8721312,0,3.1044252e-05,0
LA_D_8729192,0,5.442076e-05,0
LA_D_8750902,0,6.133986e-05,0
LA_D_8788142,0,4.2685715e-05,0
LA_D_8813745,0,4.0638268e-05,0
LA_D_8842633,0,3.6033285e-05,0
LA_D_8858217,0,4.0431387e-05,0
LA_D_8868121,0,2.588574e-05,0
LA_D_8868214,0,0.00032918248,0
LA_D_8878659,0,1.1405354e-05,0
LA_D_8895696,0,4.2684816e-05,0
LA_D_8914938,0,4.3851837e-06,0
LA_D_8918981,0,3.5111974e-05,0
LA_D_8930242,0,2.6706886e-05,0
LA_D_8965622,0,1.562877e-05,0
LA_D_8983810,0,1.787457e-05,0
LA_D_8991799,0,2.9183404e-05,0
LA_D_9013901,0,1.07475325e-05,0
LA_D_9045200,0,4.4176424e-05,0
LA_D_9073905,0,0.00011802629,0
LA_D_9075341,0,1.1131435e-05,0
LA_D_9091046,0,2.4548113e-05,0
LA_D_9122088,0,5.8261816e-05,0
LA_D_9138892,0,5.5438733e-05,0
LA_D_9159860,0,9.492006e-06,0
LA_D_9173342,0,4.3644046e-05,0
LA_D_9178673,0,1.3859361e-05,0
LA_D_9193020,0,9.565841e-06,0
LA_D_9199194,0,1.45279255e-05,0
LA_D_9238588,0,4.8215392e-05,0
LA_D_9289629,0,4.648863e-05,0
LA_D_9356917,0,8.343843e-06,0
LA_D_9384056,0,1.1029158e-05,0
LA_D_9399713,0,8.69927e-06,0
LA_D_9430687,0,4.632171e-06,0
LA_D_9470738,0,0.0002784278,0
LA_D_9582133,0,6.182174e-06,0
LA_D_9600380,0,1.1151282e-05,0
LA_D_9621176,0,6.6418047e-06,0
LA_D_9646783,0,6.4805434e-05,0
LA_D_9687836,0,2.1628396e-06,0
LA_D_9697274,0,0.00012211391,0
LA_D_9701184,0,3.8075283e-05,0
LA_D_9715092,0,1.5422214e-05,0
LA_D_9736602,0,1.6010288e-05,0
LA_D_9745303,0,2.8083696e-05,0
LA_D_9747113,0,1.2286968e-05,0
LA_D_9819813,0,3.4907713e-05,0
LA_D_9841488,0,5.2766623e-05,0
LA_D_9885280,0,6.81586e-05,0
LA_D_9936838,0,6.230967e-05,0
LA_D_9955848,0,3.180319e-05,0
LA_D_1000265,0,8.535154e-05,0
LA_D_1017388,0,5.2252017e-05,0
LA_D_1062092,0,2.0279813e-05,0
LA_D_1089317,0,5.71533e-05,0
LA_D_1089742,0,5.8852947e-05,0
LA_D_1110875,0,8.5732e-05,0
LA_D_1139569,0,5.229967e-06,0
LA_D_1173950,0,4.627172e-05,0
LA_D_1192985,0,0.00011291048,0
LA_D_1235726,0,7.225008e-05,0
LA_D_1249404,0,0.00010257747,0
LA_D_1252946,0,4.939334e-05,0
LA_D_1276192,0,3.15965e-05,0
LA_D_1315668,0,7.993228e-05,0
LA_D_1376639,0,0.000118681775,0
LA_D_1424867,0,7.501402e-06,0
LA_D_1431489,0,7.0693444e-05,0
LA_D_1437476,0,3.137659e-05,0
LA_D_1455965,0,3.8684007e-05,0
LA_D_1472668,0,0.00016811841,0
LA_D_1477627,0,6.940671e-05,0
LA_D_1558626,0,8.927906e-05,0
LA_D_1562319,0,0.0002188046,0
LA_D_1566401,0,0.0001030013,0
LA_D_1672560,0,6.212759e-05,0
LA_D_1680789,0,0.0001437947,0
LA_D_1682212,0,0.00010154797,0
LA_D_1787311,0,4.2797805e-05,0
LA_D_1799699,0,0.00016965193,0
LA_D_1820129,0,5.350893e-05,0
LA_D_1836990,0,6.2562845e-05,0
LA_D_1837020,0,3.9927338e-05,0
LA_D_1838611,0,3.2749707e-05,0
LA_D_1896171,0,8.189347e-05,0
LA_D_1904585,0,5.5477023e-05,0
LA_D_1934501,0,0.00015219185,0
LA_D_1939545,0,3.475628e-05,0
LA_D_1961118,0,4.1305295e-05,0
LA_D_1976616,0,0.000106994325,0
LA_D_1995371,0,0.00010292157,0
LA_D_2012659,0,0.00010033899,0
LA_D_2066237,0,0.0002835785,0
LA_D_2082122,0,2.5796066e-05,0
LA_D_2095979,0,6.539395e-05,0
LA_D_2105337,0,5.88873e-05,0
LA_D_2118619,0,3.7035978e-05,0
LA_D_2121691,0,0.0001819187,0
LA_D_2178810,0,5.0825667e-05,0
LA_D_2186988,0,9.310863e-05,0
LA_D_2226779,0,8.738277e-05,0
LA_D_2238837,0,2.9736371e-05,0
LA_D_2247196,0,2.3667968e-05,0
LA_D_2293445,0,9.396276e-05,0
LA_D_2293756,0,0.0001076298,0
LA_D_2312696,0,0.00010116582,0
LA_D_2314419,0,8.006036e-05,0
LA_D_2317390,0,0.00011799659,0
LA_D_2347763,0,5.488148e-05,0
LA_D_2354675,0,0.0001374786,0
LA_D_2430844,0,4.0585055e-05,0
LA_D_2433669,0,5.0513325e-05,0
LA_D_2441277,0,1.5137879e-05,0
LA_D_2462646,0,4.8722246e-05,0
LA_D_2484556,0,5.3833686e-05,0
LA_D_2509640,0,7.117316e-05,0
LA_D_2511835,0,0.0006932043,0
LA_D_2527097,0,0.00022941198,0
LA_D_2549498,0,5.1047067e-05,0
LA_D_2553000,0,9.3002505e-05,0
LA_D_2577860,0,6.525291e-05,0
LA_D_2604115,0,0.00012262745,0
LA_D_2649427,0,9.203127e-05,0
LA_D_2662277,0,4.3813816e-05,0
LA_D_2669822,0,4.2053947e-05,0
LA_D_2686791,0,5.615759e-05,0
LA_D_2698391,0,6.6298504e-05,0
LA_D_2731107,0,1.43227035e-05,0
LA_D_2746814,0,6.841282e-05,0
LA_D_2747335,0,0.00013853109,0
LA_D_2819058,0,9.174063e-05,0
LA_D_2822128,0,2.3179695e-05,0
LA_D_2845768,0,5.9118778e-05,0
LA_D_2871146,0,7.210278e-05,0
LA_D_2875404,0,9.693591e-06,0
LA_D_2892987,0,7.318739e-05,0
LA_D_2925360,0,5.2310143e-06,0
LA_D_2945684,0,3.7217855e-05,0
LA_D_2955058,0,2.3571718e-05,0
LA_D_2978349,0,6.1209255e-05,0
LA_D_2985805,0,0.00017624245,0
LA_D_3063995,0,4.6253328e-05,0
LA_D_3068893,0,6.096425e-05,0
LA_D_3069501,0,4.2091906e-05,0
LA_D_3086208,0,5.741469e-05,0
LA_D_3116367,0,0.00014980698,0
LA_D_3135080,0,3.712059e-05,0
LA_D_3146197,0,2.4456633e-05,0
LA_D_3149657,0,9.8300174e-05,0
LA_D_3191079,0,6.462468e-05,0
LA_D_3203408,0,2.464809e-05,0
LA_D_3215585,0,3.9015966e-05,0
LA_D_3227116,0,8.63182e-05,0
LA_D_3256006,0,4.018321e-06,0
LA_D_3286671,0,5.671483e-05,0
LA_D_3287756,0,5.2487292e-05,0
LA_D_3302867,0,0.0001417544,0
LA_D_3311228,0,7.693775e-05,0
LA_D_3329538,0,4.3575677e-05,0
LA_D_3334677,0,4.13967e-05,0
LA_D_3365048,0,5.156382e-05,0
LA_D_3393353,0,7.0789785e-05,0
LA_D_3409724,0,4.894583e-05,0
LA_D_3428215,0,0.000117006,0
LA_D_3444875,0,7.8786325e-05,0
LA_D_3445876,0,0.00053827005,0
LA_D_3515975,0,0.0019377042,0
LA_D_3522924,0,0.00020288209,0
LA_D_3546314,0,4.891149e-05,0
LA_D_3566458,0,2.348661e-05,0
LA_D_3600248,0,4.2193748e-05,0
LA_D_3607908,0,0.0002821691,0
LA_D_3616699,0,4.375565e-05,0
LA_D_3661828,0,2.6037558e-05,0
LA_D_3727519,0,4.9174138e-05,0
LA_D_3761549,0,6.0772636e-05,0
LA_D_3763969,0,5.902055e-05,0
LA_D_3778726,0,5.663268e-05,0
LA_D_3779434,0,4.9951723e-05,0
LA_D_3801913,0,3.668506e-05,0
LA_D_3881998,0,5.577594e-05,0
LA_D_3911980,0,1.8469063e-05,0
LA_D_3981652,0,1.556294e-05,0
LA_D_4001985,0,7.9024925e-05,0
LA_D_4036471,0,8.0853286e-05,0
LA_D_4042906,0,0.00010649474,0
LA_D_4050508,0,5.555734e-05,0
LA_D_4059440,0,6.2634776e-05,0
LA_D_4072285,0,8.2779276e-05,0
LA_D_4102706,0,0.0001240633,0
LA_D_4163122,0,9.60632e-05,0
LA_D_4171487,0,8.6735214e-05,0
LA_D_4177111,0,8.3058156e-05,0
LA_D_4209404,0,8.183711e-05,0
LA_D_4211767,0,5.9721904e-05,0
LA_D_4252508,0,0.00016466537,0
LA_D_4269073,0,2.9264338e-05,0
LA_D_4305782,0,1.3953056e-05,0
LA_D_4316242,0,6.1785024e-05,0
LA_D_4353068,0,5.5041222e-05,0
LA_D_4365990,0,3.461071e-05,0
LA_D_4375021,0,9.1050024e-05,0
LA_D_4417694,0,8.201562e-05,0
LA_D_4421447,0,0.00043290766,0
LA_D_4449349,0,6.140113e-05,0
LA_D_4474092,0,7.662379e-05,0
LA_D_4485460,0,6.46603e-05,0
LA_D_4493718,0,5.5985096e-05,0
LA_D_4515855,0,0.00015102321,0
LA_D_4516967,0,7.067188e-05,0
LA_D_4523584,0,0.00032005835,0
LA_D_4534941,0,7.0799506e-05,0
LA_D_4537765,0,5.3737564e-05,0
LA_D_4544332,0,4.4746685e-06,0
LA_D_4551508,0,1.4729849e-05,0
LA_D_4551677,0,5.8350885e-05,0
LA_D_4554231,0,4.4522807e-05,0
LA_D_4569757,0,0.00018815354,0
LA_D_4604403,0,8.3567014e-05,0
LA_D_4616369,0,7.239711e-05,0
LA_D_4628903,0,9.919425e-05,0
LA_D_4664946,0,6.1413426e-05,0
LA_D_4688316,0,5.1273337e-06,0
LA_D_4758475,0,6.5200045e-05,0
LA_D_4764995,0,0.00011916327,0
LA_D_4797424,0,2.8256647e-05,0
LA_D_4797539,0,6.242226e-05,0
LA_D_4810275,0,4.691282e-05,0
LA_D_4840046,0,5.47487e-05,0
LA_D_4885731,0,8.760511e-05,0
LA_D_4887957,0,4.7159206e-06,0
LA_D_4891771,0,8.585119e-05,0
LA_D_4905165,0,0.00011268449,0
LA_D_4926358,0,6.0497692e-05,0
LA_D_4932502,0,0.00021850734,0
LA_D_4977836,0,7.038369e-05,0
LA_D_4995600,0,7.742232e-05,0
LA_D_5000373,0,5.5295437e-05,0
LA_D_5091990,0,8.392718e-05,0
LA_D_5095873,0,6.0002774e-05,0
LA_D_5150398,0,0.00013264394,0
LA_D_5163732,0,9.533061e-05,0
LA_D_5163849,0,1.4178593e-05,0
LA_D_5174969,0,4.90108e-05,0
LA_D_5257168,0,0.0009502292,0
LA_D_5261935,0,0.00010587769,0
LA_D_5267454,0,9.9960045e-05,0
LA_D_5287781,0,1.0032332e-05,0
LA_D_5302061,0,0.00013402644,0
LA_D_5310025,0,7.742668e-05,0
LA_D_5328028,0,9.691373e-05,0
LA_D_5328763,0,0.00024206244,0
LA_D_5363745,0,0.000117976444,0
LA_D_5366966,0,8.069886e-05,0
LA_D_5401010,0,4.9777867e-05,0
LA_D_5440307,0,9.263801e-05,0
LA_D_5461007,0,9.246882e-05,0
LA_D_5470929,0,6.575419e-05,0
LA_D_5474141,0,9.853911e-05,0
LA_D_5483224,0,4.522205e-05,0
LA_D_5518682,0,7.234576e-05,0
LA_D_5525496,0,0.0006291308,0
LA_D_5532565,0,9.6902455e-05,0
LA_D_5565989,0,2.7280252e-05,0
LA_D_5588322,0,7.085516e-05,0
LA_D_5611954,0,7.9927246e-05,0
LA_D_5643426,0,7.664499e-05,0
LA_D_5687206,0,9.09126e-05,0
LA_D_5714289,0,5.421709e-05,0
LA_D_5788841,0,6.175788e-05,0
LA_D_5835325,0,4.942661e-06,0
LA_D_5905925,0,4.8996313e-05,0
LA_D_5990940,0,0.00019839256,0
LA_D_6011425,0,0.00014751627,0
LA_D_6023280,0,4.834454e-05,0
LA_D_6029082,0,0.00010055077,0
LA_D_6029194,0,0.00011724547,0
LA_D_6046766,0,7.8348334e-05,0
LA_D_6053775,0,0.00013044388,0
LA_D_6134312,0,4.760677e-05,0
LA_D_6135037,0,5.819629e-05,0
LA_D_6138779,0,0.00014417541,0
LA_D_6148611,0,5.0545033e-05,0
LA_D_6162938,0,6.742364e-05,0
LA_D_6175279,0,0.000180605,0
LA_D_6187202,0,3.4356053e-05,0
LA_D_6234137,0,9.136122e-05,0
LA_D_6235547,0,7.157617e-05,0
LA_D_6239034,0,6.3233354e-05,0
LA_D_6244535,0,5.7009598e-05,0
LA_D_6261139,0,0.00028857397,0
LA_D_6264594,0,4.111591e-05,0
LA_D_6302406,0,0.00030465162,0
LA_D_6312072,0,5.930478e-05,0
LA_D_6323745,0,0.0004720022,0
LA_D_6336346,0,5.4100266e-05,0
LA_D_6357321,0,0.00017171277,0
LA_D_6369721,0,8.0481674e-05,0
LA_D_6378325,0,9.913089e-05,0
LA_D_6379147,0,0.00025636965,0
LA_D_6412670,0,9.572028e-06,0
LA_D_6427095,0,1.0759501e-05,0
LA_D_6461848,0,0.00047031665,0
LA_D_6472736,0,6.226905e-05,0
LA_D_6480332,0,0.00018046642,0
LA_D_6490598,0,8.665131e-05,0
LA_D_6497836,0,0.00027917497,0
LA_D_6518387,0,6.99507e-05,0
LA_D_6532700,0,6.9604896e-05,0
LA_D_6587975,0,0.00011122802,0
LA_D_6601716,0,4.515108e-05,0
LA_D_6627504,0,4.5226578e-05,0
LA_D_6637053,0,5.7346784e-05,0
LA_D_6669288,0,3.466859e-05,0
LA_D_6738104,0,0.000105740284,0
LA_D_6757727,0,0.00025860907,0
LA_D_6758674,0,6.136332e-05,0
LA_D_6826932,0,8.1068145e-05,0
LA_D_6871318,0,9.313931e-06,0
LA_D_6910629,0,5.5765195e-05,0
LA_D_6912549,0,1.8294257e-05,0
LA_D_6922693,0,2.532038e-05,0
LA_D_6938340,0,5.8362795e-05,0
LA_D_7061454,0,3.213691e-05,0
LA_D_7061939,0,0.00016859373,0
LA_D_7073171,0,0.0003934921,0
LA_D_7111368,0,0.00010863689,0
LA_D_7115681,0,7.065733e-05,0
LA_D_7118013,0,2.0195801e-05,0
LA_D_7121651,0,8.431745e-05,0
LA_D_7125569,0,7.8333615e-05,0
LA_D_7131778,0,6.678164e-05,0
LA_D_7152111,0,0.0005977435,0
LA_D_7171094,0,9.855593e-05,0
LA_D_7186889,0,3.261083e-05,0
LA_D_7232349,0,3.940665e-05,0
LA_D_7235738,0,7.3983836e-05,0
LA_D_7248183,0,0.00011466757,0
LA_D_7253234,0,5.2358067e-05,0
LA_D_7254994,0,7.844474e-06,0
LA_D_7269807,0,2.2225551e-05,0
LA_D_7286561,0,4.6468904e-05,0
LA_D_7313938,0,1.7052485e-05,0
LA_D_7325516,0,1.8035595e-05,0
LA_D_7331720,0,0.000102669066,0
LA_D_7349370,0,7.0953196e-05,0
LA_D_7350444,0,0.000108852066,0
LA_D_7371430,0,5.2880627e-05,0
LA_D_7412720,0,0.00012318695,0
LA_D_7459580,0,9.183936e-05,0
LA_D_7470861,0,4.3654247e-05,0
LA_D_7474045,0,0.00012178447,0
LA_D_7488791,0,5.0159222e-05,0
LA_D_7510623,0,7.934411e-05,0
LA_D_7542197,0,6.3774685e-05,0
LA_D_7556050,0,0.00016211488,0
LA_D_7560243,0,0.00012958782,0
LA_D_7623118,0,0.00024042708,0
LA_D_7654864,0,7.575739e-05,0
LA_D_7666412,0,0.0004300556,0
LA_D_7682859,0,5.9331927e-05,0
LA_D_7694146,0,6.5228895e-05,0
LA_D_7702334,0,1.0070656e-06,0
LA_D_7753766,0,4.4404165e-05,0
LA_D_7760099,0,8.533047e-05,0
LA_D_7774263,0,4.980721e-05,0
LA_D_7774342,0,6.9787595e-05,0
LA_D_7777836,0,0.000102695994,0
LA_D_7789380,0,0.00013143774,0
LA_D_7819097,0,6.152779e-05,0
LA_D_7824827,0,5.373008e-05,0
LA_D_7873404,0,1.130494e-06,0
LA_D_7886919,0,8.337335e-05,0
LA_D_7897770,0,8.797085e-05,0
LA_D_7909419,0,0.0002321488,0
LA_D_7946884,0,8.876963e-05,0
LA_D_7964759,0,4.7417343e-06,0
LA_D_7969951,0,0.00010819317,0
LA_D_8005407,0,8.97984e-06,0
LA_D_8014513,0,0.00034390585,0
LA_D_8016454,0,6.0487022e-05,0
LA_D_8075338,0,7.090856e-05,0
LA_D_8078636,0,9.484668e-05,0
LA_D_8131341,0,5.261232e-05,0
LA_D_8159620,0,6.243036e-05,0
LA_D_8200723,0,6.869314e-05,0
LA_D_8229545,0,8.784829e-05,0
LA_D_8255047,0,7.653427e-05,0
LA_D_8263768,0,4.08304e-05,0
LA_D_8274284,0,6.4444546e-05,0
LA_D_8277539,0,4.9861817e-05,0
LA_D_8288906,0,2.3075527e-05,0
LA_D_8313652,0,5.251913e-05,0
LA_D_8342458,0,4.0226325e-05,0
LA_D_8389175,0,0.00010026698,0
LA_D_8428885,0,8.795191e-05,0
LA_D_8431371,0,6.711887e-05,0
LA_D_8432132,0,0.00010830281,0
LA_D_8507748,0,0.000119169854,0
LA_D_8534487,0,6.130126e-05,0
LA_D_8538867,0,3.6366902e-05,0
LA_D_8546710,0,0.00018105863,0
LA_D_8631560,0,8.53264e-05,0
LA_D_8652934,0,5.860093e-05,0
LA_D_8680689,0,4.276582e-05,0
LA_D_8704297,0,0.00023546135,0
LA_D_8764691,0,0.00012308221,0
LA_D_8777124,0,7.622326e-05,0
LA_D_8811442,0,7.191909e-05,0
LA_D_8823303,0,7.5896874e-05,0
LA_D_8825681,0,0.00016076703,0
LA_D_8954015,0,6.302248e-05,0
LA_D_8974324,0,4.2967145e-05,0
LA_D_8987065,0,5.90094e-05,0
LA_D_9024538,0,9.760915e-05,0
LA_D_9047749,0,6.8804526e-05,0
LA_D_9057925,0,8.621275e-05,0
LA_D_9063908,0,0.00017825858,0
LA_D_9090521,0,0.00013709726,0
LA_D_9098890,0,8.854864e-05,0
LA_D_9108542,0,0.00011527308,0
LA_D_9120579,0,5.9846872e-05,0
LA_D_9140799,0,0.000104776715,0
LA_D_9172868,0,5.663063e-05,0
LA_D_9192908,0,2.8551194e-05,0
LA_D_9199016,0,8.962266e-05,0
LA_D_9199774,0,5.798583e-05,0
LA_D_9227483,0,5.5510307e-05,0
LA_D_9253719,0,3.5206052e-05,0
LA_D_9275127,0,2.2392325e-05,0
LA_D_9326600,0,3.139847e-05,0
LA_D_9371325,0,2.1892129e-05,0
LA_D_9371594,0,2.0524223e-05,0
LA_D_9480700,0,0.00066726963,0
LA_D_9486780,0,9.1341e-05,0
LA_D_9487464,0,7.256257e-05,0
LA_D_9503559,0,2.3936062e-05,0
LA_D_9515636,0,0.00017973265,0
LA_D_9526305,0,0.000106289204,0
LA_D_9533791,0,5.485071e-05,0
LA_D_9539564,0,0.000113951224,0
LA_D_9562534,0,5.855903e-05,0
LA_D_9565733,0,4.9198246e-05,0
LA_D_9607409,0,8.716496e-05,0
LA_D_9630382,0,6.4808766e-05,0
LA_D_9659541,0,1.9515644e-06,0
LA_D_9673463,0,6.9164955e-05,0
LA_D_9673567,0,0.0001253784,0
LA_D_9699186,0,2.8074053e-05,0
LA_D_9699780,0,8.132095e-05,0
LA_D_9725667,0,0.000120846766,0
LA_D_9784809,0,3.8754864e-05,0
LA_D_9824026,0,8.558513e-05,0
LA_D_9832683,0,4.5253582e-05,0
LA_D_9833484,0,3.145955e-05,0
LA_D_9880841,0,5.248619e-05,0
LA_D_9896645,0,5.5659417e-05,0
LA_D_9914542,0,1.8946059e-05,0
LA_D_9915172,0,6.884896e-05,0
LA_D_9932427,0,4.9257163e-05,0
LA_D_9937324,0,0.00014449225,0
LA_D_9952740,0,3.5216395e-05,0
LA_D_9986371,0,4.225946e-05,0
LA_D_9990640,0,0.00020818597,0
LA_D_9996160,0,9.3359704e-05,0
LA_D_1043824,0,5.1869687e-05,0
LA_D_1056844,0,4.1183048e-05,0
LA_D_1088314,0,5.0994327e-05,0
LA_D_1088929,0,3.93358e-05,0
LA_D_1108768,0,6.7483656e-05,0
LA_D_1141118,0,6.812143e-05,0
LA_D_1192749,0,1.1751022e-05,0
LA_D_1200542,0,6.393429e-05,0
LA_D_1245233,0,5.7001824e-05,0
LA_D_1246251,0,4.559893e-05,0
LA_D_1274207,0,3.9281553e-05,0
LA_D_1274554,0,9.399001e-06,0
LA_D_1300135,0,4.8385402e-05,0
LA_D_1322656,0,5.2614883e-05,0
LA_D_1359304,0,6.127701e-05,0
LA_D_1412931,0,3.998781e-05,0
LA_D_1415728,0,9.535452e-05,0
LA_D_1422129,0,3.4217155e-05,0
LA_D_1461462,0,5.0989853e-05,0
LA_D_1539089,0,1.1752119e-05,0
LA_D_1580841,0,1.3155995e-05,0
LA_D_1589222,0,5.2402764e-05,0
LA_D_1615516,0,4.9221573e-05,0
LA_D_1616093,0,4.3641423e-05,0
LA_D_1649885,0,3.3511675e-05,0
LA_D_1659955,0,1.0222681e-05,0
LA_D_1673360,0,2.6306563e-05,0
LA_D_1731771,0,5.402314e-05,0
LA_D_1733253,0,4.3494467e-05,0
LA_D_1798838,0,5.631096e-05,0
LA_D_1816644,0,7.374492e-06,0
LA_D_1831145,0,5.145605e-05,0
LA_D_1834815,0,8.605225e-05,0
LA_D_1854905,0,1e-06,0
LA_D_1877966,0,1.45083195e-05,0
LA_D_1879539,0,0.0001251727,0
LA_D_1885226,0,1.1578796e-05,0
LA_D_1920639,0,5.6865705e-05,0
LA_D_1927087,0,4.7278405e-05,0
LA_D_1934985,0,5.557901e-05,0
LA_D_1965512,0,3.500973e-05,0
LA_D_1985217,0,3.3266468e-05,0
LA_D_2074154,0,5.9756774e-05,0
LA_D_2121556,0,2.7877859e-05,0
LA_D_2135966,0,2.3685507e-06,0
LA_D_2141097,0,4.6682897e-05,0
LA_D_2201205,0,5.4108004e-05,0
LA_D_2216664,0,4.132815e-05,0
LA_D_2298248,0,5.850556e-05,0
LA_D_2341646,0,5.7766785e-05,0
LA_D_2376428,0,4.8438218e-05,0
LA_D_2393554,0,4.548297e-05,0
LA_D_2425743,0,5.720521e-05,0
LA_D_2461601,0,3.8127095e-05,0
LA_D_2467700,0,0.00010941641,0
LA_D_2475830,0,7.949648e-05,0
LA_D_2525110,0,2.2824166e-05,0
LA_D_2533846,0,2.6744176e-05,0
LA_D_2564083,0,3.4508877e-05,0
LA_D_2566965,0,5.7364396e-05,0
LA_D_2644554,0,3.313795e-05,0
LA_D_2676220,0,3.7895396e-05,0
LA_D_2685703,0,7.051133e-05,0
LA_D_2707454,0,3.8714672e-05,0
LA_D_2708011,0,3.328186e-05,0
LA_D_2734913,0,1.1085912e-05,0
LA_D_2796669,0,5.6341047e-05,0
LA_D_2896219,0,3.9799834e-05,0
LA_D_2950820,0,6.762977e-05,0
LA_D_2962430,0,5.2980817e-05,0
LA_D_2983401,0,4.224431e-05,0
LA_D_2998083,0,2.682269e-05,0
LA_D_3004782,0,6.146568e-05,0
LA_D_3048061,0,4.9717004e-05,0
LA_D_3088084,0,3.5788635e-05,0
LA_D_3113314,0,7.9527716e-05,0
LA_D_3117655,0,3.0562038e-05,0
LA_D_3150574,0,1.8232931e-05,0
LA_D_3179337,0,2.0014899e-05,0
LA_D_3195295,0,4.3061456e-05,0
LA_D_3258000,0,3.9787275e-05,0
LA_D_3333324,0,2.731933e-05,0
LA_D_3350240,0,5.8460108e-05,0
LA_D_3538677,0,3.1594995e-05,0
LA_D_3553429,0,1.4468417e-05,0
LA_D_3555076,0,7.081044e-05,0
LA_D_3621506,0,4.5477682e-05,0
LA_D_3639895,0,4.9733644e-05,0
LA_D_3649862,0,4.6997808e-05,0
LA_D_3673082,0,3.791325e-05,0
LA_D_3674534,0,5.1636154e-05,0
LA_D_3675542,0,9.4759256e-05,0
LA_D_3775817,0,3.1105596e-05,0
LA_D_3777433,0,1.6392127e-05,0
LA_D_3828893,0,4.7508267e-05,0
LA_D_3855845,0,4.2561736e-05,0
LA_D_3871798,0,7.1188035e-05,0
LA_D_3912485,0,3.80633e-05,0
LA_D_3931582,0,4.0227013e-05,0
LA_D_3969544,0,1.9285435e-05,0
LA_D_3979729,0,4.835376e-05,0
LA_D_4042958,0,5.4357744e-05,0
LA_D_4096026,0,6.060076e-05,0
LA_D_4103125,0,2.1618664e-05,0
LA_D_4116714,0,3.8981757e-06,0
LA_D_4191537,0,1.6658823e-05,0
LA_D_4191826,0,6.0763534e-05,0
LA_D_4204191,0,5.7360237e-05,0
LA_D_4205821,0,2.417201e-05,0
LA_D_4206329,0,5.6529196e-05,0
LA_D_4253070,0,5.218853e-05,0
LA_D_4259794,0,3.2120886e-05,0
LA_D_4262940,0,4.710927e-05,0
LA_D_4266524,0,2.1611533e-05,0
LA_D_4302254,0,6.21113e-05,0
LA_D_4333326,0,5.9467257e-05,0
LA_D_4373860,0,1.3433099e-05,0
LA_D_4394399,0,9.474534e-06,0
LA_D_4402495,0,6.251281e-05,0
LA_D_4407872,0,3.8096565e-05,0
LA_D_4504946,0,5.0443003e-05,0
LA_D_4510369,0,5.6907258e-05,0
LA_D_4552742,0,4.1317704e-05,0
LA_D_4590771,0,5.541981e-05,0
LA_D_4598678,0,4.718818e-05,0
LA_D_4611322,0,2.8734532e-05,0
LA_D_4627714,0,7.410266e-05,0
LA_D_4669726,0,7.122246e-05,0
LA_D_4681179,0,4.2426553e-05,0
LA_D_4708806,0,7.887623e-05,0
LA_D_4713595,0,6.2157036e-05,0
LA_D_4764117,0,7.258542e-05,0
LA_D_4765823,0,2.3293862e-05,0
LA_D_4843399,0,4.8390935e-05,0
LA_D_4888907,0,5.6140136e-05,0
LA_D_4896823,0,2.0907673e-05,0
LA_D_4927828,0,0.00014407758,0
LA_D_4944706,0,6.112217e-05,0
LA_D_4995679,0,7.884042e-06,0
LA_D_4996496,0,6.623532e-05,0
LA_D_5018816,0,6.23158e-05,0
LA_D_5092434,0,0.000103996324,0
LA_D_5109502,0,4.9804934e-05,0
LA_D_5163083,0,4.0656876e-05,0
LA_D_5228503,0,2.7159675e-05,0
LA_D_5239525,0,3.644703e-06,0
LA_D_5246094,0,0.00010748149,0
LA_D_5269386,0,6.78639e-05,0
LA_D_5318221,0,6.404718e-05,0
LA_D_5350529,0,3.3325048e-06,0
LA_D_5402017,0,9.671438e-06,0
LA_D_5426906,0,2.1168005e-05,0
LA_D_5432736,0,5.2229352e-05,0
LA_D_5453346,0,4.957984e-05,0
LA_D_5462805,0,5.0093015e-05,0
LA_D_5490168,0,4.884353e-05,0
LA_D_5592383,0,1.5775835e-05,0
LA_D_5593819,0,1.6294234e-05,0
LA_D_5621900,0,6.190847e-05,0
LA_D_5639584,0,3.4461846e-05,0
LA_D_5642763,0,6.9304e-05,0
LA_D_5662897,0,6.0965987e-05,0
LA_D_5691372,0,1.414011e-05,0
LA_D_5733338,0,4.1348565e-05,0
LA_D_5765155,0,5.1928688e-05,0
LA_D_5814298,0,5.2044394e-05,0
LA_D_5866992,0,0.00015539922,0
LA_D_5867393,0,3.5720983e-05,0
LA_D_5871349,0,4.081296e-05,0
LA_D_5897721,0,3.7697657e-05,0
LA_D_5927325,0,3.1487376e-05,0
LA_D_6004959,0,1.8256056e-05,0
LA_D_6017131,0,3.0887502e-05,0
LA_D_6022964,0,7.004388e-05,0
LA_D_6028528,0,4.1372863e-05,0
LA_D_6055459,0,2.768984e-05,0
LA_D_6056258,0,4.8608777e-05,0
LA_D_6237040,0,5.906902e-05,0
LA_D_6246305,0,4.1907664e-05,0
LA_D_6331537,0,1.9125926e-05,0
LA_D_6339525,0,0.00010025675,0
LA_D_6367650,0,5.8667243e-05,0
LA_D_6371255,0,2.5848714e-05,0
LA_D_6414092,0,5.7820016e-05,0
LA_D_6422582,0,6.715939e-05,0
LA_D_6424715,0,4.5187785e-06,0
LA_D_6452637,0,6.0874547e-05,0
LA_D_6553554,0,9.300961e-06,0
LA_D_6577158,0,2.5667356e-05,0
LA_D_6634201,0,5.338299e-05,0
LA_D_6692967,0,1e-06,0
LA_D_6699665,0,5.64055e-05,0
LA_D_6757990,0,4.599303e-05,0
LA_D_6788465,0,2.8939741e-05,0
LA_D_6837161,0,4.564984e-05,0
LA_D_6863055,0,6.287085e-05,0
LA_D_6877026,0,6.864213e-05,0
LA_D_6895177,0,2.0510526e-05,0
LA_D_6904064,0,6.6274486e-05,0
LA_D_7041661,0,4.8351685e-05,0
LA_D_7045415,0,4.8997856e-05,0
LA_D_7166738,0,3.7017312e-06,0
LA_D_7167134,0,6.333899e-06,0
LA_D_7176031,0,9.737282e-05,0
LA_D_7182532,0,1.7215261e-05,0
LA_D_7249074,0,3.76983e-05,0
LA_D_7254011,0,2.3916484e-05,0
LA_D_7261537,0,4.8487586e-06,0
LA_D_7282044,0,5.3209777e-05,0
LA_D_7382039,0,1e-06,0
LA_D_7479581,0,6.587093e-05,0
LA_D_7509263,0,3.846722e-05,0
LA_D_7520400,0,7.184095e-05,0
LA_D_7526293,0,3.8624956e-05,0
LA_D_7603558,0,8.7838656e-05,0
LA_D_7645542,0,5.079359e-05,0
LA_D_7690544,0,1.7648379e-05,0
LA_D_7721167,0,7.690856e-06,0
LA_D_7768286,0,8.965276e-06,0
LA_D_7775067,0,4.2667318e-05,0
LA_D_7784356,0,7.040792e-05,0
LA_D_7896930,0,3.6731202e-05,0
LA_D_7930498,0,3.498877e-05,0
LA_D_7948287,0,3.4533827e-05,0
LA_D_7959836,0,5.0434966e-05,0
LA_D_7963921,0,1.8059156e-05,0
LA_D_7969154,0,3.646014e-05,0
LA_D_7981282,0,1.2753509e-05,0
LA_D_7991093,0,8.74532e-05,0
LA_D_8029513,0,2.2200406e-05,0
LA_D_8055923,0,6.3526495e-05,0
LA_D_8089053,0,4.7444923e-05,0
LA_D_8100525,0,3.9752646e-05,0
LA_D_8108711,0,3.9057246e-05,0
LA_D_8173750,0,6.167024e-05,0
LA_D_8176963,0,8.458239e-05,0
LA_D_8181591,0,2.7719293e-06,0
LA_D_8192015,0,2.9431309e-05,0
LA_D_8231246,0,8.637716e-06,0
LA_D_8261853,0,4.52164e-05,0
LA_D_8316696,0,1.385078e-06,0
LA_D_8320443,0,8.712995e-06,0
LA_D_8322509,0,6.926225e-05,0
LA_D_8322984,0,5.3411404e-05,0
LA_D_8336903,0,4.1288044e-05,0
LA_D_8446758,0,1e-06,0
LA_D_8458426,0,6.4386804e-05,0
LA_D_8465272,0,3.7061804e-05,0
LA_D_8524503,0,2.1614828e-06,0
LA_D_8531203,0,3.744288e-05,0
LA_D_8560313,0,5.455264e-05,0
LA_D_8613483,0,3.671201e-05,0
LA_D_8624407,0,4.5359615e-05,0
LA_D_8653066,0,6.425781e-05,0
LA_D_8704593,0,1.3372615e-05,0
LA_D_8712202,0,4.2709657e-05,0
LA_D_8716948,0,3.9943065e-05,0
LA_D_8732956,0,6.636923e-05,0
LA_D_8766024,0,4.5910252e-05,0
LA_D_8772966,0,4.7646285e-05,0
LA_D_8788165,0,4.1030562e-05,0
LA_D_8794217,0,4.6437144e-05,0
LA_D_8795367,0,5.1304985e-05,0
LA_D_8800518,0,5.7496596e-05,0
LA_D_8824981,0,5.087571e-05,0
LA_D_8840072,0,9.611561e-05,0
LA_D_8861570,0,1.48366835e-05,0
LA_D_8875680,0,1.9971467e-05,0
LA_D_8881354,0,3.6718102e-05,0
LA_D_8910316,0,6.0371363e-05,0
LA_D_8961138,0,9.022669e-05,0
LA_D_8975234,0,0.00044446846,0
LA_D_8998984,0,5.7442016e-05,0
LA_D_9011396,0,4.9596914e-05,0
LA_D_9030143,0,3.5929763e-05,0
LA_D_9058027,0,2.8339064e-05,0
LA_D_9111429,0,7.9959806e-05,0
LA_D_9122497,0,4.195029e-05,0
LA_D_9180251,0,3.9634357e-05,0
LA_D_9237935,0,5.2297037e-05,0
LA_D_9241230,0,3.3383323e-05,0
LA_D_9242112,0,4.1187683e-05,0
LA_D_9244255,0,4.471317e-05,0
LA_D_9305654,0,2.4924195e-05,0
LA_D_9335272,0,0.00016181127,0
LA_D_9354813,0,4.96725e-05,0
LA_D_9383850,0,1.9578672e-06,0
LA_D_9401339,0,4.120666e-05,0
LA_D_9406043,0,1.7623368e-05,0
LA_D_9430378,0,5.070367e-05,0
LA_D_9440328,0,3.9112078e-05,0
LA_D_9455279,0,3.0335948e-05,0
LA_D_9477633,0,7.749723e-05,0
LA_D_9489571,0,1.4462485e-05,0
LA_D_9588984,0,3.216101e-05,0
LA_D_9633618,0,7.158539e-05,0
LA_D_9676279,0,4.603542e-05,0
LA_D_9685224,0,0.00014824982,0
LA_D_9695805,0,1.36115605e-05,0
LA_D_9710580,0,2.4245288e-05,0
LA_D_9731844,0,1e-06,0
LA_D_9748213,0,4.783677e-05,0
LA_D_9806222,0,5.7644946e-05,0
LA_D_9821371,0,9.919614e-06,0
LA_D_9860564,0,7.6120646e-06,0
LA_D_9864384,0,4.4698932e-05,0
LA_D_9953809,0,6.6229884e-05,0
LA_D_9963628,0,7.634663e-05,0
LA_D_1039139,0,2.8568846e-05,0
LA_D_1048347,0,6.8930585e-06,0
LA_D_1073972,0,8.744086e-05,0
LA_D_1086287,0,4.6816425e-05,0
LA_D_1140647,0,7.237537e-05,0
LA_D_1147199,0,3.7084996e-05,0
LA_D_1221886,0,2.1762053e-05,0
LA_D_1221909,0,5.2122574e-05,0
LA_D_1239313,0,4.2185857e-05,0
LA_D_1242151,0,5.918665e-05,0
LA_D_1251337,0,5.0873164e-06,0
LA_D_1285074,0,6.935544e-05,0
LA_D_1288236,0,5.366331e-05,0
LA_D_1309241,0,5.706758e-05,0
LA_D_1345967,0,7.90363e-05,0
LA_D_1381057,0,6.690645e-05,0
LA_D_1388176,0,3.431483e-05,0
LA_D_1408615,0,2.6308695e-05,0
LA_D_1431732,0,5.1053692e-05,0
LA_D_1463387,0,0.00017869113,0
LA_D_1482457,0,5.3356776e-05,0
LA_D_1536794,0,3.8768503e-05,0
LA_D_1539801,0,6.684459e-05,0
LA_D_1544370,0,0.00017905033,0
LA_D_1597981,0,4.3018725e-05,0
LA_D_1603998,0,6.427527e-05,0
LA_D_1611876,0,6.5898006e-05,0
LA_D_1620917,0,9.695829e-05,0
LA_D_1625190,0,5.8634356e-05,0
LA_D_1704825,0,6.0392842e-05,0
LA_D_1711648,0,4.9905535e-05,0
LA_D_1714107,0,5.3991414e-05,0
LA_D_1783314,0,5.3179134e-05,0
LA_D_1784577,0,2.4730782e-05,0
LA_D_1832625,0,7.9352874e-05,0
LA_D_1851098,0,7.041759e-05,0
LA_D_1856840,0,8.1869264e-05,0
LA_D_1873253,0,3.7479895e-05,0
LA_D_1997028,0,4.1994637e-05,0
LA_D_2005741,0,0.00020912521,0
LA_D_2017424,0,3.8682017e-05,0
LA_D_2027962,0,7.229266e-05,0
LA_D_2123023,0,5.021718e-05,0
LA_D_2142945,0,5.6114233e-05,0
LA_D_2172486,0,7.1697425e-05,0
LA_D_2188345,0,5.801709e-05,0
LA_D_2198817,0,2.3405088e-05,0
LA_D_2201640,0,9.639367e-06,0
LA_D_2252538,0,9.777982e-05,0
LA_D_2288713,0,3.1589032e-05,0
LA_D_2291346,0,5.2051746e-05,0
LA_D_2323727,0,3.4252545e-05,0
LA_D_2362639,0,1.5418141e-06,0
LA_D_2386679,0,4.0919855e-05,0
LA_D_2391531,0,3.8629005e-05,0
LA_D_2417545,0,4.2195235e-05,0
LA_D_2436190,0,7.487607e-05,0
LA_D_2485889,0,4.1807034e-05,0
LA_D_2545382,0,2.6602642e-05,0
LA_D_2599187,0,0.0001395139,0
LA_D_2614736,0,4.77367e-05,0
LA_D_2649373,0,2.5183572e-05,0
LA_D_2655792,0,3.528831e-05,0
LA_D_2754048,0,2.4290695e-05,0
LA_D_2754891,0,7.3874e-05,0
LA_D_2761884,0,4.8299284e-05,0
LA_D_2857417,0,6.704677e-05,0
LA_D_2872153,0,4.3977445e-05,0
LA_D_2874608,0,5.1396953e-05,0
LA_D_2877559,0,6.6669396e-05,0
LA_D_2901378,0,4.946235e-05,0
LA_D_2916363,0,1.3660613e-05,0
LA_D_2930227,0,6.825577e-05,0
LA_D_2931921,0,3.9083887e-05,0
LA_D_2993177,0,3.1530464e-05,0
LA_D_3004388,0,5.032576e-05,0
LA_D_3048603,0,8.265359e-06,0
LA_D_3055190,0,4.1584877e-05,0
LA_D_3065329,0,7.943798e-05,0
LA_D_3099702,0,5.8100024e-05,0
LA_D_3099765,0,2.6327143e-05,0
LA_D_3109115,0,4.633045e-05,0
LA_D_3124979,0,7.772903e-05,0
LA_D_3131698,0,4.442484e-05,0
LA_D_3201304,0,3.4080316e-05,0
LA_D_3202961,0,3.629477e-05,0
LA_D_3282353,0,5.052248e-05,0
LA_D_3288700,0,1.0737196e-05,0
LA_D_3290536,0,5.814503e-05,0
LA_D_3321895,0,6.802231e-05,0
LA_D_3325754,0,7.44202e-05,0
LA_D_3362112,0,0.00012778635,0
LA_D_3388522,0,7.962364e-05,0
LA_D_3392719,0,5.0621253e-05,0
LA_D_3406031,0,5.4458556e-05,0
LA_D_3440162,0,0.00030532968,0
LA_D_3466044,0,5.900304e-05,0
LA_D_3487752,0,5.3420677e-05,0
LA_D_3527928,0,8.087172e-05,0
LA_D_3528626,0,4.049502e-05,0
LA_D_3560287,0,1.1057783e-05,0
LA_D_3571998,0,6.929204e-05,0
LA_D_3588236,0,4.4046777e-05,0
LA_D_3591268,0,0.00015670269,0
LA_D_3592558,0,3.9867566e-05,0
LA_D_3598874,0,4.8912327e-05,0
LA_D_3609350,0,3.662658e-05,0
LA_D_3620195,0,3.2177817e-05,0
LA_D_3685537,0,6.199419e-05,0
LA_D_3701395,0,1.3856215e-05,0
LA_D_3766418,0,3.973063e-05,0
LA_D_3776986,0,3.9672927e-05,0
LA_D_3802428,0,4.7867394e-05,0
LA_D_3836323,0,6.3300446e-05,0
LA_D_3842769,0,5.8992748e-05,0
LA_D_3905640,0,0.00013902997,0
LA_D_3913619,0,7.828127e-05,0
LA_D_3913963,0,3.2176195e-05,0
LA_D_3939556,0,9.8016186e-05,0
LA_D_3944698,0,4.7469905e-05,0
LA_D_3961777,0,1.1638246e-05,0
LA_D_3962756,0,3.3891174e-05,0
LA_D_3968374,0,0.0001156355,0
LA_D_3978838,0,4.5293997e-05,0
LA_D_3983408,0,4.819962e-05,0
LA_D_3992187,0,5.3932956e-05,0
LA_D_3993716,0,7.316583e-05,0
LA_D_4048492,0,0.00022341294,0
LA_D_4072384,0,4.9443624e-05,0
LA_D_4119433,0,6.420936e-05,0
LA_D_4140334,0,6.5805194e-05,0
LA_D_4164321,0,4.951851e-05,0
LA_D_4169471,0,8.058243e-05,0
LA_D_4176806,0,7.713492e-05,0
LA_D_4183043,0,2.4305084e-05,0
LA_D_4198345,0,9.903915e-05,0
LA_D_4210361,0,5.294213e-05,0
LA_D_4214532,0,5.60118e-05,0
LA_D_4230768,0,5.5188917e-05,0
LA_D_4238241,0,5.7832698e-05,0
LA_D_4255447,0,9.531442e-05,0
LA_D_4282121,0,2.516535e-05,0
LA_D_4296919,0,3.859174e-05,0
LA_D_4320168,0,0.00014535747,0
LA_D_4341923,0,5.201364e-05,0
LA_D_4407489,0,8.953655e-05,0
LA_D_4410974,0,3.539748e-05,0
LA_D_4432822,0,0.00011383263,0
LA_D_4495766,0,2.276608e-05,0
LA_D_4521523,0,4.0802217e-05,0
LA_D_4534583,0,5.0877457e-05,0
LA_D_4542167,0,9.342495e-06,0
LA_D_4575352,0,5.305246e-05,0
LA_D_4579048,0,3.0524122e-06,0
LA_D_4609177,0,6.0228413e-05,0
LA_D_4609622,0,3.6238256e-05,0
LA_D_4610333,0,0.00012539023,0
LA_D_4615434,0,5.3235206e-05,0
LA_D_4638796,0,7.581094e-05,0
LA_D_4641933,0,3.4368375e-05,0
LA_D_4654330,0,6.42754e-05,0
LA_D_4657107,0,3.8776638e-05,0
LA_D_4673595,0,3.3352648e-05,0
LA_D_4675553,0,8.231226e-05,0
LA_D_4686032,0,7.566606e-05,0
LA_D_4686386,0,5.624651e-05,0
LA_D_4722400,0,3.116346e-05,0
LA_D_4733662,0,8.906131e-05,0
LA_D_4758309,0,7.946912e-05,0
LA_D_4774815,0,4.2655396e-05,0
LA_D_4782016,0,6.490896e-05,0
LA_D_4836375,0,4.25189e-05,0
LA_D_4889508,0,0.000114376,0
LA_D_4920577,0,7.8848105e-05,0
LA_D_4994551,0,4.5812943e-05,0
LA_D_5006461,0,2.0779342e-05,0
LA_D_5071327,0,6.2812425e-05,0
LA_D_5128130,0,7.555992e-05,0
LA_D_5157134,0,5.9471055e-05,0
LA_D_5170078,0,6.415513e-05,0
LA_D_5182485,0,4.4619715e-05,0
LA_D_5191983,0,1.6252798e-05,0
LA_D_5194315,0,1.8576815e-05,0
LA_D_5198994,0,6.138175e-05,0
LA_D_5204212,0,7.695125e-05,0
LA_D_5233163,0,8.408564e-05,0
LA_D_5242024,0,3.9999024e-05,0
LA_D_5259188,0,6.0123974e-05,0
LA_D_5260119,0,4.3429976e-05,0
LA_D_5264556,0,5.3949316e-05,0
LA_D_5277511,0,5.1806714e-05,0
LA_D_5318067,0,5.266764e-05,0
LA_D_5320783,0,8.487714e-05,0
LA_D_5337117,0,4.739211e-05,0
LA_D_5343311,0,4.634331e-05,0
LA_D_5347974,0,6.0765742e-05,0
LA_D_5356184,0,4.2852e-05,0
LA_D_5398124,0,5.263746e-05,0
LA_D_5421873,0,4.2491174e-05,0
LA_D_5425041,0,3.5776487e-05,0
LA_D_5434356,0,5.9394428e-05,0
LA_D_5440849,0,5.8200232e-05,0
LA_D_5485420,0,4.6698486e-05,0
LA_D_5485641,0,8.6661305e-05,0
LA_D_5494239,0,7.8203004e-05,0
LA_D_5504869,0,5.2171315e-05,0
LA_D_5507640,0,0.00010541659,0
LA_D_5520997,0,4.7179856e-05,0
LA_D_5525698,0,4.5686073e-05,0
LA_D_5527718,0,4.854374e-05,0
LA_D_5529420,0,5.10514e-05,0
LA_D_5567164,0,4.018702e-05,0
LA_D_5613254,0,5.4513115e-05,0
LA_D_5647507,0,9.846214e-06,0
LA_D_5658035,0,3.7762133e-05,0
LA_D_5693315,0,6.569397e-05,0
LA_D_5707973,0,4.766619e-05,0
LA_D_5739561,0,3.7888134e-05,0
LA_D_5814082,0,4.62633e-05,0
LA_D_5835729,0,9.86605e-05,0
LA_D_5852175,0,5.50513e-05,0
LA_D_5858599,0,2.2678385e-05,0
LA_D_5894538,0,3.5073957e-05,0
LA_D_5899353,0,5.176681e-05,0
LA_D_5905495,0,5.4341424e-05,0
LA_D_5917788,0,1.9311809e-05,0
LA_D_5918913,0,3.5509318e-05,0
LA_D_5921381,0,4.342923e-05,0
LA_D_5933472,0,5.0024177e-05,0
LA_D_5962669,0,7.698839e-05,0
LA_D_6027288,0,5.0429826e-05,0
LA_D_6038110,0,5.3281216e-05,0
LA_D_6065472,0,4.9744463e-05,0
LA_D_6074404,0,6.15356e-05,0
LA_D_6116156,0,6.4668326e-05,0
LA_D_6122657,0,4.250524e-05,0
LA_D_6132835,0,0.00019756387,0
LA_D_6232550,0,7.260923e-05,0
LA_D_6257881,0,5.451447e-05,0
LA_D_6261315,0,6.973372e-05,0
LA_D_6296466,0,5.2909076e-05,0
LA_D_6354261,0,3.8688322e-05,0
LA_D_6380154,0,5.6595218e-05,0
LA_D_6426863,0,1.1982237e-05,0
LA_D_6426887,0,6.0856495e-05,0
LA_D_6503636,0,7.0157796e-05,0
LA_D_6537993,0,8.267782e-05,0
LA_D_6573047,0,1.0252087e-05,0
LA_D_6589288,0,2.5466112e-05,0
LA_D_6626704,0,1.2591398e-05,0
LA_D_6640884,0,8.739242e-06,0
LA_D_6655218,0,6.0850984e-05,0
LA_D_6658491,0,5.363854e-05,0
LA_D_6668678,0,4.976401e-05,0
LA_D_6681088,0,5.0761726e-05,0
LA_D_6710896,0,3.46296e-05,0
LA_D_6715399,0,6.164155e-05,0
LA_D_6721387,0,4.9433253e-05,0
LA_D_6735934,0,1.216668e-06,0
LA_D_6739692,0,6.119875e-05,0
LA_D_6761573,0,2.8148044e-05,0
LA_D_6836932,0,1.2900259e-05,0
LA_D_6844665,0,8.3481624e-05,0
LA_D_6850823,0,2.315595e-06,0
LA_D_6886899,0,3.3132765e-05,0
LA_D_6913182,0,4.6863952e-05,0
LA_D_6943890,0,3.2282227e-05,0
LA_D_6952051,0,6.0336886e-05,0
LA_D_6984478,0,8.9269284e-05,0
LA_D_7001993,0,5.3610212e-05,0
LA_D_7027043,0,3.776919e-05,0
LA_D_7032136,0,6.133453e-05,0
LA_D_7038850,0,7.018463e-05,0
LA_D_7042766,0,0.00022782705,0
LA_D_7042962,0,8.219814e-05,0
LA_D_7059979,0,5.3543794e-05,0
LA_D_7068087,0,2.5399545e-06,0
LA_D_7093402,0,4.7338046e-05,0
LA_D_7116488,0,6.0927625e-05,0
LA_D_7120234,0,3.969427e-05,0
LA_D_7167976,0,8.934312e-05,0
LA_D_7191777,0,7.4278396e-05,0
LA_D_7223220,0,6.3570005e-05,0
LA_D_7236647,0,6.473353e-05,0
LA_D_7239373,0,0.000116041105,0
LA_D_7263077,0,6.6362525e-05,0
LA_D_7279307,0,5.9444632e-05,0
LA_D_7286303,0,6.733132e-05,0
LA_D_7294510,0,7.7325225e-05,0
LA_D_7299134,0,5.8163056e-05,0
LA_D_7306327,0,7.42335e-05,0
LA_D_7309140,0,2.3746034e-05,0
LA_D_7315445,0,3.871416e-05,0
LA_D_7350586,0,4.4817163e-05,0
LA_D_7373868,0,7.9373014e-05,0
LA_D_7374243,0,2.7195287e-05,0
LA_D_7415677,0,5.3185682e-05,0
LA_D_7432070,0,3.744877e-05,0
LA_D_7445190,0,5.2752635e-05,0
LA_D_7529026,0,4.194013e-05,0
LA_D_7542467,0,3.690599e-05,0
LA_D_7552264,0,2.2255073e-05,0
LA_D_7572613,0,0.00010906412,0
LA_D_7574385,0,6.903179e-05,0
LA_D_7582835,0,3.8553746e-05,0
LA_D_7584092,0,4.011668e-05,0
LA_D_7586206,0,5.2753396e-05,0
LA_D_7588186,0,5.773159e-05,0
LA_D_7600602,0,6.733915e-05,0
LA_D_7615544,0,6.406648e-05,0
LA_D_7691445,0,2.1395488e-06,0
LA_D_7695039,0,6.359322e-05,0
LA_D_7695465,0,4.8314898e-05,0
LA_D_7701169,0,3.8105685e-05,0
LA_D_7713348,0,7.2302246e-05,0
LA_D_7748377,0,3.912946e-05,0
LA_D_7749562,0,7.7671684e-05,0
LA_D_7775951,0,1.8136494e-05,0
LA_D_7825964,0,3.2120824e-05,0
LA_D_7829594,0,1.31795405e-05,0
LA_D_7832933,0,3.506175e-05,0
LA_D_7834222,0,2.451341e-06,0
LA_D_7843002,0,5.650731e-05,0
LA_D_7844644,0,3.4833956e-05,0
LA_D_7848357,0,4.432421e-05,0
LA_D_7961484,0,2.1064398e-05,0
LA_D_7977738,0,0.00012495852,0
LA_D_8007626,0,4.9899347e-05,0
LA_D_8023041,0,6.5076e-05,0
LA_D_8072757,0,3.7200472e-05,0
LA_D_8099337,0,4.34722e-05,0
LA_D_8127140,0,4.8393245e-05,0
LA_D_8130065,0,3.8673898e-05,0
LA_D_8185366,0,3.1768966e-05,0
LA_D_8187526,0,6.586043e-05,0
LA_D_8191100,0,4.060108e-05,0
LA_D_8194762,0,5.095592e-05,0
LA_D_8254731,0,3.5199098e-06,0
LA_D_8267517,0,5.0572613e-05,0
LA_D_8268464,0,3.549392e-05,0
LA_D_8289361,0,2.3068285e-05,0
LA_D_8296972,0,6.5617394e-05,0
LA_D_8318612,0,4.612568e-05,0
LA_D_8370029,0,5.0842587e-05,0
LA_D_8370479,0,5.4931952e-05,0
LA_D_8372744,0,4.9781003e-05,0
LA_D_8397498,0,2.9273044e-05,0
LA_D_8415664,0,4.94201e-05,0
LA_D_8456126,0,5.003878e-05,0
LA_D_8460539,0,6.0143586e-05,0
LA_D_8541506,0,6.882152e-05,0
LA_D_8544672,0,4.7648013e-05,0
LA_D_8615795,0,5.211204e-05,0
LA_D_8618432,0,3.6561636e-05,0
LA_D_8626873,0,3.2677828e-05,0
LA_D_8695222,0,1.743459e-05,0
LA_D_8726450,0,8.037054e-05,0
LA_D_8783766,0,0.00010733237,0
LA_D_8793320,0,7.974492e-05,0
LA_D_8815599,0,5.816361e-05,0
LA_D_8819400,0,7.6255244e-05,0
LA_D_8845423,0,9.646655e-05,0
LA_D_8867212,0,7.475563e-05,0
LA_D_8867270,0,3.2805845e-05,0
LA_D_8892243,0,1.6881198e-05,0
LA_D_8917998,0,4.6087778e-05,0
LA_D_8932075,0,4.4531807e-05,0
LA_D_8942534,0,7.231224e-05,0
LA_D_8963064,0,2.16518e-05,0
LA_D_8966779,0,3.1186024e-05,0
LA_D_9002280,0,7.585244e-05,0
LA_D_9040549,0,3.9581817e-05,0
LA_D_9076740,0,4.336045e-05,0
LA_D_9076770,0,3.6372243e-05,0
LA_D_9094015,0,7.785381e-05,0
LA_D_9095479,0,4.6141955e-05,0
LA_D_9181985,0,7.172855e-06,0
LA_D_9199206,0,2.3286888e-05,0
LA_D_9209246,0,7.1111564e-05,0
LA_D_9213158,0,0.00010753459,0
LA_D_9241874,0,7.881157e-05,0
LA_D_9325677,0,3.468347e-05,0
LA_D_9327205,0,1.7924729e-06,0
LA_D_9395571,0,0.0005620798,0
LA_D_9410304,0,6.109939e-05,0
LA_D_9419166,0,5.327914e-05,0
LA_D_9438704,0,4.1246407e-05,0
LA_D_9472360,0,4.270176e-05,0
LA_D_9491705,0,4.720461e-05,0
LA_D_9497100,0,6.1944666e-05,0
LA_D_9497941,0,2.8273766e-05,0
LA_D_9501529,0,4.925425e-05,0
LA_D_9553450,0,0.000107315995,0
LA_D_9603467,0,5.8247813e-05,0
LA_D_9604114,0,4.130143e-05,0
LA_D_9630829,0,8.032205e-05,0
LA_D_9695291,0,5.750033e-05,0
LA_D_9711196,0,7.7821e-05,0
LA_D_9711240,0,7.841561e-05,0
LA_D_9739905,0,3.1320684e-05,0
LA_D_9747461,0,4.157822e-05,0
LA_D_9748332,0,4.4319895e-05,0
LA_D_9780476,0,5.0121445e-05,0
LA_D_9814040,0,3.4768644e-05,0
LA_D_9820074,0,4.1624837e-05,0
LA_D_9830381,0,5.5861477e-05,0
LA_D_9840469,0,5.161912e-05,0
LA_D_9853172,0,2.4652629e-05,0
LA_D_9874583,0,5.6030654e-05,0
LA_D_9883936,0,5.8109108e-05,0
LA_D_9895350,0,4.38009e-05,0
LA_D_9911701,0,4.3340857e-05,0
LA_D_9952323,0,6.406392e-05,0
LA_D_9969564,0,2.0410624e-05,0
LA_D_1029606,0,7.386097e-05,0
LA_D_1052124,0,1.2111693e-05,0
LA_D_1083957,0,4.502334e-05,0
LA_D_1084800,0,8.458134e-05,0
LA_D_1087236,0,6.757137e-05,0
LA_D_1113123,0,5.295415e-05,0
LA_D_1168419,0,2.9077313e-05,0
LA_D_1226191,0,4.133315e-05,0
LA_D_1247401,0,6.30544e-05,0
LA_D_1254787,0,4.792042e-05,0
LA_D_1287933,0,7.481241e-05,0
LA_D_1340997,0,9.166473e-05,0
LA_D_1341055,0,4.9584094e-05,0
LA_D_1397617,0,3.998148e-05,0
LA_D_1432705,0,8.1472695e-05,0
LA_D_1448058,0,5.7939684e-05,0
LA_D_1468938,0,7.926145e-05,0
LA_D_1491936,0,3.0478444e-05,0
LA_D_1492428,0,5.0483373e-05,0
LA_D_1504555,0,2.3789076e-05,0
LA_D_1571128,0,5.8625636e-05,0
LA_D_1598091,0,3.6077196e-05,0
LA_D_1622483,0,3.890005e-05,0
LA_D_1642025,0,6.263764e-05,0
LA_D_1652144,0,5.1840812e-05,0
LA_D_1667446,0,5.2846393e-05,0
LA_D_1691998,0,4.9323862e-05,0
LA_D_1703470,0,5.7742658e-05,0
LA_D_1823913,0,3.929051e-05,0
LA_D_1862205,0,5.873117e-05,0
LA_D_1903430,0,4.7318903e-05,0
LA_D_1923328,0,3.5300058e-05,0
LA_D_1937650,0,4.878199e-05,0
LA_D_1939085,0,5.8958158e-05,0
LA_D_1964826,0,6.40605e-05,0
LA_D_1970302,0,5.194181e-05,0
LA_D_1986407,0,6.978866e-05,0
LA_D_2082512,0,6.333764e-05,0
LA_D_2103152,0,2.8932347e-05,0
LA_D_2110587,0,4.717329e-05,0
LA_D_2113104,0,1.0664312e-05,0
LA_D_2207462,0,0.00028876058,0
LA_D_2223569,0,4.3745258e-05,0
LA_D_2227292,0,1.1415844e-05,0
LA_D_2238824,0,8.2273575e-05,0
LA_D_2263743,0,5.5387212e-05,0
LA_D_2288054,0,5.6075933e-05,0
LA_D_2295069,0,8.237516e-05,0
LA_D_2298574,0,4.8513753e-05,0
LA_D_2304305,0,7.666195e-05,0
LA_D_2309823,0,3.3158685e-05,0
LA_D_2317032,0,5.5427525e-05,0
LA_D_2333530,0,3.6111684e-05,0
LA_D_2372128,0,6.2559084e-05,0
LA_D_2390461,0,6.806611e-05,0
LA_D_2410631,0,8.6200744e-05,0
LA_D_2443087,0,4.8980382e-05,0
LA_D_2479103,0,7.492821e-05,0
LA_D_2490886,0,6.678521e-05,0
LA_D_2573622,0,1.9883648e-05,0
LA_D_2600197,0,3.5249563e-05,0
LA_D_2626718,0,8.784277e-05,0
LA_D_2638287,0,6.218829e-05,0
LA_D_2656557,0,4.138683e-05,0
LA_D_2666429,0,0.000244966,0
LA_D_2729675,0,9.555486e-05,0
LA_D_2735904,0,2.50643e-05,0
LA_D_2752407,0,4.8715887e-05,0
LA_D_2756344,0,4.9224247e-05,0
LA_D_2847845,0,6.329525e-05,0
LA_D_2852269,0,0.00012552853,0
LA_D_2855965,0,6.644135e-05,0
LA_D_2876907,0,2.684892e-05,0
LA_D_2878565,0,5.276406e-05,0
LA_D_2901547,0,6.802718e-05,0
LA_D_2955664,0,5.842232e-05,0
LA_D_2963628,0,8.198552e-05,0
LA_D_2966325,0,3.985734e-05,0
LA_D_2981926,0,3.8902126e-05,0
LA_D_3050425,0,4.804259e-05,0
LA_D_3064498,0,4.1600033e-05,0
LA_D_3076331,0,7.820338e-05,0
LA_D_3077841,0,5.683909e-05,0
LA_D_3084595,0,3.91445e-05,0
LA_D_3099139,0,0.0001002969,0
LA_D_3104265,0,5.490854e-05,0
LA_D_3140574,0,7.633484e-05,0
LA_D_3151999,0,8.192722e-05,0
LA_D_3257359,0,6.590542e-05,0
LA_D_3289644,0,5.586404e-05,0
LA_D_3304166,0,3.80612e-05,0
LA_D_3304705,0,0.00013350656,0
LA_D_3310432,0,0.00060025055,0
LA_D_3311498,0,7.09865e-05,0
LA_D_3390471,0,8.737926e-05,0
LA_D_3390671,0,5.8167218e-05,0
LA_D_3390960,0,2.7272814e-05,0
LA_D_3457413,0,6.608113e-05,0
LA_D_3474687,0,5.9706534e-05,0
LA_D_3490885,0,2.6039446e-05,0
LA_D_3587778,0,5.181096e-05,0
LA_D_3602354,0,5.984249e-05,0
LA_D_3617684,0,7.566461e-05,0
LA_D_3670871,0,3.44652e-05,0
LA_D_3672627,0,5.929584e-05,0
LA_D_3731862,0,6.937872e-05,0
LA_D_3753870,0,5.1499148e-05,0
LA_D_3829895,0,4.7274254e-05,0
LA_D_3864988,0,3.8975875e-05,0
LA_D_3870377,0,9.6421856e-05,0
LA_D_3882541,0,6.493782e-05,0
LA_D_3884708,0,8.326934e-05,0
LA_D_3897435,0,2.9300585e-05,0
LA_D_3921756,0,6.812858e-05,0
LA_D_3943903,0,5.8213718e-05,0
LA_D_3947988,0,0.000121323734,0
LA_D_3961466,0,5.7805577e-05,0
LA_D_4007402,0,5.2415264e-05,0
LA_D_4038984,0,4.610395e-05,0
LA_D_4055931,0,6.247717e-05,0
LA_D_4065822,0,2.9767549e-05,0
LA_D_4093293,0,3.4963683e-05,0
LA_D_4126687,0,4.597632e-05,0
LA_D_4156385,0,9.503798e-05,0
LA_D_4163117,0,4.2788906e-05,0
LA_D_4181954,0,6.73143e-05,0
LA_D_4211012,0,5.5952376e-05,0
LA_D_4234951,0,6.007297e-05,0
LA_D_4243231,0,3.6173966e-05,0
LA_D_4276636,0,3.721143e-05,0
LA_D_4292190,0,0.000113178685,0
LA_D_4298361,0,0.0001091716,0
LA_D_4305238,0,9.733402e-05,0
LA_D_4311165,0,5.914716e-06,0
LA_D_4334642,0,4.161031e-05,0
LA_D_4336024,0,3.5582777e-06,0
LA_D_4350851,0,0.00014664452,0
LA_D_4355020,0,4.7962752e-05,0
LA_D_4361943,0,4.3974927e-05,0
LA_D_4372295,0,4.973739e-05,0
LA_D_4374564,0,7.522719e-05,0
LA_D_4375051,0,8.396721e-05,0
LA_D_4390307,0,1.142618e-05,0
LA_D_4391563,0,4.0938397e-05,0
LA_D_4417257,0,2.9256049e-05,0
LA_D_4436297,0,7.79892e-05,0
LA_D_4453806,0,0.000505927,0
LA_D_4463094,0,7.9910715e-05,0
LA_D_4505477,0,5.6424597e-05,0
LA_D_4533955,0,9.6176576e-05,0
LA_D_4568370,0,7.905809e-05,0
LA_D_4568424,0,3.3115142e-05,0
LA_D_4602007,0,4.3571938e-05,0
LA_D_4610040,0,4.8253612e-05,0
LA_D_4630224,0,9.12762e-06,0
LA_D_4633338,0,9.025095e-05,0
LA_D_4648977,0,0.00026241038,0
LA_D_4659487,0,2.3563223e-05,0
LA_D_4676410,0,9.6605e-05,0
LA_D_4680226,0,1.5086314e-05,0
LA_D_4690232,0,5.972419e-05,0
LA_D_4691564,0,4.1627973e-05,0
LA_D_4698459,0,2.6298763e-05,0
LA_D_4740585,0,0.00010995392,0
LA_D_4789290,0,3.681312e-05,0
LA_D_4794598,0,4.724307e-06,0
LA_D_4804010,0,6.827309e-05,0
LA_D_4821192,0,5.6199056e-05,0
LA_D_4821332,0,3.826617e-05,0
LA_D_4822594,0,0.000111630514,0
LA_D_4830664,0,3.764915e-05,0
LA_D_4906029,0,1.4266458e-05,0
LA_D_4929206,0,4.900697e-05,0
LA_D_4941408,0,2.9450794e-05,0
LA_D_4954705,0,4.5323035e-05,0
LA_D_4963222,0,4.6714256e-05,0
LA_D_4967924,0,3.3883996e-05,0
LA_D_4983943,0,5.394777e-05,0
LA_D_5005032,0,4.9113496e-05,0
LA_D_5010017,0,5.5243152e-05,0
LA_D_5035214,0,5.1960487e-05,0
LA_D_5058945,0,3.33881e-05,0
LA_D_5069139,0,4.0689996e-05,0
LA_D_5080060,0,4.3925804e-05,0
LA_D_5080686,0,3.7435348e-05,0
LA_D_5125281,0,5.867804e-05,0
LA_D_5125885,0,5.260239e-05,0
LA_D_5126506,0,4.3829066e-05,0
LA_D_5145716,0,8.328332e-05,0
LA_D_5171765,0,6.1764586e-05,0
LA_D_5194284,0,7.813376e-05,0
LA_D_5228153,0,5.1530984e-05,0
LA_D_5247869,0,4.1848718e-05,0
LA_D_5262139,0,3.509447e-05,0
LA_D_5263872,0,8.091544e-06,0
LA_D_5272930,0,6.552529e-05,0
LA_D_5298319,0,4.1536473e-06,0
LA_D_5320532,0,7.4761345e-05,0
LA_D_5384581,0,6.7424095e-05,0
LA_D_5480150,0,3.1209383e-05,0
LA_D_5494426,0,6.958213e-05,0
LA_D_5519767,0,4.1572985e-05,0
LA_D_5527401,0,6.183761e-05,0
LA_D_5530183,0,0.00010187425,0
LA_D_5539571,0,2.8803668e-05,0
LA_D_5561063,0,9.149862e-05,0
LA_D_5620308,0,5.2101605e-05,0
LA_D_5652448,0,9.034506e-05,0
LA_D_5689945,0,5.9600105e-05,0
LA_D_5752067,0,4.0028863e-05,0
LA_D_5793309,0,2.9964635e-06,0
LA_D_5795010,0,2.0406458e-05,0
LA_D_5820814,0,7.2512914e-05,0
LA_D_5847429,0,9.9768455e-05,0
LA_D_5857393,0,6.8436566e-05,0
LA_D_5857531,0,9.447613e-05,0
LA_D_5897910,0,7.104907e-05,0
LA_D_5953271,0,2.9673085e-05,0
LA_D_5959349,0,3.557908e-05,0
LA_D_5988248,0,3.3711978e-05,0
LA_D_6008891,0,5.9683876e-05,0
LA_D_6017002,0,2.874692e-05,0
LA_D_6022747,0,4.7580175e-05,0
LA_D_6035065,0,0.00063030055,0
LA_D_6044580,0,8.9449684e-05,0
LA_D_6048625,0,8.4757674e-05,0
LA_D_6066336,0,5.22175e-05,0
LA_D_6096018,0,4.9560746e-05,0
LA_D_6149858,0,3.6786972e-05,0
LA_D_6152637,0,4.5750818e-05,0
LA_D_6198905,0,9.016812e-05,0
LA_D_6229325,0,3.125084e-05,0
LA_D_6231894,0,4.3475764e-05,0
LA_D_6257405,0,8.1454906e-05,0
LA_D_6263042,0,9.100923e-05,0
LA_D_6322392,0,5.800569e-05,0
LA_D_6340625,0,4.0103678e-05,0
LA_D_6374187,0,6.1180195e-05,0
LA_D_6375662,0,2.9603805e-05,0
LA_D_6392842,0,2.784664e-05,0
LA_D_6443831,0,3.5639863e-05,0
LA_D_6475427,0,3.970411e-05,0
LA_D_6486228,0,4.914442e-05,0
LA_D_6492372,0,2.2967837e-05,0
LA_D_6569575,0,7.952681e-05,0
LA_D_6583550,0,6.443656e-05,0
LA_D_6618021,0,7.76905e-05,0
LA_D_6618951,0,5.1239032e-05,0
LA_D_6640736,0,8.976361e-05,0
LA_D_6651226,0,2.5073601e-05,0
LA_D_6662906,0,5.5696055e-05,0
LA_D_6675082,0,3.419589e-05,0
LA_D_6701429,0,6.598428e-05,0
LA_D_6767666,0,2.9294211e-05,0
LA_D_6775046,0,1.4182921e-05,0
LA_D_6788843,0,0.00012392402,0
LA_D_6810614,0,5.5656445e-05,0
LA_D_6829505,0,5.6427238e-05,0
LA_D_6852874,0,6.613963e-05,0
LA_D_6905320,0,7.3408824e-05,0
LA_D_6920247,0,5.303693e-05,0
LA_D_6923223,0,3.7558533e-05,0
LA_D_6938086,0,8.258311e-05,0
LA_D_6958359,0,1.805733e-05,0
LA_D_6974451,0,2.2157046e-05,0
LA_D_6984485,0,7.504261e-05,0
LA_D_6988774,0,0.00010713715,0
LA_D_6992460,0,1e-06,0
LA_D_7006704,0,4.028598e-05,0
LA_D_7041540,0,5.000462e-05,0
LA_D_7045410,0,2.7905284e-05,0
LA_D_7097297,0,4.710509e-05,0
LA_D_7105348,0,4.9104317e-05,0
LA_D_7124246,0,8.430844e-05,0
LA_D_7137473,0,1.0911899e-05,0
LA_D_7153277,0,4.1010924e-05,0
LA_D_7194671,0,6.543612e-05,0
LA_D_7199936,0,5.237759e-05,0
LA_D_7206299,0,3.7219666e-05,0
LA_D_7228225,0,3.402725e-05,0
LA_D_7247110,0,7.507554e-05,0
LA_D_7282970,0,5.2690193e-05,0
LA_D_7295018,0,7.020101e-06,0
LA_D_7313474,0,5.280569e-05,0
LA_D_7332763,0,1.5923282e-05,0
LA_D_7375023,0,4.8464368e-05,0
LA_D_7384634,0,8.544813e-05,0
LA_D_7410425,0,5.4402604e-05,0
LA_D_7421730,0,4.3195985e-05,0
LA_D_7465143,0,8.4595864e-05,0
LA_D_7510274,0,0.0001403291,0
LA_D_7511921,0,5.7361656e-05,0
LA_D_7533882,0,5.9435675e-05,0
LA_D_7541001,0,4.7104688e-05,0
LA_D_7606787,0,5.8982674e-05,0
LA_D_7612955,0,3.4828543e-05,0
LA_D_7615723,0,5.89137e-05,0
LA_D_7616930,0,9.812524e-05,0
LA_D_7626781,0,4.5271026e-05,0
LA_D_7627311,0,5.1136423e-05,0
LA_D_7671577,0,8.360902e-05,0
LA_D_7678990,0,5.6969595e-05,0
LA_D_7700044,0,4.8789807e-05,0
LA_D_7760174,0,2.6520596e-05,0
LA_D_7794451,0,0.00010526231,0
LA_D_7805800,0,5.933201e-06,0
LA_D_7811982,0,4.355536e-05,0
LA_D_7812727,0,3.4076154e-05,0
LA_D_7830572,0,6.650233e-05,0
LA_D_7853731,0,0.00023013493,0
LA_D_7867502,0,3.8564296e-05,0
LA_D_7875523,0,4.973887e-05,0
LA_D_7893978,0,3.0019244e-05,0
LA_D_7897572,0,2.8478016e-05,0
LA_D_7905821,0,8.0384954e-05,0
LA_D_7906958,0,0.00016823002,0
LA_D_7908893,0,2.9494613e-05,0
LA_D_7935190,0,5.4135253e-05,0
LA_D_7943905,0,6.156706e-05,0
LA_D_7958267,0,1.4207858e-05,0
LA_D_7961111,0,5.6270168e-05,0
LA_D_8021505,0,6.244566e-05,0
LA_D_8027860,0,1.9873392e-05,0
LA_D_8040350,0,7.170317e-05,0
LA_D_8140433,0,6.0189486e-05,0
LA_D_8204422,0,4.7982197e-05,0
LA_D_8227771,0,6.410376e-05,0
LA_D_8230373,0,6.592271e-05,0
LA_D_8358684,0,8.8640976e-05,0
LA_D_8377698,0,6.8353154e-05,0
LA_D_8409251,0,4.741118e-05,0
LA_D_8424992,0,6.388833e-05,0
LA_D_8450267,0,3.977756e-05,0
LA_D_8460500,0,2.5231506e-05,0
LA_D_8485154,0,1.9184456e-05,0
LA_D_8490994,0,5.1614148e-05,0
LA_D_8491335,0,2.0804822e-05,0
LA_D_8501696,0,8.649585e-05,0
LA_D_8525949,0,4.5220888e-05,0
LA_D_8546971,0,4.5175024e-05,0
LA_D_8559738,0,5.7658905e-05,0
LA_D_8582199,0,4.8303336e-05,0
LA_D_8615505,0,3.0197636e-05,0
LA_D_8733886,0,7.271746e-05,0
LA_D_8798813,0,4.4938963e-05,0
LA_D_8836237,0,5.817515e-05,0
LA_D_8837074,0,8.3624414e-05,0
LA_D_8854126,0,4.260491e-05,0
LA_D_8916997,0,4.6126297e-05,0
LA_D_8917353,0,7.403599e-05,0
LA_D_8935601,0,6.732913e-05,0
LA_D_8945179,0,3.7176495e-05,0
LA_D_8951164,0,6.1994666e-05,0
LA_D_8960763,0,4.9179576e-05,0
LA_D_8962029,0,4.045908e-05,0
LA_D_8978572,0,6.4615e-05,0
LA_D_9005877,0,6.459368e-05,0
LA_D_9013780,0,4.4859666e-05,0
LA_D_9042039,0,9.942702e-05,0
LA_D_9043493,0,4.465279e-05,0
LA_D_9044901,0,2.677602e-05,0
LA_D_9058018,0,0.00011693518,0
LA_D_9059202,0,0.0019291174,0
LA_D_9074658,0,6.271953e-05,0
LA_D_9084504,0,5.7455378e-05,0
LA_D_9095917,0,6.981102e-05,0
LA_D_9111015,0,7.433878e-05,0
LA_D_9124970,0,3.8668957e-05,0
LA_D_9132111,0,0.00016146524,0
LA_D_9148550,0,5.3400916e-05,0
LA_D_9161502,0,5.1423085e-05,0
LA_D_9183154,0,4.323823e-05,0
LA_D_9192698,0,1.6334032e-05,0
LA_D_9227602,0,5.5979814e-05,0
LA_D_9248420,0,2.1645152e-05,0
LA_D_9292429,0,3.9493247e-05,0
LA_D_9300463,0,7.034135e-05,0
LA_D_9303843,0,8.124011e-05,0
LA_D_9325354,0,3.222812e-05,0
LA_D_9332785,0,2.540082e-05,0
LA_D_9365119,0,5.8786478e-05,0
LA_D_9390557,0,3.957068e-05,0
LA_D_9407049,0,4.7270198e-05,0
LA_D_9407190,0,3.871903e-05,0
LA_D_9451053,0,6.261095e-05,0
LA_D_9456766,0,3.497983e-05,0
LA_D_9473902,0,4.121401e-05,0
LA_D_9500996,0,4.4213135e-05,0
LA_D_9501737,0,6.346576e-05,0
LA_D_9514508,0,5.704848e-05,0
LA_D_9532131,0,4.5847646e-05,0
LA_D_9542892,0,7.222477e-06,0
LA_D_9558237,0,6.270942e-05,0
LA_D_9564003,0,4.4095526e-05,0
LA_D_9603372,0,2.3580667e-05,0
LA_D_9671660,0,5.2500407e-05,0
LA_D_9681171,0,5.2333653e-05,0
LA_D_9683822,0,2.5544772e-05,0
LA_D_9685452,0,4.2471485e-05,0
LA_D_9687748,0,3.561615e-05,0
LA_D_9699380,0,4.228768e-05,0
LA_D_9739181,0,3.4749282e-05,0
LA_D_9742208,0,3.9272636e-05,0
LA_D_9753761,0,4.9183564e-05,0
LA_D_9762474,0,5.4100678e-05,0
LA_D_9896543,0,3.662857e-05,0
LA_D_9905368,0,6.746178e-05,0
LA_D_9914380,0,8.617034e-05,0
LA_D_9939904,0,4.077849e-05,0
LA_D_9947685,0,5.3482763e-05,0
LA_D_9975906,0,0.002223775,0
LA_D_9986158,0,3.7787388e-05,0
LA_D_9992230,0,1.3307378e-05,0
LA_D_9998910,0,4.6088702e-05,0
LA_D_1017803,0,8.350553e-06,0
LA_D_1042992,0,2.8850265e-05,0
LA_D_1055140,0,5.50841e-06,0
LA_D_1058368,0,3.4801287e-05,0
LA_D_1077352,0,5.9566744e-05,0
LA_D_1079715,0,2.0370526e-05,0
LA_D_1082954,0,3.5801128e-05,0
LA_D_1086858,0,2.6719907e-05,0
LA_D_1091158,0,9.409348e-05,0
LA_D_1105424,0,0.0002573335,0
LA_D_1140841,0,2.2986464e-05,0
LA_D_1171628,0,8.76346e-05,0
LA_D_1183633,0,4.140523e-05,0
LA_D_1197682,0,4.4116434e-05,0
LA_D_1211244,0,2.9496441e-05,0
LA_D_1219723,0,0.00011186803,0
LA_D_1239375,0,6.310077e-05,0
LA_D_1273074,0,4.6781166e-05,0
LA_D_1296557,0,5.284423e-05,0
LA_D_1301496,0,5.1274128e-05,0
LA_D_1323623,0,7.948314e-05,0
LA_D_1330281,0,4.6458536e-05,0
LA_D_1412811,0,3.4590288e-05,0
LA_D_1456958,0,6.1475825e-05,0
LA_D_1481223,0,4.9617727e-05,0
LA_D_1526344,0,3.898465e-05,0
LA_D_1539849,0,5.5671528e-05,0
LA_D_1540420,0,5.4268356e-05,0
LA_D_1592340,0,6.170848e-05,0
LA_D_1670451,0,0.00013013824,0
LA_D_1691700,0,6.103824e-05,0
LA_D_1753171,0,4.1708994e-05,0
LA_D_1769224,0,5.418329e-05,0
LA_D_1778012,0,5.230686e-05,0
LA_D_1809211,0,0.000101228645,0
LA_D_1810169,0,7.43809e-05,0
LA_D_1847356,0,5.108505e-05,0
LA_D_1901163,0,7.255247e-05,0
LA_D_1958912,0,0.00017643633,0
LA_D_1959845,0,3.6060097e-05,0
LA_D_1978493,0,4.864504e-05,0
LA_D_1992911,0,0.00015654709,0
LA_D_2009466,0,0.00013596735,0
LA_D_2011815,0,0.0001382827,0
LA_D_2037976,0,4.3927565e-05,0
LA_D_2130837,0,9.75561e-05,0
LA_D_2134521,0,7.3612326e-05,0
LA_D_2186225,0,5.2121777e-05,0
LA_D_2204777,0,5.1480194e-05,0
LA_D_2208415,0,8.9741276e-05,0
LA_D_2216630,0,5.040189e-05,0
LA_D_2220324,0,9.509881e-05,0
LA_D_2223464,0,4.1239524e-05,0
LA_D_2238664,0,3.3193173e-05,0
LA_D_2244382,0,5.918568e-05,0
LA_D_2273149,0,4.330826e-05,0
LA_D_2301514,0,6.046874e-05,0
LA_D_2353988,0,4.80644e-05,0
LA_D_2369275,0,3.646358e-05,0
LA_D_2388137,0,0.000116312855,0
LA_D_2396921,0,7.495594e-05,0
LA_D_2397611,0,0.0001957527,0
LA_D_2398374,0,9.767442e-05,0
LA_D_2432935,0,6.932046e-05,0
LA_D_2463168,0,4.6221405e-05,0
LA_D_2512126,0,5.6710174e-05,0
LA_D_2512624,0,0.00013113717,0
LA_D_2524995,0,6.128507e-05,0
LA_D_2570202,0,4.1636584e-05,0
LA_D_2597834,0,6.0893126e-05,0
LA_D_2599000,0,0.000119248056,0
LA_D_2603020,0,5.5485387e-05,0
LA_D_2681987,0,0.00014678524,0
LA_D_2724415,0,6.6728295e-05,0
LA_D_2726545,0,4.1572905e-05,0
LA_D_2742658,0,2.4302488e-05,0
LA_D_2789736,0,0.00010278759,0
LA_D_2821899,0,6.2245126e-05,0
LA_D_2850721,0,0.00015097397,0
LA_D_2874880,0,5.7296606e-05,0
LA_D_2984821,0,3.9440707e-05,0
LA_D_2993111,0,5.2349227e-05,0
LA_D_3046260,0,7.058702e-05,0
LA_D_3081964,0,7.612723e-05,0
LA_D_3099136,0,2.9182846e-05,0
LA_D_3197286,0,5.7770474e-05,0
LA_D_3210349,0,4.946546e-05,0
LA_D_3217930,0,0.00010087961,0
LA_D_3220879,0,6.883688e-05,0
LA_D_3235008,0,4.014278e-05,0
LA_D_3264000,0,5.9652586e-05,0
LA_D_3280550,0,5.8101796e-05,0
LA_D_3305667,0,6.800849e-05,0
LA_D_3306070,0,0.00025605282,0
LA_D_3360722,0,5.9112128e-05,0
LA_D_3402820,0,2.9909539e-05,0
LA_D_3454271,0,5.142328e-05,0
LA_D_3598308,0,4.340025e-05,0
LA_D_3622402,0,8.549051e-05,0
LA_D_3674377,0,4.9185248e-05,0
LA_D_3692559,0,1.706576e-05,0
LA_D_3707369,0,4.756611e-05,0
LA_D_3736267,0,4.505637e-05,0
LA_D_3744745,0,5.8710622e-05,0
LA_D_3756775,0,8.030136e-05,0
LA_D_3758585,0,4.4891847e-05,0
LA_D_3801152,0,8.8345114e-05,0
LA_D_3808321,0,3.2685744e-05,0
LA_D_3826682,0,2.4956164e-06,0
LA_D_3848373,0,4.919074e-05,0
LA_D_3864770,0,8.4391046e-05,0
LA_D_3893213,0,9.7622644e-05,0
LA_D_3895363,0,5.4352407e-05,0
LA_D_3905105,0,5.4022108e-05,0
LA_D_3911855,0,6.3231186e-05,0
LA_D_3937674,0,8.862246e-05,0
LA_D_3958353,0,0.000117187454,0
LA_D_3969230,0,3.791694e-05,0
LA_D_3975995,0,4.4554617e-05,0
LA_D_3989106,0,9.348407e-05,0
LA_D_4008042,0,7.5399694e-05,0
LA_D_4017116,0,0.0009309279,0
LA_D_4028634,0,7.4067975e-05,0
LA_D_4038724,0,5.394746e-05,0
LA_D_4054308,0,4.8198057e-05,0
LA_D_4054787,0,2.4881285e-05,0
LA_D_4113739,0,6.613674e-05,0
LA_D_4127364,0,0.0001117449,0
LA_D_4151736,0,6.2075e-05,0
LA_D_4173186,0,5.11795e-05,0
LA_D_4188323,0,4.7655463e-05,0
LA_D_4210311,0,3.869404e-05,0
LA_D_4218902,0,7.746907e-05,0
LA_D_4261231,0,5.4202872e-05,0
LA_D_4284566,0,5.275807e-05,0
LA_D_4310640,0,4.700902e-05,0
LA_D_4385840,0,0.00016136645,0
LA_D_4397439,0,7.0185764e-05,0
LA_D_4415553,0,3.724129e-05,0
LA_D_4445225,0,7.894652e-05,0
LA_D_4456942,0,5.64316e-05,0
LA_D_4482514,0,0.0021397776,0
LA_D_4496096,0,6.336024e-05,0
LA_D_4526443,0,4.4466247e-05,0
LA_D_4553437,0,6.1080165e-05,0
LA_D_4556521,0,0.00013669155,0
LA_D_4564137,0,7.8064644e-05,0
LA_D_4589632,0,4.9056718e-05,0
LA_D_4599870,0,2.9738327e-05,0
LA_D_4611953,0,4.138454e-05,0
LA_D_4613194,0,3.5943332e-05,0
LA_D_4657641,0,5.0628587e-05,0
LA_D_4658339,0,3.938125e-05,0
LA_D_4670841,0,5.6522073e-05,0
LA_D_4678036,0,5.855233e-05,0
LA_D_4679906,0,0.00015766521,0
LA_D_4701013,0,8.4011655e-05,0
LA_D_4711119,0,4.9769893e-05,0
LA_D_4720393,0,3.7751655e-05,0
LA_D_4721080,0,3.6424623e-05,0
LA_D_4723841,0,0.00021395282,0
LA_D_4728402,0,7.785307e-05,0
LA_D_4735914,0,8.687328e-05,0
LA_D_4750835,0,6.825759e-05,0
LA_D_4756307,0,1e-06,0
LA_D_4789100,0,8.759083e-05,0
LA_D_4794215,0,7.2603274e-05,0
LA_D_4803093,0,3.3252163e-05,0
LA_D_4829729,0,6.820938e-05,0
LA_D_4848136,0,8.794737e-05,0
LA_D_4866336,0,3.510166e-05,0
LA_D_4876351,0,4.3312226e-05,0
LA_D_4880181,0,5.1586103e-05,0
LA_D_4896355,0,1.7894612e-05,0
LA_D_4940182,0,5.317163e-05,0
LA_D_4952807,0,0.00024075924,0
LA_D_5014227,0,3.9444472e-05,0
LA_D_5021275,0,0.00012621097,0
LA_D_5023052,0,5.0118193e-05,0
LA_D_5033211,0,7.258279e-05,0
LA_D_5041000,0,8.733586e-05,0
LA_D_5068765,0,4.62768e-05,0
LA_D_5079902,0,4.8970436e-05,0
LA_D_5081043,0,4.0842977e-05,0
LA_D_5083379,0,5.736226e-05,0
LA_D_5084784,0,4.162257e-05,0
LA_D_5131450,0,5.0481358e-05,0
LA_D_5191412,0,0.00042907347,0
LA_D_5279003,0,0.00011034044,0
LA_D_5282521,0,4.0086812e-05,0
LA_D_5354332,0,0.00015750324,0
LA_D_5414610,0,6.7269444e-05,0
LA_D_5450143,0,4.547599e-05,0
LA_D_5455322,0,3.2624208e-05,0
LA_D_5459303,0,6.820554e-05,0
LA_D_5462650,0,5.8746635e-05,0
LA_D_5501009,0,5.1410236e-05,0
LA_D_5508199,0,1.8586918e-05,0
LA_D_5535083,0,4.2147054e-05,0
LA_D_5548565,0,6.0501618e-05,0
LA_D_5564267,0,6.4932676e-05,0
LA_D_5584946,0,5.894399e-05,0
LA_D_5610072,0,8.130838e-05,0
LA_D_5650921,0,7.938089e-05,0
LA_D_5657147,0,3.390588e-05,0
LA_D_5680275,0,5.8054276e-05,0
LA_D_5680626,0,1.2659668e-05,0
LA_D_5682903,0,3.8177084e-05,0
LA_D_5686347,0,6.178938e-05,0
LA_D_5709714,0,3.4929293e-05,0
LA_D_5766006,0,0.00017886689,0
LA_D_5776698,0,4.6286335e-05,0
LA_D_5781195,0,5.222871e-05,0
LA_D_5782474,0,5.160214e-05,0
LA_D_5850105,0,3.9751623e-05,0
LA_D_5861276,0,0.00019156553,0
LA_D_5863422,0,6.437882e-05,0
LA_D_5878622,0,0.0032164706,0
LA_D_5883310,0,6.908362e-05,0
LA_D_5890834,0,3.5088742e-05,0
LA_D_5897153,0,5.9468784e-05,0
LA_D_5944972,0,6.873128e-05,0
LA_D_5946428,0,4.4791097e-05,0
LA_D_5950567,0,4.00347e-05,0
LA_D_5966104,0,4.5666515e-05,0
LA_D_6036963,0,5.026648e-05,0
LA_D_6057959,0,4.5321605e-05,0
LA_D_6077372,0,7.725285e-05,0
LA_D_6107728,0,4.895409e-05,0
LA_D_6122860,0,7.1250855e-05,0
LA_D_6123915,0,0.0002842338,0
LA_D_6166623,0,5.7885667e-05,0
LA_D_6168608,0,4.5104e-05,0
LA_D_6203714,0,4.115753e-05,0
LA_D_6223827,0,4.4760145e-05,0
LA_D_6259909,0,5.5839642e-05,0
LA_D_6291291,0,8.13744e-05,0
LA_D_6320084,0,4.3678774e-05,0
LA_D_6358557,0,2.385398e-05,0
LA_D_6367898,0,5.4849035e-05,0
LA_D_6379619,0,3.9567094e-05,0
LA_D_6400893,0,0.0011629576,0
LA_D_6425500,0,0.00015467188,0
LA_D_6428772,0,4.5965848e-05,0
LA_D_6432379,0,0.0035354763,0
LA_D_6450803,0,3.110227e-05,0
LA_D_6483376,0,1.90292e-06,0
LA_D_6492231,0,9.542757e-05,0
LA_D_6497562,0,5.9427002e-05,0
LA_D_6503230,0,2.2222055e-05,0
LA_D_6507505,0,7.261934e-05,0
LA_D_6544998,0,6.629547e-05,0
LA_D_6591420,0,0.00020516608,0
LA_D_6592060,0,5.4237724e-05,0
LA_D_6602632,0,5.2756965e-05,0
LA_D_6614524,0,0.0001340616,0
LA_D_6680787,0,2.6956444e-05,0
LA_D_6682623,0,6.123775e-05,0
LA_D_6728714,0,9.913657e-05,0
LA_D_6742171,0,4.2021675e-05,0
LA_D_6747634,0,6.790254e-05,0
LA_D_6785143,0,6.300554e-05,0
LA_D_6819533,0,4.839952e-05,0
LA_D_6825802,0,8.3855506e-05,0
LA_D_6826753,0,7.012997e-05,0
LA_D_6843509,0,4.9022063e-05,0
LA_D_6873647,0,6.0929604e-05,0
LA_D_6879975,0,5.1116633e-05,0
LA_D_6881830,0,6.246835e-05,0
LA_D_6889186,0,5.7653626e-05,0
LA_D_6911726,0,5.5874476e-05,0
LA_D_6924409,0,4.0415656e-05,0
LA_D_6935218,0,4.2064697e-05,0
LA_D_6936180,0,8.820865e-05,0
LA_D_6941274,0,1.6236432e-06,0
LA_D_6947699,0,0.0005247472,0
LA_D_6969745,0,3.8568196e-05,0
LA_D_6986110,0,0.00010456353,0
LA_D_6991312,0,4.5002907e-05,0
LA_D_7006139,0,0.00026620083,0
LA_D_7044166,0,3.1706375e-05,0
LA_D_7046648,0,2.943316e-05,0
LA_D_7056175,0,7.057046e-05,0
LA_D_7075319,0,6.268521e-05,0
LA_D_7127827,0,6.5859436e-05,0
LA_D_7194017,0,3.61459e-05,0
LA_D_7207687,0,8.0553844e-05,0
LA_D_7239978,0,7.294687e-05,0
LA_D_7257601,0,8.549711e-05,0
LA_D_7321218,0,9.200678e-05,0
LA_D_7329224,0,3.6959205e-05,0
LA_D_7360298,0,4.080654e-05,0
LA_D_7372099,0,7.488042e-05,0
LA_D_7402838,0,4.1625193e-05,0
LA_D_7411417,0,3.107482e-05,0
LA_D_7421938,0,3.1740685e-05,0
LA_D_7460958,0,4.7973917e-05,0
LA_D_7461040,0,4.266077e-05,0
LA_D_7489520,0,5.3153282e-05,0
LA_D_7538600,0,5.4933153e-05,0
LA_D_7551361,0,4.130281e-05,0
LA_D_7560824,0,5.0414335e-05,0
LA_D_7569592,0,8.897035e-06,0
LA_D_7604595,0,7.203234e-05,0
LA_D_7606194,0,0.000106829175,0
LA_D_7626762,0,4.710613e-05,0
LA_D_7655654,0,0.00010598426,0
LA_D_7687952,0,9.738964e-05,0
LA_D_7697892,0,5.8714595e-05,0
LA_D_7701061,0,4.568899e-05,0
LA_D_7713794,0,0.00072336936,0
LA_D_7725987,0,9.1923386e-05,0
LA_D_7755398,0,3.839923e-05,0
LA_D_7766451,0,3.770751e-05,0
LA_D_7771236,0,4.7922094e-06,0
LA_D_7771464,0,3.8293474e-05,0
LA_D_7771836,0,3.2119045e-05,0
LA_D_7835394,0,6.095797e-05,0
LA_D_7875396,0,5.0899776e-05,0
LA_D_7910852,0,7.64307e-05,0
LA_D_7938616,0,7.592742e-05,0
LA_D_7945877,0,0.00010753111,0
LA_D_8060326,0,6.953596e-05,0
LA_D_8072143,0,7.612069e-05,0
LA_D_8074947,0,8.110557e-05,0
LA_D_8105434,0,5.6393073e-05,0
LA_D_8106678,0,5.6760546e-05,0
LA_D_8118210,0,5.2430958e-05,0
LA_D_8118898,0,2.6113328e-05,0
LA_D_8183593,0,3.3797056e-05,0
LA_D_8214339,0,0.000112223286,0
LA_D_8248080,0,6.7525114e-05,0
LA_D_8296826,0,5.584656e-05,0
LA_D_8315223,0,0.00031835568,0
LA_D_8329694,0,3.414095e-05,0
LA_D_8331688,0,0.000103804705,0
LA_D_8334768,0,2.6736958e-05,0
LA_D_8338091,0,3.376017e-05,0
LA_D_8367791,0,3.843737e-05,0
LA_D_8370214,0,6.896488e-05,0
LA_D_8398012,0,5.8924372e-05,0
LA_D_8429173,0,5.668963e-05,0
LA_D_8458088,0,8.044277e-05,0
LA_D_8552720,0,3.7856025e-05,0
LA_D_8579194,0,6.2330175e-05,0
LA_D_8590568,0,0.000105715066,0
LA_D_8645922,0,0.000108994565,0
LA_D_8687224,0,1.5493579e-05,0
LA_D_8724499,0,7.3090305e-05,0
LA_D_8852715,0,8.3972816e-05,0
LA_D_8856515,0,3.9054008e-05,0
LA_D_8866086,0,3.7376136e-05,0
LA_D_8867730,0,7.2753806e-05,0
LA_D_8908629,0,4.533185e-05,0
LA_D_8915606,0,5.4482356e-05,0
LA_D_8938260,0,4.3509484e-05,0
LA_D_8952804,0,7.098975e-05,0
LA_D_8960387,0,4.2459582e-05,0
LA_D_8976086,0,5.7389672e-05,0
LA_D_8979143,0,3.944473e-05,0
LA_D_8980615,0,7.494893e-05,0
LA_D_8986635,0,3.7515296e-05,0
LA_D_9028867,0,5.5322867e-05,0
LA_D_9030330,0,4.9397062e-05,0
LA_D_9039631,0,9.214877e-05,0
LA_D_9063206,0,0.000120692224,0
LA_D_9071261,0,0.00010253277,0
LA_D_9139978,0,2.6337968e-05,0
LA_D_9141529,0,0.0006662828,0
LA_D_9151005,0,3.0140987e-05,0
LA_D_9166719,0,0.00012145859,0
LA_D_9170002,0,3.7718513e-05,0
LA_D_9184356,0,6.6085915e-05,0
LA_D_9187692,0,3.2209162e-05,0
LA_D_9200915,0,7.532984e-05,0
LA_D_9213314,0,7.637912e-05,0
LA_D_9228123,0,4.64243e-05,0
LA_D_9239795,0,4.9773313e-05,0
LA_D_9253024,0,0.0002315793,0
LA_D_9324060,0,0.00028947697,0
LA_D_9418544,0,4.486069e-05,0
LA_D_9438355,0,0.00022787877,0
LA_D_9444562,0,0.0003572062,0
LA_D_9445999,0,6.7291585e-05,0
LA_D_9457605,0,5.5494165e-05,0
LA_D_9482480,0,9.631847e-05,0
LA_D_9498512,0,3.5313187e-05,0
LA_D_9502387,0,5.832112e-05,0
LA_D_9503729,0,7.354483e-05,0
LA_D_9511470,0,5.787154e-05,0
LA_D_9538410,0,4.647209e-05,0
LA_D_9542467,0,5.594768e-05,0
LA_D_9553252,0,9.0139656e-05,0
LA_D_9568077,0,4.991534e-05,0
LA_D_9590056,0,0.000143195,0
LA_D_9623638,0,0.00010137025,0
LA_D_9712289,0,5.102254e-05,0
LA_D_9714255,0,5.469902e-05,0
LA_D_9719946,0,5.1791943e-05,0
LA_D_9732390,0,9.786788e-05,0
LA_D_9759551,0,0.00030190652,0
LA_D_9762749,0,4.984313e-05,0
LA_D_9792022,0,9.934476e-05,0
LA_D_9795643,0,6.092972e-05,0
LA_D_9800885,0,3.5026496e-05,0
LA_D_9816888,0,0.00011556352,0
LA_D_9826922,0,0.00013967122,0
LA_D_9827302,0,3.9460985e-05,0
LA_D_9883471,0,6.8107795e-05,0
LA_D_9893803,0,4.8163507e-05,0
LA_D_9934914,0,5.7640053e-05,0
LA_D_9936397,0,5.3188167e-05,0
LA_D_9955951,0,0.00010070132,0
LA_D_9958345,0,9.335169e-05,0
LA_D_1054710,0,4.8895727e-05,0
LA_D_1055821,0,2.2054592e-05,0
LA_D_1068623,0,2.5726957e-05,0
LA_D_1083852,0,2.1582739e-05,0
LA_D_1120974,0,4.4915832e-05,0
LA_D_1133783,0,9.894636e-05,0
LA_D_1172519,0,2.7457132e-05,0
LA_D_1190017,0,7.542947e-05,0
LA_D_1218000,0,8.727084e-05,0
LA_D_1261130,0,7.9000965e-05,0
LA_D_1280552,0,0.00014173385,0
LA_D_1287088,0,0.00035647326,0
LA_D_1344611,0,0.00013186847,0
LA_D_1399820,0,7.2086004e-05,0
LA_D_1429741,0,0.00025336354,0
LA_D_1466622,0,0.00010316584,0
LA_D_1535123,0,4.257301e-06,0
LA_D_1550368,0,4.468998e-05,0
LA_D_1599303,0,0.00011916486,0
LA_D_1611242,0,2.3826651e-05,0
LA_D_1634285,0,6.742384e-05,0
LA_D_1637195,0,0.00017234281,0
LA_D_1659381,0,6.0867933e-05,0
LA_D_1677100,0,0.11356329,0
LA_D_1685498,0,0.00018039384,0
LA_D_1685866,0,2.0949665e-05,0
LA_D_1697041,0,5.313169e-05,0
LA_D_1699593,0,0.00018434602,0
LA_D_1715736,0,4.914784e-05,0
LA_D_1720051,0,0.000111834335,0
LA_D_1752505,0,0.00028021925,0
LA_D_1792171,0,5.2847805e-05,0
LA_D_1831983,0,4.9309845e-05,0
LA_D_1873983,0,9.708382e-05,0
LA_D_1963562,0,0.00026190802,0
LA_D_1971495,0,2.6041062e-05,0
LA_D_2000931,0,0.000108827044,0
LA_D_2001268,0,3.845035e-05,0
LA_D_2008849,0,2.0135876e-05,0
LA_D_2032238,0,7.2235394e-05,0
LA_D_2032856,0,9.991298e-05,0
LA_D_2055265,0,5.0975657e-05,0
LA_D_2093249,0,6.470626e-05,0
LA_D_2100359,0,0.00013185576,0
LA_D_2155436,0,9.383176e-05,0
LA_D_2175913,0,3.2400043e-05,0
LA_D_2222599,0,0.00016514448,0
LA_D_2237091,0,8.390102e-05,0
LA_D_2261624,0,7.343557e-05,0
LA_D_2281133,0,0.00021752367,0
LA_D_2287702,0,0.0011059269,0
LA_D_2301862,0,0.00018482897,0
LA_D_2456934,0,0.00055390707,0
LA_D_2493328,0,6.7931425e-05,0
LA_D_2525638,0,7.146909e-05,0
LA_D_2591082,0,5.438948e-05,0
LA_D_2605424,0,7.543853e-05,0
LA_D_2608999,0,0.00012320587,0
LA_D_2621087,0,0.00015205375,0
LA_D_2635826,0,5.9590267e-05,0
LA_D_2645983,0,8.8108034e-05,0
LA_D_2658373,0,8.073965e-05,0
LA_D_2689749,0,0.00030577832,0
LA_D_2692106,0,1.519846e-05,0
LA_D_2699759,0,4.1318626e-06,0
LA_D_2700751,0,4.7469504e-05,0
LA_D_2702031,0,5.8957878e-05,0
LA_D_2753476,0,6.768629e-05,0
LA_D_2762615,0,9.464972e-05,0
LA_D_2809182,0,0.0001269401,0
LA_D_2850729,0,6.108914e-05,0
LA_D_2910877,0,0.00028365586,0
LA_D_2963073,0,0.00011082941,0
LA_D_2972508,0,5.0007482e-05,0
LA_D_2977758,0,6.931134e-05,0
LA_D_3011525,0,0.00015758917,0
LA_D_3050370,0,1.940911e-05,0
LA_D_3137821,0,9.909754e-05,0
LA_D_3171966,0,1.0796113e-05,0
LA_D_3272948,0,8.1389604e-05,0
LA_D_3303654,0,0.0021489973,0
LA_D_3348534,0,4.529974e-05,0
LA_D_3399429,0,8.422687e-05,0
LA_D_3432828,0,0.015561148,0
LA_D_3528786,0,6.299502e-05,0
LA_D_3558657,0,1.7029652e-05,0
LA_D_3566699,0,4.4513214e-05,0
LA_D_3642968,0,3.9373364e-05,0
LA_D_3648708,0,0.00015901633,0
LA_D_3697021,0,6.587953e-05,0
LA_D_3730486,0,0.00027963825,0
LA_D_3758555,0,0.0024146482,0
LA_D_3760320,0,6.621498e-05,0
LA_D_3774067,0,0.00023478076,0
LA_D_3780158,0,0.00011098805,0
LA_D_3785861,0,7.7788056e-05,0
LA_D_3897774,0,4.0626874e-05,0
LA_D_3921229,0,6.194727e-05,0
LA_D_3945632,0,0.00026786665,0
LA_D_3978597,0,0.0003097411,0
LA_D_4005135,0,0.00015062628,0
LA_D_4044847,0,6.231449e-05,0
LA_D_4052546,0,1e-06,0
LA_D_4055037,0,3.287092e-05,0
LA_D_4055401,0,0.0003625123,0
LA_D_4065133,0,0.0001616182,0
LA_D_4099567,0,8.654156e-05,0
LA_D_4134402,0,9.9048404e-05,0
LA_D_4149358,0,0.00014634823,0
LA_D_4163686,0,6.8990994e-05,0
LA_D_4183410,0,0.00042486415,0
LA_D_4242553,0,5.2686224e-05,0
LA_D_4284546,0,0.00013224536,0
LA_D_4317452,0,4.8582086e-05,0
LA_D_4369698,0,8.481452e-05,0
LA_D_4373208,0,7.389676e-05,0
LA_D_4388088,0,0.12629437,0
LA_D_4404747,0,0.0004914658,0
LA_D_4405252,0,0.000113168106,0
LA_D_4430544,0,0.00014288089,0
LA_D_4437552,0,3.5770074e-05,0
LA_D_4480904,0,0.0001078874,0
LA_D_4490090,0,1.0991169e-05,0
LA_D_4532309,0,0.0027548375,0
LA_D_4545454,0,4.866416e-05,0
LA_D_4574682,0,6.396148e-05,0
LA_D_4578335,0,2.6457416e-05,0
LA_D_4594053,0,0.00014851184,0
LA_D_4595397,0,3.0908453e-05,0
LA_D_4601718,0,9.691031e-05,0
LA_D_4635608,0,2.3565919e-05,0
LA_D_4643368,0,4.600961e-05,0
LA_D_4648727,0,7.9930986e-05,0
LA_D_4652445,0,0.00012304373,0
LA_D_4654553,0,4.3114298e-05,0
LA_D_4701377,0,7.51985e-05,0
LA_D_4731106,0,0.00017208715,0
LA_D_4731613,0,9.481041e-05,0
LA_D_4746307,0,6.917934e-05,0
LA_D_4773151,0,3.052705e-05,0
LA_D_4813834,0,5.5034874e-05,0
LA_D_4825664,0,0.000120803554,0
LA_D_4828499,0,0.5588814,1
LA_D_4834984,0,0.0005331547,0
LA_D_4854132,0,7.079937e-05,0
LA_D_4862428,0,5.632482e-05,0
LA_D_4863657,0,3.8077716e-05,0
LA_D_4874349,0,2.9651215e-05,0
LA_D_4899855,0,0.0013899317,0
LA_D_4902814,0,0.00015422508,0
LA_D_4912073,0,0.00021244853,0
LA_D_4942458,0,0.00031430426,0
LA_D_4951542,0,7.4608215e-05,0
LA_D_4972084,0,0.00017709771,0
LA_D_4972276,0,8.8500936e-05,0
LA_D_5026947,0,0.00012522236,0
LA_D_5029058,0,6.4563385e-05,0
LA_D_5091062,0,0.0002946426,0
LA_D_5110260,0,8.9475434e-05,0
LA_D_5161834,0,0.00032577914,0
LA_D_5234492,0,0.000109475695,0
LA_D_5258398,0,1.2429193e-05,0
LA_D_5268360,0,8.2962055e-05,0
LA_D_5277589,0,0.00022335035,0
LA_D_5307111,0,3.2682565e-05,0
LA_D_5380655,0,0.00013089943,0
LA_D_5383288,0,0.00023589795,0
LA_D_5384713,0,3.053034e-05,0
LA_D_5441228,0,1.7261491e-05,0
LA_D_5465161,0,4.646412e-05,0
LA_D_5468030,0,6.688871e-05,0
LA_D_5484814,0,1.8472518e-05,0
LA_D_5490216,0,5.0388913e-05,0
LA_D_5600881,0,4.8178114e-05,0
LA_D_5606927,0,0.000118199176,0
LA_D_5625821,0,1.757545e-05,0
LA_D_5652919,0,3.3679713e-05,0
LA_D_5686859,0,0.0003325681,0
LA_D_5693748,0,5.662188e-05,0
LA_D_5733130,0,3.2888416e-05,0
LA_D_5800320,0,0.00079964043,0
LA_D_5880967,0,6.413213e-05,0
LA_D_5890270,0,0.00013395055,0
LA_D_5917800,0,7.61125e-05,0
LA_D_5966849,0,0.00019299479,0
LA_D_6036698,0,5.7854322e-05,0
LA_D_6057135,0,0.000102426755,0
LA_D_6082119,0,0.00044086363,0
LA_D_6108867,0,0.007972887,0
LA_D_6163484,0,0.0005140567,0
LA_D_6181384,0,7.4839736e-05,0
LA_D_6198057,0,4.2831934e-06,0
LA_D_6233623,0,0.00018116052,0
LA_D_6259512,0,9.466912e-05,0
LA_D_6290649,0,2.9719246e-05,0
LA_D_6339345,0,1.6960252e-05,0
LA_D_6363603,0,4.8752787e-05,0
LA_D_6390676,0,5.6762114e-05,0
LA_D_6425341,0,0.0001458463,0
LA_D_6469729,0,5.3245814e-05,0
LA_D_6550422,0,6.1033526e-05,0
LA_D_6569143,0,6.668275e-05,0
LA_D_6575832,0,6.387517e-05,0
LA_D_6592592,0,0.000104946506,0
LA_D_6646559,0,4.968681e-05,0
LA_D_6671856,0,3.349027e-05,0
LA_D_6699236,0,0.00029116124,0
LA_D_6720174,0,9.382129e-05,0
LA_D_6729704,0,0.000271603,0
LA_D_6737153,0,5.2142263e-05,0
LA_D_6740718,0,8.583613e-05,0
LA_D_6744854,0,5.1155836e-05,0
LA_D_6770921,0,9.568599e-05,0
LA_D_6946918,0,0.00048628714,0
LA_D_6965022,0,5.566993e-05,0
LA_D_7018177,0,0.000114767005,0
LA_D_7139647,0,0.00010519989,0
LA_D_7220301,0,7.900285e-05,0
LA_D_7260077,0,0.001161212,0
LA_D_7274481,0,4.2729618e-05,0
LA_D_7281516,0,0.00046995227,0
LA_D_7303668,0,0.0002538055,0
LA_D_7303817,0,0.0012758767,0
LA_D_7303874,0,5.909409e-05,0
LA_D_7315219,0,0.00019043675,0
LA_D_7317798,0,1.0513488e-05,0
LA_D_7326224,0,0.00015021478,0
LA_D_7400275,0,4.7222708e-05,0
LA_D_7432306,0,0.00031651175,0
LA_D_7487498,0,1e-06,0
LA_D_7528720,0,7.820084e-05,0
LA_D_7544106,0,0.00011018672,0
LA_D_7555122,0,2.8423401e-05,0
LA_D_7597009,0,2.8271743e-05,0
LA_D_7608721,0,3.3840464e-05,0
LA_D_7634891,0,4.7052385e-05,0
LA_D_7639419,0,0.014452232,0
LA_D_7667162,0,0.000100192716,0
LA_D_7671138,0,0.0013676592,0
LA_D_7673547,0,0.00011965288,0
LA_D_7682078,0,0.00014086496,0
LA_D_7692880,0,0.0005996633,0
LA_D_7693054,0,2.5564246e-05,0
LA_D_7730796,0,0.00037589218,0
LA_D_7783843,0,7.662687e-05,0
LA_D_7805732,0,6.546152e-05,0
LA_D_7954225,0,5.6805115e-05,0
LA_D_8006892,0,0.000194833,0
LA_D_8082589,0,0.0002157819,0
LA_D_8093393,0,7.1794166e-05,0
LA_D_8093888,0,3.783004e-05,0
LA_D_8110920,0,5.6442248e-05,0
LA_D_8188766,0,0.00014479265,0
LA_D_8195927,0,5.8775768e-05,0
LA_D_8236842,0,0.000846241,0
LA_D_8236895,0,8.6108485e-05,0
LA_D_8243247,0,0.0002044106,0
LA_D_8251788,0,1.5876003e-05,0
LA_D_8268056,0,0.0011022221,0
LA_D_8306822,0,5.7155263e-05,0
LA_D_8381795,0,4.8397862e-05,0
LA_D_8387799,0,6.623178e-05,0
LA_D_8414298,0,0.00024364625,0
LA_D_8491883,0,4.9703493e-05,0
LA_D_8564423,0,7.2730722e-06,0
LA_D_8604190,0,0.0014814544,0
LA_D_8615165,0,6.1907114e-05,0
LA_D_8659821,0,5.949499e-05,0
LA_D_8741984,0,5.3908174e-05,0
LA_D_8749085,0,0.000112336995,0
LA_D_8773075,0,7.924852e-05,0
LA_D_8777052,0,7.361675e-05,0
LA_D_8801540,0,4.9144874e-06,0
LA_D_8841946,0,7.18317e-05,0
LA_D_8844856,0,5.0819755e-05,0
LA_D_8969123,0,4.711556e-05,0
LA_D_8977843,0,7.549322e-05,0
LA_D_9022649,0,0.0003397057,0
LA_D_9027862,0,0.00011653601,0
LA_D_9044257,0,1.8177912e-05,0
LA_D_9050678,0,0.0001265075,0
LA_D_9115816,0,5.5637134e-05,0
LA_D_9142152,0,3.845812e-05,0
LA_D_9153526,0,4.0420975e-05,0
LA_D_9190511,0,0.00041621985,0
LA_D_9350162,0,0.0001242294,0
LA_D_9405115,0,0.0003764916,0
LA_D_9406840,0,0.000330768,0
LA_D_9423650,0,5.858808e-05,0
LA_D_9450569,0,5.4505585e-05,0
LA_D_9452684,0,0.00014912758,0
LA_D_9472783,0,6.468306e-05,0
LA_D_9475051,0,2.9742354e-05,0
LA_D_9554324,0,3.9350653e-05,0
LA_D_9608491,0,0.00015856302,0
LA_D_9684230,0,6.564962e-05,0
LA_D_9688217,0,5.89064e-05,0
LA_D_9759514,0,4.0562998e-05,0
LA_D_9781138,0,0.00014987169,0
LA_D_9793252,0,4.243821e-05,0
LA_D_9808796,0,5.275898e-05,0
LA_D_9826790,0,0.00011613587,0
LA_D_9836454,0,0.00013483503,0
LA_D_9846875,0,4.7031615e-05,0
LA_D_9868970,0,3.3843953e-05,0
LA_D_9880269,0,2.8015273e-05,0
LA_D_9959948,0,0.00014632898,0
LA_D_9962361,0,6.7849855e-05,0
LA_D_1004406,0,0.00058678834,0
LA_D_1038888,0,7.0296424e-05,0
LA_D_1050709,0,0.00018918795,0
LA_D_1055238,0,0.00012615744,0
LA_D_1063719,0,4.4786233e-05,0
LA_D_1085566,0,7.934444e-06,0
LA_D_1091601,0,0.00043399766,0
LA_D_1096227,0,3.5802354e-05,0
LA_D_1110769,0,2.0280508e-05,0
LA_D_1126775,0,7.1946683e-06,0
LA_D_1150140,0,0.00012942568,0
LA_D_1198374,0,1.2619576e-05,0
LA_D_1301495,0,5.657049e-06,0
LA_D_1343070,0,1.5813943e-05,0
LA_D_1348512,0,0.0009453394,0
LA_D_1391132,0,0.004213565,0
LA_D_1413701,0,5.7393503e-05,0
LA_D_1414826,0,0.00089641,0
LA_D_1479561,0,0.00025994395,0
LA_D_1516617,0,0.00020933051,0
LA_D_1528504,0,3.863895e-05,0
LA_D_1534944,0,8.368379e-06,0
LA_D_1614382,0,0.0012180685,0
LA_D_1639860,0,2.7867865e-05,0
LA_D_1678967,0,6.9297053e-06,0
LA_D_1707779,0,0.0001816691,0
LA_D_1725718,0,0.0008323994,0
LA_D_1734049,0,4.494762e-05,0
LA_D_1751918,0,1.4788823e-05,0
LA_D_1772977,0,2.1802352e-05,0
LA_D_1805502,0,0.005705699,0
LA_D_1812831,0,7.7475794e-05,0
LA_D_1880286,0,7.604858e-05,0
LA_D_1895153,0,3.3101373e-05,0
LA_D_1924915,0,5.088944e-05,0
LA_D_1925258,0,0.00011675066,0
LA_D_1976814,0,6.381981e-06,0
LA_D_1992569,0,6.531761e-06,0
LA_D_2069465,0,5.5090906e-05,0
LA_D_2081014,0,0.00018700423,0
LA_D_2153758,0,0.0005007216,0
LA_D_2166742,0,6.2789964e-05,0
LA_D_2182436,0,2.7523534e-05,0
LA_D_2195770,0,2.4547273e-05,0
LA_D_2230362,0,0.00037812514,0
LA_D_2233973,0,0.000110745204,0
LA_D_2259476,0,7.671738e-05,0
LA_D_2290223,0,5.9568396e-05,0
LA_D_2305845,0,0.000499043,0
LA_D_2340415,0,9.505567e-06,0
LA_D_2350008,0,0.00018612813,0
LA_D_2363543,0,3.444706e-05,0
LA_D_2412410,0,0.000139831,0
LA_D_2448162,0,0.0001219517,0
LA_D_2461506,0,2.4134417e-05,0
LA_D_2570544,0,2.5198851e-05,0
LA_D_2658907,0,8.855311e-05,0
LA_D_2728150,0,0.0008420961,0
LA_D_2739423,0,3.1888483e-06,0
LA_D_2851293,0,0.0002743495,0
LA_D_2853583,0,0.0001743424,0
LA_D_2864689,0,3.7407037e-06,0
LA_D_2878966,0,7.0026384e-05,0
LA_D_2909263,0,6.741451e-05,0
LA_D_2938296,0,9.585896e-05,0
LA_D_2943031,0,1e-06,0
LA_D_3027137,0,1.881776e-05,0
LA_D_3047959,0,0.000108688495,0
LA_D_3078454,0,0.00013021607,0
LA_D_3113300,0,1.1652171e-05,0
LA_D_3130414,0,4.555212e-05,0
LA_D_3204150,0,4.1359945e-06,0
LA_D_3263579,0,2.8008113e-05,0
LA_D_3274635,0,8.914683e-06,0
LA_D_3290566,0,6.0779466e-06,0
LA_D_3325540,0,9.137411e-05,0
LA_D_3349542,0,1.2956369e-05,0
LA_D_3375994,0,7.1684844e-05,0
LA_D_3389603,0,0.0005396707,0
LA_D_3470341,0,5.3476535e-05,0
LA_D_3504200,0,4.6247154e-05,0
LA_D_3512336,0,1.6752754e-05,0
LA_D_3533142,0,0.00020463232,0
LA_D_3543093,0,0.00029867006,0
LA_D_3579823,0,0.00012168674,0
LA_D_3582263,0,7.1931454e-06,0
LA_D_3598081,0,5.6728346e-05,0
LA_D_3615500,0,0.0002923721,0
LA_D_3634420,0,3.743542e-05,0
LA_D_3635835,0,0.0001490609,0
LA_D_3636142,0,0.0001090791,0
LA_D_3645082,0,4.882062e-05,0
LA_D_3709016,0,0.0001720189,0
LA_D_3762985,0,2.989862e-05,0
LA_D_3767360,0,0.0030989456,0
LA_D_3770745,0,5.5032095e-05,0
LA_D_3803791,0,0.00095206796,0
LA_D_3845484,0,9.043211e-05,0
LA_D_3848465,0,5.1210503e-05,0
LA_D_3854807,0,0.0002389469,0
LA_D_3872770,0,4.7394424e-06,0
LA_D_3878527,0,4.6399648e-05,0
LA_D_3914577,0,1e-06,0
LA_D_4005743,0,8.527946e-05,0
LA_D_4008967,0,0.00011578589,0
LA_D_4052276,0,2.221219e-06,0
LA_D_4121148,0,1.1580153e-05,0
LA_D_4187375,0,1.9839534e-05,0
LA_D_4195600,0,3.6601756e-05,0
LA_D_4201607,0,0.0006938077,0
LA_D_4228550,0,0.0004403642,0
LA_D_4264656,0,0.00015571991,0
LA_D_4282533,0,7.191038e-05,0
LA_D_4309122,0,0.00014047595,0
LA_D_4324943,0,4.454795e-05,0
LA_D_4341247,0,0.0018767964,0
LA_D_4401901,0,7.913374e-05,0
LA_D_4407357,0,1.6104617e-05,0
LA_D_4416329,0,1.3322464e-05,0
LA_D_4499477,0,2.8402592e-05,0
LA_D_4516952,0,3.096368e-05,0
LA_D_4545082,0,0.00024986017,0
LA_D_4581451,0,2.8059281e-05,0
LA_D_4583809,0,2.5348863e-05,0
LA_D_4588355,0,0.0001498524,0
LA_D_4599014,0,1.4146179e-05,0
LA_D_4662308,0,0.0002632195,0
LA_D_4665317,0,3.49882e-05,0
LA_D_4719892,0,4.7206857e-05,0
LA_D_4737764,0,1.5777594e-05,0
LA_D_4768782,0,0.28181764,0
LA_D_4842833,0,5.2162854e-05,0
LA_D_4884741,0,0.00017154471,0
LA_D_4895062,0,0.009435402,0
LA_D_4897222,0,6.5376546e-05,0
LA_D_4915395,0,8.813408e-05,0
LA_D_4922394,0,2.0196436e-05,0
LA_D_4965981,0,6.5261374e-05,0
LA_D_5120726,0,5.0203726e-05,0
LA_D_5126554,0,0.70484126,1
LA_D_5140118,0,1.9357185e-05,0
LA_D_5187334,0,1.1810629e-06,0
LA_D_5205569,0,2.321664e-05,0
LA_D_5229682,0,0.00019531998,0
LA_D_5359950,0,0.0012075383,0
LA_D_5380614,0,0.00046009768,0
LA_D_5381315,0,0.0003649839,0
LA_D_5396174,0,4.5273013e-05,0
LA_D_5407356,0,2.6654903e-05,0
LA_D_5430421,0,1.8689547e-05,0
LA_D_5437717,0,0.00021178133,0
LA_D_5448474,0,0.00024103645,0
LA_D_5449899,0,0.00016320383,0
LA_D_5462959,0,2.9202893e-05,0
LA_D_5473083,0,4.8570368e-05,0
LA_D_5506307,0,4.180309e-05,0
LA_D_5531330,0,0.0020774365,0
LA_D_5532100,0,5.1363e-05,0
LA_D_5535805,0,0.00016737291,0
LA_D_5579476,0,0.0006320878,0
LA_D_5594622,0,2.2892767e-05,0
LA_D_5637979,0,2.691609e-05,0
LA_D_5697626,0,5.617366e-05,0
LA_D_5706448,0,7.6755285e-05,0
LA_D_5723701,0,0.00011233689,0
LA_D_5835778,0,0.00070788007,0
LA_D_5835948,0,0.00013057207,0
LA_D_5837845,0,9.7488584e-05,0
LA_D_5873514,0,0.00016558185,0
LA_D_5880856,0,0.00025739803,0
LA_D_5910081,0,0.00012384275,0
LA_D_5938241,0,1.7151631e-05,0
LA_D_6038912,0,9.155055e-05,0
LA_D_6065429,0,0.00012636186,0
LA_D_6105321,0,1e-06,0
LA_D_6107290,0,0.000109815075,0
LA_D_6112086,0,1.0685264e-05,0
LA_D_6128648,0,1e-06,0
LA_D_6201103,0,2.012883e-05,0
LA_D_6201607,0,8.344908e-05,0
LA_D_6245298,0,4.3704516e-05,0
LA_D_6262648,0,0.00014576844,0
LA_D_6276774,0,7.907981e-05,0
LA_D_6333663,0,9.576329e-06,0
LA_D_6353064,0,0.00010188513,0
LA_D_6409786,0,0.0012628724,0
LA_D_6423308,0,2.9141993e-06,0
LA_D_6444125,0,3.164128e-05,0
LA_D_6450379,0,0.00026766115,0
LA_D_6465758,0,2.6784526e-05,0
LA_D_6485701,0,4.9257396e-05,0
LA_D_6518794,0,0.00017009639,0
LA_D_6582126,0,9.45696e-05,0
LA_D_6601160,0,6.1036146e-05,0
LA_D_6620261,0,0.00045573775,0
LA_D_6634897,0,0.00011039622,0
LA_D_6682326,0,1.4725636e-05,0
LA_D_6691337,0,0.00018541304,0
LA_D_6711029,0,7.957764e-05,0
LA_D_6712579,0,8.377618e-06,0
LA_D_6780816,0,8.953178e-05,0
LA_D_6802153,0,2.471178e-05,0
LA_D_6811737,0,6.4631663e-06,0
LA_D_6865799,0,2.2776678e-05,0
LA_D_6878756,0,3.513894e-05,0
LA_D_6893706,0,0.00045450046,0
LA_D_6903594,0,1.3901522e-05,0
LA_D_6906792,0,7.381345e-06,0
LA_D_6947953,0,0.00018945783,0
LA_D_6961697,0,0.00020088768,0
LA_D_6984588,0,1.1953886e-05,0
LA_D_6985192,0,0.0001110592,0
LA_D_7012203,0,3.772499e-05,0
LA_D_7017711,0,6.1709834e-05,0
LA_D_7026375,0,1.9270028e-05,0
LA_D_7041352,0,5.2563722e-05,0
LA_D_7052613,0,0.0019948997,0
LA_D_7098546,0,2.5754498e-05,0
LA_D_7112692,0,0.00012925178,0
LA_D_7112975,0,0.0003390001,0
LA_D_7137971,0,6.1265666e-05,0
LA_D_7148219,0,2.504679e-06,0
LA_D_7157816,0,0.00080244406,0
LA_D_7206552,0,8.629549e-05,0
LA_D_7224171,0,0.0017120219,0
LA_D_7234278,0,0.04544398,0
LA_D_7264686,0,0.00015428566,0
LA_D_7273954,0,4.5075103e-05,0
LA_D_7300406,0,6.684803e-05,0
LA_D_7320269,0,5.5343175e-05,0
LA_D_7338327,0,3.4302757e-05,0
LA_D_7369444,0,2.6121324e-05,0
LA_D_7408392,0,0.00064202683,0
LA_D_7448493,0,1.3830129e-05,0
LA_D_7461756,0,2.981582e-05,0
LA_D_7473280,0,0.00030737917,0
LA_D_7482753,0,5.4122764e-05,0
LA_D_7489677,0,1.8483812e-05,0
LA_D_7504343,0,0.0006865276,0
LA_D_7519102,0,9.4534706e-05,0
LA_D_7562913,0,0.00016856917,0
LA_D_7694154,0,0.000161666,0
LA_D_7736435,0,0.00043199005,0
LA_D_7769275,0,0.000120341254,0
LA_D_7780225,0,9.6061e-05,0
LA_D_7810138,0,1.3329313e-05,0
LA_D_7824275,0,0.0001362378,0
LA_D_7855371,0,4.5642435e-05,0
LA_D_7979163,0,3.237336e-05,0
LA_D_8056722,0,5.0051476e-05,0
LA_D_8056974,0,0.00044146855,0
LA_D_8111703,0,1.8269953e-05,0
LA_D_8145413,0,4.9494385e-05,0
LA_D_8170828,0,8.7410015e-05,0
LA_D_8228939,0,7.120453e-05,0
LA_D_8243405,0,6.844597e-05,0
LA_D_8287063,0,8.522531e-06,0
LA_D_8348783,0,1.7977605e-05,0
LA_D_8367777,0,1.8092503e-06,0
LA_D_8500724,0,0.0009023039,0
LA_D_8539674,0,1.8557817e-05,0
LA_D_8560239,0,8.2895e-05,0
LA_D_8624575,0,1.5663536e-05,0
LA_D_8661283,0,0.00017848528,0
LA_D_8664408,0,8.063854e-05,0
LA_D_8715195,0,0.028555796,0
LA_D_8766017,0,0.00018779025,0
LA_D_8811694,0,0.00026177368,0
LA_D_8904858,0,1.2725904e-05,0
LA_D_8929588,0,1.5844633e-05,0
LA_D_8932667,0,3.5785084e-05,0
LA_D_8961621,0,0.033799235,0
LA_D_8997256,0,9.750849e-05,0
LA_D_9014300,0,4.835588e-05,0
LA_D_9014425,0,3.6869128e-06,0
LA_D_9036703,0,0.00023760991,0
LA_D_9096187,0,7.431574e-05,0
LA_D_9105267,0,6.484107e-06,0
LA_D_9117562,0,1.8458886e-05,0
LA_D_9250654,0,8.982398e-05,0
LA_D_9290170,0,0.00017683077,0
LA_D_9347930,0,8.903099e-05,0
LA_D_9361903,0,0.0020432333,0
LA_D_9395081,0,0.0005826973,0
LA_D_9416941,0,3.1866064e-05,0
LA_D_9439129,0,6.65609e-05,0
LA_D_9467702,0,4.6121368e-05,0
LA_D_9486157,0,2.0969894e-05,0
LA_D_9500158,0,3.0973722e-05,0
LA_D_9502397,0,0.0024658826,0
LA_D_9526919,0,6.0257596e-05,0
LA_D_9603838,0,3.1830605e-06,0
LA_D_9636629,0,8.54474e-05,0
LA_D_9643063,0,3.206408e-05,0
LA_D_9652883,0,0.00015730255,0
LA_D_9654133,0,0.0007025037,0
LA_D_9654635,0,9.6841126e-05,0
LA_D_9663298,0,0.00010847675,0
LA_D_9726070,0,0.000116223164,0
LA_D_9731339,0,7.762954e-06,0
LA_D_9752133,0,1.7959885e-05,0
LA_D_9754579,0,6.623948e-05,0
LA_D_9774744,0,9.526726e-05,0
LA_D_9787469,0,5.998012e-05,0
LA_D_9816404,0,0.11773014,0
LA_D_9837343,0,1.9120162e-05,0
LA_D_9850214,0,4.864054e-05,0
LA_D_9943041,0,0.00017243011,0
LA_D_1026545,0,4.4446744e-05,0
LA_D_1032197,0,1.9847217e-05,0
LA_D_1034329,0,7.349372e-05,0
LA_D_1048234,0,4.2570995e-05,0
LA_D_1074364,0,3.228854e-05,0
LA_D_1099405,0,1.3012932e-06,0
LA_D_1117567,0,4.6370806e-05,0
LA_D_1137303,0,3.3823075e-05,0
LA_D_1140227,0,3.8122074e-05,0
LA_D_1158260,0,5.478615e-05,0
LA_D_1167294,0,3.4004155e-05,0
LA_D_1169125,0,8.552769e-05,0
LA_D_1230972,0,5.4095002e-05,0
LA_D_1268493,0,4.3058742e-05,0
LA_D_1329749,0,6.365833e-05,0
LA_D_1361818,0,5.5269185e-05,0
LA_D_1408290,0,5.7137935e-05,0
LA_D_1440908,0,0.00022993094,0
LA_D_1449303,0,4.6257606e-05,0
LA_D_1488314,0,3.1360138e-05,0
LA_D_1506631,0,5.133612e-05,0
LA_D_1544944,0,5.032322e-05,0
LA_D_1551137,0,5.1903142e-05,0
LA_D_1555028,0,4.455577e-05,0
LA_D_1563071,0,6.871555e-05,0
LA_D_1604925,0,3.8365888e-05,0
LA_D_1654772,0,6.629181e-05,0
LA_D_1714449,0,7.593176e-05,0
LA_D_1723393,0,3.94888e-05,0
LA_D_1738100,0,5.1045707e-05,0
LA_D_1755776,0,1.6049973e-05,0
LA_D_1768067,0,5.2305615e-05,0
LA_D_1775541,0,9.325987e-05,0
LA_D_1830521,0,2.8099874e-05,0
LA_D_1847073,0,6.987803e-05,0
LA_D_1860065,0,2.7661657e-05,0
LA_D_1861262,0,0.00022647885,0
LA_D_1864612,0,7.84711e-05,0
LA_D_1865763,0,5.493216e-05,0
LA_D_1906480,0,3.7632428e-05,0
LA_D_1918819,0,1.2286826e-05,0
LA_D_1966095,0,5.766903e-05,0
LA_D_1975267,0,0.0001100266,0
LA_D_1984425,0,3.8889517e-05,0
LA_D_1998989,0,5.3492553e-05,0
LA_D_2000640,0,3.4142253e-05,0
LA_D_2013632,0,4.916142e-06,0
LA_D_2017160,0,4.1175666e-05,0
LA_D_2017678,0,5.533885e-05,0
LA_D_2039939,0,9.120279e-05,0
LA_D_2045953,0,0.00014603973,0
LA_D_2059102,0,3.4815792e-05,0
LA_D_2078394,0,3.813564e-05,0
LA_D_2103653,0,3.8784627e-05,0
LA_D_2104529,0,8.960992e-05,0
LA_D_2106919,0,2.4266894e-05,0
LA_D_2108357,0,3.1719803e-05,0
LA_D_2161873,0,2.4453928e-05,0
LA_D_2212427,0,6.683426e-05,0
LA_D_2234125,0,1.5138774e-05,0
LA_D_2244005,0,3.4163033e-05,0
LA_D_2276836,0,0.00018333127,0
LA_D_2292066,0,8.0581354e-05,0
LA_D_2319940,0,6.46277e-05,0
LA_D_2336005,0,4.3870717e-05,0
LA_D_2371320,0,3.8106704e-05,0
LA_D_2386184,0,9.090255e-05,0
LA_D_2386577,0,3.5262943e-05,0
LA_D_2426319,0,4.0430965e-05,0
LA_D_2428433,0,3.833133e-05,0
LA_D_2443752,0,6.363466e-05,0
LA_D_2445037,0,1.3632333e-05,0
LA_D_2455516,0,4.5409863e-05,0
LA_D_2508484,0,2.1668699e-05,0
LA_D_2509891,0,0.00010303136,0
LA_D_2522340,0,7.5268086e-05,0
LA_D_2528296,0,2.6073887e-05,0
LA_D_2602670,0,8.0885275e-06,0
LA_D_2609462,0,2.6017828e-05,0
LA_D_2632286,0,5.769774e-05,0
LA_D_2648941,0,2.634563e-05,0
LA_D_2730974,0,2.8794004e-05,0
LA_D_2800343,0,7.6954704e-05,0
LA_D_2807440,0,1.815547e-06,0
LA_D_2873975,0,1.0132483e-05,0
LA_D_2888191,0,4.0127892e-05,0
LA_D_2943983,0,6.398997e-05,0
LA_D_2984512,0,5.5559824e-05,0
LA_D_2986383,0,1.0206939e-05,0
LA_D_2999694,0,1.5217271e-05,0
LA_D_3039018,0,5.3610624e-05,0
LA_D_3097956,0,1.1112333e-05,0
LA_D_3131527,0,7.264982e-05,0
LA_D_3135627,0,5.419993e-05,0
LA_D_3144528,0,5.341599e-05,0
LA_D_3192629,0,3.6970803e-05,0
LA_D_3197572,0,4.70335e-05,0
LA_D_3197929,0,4.9157774e-05,0
LA_D_3200206,0,2.6877973e-05,0
LA_D_3220081,0,7.675931e-05,0
LA_D_3244618,0,2.3912105e-05,0
LA_D_3256092,0,4.585088e-05,0
LA_D_3303443,0,1.3874847e-05,0
LA_D_3367868,0,6.254566e-05,0
LA_D_3376846,0,6.960111e-05,0
LA_D_3395368,0,6.56897e-05,0
LA_D_3426729,0,0.00011110548,0
LA_D_3443299,0,3.219737e-05,0
LA_D_3465485,0,4.8614897e-05,0
LA_D_3478144,0,5.157513e-05,0
LA_D_3565303,0,3.8388614e-05,0
LA_D_3593160,0,1e-06,0
LA_D_3597738,0,2.1803351e-05,0
LA_D_3604214,0,2.0988462e-05,0
LA_D_3614881,0,3.974791e-05,0
LA_D_3614949,0,2.9716153e-05,0
LA_D_3617105,0,2.4439636e-05,0
LA_D_3727622,0,4.4188477e-05,0
LA_D_3767704,0,5.6998397e-05,0
LA_D_3782076,0,0.000119176904,0
LA_D_3788675,0,3.9025563e-05,0
LA_D_3792366,0,1.9207098e-05,0
LA_D_3799314,0,3.8430295e-05,0
LA_D_3849533,0,4.2917964e-05,0
LA_D_3888968,0,4.1283085e-05,0
LA_D_3915707,0,4.0070492e-05,0
LA_D_3943938,0,8.991696e-05,0
LA_D_3980944,0,2.008645e-05,0
LA_D_3989246,0,4.0699237e-05,0
LA_D_4039836,0,4.5680456e-05,0
LA_D_4048306,0,5.5438944e-05,0
LA_D_4052162,0,4.46864e-05,0
LA_D_4056923,0,6.1028054e-06,0
LA_D_4107126,0,0.00015501991,0
LA_D_4114596,0,1.6686281e-05,0
LA_D_4142294,0,6.153659e-05,0
LA_D_4148714,0,2.9498553e-05,0
LA_D_4155987,0,3.143925e-05,0
LA_D_4189838,0,2.1429474e-05,0
LA_D_4194240,0,3.9916336e-05,0
LA_D_4203364,0,4.4433902e-05,0
LA_D_4234032,0,7.626645e-05,0
LA_D_4253580,0,3.94992e-05,0
LA_D_4258977,0,7.729662e-05,0
LA_D_4278889,0,4.921969e-05,0
LA_D_4300523,0,4.3973e-05,0
LA_D_4321061,0,1.6244148e-05,0
LA_D_4332689,0,7.90657e-05,0
LA_D_4348250,0,2.7484375e-05,0
LA_D_4398059,0,1.6062897e-05,0
LA_D_4432873,0,4.1076837e-05,0
LA_D_4440657,0,5.8308946e-05,0
LA_D_4463511,0,9.67003e-05,0
LA_D_4527658,0,4.607846e-05,0
LA_D_4557906,0,4.5173303e-05,0
LA_D_4562820,0,2.6117388e-05,0
LA_D_4593106,0,7.1389927e-06,0
LA_D_4603886,0,3.0176217e-05,0
LA_D_4691600,0,4.7200556e-05,0
LA_D_4708858,0,3.2059066e-05,0
LA_D_4729804,0,2.8612303e-05,0
LA_D_4750966,0,1.0536935e-05,0
LA_D_4760053,0,2.3518951e-05,0
LA_D_4870195,0,4.375381e-05,0
LA_D_4874226,0,6.7273235e-05,0
LA_D_4915695,0,2.5311687e-05,0
LA_D_4963074,0,7.3614996e-05,0
LA_D_4979134,0,2.8143697e-05,0
LA_D_4992708,0,3.917867e-05,0
LA_D_5009375,0,4.34255e-05,0
LA_D_5016623,0,5.0354854e-05,0
LA_D_5030185,0,3.2682878e-05,0
LA_D_5051331,0,8.236015e-05,0
LA_D_5076610,0,8.941607e-05,0
LA_D_5076694,0,0.00011672729,0
LA_D_5091691,0,1.8686911e-05,0
LA_D_5100182,0,4.183719e-05,0
LA_D_5118215,0,3.9766677e-05,0
LA_D_5127521,0,6.975759e-05,0
LA_D_5133121,0,4.6925932e-05,0
LA_D_5135623,0,8.8979905e-05,0
LA_D_5140041,0,3.7978385e-05,0
LA_D_5170428,0,5.14912e-05,0
LA_D_5177326,0,6.881824e-05,0
LA_D_5181684,0,5.5323602e-05,0
LA_D_5193789,0,3.682941e-05,0
LA_D_5209189,0,0.0001160275,0
LA_D_5234713,0,6.0392264e-05,0
LA_D_5327544,0,2.2541619e-05,0
LA_D_5341623,0,2.53998e-05,0
LA_D_5374725,0,1.7173827e-05,0
LA_D_5383636,0,3.772844e-05,0
LA_D_5472358,0,9.870996e-06,0
LA_D_5549868,0,2.9080751e-05,0
LA_D_5563808,0,6.2901614e-05,0
LA_D_5570032,0,6.187034e-05,0
LA_D_5586705,0,4.3190095e-05,0
LA_D_5679699,0,3.3000826e-05,0
LA_D_5682639,0,0.00012365206,0
LA_D_5699257,0,7.574352e-05,0
LA_D_5711305,0,7.665954e-05,0
LA_D_5738684,0,5.6525954e-05,0
LA_D_5751891,0,0.0010614076,0
LA_D_5776830,0,0.00011627428,0
LA_D_5798590,0,6.3576976e-05,0
LA_D_5819741,0,1.5675865e-05,0
LA_D_5830215,0,3.3373042e-05,0
LA_D_5855679,0,7.6283686e-05,0
LA_D_5948278,0,6.81612e-05,0
LA_D_5954862,0,0.00016297819,0
LA_D_5959728,0,6.7989175e-05,0
LA_D_5991498,0,1.6400352e-05,0
LA_D_6000471,0,3.515667e-05,0
LA_D_6001731,0,2.9185354e-05,0
LA_D_6026070,0,3.3047312e-05,0
LA_D_6045245,0,2.005837e-05,0
LA_D_6046443,0,9.348014e-05,0
LA_D_6080461,0,5.2981573e-05,0
LA_D_6125461,0,4.9054335e-05,0
LA_D_6127252,0,3.14841e-05,0
LA_D_6131631,0,7.541005e-05,0
LA_D_6147694,0,5.0677718e-05,0
LA_D_6160245,0,7.816893e-05,0
LA_D_6174345,0,6.62999e-05,0
LA_D_6183125,0,4.7845442e-05,0
LA_D_6187174,0,7.2864896e-05,0
LA_D_6202447,0,4.6188932e-05,0
LA_D_6223774,0,7.480649e-05,0
LA_D_6227080,0,8.614684e-05,0
LA_D_6231724,0,2.3835742e-05,0
LA_D_6264742,0,1.9103667e-05,0
LA_D_6288186,0,4.234438e-05,0
LA_D_6314728,0,5.85127e-05,0
LA_D_6316102,0,3.5444296e-05,0
LA_D_6341396,0,6.228763e-05,0
LA_D_6359496,0,1.5975696e-05,0
LA_D_6383686,0,4.202172e-05,0
LA_D_6388120,0,3.9984305e-05,0
LA_D_6413462,0,3.9895633e-05,0
LA_D_6419449,0,4.3842483e-05,0
LA_D_6428957,0,0.0004212043,0
LA_D_6474102,0,5.2465173e-05,0
LA_D_6479435,0,3.51024e-05,0
LA_D_6484577,0,6.9041205e-05,0
LA_D_6497525,0,5.7683985e-05,0
LA_D_6531960,0,3.0833056e-05,0
LA_D_6546081,0,2.8989682e-05,0
LA_D_6553908,0,3.6873058e-05,0
LA_D_6585774,0,5.9075726e-05,0
LA_D_6596958,0,3.2119107e-05,0
LA_D_6629886,0,4.8815215e-05,0
LA_D_6635685,0,6.343787e-05,0
LA_D_6638128,0,5.4875614e-05,0
LA_D_6640384,0,0.00017048008,0
LA_D_6665426,0,4.2972228e-05,0
LA_D_6717508,0,3.62234e-05,0
LA_D_6747561,0,6.368891e-06,0
LA_D_6748543,0,2.3793e-05,0
LA_D_6768434,0,8.325918e-05,0
LA_D_6795503,0,2.82211e-05,0
LA_D_6795908,0,5.288405e-05,0
LA_D_6802049,0,4.6870115e-05,0
LA_D_6809474,0,9.07707e-05,0
LA_D_6814264,0,7.504591e-05,0
LA_D_6834652,0,1.3844909e-05,0
LA_D_6846040,0,5.7653848e-05,0
LA_D_6846115,0,0.00020061203,0
LA_D_6853671,0,7.526407e-05,0
LA_D_6862159,0,0.00012940951,0
LA_D_6878638,0,9.5048854e-05,0
LA_D_6882166,0,3.8726306e-05,0
LA_D_6886878,0,1.7729164e-05,0
LA_D_6892152,0,4.6685396e-05,0
LA_D_6899810,0,2.9180399e-05,0
LA_D_6901051,0,3.1824547e-05,0
LA_D_6913633,0,5.015635e-05,0
LA_D_6937285,0,2.5486082e-05,0
LA_D_6952781,0,4.3739754e-05,0
LA_D_6962233,0,8.286789e-05,0
LA_D_7039816,0,0.00014055085,0
LA_D_7054436,0,3.0312294e-05,0
LA_D_7135015,0,8.582516e-05,0
LA_D_7149695,0,0.00012702838,0
LA_D_7187720,0,5.748136e-05,0
LA_D_7194672,0,4.0824674e-05,0
LA_D_7230852,0,2.8968401e-05,0
LA_D_7235672,0,5.9581176e-05,0
LA_D_7312592,0,5.99589e-05,0
LA_D_7321136,0,3.705343e-05,0
LA_D_7333250,0,3.363895e-05,0
LA_D_7343735,0,2.52082e-05,0
LA_D_7382673,0,6.974795e-05,0
LA_D_7415932,0,5.2329364e-05,0
LA_D_7418362,0,7.714743e-05,0
LA_D_7421260,0,3.275592e-05,0
LA_D_7510866,0,2.276037e-05,0
LA_D_7525010,0,2.771732e-05,0
LA_D_7533494,0,3.2680415e-05,0
LA_D_7546312,0,3.188509e-05,0
LA_D_7555962,0,6.765854e-05,0
LA_D_7564617,0,5.6968507e-05,0
LA_D_7577366,0,3.4134246e-05,0
LA_D_7625238,0,3.6261175e-05,0
LA_D_7626133,0,7.133312e-05,0
LA_D_7640331,0,2.8064953e-05,0
LA_D_7655235,0,4.2006573e-05,0
LA_D_7657304,0,7.382695e-05,0
LA_D_7733072,0,3.733317e-05,0
LA_D_7741491,0,2.4193734e-05,0
LA_D_7756238,0,6.050984e-06,0
LA_D_7772523,0,3.2700584e-05,0
LA_D_7774259,0,6.1974686e-05,0
LA_D_7786100,0,1.0740104e-05,0
LA_D_7793940,0,6.0734737e-06,0
LA_D_7803428,0,2.032291e-05,0
LA_D_7833826,0,5.0257087e-05,0
LA_D_7839744,0,3.5560253e-05,0
LA_D_7880514,0,1.7685748e-05,0
LA_D_7907328,0,2.8656596e-05,0
LA_D_7965716,0,0.00017679468,0
LA_D_8039247,0,3.726701e-05,0
LA_D_8069387,0,6.0601513e-05,0
LA_D_8091794,0,7.56416e-05,0
LA_D_8130384,0,2.2603612e-05,0
LA_D_8137810,0,3.352331e-05,0
LA_D_8138035,0,7.376481e-05,0
LA_D_8162971,0,5.592272e-05,0
LA_D_8169593,0,8.669072e-05,0
LA_D_8173305,0,4.576369e-05,0
LA_D_8220161,0,8.07007e-05,0
LA_D_8248529,0,3.7017937e-05,0
LA_D_8250392,0,4.9119117e-05,0
LA_D_8261899,0,5.6700064e-05,0
LA_D_8268288,0,2.3141483e-05,0
LA_D_8281201,0,2.7099497e-05,0
LA_D_8308097,0,4.045391e-05,0
LA_D_8309783,0,4.548406e-05,0
LA_D_8321562,0,7.767087e-05,0
LA_D_8338896,0,5.1975156e-05,0
LA_D_8340325,0,6.0385184e-05,0
LA_D_8342451,0,4.9020102e-05,0
LA_D_8406853,0,8.302023e-05,0
LA_D_8427353,0,5.116169e-05,0
LA_D_8455214,0,6.954392e-05,0
LA_D_8463562,0,4.0618197e-05,0
LA_D_8483715,0,2.443768e-05,0
LA_D_8495231,0,2.417261e-05,0
LA_D_8509642,0,8.1586986e-05,0
LA_D_8519166,0,1.1242054e-05,0
LA_D_8533998,0,1.897604e-05,0
LA_D_8536051,0,4.6353915e-05,0
LA_D_8538675,0,3.490362e-05,0
LA_D_8548417,0,7.138307e-05,0
LA_D_8549576,0,6.534875e-05,0
LA_D_8582931,0,4.5871e-05,0
LA_D_8614682,0,8.664659e-05,0
LA_D_8628678,0,9.063266e-05,0
LA_D_8646930,0,3.205748e-05,0
LA_D_8655642,0,7.3526455e-05,0
LA_D_8667287,0,4.1391566e-05,0
LA_D_8683829,0,2.4361916e-05,0
LA_D_8753292,0,7.243606e-05,0
LA_D_8773895,0,2.9511577e-05,0
LA_D_8792663,0,3.3023243e-05,0
LA_D_8804146,0,3.896216e-05,0
LA_D_8815079,0,8.851529e-05,0
LA_D_8849846,0,3.8141574e-05,0
LA_D_8852535,0,3.3211883e-05,0
LA_D_8862440,0,3.319697e-05,0
LA_D_8862614,0,6.0347826e-05,0
LA_D_8871719,0,2.7424054e-05,0
LA_D_8892690,0,4.3838303e-05,0
LA_D_8908261,0,5.6961122e-05,0
LA_D_8912899,0,4.1519736e-05,0
LA_D_8925628,0,6.159231e-05,0
LA_D_8998915,0,4.8454483e-05,0
LA_D_9037892,0,3.69157e-05,0
LA_D_9049736,0,8.247852e-05,0
LA_D_9066461,0,3.941758e-05,0
LA_D_9068099,0,2.4696516e-05,0
LA_D_9073444,0,1.7504763e-05,0
LA_D_9094713,0,7.0863876e-05,0
LA_D_9120425,0,3.3844983e-05,0
LA_D_9159389,0,3.1396703e-05,0
LA_D_9172994,0,4.603129e-05,0
LA_D_9225299,0,4.1529474e-05,0
LA_D_9249528,0,2.3684699e-05,0
LA_D_9254137,0,2.4195397e-05,0
LA_D_9271439,0,0.000113566566,0
LA_D_9278326,0,8.824248e-05,0
LA_D_9278655,0,7.4934082e-06,0
LA_D_9334822,0,5.4788758e-05,0
LA_D_9337299,0,2.2139662e-05,0
LA_D_9351259,0,4.259723e-05,0
LA_D_9452798,0,2.4494984e-05,0
LA_D_9497637,0,6.007532e-05,0
LA_D_9509498,0,4.5747413e-05,0
LA_D_9521538,0,8.741327e-05,0
LA_D_9526073,0,3.8035145e-05,0
LA_D_9609174,0,1.3153574e-05,0
LA_D_9638872,0,3.1892876e-05,0
LA_D_9685992,0,6.171955e-05,0
LA_D_9696008,0,9.385064e-05,0
LA_D_9699074,0,0.00013182584,0
LA_D_9732180,0,4.7206275e-05,0
LA_D_9739074,0,2.3333416e-05,0
LA_D_9800072,0,4.15355e-05,0
LA_D_9820995,0,4.4950666e-05,0
LA_D_9840935,0,3.859053e-05,0
LA_D_9865644,0,3.921654e-05,0
LA_D_9896805,0,0.0059085283,0
LA_D_9953716,0,7.2349285e-05,0
LA_D_9972716,0,0.00012344636,0
LA_D_9988500,0,3.4897294e-05,0
LA_D_1016296,0,4.2062053e-05,0
LA_D_1044924,0,0.00014069433,0
LA_D_1078299,0,9.269156e-05,0
LA_D_1127112,0,0.0017673182,0
LA_D_1140789,0,0.00010571406,0
LA_D_1146602,0,0.0013920227,0
LA_D_1161040,0,0.0010379321,0
LA_D_1176474,0,0.0010225358,0
LA_D_1248870,0,0.0008891303,0
LA_D_1292781,0,0.0014473514,0
LA_D_1318978,0,0.00072392065,0
LA_D_1326907,0,0.00011322856,0
LA_D_1357016,0,0.00022444224,0
LA_D_1393609,0,0.00029976948,0
LA_D_1394492,0,6.754025e-05,0
LA_D_1438742,0,5.2375894e-05,0
LA_D_1469415,0,0.00010544153,0
LA_D_1484616,0,7.362826e-05,0
LA_D_1487457,0,0.0002467546,0
LA_D_1557405,0,0.00030061035,0
LA_D_1559429,0,0.0016572964,0
LA_D_1566542,0,7.1610375e-05,0
LA_D_1573404,0,0.00053818483,0
LA_D_1630527,0,7.586488e-05,0
LA_D_1649895,0,1.332348e-05,0
LA_D_1697663,0,6.609008e-05,0
LA_D_1715794,0,4.7193043e-05,0
LA_D_1717085,0,0.0008064444,0
LA_D_1763710,0,0.0002454776,0
LA_D_1803165,0,9.758812e-05,0
LA_D_1842516,0,8.137285e-05,0
LA_D_1856497,0,0.0007693949,0
LA_D_1872772,0,6.387877e-05,0
LA_D_1878310,0,0.0010278412,0
LA_D_1921938,0,0.00017162765,0
LA_D_1946747,0,6.20531e-05,0
LA_D_1952217,0,6.0739323e-05,0
LA_D_1953786,0,1e-06,0
LA_D_1999944,0,0.0005661222,0
LA_D_2017057,0,0.00012622049,0
LA_D_2021939,0,0.0011392452,0
LA_D_2032120,0,9.1330905e-05,0
LA_D_2040913,0,0.00016156906,0
LA_D_2110432,0,0.003734554,0
LA_D_2115072,0,0.00015308578,0
LA_D_2180694,0,6.167518e-05,0
LA_D_2196978,0,2.9649804e-05,0
LA_D_2215298,0,0.00013513844,0
LA_D_2222567,0,8.457602e-05,0
LA_D_2300503,0,5.301913e-05,0
LA_D_2364597,0,8.747463e-05,0
LA_D_2441093,0,0.0010532918,0
LA_D_2466917,0,5.9862457e-05,0
LA_D_2467416,0,7.2852396e-05,0
LA_D_2481560,0,4.0162315e-05,0
LA_D_2494446,0,4.6926514e-05,0
LA_D_2499638,0,8.514644e-05,0
LA_D_2501643,0,0.0021846863,0
LA_D_2542779,0,0.00027259166,0
LA_D_2597129,0,7.7131546e-05,0
LA_D_2598079,0,0.00080009963,0
LA_D_2602925,0,4.3075008e-05,0
LA_D_2617516,0,0.0001224057,0
LA_D_2674105,0,0.0001047875,0
LA_D_2691898,0,0.00017252681,0
LA_D_2745051,0,0.00011444037,0
LA_D_2776677,0,8.008052e-05,0
LA_D_2870458,0,9.021412e-05,0
LA_D_2883720,0,6.138766e-05,0
LA_D_2977454,0,9.015857e-05,0
LA_D_3004327,0,6.546564e-05,0
LA_D_3010789,0,0.00014455288,0
LA_D_3054881,0,9.004069e-05,0
LA_D_3065517,0,9.871197e-05,0
LA_D_3126147,0,0.00019213479,0
LA_D_3211269,0,0.00045296762,0
LA_D_3229435,0,5.4716707e-05,0
LA_D_3273842,0,0.00036549263,0
LA_D_3283074,0,0.00015935315,0
LA_D_3285424,0,0.00018455056,0
LA_D_3301577,0,5.2345433e-05,0
LA_D_3346891,0,5.8991114e-05,0
LA_D_3395278,0,5.7346617e-05,0
LA_D_3399535,0,5.2752635e-05,0
LA_D_3404722,0,7.494908e-05,0
LA_D_3411132,0,0.0003180177,0
LA_D_3442349,0,8.895835e-05,0
LA_D_3473674,0,5.4765205e-05,0
LA_D_3495418,0,0.00013025533,0
LA_D_3639272,0,0.00012257812,0
LA_D_3646143,0,2.7869804e-05,0
LA_D_3655812,0,0.00088243734,0
LA_D_3741865,0,6.689553e-05,0
LA_D_3754318,0,7.0992864e-05,0
LA_D_3884249,0,4.2951742e-05,0
LA_D_3914541,0,4.9870992e-05,0
LA_D_3928764,0,0.00017715835,0
LA_D_3995155,0,0.00012011815,0
LA_D_4019473,0,5.9644284e-05,0
LA_D_4021676,0,0.0009088555,0
LA_D_4024567,0,8.832894e-05,0
LA_D_4044969,0,9.640006e-05,0
LA_D_4127237,0,0.0009187173,0
LA_D_4190213,0,6.663196e-05,0
LA_D_4249444,0,0.00010491409,0
LA_D_4272960,0,0.004089584,0
LA_D_4281667,0,6.960376e-05,0
LA_D_4354832,0,5.3243784e-05,0
LA_D_4427871,0,0.00015602894,0
LA_D_4453838,0,5.832652e-05,0
LA_D_4482667,0,4.6061064e-05,0
LA_D_4564375,0,2.7869406e-05,0
LA_D_4602795,0,3.7249138e-05,0
LA_D_4657076,0,0.00010200996,0
LA_D_4710772,0,0.00036469486,0
LA_D_4724979,0,9.585677e-05,0
LA_D_4730310,0,3.730798e-05,0
LA_D_4766369,0,0.00032811504,0
LA_D_4768212,0,0.0020823912,0
LA_D_4771283,0,7.618794e-05,0
LA_D_4778221,0,0.00021194757,0
LA_D_4797830,0,0.00013145969,0
LA_D_4799572,0,0.00039761775,0
LA_D_4874621,0,0.00012957767,0
LA_D_4876965,0,0.0013164617,0
LA_D_4950294,0,4.4130193e-05,0
LA_D_5005167,0,5.4090826e-05,0
LA_D_5091760,0,5.7657697e-05,0
LA_D_5107868,0,0.00012712544,0
LA_D_5124586,0,0.00017748348,0
LA_D_5140773,0,9.033843e-05,0
LA_D_5170331,0,8.476681e-05,0
LA_D_5177748,0,0.00015656573,0
LA_D_5182268,0,0.0017027241,0
LA_D_5189335,0,6.5338034e-05,0
LA_D_5193473,0,0.005592683,0
LA_D_5249364,0,0.00023466282,0
LA_D_5266068,0,6.323746e-05,0
LA_D_5305767,0,0.0024010055,0
LA_D_5366058,0,4.7860456e-05,0
LA_D_5399266,0,7.008812e-05,0
LA_D_5464038,0,1.716531e-05,0
LA_D_5479621,0,6.185141e-05,0
LA_D_5529080,0,0.00014482357,0
LA_D_5531293,0,0.00011211292,0
LA_D_5553767,0,0.00026866002,0
LA_D_5554206,0,0.0002390264,0
LA_D_5572271,0,5.904959e-05,0
LA_D_5702239,0,0.00022352503,0
LA_D_5836628,0,4.585779e-05,0
LA_D_5839530,0,7.175652e-05,0
LA_D_5899837,0,0.00015381826,0
LA_D_5919154,0,0.0027894739,0
LA_D_6003803,0,4.9218237e-05,0
LA_D_6048851,0,0.00067183306,0
LA_D_6054337,0,8.288924e-05,0
LA_D_6153129,0,0.000518496,0
LA_D_6153562,0,5.4635264e-05,0
LA_D_6190533,0,0.35859007,0
LA_D_6192792,0,0.00021273353,0
LA_D_6197341,0,9.0947455e-05,0
LA_D_6255539,0,0.00011231022,0
LA_D_6256750,0,7.730724e-05,0
LA_D_6276971,0,0.00018072782,0
LA_D_6281576,0,2.7044121e-05,0
LA_D_6292340,0,6.2646424e-05,0
LA_D_6300071,0,6.86066e-05,0
LA_D_6346160,0,0.0003511223,0
LA_D_6355954,0,0.00036278402,0
LA_D_6366232,0,0.00017437516,0
LA_D_6392613,0,6.653488e-05,0
LA_D_6411224,0,0.000103626786,0
LA_D_6431886,0,4.6072087e-06,0
LA_D_6440445,0,0.0024341445,0
LA_D_6493011,0,4.9822556e-05,0
LA_D_6536882,0,0.00039453013,0
LA_D_6573061,0,0.00012604584,0
LA_D_6604594,0,4.4853037e-05,0
LA_D_6606092,0,0.00016847209,0
LA_D_6696589,0,0.0006908663,0
LA_D_6733057,0,5.3566062e-05,0
LA_D_6733844,0,5.8592548e-05,0
LA_D_6736813,0,0.00015014302,0
LA_D_6759383,0,0.0003022634,0
LA_D_6784610,0,6.744126e-05,0
LA_D_6813136,0,5.4940752e-05,0
LA_D_6828979,0,1.8043782e-05,0
LA_D_6838627,0,0.00011552529,0
LA_D_6869232,0,7.568034e-05,0
LA_D_6903687,0,8.108933e-05,0
LA_D_6937056,0,0.00047083586,0
LA_D_6954064,0,9.078681e-05,0
LA_D_6982355,0,0.0005694966,0
LA_D_6990164,0,1.3120275e-05,0
LA_D_6998107,0,0.00038252157,0
LA_D_7008788,0,0.00012471424,0
LA_D_7016945,0,3.9909257e-05,0
LA_D_7021627,0,0.00071269827,0
LA_D_7030186,0,5.8760354e-05,0
LA_D_7030273,0,5.5681394e-05,0
LA_D_7063095,0,0.00039508587,0
LA_D_7088669,0,3.9127743e-05,0
LA_D_7112224,0,0.00027625324,0
LA_D_7147745,0,0.0108295325,0
LA_D_7154683,0,0.00011763463,0
LA_D_7176078,0,6.863761e-05,0
LA_D_7229340,0,9.819843e-05,0
LA_D_7253310,0,6.529967e-05,0
LA_D_7257796,0,0.000112943,0
LA_D_7272412,0,0.00025581784,0
LA_D_7302757,0,0.0009861008,0
LA_D_7328344,0,5.7197678e-05,0
LA_D_7328872,0,0.00023836232,0
LA_D_7337126,0,0.00013119658,0
LA_D_7346965,0,0.0003188617,0
LA_D_7363496,0,0.00023926559,0
LA_D_7386222,0,9.604726e-05,0
LA_D_7435327,0,2.8409366e-05,0
LA_D_7468954,0,3.213648e-05,0
LA_D_7523717,0,0.00026027302,0
LA_D_7536401,0,0.00028636277,0
LA_D_7543704,0,0.0015442366,0
LA_D_7560734,0,3.2711198e-06,0
LA_D_7573124,0,0.000370554,0
LA_D_7631811,0,0.0004978215,0
LA_D_7662648,0,4.0892824e-05,0
LA_D_7669397,0,0.00826746,0
LA_D_7739036,0,0.000110692534,0
LA_D_7760476,0,6.982767e-05,0
LA_D_7826604,0,7.853938e-05,0
LA_D_7856417,0,9.94074e-05,0
LA_D_7872579,0,0.00021195265,0
LA_D_7893531,0,7.555833e-05,0
LA_D_7939810,0,0.0001433804,0
LA_D_7985410,0,0.28558567,0
LA_D_7993478,0,0.00012798926,0
LA_D_7998693,0,0.01854055,0
LA_D_8001922,0,0.00018406166,0
LA_D_8018834,0,0.00016095079,0
LA_D_8026429,0,3.9646675e-05,0
LA_D_8037458,0,0.003564397,0
LA_D_8058106,0,0.00018017757,0
LA_D_8115137,0,0.00015486374,0
LA_D_8115280,0,6.029657e-05,0
LA_D_8116593,0,2.500111e-05,0
LA_D_8117889,0,6.141061e-05,0
LA_D_8126226,0,0.0004527723,0
LA_D_8189332,0,3.757158e-05,0
LA_D_8258080,0,0.0003369931,0
LA_D_8269720,0,0.0002887438,0
LA_D_8271714,0,5.6999812e-05,0
LA_D_8285076,0,9.651937e-05,0
LA_D_8313425,0,4.235015e-05,0
LA_D_8351401,0,0.0002916702,0
LA_D_8374831,0,6.276949e-05,0
LA_D_8404295,0,5.5818455e-05,0
LA_D_8429648,0,0.002911255,0
LA_D_8493833,0,4.3371117e-05,0
LA_D_8520696,0,0.00030978155,0
LA_D_8522922,0,0.00018562656,0
LA_D_8567575,0,6.65529e-05,0
LA_D_8584532,0,0.00023035117,0
LA_D_8606381,0,9.9293524e-05,0
LA_D_8608217,0,0.000100059435,0
LA_D_8702563,0,1e-06,0
LA_D_8749920,0,0.00016420643,0
LA_D_8754795,0,3.955189e-05,0
LA_D_8763624,0,0.00015952889,0
LA_D_8763956,0,0.00022201274,0
LA_D_8792267,0,3.3612112e-05,0
LA_D_8795592,0,3.5842942e-05,0
LA_D_8852103,0,0.00019062658,0
LA_D_8894648,0,9.301031e-05,0
LA_D_8903895,0,2.9327475e-05,0
LA_D_8931062,0,5.874092e-05,0
LA_D_8961195,0,0.00020603057,0
LA_D_8987632,0,0.0003869295,0
LA_D_9005941,0,0.0003223434,0
LA_D_9018221,0,7.299906e-05,0
LA_D_9127001,0,6.2442865e-05,0
LA_D_9138868,0,0.00014235555,0
LA_D_9147299,0,6.106746e-05,0
LA_D_9152403,0,0.00061909325,0
LA_D_9206015,0,0.00018092472,0
LA_D_9274477,0,0.0011150765,0
LA_D_9284758,0,5.013574e-05,0
LA_D_9335831,0,5.636924e-06,0
LA_D_9342188,0,7.643508e-05,0
LA_D_9392796,0,6.945067e-05,0
LA_D_9395082,0,7.719615e-05,0
LA_D_9424343,0,0.00072810106,0
LA_D_9451445,0,0.00012691045,0
LA_D_9474750,0,0.00015911614,0
LA_D_9478591,0,2.2632194e-05,0
LA_D_9506978,0,5.2275198e-05,0
LA_D_9551821,0,8.9101915e-05,0
LA_D_9626068,0,0.00011821844,0
LA_D_9634838,0,6.092426e-05,0
LA_D_9672991,0,9.091615e-05,0
LA_D_9733678,0,0.00016989913,0
LA_D_9785421,0,3.6318106e-05,0
LA_D_9786409,0,1.9785402e-05,0
LA_D_9812727,0,0.00022907754,0
LA_D_9825451,0,0.0003412846,0
LA_D_9911052,0,3.416391e-05,0
LA_D_9922230,0,6.732759e-05,0
LA_D_9975936,0,3.7622092e-05,0
LA_D_9997585,0,0.010657844,0
LA_D_1013596,0,3.1158204e-05,0
LA_D_1024326,0,5.27931e-05,0
LA_D_1029401,0,9.486685e-05,0
LA_D_1051032,0,5.0219096e-05,0
LA_D_1089922,0,3.8860042e-05,0
LA_D_1099173,0,3.2837776e-05,0
LA_D_1141551,0,3.1742467e-05,0
LA_D_1147582,0,7.311073e-05,0
LA_D_1176249,0,9.3913935e-05,0
LA_D_1177616,0,9.539517e-05,0
LA_D_1179946,0,3.6638496e-05,0
LA_D_1243570,0,4.844838e-05,0
LA_D_1253043,0,6.412283e-05,0
LA_D_1264718,0,3.554096e-05,0
LA_D_1286132,0,1.7547314e-05,0
LA_D_1290079,0,4.557446e-05,0
LA_D_1324369,0,2.9794388e-05,0
LA_D_1371818,0,6.5886255e-05,0
LA_D_1375735,0,4.4761895e-05,0
LA_D_1409881,0,7.0527e-05,0
LA_D_1420574,0,5.766584e-05,0
LA_D_1427618,0,4.1623603e-05,0
LA_D_1443809,0,7.596841e-05,0
LA_D_1464997,0,0.00029366862,0
LA_D_1483054,0,8.3491264e-05,0
LA_D_1506235,0,0.00023776444,0
LA_D_1522185,0,5.516866e-05,0
LA_D_1528176,0,0.00016847948,0
LA_D_1556777,0,2.1822945e-05,0
LA_D_1600156,0,5.0943585e-05,0
LA_D_1660121,0,9.0382375e-05,0
LA_D_1670207,0,2.9271481e-05,0
LA_D_1834958,0,7.702467e-05,0
LA_D_1874001,0,4.3627235e-05,0
LA_D_1889727,0,0.00011390495,0
LA_D_1903761,0,7.928769e-05,0
LA_D_1915883,0,3.4191846e-05,0
LA_D_1918968,0,0.00030113585,0
LA_D_1936614,0,4.6699286e-05,0
LA_D_1940050,0,4.6070774e-05,0
LA_D_1976624,0,4.4231816e-05,0
LA_D_1980562,0,6.906429e-06,0
LA_D_1984025,0,2.3808684e-06,0
LA_D_1986382,0,0.000104449115,0
LA_D_2009306,0,0.00017381091,0
LA_D_2052144,0,2.8961716e-05,0
LA_D_2063490,0,0.00035295676,0
LA_D_2064600,0,4.7335514e-05,0
LA_D_2085656,0,5.001569e-05,0
LA_D_2100372,0,3.7047455e-05,0
LA_D_2118848,0,8.752528e-05,0
LA_D_2144689,0,2.9813798e-05,0
LA_D_2159915,0,0.000121609,0
LA_D_2173475,0,3.184613e-05,0
LA_D_2187904,0,5.312409e-05,0
LA_D_2197811,0,0.00015058005,0
LA_D_2242800,0,5.4593125e-05,0
LA_D_2254293,0,6.606531e-05,0
LA_D_2265492,0,3.621373e-05,0
LA_D_2279462,0,6.034742e-05,0
LA_D_2293647,0,0.00016702726,0
LA_D_2294546,0,0.00013672192,0
LA_D_2335219,0,5.3259882e-05,0
LA_D_2341615,0,7.7504614e-05,0
LA_D_2345337,0,2.2729417e-05,0
LA_D_2372835,0,4.1721047e-05,0
LA_D_2375001,0,3.706633e-05,0
LA_D_2395590,0,3.044527e-05,0
LA_D_2406469,0,5.3914133e-05,0
LA_D_2413214,0,3.0900024e-05,0
LA_D_2458766,0,3.494415e-05,0
LA_D_2482572,0,0.0002289151,0
LA_D_2517481,0,4.448105e-05,0
LA_D_2527215,0,5.254578e-05,0
LA_D_2545950,0,5.853748e-05,0
LA_D_2550548,0,8.6711734e-05,0
LA_D_2557946,0,4.6175985e-05,0
LA_D_2571309,0,0.00026664307,0
LA_D_2579139,0,8.1152306e-05,0
LA_D_2603106,0,7.109137e-05,0
LA_D_2607277,0,5.3536085e-05,0
LA_D_2608601,0,4.2401476e-05,0
LA_D_2684959,0,3.9671755e-05,0
LA_D_2691745,0,5.261533e-05,0
LA_D_2727780,0,6.890045e-05,0
LA_D_2799892,0,2.801479e-05,0
LA_D_2866949,0,3.274015e-05,0
LA_D_2902556,0,5.3854325e-05,0
LA_D_2914985,0,4.5760848e-05,0
LA_D_2921930,0,5.959482e-05,0
LA_D_2925498,0,2.9218882e-05,0
LA_D_2933176,0,5.498782e-05,0
LA_D_2958095,0,4.487943e-05,0
LA_D_2997217,0,5.045584e-05,0
LA_D_3036760,0,1.198009e-05,0
LA_D_3039159,0,6.476725e-05,0
LA_D_3054411,0,0.00012795998,0
LA_D_3075527,0,3.1519343e-05,0
LA_D_3093185,0,0.00012049351,0
LA_D_3094874,0,2.5529576e-05,0
LA_D_3129993,0,0.0045128656,0
LA_D_3230838,0,3.7622525e-05,0
LA_D_3248256,0,4.842972e-05,0
LA_D_3282066,0,7.341765e-05,0
LA_D_3337611,0,0.0003819309,0
LA_D_3380409,0,3.7355396e-05,0
LA_D_3393465,0,4.435355e-05,0
LA_D_3398271,0,2.7574031e-05,0
LA_D_3412330,0,2.7969729e-05,0
LA_D_3420388,0,4.2646003e-05,0
LA_D_3435784,0,6.152656e-05,0
LA_D_3450749,0,3.4057088e-05,0
LA_D_3457581,0,6.903067e-05,0
LA_D_3496116,0,3.775047e-05,0
LA_D_3509644,0,5.384092e-05,0
LA_D_3539892,0,6.77404e-05,0
LA_D_3552234,0,5.1976247e-05,0
LA_D_3562009,0,4.0714338e-05,0
LA_D_3567404,0,0.00012235728,0
LA_D_3571070,0,9.7796044e-05,0
LA_D_3588547,0,8.995787e-05,0
LA_D_3619292,0,0.00014075324,0
LA_D_3643887,0,5.0576906e-05,0
LA_D_3646040,0,1.4327799e-05,0
LA_D_3673596,0,0.0001710079,0
LA_D_3726596,0,4.557598e-05,0
LA_D_3737744,0,4.8978563e-05,0
LA_D_3757923,0,2.267101e-05,0
LA_D_3770754,0,4.8985523e-05,0
LA_D_3814257,0,4.342153e-05,0
LA_D_3843705,0,0.00013591874,0
LA_D_3851144,0,3.810783e-05,0
LA_D_3883337,0,5.9973998e-05,0
LA_D_3887131,0,0.00016628722,0
LA_D_3893271,0,4.644414e-05,0
LA_D_3917851,0,0.00019983352,0
LA_D_3918474,0,0.00015550831,0
LA_D_3924068,0,3.064635e-05,0
LA_D_3930165,0,3.2718457e-05,0
LA_D_3946264,0,3.1958974e-05,0
LA_D_3952183,0,6.388242e-05,0
LA_D_3967616,0,0.00015324571,0
LA_D_4014814,0,2.7021972e-05,0
LA_D_4029515,0,8.86452e-05,0
LA_D_4030356,0,3.7351907e-05,0
LA_D_4046673,0,3.1748616e-05,0
LA_D_4080966,0,5.6943307e-05,0
LA_D_4121809,0,8.585782e-05,0
LA_D_4123062,0,3.249783e-05,0
LA_D_4131648,0,5.128039e-05,0
LA_D_4167431,0,5.2650917e-05,0
LA_D_4196303,0,3.4368113e-05,0
LA_D_4196989,0,4.871217e-05,0
LA_D_4199273,0,4.4975233e-05,0
LA_D_4231134,0,4.6783618e-05,0
LA_D_4255574,0,7.947935e-05,0
LA_D_4258777,0,5.993712e-05,0
LA_D_4344587,0,6.187725e-05,0
LA_D_4374868,0,3.131919e-05,0
LA_D_4394367,0,5.3674154e-05,0
LA_D_4397003,0,6.8319336e-05,0
LA_D_4432534,0,0.00015029602,0
LA_D_4452476,0,2.6733029e-05,0
LA_D_4477471,0,6.897316e-05,0
LA_D_4492452,0,5.0119485e-05,0
LA_D_4526494,0,0.002563843,0
LA_D_4542806,0,4.292218e-05,0
LA_D_4575411,0,2.2763648e-05,0
LA_D_4650704,0,5.1337633e-05,0
LA_D_4653724,0,4.128206e-05,0
LA_D_4654807,0,7.1988456e-05,0
LA_D_4724411,0,4.5071625e-05,0
LA_D_4724496,0,2.0570622e-05,0
LA_D_4730109,0,0.00013125138,0
LA_D_4763142,0,5.3931515e-05,0
LA_D_4766442,0,6.872826e-05,0
LA_D_4798963,0,7.992748e-05,0
LA_D_4841921,0,0.00022813573,0
LA_D_4852798,0,3.263765e-05,0
LA_D_4895511,0,3.0096578e-05,0
LA_D_4915280,0,6.184209e-05,0
LA_D_4919746,0,0.00012358298,0
LA_D_4967942,0,5.8914262e-05,0
LA_D_4999305,0,3.5558118e-05,0
LA_D_5032508,0,2.248942e-05,0
LA_D_5049280,0,2.8081016e-05,0
LA_D_5054258,0,0.0002168184,0
LA_D_5066173,0,0.0026172963,0
LA_D_5070212,0,4.7191825e-05,0
LA_D_5090531,0,5.0504757e-05,0
LA_D_5090551,0,2.0737296e-05,0
LA_D_5098442,0,5.5661007e-05,0
LA_D_5138201,0,5.829855e-05,0
LA_D_5145753,0,8.1056016e-05,0
LA_D_5184417,0,1.9858444e-05,0
LA_D_5188638,0,5.1339448e-05,0
LA_D_5259851,0,5.0839917e-05,0
LA_D_5261718,0,2.5352248e-05,0
LA_D_5275494,0,5.3342024e-05,0
LA_D_5331428,0,5.924237e-05,0
LA_D_5345215,0,3.35867e-05,0
LA_D_5402252,0,3.8347123e-05,0
LA_D_5412628,0,6.417495e-05,0
LA_D_5428077,0,6.8862355e-05,0
LA_D_5451234,0,7.873931e-05,0
LA_D_5480395,0,4.1774078e-05,0
LA_D_5490153,0,2.4926263e-05,0
LA_D_5507848,0,4.3244992e-05,0
LA_D_5549134,0,0.0008344619,0
LA_D_5596917,0,0.00011255015,0
LA_D_5631323,0,5.7618785e-05,0
LA_D_5637114,0,4.309724e-05,0
LA_D_5661640,0,3.2521824e-05,0
LA_D_5728642,0,0.00012166386,0
LA_D_5738833,0,4.951416e-05,0
LA_D_5742561,0,5.9446385e-05,0
LA_D_5772488,0,4.5537137e-05,0
LA_D_5799657,0,8.664048e-05,0
LA_D_5805258,0,6.1722254e-05,0
LA_D_5841342,0,4.2499236e-05,0
LA_D_5845529,0,2.0489511e-05,0
LA_D_5869640,0,9.205436e-05,0
LA_D_5914572,0,3.132899e-05,0
LA_D_5921937,0,0.00016767609,0
LA_D_5953510,0,0.00017182513,0
LA_D_5955756,0,3.7084432e-05,0
LA_D_5958767,0,3.596984e-05,0
LA_D_5974545,0,7.024469e-05,0
LA_D_6002746,0,5.4435815e-05,0
LA_D_6073856,0,5.3256583e-05,0
LA_D_6113951,0,8.0097474e-05,0
LA_D_6114748,0,9.112594e-05,0
LA_D_6153465,0,3.6526926e-05,0
LA_D_6168336,0,4.3809385e-05,0
LA_D_6279022,0,0.000107785294,0
LA_D_6335987,0,2.466154e-05,0
LA_D_6345168,0,3.186439e-05,0
LA_D_6369142,0,0.00021518688,0
LA_D_6408762,0,0.000137514,0
LA_D_6457597,0,0.0001301689,0
LA_D_6490097,0,5.0032986e-06,0
LA_D_6497646,0,3.149095e-05,0
LA_D_6572116,0,5.511324e-05,0
LA_D_6579479,0,6.03404e-05,0
LA_D_6588865,0,9.876009e-05,0
LA_D_6590996,0,3.902158e-05,0
LA_D_6600800,0,3.4564073e-05,0
LA_D_6646870,0,9.9201716e-05,0
LA_D_6696204,0,5.5492892e-05,0
LA_D_6725130,0,5.4454402e-05,0
LA_D_6751659,0,0.00016718134,0
LA_D_6793210,0,7.014629e-05,0
LA_D_6849663,0,3.318545e-05,0
LA_D_6875907,0,6.55626e-05,0
LA_D_6880419,0,0.000103642684,0
LA_D_6913699,0,4.176001e-06,0
LA_D_6934200,0,3.7661794e-05,0
LA_D_6946644,0,4.891135e-05,0
LA_D_6953406,0,8.3587096e-05,0
LA_D_6978333,0,5.7361714e-05,0
LA_D_7009736,0,1.9077506e-05,0
LA_D_7023167,0,0.0014052418,0
LA_D_7068182,0,0.001411338,0
LA_D_7083288,0,3.9631333e-05,0
LA_D_7104527,0,4.2261072e-05,0
LA_D_7115178,0,5.4731005e-05,0
LA_D_7124167,0,0.00014367726,0
LA_D_7140664,0,4.1300096e-05,0
LA_D_7153518,0,0.00011190655,0
LA_D_7164827,0,4.6570894e-05,0
LA_D_7166280,0,5.4547905e-05,0
LA_D_7187188,0,4.955517e-05,0
LA_D_7187597,0,7.583755e-05,0
LA_D_7192041,0,3.3548604e-05,0
LA_D_7219075,0,3.2226493e-05,0
LA_D_7220382,0,4.5408862e-05,0
LA_D_7269077,0,0.00011876895,0
LA_D_7289124,0,0.00012840294,0
LA_D_7302282,0,5.116418e-05,0
LA_D_7365945,0,5.3491327e-05,0
LA_D_7373220,0,8.311386e-05,0
LA_D_7404738,0,7.285482e-05,0
LA_D_7415426,0,4.1421972e-05,0
LA_D_7421972,0,8.129707e-05,0
LA_D_7446128,0,3.308086e-05,0
LA_D_7484552,0,4.8739956e-05,0
LA_D_7491481,0,4.16657e-05,0
LA_D_7500473,0,3.694141e-05,0
LA_D_7528137,0,6.610432e-05,0
LA_D_7552298,0,3.5127683e-05,0
LA_D_7562908,0,5.1299852e-05,0
LA_D_7563550,0,6.509474e-05,0
LA_D_7572295,0,1.4191255e-05,0
LA_D_7579942,0,5.4676173e-05,0
LA_D_7599571,0,6.1529136e-05,0
LA_D_7608424,0,4.0294857e-05,0
LA_D_7627638,0,8.8187044e-05,0
LA_D_7628095,0,3.8598664e-05,0
LA_D_7651024,0,3.7440775e-05,0
LA_D_7666735,0,7.9921694e-05,0
LA_D_7677736,0,7.240208e-05,0
LA_D_7698637,0,0.00018864954,0
LA_D_7736692,0,3.2033917e-05,0
LA_D_7793474,0,0.0006620343,0
LA_D_7821144,0,7.72849e-05,0
LA_D_7822867,0,2.2974828e-05,0
LA_D_7837262,0,7.072972e-05,0
LA_D_7845923,0,3.7044705e-05,0
LA_D_7864167,0,7.921128e-05,0
LA_D_7884675,0,6.7560606e-05,0
LA_D_7887508,0,6.8311776e-05,0
LA_D_7891889,0,0.00012389825,0
LA_D_7901552,0,0.00015107982,0
LA_D_7946330,0,3.0235959e-05,0
LA_D_7977320,0,3.0744006e-05,0
LA_D_7984933,0,2.178263e-05,0
LA_D_7986305,0,0.00027965824,0
LA_D_7988938,0,5.560239e-05,0
LA_D_8015998,0,3.243875e-05,0
LA_D_8047998,0,0.00032974256,0
LA_D_8073420,0,5.968604e-05,0
LA_D_8086346,0,5.0914296e-05,0
LA_D_8090102,0,6.448721e-05,0
LA_D_8094196,0,4.9553702e-05,0
LA_D_8126031,0,7.257579e-05,0
LA_D_8164002,0,7.683811e-05,0
LA_D_8243640,0,2.8442302e-05,0
LA_D_8257354,0,3.9841227e-05,0
LA_D_8261443,0,0.00019799157,0
LA_D_8281902,0,3.9164213e-05,0
LA_D_8291086,0,7.469094e-05,0
LA_D_8308855,0,8.694845e-05,0
LA_D_8348470,0,2.582432e-05,0
LA_D_8413012,0,4.5499808e-05,0
LA_D_8487209,0,0.00024464322,0
LA_D_8496632,0,4.7486705e-05,0
LA_D_8501151,0,2.762496e-05,0
LA_D_8507903,0,0.00069668866,0
LA_D_8510601,0,0.00027178566,0
LA_D_8512598,0,2.6655538e-05,0
LA_D_8539634,0,3.912487e-05,0
LA_D_8546068,0,6.353546e-05,0
LA_D_8546481,0,5.0091294e-05,0
LA_D_8605975,0,0.00012462128,0
LA_D_8611156,0,3.7765338e-05,0
LA_D_8612905,0,9.019159e-05,0
LA_D_8617247,0,5.021488e-05,0
LA_D_8628343,0,4.0393443e-06,0
LA_D_8644251,0,4.2347812e-05,0
LA_D_8648680,0,0.00044857533,0
LA_D_8649631,0,9.0958765e-06,0
LA_D_8655169,0,3.4374207e-05,0
LA_D_8710691,0,8.144085e-05,0
LA_D_8718179,0,0.00021082496,0
LA_D_8723456,0,4.1041672e-05,0
LA_D_8724279,0,0.00036723088,0
LA_D_8738176,0,4.8157992e-05,0
LA_D_8765013,0,3.507884e-05,0
LA_D_8809106,0,6.935061e-05,0
LA_D_8812811,0,0.0008228457,0
LA_D_8816193,0,4.2835083e-05,0
LA_D_8829832,0,6.674344e-05,0
LA_D_8842630,0,6.788073e-05,0
LA_D_8852748,0,4.024746e-05,0
LA_D_8864927,0,5.8209225e-05,0
LA_D_8869402,0,2.7556762e-05,0
LA_D_8870403,0,3.9434693e-05,0
LA_D_8882807,0,3.3915323e-05,0
LA_D_8888903,0,5.333974e-05,0
LA_D_8942973,0,3.2711876e-05,0
LA_D_8955970,0,3.168842e-05,0
LA_D_9017623,0,2.618502e-05,0
LA_D_9025240,0,7.6187214e-05,0
LA_D_9026344,0,0.0002043652,0
LA_D_9103728,0,3.4899927e-05,0
LA_D_9115231,0,6.157504e-05,0
LA_D_9115338,0,0.00022675347,0
LA_D_9136883,0,5.3780215e-05,0
LA_D_9144406,0,3.8563783e-05,0
LA_D_9192772,0,4.799515e-05,0
LA_D_9226269,0,6.415477e-05,0
LA_D_9266761,0,9.666195e-05,0
LA_D_9287127,0,0.00022313534,0
LA_D_9289511,0,0.00015476573,0
LA_D_9292862,0,7.7404686e-05,0
LA_D_9294766,0,4.2113064e-05,0
LA_D_9323100,0,4.5541175e-05,0
LA_D_9332950,0,7.6805954e-05,0
LA_D_9345488,0,6.2425235e-05,0
LA_D_9367260,0,8.135935e-05,0
LA_D_9397829,0,8.61167e-05,0
LA_D_9419297,0,2.5345747e-05,0
LA_D_9429831,0,0.00010779495,0
LA_D_9460035,0,1.0397942e-05,0
LA_D_9582158,0,0.00019323564,0
LA_D_9648319,0,5.4141292e-05,0
LA_D_9714161,0,7.090964e-05,0
LA_D_9724620,0,4.437479e-05,0
LA_D_9779319,0,2.9571189e-05,0
LA_D_9815062,0,0.00087765517,0
LA_D_9847737,0,3.961901e-05,0
LA_D_9848935,0,6.245811e-05,0
LA_D_9876012,0,3.6426463e-05,0
LA_D_9877979,0,6.542401e-05,0
LA_D_9879056,0,4.3678352e-05,0
LA_D_9895969,0,4.277202e-05,0
LA_D_9906100,0,6.682142e-06,0
LA_D_9906845,0,2.9704654e-05,0
LA_D_9911836,0,9.593888e-05,0
LA_D_9912384,0,7.227881e-05,0
LA_D_9914359,0,0.00013803516,0
LA_D_9951278,0,6.369531e-05,0
LA_D_9962189,0,4.2097123e-05,0
LA_D_9985507,0,7.0316e-05,0
LA_D_1021776,0,6.542314e-05,0
LA_D_1034285,0,7.032626e-05,0
LA_D_1037321,0,7.946025e-05,0
LA_D_1082012,0,5.8724116e-05,0
LA_D_1084834,0,9.539517e-05,0
LA_D_1088912,0,0.00010769797,0
LA_D_1115199,0,6.9579146e-05,0
LA_D_1118057,0,0.00014517226,0
LA_D_1127133,0,0.0004080338,0
LA_D_1174503,0,7.4333395e-05,0
LA_D_1179257,0,5.091573e-06,0
LA_D_1207577,0,3.9674593e-05,0
LA_D_1208658,0,9.3195245e-05,0
LA_D_1240372,0,4.680821e-05,0
LA_D_1277623,0,4.882322e-05,0
LA_D_1283838,0,5.0654915e-05,0
LA_D_1298536,0,7.841201e-05,0
LA_D_1300449,0,2.2150096e-05,0
LA_D_1321593,0,0.00010326308,0
LA_D_1367292,0,2.660287e-05,0
LA_D_1374008,0,0.0001257486,0
LA_D_1375481,0,2.8098428e-05,0
LA_D_1399436,0,0.00010150595,0
LA_D_1426766,0,0.00011205199,0
LA_D_1434283,0,7.302761e-05,0
LA_D_1453930,0,6.352443e-05,0
LA_D_1480384,0,6.015528e-05,0
LA_D_1517317,0,5.2543583e-05,0
LA_D_1528924,0,7.079539e-05,0
LA_D_1571680,0,3.916713e-05,0
LA_D_1584090,0,6.7649504e-05,0
LA_D_1594811,0,0.00012657652,0
LA_D_1602057,0,8.055677e-05,0
LA_D_1611669,0,0.00074636925,0
LA_D_1630632,0,4.959715e-05,0
LA_D_1636429,0,6.0542472e-05,0
LA_D_1689670,0,8.359571e-05,0
LA_D_1712968,0,6.5377986e-05,0
LA_D_1722516,0,8.303179e-05,0
LA_D_1738559,0,4.782993e-05,0
LA_D_1781206,0,0.00014880528,0
LA_D_1783793,0,6.8950605e-05,0
LA_D_1854266,0,5.9903577e-05,0
LA_D_1905359,0,4.47636e-05,0
LA_D_1915504,0,0.00011848208,0
LA_D_1922841,0,9.093531e-05,0
LA_D_1991323,0,6.38661e-05,0
LA_D_2013762,0,0.0016209896,0
LA_D_2022826,0,5.135516e-05,0
LA_D_2027723,0,4.1800176e-05,0
LA_D_2059623,0,0.00033267686,0
LA_D_2066042,0,0.00017686684,0
LA_D_2072378,0,0.00016237618,0
LA_D_2080989,0,5.01829e-05,0
LA_D_2083550,0,0.00018483125,0
LA_D_2165853,0,0.00018488342,0
LA_D_2170933,0,6.446446e-05,0
LA_D_2174094,0,0.00010729266,0
LA_D_2218453,0,7.036993e-05,0
LA_D_2223087,0,8.776808e-05,0
LA_D_2286137,0,6.14269e-05,0
LA_D_2311722,0,0.00018288186,0
LA_D_2315845,0,6.275286e-05,0
LA_D_2348280,0,7.9229336e-05,0
LA_D_2358905,0,5.402237e-05,0
LA_D_2368969,0,5.278605e-05,0
LA_D_2372420,0,0.00018938919,0
LA_D_2399025,0,0.00019433949,0
LA_D_2415062,0,0.000109373745,0
LA_D_2427989,0,6.0622322e-05,0
LA_D_2432104,0,0.00016272679,0
LA_D_2433138,0,3.922114e-05,0
LA_D_2462561,0,0.00017625137,0
LA_D_2487821,0,5.9341884e-05,0
LA_D_2557874,0,0.0003084642,0
LA_D_2564030,0,2.3100782e-05,0
LA_D_2581917,0,0.004246067,0
LA_D_2584407,0,5.8692873e-05,0
LA_D_2624158,0,5.5193123e-05,0
LA_D_2668582,0,3.7750575e-05,0
LA_D_2675915,0,0.00013752526,0
LA_D_2682059,0,6.9405716e-05,0
LA_D_2688954,0,5.0120445e-05,0
LA_D_2713644,0,5.3801148e-05,0
LA_D_2729132,0,7.1026516e-05,0
LA_D_2731749,0,1.8363371e-05,0
LA_D_2743615,0,6.9913654e-06,0
LA_D_2768410,0,0.00020773924,0
LA_D_2794335,0,0.000104479004,0
LA_D_2800733,0,0.00024797933,0
LA_D_2821157,0,5.0682305e-05,0
LA_D_2831410,0,4.230906e-05,0
LA_D_2832477,0,2.9149081e-05,0
LA_D_2850159,0,6.5510416e-05,0
LA_D_2867209,0,0.0001604387,0
LA_D_2930522,0,4.1557287e-05,0
LA_D_2942106,0,0.0006864239,0
LA_D_2958641,0,0.00022788571,0
LA_D_2962374,0,9.4767296e-05,0
LA_D_2988379,0,0.00025864085,0
LA_D_2992359,0,0.00030290033,0
LA_D_3005047,0,0.00021157243,0
LA_D_3006002,0,0.00029355107,0
LA_D_3018105,0,0.00019495473,0
LA_D_3047927,0,8.695002e-05,0
LA_D_3061480,0,3.945071e-05,0
LA_D_3070440,0,0.00025626845,0
LA_D_3108882,0,8.005837e-05,0
LA_D_3131229,0,0.00011254564,0
LA_D_3133645,0,7.321929e-05,0
LA_D_3178557,0,3.774795e-05,0
LA_D_3276451,0,0.000116189156,0
LA_D_3291825,0,0.00049631763,0
LA_D_3303715,0,4.752363e-05,0
LA_D_3343985,0,0.00024319412,0
LA_D_3346070,0,1.9499239e-05,0
LA_D_3395297,0,0.0001398046,0
LA_D_3400488,0,0.00023156714,0
LA_D_3475718,0,4.371252e-05,0
LA_D_3478658,0,0.00015399144,0
LA_D_3485085,0,8.226237e-06,0
LA_D_3513193,0,0.0004192998,0
LA_D_3554318,0,8.902904e-05,0
LA_D_3569723,0,0.00022778081,0
LA_D_3595115,0,0.0003132964,0
LA_D_3616142,0,0.00028924082,0
LA_D_3617952,0,6.7631256e-05,0
LA_D_3639872,0,0.0001867528,0
LA_D_3643640,0,6.00089e-05,0
LA_D_3654200,0,6.0751197e-05,0
LA_D_3696812,0,5.17752e-05,0
LA_D_3722861,0,0.00013429766,0
LA_D_3725075,0,0.00010546526,0
LA_D_3741108,0,0.00017770192,0
LA_D_3787662,0,9.2698625e-05,0
LA_D_3812028,0,0.0007205403,0
LA_D_3812294,0,7.427196e-05,0
LA_D_3812741,0,5.7981524e-05,0
LA_D_3848752,0,7.7543504e-05,0
LA_D_3860127,0,6.330709e-05,0
LA_D_3876919,0,3.4440094e-05,0
LA_D_3881515,0,9.27738e-05,0
LA_D_3882757,0,7.616818e-05,0
LA_D_3893735,0,6.0437378e-05,0
LA_D_3897907,0,8.6551874e-05,0
LA_D_3899322,0,0.000100614554,0
LA_D_3910846,0,6.6778266e-05,0
LA_D_3931321,0,3.1392603e-05,0
LA_D_3951248,0,4.607609e-05,0
LA_D_3952917,0,4.516107e-05,0
LA_D_3978867,0,0.00046446914,0
LA_D_4004656,0,2.615787e-05,0
LA_D_4011688,0,6.861418e-05,0
LA_D_4013817,0,6.9781614e-05,0
LA_D_4033177,0,4.0657185e-05,0
LA_D_4049352,0,9.613817e-05,0
LA_D_4053975,0,5.86809e-05,0
LA_D_4068225,0,5.3631695e-05,0
LA_D_4072080,0,9.05304e-05,0
LA_D_4094297,0,7.461818e-05,0
LA_D_4126633,0,6.571874e-06,0
LA_D_4150876,0,3.89209e-05,0
LA_D_4179450,0,4.0269733e-05,0
LA_D_4180941,0,4.7920235e-05,0
LA_D_4209152,0,5.4282686e-05,0
LA_D_4215677,0,0.00012010464,0
LA_D_4277774,0,0.000137696,0
LA_D_4281396,0,9.05689e-05,0
LA_D_4341644,0,6.133705e-05,0
LA_D_4452700,0,9.741555e-05,0
LA_D_4490889,0,0.00014744821,0
LA_D_4498106,0,5.1581526e-05,0
LA_D_4550102,0,4.5201054e-05,0
LA_D_4559133,0,6.323673e-05,0
LA_D_4564558,0,5.8451573e-05,0
LA_D_4571794,0,4.5716493e-05,0
LA_D_4582979,0,9.897645e-05,0
LA_D_4588474,0,5.420954e-05,0
LA_D_4639938,0,0.00012754847,0
LA_D_4647315,0,8.914203e-05,0
LA_D_4653718,0,3.1052954e-05,0
LA_D_4684582,0,4.713372e-05,0
LA_D_4699185,0,3.881075e-05,0
LA_D_4726342,0,8.48366e-05,0
LA_D_4748289,0,0.0001047889,0
LA_D_4752372,0,1.3529718e-05,0
LA_D_4763880,0,0.00010625981,0
LA_D_4775057,0,3.9983923e-05,0
LA_D_4879165,0,5.9405585e-05,0
LA_D_4883766,0,7.8968274e-05,0
LA_D_4912771,0,0.0025206483,0
LA_D_4919443,0,9.0090245e-05,0
LA_D_4924208,0,0.00025155157,0
LA_D_4929026,0,3.828048e-05,0
LA_D_4935297,0,0.0001124313,0
LA_D_4936338,0,0.000100778176,0
LA_D_4978588,0,0.00015213975,0
LA_D_5006012,0,0.00026006665,0
LA_D_5007381,0,6.4528984e-05,0
LA_D_5057972,0,0.000110248206,0
LA_D_5074733,0,5.1071605e-05,0
LA_D_5109259,0,4.8388167e-05,0
LA_D_5162715,0,8.019897e-05,0
LA_D_5177338,0,7.652055e-05,0
LA_D_5177966,0,7.005364e-05,0
LA_D_5245666,0,0.00030079868,0
LA_D_5268793,0,7.470775e-05,0
LA_D_5270654,0,4.794259e-05,0
LA_D_5272977,0,0.00034285372,0
LA_D_5273462,0,0.00018137382,0
LA_D_5291856,0,7.9721125e-05,0
LA_D_5309692,0,3.5394303e-05,0
LA_D_5344050,0,0.00011618029,0
LA_D_5385252,0,3.963269e-05,0
LA_D_5396438,0,5.692756e-05,0
LA_D_5397791,0,5.6705307e-05,0
LA_D_5427611,0,8.232623e-05,0
LA_D_5430751,0,4.0137882e-05,0
LA_D_5437365,0,4.677416e-05,0
LA_D_5476584,0,6.4192456e-05,0
LA_D_5478266,0,0.0002455876,0
LA_D_5597859,0,0.00010550379,0
LA_D_5613890,0,5.9518876e-05,0
LA_D_5629856,0,0.00014151455,0
LA_D_5711819,0,2.247197e-05,0
LA_D_5711940,0,6.523201e-05,0
LA_D_5718687,0,4.8360995e-05,0
LA_D_5726766,0,3.6563553e-05,0
LA_D_5736306,0,0.00012749157,0
LA_D_5744389,0,6.282512e-05,0
LA_D_5753687,0,0.00011219484,0
LA_D_5780553,0,0.0001237561,0
LA_D_5783447,0,8.115618e-05,0
LA_D_5825201,0,0.00012860647,0
LA_D_5862765,0,0.00025832737,0
LA_D_5869416,0,0.0005464754,0
LA_D_5873171,0,0.0016549873,0
LA_D_5929422,0,0.00013180723,0
LA_D_5980008,0,7.544716e-05,0
LA_D_5989088,0,3.889905e-05,0
LA_D_5990798,0,0.00017858179,0
LA_D_5997198,0,0.00018947752,0
LA_D_6002533,0,0.00080424495,0
LA_D_6032850,0,0.00016098024,0
LA_D_6109600,0,5.7270656e-05,0
LA_D_6115340,0,9.58671e-05,0
LA_D_6123696,0,6.715657e-05,0
LA_D_6124419,0,8.284743e-05,0
LA_D_6144569,0,5.6102785e-05,0
LA_D_6147813,0,0.0013697565,0
LA_D_6159310,0,6.086775e-05,0
LA_D_6166908,0,9.844097e-05,0
LA_D_6192301,0,4.943552e-05,0
LA_D_6212172,0,7.0255606e-05,0
LA_D_6245398,0,4.266427e-05,0
LA_D_6270968,0,5.4172335e-05,0
LA_D_6275063,0,9.650768e-05,0
LA_D_6286681,0,1.8413875e-05,0
LA_D_6292140,0,4.7828744e-05,0
LA_D_6410604,0,2.5812455e-05,0
LA_D_6419681,0,4.795955e-05,0
LA_D_6427358,0,0.00010758711,0
LA_D_6454886,0,0.00035037764,0
LA_D_6468364,0,2.5008074e-05,0
LA_D_6496137,0,0.000103524355,0
LA_D_6502033,0,0.00012826784,0
LA_D_6552905,0,4.348368e-05,0
LA_D_6597572,0,0.00024748594,0
LA_D_6603189,0,3.7238944e-05,0
LA_D_6616877,0,4.448809e-05,0
LA_D_6621038,0,4.985383e-05,0
LA_D_6621174,0,7.635946e-05,0
LA_D_6674759,0,8.614831e-05,0
LA_D_6701637,0,6.6955785e-05,0
LA_D_6710307,0,7.3847514e-05,0
LA_D_6721220,0,5.810036e-05,0
LA_D_6736679,0,9.031285e-05,0
LA_D_6744347,0,2.2549917e-05,0
LA_D_6744515,0,4.6135974e-05,0
LA_D_6814327,0,5.7984453e-05,0
LA_D_6825288,0,0.00010672003,0
LA_D_6839774,0,5.886316e-05,0
LA_D_6843816,0,0.000119057186,0
LA_D_6846844,0,0.00010303862,0
LA_D_6869337,0,0.000106134656,0
LA_D_6878349,0,0.00011193131,0
LA_D_6881089,0,0.00010925449,0
LA_D_6884276,0,5.0509283e-05,0
LA_D_6949266,0,9.30552e-05,0
LA_D_6980433,0,0.00026323055,0
LA_D_7070438,0,9.845346e-05,0
LA_D_7091848,0,5.9084174e-05,0
LA_D_7096610,0,0.00016286386,0
LA_D_7115717,0,5.071779e-05,0
LA_D_7132991,0,0.00052660005,0
LA_D_7150708,0,4.274421e-05,0
LA_D_7172132,0,0.00017394124,0
LA_D_7174025,0,5.3668067e-05,0
LA_D_7206220,0,0.00010106188,0
LA_D_7216441,0,0.0023619845,0
LA_D_7264635,0,8.553625e-05,0
LA_D_7269974,0,0.0003009734,0
LA_D_7292251,0,3.547348e-05,0
LA_D_7297214,0,6.696581e-05,0
LA_D_7321644,0,0.00011455894,0
LA_D_7337551,0,7.075091e-05,0
LA_D_7348083,0,5.4733144e-05,0
LA_D_7359011,0,0.0006349812,0
LA_D_7367636,0,3.6218873e-05,0
LA_D_7386319,0,0.00027929613,0
LA_D_7390342,0,4.143303e-05,0
LA_D_7419836,0,6.5395194e-05,0
LA_D_7435151,0,0.0008330124,0
LA_D_7475228,0,6.21507e-05,0
LA_D_7475277,0,5.402803e-05,0
LA_D_7510853,0,0.00030054932,0
LA_D_7566932,0,0.00015875438,0
LA_D_7573964,0,0.0002793917,0
LA_D_7591970,0,5.855646e-05,0
LA_D_7599287,0,2.1622685e-05,0
LA_D_7601025,0,3.3445012e-05,0
LA_D_7684506,0,0.000100817975,0
LA_D_7740794,0,5.248449e-05,0
LA_D_7757814,0,0.000102241924,0
LA_D_7774126,0,4.9098562e-05,0
LA_D_7797712,0,4.1222815e-05,0
LA_D_7819798,0,4.800412e-05,0
LA_D_7824980,0,8.458473e-05,0
LA_D_7828154,0,0.046783995,0
LA_D_7933080,0,8.484841e-05,0
LA_D_7941596,0,0.0005869989,0
LA_D_7946496,0,5.431811e-05,0
LA_D_7951889,0,0.00017052625,0
LA_D_7969866,0,8.3789324e-05,0
LA_D_8033884,0,5.4852386e-05,0
LA_D_8041823,0,5.488409e-05,0
LA_D_8085631,0,5.7218465e-05,0
LA_D_8108552,0,5.086155e-05,0
LA_D_8138647,0,4.429522e-05,0
LA_D_8167961,0,6.429931e-05,0
LA_D_8213789,0,5.2707535e-05,0
LA_D_8250991,0,9.347533e-05,0
LA_D_8288109,0,2.6778755e-05,0
LA_D_8341901,0,5.515304e-05,0
LA_D_8365650,0,7.726501e-05,0
LA_D_8396394,0,5.9923404e-05,0
LA_D_8445970,0,9.752997e-05,0
LA_D_8476694,0,5.8518726e-05,0
LA_D_8480990,0,0.00010851937,0
LA_D_8502103,0,0.00068880664,0
LA_D_8540616,0,6.488866e-05,0
LA_D_8575268,0,8.4242296e-05,0
LA_D_8580528,0,9.482804e-05,0
LA_D_8608455,0,1.44373635e-05,0
LA_D_8667642,0,0.000112119116,0
LA_D_8690666,0,0.00010518575,0
LA_D_8791605,0,0.0005443873,0
LA_D_8823371,0,4.52535e-05,0
LA_D_8833972,0,5.4000066e-05,0
LA_D_8858297,0,3.839784e-05,0
LA_D_8884259,0,0.008048668,0
LA_D_8891118,0,9.932884e-05,0
LA_D_8891320,0,4.140199e-05,0
LA_D_8924760,0,0.0002138945,0
LA_D_8926801,0,0.00010033632,0
LA_D_9025753,0,5.749353e-05,0
LA_D_9053406,0,4.9775306e-05,0
LA_D_9100339,0,8.436498e-05,0
LA_D_9132830,0,0.0008338661,0
LA_D_9151062,0,4.808907e-05,0
LA_D_9154536,0,1.7118753e-05,0
LA_D_9190608,0,9.320902e-05,0
LA_D_9197132,0,0.00012088664,0
LA_D_9209106,0,0.00010332357,0
LA_D_9245802,0,3.5099252e-05,0
LA_D_9265911,0,4.4393328e-05,0
LA_D_9283729,0,4.614825e-05,0
LA_D_9284814,0,0.006620474,0
LA_D_9285961,0,7.939103e-05,0
LA_D_9287039,0,4.7536363e-05,0
LA_D_9314974,0,5.565273e-05,0
LA_D_9361012,0,0.000110443594,0
LA_D_9380348,0,8.330445e-05,0
LA_D_9380432,0,0.00012786045,0
LA_D_9386795,0,9.397297e-05,0
LA_D_9427876,0,1.444677e-05,0
LA_D_9428605,0,9.922651e-05,0
LA_D_9445187,0,3.7775855e-05,0
LA_D_9468857,0,0.00013145141,0
LA_D_9505348,0,5.5585744e-05,0
LA_D_9521159,0,3.6514037e-05,0
LA_D_9521386,0,0.000108391345,0
LA_D_9528107,0,0.00027027348,0
LA_D_9557924,0,0.0006727217,0
LA_D_9573599,0,6.2991836e-05,0
LA_D_9638401,0,8.067662e-05,0
LA_D_9673065,0,5.0639217e-05,0
LA_D_9699422,0,8.201429e-05,0
LA_D_9716869,0,0.000104933504,0
LA_D_9735877,0,8.49011e-05,0
LA_D_9754279,0,5.420448e-05,0
LA_D_9754312,0,0.0002862397,0
LA_D_9787636,0,9.609416e-05,0
LA_D_9807965,0,9.430251e-05,0
LA_D_9820264,0,4.3775806e-05,0
LA_D_9865890,0,6.098901e-05,0
LA_D_9872675,0,8.156987e-05,0
LA_D_9897842,0,5.7716727e-05,0
LA_D_9904359,0,6.943088e-05,0
LA_D_9910052,0,5.7411948e-05,0
LA_D_9913081,0,3.8524526e-05,0
LA_D_9930873,0,4.6315647e-05,0
LA_D_9973436,0,0.061823238,0
LA_D_9997827,0,0.0023354425,0
LA_D_1012999,0,6.691257e-05,0
LA_D_1059373,0,5.580025e-05,0
LA_D_1069983,0,3.1471704e-05,0
LA_D_1093350,0,6.456068e-05,0
LA_D_1098936,0,9.329403e-05,0
LA_D_1108377,0,4.5986366e-05,0
LA_D_1128845,0,2.0228395e-05,0
LA_D_1199369,0,5.083885e-05,0
LA_D_1217579,0,6.0503462e-05,0
LA_D_1219751,0,7.9137666e-05,0
LA_D_1229238,0,0.00010923742,0
LA_D_1243162,0,3.2767824e-05,0
LA_D_1328151,0,4.2572578e-05,0
LA_D_1339977,0,0.000102373044,0
LA_D_1341967,0,4.6731002e-05,0
LA_D_1385838,0,4.01935e-05,0
LA_D_1448869,0,0.00036974202,0
LA_D_1502443,0,2.3247658e-05,0
LA_D_1509962,0,0.00015767754,0
LA_D_1572003,0,0.00010510283,0
LA_D_1639891,0,0.00011202913,0
LA_D_1655634,0,6.449133e-05,0
LA_D_1706159,0,4.538034e-05,0
LA_D_1777002,0,5.4762644e-05,0
LA_D_1811978,0,2.1087017e-06,0
LA_D_1815265,0,5.3673848e-05,0
LA_D_1845654,0,8.696993e-05,0
LA_D_1855851,0,3.8405164e-05,0
LA_D_1893758,0,6.817875e-05,0
LA_D_1953933,0,5.012097e-05,0
LA_D_1959435,0,3.88096e-05,0
LA_D_1966690,0,0.00023855011,0
LA_D_1982638,0,2.7259106e-05,0
LA_D_2052753,0,6.671251e-05,0
LA_D_2127486,0,2.2225495e-06,0
LA_D_2129411,0,4.9599133e-05,0
LA_D_2161760,0,1.4870937e-05,0
LA_D_2319804,0,2.5310554e-05,0
LA_D_2352862,0,0.00085003854,0
LA_D_2354611,0,7.05992e-05,0
LA_D_2360026,0,0.000229286,0
LA_D_2365865,0,2.9766414e-05,0
LA_D_2417938,0,8.123121e-05,0
LA_D_2428124,0,4.6539684e-05,0
LA_D_2461413,0,4.429822e-05,0
LA_D_2494939,0,4.634879e-05,0
LA_D_2503313,0,0.0016593316,0
LA_D_2532530,0,3.6223744e-05,0
LA_D_2542974,0,0.00016716206,0
LA_D_2575495,0,4.8369806e-05,0
LA_D_2597444,0,4.5244957e-05,0
LA_D_2607016,0,5.3932537e-05,0
LA_D_2618723,0,6.57446e-05,0
LA_D_2618748,0,6.090881e-05,0
LA_D_2628131,0,7.168478e-05,0
LA_D_2656565,0,5.655507e-05,0
LA_D_2660438,0,0.00015228882,0
LA_D_2668830,0,3.807325e-05,0
LA_D_2684010,0,7.548343e-05,0
LA_D_2686278,0,0.00015225948,0
LA_D_2691873,0,3.3375076e-05,0
LA_D_2726931,0,0.00012906261,0
LA_D_2880781,0,2.4174178e-05,0
LA_D_2922852,0,2.5724357e-05,0
LA_D_2933367,0,0.00021209454,0
LA_D_2946273,0,6.37246e-05,0
LA_D_2962271,0,8.913634e-05,0
LA_D_2993148,0,6.248229e-05,0
LA_D_3057475,0,5.0540406e-05,0
LA_D_3075008,0,0.00026096555,0
LA_D_3087684,0,1.4904216e-05,0
LA_D_3098960,0,0.0002557644,0
LA_D_3106089,0,5.5949655e-05,0
LA_D_3111133,0,6.56619e-05,0
LA_D_3143593,0,3.5419427e-05,0
LA_D_3150612,0,0.00011353906,0
LA_D_3153699,0,2.9221723e-05,0
LA_D_3213386,0,6.533903e-05,0
LA_D_3284727,0,0.00010961578,0
LA_D_3285435,0,7.6051474e-05,0
LA_D_3317920,0,3.6444115e-05,0
LA_D_3347861,0,9.1906295e-05,0
LA_D_3381862,0,0.00016062635,0
LA_D_3412517,0,1.424552e-05,0
LA_D_3497883,0,5.2578464e-05,0
LA_D_3499981,0,5.7459274e-05,0
LA_D_3522934,0,4.8140228e-05,0
LA_D_3556001,0,0.00023100484,0
LA_D_3572777,0,3.5072684e-05,0
LA_D_3617770,0,3.6794027e-05,0
LA_D_3626798,0,7.711609e-05,0
LA_D_3666824,0,3.594529e-05,0
LA_D_3680733,0,5.5386052e-05,0
LA_D_3697262,0,3.6019406e-05,0
LA_D_3740798,0,8.250487e-05,0
LA_D_3750214,0,1.1518728e-05,0
LA_D_3751177,0,0.0002776736,0
LA_D_3763362,0,6.45347e-05,0
LA_D_3789801,0,8.4027284e-05,0
LA_D_3811484,0,3.6929363e-05,0
LA_D_3852341,0,3.1052423e-05,0
LA_D_3868002,0,4.252547e-05,0
LA_D_3888719,0,6.6374545e-05,0
LA_D_3924244,0,4.2525306e-05,0
LA_D_3937744,0,7.227316e-05,0
LA_D_3949661,0,0.0072607803,0
LA_D_4011462,0,4.9015238e-05,0
LA_D_4026230,0,3.4071283e-05,0
LA_D_4026338,0,5.929652e-05,0
LA_D_4033961,0,6.566966e-05,0
LA_D_4042844,0,0.00011628492,0
LA_D_4095496,0,5.4512908e-05,0
LA_D_4110412,0,4.9025617e-05,0
LA_D_4113491,0,6.972906e-05,0
LA_D_4190801,0,1.219691e-05,0
LA_D_4196661,0,6.268785e-05,0
LA_D_4198686,0,0.00012757913,0
LA_D_4228555,0,3.703792e-05,0
LA_D_4249243,0,5.3692278e-05,0
LA_D_4289169,0,2.193112e-05,0
LA_D_4293326,0,5.814708e-05,0
LA_D_4294751,0,0.00021886932,0
LA_D_4322842,0,7.328621e-05,0
LA_D_4357332,0,5.168286e-05,0
LA_D_4506633,0,7.1417584e-05,0
LA_D_4551409,0,2.916404e-05,0
LA_D_4601843,0,7.254832e-05,0
LA_D_4610013,0,3.9923947e-05,0
LA_D_4626552,0,5.4693803e-05,0
LA_D_4650788,0,3.3324795e-05,0
LA_D_4678519,0,0.00019242353,0
LA_D_4681486,0,0.0003134595,0
LA_D_4698298,0,3.308815e-05,0
LA_D_4702053,0,3.710495e-05,0
LA_D_4752694,0,8.578089e-05,0
LA_D_4770965,0,0.00020863807,0
LA_D_4850290,0,3.797002e-05,0
LA_D_4882385,0,2.8846829e-05,0
LA_D_4984074,0,5.461474e-05,0
LA_D_4990292,0,5.143402e-05,0
LA_D_4994552,0,6.411776e-05,0
LA_D_5068352,0,0.00019767918,0
LA_D_5092098,0,4.171691e-05,0
LA_D_5181153,0,9.025104e-05,0
LA_D_5291143,0,6.6014865e-05,0
LA_D_5297304,0,0.00012963652,0
LA_D_5303302,0,0.0039896513,0
LA_D_5315354,0,8.792766e-05,0
LA_D_5348157,0,9.8469696e-05,0
LA_D_5371276,0,6.2336956e-05,0
LA_D_5398194,0,0.00026037553,0
LA_D_5433558,0,9.592261e-05,0
LA_D_5455958,0,3.5482786e-05,0
LA_D_5467780,0,5.4395183e-05,0
LA_D_5473316,0,0.00010077337,0
LA_D_5505351,0,5.399461e-05,0
LA_D_5552740,0,8.482204e-05,0
LA_D_5568300,0,4.3414693e-05,0
LA_D_5663851,0,0.007298458,0
LA_D_5673334,0,1.7652688e-06,0
LA_D_5684092,0,0.00027400051,0
LA_D_5689576,0,6.7579356e-05,0
LA_D_5791423,0,0.00043617073,0
LA_D_5803857,0,0.0037670508,0
LA_D_5857128,0,0.00010385559,0
LA_D_5866849,0,0.0012993737,0
LA_D_5881442,0,4.1299783e-05,0
LA_D_5882834,0,0.00011697053,0
LA_D_5895216,0,1.1455038e-05,0
LA_D_5897281,0,1.8244846e-05,0
LA_D_5914226,0,5.5631936e-05,0
LA_D_5961859,0,3.877035e-05,0
LA_D_5965871,0,7.069365e-05,0
LA_D_6105901,0,6.1102415e-05,0
LA_D_6129031,0,6.848175e-05,0
LA_D_6197886,0,8.36158e-05,0
LA_D_6231603,0,7.540552e-05,0
LA_D_6241521,0,1.0553337e-05,0
LA_D_6241916,0,6.3286985e-05,0
LA_D_6270919,0,0.00017252055,0
LA_D_6316118,0,6.242982e-05,0
LA_D_6321029,0,6.439596e-05,0
LA_D_6351880,0,8.307883e-05,0
LA_D_6391228,0,5.7447818e-05,0
LA_D_6391278,0,0.00022990137,0
LA_D_6431288,0,4.8005084e-05,0
LA_D_6434721,0,5.338106e-05,0
LA_D_6479825,0,6.283507e-05,0
LA_D_6511162,0,4.7605317e-05,0
LA_D_6521320,0,8.612688e-05,0
LA_D_6551642,0,2.8007098e-05,0
LA_D_6557355,0,4.9232694e-05,0
LA_D_6582780,0,7.9906145e-05,0
LA_D_6589944,0,3.643042e-05,0
LA_D_6599019,0,3.085768e-05,0
LA_D_6603822,0,4.8718717e-05,0
LA_D_6612387,0,3.8763625e-05,0
LA_D_6623501,0,0.00011225947,0
LA_D_6716178,0,5.567025e-05,0
LA_D_6721785,0,7.717849e-05,0
LA_D_6722285,0,2.4832689e-05,0
LA_D_6798242,0,6.827908e-05,0
LA_D_6826053,0,3.577833e-05,0
LA_D_6840108,0,9.822277e-05,0
LA_D_6902611,0,5.820495e-05,0
LA_D_6921859,0,4.756348e-05,0
LA_D_7008532,0,3.8071797e-05,0
LA_D_7033344,0,2.5028188e-05,0
LA_D_7034096,0,0.0010704283,0
LA_D_7040833,0,0.000115863855,0
LA_D_7070716,0,3.372867e-05,0
LA_D_7113087,0,2.7668144e-05,0
LA_D_7127633,0,3.7298974e-05,0
LA_D_7145643,0,9.513736e-05,0
LA_D_7149026,0,5.465783e-05,0
LA_D_7166669,0,7.734119e-06,0
LA_D_7209780,0,8.0191785e-05,0
LA_D_7260355,0,0.00033218312,0
LA_D_7265371,0,0.000112739086,0
LA_D_7299749,0,4.339164e-05,0
LA_D_7385727,0,6.0218645e-05,0
LA_D_7401877,0,0.00012913968,0
LA_D_7481774,0,0.0001617872,0
LA_D_7489647,0,8.029271e-05,0
LA_D_7510776,0,0.00012469474,0
LA_D_7519937,0,4.544118e-05,0
LA_D_7524908,0,3.9615086e-05,0
LA_D_7546610,0,0.0001222979,0
LA_D_7554584,0,3.5519006e-05,0
LA_D_7576905,0,5.260073e-05,0
LA_D_7588911,0,0.00018619753,0
LA_D_7603562,0,0.00013337219,0
LA_D_7607582,0,3.347507e-05,0
LA_D_7616056,0,0.00010839403,0
LA_D_7626873,0,1.7413719e-05,0
LA_D_7661091,0,2.4291297e-05,0
LA_D_7663086,0,5.1800187e-05,0
LA_D_7693345,0,6.30669e-05,0
LA_D_7747702,0,0.00014113897,0
LA_D_7763323,0,6.279266e-05,0
LA_D_7784081,0,7.6535725e-05,0
LA_D_7870262,0,4.4834473e-05,0
LA_D_7918811,0,3.7701862e-05,0
LA_D_7958457,0,7.2336385e-05,0
LA_D_7989171,0,0.0013429667,0
LA_D_8099861,0,1e-06,0
LA_D_8135380,0,3.5677338e-05,0
LA_D_8143487,0,0.001874008,0
LA_D_8156106,0,4.8975948e-05,0
LA_D_8170962,0,4.1174724e-05,0
LA_D_8220439,0,7.669946e-05,0
LA_D_8226027,0,6.295647e-05,0
LA_D_8256584,0,0.00010769386,0
LA_D_8270285,0,3.9453833e-05,0
LA_D_8300528,0,7.940193e-05,0
LA_D_8318381,0,4.49978e-05,0
LA_D_8328324,0,0.00010928388,0
LA_D_8340873,0,8.756577e-05,0
LA_D_8362355,0,5.2527397e-05,0
LA_D_8524990,0,4.150287e-05,0
LA_D_8596396,0,7.382794e-05,0
LA_D_8604395,0,3.1177402e-05,0
LA_D_8619260,0,9.969309e-06,0
LA_D_8674039,0,6.077234e-05,0
LA_D_8678189,0,0.00015740955,0
LA_D_8682238,0,3.825559e-05,0
LA_D_8705688,0,0.0007351647,0
LA_D_8769232,0,3.686754e-05,0
LA_D_8791163,0,4.9578422e-05,0
LA_D_8851647,0,1.1660643e-05,0
LA_D_8923139,0,5.641943e-05,0
LA_D_8967930,0,3.9808565e-05,0
LA_D_8998352,0,7.7339384e-05,0
LA_D_9000151,0,7.220282e-05,0
LA_D_9077132,0,5.0381564e-06,0
LA_D_9170829,0,6.493918e-05,0
LA_D_9240337,0,0.00010702351,0
LA_D_9248076,0,3.5894045e-05,0
LA_D_9349907,0,4.6306683e-05,0
LA_D_9366624,0,6.748514e-05,0
LA_D_9374494,0,0.00026932606,0
LA_D_9394624,0,3.950368e-05,0
LA_D_9410996,0,3.185178e-05,0
LA_D_9445699,0,0.0003447089,0
LA_D_9488774,0,1.985091e-05,0
LA_D_9526782,0,0.00019459723,0
LA_D_9533572,0,0.000102098216,0
LA_D_9546041,0,4.2585285e-05,0
LA_D_9548811,0,5.0498835e-05,0
LA_D_9548980,0,8.727167e-05,0
LA_D_9581870,0,3.8756563e-05,0
LA_D_9584747,0,1.9251274e-05,0
LA_D_9646573,0,4.193545e-05,0
LA_D_9676810,0,4.572207e-05,0
LA_D_9678633,0,6.229773e-05,0
LA_D_9732198,0,5.104488e-05,0
LA_D_9733347,0,5.5874687e-05,0
LA_D_9740097,0,4.749155e-05,0
LA_D_9761317,0,8.168024e-05,0
LA_D_9764287,0,0.00016442877,0
LA_D_9819662,0,2.9190029e-05,0
LA_D_9851124,0,8.245375e-05,0
LA_D_9871744,0,5.4614895e-05,0
LA_D_9871974,0,0.00028320673,0
LA_D_9900800,0,7.798964e-05,0
LA_D_9926903,0,0.0005775311,0
LA_D_9936826,0,5.616188e-05,0
LA_D_9989022,0,1e-06,0
LA_D_1009810,0,0.00010528018,0
LA_D_1022459,0,3.3515575e-05,0
LA_D_1026446,0,4.9830298e-05,0
LA_D_1041178,0,2.7991158e-05,0
LA_D_1047361,0,0.000102050144,0
LA_D_1053010,0,0.00018453541,0
LA_D_1053183,0,7.245167e-05,0
LA_D_1053691,0,0.00015169867,0
LA_D_1094663,0,6.343774e-05,0
LA_D_1101752,0,5.7940455e-05,0
LA_D_1105063,0,0.00010484428,0
LA_D_1107991,0,6.897487e-05,0
LA_D_1117617,0,8.670032e-05,0
LA_D_1129139,0,4.8783666e-05,0
LA_D_1134630,0,9.115706e-05,0
LA_D_1154625,0,8.106583e-05,0
LA_D_1186006,0,2.2198354e-05,0
LA_D_1187921,0,8.046556e-05,0
LA_D_1208833,0,9.476486e-05,0
LA_D_1232042,0,6.1921695e-05,0
LA_D_1254689,0,5.6866902e-05,0
LA_D_1271350,0,6.0645212e-05,0
LA_D_1296622,0,5.6732137e-05,0
LA_D_1309310,0,4.7800382e-05,0
LA_D_1346961,0,0.00034364493,0
LA_D_1385432,0,7.425507e-06,0
LA_D_1393963,0,7.65355e-05,0
LA_D_1398478,0,0.00046150864,0
LA_D_1410471,0,0.0036195784,0
LA_D_1421837,0,3.4425913e-05,0
LA_D_1429385,0,0.00016185417,0
LA_D_1442082,0,2.1842037e-05,0
LA_D_1473217,0,7.135175e-05,0
LA_D_1503678,0,8.431833e-05,0
LA_D_1507132,0,4.786575e-05,0
LA_D_1550916,0,0.00061876,0
LA_D_1554337,0,2.8866863e-05,0
LA_D_1563527,0,0.0027068302,0
LA_D_1564951,0,4.880982e-05,0
LA_D_1565282,0,3.517552e-05,0
LA_D_1585777,0,7.705824e-05,0
LA_D_1618636,0,3.187512e-05,0
LA_D_1626346,0,6.7766116e-05,0
LA_D_1629018,0,2.736877e-05,0
LA_D_1630961,0,0.00010259156,0
LA_D_1631906,0,0.00016680779,0
LA_D_1649039,0,5.4897755e-05,0
LA_D_1694628,0,7.6669916e-05,0
LA_D_1737775,0,8.062117e-05,0
LA_D_1751115,0,3.453044e-05,0
LA_D_1826570,0,0.00010987332,0
LA_D_1840313,0,0.0018440401,0
LA_D_1844442,0,2.4018102e-05,0
LA_D_1870825,0,6.224768e-05,0
LA_D_1904429,0,2.1092479e-05,0
LA_D_1921628,0,0.00089343335,0
LA_D_1929165,0,0.000106219086,0
LA_D_1940703,0,4.357019e-05,0
LA_D_1949097,0,9.394429e-05,0
LA_D_1973666,0,5.958226e-05,0
LA_D_1993260,0,0.000114543654,0
LA_D_2115537,0,3.432082e-05,0
LA_D_2120058,0,0.00012210518,0
LA_D_2133447,0,4.7615125e-05,0
LA_D_2148083,0,0.000115934155,0
LA_D_2178992,0,0.002148118,0
LA_D_2185267,0,0.0003160974,0
LA_D_2343633,0,0.000114332055,0
LA_D_2348809,0,5.13678e-05,0
LA_D_2376692,0,5.466471e-05,0
LA_D_2380033,0,6.491491e-05,0
LA_D_2381616,0,0.00023988783,0
LA_D_2406548,0,0.00023414408,0
LA_D_2424885,0,1.5186609e-05,0
LA_D_2431861,0,4.9217295e-05,0
LA_D_2458746,0,6.005275e-05,0
LA_D_2489508,0,5.2919513e-05,0
LA_D_2564824,0,0.00025932532,0
LA_D_2608425,0,2.6606192e-05,0
LA_D_2622549,0,4.860544e-05,0
LA_D_2626291,0,1.2662724e-05,0
LA_D_2657015,0,0.00015100419,0
LA_D_2662004,0,0.00014575955,0
LA_D_2665018,0,2.4709094e-05,0
LA_D_2682967,0,0.0001417298,0
LA_D_2687738,0,0.00016833223,0
LA_D_2691876,0,2.9277511e-05,0
LA_D_2708695,0,4.5472218e-05,0
LA_D_2731694,0,4.5862776e-05,0
LA_D_2734460,0,5.1408577e-05,0
LA_D_2764046,0,8.769321e-05,0
LA_D_2812298,0,5.5240413e-05,0
LA_D_2852116,0,1.2145166e-05,0
LA_D_2852975,0,4.3481818e-05,0
LA_D_2899989,0,1.2478909e-05,0
LA_D_2961647,0,1.8113607e-05,0
LA_D_2970648,0,2.9171993e-05,0
LA_D_3010008,0,2.1978502e-05,0
LA_D_3010254,0,0.00022397879,0
LA_D_3011286,0,2.272322e-05,0
LA_D_3043784,0,3.9392893e-05,0
LA_D_3052026,0,0.0025382976,0
LA_D_3077589,0,0.00017582552,0
LA_D_3122693,0,3.84852e-05,0
LA_D_3123903,0,5.5957233e-05,0
LA_D_3196679,0,0.00033079798,0
LA_D_3216202,0,3.6487134e-05,0
LA_D_3220943,0,8.489422e-05,0
LA_D_3229406,0,0.00088666665,0
LA_D_3245148,0,6.105588e-05,0
LA_D_3246935,0,0.00016909427,0
LA_D_3267050,0,9.488603e-05,0
LA_D_3289959,0,6.670387e-05,0
LA_D_3309097,0,0.00020271212,0
LA_D_3312715,0,7.434268e-05,0
LA_D_3314683,0,7.32932e-05,0
LA_D_3318305,0,0.00059012824,0
LA_D_3322462,0,0.00010536926,0
LA_D_3325885,0,3.4675337e-05,0
LA_D_3335996,0,0.00013709084,0
LA_D_3362119,0,1.728269e-05,0
LA_D_3368139,0,2.0262934e-05,0
LA_D_3380478,0,9.709078e-05,0
LA_D_3381945,0,0.00020725965,0
LA_D_3425552,0,8.004593e-05,0
LA_D_3459983,0,3.824523e-05,0
LA_D_3460877,0,9.920069e-05,0
LA_D_3477714,0,0.00043533125,0
LA_D_3484550,0,3.9065442e-05,0
LA_D_3503337,0,0.00016491977,0
LA_D_3534616,0,4.1427345e-05,0
LA_D_3552986,0,4.540332e-05,0
LA_D_3628282,0,0.00010799415,0
LA_D_3650557,0,6.980656e-05,0
LA_D_3670696,0,4.8106358e-05,0
LA_D_3683959,0,1.29952505e-05,0
LA_D_3687549,0,3.8541064e-05,0
LA_D_3704583,0,8.800886e-05,0
LA_D_3759789,0,5.8767753e-05,0
LA_D_3768268,0,6.391788e-05,0
LA_D_3776171,0,7.3735064e-05,0
LA_D_3811164,0,0.00010301564,0
LA_D_3826562,0,6.3080624e-05,0
LA_D_3835819,0,0.00021608021,0
LA_D_3841462,0,6.841817e-05,0
LA_D_3844808,0,0.0011389724,0
LA_D_3863142,0,4.7381716e-05,0
LA_D_3865687,0,1.5737534e-05,0
LA_D_3871675,0,5.7192447e-05,0
LA_D_3873590,0,7.177938e-05,0
LA_D_3925646,0,0.00012720644,0
LA_D_3973052,0,0.0002807573,0
LA_D_4023359,0,0.00010854649,0
LA_D_4130087,0,0.001160805,0
LA_D_4182606,0,5.037594e-05,0
LA_D_4204931,0,4.3745426e-05,0
LA_D_4250069,0,5.2678635e-05,0
LA_D_4276413,0,0.00010372219,0
LA_D_4313851,0,0.00015386257,0
LA_D_4447429,0,7.2393654e-05,0
LA_D_4449467,0,8.0675076e-05,0
LA_D_4466009,0,0.030810203,0
LA_D_4506665,0,8.65414e-05,0
LA_D_4515063,0,9.9747136e-05,0
LA_D_4557284,0,0.0007415956,0
LA_D_4577794,0,1.7061513e-05,0
LA_D_4596144,0,3.3156408e-05,0
LA_D_4625457,0,8.024656e-05,0
LA_D_4665264,0,6.6740446e-05,0
LA_D_4711427,0,6.714268e-05,0
LA_D_4762149,0,2.0862779e-05,0
LA_D_4795544,0,0.00075484545,0
LA_D_4795829,0,2.5557443e-05,0
LA_D_4820980,0,0.00017445366,0
LA_D_4847920,0,0.00012838248,0
LA_D_4958482,0,2.9702669e-05,0
LA_D_4976290,0,1.3372284e-05,0
LA_D_4993792,0,0.000112646885,0
LA_D_5044739,0,4.5674486e-05,0
LA_D_5088072,0,8.860075e-05,0
LA_D_5106717,0,3.4907982e-05,0
LA_D_5115800,0,4.2958174e-05,0
LA_D_5159656,0,5.2553904e-05,0
LA_D_5187844,0,5.7124475e-05,0
LA_D_5192357,0,0.00016249003,0
LA_D_5220582,0,0.0001382885,0
LA_D_5258498,0,5.996319e-05,0
LA_D_5274993,0,8.6372216e-05,0
LA_D_5286754,0,8.740926e-05,0
LA_D_5359152,0,6.428496e-05,0
LA_D_5364420,0,5.1992116e-05,0
LA_D_5394850,0,5.251348e-05,0
LA_D_5405782,0,6.620198e-05,0
LA_D_5456641,0,5.332834e-05,0
LA_D_5470191,0,3.7902624e-05,0
LA_D_5484007,0,6.984938e-05,0
LA_D_5487963,0,3.257422e-05,0
LA_D_5497028,0,5.1428873e-05,0
LA_D_5525243,0,7.0208196e-05,0
LA_D_5541815,0,5.9866405e-05,0
LA_D_5563514,0,9.8541095e-05,0
LA_D_5579300,0,3.8229988e-05,0
LA_D_5594176,0,6.113616e-05,0
LA_D_5637855,0,0.00010552038,0
LA_D_5661632,0,4.800284e-05,0
LA_D_5683834,0,0.00014620916,0
LA_D_5690814,0,9.5366064e-05,0
LA_D_5707076,0,0.00012323525,0
LA_D_5730035,0,6.2129606e-05,0
LA_D_5741467,0,0.00027530614,0
LA_D_5783492,0,6.80578e-05,0
LA_D_5790952,0,9.552298e-05,0
LA_D_5824640,0,0.000115733455,0
LA_D_5833095,0,0.0006763702,0
LA_D_5842246,0,0.00018644767,0
LA_D_5893163,0,4.879953e-05,0
LA_D_5897596,0,3.9040267e-05,0
LA_D_5910213,0,0.0006463123,0
LA_D_5955645,0,6.817303e-05,0
LA_D_5955681,0,8.6267515e-05,0
LA_D_5983573,0,6.8676505e-05,0
LA_D_5996329,0,7.235246e-05,0
LA_D_6035033,0,2.631758e-05,0
LA_D_6038987,0,3.1929576e-05,0
LA_D_6042592,0,9.681803e-05,0
LA_D_6044584,0,5.8730722e-05,0
LA_D_6052382,0,4.9284932e-05,0
LA_D_6065690,0,0.00018477239,0
LA_D_6092523,0,3.7421607e-05,0
LA_D_6106693,0,0.0013604867,0
LA_D_6140365,0,6.939063e-05,0
LA_D_6153721,0,0.0001568815,0
LA_D_6173011,0,6.246585e-05,0
LA_D_6180503,0,0.00027577902,0
LA_D_6223759,0,4.7548965e-05,0
LA_D_6255442,0,4.2070275e-05,0
LA_D_6276227,0,4.503403e-05,0
LA_D_6286913,0,3.5237263e-05,0
LA_D_6317554,0,2.5683812e-05,0
LA_D_6333800,0,7.548394e-05,0
LA_D_6341347,0,0.0001095466,0
LA_D_6376535,0,0.00094753597,0
LA_D_6402345,0,9.714662e-05,0
LA_D_6428763,0,2.6076921e-05,0
LA_D_6462653,0,3.8989703e-05,0
LA_D_6487128,0,2.2361231e-05,0
LA_D_6535961,0,1.58734e-05,0
LA_D_6540277,0,0.00020523377,0
LA_D_6543845,0,4.8626538e-05,0
LA_D_6560571,0,4.65947e-05,0
LA_D_6584904,0,5.304376e-05,0
LA_D_6608570,0,4.0167062e-05,0
LA_D_6643057,0,4.2857922e-05,0
LA_D_6676552,0,0.00042144148,0
LA_D_6689976,0,9.676783e-05,0
LA_D_6695955,0,0.00070648093,0
LA_D_6712262,0,5.254629e-05,0
LA_D_6752801,0,7.2958e-05,0
LA_D_6842358,0,3.4308974e-05,0
LA_D_6885473,0,6.0178463e-05,0
LA_D_6914312,0,6.2356696e-05,0
LA_D_6918630,0,1.8785504e-05,0
LA_D_6933618,0,0.00012210704,0
LA_D_6986384,0,6.240476e-05,0
LA_D_7006476,0,7.572337e-05,0
LA_D_7015677,0,0.0032010195,0
LA_D_7139973,0,0.00010930952,0
LA_D_7142423,0,4.4762364e-05,0
LA_D_7146345,0,0.00014925718,0
LA_D_7146876,0,9.19867e-05,0
LA_D_7150274,0,2.6937943e-05,0
LA_D_7166542,0,3.509768e-05,0
LA_D_7179177,0,4.8466867e-05,0
LA_D_7206246,0,3.4403594e-05,0
LA_D_7210696,0,0.00016237216,0
LA_D_7257803,0,0.0001015534,0
LA_D_7270413,0,0.00044761528,0
LA_D_7283626,0,0.0002765671,0
LA_D_7295443,0,3.1741954e-05,0
LA_D_7312934,0,7.423691e-05,0
LA_D_7320803,0,8.219719e-05,0
LA_D_7321340,0,8.148552e-05,0
LA_D_7321900,0,2.9463998e-05,0
LA_D_7342275,0,5.088192e-05,0
LA_D_7370235,0,2.059563e-05,0
LA_D_7382054,0,8.124243e-05,0
LA_D_7387492,0,4.3337634e-05,0
LA_D_7389395,0,0.00013529819,0
LA_D_7395165,0,3.7464135e-05,0
LA_D_7425918,0,6.602462e-05,0
LA_D_7427432,0,0.0017486062,0
LA_D_7431085,0,4.7244415e-05,0
LA_D_7437986,0,0.00016971164,0
LA_D_7453582,0,0.00041966772,0
LA_D_7454040,0,4.0251725e-05,0
LA_D_7459422,0,6.300385e-05,0
LA_D_7466876,0,5.431935e-05,0
LA_D_7490963,0,0.00013934399,0
LA_D_7506438,0,7.5565667e-06,0
LA_D_7543784,0,6.66509e-05,0
LA_D_7556130,0,4.907024e-05,0
LA_D_7557614,0,0.0002065601,0
LA_D_7576053,0,0.0003424359,0
LA_D_7588993,0,0.00054813456,0
LA_D_7642448,0,0.000101151156,0
LA_D_7705069,0,0.00011725675,0
LA_D_7712142,0,2.5666965e-05,0
LA_D_7715629,0,0.0001207035,0
LA_D_7752651,0,2.1637597e-05,0
LA_D_7765425,0,0.00027906933,0
LA_D_7768123,0,7.2574614e-05,0
LA_D_7773053,0,5.4858032e-05,0
LA_D_7784335,0,0.0001376935,0
LA_D_7815248,0,0.00010907099,0
LA_D_7845861,0,1.4147718e-05,0
LA_D_7863036,0,0.00010654878,0
LA_D_7871377,0,0.00013969972,0
LA_D_7879576,0,0.00033097932,0
LA_D_7905799,0,0.016212773,0
LA_D_8023983,0,4.2790827e-05,0
LA_D_8037942,0,7.9135556e-05,0
LA_D_8051196,0,0.0004168063,0
LA_D_8086972,0,3.809751e-05,0
LA_D_8106140,0,0.00025459827,0
LA_D_8116459,0,7.2120245e-05,0
LA_D_8122941,0,0.0013964981,0
LA_D_8142988,0,0.00010704546,0
LA_D_8159363,0,5.4458455e-05,0
LA_D_8161487,0,0.0015749099,0
LA_D_8193417,0,4.934409e-05,0
LA_D_8203380,0,0.00033923952,0
LA_D_8248441,0,4.690249e-05,0
LA_D_8287167,0,0.00011394993,0
LA_D_8336154,0,0.0063617197,0
LA_D_8348408,0,5.0062165e-05,0
LA_D_8350335,0,7.591772e-05,0
LA_D_8383875,0,0.00015618255,0
LA_D_8387087,0,4.812228e-05,0
LA_D_8391659,0,4.4705113e-05,0
LA_D_8424724,0,6.553128e-05,0
LA_D_8467719,0,5.088687e-05,0
LA_D_8481763,0,5.7540045e-05,0
LA_D_8519344,0,0.0016320499,0
LA_D_8564097,0,5.9540962e-05,0
LA_D_8568701,0,0.00010410139,0
LA_D_8575096,0,6.2991174e-05,0
LA_D_8592862,0,7.373858e-05,0
LA_D_8619688,0,7.035457e-05,0
LA_D_8631594,0,6.729088e-05,0
LA_D_8639249,0,0.00018622309,0
LA_D_8723101,0,5.280977e-05,0
LA_D_8746243,0,7.785515e-05,0
LA_D_8750052,0,0.0003863633,0
LA_D_8751310,0,2.978385e-05,0
LA_D_8751875,0,6.589562e-05,0
LA_D_8777414,0,3.9741313e-05,0
LA_D_8792923,0,6.234183e-05,0
LA_D_8795993,0,6.0499013e-05,0
LA_D_8803516,0,3.847327e-05,0
LA_D_8804006,0,0.0003861593,0
LA_D_8809919,0,7.226909e-05,0
LA_D_8819340,0,4.6038138e-05,0
LA_D_8827587,0,1.2267263e-05,0
LA_D_8854421,0,8.809745e-05,0
LA_D_8859455,0,6.612778e-05,0
LA_D_8860183,0,5.551598e-05,0
LA_D_8921775,0,0.000207641,0
LA_D_8943970,0,5.934013e-05,0
LA_D_8954085,0,4.9753096e-05,0
LA_D_8976204,0,8.8461195e-05,0
LA_D_8979280,0,0.00012939346,0
LA_D_8988514,0,6.420826e-05,0
LA_D_8999079,0,3.6052876e-05,0
LA_D_9001275,0,5.9002647e-05,0
LA_D_9021806,0,4.5943845e-05,0
LA_D_9039099,0,9.285249e-06,0
LA_D_9049651,0,0.00013225444,0
LA_D_9052609,0,2.4703322e-05,0
LA_D_9053251,0,3.514514e-05,0
LA_D_9157281,0,8.9909765e-05,0
LA_D_9159354,0,4.5995923e-05,0
LA_D_9168266,0,5.4943583e-05,0
LA_D_9197506,0,0.00062266627,0
LA_D_9220126,0,3.703478e-05,0
LA_D_9237242,0,2.7991719e-05,0
LA_D_9241080,0,1.89541e-05,0
LA_D_9268425,0,3.283887e-05,0
LA_D_9316595,0,3.71682e-05,0
LA_D_9318933,0,2.8010732e-05,0
LA_D_9335039,0,8.12305e-05,0
LA_D_9432444,0,1.7668164e-05,0
LA_D_9507541,0,5.0129813e-05,0
LA_D_9540548,0,3.83219e-05,0
LA_D_9547696,0,7.943419e-05,0
LA_D_9559541,0,8.491365e-05,0
LA_D_9596844,0,0.00031231676,0
LA_D_9601134,0,1.5369607e-05,0
LA_D_9607762,0,7.605561e-05,0
LA_D_9615748,0,0.00017595215,0
LA_D_9616611,0,9.6563825e-05,0
LA_D_9628255,0,1e-06,0
LA_D_9672418,0,0.00015686116,0
LA_D_9691176,0,0.00013087109,0
LA_D_9705410,0,5.0087572e-05,0
LA_D_9727400,0,7.596189e-05,0
LA_D_9750614,0,5.86564e-05,0
LA_D_9763527,0,5.143829e-05,0
LA_D_9822555,0,0.0004889421,0
LA_D_9846233,0,8.5091e-05,0
LA_D_9866012,0,4.894144e-05,0
LA_D_9915922,0,7.72125e-05,0
LA_D_9953820,0,3.176109e-05,0
LA_D_9985949,0,7.853234e-05,0
LA_D_9991459,0,4.385507e-05,0
LA_D_1005971,0,6.091973e-05,0
LA_D_1064567,0,3.8912553e-05,0
LA_D_1098691,0,3.918129e-05,0
LA_D_1109838,0,0.00045772936,0
LA_D_1115081,0,4.4339762e-05,0
LA_D_1148617,0,5.8096484e-05,0
LA_D_1180576,0,6.488446e-05,0
LA_D_1219196,0,5.8963607e-05,0
LA_D_1228312,0,0.00014005827,0
LA_D_1229666,0,0.000101432044,0
LA_D_1236629,0,4.7216494e-05,0
LA_D_1285621,0,7.419685e-05,0
LA_D_1325891,0,0.00028042638,0
LA_D_1348647,0,6.643015e-05,0
LA_D_1364906,0,1.1298265e-05,0
LA_D_1368126,0,4.3352306e-05,0
LA_D_1409986,0,4.6645164e-05,0
LA_D_1445186,0,3.8665898e-05,0
LA_D_1462329,0,0.00014492359,0
LA_D_1465281,0,3.0595016e-05,0
LA_D_1549654,0,5.6632245e-05,0
LA_D_1583199,0,0.00012196704,0
LA_D_1632972,0,0.00018456444,0
LA_D_1672323,0,6.269274e-05,0
LA_D_1685077,0,0.0001451605,0
LA_D_1762685,0,6.5064516e-05,0
LA_D_1774549,0,8.682219e-05,0
LA_D_1865438,0,6.4683125e-05,0
LA_D_1867538,0,1.4693314e-05,0
LA_D_1875162,0,8.5097665e-05,0
LA_D_1876350,0,4.4193325e-06,0
LA_D_1881239,0,3.9969473e-05,0
LA_D_1902183,0,4.197394e-06,0
LA_D_1903412,0,0.00017686684,0
LA_D_1907658,0,0.00015634495,0
LA_D_1965430,0,0.000102955826,0
LA_D_2022388,0,7.1272334e-05,0
LA_D_2035917,0,2.2599992e-05,0
LA_D_2056632,0,3.075946e-05,0
LA_D_2075767,0,0.0009451975,0
LA_D_2077148,0,0.00012842719,0
LA_D_2091853,0,4.2102503e-05,0
LA_D_2093991,0,5.9230002e-05,0
LA_D_2151201,0,6.71037e-05,0
LA_D_2166390,0,0.011028716,0
LA_D_2186197,0,0.00026653506,0
LA_D_2219894,0,1.2094009e-05,0
LA_D_2280387,0,5.628898e-06,0
LA_D_2296391,0,0.000112586,0
LA_D_2307942,0,0.00010551747,0
LA_D_2334368,0,0.00015573388,0
LA_D_2354479,0,2.4878934e-06,0
LA_D_2357733,0,0.00040429624,0
LA_D_2372047,0,3.0812276e-05,0
LA_D_2387813,0,0.000539328,0
LA_D_2401310,0,0.0005846652,0
LA_D_2401901,0,9.1974944e-05,0
LA_D_2404322,0,5.035159e-05,0
LA_D_2425341,0,0.0004589818,0
LA_D_2436830,0,6.857637e-05,0
LA_D_2437525,0,2.9787258e-05,0
LA_D_2442363,0,0.00019938569,0
LA_D_2474628,0,0.00020545501,0
LA_D_2478026,0,0.0006464389,0
LA_D_2538088,0,0.00013042038,0
LA_D_2548430,0,0.0007843767,0
LA_D_2552301,0,4.019553e-05,0
LA_D_2602102,0,6.251322e-05,0
LA_D_2619353,0,0.00043896082,0
LA_D_2631285,0,0.00032416222,0
LA_D_2640007,0,4.8719787e-05,0
LA_D_2713960,0,0.00019086683,0
LA_D_2774834,0,6.657588e-05,0
LA_D_2783478,0,6.524943e-05,0
LA_D_2785422,0,2.6955106e-05,0
LA_D_2836005,0,4.9495e-05,0
LA_D_2870594,0,0.0014763802,0
LA_D_2873916,0,5.288854e-05,0
LA_D_2877185,0,4.8108603e-05,0
LA_D_2894007,0,0.0002064713,0
LA_D_2894107,0,8.1444894e-05,0
LA_D_2963155,0,4.6349276e-05,0
LA_D_2997742,0,3.176927e-05,0
LA_D_3012026,0,0.00016448818,0
LA_D_3033322,0,5.835361e-05,0
LA_D_3036929,0,3.0067034e-05,0
LA_D_3095124,0,2.4441433e-05,0
LA_D_3101981,0,0.0001486076,0
LA_D_3109790,0,3.9425326e-05,0
LA_D_3129847,0,2.536059e-05,0
LA_D_3130364,0,0.00018845862,0
LA_D_3175475,0,6.333233e-05,0
LA_D_3225834,0,0.00010429206,0
LA_D_3273338,0,9.970435e-05,0
LA_D_3305882,0,0.00031712608,0
LA_D_3318751,0,2.804323e-05,0
LA_D_3337171,0,5.6078923e-05,0
LA_D_3338495,0,6.324584e-05,0
LA_D_3384545,0,4.995391e-05,0
LA_D_3419580,0,4.0398085e-05,0
LA_D_3438868,0,7.701027e-05,0
LA_D_3441350,0,2.430432e-05,0
LA_D_3520505,0,5.3167372e-05,0
LA_D_3565551,0,8.33081e-05,0
LA_D_3592942,0,7.8370525e-05,0
LA_D_3594249,0,0.00024296052,0
LA_D_3597706,0,6.597924e-05,0
LA_D_3620253,0,0.00043799944,0
LA_D_3647773,0,0.00037657307,0
LA_D_3676943,0,0.00049855944,0
LA_D_3681471,0,0.0002468798,0
LA_D_3693776,0,5.7293873e-05,0
LA_D_3726525,0,3.9366343e-05,0
LA_D_3737022,0,7.011279e-05,0
LA_D_3775284,0,8.542621e-05,0
LA_D_3813007,0,0.0018678496,0
LA_D_3813648,0,0.00024336856,0
LA_D_3869889,0,8.00848e-05,0
LA_D_3884215,0,9.947899e-05,0
LA_D_3919520,0,9.80361e-05,0
LA_D_3975705,0,0.00010460999,0
LA_D_4014359,0,3.4796307e-05,0
LA_D_4019955,0,0.00010536946,0
LA_D_4043719,0,0.00031684985,0
LA_D_4053028,0,5.3013715e-05,0
LA_D_4081799,0,0.00013405226,0
LA_D_4089047,0,2.3259921e-05,0
LA_D_4107575,0,0.0004054188,0
LA_D_4169368,0,7.0256545e-05,0
LA_D_4190542,0,5.573574e-05,0
LA_D_4217323,0,0.00012943456,0
LA_D_4219857,0,9.680915e-06,0
LA_D_4226263,0,0.00011326008,0
LA_D_4227742,0,7.502308e-05,0
LA_D_4246402,0,0.012396358,0
LA_D_4247580,0,0.00012499878,0
LA_D_4261031,0,0.00029346207,0
LA_D_4283749,0,0.00010731517,0
LA_D_4292655,0,0.00010199343,0
LA_D_4303813,0,4.856115e-05,0
LA_D_4353571,0,3.5240217e-05,0
LA_D_4402563,0,7.421786e-05,0
LA_D_4407394,0,7.1432565e-05,0
LA_D_4411408,0,0.00013075347,0
LA_D_4439782,0,5.9850874e-05,0
LA_D_4444384,0,5.8148806e-05,0
LA_D_4482890,0,0.00017883227,0
LA_D_4511383,0,2.9745019e-05,0
LA_D_4519434,0,8.807838e-05,0
LA_D_4519538,0,8.8225395e-05,0
LA_D_4527834,0,0.000106519736,0
LA_D_4530203,0,0.00010266398,0
LA_D_4539097,0,5.0560993e-05,0
LA_D_4543912,0,0.00018556038,0
LA_D_4568249,0,8.105207e-05,0
LA_D_4581618,0,1.2957927e-05,0
LA_D_4585543,0,4.163571e-05,0
LA_D_4586547,0,3.67305e-05,0
LA_D_4613959,0,9.58256e-05,0
LA_D_4627937,0,0.00015305163,0
LA_D_4659047,0,0.00021366251,0
LA_D_4665394,0,0.0006625093,0
LA_D_4697959,0,0.00030126335,0
LA_D_4702196,0,5.9731934e-05,0
LA_D_4711442,0,4.0946168e-05,0
LA_D_4732922,0,5.3848984e-05,0
LA_D_4740972,0,0.0008143659,0
LA_D_4766940,0,0.00012902176,0
LA_D_4787259,0,0.00011085161,0
LA_D_4798310,0,0.00053096586,0
LA_D_4803108,0,2.2314194e-05,0
LA_D_4813149,0,0.0001826454,0
LA_D_4823532,0,8.223325e-05,0
LA_D_4835772,0,0.00037106656,0
LA_D_4859211,0,0.00012101211,0
LA_D_4863235,0,0.00011619091,0
LA_D_4922420,0,8.9095374e-05,0
LA_D_4946501,0,0.00012071617,0
LA_D_4956135,0,0.0001699372,0
LA_D_4958951,0,4.7531787e-05,0
LA_D_4998944,0,0.00012596103,0
LA_D_5026901,0,6.1514475e-05,0
LA_D_5054064,0,1.4921851e-05,0
LA_D_5096512,0,2.7645621e-05,0
LA_D_5108618,0,0.00013102255,0
LA_D_5134311,0,0.00014935741,0
LA_D_5134762,0,0.00030456073,0
LA_D_5140356,0,0.00012795864,0
LA_D_5162779,0,0.00025515477,0
LA_D_5183452,0,0.00012153134,0
LA_D_5192642,0,7.236177e-05,0
LA_D_5219289,0,0.00024252747,0
LA_D_5247988,0,0.0039492017,0
LA_D_5273781,0,8.7162385e-05,0
LA_D_5285164,0,4.1135867e-05,0
LA_D_5299808,0,3.482359e-05,0
LA_D_5391398,0,2.3495459e-05,0
LA_D_5396370,0,9.710865e-06,0
LA_D_5416366,0,2.9206374e-05,0
LA_D_5469757,0,9.2176095e-05,0
LA_D_5477639,0,0.0002612095,0
LA_D_5501976,0,5.1209918e-05,0
LA_D_5517878,0,3.5608133e-05,0
LA_D_5519274,0,6.9272355e-05,0
LA_D_5519605,0,0.00012952616,0
LA_D_5520297,0,0.00012593616,0
LA_D_5528569,0,4.7283e-05,0
LA_D_5556761,0,8.572391e-05,0
LA_D_5567205,0,4.5186745e-05,0
LA_D_5591138,0,5.6034936e-05,0
LA_D_5631085,0,4.9346636e-06,0
LA_D_5641754,0,5.991083e-05,0
LA_D_5642901,0,0.00030225792,0
LA_D_5648503,0,5.1678915e-05,0
LA_D_5718640,0,0.00027429013,0
LA_D_5761264,0,0.023626339,0
LA_D_5770428,0,8.0643695e-05,0
LA_D_5783301,0,3.177542e-05,0
LA_D_5795995,0,0.00010739574,0
LA_D_5803074,0,0.00025148178,0
LA_D_5883452,0,8.1380145e-05,0
LA_D_5911300,0,2.3499222e-05,0
LA_D_5919919,0,2.434403e-05,0
LA_D_5928152,0,1.9219999e-05,0
LA_D_5934144,0,4.3900178e-05,0
LA_D_5954031,0,0.00018024012,0
LA_D_5954633,0,5.693354e-05,0
LA_D_6020291,0,3.6147518e-05,0
LA_D_6032328,0,6.2010695e-05,0
LA_D_6042706,0,4.755051e-05,0
LA_D_6052512,0,6.105879e-05,0
LA_D_6053701,0,8.5486434e-05,0
LA_D_6078693,0,3.6308684e-05,0
LA_D_6094253,0,0.0012590963,0
LA_D_6107904,0,2.8267752e-05,0
LA_D_6120899,0,8.058674e-05,0
LA_D_6132797,0,0.00020005295,0
LA_D_6164285,0,0.00028790868,0
LA_D_6170319,0,0.00012328096,0
LA_D_6205147,0,0.00011569517,0
LA_D_6209809,0,4.681477e-05,0
LA_D_6230517,0,0.005415985,0
LA_D_6239035,0,4.552073e-05,0
LA_D_6241740,0,4.0533265e-05,0
LA_D_6244687,0,3.8908212e-05,0
LA_D_6262242,0,5.136182e-05,0
LA_D_6281338,0,1.7854876e-05,0
LA_D_6314838,0,6.047554e-05,0
LA_D_6327264,0,0.00046549877,0
LA_D_6329128,0,3.5729263e-05,0
LA_D_6345783,0,0.00018928468,0
LA_D_6359840,0,0.0056021074,0
LA_D_6374602,0,3.7761052e-05,0
LA_D_6384143,0,0.00013791096,0
LA_D_6427284,0,0.00017570551,0
LA_D_6430389,0,4.822436e-05,0
LA_D_6431333,0,0.00039538217,0
LA_D_6511144,0,4.474602e-05,0
LA_D_6521158,0,9.909999e-05,0
LA_D_6540182,0,2.775811e-05,0
LA_D_6581422,0,6.4585554e-05,0
LA_D_6605246,0,8.151435e-05,0
LA_D_6623821,0,0.00014065758,0
LA_D_6649536,0,6.98061e-05,0
LA_D_6653207,0,0.12733601,0
LA_D_6666731,0,0.00094914244,0
LA_D_6671109,0,7.136482e-05,0
LA_D_6671471,0,4.9980164e-05,0
LA_D_6675064,0,0.00012130383,0
LA_D_6787867,0,6.20211e-05,0
LA_D_6806069,0,2.616378e-05,0
LA_D_6847306,0,8.819747e-05,0
LA_D_6853645,0,4.6293393e-05,0
LA_D_6855855,0,0.00017911369,0
LA_D_6874834,0,4.934353e-05,0
LA_D_6912310,0,0.00039713513,0
LA_D_6919952,0,3.5746132e-05,0
LA_D_6922069,0,7.883585e-05,0
LA_D_6930208,0,6.547027e-06,0
LA_D_6975754,0,3.9843926e-05,0
LA_D_6977905,0,4.7632926e-05,0
LA_D_6983948,0,5.6901838e-05,0
LA_D_7034914,0,6.367011e-05,0
LA_D_7049894,0,0.000115553165,0
LA_D_7064559,0,6.3001746e-05,0
LA_D_7076274,0,8.15568e-05,0
LA_D_7083074,0,3.492363e-05,0
LA_D_7091817,0,0.0030911479,0
LA_D_7118043,0,0.00012478503,0
LA_D_7139714,0,0.00015084792,0
LA_D_7139945,0,5.1120922e-05,0
LA_D_7165851,0,1.0255364e-05,0
LA_D_7240985,0,0.0019297106,0
LA_D_7256447,0,8.8409746e-05,0
LA_D_7281378,0,0.00021656221,0
LA_D_7291547,0,6.744107e-05,0
LA_D_7314791,0,0.00011080288,0
LA_D_7321837,0,6.50608e-05,0
LA_D_7350476,0,6.446421e-05,0
LA_D_7351646,0,0.00024226125,0
LA_D_7361872,0,0.000558996,0
LA_D_7367668,0,7.734971e-05,0
LA_D_7371852,0,2.1504073e-05,0
LA_D_7378787,0,3.7164016e-05,0
LA_D_7400321,0,1.6404842e-05,0
LA_D_7406573,0,5.5296176e-05,0
LA_D_7407416,0,0.00016388326,0
LA_D_7433691,0,6.682228e-05,0
LA_D_7434468,0,9.55853e-05,0
LA_D_7447967,0,6.3420324e-05,0
LA_D_7459811,0,3.8364753e-05,0
LA_D_7460919,0,0.00014086964,0
LA_D_7478561,0,2.5531475e-05,0
LA_D_7495566,0,0.00011315149,0
LA_D_7499812,0,0.00031325847,0
LA_D_7522283,0,7.918991e-05,0
LA_D_7531198,0,8.155199e-05,0
LA_D_7537934,0,1.8294257e-05,0
LA_D_7560414,0,0.00026911098,0
LA_D_7592609,0,8.916762e-05,0
LA_D_7598549,0,6.492321e-05,0
LA_D_7619376,0,0.00046627037,0
LA_D_7630815,0,6.6766166e-05,0
LA_D_7632689,0,8.436353e-05,0
LA_D_7642965,0,0.0014739578,0
LA_D_7646656,0,0.00076941465,0
LA_D_7657874,0,7.002372e-05,0
LA_D_7667811,0,3.458003e-05,0
LA_D_7672499,0,4.4670636e-05,0
LA_D_7706480,0,0.00011740533,0
LA_D_7727828,0,3.6581445e-05,0
LA_D_7776880,0,5.141416e-05,0
LA_D_7825911,0,4.494792e-05,0
LA_D_7850177,0,0.00015939008,0
LA_D_7861399,0,3.8640945e-05,0
LA_D_7874319,0,5.3785552e-05,0
LA_D_7891722,0,5.8167436e-05,0
LA_D_7942916,0,4.3083965e-05,0
LA_D_8001311,0,0.00087842485,0
LA_D_8001942,0,0.0002578151,0
LA_D_8025432,0,5.979907e-05,0
LA_D_8027252,0,0.00092618534,0
LA_D_8093766,0,7.702379e-05,0
LA_D_8098886,0,0.0010328173,0
LA_D_8113458,0,8.5048494e-05,0
LA_D_8116868,0,4.121688e-05,0
LA_D_8134921,0,0.007677807,0
LA_D_8184803,0,0.00013539317,0
LA_D_8198366,0,0.001365829,0
LA_D_8213401,0,6.848097e-05,0
LA_D_8215041,0,0.00014389855,0
LA_D_8240682,0,6.116421e-05,0
LA_D_8241720,0,9.331592e-05,0
LA_D_8299554,0,8.493867e-05,0
LA_D_8328201,0,2.8186912e-05,0
LA_D_8359738,0,5.601084e-05,0
LA_D_8361424,0,6.462862e-05,0
LA_D_8367667,0,3.2142365e-05,0
LA_D_8432977,0,0.00079085684,0
LA_D_8447242,0,3.16357e-05,0
LA_D_8461961,0,0.00613708,0
LA_D_8466324,0,0.00025717655,0
LA_D_8480951,0,6.6296234e-05,0
LA_D_8552659,0,7.1268114e-05,0
LA_D_8570646,0,8.5784006e-05,0
LA_D_8578833,0,5.5433346e-05,0
LA_D_8624362,0,6.25344e-05,0
LA_D_8666752,0,0.000104412764,0
LA_D_8714013,0,6.532707e-05,0
LA_D_8752393,0,1.8429055e-05,0
LA_D_8759565,0,0.00012271389,0
LA_D_8777097,0,0.00023021417,0
LA_D_8825567,0,3.7961876e-05,0
LA_D_8887150,0,0.00010006993,0
LA_D_8902219,0,0.0017331452,0
LA_D_8902439,0,4.1648538e-05,0
LA_D_8947210,0,6.0910315e-05,0
LA_D_9000440,0,0.00028837018,0
LA_D_9024467,0,3.6438207e-05,0
LA_D_9067050,0,1.8435629e-05,0
LA_D_9071605,0,0.000100941485,0
LA_D_9077451,0,0.000121141544,0
LA_D_9083107,0,0.00013310362,0
LA_D_9117746,0,4.5813726e-05,0
LA_D_9147536,0,4.7679965e-05,0
LA_D_9212493,0,2.80219e-05,0
LA_D_9218380,0,4.4051652e-05,0
LA_D_9275226,0,0.00019942333,0
LA_D_9290458,0,8.812332e-05,0
LA_D_9295746,0,6.848352e-05,0
LA_D_9301014,0,1.6094731e-05,0
LA_D_9310375,0,2.6826834e-05,0
LA_D_9311449,0,6.254179e-05,0
LA_D_9323586,0,9.409402e-05,0
LA_D_9371038,0,1.693084e-05,0
LA_D_9387876,0,4.125762e-05,0
LA_D_9419552,0,5.713641e-05,0
LA_D_9463679,0,0.00014474211,0
LA_D_9478091,0,0.0002501753,0
LA_D_9512709,0,7.9812016e-05,0
LA_D_9525753,0,0.0002730294,0
LA_D_9526501,0,0.000116368334,0
LA_D_9552306,0,7.2543415e-05,0
LA_D_9624961,0,0.0001462468,0
LA_D_9628701,0,7.7716286e-05,0
LA_D_9636981,0,7.807298e-05,0
LA_D_9652357,0,9.989582e-05,0
LA_D_9688627,0,0.0003155184,0
LA_D_9732033,0,5.709975e-05,0
LA_D_9743014,0,6.384138e-05,0
LA_D_9819954,0,1.4750709e-05,0
LA_D_9840993,0,7.623692e-05,0
LA_D_9937906,0,4.1220297e-05,0
LA_D_9990316,0,0.0027506864,0
LA_D_1050796,0,1.3974814e-05,0
LA_D_1111959,0,0.0003626936,0
LA_D_1126102,0,2.4475275e-05,0
LA_D_1144419,0,0.000113518174,0
LA_D_1151564,0,1.4035399e-05,0
LA_D_1154251,0,2.4589348e-05,0
LA_D_1154657,0,0.000120449404,0
LA_D_1165410,0,1.1914382e-05,0
LA_D_1188223,0,3.25004e-05,0
LA_D_1213444,0,7.8172954e-05,0
LA_D_1227666,0,0.00010052249,0
LA_D_1229959,0,9.855555e-05,0
LA_D_1291691,0,6.997952e-05,0
LA_D_1337747,0,1.89823e-05,0
LA_D_1360621,0,0.00037832092,0
LA_D_1378407,0,0.011033232,0
LA_D_1382784,0,1.2700806e-05,0
LA_D_1386001,0,5.398477e-05,0
LA_D_1415721,0,5.5033775e-05,0
LA_D_1481062,0,0.0020242338,0
LA_D_1594181,0,0.00017128712,0
LA_D_1680317,0,0.00026675063,0
LA_D_1704161,0,3.620142e-06,0
LA_D_1721570,0,0.00014741124,0
LA_D_1738698,0,2.3654564e-05,0
LA_D_1793742,0,0.00011326137,0
LA_D_1830912,0,0.23919454,0
LA_D_1831042,0,5.8001762e-05,0
LA_D_1851796,0,1.350145e-05,0
LA_D_1875217,0,3.2190677e-05,0
LA_D_1910338,0,1.1940807e-05,0
LA_D_1930325,0,0.001445905,0
LA_D_1951579,0,1.5783042e-05,0
LA_D_1956837,0,3.374665e-05,0
LA_D_1976246,0,2.9936993e-05,0
LA_D_2006468,0,2.1447464e-05,0
LA_D_2035244,0,6.416614e-05,0
LA_D_2042803,0,2.5324049e-05,0
LA_D_2044219,0,1.5619413e-05,0
LA_D_2065189,0,1.3423227e-05,0
LA_D_2071567,0,2.128529e-05,0
LA_D_2077053,0,0.00017568024,0
LA_D_2100232,0,2.193474e-05,0
LA_D_2172608,0,4.952819e-05,0
LA_D_2175519,0,0.0002804983,0
LA_D_2179848,0,2.112618e-05,0
LA_D_2247699,0,2.7959859e-05,0
LA_D_2255226,0,3.0762687e-05,0
LA_D_2287060,0,6.965032e-06,0
LA_D_2292607,0,5.8407724e-05,0
LA_D_2342652,0,4.846012e-05,0
LA_D_2375441,0,0.00044969143,0
LA_D_2387052,0,8.94937e-06,0
LA_D_2390491,0,2.5410654e-05,0
LA_D_2397932,0,6.8392794e-05,0
LA_D_2415268,0,3.6042667e-05,0
LA_D_2430765,0,1.3495427e-05,0
LA_D_2438768,0,1.4282671e-05,0
LA_D_2458775,0,4.6814084e-06,0
LA_D_2470542,0,0.002759131,0
LA_D_2473130,0,0.05469653,0
LA_D_2487000,0,3.8791066e-05,0
LA_D_2488694,0,0.00011742481,0
LA_D_2490273,0,2.6868743e-06,0
LA_D_2579766,0,3.4271794e-05,0
LA_D_2613151,0,3.943435e-05,0
LA_D_2638432,0,7.453775e-05,0
LA_D_2645266,0,1.7764789e-05,0
LA_D_2672793,0,0.00011271008,0
LA_D_2712659,0,1.5429718e-05,0
LA_D_2798127,0,1.2944411e-06,0
LA_D_2799558,0,4.2496322e-05,0
LA_D_2836357,0,1.5710872e-05,0
LA_D_2844231,0,3.5929486e-05,0
LA_D_2847562,0,3.804494e-05,0
LA_D_2884001,0,1.9050836e-05,0
LA_D_2886707,0,1.8335757e-05,0
LA_D_2896594,0,8.532893e-06,0
LA_D_2900636,0,0.00017077017,0
LA_D_2917764,0,3.0002959e-05,0
LA_D_2966362,0,1.5161964e-05,0
LA_D_2998314,0,8.0432495e-05,0
LA_D_2999129,0,0.0017575292,0
LA_D_3021959,0,7.673231e-05,0
LA_D_3025692,0,5.1470917e-05,0
LA_D_3054281,0,1.8805615e-05,0
LA_D_3061067,0,0.0018720378,0
LA_D_3131198,0,0.00017358948,0
LA_D_3136629,0,0.00010324774,0
LA_D_3149236,0,7.925315e-06,0
LA_D_3159355,0,1.6684324e-05,0
LA_D_3170107,0,0.00070731365,0
LA_D_3175077,0,0.00011560782,0
LA_D_3176307,0,5.505713e-05,0
LA_D_3187837,0,3.0214514e-05,0
LA_D_3207787,0,2.1129765e-05,0
LA_D_3221437,0,0.000113675786,0
LA_D_3225878,0,2.083902e-06,0
LA_D_3251751,0,7.124365e-05,0
LA_D_3308419,0,4.021428e-05,0
LA_D_3329107,0,7.342029e-06,0
LA_D_3354392,0,2.3059994e-05,0
LA_D_3355540,0,7.174886e-05,0
LA_D_3370467,0,2.7518263e-05,0
LA_D_3393959,0,6.341397e-05,0
LA_D_3394845,0,0.00022523501,0
LA_D_3416807,0,4.038043e-06,0
LA_D_3424616,0,2.155682e-05,0
LA_D_3456944,0,9.22823e-06,0
LA_D_3611600,0,5.617452e-05,0
LA_D_3618116,0,0.00017748246,0
LA_D_3713066,0,6.837871e-05,0
LA_D_3756417,0,0.00010730494,0
LA_D_3758829,0,8.8181245e-05,0
LA_D_3770294,0,1.6022843e-05,0
LA_D_3818267,0,0.31775206,0
LA_D_3881866,0,3.659135e-05,0
LA_D_3883334,0,1.8096687e-05,0
LA_D_3887933,0,9.804526e-05,0
LA_D_3890266,0,6.470478e-05,0
LA_D_3906117,0,3.1113843e-05,0
LA_D_3965135,0,5.2266264e-06,0
LA_D_3978913,0,0.18440019,0
LA_D_3985223,0,6.0641047e-05,0
LA_D_3993703,0,1.0313209e-05,0
LA_D_3993966,0,2.6885024e-05,0
LA_D_4031301,0,0.0004850862,0
LA_D_4046660,0,4.8913866e-05,0
LA_D_4053616,0,8.722242e-05,0
LA_D_4065907,0,8.212934e-05,0
LA_D_4084971,0,6.3752974e-05,0
LA_D_4104923,0,3.2958433e-05,0
LA_D_4180411,0,5.264208e-05,0
LA_D_4197144,0,0.99806124,1
LA_D_4197573,0,0.0001994547,0
LA_D_4206865,0,0.07189384,0
LA_D_4225547,0,2.4867573e-05,0
LA_D_4229898,0,0.00016317816,0
LA_D_4272224,0,1.0410344e-05,0
LA_D_4275765,0,3.5167333e-05,0
LA_D_4287537,0,0.00016071522,0
LA_D_4298024,0,0.000148526,0
LA_D_4377800,0,8.49441e-05,0
LA_D_4387960,0,0.00040301296,0
LA_D_4391297,0,4.669492e-05,0
LA_D_4400351,0,5.462183e-06,0
LA_D_4455922,0,0.00016988681,0
LA_D_4493978,0,9.800104e-06,0
LA_D_4496613,0,0.0022718788,0
LA_D_4498755,0,0.00012400335,0
LA_D_4531926,0,0.00018028858,0
LA_D_4539895,0,3.0254998e-05,0
LA_D_4589577,0,2.7567272e-05,0
LA_D_4589909,0,6.896501e-05,0
LA_D_4622213,0,2.3382667e-05,0
LA_D_4763816,0,2.4719442e-05,0
LA_D_4776188,0,5.0291415e-05,0
LA_D_4780389,0,9.442178e-06,0
LA_D_4784803,0,6.3463176e-06,0
LA_D_4809153,0,0.00012425036,0
LA_D_4811809,0,5.1668863e-05,0
LA_D_4815971,0,1.195318e-05,0
LA_D_4826746,0,7.1580544e-06,0
LA_D_4879669,0,1.8565444e-05,0
LA_D_4884678,0,3.413711e-05,0
LA_D_4900320,0,0.00032893626,0
LA_D_4919400,0,0.0022617283,0
LA_D_4996117,0,9.228115e-06,0
LA_D_5013977,0,2.7436712e-05,0
LA_D_5041678,0,1.0270826e-05,0
LA_D_5074718,0,1e-06,0
LA_D_5144218,0,0.0011765626,0
LA_D_5158773,0,0.00011553752,0
LA_D_5159304,0,1e-06,0
LA_D_5160239,0,4.971819e-05,0
LA_D_5161378,0,9.9531084e-05,0
LA_D_5165861,0,3.3671688e-05,0
LA_D_5166859,0,4.3110926e-05,0
LA_D_5184408,0,7.028885e-05,0
LA_D_5208164,0,0.2830301,0
LA_D_5212344,0,0.00017699305,0
LA_D_5253678,0,3.5397847e-05,0
LA_D_5279728,0,4.5845927e-06,0
LA_D_5295121,0,7.466929e-05,0
LA_D_5322522,0,1.3850272e-05,0
LA_D_5359488,0,1.7014392e-05,0
LA_D_5366271,0,2.9008377e-05,0
LA_D_5385731,0,9.3588256e-05,0
LA_D_5396598,0,0.00031141733,0
LA_D_5446340,0,4.9228285e-05,0
LA_D_5501803,0,0.00012612953,0
LA_D_5510967,0,3.2587577e-05,0
LA_D_5513816,0,1.5157294e-05,0
LA_D_5597846,0,3.7993745e-05,0
LA_D_5617675,0,0.00011365171,0
LA_D_5634358,0,4.558882e-06,0
LA_D_5688863,0,2.9688454e-05,0
LA_D_5705098,0,1.934091e-05,0
LA_D_5712139,0,2.883291e-05,0
LA_D_5723178,0,6.360766e-05,0
LA_D_5739495,0,0.00015914436,0
LA_D_5749584,0,0.0003975658,0
LA_D_5778263,0,8.057413e-05,0
LA_D_5791213,0,3.694652e-05,0
LA_D_5849819,0,4.880293e-05,0
LA_D_5886733,0,1.7258084e-05,0
LA_D_5896975,0,1.6317279e-05,0
LA_D_5906042,0,1.1043682e-05,0
LA_D_5957884,0,3.172531e-05,0
LA_D_5997013,0,7.067983e-05,0
LA_D_6016551,0,7.7265446e-05,0
LA_D_6020551,0,2.6495961e-06,0
LA_D_6029806,0,3.1828629e-06,0
LA_D_6038911,0,6.843807e-05,0
LA_D_6057039,0,4.371319e-05,0
LA_D_6068442,0,0.00053780875,0
LA_D_6073404,0,0.00014805995,0
LA_D_6094200,0,1.7589518e-05,0
LA_D_6117485,0,0.000117075644,0
LA_D_6128274,0,2.0072705e-05,0
LA_D_6136829,0,1.0797194e-05,0
LA_D_6153665,0,0.000112729096,0
LA_D_6177274,0,3.8083635e-05,0
LA_D_6182738,0,3.8668295e-05,0
LA_D_6236487,0,1.5621663e-05,0
LA_D_6249240,0,3.6321813e-05,0
LA_D_6259209,0,3.15185e-05,0
LA_D_6272525,0,1.0885956e-05,0
LA_D_6291620,0,2.47857e-05,0
LA_D_6311384,0,4.265967e-05,0
LA_D_6370899,0,3.388191e-06,0
LA_D_6375876,0,0.021055955,0
LA_D_6429416,0,2.720839e-06,0
LA_D_6434298,0,9.6916694e-05,0
LA_D_6453451,0,0.00016604876,0
LA_D_6457159,0,9.106578e-06,0
LA_D_6461979,0,3.242675e-05,0
LA_D_6468082,0,1.0934921e-05,0
LA_D_6486693,0,3.0327707e-05,0
LA_D_6490911,0,1.3169024e-06,0
LA_D_6503952,0,1.8908479e-05,0
LA_D_6530033,0,5.9928545e-05,0
LA_D_6547184,0,1.5111585e-05,0
LA_D_6592286,0,0.0007472019,0
LA_D_6625336,0,0.00010541408,0
LA_D_6636629,0,3.0590465e-05,0
LA_D_6654649,0,0.00012792753,0
LA_D_6663970,0,0.0001535706,0
LA_D_6686979,0,4.1767184e-05,0
LA_D_6688900,0,2.8010463e-05,0
LA_D_6691656,0,2.3117178e-05,0
LA_D_6720664,0,9.065929e-05,0
LA_D_6724389,0,2.559535e-05,0
LA_D_6729397,0,1.570091e-05,0
LA_D_6732739,0,5.2440162e-05,0
LA_D_6739958,0,4.705189e-05,0
LA_D_6802709,0,6.3577456e-05,0
LA_D_6872574,0,3.0591895e-05,0
LA_D_6882049,0,0.1784917,0
LA_D_6882216,0,2.6623022e-05,0
LA_D_6890535,0,0.0013563773,0
LA_D_6933737,0,4.8676364e-05,0
LA_D_6935848,0,6.2628984e-05,0
LA_D_6938425,0,6.371269e-05,0
LA_D_6939048,0,0.00018645584,0
LA_D_6941679,0,1.5996155e-05,0
LA_D_6981951,0,1.2894978e-06,0
LA_D_6988016,0,0.00010593729,0
LA_D_6988970,0,1.650902e-05,0
LA_D_7011716,0,1.5692099e-06,0
LA_D_7020241,0,1.5776812e-05,0
LA_D_7036425,0,0.00019469485,0
LA_D_7038278,0,5.8037396e-05,0
LA_D_7044565,0,0.00020900523,0
LA_D_7129246,0,2.9610697e-05,0
LA_D_7131053,0,0.00029397564,0
LA_D_7131714,0,1.1988502e-05,0
LA_D_7148082,0,0.05506797,0
LA_D_7168632,0,1.4600008e-05,0
LA_D_7177218,0,2.3573377e-06,0
LA_D_7197412,0,6.92431e-05,0
LA_D_7200498,0,5.8773243e-05,0
LA_D_7247592,0,2.8367373e-05,0
LA_D_7258776,0,1.2513446e-05,0
LA_D_7275397,0,3.731438e-05,0
LA_D_7279989,0,4.7869995e-05,0
LA_D_7280401,0,2.6159614e-05,0
LA_D_7281372,0,8.047093e-05,0
LA_D_7289456,0,8.90402e-06,0
LA_D_7306042,0,2.0039766e-05,0
LA_D_7339792,0,0.0003927153,0
LA_D_7343889,0,1.4640917e-05,0
LA_D_7371794,0,4.224041e-05,0
LA_D_7388866,0,3.5017812e-05,0
LA_D_7393671,0,4.1405463e-05,0
LA_D_7415107,0,9.4082825e-06,0
LA_D_7417496,0,2.1649528e-05,0
LA_D_7419263,0,7.852485e-05,0
LA_D_7421330,0,8.6251224e-05,0
LA_D_7422030,0,2.3798311e-05,0
LA_D_7443140,0,0.0002055712,0
LA_D_7445272,0,0.0001287396,0
LA_D_7484326,0,1.0403596e-05,0
LA_D_7521512,0,0.0002608208,0
LA_D_7537476,0,2.297349e-05,0
LA_D_7544543,0,4.565909e-06,0
LA_D_7593562,0,7.17358e-05,0
LA_D_7688637,0,0.00012628116,0
LA_D_7725830,0,2.6715396e-05,0
LA_D_7730920,0,8.9052395e-05,0
LA_D_7748480,0,5.1418087e-05,0
LA_D_7792433,0,1.5780635e-05,0
LA_D_7830811,0,3.526933e-05,0
LA_D_7874809,0,2.9796774e-05,0
LA_D_7888567,0,0.00018568941,0
LA_D_7919496,0,9.439751e-05,0
LA_D_7957185,0,1.4392752e-05,0
LA_D_7959946,0,0.00047365224,0
LA_D_7999055,0,2.9400453e-05,0
LA_D_8024735,0,4.6853314e-05,0
LA_D_8024758,0,8.176765e-06,0
LA_D_8069958,0,3.7268645e-05,0
LA_D_8081714,0,2.6055915e-05,0
LA_D_8111410,0,0.0013416288,0
LA_D_8120776,0,0.00012627176,0
LA_D_8124666,0,5.3927397e-05,0
LA_D_8139288,0,7.915367e-06,0
LA_D_8150491,0,1e-06,0
LA_D_8152472,0,4.7311787e-06,0
LA_D_8161997,0,1.3243595e-05,0
LA_D_8200654,0,0.19094758,0
LA_D_8213352,0,9.125704e-06,0
LA_D_8326614,0,0.0002079965,0
LA_D_8336163,0,2.2079935e-06,0
LA_D_8352307,0,7.0010494e-05,0
LA_D_8385680,0,0.00010955914,0
LA_D_8414843,0,1.3365401e-05,0
LA_D_8416552,0,4.4826826e-05,0
LA_D_8421891,0,6.142485e-05,0
LA_D_8422737,0,8.763034e-05,0
LA_D_8435340,0,0.000107136235,0
LA_D_8438234,0,1.5543763e-05,0
LA_D_8449330,0,2.1176927e-05,0
LA_D_8454268,0,1.0555733e-05,0
LA_D_8471869,0,2.0518957e-05,0
LA_D_8486404,0,9.199476e-05,0
LA_D_8493432,0,2.3613342e-05,0
LA_D_8505683,0,7.380745e-05,0
LA_D_8544457,0,6.139383e-06,0
LA_D_8557735,0,3.6555535e-05,0
LA_D_8573242,0,0.00024398214,0
LA_D_8573550,0,1.2790841e-05,0
LA_D_8590450,0,3.4778197e-05,0
LA_D_8626728,0,3.9617047e-05,0
LA_D_8629305,0,0.03914753,0
LA_D_8655144,0,0.0006384782,0
LA_D_8676735,0,1.7674654e-05,0
LA_D_8677982,0,5.788479e-05,0
LA_D_8711459,0,9.0853144e-05,0
LA_D_8724117,0,4.8951224e-06,0
LA_D_8745012,0,3.2874465e-05,0
LA_D_8752888,0,1.31240795e-05,0
LA_D_8754373,0,1.3860617e-05,0
LA_D_8768194,0,8.630957e-05,0
LA_D_8769496,0,0.01050906,0
LA_D_8797946,0,2.4919751e-05,0
LA_D_8814160,0,3.956373e-06,0
LA_D_8846179,0,1.5890288e-05,0
LA_D_8850397,0,0.00046695597,0
LA_D_8872966,0,5.8398464e-06,0
LA_D_8892386,0,1e-06,0
LA_D_8943748,0,0.00010008214,0
LA_D_8969774,0,3.833367e-05,0
LA_D_9010755,0,4.7659916e-05,0
LA_D_9039359,0,4.281291e-05,0
LA_D_9101923,0,2.4202367e-05,0
LA_D_9107422,0,3.6838683e-05,0
LA_D_9177165,0,4.3567445e-05,0
LA_D_9187242,0,2.8993718e-05,0
LA_D_9211248,0,4.0269155e-05,0
LA_D_9260195,0,0.0001318075,0
LA_D_9281612,0,5.490226e-05,0
LA_D_9307829,0,0.00038630824,0
LA_D_9355857,0,2.1334003e-05,0
LA_D_9371188,0,1e-06,0
LA_D_9371232,0,1.118208e-06,0
LA_D_9386898,0,5.0416453e-05,0
LA_D_9393261,0,4.5877212e-05,0
LA_D_9397905,0,1.2824099e-05,0
LA_D_9412336,0,6.7567967e-06,0
LA_D_9455008,0,2.3079112e-05,0
LA_D_9477430,0,2.6113328e-05,0
LA_D_9515444,0,7.1662917e-06,0
LA_D_9547911,0,4.5699664e-05,0
LA_D_9553230,0,0.00015176725,0
LA_D_9565989,0,6.690674e-06,0
LA_D_9661221,0,3.1251406e-05,0
LA_D_9703394,0,9.900156e-05,0
LA_D_9740737,0,8.456119e-05,0
LA_D_9798493,0,2.1854497e-05,0
LA_D_9801845,0,0.00014083352,0
LA_D_9825350,0,8.1833105e-06,0
LA_D_9832675,0,2.4097277e-05,0
LA_D_9846021,0,2.7731781e-05,0
LA_D_9851912,0,0.00010917765,0
LA_D_9866624,0,3.1883934e-05,0
LA_D_9882641,0,1.2020729e-05,0
LA_D_9884269,0,1.1089973e-05,0
LA_D_9932869,0,9.112729e-06,0
LA_D_9945660,0,2.9254516e-05,0
LA_D_9956149,0,6.5916734e-05,0
LA_D_9958486,0,5.3343298e-05,0
LA_D_9965392,0,2.2249365e-05,0
LA_D_9995609,0,4.782993e-05,0
LA_D_1004678,0,1.021204e-05,0
LA_D_1011190,0,7.8608165e-05,0
LA_D_1014671,0,5.9657004e-06,0
LA_D_1056780,0,1.238076e-05,0
LA_D_1105502,0,2.76085e-05,0
LA_D_1106685,0,2.7426539e-05,0
LA_D_1118728,0,3.1484225e-05,0
LA_D_1152867,0,4.420803e-05,0
LA_D_1156748,0,0.029858982,0
LA_D_1207441,0,1.4008746e-05,0
LA_D_1207924,0,2.668247e-05,0
LA_D_1234846,0,0.23339328,0
LA_D_1301926,0,0.000106493935,0
LA_D_1319176,0,0.00017069641,0
LA_D_1383506,0,4.923603e-05,0
LA_D_1411177,0,0.0002991859,0
LA_D_1416047,0,1.123198e-05,0
LA_D_1425460,0,3.8849263e-05,0
LA_D_1482414,0,1.4843619e-05,0
LA_D_1518970,0,0.00019457606,0
LA_D_1554528,0,0.000111096044,0
LA_D_1604308,0,1.2622392e-05,0
LA_D_1605983,0,2.0205163e-05,0
LA_D_1667983,0,9.815705e-05,0
LA_D_1681557,0,2.733575e-05,0
LA_D_1690641,0,5.3469394e-06,0
LA_D_1717208,0,2.0367475e-05,0
LA_D_1718297,0,7.624405e-05,0
LA_D_1728539,0,3.8288767e-05,0
LA_D_1736170,0,2.409661e-05,0
LA_D_1764449,0,2.2720813e-05,0
LA_D_1769296,0,0.0034149836,0
LA_D_1803448,0,0.0012808217,0
LA_D_1894626,0,4.029443e-05,0
LA_D_1901394,0,0.0040340065,0
LA_D_1922501,0,2.0173838e-05,0
LA_D_1932129,0,2.9117575e-05,0
LA_D_1940772,0,0.00012521663,0
LA_D_2012886,0,0.0002353745,0
LA_D_2039361,0,0.00017662821,0
LA_D_2041530,0,0.00018185956,0
LA_D_2055853,0,0.0027917484,0
LA_D_2088042,0,9.280698e-06,0
LA_D_2102445,0,4.766846e-05,0
LA_D_2109741,0,0.002320687,0
LA_D_2121128,0,9.431366e-05,0
LA_D_2177394,0,4.9475886e-05,0
LA_D_2218486,0,5.8851987e-05,0
LA_D_2219851,0,5.0858056e-05,0
LA_D_2220548,0,3.111141e-05,0
LA_D_2256901,0,0.0006145121,0
LA_D_2266995,0,8.614698e-06,0
LA_D_2304090,0,3.9898943e-05,0
LA_D_2323632,0,4.2132026e-05,0
LA_D_2333697,0,0.00020016076,0
LA_D_2349350,0,0.00011658924,0
LA_D_2359886,0,0.0002923562,0
LA_D_2369254,0,0.00020533318,0
LA_D_2422407,0,0.00013951043,0
LA_D_2439087,0,5.6975136e-05,0
LA_D_2480205,0,2.9542101e-05,0
LA_D_2483630,0,1e-06,0
LA_D_2523389,0,9.946574e-06,0
LA_D_2526078,0,1.7082662e-05,0
LA_D_2631213,0,3.493925e-05,0
LA_D_2631374,0,0.038513374,0
LA_D_2636006,0,2.7443519e-05,0
LA_D_2659549,0,0.0018819629,0
LA_D_2663010,0,0.00017090423,0
LA_D_2692089,0,1.678922e-05,0
LA_D_2718826,0,0.021792125,0
LA_D_2739527,0,2.9367413e-05,0
LA_D_2775660,0,2.540169e-05,0
LA_D_2789615,0,0.0001282589,0
LA_D_2792636,0,1.1919576e-05,0
LA_D_2847063,0,3.9958803e-05,0
LA_D_2872375,0,0.0014316671,0
LA_D_2912164,0,0.0005747851,0
LA_D_3018508,0,0.00022404843,0
LA_D_3053810,0,1.6937236e-05,0
LA_D_3072931,0,8.1541955e-05,0
LA_D_3105367,0,5.3271877e-05,0
LA_D_3111530,0,2.5995083e-05,0
LA_D_3150766,0,2.4767294e-05,0
LA_D_3152935,0,3.7109054e-05,0
LA_D_3165811,0,8.655552e-06,0
LA_D_3179444,0,4.662435e-05,0
LA_D_3190273,0,7.834325e-05,0
LA_D_3200479,0,1.6172706e-05,0
LA_D_3252875,0,3.5191086e-05,0
LA_D_3324013,0,4.5870547e-06,0
LA_D_3361173,0,5.826681e-05,0
LA_D_3408645,0,9.021722e-05,0
LA_D_3427528,0,0.00032241776,0
LA_D_3488221,0,2.111534e-05,0
LA_D_3504387,0,4.7380585e-05,0
LA_D_3574339,0,1.1924624e-05,0
LA_D_3593296,0,0.00033258778,0
LA_D_3595774,0,4.8810747e-05,0
LA_D_3597570,0,2.8826424e-05,0
LA_D_3706722,0,0.00080874073,0
LA_D_3756928,0,3.6145553e-05,0
LA_D_3810637,0,1.4387868e-05,0
LA_D_3889704,0,1.454789e-05,0
LA_D_3923572,0,0.8319291,1
LA_D_3979451,0,3.5126508e-05,0
LA_D_4049151,0,8.659843e-05,0
LA_D_4070821,0,5.4134016e-05,0
LA_D_4175580,0,5.082106e-05,0
LA_D_4192869,0,6.330914e-05,0
LA_D_4232324,0,2.352254e-05,0
LA_D_4248561,0,3.2905544e-05,0
LA_D_4269380,0,8.209677e-05,0
LA_D_4273910,0,2.3907658e-05,0
LA_D_4294810,0,3.0288427e-05,0
LA_D_4308789,0,4.8144633e-05,0
LA_D_4371236,0,1.8371446e-05,0
LA_D_4422044,0,3.3079472e-05,0
LA_D_4470112,0,0.00031015626,0
LA_D_4545230,0,1.5278387e-05,0
LA_D_4574130,0,8.314397e-06,0
LA_D_4611216,0,3.3414028e-05,0
LA_D_4648091,0,2.2061071e-05,0
LA_D_4663964,0,0.004278952,0
LA_D_4675984,0,0.00018247323,0
LA_D_4710338,0,4.2353302e-05,0
LA_D_4844408,0,8.512095e-05,0
LA_D_4914857,0,7.2969706e-06,0
LA_D_4947867,0,0.00013216103,0
LA_D_4976077,0,7.174215e-05,0
LA_D_5064217,0,1.6754862e-05,0
LA_D_5156414,0,1.9387317e-05,0
LA_D_5161376,0,2.064432e-05,0
LA_D_5166740,0,0.07469938,0
LA_D_5209470,0,0.00010342066,0
LA_D_5219547,0,0.00010997362,0
LA_D_5239597,0,5.6570716e-05,0
LA_D_5242716,0,9.111761e-05,0
LA_D_5251886,0,3.726488e-05,0
LA_D_5292440,0,7.858246e-05,0
LA_D_5324750,0,2.4450012e-05,0
LA_D_5350853,0,5.86182e-05,0
LA_D_5392659,0,1.9915531e-05,0
LA_D_5393733,0,2.8456896e-05,0
LA_D_5439291,0,7.374104e-05,0
LA_D_5524022,0,6.0638504e-05,0
LA_D_5589474,0,0.00025873334,0
LA_D_5631993,0,4.487896e-05,0
LA_D_5644097,0,6.0019487e-05,0
LA_D_5695457,0,7.969859e-06,0
LA_D_5764382,0,2.150717e-05,0
LA_D_5783375,0,4.7784975e-05,0
LA_D_5817000,0,0.00096982025,0
LA_D_5828086,0,9.520079e-05,0
LA_D_5856334,0,0.00014726682,0
LA_D_5857300,0,1.9910176e-05,0
LA_D_5992094,0,0.00017362474,0
LA_D_6153225,0,0.00022855114,0
LA_D_6164661,0,0.00025302364,0
LA_D_6203032,0,5.7295725e-05,0
LA_D_6216205,0,0.00010876833,0
LA_D_6273791,0,0.00075190264,0
LA_D_6273909,0,1.8007408e-05,0
LA_D_6332547,0,2.081397e-05,0
LA_D_6430849,0,0.00027364233,0
LA_D_6460397,0,2.6986305e-05,0
LA_D_6478892,0,2.6660393e-05,0
LA_D_6496687,0,3.3896213e-05,0
LA_D_6496692,0,0.00063810067,0
LA_D_6511794,0,2.7610684e-05,0
LA_D_6512613,0,2.3260765e-05,0
LA_D_6532842,0,1.0003518e-05,0
LA_D_6599468,0,0.00033613993,0
LA_D_6615388,0,0.00012420036,0
LA_D_6635393,0,1.8204732e-05,0
LA_D_6639608,0,6.8176865e-05,0
LA_D_6649438,0,0.0001188869,0
LA_D_6681423,0,0.0076875202,0
LA_D_6684400,0,1e-06,0
LA_D_6689440,0,1.5420259e-05,0
LA_D_6693764,0,0.00017995058,0
LA_D_6731807,0,3.4190376e-05,0
LA_D_6740073,0,5.1175935e-05,0
LA_D_6789595,0,1.224272e-05,0
LA_D_6801556,0,7.8676385e-06,0
LA_D_6847296,0,5.477941e-05,0
LA_D_6887115,0,6.2569857e-06,0
LA_D_6892015,0,0.00017422126,0
LA_D_6899016,0,0.00011674643,0
LA_D_6903910,0,0.000122007754,0
LA_D_6916273,0,0.0025286002,0
LA_D_6917691,0,5.3688538e-05,0
LA_D_6938612,0,0.0004938114,0
LA_D_6952998,0,0.0002344459,0
LA_D_6958661,0,2.1576565e-05,0
LA_D_6989421,0,0.014105647,0
LA_D_6990995,0,0.00042369685,0
LA_D_7005694,0,5.0236722e-05,0
LA_D_7015639,0,0.00086364115,0
LA_D_7040854,0,0.00053536904,0
LA_D_7066069,0,2.0892046e-05,0
LA_D_7101526,0,6.593167e-06,0
LA_D_7104296,0,0.00018711518,0
LA_D_7149543,0,1.0795454e-05,0
LA_D_7164855,0,1.7540657e-05,0
LA_D_7169514,0,7.874161e-06,0
LA_D_7193153,0,3.3715805e-05,0
LA_D_7249788,0,0.00021515814,0
LA_D_7292718,0,0.0001004832,0
LA_D_7349144,0,0.00016031544,0
LA_D_7363730,0,8.910846e-05,0
LA_D_7387761,0,6.7281384e-05,0
LA_D_7455203,0,2.9569497e-05,0
LA_D_7484699,0,3.031987e-05,0
LA_D_7556575,0,5.2248528e-05,0
LA_D_7557748,0,0.00010534264,0
LA_D_7562670,0,0.37344164,0
LA_D_7578994,0,5.6094326e-05,0
LA_D_7597684,0,0.0004928779,0
LA_D_7616084,0,7.264774e-05,0
LA_D_7623847,0,0.1414196,0
LA_D_7742207,0,7.914823e-05,0
LA_D_7764878,0,3.3052227e-05,0
LA_D_7793499,0,1.33412295e-05,0
LA_D_7794484,0,3.815063e-05,0
LA_D_7815461,0,3.940965e-05,0
LA_D_7839449,0,6.364856e-05,0
LA_D_7898389,0,0.0013825893,0
LA_D_7938579,0,5.905252e-05,0
LA_D_8045509,0,5.4196516e-05,0
LA_D_8060997,0,2.7693332e-05,0
LA_D_8111862,0,6.0397188e-06,0
LA_D_8140953,0,0.00024278405,0
LA_D_8149275,0,1.6454258e-05,0
LA_D_8184815,0,0.00012214755,0
LA_D_8235279,0,3.096873e-05,0
LA_D_8259132,0,1.5307483e-05,0
LA_D_8301864,0,1.1617863e-05,0
LA_D_8310109,0,8.094903e-05,0
LA_D_8312505,0,0.0010826812,0
LA_D_8313341,0,3.1696218e-05,0
LA_D_8336809,0,2.9557064e-05,0
LA_D_8363354,0,0.0016510504,0
LA_D_8370436,0,7.289068e-05,0
LA_D_8404777,0,8.160601e-06,0
LA_D_8409734,0,0.0005588646,0
LA_D_8419000,0,8.427452e-05,0
LA_D_8507364,0,8.816456e-06,0
LA_D_8510876,0,4.9561924e-05,0
LA_D_8519685,0,9.589077e-05,0
LA_D_8524584,0,6.468219e-05,0
LA_D_8540960,0,0.00018381419,0
LA_D_8547114,0,0.089047365,0
LA_D_8583389,0,0.00051029684,0
LA_D_8584942,0,5.648251e-06,0
LA_D_8609682,0,3.1914326e-05,0
LA_D_8609922,0,0.0001009005,0
LA_D_8637167,0,0.009888615,0
LA_D_8660957,0,0.0002954012,0
LA_D_8705560,0,0.81142473,1
LA_D_8720499,0,6.75771e-05,0
LA_D_8769243,0,2.5104131e-05,0
LA_D_8796007,0,2.4899464e-06,0
LA_D_8880560,0,1.2096339e-05,0
LA_D_8933858,0,0.00043684026,0
LA_D_8964930,0,0.00032032788,0
LA_D_8980113,0,1.7197459e-05,0
LA_D_8981643,0,7.811409e-05,0
LA_D_8981934,0,0.00062284287,0
LA_D_8986439,0,6.17935e-06,0
LA_D_9001165,0,7.027793e-05,0
LA_D_9038026,0,4.020013e-05,0
LA_D_9078449,0,1.4057889e-05,0
LA_D_9109600,0,3.386681e-05,0
LA_D_9111623,0,0.0001296354,0
LA_D_9117237,0,8.721452e-05,0
LA_D_9124462,0,0.00011609977,0
LA_D_9137639,0,2.1336018e-05,0
LA_D_9147682,0,0.017104877,0
LA_D_9186626,0,4.1862528e-05,0
LA_D_9201402,0,2.2371492e-05,0
LA_D_9243048,0,0.0001481776,0
LA_D_9272270,0,2.6064143e-05,0
LA_D_9282770,0,3.6572514e-05,0
LA_D_9308342,0,1.1323474e-05,0
LA_D_9315565,0,0.00018791188,0
LA_D_9317094,0,4.195369e-05,0
LA_D_9324727,0,0.000109218876,0
LA_D_9329043,0,0.000102073696,0
LA_D_9444904,0,1e-06,0
LA_D_9499686,0,4.711251e-05,0
LA_D_9510384,0,0.061005667,0
LA_D_9550483,0,2.5616446e-05,0
LA_D_9573862,0,6.398258e-06,0
LA_D_9651635,0,3.5005593e-05,0
LA_D_9678692,0,6.6304706e-06,0
LA_D_9747996,0,0.00012914892,0
LA_D_9781660,0,1e-06,0
LA_D_9783835,0,4.0164687e-05,0
LA_D_9847755,0,9.001116e-05,0
LA_D_9871206,0,1.3630206e-06,0
LA_D_9879515,0,2.95609e-05,0
LA_D_9880460,0,8.573838e-05,0
LA_D_9924384,0,3.0991483e-05,0
LA_D_9948420,0,1.41520895e-05,0
LA_D_9948672,0,0.00058502285,0
LA_D_9973073,0,9.648256e-05,0
LA_D_9974010,0,2.799764e-06,0
LA_D_1118794,0,2.018107e-05,0
LA_D_1131563,0,1e-06,0
LA_D_1167437,0,0.0001951301,0
LA_D_1203854,0,7.427965e-06,0
LA_D_1208604,0,1.1165999e-05,0
LA_D_1211631,0,5.158813e-06,0
LA_D_1212670,0,6.1299766e-06,0
LA_D_1232279,0,2.269368e-05,0
LA_D_1235148,0,4.0911978e-06,0
LA_D_1287658,0,1.3466219e-05,0
LA_D_1351703,0,1.786639e-05,0
LA_D_1396790,0,2.5372917e-06,0
LA_D_1454984,0,4.2987762e-05,0
LA_D_1467819,0,1e-06,0
LA_D_1478351,0,1.6388893e-05,0
LA_D_1512979,0,1.3333726e-06,0
LA_D_1527493,0,3.9864867e-06,0
LA_D_1539250,0,8.451185e-05,0
LA_D_1557737,0,0.00014001981,0
LA_D_1623705,0,6.6236576e-06,0
LA_D_1637491,0,1.4594064e-05,0
LA_D_1639348,0,0.00016473384,0
LA_D_1702942,0,3.2081425e-05,0
LA_D_1713212,0,5.953265e-06,0
LA_D_1788098,0,1.45718695e-05,0
LA_D_1798881,0,2.0763318e-06,0
LA_D_1823585,0,4.603234e-06,0
LA_D_1874557,0,0.00016959889,0
LA_D_1904999,0,6.0787174e-06,0
LA_D_1909993,0,6.880862e-06,0
LA_D_1957667,0,4.0095465e-06,0
LA_D_1975835,0,4.256562e-06,0
LA_D_2002669,0,0.00010533351,0
LA_D_2007901,0,5.932743e-06,0
LA_D_2010593,0,0.008411911,0
LA_D_2020535,0,2.730186e-06,0
LA_D_2097045,0,2.3416475e-05,0
LA_D_2136896,0,2.075641e-05,0
LA_D_2152100,0,1.34639195e-05,0
LA_D_2205300,0,9.737815e-06,0
LA_D_2254857,0,0.0001135213,0
LA_D_2278407,0,2.0506986e-05,0
LA_D_2298020,0,0.00026910813,0
LA_D_2298155,0,1.935868e-05,0
LA_D_2392484,0,1.2998395e-06,0
LA_D_2408504,0,7.821451e-06,0
LA_D_2409304,0,2.5044328e-06,0
LA_D_2412446,0,0.0017718662,0
LA_D_2462449,0,1.510285e-06,0
LA_D_2504438,0,3.0076983e-05,0
LA_D_2546184,0,2.4946716e-05,0
LA_D_2563154,0,8.0106714e-05,0
LA_D_2576822,0,2.4968134e-05,0
LA_D_2601154,0,0.0006106249,0
LA_D_2630786,0,6.2415497e-06,0
LA_D_2658832,0,5.208564e-06,0
LA_D_2710906,0,0.00017086676,0
LA_D_2720782,0,8.648563e-05,0
LA_D_2761640,0,1.6154825e-05,0
LA_D_2763276,0,1.937493e-06,0
LA_D_2824952,0,1.7729215e-05,0
LA_D_2844602,0,0.00029021202,0
LA_D_2915405,0,2.100538e-05,0
LA_D_2956552,0,2.2208686e-05,0
LA_D_2985329,0,1e-06,0
LA_D_3051998,0,2.2762238e-06,0
LA_D_3068570,0,4.751716e-06,0
LA_D_3090097,0,0.026418583,0
LA_D_3094853,0,0.0014751764,0
LA_D_3136384,0,7.112985e-06,0
LA_D_3162441,0,1.2436994e-05,0
LA_D_3179260,0,0.0039542466,0
LA_D_3199741,0,8.9663445e-06,0
LA_D_3260640,0,3.99074e-06,0
LA_D_3266553,0,5.517208e-05,0
LA_D_3341294,0,4.6690716e-06,0
LA_D_3357328,0,0.034604743,0
LA_D_3402273,0,5.864454e-05,0
LA_D_3484658,0,4.7630972e-05,0
LA_D_3551244,0,3.4758963e-05,0
LA_D_3630490,0,4.370392e-06,0
LA_D_3662303,0,3.487424e-05,0
LA_D_3671184,0,9.087015e-06,0
LA_D_3681485,0,6.3618368e-06,0
LA_D_3778535,0,0.00023298207,0
LA_D_3795570,0,1.9326546e-05,0
LA_D_3867494,0,1.2470985e-05,0
LA_D_3970121,0,1e-06,0
LA_D_4045695,0,3.3071527e-05,0
LA_D_4058547,0,1e-06,0
LA_D_4062752,0,1.3583745e-05,0
LA_D_4075366,0,2.4682788e-05,0
LA_D_4089906,0,3.587492e-06,0
LA_D_4091974,0,1.2460896e-06,0
LA_D_4128580,0,6.929415e-06,0
LA_D_4140612,0,0.00070179807,0
LA_D_4158867,0,0.00019972818,0
LA_D_4164660,0,1.5628248e-05,0
LA_D_4189888,0,1.2970905e-06,0
LA_D_4200118,0,5.9928258e-05,0
LA_D_4203887,0,3.207151e-05,0
LA_D_4260004,0,7.8710755e-06,0
LA_D_4265472,0,0.00017128042,0
LA_D_4279179,0,2.3816042e-06,0
LA_D_4311841,0,0.07427088,0
LA_D_4347397,0,2.693347e-05,0
LA_D_4385188,0,3.942223e-06,0
LA_D_4399466,0,1.5309555e-05,0
LA_D_4427641,0,1e-06,0
LA_D_4448977,0,1.8147532e-05,0
LA_D_4450404,0,9.186502e-05,0
LA_D_4460089,0,1.35076325e-05,0
LA_D_4481672,0,2.3644865e-05,0
LA_D_4533373,0,0.0007898524,0
LA_D_4538385,0,2.5503396e-05,0
LA_D_4654776,0,1.535317e-05,0
LA_D_4674363,0,1.4239246e-05,0
LA_D_4702125,0,9.233195e-06,0
LA_D_4720755,0,8.711665e-06,0
LA_D_4788201,0,0.00021397117,0
LA_D_4816070,0,2.9632844e-05,0
LA_D_4825555,0,1.4631259e-05,0
LA_D_4869707,0,0.00016687602,0
LA_D_4919707,0,3.205781e-05,0
LA_D_4920544,0,1.3439238e-05,0
LA_D_4921369,0,3.1921588e-06,0
LA_D_4929561,0,3.2972878e-06,0
LA_D_4947156,0,8.557805e-06,0
LA_D_4960326,0,2.3433665e-06,0
LA_D_5034203,0,2.6146272e-05,0
LA_D_5050513,0,1.9677898e-05,0
LA_D_5063604,0,0.00053660746,0
LA_D_5167363,0,6.7522556e-06,0
LA_D_5196563,0,1e-06,0
LA_D_5276746,0,1.0722849e-05,0
LA_D_5285039,0,5.6048502e-05,0
LA_D_5294929,0,2.8938442e-05,0
LA_D_5301172,0,2.6219706e-05,0
LA_D_5304792,0,7.7297245e-06,0
LA_D_5314825,0,5.6714557e-06,0
LA_D_5332565,0,1.3827596e-05,0
LA_D_5343352,0,4.5456413e-06,0
LA_D_5407463,0,3.5618427e-06,0
LA_D_5445370,0,2.8696684e-05,0
LA_D_5454408,0,1e-06,0
LA_D_5519117,0,2.6537712e-06,0
LA_D_5597072,0,0.0014501972,0
LA_D_5605656,0,3.377631e-05,0
LA_D_5613224,0,4.6140813e-05,0
LA_D_5614406,0,0.0006162032,0
LA_D_5631357,0,7.328454e-05,0
LA_D_5637928,0,5.0342034e-05,0
LA_D_5656124,0,0.0019325716,0
LA_D_5695559,0,3.2604647e-05,0
LA_D_5721193,0,3.5136813e-06,0
LA_D_5800550,0,9.107139e-05,0
LA_D_5840187,0,0.00012106787,0
LA_D_5866255,0,1.4427592e-06,0
LA_D_5891155,0,0.00015291525,0
LA_D_5913608,0,4.3260925e-06,0
LA_D_5926059,0,2.0358034e-06,0
LA_D_5997151,0,0.00010661688,0
LA_D_6049791,0,1.3527254e-05,0
LA_D_6060780,0,9.532383e-06,0
LA_D_6097465,0,1.2511106e-05,0
LA_D_6146856,0,5.4005366e-05,0
LA_D_6176750,0,7.949421e-05,0
LA_D_6188881,0,6.806474e-05,0
LA_D_6196078,0,0.0031060316,0
LA_D_6293245,0,1.7151107e-05,0
LA_D_6320996,0,3.6620746e-05,0
LA_D_6328554,0,4.4175034e-05,0
LA_D_6368871,0,0.00013130759,0
LA_D_6434711,0,0.00014645363,0
LA_D_6445884,0,2.4394882e-05,0
LA_D_6509120,0,1.5036302e-05,0
LA_D_6551202,0,0.00012134652,0
LA_D_6563482,0,5.6809935e-05,0
LA_D_6568047,0,7.0673104e-06,0
LA_D_6587165,0,3.6749705e-06,0
LA_D_6591249,0,2.077118e-05,0
LA_D_6593008,0,0.00013312862,0
LA_D_6616471,0,1e-06,0
LA_D_6621246,0,1.1279252e-05,0
LA_D_6688232,0,3.193928e-06,0
LA_D_6740610,0,2.6336093e-06,0
LA_D_6742117,0,3.532211e-05,0
LA_D_6743141,0,6.87751e-06,0
LA_D_6744596,0,0.0004281309,0
LA_D_6781568,0,1.0689204e-06,0
LA_D_6785127,0,1.81989e-05,0
LA_D_6806656,0,1.0479113e-05,0
LA_D_6832377,0,3.8547532e-05,0
LA_D_6837499,0,2.7210901e-05,0
LA_D_6914532,0,6.0928555e-06,0
LA_D_6928296,0,3.9893806e-05,0
LA_D_6942448,0,2.480194e-06,0
LA_D_6966164,0,2.6648371e-05,0
LA_D_7051341,0,2.1390956e-06,0
LA_D_7057633,0,1.9890911e-05,0
LA_D_7091662,0,1.5110475e-05,0
LA_D_7092291,0,2.1492306e-05,0
LA_D_7119606,0,8.530979e-06,0
LA_D_7130454,0,2.0036096e-05,0
LA_D_7139438,0,3.5374928e-06,0
LA_D_7141763,0,2.5813342e-05,0
LA_D_7151621,0,1e-06,0
LA_D_7170607,0,0.0002793238,0
LA_D_7219660,0,2.415948e-06,0
LA_D_7263401,0,1e-06,0
LA_D_7273712,0,2.420292e-05,0
LA_D_7373443,0,2.304527e-06,0
LA_D_7390522,0,1e-06,0
LA_D_7445146,0,3.4709014e-05,0
LA_D_7456275,0,1.8073549e-06,0
LA_D_7472227,0,3.9646908e-05,0
LA_D_7520496,0,4.2115997e-05,0
LA_D_7522278,0,8.459226e-06,0
LA_D_7551589,0,0.00013951602,0
LA_D_7552379,0,0.00016838504,0
LA_D_7555845,0,1.628162e-05,0
LA_D_7559932,0,6.445243e-06,0
LA_D_7601827,0,9.576657e-06,0
LA_D_7621816,0,4.7654935e-06,0
LA_D_7644378,0,1e-06,0
LA_D_7670870,0,0.00044350565,0
LA_D_7675126,0,1.1079085e-05,0
LA_D_7690918,0,1.3148257e-05,0
LA_D_7712763,0,0.0012563546,0
LA_D_7742306,0,2.8679083e-06,0
LA_D_7748254,0,2.6532005e-05,0
LA_D_7752556,0,3.4583954e-05,0
LA_D_7766576,0,0.004820254,0
LA_D_7773434,0,0.00018316055,0
LA_D_7812846,0,1e-06,0
LA_D_7815618,0,0.00012868804,0
LA_D_7870469,0,2.1693756e-06,0
LA_D_7907871,0,5.2184496e-05,0
LA_D_7922506,0,0.00014678329,0
LA_D_7925481,0,5.2934224e-06,0
LA_D_7952081,0,9.615789e-06,0
LA_D_7971494,0,5.0404004e-05,0
LA_D_7972252,0,0.0011155003,0
LA_D_7977077,0,2.2445989e-05,0
LA_D_7984768,0,3.607317e-05,0
LA_D_7996201,0,1e-06,0
LA_D_8008375,0,0.00011672352,0
LA_D_8019379,0,1.0611316e-05,0
LA_D_8121898,0,1.1866583e-06,0
LA_D_8156558,0,5.4789816e-06,0
LA_D_8198807,0,0.00015920203,0
LA_D_8222801,0,6.4768545e-05,0
LA_D_8279014,0,1.4855601e-05,0
LA_D_8297660,0,2.6221256e-05,0
LA_D_8315403,0,1.9808416e-05,0
LA_D_8321387,0,7.6376755e-06,0
LA_D_8328368,0,5.700216e-06,0
LA_D_8388061,0,2.2788604e-06,0
LA_D_8391101,0,1e-06,0
LA_D_8417277,0,2.3118786e-05,0
LA_D_8442443,0,0.0004572719,0
LA_D_8457237,0,4.219891e-06,0
LA_D_8461185,0,1.0107429e-05,0
LA_D_8486455,0,0.0012872736,0
LA_D_8519635,0,9.305415e-06,0
LA_D_8540397,0,2.1181563e-06,0
LA_D_8604643,0,1.3038289e-05,0
LA_D_8638660,0,0.000113908434,0
LA_D_8653522,0,8.995393e-05,0
LA_D_8701190,0,3.830683e-06,0
LA_D_8711337,0,1.6863081e-05,0
LA_D_8759658,0,0.00017315142,0
LA_D_8783109,0,1.4193882e-05,0
LA_D_8816902,0,4.390989e-05,0
LA_D_8844443,0,1.7959388e-05,0
LA_D_8871469,0,6.458315e-05,0
LA_D_8906850,0,0.0022792208,0
LA_D_8934450,0,1.7660012e-05,0
LA_D_8940296,0,0.0018030521,0
LA_D_8960097,0,3.5268964e-05,0
LA_D_8975798,0,1.996892e-06,0
LA_D_8983296,0,3.966271e-06,0
LA_D_9012249,0,5.839786e-05,0
LA_D_9149364,0,9.602877e-06,0
LA_D_9209406,0,2.9969149e-06,0
LA_D_9217605,0,1.521656e-05,0
LA_D_9246417,0,5.2014282e-05,0
LA_D_9274099,0,1.1322494e-06,0
LA_D_9275415,0,0.00023256065,0
LA_D_9297011,0,3.0588628e-05,0
LA_D_9305138,0,3.2510256e-05,0
LA_D_9335232,0,1e-06,0
LA_D_9406480,0,0.00046857612,0
LA_D_9462251,0,3.3318343e-06,0
LA_D_9468171,0,1.4194163e-06,0
LA_D_9469645,0,1.6385768e-05,0
LA_D_9473113,0,5.4095573e-05,0
LA_D_9551852,0,0.000151442,0
LA_D_9560177,0,0.00015835375,0
LA_D_9600169,0,3.3949687e-05,0
LA_D_9698818,0,1.2519462e-05,0
LA_D_9732268,0,3.391348e-05,0
LA_D_9777627,0,2.994858e-06,0
LA_D_9795514,0,6.2137433e-06,0
LA_D_9819790,0,1e-06,0
LA_D_9900338,0,0.00085981644,0
LA_D_9950933,0,2.001548e-06,0
LA_D_9987872,0,2.7532237e-06,0
LA_D_1053530,0,2.7769705e-05,0
LA_D_1054239,0,9.3931754e-05,0
LA_D_1060354,0,1.702418e-05,0
LA_D_1064949,0,5.2843943e-06,0
LA_D_1066396,0,3.1214917e-05,0
LA_D_1152601,0,1.4284781e-05,0
LA_D_1181336,0,7.713966e-06,0
LA_D_1183162,0,2.3493149e-05,0
LA_D_1190139,0,3.2142612e-05,0
LA_D_1216436,0,1.7379609e-05,0
LA_D_1287631,0,1.6880475e-05,0
LA_D_1290431,0,7.4062846e-06,0
LA_D_1302934,0,1.4986911e-05,0
LA_D_1304734,0,8.381989e-06,0
LA_D_1354501,0,4.4020242e-05,0
LA_D_1414919,0,1.31576135e-05,0
LA_D_1433873,0,1e-06,0
LA_D_1434551,0,2.874045e-05,0
LA_D_1442792,0,1.6801761e-05,0
LA_D_1475296,0,1e-06,0
LA_D_1481205,0,1e-06,0
LA_D_1499350,0,3.4854804e-06,0
LA_D_1511574,0,6.9931695e-05,0
LA_D_1520617,0,2.271464e-05,0
LA_D_1677598,0,8.617237e-06,0
LA_D_1678096,0,1.973635e-06,0
LA_D_1683892,0,1.6664911e-06,0
LA_D_1684010,0,2.765633e-05,0
LA_D_1702527,0,6.4356114e-05,0
LA_D_1703167,0,2.0677204e-05,0
LA_D_1746170,0,1.3712509e-05,0
LA_D_1778772,0,1e-06,0
LA_D_1783942,0,4.3015894e-05,0
LA_D_1841439,0,1.5803225e-05,0
LA_D_1842165,0,1.304469e-06,0
LA_D_1850987,0,2.8584078e-05,0
LA_D_1866244,0,8.771145e-06,0
LA_D_1870030,0,2.022448e-05,0
LA_D_1870684,0,1.0513318e-05,0
LA_D_1874896,0,9.496814e-06,0
LA_D_1889615,0,0.00010655813,0
LA_D_1922892,0,0.00012553057,0
LA_D_1930356,0,1.7517654e-05,0
LA_D_1945994,0,3.0312987e-05,0
LA_D_1994320,0,7.656461e-06,0
LA_D_2051517,0,1e-06,0
LA_D_2058787,0,3.071678e-05,0
LA_D_2062974,0,1e-06,0
LA_D_2073559,0,1e-06,0
LA_D_2124468,0,6.0855446e-06,0
LA_D_2176634,0,5.382424e-05,0
LA_D_2211657,0,9.23629e-05,0
LA_D_2236885,0,6.8487507e-06,0
LA_D_2243169,0,3.2916264e-06,0
LA_D_2254543,0,1e-06,0
LA_D_2289906,0,1.1005937e-05,0
LA_D_2327560,0,1.1498522e-05,0
LA_D_2340770,0,1.0077112e-05,0
LA_D_2342254,0,2.0370138e-05,0
LA_D_2352948,0,3.0723647e-06,0
LA_D_2382959,0,1.1783362e-05,0
LA_D_2396760,0,5.3479394e-05,0
LA_D_2412575,0,1.1740816e-05,0
LA_D_2442523,0,9.323973e-06,0
LA_D_2447524,0,3.161489e-05,0
LA_D_2448121,0,6.7203596e-06,0
LA_D_2465807,0,2.3400848e-05,0
LA_D_2471375,0,4.3267814e-06,0
LA_D_2471995,0,1.9900683e-05,0
LA_D_2507973,0,5.5907426e-06,0
LA_D_2508763,0,1.314546e-05,0
LA_D_2515908,0,0.0006093485,0
LA_D_2537525,0,1.6237522e-05,0
LA_D_2541811,0,1.4859993e-05,0
LA_D_2590744,0,1.050561e-05,0
LA_D_2592823,0,1.8210601e-05,0
LA_D_2613646,0,5.2045292e-05,0
LA_D_2625096,0,0.00020911127,0
LA_D_2628079,0,6.893887e-06,0
LA_D_2643003,0,5.4990283e-05,0
LA_D_2661411,0,3.372719e-05,0
LA_D_2690518,0,1.6495534e-06,0
LA_D_2743059,0,1.745119e-05,0
LA_D_2761966,0,2.0051122e-05,0
LA_D_2769521,0,2.7213913e-05,0
LA_D_2776056,0,3.526048e-06,0
LA_D_2783850,0,2.1838894e-06,0
LA_D_2786535,0,1.2140486e-05,0
LA_D_2809588,0,6.778986e-06,0
LA_D_2812689,0,5.342204e-06,0
LA_D_2832394,0,1.3684853e-05,0
LA_D_2874107,0,7.75372e-06,0
LA_D_2907952,0,2.0629994e-05,0
LA_D_2933402,0,2.2089489e-05,0
LA_D_2943221,0,2.837725e-05,0
LA_D_2963867,0,1e-06,0
LA_D_2964992,0,1.505955e-05,0
LA_D_3050700,0,7.3770098e-06,0
LA_D_3059648,0,5.602184e-05,0
LA_D_3106011,0,3.882859e-05,0
LA_D_3109309,0,1.9829438e-06,0
LA_D_3138080,0,2.9551851e-05,0
LA_D_3152954,0,2.4495312e-05,0
LA_D_3163751,0,2.1616726e-05,0
LA_D_3165659,0,1.4848545e-05,0
LA_D_3174960,0,2.8841237e-06,0
LA_D_3198699,0,9.69998e-06,0
LA_D_3225529,0,1.1578818e-05,0
LA_D_3244699,0,3.077102e-05,0
LA_D_3251211,0,9.347691e-06,0
LA_D_3295441,0,3.4323105e-06,0
LA_D_3307287,0,3.2561453e-05,0
LA_D_3355874,0,1.704525e-05,0
LA_D_3375546,0,1.5824187e-05,0
LA_D_3379000,0,1.6512799e-05,0
LA_D_3411825,0,6.4119836e-06,0
LA_D_3417657,0,1.7568513e-05,0
LA_D_3501342,0,2.1712838e-05,0
LA_D_3508441,0,1.0244346e-05,0
LA_D_3545477,0,1.8128832e-05,0
LA_D_3545859,0,7.750415e-06,0
LA_D_3555810,0,8.0193924e-05,0
LA_D_3573085,0,2.7238293e-05,0
LA_D_3578253,0,0.00011267966,0
LA_D_3589383,0,5.3465934e-05,0
LA_D_3613644,0,1.8353147e-05,0
LA_D_3664298,0,1.4573245e-05,0
LA_D_3671795,0,1e-06,0
LA_D_3674440,0,1.082282e-06,0
LA_D_3688837,0,8.615939e-06,0
LA_D_3709912,0,1.4325735e-05,0
LA_D_3712672,0,4.6352412e-05,0
LA_D_3732490,0,6.369828e-05,0
LA_D_3759608,0,2.7851365e-05,0
LA_D_3782739,0,1.6842943e-05,0
LA_D_3789724,0,4.80467e-06,0
LA_D_3790568,0,1.1863351e-05,0
LA_D_3828014,0,1.7880095e-05,0
LA_D_3868258,0,2.8296345e-05,0
LA_D_3896851,0,4.6123652e-05,0
LA_D_3903402,0,7.767397e-06,0
LA_D_3931288,0,5.387247e-06,0
LA_D_3937097,0,2.874659e-05,0
LA_D_3958057,0,1.862908e-05,0
LA_D_3969914,0,1.6826327e-05,0
LA_D_3970673,0,9.49235e-06,0
LA_D_4005134,0,2.4786289e-06,0
LA_D_4011113,0,8.160757e-06,0
LA_D_4020788,0,1.6599464e-05,0
LA_D_4024701,0,2.1256637e-06,0
LA_D_4064599,0,1.7782486e-05,0
LA_D_4083446,0,2.1262731e-05,0
LA_D_4099396,0,1.23515365e-05,0
LA_D_4108558,0,2.4539828e-05,0
LA_D_4157946,0,2.1072614e-05,0
LA_D_4158625,0,2.107021e-06,0
LA_D_4174255,0,1.076695e-06,0
LA_D_4232791,0,1.1956165e-06,0
LA_D_4256903,0,8.33919e-06,0
LA_D_4261339,0,2.5756906e-05,0
LA_D_4319137,0,8.11571e-06,0
LA_D_4339384,0,3.655794e-05,0
LA_D_4363125,0,1e-06,0
LA_D_4412539,0,1.8939429e-05,0
LA_D_4416737,0,3.5050954e-05,0
LA_D_4429476,0,1.3954971e-05,0
LA_D_4434827,0,7.627033e-06,0
LA_D_4437561,0,1.7367844e-05,0
LA_D_4438405,0,1.6426697e-05,0
LA_D_4475454,0,2.8726698e-05,0
LA_D_4484594,0,8.686678e-06,0
LA_D_4540896,0,8.4618e-06,0
LA_D_4583096,0,1.5441154e-05,0
LA_D_4593675,0,9.741438e-06,0
LA_D_4603798,0,3.446717e-06,0
LA_D_4665366,0,1.41164355e-05,0
LA_D_4715249,0,6.946398e-05,0
LA_D_4721344,0,1.2281322e-06,0
LA_D_4757865,0,9.8964365e-06,0
LA_D_4768822,0,3.138449e-06,0
LA_D_4774710,0,1.1760483e-05,0
LA_D_4786059,0,1.43344005e-05,0
LA_D_4789511,0,2.439823e-05,0
LA_D_4804270,0,8.041043e-06,0
LA_D_4838177,0,1.7520628e-05,0
LA_D_4868564,0,1.680226e-05,0
LA_D_4891582,0,3.2886423e-06,0
LA_D_4912137,0,4.9070322e-06,0
LA_D_4928308,0,3.8851636e-06,0
LA_D_4933001,0,3.65767e-05,0
LA_D_4947818,0,9.394897e-06,0
LA_D_4985773,0,2.2832895e-05,0
LA_D_4986753,0,1.2457934e-05,0
LA_D_4999216,0,1.0731463e-05,0
LA_D_5028641,0,8.030145e-05,0
LA_D_5040114,0,1.01545775e-05,0
LA_D_5051597,0,3.3439721e-06,0
LA_D_5051913,0,4.314869e-06,0
LA_D_5067087,0,7.610323e-06,0
LA_D_5077584,0,9.605817e-06,0
LA_D_5133384,0,5.1615534e-06,0
LA_D_5167234,0,3.1131887e-05,0
LA_D_5189187,0,2.238923e-05,0
LA_D_5322570,0,2.1137383e-05,0
LA_D_5341323,0,3.6945814e-05,0
LA_D_5345453,0,2.1236986e-06,0
LA_D_5419620,0,2.9403254e-05,0
LA_D_5442437,0,1.1689357e-05,0
LA_D_5458288,0,4.3334574e-05,0
LA_D_5476324,0,1.6049882e-05,0
LA_D_5493977,0,1.24476965e-05,0
LA_D_5510010,0,9.554044e-06,0
LA_D_5512449,0,1.2016351e-05,0
LA_D_5519425,0,2.5221602e-06,0
LA_D_5592740,0,1.3657447e-05,0
LA_D_5609165,0,2.1703604e-06,0
LA_D_5646610,0,2.039004e-05,0
LA_D_5742661,0,2.9664905e-05,0
LA_D_5800896,0,3.7164726e-05,0
LA_D_5803007,0,2.44679e-05,0
LA_D_5805679,0,1.4324493e-06,0
LA_D_5834907,0,6.895402e-05,0
LA_D_5849476,0,1e-06,0
LA_D_5850460,0,1.0746785e-05,0
LA_D_5863016,0,8.853622e-06,0
LA_D_5876621,0,7.785878e-06,0
LA_D_5889397,0,2.835293e-05,0
LA_D_5915454,0,2.0277803e-05,0
LA_D_5917934,0,1e-06,0
LA_D_5958463,0,9.224244e-06,0
LA_D_6052126,0,2.065726e-06,0
LA_D_6078362,0,8.905303e-06,0
LA_D_6088761,0,2.059184e-06,0
LA_D_6095686,0,2.5153406e-06,0
LA_D_6166673,0,2.2030039e-05,0
LA_D_6171374,0,2.5665717e-05,0
LA_D_6181747,0,1.1452745e-05,0
LA_D_6188980,0,1.1746148e-05,0
LA_D_6203299,0,1.2705774e-05,0
LA_D_6215452,0,2.0661062e-05,0
LA_D_6222475,0,4.6295427e-05,0
LA_D_6235468,0,5.4770903e-06,0
LA_D_6244693,0,4.8716534e-05,0
LA_D_6293152,0,5.361318e-06,0
LA_D_6293545,0,4.359554e-05,0
LA_D_6332738,0,2.9729023e-05,0
LA_D_6343657,0,0.00067950704,0
LA_D_6350034,0,1.078607e-05,0
LA_D_6363274,0,1.32371815e-05,0
LA_D_6369227,0,7.818595e-06,0
LA_D_6379069,0,1.3128535e-05,0
LA_D_6401566,0,9.301556e-06,0
LA_D_6405087,0,1.6722459e-05,0
LA_D_6439502,0,1e-06,0
LA_D_6446521,0,1.0820314e-05,0
LA_D_6486723,0,4.035234e-05,0
LA_D_6489536,0,3.0103785e-05,0
LA_D_6497583,0,1.2260911e-05,0
LA_D_6542740,0,1.3599713e-05,0
LA_D_6575341,0,1.5325522e-05,0
LA_D_6575610,0,1.769032e-05,0
LA_D_6576940,0,7.337235e-06,0
LA_D_6577591,0,1.5436606e-05,0
LA_D_6609902,0,3.1560735e-06,0
LA_D_6624176,0,0.00033295958,0
LA_D_6648419,0,9.505322e-06,0
LA_D_6653711,0,2.6820355e-06,0
LA_D_6666840,0,7.0771175e-06,0
LA_D_6726447,0,1.0324368e-05,0
LA_D_6754774,0,6.355003e-06,0
LA_D_6762250,0,2.5209818e-06,0
LA_D_6762877,0,1e-06,0
LA_D_6789571,0,1.0961243e-05,0
LA_D_6806823,0,2.1274982e-05,0
LA_D_6825223,0,3.381569e-05,0
LA_D_6844450,0,2.9313303e-06,0
LA_D_6852390,0,2.4594126e-06,0
LA_D_6858810,0,1.0031644e-05,0
LA_D_6898133,0,1.2858413e-05,0
LA_D_6898383,0,6.2602645e-05,0
LA_D_6935294,0,0.00020883628,0
LA_D_6945696,0,3.5287694e-06,0
LA_D_6951006,0,1.5002206e-06,0
LA_D_7035543,0,5.8105525e-06,0
LA_D_7049162,0,1.0825434e-05,0
LA_D_7053354,0,5.088017e-05,0
LA_D_7091196,0,4.516207e-06,0
LA_D_7094041,0,5.415346e-06,0
LA_D_7205018,0,2.2193992e-05,0
LA_D_7211753,0,8.77897e-06,0
LA_D_7212590,0,4.84818e-06,0
LA_D_7248069,0,4.611978e-05,0
LA_D_7254050,0,2.7010508e-06,0
LA_D_7281159,0,1.8742467e-05,0
LA_D_7283308,0,2.0379348e-05,0
LA_D_7298541,0,1.0935224e-05,0
LA_D_7300764,0,1.8455066e-05,0
LA_D_7318854,0,1.924085e-05,0
LA_D_7326976,0,4.7440635e-06,0
LA_D_7331566,0,1.2672279e-05,0
LA_D_7339440,0,1.8377403e-05,0
LA_D_7373710,0,1.7981565e-05,0
LA_D_7399269,0,6.4335504e-06,0
LA_D_7421536,0,1.085025e-05,0
LA_D_7428865,0,4.1906183e-05,0
LA_D_7451358,0,2.709554e-05,0
LA_D_7516190,0,3.420117e-05,0
LA_D_7529258,0,2.9231621e-06,0
LA_D_7541122,0,1.459554e-05,0
LA_D_7585893,0,1e-06,0
LA_D_7605675,0,3.6666945e-05,0
LA_D_7647923,0,1.6918639e-05,0
LA_D_7684667,0,2.0789968e-05,0
LA_D_7738912,0,2.1276523e-05,0
LA_D_7757173,0,1.4279212e-05,0
LA_D_7771073,0,0.00016096843,0
LA_D_7800026,0,1e-06,0
LA_D_7828929,0,1.6623719e-05,0
LA_D_7836755,0,1.03704615e-05,0
LA_D_7906477,0,1e-06,0
LA_D_7912198,0,2.2150984e-05,0
LA_D_7990767,0,7.2949592e-06,0
LA_D_7995508,0,2.3332792e-05,0
LA_D_8002591,0,3.4232788e-05,0
LA_D_8025687,0,7.199539e-05,0
LA_D_8027836,0,6.8821423e-06,0
LA_D_8048204,0,4.0016007e-06,0
LA_D_8073022,0,1e-06,0
LA_D_8077226,0,1.1344908e-05,0
LA_D_8097725,0,0.00020147138,0
LA_D_8106755,0,7.777648e-06,0
LA_D_8116371,0,6.210532e-05,0
LA_D_8123213,0,2.983661e-05,0
LA_D_8165556,0,1e-06,0
LA_D_8184153,0,1.4810122e-05,0
LA_D_8213309,0,2.5223038e-05,0
LA_D_8214776,0,3.8084145e-05,0
LA_D_8221856,0,2.2455046e-05,0
LA_D_8243419,0,4.6158334e-06,0
LA_D_8262652,0,1.5736137e-05,0
LA_D_8346348,0,6.94679e-05,0
LA_D_8364730,0,8.859036e-06,0
LA_D_8412543,0,1.6991175e-05,0
LA_D_8424157,0,3.999785e-06,0
LA_D_8467523,0,1.9019866e-05,0
LA_D_8472714,0,1.8751729e-05,0
LA_D_8481340,0,1.2416492e-05,0
LA_D_8504805,0,1.042711e-06,0
LA_D_8514801,0,3.9144556e-06,0
LA_D_8542121,0,4.045621e-06,0
LA_D_8543293,0,1.8391413e-05,0
LA_D_8586128,0,4.794632e-06,0
LA_D_8614773,0,2.2255073e-05,0
LA_D_8617115,0,7.589058e-06,0
LA_D_8629908,0,2.2952972e-06,0
LA_D_8656237,0,4.733534e-06,0
LA_D_8667202,0,8.515926e-06,0
LA_D_8667308,0,3.704089e-05,0
LA_D_8689583,0,5.181167e-06,0
LA_D_8718165,0,5.770544e-06,0
LA_D_8719230,0,5.3757667e-06,0
LA_D_8737709,0,3.317159e-05,0
LA_D_8758724,0,1.22186575e-05,0
LA_D_8791449,0,1.2320291e-05,0
LA_D_8874300,0,1.8434292e-05,0
LA_D_8916939,0,1.2634341e-05,0
LA_D_8930518,0,3.7735817e-06,0
LA_D_8974858,0,8.66915e-06,0
LA_D_8979245,0,1.0284314e-05,0
LA_D_8992743,0,6.9139223e-06,0
LA_D_9008937,0,6.7974756e-06,0
LA_D_9067610,0,5.7181212e-05,0
LA_D_9095874,0,2.6106583e-05,0
LA_D_9122016,0,5.982069e-06,0
LA_D_9131105,0,8.245888e-06,0
LA_D_9140619,0,3.5755613e-05,0
LA_D_9144289,0,6.7916562e-06,0
LA_D_9146864,0,5.0973495e-06,0
LA_D_9147825,0,2.17416e-06,0
LA_D_9151278,0,7.2780394e-06,0
LA_D_9163803,0,4.202561e-06,0
LA_D_9178334,0,1.640736e-05,0
LA_D_9206035,0,1.6595664e-05,0
LA_D_9254481,0,2.1710706e-05,0
LA_D_9298303,0,1.841384e-05,0
LA_D_9361389,0,3.4982813e-06,0
LA_D_9363937,0,2.281607e-05,0
LA_D_9376184,0,1.0261138e-06,0
LA_D_9378704,0,1.17873415e-05,0
LA_D_9424845,0,1.3330547e-05,0
LA_D_9429971,0,1.3638424e-06,0
LA_D_9456525,0,7.796837e-06,0
LA_D_9457668,0,3.7753205e-05,0
LA_D_9502718,0,1.4883989e-05,0
LA_D_9560631,0,1.5150676e-05,0
LA_D_9563138,0,1.853334e-05,0
LA_D_9568708,0,1.5973534e-05,0
LA_D_9596640,0,6.9764264e-06,0
LA_D_9643751,0,4.3659365e-05,0
LA_D_9646445,0,3.2336948e-06,0
LA_D_9652293,0,8.469558e-06,0
LA_D_9657295,0,1.0898442e-05,0
LA_D_9662796,0,4.935699e-06,0
LA_D_9663907,0,7.292901e-06,0
LA_D_9670204,0,1.2533453e-06,0
LA_D_9701877,0,2.9455485e-05,0
LA_D_9708825,0,4.3232663e-05,0
LA_D_9718892,0,1.1349778e-05,0
LA_D_9774959,0,2.1350224e-05,0
LA_D_9813759,0,5.279951e-06,0
LA_D_9910047,0,9.6977055e-06,0
LA_D_9929271,0,1.533817e-05,0
LA_D_9937573,0,1.0635803e-05,0
LA_D_9967058,0,1.979033e-06,0
LA_D_1035911,0,4.6999518e-05,0
LA_D_1092890,0,1.3153249e-05,0
LA_D_1099657,0,3.635122e-06,0
LA_D_1123562,0,1.0960061e-05,0
LA_D_1210958,0,1.7114917e-05,0
LA_D_1242157,0,1.2296086e-05,0
LA_D_1252608,0,2.2245993e-05,0
LA_D_1371588,0,0.000594739,0
LA_D_1459300,0,1.6037919e-05,0
LA_D_1504502,0,8.50351e-06,0
LA_D_1538546,0,5.189656e-05,0
LA_D_1555842,0,1.3054949e-05,0
LA_D_1581342,0,0.00013791268,0
LA_D_1596779,0,3.4514866e-05,0
LA_D_1601789,0,0.00012005678,0
LA_D_1611108,0,4.1190357e-05,0
LA_D_1638692,0,0.00013921662,0
LA_D_1778690,0,0.00031340422,0
LA_D_1783574,0,1.1890127e-05,0
LA_D_1799143,0,7.214294e-05,0
LA_D_1813906,0,4.4576384e-05,0
LA_D_1838534,0,1.8414332e-05,0
LA_D_1858381,0,3.39954e-05,0
LA_D_1966794,0,6.9219794e-05,0
LA_D_1971987,0,0.00071185624,0
LA_D_1985278,0,1.641057e-05,0
LA_D_2002767,0,2.2254906e-05,0
LA_D_2026077,0,4.7911464e-05,0
LA_D_2047498,0,1.6321823e-05,0
LA_D_2059452,0,9.619602e-05,0
LA_D_2097600,0,0.023187997,0
LA_D_2106652,0,1e-06,0
LA_D_2118778,0,1.1964859e-05,0
LA_D_2128440,0,4.6769124e-05,0
LA_D_2140164,0,6.955189e-06,0
LA_D_2140638,0,1e-06,0
LA_D_2145419,0,4.834306e-05,0
LA_D_2159690,0,4.658395e-05,0
LA_D_2160169,0,6.2479376e-05,0
LA_D_2173667,0,0.000644397,0
LA_D_2270073,0,3.7674152e-05,0
LA_D_2306860,0,3.8742706e-05,0
LA_D_2329756,0,2.0390507e-05,0
LA_D_2388211,0,7.2814487e-06,0
LA_D_2412061,0,0.00010727823,0
LA_D_2444360,0,8.289144e-05,0
LA_D_2492831,0,9.668942e-05,0
LA_D_2532665,0,6.7841254e-05,0
LA_D_2541982,0,8.060779e-05,0
LA_D_2545730,0,2.210673e-05,0
LA_D_2573565,0,0.00014161145,0
LA_D_2581733,0,1.2186817e-05,0
LA_D_2616799,0,5.9350095e-05,0
LA_D_2626312,0,4.7502377e-05,0
LA_D_2628592,0,0.08938369,0
LA_D_2661690,0,0.00014972215,0
LA_D_2686014,0,1.4804883e-05,0
LA_D_2700899,0,0.00013746537,0
LA_D_2706710,0,0.0001945731,0
LA_D_2849994,0,3.6475896e-05,0
LA_D_2861324,0,2.8774704e-05,0
LA_D_2863900,0,2.2038697e-05,0
LA_D_2874104,0,3.496892e-05,0
LA_D_2888561,0,4.779856e-05,0
LA_D_2893126,0,4.232429e-06,0
LA_D_2929910,0,2.9888011e-05,0
LA_D_3003454,0,0.0011442559,0
LA_D_3014451,0,2.5436259e-05,0
LA_D_3078486,0,1.2961065e-05,0
LA_D_3112339,0,3.7325078e-06,0
LA_D_3124216,0,3.6467754e-05,0
LA_D_3150054,0,7.168266e-05,0
LA_D_3151652,0,0.00049846055,0
LA_D_3176978,0,0.0006713149,0
LA_D_3179951,0,2.0046953e-05,0
LA_D_3198381,0,4.158044e-05,0
LA_D_3199021,0,2.7698823e-05,0
LA_D_3226074,0,2.6624013e-05,0
LA_D_3276105,0,4.6296045e-05,0
LA_D_3319403,0,7.972424e-05,0
LA_D_3331849,0,4.5814908e-05,0
LA_D_3368030,0,3.677035e-05,0
LA_D_3412324,0,6.155368e-05,0
LA_D_3425732,0,0.00019273403,0
LA_D_3495492,0,1.7505196e-05,0
LA_D_3548300,0,0.00035421242,0
LA_D_3574020,0,2.6314745e-05,0
LA_D_3589247,0,9.0074864e-05,0
LA_D_3610743,0,7.8001314e-05,0
LA_D_3635351,0,2.1783999e-05,0
LA_D_3663843,0,3.4724606e-05,0
LA_D_3668631,0,4.3823926e-05,0
LA_D_3707499,0,5.9856065e-06,0
LA_D_3759918,0,5.3056458e-05,0
LA_D_3768185,0,5.326116e-05,0
LA_D_3794629,0,0.00024597356,0
LA_D_3807326,0,0.0026885057,0
LA_D_3825329,0,2.0717825e-05,0
LA_D_3862795,0,2.1463647e-05,0
LA_D_3902856,0,6.359935e-05,0
LA_D_3908047,0,1.1210792e-05,0
LA_D_3935443,0,4.2322416e-05,0
LA_D_3942708,0,2.1340495e-05,0
LA_D_3960353,0,7.961635e-05,0
LA_D_4003135,0,4.091892e-05,0
LA_D_4027041,0,6.1941006e-05,0
LA_D_4074277,0,6.6881034e-06,0
LA_D_4091821,0,1.5194894e-05,0
LA_D_4123108,0,2.7000466e-05,0
LA_D_4127746,0,0.004006606,0
LA_D_4154332,0,5.010754e-05,0
LA_D_4164238,0,0.00032465582,0
LA_D_4171570,0,2.3676163e-05,0
LA_D_4183063,0,0.00033128366,0
LA_D_4206038,0,7.358187e-05,0
LA_D_4210738,0,0.0028098125,0
LA_D_4258858,0,3.576434e-05,0
LA_D_4320182,0,0.00051841314,0
LA_D_4372323,0,0.00016781733,0
LA_D_4399431,0,2.168691e-05,0
LA_D_4413908,0,2.6269912e-05,0
LA_D_4459406,0,2.422712e-05,0
LA_D_4490548,0,0.0021409467,0
LA_D_4512980,0,0.0003374839,0
LA_D_4527422,0,9.484033e-06,0
LA_D_4542234,0,5.3800017e-05,0
LA_D_4542657,0,4.5315857e-05,0
LA_D_4548556,0,8.365044e-06,0
LA_D_4601520,0,6.929911e-05,0
LA_D_4610422,0,0.00024653683,0
LA_D_4668049,0,0.0001006397,0
LA_D_4700200,0,0.00050071924,0
LA_D_4736721,0,2.5597108e-05,0
LA_D_4766470,0,0.0003199351,0
LA_D_4773088,0,1.9358293e-05,0
LA_D_4791058,0,1.2406739e-05,0
LA_D_4802794,0,7.6484364e-05,0
LA_D_4828615,0,4.3636264e-05,0
LA_D_4852037,0,0.0030170684,0
LA_D_4898740,0,2.3829423e-05,0
LA_D_4964309,0,9.414015e-05,0
LA_D_5048362,0,8.41722e-06,0
LA_D_5269881,0,5.4538646e-06,0
LA_D_5384145,0,1.48036825e-05,0
LA_D_5428590,0,9.049603e-06,0
LA_D_5430038,0,3.549263e-05,0
LA_D_5433599,0,2.5782538e-05,0
LA_D_5453267,0,1.930413e-05,0
LA_D_5455243,0,1.8155131e-05,0
LA_D_5471746,0,0.0003684461,0
LA_D_5506813,0,0.00013648186,0
LA_D_5510532,0,0.00015016508,0
LA_D_5518780,0,2.83844e-06,0
LA_D_5546624,0,0.00020776577,0
LA_D_5580783,0,7.2593655e-05,0
LA_D_5614245,0,6.3417983e-06,0
LA_D_5623014,0,4.258025e-05,0
LA_D_5685369,0,5.1971096e-05,0
LA_D_5714169,0,1.3099596e-05,0
LA_D_5716855,0,9.111917e-05,0
LA_D_5765948,0,0.00011545778,0
LA_D_5812356,0,0.0005012101,0
LA_D_5875987,0,2.4697149e-05,0
LA_D_5901105,0,0.0001661392,0
LA_D_5912421,0,9.748906e-05,0
LA_D_6051475,0,3.8064973e-05,0
LA_D_6070172,0,2.3458406e-05,0
LA_D_6071593,0,7.465334e-05,0
LA_D_6084753,0,2.9401124e-05,0
LA_D_6143239,0,5.511497e-05,0
LA_D_6143596,0,7.59086e-06,0
LA_D_6177458,0,1.4684126e-05,0
LA_D_6220807,0,0.0002827381,0
LA_D_6251984,0,3.26936e-05,0
LA_D_6284910,0,1.381912e-05,0
LA_D_6303671,0,2.176438e-05,0
LA_D_6317931,0,2.2559769e-05,0
LA_D_6325916,0,2.5462108e-05,0
LA_D_6333127,0,5.975757e-05,0
LA_D_6337308,0,5.261422e-05,0
LA_D_6352712,0,4.2787684e-05,0
LA_D_6354373,0,0.000340825,0
LA_D_6411228,0,0.00020554828,0
LA_D_6413013,0,1.0827581e-05,0
LA_D_6445749,0,4.5835127e-06,0
LA_D_6462905,0,0.000103576094,0
LA_D_6469029,0,0.0014161444,0
LA_D_6475497,0,0.0002076832,0
LA_D_6520436,0,7.3353312e-06,0
LA_D_6525320,0,2.3541435e-05,0
LA_D_6568052,0,0.0005040858,0
LA_D_6602571,0,1.7782808e-05,0
LA_D_6619464,0,1.441058e-05,0
LA_D_6623727,0,0.00020122739,0
LA_D_6663132,0,3.318591e-06,0
LA_D_6666039,0,6.759192e-05,0
LA_D_6672152,0,0.0001646583,0
LA_D_6677818,0,0.00012539825,0
LA_D_6695450,0,0.00010242167,0
LA_D_6710142,0,1.8266259e-05,0
LA_D_6928395,0,0.00023483651,0
LA_D_6954164,0,4.0016268e-05,0
LA_D_6956269,0,1e-06,0
LA_D_7052154,0,0.00021330448,0
LA_D_7080978,0,1.5430805e-05,0
LA_D_7090148,0,0.0002089789,0
LA_D_7191759,0,0.00029976663,0
LA_D_7289423,0,2.1995613e-05,0
LA_D_7306507,0,2.88744e-06,0
LA_D_7352908,0,0.0010113346,0
LA_D_7367873,0,0.0036164566,0
LA_D_7380699,0,7.164289e-05,0
LA_D_7383133,0,0.00040110652,0
LA_D_7412100,0,0.0016458294,0
LA_D_7430270,0,2.041658e-05,0
LA_D_7476328,0,3.422894e-05,0
LA_D_7481545,0,0.00011242465,0
LA_D_7486320,0,4.8120717e-05,0
LA_D_7537886,0,3.0013318e-05,0
LA_D_7550680,0,0.0003791799,0
LA_D_7613584,0,5.171022e-05,0
LA_D_7616866,0,8.335588e-06,0
LA_D_7635942,0,2.775811e-05,0
LA_D_7661318,0,6.3407744e-05,0
LA_D_7661904,0,1.9737628e-05,0
LA_D_7664602,0,0.0004973894,0
LA_D_7689936,0,2.9780726e-05,0
LA_D_7750113,0,0.00013451888,0
LA_D_7764747,0,1.2829261e-05,0
LA_D_7813172,0,0.00020963069,0
LA_D_7878130,0,0.00033051646,0
LA_D_7905314,0,4.097531e-06,0
LA_D_7937424,0,0.002177448,0
LA_D_7979297,0,3.688206e-05,0
LA_D_8002427,0,9.356844e-05,0
LA_D_8030349,0,2.627813e-05,0
LA_D_8075963,0,0.000606874,0
LA_D_8091175,0,0.00011243119,0
LA_D_8103595,0,4.313634e-05,0
LA_D_8116629,0,5.8495574e-05,0
LA_D_8127049,0,4.3222648e-05,0
LA_D_8182095,0,9.7737495e-05,0
LA_D_8228250,0,5.240107e-05,0
LA_D_8233626,0,2.7206388e-05,0
LA_D_8238983,0,0.00014002848,0
LA_D_8242715,0,0.00011944209,0
LA_D_8250953,0,3.2294174e-05,0
LA_D_8328358,0,6.674236e-05,0
LA_D_8362861,0,5.4347744e-05,0
LA_D_8366884,0,9.866931e-06,0
LA_D_8373517,0,0.00012232567,0
LA_D_8407555,0,0.0001686772,0
LA_D_8491201,0,6.858869e-06,0
LA_D_8497674,0,6.78166e-05,0
LA_D_8501026,0,2.4327208e-05,0
LA_D_8503023,0,3.592514e-05,0
LA_D_8576937,0,0.00019634323,0
LA_D_8588899,0,7.7013965e-06,0
LA_D_8605221,0,0.0071340874,0
LA_D_8609217,0,6.808961e-05,0
LA_D_8652135,0,3.2817985e-05,0
LA_D_8728622,0,8.1706414e-05,0
LA_D_8733004,0,2.1127811e-05,0
LA_D_8744543,0,2.629756e-05,0
LA_D_8780884,0,5.075316e-05,0
LA_D_8798580,0,9.152776e-05,0
LA_D_8805955,0,5.5461405e-06,0
LA_D_8863596,0,2.488249e-05,0
LA_D_8880043,0,5.2029063e-05,0
LA_D_8922428,0,0.000115609924,0
LA_D_8991753,0,0.00017394107,0
LA_D_9039340,0,2.989688e-05,0
LA_D_9051356,0,8.234673e-05,0
LA_D_9072602,0,2.2829718e-05,0
LA_D_9109666,0,2.8571456e-05,0
LA_D_9112845,0,4.112473e-05,0
LA_D_9134485,0,2.4559775e-05,0
LA_D_9173760,0,2.9562392e-05,0
LA_D_9191160,0,3.1039486e-05,0
LA_D_9207502,0,8.6496846e-05,0
LA_D_9219265,0,6.582214e-05,0
LA_D_9264205,0,1.669798e-05,0
LA_D_9264408,0,6.329525e-05,0
LA_D_9314069,0,0.00014004303,0
LA_D_9351540,0,4.7726957e-05,0
LA_D_9362624,0,2.0904643e-05,0
LA_D_9369162,0,6.846307e-05,0
LA_D_9429683,0,5.239612e-05,0
LA_D_9457616,0,1.6685279e-05,0
LA_D_9504862,0,5.493525e-05,0
LA_D_9529199,0,8.229931e-05,0
LA_D_9549420,0,7.219219e-06,0
LA_D_9597218,0,4.6418765e-05,0
LA_D_9623958,0,0.000302368,0
LA_D_9649342,0,3.6617253e-05,0
LA_D_9658574,0,3.0944168e-05,0
LA_D_9689602,0,3.9653107e-05,0
LA_D_9708909,0,1.27748835e-05,0
LA_D_9722220,0,0.030872956,0
LA_D_9728978,0,1.8946908e-05,0
LA_D_9902912,0,8.677277e-05,0
LA_D_9903321,0,3.3956196e-05,0
LA_D_9912829,0,0.0002457038,0
LA_D_9924653,0,4.2032418e-05,0
LA_D_9928428,0,3.0008283e-05,0
LA_D_9930304,0,0.00014386233,0
LA_D_9965502,0,3.0243515e-05,0
LA_D_9977384,0,2.1213838e-05,0
LA_D_1013783,0,0.1047448,0
LA_D_1050286,0,0.0019588952,0
LA_D_1063236,0,0.020244185,0
LA_D_1074980,0,0.13091473,0
LA_D_1075455,0,0.0018298153,0
LA_D_1136051,0,0.1219736,0
LA_D_1138581,0,0.0098186815,0
LA_D_1141794,0,4.8480313e-05,0
LA_D_1153840,0,0.000953703,0
LA_D_1159197,0,0.0067409175,0
LA_D_1217312,0,0.023190007,0
LA_D_1249114,0,0.020331053,0
LA_D_1303621,0,0.0010630398,0
LA_D_1321608,0,0.0072577978,0
LA_D_1350597,0,0.016091388,0
LA_D_1363364,0,0.31355664,0
LA_D_1378776,0,0.0015962344,0
LA_D_1416969,0,0.003633438,0
LA_D_1424372,0,0.00078735297,0
LA_D_1433061,0,0.028022561,0
LA_D_1451466,0,0.09617943,0
LA_D_1482068,0,0.01314963,0
LA_D_1483761,0,0.001781428,0
LA_D_1484758,0,0.013375414,0
LA_D_1485960,0,0.5643071,1
LA_D_1566398,0,0.29582882,0
LA_D_1574269,0,0.0005209851,0
LA_D_1577587,0,0.00086874014,0
LA_D_1588604,0,0.0012919079,0
LA_D_1751728,0,4.048486e-05,0
LA_D_1764443,0,0.0002355433,0
LA_D_1771272,0,0.0003111597,0
LA_D_1836354,0,6.163653e-06,0
LA_D_1841254,0,0.0011491998,0
LA_D_1846916,0,0.002311147,0
LA_D_1860158,0,0.18931594,0
LA_D_1863131,0,0.0005738075,0
LA_D_1889595,0,4.193737e-05,0
LA_D_1897056,0,0.0004930555,0
LA_D_1897326,0,0.8467779,1
LA_D_1899250,0,0.0011184738,0
LA_D_1915163,0,2.1977705e-05,0
LA_D_2004905,0,0.000558129,0
LA_D_2022501,0,0.005540107,0
LA_D_2028337,0,0.012889131,0
LA_D_2028395,0,6.364643e-05,0
LA_D_2035624,0,0.00032580772,0
LA_D_2085166,0,0.0013381337,0
LA_D_2101566,0,0.00017480232,0
LA_D_2111647,0,0.00012467381,0
LA_D_2111682,0,0.00055747526,0
LA_D_2151951,0,0.92112094,1
LA_D_2222489,0,0.0027934904,0
LA_D_2226134,0,0.00021813012,0
LA_D_2238363,0,0.00047772177,0
LA_D_2245059,0,0.00084009406,0
LA_D_2278186,0,0.1329905,0
LA_D_2281493,0,0.00088900997,0
LA_D_2295451,0,0.00553327,0
LA_D_2322141,0,0.00059265207,0
LA_D_2345402,0,0.0074975155,0
LA_D_2349125,0,0.0013725614,0
LA_D_2350784,0,0.007411867,0
LA_D_2361610,0,0.0006650406,0
LA_D_2397533,0,0.0038971193,0
LA_D_2402189,0,0.16997665,0
LA_D_2405339,0,0.0012128771,0
LA_D_2475221,0,0.85021836,1
LA_D_2500876,0,0.9931217,1
LA_D_2542296,0,0.00017199709,0
LA_D_2549631,0,0.0002879427,0
LA_D_2562850,0,0.00044117193,0
LA_D_2579907,0,0.9477372,1
LA_D_2583710,0,0.14288388,0
LA_D_2696634,0,0.00011239066,0
LA_D_2724805,0,0.000106563835,0
LA_D_2728628,0,0.0008758732,0
LA_D_2753362,0,0.0064654774,0
LA_D_2766494,0,9.338268e-05,0
LA_D_2789277,0,0.0028666912,0
LA_D_2800479,0,0.0011101485,0
LA_D_2808846,0,0.010217741,0
LA_D_2824576,0,9.437537e-05,0
LA_D_2854806,0,0.006313072,0
LA_D_2888854,0,0.2278108,0
LA_D_2890608,0,7.3594914e-05,0
LA_D_2906326,0,0.95046765,1
LA_D_2919741,0,0.0005857892,0
LA_D_2956834,0,0.19842838,0
LA_D_2957996,0,1e-06,0
LA_D_2966463,0,0.00026834029,0
LA_D_2977245,0,0.069929264,0
LA_D_2983374,0,0.009317505,0
LA_D_3006014,0,0.000366356,0
LA_D_3013009,0,4.0648538e-05,0
LA_D_3020621,0,0.43496826,0
LA_D_3030929,0,0.15973704,0
LA_D_3034938,0,0.00015531448,0
LA_D_3039122,0,0.00027469365,0
LA_D_3057445,0,0.09423918,0
LA_D_3070334,0,0.00015899133,0
LA_D_3082988,0,0.0034895176,0
LA_D_3089498,0,0.0002165329,0
LA_D_3113960,0,0.0031410959,0
LA_D_3119853,0,0.3323209,0
LA_D_3122174,0,0.00031414014,0
LA_D_3150169,0,0.0067625665,0
LA_D_3204366,0,0.00021314101,0
LA_D_3228176,0,0.042574983,0
LA_D_3246218,0,0.0062958146,0
LA_D_3257808,0,0.0006488987,0
LA_D_3301231,0,0.0001908654,0
LA_D_3307902,0,0.00016303927,0
LA_D_3313777,0,0.0009203452,0
LA_D_3335716,0,0.060352325,0
LA_D_3413905,0,0.0014994586,0
LA_D_3427278,0,0.013071591,0
LA_D_3435957,0,0.00018003417,0
LA_D_3443410,0,0.00020291013,0
LA_D_3487340,0,0.00016179291,0
LA_D_3492096,0,0.9865175,1
LA_D_3524386,0,5.6140885e-05,0
LA_D_3539811,0,0.005545195,0
LA_D_3544844,0,0.0016647562,0
LA_D_3556561,0,0.004617381,0
LA_D_3630229,0,0.00035843067,0
LA_D_3675685,0,0.0056244,0
LA_D_3676923,0,0.0017156816,0
LA_D_3690604,0,0.0013897576,0
LA_D_3694037,0,0.0010719978,0
LA_D_3736974,0,0.81478816,1
LA_D_3740186,0,0.010244443,0
LA_D_3750938,0,0.00015814025,0
LA_D_3763099,0,0.0028751707,0
LA_D_3768058,0,0.00046016288,0
LA_D_3779051,0,0.017199844,0
LA_D_3784534,0,0.00011351027,0
LA_D_3830921,0,0.30907896,0
LA_D_3866941,0,0.009273567,0
LA_D_3913882,0,0.1067038,0
LA_D_3914448,0,0.010526787,0
LA_D_3984579,0,0.0050182897,0
LA_D_4031294,0,0.90803355,1
LA_D_4033330,0,0.0010829628,0
LA_D_4043035,0,0.03384133,0
LA_D_4067852,0,0.004723899,0
LA_D_4081483,0,0.0004466313,0
LA_D_4108953,0,0.003656181,0
LA_D_4140711,0,0.00022643372,0
LA_D_4140724,0,0.0013694383,0
LA_D_4169547,0,0.8942453,1
LA_D_4179863,0,0.9985474,1
LA_D_4184441,0,0.013545383,0
LA_D_4236528,0,0.00037244323,0
LA_D_4256065,0,0.0013999469,0
LA_D_4270306,0,8.71112e-05,0
LA_D_4343772,0,0.04775134,0
LA_D_4344989,0,0.084917195,0
LA_D_4350243,0,0.0029866688,0
LA_D_4368585,0,0.005827626,0
LA_D_4375763,0,0.00011541067,0
LA_D_4376066,0,0.7807242,1
LA_D_4384335,0,0.064300545,0
LA_D_4391860,0,0.00015323915,0
LA_D_4415743,0,2.250038e-05,0
LA_D_4446874,0,0.028790878,0
LA_D_4472623,0,0.00034612836,0
LA_D_4511424,0,6.6557724e-05,0
LA_D_4526867,0,0.0008626332,0
LA_D_4541749,0,0.00056432333,0
LA_D_4602617,0,0.00010712582,0
LA_D_4683194,0,0.0003955011,0
LA_D_4685405,0,0.85168463,1
LA_D_4686116,0,0.5754676,1
LA_D_4719420,0,0.9287159,1
LA_D_4720930,0,0.00013436298,0
LA_D_4721136,0,0.00014100687,0
LA_D_4789758,0,0.001525381,0
LA_D_4796345,0,0.00010603188,0
LA_D_4851657,0,0.0002578719,0
LA_D_4854280,0,6.570461e-05,0
LA_D_4871022,0,0.001020599,0
LA_D_4893461,0,0.0006343379,0
LA_D_4932083,0,0.90359515,1
LA_D_4949629,0,0.00016432657,0
LA_D_4961527,0,9.663933e-06,0
LA_D_4965816,0,7.894885e-05,0
LA_D_4987822,0,5.8478003e-05,0
LA_D_5005646,0,0.016515912,0
LA_D_5014370,0,0.0010344583,0
LA_D_5023844,0,0.0017762352,0
LA_D_5047683,0,0.6581129,1
LA_D_5054607,0,6.583356e-05,0
LA_D_5076674,0,0.0005891993,0
LA_D_5079558,0,0.0018664072,0
LA_D_5100382,0,0.0084896935,0
LA_D_5149214,0,0.01117342,0
LA_D_5155418,0,0.024428176,0
LA_D_5157129,0,0.5088954,1
LA_D_5173528,0,0.00030062496,0
LA_D_5189947,0,0.0026176048,0
LA_D_5199048,0,0.000141749,0
LA_D_5277162,0,0.0011748642,0
LA_D_5279500,0,0.0017317992,0
LA_D_5282843,0,0.00087588816,0
LA_D_5306498,0,0.0012564929,0
LA_D_5339390,0,9.044807e-06,0
LA_D_5358232,0,0.019248618,0
LA_D_5385507,0,0.001519512,0
LA_D_5392108,0,0.14566755,0
LA_D_5396335,0,0.00025575465,0
LA_D_5401230,0,0.084392056,0
LA_D_5402646,0,0.38267058,0
LA_D_5412347,0,0.0060526608,0
LA_D_5427830,0,0.5966886,1
LA_D_5429622,0,0.00053043873,0
LA_D_5453395,0,0.0010505274,0
LA_D_5465575,0,0.00075657957,0
LA_D_5466886,0,0.020877602,0
LA_D_5483705,0,0.00011840031,0
LA_D_5567932,0,0.12060916,0
LA_D_5583898,0,0.0024512762,0
LA_D_5597126,0,0.002072485,0
LA_D_5624856,0,0.0061721033,0
LA_D_5633647,0,0.0086889425,0
LA_D_5654371,0,0.013388333,0
LA_D_5712604,0,0.00029461144,0
LA_D_5727251,0,0.0004331578,0
LA_D_5754462,0,0.0014453316,0
LA_D_5782359,0,0.003933092,0
LA_D_5847069,0,0.00041639403,0
LA_D_5874196,0,0.00247524,0
LA_D_5893651,0,2.0539477e-05,0
LA_D_5903262,0,0.000352445,0
LA_D_5905554,0,0.22610131,0
LA_D_5922375,0,3.853485e-05,0
LA_D_5957373,0,8.3961604e-05,0
LA_D_5966088,0,0.0013286701,0
LA_D_5981705,0,0.00013804082,0
LA_D_5992495,0,0.00017456914,0
LA_D_6004323,0,0.0005358773,0
LA_D_6116293,0,0.23279151,0
LA_D_6250024,0,0.11396185,0
LA_D_6270673,0,0.046243537,0
LA_D_6287077,0,0.003980973,0
LA_D_6338424,0,0.027557764,0
LA_D_6338534,0,0.00048072162,0
LA_D_6343112,0,0.00032004062,0
LA_D_6361258,0,0.029222418,0
LA_D_6413397,0,0.00024187627,0
LA_D_6419157,0,0.0003071873,0
LA_D_6444033,0,0.0071308953,0
LA_D_6495207,0,0.00024244933,0
LA_D_6506104,0,2.2488326e-05,0
LA_D_6506991,0,0.00086729194,0
LA_D_6516523,0,0.0010041996,0
LA_D_6522419,0,3.948583e-05,0
LA_D_6532972,0,0.000484388,0
LA_D_6574060,0,0.006077802,0
LA_D_6604093,0,0.7953846,1
LA_D_6644343,0,0.0118186325,0
LA_D_6676522,0,0.072265394,0
LA_D_6706248,0,0.07671289,0
LA_D_6736452,0,0.000103109196,0
LA_D_6759403,0,0.008702239,0
LA_D_6767768,0,0.0003954604,0
LA_D_6776653,0,0.004258708,0
LA_D_6804587,0,0.00010111606,0
LA_D_6813990,0,0.014377105,0
LA_D_6828209,0,0.00013833215,0
LA_D_6903783,0,9.1067566e-05,0
LA_D_6908815,0,0.0021405588,0
LA_D_6920360,0,0.00086294935,0
LA_D_6936936,0,0.0009711361,0
LA_D_6963143,0,0.76106286,1
LA_D_7023105,0,0.020647228,0
LA_D_7038318,0,0.0025915375,0
LA_D_7063172,0,0.006562617,0
LA_D_7076522,0,0.0007700668,0
LA_D_7096314,0,0.0013129984,0
LA_D_7097009,0,0.0011592993,0
LA_D_7165792,0,0.0013072174,0
LA_D_7173210,0,0.61342394,1
LA_D_7175689,0,0.018121997,0
LA_D_7189804,0,0.00029733157,0
LA_D_7194931,0,0.7849639,1
LA_D_7205609,0,0.43710646,0
LA_D_7244876,0,1.0268437e-05,0
LA_D_7281015,0,0.13046452,0
LA_D_7302765,0,0.00032990857,0
LA_D_7313906,0,0.006983648,0
LA_D_7343331,0,0.005064542,0
LA_D_7346604,0,0.0010869923,0
LA_D_7395983,0,0.00054406363,0
LA_D_7454687,0,0.007207157,0
LA_D_7459319,0,0.004704102,0
LA_D_7464280,0,0.003479472,0
LA_D_7467996,0,3.5317968e-05,0
LA_D_7536394,0,0.06350665,0
LA_D_7558312,0,0.0010386483,0
LA_D_7567281,0,0.031028856,0
LA_D_7611530,0,0.005343963,0
LA_D_7614935,0,0.0007802887,0
LA_D_7632057,0,0.00037965755,0
LA_D_7764203,0,0.00036260978,0
LA_D_7775116,0,0.00022751273,0
LA_D_7803538,0,0.00055356714,0
LA_D_7810535,0,0.0149069745,0
LA_D_7824549,0,0.00026099564,0
LA_D_7858791,0,0.14143483,0
LA_D_7901168,0,0.00015517726,0
LA_D_7912035,0,0.005248114,0
LA_D_7920014,0,0.00036503575,0
LA_D_7996866,0,9.708375e-06,0
LA_D_8014808,0,0.00047678058,0
LA_D_8046608,0,0.72802263,1
LA_D_8051595,0,0.0010728437,0
LA_D_8052749,0,0.38054925,0
LA_D_8094886,0,0.0053389617,0
LA_D_8106710,0,0.001440512,0
LA_D_8108942,0,0.010464172,0
LA_D_8137767,0,5.701933e-05,0
LA_D_8171758,0,0.028344283,0
LA_D_8203772,0,0.0014427827,0
LA_D_8248087,0,0.11188741,0
LA_D_8286400,0,0.00042217268,0
LA_D_8318742,0,3.4121877e-05,0
LA_D_8341752,0,0.003713865,0
LA_D_8361609,0,0.0020100675,0
LA_D_8375726,0,0.984544,1
LA_D_8408532,0,7.357864e-05,0
LA_D_8432686,0,0.01337396,0
LA_D_8441935,0,0.0047844383,0
LA_D_8463046,0,0.00019356962,0
LA_D_8468652,0,0.9208621,1
LA_D_8524946,0,0.0028384686,0
LA_D_8525388,0,0.0005339249,0
LA_D_8529541,0,0.2306303,0
LA_D_8534416,0,0.96912044,1
LA_D_8545409,0,0.001850676,0
LA_D_8550381,0,0.0023516896,0
LA_D_8563620,0,0.01987927,0
LA_D_8568773,0,0.00017619727,0
LA_D_8569313,0,0.00010529334,0
LA_D_8638488,0,0.84363854,1
LA_D_8641456,0,0.06746008,0
LA_D_8653634,0,0.004753997,0
LA_D_8659185,0,0.049024332,0
LA_D_8660630,0,0.00068547635,0
LA_D_8715386,0,0.92636234,1
LA_D_8753814,0,0.0020620604,0
LA_D_8764151,0,0.0008559581,0
LA_D_8764848,0,1.6390612e-05,0
LA_D_8830433,0,0.0049145985,0
LA_D_8870926,0,0.00424937,0
LA_D_8871612,0,0.00068225706,0
LA_D_8891307,0,3.739346e-05,0
LA_D_8894641,0,0.049900427,0
LA_D_8911365,0,0.00059461285,0
LA_D_8923789,0,0.00012765994,0
LA_D_8934893,0,0.9923558,1
LA_D_8951313,0,0.0003249531,0
LA_D_8954954,0,0.00095417426,0
LA_D_8964132,0,0.00014993302,0
LA_D_8992776,0,0.1693942,0
LA_D_8992901,0,0.44118515,0
LA_D_9040314,0,0.0010504663,0
LA_D_9053193,0,0.00029917705,0
LA_D_9055271,0,0.0007631683,0
LA_D_9135528,0,0.006971694,0
LA_D_9149883,0,0.0018658878,0
LA_D_9165269,0,0.0008649316,0
LA_D_9216190,0,0.005324555,0
LA_D_9241694,0,0.00010478041,0
LA_D_9242631,0,0.0011237748,0
LA_D_9297479,0,0.00020689618,0
LA_D_9314884,0,0.00062744186,0
LA_D_9320180,0,0.0016006557,0
LA_D_9321479,0,0.0021915254,0
LA_D_9351920,0,0.9846793,1
LA_D_9360287,0,4.5507877e-05,0
LA_D_9370304,0,0.02965175,0
LA_D_9436692,0,0.0006287217,0
LA_D_9437172,0,0.41727036,0
LA_D_9455460,0,0.000606011,0
LA_D_9469817,0,0.010838869,0
LA_D_9486895,0,0.010078748,0
LA_D_9492715,0,0.8334047,1
LA_D_9537226,0,3.9925058e-06,0
LA_D_9550638,0,0.013998901,0
LA_D_9552029,0,0.47468677,0
LA_D_9571982,0,0.016121069,0
LA_D_9582754,0,0.40782952,0
LA_D_9587443,0,0.0010339662,0
LA_D_9625091,0,8.416731e-05,0
LA_D_9634003,0,0.43144563,0
LA_D_9642534,0,0.001219342,0
LA_D_9650472,0,0.0009815431,0
LA_D_9655429,0,0.015265099,0
LA_D_9661949,0,0.0024692619,0
LA_D_9674319,0,0.21622157,0
LA_D_9695420,0,2.4382949e-05,0
LA_D_9729864,0,0.00022383385,0
LA_D_9732908,0,0.0067377063,0
LA_D_9747140,0,9.763401e-05,0
LA_D_9770193,0,0.0004647862,0
LA_D_9783307,0,0.9909067,1
LA_D_9798074,0,0.00026480225,0
LA_D_9803207,0,0.4253889,0
LA_D_9890472,0,0.0003549571,0
LA_D_9893649,0,0.00031911873,0
LA_D_9902676,0,0.003025336,0
LA_D_9960293,0,0.008104494,0
LA_D_9979102,0,0.00019112545,0
LA_D_1056202,0,1.3028505e-05,0
LA_D_1077826,0,2.9954357e-05,0
LA_D_1143649,0,1.9137091e-05,0
LA_D_1163845,0,3.9121212e-05,0
LA_D_1185056,0,0.00012624107,0
LA_D_1207487,0,4.92097e-05,0
LA_D_1209127,0,1.952637e-05,0
LA_D_1214613,0,2.137031e-05,0
LA_D_1220081,0,0.0020636232,0
LA_D_1238000,0,2.3810662e-05,0
LA_D_1313161,0,1.0525507e-05,0
LA_D_1314331,0,7.573839e-05,0
LA_D_1317619,0,4.6768542e-05,0
LA_D_1335126,0,0.000110345805,0
LA_D_1385720,0,1.41665505e-05,0
LA_D_1427144,0,0.0016726792,0
LA_D_1435382,0,0.0001903761,0
LA_D_1442569,0,1.7594351e-05,0
LA_D_1450818,0,2.8668566e-05,0
LA_D_1489643,0,0.0002536427,0
LA_D_1507114,0,9.470144e-06,0
LA_D_1522817,0,4.314399e-05,0
LA_D_1538153,0,0.00016699922,0
LA_D_1565624,0,2.2892222e-05,0
LA_D_1601173,0,8.06071e-05,0
LA_D_1608618,0,0.0001456209,0
LA_D_1627318,0,0.00020796042,0
LA_D_1638331,0,1.5829379e-05,0
LA_D_1640462,0,3.5500856e-05,0
LA_D_1654430,0,6.775914e-05,0
LA_D_1685935,0,4.5724948e-05,0
LA_D_1719910,0,0.00019158598,0
LA_D_1756196,0,0.00024092502,0
LA_D_1782822,0,7.984757e-05,0
LA_D_1793582,0,4.96798e-05,0
LA_D_1793717,0,0.00012707914,0
LA_D_1796893,0,6.0717317e-05,0
LA_D_1826419,0,8.5182015e-05,0
LA_D_1828942,0,4.5174078e-05,0
LA_D_1829194,0,8.741492e-06,0
LA_D_1863027,0,2.6673213e-05,0
LA_D_1869109,0,1.3070619e-05,0
LA_D_1901107,0,4.5210883e-05,0
LA_D_1913471,0,7.488342e-05,0
LA_D_1950952,0,3.1580053e-05,0
LA_D_1984022,0,0.00014945143,0
LA_D_1986070,0,6.7993446e-05,0
LA_D_1988135,0,0.00016930175,0
LA_D_1993571,0,1.387797e-05,0
LA_D_2053458,0,5.6194393e-05,0
LA_D_2055941,0,3.6936864e-05,0
LA_D_2068861,0,9.341649e-06,0
LA_D_2141182,0,1.599042e-05,0
LA_D_2143569,0,0.0001567979,0
LA_D_2169320,0,0.000132933,0
LA_D_2218413,0,0.0001229492,0
LA_D_2222169,0,4.387318e-05,0
LA_D_2239802,0,0.00013878652,0
LA_D_2270021,0,8.394084e-06,0
LA_D_2281134,0,2.93364e-05,0
LA_D_2321687,0,0.00032736044,0
LA_D_2367856,0,1.953773e-05,0
LA_D_2374395,0,4.1051615e-05,0
LA_D_2377649,0,2.1057487e-05,0
LA_D_2397878,0,8.650319e-05,0
LA_D_2405764,0,0.00070190476,0
LA_D_2405818,0,6.208477e-05,0
LA_D_2421406,0,9.937697e-05,0
LA_D_2434952,0,2.020605e-05,0
LA_D_2461796,0,7.393143e-05,0
LA_D_2501091,0,4.7429454e-05,0
LA_D_2532436,0,0.00039312182,0
LA_D_2533090,0,5.1521645e-05,0
LA_D_2534017,0,8.346955e-06,0
LA_D_2536135,0,2.5331488e-05,0
LA_D_2599334,0,1e-06,0
LA_D_2607786,0,0.00011218006,0
LA_D_2687013,0,9.4745614e-05,0
LA_D_2689559,0,4.089708e-06,0
LA_D_2716141,0,3.793119e-05,0
LA_D_2723030,0,1e-06,0
LA_D_2795179,0,2.959472e-05,0
LA_D_2806176,0,0.0005897153,0
LA_D_2814064,0,3.477229e-05,0
LA_D_2843787,0,5.436489e-06,0
LA_D_2862944,0,2.4833325e-05,0
LA_D_2871885,0,3.272663e-05,0
LA_D_2904925,0,9.930299e-05,0
LA_D_2914361,0,3.1394185e-05,0
LA_D_2927188,0,2.2230428e-05,0
LA_D_2930504,0,4.143782e-05,0
LA_D_2949126,0,2.6034282e-05,0
LA_D_2974020,0,8.618872e-06,0
LA_D_2978468,0,1.4667556e-05,0
LA_D_3013510,0,1.5891303e-05,0
LA_D_3017070,0,6.6237655e-05,0
LA_D_3035824,0,4.983895e-05,0
LA_D_3059591,0,2.898454e-05,0
LA_D_3107673,0,0.00075862627,0
LA_D_3197582,0,2.2771248e-05,0
LA_D_3223665,0,5.8676254e-05,0
LA_D_3250242,0,0.0016041747,0
LA_D_3312420,0,1.045743e-05,0
LA_D_3338235,0,4.5103137e-05,0
LA_D_3342204,0,3.312929e-05,0
LA_D_3346384,0,2.4935867e-05,0
LA_D_3380579,0,2.2927989e-05,0
LA_D_3413972,0,0.0002728475,0
LA_D_3466262,0,0.000131832,0
LA_D_3498825,0,1.3988628e-05,0
LA_D_3503442,0,6.799708e-05,0
LA_D_3617923,0,1.8847375e-05,0
LA_D_3617996,0,2.1449387e-05,0
LA_D_3639430,0,0.0006473255,0
LA_D_3650016,0,0.00010133459,0
LA_D_3655341,0,0.00011951444,0
LA_D_3667139,0,0.00031347835,0
LA_D_3670090,0,2.8228907e-05,0
LA_D_3689557,0,0.00049245474,0
LA_D_3705919,0,2.0358038e-05,0
LA_D_3709416,0,0.0005926744,0
LA_D_3714292,0,3.0451427e-05,0
LA_D_3740108,0,4.2058564e-05,0
LA_D_3747537,0,8.762483e-05,0
LA_D_3753878,0,9.0654445e-05,0
LA_D_3783086,0,0.00025098116,0
LA_D_3789898,0,8.03718e-06,0
LA_D_3835818,0,0.0006838096,0
LA_D_3852028,0,2.5025469e-05,0
LA_D_3872897,0,1.6837581e-05,0
LA_D_3873657,0,4.712275e-05,0
LA_D_3884600,0,3.986711e-05,0
LA_D_3894755,0,4.3780903e-05,0
LA_D_3905143,0,1.1581425e-05,0
LA_D_3909059,0,3.8176724e-05,0
LA_D_3960577,0,0.0057147522,0
LA_D_3974637,0,0.0001783121,0
LA_D_3984798,0,3.185573e-05,0
LA_D_4016544,0,5.3330532e-05,0
LA_D_4017582,0,3.006058e-05,0
LA_D_4018037,0,2.1252046e-05,0
LA_D_4063699,0,2.6531246e-05,0
LA_D_4069330,0,8.765391e-05,0
LA_D_4086358,0,0.003276352,0
LA_D_4086832,0,0.00021769422,0
LA_D_4098613,0,1.276088e-05,0
LA_D_4099040,0,3.4089448e-05,0
LA_D_4109140,0,5.69991e-05,0
LA_D_4125842,0,4.4080225e-05,0
LA_D_4141301,0,3.4837347e-05,0
LA_D_4172528,0,2.142569e-05,0
LA_D_4173790,0,7.957317e-05,0
LA_D_4175322,0,3.6938483e-05,0
LA_D_4176638,0,3.21986e-05,0
LA_D_4216210,0,7.120262e-05,0
LA_D_4234720,0,5.8122077e-05,0
LA_D_4234795,0,3.6057794e-05,0
LA_D_4268211,0,4.1575404e-05,0
LA_D_4278292,0,2.1180524e-05,0
LA_D_4291323,0,2.7168067e-05,0
LA_D_4312100,0,4.4948007e-05,0
LA_D_4313841,0,0.00011546736,0
LA_D_4350258,0,1.4069584e-05,0
LA_D_4374905,0,2.0417223e-05,0
LA_D_4414319,0,0.00011958945,0
LA_D_4417722,0,0.00027251992,0
LA_D_4418278,0,6.2177016e-05,0
LA_D_4421512,0,0.0002145254,0
LA_D_4433016,0,0.00013194028,0
LA_D_4465057,0,1.6360314e-05,0
LA_D_4513571,0,1.8363022e-05,0
LA_D_4513970,0,1.820423e-05,0
LA_D_4568645,0,2.2037857e-05,0
LA_D_4611194,0,4.1873187e-05,0
LA_D_4625868,0,0.00014497916,0
LA_D_4704169,0,0.00013018466,0
LA_D_4707821,0,6.212653e-05,0
LA_D_4751764,0,2.3380459e-05,0
LA_D_4786119,0,2.1023758e-05,0
LA_D_4793960,0,2.6158417e-05,0
LA_D_4799630,0,4.3673896e-05,0
LA_D_4812073,0,5.6667795e-05,0
LA_D_4836563,0,8.667761e-06,0
LA_D_4864823,0,9.219978e-06,0
LA_D_4893034,0,3.817716e-05,0
LA_D_4945642,0,1.2715908e-05,0
LA_D_4952686,0,0.00040822328,0
LA_D_4955149,0,8.773904e-05,0
LA_D_4977984,0,4.2044805e-05,0
LA_D_4998273,0,1.0943872e-05,0
LA_D_5004890,0,8.719512e-06,0
LA_D_5014481,0,2.031384e-05,0
LA_D_5015131,0,0.00017332517,0
LA_D_5023923,0,2.1689142e-05,0
LA_D_5027993,0,0.00021238494,0
LA_D_5061055,0,5.845314e-05,0
LA_D_5081541,0,2.9390303e-05,0
LA_D_5084936,0,2.6479025e-05,0
LA_D_5088115,0,3.6271103e-05,0
LA_D_5124245,0,3.1549956e-05,0
LA_D_5156318,0,3.886349e-05,0
LA_D_5169505,0,5.3569027e-05,0
LA_D_5172679,0,4.9852973e-05,0
LA_D_5178188,0,3.5687208e-05,0
LA_D_5203599,0,2.265653e-05,0
LA_D_5223993,0,1.2181832e-05,0
LA_D_5224423,0,0.0012367247,0
LA_D_5229531,0,9.504142e-05,0
LA_D_5265219,0,4.6389603e-05,0
LA_D_5266670,0,7.6731136e-05,0
LA_D_5273134,0,4.7392517e-05,0
LA_D_5290031,0,6.1790615e-06,0
LA_D_5296920,0,7.9598736e-05,0
LA_D_5308438,0,2.3757064e-05,0
LA_D_5353143,0,2.9737052e-05,0
LA_D_5396018,0,4.3525128e-05,0
LA_D_5416192,0,0.00039287272,0
LA_D_5448308,0,3.747271e-05,0
LA_D_5477783,0,6.1866864e-05,0
LA_D_5488567,0,2.8359123e-05,0
LA_D_5575383,0,0.00011391972,0
LA_D_5593598,0,0.0027532696,0
LA_D_5604381,0,0.16796051,0
LA_D_5637838,0,1.8321529e-05,0
LA_D_5639643,0,8.82933e-06,0
LA_D_5659407,0,0.000100206096,0
LA_D_5666850,0,6.111682e-06,0
LA_D_5669850,0,0.0005827442,0
LA_D_5681373,0,3.6669426e-05,0
LA_D_5727455,0,7.58947e-05,0
LA_D_5751493,0,1.2515141e-05,0
LA_D_5772283,0,3.9499378e-06,0
LA_D_5783216,0,9.340931e-05,0
LA_D_5801266,0,3.853158e-05,0
LA_D_5855316,0,2.1313992e-05,0
LA_D_5857092,0,4.347415e-05,0
LA_D_5906128,0,0.00058750325,0
LA_D_5929366,0,2.3635872e-05,0
LA_D_5985371,0,2.016174e-05,0
LA_D_6012767,0,1.6808397e-05,0
LA_D_6024856,0,2.2237804e-05,0
LA_D_6048939,0,4.995839e-05,0
LA_D_6126066,0,9.67051e-05,0
LA_D_6153760,0,6.0991923e-05,0
LA_D_6175359,0,7.8066805e-05,0
LA_D_6179396,0,8.4359264e-05,0
LA_D_6204285,0,4.834928e-05,0
LA_D_6204583,0,6.207382e-05,0
LA_D_6217295,0,5.4834913e-05,0
LA_D_6243272,0,3.3124932e-05,0
LA_D_6279251,0,9.423571e-05,0
LA_D_6333987,0,4.8053083e-05,0
LA_D_6392042,0,1.6133148e-05,0
LA_D_6395470,0,4.2964155e-05,0
LA_D_6407386,0,7.5911285e-06,0
LA_D_6410203,0,5.9171e-05,0
LA_D_6417317,0,5.9814927e-05,0
LA_D_6442403,0,8.646155e-05,0
LA_D_6447267,0,0.00018463715,0
LA_D_6463109,0,4.4914457e-05,0
LA_D_6467494,0,3.2242322e-05,0
LA_D_6521379,0,0.0001388715,0
LA_D_6538074,0,9.666497e-06,0
LA_D_6558756,0,0.0012693035,0
LA_D_6636382,0,4.0989962e-05,0
LA_D_6672353,0,2.1477817e-05,0
LA_D_6712765,0,0.00014273124,0
LA_D_6867509,0,3.028935e-05,0
LA_D_6903149,0,3.425258e-05,0
LA_D_6927439,0,7.4554526e-05,0
LA_D_6937778,0,5.6836543e-05,0
LA_D_6963030,0,1.0279617e-05,0
LA_D_6987656,0,6.5951695e-05,0
LA_D_7015806,0,1.9421866e-05,0
LA_D_7050207,0,8.6444394e-05,0
LA_D_7082425,0,2.754521e-06,0
LA_D_7094589,0,1.7920313e-05,0
LA_D_7112212,0,0.00038333092,0
LA_D_7114724,0,8.5705185e-05,0
LA_D_7123806,0,3.994467e-05,0
LA_D_7135800,0,1.2297892e-05,0
LA_D_7149179,0,1.1414124e-05,0
LA_D_7189798,0,1.0579386e-05,0
LA_D_7194545,0,2.5972065e-05,0
LA_D_7208672,0,2.4400188e-05,0
LA_D_7209965,0,0.00040921115,0
LA_D_7227539,0,4.462261e-05,0
LA_D_7259561,0,0.00015877633,0
LA_D_7263661,0,1.3458784e-05,0
LA_D_7311292,0,2.048437e-05,0
LA_D_7333091,0,0.0001209962,0
LA_D_7379319,0,0.0003690386,0
LA_D_7438591,0,0.0021579969,0
LA_D_7463107,0,8.658283e-05,0
LA_D_7465910,0,7.4257337e-06,0
LA_D_7466470,0,0.0001163852,0
LA_D_7470557,0,2.5053143e-05,0
LA_D_7472147,0,2.8686423e-05,0
LA_D_7517169,0,1.9183577e-05,0
LA_D_7527533,0,8.2820654e-05,0
LA_D_7529689,0,6.02352e-06,0
LA_D_7589265,0,2.1203967e-05,0
LA_D_7654985,0,0.0001971495,0
LA_D_7655713,0,2.3440894e-05,0
LA_D_7684818,0,3.1574422e-05,0
LA_D_7702354,0,2.4157907e-05,0
LA_D_7730394,0,5.5949553e-05,0
LA_D_7748559,0,2.1216345e-05,0
LA_D_7770239,0,3.9403865e-05,0
LA_D_7778080,0,2.2597103e-05,0
LA_D_7791744,0,3.25441e-05,0
LA_D_7809292,0,1.5979307e-05,0
LA_D_7811959,0,7.4630198e-06,0
LA_D_7836019,0,0.00013764545,0
LA_D_7895701,0,4.981543e-05,0
LA_D_7896354,0,2.766746e-05,0
LA_D_7907343,0,0.0006307681,0
LA_D_7950260,0,1.649956e-05,0
LA_D_7955585,0,5.3381005e-05,0
LA_D_8014603,0,0.0006298958,0
LA_D_8015183,0,4.213307e-05,0
LA_D_8034132,0,8.9299676e-05,0
LA_D_8037125,0,4.6297544e-05,0
LA_D_8039974,0,6.183583e-05,0
LA_D_8064491,0,1.3870348e-05,0
LA_D_8100357,0,0.00013682913,0
LA_D_8108933,0,4.2277403e-05,0
LA_D_8110574,0,9.321452e-05,0
LA_D_8128686,0,0.00022290912,0
LA_D_8172936,0,4.7610743e-06,0
LA_D_8178518,0,5.5996792e-05,0
LA_D_8219863,0,1.8020747e-06,0
LA_D_8222669,0,2.6019488e-05,0
LA_D_8239471,0,2.9994233e-05,0
LA_D_8307879,0,4.5598408e-05,0
LA_D_8333653,0,0.0001407535,0
LA_D_8350299,0,0.00018515016,0
LA_D_8379829,0,1.5105634e-05,0
LA_D_8391295,0,0.0001371234,0
LA_D_8400463,0,2.709319e-05,0
LA_D_8427416,0,9.066371e-06,0
LA_D_8456624,0,1.2168491e-05,0
LA_D_8478499,0,7.602624e-05,0
LA_D_8519883,0,5.025924e-05,0
LA_D_8551569,0,0.00012456864,0
LA_D_8554608,0,2.5981652e-05,0
LA_D_8559630,0,7.5548895e-05,0
LA_D_8606521,0,1.8259832e-05,0
LA_D_8623490,0,3.27802e-05,0
LA_D_8635534,0,2.777675e-05,0
LA_D_8649051,0,3.473666e-05,0
LA_D_8661001,0,1.6253276e-05,0
LA_D_8681294,0,0.00028430996,0
LA_D_8703561,0,5.2128446e-05,0
LA_D_8716288,0,4.8130176e-05,0
LA_D_8718183,0,0.000111065434,0
LA_D_8767551,0,5.9119568e-05,0
LA_D_8798373,0,4.678853e-05,0
LA_D_8798382,0,8.856992e-05,0
LA_D_8807350,0,1.1622696e-05,0
LA_D_8848037,0,7.14907e-05,0
LA_D_8851067,0,9.0998205e-05,0
LA_D_8862863,0,2.688097e-05,0
LA_D_8907174,0,4.625703e-05,0
LA_D_8915901,0,1.521331e-05,0
LA_D_8917253,0,2.1185333e-05,0
LA_D_8965995,0,2.1774282e-05,0
LA_D_8977156,0,7.638739e-06,0
LA_D_8991757,0,6.605945e-05,0
LA_D_9048163,0,2.9657947e-05,0
LA_D_9061308,0,2.0116395e-05,0
LA_D_9081161,0,0.0001271172,0
LA_D_9147104,0,6.262812e-06,0
LA_D_9150514,0,0.0076583447,0
LA_D_9152923,0,0.00010184637,0
LA_D_9156289,0,4.2325606e-05,0
LA_D_9236386,0,0.00010980534,0
LA_D_9257965,0,5.57426e-05,0
LA_D_9302308,0,0.007922767,0
LA_D_9316714,0,1.3804132e-05,0
LA_D_9339036,0,0.0041529825,0
LA_D_9356354,0,7.661567e-06,0
LA_D_9389955,0,0.00024028958,0
LA_D_9395637,0,0.00012461569,0
LA_D_9405663,0,2.5997413e-06,0
LA_D_9412084,0,1.8614091e-05,0
LA_D_9450434,0,6.3413434e-05,0
LA_D_9454746,0,0.00013319807,0
LA_D_9458104,0,9.491082e-05,0
LA_D_9483571,0,3.7371e-05,0
LA_D_9484889,0,2.9820256e-05,0
LA_D_9553903,0,1.1588926e-05,0
LA_D_9570497,0,5.4402084e-05,0
LA_D_9579892,0,2.0222957e-05,0
LA_D_9645090,0,2.2497892e-05,0
LA_D_9645323,0,3.817463e-06,0
LA_D_9663208,0,2.5082401e-05,0
LA_D_9676744,0,0.00065110874,0
LA_D_9724615,0,5.0162616e-05,0
LA_D_9749712,0,7.9656875e-06,0
LA_D_9756382,0,2.3657452e-05,0
LA_D_9764274,0,3.7895647e-05,0
LA_D_9781452,0,7.0067e-05,0
LA_D_9798833,0,4.552103e-05,0
LA_D_9811562,0,3.8470705e-05,0
LA_D_9818402,0,4.609705e-05,0
LA_D_9822388,0,1.0586431e-05,0
LA_D_9846692,0,8.993823e-05,0
LA_D_9862810,0,3.015171e-05,0
LA_D_9901164,0,3.7795424e-05,0
LA_D_9903082,0,0.00037620892,0
LA_D_9933229,0,5.7399957e-05,0
LA_D_9965150,0,7.027705e-05,0
LA_D_9985730,0,1.6183028e-05,0
LA_D_1025927,0,1.2931164e-05,0
LA_D_1070779,0,5.7732464e-06,0
LA_D_1088370,0,1.7167209e-05,0
LA_D_1091308,0,2.8669414e-05,0
LA_D_1105378,0,2.024646e-05,0
LA_D_1111626,0,1.6495864e-05,0
LA_D_1114144,0,2.8461594e-05,0
LA_D_1150161,0,7.267268e-05,0
LA_D_1165345,0,4.4957947e-06,0
LA_D_1168433,0,2.7037286e-06,0
LA_D_1195197,0,5.6148356e-06,0
LA_D_1197810,0,4.86234e-06,0
LA_D_1274077,0,9.482561e-06,0
LA_D_1296374,0,8.837821e-06,0
LA_D_1354354,0,3.850707e-06,0
LA_D_1514602,0,8.221538e-06,0
LA_D_1519429,0,1.0610688e-05,0
LA_D_1548278,0,4.031865e-05,0
LA_D_1677846,0,1.842041e-05,0
LA_D_1683013,0,1.0497232e-06,0
LA_D_1725978,0,0.00024113644,0
LA_D_1776073,0,1.962389e-05,0
LA_D_1848103,0,3.00549e-06,0
LA_D_1886400,0,1.9535271e-05,0
LA_D_2016158,0,1e-06,0
LA_D_2064757,0,3.3634822e-06,0
LA_D_2101345,0,0.0016326266,0
LA_D_2115009,0,3.500664e-06,0
LA_D_2118489,0,1.664699e-05,0
LA_D_2161752,0,6.3040206e-06,0
LA_D_2177055,0,8.715695e-06,0
LA_D_2197132,0,5.202594e-05,0
LA_D_2239594,0,9.610426e-06,0
LA_D_2270025,0,6.52118e-06,0
LA_D_2314822,0,5.6742738e-05,0
LA_D_2325645,0,2.8421016e-05,0
LA_D_2350572,0,7.2124403e-06,0
LA_D_2361735,0,4.251994e-06,0
LA_D_2369381,0,5.5739994e-05,0
LA_D_2385054,0,2.1077238e-05,0
LA_D_2399485,0,5.9042948e-05,0
LA_D_2430078,0,8.926934e-06,0
LA_D_2444810,0,8.968525e-06,0
LA_D_2449761,0,3.7296344e-05,0
LA_D_2473428,0,1.3800359e-06,0
LA_D_2482996,0,2.4419578e-05,0
LA_D_2494496,0,9.736284e-06,0
LA_D_2499979,0,2.1442209e-05,0
LA_D_2502418,0,4.090008e-06,0
LA_D_2513024,0,9.218861e-06,0
LA_D_2545209,0,1.87328e-05,0
LA_D_2559493,0,6.1077662e-06,0
LA_D_2561400,0,2.0289755e-05,0
LA_D_2615945,0,8.76088e-06,0
LA_D_2689404,0,5.139019e-05,0
LA_D_2696306,0,1.1767057e-05,0
LA_D_2701856,0,1.3222433e-05,0
LA_D_2709995,0,0.0014558863,0
LA_D_2715241,0,3.6072809e-06,0
LA_D_2738222,0,6.0318034e-06,0
LA_D_2757833,0,5.984887e-06,0
LA_D_2837325,0,9.583355e-05,0
LA_D_2860670,0,1.3113482e-05,0
LA_D_2872772,0,0.003292391,0
LA_D_2990459,0,1.60989e-06,0
LA_D_3051445,0,2.9175808e-06,0
LA_D_3065174,0,2.3102111e-06,0
LA_D_3085915,0,5.6563542e-05,0
LA_D_3087575,0,8.427967e-06,0
LA_D_3087814,0,5.5051955e-06,0
LA_D_3146791,0,7.3645465e-06,0
LA_D_3182064,0,8.74381e-06,0
LA_D_3184170,0,7.3600254e-06,0
LA_D_3188234,0,7.749508e-05,0
LA_D_3207833,0,2.3523684e-05,0
LA_D_3305165,0,1.9506233e-05,0
LA_D_3329999,0,3.0234633e-06,0
LA_D_3387937,0,5.4187116e-05,0
LA_D_3453232,0,5.8080873e-06,0
LA_D_3529673,0,2.0323452e-05,0
LA_D_3554651,0,1.9842637e-05,0
LA_D_3555349,0,4.7919322e-05,0
LA_D_3580620,0,7.143065e-06,0
LA_D_3666430,0,4.0597197e-06,0
LA_D_3689048,0,4.4199645e-05,0
LA_D_3694012,0,1.1295047e-06,0
LA_D_3725212,0,1.2011237e-06,0
LA_D_3738196,0,1.6885466e-05,0
LA_D_3751233,0,5.615735e-06,0
LA_D_3775288,0,1.6432401e-05,0
LA_D_3792583,0,1.5617075e-05,0
LA_D_3795890,0,4.3759596e-06,0
LA_D_3813018,0,2.0624053e-05,0
LA_D_3862599,0,6.365147e-05,0
LA_D_3884845,0,4.0417876e-06,0
LA_D_3921032,0,2.9093733e-05,0
LA_D_3942424,0,3.1007294e-05,0
LA_D_3991910,0,1.4644409e-05,0
LA_D_4026006,0,1.1407811e-05,0
LA_D_4061704,0,3.0500812e-06,0
LA_D_4122895,0,6.994606e-06,0
LA_D_4148951,0,7.319169e-06,0
LA_D_4213958,0,1.8952294e-05,0
LA_D_4254213,0,1.5564947e-05,0
LA_D_4254629,0,1.8905052e-05,0
LA_D_4265541,0,5.7097408e-05,0
LA_D_4308561,0,1.2536777e-06,0
LA_D_4309636,0,3.0963524e-06,0
LA_D_4338918,0,0.0001090845,0
LA_D_4344561,0,6.278791e-06,0
LA_D_4388836,0,3.0904023e-06,0
LA_D_4397256,0,4.318517e-06,0
LA_D_4441414,0,2.499849e-05,0
LA_D_4442289,0,1.3631464e-05,0
LA_D_4530557,0,2.274377e-05,0
LA_D_4543139,0,7.327843e-06,0
LA_D_4547626,0,1e-06,0
LA_D_4591057,0,4.7432222e-06,0
LA_D_4698607,0,1.8595676e-05,0
LA_D_4725187,0,5.7594614e-05,0
LA_D_4737267,0,1e-06,0
LA_D_4859938,0,1.685178e-05,0
LA_D_4860228,0,9.8454766e-05,0
LA_D_4900313,0,1.8910354e-05,0
LA_D_4952907,0,2.8712689e-06,0
LA_D_4961829,0,3.128522e-05,0
LA_D_4966175,0,0.00011479373,0
LA_D_4993211,0,9.886333e-06,0
LA_D_5046909,0,2.0104064e-05,0
LA_D_5052184,0,2.8128807e-05,0
LA_D_5058489,0,3.9100254e-05,0
LA_D_5076123,0,1.1009254e-05,0
LA_D_5077681,0,1.9912934e-06,0
LA_D_5126998,0,0.00015700945,0
LA_D_5147912,0,2.78219e-05,0
LA_D_5216508,0,3.5590383e-06,0
LA_D_5216823,0,3.073386e-05,0
LA_D_5265768,0,4.2867287e-05,0
LA_D_5271956,0,4.535833e-06,0
LA_D_5276027,0,2.5680745e-06,0
LA_D_5357932,0,4.2297097e-06,0
LA_D_5437115,0,4.804803e-06,0
LA_D_5456457,0,0.00023175201,0
LA_D_5485139,0,2.1223368e-05,0
LA_D_5486734,0,2.7260412e-06,0
LA_D_5498432,0,2.4888925e-05,0
LA_D_5502789,0,2.1741722e-05,0
LA_D_5548039,0,4.425896e-06,0
LA_D_5553386,0,5.264475e-06,0
LA_D_5607232,0,1.6306063e-05,0
LA_D_5683175,0,3.2032203e-05,0
LA_D_5704173,0,2.1752694e-05,0
LA_D_5751531,0,1e-06,0
LA_D_5849620,0,5.7751577e-06,0
LA_D_5853595,0,1.3906175e-05,0
LA_D_5858013,0,0.00015414848,0
LA_D_5918268,0,0.00011039379,0
LA_D_5918480,0,1.7332388e-05,0
LA_D_5934239,0,8.796116e-06,0
LA_D_5940340,0,2.0341538e-06,0
LA_D_5952895,0,1.616734e-05,0
LA_D_5991891,0,1.8819752e-05,0
LA_D_6009636,0,5.8282378e-05,0
LA_D_6035108,0,6.791255e-06,0
LA_D_6087781,0,3.9738734e-06,0
LA_D_6124472,0,5.5563694e-05,0
LA_D_6165551,0,9.676171e-06,0
LA_D_6180201,0,6.952516e-05,0
LA_D_6253995,0,5.4038803e-05,0
LA_D_6271904,0,1.15659495e-05,0
LA_D_6322470,0,1e-06,0
LA_D_6363189,0,1.1338375e-05,0
LA_D_6365603,0,2.4052235e-06,0
LA_D_6379749,0,0.00044250605,0
LA_D_6423611,0,9.725101e-06,0
LA_D_6424276,0,8.436265e-05,0
LA_D_6435266,0,4.53017e-06,0
LA_D_6463589,0,0.0019421782,0
LA_D_6474870,0,4.2025924e-05,0
LA_D_6606839,0,5.3003228e-06,0
LA_D_6633566,0,5.175552e-06,0
LA_D_6642678,0,3.393972e-05,0
LA_D_6666182,0,3.396643e-05,0
LA_D_6707722,0,1.381485e-05,0
LA_D_6813740,0,3.2925822e-05,0
LA_D_6859973,0,8.954279e-05,0
LA_D_6948552,0,2.3027911e-05,0
LA_D_6962147,0,1.2622675e-06,0
LA_D_6978904,0,1.51636705e-05,0
LA_D_7043976,0,2.7990086e-06,0
LA_D_7067028,0,2.4667797e-05,0
LA_D_7100242,0,1.7380238e-05,0
LA_D_7120318,0,6.2730455e-06,0
LA_D_7135654,0,4.48763e-06,0
LA_D_7170139,0,0.0003306605,0
LA_D_7189435,0,2.0262723e-05,0
LA_D_7193344,0,2.0225696e-05,0
LA_D_7228303,0,1.910897e-05,0
LA_D_7256748,0,8.833693e-06,0
LA_D_7298589,0,3.973354e-06,0
LA_D_7299439,0,1.219592e-05,0
LA_D_7325586,0,3.0062095e-06,0
LA_D_7355604,0,2.8954893e-05,0
LA_D_7360950,0,1.917084e-06,0
LA_D_7402503,0,4.0313305e-05,0
LA_D_7411256,0,1.2840223e-06,0
LA_D_7430939,0,2.8501202e-06,0
LA_D_7436720,0,1.6189464e-05,0
LA_D_7469397,0,2.0983898e-05,0
LA_D_7487831,0,2.0139967e-05,0
LA_D_7501132,0,2.2661563e-06,0
LA_D_7529532,0,8.690124e-06,0
LA_D_7575803,0,8.1765735e-05,0
LA_D_7620039,0,2.4811974e-05,0
LA_D_7628615,0,3.3534372e-05,0
LA_D_7652023,0,3.7068996e-06,0
LA_D_7664721,0,1.8531502e-05,0
LA_D_7672778,0,4.823181e-06,0
LA_D_7720647,0,1.09278735e-05,0
LA_D_7738175,0,2.4277542e-05,0
LA_D_7742793,0,6.605883e-05,0
LA_D_7794367,0,2.4754427e-05,0
LA_D_7794776,0,1.0952225e-05,0
LA_D_7834454,0,3.8639468e-05,0
LA_D_7874436,0,2.9036603e-06,0
LA_D_7877117,0,1.3364215e-06,0
LA_D_7882779,0,1.7678663e-05,0
LA_D_7901691,0,7.160949e-06,0
LA_D_7957664,0,1.6345748e-05,0
LA_D_7964973,0,1.0965958e-05,0
LA_D_7990145,0,2.456781e-05,0
LA_D_8008446,0,1e-06,0
LA_D_8012683,0,1.3882882e-05,0
LA_D_8022264,0,2.4856258e-06,0
LA_D_8038151,0,4.6848745e-06,0
LA_D_8043094,0,5.025315e-06,0
LA_D_8069736,0,5.628261e-05,0
LA_D_8076952,0,7.105209e-06,0
LA_D_8088423,0,4.114255e-06,0
LA_D_8113627,0,4.4758093e-05,0
LA_D_8126699,0,2.3085255e-05,0
LA_D_8155157,0,5.5402625e-06,0
LA_D_8229090,0,2.654957e-05,0
LA_D_8259778,0,1.1562399e-05,0
LA_D_8259798,0,3.8594688e-05,0
LA_D_8260717,0,0.00019226637,0
LA_D_8284400,0,2.5818292e-05,0
LA_D_8382417,0,2.8477963e-05,0
LA_D_8389167,0,5.8120197e-05,0
LA_D_8407147,0,2.6165702e-05,0
LA_D_8407252,0,1.1688477e-05,0
LA_D_8440240,0,7.117316e-05,0
LA_D_8459341,0,5.334242e-06,0
LA_D_8470242,0,8.893082e-06,0
LA_D_8486261,0,7.521514e-05,0
LA_D_8508542,0,4.2276355e-05,0
LA_D_8516649,0,8.84433e-06,0
LA_D_8537694,0,2.9016843e-05,0
LA_D_8557721,0,3.813197e-05,0
LA_D_8576711,0,1.0695948e-05,0
LA_D_8609765,0,8.112096e-06,0
LA_D_8668147,0,4.766539e-06,0
LA_D_8713999,0,2.0397113e-06,0
LA_D_8724573,0,4.3762408e-05,0
LA_D_8791416,0,4.3409145e-05,0
LA_D_8840275,0,1.31642655e-05,0
LA_D_8850840,0,6.9504085e-06,0
LA_D_8866986,0,6.2642393e-06,0
LA_D_8890967,0,2.0138084e-05,0
LA_D_8911190,0,4.8511038e-06,0
LA_D_9044209,0,4.2508032e-05,0
LA_D_9120091,0,0.00016201692,0
LA_D_9121380,0,4.757044e-06,0
LA_D_9125336,0,0.0001450187,0
LA_D_9196227,0,2.7181259e-05,0
LA_D_9197432,0,0.00017506938,0
LA_D_9235322,0,2.3834857e-05,0
LA_D_9238626,0,3.184814e-05,0
LA_D_9288877,0,2.850217e-05,0
LA_D_9304694,0,1e-06,0
LA_D_9326060,0,0.0029557068,0
LA_D_9348134,0,0.0001152367,0
LA_D_9372553,0,2.8056393e-05,0
LA_D_9399909,0,2.380056e-05,0
LA_D_9419011,0,1.8208096e-06,0
LA_D_9428145,0,7.9307365e-06,0
LA_D_9462541,0,1.8503935e-05,0
LA_D_9507060,0,2.4468321e-05,0
LA_D_9535689,0,2.3444694e-05,0
LA_D_9538442,0,5.115964e-05,0
LA_D_9553419,0,7.920775e-06,0
LA_D_9642966,0,1.1603048e-05,0
LA_D_9660901,0,3.1247055e-05,0
LA_D_9731600,0,8.623337e-06,0
LA_D_9751873,0,1.8793584e-05,0
LA_D_9758752,0,1.5644697e-05,0
LA_D_9763964,0,3.7387006e-05,0
LA_D_9769587,0,1.5114295e-05,0
LA_D_9779377,0,6.3781925e-05,0
LA_D_9781045,0,8.482851e-05,0
LA_D_9805942,0,1.5069089e-05,0
LA_D_9818011,0,3.6444115e-05,0
LA_D_9880830,0,1.1200362e-05,0
LA_D_9887916,0,4.050176e-06,0
LA_D_9888937,0,9.86266e-06,0
LA_D_9918902,0,1.9955627e-05,0
LA_D_9958640,0,0.00014209462,0
LA_D_9978941,0,5.1771663e-06,0
LA_D_1005592,0,1.3922427e-06,0
LA_D_1017104,0,8.057255e-06,0
LA_D_1071228,0,4.288139e-06,0
LA_D_1089739,0,3.5698206e-06,0
LA_D_1119673,0,1.431892e-06,0
LA_D_1123797,0,1.1030336e-05,0
LA_D_1138261,0,4.6915225e-06,0
LA_D_1184930,0,3.5867395e-06,0
LA_D_1194428,0,9.1471404e-05,0
LA_D_1235178,0,5.684852e-06,0
LA_D_1236265,0,6.9600455e-06,0
LA_D_1271546,0,4.9202463e-06,0
LA_D_1298389,0,3.552646e-05,0
LA_D_1304868,0,1.6251432e-05,0
LA_D_1315293,0,7.311202e-06,0
LA_D_1324364,0,1e-06,0
LA_D_1416914,0,5.374044e-06,0
LA_D_1419805,0,1e-06,0
LA_D_1432926,0,3.92335e-06,0
LA_D_1452190,0,1.1024531e-05,0
LA_D_1462753,0,1.7641682e-06,0
LA_D_1483747,0,2.1383847e-05,0
LA_D_1500142,0,7.4654467e-06,0
LA_D_1524995,0,0.00016628404,0
LA_D_1662418,0,1.4574499e-06,0
LA_D_1664723,0,3.5958603e-06,0
LA_D_1672244,0,5.426016e-06,0
LA_D_1679777,0,1e-06,0
LA_D_1709196,0,5.0118038e-06,0
LA_D_1752633,0,1.5324411e-05,0
LA_D_1761574,0,2.7534234e-06,0
LA_D_1784041,0,8.078028e-06,0
LA_D_1842681,0,1.2311328e-05,0
LA_D_1856279,0,1e-06,0
LA_D_1872403,0,1.7795683e-05,0
LA_D_1874306,0,1e-06,0
LA_D_1895641,0,7.2748685e-06,0
LA_D_1940643,0,3.664513e-06,0
LA_D_1947826,0,3.799916e-06,0
LA_D_2040400,0,3.5245484e-06,0
LA_D_2053619,0,7.919067e-06,0
LA_D_2055633,0,5.5334767e-06,0
LA_D_2058117,0,2.5277797e-05,0
LA_D_2078823,0,6.985048e-06,0
LA_D_2090075,0,8.089314e-06,0
LA_D_2094128,0,2.9172024e-05,0
LA_D_2108473,0,2.603885e-05,0
LA_D_2121290,0,3.2128044e-06,0
LA_D_2155552,0,2.2219774e-06,0
LA_D_2177857,0,3.6376055e-06,0
LA_D_2187583,0,1.7314459e-06,0
LA_D_2188055,0,3.1307902e-06,0
LA_D_2197517,0,1.7957854e-06,0
LA_D_2251028,0,4.906377e-06,0
LA_D_2256955,0,1.4357083e-05,0
LA_D_2258916,0,4.6953046e-06,0
LA_D_2273809,0,2.3923305e-05,0
LA_D_2320593,0,8.402622e-06,0
LA_D_2325262,0,5.797468e-06,0
LA_D_2327064,0,1e-06,0
LA_D_2336355,0,3.129877e-05,0
LA_D_2339979,0,2.025012e-06,0
LA_D_2348570,0,4.109479e-06,0
LA_D_2359956,0,4.38982e-06,0
LA_D_2365570,0,2.5850857e-06,0
LA_D_2408058,0,9.704275e-06,0
LA_D_2466743,0,1.3306427e-05,0
LA_D_2511400,0,1e-06,0
LA_D_2513311,0,1.2602876e-06,0
LA_D_2525166,0,5.4743023e-06,0
LA_D_2526953,0,1e-06,0
LA_D_2536374,0,2.3398852e-06,0
LA_D_2549595,0,1.3910526e-05,0
LA_D_2554799,0,7.757565e-06,0
LA_D_2573708,0,6.4130595e-06,0
LA_D_2583177,0,1.1930433e-06,0
LA_D_2590592,0,8.788779e-06,0
LA_D_2606185,0,2.8792758e-06,0
LA_D_2609934,0,4.702784e-06,0
LA_D_2634577,0,2.3995485e-06,0
LA_D_2655716,0,0.00017495723,0
LA_D_2704448,0,3.3820947e-05,0
LA_D_2757626,0,2.4066572e-05,0
LA_D_2810400,0,4.482164e-06,0
LA_D_2819802,0,8.9503765e-06,0
LA_D_2848309,0,1.1680393e-06,0
LA_D_2882142,0,1e-06,0
LA_D_2919295,0,1.3819648e-05,0
LA_D_2928353,0,1.2683692e-05,0
LA_D_2949136,0,1.1448868e-05,0
LA_D_2952257,0,1.1901244e-05,0
LA_D_3010217,0,5.9076187e-06,0
LA_D_3022940,0,8.273591e-06,0
LA_D_3037806,0,2.938694e-05,0
LA_D_3055189,0,1e-06,0
LA_D_3059743,0,6.4372693e-06,0
LA_D_3067081,0,3.968469e-06,0
LA_D_3113480,0,4.4888375e-06,0
LA_D_3147303,0,1.6534008e-05,0
LA_D_3160896,0,1.4276283e-05,0
LA_D_3165418,0,1.530204e-05,0
LA_D_3184710,0,1e-06,0
LA_D_3194471,0,1e-06,0
LA_D_3237813,0,7.5738167e-06,0
LA_D_3255851,0,8.605526e-06,0
LA_D_3274443,0,9.276186e-06,0
LA_D_3333538,0,3.1934865e-06,0
LA_D_3336409,0,8.477057e-06,0
LA_D_3340917,0,1.6752307e-05,0
LA_D_3342540,0,1e-06,0
LA_D_3345119,0,9.227974e-06,0
LA_D_3369880,0,1.7426011e-06,0
LA_D_3451614,0,2.1221324e-05,0
LA_D_3453583,0,1.0224709e-05,0
LA_D_3473084,0,6.8731165e-06,0
LA_D_3513996,0,1e-06,0
LA_D_3522504,0,4.674527e-05,0
LA_D_3543525,0,5.0248404e-06,0
LA_D_3563525,0,7.122822e-06,0
LA_D_3565784,0,1.607479e-05,0
LA_D_3604092,0,3.4821282e-06,0
LA_D_3643393,0,5.0310842e-05,0
LA_D_3682617,0,1.8983303e-06,0
LA_D_3690238,0,1.1019399e-06,0
LA_D_3693927,0,3.8871276e-06,0
LA_D_3724557,0,3.701163e-06,0
LA_D_3727131,0,3.3899105e-06,0
LA_D_3747721,0,1.9773255e-05,0
LA_D_3762352,0,1.1739288e-06,0
LA_D_3762413,0,1.15311705e-05,0
LA_D_3795957,0,9.819366e-06,0
LA_D_3833530,0,1.3182696e-05,0
LA_D_3841427,0,0.00013664164,0
LA_D_3844016,0,2.0410405e-06,0
LA_D_3853070,0,1e-06,0
LA_D_3858259,0,7.4122268e-06,0
LA_D_3864466,0,1.3596114e-06,0
LA_D_3878565,0,1.11915215e-05,0
LA_D_3887071,0,5.9516647e-06,0
LA_D_3907775,0,1.5701315e-05,0
LA_D_3912535,0,1e-06,0
LA_D_3971907,0,1.9994144e-05,0
LA_D_4015028,0,6.8901663e-06,0
LA_D_4019149,0,4.3460072e-06,0
LA_D_4044179,0,1.3630617e-05,0
LA_D_4077010,0,9.422982e-06,0
LA_D_4078062,0,1.5803435e-05,0
LA_D_4087578,0,1.963735e-06,0
LA_D_4119669,0,6.5088902e-06,0
LA_D_4196841,0,2.9210998e-06,0
LA_D_4204929,0,1.1019138e-06,0
LA_D_4216338,0,5.11729e-06,0
LA_D_4225586,0,5.2875753e-06,0
LA_D_4271111,0,4.69133e-06,0
LA_D_4330957,0,7.697445e-06,0
LA_D_4351186,0,5.4045113e-06,0
LA_D_4369287,0,1.0892425e-05,0
LA_D_4371162,0,1e-06,0
LA_D_4372097,0,2.1786016e-05,0
LA_D_4392498,0,3.0798335e-06,0
LA_D_4421919,0,6.0799535e-05,0
LA_D_4435369,0,1.0216337e-05,0
LA_D_4473107,0,2.1586031e-06,0
LA_D_4473772,0,1.0762097e-05,0
LA_D_4476636,0,0.00036187124,0
LA_D_4511459,0,1.0546285e-05,0
LA_D_4517588,0,1.2405602e-05,0
LA_D_4522076,0,7.221182e-06,0
LA_D_4547827,0,2.207945e-06,0
LA_D_4548848,0,1.4663223e-06,0
LA_D_4549046,0,1e-06,0
LA_D_4552949,0,1.5946805e-05,0
LA_D_4556350,0,7.1703653e-06,0
LA_D_4560028,0,1e-06,0
LA_D_4589938,0,6.46341e-05,0
LA_D_4647925,0,1.130716e-06,0
LA_D_4677050,0,1e-06,0
LA_D_4677377,0,3.9344936e-06,0
LA_D_4692792,0,1.3346448e-05,0
LA_D_4722390,0,1.2535174e-06,0
LA_D_4726412,0,1e-06,0
LA_D_4759329,0,2.114953e-06,0
LA_D_4769411,0,7.0990654e-06,0
LA_D_4815771,0,1.0039262e-05,0
LA_D_4835175,0,2.057327e-06,0
LA_D_4878294,0,1.0038974e-05,0
LA_D_4884849,0,2.1966562e-06,0
LA_D_4948187,0,1.2764787e-05,0
LA_D_4983386,0,7.6024885e-06,0
LA_D_4988682,0,8.098222e-06,0
LA_D_4990524,0,7.90835e-06,0
LA_D_5092281,0,5.5867936e-06,0
LA_D_5104889,0,1e-06,0
LA_D_5107370,0,1.1772602e-05,0
LA_D_5116107,0,5.8085084e-06,0
LA_D_5132318,0,3.4046943e-06,0
LA_D_5163704,0,1.1040439e-05,0
LA_D_5196824,0,2.759276e-05,0
LA_D_5264237,0,1.0076555e-05,0
LA_D_5284683,0,5.173879e-06,0
LA_D_5294702,0,1e-06,0
LA_D_5308837,0,9.158764e-06,0
LA_D_5319328,0,0.00023422737,0
LA_D_5320629,0,1e-06,0
LA_D_5333215,0,2.624463e-06,0
LA_D_5346392,0,8.8771e-06,0
LA_D_5349000,0,1.8710628e-06,0
LA_D_5381348,0,1.7627438e-06,0
LA_D_5386355,0,6.13833e-06,0
LA_D_5423506,0,1.9251036e-05,0
LA_D_5502502,0,1.0889589e-05,0
LA_D_5516998,0,8.146977e-06,0
LA_D_5542812,0,7.6699735e-06,0
LA_D_5549392,0,1.1169428e-06,0
LA_D_5551300,0,6.8946892e-06,0
LA_D_5560341,0,6.7254373e-06,0
LA_D_5592243,0,2.8466923e-06,0
LA_D_5597425,0,9.920845e-06,0
LA_D_5604504,0,1.0083553e-05,0
LA_D_5611758,0,1.7945897e-05,0
LA_D_5622113,0,2.5585357e-06,0
LA_D_5635812,0,2.1642427e-05,0
LA_D_5638131,0,1.0363263e-05,0
LA_D_5644863,0,1.9577457e-05,0
LA_D_5646947,0,4.3699547e-06,0
LA_D_5649166,0,1.9777593e-05,0
LA_D_5650071,0,4.9264204e-06,0
LA_D_5698354,0,1.7055684e-06,0
LA_D_5728145,0,2.0293508e-05,0
LA_D_5737821,0,6.478551e-06,0
LA_D_5766266,0,2.478485e-05,0
LA_D_5802470,0,4.429586e-06,0
LA_D_5809161,0,5.352725e-06,0
LA_D_5922608,0,1.36446115e-05,0
LA_D_5972807,0,1.4394993e-06,0
LA_D_5972863,0,8.235687e-06,0
LA_D_5985773,0,3.307555e-06,0
LA_D_5999948,0,1.0765441e-06,0
LA_D_6064950,0,1e-06,0
LA_D_6073336,0,1e-06,0
LA_D_6121830,0,2.2270772e-06,0
LA_D_6126930,0,3.8446237e-06,0
LA_D_6137882,0,1.025237e-05,0
LA_D_6145183,0,8.631121e-06,0
LA_D_6192981,0,2.0988722e-05,0
LA_D_6210899,0,1e-06,0
LA_D_6238691,0,1e-06,0
LA_D_6250547,0,1.4106033e-05,0
LA_D_6325513,0,9.753244e-06,0
LA_D_6370946,0,7.308141e-06,0
LA_D_6412057,0,8.380119e-06,0
LA_D_6438449,0,1e-06,0
LA_D_6444645,0,4.062997e-06,0
LA_D_6445805,0,2.081798e-05,0
LA_D_6454007,0,6.019839e-06,0
LA_D_6502788,0,5.4238804e-05,0
LA_D_6519360,0,1.5298288e-05,0
LA_D_6533276,0,2.4962517e-05,0
LA_D_6578873,0,1.3217086e-05,0
LA_D_6584339,0,1.8791528e-06,0
LA_D_6603129,0,9.926703e-06,0
LA_D_6615635,0,1.0583155e-06,0
LA_D_6647057,0,1.0918228e-05,0
LA_D_6671090,0,6.003535e-06,0
LA_D_6715407,0,1.5500246e-06,0
LA_D_6719481,0,1.1472238e-06,0
LA_D_6739250,0,1.5682072e-05,0
LA_D_6743731,0,2.1554577e-06,0
LA_D_6757219,0,7.675432e-06,0
LA_D_6768882,0,7.6072383e-06,0
LA_D_6783067,0,0.0016317377,0
LA_D_6797077,0,1.05617855e-05,0
LA_D_6817962,0,1.9242054e-06,0
LA_D_6843783,0,4.2656295e-05,0
LA_D_6876570,0,1e-06,0
LA_D_6938333,0,1.4683327e-05,0
LA_D_6997711,0,5.6860017e-06,0
LA_D_7002448,0,4.4212634e-06,0
LA_D_7060794,0,2.7191703e-05,0
LA_D_7068603,0,7.653767e-06,0
LA_D_7079905,0,2.5146206e-05,0
LA_D_7083743,0,4.238605e-06,0
LA_D_7096702,0,2.7112242e-06,0
LA_D_7107378,0,1.6578741e-06,0
LA_D_7110350,0,5.4693755e-06,0
LA_D_7112173,0,1e-06,0
LA_D_7137251,0,1.5512578e-05,0
LA_D_7155130,0,1e-06,0
LA_D_7160941,0,1.6060125e-05,0
LA_D_7190149,0,1e-06,0
LA_D_7194318,0,1.8793677e-05,0
LA_D_7195145,0,1.146365e-05,0
LA_D_7221029,0,2.2375823e-05,0
LA_D_7234853,0,2.6150537e-06,0
LA_D_7236553,0,5.6798344e-06,0
LA_D_7241235,0,1e-06,0
LA_D_7266503,0,3.4717916e-05,0
LA_D_7274033,0,5.7864427e-06,0
LA_D_7282121,0,2.240323e-06,0
LA_D_7283042,0,5.9791596e-06,0
LA_D_7301396,0,4.9623372e-06,0
LA_D_7337144,0,2.9298737e-05,0
LA_D_7359279,0,2.5734043e-06,0
LA_D_7364828,0,2.7542453e-06,0
LA_D_7402167,0,2.3012371e-06,0
LA_D_7466534,0,1.5262776e-05,0
LA_D_7469833,0,2.932309e-06,0
LA_D_7482154,0,2.6388461e-06,0
LA_D_7493771,0,3.9740404e-05,0
LA_D_7522206,0,4.9755963e-06,0
LA_D_7543487,0,1e-06,0
LA_D_7553595,0,1e-06,0
LA_D_7553690,0,1.2552637e-05,0
LA_D_7572414,0,2.5151658e-06,0
LA_D_7575804,0,5.225669e-06,0
LA_D_7601300,0,2.0005167e-05,0
LA_D_7619301,0,3.5290254e-06,0
LA_D_7628765,0,2.7326553e-06,0
LA_D_7641817,0,4.7006593e-05,0
LA_D_7671320,0,6.4844357e-06,0
LA_D_7744640,0,1.2856592e-06,0
LA_D_7745958,0,6.7094676e-05,0
LA_D_7751409,0,4.403296e-06,0
LA_D_7754254,0,1.0461201e-05,0
LA_D_7766160,0,7.908177e-06,0
LA_D_7806845,0,1.8959041e-06,0
LA_D_7817451,0,3.863011e-05,0
LA_D_7848216,0,2.175197e-05,0
LA_D_7865668,0,1.101459e-05,0
LA_D_7880550,0,2.1318281e-05,0
LA_D_7900417,0,5.071902e-06,0
LA_D_7944104,0,2.82393e-05,0
LA_D_7965354,0,2.8391876e-06,0
LA_D_8005673,0,3.0359918e-06,0
LA_D_8008070,0,1.0260841e-05,0
LA_D_8034675,0,2.258665e-06,0
LA_D_8077746,0,2.075942e-06,0
LA_D_8086986,0,8.008991e-06,0
LA_D_8124456,0,1.5278414e-06,0
LA_D_8149746,0,7.853413e-05,0
LA_D_8151843,0,1.6615446e-06,0
LA_D_8155810,0,2.9957207e-06,0
LA_D_8172857,0,3.73458e-06,0
LA_D_8183663,0,1e-06,0
LA_D_8220630,0,1.1115256e-06,0
LA_D_8344758,0,2.3546077e-06,0
LA_D_8358680,0,1e-06,0
LA_D_8365140,0,6.543869e-06,0
LA_D_8373134,0,1.2687e-06,0
LA_D_8408092,0,1.0651546e-05,0
LA_D_8411257,0,1e-06,0
LA_D_8412782,0,5.560769e-06,0
LA_D_8441726,0,7.1383392e-06,0
LA_D_8462223,0,1e-06,0
LA_D_8466822,0,2.7565497e-06,0
LA_D_8493812,0,1.1511418e-06,0
LA_D_8495778,0,6.0043303e-06,0
LA_D_8541558,0,6.317231e-06,0
LA_D_8569874,0,2.9014154e-06,0
LA_D_8572723,0,7.218448e-06,0
LA_D_8586748,0,1.8967989e-05,0
LA_D_8617975,0,8.4905205e-06,0
LA_D_8651574,0,5.6311374e-06,0
LA_D_8654167,0,4.3514447e-06,0
LA_D_8655579,0,2.988356e-06,0
LA_D_8686332,0,1.8565659e-06,0
LA_D_8691764,0,3.2138534e-05,0
LA_D_8695868,0,1e-06,0
LA_D_8714770,0,4.5068487e-06,0
LA_D_8714999,0,6.9168905e-06,0
LA_D_8792415,0,1.0936308e-05,0
LA_D_8793112,0,2.4896473e-05,0
LA_D_8926176,0,5.771865e-06,0
LA_D_8951929,0,1.7621622e-06,0
LA_D_8975144,0,1e-06,0
LA_D_9078703,0,1.5944792e-06,0
LA_D_9082615,0,4.966328e-06,0
LA_D_9090962,0,1e-06,0
LA_D_9120912,0,1.1721172e-05,0
LA_D_9141931,0,1e-06,0
LA_D_9162826,0,5.73033e-06,0
LA_D_9214389,0,9.167704e-06,0
LA_D_9254571,0,3.0845958e-06,0
LA_D_9270459,0,1.912859e-05,0
LA_D_9283838,0,2.7758497e-06,0
LA_D_9286223,0,2.3209137e-05,0
LA_D_9318537,0,2.5287294e-05,0
LA_D_9347029,0,3.8074609e-06,0
LA_D_9350453,0,1e-06,0
LA_D_9362885,0,3.6154273e-05,0
LA_D_9415159,0,2.6509103e-06,0
LA_D_9479212,0,1.4383343e-06,0
LA_D_9500532,0,1e-06,0
LA_D_9504776,0,1e-06,0
LA_D_9508280,0,1e-06,0
LA_D_9512282,0,1.3868894e-05,0
LA_D_9541853,0,2.565955e-05,0
LA_D_9554955,0,5.3724143e-06,0
LA_D_9587491,0,5.0146245e-06,0
LA_D_9641664,0,0.0006821397,0
LA_D_9656378,0,3.5698577e-05,0
LA_D_9664614,0,1.957184e-06,0
LA_D_9669521,0,8.746729e-06,0
LA_D_9702949,0,7.803733e-06,0
LA_D_9704152,0,1.24446e-05,0
LA_D_9715643,0,5.1455413e-06,0
LA_D_9785400,0,8.4025905e-06,0
LA_D_9811495,0,9.292797e-06,0
LA_D_9821568,0,1.9128252e-06,0
LA_D_9844896,0,1e-06,0
LA_D_9880739,0,3.8980896e-05,0
LA_D_9884237,0,2.3501263e-05,0
LA_D_9954215,0,5.1853985e-06,0
LA_D_9997481,0,1e-06,0
LA_D_1014313,0,4.6276182e-05,0
LA_D_1024828,0,9.339443e-05,0
LA_D_1042957,0,0.00016643458,0
LA_D_1071755,0,1.6096817e-05,0
LA_D_1077260,0,0.04756792,0
LA_D_1099918,0,0.00015373438,0
LA_D_1116049,0,1.9035817e-05,0
LA_D_1126375,0,0.020251762,0
LA_D_1127824,0,0.0001344031,0
LA_D_1132441,0,1.5257523e-05,0
LA_D_1180208,0,1.1607431e-05,0
LA_D_1204522,0,5.2129835e-05,0
LA_D_1207010,0,1.817805e-05,0
LA_D_1233437,0,0.0005025108,0
LA_D_1240926,0,1e-06,0
LA_D_1251239,0,0.00013783063,0
LA_D_1267409,0,0.0004222357,0
LA_D_1285082,0,2.0622872e-05,0
LA_D_1352376,0,5.6016356e-06,0
LA_D_1384883,0,1e-06,0
LA_D_1426626,0,8.736191e-06,0
LA_D_1434059,0,1.4202045e-05,0
LA_D_1441868,0,1.3176713e-05,0
LA_D_1452163,0,2.7922399e-05,0
LA_D_1500944,0,0.00014939673,0
LA_D_1512410,0,8.779731e-06,0
LA_D_1513571,0,5.1045994e-05,0
LA_D_1518705,0,1e-06,0
LA_D_1535257,0,2.4743777e-06,0
LA_D_1553232,0,2.8227803e-05,0
LA_D_1553263,0,4.300039e-05,0
LA_D_1569272,0,5.3082265e-05,0
LA_D_1575988,0,0.00011897173,0
LA_D_1579120,0,7.1757077e-06,0
LA_D_1601204,0,3.5129278e-06,0
LA_D_1638191,0,3.651647e-06,0
LA_D_1638389,0,1e-06,0
LA_D_1670814,0,0.00013315972,0
LA_D_1751935,0,0.008714032,0
LA_D_1759072,0,0.00011616965,0
LA_D_1809228,0,6.7442693e-06,0
LA_D_1812790,0,1.8327208e-05,0
LA_D_1861177,0,0.00090362976,0
LA_D_1978644,0,6.3023977e-06,0
LA_D_1987685,0,3.7222933e-05,0
LA_D_2024850,0,0.0050967927,0
LA_D_2043551,0,2.4140358e-05,0
LA_D_2043751,0,6.6434395e-06,0
LA_D_2057469,0,5.7237674e-05,0
LA_D_2058715,0,2.2224236e-05,0
LA_D_2081076,0,1e-06,0
LA_D_2085107,0,6.235491e-05,0
LA_D_2095161,0,1e-06,0
LA_D_2119575,0,6.566521e-05,0
LA_D_2155597,0,0.004747779,0
LA_D_2156358,0,1.1491726e-05,0
LA_D_2177130,0,0.00017545291,0
LA_D_2180081,0,1.0679574e-06,0
LA_D_2187146,0,3.2046595e-05,0
LA_D_2218719,0,3.9869205e-06,0
LA_D_2224413,0,0.00015358349,0
LA_D_2281393,0,7.583877e-06,0
LA_D_2287659,0,1e-06,0
LA_D_2288437,0,1.8239449e-06,0
LA_D_2291030,0,5.213963e-05,0
LA_D_2320491,0,4.4708308e-05,0
LA_D_2381849,0,0.0006609374,0
LA_D_2393251,0,7.192542e-06,0
LA_D_2419226,0,1.7863289e-05,0
LA_D_2428132,0,2.5899171e-06,0
LA_D_2464440,0,4.1109754e-05,0
LA_D_2503748,0,8.1276e-06,0
LA_D_2519550,0,4.4481258e-05,0
LA_D_2531153,0,1.2803568e-05,0
LA_D_2534355,0,1.850279e-05,0
LA_D_2691767,0,4.689867e-06,0
LA_D_2694236,0,0.004387814,0
LA_D_2710357,0,7.8318975e-05,0
LA_D_2762751,0,0.00054354116,0
LA_D_2808783,0,1e-06,0
LA_D_2818034,0,2.8656486e-05,0
LA_D_2869657,0,0.005226213,0
LA_D_2903866,0,0.00025672186,0
LA_D_2939027,0,7.885742e-06,0
LA_D_2943864,0,3.7637776e-06,0
LA_D_2950963,0,1.0196607e-05,0
LA_D_2959991,0,1e-06,0
LA_D_2973320,0,1.4599689e-05,0
LA_D_2976593,0,2.402594e-06,0
LA_D_2999920,0,1e-06,0
LA_D_3053759,0,0.0002496554,0
LA_D_3055355,0,2.0968695e-05,0
LA_D_3061231,0,8.8497894e-05,0
LA_D_3165119,0,0.00068092253,0
LA_D_3192893,0,9.064348e-06,0
LA_D_3249889,0,9.517848e-06,0
LA_D_3260017,0,1.0905969e-05,0
LA_D_3262004,0,3.79591e-06,0
LA_D_3275650,0,1.2678129e-05,0
LA_D_3280997,0,3.2537744e-06,0
LA_D_3297516,0,1.2824002e-05,0
LA_D_3297875,0,8.894769e-06,0
LA_D_3324145,0,8.339872e-05,0
LA_D_3330227,0,1e-06,0
LA_D_3332389,0,4.815965e-05,0
LA_D_3397300,0,0.0005287918,0
LA_D_3408868,0,7.5185335e-06,0
LA_D_3424132,0,1.057644e-05,0
LA_D_3446499,0,2.933296e-05,0
LA_D_3449245,0,4.9555543e-05,0
LA_D_3453122,0,7.265294e-05,0
LA_D_3475079,0,1.4537572e-05,0
LA_D_3480390,0,0.0008778902,0
LA_D_3514423,0,2.3988574e-05,0
LA_D_3562518,0,0.0001540869,0
LA_D_3595306,0,1.0905699e-05,0
LA_D_3626249,0,0.0001022275,0
LA_D_3630332,0,1.839029e-05,0
LA_D_3632818,0,0.0005606074,0
LA_D_3645061,0,0.00017531744,0
LA_D_3656100,0,0.0005284021,0
LA_D_3662597,0,0.00037049587,0
LA_D_3690818,0,1.2105491e-05,0
LA_D_3695181,0,4.8166265e-05,0
LA_D_3701347,0,2.3310373e-05,0
LA_D_3706611,0,6.606057e-06,0
LA_D_3708066,0,1.9212044e-05,0
LA_D_3715432,0,3.1103635e-05,0
LA_D_3716647,0,0.0028311897,0
LA_D_3761840,0,0.00012011838,0
LA_D_3768134,0,4.9396167e-05,0
LA_D_3803199,0,8.1881735e-06,0
LA_D_3809615,0,4.9858368e-06,0
LA_D_3845345,0,9.2023634e-05,0
LA_D_3859553,0,3.945691e-06,0
LA_D_3866706,0,1e-06,0
LA_D_3901587,0,8.308945e-05,0
LA_D_3903524,0,5.6488076e-05,0
LA_D_3928545,0,2.6320624e-06,0
LA_D_3945330,0,0.00212636,0
LA_D_3977795,0,1.996286e-05,0
LA_D_3991143,0,1.0162774e-05,0
LA_D_4022595,0,4.370794e-05,0
LA_D_4047883,0,1.6365153e-05,0
LA_D_4052518,0,1.9126728e-05,0
LA_D_4073912,0,2.2227712e-05,0
LA_D_4118240,0,1e-06,0
LA_D_4134557,0,2.5979074e-05,0
LA_D_4140180,0,3.3450182e-05,0
LA_D_4195410,0,0.00068913365,0
LA_D_4195724,0,1.8680996e-05,0
LA_D_4230421,0,7.5342386e-06,0
LA_D_4249396,0,3.000273e-05,0
LA_D_4277404,0,0.0011819758,0
LA_D_4344378,0,6.6110246e-05,0
LA_D_4350681,0,9.22486e-06,0
LA_D_4362776,0,3.934919e-05,0
LA_D_4382023,0,0.00035525992,0
LA_D_4418208,0,1.4855791e-06,0
LA_D_4427787,0,2.465486e-05,0
LA_D_4429694,0,1.1299257e-05,0
LA_D_4495277,0,0.0017210657,0
LA_D_4546830,0,0.00010877009,0
LA_D_4548869,0,1.7227892e-05,0
LA_D_4581852,0,0.00018021966,0
LA_D_4582489,0,5.1153825e-06,0
LA_D_4651240,0,1.4284863e-05,0
LA_D_4663597,0,2.2852393e-05,0
LA_D_4727007,0,5.5950724e-05,0
LA_D_4813632,0,0.00045709085,0
LA_D_4827346,0,1.0538986e-05,0
LA_D_4830689,0,4.0995514e-05,0
LA_D_4857310,0,1.8254506e-05,0
LA_D_4862951,0,9.349296e-06,0
LA_D_4882559,0,0.00020348189,0
LA_D_4886495,0,2.1279802e-06,0
LA_D_4894867,0,1.51591e-06,0
LA_D_4904445,0,6.4785695e-06,0
LA_D_4909424,0,3.4312965e-05,0
LA_D_4929736,0,1e-06,0
LA_D_4954650,0,2.7007159e-06,0
LA_D_4958419,0,8.618297e-06,0
LA_D_4977848,0,2.0559602e-05,0
LA_D_5005076,0,0.00020981567,0
LA_D_5020488,0,5.1086903e-05,0
LA_D_5023157,0,4.874646e-05,0
LA_D_5025305,0,6.202736e-06,0
LA_D_5031733,0,2.099305e-06,0
LA_D_5051294,0,1.827776e-05,0
LA_D_5055459,0,0.0029708815,0
LA_D_5067672,0,2.8809025e-05,0
LA_D_5071522,0,3.2321163e-06,0
LA_D_5082183,0,6.5717584e-05,0
LA_D_5155475,0,0.00031509876,0
LA_D_5211419,0,1e-06,0
LA_D_5227264,0,2.3285289e-05,0
LA_D_5265620,0,0.00015351818,0
LA_D_5307657,0,0.15977453,0
LA_D_5324080,0,5.9656737e-05,0
LA_D_5343035,0,9.054378e-05,0
LA_D_5351581,0,3.2093074e-06,0
LA_D_5375653,0,2.4649878e-05,0
LA_D_5419690,0,2.0482064e-05,0
LA_D_5435775,0,0.00019435097,0
LA_D_5449144,0,2.18804e-05,0
LA_D_5456397,0,1.3671301e-05,0
LA_D_5486499,0,3.241998e-05,0
LA_D_5499548,0,9.76661e-06,0
LA_D_5511906,0,1.6149157e-05,0
LA_D_5556334,0,6.8255904e-05,0
LA_D_5559484,0,3.9923914e-05,0
LA_D_5572135,0,1.3674964e-05,0
LA_D_5597462,0,6.0943956e-05,0
LA_D_5620876,0,6.3318334e-06,0
LA_D_5690035,0,2.98262e-05,0
LA_D_5695216,0,1.7076864e-05,0
LA_D_5731634,0,6.970734e-06,0
LA_D_5746299,0,9.476386e-05,0
LA_D_5762971,0,1.5004867e-06,0
LA_D_5771020,0,3.459243e-05,0
LA_D_5798354,0,3.4286854e-06,0
LA_D_5813802,0,0.0002425055,0
LA_D_5820162,0,1.5963147e-05,0
LA_D_5877103,0,0.0027780503,0
LA_D_5886006,0,2.4325953e-05,0
LA_D_5893528,0,0.00018824472,0
LA_D_5900571,0,0.001011312,0
LA_D_5922624,0,2.8340768e-05,0
LA_D_5980821,0,4.0978866e-06,0
LA_D_5981504,0,7.717843e-06,0
LA_D_5991239,0,4.0440635e-05,0
LA_D_5992391,0,0.009189859,0
LA_D_6051390,0,7.5458584e-06,0
LA_D_6055777,0,0.0005200873,0
LA_D_6103075,0,1.671953e-06,0
LA_D_6148702,0,7.390234e-06,0
LA_D_6183192,0,0.00019486275,0
LA_D_6224665,0,7.9562386e-05,0
LA_D_6248846,0,2.4889565e-05,0
LA_D_6320069,0,0.00010488048,0
LA_D_6325752,0,0.00017400809,0
LA_D_6338202,0,5.350893e-06,0
LA_D_6385051,0,9.029164e-06,0
LA_D_6431598,0,0.004898579,0
LA_D_6434621,0,9.985306e-05,0
LA_D_6435873,0,2.7952585e-05,0
LA_D_6455523,0,2.5083698e-06,0
LA_D_6459893,0,1.2086825e-06,0
LA_D_6507332,0,1.6427683e-06,0
LA_D_6576867,0,4.1603602e-05,0
LA_D_6579123,0,1.8875653e-05,0
LA_D_6590293,0,6.9498515e-06,0
LA_D_6608085,0,0.16794093,0
LA_D_6627826,0,2.3135217e-05,0
LA_D_6639256,0,8.5898655e-06,0
LA_D_6671110,0,2.3569426e-05,0
LA_D_6711995,0,0.0006055826,0
LA_D_6736176,0,0.00012593545,0
LA_D_6738030,0,3.3754088e-05,0
LA_D_6739491,0,3.6047168e-05,0
LA_D_6761882,0,0.0008493281,0
LA_D_6770341,0,0.00011447824,0
LA_D_6787159,0,0.000100104095,0
LA_D_6794211,0,1.0086044e-05,0
LA_D_6843214,0,2.511649e-05,0
LA_D_6905996,0,1.5982081e-05,0
LA_D_6934686,0,3.6449987e-05,0
LA_D_6972399,0,7.991879e-05,0
LA_D_6980039,0,2.183121e-06,0
LA_D_6989900,0,0.000335205,0
LA_D_7000460,0,9.888955e-06,0
LA_D_7020889,0,1.30003455e-05,0
LA_D_7055163,0,9.4847765e-06,0
LA_D_7065907,0,1.5696089e-05,0
LA_D_7086011,0,7.778753e-06,0
LA_D_7106954,0,4.0745297e-05,0
LA_D_7165290,0,6.824432e-05,0
LA_D_7212013,0,0.0057898257,0
LA_D_7213976,0,3.3247686e-06,0
LA_D_7241320,0,0.00033823165,0
LA_D_7244084,0,8.137286e-06,0
LA_D_7251773,0,0.00030454242,0
LA_D_7263049,0,1.3613942e-06,0
LA_D_7274110,0,0.006931519,0
LA_D_7339211,0,3.045942e-06,0
LA_D_7347960,0,0.00010901983,0
LA_D_7353591,0,5.448318e-06,0
LA_D_7364593,0,4.8758415e-05,0
LA_D_7364715,0,3.145958e-05,0
LA_D_7364775,0,2.707746e-06,0
LA_D_7371799,0,0.00012111208,0
LA_D_7379658,0,1.617238e-06,0
LA_D_7436563,0,2.0969374e-05,0
LA_D_7455901,0,0.00031603893,0
LA_D_7466193,0,1.2224006e-05,0
LA_D_7469644,0,1.3579847e-05,0
LA_D_7473314,0,3.44181e-05,0
LA_D_7501739,0,0.00015022594,0
LA_D_7510281,0,3.129405e-05,0
LA_D_7546063,0,1.4565978e-05,0
LA_D_7549490,0,0.012801699,0
LA_D_7559634,0,1.7103788e-05,0
LA_D_7561273,0,1.3687347e-05,0
LA_D_7568100,0,2.1707458e-05,0
LA_D_7568924,0,0.00032054906,0
LA_D_7584539,0,0.00014842747,0
LA_D_7588309,0,3.3880766e-05,0
LA_D_7589575,0,4.450924e-06,0
LA_D_7604149,0,5.267875e-06,0
LA_D_7612335,0,3.8724384e-06,0
LA_D_7616407,0,6.71245e-05,0
LA_D_7618104,0,3.7022135e-05,0
LA_D_7624614,0,1.2879419e-06,0
LA_D_7641129,0,0.00024267298,0
LA_D_7679409,0,1.046267e-06,0
LA_D_7688209,0,7.303422e-05,0
LA_D_7736821,0,3.3381795e-05,0
LA_D_7747325,0,3.440152e-06,0
LA_D_7763773,0,4.420201e-06,0
LA_D_7777990,0,0.0003037485,0
LA_D_7789669,0,7.795194e-06,0
LA_D_7826586,0,2.8702843e-05,0
LA_D_7867247,0,0.00010904312,0
LA_D_7878571,0,1.82756e-05,0
LA_D_7883693,0,3.43182e-05,0
LA_D_7896038,0,7.511926e-06,0
LA_D_7916660,0,0.00019922871,0
LA_D_7975929,0,4.4381704e-06,0
LA_D_8019844,0,1.3404101e-05,0
LA_D_8021684,0,2.8377603e-05,0
LA_D_8066851,0,2.3438903e-05,0
LA_D_8067296,0,4.422904e-06,0
LA_D_8145707,0,9.931965e-05,0
LA_D_8166206,0,5.121866e-05,0
LA_D_8189800,0,2.953946e-06,0
LA_D_8223907,0,1e-06,0
LA_D_8377721,0,2.1613223e-05,0
LA_D_8381732,0,2.0120733e-05,0
LA_D_8397584,0,0.0006560905,0
LA_D_8400151,0,0.000315621,0
LA_D_8404786,0,0.0004341814,0
LA_D_8407994,0,1.7754e-05,0
LA_D_8425598,0,4.0060677e-05,0
LA_D_8441455,0,0.003867715,0
LA_D_8444582,0,1e-06,0
LA_D_8451983,0,0.00036553515,0
LA_D_8453906,0,4.227236e-05,0
LA_D_8455038,0,7.3014603e-06,0
LA_D_8512431,0,2.8985809e-05,0
LA_D_8539909,0,9.587194e-05,0
LA_D_8607868,0,5.8481404e-05,0
LA_D_8630547,0,0.0015886048,0
LA_D_8746689,0,1.2976287e-06,0
LA_D_8748091,0,7.812697e-05,0
LA_D_8803755,0,4.800397e-06,0
LA_D_8834933,0,0.00010104415,0
LA_D_8835410,0,2.1260581e-05,0
LA_D_8971479,0,2.6097967e-05,0
LA_D_9009537,0,0.0035186985,0
LA_D_9020983,0,2.2429598e-05,0
LA_D_9063327,0,0.001286281,0
LA_D_9076043,0,0.00078049325,0
LA_D_9097623,0,2.3058104e-05,0
LA_D_9111668,0,1.4328933e-05,0
LA_D_9119517,0,0.024864633,0
LA_D_9125753,0,3.82853e-05,0
LA_D_9139002,0,1.8532879e-06,0
LA_D_9154330,0,1.4924982e-05,0
LA_D_9221112,0,7.007609e-05,0
LA_D_9235965,0,0.0077277753,0
LA_D_9264463,0,0.0007299028,0
LA_D_9266794,0,1e-06,0
LA_D_9274003,0,4.1719217e-05,0
LA_D_9309838,0,4.86238e-05,0
LA_D_9310754,0,9.4403906e-05,0
LA_D_9310915,0,3.887654e-06,0
LA_D_9320646,0,0.0005659995,0
LA_D_9337409,0,0.001109035,0
LA_D_9345795,0,4.6450295e-05,0
LA_D_9350724,0,5.0972252e-05,0
LA_D_9370379,0,0.1938032,0
LA_D_9390364,0,3.683854e-05,0
LA_D_9397192,0,4.1701273e-06,0
LA_D_9404750,0,9.2990434e-05,0
LA_D_9432782,0,7.172348e-05,0
LA_D_9450813,0,7.026111e-05,0
LA_D_9482843,0,8.895716e-05,0
LA_D_9516319,0,0.00014593756,0
LA_D_9559812,0,5.0470855e-05,0
LA_D_9566212,0,0.00076556916,0
LA_D_9575353,0,0.008093187,0
LA_D_9577784,0,1.7926277e-05,0
LA_D_9581568,0,0.001506267,0
LA_D_9592014,0,0.003757411,0
LA_D_9609696,0,2.7133092e-06,0
LA_D_9620080,0,0.0001009515,0
LA_D_9626019,0,1.191812e-05,0
LA_D_9644765,0,0.0010343263,0
LA_D_9659478,0,1.2124265e-06,0
LA_D_9683064,0,1.764597e-05,0
LA_D_9707162,0,1.2852062e-05,0
LA_D_9750571,0,9.113046e-05,0
LA_D_9786256,0,0.00015927675,0
LA_D_9796040,0,1.9762321e-05,0
LA_D_9796666,0,4.1276115e-05,0
LA_D_9813329,0,0.00011623835,0
LA_D_9842978,0,3.9606994e-06,0
LA_D_9852879,0,2.5156474e-05,0
LA_D_9872744,0,1.9006648e-05,0
LA_D_9904937,0,4.790012e-06,0
LA_D_9935871,0,4.4878657e-06,0
LA_D_9947633,0,2.950657e-05,0
LA_D_9974425,0,3.6387682e-05,0
LA_D_9987214,0,5.4814842e-05,0
LA_D_1006800,0,3.136875e-05,0
LA_D_1012014,0,1.2013452e-05,0
LA_D_1023711,0,1.1063364e-05,0
LA_D_1025449,0,7.1148243e-06,0
LA_D_1035630,0,9.787663e-06,0
LA_D_1079849,0,7.782685e-06,0
LA_D_1108554,0,9.597109e-06,0
LA_D_1130654,0,7.7120385e-06,0
LA_D_1145380,0,3.5684043e-05,0
LA_D_1208021,0,2.9597908e-05,0
LA_D_1209033,0,0.00022746154,0
LA_D_1217334,0,3.532592e-05,0
LA_D_1269105,0,2.8861135e-05,0
LA_D_1274877,0,3.368434e-05,0
LA_D_1279846,0,2.3993287e-05,0
LA_D_1292057,0,9.733671e-05,0
LA_D_1320213,0,2.4942385e-05,0
LA_D_1348965,0,2.9725763e-05,0
LA_D_1366945,0,6.699174e-05,0
LA_D_1436550,0,1.0021412e-05,0
LA_D_1501900,0,1.2861761e-05,0
LA_D_1522057,0,1.9958708e-05,0
LA_D_1523950,0,2.3794772e-05,0
LA_D_1546505,0,0.0008392216,0
LA_D_1548926,0,8.446013e-05,0
LA_D_1611094,0,2.2602104e-05,0
LA_D_1611432,0,5.2611216e-05,0
LA_D_1646348,0,1.871084e-05,0
LA_D_1648315,0,8.355667e-06,0
LA_D_1750429,0,0.00020835656,0
LA_D_1797066,0,3.5855384e-05,0
LA_D_1807177,0,2.6413501e-05,0
LA_D_1832856,0,3.2912983e-05,0
LA_D_1842604,0,1.813971e-05,0
LA_D_1844790,0,1.5743988e-05,0
LA_D_1847022,0,0.00015186857,0
LA_D_1865058,0,2.3174569e-05,0
LA_D_1872889,0,1.09846305e-05,0
LA_D_1902802,0,1.5600224e-05,0
LA_D_1919402,0,0.00038736992,0
LA_D_1922687,0,2.667656e-06,0
LA_D_1930419,0,1.565846e-05,0
LA_D_1935485,0,2.2785369e-05,0
LA_D_1992558,0,4.0148756e-05,0
LA_D_2007592,0,3.500225e-05,0
LA_D_2019701,0,1.7396787e-05,0
LA_D_2020826,0,4.195949e-05,0
LA_D_2047629,0,4.969705e-05,0
LA_D_2097708,0,0.0003251065,0
LA_D_2139474,0,3.4319444e-05,0
LA_D_2151504,0,2.5700376e-05,0
LA_D_2152857,0,1.6383985e-05,0
LA_D_2183722,0,3.8271428e-05,0
LA_D_2186964,0,1.085616e-05,0
LA_D_2188096,0,1.982429e-05,0
LA_D_2222274,0,5.340957e-05,0
LA_D_2268116,0,3.9405066e-05,0
LA_D_2319550,0,1.9404724e-05,0
LA_D_2322438,0,1.3914971e-05,0
LA_D_2348890,0,4.374505e-05,0
LA_D_2352067,0,8.272653e-06,0
LA_D_2423661,0,1.47188675e-05,0
LA_D_2448863,0,5.9793824e-06,0
LA_D_2450840,0,4.2297584e-06,0
LA_D_2465175,0,3.0003075e-05,0
LA_D_2478813,0,1.3869396e-05,0
LA_D_2487709,0,5.256483e-05,0
LA_D_2505463,0,9.0628955e-06,0
LA_D_2510943,0,3.4884553e-05,0
LA_D_2592787,0,2.1598717e-05,0
LA_D_2599634,0,3.503939e-05,0
LA_D_2607679,0,3.4145836e-05,0
LA_D_2609846,0,1.4407545e-05,0
LA_D_2622698,0,0.00041225425,0
LA_D_2630833,0,1.2557509e-05,0
LA_D_2642614,0,3.616024e-05,0
LA_D_2643367,0,2.387271e-05,0
LA_D_2685215,0,3.080514e-05,0
LA_D_2716524,0,3.0392675e-05,0
LA_D_2719044,0,1.0759778e-05,0
LA_D_2720865,0,2.397268e-05,0
LA_D_2728017,0,2.3421588e-05,0
LA_D_2742223,0,2.4009401e-05,0
LA_D_2752289,0,0.00031497082,0
LA_D_2752681,0,3.6662015e-05,0
LA_D_2797968,0,3.1846375e-05,0
LA_D_2799771,0,4.2596337e-05,0
LA_D_2829043,0,2.6451466e-05,0
LA_D_2843055,0,0.0014868489,0
LA_D_2864582,0,2.673604e-05,0
LA_D_2909530,0,3.174952e-05,0
LA_D_2927394,0,0.00021208444,0
LA_D_2936455,0,0.00011497261,0
LA_D_2965424,0,3.04401e-05,0
LA_D_2967557,0,3.6288155e-05,0
LA_D_2968028,0,7.011459e-05,0
LA_D_2973812,0,3.91853e-06,0
LA_D_2980255,0,7.4676485e-05,0
LA_D_2982910,0,3.982231e-06,0
LA_D_2995459,0,8.5184125e-05,0
LA_D_2996775,0,3.1410807e-05,0
LA_D_3017713,0,1.0878401e-05,0
LA_D_3019903,0,2.313579e-05,0
LA_D_3042444,0,1.675515e-05,0
LA_D_3056222,0,2.6939046e-05,0
LA_D_3057668,0,1.3643102e-05,0
LA_D_3057702,0,5.164502e-05,0
LA_D_3094082,0,0.00042131232,0
LA_D_3110337,0,6.746784e-06,0
LA_D_3118678,0,9.172541e-06,0
LA_D_3163312,0,2.7374723e-05,0
LA_D_3164458,0,2.3753826e-05,0
LA_D_3171467,0,1.192674e-05,0
LA_D_3201750,0,1.635774e-05,0
LA_D_3221717,0,2.3236e-05,0
LA_D_3329914,0,9.502059e-05,0
LA_D_3344406,0,0.000102248945,0
LA_D_3355442,0,1.3693731e-05,0
LA_D_3401379,0,1.4648961e-05,0
LA_D_3405729,0,2.1103748e-05,0
LA_D_3422520,0,1.960524e-05,0
LA_D_3427617,0,2.862857e-05,0
LA_D_3449140,0,6.2896625e-06,0
LA_D_3477092,0,3.201501e-05,0
LA_D_3502803,0,8.119797e-05,0
LA_D_3512866,0,1.0257163e-05,0
LA_D_3537247,0,2.9669745e-05,0
LA_D_3543461,0,3.66844e-05,0
LA_D_3549631,0,1.805288e-06,0
LA_D_3554128,0,5.259993e-05,0
LA_D_3582014,0,0.00013592224,0
LA_D_3615597,0,9.1537986e-05,0
LA_D_3625471,0,2.5138488e-05,0
LA_D_3663959,0,6.119918e-06,0
LA_D_3698117,0,2.7775346e-05,0
LA_D_3765254,0,7.4503123e-06,0
LA_D_3785568,0,1.589932e-05,0
LA_D_3894830,0,0.00010973374,0
LA_D_3930731,0,0.00010611178,0
LA_D_3981572,0,2.2319453e-05,0
LA_D_3987112,0,0.00033267148,0
LA_D_3997475,0,1.9175857e-05,0
LA_D_4017002,0,3.2706263e-05,0
LA_D_4046737,0,2.4386833e-05,0
LA_D_4060180,0,2.9119297e-05,0
LA_D_4064534,0,1.6729908e-05,0
LA_D_4094835,0,4.5659937e-05,0
LA_D_4096967,0,1.007546e-05,0
LA_D_4138511,0,6.5873435e-05,0
LA_D_4157090,0,2.4136374e-05,0
LA_D_4193062,0,9.451963e-06,0
LA_D_4195166,0,3.8347855e-05,0
LA_D_4258684,0,1.707447e-05,0
LA_D_4263714,0,2.6688835e-05,0
LA_D_4269408,0,1.3729598e-05,0
LA_D_4269851,0,2.2672784e-05,0
LA_D_4275044,0,1.7857208e-05,0
LA_D_4288746,0,2.4939389e-05,0
LA_D_4317915,0,3.6692443e-05,0
LA_D_4321631,0,2.5383479e-05,0
LA_D_4345392,0,1.7076929e-05,0
LA_D_4356469,0,1.0247943e-05,0
LA_D_4390393,0,2.8623439e-05,0
LA_D_4407342,0,3.204904e-05,0
LA_D_4422392,0,1.4234331e-05,0
LA_D_4449687,0,3.7605056e-05,0
LA_D_4450602,0,7.123339e-05,0
LA_D_4506176,0,2.0284995e-05,0
LA_D_4516474,0,1.2433864e-05,0
LA_D_4520907,0,5.187941e-06,0
LA_D_4547450,0,2.5508527e-05,0
LA_D_4593014,0,4.462316e-05,0
LA_D_4632562,0,5.839974e-06,0
LA_D_4681916,0,2.1343852e-05,0
LA_D_4702787,0,4.999051e-05,0
LA_D_4746899,0,2.1742802e-05,0
LA_D_4816337,0,3.11394e-05,0
LA_D_4845926,0,3.6131627e-05,0
LA_D_4847812,0,1.568186e-05,0
LA_D_4848911,0,1.37664e-05,0
LA_D_4884397,0,5.021886e-05,0
LA_D_4918910,0,1.049917e-05,0
LA_D_4927338,0,3.4727684e-05,0
LA_D_4936646,0,2.4376277e-05,0
LA_D_4954418,0,3.8389164e-05,0
LA_D_4954625,0,2.8143697e-05,0
LA_D_4955851,0,0.00023748308,0
LA_D_4977382,0,2.2900738e-05,0
LA_D_4990214,0,1.296554e-05,0
LA_D_5007950,0,3.2755703e-05,0
LA_D_5057411,0,4.4319222e-05,0
LA_D_5057482,0,1.9039773e-05,0
LA_D_5071649,0,3.3552416e-05,0
LA_D_5078657,0,3.025038e-05,0
LA_D_5100984,0,7.186548e-05,0
LA_D_5117078,0,0.002444811,0
LA_D_5137247,0,1.1565883e-05,0
LA_D_5167358,0,1.4075154e-05,0
LA_D_5168359,0,3.9391467e-05,0
LA_D_5187561,0,2.6117013e-05,0
LA_D_5221028,0,1.30204835e-05,0
LA_D_5229781,0,6.2126404e-05,0
LA_D_5236826,0,0.000108329135,0
LA_D_5276272,0,3.2914395e-05,0
LA_D_5276348,0,1.833761e-05,0
LA_D_5292683,0,3.517686e-05,0
LA_D_5436589,0,7.4331976e-05,0
LA_D_5439979,0,3.6706828e-05,0
LA_D_5454134,0,3.2192824e-05,0
LA_D_5482436,0,8.409974e-06,0
LA_D_5483976,0,3.693718e-05,0
LA_D_5505633,0,4.499132e-06,0
LA_D_5545759,0,6.8436316e-06,0
LA_D_5577571,0,1.4743706e-05,0
LA_D_5614734,0,1.9575216e-05,0
LA_D_5636826,0,0.00019111343,0
LA_D_5673238,0,0.00020267155,0
LA_D_5685884,0,0.00015242277,0
LA_D_5709308,0,1.4144804e-05,0
LA_D_5759815,0,0.0005715665,0
LA_D_5762299,0,1.258602e-05,0
LA_D_5766454,0,6.136378e-05,0
LA_D_5782011,0,1.863235e-05,0
LA_D_5808364,0,6.124647e-06,0
LA_D_5827672,0,3.6873058e-05,0
LA_D_5856267,0,4.270355e-05,0
LA_D_5865882,0,4.9076887e-05,0
LA_D_5872228,0,3.8679435e-05,0
LA_D_5885744,0,2.0807065e-05,0
LA_D_5902944,0,3.9649854e-05,0
LA_D_5926820,0,3.293127e-06,0
LA_D_5940073,0,9.554772e-06,0
LA_D_5946805,0,0.00015920462,0
LA_D_5978963,0,4.2910517e-05,0
LA_D_5996963,0,9.698538e-06,0
LA_D_6046242,0,3.2962707e-05,0
LA_D_6063723,0,1.0590591e-05,0
LA_D_6065963,0,2.468074e-05,0
LA_D_6069206,0,2.8391052e-05,0
LA_D_6087332,0,7.322991e-05,0
LA_D_6100859,0,4.174206e-05,0
LA_D_6114427,0,1.1960957e-05,0
LA_D_6119277,0,2.4400722e-05,0
LA_D_6190101,0,0.000119000666,0
LA_D_6245395,0,3.4550627e-05,0
LA_D_6261869,0,1.5080188e-05,0
LA_D_6316752,0,2.8782746e-05,0
LA_D_6322857,0,2.4241497e-05,0
LA_D_6347272,0,0.00020538743,0
LA_D_6350790,0,1.2468084e-05,0
LA_D_6357050,0,1.6815467e-05,0
LA_D_6380073,0,2.517231e-05,0
LA_D_6382632,0,4.1764917e-05,0
LA_D_6388697,0,7.9642905e-06,0
LA_D_6416726,0,3.163371e-05,0
LA_D_6426747,0,3.1703956e-05,0
LA_D_6464823,0,1.883735e-05,0
LA_D_6547634,0,3.058317e-05,0
LA_D_6579258,0,2.4994868e-05,0
LA_D_6611831,0,6.1866034e-05,0
LA_D_6634974,0,2.2953365e-05,0
LA_D_6637278,0,1.8431181e-05,0
LA_D_6640366,0,1.24964035e-05,0
LA_D_6641057,0,1.3450303e-05,0
LA_D_6655351,0,0.00014982068,0
LA_D_6657787,0,1.4744859e-05,0
LA_D_6659080,0,1.472673e-05,0
LA_D_6693854,0,2.895426e-05,0
LA_D_6742189,0,1.886221e-05,0
LA_D_6754279,0,1.6262115e-05,0
LA_D_6779582,0,3.7089598e-05,0
LA_D_6791686,0,6.837538e-05,0
LA_D_6863787,0,2.108874e-05,0
LA_D_6942133,0,1.0020772e-05,0
LA_D_6978561,0,1.7818202e-05,0
LA_D_6992037,0,5.3515407e-05,0
LA_D_6992646,0,2.1270354e-05,0
LA_D_7011066,0,3.774503e-05,0
LA_D_7040944,0,0.0005391085,0
LA_D_7062833,0,3.7411828e-05,0
LA_D_7073459,0,1.4802228e-05,0
LA_D_7079669,0,0.00014877733,0
LA_D_7114286,0,2.1515993e-05,0
LA_D_7134088,0,7.6142715e-06,0
LA_D_7148970,0,2.9548863e-05,0
LA_D_7189764,0,6.73818e-06,0
LA_D_7197109,0,1.08426675e-05,0
LA_D_7224276,0,5.7876507e-05,0
LA_D_7245490,0,2.5578802e-05,0
LA_D_7247122,0,1.9208619e-05,0
LA_D_7278229,0,3.0037832e-05,0
LA_D_7282553,0,3.4220877e-05,0
LA_D_7292017,0,2.2512399e-05,0
LA_D_7294657,0,9.062826e-06,0
LA_D_7298360,0,1.965052e-05,0
LA_D_7298575,0,3.8028546e-05,0
LA_D_7321528,0,5.663635e-05,0
LA_D_7330214,0,2.5175337e-05,0
LA_D_7389105,0,1.847139e-05,0
LA_D_7389214,0,1.902039e-05,0
LA_D_7431097,0,2.3648292e-05,0
LA_D_7433073,0,3.949321e-05,0
LA_D_7438406,0,1e-06,0
LA_D_7468734,0,0.0001300921,0
LA_D_7471100,0,3.3012726e-05,0
LA_D_7473457,0,2.0309968e-05,0
LA_D_7506436,0,1.7511538e-05,0
LA_D_7516822,0,0.0001332555,0
LA_D_7603416,0,3.1791922e-06,0
LA_D_7603542,0,3.0424544e-05,0
LA_D_7641950,0,6.424231e-05,0
LA_D_7645919,0,2.1201742e-05,0
LA_D_7672869,0,1.0036611e-05,0
LA_D_7719872,0,4.606559e-05,0
LA_D_7721596,0,1.6784386e-05,0
LA_D_7756164,0,4.000711e-05,0
LA_D_7757696,0,5.0557665e-05,0
LA_D_7762795,0,2.323724e-05,0
LA_D_7795590,0,5.347328e-05,0
LA_D_7827140,0,1.5965155e-05,0
LA_D_7864914,0,4.1015614e-05,0
LA_D_7884980,0,5.0788265e-05,0
LA_D_7892127,0,3.179861e-05,0
LA_D_7892153,0,3.047661e-05,0
LA_D_7977494,0,2.7719752e-05,0
LA_D_8014046,0,3.2826345e-05,0
LA_D_8020639,0,3.5512912e-05,0
LA_D_8051493,0,2.4985358e-05,0
LA_D_8083306,0,5.290864e-06,0
LA_D_8119054,0,1.2055525e-05,0
LA_D_8157473,0,5.8730775e-06,0
LA_D_8233126,0,2.2312792e-05,0
LA_D_8266916,0,0.00014044475,0
LA_D_8278845,0,8.58275e-06,0
LA_D_8317299,0,3.500599e-05,0
LA_D_8350505,0,2.633739e-05,0
LA_D_8352772,0,5.2635914e-06,0
LA_D_8379927,0,5.850253e-06,0
LA_D_8407631,0,1.8273526e-05,0
LA_D_8408616,0,1.04832325e-05,0
LA_D_8429596,0,1.5191969e-05,0
LA_D_8433350,0,1.856672e-05,0
LA_D_8442719,0,3.1143467e-05,0
LA_D_8504203,0,3.6495134e-05,0
LA_D_8509886,0,0.00015734548,0
LA_D_8512928,0,5.2665137e-06,0
LA_D_8527649,0,2.445071e-05,0
LA_D_8550461,0,2.7437554e-05,0
LA_D_8605944,0,2.0072262e-05,0
LA_D_8636102,0,0.00023606671,0
LA_D_8655950,0,2.9729903e-05,0
LA_D_8703309,0,0.00014828531,0
LA_D_8704683,0,5.945268e-05,0
LA_D_8714203,0,5.9966504e-05,0
LA_D_8737938,0,2.34256e-06,0
LA_D_8746101,0,2.6703474e-05,0
LA_D_8749485,0,9.385851e-05,0
LA_D_8752562,0,7.218499e-05,0
LA_D_8757855,0,7.094031e-06,0
LA_D_8790340,0,1.157895e-05,0
LA_D_8842294,0,3.3800452e-06,0
LA_D_8844402,0,1.2826411e-05,0
LA_D_8858606,0,1.4554245e-05,0
LA_D_8874055,0,2.0228012e-05,0
LA_D_8880080,0,1.3000258e-05,0
LA_D_8884489,0,0.0002915365,0
LA_D_8887766,0,1.0753541e-05,0
LA_D_8974682,0,2.9091983e-05,0
LA_D_9008648,0,0.00015215253,0
LA_D_9078979,0,1.3682896e-05,0
LA_D_9080347,0,3.3756965e-06,0
LA_D_9088112,0,4.984211e-06,0
LA_D_9093953,0,3.8448554e-05,0
LA_D_9099877,0,1.946041e-05,0
LA_D_9116238,0,2.6199035e-05,0
LA_D_9120875,0,3.6276913e-05,0
LA_D_9143945,0,0.00015360338,0
LA_D_9144102,0,2.223613e-05,0
LA_D_9148848,0,2.679799e-05,0
LA_D_9163648,0,5.402e-05,0
LA_D_9171147,0,3.0932337e-05,0
LA_D_9197571,0,7.105896e-05,0
LA_D_9241622,0,3.2724103e-05,0
LA_D_9247877,0,1.6510388e-05,0
LA_D_9252037,0,6.6410516e-06,0
LA_D_9261739,0,3.336744e-05,0
LA_D_9300215,0,5.785013e-05,0
LA_D_9304067,0,4.7901e-05,0
LA_D_9317483,0,4.276483e-06,0
LA_D_9323818,0,2.6525277e-05,0
LA_D_9375135,0,5.1585766e-06,0
LA_D_9375495,0,1.953449e-05,0
LA_D_9397840,0,3.9542203e-05,0
LA_D_9397923,0,0.00015811114,0
LA_D_9433309,0,1.0760106e-05,0
LA_D_9439849,0,1.4102428e-05,0
LA_D_9473241,0,3.4110608e-06,0
LA_D_9486985,0,4.5182784e-05,0
LA_D_9487501,0,4.07788e-05,0
LA_D_9497832,0,5.3572703e-06,0
LA_D_9550154,0,1.8376686e-05,0
LA_D_9593709,0,2.8047668e-06,0
LA_D_9734417,0,3.4979093e-05,0
LA_D_9847175,0,3.9744875e-05,0
LA_D_9848213,0,4.7263526e-05,0
LA_D_9860605,0,3.074626e-05,0
LA_D_9878738,0,2.435239e-05,0
LA_D_9901913,0,4.217741e-05,0
LA_D_9910927,0,2.3152299e-05,0
LA_D_9948857,0,1.4116073e-05,0
LA_D_9949914,0,0.000120269084,0
LA_D_9950490,0,1.8252502e-05,0
LA_D_9995807,0,3.345369e-05,0
LA_D_9997570,0,3.1101175e-05,0
LA_D_1002200,0,8.674261e-06,0
LA_D_1007830,0,1e-06,0
LA_D_1025756,0,0.00010580796,0
LA_D_1063772,0,4.3423763e-05,0
LA_D_1067946,0,6.192636e-05,0
LA_D_1110070,0,0.00045291512,0
LA_D_1131210,0,5.5878474e-05,0
LA_D_1135642,0,1.3511874e-06,0
LA_D_1297929,0,5.5292905e-05,0
LA_D_1302448,0,4.7742255e-05,0
LA_D_1340425,0,1e-06,0
LA_D_1387034,0,1.4339267e-05,0
LA_D_1400454,0,2.8471366e-05,0
LA_D_1447906,0,3.6467754e-05,0
LA_D_1462987,0,6.201974e-05,0
LA_D_1466691,0,3.2716616e-05,0
LA_D_1474686,0,3.679753e-05,0
LA_D_1579407,0,2.1938422e-05,0
LA_D_1613160,0,5.473899e-05,0
LA_D_1631229,0,7.757462e-06,0
LA_D_1648545,0,2.7064008e-05,0
LA_D_1670480,0,4.8117556e-05,0
LA_D_1700594,0,4.4670323e-06,0
LA_D_1713307,0,0.0018230695,0
LA_D_1714907,0,9.617337e-05,0
LA_D_1721029,0,8.644523e-05,0
LA_D_1771814,0,4.4097294e-05,0
LA_D_1787826,0,5.0307764e-05,0
LA_D_1853137,0,0.015455955,0
LA_D_1876813,0,5.970534e-05,0
LA_D_1907754,0,7.056023e-05,0
LA_D_1919468,0,0.00018931933,0
LA_D_1943658,0,3.8317005e-05,0
LA_D_1950787,0,5.207011e-05,0
LA_D_2045641,0,1.753303e-05,0
LA_D_2065995,0,0.0023174337,0
LA_D_2108373,0,3.1332933e-05,0
LA_D_2112409,0,0.0003561146,0
LA_D_2133817,0,2.8616832e-05,0
LA_D_2154839,0,0.0001533169,0
LA_D_2182562,0,1.6633614e-05,0
LA_D_2213830,0,4.2186744e-05,0
LA_D_2238605,0,1.1888834e-05,0
LA_D_2248057,0,6.33913e-05,0
LA_D_2267149,0,0.0006097549,0
LA_D_2267504,0,4.1170173e-05,0
LA_D_2273005,0,3.3319047e-05,0
LA_D_2313563,0,0.0023639246,0
LA_D_2321743,0,9.763108e-06,0
LA_D_2323254,0,4.683245e-05,0
LA_D_2389222,0,0.00020951977,0
LA_D_2450195,0,2.1814956e-06,0
LA_D_2453665,0,0.00022786878,0
LA_D_2467966,0,3.0967964e-05,0
LA_D_2518852,0,4.457825e-05,0
LA_D_2576529,0,1.4451773e-06,0
LA_D_2653207,0,2.804481e-05,0
LA_D_2677147,0,2.9311399e-05,0
LA_D_2690767,0,0.0001411095,0
LA_D_2730632,0,3.581482e-05,0
LA_D_2837273,0,0.00023719837,0
LA_D_3002780,0,4.1182186e-05,0
LA_D_3016487,0,2.6255937e-05,0
LA_D_3030138,0,0.0002057885,0
LA_D_3044640,0,7.4206684e-05,0
LA_D_3056925,0,1.6542905e-05,0
LA_D_3078117,0,5.141318e-06,0
LA_D_3086038,0,4.7450445e-05,0
LA_D_3119921,0,9.532225e-05,0
LA_D_3124585,0,4.2767206e-05,0
LA_D_3206137,0,1.8336597e-05,0
LA_D_3227084,0,2.176031e-05,0
LA_D_3236240,0,4.2935524e-05,0
LA_D_3240450,0,9.516731e-05,0
LA_D_3295687,0,3.8410988e-05,0
LA_D_3297188,0,1.8931237e-06,0
LA_D_3313017,0,1.6939917e-05,0
LA_D_3340625,0,0.00010687523,0
LA_D_3361986,0,0.00071875274,0
LA_D_3388294,0,4.907267e-05,0
LA_D_3395799,0,0.000120628356,0
LA_D_3478936,0,2.5868936e-05,0
LA_D_3513257,0,4.953589e-05,0
LA_D_3532043,0,9.51458e-05,0
LA_D_3584869,0,4.6383982e-05,0
LA_D_3650218,0,9.623447e-05,0
LA_D_3743275,0,1.3574603e-05,0
LA_D_3825396,0,6.869637e-06,0
LA_D_3845352,0,5.0100272e-05,0
LA_D_3906693,0,6.7661706e-05,0
LA_D_3945541,0,4.9040907e-05,0
LA_D_3969123,0,1e-06,0
LA_D_4026256,0,3.619612e-05,0
LA_D_4091670,0,8.461418e-05,0
LA_D_4110964,0,2.950474e-05,0
LA_D_4164922,0,0.00016202958,0
LA_D_4172608,0,1e-06,0
LA_D_4175116,0,6.0161598e-05,0
LA_D_4192839,0,1e-06,0
LA_D_4201464,0,1.7731313e-06,0
LA_D_4218217,0,1.050312e-06,0
LA_D_4225915,0,9.901989e-05,0
LA_D_4264652,0,3.8646765e-05,0
LA_D_4266917,0,2.5135489e-05,0
LA_D_4267207,0,1.0667914e-05,0
LA_D_4312282,0,3.2330598e-05,0
LA_D_4357877,0,0.0001352203,0
LA_D_4365534,0,5.2757267e-05,0
LA_D_4374130,0,4.458756e-05,0
LA_D_4379964,0,0.00036811383,0
LA_D_4421478,0,0.0013953808,0
LA_D_4455707,0,4.4027627e-05,0
LA_D_4470743,0,1.1658251e-05,0
LA_D_4472830,0,0.0054129753,0
LA_D_4490113,0,4.3556276e-05,0
LA_D_4579304,0,8.5250846e-05,0
LA_D_4597782,0,3.3750483e-05,0
LA_D_4636504,0,3.1178115e-05,0
LA_D_4653157,0,0.33460605,0
LA_D_4660628,0,0.00017754645,0
LA_D_4668402,0,4.8305506e-06,0
LA_D_4683557,0,9.0059926e-05,0
LA_D_4703703,0,1.6354514e-05,0
LA_D_4708702,0,7.572178e-05,0
LA_D_4710815,0,9.0112495e-05,0
LA_D_4718825,0,3.1975407e-05,0
LA_D_4728167,0,1.8664078e-06,0
LA_D_4756759,0,4.3640717e-05,0
LA_D_4814132,0,7.098108e-05,0
LA_D_4858728,0,1.710715e-05,0
LA_D_4876929,0,8.6200576e-05,0
LA_D_4961850,0,1.1931109e-05,0
LA_D_4963596,0,0.0002036997,0
LA_D_5027567,0,0.00018523898,0
LA_D_5155460,0,4.3153952e-05,0
LA_D_5166256,0,0.00015979043,0
LA_D_5171575,0,4.4235025e-05,0
LA_D_5203788,0,3.0183613e-05,0
LA_D_5224466,0,5.7294637e-05,0
LA_D_5294773,0,0.00021416834,0
LA_D_5311628,0,1.7755507e-05,0
LA_D_5319370,0,3.738319e-05,0
LA_D_5322044,0,3.941397e-05,0
LA_D_5328555,0,9.261786e-06,0
LA_D_5341578,0,5.327314e-05,0
LA_D_5363798,0,2.351256e-05,0
LA_D_5394371,0,6.2934494e-05,0
LA_D_5402057,0,6.816509e-06,0
LA_D_5418908,0,6.018644e-05,0
LA_D_5456777,0,1.076413e-05,0
LA_D_5465280,0,3.944511e-05,0
LA_D_5467501,0,1.0053575e-05,0
LA_D_5504231,0,4.6603946e-05,0
LA_D_5546688,0,1.668547e-05,0
LA_D_5610202,0,2.144736e-05,0
LA_D_5628839,0,8.211501e-05,0
LA_D_5655804,0,3.0713265e-05,0
LA_D_5694219,0,5.8658406e-05,0
LA_D_5723637,0,6.644035e-05,0
LA_D_5733934,0,7.968355e-06,0
LA_D_5744337,0,7.682624e-05,0
LA_D_5859431,0,9.516151e-06,0
LA_D_5891436,0,4.3332428e-05,0
LA_D_5894669,0,7.333471e-06,0
LA_D_5981100,0,1.6689384e-05,0
LA_D_6002047,0,3.9067567e-05,0
LA_D_6028412,0,2.4502226e-05,0
LA_D_6063728,0,0.0022189242,0
LA_D_6085680,0,5.1660092e-05,0
LA_D_6098066,0,2.3474831e-05,0
LA_D_6138688,0,7.509029e-05,0
LA_D_6165482,0,2.0713085e-05,0
LA_D_6187643,0,0.030770408,0
LA_D_6209900,0,1.6890008e-05,0
LA_D_6218180,0,2.2267344e-05,0
LA_D_6286091,0,0.00021487502,0
LA_D_6332892,0,6.2129784e-06,0
LA_D_6373451,0,9.069414e-06,0
LA_D_6459710,0,1.3289344e-05,0
LA_D_6469751,0,8.3866944e-05,0
LA_D_6482933,0,3.385958e-05,0
LA_D_6536746,0,8.796494e-06,0
LA_D_6549281,0,3.1295604e-05,0
LA_D_6575758,0,5.3164837e-05,0
LA_D_6590381,0,1.7540455e-05,0
LA_D_6648837,0,0.00023338494,0
LA_D_6729894,0,3.5757594e-06,0
LA_D_6731562,0,3.6516754e-05,0
LA_D_6735956,0,7.205521e-05,0
LA_D_6789741,0,1.7045852e-05,0
LA_D_6813006,0,1.2281684e-05,0
LA_D_6856066,0,4.4780936e-05,0
LA_D_6878630,0,4.8624075e-05,0
LA_D_6878754,0,1.8150058e-05,0
LA_D_6945155,0,4.3895405e-05,0
LA_D_6952192,0,5.0555063e-05,0
LA_D_6954943,0,3.2511034e-05,0
LA_D_6994171,0,0.00012994642,0
LA_D_6996385,0,2.0951704e-05,0
LA_D_7003290,0,5.566096e-05,0
LA_D_7019901,0,0.000103354905,0
LA_D_7046619,0,0.000613054,0
LA_D_7060810,0,3.846979e-05,0
LA_D_7097332,0,3.5633748e-05,0
LA_D_7105149,0,5.826259e-05,0
LA_D_7132999,0,0.00031123983,0
LA_D_7136231,0,6.7087894e-05,0
LA_D_7178613,0,1.8864988e-06,0
LA_D_7227717,0,4.4810662e-05,0
LA_D_7293074,0,0.00010805471,0
LA_D_7294764,0,6.178285e-05,0
LA_D_7295956,0,3.5224795e-05,0
LA_D_7303262,0,1e-06,0
LA_D_7385868,0,7.001717e-05,0
LA_D_7403339,0,7.171411e-05,0
LA_D_7445001,0,0.0004300573,0
LA_D_7447986,0,6.488551e-05,0
LA_D_7452521,0,3.0518524e-05,0
LA_D_7463331,0,4.8083602e-06,0
LA_D_7539350,0,6.9098483e-06,0
LA_D_7610528,0,3.9746392e-05,0
LA_D_7623512,0,1.6059314e-05,0
LA_D_7631675,0,5.049137e-05,0
LA_D_7702257,0,2.7531569e-05,0
LA_D_7766599,0,2.6926255e-06,0
LA_D_7807172,0,0.00042375547,0
LA_D_7856548,0,3.558865e-05,0
LA_D_7857513,0,5.8523972e-05,0
LA_D_7860524,0,0.00026025812,0
LA_D_7934321,0,3.3562977e-05,0
LA_D_7954991,0,0.00030864042,0
LA_D_7963313,0,2.6041682e-05,0
LA_D_7986850,0,0.00017968431,0
LA_D_8012684,0,3.0369265e-05,0
LA_D_8044923,0,0.029913353,0
LA_D_8050230,0,3.0225985e-05,0
LA_D_8057533,0,2.4593925e-05,0
LA_D_8065951,0,3.1357627e-05,0
LA_D_8086042,0,2.8184038e-05,0
LA_D_8089138,0,1.8095341e-05,0
LA_D_8107939,0,2.527893e-05,0
LA_D_8136802,0,3.7283397e-05,0
LA_D_8177600,0,4.3095147e-06,0
LA_D_8180116,0,1.0379584e-05,0
LA_D_8185337,0,4.088023e-05,0
LA_D_8203374,0,7.009828e-05,0
LA_D_8217062,0,1.7730908e-06,0
LA_D_8229927,0,0.0005014347,0
LA_D_8298869,0,0.00027965367,0
LA_D_8323465,0,3.393192e-05,0
LA_D_8362480,0,6.735527e-05,0
LA_D_8362615,0,1e-06,0
LA_D_8392326,0,9.053056e-06,0
LA_D_8414414,0,8.372056e-05,0
LA_D_8422718,0,3.285868e-06,0
LA_D_8512727,0,5.628573e-05,0
LA_D_8598286,0,0.00041412382,0
LA_D_8599385,0,3.880068e-05,0
LA_D_8657678,0,2.8807624e-05,0
LA_D_8658570,0,7.067547e-06,0
LA_D_8688272,0,3.6204543e-05,0
LA_D_8688945,0,0.000569191,0
LA_D_8691875,0,8.6623215e-05,0
LA_D_8762296,0,1.890839e-05,0
LA_D_8765322,0,2.690949e-06,0
LA_D_8778367,0,1.6784514e-05,0
LA_D_8779473,0,4.590223e-06,0
LA_D_8789400,0,2.408471e-05,0
LA_D_8803432,0,8.566559e-06,0
LA_D_8821416,0,1.1352917e-05,0
LA_D_8844445,0,7.915473e-06,0
LA_D_8905425,0,6.673294e-05,0
LA_D_8910475,0,0.00017318211,0
LA_D_8944361,0,1.5502002e-05,0
LA_D_8964349,0,4.0543923e-06,0
LA_D_9028753,0,0.00016459583,0
LA_D_9050986,0,4.698634e-05,0
LA_D_9069422,0,7.737015e-05,0
LA_D_9102400,0,3.4272864e-06,0
LA_D_9175939,0,1.3913405e-05,0
LA_D_9239645,0,3.1177107e-05,0
LA_D_9247502,0,1.51212e-05,0
LA_D_9253420,0,3.9611685e-05,0
LA_D_9330010,0,9.052055e-05,0
LA_D_9338167,0,1.5100551e-05,0
LA_D_9339602,0,0.00048937846,0
LA_D_9356307,0,2.0086894e-05,0
LA_D_9394766,0,0.0026927472,0
LA_D_9412889,0,1.2293284e-05,0
LA_D_9432031,0,6.8072645e-06,0
LA_D_9440603,0,4.0046732e-05,0
LA_D_9449715,0,0.00013591396,0
LA_D_9476215,0,2.1057307e-05,0
LA_D_9488197,0,1.990689e-05,0
LA_D_9537038,0,2.9990373e-05,0
LA_D_9575315,0,4.764135e-06,0
LA_D_9644461,0,9.508803e-05,0
LA_D_9644520,0,2.1178808e-05,0
LA_D_9646459,0,3.8225287e-05,0
LA_D_9698822,0,5.5471835e-05,0
LA_D_9732708,0,0.002752242,0
LA_D_9744020,0,3.0980133e-05,0
LA_D_9791419,0,1.6919414e-05,0
LA_D_9847423,0,1.1590551e-05,0
LA_D_9895830,0,5.3551707e-05,0
LA_D_9922367,0,3.4874207e-05,0
LA_D_9936454,0,6.6446046e-05,0
LA_D_9964285,0,4.2988584e-05,0
LA_D_1027036,0,3.934821e-05,0
LA_D_1063280,0,5.973752e-05,0
LA_D_1074040,0,1.2007884e-05,0
LA_D_1158489,0,1.1449577e-05,0
LA_D_1168201,0,1.527406e-05,0
LA_D_1179745,0,2.8755996e-05,0
LA_D_1190183,0,1.18224325e-05,0
LA_D_1232140,0,0.0014495605,0
LA_D_1238201,0,4.526537e-05,0
LA_D_1248209,0,7.822212e-06,0
LA_D_1264445,0,0.00055837404,0
LA_D_1280356,0,5.1422987e-05,0
LA_D_1351069,0,0.000107028005,0
LA_D_1351546,0,1.0561282e-05,0
LA_D_1382194,0,2.4589022e-05,0
LA_D_1388138,0,5.177976e-06,0
LA_D_1393294,0,6.6561406e-05,0
LA_D_1463624,0,0.00015276061,0
LA_D_1518174,0,2.8751632e-05,0
LA_D_1521999,0,1.1299376e-06,0
LA_D_1625102,0,2.1841664e-05,0
LA_D_1697322,0,0.0001541995,0
LA_D_1715778,0,5.6674282e-05,0
LA_D_1892568,0,5.4566277e-05,0
LA_D_1935532,0,3.2940992e-05,0
LA_D_1935726,0,5.057069e-05,0
LA_D_2017083,0,0.00023367682,0
LA_D_2045790,0,0.00020248728,0
LA_D_2111041,0,5.2792297e-05,0
LA_D_2113716,0,6.814599e-05,0
LA_D_2153291,0,6.842842e-05,0
LA_D_2179611,0,4.353819e-06,0
LA_D_2226291,0,0.00085862767,0
LA_D_2235229,0,5.229379e-05,0
LA_D_2249074,0,1.5821004e-05,0
LA_D_2265780,0,3.9841227e-05,0
LA_D_2350123,0,8.8785135e-05,0
LA_D_2379549,0,0.00084370637,0
LA_D_2481318,0,7.70689e-05,0
LA_D_2540693,0,1.6322509e-05,0
LA_D_2544213,0,0.00011782142,0
LA_D_2589783,0,0.00037333622,0
LA_D_2621156,0,8.032588e-05,0
LA_D_2667561,0,3.8886992e-05,0
LA_D_2682641,0,4.7714577e-05,0
LA_D_2712069,0,1.8340947e-06,0
LA_D_2726610,0,2.4481217e-06,0
LA_D_2734048,0,9.878816e-05,0
LA_D_2736752,0,2.9576437e-05,0
LA_D_2761727,0,3.701271e-05,0
LA_D_2780378,0,0.00012424421,0
LA_D_2787302,0,0.00016851739,0
LA_D_2796486,0,0.00030702623,0
LA_D_2815191,0,8.530891e-06,0
LA_D_2862464,0,3.9199394e-06,0
LA_D_2862862,0,1.13666965e-05,0
LA_D_2895942,0,7.883413e-05,0
LA_D_2909551,0,6.708169e-05,0
LA_D_2940992,0,0.0001438412,0
LA_D_3004195,0,7.370097e-05,0
LA_D_3027433,0,8.208095e-06,0
LA_D_3051172,0,0.00025546853,0
LA_D_3069822,0,0.0016149539,0
LA_D_3081705,0,1.8715551e-05,0
LA_D_3106519,0,2.3089688e-06,0
LA_D_3115590,0,0.0009954632,0
LA_D_3150295,0,4.8722573e-05,0
LA_D_3177701,0,0.00010448438,0
LA_D_3205024,0,5.5677254e-05,0
LA_D_3245031,0,9.4790164e-05,0
LA_D_3250407,0,6.9202426e-05,0
LA_D_3255096,0,0.000112053276,0
LA_D_3281386,0,6.252234e-05,0
LA_D_3314744,0,3.7019912e-05,0
LA_D_3331528,0,0.00018517171,0
LA_D_3352586,0,2.9912937e-05,0
LA_D_3371337,0,1e-06,0
LA_D_3373830,0,0.00010972119,0
LA_D_3386014,0,0.0003046278,0
LA_D_3387945,0,1.7932312e-05,0
LA_D_3405582,0,1.2217411e-05,0
LA_D_3408202,0,7.826853e-06,0
LA_D_3409583,0,0.028764442,0
LA_D_3410467,0,4.9020757e-05,0
LA_D_3415474,0,0.00010626387,0
LA_D_3434212,0,5.396336e-05,0
LA_D_3438062,0,0.00013698095,0
LA_D_3438542,0,3.6974612e-05,0
LA_D_3470313,0,2.7847036e-05,0
LA_D_3481855,0,0.04106816,0
LA_D_3497818,0,4.2403863e-05,0
LA_D_3611170,0,6.363866e-05,0
LA_D_3626485,0,9.484314e-06,0
LA_D_3634650,0,1e-06,0
LA_D_3675957,0,6.17189e-05,0
LA_D_3703706,0,6.526823e-05,0
LA_D_3703829,0,1.8550154e-05,0
LA_D_3746592,0,1.9722049e-05,0
LA_D_3761372,0,1.3032433e-05,0
LA_D_3811662,0,0.00049150415,0
LA_D_3823928,0,4.9714534e-05,0
LA_D_3848625,0,0.06261343,0
LA_D_3942877,0,0.00015420464,0
LA_D_3954136,0,9.820461e-05,0
LA_D_3958645,0,0.0005204186,0
LA_D_3958701,0,6.692959e-06,0
LA_D_4019987,0,0.000112277885,0
LA_D_4046895,0,7.015947e-05,0
LA_D_4148744,0,0.000603876,0
LA_D_4181398,0,3.2769887e-05,0
LA_D_4182510,0,8.631285e-05,0
LA_D_4184582,0,2.856841e-05,0
LA_D_4191582,0,5.394679e-05,0
LA_D_4193632,0,4.6374123e-05,0
LA_D_4195024,0,0.00025350877,0
LA_D_4231438,0,0.00010592386,0
LA_D_4240232,0,0.0002627584,0
LA_D_4241032,0,2.4565645e-06,0
LA_D_4250284,0,0.0006470301,0
LA_D_4274327,0,5.055936e-06,0
LA_D_4302814,0,4.038029e-05,0
LA_D_4306636,0,0.00015956297,0
LA_D_4339929,0,0.00018290906,0
LA_D_4358018,0,0.00010873338,0
LA_D_4368080,0,0.08140825,0
LA_D_4378419,0,0.0001894002,0
LA_D_4382768,0,0.00076841965,0
LA_D_4385637,0,2.781524e-05,0
LA_D_4502872,0,0.0012654846,0
LA_D_4518823,0,0.00016320229,0
LA_D_4530249,0,6.7255336e-05,0
LA_D_4541895,0,3.6290676e-06,0
LA_D_4609401,0,7.2620795e-05,0
LA_D_4702964,0,8.0917926e-05,0
LA_D_4707076,0,1.6742564e-05,0
LA_D_4728531,0,0.00060408784,0
LA_D_4740253,0,0.0012235292,0
LA_D_4758741,0,6.691442e-05,0
LA_D_4763361,0,9.498716e-06,0
LA_D_4798984,0,8.728679e-06,0
LA_D_4813001,0,0.08936154,0
LA_D_4813446,0,0.00011250659,0
LA_D_4820874,0,4.483918e-05,0
LA_D_4876374,0,7.473376e-05,0
LA_D_4907345,0,0.0001699743,0
LA_D_4911106,0,0.0015648634,0
LA_D_4921306,0,0.00018745198,0
LA_D_4936226,0,4.513662e-06,0
LA_D_4941783,0,0.00033983137,0
LA_D_4970282,0,3.2498694e-05,0
LA_D_4972782,0,9.697141e-06,0
LA_D_5026079,0,1.2235647e-05,0
LA_D_5041256,0,0.0008153547,0
LA_D_5082258,0,3.2815528e-06,0
LA_D_5085425,0,2.9308576e-05,0
LA_D_5094867,0,0.000264257,0
LA_D_5145079,0,5.502092e-05,0
LA_D_5174186,0,7.803324e-05,0
LA_D_5225846,0,8.25465e-05,0
LA_D_5236165,0,0.00010330091,0
LA_D_5274055,0,3.876096e-05,0
LA_D_5288785,0,2.887628e-05,0
LA_D_5328469,0,0.0002624722,0
LA_D_5330416,0,3.0257708e-05,0
LA_D_5337300,0,6.680741e-06,0
LA_D_5341780,0,3.3856864e-05,0
LA_D_5349891,0,0.0006369098,0
LA_D_5391312,0,1.9946989e-05,0
LA_D_5399074,0,2.171288e-05,0
LA_D_5411425,0,0.0076469956,0
LA_D_5416891,0,2.2212096e-05,0
LA_D_5463025,0,3.0857824e-05,0
LA_D_5472628,0,4.5703546e-05,0
LA_D_5502210,0,0.0001306519,0
LA_D_5558097,0,0.0001018591,0
LA_D_5598437,0,0.000117993215,0
LA_D_5606948,0,0.0011030146,0
LA_D_5648484,0,1.8297782e-05,0
LA_D_5658047,0,9.577744e-06,0
LA_D_5674798,0,0.00089521933,0
LA_D_5702698,0,2.5394813e-05,0
LA_D_5731514,0,6.672435e-05,0
LA_D_5744723,0,1e-06,0
LA_D_5756079,0,0.0013926565,0
LA_D_5761294,0,0.004908083,0
LA_D_5788830,0,9.634759e-05,0
LA_D_5810774,0,6.6436856e-05,0
LA_D_5811636,0,2.805053e-06,0
LA_D_5815871,0,0.0005381146,0
LA_D_5815879,0,0.0001073897,0
LA_D_5854347,0,8.820353e-05,0
LA_D_5890209,0,9.464256e-06,0
LA_D_5902939,0,9.194933e-05,0
LA_D_5915443,0,0.00036560063,0
LA_D_5966896,0,0.00013789111,0
LA_D_6004306,0,6.8722096e-05,0
LA_D_6020277,0,9.097669e-05,0
LA_D_6060748,0,3.773186e-05,0
LA_D_6078371,0,0.00011391994,0
LA_D_6129214,0,2.1745498e-05,0
LA_D_6166462,0,3.963141e-05,0
LA_D_6167979,0,0.01491526,0
LA_D_6178691,0,6.831712e-05,0
LA_D_6212648,0,4.0845705e-05,0
LA_D_6301347,0,1.6599006e-05,0
LA_D_6302669,0,0.00014127373,0
LA_D_6364752,0,0.0005885931,0
LA_D_6450264,0,0.0005831553,0
LA_D_6470899,0,6.2474195e-05,0
LA_D_6607748,0,0.00058222684,0
LA_D_6624488,0,0.00016539282,0
LA_D_6689857,0,4.318478e-05,0
LA_D_6695214,0,9.049276e-05,0
LA_D_6754663,0,7.0664064e-05,0
LA_D_6822464,0,9.1624e-05,0
LA_D_6832697,0,0.00029111654,0
LA_D_6844056,0,6.873298e-05,0
LA_D_6910092,0,3.0394565e-06,0
LA_D_6923831,0,0.00018042978,0
LA_D_6923993,0,1.4970556e-05,0
LA_D_6954213,0,2.8376717e-06,0
LA_D_6966943,0,4.6031505e-06,0
LA_D_6976547,0,5.5045322e-05,0
LA_D_7045724,0,6.8671284e-06,0
LA_D_7081849,0,1.9173023e-05,0
LA_D_7083969,0,4.4821422e-06,0
LA_D_7121049,0,5.4066742e-05,0
LA_D_7145015,0,0.0007599417,0
LA_D_7154160,0,1e-06,0
LA_D_7165623,0,4.193649e-05,0
LA_D_7173940,0,7.040778e-05,0
LA_D_7223284,0,1e-06,0
LA_D_7248953,0,0.0002133946,0
LA_D_7249552,0,1.4923003e-05,0
LA_D_7255755,0,3.5487046e-05,0
LA_D_7262716,0,1.97798e-05,0
LA_D_7392383,0,1.0393501e-05,0
LA_D_7496841,0,5.440835e-06,0
LA_D_7575592,0,0.00011219729,0
LA_D_7575877,0,5.7601315e-05,0
LA_D_7588199,0,1.190239e-05,0
LA_D_7591062,0,0.043821666,0
LA_D_7615134,0,2.0437774e-05,0
LA_D_7634407,0,2.3306895e-06,0
LA_D_7641113,0,2.1212401e-05,0
LA_D_7678069,0,2.1677253e-05,0
LA_D_7711351,0,2.3448263e-06,0
LA_D_7736497,0,1.4028503e-06,0
LA_D_7766550,0,0.0022538442,0
LA_D_7789202,0,0.00019097954,0
LA_D_7799234,0,4.6475332e-05,0
LA_D_7832705,0,6.671398e-05,0
LA_D_7836942,0,0.000143399,0
LA_D_7863940,0,0.0010655873,0
LA_D_7900629,0,9.829173e-05,0
LA_D_7934417,0,4.9917242e-05,0
LA_D_7941843,0,7.996139e-06,0
LA_D_8039108,0,0.00012243395,0
LA_D_8173717,0,2.5384257e-05,0
LA_D_8183682,0,6.0199985e-05,0
LA_D_8359755,0,0.002063038,0
LA_D_8454906,0,0.000120951205,0
LA_D_8471747,0,5.581036e-05,0
LA_D_8524883,0,1.4634971e-05,0
LA_D_8534191,0,0.89431494,1
LA_D_8630528,0,2.7515372e-05,0
LA_D_8634956,0,0.00013086798,0
LA_D_8658531,0,1.8585554e-06,0
LA_D_8679609,0,1.6512311e-06,0
LA_D_8680505,0,3.6776382e-05,0
LA_D_8698219,0,0.00013497089,0
LA_D_8900733,0,1.0837808e-05,0
LA_D_8928209,0,5.613307e-05,0
LA_D_8940981,0,0.00016742382,0
LA_D_8986725,0,2.4212015e-05,0
LA_D_9039108,0,5.1647286e-05,0
LA_D_9063622,0,3.6429206e-05,0
LA_D_9081617,0,0.00012854922,0
LA_D_9093007,0,0.0004482126,0
LA_D_9097473,0,6.2496234e-05,0
LA_D_9175542,0,2.9871286e-05,0
LA_D_9238403,0,0.0001646674,0
LA_D_9261139,0,0.00010162431,0
LA_D_9325156,0,0.00011842944,0
LA_D_9449718,0,7.065092e-05,0
LA_D_9451389,0,0.0016204141,0
LA_D_9457760,0,2.8288305e-06,0
LA_D_9460191,0,0.000111283196,0
LA_D_9469910,0,5.198319e-05,0
LA_D_9523778,0,0.00010034981,0
LA_D_9562015,0,5.34001e-05,0
LA_D_9582658,0,5.303048e-06,0
LA_D_9603070,0,0.00012434518,0
LA_D_9662606,0,0.00025546123,0
LA_D_9686838,0,5.173513e-05,0
LA_D_9696470,0,1.7091283e-05,0
LA_D_9704240,0,4.5175886e-05,0
LA_D_9711707,0,8.9538604e-05,0
LA_D_9719597,0,8.6564505e-05,0
LA_D_9721837,0,4.0403e-06,0
LA_D_9724900,0,2.9521456e-05,0
LA_D_9774871,0,7.0192735e-05,0
LA_D_9881093,0,1.5993546e-05,0
LA_D_9913955,0,8.097814e-05,0
LA_D_9915722,0,2.9182791e-05,0
LA_D_9927048,0,0.00022237372,0
LA_D_9935628,0,2.4621168e-05,0
LA_D_9953593,0,8.793714e-05,0
LA_D_1024541,0,3.681305e-05,0
LA_D_1035695,0,4.8948674e-05,0
LA_D_1042553,0,3.049601e-06,0
LA_D_1134137,0,6.417073e-05,0
LA_D_1218270,0,3.0595806e-05,0
LA_D_1218955,0,3.465682e-05,0
LA_D_1226093,0,4.132397e-05,0
LA_D_1239007,0,3.426369e-05,0
LA_D_1248476,0,2.8892588e-05,0
LA_D_1252524,0,5.821916e-05,0
LA_D_1390523,0,2.3673092e-05,0
LA_D_1412369,0,2.884248e-05,0
LA_D_1432668,0,3.1343752e-05,0
LA_D_1463958,0,4.2850937e-05,0
LA_D_1496754,0,1.656172e-05,0
LA_D_1509117,0,4.8492802e-05,0
LA_D_1528364,0,3.0420542e-05,0
LA_D_1535343,0,2.8949622e-05,0
LA_D_1601494,0,4.0208604e-05,0
LA_D_1601833,0,4.8704875e-05,0
LA_D_1614845,0,3.389689e-05,0
LA_D_1632847,0,5.34273e-05,0
LA_D_1635246,0,7.735801e-06,0
LA_D_1643538,0,2.7519523e-05,0
LA_D_1711564,0,3.5811507e-05,0
LA_D_1755243,0,3.0580926e-05,0
LA_D_1755482,0,1.5697811e-05,0
LA_D_1778489,0,4.681513e-05,0
LA_D_1783037,0,8.272416e-06,0
LA_D_1809307,0,2.9648616e-05,0
LA_D_1838028,0,3.615424e-05,0
LA_D_1864652,0,2.215696e-05,0
LA_D_1871223,0,5.980027e-05,0
LA_D_1919505,0,3.4705106e-05,0
LA_D_1953575,0,3.0784813e-05,0
LA_D_1954275,0,3.4857818e-05,0
LA_D_1989443,0,6.4419733e-06,0
LA_D_2003609,0,4.7220456e-06,0
LA_D_2006600,0,1.4045104e-05,0
LA_D_2046470,0,3.0626426e-05,0
LA_D_2086920,0,7.936363e-05,0
LA_D_2092684,0,4.6037134e-05,0
LA_D_2143588,0,3.5296922e-05,0
LA_D_2193916,0,5.0262024e-05,0
LA_D_2228504,0,3.239071e-05,0
LA_D_2280242,0,5.5434346e-05,0
LA_D_2299839,0,3.0244842e-05,0
LA_D_2332596,0,4.145639e-05,0
LA_D_2364299,0,2.5051708e-05,0
LA_D_2367658,0,1.2473163e-05,0
LA_D_2373826,0,2.2649963e-05,0
LA_D_2374054,0,4.4017386e-05,0
LA_D_2374590,0,5.2975943e-06,0
LA_D_2379249,0,3.3077078e-05,0
LA_D_2380365,0,5.858909e-05,0
LA_D_2416790,0,4.142245e-05,0
LA_D_2437354,0,4.5870383e-05,0
LA_D_2491741,0,0.00022180242,0
LA_D_2493315,0,5.0959035e-05,0
LA_D_2499496,0,0.00050269096,0
LA_D_2499954,0,4.200365e-05,0
LA_D_2511151,0,2.9629282e-05,0
LA_D_2536179,0,6.283399e-05,0
LA_D_2586141,0,3.204947e-05,0
LA_D_2632718,0,3.5598525e-05,0
LA_D_2661958,0,3.9883766e-05,0
LA_D_2709080,0,3.363263e-05,0
LA_D_2717878,0,3.1587977e-05,0
LA_D_2721191,0,2.6814403e-05,0
LA_D_2727763,0,3.5180652e-05,0
LA_D_2731036,0,4.3999255e-05,0
LA_D_2736869,0,3.392972e-05,0
LA_D_2746243,0,4.5429137e-05,0
LA_D_2746267,0,4.9034315e-05,0
LA_D_2783081,0,2.5062987e-05,0
LA_D_2793042,0,5.0706087e-05,0
LA_D_2805826,0,2.7425205e-05,0
LA_D_2831844,0,3.5578945e-05,0
LA_D_2888596,0,2.7287328e-05,0
LA_D_2910262,0,7.103607e-05,0
LA_D_2940539,0,0.00010249993,0
LA_D_2951507,0,2.3740828e-05,0
LA_D_2987509,0,2.694899e-05,0
LA_D_3112824,0,7.287157e-05,0
LA_D_3121066,0,5.0316023e-05,0
LA_D_3139557,0,3.057702e-05,0
LA_D_3163081,0,2.5912168e-05,0
LA_D_3180081,0,2.7320268e-05,0
LA_D_3224812,0,4.645433e-05,0
LA_D_3255789,0,7.198296e-05,0
LA_D_3286040,0,6.3470055e-05,0
LA_D_3287162,0,2.7732603e-05,0
LA_D_3309731,0,3.984339e-05,0
LA_D_3317337,0,3.984924e-05,0
LA_D_3332845,0,3.1132007e-05,0
LA_D_3336827,0,1.8146528e-05,0
LA_D_3337239,0,2.41231e-05,0
LA_D_3359713,0,4.7149093e-05,0
LA_D_3364219,0,3.933013e-05,0
LA_D_3416934,0,5.707493e-05,0
LA_D_3424949,0,4.5348632e-05,0
LA_D_3425869,0,4.120784e-05,0
LA_D_3431144,0,1.0207007e-05,0
LA_D_3434819,0,2.909243e-05,0
LA_D_3440841,0,4.447423e-06,0
LA_D_3444944,0,1.9750169e-05,0
LA_D_3472699,0,0.00013136482,0
LA_D_3472855,0,4.3186803e-05,0
LA_D_3481947,0,2.3280714e-05,0
LA_D_3495463,0,3.367885e-05,0
LA_D_3495507,0,4.0369512e-05,0
LA_D_3512887,0,6.6865796e-06,0
LA_D_3523121,0,2.5234442e-05,0
LA_D_3525708,0,7.8850215e-05,0
LA_D_3581963,0,0.0024264962,0
LA_D_3623933,0,2.7129594e-05,0
LA_D_3673803,0,4.0367508e-05,0
LA_D_3691914,0,7.4802985e-05,0
LA_D_3694349,0,2.1863692e-05,0
LA_D_3859466,0,2.6733922e-05,0
LA_D_3860524,0,2.8446502e-05,0
LA_D_3862793,0,2.819073e-05,0
LA_D_3874710,0,7.1527384e-06,0
LA_D_3880845,0,2.0709174e-05,0
LA_D_3928922,0,2.7935128e-05,0
LA_D_3956535,0,4.15963e-05,0
LA_D_4070411,0,1.5544787e-05,0
LA_D_4083902,0,1.1590363e-05,0
LA_D_4103449,0,0.0007768521,0
LA_D_4113219,0,4.07228e-05,0
LA_D_4135542,0,0.00022305071,0
LA_D_4136401,0,2.9503644e-05,0
LA_D_4180382,0,2.7315682e-05,0
LA_D_4280433,0,4.0331797e-05,0
LA_D_4293774,0,1.9258952e-05,0
LA_D_4301521,0,1.5176981e-05,0
LA_D_4339595,0,1.00008565e-05,0
LA_D_4339686,0,8.838336e-06,0
LA_D_4430284,0,3.8217084e-05,0
LA_D_4448951,0,2.942289e-05,0
LA_D_4483013,0,3.739403e-05,0
LA_D_4494703,0,7.1750237e-06,0
LA_D_4505123,0,6.590706e-05,0
LA_D_4586638,0,4.237043e-05,0
LA_D_4637943,0,0.00022453001,0
LA_D_4653523,0,4.2139498e-05,0
LA_D_4662010,0,7.290187e-05,0
LA_D_4696311,0,1.8024175e-05,0
LA_D_4697088,0,0.00036846107,0
LA_D_4709234,0,3.1282714e-05,0
LA_D_4720854,0,2.9109997e-05,0
LA_D_4747651,0,5.5736757e-05,0
LA_D_4790311,0,4.270583e-05,0
LA_D_4873396,0,4.0036422e-05,0
LA_D_4882560,0,2.8988352e-05,0
LA_D_4884481,0,5.134204e-05,0
LA_D_4900323,0,2.062366e-05,0
LA_D_4920424,0,8.129484e-06,0
LA_D_4942826,0,1.0908153e-05,0
LA_D_4960294,0,2.9295357e-05,0
LA_D_5028072,0,7.807246e-05,0
LA_D_5028697,0,3.4735633e-05,0
LA_D_5071457,0,9.578018e-06,0
LA_D_5101720,0,5.5699136e-05,0
LA_D_5106469,0,2.1457325e-05,0
LA_D_5117145,0,1.6576289e-05,0
LA_D_5118097,0,3.8379974e-05,0
LA_D_5123725,0,2.4728706e-05,0
LA_D_5185723,0,3.6553654e-05,0
LA_D_5192013,0,2.5174328e-05,0
LA_D_5210752,0,5.478219e-06,0
LA_D_5267968,0,3.284065e-05,0
LA_D_5275946,0,3.451256e-05,0
LA_D_5308008,0,3.9724375e-05,0
LA_D_5313766,0,3.495208e-05,0
LA_D_5332246,0,2.2972134e-05,0
LA_D_5337439,0,6.763751e-05,0
LA_D_5362013,0,6.570499e-05,0
LA_D_5400157,0,1.5828986e-05,0
LA_D_5400787,0,2.6160713e-05,0
LA_D_5409547,0,3.1777327e-05,0
LA_D_5441203,0,2.903129e-05,0
LA_D_5453401,0,2.4925335e-05,0
LA_D_5463700,0,4.5553556e-05,0
LA_D_5464792,0,4.596576e-05,0
LA_D_5474661,0,1.7542563e-05,0
LA_D_5485515,0,5.1395236e-05,0
LA_D_5492356,0,2.3005832e-06,0
LA_D_5511445,0,3.620924e-05,0
LA_D_5515164,0,3.4012035e-05,0
LA_D_5539912,0,5.5408025e-05,0
LA_D_5551945,0,2.8666434e-05,0
LA_D_5556633,0,0.10931406,0
LA_D_5569369,0,3.697821e-05,0
LA_D_5602174,0,3.1427677e-05,0
LA_D_5602437,0,3.8938313e-05,0
LA_D_5610125,0,1.407106e-05,0
LA_D_5626564,0,1.0799841e-05,0
LA_D_5629187,0,2.4937392e-05,0
LA_D_5647508,0,2.8809933e-05,0
LA_D_5655417,0,4.8578706e-05,0
LA_D_5681705,0,4.1850475e-05,0
LA_D_5712427,0,3.0521842e-05,0
LA_D_5713865,0,1.6678914e-05,0
LA_D_5752916,0,1e-06,0
LA_D_5789585,0,1.0750598e-05,0
LA_D_5808200,0,4.4191256e-05,0
LA_D_5873758,0,4.638443e-05,0
LA_D_5882342,0,2.7709179e-05,0
LA_D_5886832,0,3.1275613e-05,0
LA_D_5934440,0,2.089143e-05,0
LA_D_5966111,0,3.9670584e-05,0
LA_D_5998708,0,6.219885e-06,0
LA_D_6013990,0,3.34759e-05,0
LA_D_6025730,0,3.853827e-05,0
LA_D_6040176,0,4.38877e-05,0
LA_D_6113830,0,2.4518695e-06,0
LA_D_6116905,0,3.9019385e-05,0
LA_D_6145523,0,1.9391828e-05,0
LA_D_6164377,0,4.9694958e-05,0
LA_D_6194235,0,4.320661e-05,0
LA_D_6209989,0,4.771103e-05,0
LA_D_6256464,0,0.00015239311,0
LA_D_6265877,0,3.629041e-05,0
LA_D_6268154,0,4.1401632e-05,0
LA_D_6308947,0,3.0051695e-05,0
LA_D_6335322,0,1.0766173e-05,0
LA_D_6345131,0,5.7511943e-06,0
LA_D_6356896,0,1.9359532e-05,0
LA_D_6368816,0,4.0292354e-05,0
LA_D_6374661,0,3.0910508e-06,0
LA_D_6376974,0,9.811794e-05,0
LA_D_6445561,0,2.4618397e-05,0
LA_D_6499586,0,1.1521606e-05,0
LA_D_6545121,0,2.7094793e-05,0
LA_D_6548234,0,3.157051e-05,0
LA_D_6585381,0,3.2072032e-05,0
LA_D_6623812,0,3.5004017e-05,0
LA_D_6649816,0,2.7174934e-05,0
LA_D_6690990,0,0.0008569199,0
LA_D_6693898,0,2.2898748e-05,0
LA_D_6727952,0,3.173197e-05,0
LA_D_6767586,0,3.435897e-05,0
LA_D_6807841,0,3.4339086e-05,0
LA_D_6812624,0,4.729806e-05,0
LA_D_6820465,0,5.5591518e-05,0
LA_D_6821250,0,2.6663445e-05,0
LA_D_6861811,0,9.65358e-06,0
LA_D_6863380,0,2.6487107e-05,0
LA_D_6871726,0,1.0343644e-05,0
LA_D_6884110,0,3.0191068e-05,0
LA_D_6890939,0,1.5923495e-05,0
LA_D_6924353,0,3.689483e-05,0
LA_D_6937150,0,3.260443e-05,0
LA_D_7036071,0,5.167862e-05,0
LA_D_7037337,0,0.000108524655,0
LA_D_7039023,0,3.3683187e-05,0
LA_D_7094796,0,3.5968467e-05,0
LA_D_7100790,0,3.4385554e-05,0
LA_D_7126534,0,1.5973517e-05,0
LA_D_7153247,0,3.4783236e-05,0
LA_D_7169217,0,0.00011145035,0
LA_D_7170458,0,2.7252661e-05,0
LA_D_7170608,0,3.2137188e-05,0
LA_D_7178248,0,1.9996547e-05,0
LA_D_7190581,0,8.276404e-05,0
LA_D_7215553,0,1.4427289e-05,0
LA_D_7317360,0,2.4955638e-05,0
LA_D_7322306,0,1.6676258e-05,0
LA_D_7410931,0,3.6827794e-05,0
LA_D_7415755,0,4.505705e-05,0
LA_D_7434265,0,2.0288497e-05,0
LA_D_7460094,0,4.4362605e-05,0
LA_D_7524440,0,7.039992e-06,0
LA_D_7526777,0,5.3639975e-05,0
LA_D_7543928,0,5.450423e-05,0
LA_D_7565415,0,2.306424e-05,0
LA_D_7567334,0,5.190542e-05,0
LA_D_7611234,0,2.2074495e-05,0
LA_D_7618965,0,4.4465614e-05,0
LA_D_7623214,0,3.529423e-05,0
LA_D_7629070,0,1.1804631e-05,0
LA_D_7661298,0,1.760066e-05,0
LA_D_7667637,0,8.931592e-06,0
LA_D_7681851,0,4.791515e-06,0
LA_D_7688135,0,3.6523023e-05,0
LA_D_7745862,0,3.6784306e-05,0
LA_D_7748502,0,3.4877103e-05,0
LA_D_7771621,0,9.38169e-06,0
LA_D_7798691,0,2.9420813e-05,0
LA_D_7804785,0,3.7039437e-05,0
LA_D_7809381,0,3.161531e-05,0
LA_D_7831531,0,7.317759e-06,0
LA_D_7843372,0,3.2084514e-05,0
LA_D_7843877,0,4.8967027e-05,0
LA_D_7852940,0,7.929645e-05,0
LA_D_7904161,0,3.9408602e-05,0
LA_D_7912208,0,2.1216792e-05,0
LA_D_7919147,0,4.4179884e-05,0
LA_D_7920196,0,2.6588004e-05,0
LA_D_7936437,0,2.9233292e-05,0
LA_D_7973788,0,9.2013375e-05,0
LA_D_7974697,0,3.213786e-05,0
LA_D_7993138,0,1.2237747e-05,0
LA_D_7994905,0,4.540025e-05,0
LA_D_7994992,0,3.330837e-05,0
LA_D_8052049,0,3.3160868e-05,0
LA_D_8111494,0,3.539589e-05,0
LA_D_8118167,0,2.2043405e-05,0
LA_D_8141901,0,3.3830886e-05,0
LA_D_8174334,0,4.825941e-05,0
LA_D_8183218,0,4.4252407e-05,0
LA_D_8185311,0,2.7879081e-05,0
LA_D_8200506,0,9.529328e-06,0
LA_D_8258459,0,1.9955442e-06,0
LA_D_8264863,0,8.899469e-06,0
LA_D_8283567,0,2.7900891e-05,0
LA_D_8299781,0,0.0001407001,0
LA_D_8301954,0,1.400008e-05,0
LA_D_8304989,0,5.7539495e-05,0
LA_D_8315307,0,4.758571e-05,0
LA_D_8316071,0,9.179402e-06,0
LA_D_8322431,0,4.1248808e-05,0
LA_D_8344962,0,4.205852e-05,0
LA_D_8345800,0,7.0251655e-05,0
LA_D_8347056,0,3.272389e-05,0
LA_D_8380344,0,2.7543727e-05,0
LA_D_8398091,0,3.4645258e-05,0
LA_D_8411616,0,9.01504e-05,0
LA_D_8423289,0,4.168617e-05,0
LA_D_8447480,0,7.4141826e-05,0
LA_D_8454223,0,3.1127733e-05,0
LA_D_8465207,0,0.00012683654,0
LA_D_8476350,0,8.55543e-06,0
LA_D_8511483,0,4.7700974e-05,0
LA_D_8515733,0,2.4566543e-05,0
LA_D_8534526,0,3.8724644e-05,0
LA_D_8539612,0,6.5758395e-05,0
LA_D_8540770,0,5.4069216e-05,0
LA_D_8543737,0,5.6134468e-05,0
LA_D_8552142,0,0.00020417201,0
LA_D_8555530,0,3.4090226e-05,0
LA_D_8611140,0,5.0609568e-05,0
LA_D_8651248,0,3.5543133e-05,0
LA_D_8657095,0,4.26792e-05,0
LA_D_8676464,0,2.117695e-05,0
LA_D_8692089,0,6.8163336e-06,0
LA_D_8723788,0,2.794003e-05,0
LA_D_8736662,0,2.922847e-05,0
LA_D_8763928,0,3.0351024e-05,0
LA_D_8780503,0,5.1771698e-05,0
LA_D_8808510,0,3.1535546e-05,0
LA_D_8811548,0,1.3536466e-05,0
LA_D_8826150,0,0.00012665066,0
LA_D_8833531,0,5.706769e-05,0
LA_D_8833933,0,3.9301936e-05,0
LA_D_8841412,0,4.965258e-06,0
LA_D_8853078,0,2.9331504e-05,0
LA_D_8868497,0,2.5907175e-05,0
LA_D_8873375,0,1.4297184e-05,0
LA_D_8878315,0,1.1015492e-05,0
LA_D_8879769,0,3.794812e-05,0
LA_D_8890877,0,2.587846e-05,0
LA_D_8912964,0,8.738775e-06,0
LA_D_8926504,0,3.35283e-05,0
LA_D_8934774,0,5.4933833e-05,0
LA_D_8939153,0,9.425585e-05,0
LA_D_8941037,0,4.460959e-05,0
LA_D_8950647,0,2.5904385e-05,0
LA_D_8960736,0,4.4529515e-05,0
LA_D_8971601,0,8.072564e-05,0
LA_D_8983751,0,4.2461485e-05,0
LA_D_9006149,0,3.390126e-05,0
LA_D_9059259,0,3.5693163e-05,0
LA_D_9074375,0,0.00012454228,0
LA_D_9101305,0,1.8672872e-05,0
LA_D_9115565,0,6.782049e-05,0
LA_D_9129216,0,1.8670238e-05,0
LA_D_9133128,0,6.507605e-06,0
LA_D_9156038,0,2.807491e-05,0
LA_D_9160621,0,2.4353716e-05,0
LA_D_9209018,0,3.2475273e-05,0
LA_D_9222077,0,2.4050374e-05,0
LA_D_9249738,0,9.4654215e-06,0
LA_D_9251833,0,1.2016189e-05,0
LA_D_9262825,0,3.072305e-05,0
LA_D_9295689,0,2.6210304e-05,0
LA_D_9375118,0,4.9789924e-05,0
LA_D_9388333,0,2.4769113e-05,0
LA_D_9391403,0,2.5663954e-05,0
LA_D_9435141,0,4.222052e-06,0
LA_D_9448997,0,3.977134e-05,0
LA_D_9486751,0,1.1224035e-05,0
LA_D_9490122,0,3.1834716e-05,0
LA_D_9537289,0,6.3905085e-05,0
LA_D_9566824,0,4.0689458e-05,0
LA_D_9572182,0,5.1999254e-05,0
LA_D_9626758,0,3.7516365e-05,0
LA_D_9666900,0,6.317333e-05,0
LA_D_9721880,0,9.246457e-06,0
LA_D_9723855,0,1.2059779e-05,0
LA_D_9729483,0,1.096947e-06,0
LA_D_9774174,0,4.026125e-05,0
LA_D_9779978,0,4.4159326e-05,0
LA_D_9798672,0,3.2854154e-05,0
LA_D_9808110,0,2.1282163e-05,0
LA_D_9820486,0,3.4108798e-05,0
LA_D_9830830,0,2.0457586e-05,0
LA_D_9863362,0,3.0944877e-05,0
LA_D_9907979,0,3.563419e-05,0
LA_D_9920694,0,3.3525772e-05,0
LA_D_9951144,0,1.4523188e-05,0
LA_D_9967530,0,7.980547e-05,0
LA_D_9999760,0,6.684102e-05,0
LA_D_1025356,0,4.4771285e-05,0
LA_D_1030640,0,1e-06,0
LA_D_1054205,0,0.00020894085,0
LA_D_1071291,0,5.3499287e-05,0
LA_D_1111073,0,0.0001784194,0
LA_D_1169636,0,2.7963353e-05,0
LA_D_1185773,0,2.093237e-05,0
LA_D_1193402,0,4.9959053e-05,0
LA_D_1226919,0,3.919377e-05,0
LA_D_1230447,0,2.150212e-06,0
LA_D_1237480,0,6.769513e-05,0
LA_D_1287394,0,4.0014438e-05,0
LA_D_1297520,0,3.944033e-05,0
LA_D_1307115,0,2.017053e-05,0
LA_D_1307361,0,9.385771e-06,0
LA_D_1335533,0,0.00016260099,0
LA_D_1382825,0,6.017789e-05,0
LA_D_1401933,0,6.319877e-06,0
LA_D_1412270,0,0.0054801973,0
LA_D_1426011,0,9.40237e-05,0
LA_D_1434547,0,0.00015603934,0
LA_D_1440229,0,4.648916e-05,0
LA_D_1461530,0,8.733026e-06,0
LA_D_1544054,0,1e-06,0
LA_D_1608931,0,7.1003764e-05,0
LA_D_1612620,0,0.0002105636,0
LA_D_1675550,0,0.00030968647,0
LA_D_1677234,0,1.5492928e-05,0
LA_D_1685766,0,0.00011367187,0
LA_D_1693615,0,0.00018363813,0
LA_D_1734325,0,0.00071788026,0
LA_D_1772083,0,0.00020638804,0
LA_D_1776380,0,9.554827e-06,0
LA_D_1858151,0,1.6568009e-05,0
LA_D_1867335,0,5.3877557e-06,0
LA_D_1921825,0,2.4292733e-05,0
LA_D_1933165,0,6.707318e-05,0
LA_D_1941143,0,0.0016955392,0
LA_D_1968546,0,0.00015237887,0
LA_D_2011219,0,0.00021351915,0
LA_D_2071557,0,9.623456e-05,0
LA_D_2074827,0,4.9274357e-05,0
LA_D_2165495,0,0.00018975452,0
LA_D_2188344,0,5.2757267e-05,0
LA_D_2196548,0,5.5836335e-05,0
LA_D_2258459,0,6.53133e-05,0
LA_D_2258741,0,9.452569e-05,0
LA_D_2288300,0,5.1177547e-05,0
LA_D_2339812,0,1.2768732e-05,0
LA_D_2358779,0,6.889546e-05,0
LA_D_2363490,0,0.00013851575,0
LA_D_2364584,0,6.0695027e-05,0
LA_D_2366142,0,9.507479e-06,0
LA_D_2371531,0,4.5630906e-05,0
LA_D_2381000,0,6.0528968e-05,0
LA_D_2405558,0,1.3318221e-05,0
LA_D_2417651,0,0.000105774154,0
LA_D_2427116,0,0.0005688689,0
LA_D_2446049,0,0.0006294187,0
LA_D_2460010,0,4.5255842e-06,0
LA_D_2557760,0,4.343163e-05,0
LA_D_2563213,0,1.6993767e-05,0
LA_D_2587030,0,0.0016778151,0
LA_D_2606095,0,5.0906234e-05,0
LA_D_2626102,0,7.0775363e-06,0
LA_D_2627350,0,4.8504185e-06,0
LA_D_2638013,0,8.6140426e-05,0
LA_D_2660381,0,5.670255e-05,0
LA_D_2691829,0,1e-06,0
LA_D_2769397,0,0.00033289613,0
LA_D_2820525,0,2.6063197e-05,0
LA_D_2821637,0,0.0003576115,0
LA_D_2899054,0,3.9419047e-05,0
LA_D_2917041,0,1.4990543e-05,0
LA_D_2945771,0,2.5811296e-05,0
LA_D_2949120,0,2.7260512e-05,0
LA_D_2984362,0,4.1044805e-05,0
LA_D_2986907,0,0.0005574341,0
LA_D_3004845,0,0.0002230558,0
LA_D_3007276,0,7.0825927e-06,0
LA_D_3019929,0,4.918553e-05,0
LA_D_3057901,0,7.642633e-05,0
LA_D_3062235,0,1.727539e-05,0
LA_D_3158494,0,0.00016725787,0
LA_D_3184698,0,1.0180749e-05,0
LA_D_3212454,0,4.406501e-05,0
LA_D_3248319,0,1.5666075e-05,0
LA_D_3266246,0,3.9568415e-05,0
LA_D_3292105,0,1.5295793e-05,0
LA_D_3416535,0,1.7467806e-05,0
LA_D_3446159,0,0.0002275507,0
LA_D_3452933,0,5.1863164e-05,0
LA_D_3486393,0,0.0001634965,0
LA_D_3495466,0,0.00021359981,0
LA_D_3536487,0,2.3890267e-05,0
LA_D_3569726,0,1.621278e-05,0
LA_D_3590829,0,0.0003356215,0
LA_D_3602669,0,2.509315e-06,0
LA_D_3605046,0,0.00019607756,0
LA_D_3652898,0,1.5009196e-05,0
LA_D_3658031,0,1.2749106e-05,0
LA_D_3674928,0,8.415535e-05,0
LA_D_3691736,0,0.00016631765,0
LA_D_3741607,0,8.786606e-05,0
LA_D_3831261,0,4.4947705e-05,0
LA_D_3843887,0,4.384863e-05,0
LA_D_3898333,0,5.9124137e-05,0
LA_D_3960616,0,1.871043e-05,0
LA_D_3975996,0,5.326349e-05,0
LA_D_4022532,0,6.179734e-05,0
LA_D_4029888,0,0.000104088096,0
LA_D_4067593,0,1.4578389e-05,0
LA_D_4075891,0,1e-06,0
LA_D_4144411,0,0.00010235507,0
LA_D_4196632,0,4.101519e-06,0
LA_D_4246774,0,1.980109e-05,0
LA_D_4260320,0,2.3950879e-05,0
LA_D_4286664,0,9.5218675e-05,0
LA_D_4297354,0,1.0235461e-05,0
LA_D_4356737,0,5.8812664e-05,0
LA_D_4359265,0,0.0030054557,0
LA_D_4389927,0,0.0023889635,0
LA_D_4485889,0,1.811278e-05,0
LA_D_4537572,0,5.8457037e-05,0
LA_D_4551639,0,0.0066585843,0
LA_D_4583777,0,6.464063e-05,0
LA_D_4610210,0,0.0003091431,0
LA_D_4617565,0,7.1777613e-06,0
LA_D_4628640,0,3.43006e-05,0
LA_D_4710912,0,0.00012512079,0
LA_D_4767743,0,3.732634e-05,0
LA_D_4852255,0,0.016686825,0
LA_D_4855092,0,4.5968212e-05,0
LA_D_4875350,0,0.00010679678,0
LA_D_4876159,0,6.6958632e-06,0
LA_D_4893544,0,8.079071e-05,0
LA_D_4904642,0,2.2441236e-05,0
LA_D_4919668,0,0.0008488698,0
LA_D_4946717,0,1.0688994e-05,0
LA_D_4962965,0,6.804365e-05,0
LA_D_5002979,0,0.016841883,0
LA_D_5013243,0,3.1682917e-05,0
LA_D_5026225,0,4.913869e-06,0
LA_D_5066427,0,1.631429e-05,0
LA_D_5103566,0,0.0003903649,0
LA_D_5131261,0,6.365502e-06,0
LA_D_5176156,0,6.948717e-05,0
LA_D_5181769,0,8.2903454e-05,0
LA_D_5194904,0,1.2452066e-05,0
LA_D_5223490,0,0.0012834845,0
LA_D_5232800,0,6.4809756e-05,0
LA_D_5233239,0,6.5593763e-06,0
LA_D_5264948,0,2.9477489e-05,0
LA_D_5272211,0,8.5407155e-05,0
LA_D_5280085,0,2.1063358e-06,0
LA_D_5281076,0,0.00010877102,0
LA_D_5295482,0,5.580291e-05,0
LA_D_5331450,0,9.0108544e-05,0
LA_D_5414308,0,7.272273e-05,0
LA_D_5451855,0,3.0383546e-05,0
LA_D_5456485,0,4.4974633e-05,0
LA_D_5481003,0,0.00019550891,0
LA_D_5487740,0,0.0092334,0
LA_D_5509643,0,0.007945226,0
LA_D_5529065,0,0.0005794079,0
LA_D_5612758,0,1e-06,0
LA_D_5680395,0,4.8734355e-06,0
LA_D_5713062,0,0.00017077585,0
LA_D_5736677,0,0.00048750849,0
LA_D_5769169,0,8.001831e-06,0
LA_D_5796502,0,3.9206145e-05,0
LA_D_5827420,0,3.3120763e-05,0
LA_D_5842927,0,0.00066006987,0
LA_D_5849098,0,1.880657e-06,0
LA_D_5856691,0,8.3630235e-05,0
LA_D_5930167,0,5.055261e-06,0
LA_D_5935284,0,4.964977e-05,0
LA_D_5970267,0,8.3398794e-05,0
LA_D_6018972,0,0.0005069011,0
LA_D_6026073,0,2.1743257e-05,0
LA_D_6053770,0,0.0015806278,0
LA_D_6157715,0,0.0004191,0
LA_D_6165178,0,2.8788894e-05,0
LA_D_6178175,0,1.5858452e-05,0
LA_D_6234671,0,2.7173613e-05,0
LA_D_6273410,0,3.8643888e-05,0
LA_D_6273504,0,3.309061e-05,0
LA_D_6280436,0,1.6375268e-05,0
LA_D_6283174,0,0.00013444014,0
LA_D_6396489,0,2.6957755e-06,0
LA_D_6461042,0,2.8742697e-05,0
LA_D_6498637,0,5.579594e-05,0
LA_D_6511574,0,3.257897e-05,0
LA_D_6516261,0,2.5739073e-06,0
LA_D_6588379,0,1.3700234e-05,0
LA_D_6597050,0,0.0018574224,0
LA_D_6597330,0,2.4435394e-05,0
LA_D_6610656,0,1.6167833e-05,0
LA_D_6613848,0,0.0031001004,0
LA_D_6636415,0,2.6805123e-05,0
LA_D_6689023,0,1.9504185e-05,0
LA_D_6695161,0,3.9959257e-05,0
LA_D_6752187,0,1.50619635e-05,0
LA_D_6814636,0,4.8465477e-05,0
LA_D_6855752,0,8.068158e-06,0
LA_D_6914760,0,0.00053451455,0
LA_D_6920856,0,3.5974335e-05,0
LA_D_6930733,0,3.1095897e-05,0
LA_D_6940521,0,0.0001395932,0
LA_D_7072258,0,4.5406487e-05,0
LA_D_7101123,0,1.6861233e-05,0
LA_D_7114007,0,0.000121903904,0
LA_D_7115973,0,1.4115682e-05,0
LA_D_7120364,0,2.879197e-05,0
LA_D_7160537,0,8.6029766e-05,0
LA_D_7180447,0,0.00013395183,0
LA_D_7199102,0,1.5796504e-05,0
LA_D_7201951,0,0.00010890781,0
LA_D_7312535,0,0.00013847758,0
LA_D_7398349,0,1.3282933e-05,0
LA_D_7420352,0,4.0324147e-05,0
LA_D_7442269,0,3.973904e-05,0
LA_D_7444518,0,1.9962039e-05,0
LA_D_7457091,0,1.2494115e-05,0
LA_D_7504762,0,0.000106393345,0
LA_D_7506025,0,2.0103125e-05,0
LA_D_7564052,0,0.0013753407,0
LA_D_7564800,0,5.770935e-05,0
LA_D_7579833,0,1.434296e-05,0
LA_D_7597147,0,0.00014130042,0
LA_D_7618520,0,3.617114e-05,0
LA_D_7643858,0,0.003291424,0
LA_D_7644072,0,2.251107e-05,0
LA_D_7673323,0,7.307421e-05,0
LA_D_7674419,0,0.00023691315,0
LA_D_7712887,0,1e-06,0
LA_D_7719213,0,2.5832421e-06,0
LA_D_7735219,0,7.52391e-05,0
LA_D_7738182,0,4.5531683e-06,0
LA_D_7761946,0,2.9066721e-05,0
LA_D_7871600,0,1.1713048e-05,0
LA_D_7891639,0,3.243284e-05,0
LA_D_7909240,0,5.5316745e-05,0
LA_D_7915757,0,3.198657e-05,0
LA_D_7980033,0,1.7499187e-05,0
LA_D_8076909,0,3.0171039e-05,0
LA_D_8077642,0,2.0971593e-05,0
LA_D_8080127,0,4.4569497e-05,0
LA_D_8128482,0,0.0001335548,0
LA_D_8138165,0,4.0337032e-05,0
LA_D_8141415,0,1.9653594e-06,0
LA_D_8197390,0,0.00062022934,0
LA_D_8205467,0,0.0052218763,0
LA_D_8217131,0,0.00012690041,0
LA_D_8223331,0,0.0001508892,0
LA_D_8224117,0,7.845996e-05,0
LA_D_8249675,0,4.3004904e-05,0
LA_D_8261063,0,2.9327118e-06,0
LA_D_8325357,0,1.4608142e-05,0
LA_D_8332415,0,1.2649301e-05,0
LA_D_8337861,0,7.231018e-05,0
LA_D_8348255,0,4.166125e-05,0
LA_D_8380959,0,0.00027551386,0
LA_D_8435642,0,6.872402e-06,0
LA_D_8436519,0,1.0981866e-05,0
LA_D_8441069,0,1.7720611e-05,0
LA_D_8467738,0,0.00010913891,0
LA_D_8485138,0,0.008721944,0
LA_D_8519084,0,0.0005846213,0
LA_D_8575854,0,1.1385802e-05,0
LA_D_8576496,0,0.00014040298,0
LA_D_8595477,0,2.4102012e-05,0
LA_D_8636461,0,1.722722e-05,0
LA_D_8657393,0,9.212373e-05,0
LA_D_8663431,0,7.4213153e-06,0
LA_D_8691113,0,0.00042724924,0
LA_D_8726741,0,0.008373906,0
LA_D_8817691,0,4.5594847e-05,0
LA_D_8832311,0,0.00013493936,0
LA_D_8832584,0,7.88733e-05,0
LA_D_8884919,0,2.3340446e-05,0
LA_D_8944675,0,1.429364e-05,0
LA_D_8948710,0,5.5228615e-05,0
LA_D_8950385,0,3.4689157e-05,0
LA_D_9189777,0,1.4540525e-05,0
LA_D_9195548,0,6.341681e-05,0
LA_D_9305104,0,3.7362952e-05,0
LA_D_9334540,0,0.00018557647,0
LA_D_9393077,0,3.5641155e-05,0
LA_D_9430632,0,0.00035398756,0
LA_D_9468782,0,6.777142e-05,0
LA_D_9477146,0,6.835915e-05,0
LA_D_9495235,0,0.004664337,0
LA_D_9525782,0,6.4473084e-06,0
LA_D_9551181,0,6.700158e-05,0
LA_D_9672147,0,2.5201974e-05,0
LA_D_9759074,0,0.0017505034,0
LA_D_9775592,0,4.9581828e-05,0
LA_D_9784942,0,0.00015538975,0
LA_D_9791741,0,0.00019298246,0
LA_D_9802861,0,2.9962897e-05,0
LA_D_9806272,0,0.00073416973,0
LA_D_9826388,0,3.2632797e-05,0
LA_D_9864516,0,2.2692577e-05,0
LA_D_9913960,0,4.830131e-05,0
LA_D_9945483,0,4.4704386e-05,0
LA_D_9991657,0,8.579419e-06,0
LA_D_9991828,0,9.526218e-05,0
LA_D_1003797,0,3.66724e-05,0
LA_D_1058697,0,4.5225675e-05,0
LA_D_1068250,0,5.0178633e-06,0
LA_D_1106906,0,4.5319273e-05,0
LA_D_1173972,0,3.8433158e-05,0
LA_D_1191562,0,5.737183e-05,0
LA_D_1217069,0,5.1278475e-06,0
LA_D_1225629,0,7.2265066e-06,0
LA_D_1267039,0,1.9936224e-05,0
LA_D_1281551,0,3.520569e-05,0
LA_D_1297559,0,2.165211e-05,0
LA_D_1358556,0,1.2650737e-05,0
LA_D_1359166,0,3.8094802e-06,0
LA_D_1365321,0,3.3651755e-05,0
LA_D_1375085,0,3.2362954e-05,0
LA_D_1378109,0,5.776319e-06,0
LA_D_1409799,0,2.5277652e-05,0
LA_D_1414287,0,2.2646573e-05,0
LA_D_1419364,0,2.755145e-05,0
LA_D_1419526,0,6.4616506e-06,0
LA_D_1526842,0,8.543461e-06,0
LA_D_1534693,0,2.642111e-05,0
LA_D_1541008,0,5.4015924e-05,0
LA_D_1555301,0,5.9704827e-05,0
LA_D_1571595,0,7.243274e-05,0
LA_D_1571783,0,6.0148057e-05,0
LA_D_1581762,0,3.161121e-05,0
LA_D_1592559,0,9.2096525e-06,0
LA_D_1601648,0,4.4055516e-05,0
LA_D_1637646,0,7.266382e-05,0
LA_D_1645531,0,0.002637465,0
LA_D_1685863,0,4.58015e-05,0
LA_D_1715922,0,4.776188e-05,0
LA_D_1757134,0,7.867294e-06,0
LA_D_1767230,0,1.5058315e-05,0
LA_D_1789894,0,1.0575533e-05,0
LA_D_1799775,0,5.4282773e-06,0
LA_D_1811965,0,4.2290143e-05,0
LA_D_1812094,0,1.847086e-05,0
LA_D_1824827,0,1.7316013e-05,0
LA_D_1849915,0,3.5086003e-05,0
LA_D_1855940,0,3.4990102e-05,0
LA_D_1881500,0,0.0003533897,0
LA_D_1890878,0,4.6983474e-05,0
LA_D_1922621,0,2.2811328e-05,0
LA_D_1930859,0,6.279949e-05,0
LA_D_1943277,0,9.076467e-06,0
LA_D_1955572,0,0.0005535384,0
LA_D_1958672,0,3.7521015e-06,0
LA_D_1975844,0,1.9767109e-05,0
LA_D_1976284,0,0.03285796,0
LA_D_2000885,0,1.1072747e-05,0
LA_D_2005388,0,4.329042e-05,0
LA_D_2053681,0,3.0229561e-05,0
LA_D_2054654,0,8.4396605e-05,0
LA_D_2093247,0,0.00017793862,0
LA_D_2124188,0,6.600616e-06,0
LA_D_2133031,0,1.8735927e-05,0
LA_D_2157831,0,2.5123796e-05,0
LA_D_2175694,0,5.028053e-05,0
LA_D_2223300,0,4.5197094e-06,0
LA_D_2223782,0,2.3404553e-05,0
LA_D_2247309,0,0.00017264331,0
LA_D_2255957,0,7.621366e-05,0
LA_D_2259016,0,1.3919737e-05,0
LA_D_2259759,0,2.7104538e-06,0
LA_D_2284232,0,1.5303118e-05,0
LA_D_2293597,0,1.3961893e-05,0
LA_D_2306690,0,6.3160746e-06,0
LA_D_2395644,0,3.86998e-05,0
LA_D_2404279,0,4.657049e-05,0
LA_D_2406653,0,2.3675619e-05,0
LA_D_2424487,0,3.225588e-06,0
LA_D_2426166,0,6.0538205e-05,0
LA_D_2473777,0,6.1226497e-06,0
LA_D_2494449,0,4.79201e-05,0
LA_D_2526971,0,4.5721285e-05,0
LA_D_2536291,0,5.2528052e-05,0
LA_D_2595427,0,7.2645034e-06,0
LA_D_2617066,0,7.3368565e-06,0
LA_D_2619504,0,0.000614875,0
LA_D_2634056,0,6.37092e-06,0
LA_D_2645663,0,2.6291095e-06,0
LA_D_2707564,0,7.0337715e-06,0
LA_D_2756525,0,8.4662315e-06,0
LA_D_2777831,0,6.357728e-05,0
LA_D_2798444,0,3.5373585e-05,0
LA_D_2798789,0,5.2165688e-05,0
LA_D_2839838,0,1.3269372e-05,0
LA_D_2847323,0,3.668513e-05,0
LA_D_2861753,0,2.2082939e-05,0
LA_D_2868921,0,5.0694343e-05,0
LA_D_2870777,0,5.923181e-05,0
LA_D_2877891,0,1.9709565e-05,0
LA_D_2878681,0,8.2987935e-05,0
LA_D_2887586,0,4.195437e-05,0
LA_D_2997155,0,4.3884604e-05,0
LA_D_3057551,0,3.0949246e-05,0
LA_D_3138020,0,3.2356475e-05,0
LA_D_3149229,0,1.3470506e-05,0
LA_D_3171047,0,0.000120705,0
LA_D_3176069,0,7.8385994e-05,0
LA_D_3217329,0,0.0002192603,0
LA_D_3302549,0,6.7850788e-06,0
LA_D_3334659,0,2.5372927e-05,0
LA_D_3376856,0,3.3352042e-06,0
LA_D_3416276,0,1.8503688e-05,0
LA_D_3421085,0,2.0751639e-05,0
LA_D_3425851,0,5.1443094e-06,0
LA_D_3434821,0,3.278489e-05,0
LA_D_3457024,0,5.7462887e-05,0
LA_D_3472117,0,3.1092306e-05,0
LA_D_3506569,0,6.436753e-05,0
LA_D_3507835,0,8.289493e-05,0
LA_D_3510395,0,0.000108207416,0
LA_D_3523213,0,2.4348745e-05,0
LA_D_3553967,0,2.405175e-05,0
LA_D_3561784,0,2.7604972e-05,0
LA_D_3611237,0,0.00044847548,0
LA_D_3668954,0,2.2770073e-05,0
LA_D_3672445,0,0.00011986688,0
LA_D_3681599,0,1.1823143e-05,0
LA_D_3707430,0,1.6102238e-05,0
LA_D_3752882,0,4.53089e-05,0
LA_D_3754369,0,0.0001715704,0
LA_D_3771563,0,2.1760476e-05,0
LA_D_3777702,0,0.00014482219,0
LA_D_3792705,0,4.312408e-05,0
LA_D_3802210,0,2.401034e-05,0
LA_D_3804397,0,2.3573562e-05,0
LA_D_3833623,0,1.6536611e-05,0
LA_D_3861037,0,8.7997534e-05,0
LA_D_3876769,0,3.1144773e-05,0
LA_D_3879195,0,3.2449582e-06,0
LA_D_3901273,0,1.878601e-06,0
LA_D_3930677,0,9.344317e-05,0
LA_D_4007785,0,5.538663e-05,0
LA_D_4063282,0,0.0005000222,0
LA_D_4073647,0,0.044473812,0
LA_D_4074087,0,2.0680933e-05,0
LA_D_4166028,0,1.3663245e-05,0
LA_D_4204784,0,2.5157862e-05,0
LA_D_4206300,0,4.3812383e-06,0
LA_D_4206952,0,5.995713e-05,0
LA_D_4293805,0,2.7141288e-05,0
LA_D_4330927,0,2.6959786e-05,0
LA_D_4344125,0,3.2797398e-05,0
LA_D_4411643,0,5.0910926e-06,0
LA_D_4411966,0,8.7279805e-06,0
LA_D_4434620,0,1.2511549e-05,0
LA_D_4459748,0,1.3938878e-05,0
LA_D_4471810,0,4.3704644e-05,0
LA_D_4486700,0,9.971592e-06,0
LA_D_4488152,0,4.5746583e-05,0
LA_D_4523165,0,7.765258e-05,0
LA_D_4544395,0,0.057389893,0
LA_D_4568975,0,6.517897e-05,0
LA_D_4572219,0,2.3489612e-05,0
LA_D_4613712,0,3.6644957e-05,0
LA_D_4647613,0,9.647387e-06,0
LA_D_4647964,0,0.0021450378,0
LA_D_4718710,0,5.686848e-06,0
LA_D_4728446,0,2.2300837e-05,0
LA_D_4736119,0,6.2656077e-06,0
LA_D_4741755,0,3.2166925e-05,0
LA_D_4762537,0,0.000836113,0
LA_D_4766616,0,4.3441243e-05,0
LA_D_4769401,0,2.3166964e-05,0
LA_D_4784805,0,1.8271487e-05,0
LA_D_4788913,0,8.254429e-05,0
LA_D_4812719,0,4.8689875e-05,0
LA_D_4835735,0,2.3957506e-05,0
LA_D_4850913,0,9.485057e-06,0
LA_D_4893596,0,2.9823414e-05,0
LA_D_4907389,0,5.0663606e-05,0
LA_D_4925887,0,2.0520407e-05,0
LA_D_4929781,0,5.2946827e-05,0
LA_D_4931710,0,1.9743444e-05,0
LA_D_4950221,0,5.385341e-06,0
LA_D_4958833,0,1.3458874e-05,0
LA_D_4959035,0,1.881123e-05,0
LA_D_4977098,0,3.309525e-05,0
LA_D_4984754,0,4.4312623e-05,0
LA_D_4986715,0,1.6051536e-05,0
LA_D_5026441,0,0.010871221,0
LA_D_5026948,0,0.000109118315,0
LA_D_5074906,0,2.9833223e-05,0
LA_D_5092533,0,3.337931e-05,0
LA_D_5115596,0,9.634189e-05,0
LA_D_5116527,0,5.1221694e-05,0
LA_D_5157632,0,5.608836e-06,0
LA_D_5169953,0,4.859701e-05,0
LA_D_5174430,0,9.104568e-05,0
LA_D_5184277,0,5.9538124e-05,0
LA_D_5186676,0,5.198547e-05,0
LA_D_5210678,0,6.95676e-05,0
LA_D_5245223,0,4.9290054e-05,0
LA_D_5271094,0,2.9996772e-06,0
LA_D_5285009,0,7.878287e-05,0
LA_D_5298731,0,4.108087e-05,0
LA_D_5315391,0,7.632367e-06,0
LA_D_5325697,0,3.8332317e-05,0
LA_D_5327408,0,3.0414336e-05,0
LA_D_5363458,0,4.696054e-05,0
LA_D_5384711,0,4.115427e-05,0
LA_D_5389869,0,4.3616e-05,0
LA_D_5392790,0,6.820697e-05,0
LA_D_5399865,0,5.244171e-06,0
LA_D_5467548,0,8.466361e-06,0
LA_D_5470881,0,5.3964184e-05,0
LA_D_5488860,0,0.00013664046,0
LA_D_5488938,0,4.850353e-05,0
LA_D_5522142,0,9.9931465e-05,0
LA_D_5565540,0,5.385352e-06,0
LA_D_5584723,0,0.0040121414,0
LA_D_5592106,0,3.8280755e-06,0
LA_D_5610893,0,5.9752037e-06,0
LA_D_5611885,0,4.4502434e-05,0
LA_D_5621269,0,3.862061e-05,0
LA_D_5652503,0,3.827106e-05,0
LA_D_5723098,0,3.016028e-05,0
LA_D_5731221,0,3.1968393e-05,0
LA_D_5736694,0,1.4169616e-05,0
LA_D_5774345,0,3.9576076e-05,0
LA_D_5781617,0,4.6684036e-06,0
LA_D_5793111,0,2.5707359e-05,0
LA_D_5795353,0,7.675264e-06,0
LA_D_5822586,0,1.585582e-05,0
LA_D_5858893,0,0.00014423097,0
LA_D_5909998,0,3.24623e-05,0
LA_D_5931137,0,4.748237e-06,0
LA_D_5959072,0,1.18394455e-05,0
LA_D_5967483,0,4.829422e-05,0
LA_D_6000442,0,1.7977518e-05,0
LA_D_6035078,0,0.00012951519,0
LA_D_6036733,0,8.006967e-05,0
LA_D_6064341,0,1.0931605e-05,0
LA_D_6115922,0,3.4526714e-05,0
LA_D_6127270,0,2.4239926e-05,0
LA_D_6154971,0,1.0778706e-05,0
LA_D_6155558,0,2.0889018e-05,0
LA_D_6164680,0,1.7301538e-05,0
LA_D_6175023,0,0.004205673,0
LA_D_6209992,0,1.9892354e-05,0
LA_D_6216331,0,2.2985107e-05,0
LA_D_6326082,0,3.6272555e-05,0
LA_D_6338190,0,5.6865378e-05,0
LA_D_6353632,0,2.6684917e-05,0
LA_D_6353813,0,1.4446687e-05,0
LA_D_6366738,0,9.3890385e-06,0
LA_D_6372376,0,1.4148405e-05,0
LA_D_6387199,0,9.289349e-05,0
LA_D_6425908,0,8.618044e-05,0
LA_D_6426866,0,3.982311e-05,0
LA_D_6474531,0,0.00014447585,0
LA_D_6480457,0,4.3800486e-05,0
LA_D_6515358,0,1.3918156e-05,0
LA_D_6517455,0,2.2723827e-05,0
LA_D_6526664,0,0.00019506444,0
LA_D_6542878,0,5.1091334e-05,0
LA_D_6547607,0,9.168448e-06,0
LA_D_6554548,0,1.6809085e-05,0
LA_D_6556577,0,0.027882662,0
LA_D_6599356,0,1.9617155e-05,0
LA_D_6627213,0,2.9310086e-05,0
LA_D_6650483,0,9.6413805e-06,0
LA_D_6663729,0,2.437744e-05,0
LA_D_6697232,0,3.8694005e-05,0
LA_D_6749090,0,4.7801706e-05,0
LA_D_6760408,0,2.1987036e-05,0
LA_D_6788782,0,9.4981e-05,0
LA_D_6801331,0,2.339511e-05,0
LA_D_6810969,0,4.5436198e-05,0
LA_D_6818615,0,3.8786773e-05,0
LA_D_6832953,0,0.00012307963,0
LA_D_6851877,0,8.747364e-06,0
LA_D_6862553,0,1.5939888e-05,0
LA_D_6902833,0,1.3042665e-05,0
LA_D_6925745,0,8.1363005e-06,0
LA_D_6957117,0,5.825578e-06,0
LA_D_6991662,0,1.26510995e-05,0
LA_D_7018313,0,1.3628699e-06,0
LA_D_7031080,0,0.0011118127,0
LA_D_7043000,0,0.00015359285,0
LA_D_7059463,0,9.922547e-06,0
LA_D_7103223,0,3.4601871e-06,0
LA_D_7119255,0,3.9549934e-05,0
LA_D_7122312,0,5.725343e-06,0
LA_D_7123142,0,8.286755e-06,0
LA_D_7129621,0,3.041361e-05,0
LA_D_7170620,0,8.462122e-06,0
LA_D_7173433,0,2.698543e-06,0
LA_D_7229041,0,1.0110813e-06,0
LA_D_7263188,0,0.0003471126,0
LA_D_7269587,0,0.093395196,0
LA_D_7285246,0,2.66288e-06,0
LA_D_7308100,0,6.538484e-05,0
LA_D_7334607,0,1.6367307e-05,0
LA_D_7357609,0,2.0418931e-06,0
LA_D_7394528,0,0.0026017285,0
LA_D_7452217,0,3.6930844e-05,0
LA_D_7512399,0,1.4209686e-05,0
LA_D_7616531,0,5.394664e-05,0
LA_D_7640908,0,6.645765e-06,0
LA_D_7660720,0,1.5973594e-05,0
LA_D_7668402,0,5.9454474e-06,0
LA_D_7743470,0,6.72268e-06,0
LA_D_7763874,0,0.00011348203,0
LA_D_7774346,0,0.00669645,0
LA_D_7785816,0,0.00019643422,0
LA_D_7789272,0,0.00038344768,0
LA_D_7795388,0,1.6549562e-05,0
LA_D_7801572,0,3.028808e-05,0
LA_D_7806943,0,9.211585e-06,0
LA_D_7827911,0,4.0784944e-05,0
LA_D_7860380,0,8.80998e-05,0
LA_D_7942115,0,3.9828807e-05,0
LA_D_7947630,0,8.0175205e-06,0
LA_D_7953159,0,3.1426298e-05,0
LA_D_7960499,0,3.450427e-06,0
LA_D_7970013,0,2.835621e-06,0
LA_D_7973088,0,1.4732772e-05,0
LA_D_7978065,0,2.1994583e-05,0
LA_D_7996904,0,3.7976537e-05,0
LA_D_8000547,0,2.2632927e-05,0
LA_D_8029129,0,8.942493e-06,0
LA_D_8048240,0,2.5917654e-05,0
LA_D_8051414,0,1.7358936e-05,0
LA_D_8057316,0,2.2346097e-05,0
LA_D_8060077,0,7.711618e-06,0
LA_D_8075381,0,0.0009032846,0
LA_D_8092331,0,3.7328746e-06,0
LA_D_8114334,0,5.9789036e-05,0
LA_D_8146012,0,7.040625e-05,0
LA_D_8172272,0,0.00015879466,0
LA_D_8175426,0,2.8556886e-05,0
LA_D_8199055,0,0.009235297,0
LA_D_8243797,0,1.0223812e-05,0
LA_D_8270674,0,0.00016012783,0
LA_D_8276399,0,5.9258045e-06,0
LA_D_8285739,0,0.00010398641,0
LA_D_8302698,0,4.532917e-05,0
LA_D_8311323,0,4.3397762e-05,0
LA_D_8343646,0,5.776794e-05,0
LA_D_8344568,0,3.5963734e-05,0
LA_D_8353342,0,0.00016161174,0
LA_D_8363627,0,4.441289e-05,0
LA_D_8376156,0,3.8764585e-05,0
LA_D_8379770,0,0.0024607128,0
LA_D_8392731,0,3.4769208e-05,0
LA_D_8429218,0,0.00022073492,0
LA_D_8456039,0,1.9924857e-05,0
LA_D_8484861,0,4.7952602e-05,0
LA_D_8504769,0,2.9621826e-05,0
LA_D_8522617,0,6.893614e-05,0
LA_D_8535380,0,3.8069655e-05,0
LA_D_8537544,0,4.298436e-05,0
LA_D_8545660,0,5.8617137e-05,0
LA_D_8552859,0,6.4406895e-06,0
LA_D_8629864,0,2.5687046e-05,0
LA_D_8646520,0,2.24811e-05,0
LA_D_8674678,0,0.00014539059,0
LA_D_8696545,0,3.0585245e-05,0
LA_D_8726013,0,7.592641e-05,0
LA_D_8755311,0,1.7571647e-05,0
LA_D_8796891,0,7.4662735e-06,0
LA_D_8814451,0,5.3930795e-05,0
LA_D_8850937,0,3.683524e-05,0
LA_D_8861762,0,4.0795567e-05,0
LA_D_8880932,0,1.9085677e-05,0
LA_D_9002788,0,4.878169e-06,0
LA_D_9118224,0,0.00055594684,0
LA_D_9132728,0,0.008053823,0
LA_D_9140494,0,4.34982e-05,0
LA_D_9194593,0,1.7032284e-05,0
LA_D_9223694,0,4.3610766e-05,0
LA_D_9224359,0,2.1030155e-05,0
LA_D_9304826,0,0.008789859,0
LA_D_9335130,0,3.645499e-06,0
LA_D_9395844,0,2.8750099e-05,0
LA_D_9407742,0,6.4219275e-06,0
LA_D_9414131,0,1.491077e-05,0
LA_D_9425366,0,5.9068693e-06,0
LA_D_9425889,0,5.212241e-06,0
LA_D_9449347,0,9.4391535e-06,0
LA_D_9458801,0,0.15346113,0
LA_D_9498483,0,1.0055359e-05,0
LA_D_9515513,0,7.550344e-05,0
LA_D_9517355,0,1.4978495e-05,0
LA_D_9528402,0,1.6038804e-05,0
LA_D_9530100,0,6.599584e-06,0
LA_D_9585808,0,1.2025751e-05,0
LA_D_9594281,0,0.00018507497,0
LA_D_9600050,0,3.3471148e-05,0
LA_D_9605437,0,4.260458e-05,0
LA_D_9608815,0,0.0012745502,0
LA_D_9635044,0,2.3203449e-05,0
LA_D_9649054,0,9.593916e-05,0
LA_D_9730987,0,4.008093e-05,0
LA_D_9734224,0,2.5688661e-05,0
LA_D_9738587,0,0.000100310295,0
LA_D_9774358,0,2.4664902e-05,0
LA_D_9789005,0,3.2268345e-05,0
LA_D_9861473,0,6.1640254e-05,0
LA_D_9885320,0,0.00022680797,0
LA_D_9891231,0,4.3808002e-05,0
LA_D_9907101,0,6.0956336e-05,0
LA_D_9916763,0,0.00046222558,0
LA_D_9942200,0,2.6497173e-06,0
LA_D_9942206,0,2.2044962e-05,0
LA_D_9965111,0,4.1053263e-05,0
LA_D_9982040,0,4.842025e-05,0
LA_D_9985005,0,2.5850217e-05,0
LA_D_9989304,0,9.054783e-06,0
LA_D_1003673,0,3.796571e-05,0
LA_D_1018991,0,3.5385598e-05,0
LA_D_1027144,0,0.01057441,0
LA_D_1062960,0,1.8548031e-05,0
LA_D_1066201,0,2.8492606e-05,0
LA_D_1082950,0,5.2279185e-05,0
LA_D_1143403,0,4.4393164e-05,0
LA_D_1160005,0,2.799978e-05,0
LA_D_1181647,0,4.156062e-05,0
LA_D_1256952,0,1.8908515e-05,0
LA_D_1264447,0,2.335717e-05,0
LA_D_1299444,0,4.927163e-05,0
LA_D_1308621,0,2.541028e-06,0
LA_D_1318468,0,0.00019396203,0
LA_D_1348271,0,1.9014624e-05,0
LA_D_1349987,0,0.0008333141,0
LA_D_1355998,0,0.00057360134,0
LA_D_1382288,0,5.205179e-05,0
LA_D_1424942,0,2.6555444e-05,0
LA_D_1435551,0,8.074924e-06,0
LA_D_1487608,0,1.1585821e-05,0
LA_D_1509369,0,7.2201556e-06,0
LA_D_1512085,0,5.0702754e-05,0
LA_D_1512372,0,4.3655575e-05,0
LA_D_1519820,0,5.6507957e-05,0
LA_D_1520607,0,1.5084042e-05,0
LA_D_1543746,0,5.5507608e-05,0
LA_D_1544521,0,1.0909069e-05,0
LA_D_1552199,0,2.589453e-05,0
LA_D_1597642,0,1.612389e-05,0
LA_D_1603140,0,4.0365197e-05,0
LA_D_1606153,0,1e-06,0
LA_D_1626470,0,0.0006679702,0
LA_D_1693968,0,1.5941279e-06,0
LA_D_1695224,0,3.377315e-05,0
LA_D_1698196,0,1.3854894e-05,0
LA_D_1705438,0,1.32371815e-05,0
LA_D_1767864,0,3.3353695e-05,0
LA_D_1792264,0,1.38109e-05,0
LA_D_1796664,0,2.945141e-05,0
LA_D_1799296,0,3.2817425e-05,0
LA_D_1800646,0,1.8171153e-05,0
LA_D_1870337,0,8.672471e-05,0
LA_D_1898410,0,2.691365e-05,0
LA_D_1907918,0,2.0383754e-06,0
LA_D_1918858,0,1.9617377e-05,0
LA_D_1965730,0,2.9990135e-06,0
LA_D_2019608,0,7.094447e-05,0
LA_D_2045893,0,8.24473e-05,0
LA_D_2074110,0,2.558061e-05,0
LA_D_2083344,0,5.422277e-05,0
LA_D_2083927,0,2.4565677e-05,0
LA_D_2120410,0,9.6078504e-05,0
LA_D_2160669,0,7.194262e-05,0
LA_D_2178077,0,7.933694e-06,0
LA_D_2219332,0,2.6128653e-06,0
LA_D_2229754,0,2.5674703e-05,0
LA_D_2242376,0,7.974355e-05,0
LA_D_2259559,0,2.8607392e-05,0
LA_D_2263827,0,1.1632853e-05,0
LA_D_2284815,0,2.9402749e-05,0
LA_D_2288103,0,4.7474437e-05,0
LA_D_2292762,0,4.4026205e-05,0
LA_D_2299738,0,0.0003328428,0
LA_D_2311293,0,2.1621323e-05,0
LA_D_2339309,0,1.0603587e-05,0
LA_D_2350043,0,3.5416793e-05,0
LA_D_2382483,0,1.5539896e-05,0
LA_D_2438243,0,3.304019e-05,0
LA_D_2465007,0,2.2500037e-05,0
LA_D_2484807,0,4.928634e-05,0
LA_D_2496133,0,4.0697218e-05,0
LA_D_2530860,0,8.550959e-05,0
LA_D_2539085,0,5.5637025e-05,0
LA_D_2541010,0,2.9484123e-05,0
LA_D_2564257,0,6.260277e-05,0
LA_D_2580710,0,2.8385584e-05,0
LA_D_2592515,0,2.7715787e-05,0
LA_D_2621682,0,3.2427553e-05,0
LA_D_2625374,0,2.296602e-05,0
LA_D_2653693,0,6.7409565e-05,0
LA_D_2658121,0,6.999965e-06,0
LA_D_2665376,0,8.9384175e-06,0
LA_D_2704847,0,1.9445979e-05,0
LA_D_2752105,0,2.946203e-05,0
LA_D_2785381,0,1.4842854e-05,0
LA_D_2827693,0,1.346948e-05,0
LA_D_2837799,0,3.66915e-05,0
LA_D_2848199,0,2.7112033e-05,0
LA_D_2848511,0,3.0407982e-05,0
LA_D_2855533,0,3.829026e-05,0
LA_D_2855988,0,2.7215108e-05,0
LA_D_2859523,0,8.162765e-06,0
LA_D_2878110,0,1.7121723e-05,0
LA_D_2897839,0,9.232922e-06,0
LA_D_2906905,0,6.563172e-05,0
LA_D_2921446,0,2.7294122e-05,0
LA_D_3002927,0,2.6930442e-05,0
LA_D_3007436,0,9.411215e-05,0
LA_D_3008473,0,4.549408e-05,0
LA_D_3037827,0,8.434665e-06,0
LA_D_3041257,0,5.5836397e-05,0
LA_D_3044060,0,8.919906e-06,0
LA_D_3060596,0,5.407948e-05,0
LA_D_3071341,0,1.936241e-05,0
LA_D_3078263,0,5.5997276e-05,0
LA_D_3080082,0,6.386786e-05,0
LA_D_3093801,0,2.765806e-06,0
LA_D_3095133,0,3.467252e-05,0
LA_D_3096183,0,4.495808e-06,0
LA_D_3108387,0,4.4160926e-05,0
LA_D_3132057,0,4.483918e-05,0
LA_D_3155689,0,2.7215885e-05,0
LA_D_3184759,0,4.3448865e-05,0
LA_D_3235736,0,2.8826806e-05,0
LA_D_3243424,0,3.9074348e-05,0
LA_D_3337451,0,3.078951e-05,0
LA_D_3366009,0,1.3144169e-05,0
LA_D_3412951,0,1.2758593e-05,0
LA_D_3423415,0,2.7882434e-05,0
LA_D_3474870,0,3.2520802e-05,0
LA_D_3531356,0,0.0003551624,0
LA_D_3546775,0,2.6355227e-05,0
LA_D_3559702,0,9.320914e-06,0
LA_D_3566272,0,4.3916756e-05,0
LA_D_3570892,0,4.1256004e-05,0
LA_D_3572448,0,9.260321e-05,0
LA_D_3584197,0,7.825002e-06,0
LA_D_3618767,0,4.2098167e-05,0
LA_D_3621277,0,2.5249536e-05,0
LA_D_3640131,0,4.9627004e-05,0
LA_D_3641477,0,7.6636665e-05,0
LA_D_3683874,0,0.00017036032,0
LA_D_3686659,0,3.9141327e-05,0
LA_D_3689959,0,4.0837058e-05,0
LA_D_3694508,0,1.706926e-05,0
LA_D_3700284,0,3.501547e-05,0
LA_D_3713988,0,2.8184577e-05,0
LA_D_3789749,0,3.6684814e-05,0
LA_D_3801718,0,2.5206326e-05,0
LA_D_3806705,0,2.1613943e-05,0
LA_D_3818731,0,2.2422028e-05,0
LA_D_3842267,0,1.0549101e-05,0
LA_D_3859116,0,4.7240188e-05,0
LA_D_3890144,0,2.2300434e-05,0
LA_D_3921431,0,4.657929e-05,0
LA_D_3925971,0,2.9214869e-05,0
LA_D_3930278,0,3.9779305e-05,0
LA_D_3937288,0,3.250998e-05,0
LA_D_3951121,0,1.8373408e-05,0
LA_D_3953760,0,0.00017397208,0
LA_D_3958440,0,4.615428e-05,0
LA_D_3958741,0,5.0391365e-05,0
LA_D_3975228,0,2.6523264e-06,0
LA_D_3989976,0,3.0726624e-05,0
LA_D_4012262,0,2.956555e-05,0
LA_D_4030113,0,3.413249e-05,0
LA_D_4039069,0,1.5371776e-05,0
LA_D_4049023,0,1.6942787e-06,0
LA_D_4061652,0,1.355472e-05,0
LA_D_4119576,0,2.825417e-05,0
LA_D_4133418,0,1.0437503e-05,0
LA_D_4174862,0,1.55137e-05,0
LA_D_4181002,0,9.9446015e-06,0
LA_D_4182539,0,5.071663e-05,0
LA_D_4244793,0,2.774379e-05,0
LA_D_4275035,0,9.964917e-06,0
LA_D_4287173,0,2.1040323e-05,0
LA_D_4293945,0,2.2061238e-05,0
LA_D_4362961,0,3.599496e-05,0
LA_D_4403705,0,3.5979752e-05,0
LA_D_4409999,0,3.2816984e-05,0
LA_D_4424865,0,2.195793e-05,0
LA_D_4432926,0,2.7724882e-05,0
LA_D_4439058,0,1.3688964e-05,0
LA_D_4442369,0,1.220119e-05,0
LA_D_4464966,0,7.1587638e-06,0
LA_D_4526668,0,4.0930357e-05,0
LA_D_4535256,0,2.740123e-05,0
LA_D_4535603,0,3.4402543e-05,0
LA_D_4570591,0,1.7890125e-05,0
LA_D_4585446,0,4.4357614e-05,0
LA_D_4602760,0,2.8933779e-05,0
LA_D_4606697,0,9.908581e-06,0
LA_D_4622729,0,3.1174608e-05,0
LA_D_4623818,0,2.5862426e-05,0
LA_D_4629048,0,4.3477235e-06,0
LA_D_4638423,0,7.0158e-05,0
LA_D_4648882,0,7.024067e-05,0
LA_D_4658955,0,1.4208074e-05,0
LA_D_4664367,0,7.297525e-05,0
LA_D_4706443,0,1.4542216e-05,0
LA_D_4706913,0,1.9782628e-05,0
LA_D_4713977,0,1.3145948e-05,0
LA_D_4714024,0,1.7006249e-05,0
LA_D_4725194,0,4.1439594e-05,0
LA_D_4755723,0,3.5727866e-05,0
LA_D_4756680,0,9.3953524e-05,0
LA_D_4780370,0,1.9263267e-05,0
LA_D_4791696,0,6.2213614e-05,0
LA_D_4873256,0,5.812768e-05,0
LA_D_4909869,0,1.5987798e-05,0
LA_D_4929080,0,6.0380342e-05,0
LA_D_4929109,0,7.146854e-06,0
LA_D_4945200,0,3.808327e-05,0
LA_D_4955878,0,8.584182e-06,0
LA_D_4987566,0,2.526307e-05,0
LA_D_5003095,0,1.729875e-05,0
LA_D_5032780,0,3.1013624e-05,0
LA_D_5035334,0,2.7741171e-05,0
LA_D_5102780,0,1e-06,0
LA_D_5110370,0,3.3315646e-05,0
LA_D_5174405,0,2.5340358e-05,0
LA_D_5229121,0,3.437116e-05,0
LA_D_5251345,0,3.056378e-05,0
LA_D_5254618,0,5.9480617e-06,0
LA_D_5293658,0,3.4309825e-05,0
LA_D_5299386,0,1.9492954e-05,0
LA_D_5320850,0,1.5356758e-05,0
LA_D_5349376,0,3.341202e-05,0
LA_D_5350443,0,2.5419962e-05,0
LA_D_5404238,0,1.9546695e-05,0
LA_D_5426940,0,4.106936e-06,0
LA_D_5441528,0,0.00040209788,0
LA_D_5457952,0,0.00013372951,0
LA_D_5470298,0,5.854876e-05,0
LA_D_5533482,0,2.3027449e-05,0
LA_D_5542491,0,1e-06,0
LA_D_5558517,0,4.882991e-06,0
LA_D_5570657,0,1.2578124e-05,0
LA_D_5570989,0,4.0341187e-05,0
LA_D_5581762,0,5.2185045e-05,0
LA_D_5583900,0,2.5739324e-05,0
LA_D_5604837,0,3.3073702e-05,0
LA_D_5611362,0,0.00012358357,0
LA_D_5629619,0,1.0976777e-05,0
LA_D_5660742,0,8.883011e-06,0
LA_D_5737877,0,6.7062305e-05,0
LA_D_5741213,0,1.8226881e-05,0
LA_D_5875302,0,7.172533e-05,0
LA_D_5936853,0,4.084769e-05,0
LA_D_5940168,0,1.5636599e-05,0
LA_D_5958479,0,5.7462345e-05,0
LA_D_5969979,0,3.1259573e-05,0
LA_D_5981215,0,2.835815e-05,0
LA_D_6123181,0,1.5747877e-05,0
LA_D_6167202,0,1.18384305e-05,0
LA_D_6172260,0,4.105279e-05,0
LA_D_6254273,0,2.3789054e-05,0
LA_D_6268565,0,1.3288305e-05,0
LA_D_6287117,0,4.5087403e-05,0
LA_D_6304611,0,5.1760195e-05,0
LA_D_6310271,0,2.4835483e-05,0
LA_D_6319430,0,3.1086438e-05,0
LA_D_6341794,0,2.5301129e-06,0
LA_D_6368586,0,2.365937e-05,0
LA_D_6418299,0,1.7577664e-05,0
LA_D_6474973,0,2.1633596e-05,0
LA_D_6480530,0,3.097183e-05,0
LA_D_6503994,0,2.4746236e-05,0
LA_D_6511825,0,4.1335163e-05,0
LA_D_6518523,0,4.3178814e-05,0
LA_D_6522646,0,1.4650207e-05,0
LA_D_6530781,0,1.808913e-05,0
LA_D_6553532,0,6.6147695e-06,0
LA_D_6566390,0,4.6743262e-05,0
LA_D_6593757,0,2.5161607e-05,0
LA_D_6650619,0,1.1172454e-05,0
LA_D_6698563,0,8.489758e-06,0
LA_D_6747322,0,9.120849e-06,0
LA_D_6772310,0,4.0400166e-05,0
LA_D_6791436,0,2.5717904e-05,0
LA_D_6798923,0,5.5400997e-05,0
LA_D_6831466,0,9.129561e-06,0
LA_D_6886270,0,1.1425472e-05,0
LA_D_6887531,0,4.0842087e-06,0
LA_D_6892385,0,1.8350276e-05,0
LA_D_6929837,0,0.000116726405,0
LA_D_6940280,0,3.274196e-05,0
LA_D_6989014,0,5.186059e-05,0
LA_D_7009295,0,3.715714e-05,0
LA_D_7029319,0,8.5415704e-05,0
LA_D_7030437,0,0.00016392829,0
LA_D_7030861,0,3.7213133e-05,0
LA_D_7038000,0,0.00012823238,0
LA_D_7045061,0,2.2920423e-05,0
LA_D_7052959,0,3.8829705e-05,0
LA_D_7063900,0,0.00020672956,0
LA_D_7077255,0,7.9174424e-05,0
LA_D_7078301,0,2.5791489e-05,0
LA_D_7131254,0,9.943235e-06,0
LA_D_7138828,0,3.8459955e-05,0
LA_D_7160304,0,2.6943619e-05,0
LA_D_7184020,0,7.2502124e-05,0
LA_D_7188586,0,2.436698e-05,0
LA_D_7199319,0,4.187586e-05,0
LA_D_7200286,0,2.6170892e-05,0
LA_D_7211735,0,3.9960214e-05,0
LA_D_7232179,0,4.378595e-05,0
LA_D_7292406,0,1.3989536e-05,0
LA_D_7303743,0,0.0009029447,0
LA_D_7366764,0,3.541041e-05,0
LA_D_7376410,0,2.4698256e-05,0
LA_D_7388551,0,1.9876274e-05,0
LA_D_7406638,0,2.1558875e-05,0
LA_D_7483433,0,4.6512178e-05,0
LA_D_7500692,0,1.6492104e-05,0
LA_D_7501303,0,2.534676e-05,0
LA_D_7509721,0,2.7968823e-05,0
LA_D_7515658,0,5.5876562e-06,0
LA_D_7568541,0,2.5389072e-05,0
LA_D_7570304,0,0.00011121498,0
LA_D_7584030,0,5.4910547e-06,0
LA_D_7647111,0,4.5997065e-05,0
LA_D_7656559,0,1.8012199e-05,0
LA_D_7763864,0,3.6280788e-05,0
LA_D_7765382,0,4.2041083e-06,0
LA_D_7767507,0,7.4280074e-06,0
LA_D_7778978,0,1.4612002e-05,0
LA_D_7785256,0,2.350662e-05,0
LA_D_7791861,0,5.4395277e-06,0
LA_D_7793454,0,3.1964126e-05,0
LA_D_7809610,0,2.7586997e-05,0
LA_D_7859872,0,5.5609336e-05,0
LA_D_7864042,0,7.4956864e-05,0
LA_D_7867692,0,4.6978905e-05,0
LA_D_7876546,0,3.4265682e-05,0
LA_D_7911995,0,2.0412102e-05,0
LA_D_7912654,0,3.426944e-05,0
LA_D_7979047,0,1.2688144e-05,0
LA_D_8000064,0,1.9126546e-05,0
LA_D_8003857,0,0.00010983111,0
LA_D_8015234,0,2.0871257e-05,0
LA_D_8024014,0,1.5521322e-05,0
LA_D_8029126,0,4.4330645e-06,0
LA_D_8063526,0,1.4160729e-05,0
LA_D_8114692,0,3.102072e-05,0
LA_D_8116695,0,3.404822e-05,0
LA_D_8128645,0,8.675989e-06,0
LA_D_8172406,0,1.716518e-05,0
LA_D_8212291,0,3.621898e-05,0
LA_D_8227552,0,3.3092503e-05,0
LA_D_8249793,0,3.528814e-05,0
LA_D_8283220,0,1e-06,0
LA_D_8310686,0,3.422472e-06,0
LA_D_8314886,0,1.0881431e-05,0
LA_D_8322191,0,0.00011833,0
LA_D_8335652,0,7.714392e-06,0
LA_D_8343532,0,3.1062256e-05,0
LA_D_8416303,0,0.0001587883,0
LA_D_8422079,0,3.7382193e-05,0
LA_D_8437547,0,2.9617193e-05,0
LA_D_8481946,0,3.890925e-05,0
LA_D_8484790,0,4.1373376e-05,0
LA_D_8501812,0,8.83136e-06,0
LA_D_8532018,0,2.6370086e-05,0
LA_D_8585920,0,5.959879e-05,0
LA_D_8638028,0,2.1714537e-05,0
LA_D_8640337,0,3.0555304e-05,0
LA_D_8655168,0,4.2796866e-05,0
LA_D_8668035,0,3.5913767e-05,0
LA_D_8668814,0,5.2765514e-05,0
LA_D_8672265,0,1.2232508e-05,0
LA_D_8683478,0,3.1198877e-05,0
LA_D_8702450,0,1.4099537e-05,0
LA_D_8736354,0,3.2425636e-05,0
LA_D_8755917,0,3.5139306e-05,0
LA_D_8756602,0,2.6484278e-05,0
LA_D_8798259,0,6.018202e-05,0
LA_D_8819810,0,4.5015055e-05,0
LA_D_8822966,0,1.8123907e-05,0
LA_D_8835215,0,7.652855e-06,0
LA_D_8880807,0,1.2413343e-05,0
LA_D_8906207,0,2.9496554e-05,0
LA_D_8922313,0,3.0889212e-05,0
LA_D_8951502,0,2.4094887e-05,0
LA_D_9023363,0,9.152007e-06,0
LA_D_9025572,0,3.8872015e-05,0
LA_D_9041573,0,7.734591e-06,0
LA_D_9048536,0,1.919203e-05,0
LA_D_9063074,0,1.34399415e-05,0
LA_D_9070116,0,2.9450062e-05,0
LA_D_9098279,0,7.531264e-06,0
LA_D_9111215,0,7.837778e-05,0
LA_D_9126962,0,0.0013989606,0
LA_D_9192205,0,1.6703938e-05,0
LA_D_9209327,0,3.1120904e-05,0
LA_D_9247873,0,3.4290395e-05,0
LA_D_9259186,0,3.8999486e-05,0
LA_D_9272626,0,1.7191163e-05,0
LA_D_9313621,0,0.00010593021,0
LA_D_9316268,0,1.4348788e-05,0
LA_D_9329913,0,1.2340516e-05,0
LA_D_9333977,0,1.9376595e-05,0
LA_D_9345210,0,1.6807579e-05,0
LA_D_9363329,0,7.9348365e-06,0
LA_D_9370841,0,3.993751e-05,0
LA_D_9399404,0,8.302275e-06,0
LA_D_9414796,0,8.988835e-06,0
LA_D_9417739,0,1.29583705e-05,0
LA_D_9553605,0,2.0768546e-05,0
LA_D_9605217,0,3.7109832e-05,0
LA_D_9666836,0,2.9304774e-05,0
LA_D_9672942,0,5.3003867e-05,0
LA_D_9680319,0,5.0982122e-05,0
LA_D_9687839,0,1.3309878e-05,0
LA_D_9732147,0,1.6355167e-05,0
LA_D_9766606,0,2.5971149e-05,0
LA_D_9800866,0,7.436414e-06,0
LA_D_9828475,0,3.1102747e-05,0
LA_D_9835602,0,4.7978265e-05,0
LA_D_9867342,0,4.1513786e-06,0
LA_D_9923796,0,5.0264323e-05,0
LA_D_9924117,0,5.1744802e-05,0
LA_D_1039528,0,4.9426508e-05,0
LA_D_1076068,0,4.3362437e-05,0
LA_D_1187262,0,0.000107971486,0
LA_D_1208937,0,0.00012476706,0
LA_D_1256001,0,5.276471e-05,0
LA_D_1279699,0,5.657007e-05,0
LA_D_1345832,0,3.671901e-05,0
LA_D_1360070,0,6.100269e-06,0
LA_D_1394044,0,2.4520473e-06,0
LA_D_1404026,0,1.7549557e-06,0
LA_D_1405812,0,1.8076506e-05,0
LA_D_1406948,0,2.8492334e-05,0
LA_D_1429979,0,1e-06,0
LA_D_1447250,0,1e-06,0
LA_D_1462556,0,2.6604534e-06,0
LA_D_1520589,0,4.749096e-05,0
LA_D_1534909,0,5.6340755e-06,0
LA_D_1546478,0,1.0353631e-05,0
LA_D_1574961,0,1e-06,0
LA_D_1613851,0,2.394572e-05,0
LA_D_1623783,0,4.5596603e-06,0
LA_D_1664915,0,1.1571555e-05,0
LA_D_1808956,0,2.6334425e-05,0
LA_D_1975386,0,1.6535807e-05,0
LA_D_1993921,0,3.0798542e-06,0
LA_D_2042101,0,1.897718e-05,0
LA_D_2049968,0,2.8717288e-06,0
LA_D_2080320,0,2.9900923e-06,0
LA_D_2117591,0,1.8521696e-05,0
LA_D_2199278,0,2.5643381e-05,0
LA_D_2259292,0,1.3218738e-05,0
LA_D_2335490,0,6.969648e-05,0
LA_D_2406981,0,1.1563302e-05,0
LA_D_2481485,0,1.3185651e-05,0
LA_D_2547623,0,6.515156e-06,0
LA_D_2552841,0,3.7731e-06,0
LA_D_2555715,0,3.1187752e-05,0
LA_D_2643276,0,1.9035633e-05,0
LA_D_2651341,0,1.3387112e-05,0
LA_D_2670809,0,1.692361e-05,0
LA_D_2671594,0,8.268149e-06,0
LA_D_2697100,0,2.986431e-05,0
LA_D_2699739,0,2.465632e-05,0
LA_D_2720510,0,1.5267478e-05,0
LA_D_2733623,0,1.862617e-05,0
LA_D_2771030,0,3.189181e-05,0
LA_D_2797757,0,1.3313801e-05,0
LA_D_2852714,0,2.0335607e-05,0
LA_D_2855249,0,5.0216604e-05,0
LA_D_2869692,0,3.679178e-05,0
LA_D_2871536,0,0.0019288952,0
LA_D_2916691,0,0.00010500056,0
LA_D_2925315,0,8.604968e-06,0
LA_D_2949516,0,5.5362132e-05,0
LA_D_2985114,0,7.993472e-06,0
LA_D_3012833,0,1.1173477e-05,0
LA_D_3015735,0,1e-06,0
LA_D_3017121,0,1.8976329e-05,0
LA_D_3105314,0,3.2876596e-05,0
LA_D_3107692,0,9.80433e-05,0
LA_D_3174145,0,0.0003738913,0
LA_D_3178726,0,1.2262537e-05,0
LA_D_3241180,0,3.5931032e-05,0
LA_D_3282769,0,1.09088605e-05,0
LA_D_3294977,0,3.876251e-05,0
LA_D_3360066,0,4.3828636e-06,0
LA_D_3368444,0,5.4128443e-05,0
LA_D_3384993,0,1e-06,0
LA_D_3416825,0,8.297027e-06,0
LA_D_3416978,0,5.8293266e-05,0
LA_D_3419658,0,0.0001233874,0
LA_D_3425893,0,1.0467667e-05,0
LA_D_3533489,0,7.112201e-05,0
LA_D_3552805,0,8.388267e-06,0
LA_D_3567520,0,2.346232e-05,0
LA_D_3713639,0,1.8320568e-05,0
LA_D_3762414,0,5.898195e-05,0
LA_D_3788624,0,1.9596007e-06,0
LA_D_3822372,0,1.0649616e-05,0
LA_D_3858607,0,5.6491845e-05,0
LA_D_3874085,0,3.6809957e-05,0
LA_D_3914511,0,8.907002e-06,0
LA_D_3962973,0,4.4684613e-05,0
LA_D_4021977,0,1.4294375e-05,0
LA_D_4037663,0,6.5310383e-06,0
LA_D_4046580,0,8.039732e-06,0
LA_D_4088889,0,0.00022877482,0
LA_D_4164777,0,1.1148762e-05,0
LA_D_4208169,0,1.55062e-05,0
LA_D_4239778,0,9.850638e-06,0
LA_D_4264923,0,3.1145807e-06,0
LA_D_4291104,0,4.8673087e-06,0
LA_D_4301954,0,7.8069774e-05,0
LA_D_4402866,0,1.42900135e-05,0
LA_D_4488838,0,1.4621801e-05,0
LA_D_4545884,0,1.0339112e-06,0
LA_D_4584142,0,8.144771e-06,0
LA_D_4734716,0,3.8059672e-05,0
LA_D_4736001,0,6.9997045e-06,0
LA_D_4762105,0,6.456665e-05,0
LA_D_4812481,0,3.6036654e-05,0
LA_D_4814402,0,5.5129265e-05,0
LA_D_4824323,0,3.359548e-05,0
LA_D_4868270,0,1.9834426e-05,0
LA_D_4881980,0,5.197905e-06,0
LA_D_4943612,0,1e-06,0
LA_D_4947939,0,2.6289285e-05,0
LA_D_4956039,0,3.581858e-05,0
LA_D_5013159,0,9.653075e-06,0
LA_D_5062241,0,2.530814e-05,0
LA_D_5065135,0,2.869485e-05,0
LA_D_5068271,0,8.208119e-06,0
LA_D_5084830,0,6.633696e-05,0
LA_D_5168787,0,1.5023374e-05,0
LA_D_5192033,0,8.971707e-06,0
LA_D_5234827,0,8.233064e-06,0
LA_D_5236557,0,4.9494385e-05,0
LA_D_5238266,0,0.00040315685,0
LA_D_5241744,0,1.40359325e-05,0
LA_D_5257381,0,5.8527025e-06,0
LA_D_5282749,0,3.1547068e-05,0
LA_D_5285268,0,3.004677e-05,0
LA_D_5285970,0,7.270159e-05,0
LA_D_5296414,0,9.111868e-06,0
LA_D_5305473,0,1.2576877e-05,0
LA_D_5330155,0,1.8405239e-05,0
LA_D_5336165,0,9.9067765e-06,0
LA_D_5369394,0,1.4247504e-05,0
LA_D_5470214,0,1.8194364e-06,0
LA_D_5475290,0,5.406989e-05,0
LA_D_5483730,0,1.786755e-05,0
LA_D_5545619,0,0.00034108243,0
LA_D_5574112,0,6.5567624e-06,0
LA_D_5661104,0,1e-06,0
LA_D_5669124,0,0.00031742675,0
LA_D_5752206,0,2.7450846e-05,0
LA_D_5752437,0,9.806236e-06,0
LA_D_5761885,0,4.3693376e-06,0
LA_D_5763793,0,6.801437e-06,0
LA_D_5813568,0,1.9826559e-05,0
LA_D_5817787,0,5.457158e-05,0
LA_D_5905737,0,3.0443844e-05,0
LA_D_5921230,0,3.612577e-05,0
LA_D_5937021,0,2.7932943e-05,0
LA_D_5940767,0,5.7705227e-05,0
LA_D_6020756,0,4.5275945e-05,0
LA_D_6027499,0,4.60471e-05,0
LA_D_6052530,0,2.5802237e-06,0
LA_D_6090760,0,4.648038e-05,0
LA_D_6115335,0,6.5231825e-06,0
LA_D_6135553,0,1.7968314e-05,0
LA_D_6177242,0,3.1894975e-05,0
LA_D_6179226,0,2.7623603e-06,0
LA_D_6210490,0,3.6698711e-06,0
LA_D_6214703,0,6.9785824e-06,0
LA_D_6272018,0,4.1157724e-05,0
LA_D_6290153,0,2.2769662e-05,0
LA_D_6295513,0,6.3834595e-06,0
LA_D_6298403,0,9.957124e-05,0
LA_D_6321273,0,1.982206e-05,0
LA_D_6341314,0,2.945894e-05,0
LA_D_6346837,0,2.778342e-06,0
LA_D_6359460,0,2.8650527e-05,0
LA_D_6378566,0,1.381433e-06,0
LA_D_6404620,0,1.8129645e-05,0
LA_D_6409431,0,5.8713926e-05,0
LA_D_6441885,0,4.3227315e-06,0
LA_D_6446002,0,1.9666137e-05,0
LA_D_6468412,0,1.2704756e-05,0
LA_D_6469406,0,2.8481005e-05,0
LA_D_6469647,0,5.826823e-06,0
LA_D_6525071,0,2.1724976e-05,0
LA_D_6569285,0,1.5703888e-05,0
LA_D_6593011,0,2.4689096e-05,0
LA_D_6595610,0,4.3289303e-05,0
LA_D_6603047,0,3.6301968e-05,0
LA_D_6654690,0,3.5686287e-05,0
LA_D_6662010,0,1.2497302e-06,0
LA_D_6677490,0,1.3788291e-05,0
LA_D_6708714,0,1.1049129e-05,0
LA_D_6728041,0,4.8850447e-06,0
LA_D_6734401,0,3.908401e-06,0
LA_D_6793108,0,9.214537e-06,0
LA_D_6794210,0,2.6824273e-05,0
LA_D_6835954,0,2.3827015e-05,0
LA_D_6908205,0,2.6728485e-06,0
LA_D_6947289,0,4.587882e-06,0
LA_D_7005622,0,2.632649e-05,0
LA_D_7010911,0,3.4471475e-05,0
LA_D_7044931,0,0.000215371,0
LA_D_7051804,0,6.7561205e-06,0
LA_D_7066954,0,3.167337e-05,0
LA_D_7114213,0,1.0691511e-05,0
LA_D_7137953,0,2.530218e-05,0
LA_D_7168411,0,8.018324e-06,0
LA_D_7201438,0,1.6934208e-06,0
LA_D_7245573,0,1e-06,0
LA_D_7284920,0,5.5336827e-06,0
LA_D_7298083,0,8.302623e-06,0
LA_D_7322960,0,5.588222e-06,0
LA_D_7368554,0,2.2358738e-05,0
LA_D_7368744,0,5.0841714e-05,0
LA_D_7380127,0,1.0313887e-05,0
LA_D_7404557,0,9.265011e-06,0
LA_D_7439452,0,0.0007211637,0
LA_D_7448540,0,1.4119682e-05,0
LA_D_7451179,0,5.8094997e-06,0
LA_D_7471232,0,9.051615e-06,0
LA_D_7493620,0,6.940473e-05,0
LA_D_7520064,0,0.00054657314,0
LA_D_7547533,0,4.555147e-05,0
LA_D_7550549,0,2.9927747e-05,0
LA_D_7612992,0,1.1622452e-05,0
LA_D_7650371,0,1e-06,0
LA_D_7705939,0,2.405822e-05,0
LA_D_7740163,0,3.2876483e-06,0
LA_D_7775873,0,1.8065804e-05,0
LA_D_7792362,0,3.7054877e-05,0
LA_D_7907493,0,8.46909e-06,0
LA_D_7916323,0,2.5884258e-06,0
LA_D_7932134,0,1.20165e-05,0
LA_D_7958461,0,1.4522689e-05,0
LA_D_7995545,0,0.00013195488,0
LA_D_8002093,0,4.034494e-06,0
LA_D_8010160,0,1.2448516e-05,0
LA_D_8020367,0,2.7284732e-06,0
LA_D_8022699,0,1.5573527e-05,0
LA_D_8035203,0,8.403937e-06,0
LA_D_8145529,0,8.516033e-05,0
LA_D_8203916,0,2.4187137e-05,0
LA_D_8208840,0,1.5760723e-05,0
LA_D_8210004,0,4.842981e-05,0
LA_D_8223817,0,1.1177868e-05,0
LA_D_8226217,0,2.42581e-05,0
LA_D_8240404,0,6.4929686e-06,0
LA_D_8247746,0,8.422985e-05,0
LA_D_8252368,0,1.3138506e-05,0
LA_D_8284460,0,3.0693427e-06,0
LA_D_8312564,0,2.5162039e-05,0
LA_D_8364571,0,2.5039888e-06,0
LA_D_8376351,0,0.014318544,0
LA_D_8383254,0,0.00016716222,0
LA_D_8425884,0,2.2585642e-05,0
LA_D_8450502,0,3.9882623e-05,0
LA_D_8584336,0,4.0849405e-05,0
LA_D_8595379,0,0.00044805778,0
LA_D_8630312,0,4.4481134e-05,0
LA_D_8647491,0,9.667151e-06,0
LA_D_8648848,0,2.0530722e-05,0
LA_D_8653799,0,3.33078e-05,0
LA_D_8666902,0,1e-06,0
LA_D_8678410,0,1.2620046e-05,0
LA_D_8682135,0,2.7837311e-06,0
LA_D_8689278,0,4.023461e-05,0
LA_D_8733315,0,0.00012925609,0
LA_D_8747095,0,1.3411121e-05,0
LA_D_8752359,0,0.0005613324,0
LA_D_8754324,0,5.8464216e-06,0
LA_D_8765813,0,0.00030621563,0
LA_D_8790703,0,5.426802e-06,0
LA_D_8808969,0,3.3025386e-05,0
LA_D_8818969,0,1.9711408e-06,0
LA_D_8845360,0,5.4770067e-06,0
LA_D_8876728,0,1.1043282e-05,0
LA_D_8896610,0,8.5000014e-05,0
LA_D_8915463,0,3.7548078e-05,0
LA_D_9026390,0,3.558335e-05,0
LA_D_9036300,0,0.00015963099,0
LA_D_9086230,0,3.4751803e-05,0
LA_D_9098375,0,7.5832995e-06,0
LA_D_9150782,0,0.00015433144,0
LA_D_9167498,0,6.9142848e-06,0
LA_D_9171276,0,5.640097e-06,0
LA_D_9173640,0,4.6182677e-06,0
LA_D_9174943,0,6.0330294e-06,0
LA_D_9175079,0,8.5311995e-06,0
LA_D_9218689,0,2.0929258e-05,0
LA_D_9222686,0,4.399288e-05,0
LA_D_9248232,0,5.5046444e-06,0
LA_D_9257320,0,2.4671372e-05,0
LA_D_9266618,0,2.8264521e-06,0
LA_D_9301839,0,1.1396525e-05,0
LA_D_9306659,0,1.403216e-05,0
LA_D_9322246,0,1.0574091e-05,0
LA_D_9352288,0,5.1790757e-05,0
LA_D_9366858,0,2.9666435e-05,0
LA_D_9530210,0,1.5080662e-05,0
LA_D_9581294,0,3.6816873e-05,0
LA_D_9637098,0,1.44779115e-05,0
LA_D_9641985,0,6.736015e-06,0
LA_D_9646150,0,9.761808e-05,0
LA_D_9663682,0,7.5692537e-06,0
LA_D_9663993,0,6.181873e-06,0
LA_D_9729287,0,0.00010063048,0
LA_D_9759473,0,0.00010066379,0
LA_D_9786796,0,0.00069343427,0
LA_D_9793796,0,3.6796868e-05,0
LA_D_9814205,0,6.140054e-05,0
LA_D_9878596,0,9.557233e-06,0
LA_D_9881103,0,2.54742e-05,0
LA_D_9895494,0,2.7500303e-06,0
LA_D_9899652,0,2.539365e-05,0
LA_D_9904324,0,2.772557e-05,0
LA_D_9914048,0,4.7604954e-05,0
LA_D_9918437,0,2.1104592e-05,0
LA_D_9945037,0,3.2671407e-05,0
LA_D_9962097,0,8.98155e-05,0
LA_D_9971231,0,1.9266703e-05,0
LA_D_1002130,0,6.82058e-05,0
LA_D_1004357,0,3.2540935e-05,0
LA_D_1019359,0,4.058583e-05,0
LA_D_1083373,0,7.254299e-06,0
LA_D_1099280,0,0.00017822353,0
LA_D_1108820,0,0.00013024376,0
LA_D_1121509,0,2.136377e-05,0
LA_D_1138393,0,8.9976136e-05,0
LA_D_1139673,0,2.8804876e-05,0
LA_D_1175922,0,3.093924e-05,0
LA_D_1178516,0,2.9820429e-05,0
LA_D_1241886,0,3.5104942e-05,0
LA_D_1246113,0,2.8027056e-05,0
LA_D_1281857,0,0.00010639182,0
LA_D_1293448,0,2.2993041e-05,0
LA_D_1332849,0,4.5465975e-05,0
LA_D_1370511,0,3.3380395e-05,0
LA_D_1402537,0,4.7536818e-05,0
LA_D_1407315,0,7.519886e-05,0
LA_D_1411178,0,6.6883484e-05,0
LA_D_1417054,0,1.0814352e-05,0
LA_D_1419435,0,3.494535e-05,0
LA_D_1432574,0,8.6771315e-06,0
LA_D_1470065,0,0.00030714247,0
LA_D_1496714,0,2.6729462e-05,0
LA_D_1507147,0,7.460472e-06,0
LA_D_1551943,0,1.7514212e-06,0
LA_D_1556961,0,3.211056e-05,0
LA_D_1602797,0,4.0152852e-05,0
LA_D_1629631,0,4.9078193e-05,0
LA_D_1642847,0,4.2761334e-05,0
LA_D_1694462,0,5.2489046e-05,0
LA_D_1695538,0,1.4078079e-05,0
LA_D_1719192,0,0.00025698048,0
LA_D_1734391,0,4.6519628e-05,0
LA_D_1760707,0,3.806508e-05,0
LA_D_1772690,0,2.6557978e-05,0
LA_D_1776029,0,0.00011845407,0
LA_D_1806429,0,2.9820967e-05,0
LA_D_1834056,0,5.9366794e-05,0
LA_D_1835613,0,4.633359e-05,0
LA_D_1883294,0,8.363884e-05,0
LA_D_1888187,0,5.061908e-05,0
LA_D_1890747,0,3.878518e-05,0
LA_D_1893600,0,2.8054546e-05,0
LA_D_1924520,0,4.1825338e-06,0
LA_D_1939530,0,2.8637989e-05,0
LA_D_1952781,0,0.0035372037,0
LA_D_1958457,0,3.0539744e-05,0
LA_D_2032800,0,6.5596745e-05,0
LA_D_2039149,0,0.0007202445,0
LA_D_2077274,0,5.6846347e-05,0
LA_D_2095422,0,3.7436494e-05,0
LA_D_2146411,0,2.2657265e-05,0
LA_D_2146434,0,4.339185e-05,0
LA_D_2224784,0,1.7601382e-05,0
LA_D_2225615,0,3.6159207e-05,0
LA_D_2248370,0,2.474116e-05,0
LA_D_2301233,0,4.2123625e-05,0
LA_D_2316551,0,7.494064e-05,0
LA_D_2325585,0,3.522231e-05,0
LA_D_2331474,0,4.3012613e-05,0
LA_D_2340138,0,6.275375e-05,0
LA_D_2344937,0,3.806951e-05,0
LA_D_2347001,0,3.1779087e-05,0
LA_D_2357473,0,0.000207643,0
LA_D_2394870,0,2.84806e-05,0
LA_D_2401253,0,2.920654e-05,0
LA_D_2418640,0,3.9295715e-05,0
LA_D_2418754,0,3.59814e-05,0
LA_D_2441269,0,3.17048e-05,0
LA_D_2448704,0,6.027978e-05,0
LA_D_2450173,0,4.902861e-05,0
LA_D_2469604,0,2.1930513e-05,0
LA_D_2494254,0,9.986685e-06,0
LA_D_2507581,0,5.063299e-05,0
LA_D_2554631,0,5.2526848e-05,0
LA_D_2554943,0,3.924306e-05,0
LA_D_2596805,0,4.2488096e-05,0
LA_D_2605804,0,8.948363e-06,0
LA_D_2612018,0,2.940463e-05,0
LA_D_2624303,0,5.3972417e-05,0
LA_D_2631978,0,4.486356e-05,0
LA_D_2656143,0,3.145766e-05,0
LA_D_2661406,0,4.914962e-05,0
LA_D_2699404,0,3.4283526e-05,0
LA_D_2712544,0,5.0412942e-05,0
LA_D_2743305,0,2.9599461e-05,0
LA_D_2749889,0,2.7123153e-05,0
LA_D_2768317,0,7.472464e-05,0
LA_D_2823242,0,0.00030641686,0
LA_D_2849030,0,2.3880177e-05,0
LA_D_2875382,0,4.2213906e-05,0
LA_D_2888081,0,3.1546708e-05,0
LA_D_2896709,0,4.2755786e-05,0
LA_D_2932863,0,0.00016440447,0
LA_D_2973554,0,0.0001415734,0
LA_D_2986511,0,5.4434156e-05,0
LA_D_2990501,0,4.1093605e-05,0
LA_D_3001833,0,3.0661115e-05,0
LA_D_3026538,0,0.00043093428,0
LA_D_3028894,0,2.199769e-05,0
LA_D_3030112,0,1.6924998e-05,0
LA_D_3037574,0,9.49704e-05,0
LA_D_3057401,0,1.7781094e-05,0
LA_D_3086784,0,3.586236e-05,0
LA_D_3106788,0,4.3054228e-05,0
LA_D_3108292,0,5.464584e-05,0
LA_D_3155198,0,5.3058684e-05,0
LA_D_3164494,0,6.939811e-05,0
LA_D_3213474,0,2.6808675e-05,0
LA_D_3220706,0,9.802254e-05,0
LA_D_3221893,0,7.654397e-05,0
LA_D_3238773,0,4.209351e-05,0
LA_D_3286643,0,3.870227e-05,0
LA_D_3295808,0,3.0035138e-05,0
LA_D_3320370,0,2.8485052e-05,0
LA_D_3321949,0,5.6039204e-05,0
LA_D_3324360,0,0.00010641902,0
LA_D_3333243,0,4.5909244e-05,0
LA_D_3373111,0,3.1231444e-05,0
LA_D_3395770,0,0.00022032994,0
LA_D_3406893,0,4.3391683e-05,0
LA_D_3418736,0,2.9025698e-05,0
LA_D_3434754,0,3.6335736e-05,0
LA_D_3447687,0,5.761422e-05,0
LA_D_3488802,0,8.425756e-05,0
LA_D_3499644,0,3.4000266e-05,0
LA_D_3516654,0,0.0019674674,0
LA_D_3549647,0,2.3300883e-05,0
LA_D_3591655,0,0.000111165464,0
LA_D_3685606,0,4.3917844e-05,0
LA_D_3720598,0,0.00014595843,0
LA_D_3755342,0,2.3078057e-05,0
LA_D_3814470,0,4.487293e-05,0
LA_D_3913989,0,4.8308862e-05,0
LA_D_3922139,0,4.508856e-05,0
LA_D_3926305,0,4.929236e-05,0
LA_D_3936411,0,4.0447736e-05,0
LA_D_3938799,0,2.4060788e-05,0
LA_D_3939594,0,2.8538316e-05,0
LA_D_3946425,0,4.4661774e-05,0
LA_D_3988144,0,0.00023329438,0
LA_D_3997436,0,3.607076e-05,0
LA_D_4001682,0,5.5663193e-05,0
LA_D_4081209,0,4.4323577e-05,0
LA_D_4092177,0,5.012403e-05,0
LA_D_4095978,0,2.5054123e-05,0
LA_D_4135533,0,4.1014635e-05,0
LA_D_4147879,0,0.00010885591,0
LA_D_4159525,0,0.00023751002,0
LA_D_4193752,0,0.0001234347,0
LA_D_4196607,0,3.4542787e-05,0
LA_D_4305576,0,4.0317726e-05,0
LA_D_4305596,0,1.8330284e-05,0
LA_D_4345147,0,5.00415e-05,0
LA_D_4353496,0,2.1028027e-05,0
LA_D_4433475,0,2.8290866e-05,0
LA_D_4441186,0,8.619647e-05,0
LA_D_4463553,0,4.613298e-05,0
LA_D_4487394,0,2.3279428e-05,0
LA_D_4549158,0,3.540994e-05,0
LA_D_4620379,0,5.2348227e-05,0
LA_D_4644335,0,4.840885e-05,0
LA_D_4682691,0,3.6785288e-05,0
LA_D_4707332,0,0.00012169462,0
LA_D_4784490,0,3.5126508e-05,0
LA_D_4825325,0,3.5001918e-05,0
LA_D_4839051,0,0.02251015,0
LA_D_4846035,0,4.995915e-05,0
LA_D_4927995,0,5.0507355e-05,0
LA_D_4931416,0,3.648393e-05,0
LA_D_5019631,0,4.66671e-05,0
LA_D_5072686,0,5.4556596e-05,0
LA_D_5077879,0,2.773948e-05,0
LA_D_5088657,0,3.8469458e-05,0
LA_D_5137523,0,4.4628145e-05,0
LA_D_5164222,0,4.8697166e-05,0
LA_D_5178827,0,2.0457468e-05,0
LA_D_5268777,0,4.8650236e-05,0
LA_D_5270124,0,4.7925947e-05,0
LA_D_5291013,0,3.453215e-05,0
LA_D_5298257,0,3.9091454e-05,0
LA_D_5310635,0,4.873233e-05,0
LA_D_5369918,0,2.6963233e-05,0
LA_D_5374847,0,9.255448e-05,0
LA_D_5386814,0,4.2246367e-05,0
LA_D_5392374,0,4.6267312e-05,0
LA_D_5412673,0,5.5769935e-05,0
LA_D_5434480,0,2.3809705e-06,0
LA_D_5435742,0,3.6241676e-05,0
LA_D_5439954,0,3.3004257e-05,0
LA_D_5448084,0,5.2434363e-05,0
LA_D_5448835,0,1.4988142e-05,0
LA_D_5457625,0,3.5673187e-05,0
LA_D_5534901,0,4.3865068e-05,0
LA_D_5536398,0,3.8361606e-05,0
LA_D_5545363,0,5.4517273e-05,0
LA_D_5549589,0,4.2295345e-05,0
LA_D_5578000,0,6.429906e-05,0
LA_D_5579274,0,2.3734057e-05,0
LA_D_5586181,0,3.7910067e-05,0
LA_D_5591157,0,3.5872486e-05,0
LA_D_5614325,0,3.4864133e-05,0
LA_D_5631270,0,3.2183896e-05,0
LA_D_5632411,0,9.312187e-05,0
LA_D_5632822,0,9.6604235e-06,0
LA_D_5634905,0,4.6253237e-05,0
LA_D_5636508,0,3.421161e-05,0
LA_D_5657965,0,2.574848e-05,0
LA_D_5660588,0,0.00018155895,0
LA_D_5675105,0,4.3681142e-05,0
LA_D_5714330,0,4.6639027e-05,0
LA_D_5737223,0,3.199807e-05,0
LA_D_5743084,0,7.74238e-05,0
LA_D_5791089,0,4.5652887e-05,0
LA_D_5817189,0,5.1164276e-05,0
LA_D_5822352,0,3.187527e-05,0
LA_D_5823623,0,4.408523e-05,0
LA_D_5840858,0,0.0004679048,0
LA_D_5886708,0,3.6148238e-05,0
LA_D_5921657,0,6.2117695e-05,0
LA_D_5936519,0,2.8330744e-05,0
LA_D_5959182,0,2.7159622e-05,0
LA_D_5963916,0,5.9124308e-05,0
LA_D_5997108,0,7.3033966e-06,0
LA_D_6006490,0,1.7907569e-05,0
LA_D_6024551,0,5.6806897e-05,0
LA_D_6026925,0,3.60976e-05,0
LA_D_6050195,0,4.005078e-05,0
LA_D_6058415,0,9.748678e-06,0
LA_D_6074434,0,3.32957e-05,0
LA_D_6107704,0,6.9873764e-05,0
LA_D_6129570,0,0.0065328833,0
LA_D_6146678,0,0.00012790557,0
LA_D_6164824,0,3.14186e-05,0
LA_D_6173156,0,3.2873584e-05,0
LA_D_6206483,0,1.7724955e-05,0
LA_D_6247609,0,5.6781497e-05,0
LA_D_6291695,0,5.6196484e-05,0
LA_D_6296253,0,0.00011853111,0
LA_D_6343618,0,4.6106637e-05,0
LA_D_6355183,0,5.184753e-05,0
LA_D_6357517,0,2.484344e-05,0
LA_D_6361374,0,0.00022898822,0
LA_D_6363129,0,2.9440966e-05,0
LA_D_6369671,0,4.4337437e-05,0
LA_D_6418011,0,0.00046339663,0
LA_D_6421018,0,4.3372776e-05,0
LA_D_6528432,0,5.0584673e-05,0
LA_D_6528717,0,3.3664655e-05,0
LA_D_6534633,0,3.9490722e-05,0
LA_D_6548276,0,2.7427506e-05,0
LA_D_6551837,0,5.540068e-05,0
LA_D_6553349,0,5.8489386e-05,0
LA_D_6563020,0,0.00011466933,0
LA_D_6587989,0,5.1487023e-05,0
LA_D_6640500,0,0.0007186353,0
LA_D_6674222,0,1.0070416e-05,0
LA_D_6679031,0,4.1135125e-05,0
LA_D_6693605,0,0.00040275566,0
LA_D_6707611,0,4.8604514e-05,0
LA_D_6732661,0,2.9368872e-05,0
LA_D_6753200,0,2.6951404e-05,0
LA_D_6827816,0,2.5978728e-05,0
LA_D_6835200,0,0.00014361124,0
LA_D_6843430,0,6.393623e-05,0
LA_D_6851845,0,0.017340204,0
LA_D_6854305,0,7.845117e-06,0
LA_D_6857943,0,4.6571917e-05,0
LA_D_6870829,0,1.94544e-05,0
LA_D_6879670,0,3.4684726e-05,0
LA_D_6910104,0,2.7330274e-05,0
LA_D_6963454,0,3.305147e-05,0
LA_D_7001356,0,2.6957217e-05,0
LA_D_7030074,0,4.4648532e-05,0
LA_D_7038666,0,4.4206387e-05,0
LA_D_7085648,0,5.4374697e-05,0
LA_D_7097624,0,3.9495317e-05,0
LA_D_7111683,0,3.6414374e-05,0
LA_D_7121478,0,1.6900884e-05,0
LA_D_7145472,0,3.5855657e-05,0
LA_D_7145864,0,4.034657e-05,0
LA_D_7156674,0,3.781803e-05,0
LA_D_7177412,0,4.7513975e-05,0
LA_D_7188275,0,2.8054677e-05,0
LA_D_7212060,0,2.7711294e-05,0
LA_D_7230800,0,3.2269174e-05,0
LA_D_7264777,0,3.6951733e-05,0
LA_D_7268521,0,3.825975e-05,0
LA_D_7271597,0,4.5815563e-05,0
LA_D_7275001,0,2.5656343e-05,0
LA_D_7277167,0,3.0040525e-05,0
LA_D_7281896,0,4.5556684e-05,0
LA_D_7329677,0,3.5884594e-05,0
LA_D_7334576,0,0.00011131737,0
LA_D_7365719,0,5.7678048e-05,0
LA_D_7366301,0,2.4524084e-05,0
LA_D_7423762,0,0.00022339761,0
LA_D_7451928,0,3.6046276e-05,0
LA_D_7484822,0,5.2831932e-05,0
LA_D_7513169,0,4.137807e-05,0
LA_D_7575171,0,5.1493058e-05,0
LA_D_7590619,0,2.8988963e-05,0
LA_D_7597573,0,4.1295407e-05,0
LA_D_7600960,0,5.258779e-05,0
LA_D_7601080,0,6.236943e-05,0
LA_D_7635843,0,6.3666586e-05,0
LA_D_7638298,0,5.217997e-05,0
LA_D_7641159,0,3.2518878e-05,0
LA_D_7650623,0,3.3519726e-05,0
LA_D_7651577,0,4.1036626e-05,0
LA_D_7660110,0,3.5331108e-05,0
LA_D_7670105,0,4.7139154e-05,0
LA_D_7677110,0,6.972746e-05,0
LA_D_7692770,0,2.8680983e-05,0
LA_D_7694966,0,3.358824e-05,0
LA_D_7724443,0,4.8502097e-05,0
LA_D_7750449,0,4.3819702e-05,0
LA_D_7815344,0,3.7436846e-05,0
LA_D_7816846,0,4.1504376e-05,0
LA_D_7821892,0,5.7813344e-05,0
LA_D_7831036,0,3.3682445e-05,0
LA_D_7854945,0,3.0179672e-05,0
LA_D_7893809,0,5.267402e-05,0
LA_D_7910891,0,3.4764533e-05,0
LA_D_7917674,0,3.2681444e-05,0
LA_D_7917852,0,6.9274e-05,0
LA_D_7917885,0,4.1324834e-05,0
LA_D_7944498,0,3.0069787e-05,0
LA_D_7977171,0,1.08869735e-05,0
LA_D_7987505,0,1.642444e-05,0
LA_D_7989686,0,0.0014704025,0
LA_D_8035961,0,3.1207386e-05,0
LA_D_8066677,0,4.00909e-05,0
LA_D_8079405,0,1.927023e-05,0
LA_D_8087885,0,4.063966e-05,0
LA_D_8101383,0,5.7996953e-05,0
LA_D_8142004,0,6.505311e-05,0
LA_D_8181392,0,3.590356e-05,0
LA_D_8199314,0,3.0423387e-05,0
LA_D_8215903,0,5.126816e-05,0
LA_D_8223320,0,4.413865e-05,0
LA_D_8231132,0,4.7143694e-05,0
LA_D_8241127,0,4.0688446e-05,0
LA_D_8259901,0,2.0944717e-06,0
LA_D_8280620,0,3.427483e-05,0
LA_D_8298208,0,8.781951e-06,0
LA_D_8317963,0,3.497816e-05,0
LA_D_8322859,0,6.559355e-05,0
LA_D_8410808,0,2.584031e-05,0
LA_D_8449121,0,4.0417122e-05,0
LA_D_8449646,0,1.5306461e-05,0
LA_D_8497918,0,0.00021075319,0
LA_D_8502516,0,4.7218025e-05,0
LA_D_8536291,0,0.00014804894,0
LA_D_8541183,0,4.0680607e-05,0
LA_D_8550715,0,0.0001548989,0
LA_D_8649628,0,0.00025168303,0
LA_D_8700255,0,0.00010362669,0
LA_D_8726221,0,3.385525e-05,0
LA_D_8728705,0,1.9973713e-05,0
LA_D_8729520,0,0.41338718,0
LA_D_8730212,0,1.8162767e-05,0
LA_D_8742102,0,5.5037606e-05,0
LA_D_8747282,0,3.1350417e-05,0
LA_D_8755790,0,8.705855e-05,0
LA_D_8809090,0,3.0797208e-05,0
LA_D_8847918,0,5.2497104e-05,0
LA_D_8848060,0,0.00012369853,0
LA_D_8928963,0,1.817067e-05,0
LA_D_8959262,0,3.6167068e-05,0
LA_D_8978674,0,2.2356648e-05,0
LA_D_8994968,0,3.8641607e-05,0
LA_D_9069590,0,3.8238082e-05,0
LA_D_9094880,0,3.765806e-05,0
LA_D_9109205,0,8.252945e-06,0
LA_D_9162715,0,3.344865e-05,0
LA_D_9171297,0,2.9863199e-05,0
LA_D_9191310,0,4.2872554e-05,0
LA_D_9201030,0,4.666643e-05,0
LA_D_9205244,0,3.1916792e-05,0
LA_D_9244829,0,9.892737e-06,0
LA_D_9256150,0,3.191804e-05,0
LA_D_9268984,0,9.536297e-05,0
LA_D_9273302,0,1.0321061e-05,0
LA_D_9364153,0,3.0049978e-05,0
LA_D_9366124,0,3.6662397e-05,0
LA_D_9376872,0,0.00012639126,0
LA_D_9382453,0,3.3024724e-05,0
LA_D_9459461,0,3.381014e-05,0
LA_D_9474947,0,1.483111e-05,0
LA_D_9502311,0,7.335096e-05,0
LA_D_9529091,0,4.3860007e-05,0
LA_D_9544494,0,4.237205e-05,0
LA_D_9547208,0,3.5612822e-05,0
LA_D_9549013,0,0.00012325052,0
LA_D_9560776,0,0.00022010252,0
LA_D_9574257,0,6.2426254e-05,0
LA_D_9578605,0,0.00025757702,0
LA_D_9607719,0,3.239547e-05,0
LA_D_9641619,0,1.977516e-05,0
LA_D_9724088,0,0.00023039794,0
LA_D_9734432,0,3.5126777e-05,0
LA_D_9747163,0,2.9004586e-05,0
LA_D_9865832,0,5.161036e-05,0
LA_D_9875273,0,2.7303755e-05,0
LA_D_9890188,0,6.156858e-05,0
LA_D_9895745,0,6.679075e-05,0
LA_D_9960401,0,3.824246e-05,0
LA_D_9975747,0,4.33674e-05,0
LA_D_9981457,0,3.498118e-06,0
LA_D_9985248,0,1.4315262e-05,0
LA_D_9991693,0,1.8820254e-05,0
LA_D_1002318,0,3.89333e-05,0
LA_D_1003356,0,7.2188086e-05,0
LA_D_1007033,0,2.471772e-05,0
LA_D_1010123,0,0.0006224645,0
LA_D_1024399,0,7.801463e-05,0
LA_D_1079750,0,2.991057e-05,0
LA_D_1083812,0,6.406074e-05,0
LA_D_1123046,0,3.089472e-05,0
LA_D_1139898,0,5.9418442e-05,0
LA_D_1210991,0,0.00660065,0
LA_D_1215152,0,0.0016185922,0
LA_D_1222321,0,7.436657e-05,0
LA_D_1265854,0,0.004278944,0
LA_D_1279998,0,0.010120589,0
LA_D_1320662,0,3.8922757e-05,0
LA_D_1358691,0,2.8955004e-05,0
LA_D_1368786,0,9.56838e-05,0
LA_D_1382588,0,4.72087e-05,0
LA_D_1415920,0,3.4525598e-05,0
LA_D_1421770,0,2.5217674e-05,0
LA_D_1457137,0,0.00070734933,0
LA_D_1483464,0,5.25293e-05,0
LA_D_1545693,0,0.0015586303,0
LA_D_1564060,0,3.8026876e-05,0
LA_D_1567825,0,2.6791602e-05,0
LA_D_1579906,0,6.632456e-05,0
LA_D_1580977,0,5.242596e-05,0
LA_D_1612576,0,2.64128e-05,0
LA_D_1613794,0,7.978559e-06,0
LA_D_1616269,0,2.613042e-05,0
LA_D_1625505,0,4.749155e-05,0
LA_D_1656917,0,5.8827245e-05,0
LA_D_1731339,0,4.57942e-05,0
LA_D_1752177,0,1.8301727e-05,0
LA_D_1767794,0,5.0839437e-05,0
LA_D_1783940,0,0.08670245,0
LA_D_1824869,0,4.2987394e-05,0
LA_D_1863797,0,4.6943347e-05,0
LA_D_1890020,0,1.7901575e-05,0
LA_D_1900734,0,0.0008530912,0
LA_D_1903703,0,3.8743445e-05,0
LA_D_1945462,0,5.3132702e-05,0
LA_D_1963041,0,1.9417848e-05,0
LA_D_1974020,0,3.9482777e-05,0
LA_D_1979882,0,0.000829917,0
LA_D_1985966,0,0.00026262438,0
LA_D_2042252,0,5.6764606e-05,0
LA_D_2080992,0,0.00043837578,0
LA_D_2118366,0,3.9924027e-05,0
LA_D_2123641,0,5.6397268e-05,0
LA_D_2134538,0,2.5125135e-05,0
LA_D_2165208,0,4.4507524e-05,0
LA_D_2176994,0,0.00023254268,0
LA_D_2181333,0,7.420039e-05,0
LA_D_2205416,0,4.3100397e-05,0
LA_D_2241719,0,3.7090267e-05,0
LA_D_2268605,0,2.6387821e-05,0
LA_D_2273204,0,3.082403e-05,0
LA_D_2301656,0,5.4864988e-05,0
LA_D_2338001,0,0.00015685233,0
LA_D_2376123,0,1.8450386e-05,0
LA_D_2378014,0,7.0359725e-05,0
LA_D_2380179,0,8.894105e-05,0
LA_D_2383414,0,1.6914188e-05,0
LA_D_2402405,0,2.264994e-05,0
LA_D_2431261,0,2.0268482e-05,0
LA_D_2444403,0,0.00012252342,0
LA_D_2450394,0,3.2681444e-05,0
LA_D_2461278,0,2.7847196e-05,0
LA_D_2480874,0,3.535483e-05,0
LA_D_2505503,0,7.062627e-05,0
LA_D_2519560,0,2.7847778e-05,0
LA_D_2521725,0,5.5840606e-05,0
LA_D_2576939,0,7.8068886e-05,0
LA_D_2591422,0,9.275823e-05,0
LA_D_2601552,0,3.800034e-05,0
LA_D_2607111,0,0.00010984776,0
LA_D_2657920,0,3.467084e-05,0
LA_D_2705075,0,0.00012380308,0
LA_D_2753138,0,4.3751974e-05,0
LA_D_2760354,0,5.5274028e-05,0
LA_D_2789710,0,1.9965753e-05,0
LA_D_2825147,0,2.4936084e-05,0
LA_D_2863956,0,0.00024317001,0
LA_D_2897106,0,4.459096e-05,0
LA_D_2901976,0,0.0003349006,0
LA_D_2978440,0,1.996621e-05,0
LA_D_2989956,0,3.3572836e-05,0
LA_D_3003562,0,2.4117002e-05,0
LA_D_3090557,0,4.6830624e-05,0
LA_D_3109995,0,0.00014872925,0
LA_D_3116351,0,0.022347927,0
LA_D_3131801,0,4.069132e-05,0
LA_D_3145268,0,2.8450357e-05,0
LA_D_3161731,0,2.0890413e-05,0
LA_D_3168206,0,5.5272136e-05,0
LA_D_3173350,0,9.470641e-05,0
LA_D_3174693,0,4.280172e-05,0
LA_D_3198406,0,2.1423588e-05,0
LA_D_3223559,0,1.6791813e-05,0
LA_D_3240983,0,3.655247e-05,0
LA_D_3247149,0,4.568864e-05,0
LA_D_3293511,0,0.00023617478,0
LA_D_3313609,0,3.0488767e-05,0
LA_D_3394044,0,8.436031e-05,0
LA_D_3403808,0,4.938882e-05,0
LA_D_3484420,0,3.4948083e-05,0
LA_D_3495412,0,2.2562781e-05,0
LA_D_3498063,0,2.9003286e-05,0
LA_D_3504312,0,2.7282775e-05,0
LA_D_3532135,0,3.605659e-05,0
LA_D_3553786,0,3.3795834e-05,0
LA_D_3561094,0,5.6011482e-05,0
LA_D_3562536,0,2.7348759e-05,0
LA_D_3579090,0,5.8610207e-05,0
LA_D_3642328,0,3.6800902e-05,0
LA_D_3653047,0,4.823503e-05,0
LA_D_3676961,0,2.6270687e-05,0
LA_D_3691520,0,0.00065454125,0
LA_D_3707107,0,8.291263e-05,0
LA_D_3742373,0,6.605643e-05,0
LA_D_3745110,0,0.00042591116,0
LA_D_3774864,0,3.0066374e-05,0
LA_D_3796134,0,4.265495e-05,0
LA_D_3819672,0,2.4461719e-05,0
LA_D_3821339,0,9.724273e-05,0
LA_D_3833739,0,2.861143e-05,0
LA_D_3892973,0,6.827882e-05,0
LA_D_3904722,0,3.6900357e-05,0
LA_D_3920947,0,0.00024760983,0
LA_D_3941210,0,4.2121057e-05,0
LA_D_3955173,0,0.00022387547,0
LA_D_3982665,0,9.169698e-06,0
LA_D_4011725,0,2.5530357e-05,0
LA_D_4015325,0,1.7214163e-05,0
LA_D_4036012,0,3.3191525e-05,0
LA_D_4046755,0,4.24497e-05,0
LA_D_4071982,0,5.179051e-05,0
LA_D_4086016,0,5.3193544e-05,0
LA_D_4140722,0,0.0016434266,0
LA_D_4159249,0,9.9175995e-05,0
LA_D_4190885,0,0.006570353,0
LA_D_4200716,0,4.9638697e-05,0
LA_D_4220938,0,0.00012897207,0
LA_D_4249761,0,8.30702e-05,0
LA_D_4264490,0,6.065609e-05,0
LA_D_4271192,0,2.9052451e-05,0
LA_D_4313950,0,0.00010970172,0
LA_D_4324201,0,3.418591e-05,0
LA_D_4326531,0,4.062246e-05,0
LA_D_4332889,0,4.92971e-05,0
LA_D_4343857,0,0.00033060063,0
LA_D_4348026,0,1.9830568e-05,0
LA_D_4357471,0,0.0002075472,0
LA_D_4362559,0,3.670158e-05,0
LA_D_4389844,0,1.790504e-05,0
LA_D_4394502,0,3.3086257e-05,0
LA_D_4400144,0,0.000107810796,0
LA_D_4426952,0,6.498341e-05,0
LA_D_4451147,0,2.6945467e-05,0
LA_D_4475556,0,4.7732694e-05,0
LA_D_4485516,0,0.0004865011,0
LA_D_4486175,0,3.3885583e-05,0
LA_D_4492337,0,0.00041207057,0
LA_D_4509854,0,0.0015484948,0
LA_D_4544920,0,9.555322e-05,0
LA_D_4631507,0,0.000115206814,0
LA_D_4637029,0,4.6628174e-05,0
LA_D_4637589,0,4.778484e-05,0
LA_D_4654085,0,3.3210457e-05,0
LA_D_4718958,0,6.491621e-05,0
LA_D_4753776,0,5.4064985e-05,0
LA_D_4801311,0,8.011756e-05,0
LA_D_4802912,0,0.029424349,0
LA_D_4810819,0,3.614886e-05,0
LA_D_4821168,0,2.9041094e-05,0
LA_D_4824900,0,2.3016648e-05,0
LA_D_4829433,0,8.198997e-05,0
LA_D_4845387,0,2.5913601e-05,0
LA_D_4849985,0,4.110936e-05,0
LA_D_4851952,0,0.00012390796,0
LA_D_4861387,0,5.6825163e-05,0
LA_D_4885590,0,4.7727957e-05,0
LA_D_4897078,0,3.392176e-05,0
LA_D_4912474,0,3.6801393e-05,0
LA_D_4955238,0,4.4323275e-05,0
LA_D_4955492,0,4.733466e-05,0
LA_D_4958797,0,7.387711e-06,0
LA_D_4961889,0,4.2144522e-05,0
LA_D_4975189,0,3.94095e-05,0
LA_D_5044532,0,0.0047915457,0
LA_D_5072579,0,0.00018232713,0
LA_D_5150241,0,2.8234992e-05,0
LA_D_5150592,0,3.9570605e-05,0
LA_D_5216299,0,3.053899e-05,0
LA_D_5253450,0,9.943498e-05,0
LA_D_5314647,0,5.687731e-05,0
LA_D_5323165,0,0.00011624577,0
LA_D_5341605,0,1.5639103e-05,0
LA_D_5381827,0,1.36307735e-05,0
LA_D_5432278,0,9.395092e-05,0
LA_D_5440069,0,3.7170365e-05,0
LA_D_5479329,0,2.4732599e-05,0
LA_D_5493032,0,4.8946855e-05,0
LA_D_5501050,0,2.6295227e-05,0
LA_D_5507775,0,0.0012038156,0
LA_D_5559526,0,3.0619798e-05,0
LA_D_5629651,0,3.1360887e-05,0
LA_D_5633713,0,5.7036563e-05,0
LA_D_5641697,0,0.002266052,0
LA_D_5688911,0,1.2438145e-05,0
LA_D_5718734,0,0.001630677,0
LA_D_5741885,0,0.00045488772,0
LA_D_5754650,0,0.0002049045,0
LA_D_5774737,0,3.1759213e-05,0
LA_D_5778470,0,4.0187868e-05,0
LA_D_5785488,0,0.00021986259,0
LA_D_5786343,0,0.000110583336,0
LA_D_5786582,0,3.7507813e-05,0
LA_D_5790180,0,4.9896775e-05,0
LA_D_5790692,0,3.7299294e-05,0
LA_D_5876152,0,3.9996085e-05,0
LA_D_5901352,0,3.8188413e-05,0
LA_D_5903766,0,2.7628384e-05,0
LA_D_5907825,0,4.4662203e-05,0
LA_D_5919815,0,5.541526e-05,0
LA_D_5920016,0,0.00020188617,0
LA_D_5942690,0,3.5676523e-05,0
LA_D_5958326,0,3.5662848e-05,0
LA_D_5970997,0,3.7064878e-05,0
LA_D_6004360,0,5.2407668e-05,0
LA_D_6017423,0,4.369335e-05,0
LA_D_6076229,0,1.2542765e-05,0
LA_D_6077399,0,3.4471672e-05,0
LA_D_6108795,0,1.2474745e-05,0
LA_D_6151774,0,0.011709839,0
LA_D_6180779,0,4.781511e-05,0
LA_D_6261466,0,0.00037659498,0
LA_D_6291773,0,0.00010330504,0
LA_D_6297114,0,2.3535418e-05,0
LA_D_6330112,0,2.0976915e-05,0
LA_D_6342151,0,4.5260404e-05,0
LA_D_6357526,0,0.0067224344,0
LA_D_6366562,0,0.0009229453,0
LA_D_6367598,0,2.7967755e-05,0
LA_D_6382392,0,0.0001563263,0
LA_D_6394259,0,2.952194e-05,0
LA_D_6417464,0,3.807031e-05,0
LA_D_6436497,0,0.00011259868,0
LA_D_6472370,0,3.1886277e-05,0
LA_D_6472737,0,0.0005104345,0
LA_D_6478004,0,0.00011629335,0
LA_D_6489693,0,0.0005543407,0
LA_D_6496952,0,9.940399e-05,0
LA_D_6497292,0,3.383363e-05,0
LA_D_6502589,0,7.362692e-05,0
LA_D_6509223,0,2.3260389e-05,0
LA_D_6536188,0,3.9887454e-05,0
LA_D_6557620,0,1.0114063e-05,0
LA_D_6576995,0,0.00014125624,0
LA_D_6620895,0,5.4220913e-05,0
LA_D_6624401,0,3.3725068e-05,0
LA_D_6636656,0,6.141981e-05,0
LA_D_6641429,0,0.00063348154,0
LA_D_6667504,0,4.1407675e-05,0
LA_D_6675827,0,0.00010533329,0
LA_D_6679907,0,3.2202406e-05,0
LA_D_6714210,0,0.00010519338,0
LA_D_6719790,0,4.106806e-05,0
LA_D_6733531,0,2.7275752e-05,0
LA_D_6748796,0,1.3510571e-05,0
LA_D_6771622,0,4.4551987e-05,0
LA_D_6778287,0,4.608233e-05,0
LA_D_6794543,0,4.427448e-05,0
LA_D_6847201,0,3.501868e-05,0
LA_D_6891553,0,5.1016705e-05,0
LA_D_6899968,0,4.6802452e-05,0
LA_D_6923750,0,2.95735e-05,0
LA_D_6935342,0,4.3350323e-05,0
LA_D_6959889,0,3.8203856e-05,0
LA_D_6984434,0,1.0289337e-05,0
LA_D_7029895,0,1.0684795e-05,0
LA_D_7037343,0,3.7782305e-05,0
LA_D_7042391,0,3.6322712e-05,0
LA_D_7044321,0,6.603439e-05,0
LA_D_7064084,0,0.0004323868,0
LA_D_7121863,0,3.0240284e-05,0
LA_D_7125248,0,4.3848715e-05,0
LA_D_7130761,0,0.00021620284,0
LA_D_7139166,0,6.234998e-05,0
LA_D_7289059,0,3.040891e-05,0
LA_D_7312762,0,3.1411586e-05,0
LA_D_7335129,0,2.8875065e-05,0
LA_D_7384863,0,5.0117094e-05,0
LA_D_7398670,0,9.6430405e-05,0
LA_D_7466704,0,1.6513572e-05,0
LA_D_7487419,0,5.237839e-05,0
LA_D_7508124,0,7.6059376e-05,0
LA_D_7513496,0,5.385905e-05,0
LA_D_7535009,0,2.8402214e-05,0
LA_D_7554606,0,4.8503673e-05,0
LA_D_7589031,0,4.3722488e-05,0
LA_D_7592783,0,0.00013390587,0
LA_D_7608318,0,3.6616868e-05,0
LA_D_7673600,0,7.6798475e-05,0
LA_D_7702759,0,3.5539266e-05,0
LA_D_7706712,0,0.00021427903,0
LA_D_7726796,0,7.2252e-05,0
LA_D_7727200,0,5.3642994e-05,0
LA_D_7795465,0,3.7482074e-05,0
LA_D_7835570,0,9.5853655e-05,0
LA_D_7863255,0,1.9422238e-05,0
LA_D_7870172,0,3.1698753e-05,0
LA_D_7934292,0,4.6022247e-05,0
LA_D_7947662,0,2.362136e-05,0
LA_D_7972339,0,0.00066069677,0
LA_D_8066591,0,8.839121e-05,0
LA_D_8083471,0,3.842568e-05,0
LA_D_8118324,0,0.0005604658,0
LA_D_8119264,0,3.6715017e-05,0
LA_D_8122690,0,3.6903908e-05,0
LA_D_8131749,0,0.19642477,0
LA_D_8131985,0,1.5656937e-05,0
LA_D_8227459,0,7.3926494e-05,0
LA_D_8235169,0,2.4893528e-05,0
LA_D_8243194,0,5.620474e-05,0
LA_D_8258675,0,0.0015003757,0
LA_D_8283471,0,1.9512521e-05,0
LA_D_8295817,0,1.3320964e-05,0
LA_D_8303713,0,0.0004006237,0
LA_D_8306459,0,9.029071e-05,0
LA_D_8360978,0,0.00010501498,0
LA_D_8391113,0,6.938752e-05,0
LA_D_8408350,0,4.868036e-05,0
LA_D_8439976,0,1.641146e-05,0
LA_D_8440657,0,5.414594e-05,0
LA_D_8442572,0,3.5007957e-05,0
LA_D_8444186,0,2.2539209e-05,0
LA_D_8503156,0,3.7091435e-05,0
LA_D_8522176,0,0.000117246236,0
LA_D_8523635,0,6.1116465e-05,0
LA_D_8541793,0,6.148879e-05,0
LA_D_8549240,0,4.1045903e-05,0
LA_D_8552161,0,4.337803e-05,0
LA_D_8553340,0,2.7579687e-05,0
LA_D_8567566,0,3.810725e-05,0
LA_D_8568137,0,4.124334e-05,0
LA_D_8582499,0,4.2572454e-05,0
LA_D_8618273,0,0.0001235983,0
LA_D_8645885,0,5.3580057e-05,0
LA_D_8652044,0,4.113575e-05,0
LA_D_8692960,0,9.655158e-05,0
LA_D_8694979,0,6.896757e-05,0
LA_D_8704256,0,0.00021151332,0
LA_D_8750012,0,7.744256e-05,0
LA_D_8754459,0,0.00012776429,0
LA_D_8761358,0,7.502236e-05,0
LA_D_8771384,0,3.6572932e-05,0
LA_D_8775645,0,0.00010068193,0
LA_D_8797843,0,2.9779987e-05,0
LA_D_8816850,0,4.197894e-05,0
LA_D_8832668,0,0.00045369682,0
LA_D_8887385,0,3.53426e-05,0
LA_D_8927118,0,8.7875276e-05,0
LA_D_8998906,0,2.3324004e-05,0
LA_D_9006768,0,2.6001257e-05,0
LA_D_9008030,0,4.869466e-05,0
LA_D_9009361,0,5.2280582e-05,0
LA_D_9091322,0,0.00010537419,0
LA_D_9102532,0,0.019510847,0
LA_D_9109221,0,4.1157175e-05,0
LA_D_9125165,0,3.4473615e-05,0
LA_D_9167526,0,3.8645438e-05,0
LA_D_9187525,0,6.0540162e-05,0
LA_D_9190204,0,8.188097e-05,0
LA_D_9191799,0,2.8645693e-05,0
LA_D_9205865,0,5.6941244e-05,0
LA_D_9231862,0,4.6913272e-05,0
LA_D_9232059,0,0.00040342656,0
LA_D_9267593,0,3.5207737e-05,0
LA_D_9329045,0,4.811209e-05,0
LA_D_9364490,0,3.1947762e-05,0
LA_D_9371349,0,3.6439316e-05,0
LA_D_9393645,0,0.0012597811,0
LA_D_9491351,0,4.0575535e-05,0
LA_D_9493233,0,5.008556e-05,0
LA_D_9528054,0,3.378365e-05,0
LA_D_9540057,0,2.8085246e-05,0
LA_D_9544623,0,6.690524e-05,0
LA_D_9555179,0,3.142462e-05,0
LA_D_9565153,0,5.0356008e-05,0
LA_D_9572483,0,3.844584e-05,0
LA_D_9589951,0,6.0985523e-05,0
LA_D_9591915,0,8.854703e-05,0
LA_D_9605808,0,2.047603e-05,0
LA_D_9629972,0,4.1744446e-05,0
LA_D_9630811,0,2.5990077e-05,0
LA_D_9642750,0,6.90079e-05,0
LA_D_9643942,0,3.7851907e-05,0
LA_D_9674417,0,0.000260383,0
LA_D_9714527,0,0.0013964477,0
LA_D_9715736,0,4.0526193e-05,0
LA_D_9720984,0,4.703144e-05,0
LA_D_9791782,0,2.590184e-05,0
LA_D_9806108,0,9.518981e-05,0
LA_D_9831582,0,0.00060822227,0
LA_D_9841018,0,0.0013150746,0
LA_D_9853599,0,0.00025183905,0
LA_D_9898535,0,1.818894e-05,0
LA_D_9908094,0,4.0796458e-05,0
LA_D_9966402,0,4.6034627e-05,0
LA_D_9966943,0,0.003734657,0
LA_D_9974628,0,1.387568e-05,0
LA_D_9982261,0,2.6786081e-05,0
LA_D_1002910,0,3.1976502e-05,0
LA_D_1006756,0,5.8539656e-05,0
LA_D_1036574,0,1.7107639e-05,0
LA_D_1115782,0,1.2360187e-05,0
LA_D_1142805,0,3.4379522e-05,0
LA_D_1145475,0,4.6021767e-05,0
LA_D_1170738,0,4.6288893e-05,0
LA_D_1195377,0,3.6714533e-05,0
LA_D_1251679,0,1.3917226e-05,0
LA_D_1257080,0,6.274981e-05,0
LA_D_1293421,0,3.1239782e-05,0
LA_D_1332494,0,1.3359143e-05,0
LA_D_1357667,0,3.3972163e-05,0
LA_D_1370948,0,1.4074051e-06,0
LA_D_1393282,0,0.00020065105,0
LA_D_1396637,0,0.00018759213,0
LA_D_1408411,0,5.0564417e-05,0
LA_D_1457740,0,0.00011940236,0
LA_D_1462019,0,0.00010506546,0
LA_D_1472256,0,2.8658908e-06,0
LA_D_1476842,0,0.00032481586,0
LA_D_1488430,0,1.2266666e-05,0
LA_D_1489099,0,5.246632e-06,0
LA_D_1642715,0,4.1275685e-05,0
LA_D_1649330,0,2.665236e-05,0
LA_D_1651845,0,9.40665e-06,0
LA_D_1670299,0,8.0142556e-05,0
LA_D_1685142,0,3.0591746e-05,0
LA_D_1735038,0,1.3949117e-05,0
LA_D_1744359,0,0.00037950283,0
LA_D_1753007,0,0.0040331963,0
LA_D_1780584,0,1.603073e-05,0
LA_D_1810076,0,8.821783e-05,0
LA_D_1815585,0,5.3776832e-05,0
LA_D_1815707,0,9.387131e-05,0
LA_D_1821518,0,9.978175e-06,0
LA_D_1825844,0,3.616783e-05,0
LA_D_1837161,0,8.667742e-05,0
LA_D_1840901,0,7.986713e-05,0
LA_D_1851119,0,4.222208e-05,0
LA_D_1851769,0,1e-06,0
LA_D_1883025,0,5.891668e-06,0
LA_D_1885497,0,2.5649122e-06,0
LA_D_1896903,0,1e-06,0
LA_D_1927277,0,2.935893e-05,0
LA_D_1930385,0,2.8428496e-05,0
LA_D_1957089,0,1.6318288e-06,0
LA_D_1957500,0,5.891028e-05,0
LA_D_1961972,0,4.2152038e-05,0
LA_D_1972939,0,4.4739958e-05,0
LA_D_1975175,0,1.9426147e-05,0
LA_D_1976553,0,0.000112674395,0
LA_D_2009335,0,7.1967825e-06,0
LA_D_2069924,0,0.00030394172,0
LA_D_2096131,0,4.9992894e-05,0
LA_D_2155390,0,1e-06,0
LA_D_2168663,0,4.2786332e-06,0
LA_D_2186325,0,9.006425e-06,0
LA_D_2194998,0,0.0005949867,0
LA_D_2277312,0,1e-06,0
LA_D_2339918,0,1e-06,0
LA_D_2350855,0,1.013142e-05,0
LA_D_2396859,0,2.8093393e-05,0
LA_D_2416601,0,1.4019746e-05,0
LA_D_2479276,0,2.5603746e-05,0
LA_D_2507237,0,1e-06,0
LA_D_2508978,0,0.00010475084,0
LA_D_2515198,0,0.0032685797,0
LA_D_2602530,0,1.0200827e-05,0
LA_D_2603844,0,4.7722338e-06,0
LA_D_2607854,0,7.4396553e-06,0
LA_D_2615029,0,3.024888e-05,0
LA_D_2639432,0,3.487251e-05,0
LA_D_2644726,0,5.1052422e-05,0
LA_D_2657639,0,4.7777874e-05,0
LA_D_2658169,0,4.883077e-05,0
LA_D_2661413,0,2.4066847e-05,0
LA_D_2665829,0,1.8792709e-05,0
LA_D_2672484,0,5.7868223e-05,0
LA_D_2707330,0,3.9494e-05,0
LA_D_2835020,0,3.7527854e-05,0
LA_D_2839116,0,0.0001784109,0
LA_D_2866770,0,2.9285666e-05,0
LA_D_2896872,0,6.738732e-05,0
LA_D_2927159,0,7.5654e-06,0
LA_D_2930906,0,1.6145399e-05,0
LA_D_2938165,0,1.6674481e-06,0
LA_D_2946880,0,7.044378e-06,0
LA_D_2957620,0,1.169897e-05,0
LA_D_2965868,0,3.1421685e-05,0
LA_D_2974559,0,8.671371e-05,0
LA_D_2991989,0,9.914091e-06,0
LA_D_2993728,0,3.882078e-05,0
LA_D_3021599,0,1.2654597e-05,0
LA_D_3107181,0,4.3484848e-05,0
LA_D_3109467,0,3.9740058e-05,0
LA_D_3126217,0,0.00014320647,0
LA_D_3133630,0,6.334821e-05,0
LA_D_3134750,0,7.405971e-05,0
LA_D_3154570,0,2.5524321e-05,0
LA_D_3164104,0,8.993017e-05,0
LA_D_3169743,0,2.324749e-06,0
LA_D_3223179,0,0.00089945586,0
LA_D_3224827,0,2.2463377e-05,0
LA_D_3246506,0,3.5276935e-05,0
LA_D_3263795,0,5.2727642e-05,0
LA_D_3266637,0,4.0209193e-06,0
LA_D_3287956,0,2.0380163e-05,0
LA_D_3320515,0,5.857199e-05,0
LA_D_3332353,0,4.201739e-05,0
LA_D_3337077,0,2.3765404e-05,0
LA_D_3346997,0,1.428425e-06,0
LA_D_3384367,0,3.678469e-05,0
LA_D_3394396,0,1.0120528e-05,0
LA_D_3412597,0,3.6234076e-05,0
LA_D_3421236,0,0.0016046629,0
LA_D_3429839,0,5.587922e-05,0
LA_D_3434309,0,0.00010140409,0
LA_D_3449906,0,2.5438345e-05,0
LA_D_3468741,0,1.6734775e-05,0
LA_D_3515783,0,1.5416936e-05,0
LA_D_3518037,0,5.6114553e-05,0
LA_D_3547583,0,0.0002576006,0
LA_D_3569795,0,1.7800267e-05,0
LA_D_3587114,0,2.5220781e-06,0
LA_D_3592273,0,6.7388355e-05,0
LA_D_3595211,0,2.743912e-05,0
LA_D_3690532,0,2.1263053e-05,0
LA_D_3702939,0,3.3704273e-06,0
LA_D_3727967,0,4.5580586e-05,0
LA_D_3738454,0,6.376623e-05,0
LA_D_3759309,0,2.1097589e-05,0
LA_D_3772095,0,3.6699268e-05,0
LA_D_3790932,0,1.451318e-06,0
LA_D_3805926,0,4.601474e-06,0
LA_D_3825603,0,7.913496e-06,0
LA_D_3830220,0,2.1338052e-05,0
LA_D_3866648,0,0.0005589502,0
LA_D_3878824,0,7.522188e-05,0
LA_D_3893365,0,9.924921e-05,0
LA_D_3903068,0,1.3053106e-05,0
LA_D_3920971,0,3.775396e-05,0
LA_D_3923192,0,1.4165116e-06,0
LA_D_3932387,0,0.00020954515,0
LA_D_3939471,0,1.656262e-05,0
LA_D_3980920,0,9.285301e-05,0
LA_D_4046683,0,1.5297222e-05,0
LA_D_4061323,0,9.287577e-05,0
LA_D_4070699,0,2.5200414e-05,0
LA_D_4086876,0,2.6023906e-06,0
LA_D_4145030,0,1.755279e-06,0
LA_D_4173456,0,5.7901025e-06,0
LA_D_4204879,0,2.395954e-05,0
LA_D_4210951,0,1.899371e-05,0
LA_D_4253190,0,0.00019309715,0
LA_D_4273717,0,8.6582084e-05,0
LA_D_4282616,0,2.2871578e-05,0
LA_D_4285929,0,3.4577984e-05,0
LA_D_4294830,0,2.0054258e-05,0
LA_D_4302465,0,4.1556364e-06,0
LA_D_4312938,0,7.4892073e-06,0
LA_D_4361904,0,3.6550027e-05,0
LA_D_4403908,0,6.4110485e-05,0
LA_D_4446623,0,3.3689706e-05,0
LA_D_4451377,0,2.0081014e-05,0
LA_D_4516686,0,8.841287e-05,0
LA_D_4589606,0,1e-06,0
LA_D_4621497,0,1e-06,0
LA_D_4653264,0,1.5180757e-05,0
LA_D_4683763,0,2.9150611e-05,0
LA_D_4702641,0,3.3597305e-05,0
LA_D_4737852,0,4.8191396e-05,0
LA_D_4757010,0,1e-06,0
LA_D_4757904,0,0.00015899313,0
LA_D_4779241,0,5.1778265e-05,0
LA_D_4786806,0,2.9083443e-05,0
LA_D_4818051,0,1.3803605e-05,0
LA_D_4823636,0,1.7400738e-05,0
LA_D_4847181,0,0.00022128427,0
LA_D_4847957,0,4.4366454e-05,0
LA_D_4868088,0,0.0005310716,0
LA_D_4884945,0,5.2618598e-05,0
LA_D_4891785,0,1.601856e-06,0
LA_D_4895758,0,5.167724e-05,0
LA_D_4918359,0,3.3157357e-05,0
LA_D_4924308,0,2.3000453e-05,0
LA_D_4928888,0,3.2897828e-05,0
LA_D_5000376,0,6.536016e-05,0
LA_D_5043355,0,3.7316124e-05,0
LA_D_5046774,0,1e-06,0
LA_D_5047420,0,5.7382993e-05,0
LA_D_5055342,0,1.2258281e-06,0
LA_D_5057861,0,3.5673022e-06,0
LA_D_5059062,0,1.9528046e-05,0
LA_D_5060694,0,1.6814953e-05,0
LA_D_5109245,0,1e-06,0
LA_D_5109276,0,8.685435e-06,0
LA_D_5131627,0,5.034487e-06,0
LA_D_5148457,0,8.8177454e-05,0
LA_D_5174423,0,4.1526546e-05,0
LA_D_5177635,0,0.00089642877,0
LA_D_5191327,0,1.3432127e-05,0
LA_D_5224548,0,2.1995362e-05,0
LA_D_5244812,0,1.7028678e-05,0
LA_D_5245477,0,3.8183075e-06,0
LA_D_5294579,0,3.465976e-05,0
LA_D_5329811,0,0.0001014568,0
LA_D_5403317,0,1e-06,0
LA_D_5473251,0,9.536907e-05,0
LA_D_5513753,0,3.0238267e-05,0
LA_D_5513863,0,4.1530267e-05,0
LA_D_5544564,0,1.8282852e-05,0
LA_D_5546400,0,2.2025377e-05,0
LA_D_5573860,0,3.0555973e-05,0
LA_D_5638866,0,2.400093e-05,0
LA_D_5647735,0,3.4697896e-05,0
LA_D_5654442,0,3.1022824e-05,0
LA_D_5660467,0,3.2879263e-05,0
LA_D_5671694,0,4.63789e-05,0
LA_D_5692078,0,2.4508386e-06,0
LA_D_5712711,0,0.0005411529,0
LA_D_5736044,0,5.604043e-05,0
LA_D_5748144,0,1e-06,0
LA_D_5778584,0,2.437593e-05,0
LA_D_5814803,0,1.9390756e-05,0
LA_D_5901185,0,3.8252274e-05,0
LA_D_5912564,0,4.8137237e-05,0
LA_D_5917572,0,8.2933664e-05,0
LA_D_5956543,0,2.4299221e-05,0
LA_D_5963363,0,6.283471e-05,0
LA_D_5973607,0,1.737308e-05,0
LA_D_5978354,0,7.065159e-05,0
LA_D_6013006,0,0.00011879364,0
LA_D_6020414,0,3.9776118e-05,0
LA_D_6022892,0,3.8235168e-05,0
LA_D_6068019,0,2.7128972e-05,0
LA_D_6084869,0,1e-06,0
LA_D_6093076,0,2.2668115e-05,0
LA_D_6108920,0,7.178569e-06,0
LA_D_6125700,0,2.0749521e-05,0
LA_D_6131320,0,4.011168e-06,0
LA_D_6164605,0,2.2176113e-05,0
LA_D_6217265,0,4.938783e-06,0
LA_D_6240589,0,4.4542427e-05,0
LA_D_6253615,0,7.469386e-05,0
LA_D_6262160,0,3.742282e-05,0
LA_D_6309848,0,0.00014532765,0
LA_D_6322847,0,0.00022029002,0
LA_D_6323757,0,2.9511015e-05,0
LA_D_6327775,0,5.3532967e-05,0
LA_D_6341352,0,7.003501e-05,0
LA_D_6365327,0,3.7898648e-05,0
LA_D_6380108,0,4.3175933e-05,0
LA_D_6441861,0,0.000113548595,0
LA_D_6460979,0,1.8567376e-05,0
LA_D_6505457,0,0.38775423,0
LA_D_6510745,0,5.747895e-05,0
LA_D_6555487,0,3.3856704e-05,0
LA_D_6581601,0,3.8689912e-05,0
LA_D_6599286,0,1e-06,0
LA_D_6661034,0,1.502859e-05,0
LA_D_6662706,0,4.965526e-05,0
LA_D_6684583,0,1.3073787e-05,0
LA_D_6713489,0,8.020295e-05,0
LA_D_6795282,0,8.543152e-06,0
LA_D_6799400,0,0.00061952655,0
LA_D_6805212,0,6.461605e-05,0
LA_D_6815577,0,1e-06,0
LA_D_6844613,0,6.9639354e-05,0
LA_D_6850195,0,0.00013409853,0
LA_D_6873316,0,5.534988e-05,0
LA_D_6887879,0,2.690639e-05,0
LA_D_6905024,0,2.5107363e-05,0
LA_D_6926473,0,0.00041977916,0
LA_D_6954837,0,1e-06,0
LA_D_6969154,0,1e-06,0
LA_D_7003938,0,3.9574003e-05,0
LA_D_7005292,0,0.06967588,0
LA_D_7033700,0,1.4348842e-05,0
LA_D_7040548,0,6.6252374e-05,0
LA_D_7052344,0,2.4799267e-06,0
LA_D_7070733,0,3.2721422e-05,0
LA_D_7075163,0,4.108287e-05,0
LA_D_7109306,0,4.6081448e-05,0
LA_D_7140845,0,3.0433077e-05,0
LA_D_7142519,0,2.855882e-05,0
LA_D_7242493,0,2.7756416e-05,0
LA_D_7257793,0,2.057586e-06,0
LA_D_7290598,0,1.5775655e-05,0
LA_D_7330429,0,0.00014118876,0
LA_D_7331651,0,2.2626344e-05,0
LA_D_7331840,0,1.2585479e-05,0
LA_D_7341748,0,5.659548e-05,0
LA_D_7371288,0,9.654045e-05,0
LA_D_7386707,0,0.0018186702,0
LA_D_7388904,0,3.8261354e-05,0
LA_D_7459795,0,1.2005251e-05,0
LA_D_7490518,0,5.708614e-05,0
LA_D_7524540,0,6.942532e-05,0
LA_D_7525767,0,6.7170145e-06,0
LA_D_7577672,0,4.3112486e-05,0
LA_D_7614671,0,7.648028e-05,0
LA_D_7616530,0,6.72588e-05,0
LA_D_7659919,0,3.7286278e-05,0
LA_D_7711838,0,3.9292267e-05,0
LA_D_7793386,0,1e-06,0
LA_D_7799165,0,3.504935e-05,0
LA_D_7810446,0,1e-06,0
LA_D_7816819,0,2.3724102e-05,0
LA_D_7817225,0,5.5596294e-05,0
LA_D_7869978,0,1.3237054e-05,0
LA_D_7874624,0,8.9888075e-05,0
LA_D_7918926,0,2.1140004e-05,0
LA_D_7924795,0,4.3349704e-05,0
LA_D_7927177,0,1.4137926e-05,0
LA_D_7961571,0,5.320136e-05,0
LA_D_7987497,0,1.735273e-05,0
LA_D_7998353,0,0.00013125852,0
LA_D_7998982,0,0.00013226554,0
LA_D_8048114,0,0.0012407977,0
LA_D_8051820,0,0.0004657171,0
LA_D_8071721,0,5.2759984e-05,0
LA_D_8073134,0,3.7624995e-06,0
LA_D_8129891,0,4.3704855e-05,0
LA_D_8132797,0,5.9052304e-06,0
LA_D_8133274,0,0.00015911629,0
LA_D_8155535,0,0.00012677317,0
LA_D_8211359,0,0.15307577,0
LA_D_8319661,0,2.3078364e-05,0
LA_D_8339653,0,1.0542628e-06,0
LA_D_8373803,0,5.9325077e-05,0
LA_D_8406667,0,1e-06,0
LA_D_8413833,0,0.00068447593,0
LA_D_8414079,0,2.3679007e-05,0
LA_D_8445861,0,4.3750806e-05,0
LA_D_8470324,0,3.9682312e-05,0
LA_D_8488684,0,3.908754e-05,0
LA_D_8557079,0,9.000077e-05,0
LA_D_8563072,0,2.0069507e-05,0
LA_D_8594352,0,1.54673e-05,0
LA_D_8595345,0,2.5963891e-05,0
LA_D_8646222,0,1.35838745e-05,0
LA_D_8647634,0,0.00022254513,0
LA_D_8683889,0,0.0010372115,0
LA_D_8689002,0,1.5404252e-05,0
LA_D_8701513,0,1e-06,0
LA_D_8726210,0,7.763257e-06,0
LA_D_8764096,0,7.2462244e-05,0
LA_D_8800316,0,6.895238e-05,0
LA_D_8878225,0,6.1226536e-05,0
LA_D_8885286,0,1.2974274e-05,0
LA_D_8913665,0,3.407336e-05,0
LA_D_8945802,0,0.0031588944,0
LA_D_8955011,0,0.00032240083,0
LA_D_8961557,0,0.00013414165,0
LA_D_8982866,0,1.8747634e-05,0
LA_D_9013820,0,2.7623591e-05,0
LA_D_9015085,0,5.969412e-05,0
LA_D_9025958,0,2.5104058e-05,0
LA_D_9029869,0,1e-06,0
LA_D_9055002,0,3.9858445e-05,0
LA_D_9076185,0,0.0005001039,0
LA_D_9086164,0,1.5131182e-05,0
LA_D_9089804,0,3.2797772e-05,0
LA_D_9126177,0,6.6781545e-06,0
LA_D_9145182,0,5.7871763e-05,0
LA_D_9149320,0,1.7052307e-05,0
LA_D_9150071,0,5.2051173e-06,0
LA_D_9166383,0,4.4736626e-05,0
LA_D_9203146,0,9.596451e-06,0
LA_D_9217608,0,2.3134951e-05,0
LA_D_9233512,0,7.987764e-06,0
LA_D_9242677,0,3.521902e-05,0
LA_D_9252351,0,2.4089351e-05,0
LA_D_9268935,0,9.5772884e-05,0
LA_D_9276825,0,9.191559e-05,0
LA_D_9286162,0,4.7903148e-05,0
LA_D_9286456,0,1.6778757e-06,0
LA_D_9288104,0,7.4277974e-05,0
LA_D_9332063,0,4.9488342e-05,0
LA_D_9339008,0,2.2765777e-05,0
LA_D_9341531,0,3.4379915e-05,0
LA_D_9388267,0,0.000438567,0
LA_D_9419502,0,0.0014359648,0
LA_D_9430603,0,9.189439e-06,0
LA_D_9440258,0,1.9912852e-05,0
LA_D_9484916,0,5.8864727e-05,0
LA_D_9525366,0,6.151096e-05,0
LA_D_9558727,0,4.219491e-05,0
LA_D_9569310,0,1.5891507e-06,0
LA_D_9597731,0,8.533673e-05,0
LA_D_9609716,0,0.007704868,0
LA_D_9615030,0,3.276126e-05,0
LA_D_9647461,0,1.6256734e-05,0
LA_D_9656082,0,0.007107861,0
LA_D_9658897,0,8.935793e-06,0
LA_D_9673922,0,7.515906e-05,0
LA_D_9676251,0,4.7122343e-05,0
LA_D_9676921,0,8.3530686e-05,0
LA_D_9710399,0,3.52979e-05,0
LA_D_9712023,0,0.00016354297,0
LA_D_9736246,0,1.7690116e-05,0
LA_D_9774465,0,4.587301e-05,0
LA_D_9782692,0,0.00020475489,0
LA_D_9797857,0,4.814762e-05,0
LA_D_9809862,0,9.109084e-05,0
LA_D_9862297,0,9.2871254e-05,0
LA_D_9892964,0,0.0003701351,0
LA_D_9934207,0,3.184753e-05,0
LA_D_9952613,0,1.6475252e-06,0
LA_D_9954280,0,1.2887483e-05,0
LA_D_9959509,0,1.6841948e-05,0
LA_D_9970541,0,3.9585517e-05,0
LA_D_9971861,0,3.3343294e-05,0
LA_D_1018989,0,4.6202364e-05,0
LA_D_1044424,0,8.959028e-05,0
LA_D_1068303,0,8.036288e-05,0
LA_D_1110507,0,4.178655e-05,0
LA_D_1111470,0,0.0020645356,0
LA_D_1124684,0,9.041737e-05,0
LA_D_1188819,0,2.5050946e-05,0
LA_D_1207405,0,2.7568798e-05,0
LA_D_1210739,0,0.020239187,0
LA_D_1264206,0,4.7305235e-05,0
LA_D_1289522,0,3.9616443e-05,0
LA_D_1341428,0,2.6199012e-05,0
LA_D_1378434,0,0.0019895034,0
LA_D_1432159,0,8.171086e-05,0
LA_D_1436694,0,2.5858306e-05,0
LA_D_1479001,0,7.271788e-05,0
LA_D_1489328,0,0.00019372639,0
LA_D_1493620,0,4.4260847e-05,0
LA_D_1522497,0,4.438622e-05,0
LA_D_1529810,0,3.597955e-05,0
LA_D_1640011,0,0.00033655934,0
LA_D_1645158,0,1.9366196e-05,0
LA_D_1711709,0,0.00036874038,0
LA_D_1715178,0,0.00041999307,0
LA_D_1722660,0,5.5271452e-05,0
LA_D_1775441,0,0.0002175436,0
LA_D_1779305,0,0.0001502814,0
LA_D_1806719,0,7.227191e-05,0
LA_D_1808121,0,7.392579e-05,0
LA_D_1821494,0,5.4129214e-05,0
LA_D_1851886,0,1.4701094e-05,0
LA_D_1868115,0,2.1096643e-05,0
LA_D_1937666,0,9.638475e-06,0
LA_D_1944371,0,7.1329036e-05,0
LA_D_1975890,0,5.3311363e-05,0
LA_D_1995273,0,1.6181175e-05,0
LA_D_2011289,0,2.9357947e-05,0
LA_D_2016426,0,6.925036e-05,0
LA_D_2030792,0,5.3422205e-05,0
LA_D_2036605,0,4.9297392e-05,0
LA_D_2053178,0,0.00017494889,0
LA_D_2066670,0,0.000115400544,0
LA_D_2198462,0,6.721142e-05,0
LA_D_2208401,0,3.8575185e-05,0
LA_D_2252345,0,7.699471e-05,0
LA_D_2259315,0,7.8290905e-05,0
LA_D_2333460,0,5.3712454e-05,0
LA_D_2344667,0,1.3486538e-05,0
LA_D_2354143,0,0.00012591972,0
LA_D_2355980,0,7.933298e-05,0
LA_D_2396353,0,7.203415e-06,0
LA_D_2427540,0,0.0013820463,0
LA_D_2432621,0,0.0008964647,0
LA_D_2443104,0,1.9063065e-05,0
LA_D_2457680,0,3.8292383e-05,0
LA_D_2469057,0,0.00021966081,0
LA_D_2480501,0,5.1185943e-05,0
LA_D_2489609,0,2.2609216e-05,0
LA_D_2494829,0,0.0004887899,0
LA_D_2499456,0,4.3497454e-05,0
LA_D_2521605,0,0.00018258704,0
LA_D_2565198,0,5.797826e-05,0
LA_D_2614994,0,0.00025361998,0
LA_D_2645568,0,0.00014538394,0
LA_D_2646597,0,3.877128e-05,0
LA_D_2647309,0,3.7634436e-05,0
LA_D_2653941,0,0.00046783278,0
LA_D_2663401,0,5.7304887e-06,0
LA_D_2665201,0,5.6454417e-05,0
LA_D_2714663,0,5.6739715e-05,0
LA_D_2727786,0,0.00020244055,0
LA_D_2743126,0,4.558102e-05,0
LA_D_2762514,0,4.9677335e-05,0
LA_D_2792786,0,8.6760694e-05,0
LA_D_2814798,0,8.4757674e-05,0
LA_D_2836134,0,5.726033e-05,0
LA_D_2877393,0,4.3146705e-05,0
LA_D_2917649,0,0.0002406888,0
LA_D_2923077,0,3.9701616e-05,0
LA_D_2978760,0,5.9269274e-05,0
LA_D_3010628,0,0.000106897656,0
LA_D_3029315,0,0.00017575061,0
LA_D_3089796,0,8.470031e-05,0
LA_D_3134827,0,9.746294e-05,0
LA_D_3170088,0,1.20613895e-05,0
LA_D_3236332,0,0.00016128107,0
LA_D_3241576,0,0.0011194256,0
LA_D_3266332,0,3.3680615e-05,0
LA_D_3266852,0,0.00010447183,0
LA_D_3332120,0,3.2810472e-05,0
LA_D_3333209,0,0.00048533134,0
LA_D_3334894,0,0.00015807647,0
LA_D_3359485,0,2.3692492e-05,0
LA_D_3393482,0,4.3240412e-05,0
LA_D_3491832,0,0.0006622097,0
LA_D_3493006,0,5.3480926e-05,0
LA_D_3508284,0,0.00016945065,0
LA_D_3511562,0,4.493249e-05,0
LA_D_3525678,0,4.5737772e-05,0
LA_D_3538092,0,4.439113e-05,0
LA_D_3636204,0,4.6323952e-05,0
LA_D_3639509,0,4.3008346e-05,0
LA_D_3642417,0,0.00021061557,0
LA_D_3643347,0,8.289888e-05,0
LA_D_3654109,0,0.00010424612,0
LA_D_3680571,0,7.75057e-06,0
LA_D_3685552,0,1.9254176e-05,0
LA_D_3695332,0,0.0002490197,0
LA_D_3698680,0,0.00047503083,0
LA_D_3728940,0,0.00012891526,0
LA_D_3756322,0,0.00034262074,0
LA_D_3766063,0,0.5793349,1
LA_D_3781277,0,6.5296736e-05,0
LA_D_3825503,0,7.225089e-05,0
LA_D_3827475,0,8.209904e-05,0
LA_D_3845207,0,0.0016078041,0
LA_D_3897228,0,4.006988e-05,0
LA_D_3948770,0,5.7059362e-05,0
LA_D_4022606,0,5.000395e-05,0
LA_D_4028815,0,5.9890615e-05,0
LA_D_4060882,0,3.2711687e-05,0
LA_D_4084655,0,7.981156e-05,0
LA_D_4085231,0,0.0003950465,0
LA_D_4089310,0,3.1444466e-05,0
LA_D_4093381,0,0.00018474316,0
LA_D_4113064,0,0.0004214586,0
LA_D_4171413,0,0.00020388466,0
LA_D_4171795,0,9.68559e-05,0
LA_D_4223162,0,3.463065e-05,0
LA_D_4282301,0,3.1960863e-05,0
LA_D_4285397,0,5.3051397e-05,0
LA_D_4291834,0,4.223287e-05,0
LA_D_4308648,0,4.146126e-05,0
LA_D_4309087,0,8.2970844e-05,0
LA_D_4372209,0,4.966251e-05,0
LA_D_4378183,0,8.465235e-05,0
LA_D_4406190,0,4.3275315e-05,0
LA_D_4455555,0,0.00017480865,0
LA_D_4505480,0,3.8782222e-05,0
LA_D_4581987,0,2.5594078e-05,0
LA_D_4649942,0,0.00011694388,0
LA_D_4671558,0,1e-06,0
LA_D_4698413,0,6.5101136e-05,0
LA_D_4730271,0,8.6347674e-05,0
LA_D_4757229,0,6.21909e-05,0
LA_D_4787051,0,3.3671015e-05,0
LA_D_4787055,0,6.217358e-05,0
LA_D_4812524,0,4.4663648e-05,0
LA_D_4823858,0,9.2168186e-05,0
LA_D_4860185,0,1.1577382e-05,0
LA_D_4864983,0,3.67606e-05,0
LA_D_4916193,0,0.00047562574,0
LA_D_4923143,0,0.00015966054,0
LA_D_4959806,0,4.9586415e-05,0
LA_D_5019442,0,0.00085524115,0
LA_D_5027960,0,0.00025116332,0
LA_D_5066973,0,4.039287e-06,0
LA_D_5107660,0,2.9806353e-05,0
LA_D_5110235,0,7.4623524e-05,0
LA_D_5141698,0,5.6769968e-05,0
LA_D_5283334,0,8.026876e-05,0
LA_D_5291860,0,0.00010008673,0
LA_D_5313304,0,2.964419e-06,0
LA_D_5407460,0,0.001541805,0
LA_D_5420446,0,1.0793086e-05,0
LA_D_5427380,0,4.238239e-05,0
LA_D_5432426,0,4.675976e-05,0
LA_D_5515247,0,5.8571823e-05,0
LA_D_5526345,0,0.000109278255,0
LA_D_5574411,0,5.611883e-05,0
LA_D_5590639,0,4.930195e-05,0
LA_D_5638088,0,0.0003058509,0
LA_D_5759255,0,3.468876e-05,0
LA_D_5786989,0,1.3011061e-05,0
LA_D_5788668,0,3.7366084e-05,0
LA_D_5882139,0,0.42417634,0
LA_D_5898710,0,1.0179749e-05,0
LA_D_5901516,0,6.4051446e-06,0
LA_D_5903063,0,1.57533e-05,0
LA_D_5904033,0,3.6849717e-05,0
LA_D_5904172,0,6.901211e-05,0
LA_D_6010254,0,4.506333e-05,0
LA_D_6115355,0,1.3824129e-05,0
LA_D_6230991,0,2.9575955e-05,0
LA_D_6273111,0,7.253476e-05,0
LA_D_6274861,0,4.4175416e-05,0
LA_D_6336805,0,4.561933e-05,0
LA_D_6380361,0,5.1427498e-05,0
LA_D_6380923,0,3.953387e-05,0
LA_D_6381837,0,0.00019414761,0
LA_D_6421649,0,3.707715e-05,0
LA_D_6435177,0,2.199943e-05,0
LA_D_6438125,0,5.7013836e-05,0
LA_D_6473899,0,5.9460283e-05,0
LA_D_6490991,0,0.0001437466,0
LA_D_6497345,0,3.502195e-05,0
LA_D_6508716,0,4.0800118e-05,0
LA_D_6509443,0,5.6825047e-05,0
LA_D_6528197,0,6.2428095e-05,0
LA_D_6538501,0,0.00038474402,0
LA_D_6580685,0,2.6918271e-05,0
LA_D_6606504,0,3.4471246e-05,0
LA_D_6649541,0,5.314365e-05,0
LA_D_6690758,0,7.507153e-05,0
LA_D_6707846,0,0.0003151381,0
LA_D_6707973,0,5.2431962e-05,0
LA_D_6778062,0,3.9675466e-05,0
LA_D_6799297,0,0.0002167717,0
LA_D_6854523,0,5.7693782e-05,0
LA_D_6871963,0,0.41504848,0
LA_D_6962689,0,2.82787e-05,0
LA_D_7021292,0,0.00021866907,0
LA_D_7037144,0,6.636771e-05,0
LA_D_7082349,0,1.4386139e-05,0
LA_D_7135152,0,2.8424187e-05,0
LA_D_7292869,0,1.7569586e-05,0
LA_D_7300087,0,1.470905e-06,0
LA_D_7354290,0,2.7470735e-06,0
LA_D_7374412,0,0.00016011577,0
LA_D_7400626,0,5.1535506e-05,0
LA_D_7403792,0,7.8091296e-05,0
LA_D_7471738,0,7.556835e-05,0
LA_D_7490132,0,5.2244948e-05,0
LA_D_7524335,0,1.2268094e-05,0
LA_D_7538248,0,0.00019316583,0
LA_D_7587951,0,0.0050769504,0
LA_D_7590234,0,6.690376e-05,0
LA_D_7647800,0,4.244359e-05,0
LA_D_7648007,0,1.7665316e-05,0
LA_D_7660396,0,0.0010564156,0
LA_D_7668901,0,0.00039538462,0
LA_D_7744555,0,3.2104563e-05,0
LA_D_7823439,0,4.748521e-05,0
LA_D_7841141,0,5.772058e-05,0
LA_D_7890526,0,3.4540084e-05,0
LA_D_7922639,0,2.08179e-05,0
LA_D_7985661,0,5.260485e-06,0
LA_D_7990644,0,3.326279e-05,0
LA_D_8027706,0,0.0006182607,0
LA_D_8046996,0,8.283305e-05,0
LA_D_8060886,0,7.2768876e-06,0
LA_D_8095272,0,2.356066e-05,0
LA_D_8102632,0,2.1609223e-05,0
LA_D_8122936,0,8.788533e-05,0
LA_D_8258555,0,5.9918257e-05,0
LA_D_8307917,0,4.7795187e-05,0
LA_D_8329853,0,2.1430676e-05,0
LA_D_8340705,0,7.341499e-05,0
LA_D_8434545,0,5.8863327e-05,0
LA_D_8477754,0,4.772031e-05,0
LA_D_8503739,0,3.6675618e-05,0
LA_D_8515989,0,7.453995e-05,0
LA_D_8521793,0,3.904414e-05,0
LA_D_8525874,0,4.0139414e-05,0
LA_D_8533211,0,2.7785441e-05,0
LA_D_8565273,0,1.3799043e-06,0
LA_D_8567434,0,9.147454e-05,0
LA_D_8589204,0,7.141234e-05,0
LA_D_8608774,0,0.00015959918,0
LA_D_8733390,0,0.00012165551,0
LA_D_8738468,0,0.00017118212,0
LA_D_8742856,0,7.1167124e-05,0
LA_D_8748450,0,7.120276e-05,0
LA_D_8756730,0,0.00014080868,0
LA_D_8768570,0,0.0001266009,0
LA_D_8782183,0,0.00010109388,0
LA_D_8790225,0,1e-06,0
LA_D_8798169,0,4.7994738e-05,0
LA_D_8814125,0,5.368255e-05,0
LA_D_8842776,0,0.0015534408,0
LA_D_8868698,0,2.0502e-05,0
LA_D_8894851,0,9.76959e-06,0
LA_D_8986738,0,5.827254e-05,0
LA_D_9036232,0,0.00013743469,0
LA_D_9093353,0,0.00025143285,0
LA_D_9107779,0,4.1502433e-05,0
LA_D_9119393,0,9.814882e-06,0
LA_D_9133378,0,0.00023808317,0
LA_D_9140684,0,1.9341463e-05,0
LA_D_9180019,0,8.76953e-05,0
LA_D_9189909,0,4.686346e-05,0
LA_D_9211377,0,8.351468e-05,0
LA_D_9240146,0,6.974848e-05,0
LA_D_9269970,0,4.0521478e-05,0
LA_D_9322007,0,5.3116546e-05,0
LA_D_9323786,0,7.382688e-05,0
LA_D_9334159,0,5.9572485e-05,0
LA_D_9341217,0,0.0021748813,0
LA_D_9386265,0,5.8055495e-05,0
LA_D_9412135,0,0.00017546696,0
LA_D_9418757,0,0.0009368918,0
LA_D_9472560,0,9.916777e-06,0
LA_D_9500820,0,8.755041e-05,0
LA_D_9510776,0,6.647957e-05,0
LA_D_9528251,0,2.5437497e-05,0
LA_D_9599816,0,4.7836907e-05,0
LA_D_9599870,0,6.634202e-05,0
LA_D_9604366,0,2.3337756e-05,0
LA_D_9623259,0,0.00030502508,0
LA_D_9755509,0,5.5683468e-05,0
LA_D_9765488,0,0.000106475454,0
LA_D_9834594,0,1.6824386e-05,0
LA_D_9915578,0,5.6458775e-05,0
LA_D_9915799,0,0.00036420513,0
LA_D_9915811,0,1e-06,0
LA_D_9917533,0,4.9186237e-05,0
LA_D_9949605,0,0.0005941132,0
LA_D_9999690,0,5.5810524e-05,0
LA_D_1041845,0,3.763408e-05,0
LA_D_1094871,0,3.908538e-05,0
LA_D_1108281,0,2.7099239e-05,0
LA_D_1135743,0,8.6460714e-05,0
LA_D_1136030,0,0.001143161,0
LA_D_1139572,0,4.8379494e-05,0
LA_D_1181772,0,9.145875e-05,0
LA_D_1274657,0,0.0005082718,0
LA_D_1299938,0,0.0007269907,0
LA_D_1348104,0,6.8820074e-05,0
LA_D_1373736,0,2.3265136e-05,0
LA_D_1435647,0,4.5171837e-05,0
LA_D_1447238,0,4.7020945e-05,0
LA_D_1452937,0,0.10994542,0
LA_D_1461752,0,7.528409e-05,0
LA_D_1495117,0,1.8471672e-05,0
LA_D_1561479,0,0.00097363046,0
LA_D_1568497,0,6.9302473e-06,0
LA_D_1596158,0,8.472601e-05,0
LA_D_1728920,0,7.144858e-05,0
LA_D_1844563,0,0.00018547705,0
LA_D_1853446,0,0.00015432452,0
LA_D_1864294,0,1e-06,0
LA_D_1925587,0,4.261474e-05,0
LA_D_1948572,0,9.258157e-06,0
LA_D_1955179,0,9.529129e-06,0
LA_D_1968679,0,0.0001625404,0
LA_D_1972557,0,0.00021996826,0
LA_D_1995660,0,3.6002235e-05,0
LA_D_2010812,0,3.8218106e-05,0
LA_D_2067864,0,1.5398098e-05,0
LA_D_2140627,0,3.3453657e-06,0
LA_D_2161419,0,1.34340735e-05,0
LA_D_2189504,0,0.00012642972,0
LA_D_2207720,0,0.001025955,0
LA_D_2243154,0,0.00019017581,0
LA_D_2251423,0,0.0006596228,0
LA_D_2319450,0,0.0013099463,0
LA_D_2321124,0,6.391063e-05,0
LA_D_2343950,0,1e-06,0
LA_D_2365482,0,0.00022327217,0
LA_D_2367854,0,6.0131766e-05,0
LA_D_2401656,0,0.0004321274,0
LA_D_2405181,0,5.587453e-05,0
LA_D_2425412,0,0.00018723923,0
LA_D_2425446,0,0.00021239911,0
LA_D_2439299,0,6.451169e-05,0
LA_D_2456990,0,6.769068e-05,0
LA_D_2460221,0,4.6940746e-05,0
LA_D_2485107,0,0.0018271994,0
LA_D_2565263,0,4.0943123e-05,0
LA_D_2595652,0,4.9654034e-05,0
LA_D_2669080,0,8.364355e-05,0
LA_D_2693786,0,0.0024829465,0
LA_D_2718507,0,4.5051558e-05,0
LA_D_2768110,0,4.862463e-05,0
LA_D_2815461,0,4.929998e-05,0
LA_D_2854358,0,0.00027815026,0
LA_D_2970295,0,1.8305043e-05,0
LA_D_2977725,0,7.828538e-05,0
LA_D_2977895,0,3.9208535e-05,0
LA_D_2986975,0,0.0004989031,0
LA_D_3004811,0,3.9475475e-05,0
LA_D_3049992,0,7.4444247e-06,0
LA_D_3056214,0,0.00016087145,0
LA_D_3080340,0,2.4577837e-05,0
LA_D_3100634,0,1e-06,0
LA_D_3114167,0,0.00013004881,0
LA_D_3124864,0,0.0016670767,0
LA_D_3128163,0,0.0001840048,0
LA_D_3129833,0,5.2165888e-05,0
LA_D_3171725,0,5.0758677e-05,0
LA_D_3248547,0,0.0001044302,0
LA_D_3250607,0,3.5808913e-05,0
LA_D_3263334,0,3.2907396e-05,0
LA_D_3334928,0,6.3771644e-05,0
LA_D_3374782,0,1.7801623e-05,0
LA_D_3412736,0,0.00043904514,0
LA_D_3418220,0,3.739068e-05,0
LA_D_3425507,0,0.00012751514,0
LA_D_3490654,0,3.746049e-05,0
LA_D_3496241,0,0.00016199343,0
LA_D_3507662,0,2.2811979e-05,0
LA_D_3549897,0,7.101507e-05,0
LA_D_3571681,0,5.2382333e-05,0
LA_D_3577998,0,8.98897e-05,0
LA_D_3581277,0,0.000994207,0
LA_D_3605726,0,5.4713317e-05,0
LA_D_3637154,0,6.022657e-05,0
LA_D_3685390,0,0.00025027743,0
LA_D_3741474,0,0.00018992284,0
LA_D_3749655,0,0.00010771183,0
LA_D_3777012,0,1e-06,0
LA_D_3820104,0,7.2758245e-05,0
LA_D_3825048,0,0.0001742937,0
LA_D_3890187,0,3.6071313e-05,0
LA_D_3905848,0,3.3291162e-05,0
LA_D_3929323,0,6.300073e-05,0
LA_D_4002788,0,9.854024e-05,0
LA_D_4019274,0,0.011122232,0
LA_D_4025786,0,0.0002520526,0
LA_D_4027137,0,0.00011706526,0
LA_D_4033240,0,3.5816698e-05,0
LA_D_4163700,0,4.9754803e-05,0
LA_D_4171941,0,5.427027e-05,0
LA_D_4172288,0,1.7058763e-05,0
LA_D_4190797,0,3.6541558e-05,0
LA_D_4202629,0,0.10911897,0
LA_D_4296133,0,0.00044366653,0
LA_D_4340193,0,4.8015612e-05,0
LA_D_4355155,0,5.499983e-05,0
LA_D_4398399,0,2.4834015e-05,0
LA_D_4399191,0,1.7341232e-06,0
LA_D_4436213,0,1.9431964e-05,0
LA_D_4476408,0,0.00010266544,0
LA_D_4499351,0,6.364928e-05,0
LA_D_4550388,0,1.038591e-05,0
LA_D_4558500,0,0.00047924605,0
LA_D_4567671,0,8.9424684e-05,0
LA_D_4585137,0,0.00017181727,0
LA_D_4629056,0,1.8686982e-05,0
LA_D_4631033,0,6.941009e-05,0
LA_D_4649265,0,4.5107223e-05,0
LA_D_4718173,0,2.1542e-06,0
LA_D_4737822,0,0.00011015436,0
LA_D_4741663,0,0.00026542734,0
LA_D_4770781,0,4.899907e-05,0
LA_D_4802475,0,8.78617e-05,0
LA_D_4851492,0,4.6074463e-05,0
LA_D_4923977,0,7.978264e-05,0
LA_D_5008093,0,6.790798e-05,0
LA_D_5017002,0,6.3690914e-06,0
LA_D_5092272,0,0.0011324234,0
LA_D_5100813,0,0.00013063545,0
LA_D_5128111,0,0.00017900014,0
LA_D_5157517,0,0.00011198812,0
LA_D_5169731,0,3.0752374e-06,0
LA_D_5208898,0,4.184397e-05,0
LA_D_5233431,0,7.922759e-05,0
LA_D_5242419,0,4.419147e-05,0
LA_D_5243479,0,4.669501e-05,0
LA_D_5264996,0,8.161757e-05,0
LA_D_5306960,0,7.591649e-05,0
LA_D_5310517,0,3.982789e-05,0
LA_D_5359798,0,0.0027507297,0
LA_D_5383844,0,0.0002663204,0
LA_D_5431286,0,1e-06,0
LA_D_5456536,0,0.00011393905,0
LA_D_5523423,0,7.87499e-05,0
LA_D_5567412,0,2.3458115e-05,0
LA_D_5572324,0,7.7354656e-05,0
LA_D_5586813,0,4.597251e-05,0
LA_D_5630768,0,0.0007172689,0
LA_D_5639347,0,0.00032216366,0
LA_D_5724957,0,5.6763365e-06,0
LA_D_5726814,0,6.7669725e-06,0
LA_D_5802664,0,8.952392e-05,0
LA_D_5839621,0,0.00044938351,0
LA_D_5940824,0,9.85036e-05,0
LA_D_6024993,0,1e-06,0
LA_D_6091182,0,3.6345686e-05,0
LA_D_6138007,0,0.00019092146,0
LA_D_6168688,0,7.705795e-05,0
LA_D_6184612,0,2.4816567e-05,0
LA_D_6197862,0,0.0012680806,0
LA_D_6208799,0,8.4298794e-05,0
LA_D_6278890,0,0.0001380303,0
LA_D_6282556,0,8.069685e-05,0
LA_D_6295904,0,5.2729e-05,0
LA_D_6298541,0,1.3508701e-05,0
LA_D_6309997,0,4.3992797e-05,0
LA_D_6316498,0,7.624405e-05,0
LA_D_6319262,0,8.099643e-06,0
LA_D_6374273,0,7.584341e-05,0
LA_D_6379116,0,0.00037144884,0
LA_D_6383761,0,3.120459e-05,0
LA_D_6427369,0,2.8847324e-05,0
LA_D_6430063,0,1.2174248e-06,0
LA_D_6514590,0,1.7087372e-05,0
LA_D_6525234,0,6.716176e-05,0
LA_D_6530169,0,3.2690234e-05,0
LA_D_6537903,0,0.00016160158,0
LA_D_6556306,0,0.00037847948,0
LA_D_6609619,0,0.00022898475,0
LA_D_6675849,0,6.995577e-05,0
LA_D_6719368,0,0.00030744658,0
LA_D_6747363,0,2.9016173e-06,0
LA_D_6863957,0,0.0009916981,0
LA_D_6920891,0,0.00014553858,0
LA_D_6960999,0,0.000102219215,0
LA_D_6975465,0,0.00014265816,0
LA_D_7015832,0,4.4803444e-05,0
LA_D_7016609,0,0.00010786385,0
LA_D_7024538,0,1.817285e-05,0
LA_D_7041179,0,2.8391541e-05,0
LA_D_7092752,0,9.9045945e-05,0
LA_D_7196231,0,0.00022085954,0
LA_D_7207516,0,5.626325e-05,0
LA_D_7210071,0,0.0002743385,0
LA_D_7241809,0,0.00039878767,0
LA_D_7261761,0,7.915715e-06,0
LA_D_7296201,0,0.00011122983,0
LA_D_7382692,0,0.0001075746,0
LA_D_7395153,0,0.0005545732,0
LA_D_7401919,0,0.00017204022,0
LA_D_7440389,0,5.4267217e-05,0
LA_D_7449021,0,0.00073022913,0
LA_D_7466992,0,0.00038748962,0
LA_D_7468306,0,0.0009709755,0
LA_D_7473607,0,3.846051e-05,0
LA_D_7491886,0,3.2055064e-05,0
LA_D_7503562,0,5.863386e-05,0
LA_D_7503637,0,4.9809398e-05,0
LA_D_7560677,0,0.00035481722,0
LA_D_7568962,0,6.544192e-05,0
LA_D_7595937,0,2.4178167e-05,0
LA_D_7655377,0,4.8476384e-05,0
LA_D_7659121,0,0.00015799736,0
LA_D_7707569,0,2.169957e-05,0
LA_D_7743189,0,7.765724e-05,0
LA_D_7753669,0,0.0073663658,0
LA_D_7759688,0,9.953697e-05,0
LA_D_7792652,0,5.4526532e-05,0
LA_D_7883460,0,9.293062e-06,0
LA_D_7891516,0,0.000774289,0
LA_D_7938162,0,0.00042105917,0
LA_D_7954147,0,8.2035884e-05,0
LA_D_7999736,0,0.00022193315,0
LA_D_8003757,0,0.00018691296,0
LA_D_8076373,0,0.00010404721,0
LA_D_8076419,0,7.093264e-05,0
LA_D_8122140,0,9.478103e-05,0
LA_D_8145979,0,7.61143e-05,0
LA_D_8167480,0,4.4582503e-05,0
LA_D_8187236,0,5.8174646e-05,0
LA_D_8224626,0,5.2920128e-05,0
LA_D_8250257,0,3.5689896e-05,0
LA_D_8314649,0,0.00063861755,0
LA_D_8322084,0,2.8652497e-05,0
LA_D_8333263,0,4.95598e-05,0
LA_D_8335993,0,0.4440151,0
LA_D_8355933,0,6.234849e-05,0
LA_D_8358881,0,0.0029046957,0
LA_D_8367897,0,0.0003098406,0
LA_D_8418326,0,0.00019387642,0
LA_D_8437828,0,5.923254e-05,0
LA_D_8453487,0,3.7730028e-05,0
LA_D_8464223,0,2.4701926e-06,0
LA_D_8540229,0,9.9242125e-06,0
LA_D_8544570,0,2.4722058e-05,0
LA_D_8549945,0,6.7354624e-05,0
LA_D_8565833,0,8.281606e-05,0
LA_D_8594594,0,4.6172503e-05,0
LA_D_8607094,0,7.2218772e-06,0
LA_D_8653096,0,2.7301567e-05,0
LA_D_8663831,0,4.273663e-05,0
LA_D_8724597,0,4.3932174e-05,0
LA_D_8736114,0,2.4839794e-05,0
LA_D_8770826,0,7.890075e-06,0
LA_D_8808516,0,9.013329e-05,0
LA_D_8820413,0,3.6430734e-05,0
LA_D_8871382,0,3.2528773e-05,0
LA_D_8986682,0,3.162279e-05,0
LA_D_8987674,0,5.693755e-05,0
LA_D_8987827,0,1e-06,0
LA_D_9020589,0,4.1014675e-05,0
LA_D_9043636,0,0.00025826483,0
LA_D_9066739,0,0.00019570511,0
LA_D_9071072,0,9.1573165e-05,0
LA_D_9082501,0,2.6321117e-05,0
LA_D_9098847,0,0.00085316197,0
LA_D_9107569,0,4.6337915e-05,0
LA_D_9121718,0,4.218023e-05,0
LA_D_9148057,0,6.7523375e-05,0
LA_D_9165454,0,1.1151919e-05,0
LA_D_9210275,0,6.91519e-05,0
LA_D_9244478,0,2.2095262e-05,0
LA_D_9298211,0,5.927125e-05,0
LA_D_9318857,0,6.274609e-05,0
LA_D_9319228,0,0.00016476856,0
LA_D_9323962,0,0.0016450116,0
LA_D_9352302,0,4.0806342e-05,0
LA_D_9374690,0,0.00023922064,0
LA_D_9430536,0,7.7788056e-05,0
LA_D_9456791,0,1.1775746e-05,0
LA_D_9465062,0,4.2242376e-05,0
LA_D_9516537,0,6.773471e-05,0
LA_D_9523755,0,3.9347877e-05,0
LA_D_9606397,0,1.8677254e-05,0
LA_D_9616032,0,1.4212872e-05,0
LA_D_9620140,0,3.4247452e-05,0
LA_D_9626571,0,1.5192952e-05,0
LA_D_9648082,0,7.1641385e-05,0
LA_D_9672244,0,6.2473235e-05,0
LA_D_9697323,0,4.595866e-05,0
LA_D_9699768,0,6.7266235e-05,0
LA_D_9701451,0,4.0107003e-05,0
LA_D_9708860,0,1.2015078e-05,0
LA_D_9735662,0,0.019297557,0
LA_D_9755271,0,9.537044e-05,0
LA_D_9809223,0,7.224187e-05,0
LA_D_9836225,0,0.00017222439,0
LA_D_9873135,0,0.0026117782,0
LA_D_9925424,0,2.0718044e-05,0
LA_D_9948190,0,0.008973653,0
LA_D_9948386,0,1.8397903e-05,0
LA_D_9961107,0,0.15824373,0
LA_D_9977363,0,0.00020905904,0
LA_D_1006586,0,2.8475439e-05,0
LA_D_1032757,0,3.367959e-05,0
LA_D_1057680,0,3.251072e-05,0
LA_D_1094179,0,2.3149958e-05,0
LA_D_1132076,0,5.8009562e-05,0
LA_D_1179000,0,1.1976366e-05,0
LA_D_1218618,0,2.4399998e-05,0
LA_D_1235211,0,2.5888852e-05,0
LA_D_1261551,0,2.0930859e-06,0
LA_D_1272181,0,7.487493e-05,0
LA_D_1279220,0,1.4715881e-06,0
LA_D_1281123,0,3.650833e-05,0
LA_D_1286897,0,7.272925e-05,0
LA_D_1292315,0,7.4912925e-05,0
LA_D_1292895,0,0.00015663606,0
LA_D_1294054,0,7.193495e-06,0
LA_D_1317561,0,1.2660695e-05,0
LA_D_1364216,0,1.2015236e-06,0
LA_D_1477768,0,5.2318188e-05,0
LA_D_1479514,0,1e-06,0
LA_D_1488756,0,2.1275042e-05,0
LA_D_1506183,0,5.6578592e-05,0
LA_D_1509923,0,3.1916577e-05,0
LA_D_1523689,0,2.1018006e-05,0
LA_D_1531184,0,3.6329533e-05,0
LA_D_1544533,0,5.742628e-06,0
LA_D_1583428,0,3.061974e-05,0
LA_D_1600216,0,3.0177081e-05,0
LA_D_1624895,0,3.0368714e-05,0
LA_D_1662448,0,2.3293751e-05,0
LA_D_1693970,0,1.4615556e-05,0
LA_D_1694092,0,7.1105125e-05,0
LA_D_1725588,0,0.00044311813,0
LA_D_1757843,0,1.2421609e-05,0
LA_D_1758957,0,1.1015744e-05,0
LA_D_1764251,0,2.7491375e-05,0
LA_D_1794906,0,7.90973e-05,0
LA_D_1802495,0,4.1762127e-05,0
LA_D_1863279,0,3.2163276e-05,0
LA_D_1871635,0,0.00017557842,0
LA_D_1896433,0,3.9030478e-05,0
LA_D_1916885,0,1.2563571e-05,0
LA_D_1943421,0,1e-06,0
LA_D_1944808,0,6.184834e-05,0
LA_D_1954043,0,4.405913e-06,0
LA_D_1962374,0,1e-06,0
LA_D_1962948,0,6.4677542e-06,0
LA_D_1974894,0,2.8183285e-05,0
LA_D_2020279,0,5.003566e-06,0
LA_D_2021379,0,6.4520573e-06,0
LA_D_2021657,0,0.0005069973,0
LA_D_2025064,0,2.922496e-06,0
LA_D_2031125,0,2.0926203e-05,0
LA_D_2046924,0,1e-06,0
LA_D_2082270,0,5.506301e-05,0
LA_D_2111881,0,1.3701333e-05,0
LA_D_2112026,0,1.3263818e-06,0
LA_D_2128991,0,3.8189904e-05,0
LA_D_2135991,0,2.903248e-05,0
LA_D_2138850,0,1.7266541e-06,0
LA_D_2162549,0,4.669058e-06,0
LA_D_2202228,0,1e-06,0
LA_D_2289504,0,2.2103188e-05,0
LA_D_2289949,0,1.2745835e-05,0
LA_D_2309660,0,1e-06,0
LA_D_2328159,0,3.6004483e-06,0
LA_D_2371366,0,3.989419e-05,0
LA_D_2403365,0,2.542765e-05,0
LA_D_2419210,0,5.3113536e-06,0
LA_D_2423406,0,1e-06,0
LA_D_2460108,0,2.085482e-05,0
LA_D_2473905,0,1.9957267e-06,0
LA_D_2478413,0,2.8700151e-06,0
LA_D_2488691,0,1.3938014e-05,0
LA_D_2523108,0,2.951623e-06,0
LA_D_2525577,0,1.8079678e-05,0
LA_D_2558912,0,8.731893e-06,0
LA_D_2646681,0,1.0297988e-06,0
LA_D_2648396,0,3.121602e-05,0
LA_D_2665880,0,3.0240313e-05,0
LA_D_2683285,0,6.7055975e-05,0
LA_D_2715685,0,4.1474937e-05,0
LA_D_2723301,0,5.2937685e-05,0
LA_D_2749481,0,1e-06,0
LA_D_2762693,0,7.921966e-05,0
LA_D_2784153,0,1e-06,0
LA_D_2835573,0,7.089402e-05,0
LA_D_2877032,0,6.3033176e-06,0
LA_D_2878270,0,6.1993596e-06,0
LA_D_2889881,0,1e-06,0
LA_D_2915994,0,7.648159e-05,0
LA_D_2934273,0,0.00014034488,0
LA_D_2939086,0,3.4258157e-06,0
LA_D_2968040,0,4.8924157e-06,0
LA_D_2993864,0,2.371607e-05,0
LA_D_3048577,0,1.38197665e-05,0
LA_D_3067742,0,0.023141956,0
LA_D_3072540,0,4.983529e-05,0
LA_D_3079418,0,1.0837013e-05,0
LA_D_3083417,0,9.261768e-06,0
LA_D_3084091,0,0.0018502595,0
LA_D_3114677,0,6.1816368e-06,0
LA_D_3151881,0,1.1603782e-06,0
LA_D_3169361,0,6.334501e-05,0
LA_D_3203561,0,1.0919499e-05,0
LA_D_3233282,0,4.558093e-05,0
LA_D_3276030,0,1.2672375e-05,0
LA_D_3276721,0,1.4288527e-06,0
LA_D_3292062,0,2.1240052e-05,0
LA_D_3298952,0,1.4150575e-06,0
LA_D_3313241,0,1.3485666e-06,0
LA_D_3318711,0,1e-06,0
LA_D_3320713,0,1.5835705e-05,0
LA_D_3321986,0,6.440438e-06,0
LA_D_3342664,0,9.896342e-06,0
LA_D_3353739,0,4.6583928e-06,0
LA_D_3376676,0,2.4639961e-05,0
LA_D_3379278,0,1e-06,0
LA_D_3449675,0,0.00013800252,0
LA_D_3451581,0,1.0033901e-05,0
LA_D_3461825,0,1e-06,0
LA_D_3474604,0,0.00026257482,0
LA_D_3496658,0,0.00017582804,0
LA_D_3512316,0,2.2468796e-05,0
LA_D_3527270,0,0.00027312312,0
LA_D_3554660,0,6.0921935e-05,0
LA_D_3565165,0,1e-06,0
LA_D_3591261,0,1.9659405e-05,0
LA_D_3591679,0,2.1390475e-05,0
LA_D_3653770,0,4.3222397e-05,0
LA_D_3707801,0,3.95729e-06,0
LA_D_3710720,0,1.3568054e-05,0
LA_D_3727464,0,3.845145e-05,0
LA_D_3746754,0,1.0956966e-06,0
LA_D_3753443,0,3.2526325e-05,0
LA_D_3771019,0,1.4172591e-05,0
LA_D_3815884,0,2.8870056e-05,0
LA_D_3820911,0,1.1069854e-05,0
LA_D_3852849,0,2.2089744e-05,0
LA_D_3890727,0,3.4605466e-05,0
LA_D_3914684,0,1.7198831e-06,0
LA_D_3939937,0,0.000523476,0
LA_D_3983910,0,4.5359397e-05,0
LA_D_4008273,0,1.4620072e-05,0
LA_D_4082852,0,4.6541903e-05,0
LA_D_4085392,0,2.773932e-05,0
LA_D_4094129,0,1e-06,0
LA_D_4182338,0,1.4948542e-05,0
LA_D_4199363,0,6.278931e-05,0
LA_D_4231672,0,1.0442684e-06,0
LA_D_4240572,0,2.6962487e-06,0
LA_D_4297667,0,1e-06,0
LA_D_4322439,0,2.5985317e-05,0
LA_D_4335525,0,3.0172992e-06,0
LA_D_4339462,0,9.013524e-06,0
LA_D_4382584,0,4.1917498e-05,0
LA_D_4389304,0,1.9776708e-06,0
LA_D_4395658,0,1e-06,0
LA_D_4401526,0,2.484716e-05,0
LA_D_4407498,0,1.000076e-06,0
LA_D_4437954,0,2.790895e-06,0
LA_D_4485320,0,6.3912817e-06,0
LA_D_4488718,0,1e-06,0
LA_D_4540134,0,1.5603424e-05,0
LA_D_4544796,0,6.9365424e-06,0
LA_D_4592786,0,2.3356895e-06,0
LA_D_4608336,0,4.85971e-05,0
LA_D_4629979,0,9.703015e-05,0
LA_D_4678659,0,1e-06,0
LA_D_4703894,0,2.833123e-05,0
LA_D_4716316,0,3.2135344e-05,0
LA_D_4722555,0,8.151155e-05,0
LA_D_4732747,0,3.3309832e-05,0
LA_D_4753739,0,4.7172207e-06,0
LA_D_4769081,0,3.026677e-05,0
LA_D_4865380,0,4.3379805e-05,0
LA_D_4908581,0,6.3738366e-06,0
LA_D_4938185,0,1e-06,0
LA_D_4938987,0,4.6822715e-05,0
LA_D_4979666,0,4.4154778e-05,0
LA_D_4981603,0,2.2817181e-05,0
LA_D_4982133,0,3.9616596e-05,0
LA_D_5018866,0,3.698082e-05,0
LA_D_5053631,0,2.2549223e-06,0
LA_D_5067930,0,3.391471e-05,0
LA_D_5086729,0,7.4316213e-06,0
LA_D_5090608,0,7.2111684e-06,0
LA_D_5098281,0,1.9363739e-05,0
LA_D_5101551,0,4.4949675e-06,0
LA_D_5103356,0,1.4882286e-05,0
LA_D_5107192,0,1.9487807e-05,0
LA_D_5111401,0,1.1196858e-05,0
LA_D_5139863,0,2.1674072e-05,0
LA_D_5142081,0,1.0586214e-06,0
LA_D_5152377,0,2.1733225e-05,0
LA_D_5165259,0,9.936164e-06,0
LA_D_5172398,0,2.6642758e-05,0
LA_D_5176173,0,1e-06,0
LA_D_5241214,0,0.000115207906,0
LA_D_5267572,0,3.7900747e-05,0
LA_D_5274812,0,2.3206105e-05,0
LA_D_5286510,0,1.309179e-05,0
LA_D_5295577,0,5.2052732e-05,0
LA_D_5296519,0,1e-06,0
LA_D_5301983,0,1.9132018e-05,0
LA_D_5307600,0,6.0742623e-05,0
LA_D_5326644,0,1.697391e-05,0
LA_D_5390706,0,8.3538835e-06,0
LA_D_5410675,0,2.2742229e-06,0
LA_D_5435996,0,2.822907e-06,0
LA_D_5444967,0,1.9144174e-05,0
LA_D_5481956,0,1.4309515e-05,0
LA_D_5486800,0,4.769638e-05,0
LA_D_5505879,0,1e-06,0
LA_D_5524814,0,7.619273e-05,0
LA_D_5538242,0,4.222169e-06,0
LA_D_5599281,0,7.860769e-06,0
LA_D_5627177,0,4.0364735e-05,0
LA_D_5653979,0,2.4804618e-05,0
LA_D_5661698,0,1.6594477e-05,0
LA_D_5671767,0,0.00011190068,0
LA_D_5693331,0,1.4845432e-05,0
LA_D_5710236,0,1.4987111e-05,0
LA_D_5715402,0,1.9940066e-05,0
LA_D_5735559,0,7.890888e-05,0
LA_D_5735922,0,2.5429274e-05,0
LA_D_5737273,0,0.00016449102,0
LA_D_5747601,0,1.2381953e-05,0
LA_D_5748042,0,5.7809434e-06,0
LA_D_5825167,0,8.624193e-06,0
LA_D_5832702,0,0.00015661874,0
LA_D_5834232,0,4.977523e-06,0
LA_D_5854092,0,3.8095764e-05,0
LA_D_5874425,0,3.546269e-05,0
LA_D_5875439,0,1.5937419e-06,0
LA_D_5878616,0,3.324519e-05,0
LA_D_5889135,0,1.4611904e-05,0
LA_D_5889358,0,4.0762857e-06,0
LA_D_5895018,0,2.4134656e-06,0
LA_D_5977520,0,7.924922e-06,0
LA_D_6038131,0,3.0202791e-05,0
LA_D_6079595,0,4.65049e-05,0
LA_D_6103320,0,1.0004797e-05,0
LA_D_6112353,0,4.6797184e-05,0
LA_D_6172873,0,1e-06,0
LA_D_6192145,0,3.260695e-05,0
LA_D_6194442,0,2.754357e-05,0
LA_D_6211901,0,1e-06,0
LA_D_6222247,0,1.5200199e-05,0
LA_D_6226707,0,3.7781447e-06,0
LA_D_6264911,0,1.06083e-05,0
LA_D_6290952,0,7.8456294e-05,0
LA_D_6345960,0,1.3306654e-05,0
LA_D_6347250,0,1.5729654e-05,0
LA_D_6362359,0,2.3880064e-05,0
LA_D_6393543,0,0.00011455806,0
LA_D_6409900,0,1.2622225e-05,0
LA_D_6415614,0,1.30982835e-05,0
LA_D_6428297,0,1.2869318e-05,0
LA_D_6462902,0,2.8443113e-05,0
LA_D_6468405,0,2.10448e-05,0
LA_D_6499924,0,1.7566654e-06,0
LA_D_6517704,0,1.6825484e-06,0
LA_D_6532301,0,0.0010085995,0
LA_D_6547198,0,2.3879425e-05,0
LA_D_6579719,0,1e-06,0
LA_D_6593636,0,1.4781266e-05,0
LA_D_6625374,0,1.8809762e-06,0
LA_D_6625840,0,1e-06,0
LA_D_6637850,0,1e-06,0
LA_D_6642673,0,2.981667e-05,0
LA_D_6660220,0,1e-06,0
LA_D_6669051,0,3.4138768e-05,0
LA_D_6691154,0,5.715439e-05,0
LA_D_6695615,0,1.6118554e-05,0
LA_D_6710195,0,1e-06,0
LA_D_6827798,0,5.674848e-05,0
LA_D_6830532,0,3.7764472e-05,0
LA_D_6864087,0,1e-06,0
LA_D_6866603,0,1e-06,0
LA_D_6892674,0,1.3560011e-06,0
LA_D_6928429,0,1.9114512e-05,0
LA_D_6965493,0,8.0285055e-05,0
LA_D_6965771,0,2.1750104e-06,0
LA_D_6988249,0,1.1444555e-05,0
LA_D_7021156,0,9.6771335e-05,0
LA_D_7028251,0,0.0003362563,0
LA_D_7038606,0,3.7623853e-05,0
LA_D_7066186,0,9.1112735e-05,0
LA_D_7167124,0,1.2884031e-05,0
LA_D_7183894,0,7.8038596e-05,0
LA_D_7186069,0,1.9938505e-05,0
LA_D_7226739,0,2.6804073e-05,0
LA_D_7237488,0,1e-06,0
LA_D_7237811,0,5.1569436e-06,0
LA_D_7307287,0,2.15102e-06,0
LA_D_7331654,0,2.815567e-05,0
LA_D_7337279,0,3.9197843e-05,0
LA_D_7359047,0,0.00013058688,0
LA_D_7399969,0,2.6835893e-05,0
LA_D_7406865,0,3.6489324e-05,0
LA_D_7445946,0,3.709e-06,0
LA_D_7464417,0,5.1107516e-05,0
LA_D_7473056,0,5.1742034e-05,0
LA_D_7499183,0,2.2993261e-05,0
LA_D_7532592,0,8.93034e-06,0
LA_D_7536830,0,1.2275701e-05,0
LA_D_7573833,0,4.074452e-05,0
LA_D_7577850,0,1.8451494e-05,0
LA_D_7592898,0,1e-06,0
LA_D_7632221,0,0.00013692505,0
LA_D_7647841,0,6.1924347e-06,0
LA_D_7660152,0,2.51636e-05,0
LA_D_7667125,0,0.00090718054,0
LA_D_7678162,0,3.1289128e-05,0
LA_D_7679219,0,1e-06,0
LA_D_7687575,0,3.7202313e-05,0
LA_D_7704331,0,3.121974e-05,0
LA_D_7714440,0,4.376996e-05,0
LA_D_7748160,0,1e-06,0
LA_D_7748381,0,2.2875374e-06,0
LA_D_7784995,0,1.7882608e-06,0
LA_D_7803358,0,8.945889e-06,0
LA_D_7836235,0,0.00015299737,0
LA_D_7890490,0,3.708487e-06,0
LA_D_7898281,0,3.8646172e-05,0
LA_D_7932133,0,1.9728332e-05,0
LA_D_7954380,0,2.3427261e-05,0
LA_D_7979281,0,3.0443003e-05,0
LA_D_7989855,0,1.1557096e-05,0
LA_D_7995659,0,5.880285e-06,0
LA_D_8044665,0,5.153295e-05,0
LA_D_8050534,0,1.563202e-05,0
LA_D_8063814,0,1e-06,0
LA_D_8099371,0,4.5182307e-05,0
LA_D_8107336,0,2.4673775e-05,0
LA_D_8110188,0,0.00013836025,0
LA_D_8128480,0,3.0442015e-05,0
LA_D_8136728,0,3.9611036e-06,0
LA_D_8142949,0,1.3923082e-05,0
LA_D_8152318,0,4.034986e-06,0
LA_D_8195070,0,1e-06,0
LA_D_8244804,0,1.4746537e-06,0
LA_D_8246386,0,4.21876e-06,0
LA_D_8262471,0,2.229905e-05,0
LA_D_8277450,0,1e-06,0
LA_D_8313277,0,0.0018417923,0
LA_D_8362912,0,2.8819604e-05,0
LA_D_8367768,0,5.30993e-06,0
LA_D_8374952,0,1.2113642e-06,0
LA_D_8417993,0,0.00036998987,0
LA_D_8418660,0,3.7182843e-05,0
LA_D_8438549,0,4.3865526e-05,0
LA_D_8450426,0,2.3265122e-06,0
LA_D_8468180,0,3.3455126e-05,0
LA_D_8482703,0,2.545629e-06,0
LA_D_8488988,0,1.4743256e-05,0
LA_D_8520152,0,1e-06,0
LA_D_8530159,0,6.456119e-06,0
LA_D_8543878,0,4.9980194e-06,0
LA_D_8558988,0,1.8398887e-05,0
LA_D_8586602,0,9.672952e-06,0
LA_D_8593631,0,2.6124811e-05,0
LA_D_8593699,0,0.00013937773,0
LA_D_8697162,0,3.6887897e-05,0
LA_D_8724645,0,2.3365558e-06,0
LA_D_8783507,0,5.352776e-05,0
LA_D_8866287,0,5.9801696e-05,0
LA_D_8870358,0,2.3161905e-05,0
LA_D_8875939,0,6.18379e-05,0
LA_D_8878567,0,1e-06,0
LA_D_8909496,0,3.130453e-06,0
LA_D_8920232,0,1.2084843e-06,0
LA_D_8954865,0,3.6810457e-06,0
LA_D_8958398,0,1.5050174e-05,0
LA_D_8988605,0,9.918121e-06,0
LA_D_9022054,0,4.736527e-05,0
LA_D_9053763,0,7.2720522e-06,0
LA_D_9058492,0,3.4649882e-05,0
LA_D_9085002,0,2.2817116e-05,0
LA_D_9105293,0,3.075752e-05,0
LA_D_9156390,0,0.00010332455,0
LA_D_9158496,0,2.5248003e-06,0
LA_D_9170533,0,5.8492613e-05,0
LA_D_9170546,0,5.0998802e-05,0
LA_D_9233372,0,2.7870441e-05,0
LA_D_9262171,0,2.2983812e-05,0
LA_D_9269691,0,1.8082299e-05,0
LA_D_9350649,0,6.8649547e-06,0
LA_D_9353876,0,1e-06,0
LA_D_9366152,0,5.703109e-06,0
LA_D_9367691,0,5.8709727e-05,0
LA_D_9386142,0,0.00011809654,0
LA_D_9438113,0,2.6802336e-05,0
LA_D_9505772,0,3.4296216e-05,0
LA_D_9525819,0,1.8307452e-05,0
LA_D_9602909,0,3.93457e-05,0
LA_D_9614451,0,1.6659874e-06,0
LA_D_9710466,0,1.7773058e-05,0
LA_D_9723269,0,1e-06,0
LA_D_9734297,0,1.8703689e-06,0
LA_D_9743828,0,0.00048628805,0
LA_D_9764249,0,5.6586905e-05,0
LA_D_9770836,0,8.295565e-05,0
LA_D_9795685,0,0.0001020477,0
LA_D_9821680,0,1e-06,0
LA_D_9831077,0,1e-06,0
LA_D_9897238,0,2.1485473e-06,0
LA_D_9902848,0,1e-06,0
LA_D_9904837,0,1e-06,0
LA_D_9935431,0,9.257644e-06,0
LA_D_9955162,0,1.5347403e-05,0
LA_D_9991348,0,1.6411052e-06,0
LA_D_9999204,0,1e-06,0
LA_D_1010205,0,6.012943e-06,0
LA_D_1061499,0,1.7514914e-05,0
LA_D_1080524,0,3.670067e-06,0
LA_D_1082871,0,1e-06,0
LA_D_1084804,0,5.4580272e-05,0
LA_D_1158428,0,4.8325543e-05,0
LA_D_1171849,0,3.4197456e-05,0
LA_D_1235041,0,2.968919e-05,0
LA_D_1246046,0,3.8109988e-06,0
LA_D_1266897,0,0.000139637,0
LA_D_1277538,0,8.415012e-06,0
LA_D_1326697,0,4.8192174e-05,0
LA_D_1384414,0,2.546825e-05,0
LA_D_1447776,0,3.232067e-05,0
LA_D_1498058,0,4.4324755e-05,0
LA_D_1502852,0,2.3845836e-05,0
LA_D_1555757,0,8.46347e-06,0
LA_D_1556162,0,0.000120653785,0
LA_D_1606599,0,4.3255382e-05,0
LA_D_1694389,0,1.568934e-05,0
LA_D_1699200,0,4.4299697e-05,0
LA_D_1705349,0,1.7522967e-05,0
LA_D_1720015,0,2.4856903e-05,0
LA_D_1738251,0,4.278462e-05,0
LA_D_1738651,0,1e-06,0
LA_D_1830470,0,3.8078113e-05,0
LA_D_1832937,0,0.0036901291,0
LA_D_1844495,0,3.5975325e-05,0
LA_D_1848165,0,1e-06,0
LA_D_1866166,0,5.481087e-05,0
LA_D_1907062,0,1.6541044e-05,0
LA_D_1921890,0,8.726876e-05,0
LA_D_1932089,0,6.573357e-05,0
LA_D_1966347,0,4.044442e-05,0
LA_D_2008956,0,7.543407e-05,0
LA_D_2022777,0,3.951261e-05,0
LA_D_2033794,0,3.6133213e-05,0
LA_D_2042102,0,4.181274e-05,0
LA_D_2049288,0,0.00010524575,0
LA_D_2128519,0,5.5175446e-05,0
LA_D_2140441,0,6.249674e-06,0
LA_D_2178889,0,2.7984054e-06,0
LA_D_2193624,0,8.278635e-06,0
LA_D_2308716,0,1.3900938e-05,0
LA_D_2335769,0,4.1590672e-05,0
LA_D_2353795,0,8.801721e-06,0
LA_D_2372787,0,2.8000635e-05,0
LA_D_2430243,0,2.155748e-05,0
LA_D_2446369,0,6.994963e-05,0
LA_D_2492206,0,2.3468274e-05,0
LA_D_2497046,0,2.1308037e-05,0
LA_D_2530462,0,1.0006696e-05,0
LA_D_2570184,0,8.761062e-06,0
LA_D_2653610,0,1.863068e-05,0
LA_D_2667967,0,3.522409e-05,0
LA_D_2747265,0,4.6816913e-05,0
LA_D_2795326,0,2.530715e-05,0
LA_D_2837203,0,2.5612097e-05,0
LA_D_2875270,0,1.9983278e-05,0
LA_D_2888387,0,4.335227e-05,0
LA_D_2933330,0,1.2158028e-05,0
LA_D_2939024,0,2.868316e-06,0
LA_D_2960332,0,2.5835061e-05,0
LA_D_2964456,0,3.3395994e-05,0
LA_D_2968176,0,1.341945e-05,0
LA_D_2981298,0,3.6490088e-05,0
LA_D_3015558,0,7.980083e-05,0
LA_D_3040717,0,6.768551e-05,0
LA_D_3049880,0,4.147478e-05,0
LA_D_3087285,0,3.055574e-05,0
LA_D_3109683,0,5.5628643e-06,0
LA_D_3142727,0,5.1168132e-05,0
LA_D_3154837,0,2.6745807e-05,0
LA_D_3158600,0,2.8245226e-05,0
LA_D_3184245,0,0.00019149539,0
LA_D_3211293,0,1e-06,0
LA_D_3220337,0,0.00019496384,0
LA_D_3228132,0,4.039643e-05,0
LA_D_3242739,0,0.0031725515,0
LA_D_3346281,0,6.720648e-05,0
LA_D_3353973,0,2.4829891e-05,0
LA_D_3392617,0,2.9381454e-06,0
LA_D_3401079,0,2.0247213e-05,0
LA_D_3413740,0,8.936099e-06,0
LA_D_3436779,0,1.5748108e-06,0
LA_D_3441390,0,4.0070034e-05,0
LA_D_3457616,0,9.402462e-06,0
LA_D_3492327,0,1.8921864e-05,0
LA_D_3510615,0,4.0962773e-06,0
LA_D_3522779,0,5.99557e-06,0
LA_D_3553006,0,1.1962873e-05,0
LA_D_3553483,0,5.156491e-06,0
LA_D_3579245,0,3.1141746e-05,0
LA_D_3617757,0,4.0032606e-05,0
LA_D_3629732,0,1e-06,0
LA_D_3664914,0,1.7193852e-05,0
LA_D_3679618,0,2.720483e-05,0
LA_D_3795179,0,6.5844484e-05,0
LA_D_3799415,0,1.6916736e-05,0
LA_D_3799822,0,2.6651955e-05,0
LA_D_3814791,0,2.8180384e-05,0
LA_D_3847966,0,8.201132e-05,0
LA_D_3879227,0,7.400592e-05,0
LA_D_3931549,0,4.3213906e-05,0
LA_D_3951142,0,1.2985463e-05,0
LA_D_4038636,0,4.6145433e-05,0
LA_D_4046963,0,3.8510203e-05,0
LA_D_4051775,0,6.273018e-05,0
LA_D_4067176,0,4.6558947e-05,0
LA_D_4076013,0,3.862657e-05,0
LA_D_4079102,0,3.7206642e-05,0
LA_D_4104036,0,1.6143444e-05,0
LA_D_4173079,0,4.8121776e-05,0
LA_D_4187195,0,1.4222986e-05,0
LA_D_4190863,0,2.569589e-05,0
LA_D_4198486,0,3.1932806e-05,0
LA_D_4246414,0,1.217152e-06,0
LA_D_4246754,0,1.8244393e-05,0
LA_D_4269476,0,2.616049e-05,0
LA_D_4277166,0,3.410122e-05,0
LA_D_4285827,0,2.2189706e-06,0
LA_D_4344112,0,1.2030534e-05,0
LA_D_4358026,0,2.8269207e-05,0
LA_D_4371820,0,2.9602734e-05,0
LA_D_4414981,0,2.1059073e-05,0
LA_D_4436601,0,8.5119405e-05,0
LA_D_4449596,0,4.0799026e-05,0
LA_D_4476116,0,3.531561e-05,0
LA_D_4497485,0,0.0002298069,0
LA_D_4541793,0,5.6652232e-05,0
LA_D_4554165,0,5.5161345e-05,0
LA_D_4567649,0,2.143722e-05,0
LA_D_4594870,0,1e-06,0
LA_D_4679930,0,4.6039455e-05,0
LA_D_4680031,0,4.400387e-05,0
LA_D_4684075,0,2.1545044e-05,0
LA_D_4729932,0,7.901309e-06,0
LA_D_4765138,0,2.8851066e-05,0
LA_D_4766671,0,0.00029114957,0
LA_D_4791127,0,1.6105108e-05,0
LA_D_4793285,0,3.2886284e-05,0
LA_D_4831551,0,3.924587e-05,0
LA_D_4838987,0,5.7556947e-05,0
LA_D_4840993,0,3.5271285e-05,0
LA_D_4846038,0,2.8311999e-05,0
LA_D_4856350,0,3.6364374e-05,0
LA_D_4893333,0,9.129521e-05,0
LA_D_4911711,0,5.1765737e-06,0
LA_D_4938958,0,0.000114267874,0
LA_D_4972385,0,9.867853e-06,0
LA_D_4992474,0,4.4911114e-05,0
LA_D_5039819,0,2.7066205e-06,0
LA_D_5057705,0,2.8570968e-05,0
LA_D_5110293,0,5.913987e-05,0
LA_D_5149734,0,1.8392991e-05,0
LA_D_5178524,0,9.0825e-05,0
LA_D_5193343,0,1.599611e-05,0
LA_D_5207545,0,2.9149749e-05,0
LA_D_5246247,0,3.183854e-05,0
LA_D_5283786,0,8.575476e-06,0
LA_D_5338385,0,5.3396532e-05,0
LA_D_5435340,0,4.8012822e-05,0
LA_D_5453991,0,0.00010954837,0
LA_D_5508990,0,1.0142374e-05,0
LA_D_5525422,0,3.2578384e-05,0
LA_D_5570541,0,4.323518e-05,0
LA_D_5572661,0,6.247133e-05,0
LA_D_5596855,0,2.326884e-05,0
LA_D_5706472,0,2.0545489e-05,0
LA_D_5732655,0,6.748141e-05,0
LA_D_5741681,0,1.8637684e-05,0
LA_D_5789727,0,3.7461272e-05,0
LA_D_5792148,0,4.5983732e-05,0
LA_D_5805227,0,3.3166656e-05,0
LA_D_5824362,0,1.111157e-05,0
LA_D_5834045,0,5.9230795e-05,0
LA_D_5856383,0,2.6447555e-05,0
LA_D_5891869,0,4.061363e-05,0
LA_D_5901525,0,4.8288275e-05,0
LA_D_5927782,0,3.9028478e-06,0
LA_D_5961259,0,7.288589e-05,0
LA_D_5972830,0,6.291529e-05,0
LA_D_5975960,0,0.008521695,0
LA_D_5986166,0,2.3902301e-05,0
LA_D_6096734,0,3.942882e-05,0
LA_D_6126827,0,3.1716598e-05,0
LA_D_6132532,0,4.820017e-05,0
LA_D_6211090,0,2.7674638e-05,0
LA_D_6226652,0,8.855699e-06,0
LA_D_6228522,0,2.2963417e-05,0
LA_D_6239873,0,2.7060605e-05,0
LA_D_6241133,0,5.253767e-05,0
LA_D_6280736,0,2.4092933e-05,0
LA_D_6310412,0,6.6261155e-06,0
LA_D_6315394,0,6.333559e-05,0
LA_D_6322158,0,6.126292e-05,0
LA_D_6349894,0,5.22261e-06,0
LA_D_6361022,0,0.00018525116,0
LA_D_6454374,0,2.127055e-06,0
LA_D_6506972,0,0.00027599052,0
LA_D_6597204,0,5.2125753e-05,0
LA_D_6614217,0,5.6931472e-05,0
LA_D_6661592,0,4.379113e-05,0
LA_D_6671443,0,2.9411782e-05,0
LA_D_6690982,0,5.129961e-05,0
LA_D_6723637,0,2.721194e-05,0
LA_D_6748977,0,2.1300235e-05,0
LA_D_6767763,0,5.3621003e-05,0
LA_D_6890596,0,1.6068798e-05,0
LA_D_6909580,0,5.2286065e-05,0
LA_D_6930111,0,1.7446997e-05,0
LA_D_6970550,0,8.437834e-06,0
LA_D_6971538,0,3.9338833e-05,0
LA_D_6985201,0,3.0631596e-05,0
LA_D_6990804,0,8.103538e-06,0
LA_D_7015167,0,4.2299136e-05,0
LA_D_7030824,0,2.9794759e-05,0
LA_D_7087327,0,4.2219748e-05,0
LA_D_7100478,0,0.00015130255,0
LA_D_7117158,0,4.3467617e-06,0
LA_D_7138607,0,1e-06,0
LA_D_7141905,0,2.3440089e-05,0
LA_D_7174232,0,2.6251178e-05,0
LA_D_7277959,0,0.0015457518,0
LA_D_7279265,0,4.0171846e-05,0
LA_D_7279410,0,3.8455226e-05,0
LA_D_7290012,0,1.00453335e-05,0
LA_D_7363405,0,8.002884e-06,0
LA_D_7367187,0,2.6152979e-05,0
LA_D_7383463,0,7.9297664e-05,0
LA_D_7409252,0,1.6713211e-05,0
LA_D_7424751,0,5.686386e-05,0
LA_D_7447795,0,3.804407e-05,0
LA_D_7479660,0,8.628973e-05,0
LA_D_7620311,0,2.8788618e-05,0
LA_D_7674620,0,5.4667522e-05,0
LA_D_7702883,0,6.259895e-05,0
LA_D_7731461,0,3.944462e-05,0
LA_D_7734402,0,4.2335873e-06,0
LA_D_7773583,0,2.906226e-05,0
LA_D_7792788,0,6.1554115e-06,0
LA_D_7887063,0,3.446898e-05,0
LA_D_7979905,0,2.924871e-05,0
LA_D_8022584,0,2.304876e-05,0
LA_D_8063128,0,5.0214065e-05,0
LA_D_8072455,0,1.5085998e-05,0
LA_D_8147839,0,2.488361e-05,0
LA_D_8162284,0,3.26554e-05,0
LA_D_8183756,0,7.462017e-05,0
LA_D_8202140,0,1.1126074e-05,0
LA_D_8228955,0,2.4584051e-05,0
LA_D_8245412,0,3.6994093e-06,0
LA_D_8264531,0,1e-06,0
LA_D_8272979,0,5.0408038e-05,0
LA_D_8291737,0,2.6093563e-05,0
LA_D_8335202,0,0.00016422961,0
LA_D_8350950,0,5.3339536e-05,0
LA_D_8358692,0,1.4120542e-05,0
LA_D_8364986,0,4.2024763e-05,0
LA_D_8365489,0,3.4135675e-05,0
LA_D_8367470,0,1.8791614e-05,0
LA_D_8372141,0,1.34569755e-05,0
LA_D_8378530,0,3.3820786e-05,0
LA_D_8461526,0,4.593022e-05,0
LA_D_8467187,0,4.877664e-05,0
LA_D_8474115,0,1e-06,0
LA_D_8479165,0,4.3462045e-05,0
LA_D_8569086,0,9.787345e-06,0
LA_D_8573686,0,4.5443434e-05,0
LA_D_8599184,0,5.0672978e-05,0
LA_D_8675351,0,3.25491e-05,0
LA_D_8683301,0,4.620131e-05,0
LA_D_8704675,0,1.4271193e-05,0
LA_D_8726806,0,1.4284087e-06,0
LA_D_8735979,0,2.3627848e-05,0
LA_D_8787336,0,3.552385e-05,0
LA_D_8907825,0,1.5770194e-05,0
LA_D_8912596,0,4.5821682e-05,0
LA_D_8923373,0,1.8998202e-05,0
LA_D_8947789,0,3.9602164e-05,0
LA_D_8971968,0,2.1527834e-05,0
LA_D_8980613,0,2.7689262e-05,0
LA_D_9092221,0,3.3095566e-05,0
LA_D_9095089,0,6.1003324e-05,0
LA_D_9198030,0,3.78084e-05,0
LA_D_9308715,0,9.896701e-06,0
LA_D_9363698,0,0.00034705948,0
LA_D_9365960,0,1.0975132e-06,0
LA_D_9465126,0,4.224987e-05,0
LA_D_9557863,0,5.3692893e-05,0
LA_D_9579816,0,3.8848222e-05,0
LA_D_9585951,0,1e-06,0
LA_D_9611936,0,4.1859574e-05,0
LA_D_9616817,0,2.4037696e-05,0
LA_D_9711980,0,5.986149e-05,0
LA_D_9728117,0,2.5305028e-05,0
LA_D_9735207,0,1e-06,0
LA_D_9739801,0,3.7709342e-05,0
LA_D_9810869,0,1e-06,0
LA_D_9828928,0,6.6143795e-05,0
LA_D_9849984,0,7.774179e-05,0
LA_D_9853601,0,5.3422053e-05,0
LA_D_9936972,0,3.9101196e-06,0
LA_D_9947726,0,1.4747406e-05,0
LA_D_9977709,0,3.566346e-05,0
LA_D_9985554,0,3.355235e-05,0
LA_D_9994046,0,2.4906207e-05,0
LA_D_9995817,0,2.0371615e-05,0
LA_D_1029785,0,9.603115e-06,0
LA_D_1056838,0,3.2913358e-05,0
LA_D_1124968,0,0.00010906662,0
LA_D_1149633,0,6.1365594e-05,0
LA_D_1157084,0,1e-06,0
LA_D_1235306,0,2.9628038e-05,0
LA_D_1236459,0,0.00012338387,0
LA_D_1247325,0,2.4308842e-05,0
LA_D_1285017,0,4.2312267e-06,0
LA_D_1306634,0,3.3229774e-06,0
LA_D_1307022,0,1.8639923e-05,0
LA_D_1314415,0,9.371791e-06,0
LA_D_1334666,0,2.7077615e-05,0
LA_D_1343882,0,9.2829556e-05,0
LA_D_1356036,0,6.0217044e-05,0
LA_D_1393870,0,1.882704e-05,0
LA_D_1424811,0,2.4384532e-05,0
LA_D_1433046,0,4.4371573e-05,0
LA_D_1459201,0,5.11815e-05,0
LA_D_1471187,0,0.0021464864,0
LA_D_1471595,0,0.00033614348,0
LA_D_1476062,0,1e-06,0
LA_D_1555695,0,1.8812825e-05,0
LA_D_1574963,0,2.4022734e-06,0
LA_D_1640383,0,0.00011706637,0
LA_D_1680060,0,2.4738472e-05,0
LA_D_1702355,0,9.761367e-06,0
LA_D_1702824,0,8.7999804e-05,0
LA_D_1711747,0,2.8970639e-05,0
LA_D_1723025,0,3.9862505e-05,0
LA_D_1743744,0,8.206154e-05,0
LA_D_1773079,0,5.4746506e-05,0
LA_D_1780523,0,0.00011819016,0
LA_D_1818653,0,5.316991e-05,0
LA_D_1853731,0,4.79164e-05,0
LA_D_1868045,0,0.00039992653,0
LA_D_1891787,0,4.6281166e-05,0
LA_D_1894103,0,1.2815858e-05,0
LA_D_1905761,0,0.00021780259,0
LA_D_1948580,0,6.758323e-05,0
LA_D_1949008,0,6.536277e-05,0
LA_D_1994966,0,9.117115e-05,0
LA_D_2002433,0,5.2047675e-05,0
LA_D_2036773,0,3.379003e-05,0
LA_D_2070148,0,0.00013774366,0
LA_D_2077190,0,1e-06,0
LA_D_2107954,0,0.00045380968,0
LA_D_2113515,0,3.423132e-05,0
LA_D_2136240,0,4.0165643e-05,0
LA_D_2137133,0,2.5729607e-05,0
LA_D_2166764,0,8.88828e-05,0
LA_D_2173227,0,4.920632e-05,0
LA_D_2195736,0,7.111184e-05,0
LA_D_2231411,0,5.832173e-05,0
LA_D_2245814,0,0.0003831413,0
LA_D_2250398,0,0.000113243885,0
LA_D_2260376,0,0.00021032382,0
LA_D_2275662,0,0.0038078371,0
LA_D_2276956,0,2.4258772e-05,0
LA_D_2341150,0,2.2067852e-06,0
LA_D_2344292,0,8.525336e-06,0
LA_D_2367943,0,2.5947507e-05,0
LA_D_2382681,0,1.561307e-05,0
LA_D_2399961,0,0.00091681455,0
LA_D_2445772,0,2.5750514e-06,0
LA_D_2451802,0,8.931175e-06,0
LA_D_2454370,0,0.00019125799,0
LA_D_2480484,0,1.7017152e-05,0
LA_D_2502471,0,0.000768673,0
LA_D_2530547,0,0.002916195,0
LA_D_2565381,0,0.00012892879,0
LA_D_2577424,0,2.858187e-05,0
LA_D_2596513,0,3.4507757e-05,0
LA_D_2598470,0,0.0001467399,0
LA_D_2602453,0,1.0642874e-05,0
LA_D_2613067,0,0.00011351307,0
LA_D_2634266,0,0.00069979584,0
LA_D_2637205,0,0.0007361149,0
LA_D_2709105,0,3.2716118e-05,0
LA_D_2715552,0,2.3012917e-05,0
LA_D_2719811,0,0.00012966656,0
LA_D_2772436,0,2.4141878e-05,0
LA_D_2775026,0,4.2379e-05,0
LA_D_2797619,0,0.00017675155,0
LA_D_2814875,0,7.942737e-05,0
LA_D_2816289,0,3.885011e-05,0
LA_D_2833762,0,8.203557e-05,0
LA_D_2854193,0,5.1634972e-05,0
LA_D_2866362,0,1.32057485e-05,0
LA_D_2895937,0,5.737375e-05,0
LA_D_2938883,0,5.6443812e-05,0
LA_D_2999774,0,1e-06,0
LA_D_3007029,0,3.9827817e-05,0
LA_D_3010559,0,8.145762e-05,0
LA_D_3015714,0,4.8673908e-05,0
LA_D_3040572,0,1.291625e-05,0
LA_D_3043536,0,8.630784e-05,0
LA_D_3053606,0,1.529569e-05,0
LA_D_3055819,0,2.9540523e-05,0
LA_D_3060623,0,4.833057e-05,0
LA_D_3144395,0,0.00038236703,0
LA_D_3176946,0,5.3176736e-06,0
LA_D_3177863,0,2.1604772e-05,0
LA_D_3186042,0,5.936068e-05,0
LA_D_3186776,0,4.4821554e-06,0
LA_D_3193424,0,7.164241e-06,0
LA_D_3197569,0,2.0183941e-05,0
LA_D_3207501,0,0.00012907811,0
LA_D_3229118,0,4.311417e-05,0
LA_D_3230806,0,6.465284e-05,0
LA_D_3232533,0,3.902601e-05,0
LA_D_3243854,0,1.9491765e-05,0
LA_D_3256090,0,4.1291723e-06,0
LA_D_3310507,0,1.2501518e-05,0
LA_D_3325797,0,3.1405354e-05,0
LA_D_3341814,0,7.511077e-05,0
LA_D_3401398,0,1.6184616e-05,0
LA_D_3440449,0,5.360285e-05,0
LA_D_3461793,0,3.5518362e-05,0
LA_D_3482541,0,6.0435414e-05,0
LA_D_3498197,0,6.3538966e-05,0
LA_D_3517587,0,5.6336634e-05,0
LA_D_3529126,0,8.941744e-05,0
LA_D_3586862,0,2.790978e-05,0
LA_D_3608535,0,2.8802708e-05,0
LA_D_3679086,0,6.0066213e-06,0
LA_D_3683215,0,7.772948e-05,0
LA_D_3703420,0,5.5314e-05,0
LA_D_3725938,0,3.5316916e-06,0
LA_D_3733302,0,3.9981405e-05,0
LA_D_3741233,0,1.5428555e-05,0
LA_D_3766019,0,3.9023853e-05,0
LA_D_3767648,0,6.039624e-05,0
LA_D_3769543,0,2.8418476e-06,0
LA_D_3773558,0,0.0009438773,0
LA_D_3776249,0,3.1353018e-05,0
LA_D_3783864,0,5.117242e-05,0
LA_D_3791494,0,5.8854293e-05,0
LA_D_3805827,0,3.9518213e-06,0
LA_D_3806582,0,3.950711e-05,0
LA_D_3840866,0,3.4331784e-05,0
LA_D_3882685,0,5.3000273e-05,0
LA_D_3909128,0,2.8967628e-05,0
LA_D_3942605,0,4.8678405e-05,0
LA_D_3966698,0,0.00020378205,0
LA_D_4005820,0,0.00021040747,0
LA_D_4020807,0,0.00020588802,0
LA_D_4029187,0,6.223165e-05,0
LA_D_4105672,0,8.39536e-05,0
LA_D_4107279,0,0.00010637438,0
LA_D_4128802,0,1.7465409e-05,0
LA_D_4143635,0,5.731103e-05,0
LA_D_4185259,0,0.00085849763,0
LA_D_4216273,0,0.0012603446,0
LA_D_4225333,0,5.6881596e-05,0
LA_D_4333191,0,4.38067e-06,0
LA_D_4342949,0,0.00014096801,0
LA_D_4372021,0,2.0404397e-05,0
LA_D_4447831,0,4.043987e-05,0
LA_D_4455937,0,1e-06,0
LA_D_4460163,0,0.0017530274,0
LA_D_4472082,0,1e-06,0
LA_D_4472967,0,2.827266e-05,0
LA_D_4487386,0,5.0021983e-05,0
LA_D_4487653,0,2.1935575e-05,0
LA_D_4496115,0,3.2946366e-05,0
LA_D_4519635,0,4.9445276e-05,0
LA_D_4524225,0,1e-06,0
LA_D_4529395,0,4.148787e-05,0
LA_D_4552584,0,1.0561467e-06,0
LA_D_4585046,0,5.6116693e-05,0
LA_D_4624019,0,1.0496697e-05,0
LA_D_4688262,0,8.635788e-05,0
LA_D_4699301,0,8.661704e-06,0
LA_D_4704078,0,8.463532e-05,0
LA_D_4727143,0,0.00010667933,0
LA_D_4746243,0,2.9849245e-05,0
LA_D_4767464,0,9.96784e-05,0
LA_D_4790022,0,4.6985802e-05,0
LA_D_4799307,0,0.00018042099,0
LA_D_4814981,0,7.869172e-05,0
LA_D_4825873,0,3.1768843e-05,0
LA_D_4831370,0,4.2852367e-05,0
LA_D_4833484,0,5.96088e-05,0
LA_D_4846158,0,7.520746e-05,0
LA_D_4888486,0,4.416097e-05,0
LA_D_4904641,0,0.000115355986,0
LA_D_4931293,0,0.00022695182,0
LA_D_4934401,0,1.6423377e-05,0
LA_D_4946335,0,4.6801913e-05,0
LA_D_4954842,0,0.00012087327,0
LA_D_4966242,0,2.8023664e-05,0
LA_D_4974659,0,4.297805e-05,0
LA_D_4990575,0,1.4301356e-05,0
LA_D_5008157,0,5.4413347e-05,0
LA_D_5035533,0,3.6683803e-05,0
LA_D_5054541,0,7.91961e-05,0
LA_D_5096284,0,0.002278811,0
LA_D_5127607,0,3.4924593e-05,0
LA_D_5138851,0,6.0980175e-05,0
LA_D_5151081,0,1.4838843e-06,0
LA_D_5182772,0,0.00070171215,0
LA_D_5202763,0,2.1471387e-05,0
LA_D_5232139,0,1.60495e-05,0
LA_D_5246193,0,3.109907e-05,0
LA_D_5293338,0,8.064916e-05,0
LA_D_5299709,0,0.00015107938,0
LA_D_5300130,0,7.0263384e-05,0
LA_D_5308230,0,2.056772e-05,0
LA_D_5357142,0,9.822015e-05,0
LA_D_5392292,0,0.00033646246,0
LA_D_5394501,0,1.4661317e-05,0
LA_D_5396397,0,2.1530153e-05,0
LA_D_5421212,0,0.0006536613,0
LA_D_5452800,0,0.00017519746,0
LA_D_5465758,0,4.9122573e-06,0
LA_D_5482180,0,3.4133984e-05,0
LA_D_5571629,0,2.611475e-06,0
LA_D_5584734,0,1.85816e-05,0
LA_D_5586056,0,0.000182679,0
LA_D_5627497,0,3.3574757e-05,0
LA_D_5654375,0,8.240155e-05,0
LA_D_5689198,0,9.346607e-05,0
LA_D_5730320,0,1e-06,0
LA_D_5732035,0,6.1119084e-05,0
LA_D_5737966,0,0.00019429297,0
LA_D_5742424,0,7.68579e-05,0
LA_D_5755628,0,3.6858644e-05,0
LA_D_5824879,0,2.9600362e-05,0
LA_D_5826732,0,3.527347e-05,0
LA_D_5828981,0,1.04388e-06,0
LA_D_5861749,0,3.399028e-05,0
LA_D_5873832,0,6.0788975e-06,0
LA_D_5932720,0,1.1070614e-05,0
LA_D_5940165,0,4.2507505e-05,0
LA_D_5945248,0,3.5587254e-05,0
LA_D_5981243,0,1.8385485e-05,0
LA_D_5985415,0,0.00010312296,0
LA_D_6001078,0,2.5046025e-05,0
LA_D_6033416,0,0.00010938418,0
LA_D_6084356,0,3.4593559e-06,0
LA_D_6097312,0,2.3798445e-06,0
LA_D_6105514,0,0.00010337096,0
LA_D_6135335,0,2.3290619e-05,0
LA_D_6159317,0,0.00027487785,0
LA_D_6165860,0,4.7957296e-06,0
LA_D_6185691,0,7.463441e-05,0
LA_D_6193524,0,5.0136696e-05,0
LA_D_6203837,0,2.8211089e-05,0
LA_D_6210440,0,3.217883e-05,0
LA_D_6211991,0,3.3099608e-05,0
LA_D_6259884,0,3.503598e-05,0
LA_D_6267621,0,8.358885e-05,0
LA_D_6305298,0,0.00012240898,0
LA_D_6305743,0,5.7117555e-05,0
LA_D_6320458,0,0.000104777915,0
LA_D_6321182,0,5.2191812e-05,0
LA_D_6323705,0,0.0008257563,0
LA_D_6345029,0,0.0001005292,0
LA_D_6368988,0,4.576185e-05,0
LA_D_6371872,0,5.6138535e-05,0
LA_D_6390103,0,1e-06,0
LA_D_6401176,0,0.00012258724,0
LA_D_6425717,0,5.376166e-06,0
LA_D_6458120,0,0.000104458086,0
LA_D_6502358,0,0.006173694,0
LA_D_6526168,0,0.0007565219,0
LA_D_6532619,0,1.4735051e-06,0
LA_D_6547828,0,4.51361e-05,0
LA_D_6550208,0,5.93145e-05,0
LA_D_6594807,0,0.0009903999,0
LA_D_6640572,0,8.3095074e-05,0
LA_D_6742796,0,0.00016111815,0
LA_D_6779692,0,1e-06,0
LA_D_6806988,0,5.0317894e-06,0
LA_D_6826884,0,2.8932896e-05,0
LA_D_6840556,0,2.0365593e-05,0
LA_D_6840971,0,7.095036e-05,0
LA_D_6845080,0,0.00012848635,0
LA_D_6852869,0,1.0349575e-05,0
LA_D_6865911,0,2.625854e-05,0
LA_D_6879359,0,2.284529e-05,0
LA_D_6919214,0,6.067072e-05,0
LA_D_6931896,0,3.3097996e-05,0
LA_D_6938657,0,0.00015955356,0
LA_D_6947992,0,1.4436276e-05,0
LA_D_6957283,0,3.9203413e-05,0
LA_D_6970983,0,0.00010753778,0
LA_D_6973797,0,2.7638978e-05,0
LA_D_7053102,0,8.11859e-05,0
LA_D_7124239,0,4.0400242e-05,0
LA_D_7139969,0,0.0047222,0
LA_D_7143938,0,5.6539693e-06,0
LA_D_7175704,0,4.0887287e-05,0
LA_D_7215783,0,9.5789976e-05,0
LA_D_7254378,0,9.093873e-06,0
LA_D_7278858,0,2.5075946e-05,0
LA_D_7290285,0,7.1505834e-05,0
LA_D_7297385,0,5.469365e-05,0
LA_D_7307702,0,4.539172e-05,0
LA_D_7308358,0,9.154121e-05,0
LA_D_7368863,0,0.00014710978,0
LA_D_7401894,0,2.7529966e-05,0
LA_D_7453123,0,3.8211034e-05,0
LA_D_7466640,0,0.00014965677,0
LA_D_7482285,0,5.9326383e-05,0
LA_D_7484463,0,1.8149741e-06,0
LA_D_7508544,0,0.004310718,0
LA_D_7540473,0,7.2512694e-06,0
LA_D_7560065,0,2.5660749e-05,0
LA_D_7563714,0,6.171696e-05,0
LA_D_7568059,0,0.0002524227,0
LA_D_7596547,0,0.00029418312,0
LA_D_7598446,0,3.1667667e-05,0
LA_D_7635520,0,6.486782e-05,0
LA_D_7641447,0,3.8767615e-05,0
LA_D_7748664,0,3.507871e-05,0
LA_D_7750829,0,0.0014824627,0
LA_D_7754957,0,1e-06,0
LA_D_7757055,0,5.2998203e-05,0
LA_D_7760363,0,0.000109135275,0
LA_D_7760924,0,7.915548e-05,0
LA_D_7823985,0,0.00029602824,0
LA_D_7878150,0,3.7963247e-05,0
LA_D_7901390,0,3.2683998e-05,0
LA_D_7927430,0,2.1068756e-05,0
LA_D_7937903,0,7.3342286e-05,0
LA_D_7940727,0,0.00019690358,0
LA_D_7955580,0,5.010152e-05,0
LA_D_8006078,0,9.285913e-06,0
LA_D_8063853,0,2.1702364e-05,0
LA_D_8118910,0,2.6649617e-05,0
LA_D_8133720,0,0.0004298179,0
LA_D_8138691,0,9.193811e-05,0
LA_D_8193062,0,4.9556682e-05,0
LA_D_8200105,0,0.00021824166,0
LA_D_8205767,0,5.2351777e-05,0
LA_D_8222053,0,1.6691247e-05,0
LA_D_8265007,0,0.0005845452,0
LA_D_8266174,0,1.1469008e-05,0
LA_D_8317813,0,0.00011462253,0
LA_D_8322502,0,2.8718918e-05,0
LA_D_8339674,0,1.9241877e-05,0
LA_D_8362045,0,9.426824e-05,0
LA_D_8377841,0,0.00024276228,0
LA_D_8395121,0,2.7382604e-05,0
LA_D_8400994,0,6.1224964e-05,0
LA_D_8467991,0,8.709368e-05,0
LA_D_8473774,0,2.9845944e-05,0
LA_D_8523307,0,0.0011470224,0
LA_D_8555156,0,4.87131e-05,0
LA_D_8555387,0,0.0009111671,0
LA_D_8590984,0,1.5700582e-05,0
LA_D_8641916,0,3.2100244e-05,0
LA_D_8693010,0,5.130675e-05,0
LA_D_8718669,0,7.0907074e-05,0
LA_D_8737458,0,3.8450165e-05,0
LA_D_8759603,0,3.3142212e-05,0
LA_D_8808929,0,8.532176e-05,0
LA_D_8829199,0,1.9548484e-05,0
LA_D_8832719,0,0.00013125375,0
LA_D_8879962,0,2.3767148e-05,0
LA_D_8881042,0,9.387033e-06,0
LA_D_8956992,0,0.000103282684,0
LA_D_8967078,0,1.6498034e-05,0
LA_D_9032192,0,2.421497e-05,0
LA_D_9092108,0,2.114186e-05,0
LA_D_9095485,0,2.8742093e-05,0
LA_D_9151418,0,0.00030276005,0
LA_D_9162612,0,5.0470526e-06,0
LA_D_9165189,0,4.750197e-05,0
LA_D_9175790,0,3.0444051e-05,0
LA_D_9176089,0,9.721937e-05,0
LA_D_9178466,0,1.7130636e-06,0
LA_D_9208964,0,0.004210463,0
LA_D_9255229,0,7.206057e-05,0
LA_D_9265361,0,7.530571e-05,0
LA_D_9273017,0,7.815522e-05,0
LA_D_9291135,0,4.82711e-05,0
LA_D_9299077,0,0.0030430977,0
LA_D_9303374,0,1.6891803e-06,0
LA_D_9386777,0,5.846942e-05,0
LA_D_9435140,0,0.000101068435,0
LA_D_9437643,0,4.0650553e-05,0
LA_D_9438939,0,0.00012549225,0
LA_D_9458312,0,2.8925779e-05,0
LA_D_9491341,0,2.5685284e-05,0
LA_D_9493111,0,2.2262748e-06,0
LA_D_9517810,0,0.00048101222,0
LA_D_9552252,0,6.4511936e-05,0
LA_D_9556143,0,3.8981896e-05,0
LA_D_9573200,0,0.0006089961,0
LA_D_9583786,0,5.6154808e-05,0
LA_D_9628041,0,0.00013246319,0
LA_D_9643639,0,1.3209753e-05,0
LA_D_9694196,0,2.919e-05,0
LA_D_9735621,0,0.00012726904,0
LA_D_9754615,0,5.100065e-05,0
LA_D_9809504,0,4.5814257e-05,0
LA_D_9826800,0,2.7739161e-05,0
LA_D_9827463,0,3.317007e-05,0
LA_D_9829234,0,4.670784e-05,0
LA_D_9834151,0,5.386204e-06,0
LA_D_9841709,0,2.4525743e-05,0
LA_D_9843659,0,5.235407e-05,0
LA_D_9845352,0,1.1193165e-06,0
LA_D_9887992,0,3.380347e-05,0
LA_D_9892838,0,9.9138175e-05,0
LA_D_9915418,0,9.9967496e-05,0
LA_D_9928370,0,0.013168002,0
LA_D_9947625,0,3.0550844e-05,0
LA_D_9951429,0,1.8042001e-06,0
LA_D_9968504,0,0.00017735237,0
LA_D_9982181,0,4.342956e-05,0
LA_D_1015995,0,0.0003391669,0
LA_D_1025623,0,3.6538142e-05,0
LA_D_1041139,0,8.961591e-05,0
LA_D_1066994,0,3.731502e-05,0
LA_D_1083152,0,7.289327e-06,0
LA_D_1141689,0,7.150447e-05,0
LA_D_1187570,0,1.4670744e-05,0
LA_D_1222113,0,1.8513609e-05,0
LA_D_1225103,0,6.875278e-05,0
LA_D_1227503,0,3.3208493e-05,0
LA_D_1236220,0,4.242979e-05,0
LA_D_1237599,0,0.00013073951,0
LA_D_1256292,0,2.6352314e-05,0
LA_D_1270346,0,3.2700085e-05,0
LA_D_1270417,0,9.764057e-06,0
LA_D_1280798,0,6.986031e-05,0
LA_D_1291887,0,8.7245375e-05,0
LA_D_1315381,0,7.1945906e-05,0
LA_D_1339032,0,0.0033384662,0
LA_D_1439434,0,3.1503445e-05,0
LA_D_1448603,0,2.7012593e-05,0
LA_D_1477965,0,2.2221926e-05,0
LA_D_1479340,0,6.593144e-05,0
LA_D_1481342,0,6.515678e-05,0
LA_D_1524492,0,1.0560914e-06,0
LA_D_1530598,0,9.977216e-05,0
LA_D_1535691,0,0.0002280644,0
LA_D_1571034,0,8.720155e-05,0
LA_D_1589086,0,4.0757805e-05,0
LA_D_1683514,0,3.494145e-05,0
LA_D_1712490,0,3.5511963e-05,0
LA_D_1733932,0,1e-06,0
LA_D_1771062,0,1.1006127e-05,0
LA_D_1804548,0,6.555435e-05,0
LA_D_1827759,0,2.725625e-05,0
LA_D_1834417,0,3.3666838e-05,0
LA_D_1851125,0,8.9839916e-05,0
LA_D_1853465,0,0.00017910839,0
LA_D_1920181,0,4.4434073e-05,0
LA_D_1923158,0,3.3725515e-05,0
LA_D_1984046,0,3.2050204e-05,0
LA_D_1987281,0,1.2951798e-05,0
LA_D_2001766,0,0.00020736302,0
LA_D_2028101,0,0.00020234985,0
LA_D_2058414,0,8.360511e-05,0
LA_D_2062199,0,5.0876974e-05,0
LA_D_2065118,0,1e-06,0
LA_D_2085717,0,9.020304e-05,0
LA_D_2092113,0,3.5183166e-05,0
LA_D_2119647,0,5.3690692e-05,0
LA_D_2146561,0,4.662288e-05,0
LA_D_2155785,0,5.783066e-05,0
LA_D_2156294,0,0.000121755205,0
LA_D_2165573,0,4.2142714e-05,0
LA_D_2174474,0,1.3950714e-05,0
LA_D_2189477,0,3.131955e-05,0
LA_D_2199197,0,4.8818198e-05,0
LA_D_2221985,0,0.00018013017,0
LA_D_2240941,0,0.000101501115,0
LA_D_2248830,0,5.8523918e-05,0
LA_D_2258297,0,1.0235257e-06,0
LA_D_2262952,0,5.511308e-05,0
LA_D_2276174,0,1.9640776e-05,0
LA_D_2290215,0,0.00038581286,0
LA_D_2323323,0,0.0013890371,0
LA_D_2334671,0,2.3512941e-05,0
LA_D_2357913,0,8.005242e-05,0
LA_D_2363887,0,0.000360373,0
LA_D_2379173,0,3.9904386e-05,0
LA_D_2423635,0,3.1907537e-05,0
LA_D_2460718,0,5.830558e-06,0
LA_D_2468069,0,3.941995e-05,0
LA_D_2477292,0,0.0006988905,0
LA_D_2488744,0,9.544699e-06,0
LA_D_2523101,0,0.00015507164,0
LA_D_2541020,0,6.310084e-05,0
LA_D_2541924,0,0.00021278912,0
LA_D_2555710,0,3.8848222e-05,0
LA_D_2582795,0,1.1515444e-05,0
LA_D_2611575,0,1.1163794e-05,0
LA_D_2626790,0,0.00037174727,0
LA_D_2630658,0,6.4933854e-05,0
LA_D_2636307,0,0.00047033594,0
LA_D_2640062,0,1.1191223e-06,0
LA_D_2652849,0,1.8989434e-05,0
LA_D_2678908,0,5.0718663e-05,0
LA_D_2684315,0,7.8511526e-05,0
LA_D_2695337,0,2.4903738e-05,0
LA_D_2701625,0,3.5980614e-05,0
LA_D_2713544,0,0.00036161602,0
LA_D_2715910,0,7.7256605e-05,0
LA_D_2720839,0,0.0023802526,0
LA_D_2739363,0,4.3135762e-05,0
LA_D_2756089,0,5.398402e-06,0
LA_D_2780356,0,2.6238014e-05,0
LA_D_2872987,0,0.0002012011,0
LA_D_2901382,0,4.5391072e-05,0
LA_D_2905167,0,8.043687e-05,0
LA_D_2926242,0,6.828664e-05,0
LA_D_2943083,0,4.5994344e-05,0
LA_D_2952547,0,5.3396943e-05,0
LA_D_2991323,0,4.7873556e-05,0
LA_D_3035838,0,7.166393e-05,0
LA_D_3056980,0,0.00014066804,0
LA_D_3164600,0,0.00022730544,0
LA_D_3167097,0,4.2451928e-05,0
LA_D_3175070,0,3.044884e-05,0
LA_D_3188700,0,9.740425e-06,0
LA_D_3238483,0,6.31726e-05,0
LA_D_3245212,0,0.00010014305,0
LA_D_3258575,0,4.3328953e-05,0
LA_D_3259757,0,0.000198462,0
LA_D_3270078,0,0.00032443958,0
LA_D_3286719,0,6.727175e-05,0
LA_D_3294926,0,5.64947e-05,0
LA_D_3298138,0,0.00048388736,0
LA_D_3337137,0,0.00014744511,0
LA_D_3354072,0,4.8093836e-05,0
LA_D_3376284,0,3.0423504e-05,0
LA_D_3381710,0,3.7017803e-06,0
LA_D_3389487,0,5.2586187e-05,0
LA_D_3399382,0,3.8996886e-06,0
LA_D_3421665,0,8.018054e-05,0
LA_D_3451731,0,6.8068446e-05,0
LA_D_3453999,0,4.199632e-05,0
LA_D_3462084,0,5.3497148e-05,0
LA_D_3471536,0,1.2668163e-06,0
LA_D_3509760,0,5.3656913e-06,0
LA_D_3513451,0,6.0788334e-06,0
LA_D_3526960,0,2.4008827e-05,0
LA_D_3555608,0,2.724653e-05,0
LA_D_3571417,0,0.00019259992,0
LA_D_3583295,0,4.458246e-05,0
LA_D_3636635,0,6.0221286e-05,0
LA_D_3685242,0,4.3760905e-05,0
LA_D_3720534,0,6.746552e-05,0
LA_D_3722091,0,0.000100273384,0
LA_D_3776262,0,0.0020092519,0
LA_D_3789337,0,5.5872293e-05,0
LA_D_3804888,0,0.00093618105,0
LA_D_3813299,0,2.272428e-05,0
LA_D_3857047,0,1.3972162e-05,0
LA_D_3868260,0,2.0108387e-06,0
LA_D_3891253,0,0.00011130007,0
LA_D_3909261,0,6.981595e-05,0
LA_D_3921577,0,1.2600721e-05,0
LA_D_3945733,0,0.00014027276,0
LA_D_3957900,0,0.0007782665,0
LA_D_3983564,0,7.963761e-05,0
LA_D_4012901,0,0.0004596024,0
LA_D_4020557,0,8.010137e-05,0
LA_D_4043310,0,1.5702946e-05,0
LA_D_4054212,0,4.2264943e-05,0
LA_D_4075904,0,3.211978e-05,0
LA_D_4077124,0,6.30846e-05,0
LA_D_4083104,0,1.558497e-06,0
LA_D_4164462,0,2.6989552e-05,0
LA_D_4211607,0,4.480614e-05,0
LA_D_4288295,0,1.0513227e-05,0
LA_D_4326285,0,0.00042867012,0
LA_D_4349901,0,1e-06,0
LA_D_4374092,0,5.7185247e-05,0
LA_D_4384865,0,8.009686e-05,0
LA_D_4448415,0,4.6530542e-05,0
LA_D_4450385,0,2.699045e-05,0
LA_D_4471866,0,5.275591e-05,0
LA_D_4491035,0,6.0447524e-05,0
LA_D_4492917,0,8.211736e-05,0
LA_D_4518306,0,4.518989e-05,0
LA_D_4568137,0,4.5153447e-05,0
LA_D_4568479,0,3.485785e-05,0
LA_D_4638852,0,0.000695524,0
LA_D_4644231,0,4.010732e-06,0
LA_D_4657828,0,1.1460373e-06,0
LA_D_4669566,0,0.00014176469,0
LA_D_4673983,0,0.00037224198,0
LA_D_4687925,0,5.911078e-05,0
LA_D_4698873,0,7.958285e-06,0
LA_D_4737548,0,0.00015365086,0
LA_D_4743198,0,3.5441728e-05,0
LA_D_4756592,0,3.2438566e-05,0
LA_D_4763639,0,0.00014342621,0
LA_D_4769876,0,3.1679265e-05,0
LA_D_4811715,0,0.0005988939,0
LA_D_4839100,0,4.901449e-05,0
LA_D_4846581,0,0.000108835346,0
LA_D_4857618,0,1.7045217e-05,0
LA_D_4894666,0,3.6735684e-05,0
LA_D_4899911,0,1e-06,0
LA_D_4907586,0,0.00044027605,0
LA_D_4910423,0,6.316399e-05,0
LA_D_4912447,0,1.1394202e-06,0
LA_D_4943344,0,5.587629e-05,0
LA_D_5125866,0,0.00011576812,0
LA_D_5125915,0,2.2880085e-05,0
LA_D_5135845,0,3.0630166e-05,0
LA_D_5150969,0,4.5016768e-05,0
LA_D_5157831,0,6.1173387e-06,0
LA_D_5183182,0,5.410718e-05,0
LA_D_5184938,0,0.00010895591,0
LA_D_5185211,0,3.7223253e-05,0
LA_D_5185636,0,6.976005e-05,0
LA_D_5373686,0,4.7507816e-05,0
LA_D_5383356,0,3.2316355e-05,0
LA_D_5407666,0,3.5759294e-05,0
LA_D_5417349,0,3.3005203e-05,0
LA_D_5424569,0,9.0808804e-05,0
LA_D_5429318,0,1.8373112e-05,0
LA_D_5478942,0,5.3568925e-05,0
LA_D_5491435,0,1e-06,0
LA_D_5550937,0,8.795139e-05,0
LA_D_5552513,0,5.538056e-05,0
LA_D_5553801,0,5.770963e-05,0
LA_D_5582646,0,9.451071e-06,0
LA_D_5599192,0,6.207441e-05,0
LA_D_5602862,0,0.032727815,0
LA_D_5632375,0,0.00038374003,0
LA_D_5644302,0,6.3368716e-06,0
LA_D_5654919,0,0.00016406231,0
LA_D_5660762,0,0.010150634,0
LA_D_5685501,0,1.4658134e-06,0
LA_D_5697877,0,9.543347e-05,0
LA_D_5706460,0,0.00024408614,0
LA_D_5724074,0,2.3786513e-05,0
LA_D_5724578,0,4.6269917e-05,0
LA_D_5740428,0,3.797125e-05,0
LA_D_5756708,0,0.0008563685,0
LA_D_5773268,0,8.374339e-05,0
LA_D_5819674,0,1.5550763e-06,0
LA_D_5869004,0,5.2350373e-05,0
LA_D_5875644,0,1e-06,0
LA_D_5918359,0,5.9516613e-05,0
LA_D_5947954,0,9.114211e-05,0
LA_D_5950186,0,2.9494922e-05,0
LA_D_5953245,0,7.291167e-05,0
LA_D_5977899,0,9.928102e-05,0
LA_D_5986355,0,8.7225904e-05,0
LA_D_6038555,0,0.00043748302,0
LA_D_6045918,0,0.00011412674,0
LA_D_6049599,0,9.790091e-05,0
LA_D_6052877,0,0.00018775034,0
LA_D_6068979,0,4.809342e-06,0
LA_D_6097940,0,1.3373918e-05,0
LA_D_6102211,0,5.187726e-05,0
LA_D_6115491,0,3.0917327e-05,0
LA_D_6205878,0,0.00041459285,0
LA_D_6229436,0,5.898701e-05,0
LA_D_6239095,0,3.5876146e-05,0
LA_D_6276053,0,1.08613995e-05,0
LA_D_6358331,0,6.01234e-05,0
LA_D_6395285,0,0.00012543915,0
LA_D_6417123,0,0.0009403134,0
LA_D_6418703,0,8.2364786e-05,0
LA_D_6451019,0,0.00049369514,0
LA_D_6513075,0,1e-06,0
LA_D_6522721,0,2.7686834e-05,0
LA_D_6530557,0,3.1762604e-05,0
LA_D_6564234,0,1.1330302e-06,0
LA_D_6606510,0,6.580476e-05,0
LA_D_6618107,0,9.992431e-05,0
LA_D_6622995,0,3.7373567e-05,0
LA_D_6642731,0,7.2465424e-05,0
LA_D_6644436,0,0.00011572872,0
LA_D_6689794,0,0.00020133215,0
LA_D_6707130,0,1.0941681e-05,0
LA_D_6878658,0,7.8430414e-05,0
LA_D_6896770,0,8.3481944e-05,0
LA_D_6906000,0,1.6688078e-05,0
LA_D_6906145,0,2.4822224e-05,0
LA_D_6907717,0,8.948995e-05,0
LA_D_6919695,0,2.578679e-06,0
LA_D_6921894,0,9.506916e-05,0
LA_D_6983042,0,5.7764464e-05,0
LA_D_6993529,0,1e-06,0
LA_D_6994743,0,5.6962428e-05,0
LA_D_7031980,0,5.102512e-05,0
LA_D_7037996,0,6.026495e-05,0
LA_D_7074811,0,1e-06,0
LA_D_7079132,0,3.4645589e-06,0
LA_D_7088960,0,1.8014218e-06,0
LA_D_7122033,0,4.0432926e-05,0
LA_D_7129140,0,4.4015705e-05,0
LA_D_7134776,0,1.6857985e-05,0
LA_D_7155652,0,5.8854795e-05,0
LA_D_7178750,0,0.00013934611,0
LA_D_7186071,0,6.035642e-06,0
LA_D_7193593,0,0.00010059354,0
LA_D_7237966,0,3.9059894e-05,0
LA_D_7256380,0,6.891333e-05,0
LA_D_7295279,0,5.7198988e-05,0
LA_D_7297734,0,0.000114152856,0
LA_D_7343925,0,5.7459097e-06,0
LA_D_7391671,0,0.0003015464,0
LA_D_7417508,0,1.1143914e-05,0
LA_D_7418649,0,0.00021077672,0
LA_D_7467500,0,8.196988e-05,0
LA_D_7488110,0,6.954081e-05,0
LA_D_7500010,0,3.8170406e-06,0
LA_D_7500339,0,0.0001130803,0
LA_D_7511798,0,4.1489893e-05,0
LA_D_7520730,0,0.00020841975,0
LA_D_7570804,0,4.3350447e-05,0
LA_D_7602591,0,4.0304887e-05,0
LA_D_7657866,0,5.144991e-05,0
LA_D_7684671,0,6.630408e-05,0
LA_D_7691905,0,1e-06,0
LA_D_7694898,0,1.1212471e-05,0
LA_D_7695245,0,3.3054435e-05,0
LA_D_7696325,0,7.3292895e-06,0
LA_D_7697979,0,5.427068e-05,0
LA_D_7698904,0,2.7810042e-05,0
LA_D_7714709,0,1.2035259e-06,0
LA_D_7735407,0,5.156707e-05,0
LA_D_7741103,0,4.8150552e-05,0
LA_D_7756924,0,0.00032321055,0
LA_D_7775202,0,7.413228e-05,0
LA_D_7859058,0,4.225519e-05,0
LA_D_7861316,0,5.6124616e-05,0
LA_D_7869040,0,3.5554523e-05,0
LA_D_7874416,0,0.0013106569,0
LA_D_7885495,0,6.6016124e-05,0
LA_D_7893523,0,4.5468707e-05,0
LA_D_7913083,0,5.869299e-05,0
LA_D_7916461,0,3.7753205e-05,0
LA_D_7951172,0,7.49275e-05,0
LA_D_7976262,0,1e-06,0
LA_D_8054775,0,0.00011337829,0
LA_D_8062490,0,4.6490622e-05,0
LA_D_8085552,0,4.7196554e-05,0
LA_D_8113811,0,4.4322996e-06,0
LA_D_8115950,0,0.0067387824,0
LA_D_8122305,0,0.0003461079,0
LA_D_8151925,0,1.8119828e-05,0
LA_D_8177955,0,5.1991712e-05,0
LA_D_8182521,0,5.193364e-05,0
LA_D_8226216,0,4.8101723e-05,0
LA_D_8241089,0,1.0083803e-05,0
LA_D_8247445,0,3.130495e-05,0
LA_D_8252463,0,1.3572493e-05,0
LA_D_8321086,0,5.950157e-05,0
LA_D_8337491,0,6.369889e-05,0
LA_D_8369078,0,0.00017769515,0
LA_D_8392069,0,6.309602e-05,0
LA_D_8424077,0,5.852442e-05,0
LA_D_8425122,0,8.872455e-06,0
LA_D_8488579,0,1e-06,0
LA_D_8536703,0,4.0970503e-05,0
LA_D_8580767,0,5.052393e-05,0
LA_D_8585377,0,6.1976454e-05,0
LA_D_8599073,0,2.6543494e-05,0
LA_D_8621180,0,4.1536405e-05,0
LA_D_8647244,0,4.3163993e-05,0
LA_D_8648380,0,0.00019569375,0
LA_D_8688194,0,3.9163504e-05,0
LA_D_8752297,0,3.8822298e-05,0
LA_D_8756258,0,6.970532e-05,0
LA_D_8767891,0,5.4969783e-05,0
LA_D_8773807,0,0.00028076934,0
LA_D_8841902,0,3.658441e-05,0
LA_D_8872215,0,4.0075815e-06,0
LA_D_8880907,0,0.00048485762,0
LA_D_8909743,0,9.105906e-05,0
LA_D_8933929,0,5.388746e-05,0
LA_D_8941450,0,3.6053156e-05,0
LA_D_8953865,0,9.327735e-06,0
LA_D_8972643,0,1.9140962e-05,0
LA_D_8976301,0,0.00046674593,0
LA_D_9015599,0,3.6059926e-05,0
LA_D_9048728,0,3.4514076e-06,0
LA_D_9063449,0,7.5989716e-05,0
LA_D_9073257,0,0.00021256668,0
LA_D_9094987,0,0.0006020508,0
LA_D_9165968,0,8.086308e-05,0
LA_D_9178120,0,3.3181936e-05,0
LA_D_9204853,0,7.925686e-06,0
LA_D_9221421,0,2.085673e-05,0
LA_D_9224553,0,7.417209e-05,0
LA_D_9256084,0,4.194565e-05,0
LA_D_9265055,0,3.8292892e-05,0
LA_D_9270193,0,3.0367846e-05,0
LA_D_9288062,0,0.00011758168,0
LA_D_9306263,0,3.863416e-06,0
LA_D_9308998,0,8.283139e-05,0
LA_D_9345040,0,0.00076586753,0
LA_D_9351534,0,4.7128637e-05,0
LA_D_9360638,0,8.324267e-05,0
LA_D_9455176,0,4.880577e-05,0
LA_D_9465852,0,0.00032667673,0
LA_D_9493396,0,0.00024526072,0
LA_D_9501828,0,0.00016199621,0
LA_D_9505222,0,0.0004258415,0
LA_D_9516346,0,4.279136e-05,0
LA_D_9531069,0,2.2084394e-05,0
LA_D_9561723,0,0.00010413962,0
LA_D_9562925,0,1.5601921e-05,0
LA_D_9584720,0,3.1138807e-05,0
LA_D_9603877,0,0.0009208495,0
LA_D_9624479,0,2.3404953e-05,0
LA_D_9629615,0,1e-06,0
LA_D_9643315,0,5.6406145e-05,0
LA_D_9674554,0,2.92981e-06,0
LA_D_9698557,0,8.833659e-06,0
LA_D_9700502,0,6.538142e-05,0
LA_D_9724716,0,6.380638e-05,0
LA_D_9738955,0,3.003866e-05,0
LA_D_9773491,0,8.927959e-05,0
LA_D_9825433,0,0.00012378443,0
LA_D_9845428,0,0.00035142087,0
LA_D_9882045,0,4.7059835e-05,0
LA_D_9883728,0,1.521277e-06,0
LA_D_9925097,0,4.8856484e-05,0
LA_D_9934925,0,0.00011843238,0
LA_D_9962471,0,1.8863811e-05,0
LA_D_9964695,0,0.00016041743,0
LA_D_1000752,0,5.0647952e-05,0
LA_D_1011897,0,0.0001859064,0
LA_D_1031999,0,3.3032502e-05,0
LA_D_1046296,0,7.1263836e-05,0
LA_D_1054756,0,3.7870614e-05,0
LA_D_1081164,0,2.5593152e-05,0
LA_D_1123453,0,4.700987e-05,0
LA_D_1171425,0,4.27597e-05,0
LA_D_1179445,0,1.561837e-05,0
LA_D_1244678,0,0.00012100035,0
LA_D_1271468,0,1.5114048e-05,0
LA_D_1279578,0,9.343095e-05,0
LA_D_1314423,0,0.00031998265,0
LA_D_1369463,0,1.779806e-05,0
LA_D_1417565,0,8.374874e-05,0
LA_D_1454955,0,5.3479802e-05,0
LA_D_1472719,0,4.572094e-05,0
LA_D_1495339,0,4.0123035e-05,0
LA_D_1518141,0,0.00021339864,0
LA_D_1527843,0,1.5354502e-05,0
LA_D_1531229,0,9.739562e-06,0
LA_D_1540639,0,2.235057e-05,0
LA_D_1590758,0,2.0164027e-05,0
LA_D_1600157,0,4.657267e-05,0
LA_D_1607304,0,3.9506165e-05,0
LA_D_1629379,0,2.3137885e-05,0
LA_D_1674536,0,0.00019032981,0
LA_D_1685139,0,0.00012906446,0
LA_D_1723129,0,3.94471e-05,0
LA_D_1728557,0,4.4406975e-06,0
LA_D_1759608,0,2.7920214e-05,0
LA_D_1798555,0,5.9478803e-06,0
LA_D_1812724,0,3.2440577e-05,0
LA_D_1828356,0,3.7817274e-05,0
LA_D_1840120,0,3.7363414e-05,0
LA_D_1847944,0,4.3361444e-05,0
LA_D_1848349,0,3.3139717e-05,0
LA_D_1893786,0,7.433799e-05,0
LA_D_1900218,0,7.033645e-05,0
LA_D_1907731,0,3.4769506e-05,0
LA_D_1909708,0,0.0001305504,0
LA_D_1924724,0,1e-06,0
LA_D_1929031,0,7.961047e-06,0
LA_D_1969657,0,4.8820337e-05,0
LA_D_1975824,0,5.7300845e-06,0
LA_D_1977942,0,3.2860262e-05,0
LA_D_2079731,0,4.5985755e-05,0
LA_D_2103518,0,9.865896e-06,0
LA_D_2120805,0,9.8791825e-05,0
LA_D_2130196,0,1.2317564e-05,0
LA_D_2184798,0,7.064526e-05,0
LA_D_2188353,0,4.9950766e-05,0
LA_D_2217221,0,3.231377e-05,0
LA_D_2225574,0,2.5038502e-05,0
LA_D_2293379,0,1e-06,0
LA_D_2295230,0,0.00013797673,0
LA_D_2357497,0,5.3055144e-05,0
LA_D_2369549,0,2.1451207e-05,0
LA_D_2414625,0,1.920829e-05,0
LA_D_2427111,0,2.8743868e-06,0
LA_D_2432615,0,2.4178167e-05,0
LA_D_2433056,0,9.286709e-06,0
LA_D_2499680,0,0.0003280406,0
LA_D_2504571,0,5.3766882e-05,0
LA_D_2541236,0,1.6802835e-05,0
LA_D_2628460,0,2.885244e-05,0
LA_D_2628819,0,2.8116601e-05,0
LA_D_2636579,0,4.0853924e-05,0
LA_D_2657707,0,4.596593e-05,0
LA_D_2660514,0,0.00014290419,0
LA_D_2722401,0,5.4590215e-05,0
LA_D_2810734,0,1e-06,0
LA_D_2816308,0,9.269032e-05,0
LA_D_2850456,0,5.1159735e-05,0
LA_D_2859709,0,8.086524e-05,0
LA_D_2867530,0,7.205126e-06,0
LA_D_2882773,0,7.6513985e-05,0
LA_D_2885606,0,3.3536104e-05,0
LA_D_2921952,0,4.5474735e-05,0
LA_D_2950326,0,4.6081666e-05,0
LA_D_2971299,0,5.7502195e-05,0
LA_D_2981561,0,5.6874e-05,0
LA_D_2981790,0,6.8708076e-05,0
LA_D_3014327,0,0.000117246695,0
LA_D_3057414,0,3.58454e-05,0
LA_D_3077475,0,2.8913479e-05,0
LA_D_3087310,0,6.12468e-05,0
LA_D_3101861,0,4.6277328e-05,0
LA_D_3118362,0,7.8195764e-05,0
LA_D_3189890,0,1e-06,0
LA_D_3230643,0,5.2286414e-05,0
LA_D_3269593,0,2.1741973e-05,0
LA_D_3312747,0,6.0756123e-05,0
LA_D_3377038,0,8.336071e-05,0
LA_D_3399798,0,5.1830975e-05,0
LA_D_3441226,0,2.8206196e-05,0
LA_D_3496584,0,2.3914181e-05,0
LA_D_3547584,0,1e-06,0
LA_D_3569855,0,2.9858611e-05,0
LA_D_3588628,0,2.7297687e-05,0
LA_D_3634368,0,7.637169e-05,0
LA_D_3642434,0,4.740083e-05,0
LA_D_3662875,0,5.777003e-05,0
LA_D_3721304,0,2.9788564e-05,0
LA_D_3736436,0,4.8805534e-05,0
LA_D_3742795,0,1e-06,0
LA_D_3743022,0,3.5060515e-05,0
LA_D_3753747,0,5.5255405e-06,0
LA_D_3775667,0,0.0001978504,0
LA_D_3780562,0,6.671716e-05,0
LA_D_3783520,0,5.2047923e-05,0
LA_D_3785236,0,3.169368e-05,0
LA_D_3803714,0,4.2319065e-05,0
LA_D_3991844,0,3.859947e-05,0
LA_D_4015488,0,3.413059e-06,0
LA_D_4039179,0,2.8457748e-06,0
LA_D_4073939,0,3.975989e-05,0
LA_D_4119404,0,1.6430426e-05,0
LA_D_4121278,0,5.77447e-05,0
LA_D_4131978,0,1e-06,0
LA_D_4132005,0,4.7061316e-05,0
LA_D_4181484,0,0.00012260617,0
LA_D_4239546,0,2.5192627e-05,0
LA_D_4243835,0,2.0616108e-05,0
LA_D_4396214,0,5.456284e-05,0
LA_D_4397064,0,1.9645891e-05,0
LA_D_4458062,0,9.1428235e-05,0
LA_D_4474720,0,5.6517278e-05,0
LA_D_4491910,0,2.5221667e-05,0
LA_D_4509357,0,1.2708512e-05,0
LA_D_4538751,0,0.000117473304,0
LA_D_4562819,0,2.6148566e-05,0
LA_D_4580639,0,5.4313135e-05,0
LA_D_4599790,0,4.3017575e-05,0
LA_D_4694886,0,0.0001356021,0
LA_D_4699456,0,7.297358e-05,0
LA_D_4754875,0,6.495925e-05,0
LA_D_4801414,0,7.728044e-06,0
LA_D_4835906,0,0.00011825521,0
LA_D_4871506,0,3.1177402e-05,0
LA_D_4872589,0,4.1723117e-05,0
LA_D_4887466,0,4.141988e-05,0
LA_D_4924355,0,7.8977155e-06,0
LA_D_4925465,0,6.884663e-06,0
LA_D_4929440,0,5.7387704e-05,0
LA_D_4935985,0,1.3834204e-05,0
LA_D_4940984,0,5.0088336e-05,0
LA_D_4953037,0,3.058396e-05,0
LA_D_4978565,0,1.4415899e-05,0
LA_D_5012472,0,5.0973715e-05,0
LA_D_5042622,0,3.2362e-05,0
LA_D_5148813,0,9.943613e-05,0
LA_D_5194683,0,2.0758846e-06,0
LA_D_5203690,0,5.3362222e-05,0
LA_D_5238810,0,1.3408769e-05,0
LA_D_5287056,0,3.324398e-05,0
LA_D_5308866,0,0.000103302096,0
LA_D_5323426,0,3.864205e-05,0
LA_D_5330909,0,1e-06,0
LA_D_5380020,0,2.6203157e-05,0
LA_D_5442160,0,1.7470373e-05,0
LA_D_5450980,0,5.4449883e-05,0
LA_D_5474605,0,0.00088671606,0
LA_D_5514689,0,5.511171e-05,0
LA_D_5542976,0,3.0243546e-05,0
LA_D_5561180,0,4.3974254e-05,0
LA_D_5579170,0,2.3647008e-05,0
LA_D_5626492,0,0.00013048804,0
LA_D_5644446,0,1.9676513e-06,0
LA_D_5690727,0,3.4711396e-05,0
LA_D_5693207,0,9.6790805e-05,0
LA_D_5700704,0,3.7831916e-05,0
LA_D_5717327,0,4.3648375e-05,0
LA_D_5755194,0,0.00024950498,0
LA_D_5767805,0,2.013678e-05,0
LA_D_5788523,0,6.658718e-05,0
LA_D_5806432,0,3.9534323e-05,0
LA_D_5859057,0,4.6481044e-05,0
LA_D_5863762,0,5.101505e-05,0
LA_D_5871402,0,6.7932655e-05,0
LA_D_5873604,0,7.537705e-05,0
LA_D_5897761,0,3.586455e-05,0
LA_D_5918498,0,6.139217e-05,0
LA_D_5932598,0,5.08695e-05,0
LA_D_5934154,0,6.185388e-05,0
LA_D_5960511,0,4.182486e-05,0
LA_D_5961603,0,6.658377e-06,0
LA_D_5974456,0,8.920963e-05,0
LA_D_5996371,0,1.751124e-05,0
LA_D_6073207,0,3.9619128e-05,0
LA_D_6097564,0,5.751135e-05,0
LA_D_6099244,0,5.284196e-05,0
LA_D_6198361,0,0.000119830074,0
LA_D_6246382,0,1.8212403e-06,0
LA_D_6252373,0,1e-06,0
LA_D_6271997,0,1.1928469e-05,0
LA_D_6346227,0,2.8040477e-06,0
LA_D_6367384,0,0.00039559047,0
LA_D_6373288,0,3.5105244e-05,0
LA_D_6407830,0,5.4759416e-06,0
LA_D_6472939,0,2.2106266e-05,0
LA_D_6516575,0,6.194945e-05,0
LA_D_6516814,0,6.114864e-05,0
LA_D_6520063,0,4.6373458e-05,0
LA_D_6568228,0,4.9886406e-05,0
LA_D_6575380,0,1e-06,0
LA_D_6612646,0,7.74628e-05,0
LA_D_6626918,0,2.7888096e-05,0
LA_D_6694820,0,6.755809e-05,0
LA_D_6717975,0,2.4332057e-05,0
LA_D_6738889,0,3.20989e-05,0
LA_D_6766548,0,5.3144762e-05,0
LA_D_6830608,0,0.0001817741,0
LA_D_6936838,0,1.8512742e-06,0
LA_D_6971712,0,1.2577094e-05,0
LA_D_6979806,0,5.7530483e-06,0
LA_D_7031958,0,1.5463494e-05,0
LA_D_7063977,0,2.8782857e-05,0
LA_D_7127082,0,3.740523e-05,0
LA_D_7130895,0,0.00014539239,0
LA_D_7133142,0,2.9879151e-05,0
LA_D_7219088,0,3.0019044e-05,0
LA_D_7246488,0,5.9604703e-05,0
LA_D_7284760,0,2.7765832e-06,0
LA_D_7330298,0,1e-06,0
LA_D_7342764,0,4.1595988e-05,0
LA_D_7419811,0,4.3774133e-05,0
LA_D_7427303,0,0.00017069658,0
LA_D_7429028,0,3.4222078e-06,0
LA_D_7438016,0,7.0881106e-05,0
LA_D_7477006,0,5.441713e-05,0
LA_D_7511640,0,5.6672117e-05,0
LA_D_7551987,0,0.008340877,0
LA_D_7608750,0,5.2700347e-05,0
LA_D_7608776,0,9.725257e-05,0
LA_D_7630499,0,2.7559809e-05,0
LA_D_7643950,0,2.555145e-05,0
LA_D_7724545,0,2.7187998e-05,0
LA_D_7740262,0,4.2348096e-05,0
LA_D_7772989,0,4.646704e-05,0
LA_D_7813614,0,1e-06,0
LA_D_7862876,0,4.5003977e-05,0
LA_D_7866293,0,1.5744092e-05,0
LA_D_7922604,0,3.8156304e-05,0
LA_D_7962163,0,7.213372e-05,0
LA_D_7984251,0,0.00018266193,0
LA_D_7986044,0,1.2094124e-05,0
LA_D_7992518,0,4.9398615e-05,0
LA_D_8063205,0,5.4755175e-05,0
LA_D_8113228,0,0.00016786468,0
LA_D_8169185,0,1.772776e-05,0
LA_D_8169310,0,4.7717946e-05,0
LA_D_8205041,0,7.225599e-05,0
LA_D_8234296,0,9.366181e-05,0
LA_D_8249434,0,0.00010983152,0
LA_D_8270568,0,0.00028273862,0
LA_D_8285541,0,2.118122e-06,0
LA_D_8310930,0,3.7114787e-05,0
LA_D_8322404,0,1.8907956e-05,0
LA_D_8338331,0,1e-06,0
LA_D_8381871,0,4.1566564e-05,0
LA_D_8400810,0,1.836099e-05,0
LA_D_8438420,0,5.373787e-05,0
LA_D_8468186,0,3.8226088e-05,0
LA_D_8482937,0,4.5060147e-05,0
LA_D_8558362,0,4.1736646e-05,0
LA_D_8572188,0,3.464684e-05,0
LA_D_8582702,0,9.497864e-06,0
LA_D_8632409,0,1.7350512e-05,0
LA_D_8655539,0,3.3579367e-05,0
LA_D_8713797,0,3.825725e-06,0
LA_D_8735190,0,9.293053e-06,0
LA_D_8758676,0,2.634573e-05,0
LA_D_8770785,0,1e-06,0
LA_D_8821382,0,3.320346e-05,0
LA_D_8829502,0,1.7551263e-05,0
LA_D_8939040,0,2.8458988e-05,0
LA_D_8957132,0,5.7417372e-05,0
LA_D_9012367,0,0.00047144148,0
LA_D_9050106,0,3.4074466e-05,0
LA_D_9053096,0,3.927181e-05,0
LA_D_9092413,0,1e-06,0
LA_D_9096116,0,0.00018586707,0
LA_D_9161942,0,1.6381813e-05,0
LA_D_9178575,0,8.932804e-05,0
LA_D_9180824,0,3.7091715e-05,0
LA_D_9287624,0,6.237133e-05,0
LA_D_9314868,0,7.768048e-06,0
LA_D_9327657,0,5.527709e-05,0
LA_D_9335121,0,1.5120983e-05,0
LA_D_9347638,0,5.4613538e-05,0
LA_D_9351516,0,2.9223507e-05,0
LA_D_9478492,0,4.2767693e-05,0
LA_D_9482946,0,8.6890395e-06,0
LA_D_9493572,0,2.9594377e-05,0
LA_D_9643882,0,1e-06,0
LA_D_9693082,0,3.0065678e-06,0
LA_D_9709000,0,6.6516295e-05,0
LA_D_9716462,0,7.831472e-05,0
LA_D_9717176,0,0.0001140123,0
LA_D_9728878,0,4.138778e-05,0
LA_D_9793079,0,6.164296e-05,0
LA_D_9883916,0,3.900741e-05,0
LA_D_9888091,0,3.872435e-05,0
LA_D_9896820,0,4.9770322e-05,0
LA_D_9949656,0,1.477887e-05,0
LA_D_9980947,0,2.3459075e-05,0
LA_D_9998252,0,9.90893e-06,0
LA_D_1034187,0,2.7539209e-05,0
LA_D_1051251,0,3.7173822e-06,0
LA_D_1083207,0,3.089705e-05,0
LA_D_1107420,0,1e-06,0
LA_D_1163800,0,1.144138e-05,0
LA_D_1207603,0,2.5931797e-05,0
LA_D_1215066,0,9.868992e-06,0
LA_D_1249171,0,2.2920773e-05,0
LA_D_1266569,0,2.3655963e-05,0
LA_D_1276848,0,1.4253578e-06,0
LA_D_1295900,0,4.8854035e-06,0
LA_D_1298452,0,3.925373e-05,0
LA_D_1325774,0,2.3085915e-05,0
LA_D_1339898,0,1e-06,0
LA_D_1381098,0,1.2981253e-05,0
LA_D_1399230,0,5.460667e-05,0
LA_D_1415071,0,2.7260123e-05,0
LA_D_1522979,0,1.20156055e-05,0
LA_D_1533885,0,0.00053876895,0
LA_D_1533909,0,2.1976071e-05,0
LA_D_1553275,0,4.6251353e-06,0
LA_D_1568415,0,4.05623e-05,0
LA_D_1588199,0,3.5018413e-05,0
LA_D_1647258,0,2.8986115e-05,0
LA_D_1679200,0,1.4403984e-05,0
LA_D_1687320,0,1e-06,0
LA_D_1722394,0,2.7007392e-05,0
LA_D_1753198,0,1.6339905e-05,0
LA_D_1757233,0,3.182303e-05,0
LA_D_1819222,0,5.4898173e-05,0
LA_D_1853874,0,1e-06,0
LA_D_1865483,0,8.206765e-05,0
LA_D_1866359,0,2.468726e-05,0
LA_D_1891505,0,4.652424e-05,0
LA_D_1973577,0,9.434248e-06,0
LA_D_1989804,0,6.7546453e-06,0
LA_D_2017659,0,1e-06,0
LA_D_2041233,0,1e-06,0
LA_D_2075139,0,1e-06,0
LA_D_2076743,0,4.5328175e-05,0
LA_D_2081509,0,2.7377722e-05,0
LA_D_2139624,0,1e-06,0
LA_D_2192294,0,3.4657085e-05,0
LA_D_2211287,0,1e-06,0
LA_D_2212252,0,5.9081474e-05,0
LA_D_2220021,0,2.99007e-05,0
LA_D_2256162,0,5.0647145e-06,0
LA_D_2287208,0,7.005972e-05,0
LA_D_2293278,0,1e-06,0
LA_D_2299711,0,4.2133754e-05,0
LA_D_2352772,0,1e-06,0
LA_D_2375510,0,2.571631e-05,0
LA_D_2378498,0,1e-06,0
LA_D_2391042,0,4.757432e-05,0
LA_D_2405981,0,3.4274377e-05,0
LA_D_2434311,0,1.1969424e-05,0
LA_D_2462147,0,1.621813e-05,0
LA_D_2509933,0,3.1868916e-05,0
LA_D_2548377,0,3.244822e-05,0
LA_D_2571407,0,7.909277e-05,0
LA_D_2578678,0,3.912149e-06,0
LA_D_2582183,0,5.7617137e-05,0
LA_D_2588535,0,4.760904e-05,0
LA_D_2605084,0,5.871431e-05,0
LA_D_2623706,0,1.3084727e-05,0
LA_D_2626792,0,1.424821e-06,0
LA_D_2648600,0,4.336835e-05,0
LA_D_2650745,0,4.0094958e-05,0
LA_D_2651974,0,6.5514178e-06,0
LA_D_2667973,0,1e-06,0
LA_D_2678873,0,3.1868705e-05,0
LA_D_2679440,0,3.0658086e-06,0
LA_D_2692975,0,1.4785948e-05,0
LA_D_2726583,0,1e-06,0
LA_D_2727449,0,5.091335e-06,0
LA_D_2742354,0,1.1528289e-05,0
LA_D_2759665,0,1e-06,0
LA_D_2765207,0,1e-06,0
LA_D_2818072,0,4.3401324e-05,0
LA_D_2844576,0,1.561977e-05,0
LA_D_2875086,0,2.0784695e-05,0
LA_D_2887795,0,1.7346261e-05,0
LA_D_2929419,0,3.4450048e-05,0
LA_D_2936311,0,3.1723554e-05,0
LA_D_2943838,0,1e-06,0
LA_D_2959188,0,4.758178e-06,0
LA_D_2970993,0,5.3336073e-05,0
LA_D_2984009,0,9.0989215e-06,0
LA_D_2998440,0,1.0810327e-06,0
LA_D_3003086,0,1e-06,0
LA_D_3020494,0,2.7629465e-05,0
LA_D_3036353,0,3.001057e-05,0
LA_D_3089136,0,2.8541775e-05,0
LA_D_3128305,0,2.7504198e-05,0
LA_D_3143433,0,1.6025793e-05,0
LA_D_3301789,0,1.2147863e-06,0
LA_D_3307272,0,4.3472653e-05,0
LA_D_3355462,0,4.8452213e-05,0
LA_D_3391776,0,4.0476352e-06,0
LA_D_3420026,0,1.5395543e-05,0
LA_D_3440170,0,2.4548222e-06,0
LA_D_3449640,0,1.7596767e-05,0
LA_D_3468544,0,3.910812e-05,0
LA_D_3490330,0,1.789477e-06,0
LA_D_3512693,0,1e-06,0
LA_D_3605545,0,6.201181e-06,0
LA_D_3611882,0,3.0909043e-05,0
LA_D_3616666,0,1.242091e-05,0
LA_D_3624723,0,4.8479436e-05,0
LA_D_3648882,0,3.1771433e-06,0
LA_D_3656689,0,1e-06,0
LA_D_3663936,0,4.0252726e-05,0
LA_D_3673853,0,2.9610273e-05,0
LA_D_3673912,0,2.1203037e-05,0
LA_D_3690958,0,4.26199e-05,0
LA_D_3703786,0,1e-06,0
LA_D_3736756,0,2.8885315e-05,0
LA_D_3747521,0,2.4511271e-05,0
LA_D_3758762,0,2.1731981e-05,0
LA_D_3759938,0,1.4865371e-06,0
LA_D_3792822,0,4.3866487e-05,0
LA_D_3903108,0,3.4670244e-05,0
LA_D_3905736,0,4.6761317e-05,0
LA_D_3954480,0,3.736176e-06,0
LA_D_4025022,0,2.3258768e-05,0
LA_D_4053532,0,1.8802783e-05,0
LA_D_4061958,0,2.5690983e-06,0
LA_D_4071634,0,5.7226734e-06,0
LA_D_4100744,0,8.426777e-06,0
LA_D_4168975,0,2.8990532e-06,0
LA_D_4169964,0,1e-06,0
LA_D_4194978,0,3.6925878e-05,0
LA_D_4207969,0,6.175434e-05,0
LA_D_4222295,0,1e-06,0
LA_D_4223747,0,3.03923e-05,0
LA_D_4225288,0,2.1595235e-05,0
LA_D_4228834,0,3.1759515e-05,0
LA_D_4237630,0,1.5739484e-05,0
LA_D_4250751,0,1.0545243e-06,0
LA_D_4309364,0,9.5644355e-06,0
LA_D_4319399,0,3.2276469e-06,0
LA_D_4392265,0,1.987889e-05,0
LA_D_4407621,0,1.1100893e-05,0
LA_D_4451070,0,4.5844704e-06,0
LA_D_4453435,0,3.1065276e-05,0
LA_D_4463629,0,1e-06,0
LA_D_4468314,0,2.5922549e-05,0
LA_D_4469593,0,3.971123e-05,0
LA_D_4502659,0,1.3195588e-06,0
LA_D_4505651,0,8.372087e-05,0
LA_D_4535371,0,2.1167782e-05,0
LA_D_4540421,0,2.1209853e-05,0
LA_D_4565179,0,1e-06,0
LA_D_4583644,0,1e-06,0
LA_D_4593608,0,4.8299194e-06,0
LA_D_4609361,0,1.4373495e-05,0
LA_D_4620216,0,4.3532914e-06,0
LA_D_4667765,0,1.5458629e-05,0
LA_D_4679758,0,2.9398825e-05,0
LA_D_4698819,0,2.5499698e-05,0
LA_D_4699141,0,2.900179e-05,0
LA_D_4703715,0,2.6103493e-05,0
LA_D_4726778,0,2.2779284e-05,0
LA_D_4736704,0,6.331815e-06,0
LA_D_4779224,0,6.8028316e-06,0
LA_D_4819731,0,2.7000491e-05,0
LA_D_4822459,0,1e-06,0
LA_D_4828676,0,2.6484782e-05,0
LA_D_4843932,0,1.4488036e-05,0
LA_D_4845444,0,6.5068793e-06,0
LA_D_4847009,0,3.4134177e-05,0
LA_D_4866266,0,4.62998e-05,0
LA_D_4872241,0,2.4590732e-05,0
LA_D_4875383,0,2.0343232e-05,0
LA_D_4903487,0,1.0349585e-05,0
LA_D_4907373,0,3.2064876e-05,0
LA_D_4907991,0,4.0793973e-05,0
LA_D_4919412,0,2.4113024e-05,0
LA_D_4925724,0,4.5619374e-05,0
LA_D_4947976,0,6.332298e-06,0
LA_D_4984564,0,1.9445459e-05,0
LA_D_5036568,0,3.7648653e-05,0
LA_D_5041677,0,1.0345549e-05,0
LA_D_5107987,0,1.7655313e-05,0
LA_D_5127108,0,3.843015e-05,0
LA_D_5183585,0,6.7638866e-05,0
LA_D_5199254,0,1.2836898e-05,0
LA_D_5220536,0,7.4770182e-06,0
LA_D_5246117,0,3.5956604e-05,0
LA_D_5298685,0,5.123658e-06,0
LA_D_5302589,0,0.000108651904,0
LA_D_5311142,0,1.9753485e-05,0
LA_D_5312735,0,5.101539e-05,0
LA_D_5350698,0,3.5495202e-06,0
LA_D_5395655,0,3.2438133e-05,0
LA_D_5422427,0,3.685759e-05,0
LA_D_5428671,0,3.4756646e-05,0
LA_D_5508105,0,1.7607324e-05,0
LA_D_5527964,0,2.8578761e-05,0
LA_D_5531351,0,1.727109e-05,0
LA_D_5643160,0,3.903085e-05,0
LA_D_5652696,0,1.3496714e-05,0
LA_D_5676887,0,1e-06,0
LA_D_5703244,0,5.1483337e-05,0
LA_D_5849020,0,5.1175634e-06,0
LA_D_5856680,0,1.5690643e-05,0
LA_D_5891882,0,3.0502812e-05,0
LA_D_5901688,0,1.7579156e-05,0
LA_D_5954393,0,1e-06,0
LA_D_5975126,0,6.8904556e-06,0
LA_D_5988160,0,9.008641e-06,0
LA_D_5998276,0,3.8986134e-05,0
LA_D_6021802,0,0.00012556204,0
LA_D_6028588,0,1.6076484e-06,0
LA_D_6035174,0,1.8756635e-06,0
LA_D_6049417,0,4.0655555e-05,0
LA_D_6064017,0,1e-06,0
LA_D_6064137,0,1.1297834e-05,0
LA_D_6065588,0,6.1058918e-06,0
LA_D_6085907,0,4.8029902e-05,0
LA_D_6088419,0,4.8042177e-05,0
LA_D_6088722,0,2.9769764e-05,0
LA_D_6129434,0,1e-06,0
LA_D_6132418,0,2.5282675e-06,0
LA_D_6137020,0,1.0194099e-06,0
LA_D_6161657,0,6.573078e-06,0
LA_D_6165122,0,3.347303e-05,0
LA_D_6191538,0,0.00016598798,0
LA_D_6197749,0,3.2586802e-05,0
LA_D_6202014,0,1e-06,0
LA_D_6215628,0,2.3694727e-05,0
LA_D_6239988,0,2.2941043e-05,0
LA_D_6274651,0,0.00015821248,0
LA_D_6307332,0,3.7410675e-06,0
LA_D_6320723,0,1.5871039e-05,0
LA_D_6341295,0,4.288057e-06,0
LA_D_6349595,0,1e-06,0
LA_D_6349615,0,1e-06,0
LA_D_6373250,0,4.174676e-05,0
LA_D_6392761,0,1e-06,0
LA_D_6401070,0,3.5175282e-05,0
LA_D_6447915,0,2.7993534e-05,0
LA_D_6470710,0,5.4001608e-05,0
LA_D_6517297,0,4.4401288e-05,0
LA_D_6518612,0,6.43431e-05,0
LA_D_6563560,0,1.6257787e-05,0
LA_D_6588338,0,1.2844441e-05,0
LA_D_6596195,0,1e-06,0
LA_D_6626302,0,5.1125585e-06,0
LA_D_6647418,0,1e-06,0
LA_D_6647671,0,8.613827e-06,0
LA_D_6687518,0,4.3118613e-05,0
LA_D_6689676,0,4.713574e-06,0
LA_D_6694291,0,2.9662982e-05,0
LA_D_6709679,0,2.6623045e-05,0
LA_D_6748831,0,2.414464e-05,0
LA_D_6754842,0,3.977521e-05,0
LA_D_6767175,0,1.8996465e-05,0
LA_D_6773210,0,1e-06,0
LA_D_6800111,0,3.009747e-05,0
LA_D_6805968,0,6.480636e-05,0
LA_D_6840802,0,2.0868012e-05,0
LA_D_6863099,0,1.20722525e-05,0
LA_D_6895001,0,2.4193896e-05,0
LA_D_6939321,0,9.063811e-06,0
LA_D_6943350,0,2.801674e-05,0
LA_D_6949242,0,1.1259952e-05,0
LA_D_6954032,0,4.2036507e-05,0
LA_D_6970271,0,2.1498803e-05,0
LA_D_7010965,0,4.1254356e-05,0
LA_D_7017874,0,8.0857535e-05,0
LA_D_7018861,0,7.990126e-06,0
LA_D_7022063,0,3.6415626e-05,0
LA_D_7069093,0,2.4635467e-06,0
LA_D_7074281,0,7.519778e-05,0
LA_D_7093931,0,1.3916138e-05,0
LA_D_7094975,0,2.4777212e-06,0
LA_D_7110354,0,1e-06,0
LA_D_7128095,0,3.539707e-05,0
LA_D_7236544,0,2.0883444e-06,0
LA_D_7295286,0,2.279854e-05,0
LA_D_7296086,0,1.8903718e-05,0
LA_D_7314692,0,1e-06,0
LA_D_7328082,0,1e-06,0
LA_D_7353135,0,4.193253e-06,0
LA_D_7373087,0,3.110586e-05,0
LA_D_7381015,0,7.5788453e-06,0
LA_D_7383339,0,2.8650707e-06,0
LA_D_7392284,0,1.22788615e-05,0
LA_D_7393784,0,1.5615362e-05,0
LA_D_7419068,0,3.4193996e-05,0
LA_D_7422452,0,1.410548e-06,0
LA_D_7465949,0,2.3809932e-06,0
LA_D_7468068,0,1.4963604e-05,0
LA_D_7469185,0,9.617164e-06,0
LA_D_7486262,0,4.309485e-05,0
LA_D_7502627,0,1.982482e-05,0
LA_D_7529130,0,1.4864358e-05,0
LA_D_7591714,0,3.1073425e-05,0
LA_D_7603396,0,4.5487504e-06,0
LA_D_7606763,0,1e-06,0
LA_D_7649168,0,3.0060287e-06,0
LA_D_7653225,0,4.2512413e-05,0
LA_D_7657209,0,1e-06,0
LA_D_7663030,0,1.4504891e-06,0
LA_D_7694906,0,5.3060452e-05,0
LA_D_7695226,0,1.8926579e-06,0
LA_D_7712668,0,2.5358318e-05,0
LA_D_7718596,0,5.430255e-06,0
LA_D_7760227,0,3.6982612e-05,0
LA_D_7813544,0,1.2287436e-05,0
LA_D_7870101,0,2.5038096e-05,0
LA_D_7875076,0,3.1742256e-05,0
LA_D_7878211,0,6.045245e-06,0
LA_D_7916377,0,4.1464104e-05,0
LA_D_7929797,0,2.0964417e-05,0
LA_D_7973563,0,1e-06,0
LA_D_7974256,0,5.246963e-05,0
LA_D_7992459,0,3.0816595e-05,0
LA_D_8081020,0,4.1884894e-05,0
LA_D_8083619,0,2.945484e-05,0
LA_D_8085936,0,1.2034994e-06,0
LA_D_8100445,0,4.176193e-05,0
LA_D_8106714,0,5.3406256e-06,0
LA_D_8120088,0,5.3061794e-06,0
LA_D_8123158,0,2.2882487e-05,0
LA_D_8128864,0,1e-06,0
LA_D_8150974,0,2.497697e-05,0
LA_D_8158595,0,1e-06,0
LA_D_8166014,0,1.0768904e-05,0
LA_D_8171872,0,7.0852884e-06,0
LA_D_8174961,0,1.9599763e-06,0
LA_D_8190422,0,3.7265978e-05,0
LA_D_8196432,0,4.214625e-05,0
LA_D_8212949,0,4.1064573e-05,0
LA_D_8222349,0,2.8527027e-05,0
LA_D_8243403,0,7.4699055e-06,0
LA_D_8244013,0,1.1449252e-06,0
LA_D_8258956,0,4.7315476e-05,0
LA_D_8289914,0,1e-06,0
LA_D_8307153,0,3.952731e-05,0
LA_D_8337935,0,5.6888763e-05,0
LA_D_8339762,0,4.7941627e-05,0
LA_D_8376975,0,4.3339947e-05,0
LA_D_8433871,0,2.3968407e-05,0
LA_D_8443980,0,2.028559e-06,0
LA_D_8468320,0,8.566477e-06,0
LA_D_8487885,0,8.005112e-06,0
LA_D_8493947,0,0.0001267756,0
LA_D_8572488,0,4.671753e-06,0
LA_D_8603311,0,7.673098e-06,0
LA_D_8619361,0,4.8791622e-05,0
LA_D_8632004,0,0.00010150538,0
LA_D_8638456,0,2.4994963e-05,0
LA_D_8663420,0,5.911169e-06,0
LA_D_8687308,0,3.900811e-05,0
LA_D_8699572,0,2.3439396e-05,0
LA_D_8701065,0,3.573843e-05,0
LA_D_8713273,0,4.0534345e-05,0
LA_D_8746442,0,2.7757207e-05,0
LA_D_8751654,0,4.610914e-05,0
LA_D_8778868,0,3.912155e-05,0
LA_D_8780238,0,3.086124e-05,0
LA_D_8783152,0,6.2425956e-05,0
LA_D_8791958,0,3.948579e-05,0
LA_D_8846461,0,1.1400287e-05,0
LA_D_8982257,0,5.7402372e-05,0
LA_D_9015720,0,5.0899416e-06,0
LA_D_9024122,0,4.4726094e-05,0
LA_D_9046194,0,3.3843822e-05,0
LA_D_9123302,0,1.1956942e-05,0
LA_D_9125073,0,1e-06,0
LA_D_9131773,0,7.712506e-05,0
LA_D_9196907,0,2.4583298e-05,0
LA_D_9202818,0,1.0742368e-05,0
LA_D_9205726,0,3.6249283e-05,0
LA_D_9266858,0,1e-06,0
LA_D_9286130,0,1.945351e-05,0
LA_D_9297953,0,6.083183e-06,0
LA_D_9306701,0,3.579512e-05,0
LA_D_9310155,0,3.1227453e-05,0
LA_D_9316697,0,5.3874733e-06,0
LA_D_9410566,0,1.098658e-05,0
LA_D_9422357,0,2.2758482e-05,0
LA_D_9425878,0,1e-06,0
LA_D_9439826,0,4.9814338e-05,0
LA_D_9463746,0,2.7424142e-06,0
LA_D_9465437,0,7.1196795e-05,0
LA_D_9473341,0,5.482639e-05,0
LA_D_9513966,0,2.9356523e-05,0
LA_D_9520795,0,3.3982436e-05,0
LA_D_9526098,0,4.8115027e-05,0
LA_D_9565110,0,4.7357094e-05,0
LA_D_9575084,0,5.758093e-06,0
LA_D_9602040,0,3.9818777e-05,0
LA_D_9614885,0,1e-06,0
LA_D_9621486,0,2.8945482e-05,0
LA_D_9631128,0,3.484585e-05,0
LA_D_9632383,0,2.2466977e-05,0
LA_D_9641174,0,3.4729605e-05,0
LA_D_9656849,0,3.2859307e-06,0
LA_D_9667226,0,8.773538e-06,0
LA_D_9712589,0,5.8697125e-05,0
LA_D_9720372,0,3.30714e-05,0
LA_D_9720674,0,2.400205e-05,0
LA_D_9775496,0,3.418324e-05,0
LA_D_9796324,0,4.3549793e-05,0
LA_D_9823996,0,1e-06,0
LA_D_9826064,0,3.993983e-05,0
LA_D_9851042,0,6.859744e-05,0
LA_D_9927649,0,2.6606725e-05,0
LA_D_9947258,0,2.4470048e-05,0
LA_D_9976747,0,5.641061e-05,0
LA_D_9994672,0,1.0051504e-05,0
LA_D_1047174,0,2.9844636e-05,0
LA_D_1131241,0,8.717965e-06,0
LA_D_1171358,0,1.8607205e-05,0
LA_D_1185552,0,5.6416637e-05,0
LA_D_1237375,0,0.00022373674,0
LA_D_1256151,0,2.1844018e-05,0
LA_D_1263173,0,4.1912703e-05,0
LA_D_1293430,0,9.6068055e-05,0
LA_D_1304769,0,2.3853523e-05,0
LA_D_1309629,0,2.6924608e-06,0
LA_D_1344374,0,0.00011726279,0
LA_D_1409464,0,0.00017463541,0
LA_D_1430175,0,6.1928836e-06,0
LA_D_1445597,0,1.0909631e-05,0
LA_D_1458628,0,7.065301e-05,0
LA_D_1491201,0,4.521572e-06,0
LA_D_1529314,0,1.5513837e-06,0
LA_D_1548121,0,6.2814164e-05,0
LA_D_1548718,0,2.8065944e-05,0
LA_D_1565766,0,4.6112702e-05,0
LA_D_1626255,0,0.00010780812,0
LA_D_1627570,0,6.378071e-05,0
LA_D_1634113,0,1.1361355e-05,0
LA_D_1659790,0,2.192307e-05,0
LA_D_1727741,0,0.00011027647,0
LA_D_1740367,0,0.000653929,0
LA_D_1743186,0,1.5750855e-06,0
LA_D_1746522,0,2.157068e-06,0
LA_D_1757304,0,5.929564e-06,0
LA_D_1769886,0,6.665732e-05,0
LA_D_1771787,0,9.469394e-06,0
LA_D_1817691,0,6.8277386e-06,0
LA_D_1827728,0,1.6305049e-06,0
LA_D_1828116,0,1.0897317e-06,0
LA_D_1860595,0,2.302264e-05,0
LA_D_1879704,0,4.293045e-05,0
LA_D_1919208,0,3.159882e-05,0
LA_D_1919831,0,2.4246451e-06,0
LA_D_1941984,0,5.9357055e-05,0
LA_D_1961391,0,5.0424966e-05,0
LA_D_1991992,0,8.123484e-05,0
LA_D_1997650,0,3.8957256e-05,0
LA_D_2003485,0,1.1704333e-06,0
LA_D_2011612,0,6.431992e-05,0
LA_D_2060563,0,2.1076762e-06,0
LA_D_2083171,0,2.2008413e-05,0
LA_D_2098426,0,1e-06,0
LA_D_2122992,0,2.7274424e-05,0
LA_D_2133380,0,1.3216217e-05,0
LA_D_2161743,0,1.4766332e-05,0
LA_D_2177492,0,1.4100397e-06,0
LA_D_2218769,0,0.00095564406,0
LA_D_2228196,0,8.27734e-06,0
LA_D_2231963,0,6.649086e-05,0
LA_D_2262103,0,1e-06,0
LA_D_2287910,0,0.0020504615,0
LA_D_2308577,0,1.4448535e-05,0
LA_D_2321587,0,2.1282896e-05,0
LA_D_2341747,0,1.5373711e-05,0
LA_D_2366913,0,2.4065286e-05,0
LA_D_2366973,0,3.50858e-05,0
LA_D_2419198,0,1e-06,0
LA_D_2432364,0,7.677578e-06,0
LA_D_2463946,0,0.00013861776,0
LA_D_2468032,0,3.9278257e-05,0
LA_D_2529149,0,5.677322e-06,0
LA_D_2532144,0,3.0236017e-05,0
LA_D_2573843,0,1e-06,0
LA_D_2646346,0,0.00034949923,0
LA_D_2654921,0,5.419254e-05,0
LA_D_2669234,0,3.664576e-05,0
LA_D_2685701,0,1e-06,0
LA_D_2720773,0,2.5941543e-05,0
LA_D_2793178,0,0.00013387649,0
LA_D_2812574,0,0.00015750896,0
LA_D_2859736,0,0.022649989,0
LA_D_2863716,0,0.0005898125,0
LA_D_2876264,0,6.584496e-06,0
LA_D_2879598,0,3.317792e-05,0
LA_D_2890838,0,5.7772395e-06,0
LA_D_2903522,0,0.00014704777,0
LA_D_2934374,0,3.592541e-05,0
LA_D_2952773,0,4.5630775e-05,0
LA_D_2983246,0,1.9748453e-05,0
LA_D_2999770,0,0.00044901573,0
LA_D_3033532,0,1e-06,0
LA_D_3066121,0,2.0358215e-05,0
LA_D_3074557,0,7.000302e-05,0
LA_D_3116475,0,0.0001270365,0
LA_D_3119194,0,1e-06,0
LA_D_3152313,0,1.0280931e-05,0
LA_D_3200033,0,2.4122155e-05,0
LA_D_3208200,0,1e-06,0
LA_D_3231942,0,2.8267245e-06,0
LA_D_3272044,0,0.000101337675,0
LA_D_3285914,0,4.457736e-05,0
LA_D_3368702,0,1e-06,0
LA_D_3379640,0,0.0007810598,0
LA_D_3381285,0,5.060316e-06,0
LA_D_3399241,0,0.00014284342,0
LA_D_3406616,0,2.3146296e-05,0
LA_D_3463311,0,9.355058e-06,0
LA_D_3512477,0,4.850169e-06,0
LA_D_3521518,0,1e-06,0
LA_D_3602419,0,8.376723e-06,0
LA_D_3619498,0,3.1953996e-06,0
LA_D_3655532,0,3.5591398e-05,0
LA_D_3700291,0,0.0005012971,0
LA_D_3705784,0,0.00020029228,0
LA_D_3736074,0,1.064723e-05,0
LA_D_3771906,0,8.890113e-06,0
LA_D_3772874,0,0.00050944486,0
LA_D_3794799,0,1.0113185e-05,0
LA_D_3846197,0,2.3038722e-06,0
LA_D_3854298,0,1e-06,0
LA_D_3858656,0,0.00013349675,0
LA_D_3894817,0,1.3839491e-06,0
LA_D_3914016,0,2.679743e-05,0
LA_D_3938510,0,2.0636742e-05,0
LA_D_3944263,0,1.1844435e-06,0
LA_D_3950513,0,1.9579007e-05,0
LA_D_3991397,0,2.77417e-05,0
LA_D_4070616,0,2.5359284e-05,0
LA_D_4071650,0,0.00011854412,0
LA_D_4080342,0,1e-06,0
LA_D_4100470,0,1e-06,0
LA_D_4114991,0,2.8442037e-06,0
LA_D_4142229,0,1.2732958e-05,0
LA_D_4159900,0,0.00010022788,0
LA_D_4170901,0,8.567147e-06,0
LA_D_4198232,0,6.789548e-05,0
LA_D_4226354,0,6.086857e-05,0
LA_D_4242624,0,4.3671942e-05,0
LA_D_4277582,0,0.018576607,0
LA_D_4291683,0,3.954933e-05,0
LA_D_4340347,0,6.43182e-06,0
LA_D_4340524,0,1e-06,0
LA_D_4363843,0,1.1109874e-05,0
LA_D_4379297,0,3.109699e-05,0
LA_D_4392877,0,4.0986524e-05,0
LA_D_4400364,0,3.4678575e-05,0
LA_D_4445016,0,4.1921936e-05,0
LA_D_4449630,0,1e-06,0
LA_D_4454615,0,7.544083e-05,0
LA_D_4459311,0,1e-06,0
LA_D_4492259,0,3.7167563e-05,0
LA_D_4506339,0,1.9878737e-05,0
LA_D_4508905,0,3.164612e-06,0
LA_D_4585531,0,0.01562655,0
LA_D_4595832,0,1.54722e-06,0
LA_D_4603372,0,2.9939678e-05,0
LA_D_4625335,0,0.00017727527,0
LA_D_4684613,0,3.2989625e-05,0
LA_D_4690923,0,7.83254e-05,0
LA_D_4700343,0,5.8244146e-05,0
LA_D_4719007,0,3.1138923e-05,0
LA_D_4721450,0,1e-06,0
LA_D_4761065,0,3.6951005e-06,0
LA_D_4769648,0,7.840196e-06,0
LA_D_4782501,0,4.9644375e-05,0
LA_D_4789709,0,1e-06,0
LA_D_4841565,0,0.000102720085,0
LA_D_4866362,0,2.9074292e-05,0
LA_D_4878580,0,3.812533e-06,0
LA_D_4895446,0,1.9235309e-05,0
LA_D_4896414,0,1e-06,0
LA_D_4914203,0,9.1777205e-05,0
LA_D_4915102,0,1e-06,0
LA_D_4924600,0,0.00013313787,0
LA_D_4948227,0,5.8854293e-05,0
LA_D_4952112,0,2.9393666e-05,0
LA_D_4981925,0,1.6379658e-05,0
LA_D_4995472,0,3.1471405e-05,0
LA_D_5007118,0,4.4425824e-06,0
LA_D_5009438,0,4.316646e-05,0
LA_D_5021635,0,1e-06,0
LA_D_5039319,0,5.7032507e-06,0
LA_D_5039673,0,7.975759e-06,0
LA_D_5062244,0,6.6232096e-05,0
LA_D_5149711,0,0.38354373,0
LA_D_5163270,0,1.761616e-05,0
LA_D_5188309,0,1e-06,0
LA_D_5205643,0,1e-06,0
LA_D_5224590,0,1e-06,0
LA_D_5346933,0,1.1518292e-06,0
LA_D_5347760,0,1.6096972e-05,0
LA_D_5350117,0,0.00016779172,0
LA_D_5370437,0,1e-06,0
LA_D_5373558,0,2.1171598e-05,0
LA_D_5383416,0,0.00013974929,0
LA_D_5387959,0,1.0633922e-06,0
LA_D_5393342,0,1e-06,0
LA_D_5401021,0,0.00010218539,0
LA_D_5453453,0,0.00018266856,0
LA_D_5460788,0,2.4638292e-05,0
LA_D_5582371,0,3.9910747e-06,0
LA_D_5640290,0,1.3296292e-06,0
LA_D_5678433,0,1e-06,0
LA_D_5705296,0,0.0002879954,0
LA_D_5713122,0,1.5592996e-05,0
LA_D_5760824,0,2.6743102e-05,0
LA_D_5761733,0,0.00019233933,0
LA_D_5801946,0,3.1875607e-05,0
LA_D_5840572,0,1.7526143e-05,0
LA_D_5885088,0,3.1703985e-05,0
LA_D_5911975,0,6.043602e-06,0
LA_D_5914436,0,2.8713948e-06,0
LA_D_5935170,0,3.2140095e-05,0
LA_D_5938795,0,4.338802e-06,0
LA_D_5948741,0,0.00012267809,0
LA_D_5955247,0,3.6927144e-05,0
LA_D_5955650,0,3.681094e-05,0
LA_D_5964415,0,5.246802e-06,0
LA_D_6014036,0,6.026968e-06,0
LA_D_6021418,0,1e-06,0
LA_D_6031712,0,2.3145389e-05,0
LA_D_6059712,0,7.673699e-05,0
LA_D_6061248,0,5.4138458e-05,0
LA_D_6168446,0,2.9763265e-05,0
LA_D_6212766,0,0.0008723422,0
LA_D_6219279,0,2.0935966e-05,0
LA_D_6232042,0,1.0449574e-05,0
LA_D_6232553,0,1e-06,0
LA_D_6237921,0,6.1106606e-05,0
LA_D_6268680,0,1e-06,0
LA_D_6278709,0,8.054263e-05,0
LA_D_6333211,0,6.180919e-05,0
LA_D_6344317,0,1e-06,0
LA_D_6366497,0,2.505728e-06,0
LA_D_6378055,0,4.0805294e-06,0
LA_D_6383067,0,1.7527212e-06,0
LA_D_6385210,0,3.2228705e-05,0
LA_D_6400271,0,5.0485014e-05,0
LA_D_6401168,0,1.9006682e-05,0
LA_D_6416687,0,2.7951279e-05,0
LA_D_6436603,0,0.00013622144,0
LA_D_6442439,0,0.000113657035,0
LA_D_6480788,0,4.3266893e-05,0
LA_D_6503412,0,1.9813178e-05,0
LA_D_6507319,0,4.917676e-06,0
LA_D_6507521,0,3.2641572e-05,0
LA_D_6508195,0,1.8070155e-06,0
LA_D_6522742,0,1e-06,0
LA_D_6546480,0,0.000111158246,0
LA_D_6564154,0,3.263629e-06,0
LA_D_6575484,0,2.2664093e-05,0
LA_D_6619467,0,5.7930512e-05,0
LA_D_6621713,0,1e-06,0
LA_D_6629176,0,1.8609337e-05,0
LA_D_6678079,0,1e-06,0
LA_D_6687865,0,4.4399298e-05,0
LA_D_6713942,0,1.50751985e-05,0
LA_D_6725284,0,2.5299043e-05,0
LA_D_6728550,0,2.8354636e-05,0
LA_D_6803544,0,4.0338222e-05,0
LA_D_6836398,0,1.1618921e-06,0
LA_D_6876134,0,7.308086e-06,0
LA_D_6878952,0,1e-06,0
LA_D_6910245,0,1e-06,0
LA_D_6922311,0,4.8987575e-05,0
LA_D_6927598,0,9.141749e-06,0
LA_D_6940254,0,1.2694582e-05,0
LA_D_6958629,0,1e-06,0
LA_D_6958960,0,4.40144e-06,0
LA_D_6967077,0,1e-06,0
LA_D_6974485,0,1.3322438e-05,0
LA_D_6980145,0,1.7089387e-06,0
LA_D_6987649,0,1e-06,0
LA_D_6993181,0,0.0005089787,0
LA_D_7009464,0,5.1196243e-05,0
LA_D_7021601,0,2.664169e-05,0
LA_D_7091676,0,3.737243e-05,0
LA_D_7107929,0,2.454205e-05,0
LA_D_7114322,0,3.8590086e-05,0
LA_D_7152433,0,1e-06,0
LA_D_7161221,0,4.5133e-05,0
LA_D_7169874,0,7.052013e-05,0
LA_D_7181310,0,7.850386e-06,0
LA_D_7193059,0,3.8068858e-05,0
LA_D_7247773,0,3.5770656e-06,0
LA_D_7251068,0,0.0002471261,0
LA_D_7261225,0,1e-06,0
LA_D_7400823,0,3.19593e-06,0
LA_D_7480003,0,4.0297775e-05,0
LA_D_7510874,0,0.00014541709,0
LA_D_7539520,0,6.7956407e-06,0
LA_D_7539822,0,0.0016809152,0
LA_D_7568775,0,4.0563424e-05,0
LA_D_7579323,0,1.3710482e-05,0
LA_D_7594785,0,1e-06,0
LA_D_7620067,0,2.7041642e-06,0
LA_D_7625750,0,1.7412539e-06,0
LA_D_7629778,0,2.1635762e-05,0
LA_D_7633224,0,0.00025836728,0
LA_D_7643463,0,1e-06,0
LA_D_7648772,0,3.322071e-06,0
LA_D_7661207,0,1.7212817e-05,0
LA_D_7663756,0,1.6179632e-05,0
LA_D_7680924,0,8.8727065e-05,0
LA_D_7709982,0,3.4392706e-05,0
LA_D_7713577,0,9.997016e-05,0
LA_D_7714357,0,1.668523e-05,0
LA_D_7716795,0,0.00012603118,0
LA_D_7716883,0,3.4284803e-05,0
LA_D_7724371,0,3.1827065e-05,0
LA_D_7727362,0,1e-06,0
LA_D_7749329,0,0.00012947616,0
LA_D_7754037,0,3.485054e-05,0
LA_D_7781966,0,2.0560581e-05,0
LA_D_7823257,0,3.4958964e-06,0
LA_D_7832615,0,0.00020115678,0
LA_D_7834326,0,2.1771624e-05,0
LA_D_7856949,0,3.6830788e-06,0
LA_D_7872546,0,4.8686998e-05,0
LA_D_7879995,0,7.885728e-05,0
LA_D_7918292,0,2.1843935e-06,0
LA_D_7944465,0,5.188827e-06,0
LA_D_7964232,0,3.6522604e-05,0
LA_D_7971657,0,1e-06,0
LA_D_7982371,0,3.562872e-05,0
LA_D_7992254,0,4.484551e-05,0
LA_D_8001056,0,1.2721019e-06,0
LA_D_8026454,0,4.1996722e-05,0
LA_D_8034650,0,4.239717e-06,0
LA_D_8034862,0,5.088665e-06,0
LA_D_8043339,0,5.5562265e-05,0
LA_D_8089145,0,0.0005973115,0
LA_D_8115585,0,1.09383745e-05,0
LA_D_8130331,0,1.7420129e-05,0
LA_D_8149880,0,9.120153e-06,0
LA_D_8186829,0,0.00011175811,0
LA_D_8199907,0,1e-06,0
LA_D_8207965,0,1.9854454e-06,0
LA_D_8224019,0,2.055437e-05,0
LA_D_8260982,0,1.8761584e-05,0
LA_D_8284375,0,4.7941077e-05,0
LA_D_8300288,0,1.4474336e-05,0
LA_D_8371442,0,2.240993e-05,0
LA_D_8387772,0,2.8891867e-05,0
LA_D_8413601,0,3.41939e-05,0
LA_D_8416104,0,3.0425792e-05,0
LA_D_8425905,0,0.00022639704,0
LA_D_8432736,0,5.527211e-06,0
LA_D_8486100,0,1e-06,0
LA_D_8532209,0,1e-06,0
LA_D_8585201,0,1.4361958e-05,0
LA_D_8595960,0,1.295555e-06,0
LA_D_8597179,0,2.1602586e-06,0
LA_D_8636545,0,2.9589864e-05,0
LA_D_8641247,0,1.3864953e-05,0
LA_D_8704936,0,1.08390495e-05,0
LA_D_8705144,0,2.3345612e-05,0
LA_D_8709124,0,7.194783e-05,0
LA_D_8713937,0,1.8490353e-05,0
LA_D_8720850,0,7.998238e-05,0
LA_D_8725463,0,1.3937868e-05,0
LA_D_8741531,0,2.9821818e-05,0
LA_D_8758203,0,3.0214112e-05,0
LA_D_8785469,0,2.2088141e-05,0
LA_D_8808844,0,3.9579965e-05,0
LA_D_8829741,0,0.003940779,0
LA_D_8863620,0,5.1816496e-05,0
LA_D_8894026,0,4.2001127e-05,0
LA_D_8958792,0,2.2369806e-05,0
LA_D_8962291,0,0.000114863244,0
LA_D_8976734,0,1.1874541e-06,0
LA_D_8988473,0,1.572733e-05,0
LA_D_8998074,0,1.239178e-05,0
LA_D_9021082,0,1.9558909e-06,0
LA_D_9068919,0,1.661202e-05,0
LA_D_9080965,0,1.5789461e-06,0
LA_D_9082045,0,0.00032702668,0
LA_D_9089312,0,1.2904993e-06,0
LA_D_9134148,0,1.5628799e-05,0
LA_D_9140122,0,1.51371005e-05,0
LA_D_9185597,0,1.837658e-05,0
LA_D_9187515,0,8.843252e-06,0
LA_D_9219215,0,1.3010176e-06,0
LA_D_9226035,0,2.4529406e-06,0
LA_D_9254983,0,1.3918953e-05,0
LA_D_9255760,0,4.380411e-06,0
LA_D_9269639,0,1.5348574e-05,0
LA_D_9276220,0,0.00028380138,0
LA_D_9279119,0,9.177108e-05,0
LA_D_9360355,0,5.4535626e-06,0
LA_D_9365719,0,2.5041774e-05,0
LA_D_9366202,0,5.977832e-05,0
LA_D_9366872,0,2.0941317e-05,0
LA_D_9381419,0,2.7859194e-06,0
LA_D_9384461,0,4.138379e-05,0
LA_D_9395386,0,1.2291913e-05,0
LA_D_9398013,0,1.5384271e-06,0
LA_D_9400211,0,3.1613894e-05,0
LA_D_9422935,0,2.3801853e-05,0
LA_D_9429999,0,2.1688813e-05,0
LA_D_9443500,0,4.0138035e-05,0
LA_D_9451208,0,3.30808e-05,0
LA_D_9486228,0,5.5806327e-06,0
LA_D_9526244,0,1.3416354e-05,0
LA_D_9569756,0,1.4219704e-05,0
LA_D_9577900,0,1e-06,0
LA_D_9594183,0,6.347098e-06,0
LA_D_9616483,0,1.9329307e-06,0
LA_D_9741811,0,0.00013403143,0
LA_D_9742570,0,3.6400065e-06,0
LA_D_9763867,0,0.0001100479,0
LA_D_9863120,0,1.4065195e-06,0
LA_D_9904052,0,3.1134263e-05,0
LA_D_9912372,0,7.0542337e-06,0
LA_D_9923905,0,6.424641e-05,0
LA_D_9929724,0,1.3435228e-05,0
LA_D_9943481,0,4.4703622e-05,0
LA_D_9978885,0,7.11056e-05,0
LA_D_9993400,0,5.1041472e-05,0
LA_D_1029617,0,1.1517301e-05,0
LA_D_1059142,0,2.0928699e-05,0
LA_D_1062379,0,4.386264e-05,0
LA_D_1091297,0,2.28354e-05,0
LA_D_1100577,0,3.581557e-05,0
LA_D_1124488,0,4.6604524e-05,0
LA_D_1146285,0,7.8318524e-05,0
LA_D_1152767,0,0.00034423417,0
LA_D_1163350,0,1e-06,0
LA_D_1246000,0,6.336398e-05,0
LA_D_1251721,0,1.0482922e-05,0
LA_D_1260733,0,0.01937564,0
LA_D_1297021,0,7.017707e-05,0
LA_D_1317526,0,0.00010438349,0
LA_D_1326827,0,0.0007322978,0
LA_D_1338548,0,4.9998092e-05,0
LA_D_1343964,0,1.1658101e-06,0
LA_D_1357828,0,9.619962e-06,0
LA_D_1381783,0,4.8593018e-05,0
LA_D_1408116,0,4.028425e-05,0
LA_D_1430367,0,2.9683186e-05,0
LA_D_1447151,0,5.512853e-05,0
LA_D_1453717,0,3.424803e-06,0
LA_D_1501230,0,4.5112774e-05,0
LA_D_1521868,0,5.9432958e-05,0
LA_D_1553952,0,7.0512338e-06,0
LA_D_1583850,0,9.211023e-06,0
LA_D_1585709,0,2.1622973e-05,0
LA_D_1604106,0,5.1543077e-05,0
LA_D_1605100,0,0.008606649,0
LA_D_1608727,0,7.607353e-05,0
LA_D_1634721,0,0.00032090102,0
LA_D_1647654,0,0.00013007052,0
LA_D_1649381,0,6.382141e-05,0
LA_D_1671851,0,0.0019035755,0
LA_D_1672173,0,8.55264e-06,0
LA_D_1675600,0,6.4058654e-06,0
LA_D_1687307,0,7.96873e-05,0
LA_D_1698474,0,6.8632194e-06,0
LA_D_1714643,0,5.4161305e-06,0
LA_D_1723287,0,3.8974464e-05,0
LA_D_1724424,0,0.0002084436,0
LA_D_1735626,0,0.00013801476,0
LA_D_1736244,0,6.462079e-05,0
LA_D_1795010,0,0.00014501758,0
LA_D_1809032,0,9.614165e-05,0
LA_D_1882571,0,0.07933619,0
LA_D_1893134,0,0.00012211961,0
LA_D_1903855,0,1.3283059e-05,0
LA_D_1960976,0,5.7269834e-05,0
LA_D_2008880,0,0.008253281,0
LA_D_2009498,0,9.566863e-06,0
LA_D_2049727,0,6.9292096e-06,0
LA_D_2059935,0,5.6365907e-06,0
LA_D_2138603,0,0.0016859254,0
LA_D_2169713,0,0.0001188385,0
LA_D_2192158,0,0.00023665556,0
LA_D_2214214,0,4.9678956e-06,0
LA_D_2230194,0,6.331518e-05,0
LA_D_2230489,0,6.8104655e-06,0
LA_D_2279197,0,4.2212064e-06,0
LA_D_2284177,0,2.6173739e-05,0
LA_D_2290487,0,0.0027165003,0
LA_D_2293625,0,2.2654735e-06,0
LA_D_2324725,0,2.7138158e-05,0
LA_D_2350816,0,2.1483222e-06,0
LA_D_2351670,0,4.715885e-05,0
LA_D_2385027,0,2.410893e-05,0
LA_D_2389247,0,4.159316e-06,0
LA_D_2402304,0,1.567319e-05,0
LA_D_2472102,0,0.00010366068,0
LA_D_2490088,0,4.725501e-06,0
LA_D_2500858,0,2.100618e-05,0
LA_D_2567797,0,3.4169507e-06,0
LA_D_2575965,0,2.6106529e-05,0
LA_D_2586002,0,2.1845766e-05,0
LA_D_2633236,0,1.2045102e-05,0
LA_D_2685075,0,1.5656069e-05,0
LA_D_2873307,0,4.8879734e-05,0
LA_D_2875141,0,1.07628475e-05,0
LA_D_2899972,0,5.8777955e-06,0
LA_D_2955212,0,0.00020902454,0
LA_D_2963785,0,9.13228e-05,0
LA_D_3006285,0,4.3633976e-05,0
LA_D_3031057,0,2.1621365e-05,0
LA_D_3137629,0,2.961482e-05,0
LA_D_3139007,0,3.941965e-05,0
LA_D_3157447,0,8.941062e-05,0
LA_D_3232453,0,1.1131443e-06,0
LA_D_3257829,0,9.1831134e-05,0
LA_D_3321832,0,1.6552958e-06,0
LA_D_3324414,0,3.3850472e-05,0
LA_D_3331432,0,0.0001675725,0
LA_D_3359111,0,3.6268254e-06,0
LA_D_3372750,0,2.5841395e-05,0
LA_D_3387040,0,2.1418053e-05,0
LA_D_3409196,0,0.0002607161,0
LA_D_3410371,0,3.7723585e-05,0
LA_D_3423188,0,3.440635e-05,0
LA_D_3432568,0,6.68305e-05,0
LA_D_3438168,0,1.1264268e-05,0
LA_D_3448390,0,7.668841e-05,0
LA_D_3449920,0,0.00022023878,0
LA_D_3479464,0,0.000109520275,0
LA_D_3509024,0,3.965878e-05,0
LA_D_3524921,0,3.7279984e-05,0
LA_D_3525710,0,5.5846886e-05,0
LA_D_3540005,0,2.7782127e-05,0
LA_D_3542780,0,1.45847025e-05,0
LA_D_3542872,0,0.0034453163,0
LA_D_3551822,0,3.050031e-05,0
LA_D_3605684,0,2.8337658e-05,0
LA_D_3685201,0,2.0702539e-05,0
LA_D_3694269,0,0.017018445,0
LA_D_3722549,0,2.460896e-05,0
LA_D_3725441,0,7.0104164e-05,0
LA_D_3776775,0,1.1011229e-05,0
LA_D_3837829,0,0.00015714845,0
LA_D_3838880,0,2.2749759e-05,0
LA_D_3839440,0,3.1933505e-05,0
LA_D_3890924,0,0.00011158976,0
LA_D_3894116,0,2.9362402e-05,0
LA_D_3898295,0,3.6654426e-05,0
LA_D_3906822,0,4.0676267e-05,0
LA_D_3925642,0,1.6541628e-05,0
LA_D_3939673,0,2.8390376e-05,0
LA_D_3946657,0,4.0593375e-05,0
LA_D_3952047,0,6.331827e-06,0
LA_D_3952593,0,0.002645759,0
LA_D_3963497,0,4.144286e-06,0
LA_D_3995855,0,3.6206442e-05,0
LA_D_4019879,0,2.6717533e-05,0
LA_D_4025778,0,9.443979e-06,0
LA_D_4039282,0,0.00010668534,0
LA_D_4050553,0,2.895067e-05,0
LA_D_4063751,0,8.389166e-05,0
LA_D_4064982,0,8.669397e-06,0
LA_D_4076931,0,0.012910514,0
LA_D_4089949,0,1.2375779e-05,0
LA_D_4134720,0,0.00010787743,0
LA_D_4180262,0,2.7980133e-05,0
LA_D_4222049,0,7.571138e-05,0
LA_D_4246541,0,1.647838e-05,0
LA_D_4264153,0,0.00044798473,0
LA_D_4309049,0,0.10093383,0
LA_D_4320528,0,0.0007029839,0
LA_D_4335121,0,0.00019765485,0
LA_D_4336283,0,0.00018324317,0
LA_D_4338324,0,7.285664e-06,0
LA_D_4372487,0,4.2601564e-06,0
LA_D_4381840,0,9.779995e-05,0
LA_D_4484172,0,3.702175e-05,0
LA_D_4547683,0,1.6816317e-05,0
LA_D_4564696,0,0.0012287742,0
LA_D_4575849,0,0.00022362478,0
LA_D_4601604,0,0.0005652587,0
LA_D_4648541,0,2.5047625e-06,0
LA_D_4656540,0,1.3706129e-05,0
LA_D_4659648,0,6.5824395e-05,0
LA_D_4672644,0,0.00012376944,0
LA_D_4704857,0,5.8856203e-05,0
LA_D_4707978,0,2.0825864e-05,0
LA_D_4725466,0,0.00010586165,0
LA_D_4778443,0,0.00087893265,0
LA_D_4811609,0,1.0678973e-06,0
LA_D_4815372,0,1e-06,0
LA_D_4818471,0,2.9180872e-05,0
LA_D_4836429,0,0.000151584,0
LA_D_4878409,0,1.9643887e-05,0
LA_D_4892634,0,1.650647e-05,0
LA_D_4918498,0,0.00016467996,0
LA_D_4918958,0,3.0835174e-05,0
LA_D_4933781,0,7.493221e-05,0
LA_D_4964858,0,0.00010249729,0
LA_D_4969692,0,6.1699693e-06,0
LA_D_4985835,0,3.1720287e-05,0
LA_D_4987070,0,9.643569e-06,0
LA_D_4991936,0,2.4345123e-05,0
LA_D_5004267,0,3.1871973e-06,0
LA_D_5009044,0,0.000131853,0
LA_D_5057755,0,1.4193014e-05,0
LA_D_5064189,0,1.2379024e-05,0
LA_D_5078216,0,1.768234e-05,0
LA_D_5106376,0,0.000101986996,0
LA_D_5110554,0,5.9861206e-05,0
LA_D_5111852,0,2.336069e-05,0
LA_D_5161729,0,0.00021157043,0
LA_D_5197250,0,7.683005e-05,0
LA_D_5205883,0,6.144488e-05,0
LA_D_5208175,0,9.696005e-06,0
LA_D_5225466,0,1.1481027e-06,0
LA_D_5229733,0,7.902477e-05,0
LA_D_5304257,0,0.000103524464,0
LA_D_5352818,0,4.0854934e-06,0
LA_D_5354133,0,0.00085622404,0
LA_D_5392654,0,7.1981e-06,0
LA_D_5434776,0,8.930229e-06,0
LA_D_5445662,0,2.4116727e-05,0
LA_D_5473097,0,0.0050187325,0
LA_D_5485350,0,5.4666587e-05,0
LA_D_5545903,0,2.8130145e-05,0
LA_D_5576853,0,2.8069344e-05,0
LA_D_5623293,0,4.9650338e-05,0
LA_D_5643553,0,3.0958454e-05,0
LA_D_5645161,0,1.2012888e-06,0
LA_D_5652073,0,1.7871333e-05,0
LA_D_5654929,0,9.81594e-06,0
LA_D_5751999,0,5.57777e-05,0
LA_D_5769057,0,1.29916325e-05,0
LA_D_5772395,0,4.6916848e-05,0
LA_D_5776960,0,0.00011062194,0
LA_D_5781251,0,4.0095492e-05,0
LA_D_5806062,0,0.00026929218,0
LA_D_5813973,0,2.5473764e-05,0
LA_D_5834553,0,0.0001630808,0
LA_D_5841591,0,1.0174169e-06,0
LA_D_5844395,0,0.00015725443,0
LA_D_5845294,0,0.00017425249,0
LA_D_5878173,0,5.9720085e-05,0
LA_D_5878717,0,9.7701495e-06,0
LA_D_5886872,0,1.3584942e-06,0
LA_D_5888089,0,4.8649094e-06,0
LA_D_5891347,0,0.00016902544,0
LA_D_5909078,0,0.0017366755,0
LA_D_5930826,0,4.425064e-06,0
LA_D_5940134,0,5.7122787e-05,0
LA_D_5947518,0,1.9470883e-05,0
LA_D_5977756,0,3.839952e-05,0
LA_D_6005525,0,5.502624e-06,0
LA_D_6054110,0,3.969079e-05,0
LA_D_6093640,0,7.219463e-05,0
LA_D_6156761,0,6.164602e-05,0
LA_D_6168767,0,1.2334681e-05,0
LA_D_6197504,0,0.00026389948,0
LA_D_6197832,0,4.4014952e-05,0
LA_D_6202287,0,0.046183802,0
LA_D_6210344,0,8.891026e-05,0
LA_D_6283975,0,0.00018784811,0
LA_D_6292935,0,8.310641e-06,0
LA_D_6306347,0,2.2809305e-05,0
LA_D_6316138,0,2.4437026e-05,0
LA_D_6330654,0,0.00015008663,0
LA_D_6330853,0,3.600598e-05,0
LA_D_6379756,0,3.821796e-05,0
LA_D_6384625,0,2.315902e-06,0
LA_D_6434205,0,7.0827887e-06,0
LA_D_6438379,0,4.7616577e-05,0
LA_D_6438636,0,6.973019e-05,0
LA_D_6520437,0,1e-06,0
LA_D_6535464,0,3.3002484e-06,0
LA_D_6573123,0,0.00066833856,0
LA_D_6581514,0,0.00017021985,0
LA_D_6595340,0,0.00018907181,0
LA_D_6604414,0,0.0002135947,0
LA_D_6619395,0,6.0668695e-05,0
LA_D_6652666,0,7.221811e-05,0
LA_D_6672143,0,0.00012139513,0
LA_D_6683794,0,0.00025604182,0
LA_D_6688749,0,3.3181611e-06,0
LA_D_6693826,0,5.7236637e-05,0
LA_D_6701620,0,9.448316e-05,0
LA_D_6718749,0,1.5786232e-05,0
LA_D_6772420,0,1.595283e-05,0
LA_D_6854316,0,6.4218602e-06,0
LA_D_6874098,0,2.8510682e-05,0
LA_D_6874404,0,4.0268504e-05,0
LA_D_6887011,0,9.594437e-06,0
LA_D_6904113,0,1.0547482e-05,0
LA_D_6941127,0,1.3730319e-05,0
LA_D_7038933,0,0.0052814367,0
LA_D_7043780,0,2.4921223e-05,0
LA_D_7052077,0,0.016934605,0
LA_D_7055185,0,0.00045292985,0
LA_D_7081066,0,4.3940556e-05,0
LA_D_7123401,0,6.147489e-05,0
LA_D_7152094,0,1.3098671e-05,0
LA_D_7199038,0,0.00011402319,0
LA_D_7231397,0,2.7250146e-06,0
LA_D_7236583,0,5.1920768e-05,0
LA_D_7256773,0,0.0060867784,0
LA_D_7265184,0,8.140521e-05,0
LA_D_7278509,0,4.78033e-05,0
LA_D_7281481,0,1.341011e-05,0
LA_D_7297227,0,1.6297123e-06,0
LA_D_7330901,0,0.0019684106,0
LA_D_7348364,0,0.00013135055,0
LA_D_7357574,0,2.4608022e-05,0
LA_D_7358592,0,6.0222326e-05,0
LA_D_7358733,0,9.577883e-05,0
LA_D_7386477,0,0.00011101757,0
LA_D_7388871,0,5.176997e-05,0
LA_D_7423635,0,9.947814e-05,0
LA_D_7474865,0,1.14882305e-05,0
LA_D_7483615,0,0.00045373663,0
LA_D_7519610,0,0.01881483,0
LA_D_7526416,0,0.00046718167,0
LA_D_7526656,0,8.92336e-06,0
LA_D_7538038,0,5.3536853e-05,0
LA_D_7542044,0,2.2320752e-05,0
LA_D_7547063,0,0.0068406602,0
LA_D_7562446,0,2.3661853e-05,0
LA_D_7562673,0,0.00010550338,0
LA_D_7586380,0,6.834605e-06,0
LA_D_7591149,0,1.290853e-05,0
LA_D_7609585,0,1.5953712e-05,0
LA_D_7636473,0,1.333688e-05,0
LA_D_7661426,0,6.173355e-05,0
LA_D_7701393,0,0.00060388574,0
LA_D_7714845,0,0.00039436747,0
LA_D_7728587,0,4.6973246e-06,0
LA_D_7735983,0,8.00861e-06,0
LA_D_7778751,0,5.6500016e-06,0
LA_D_7804808,0,3.5418314e-05,0
LA_D_7819043,0,0.0010663962,0
LA_D_7820165,0,1.29858345e-05,0
LA_D_7823031,0,4.1339595e-06,0
LA_D_7828401,0,4.6520825e-05,0
LA_D_7851106,0,6.547088e-05,0
LA_D_7857663,0,0.00018383504,0
LA_D_7872642,0,0.00021722005,0
LA_D_7884286,0,4.2143078e-05,0
LA_D_7908285,0,5.3398875e-05,0
LA_D_7939015,0,0.00011338878,0
LA_D_8004624,0,2.1694234e-05,0
LA_D_8022000,0,3.8337234e-06,0
LA_D_8034469,0,0.0016570219,0
LA_D_8060762,0,2.4004088e-05,0
LA_D_8065854,0,3.265073e-05,0
LA_D_8091647,0,0.00014802607,0
LA_D_8132473,0,5.661739e-06,0
LA_D_8184573,0,0.0003623278,0
LA_D_8228654,0,2.194357e-06,0
LA_D_8249964,0,1.8129957e-05,0
LA_D_8336129,0,1.0002679e-05,0
LA_D_8359008,0,3.2168575e-06,0
LA_D_8376162,0,8.85733e-06,0
LA_D_8379637,0,0.019919239,0
LA_D_8409357,0,8.169613e-05,0
LA_D_8431305,0,3.4661185e-05,0
LA_D_8461642,0,3.0426613e-06,0
LA_D_8473484,0,0.002249101,0
LA_D_8489881,0,0.000106746695,0
LA_D_8508157,0,1.5439211e-05,0
LA_D_8538474,0,2.5907126e-05,0
LA_D_8555704,0,0.00012895203,0
LA_D_8564782,0,4.6952526e-05,0
LA_D_8581099,0,0.008474884,0
LA_D_8600719,0,4.450576e-06,0
LA_D_8613692,0,0.012230596,0
LA_D_8615709,0,0.00015383512,0
LA_D_8687554,0,0.00032672845,0
LA_D_8688469,0,0.13126713,0
LA_D_8688676,0,1e-06,0
LA_D_8714314,0,0.0008282034,0
LA_D_8760189,0,5.3749204e-06,0
LA_D_8762466,0,1.559869e-05,0
LA_D_8765550,0,8.6134845e-05,0
LA_D_8771091,0,1.526429e-05,0
LA_D_8815416,0,2.7774863e-06,0
LA_D_8864575,0,1.1798024e-05,0
LA_D_8871155,0,8.179444e-05,0
LA_D_8880593,0,0.00020934068,0
LA_D_8925536,0,2.7720493e-05,0
LA_D_8972387,0,7.017947e-05,0
LA_D_8988861,0,3.9059967e-05,0
LA_D_9016742,0,0.002755862,0
LA_D_9022425,0,4.629905e-05,0
LA_D_9022440,0,3.2586646e-05,0
LA_D_9023965,0,0.0052737943,0
LA_D_9041455,0,1.864305e-05,0
LA_D_9051705,0,4.7624028e-05,0
LA_D_9064781,0,5.2329364e-05,0
LA_D_9142942,0,0.00020018099,0
LA_D_9143112,0,0.0002726257,0
LA_D_9159130,0,8.733153e-05,0
LA_D_9179746,0,2.9711622e-05,0
LA_D_9188796,0,1.6157104e-05,0
LA_D_9198202,0,0.000121875775,0
LA_D_9201924,0,1.2837877e-05,0
LA_D_9216213,0,1.3964983e-05,0
LA_D_9318000,0,3.203143e-06,0
LA_D_9340077,0,0.000109143286,0
LA_D_9385995,0,0.00015223263,0
LA_D_9433668,0,3.163377e-05,0
LA_D_9442665,0,1.6832641e-06,0
LA_D_9452677,0,2.3684655e-05,0
LA_D_9478291,0,1.5254977e-05,0
LA_D_9492963,0,6.367169e-05,0
LA_D_9495054,0,0.00013330735,0
LA_D_9529719,0,9.244748e-05,0
LA_D_9571812,0,0.00018800255,0
LA_D_9577897,0,7.2948606e-05,0
LA_D_9605743,0,0.00080337626,0
LA_D_9606946,0,0.11945104,0
LA_D_9619963,0,0.0001402713,0
LA_D_9634351,0,1.093197e-05,0
LA_D_9639156,0,8.483333e-06,0
LA_D_9691902,0,1.2687684e-05,0
LA_D_9747201,0,3.218883e-06,0
LA_D_9775299,0,0.000291342,0
LA_D_9789557,0,9.895607e-05,0
LA_D_9789777,0,1.5376145e-05,0
LA_D_9802479,0,0.00012265658,0
LA_D_9804171,0,7.814344e-05,0
LA_D_9831523,0,3.5389916e-05,0
LA_D_9834959,0,2.77439e-05,0
LA_D_9871297,0,6.74385e-05,0
LA_D_9909170,0,6.0992854e-05,0
LA_D_9926070,0,0.0057537286,0
LA_D_9929372,0,0.00289014,0
LA_D_9972826,0,3.475297e-06,0
LA_D_9973827,0,9.745415e-06,0
LA_D_9987623,0,7.4481475e-05,0
LA_D_9999103,0,4.93891e-05,0
LA_D_1012227,0,6.797225e-05,0
LA_D_1014431,0,5.2799645e-05,0
LA_D_1020531,0,0.00012840037,0
LA_D_1047504,0,1e-06,0
LA_D_1166735,0,3.6753136e-05,0
LA_D_1192014,0,4.6897467e-06,0
LA_D_1230496,0,1.645109e-05,0
LA_D_1237580,0,1.7003972e-06,0
LA_D_1238377,0,3.3614546e-05,0
LA_D_1288544,0,5.7813737e-05,0
LA_D_1314828,0,1.2541476e-06,0
LA_D_1338441,0,1e-06,0
LA_D_1344270,0,1.3658598e-06,0
LA_D_1381092,0,2.1557494e-06,0
LA_D_1397130,0,1.6839249e-05,0
LA_D_1425279,0,5.9394397e-06,0
LA_D_1435765,0,1.0700549e-05,0
LA_D_1458324,0,1e-06,0
LA_D_1515269,0,1.3265818e-06,0
LA_D_1526999,0,8.207132e-06,0
LA_D_1530272,0,1.003705e-05,0
LA_D_1547454,0,1.3524844e-06,0
LA_D_1557794,0,1e-06,0
LA_D_1560736,0,9.151005e-05,0
LA_D_1585396,0,5.1563143e-06,0
LA_D_1590976,0,8.156462e-06,0
LA_D_1619482,0,1.8482315e-05,0
LA_D_1655868,0,0.00020290357,0
LA_D_1695298,0,2.5029049e-06,0
LA_D_1735779,0,6.80061e-05,0
LA_D_1876117,0,0.00017779277,0
LA_D_1884089,0,2.4728135e-06,0
LA_D_1914746,0,1.6466975e-05,0
LA_D_1923715,0,1.7935945e-06,0
LA_D_2015444,0,1.638983e-05,0
LA_D_2025462,0,2.7931135e-05,0
LA_D_2052501,0,2.0914453e-05,0
LA_D_2065855,0,1.9540379e-05,0
LA_D_2148710,0,1e-06,0
LA_D_2149013,0,0.00016278762,0
LA_D_2156469,0,1.5409967e-05,0
LA_D_2227994,0,0.00010826718,0
LA_D_2245820,0,1.6853934e-05,0
LA_D_2431217,0,1e-06,0
LA_D_2452864,0,1e-06,0
LA_D_2474451,0,1e-06,0
LA_D_2496402,0,1.6660015e-05,0
LA_D_2503752,0,1.6342663e-05,0
LA_D_2519640,0,5.5555797e-06,0
LA_D_2559709,0,3.4905197e-06,0
LA_D_2587582,0,5.7619322e-06,0
LA_D_2648488,0,2.7454653e-06,0
LA_D_2692844,0,2.0200288e-05,0
LA_D_2697285,0,1e-06,0
LA_D_2706144,0,1.2115526e-06,0
LA_D_2740410,0,3.172759e-06,0
LA_D_2749594,0,3.8236967e-06,0
LA_D_2770309,0,0.0004161758,0
LA_D_2818232,0,6.594337e-06,0
LA_D_2850788,0,4.7705953e-06,0
LA_D_2858116,0,3.4459806e-06,0
LA_D_2937524,0,4.9630703e-06,0
LA_D_3016130,0,1.6876033e-05,0
LA_D_3063803,0,1.8266279e-05,0
LA_D_3110494,0,4.0229675e-06,0
LA_D_3120664,0,8.986416e-05,0
LA_D_3139923,0,3.2491573e-06,0
LA_D_3173801,0,6.2684403e-06,0
LA_D_3184034,0,3.2278655e-05,0
LA_D_3219891,0,4.1214535e-06,0
LA_D_3267906,0,1e-06,0
LA_D_3318993,0,5.2392876e-05,0
LA_D_3326531,0,7.4611485e-06,0
LA_D_3327838,0,7.802914e-06,0
LA_D_3368117,0,1.9900401e-06,0
LA_D_3433833,0,1e-06,0
LA_D_3487934,0,2.3853208e-05,0
LA_D_3507476,0,6.997769e-06,0
LA_D_3554932,0,3.2236207e-05,0
LA_D_3587041,0,4.1270803e-05,0
LA_D_3602579,0,1.9903588e-05,0
LA_D_3606925,0,2.6856269e-05,0
LA_D_3610609,0,3.197193e-05,0
LA_D_3658839,0,1e-06,0
LA_D_3676858,0,7.247564e-06,0
LA_D_3685984,0,2.6524012e-05,0
LA_D_3699071,0,2.9596751e-05,0
LA_D_3733676,0,5.375992e-06,0
LA_D_3740651,0,1e-06,0
LA_D_3740762,0,3.0449713e-05,0
LA_D_3782088,0,5.2599285e-06,0
LA_D_3817954,0,2.9156895e-06,0
LA_D_3830682,0,5.355891e-05,0
LA_D_3839496,0,2.4552742e-06,0
LA_D_3840331,0,1.6843058e-05,0
LA_D_3850321,0,1e-06,0
LA_D_3856735,0,8.882394e-06,0
LA_D_3902334,0,1.992119e-05,0
LA_D_3950755,0,1e-06,0
LA_D_3960317,0,1e-06,0
LA_D_3993363,0,3.106679e-05,0
LA_D_4035314,0,6.861119e-06,0
LA_D_4093608,0,1.9097356e-06,0
LA_D_4114998,0,1e-06,0
LA_D_4122059,0,1.1490936e-05,0
LA_D_4126982,0,3.2342314e-06,0
LA_D_4155696,0,1.0890896e-06,0
LA_D_4198062,0,3.626896e-05,0
LA_D_4200652,0,3.8699354e-06,0
LA_D_4208217,0,1.4640825e-06,0
LA_D_4259319,0,0.001023158,0
LA_D_4274538,0,1.7773792e-06,0
LA_D_4288070,0,7.0408983e-06,0
LA_D_4309778,0,1.0867137e-06,0
LA_D_4359484,0,2.0251153e-05,0
LA_D_4360635,0,3.5213232e-06,0
LA_D_4460052,0,1.1262098e-05,0
LA_D_4481392,0,8.395446e-06,0
LA_D_4489550,0,1.5116497e-06,0
LA_D_4517823,0,2.4209276e-06,0
LA_D_4552417,0,2.707728e-06,0
LA_D_4561795,0,4.7085823e-06,0
LA_D_4565934,0,2.589843e-06,0
LA_D_4589903,0,1.5306725e-05,0
LA_D_4621507,0,7.16073e-06,0
LA_D_4623174,0,1.132031e-05,0
LA_D_4657513,0,1.3367798e-05,0
LA_D_4723030,0,5.5790733e-06,0
LA_D_4729032,0,3.030117e-06,0
LA_D_4739739,0,2.3182656e-05,0
LA_D_4777058,0,9.580448e-06,0
LA_D_4778408,0,0.00011103759,0
LA_D_4797826,0,6.5475935e-05,0
LA_D_4808965,0,5.5811055e-05,0
LA_D_4827296,0,1.6665179e-05,0
LA_D_4840118,0,1e-06,0
LA_D_4841813,0,1e-06,0
LA_D_4880667,0,6.29764e-05,0
LA_D_5040821,0,8.514066e-06,0
LA_D_5058835,0,3.7142298e-05,0
LA_D_5066305,0,1e-06,0
LA_D_5085644,0,3.2296512e-06,0
LA_D_5154611,0,3.4182385e-06,0
LA_D_5178700,0,1e-06,0
LA_D_5184992,0,3.7766927e-06,0
LA_D_5220940,0,1e-06,0
LA_D_5241773,0,8.955568e-06,0
LA_D_5259263,0,1.8841445e-05,0
LA_D_5269116,0,0.00018313523,0
LA_D_5277230,0,8.3978075e-06,0
LA_D_5303690,0,1e-06,0
LA_D_5353056,0,1e-06,0
LA_D_5376558,0,1.1046601e-05,0
LA_D_5387772,0,1e-06,0
LA_D_5403183,0,1.3184531e-06,0
LA_D_5406612,0,1.0932826e-05,0
LA_D_5407124,0,3.0949059e-06,0
LA_D_5437611,0,4.164595e-06,0
LA_D_5444377,0,6.738675e-06,0
LA_D_5469841,0,3.8130842e-05,0
LA_D_5498403,0,1.7753885e-06,0
LA_D_5533562,0,2.3373939e-06,0
LA_D_5590089,0,7.9673766e-05,0
LA_D_5602225,0,5.341691e-05,0
LA_D_5706924,0,5.4937605e-05,0
LA_D_5783639,0,4.6390178e-05,0
LA_D_5786466,0,1.0808948e-05,0
LA_D_5844700,0,4.531721e-06,0
LA_D_5935235,0,1e-06,0
LA_D_5995130,0,4.802491e-05,0
LA_D_6004575,0,1.1351206e-05,0
LA_D_6013939,0,1.5496004e-06,0
LA_D_6055160,0,5.4453362e-06,0
LA_D_6088049,0,2.4623275e-06,0
LA_D_6098836,0,6.6731984e-05,0
LA_D_6112842,0,9.324209e-05,0
LA_D_6199321,0,1.1064534e-05,0
LA_D_6212632,0,4.919641e-06,0
LA_D_6226703,0,1e-06,0
LA_D_6244357,0,1.7950883e-06,0
LA_D_6332465,0,9.055854e-06,0
LA_D_6455805,0,2.7948081e-05,0
LA_D_6461375,0,1e-06,0
LA_D_6465292,0,1.3014673e-05,0
LA_D_6496142,0,1.962666e-05,0
LA_D_6528108,0,3.8130277e-06,0
LA_D_6530873,0,4.7024085e-05,0
LA_D_6544417,0,1.0101186e-05,0
LA_D_6545950,0,0.000113175985,0
LA_D_6570467,0,3.2188275e-06,0
LA_D_6573674,0,6.932627e-06,0
LA_D_6574286,0,3.625388e-05,0
LA_D_6582753,0,6.446134e-06,0
LA_D_6599782,0,1.2335279e-05,0
LA_D_6632470,0,1.3777144e-05,0
LA_D_6670740,0,7.734086e-05,0
LA_D_6672788,0,1.5713296e-05,0
LA_D_6675072,0,1e-06,0
LA_D_6715404,0,5.2580826e-06,0
LA_D_6725694,0,7.678214e-06,0
LA_D_6755211,0,3.5359753e-05,0
LA_D_6807474,0,1.980086e-05,0
LA_D_6837429,0,0.00020902914,0
LA_D_6920572,0,2.0845813e-05,0
LA_D_6934750,0,4.1822783e-05,0
LA_D_6987996,0,1e-06,0
LA_D_7007048,0,1.8084198e-05,0
LA_D_7013578,0,2.3706438e-05,0
LA_D_7097232,0,3.9716797e-06,0
LA_D_7151864,0,6.067419e-05,0
LA_D_7166018,0,4.57762e-06,0
LA_D_7171872,0,2.7268006e-06,0
LA_D_7177498,0,2.4288756e-06,0
LA_D_7181486,0,3.4043467e-06,0
LA_D_7193682,0,4.019921e-05,0
LA_D_7195216,0,6.7811197e-06,0
LA_D_7223335,0,3.7848847e-06,0
LA_D_7230744,0,1e-06,0
LA_D_7254687,0,2.0024145e-06,0
LA_D_7262507,0,5.57493e-05,0
LA_D_7265699,0,1.5209711e-05,0
LA_D_7271267,0,2.341681e-05,0
LA_D_7333937,0,4.8107454e-06,0
LA_D_7360247,0,5.3379063e-06,0
LA_D_7369058,0,9.1451675e-06,0
LA_D_7376418,0,1e-06,0
LA_D_7451316,0,1.0520919e-05,0
LA_D_7454810,0,1e-06,0
LA_D_7463026,0,1.5034149e-05,0
LA_D_7518190,0,1.232497e-06,0
LA_D_7529474,0,2.8432076e-05,0
LA_D_7542817,0,7.664161e-06,0
LA_D_7556257,0,5.2903673e-05,0
LA_D_7559615,0,5.2068553e-06,0
LA_D_7574221,0,8.42084e-06,0
LA_D_7615760,0,1.1567947e-05,0
LA_D_7621051,0,1.3509037e-05,0
LA_D_7632101,0,1.9214389e-05,0
LA_D_7634677,0,1e-06,0
LA_D_7641847,0,1.7088147e-06,0
LA_D_7641862,0,7.547104e-06,0
LA_D_7647228,0,1e-06,0
LA_D_7677517,0,5.622865e-05,0
LA_D_7712332,0,5.6205976e-05,0
LA_D_7760383,0,4.7579824e-06,0
LA_D_7765965,0,5.4908555e-06,0
LA_D_7824395,0,2.5381432e-06,0
LA_D_7848022,0,1.4389392e-06,0
LA_D_7851813,0,6.146167e-06,0
LA_D_7914339,0,1.2535291e-05,0
LA_D_7934602,0,8.55153e-05,0
LA_D_7966865,0,1e-06,0
LA_D_7978139,0,1.2537275e-05,0
LA_D_8028538,0,1.9620072e-06,0
LA_D_8052889,0,7.717571e-06,0
LA_D_8143136,0,9.778873e-06,0
LA_D_8155263,0,9.3097915e-06,0
LA_D_8213363,0,1.230052e-05,0
LA_D_8255145,0,5.065057e-06,0
LA_D_8260557,0,1.5610718e-06,0
LA_D_8295327,0,1.0053863e-05,0
LA_D_8311267,0,1.6404716e-05,0
LA_D_8320215,0,1.894756e-05,0
LA_D_8434598,0,0.00014923724,0
LA_D_8440388,0,1.5019275e-05,0
LA_D_8468521,0,7.737251e-05,0
LA_D_8492918,0,1e-06,0
LA_D_8553879,0,3.3561605e-06,0
LA_D_8588291,0,1e-06,0
LA_D_8615151,0,0.0011467525,0
LA_D_8638133,0,4.3469798e-05,0
LA_D_8757329,0,1.9133806e-05,0
LA_D_8794428,0,1e-06,0
LA_D_8878329,0,5.0684203e-06,0
LA_D_8896845,0,2.8906972e-05,0
LA_D_8897918,0,9.84657e-06,0
LA_D_8938870,0,4.702784e-06,0
LA_D_8954870,0,8.1406315e-06,0
LA_D_8972358,0,1.2176908e-05,0
LA_D_9051053,0,0.00050337135,0
LA_D_9089163,0,5.4329194e-05,0
LA_D_9133837,0,3.5143465e-05,0
LA_D_9161520,0,9.836112e-05,0
LA_D_9167700,0,1.2361944e-06,0
LA_D_9209868,0,3.889583e-06,0
LA_D_9283374,0,7.1425748e-06,0
LA_D_9285185,0,1.0421772e-06,0
LA_D_9415707,0,2.3091382e-06,0
LA_D_9419753,0,0.00026681778,0
LA_D_9422039,0,3.3400424e-06,0
LA_D_9483474,0,1.2054984e-05,0
LA_D_9490869,0,5.0932118e-05,0
LA_D_9499913,0,3.5392072e-06,0
LA_D_9524872,0,1.6552121e-05,0
LA_D_9677105,0,2.2708898e-06,0
LA_D_9717884,0,5.8716323e-06,0
LA_D_9718269,0,0.0005560377,0
LA_D_9721422,0,1e-06,0
LA_D_9733138,0,2.2919244e-06,0
LA_D_9743129,0,1.2841109e-05,0
LA_D_9749726,0,1e-06,0
LA_D_9755038,0,8.147731e-06,0
LA_D_9781850,0,1.4085708e-05,0
LA_D_9829062,0,1e-06,0
LA_D_9898895,0,7.082665e-05,0
LA_D_9911508,0,1e-06,0
LA_D_9915639,0,1.5273637e-05,0
LA_D_9977828,0,0.00043935978,0
LA_D_1002626,0,0.000114039496,0
LA_D_1007975,0,3.4160578e-06,0
LA_D_1013553,0,7.6015303e-06,0
LA_D_1021287,0,1e-06,0
LA_D_1027039,0,0.00013815511,0
LA_D_1044414,0,5.3997046e-06,0
LA_D_1060987,0,4.77405e-06,0
LA_D_1075128,0,9.368717e-06,0
LA_D_1075190,0,0.0001010826,0
LA_D_1145856,0,2.9914108e-05,0
LA_D_1146557,0,1e-06,0
LA_D_1165413,0,2.9561716e-05,0
LA_D_1245164,0,3.3049077e-05,0
LA_D_1270677,0,4.778665e-06,0
LA_D_1281285,0,4.043551e-05,0
LA_D_1293149,0,1.7432427e-05,0
LA_D_1312652,0,1.0877269e-05,0
LA_D_1332227,0,1.6923124e-05,0
LA_D_1340170,0,1.6239997e-05,0
LA_D_1358422,0,4.2582105e-06,0
LA_D_1391969,0,9.524278e-06,0
LA_D_1402940,0,2.0187674e-05,0
LA_D_1414224,0,3.0184995e-06,0
LA_D_1415528,0,7.6219003e-06,0
LA_D_1425046,0,1e-06,0
LA_D_1428381,0,6.606448e-06,0
LA_D_1444623,0,7.797433e-06,0
LA_D_1453864,0,1.280045e-06,0
LA_D_1476819,0,5.5495653e-05,0
LA_D_1510431,0,9.084944e-06,0
LA_D_1512564,0,7.070066e-05,0
LA_D_1517144,0,4.437606e-05,0
LA_D_1526816,0,7.776944e-06,0
LA_D_1529378,0,3.793477e-05,0
LA_D_1539541,0,5.966816e-06,0
LA_D_1541459,0,3.0291341e-05,0
LA_D_1549509,0,6.676279e-05,0
LA_D_1594826,0,9.387266e-05,0
LA_D_1602771,0,0.00085119926,0
LA_D_1607262,0,5.4406184e-05,0
LA_D_1648141,0,1.2171589e-05,0
LA_D_1743004,0,2.0467692e-06,0
LA_D_1765969,0,4.166109e-05,0
LA_D_1767206,0,1e-06,0
LA_D_1789917,0,0.00014122337,0
LA_D_1805963,0,6.9547045e-06,0
LA_D_1862965,0,1.0634834e-06,0
LA_D_1911374,0,1.7767504e-06,0
LA_D_1952275,0,0.00021385615,0
LA_D_1959983,0,8.933884e-06,0
LA_D_1972495,0,6.786959e-05,0
LA_D_2018291,0,2.9712571e-06,0
LA_D_2087494,0,1.8605343e-06,0
LA_D_2103093,0,1.3786239e-05,0
LA_D_2117812,0,6.238729e-06,0
LA_D_2123475,0,6.6194016e-06,0
LA_D_2158229,0,3.3827946e-05,0
LA_D_2195628,0,1.5142612e-06,0
LA_D_2265384,0,4.9837192e-05,0
LA_D_2274956,0,1.5279086e-06,0
LA_D_2282941,0,6.225949e-05,0
LA_D_2287068,0,6.362647e-05,0
LA_D_2290106,0,1e-06,0
LA_D_2388321,0,1.6730786e-05,0
LA_D_2424417,0,1.3679855e-05,0
LA_D_2451686,0,7.6322285e-06,0
LA_D_2483131,0,1.1065821e-06,0
LA_D_2485529,0,3.6029436e-05,0
LA_D_2489813,0,4.3814425e-06,0
LA_D_2590761,0,4.1961568e-05,0
LA_D_2621260,0,1.2958627e-06,0
LA_D_2625129,0,8.250222e-06,0
LA_D_2655621,0,0.00011088544,0
LA_D_2692895,0,1e-06,0
LA_D_2720424,0,2.4082505e-05,0
LA_D_2735004,0,0.0001996147,0
LA_D_2736443,0,1.7896391e-06,0
LA_D_2822470,0,2.741457e-06,0
LA_D_2923476,0,0.0007492294,0
LA_D_2931790,0,1e-06,0
LA_D_3038261,0,4.422587e-05,0
LA_D_3094249,0,1e-06,0
LA_D_3101356,0,4.8496084e-05,0
LA_D_3164806,0,2.101207e-05,0
LA_D_3179309,0,9.894785e-06,0
LA_D_3197490,0,1.083936e-05,0
LA_D_3213920,0,2.7272994e-05,0
LA_D_3248074,0,6.1268843e-06,0
LA_D_3275794,0,1.9373862e-05,0
LA_D_3307235,0,4.2560387e-06,0
LA_D_3369365,0,0.00046978926,0
LA_D_3418140,0,1.0694291e-06,0
LA_D_3421613,0,2.3685757e-06,0
LA_D_3422355,0,3.295309e-05,0
LA_D_3427328,0,2.662773e-06,0
LA_D_3460862,0,2.2746937e-05,0
LA_D_3476775,0,4.3252825e-05,0
LA_D_3515006,0,7.94268e-06,0
LA_D_3526562,0,1.8786865e-05,0
LA_D_3548689,0,3.5542555e-06,0
LA_D_3589733,0,2.291627e-05,0
LA_D_3603256,0,1e-06,0
LA_D_3618771,0,1e-06,0
LA_D_3622353,0,8.119427e-06,0
LA_D_3734390,0,4.6239534e-06,0
LA_D_3745321,0,7.960523e-06,0
LA_D_3750321,0,8.153242e-06,0
LA_D_3771602,0,1.6661126e-05,0
LA_D_3774026,0,2.6933649e-06,0
LA_D_3857630,0,1.4002093e-06,0
LA_D_3863951,0,5.6589437e-05,0
LA_D_3895547,0,3.9090075e-05,0
LA_D_3911013,0,3.1575448e-05,0
LA_D_3913064,0,1.576493e-05,0
LA_D_3916686,0,2.9484378e-05,0
LA_D_3931322,0,2.7693054e-06,0
LA_D_3965995,0,1.4278121e-05,0
LA_D_3975408,0,5.0374547e-06,0
LA_D_3977983,0,7.604917e-06,0
LA_D_3989469,0,1.3569685e-05,0
LA_D_4018947,0,1.233947e-06,0
LA_D_4035138,0,8.115509e-06,0
LA_D_4036070,0,1.9182864e-05,0
LA_D_4037538,0,3.8168077e-06,0
LA_D_4071164,0,1.1287948e-05,0
LA_D_4079359,0,0.0001394079,0
LA_D_4107017,0,1e-06,0
LA_D_4116325,0,2.0739908e-05,0
LA_D_4150517,0,5.0302783e-06,0
LA_D_4167033,0,5.158443e-05,0
LA_D_4232929,0,2.1827067e-05,0
LA_D_4249206,0,1e-06,0
LA_D_4262014,0,6.33324e-06,0
LA_D_4331052,0,4.485145e-05,0
LA_D_4344547,0,1.7093287e-05,0
LA_D_4382110,0,2.9859034e-06,0
LA_D_4411229,0,2.379055e-05,0
LA_D_4452994,0,2.5242842e-05,0
LA_D_4467077,0,1e-06,0
LA_D_4505290,0,1.3179301e-05,0
LA_D_4539356,0,2.6654447e-05,0
LA_D_4555408,0,7.104e-05,0
LA_D_4585593,0,4.0329014e-06,0
LA_D_4606355,0,1e-06,0
LA_D_4627319,0,2.7843877e-05,0
LA_D_4685861,0,2.4264602e-05,0
LA_D_4708179,0,2.0190112e-06,0
LA_D_4735638,0,3.252719e-05,0
LA_D_4744246,0,8.734708e-06,0
LA_D_4767892,0,3.0814172e-06,0
LA_D_4793229,0,2.7144268e-05,0
LA_D_4796348,0,3.3220842e-06,0
LA_D_4969991,0,1e-06,0
LA_D_4991294,0,2.745337e-06,0
LA_D_5012127,0,1.601484e-05,0
LA_D_5055165,0,1.2064634e-05,0
LA_D_5109561,0,3.1632862e-05,0
LA_D_5140508,0,0.00035242483,0
LA_D_5163761,0,1.1007092e-05,0
LA_D_5193544,0,5.278657e-06,0
LA_D_5220521,0,0.00014944031,0
LA_D_5253806,0,7.0261153e-06,0
LA_D_5269911,0,9.04484e-06,0
LA_D_5312245,0,1.9639335e-06,0
LA_D_5404458,0,5.4496853e-05,0
LA_D_5409509,0,1.0443969e-06,0
LA_D_5459095,0,1e-06,0
LA_D_5476884,0,0.00011875965,0
LA_D_5486513,0,1.6204045e-05,0
LA_D_5536552,0,1.4307673e-06,0
LA_D_5549592,0,1e-06,0
LA_D_5609423,0,4.273231e-05,0
LA_D_5613500,0,0.00014573621,0
LA_D_5622630,0,2.6565043e-05,0
LA_D_5673312,0,6.660498e-06,0
LA_D_5679192,0,2.566305e-05,0
LA_D_5685998,0,4.9931095e-05,0
LA_D_5769309,0,1.3006929e-05,0
LA_D_5801020,0,5.6794443e-06,0
LA_D_5830923,0,2.818751e-06,0
LA_D_5861399,0,3.06929e-06,0
LA_D_5887076,0,1.0882343e-05,0
LA_D_5908876,0,1.0601864e-06,0
LA_D_6028756,0,2.1262893e-05,0
LA_D_6062114,0,4.1811295e-06,0
LA_D_6079609,0,1e-06,0
LA_D_6113648,0,2.408308e-05,0
LA_D_6141449,0,4.5555294e-05,0
LA_D_6161090,0,5.2620558e-06,0
LA_D_6161483,0,4.005304e-06,0
LA_D_6165815,0,3.0927204e-05,0
LA_D_6184039,0,1e-06,0
LA_D_6206158,0,3.9390863e-05,0
LA_D_6291610,0,3.878715e-06,0
LA_D_6432124,0,0.0015122204,0
LA_D_6449816,0,5.6797853e-05,0
LA_D_6462722,0,3.8533417e-05,0
LA_D_6525457,0,1.33259955e-05,0
LA_D_6603638,0,0.0001069318,0
LA_D_6634413,0,7.1126797e-06,0
LA_D_6656541,0,1e-06,0
LA_D_6698865,0,2.1051703e-05,0
LA_D_6709571,0,0.00014664634,0
LA_D_6710971,0,1e-06,0
LA_D_6773995,0,4.1380004e-05,0
LA_D_6777944,0,8.814097e-05,0
LA_D_6791229,0,0.0003266556,0
LA_D_6807774,0,3.62538e-06,0
LA_D_6842546,0,7.3031806e-06,0
LA_D_6847229,0,1.5380808e-06,0
LA_D_6854275,0,4.5735223e-06,0
LA_D_6897891,0,1.351512e-05,0
LA_D_6953783,0,1.33644435e-05,0
LA_D_6973097,0,7.192459e-06,0
LA_D_6987202,0,0.00010666041,0
LA_D_7086357,0,2.9243163e-05,0
LA_D_7097361,0,1e-06,0
LA_D_7116605,0,6.923306e-05,0
LA_D_7187563,0,6.3745174e-06,0
LA_D_7209731,0,3.1827007e-05,0
LA_D_7289655,0,4.263054e-06,0
LA_D_7312870,0,1.42598465e-05,0
LA_D_7336188,0,1.092803e-05,0
LA_D_7346067,0,4.1561332e-05,0
LA_D_7354898,0,1.4950196e-05,0
LA_D_7431998,0,1.94462e-05,0
LA_D_7470679,0,6.324222e-05,0
LA_D_7473728,0,1.7946479e-05,0
LA_D_7551227,0,7.0991464e-06,0
LA_D_7623757,0,1.1588606e-05,0
LA_D_7647218,0,1.0039979e-06,0
LA_D_7659039,0,7.3832307e-06,0
LA_D_7683536,0,1.3311846e-06,0
LA_D_7773540,0,5.550438e-05,0
LA_D_7803058,0,1e-06,0
LA_D_7804582,0,2.4196943e-05,0
LA_D_7824709,0,2.8477132e-06,0
LA_D_7828554,0,4.927854e-06,0
LA_D_7853660,0,1.5460693e-05,0
LA_D_7895951,0,1.5464822e-05,0
LA_D_7905993,0,3.062799e-06,0
LA_D_7944594,0,1e-06,0
LA_D_8006888,0,1.4805222e-05,0
LA_D_8030557,0,6.652017e-06,0
LA_D_8103199,0,1.75751e-05,0
LA_D_8125961,0,5.207701e-05,0
LA_D_8167492,0,4.758557e-05,0
LA_D_8172970,0,1.2254868e-05,0
LA_D_8257425,0,3.8664864e-05,0
LA_D_8261981,0,2.4553842e-06,0
LA_D_8263001,0,1.4898261e-05,0
LA_D_8282334,0,2.8708857e-06,0
LA_D_8352186,0,9.642944e-06,0
LA_D_8368027,0,4.3365762e-06,0
LA_D_8377834,0,4.1107323e-05,0
LA_D_8445966,0,9.681921e-06,0
LA_D_8450378,0,1e-06,0
LA_D_8478346,0,1.1543602e-05,0
LA_D_8481884,0,4.0369665e-05,0
LA_D_8511990,0,1e-06,0
LA_D_8521403,0,5.627805e-05,0
LA_D_8582209,0,0.00018135825,0
LA_D_8594091,0,0.00012042689,0
LA_D_8610307,0,3.615581e-06,0
LA_D_8635185,0,1e-06,0
LA_D_8675909,0,3.283046e-06,0
LA_D_8702097,0,3.6747388e-05,0
LA_D_8736560,0,1.8830775e-05,0
LA_D_8739986,0,3.6780627e-06,0
LA_D_8743472,0,5.617251e-06,0
LA_D_8779034,0,1.0856922e-06,0
LA_D_8798927,0,1.6855076e-05,0
LA_D_8988479,0,3.465425e-06,0
LA_D_9021893,0,1.1300517e-05,0
LA_D_9119095,0,5.8624628e-05,0
LA_D_9183719,0,0.00080443075,0
LA_D_9192418,0,8.4177744e-05,0
LA_D_9197542,0,3.57045e-05,0
LA_D_9203142,0,1.1039871e-05,0
LA_D_9232895,0,5.1676116e-06,0
LA_D_9289288,0,1.7957408e-06,0
LA_D_9344368,0,3.1301515e-05,0
LA_D_9363151,0,1.3640818e-06,0
LA_D_9382127,0,1.2231167e-06,0
LA_D_9384507,0,2.6191772e-06,0
LA_D_9431218,0,8.643319e-06,0
LA_D_9459944,0,2.1237116e-05,0
LA_D_9467977,0,1e-06,0
LA_D_9492240,0,2.4472289e-05,0
LA_D_9500692,0,1e-06,0
LA_D_9505564,0,2.6486652e-05,0
LA_D_9520422,0,1.4206908e-05,0
LA_D_9566347,0,1.3966247e-05,0
LA_D_9581321,0,0.00016762254,0
LA_D_9635349,0,2.226092e-06,0
LA_D_9664872,0,7.354714e-06,0
LA_D_9678415,0,2.8945803e-06,0
LA_D_9712952,0,0.00011121646,0
LA_D_9731820,0,0.00010214896,0
LA_D_9753113,0,4.8570055e-06,0
LA_D_9801886,0,2.343572e-06,0
LA_D_9838599,0,3.400941e-05,0
LA_D_9872046,0,4.496605e-06,0
LA_D_9872925,0,0.00018713996,0
LA_D_9934410,0,5.053116e-06,0
LA_D_9955936,0,1.9199131e-05,0
LA_D_9980325,0,5.5673645e-06,0
LA_D_9982743,0,1e-06,0
LA_D_1001095,0,4.2794086e-06,0
LA_D_1036594,0,6.917327e-05,0
LA_D_1036986,0,4.9767727e-06,0
LA_D_1065306,0,4.8315364e-06,0
LA_D_1073474,0,5.9859092e-05,0
LA_D_1084765,0,3.1655043e-05,0
LA_D_1085765,0,4.714747e-05,0
LA_D_1097191,0,2.8033255e-05,0
LA_D_1202021,0,4.7372464e-06,0
LA_D_1261801,0,1.4736817e-05,0
LA_D_1264748,0,4.5393066e-05,0
LA_D_1325941,0,1.2075639e-05,0
LA_D_1348124,0,5.6765803e-05,0
LA_D_1362199,0,1e-06,0
LA_D_1369901,0,3.5954476e-05,0
LA_D_1385978,0,4.3206735e-05,0
LA_D_1401409,0,1.313868e-05,0
LA_D_1473361,0,3.15511e-05,0
LA_D_1477090,0,2.173884e-06,0
LA_D_1533857,0,2.568846e-06,0
LA_D_1541976,0,1.5457805e-06,0
LA_D_1580544,0,0.00012344931,0
LA_D_1653412,0,8.6125896e-05,0
LA_D_1656978,0,2.6126459e-06,0
LA_D_1675990,0,8.1407325e-06,0
LA_D_1689302,0,1.2155188e-06,0
LA_D_1699219,0,0.0006054369,0
LA_D_1733065,0,4.93361e-06,0
LA_D_1782967,0,3.4913187e-06,0
LA_D_1808507,0,2.526165e-05,0
LA_D_1811445,0,9.630859e-06,0
LA_D_1830846,0,2.8087607e-05,0
LA_D_1845069,0,2.6011526e-06,0
LA_D_1882691,0,0.00011109891,0
LA_D_1897752,0,1.4409261e-05,0
LA_D_1907831,0,4.3637596e-05,0
LA_D_1990270,0,3.021008e-05,0
LA_D_1999219,0,2.9214232e-06,0
LA_D_2000093,0,3.8145754e-05,0
LA_D_2034813,0,6.167505e-06,0
LA_D_2039768,0,1e-06,0
LA_D_2049455,0,8.561892e-05,0
LA_D_2065272,0,2.4230872e-06,0
LA_D_2074516,0,2.0025864e-06,0
LA_D_2085012,0,7.7977e-06,0
LA_D_2113565,0,1e-06,0
LA_D_2125183,0,1.0900011e-05,0
LA_D_2143803,0,2.0140726e-06,0
LA_D_2146476,0,2.3768418e-05,0
LA_D_2156580,0,2.4104593e-06,0
LA_D_2165611,0,1.7551902e-06,0
LA_D_2185134,0,7.971722e-06,0
LA_D_2195201,0,6.224786e-06,0
LA_D_2231364,0,2.0686732e-05,0
LA_D_2327416,0,3.4334633e-05,0
LA_D_2332467,0,3.2147913e-05,0
LA_D_2396773,0,1.1847778e-06,0
LA_D_2413811,0,2.4785559e-05,0
LA_D_2418943,0,2.400505e-05,0
LA_D_2419036,0,1.7245022e-05,0
LA_D_2434538,0,9.533255e-06,0
LA_D_2488913,0,3.552612e-05,0
LA_D_2490025,0,2.7054566e-06,0
LA_D_2553532,0,4.08406e-06,0
LA_D_2566690,0,1.860859e-05,0
LA_D_2576768,0,4.983522e-06,0
LA_D_2602113,0,2.5276913e-06,0
LA_D_2609052,0,1.0010389e-05,0
LA_D_2623262,0,2.8335175e-05,0
LA_D_2625605,0,4.7954463e-06,0
LA_D_2649278,0,2.7682026e-05,0
LA_D_2649880,0,3.7777623e-05,0
LA_D_2655283,0,2.7167107e-05,0
LA_D_2693758,0,2.5333793e-06,0
LA_D_2705731,0,2.8795377e-05,0
LA_D_2708980,0,5.4701417e-05,0
LA_D_2736449,0,1.4661625e-05,0
LA_D_2772837,0,0.00014558203,0
LA_D_2825662,0,4.2464503e-06,0
LA_D_2826776,0,2.0313698e-06,0
LA_D_2835735,0,2.3050981e-05,0
LA_D_2849155,0,6.141853e-05,0
LA_D_2853662,0,2.477738e-05,0
LA_D_2885274,0,1.8149261e-05,0
LA_D_2912682,0,2.0603309e-06,0
LA_D_2928032,0,2.8511195e-05,0
LA_D_2948723,0,3.3648674e-05,0
LA_D_3019114,0,1.0465053e-05,0
LA_D_3081777,0,1.2879164e-05,0
LA_D_3101866,0,5.179423e-06,0
LA_D_3116504,0,1.874145e-05,0
LA_D_3116736,0,7.6193326e-05,0
LA_D_3144655,0,4.31519e-06,0
LA_D_3153050,0,3.9907322e-06,0
LA_D_3158608,0,3.5852103e-05,0
LA_D_3159204,0,2.841199e-05,0
LA_D_3176378,0,0.00016454623,0
LA_D_3251300,0,1e-06,0
LA_D_3254201,0,2.3694864e-05,0
LA_D_3259137,0,1e-06,0
LA_D_3347156,0,5.9475587e-05,0
LA_D_3349453,0,0.0020085787,0
LA_D_3383046,0,8.132244e-06,0
LA_D_3386727,0,7.338536e-06,0
LA_D_3446645,0,1.3141987e-06,0
LA_D_3461953,0,2.1271493e-05,0
LA_D_3468801,0,1.7158927e-05,0
LA_D_3508879,0,1.1830643e-05,0
LA_D_3533916,0,5.5351875e-06,0
LA_D_3534602,0,1.7959205e-06,0
LA_D_3539484,0,9.5222795e-06,0
LA_D_3582380,0,2.5578534e-05,0
LA_D_3593928,0,3.4764407e-06,0
LA_D_3597531,0,2.2938445e-06,0
LA_D_3611560,0,9.0601556e-05,0
LA_D_3666804,0,2.3336943e-06,0
LA_D_3682065,0,5.7144985e-06,0
LA_D_3682613,0,1e-06,0
LA_D_3701247,0,1.7693339e-05,0
LA_D_3746495,0,1.5256053e-05,0
LA_D_3760422,0,8.893353e-06,0
LA_D_3773329,0,1.1962029e-05,0
LA_D_3808030,0,2.1959524e-06,0
LA_D_3823574,0,2.7273338e-06,0
LA_D_3827873,0,2.8456163e-05,0
LA_D_3835319,0,7.4192712e-06,0
LA_D_3865981,0,3.2921493e-05,0
LA_D_4024245,0,4.607868e-06,0
LA_D_4048880,0,1.530122e-05,0
LA_D_4057176,0,2.0358719e-05,0
LA_D_4099596,0,3.889137e-05,0
LA_D_4142832,0,4.454107e-05,0
LA_D_4162885,0,4.233796e-05,0
LA_D_4176167,0,7.0757924e-05,0
LA_D_4185000,0,1.8278875e-05,0
LA_D_4185261,0,2.0587344e-05,0
LA_D_4192008,0,6.254921e-06,0
LA_D_4200824,0,1.9963963e-05,0
LA_D_4200974,0,2.842771e-05,0
LA_D_4206836,0,0.00012120116,0
LA_D_4218588,0,0.00010551847,0
LA_D_4226126,0,0.0010678819,0
LA_D_4239904,0,1.4559176e-06,0
LA_D_4290017,0,1.5909438e-05,0
LA_D_4304225,0,9.891615e-06,0
LA_D_4335932,0,1e-06,0
LA_D_4348413,0,2.154149e-05,0
LA_D_4353332,0,2.9418436e-06,0
LA_D_4365682,0,1.33922185e-05,0
LA_D_4377114,0,1.0895844e-05,0
LA_D_4442511,0,9.934155e-06,0
LA_D_4488788,0,1e-06,0
LA_D_4507888,0,2.3428101e-06,0
LA_D_4554509,0,7.7604906e-05,0
LA_D_4556349,0,1.645812e-05,0
LA_D_4562728,0,1.6264536e-05,0
LA_D_4567965,0,8.606839e-06,0
LA_D_4593541,0,5.0268445e-05,0
LA_D_4601171,0,9.708143e-06,0
LA_D_4601616,0,1.5060497e-05,0
LA_D_4617063,0,2.7090116e-06,0
LA_D_4626453,0,1.1885501e-05,0
LA_D_4678507,0,4.0857667e-05,0
LA_D_4683975,0,2.360424e-06,0
LA_D_4745476,0,2.187441e-05,0
LA_D_4776677,0,9.435602e-05,0
LA_D_4784347,0,1.104855e-05,0
LA_D_4810605,0,0.00027163822,0
LA_D_4816769,0,6.3792427e-06,0
LA_D_4845159,0,2.6778042e-05,0
LA_D_4899370,0,7.005724e-05,0
LA_D_4914250,0,7.702996e-05,0
LA_D_4929765,0,0.0005807398,0
LA_D_4931376,0,2.7089081e-05,0
LA_D_4935046,0,4.3479788e-05,0
LA_D_4935731,0,9.381466e-06,0
LA_D_4939706,0,3.483482e-05,0
LA_D_4954651,0,2.879314e-06,0
LA_D_4974078,0,4.815588e-05,0
LA_D_4979175,0,2.1397036e-06,0
LA_D_5013283,0,3.1387303e-06,0
LA_D_5070679,0,5.6192816e-06,0
LA_D_5073015,0,2.185548e-05,0
LA_D_5074932,0,2.2766688e-05,0
LA_D_5081966,0,7.3969736e-06,0
LA_D_5091510,0,4.7298876e-05,0
LA_D_5117623,0,9.958596e-05,0
LA_D_5131724,0,3.5988621e-06,0
LA_D_5136094,0,2.5627709e-05,0
LA_D_5198588,0,0.00020031865,0
LA_D_5212385,0,1.3342477e-06,0
LA_D_5239066,0,1.4162108e-05,0
LA_D_5246528,0,6.0704506e-06,0
LA_D_5263011,0,2.6707105e-06,0
LA_D_5269027,0,2.9961207e-06,0
LA_D_5294224,0,5.645467e-06,0
LA_D_5297638,0,9.355315e-06,0
LA_D_5299238,0,4.0090495e-06,0
LA_D_5325527,0,4.0979417e-06,0
LA_D_5372592,0,4.255742e-06,0
LA_D_5393942,0,2.9452394e-05,0
LA_D_5404416,0,1.1738773e-06,0
LA_D_5448101,0,2.393435e-06,0
LA_D_5458900,0,0.00047275505,0
LA_D_5478028,0,9.138681e-06,0
LA_D_5548468,0,3.313026e-06,0
LA_D_5574945,0,3.6971298e-05,0
LA_D_5576148,0,1.0911067e-05,0
LA_D_5611461,0,1.6937156e-05,0
LA_D_5677611,0,1.8092951e-06,0
LA_D_5687626,0,2.0149035e-05,0
LA_D_5718984,0,1.6404623e-05,0
LA_D_5723608,0,2.6022886e-05,0
LA_D_5734083,0,8.438229e-06,0
LA_D_5743745,0,2.8757944e-05,0
LA_D_5760810,0,5.398263e-06,0
LA_D_5770424,0,7.5061394e-06,0
LA_D_5779022,0,3.3880442e-05,0
LA_D_5817478,0,1.8194944e-05,0
LA_D_5821269,0,3.36249e-05,0
LA_D_5858787,0,1.4201787e-05,0
LA_D_5871485,0,5.4613334e-05,0
LA_D_5878266,0,1e-06,0
LA_D_5911892,0,4.3492557e-05,0
LA_D_5986701,0,2.8010195e-06,0
LA_D_6060308,0,5.6309814e-06,0
LA_D_6062316,0,2.4759902e-05,0
LA_D_6086453,0,3.3653516e-05,0
LA_D_6093454,0,2.9526638e-05,0
LA_D_6100016,0,1.0554496e-05,0
LA_D_6124016,0,0.00015546355,0
LA_D_6179252,0,6.5363843e-06,0
LA_D_6186728,0,7.737247e-06,0
LA_D_6208335,0,0.00015594532,0
LA_D_6218509,0,3.5276633e-05,0
LA_D_6238446,0,2.0086567e-05,0
LA_D_6243690,0,2.4593925e-05,0
LA_D_6264639,0,3.4564669e-06,0
LA_D_6268296,0,2.1266238e-05,0
LA_D_6270876,0,5.874562e-06,0
LA_D_6280073,0,1.3411889e-05,0
LA_D_6301940,0,3.777218e-05,0
LA_D_6315906,0,2.8748073e-05,0
LA_D_6404209,0,1.1345646e-06,0
LA_D_6410108,0,2.5946614e-05,0
LA_D_6417597,0,4.2536783e-05,0
LA_D_6442890,0,4.6316673e-06,0
LA_D_6522313,0,3.0184565e-05,0
LA_D_6550883,0,2.4729203e-05,0
LA_D_6551713,0,4.9769988e-05,0
LA_D_6565562,0,3.7987957e-06,0
LA_D_6598988,0,8.764162e-05,0
LA_D_6651726,0,5.338166e-06,0
LA_D_6660188,0,3.856459e-06,0
LA_D_6751883,0,2.7695405e-06,0
LA_D_6798093,0,1.6538535e-05,0
LA_D_6840690,0,2.916554e-05,0
LA_D_6893250,0,1e-06,0
LA_D_6904176,0,5.8152254e-06,0
LA_D_6905344,0,3.248026e-05,0
LA_D_6913174,0,6.8777044e-05,0
LA_D_6925836,0,4.8383463e-05,0
LA_D_6931090,0,7.3774313e-06,0
LA_D_6965307,0,3.6959111e-06,0
LA_D_6993157,0,5.0454117e-05,0
LA_D_7015244,0,1.0951891e-05,0
LA_D_7029392,0,1e-06,0
LA_D_7034755,0,1.2128393e-06,0
LA_D_7064323,0,8.762174e-05,0
LA_D_7065500,0,4.9119677e-05,0
LA_D_7100095,0,1e-06,0
LA_D_7111174,0,1e-06,0
LA_D_7138620,0,1e-06,0
LA_D_7190406,0,7.2356365e-06,0
LA_D_7197317,0,2.3382645e-05,0
LA_D_7218513,0,1.9825748e-05,0
LA_D_7225053,0,1.0542142e-05,0
LA_D_7233780,0,4.406791e-06,0
LA_D_7234016,0,3.039653e-05,0
LA_D_7253817,0,1e-06,0
LA_D_7295722,0,1.8278912e-05,0
LA_D_7310490,0,0.000105619045,0
LA_D_7325649,0,5.707549e-06,0
LA_D_7347549,0,5.770313e-06,0
LA_D_7366011,0,9.304591e-06,0
LA_D_7373652,0,3.4037083e-05,0
LA_D_7377187,0,0.0005400893,0
LA_D_7389015,0,7.448181e-06,0
LA_D_7410620,0,7.9177535e-06,0
LA_D_7414510,0,1.4501625e-05,0
LA_D_7421940,0,1e-06,0
LA_D_7430660,0,4.138557e-05,0
LA_D_7440074,0,2.4373325e-05,0
LA_D_7480369,0,3.2800167e-06,0
LA_D_7484636,0,9.0773996e-05,0
LA_D_7490527,0,1.6293736e-05,0
LA_D_7493894,0,8.390834e-06,0
LA_D_7525244,0,3.4188738e-06,0
LA_D_7533258,0,3.9060676e-05,0
LA_D_7535853,0,1e-06,0
LA_D_7554684,0,5.693543e-05,0
LA_D_7574071,0,3.5678872e-06,0
LA_D_7588214,0,2.3557244e-05,0
LA_D_7591549,0,3.248181e-05,0
LA_D_7625011,0,8.377961e-06,0
LA_D_7627669,0,7.665521e-06,0
LA_D_7655266,0,3.9725324e-05,0
LA_D_7656709,0,4.8250207e-05,0
LA_D_7681644,0,4.3149344e-06,0
LA_D_7693912,0,8.46343e-06,0
LA_D_7694213,0,2.3227876e-06,0
LA_D_7755104,0,1.9386005e-05,0
LA_D_7770558,0,6.437582e-05,0
LA_D_7774318,0,1.1910542e-05,0
LA_D_7795831,0,1e-06,0
LA_D_7823248,0,1.4954788e-05,0
LA_D_7906665,0,7.362377e-06,0
LA_D_7933136,0,7.0216943e-06,0
LA_D_7970494,0,3.412089e-06,0
LA_D_7972028,0,4.342237e-06,0
LA_D_7974481,0,1.7308168e-06,0
LA_D_8024787,0,6.3264433e-06,0
LA_D_8028295,0,3.5275356e-05,0
LA_D_8062342,0,1.25420465e-05,0
LA_D_8066346,0,2.0233025e-05,0
LA_D_8094005,0,6.778922e-06,0
LA_D_8099511,0,1.5865227e-05,0
LA_D_8128338,0,3.923369e-06,0
LA_D_8128760,0,3.279634e-05,0
LA_D_8159037,0,3.091954e-05,0
LA_D_8169401,0,1.638553e-06,0
LA_D_8182963,0,1.9945199e-05,0
LA_D_8191193,0,2.9283154e-05,0
LA_D_8244933,0,1.9120856e-05,0
LA_D_8310080,0,1.1278855e-05,0
LA_D_8317011,0,1e-06,0
LA_D_8357910,0,7.5513153e-06,0
LA_D_8373522,0,4.1687956e-05,0
LA_D_8452415,0,1.4597196e-05,0
LA_D_8473995,0,4.8291963e-06,0
LA_D_8480524,0,4.3181117e-05,0
LA_D_8546378,0,1.3792886e-06,0
LA_D_8561006,0,1e-06,0
LA_D_8583087,0,2.7717047e-06,0
LA_D_8587705,0,3.7180464e-05,0
LA_D_8610426,0,3.2603377e-06,0
LA_D_8618689,0,7.5237695e-06,0
LA_D_8619253,0,0.0009181061,0
LA_D_8631402,0,2.8750812e-05,0
LA_D_8682472,0,1.0910032e-06,0
LA_D_8763399,0,1.2409177e-05,0
LA_D_8764534,0,8.159574e-06,0
LA_D_8801530,0,7.411244e-06,0
LA_D_8833920,0,9.850646e-06,0
LA_D_8867068,0,5.9668513e-05,0
LA_D_8875770,0,2.6563866e-06,0
LA_D_8889202,0,9.287081e-06,0
LA_D_8891088,0,9.1176444e-05,0
LA_D_8932992,0,3.3729323e-06,0
LA_D_8937390,0,3.1787666e-05,0
LA_D_8957959,0,1.1214331e-05,0
LA_D_8962012,0,1.6779137e-05,0
LA_D_8969618,0,4.4229033e-05,0
LA_D_8976318,0,2.1018573e-06,0
LA_D_9001681,0,1.3305716e-06,0
LA_D_9011511,0,5.040372e-06,0
LA_D_9023318,0,3.5225357e-06,0
LA_D_9048413,0,1.6014685e-05,0
LA_D_9053095,0,1e-06,0
LA_D_9059452,0,1.2970017e-05,0
LA_D_9109915,0,1.22665015e-05,0
LA_D_9119177,0,2.1828337e-05,0
LA_D_9131527,0,4.4359654e-06,0
LA_D_9148724,0,4.0118215e-05,0
LA_D_9160139,0,1.9846573e-05,0
LA_D_9160943,0,1.7937067e-05,0
LA_D_9173096,0,1.0015048e-05,0
LA_D_9196257,0,4.6419264e-06,0
LA_D_9233697,0,1.4605273e-05,0
LA_D_9259569,0,2.9034003e-05,0
LA_D_9275774,0,9.714218e-06,0
LA_D_9310262,0,1.690061e-05,0
LA_D_9355453,0,7.396791e-06,0
LA_D_9374784,0,2.385398e-05,0
LA_D_9379842,0,1.0000561e-05,0
LA_D_9410329,0,3.6602487e-05,0
LA_D_9421514,0,3.8351204e-06,0
LA_D_9422436,0,0.000106271975,0
LA_D_9436350,0,0.00018455758,0
LA_D_9439087,0,4.58315e-06,0
LA_D_9444024,0,7.981011e-05,0
LA_D_9481030,0,4.054102e-06,0
LA_D_9535722,0,4.3074677e-05,0
LA_D_9577103,0,1.0243127e-06,0
LA_D_9584769,0,1.1090523e-05,0
LA_D_9585648,0,8.348005e-06,0
LA_D_9588548,0,3.5636127e-05,0
LA_D_9594921,0,5.1595944e-05,0
LA_D_9596234,0,2.4666215e-06,0
LA_D_9596658,0,2.3837947e-05,0
LA_D_9604838,0,2.08627e-05,0
LA_D_9635881,0,2.179541e-05,0
LA_D_9642537,0,4.8257752e-05,0
LA_D_9654253,0,1.7459646e-05,0
LA_D_9688839,0,1.4166726e-05,0
LA_D_9694827,0,2.1260878e-06,0
LA_D_9749510,0,5.572219e-05,0
LA_D_9767258,0,2.7380467e-05,0
LA_D_9829627,0,1.9015693e-05,0
LA_D_9831804,0,1.1090777e-05,0
LA_D_9930845,0,9.627347e-05,0
LA_D_9982535,0,3.7573012e-05,0
LA_D_9993251,0,3.3312215e-05,0
LA_D_9993800,0,1.3983102e-06,0
LA_D_1004774,0,6.547956e-05,0
LA_D_1020087,0,0.0002100034,0
LA_D_1083406,0,2.7129645e-05,0
LA_D_1088963,0,1e-06,0
LA_D_1091851,0,2.5991389e-05,0
LA_D_1094379,0,6.4661224e-05,0
LA_D_1144247,0,1e-06,0
LA_D_1206907,0,4.4807753e-06,0
LA_D_1249012,0,4.864741e-05,0
LA_D_1251939,0,8.344918e-06,0
LA_D_1258579,0,0.000120533165,0
LA_D_1296597,0,1.15391995e-05,0
LA_D_1301398,0,2.4960731e-05,0
LA_D_1336509,0,2.2518686e-06,0
LA_D_1397703,0,3.8555325e-05,0
LA_D_1530620,0,1.8009383e-05,0
LA_D_1561911,0,4.675722e-05,0
LA_D_1566347,0,2.57831e-06,0
LA_D_1569257,0,3.6304e-06,0
LA_D_1591743,0,8.761105e-06,0
LA_D_1598405,0,6.3118646e-06,0
LA_D_1609660,0,8.641276e-06,0
LA_D_1613936,0,4.518412e-05,0
LA_D_1646097,0,6.466949e-05,0
LA_D_1715749,0,7.169682e-06,0
LA_D_1728757,0,1.5859258e-06,0
LA_D_1732607,0,2.6040589e-06,0
LA_D_1767120,0,1.889312e-05,0
LA_D_1768591,0,2.2132823e-05,0
LA_D_1768659,0,2.8394095e-06,0
LA_D_1783287,0,1.7478205e-05,0
LA_D_1901077,0,1.4448659e-06,0
LA_D_1928274,0,6.879803e-05,0
LA_D_1988141,0,4.754817e-06,0
LA_D_2031889,0,3.0641545e-06,0
LA_D_2033572,0,7.846441e-06,0
LA_D_2147894,0,2.4926738e-05,0
LA_D_2185899,0,3.1607655e-05,0
LA_D_2187760,0,5.545448e-06,0
LA_D_2195595,0,5.282112e-06,0
LA_D_2197541,0,1e-06,0
LA_D_2200669,0,2.8064849e-06,0
LA_D_2227552,0,3.874389e-05,0
LA_D_2279448,0,1.7462161e-06,0
LA_D_2280644,0,1.5882151e-05,0
LA_D_2290771,0,1.0652842e-06,0
LA_D_2300597,0,1.6679732e-06,0
LA_D_2307932,0,7.90406e-06,0
LA_D_2309565,0,1e-06,0
LA_D_2347486,0,1.1205106e-05,0
LA_D_2368097,0,9.24241e-06,0
LA_D_2395699,0,1e-06,0
LA_D_2419825,0,1.6811385e-06,0
LA_D_2427170,0,3.7938757e-06,0
LA_D_2427445,0,3.333249e-05,0
LA_D_2437399,0,5.205336e-06,0
LA_D_2498281,0,6.547295e-06,0
LA_D_2498389,0,3.971907e-06,0
LA_D_2502487,0,6.0747898e-05,0
LA_D_2510886,0,1.7947169e-06,0
LA_D_2519499,0,0.00019362314,0
LA_D_2534146,0,6.4124542e-06,0
LA_D_2544697,0,0.000468707,0
LA_D_2567965,0,2.2421322e-05,0
LA_D_2572361,0,1.4923487e-05,0
LA_D_2575136,0,7.804463e-06,0
LA_D_2581071,0,4.026956e-06,0
LA_D_2596003,0,1.599489e-05,0
LA_D_2598422,0,3.1527372e-06,0
LA_D_2633677,0,1.0866663e-05,0
LA_D_2638042,0,2.0684287e-05,0
LA_D_2794299,0,0.00027485585,0
LA_D_2807278,0,1.5422523e-06,0
LA_D_2833236,0,3.5290657e-06,0
LA_D_2869838,0,0.00016498708,0
LA_D_2884464,0,1e-06,0
LA_D_2907481,0,4.955357e-06,0
LA_D_2920298,0,1.6528114e-05,0
LA_D_2939133,0,2.1038666e-06,0
LA_D_2940135,0,2.119576e-05,0
LA_D_2946840,0,2.5281058e-06,0
LA_D_2966111,0,5.9710634e-05,0
LA_D_2970964,0,1e-06,0
LA_D_2971908,0,1.5955204e-05,0
LA_D_2991252,0,5.6422123e-05,0
LA_D_3035741,0,1.91416e-05,0
LA_D_3049487,0,0.00018009599,0
LA_D_3090466,0,8.062451e-06,0
LA_D_3094177,0,7.542052e-06,0
LA_D_3104504,0,0.00013078065,0
LA_D_3130678,0,3.0225552e-05,0
LA_D_3141028,0,2.4069216e-06,0
LA_D_3144485,0,2.4114448e-05,0
LA_D_3242114,0,4.6107558e-05,0
LA_D_3242439,0,3.6426668e-06,0
LA_D_3244196,0,4.014175e-05,0
LA_D_3249077,0,3.8980485e-05,0
LA_D_3260123,0,1.787111e-05,0
LA_D_3273302,0,4.5833162e-06,0
LA_D_3284907,0,5.9256276e-05,0
LA_D_3416456,0,4.5775127e-05,0
LA_D_3435616,0,6.143826e-05,0
LA_D_3449692,0,0.00010498554,0
LA_D_3450019,0,4.7299596e-05,0
LA_D_3495106,0,6.232508e-06,0
LA_D_3504984,0,5.0870374e-05,0
LA_D_3534463,0,1e-06,0
LA_D_3605088,0,9.465521e-06,0
LA_D_3615708,0,2.4946095e-05,0
LA_D_3659236,0,1.9084566e-05,0
LA_D_3691538,0,0.00023659917,0
LA_D_3700696,0,1.3381663e-06,0
LA_D_3758904,0,1e-06,0
LA_D_3772573,0,1.7783746e-06,0
LA_D_3822874,0,1.0330809e-05,0
LA_D_3851125,0,4.3850556e-05,0
LA_D_3864419,0,0.00016568515,0
LA_D_3963572,0,3.417762e-06,0
LA_D_4069031,0,6.319911e-05,0
LA_D_4123679,0,3.705859e-05,0
LA_D_4134915,0,2.1316006e-05,0
LA_D_4164409,0,2.2724453e-06,0
LA_D_4181824,0,0.0003041313,0
LA_D_4208598,0,1e-06,0
LA_D_4225742,0,0.00046351663,0
LA_D_4272619,0,1e-06,0
LA_D_4326894,0,0.00021726312,0
LA_D_4332784,0,2.7611673e-06,0
LA_D_4337797,0,7.2775747e-06,0
LA_D_4347644,0,1.2165903e-05,0
LA_D_4402259,0,1e-06,0
LA_D_4418754,0,9.025746e-06,0
LA_D_4430789,0,8.344137e-06,0
LA_D_4445174,0,2.5078385e-05,0
LA_D_4451989,0,6.180453e-05,0
LA_D_4469413,0,6.986124e-05,0
LA_D_4540622,0,6.326208e-06,0
LA_D_4575624,0,8.031211e-06,0
LA_D_4595256,0,4.347873e-06,0
LA_D_4673712,0,1e-06,0
LA_D_4702864,0,1.0589035e-05,0
LA_D_4712578,0,1.3713612e-06,0
LA_D_4730111,0,5.4002044e-06,0
LA_D_4736521,0,1e-06,0
LA_D_4755303,0,0.0002807482,0
LA_D_4765748,0,1.3549731e-05,0
LA_D_4772711,0,8.093041e-06,0
LA_D_4777273,0,5.244046e-05,0
LA_D_4804886,0,4.587864e-06,0
LA_D_4825879,0,0.0001223847,0
LA_D_4864665,0,1e-06,0
LA_D_4946274,0,6.471851e-06,0
LA_D_4966032,0,2.6765454e-05,0
LA_D_5005973,0,1e-06,0
LA_D_5010817,0,3.4597845e-06,0
LA_D_5089751,0,9.18589e-06,0
LA_D_5092940,0,1e-06,0
LA_D_5147678,0,3.422982e-05,0
LA_D_5171645,0,1e-06,0
LA_D_5258807,0,0.00013273656,0
LA_D_5270228,0,1e-06,0
LA_D_5308766,0,7.985486e-06,0
LA_D_5362934,0,3.5659623e-06,0
LA_D_5382385,0,1.3873823e-06,0
LA_D_5395822,0,1e-06,0
LA_D_5405376,0,1.6550164e-06,0
LA_D_5450646,0,1e-06,0
LA_D_5452596,0,4.2020883e-06,0
LA_D_5495669,0,2.2560778e-05,0
LA_D_5532057,0,2.7570495e-06,0
LA_D_5558598,0,4.6202014e-05,0
LA_D_5601935,0,1e-06,0
LA_D_5612664,0,5.092986e-06,0
LA_D_5617123,0,2.7542558e-06,0
LA_D_5634985,0,1.6438213e-06,0
LA_D_5651896,0,8.266711e-05,0
LA_D_5673630,0,1e-06,0
LA_D_5697969,0,1.3600419e-06,0
LA_D_5838500,0,1.0344177e-05,0
LA_D_5855173,0,1e-06,0
LA_D_5893732,0,2.8631532e-06,0
LA_D_5907805,0,6.1258793e-06,0
LA_D_5926484,0,0.0001659427,0
LA_D_5948925,0,9.1627495e-05,0
LA_D_5962786,0,2.6007629e-06,0
LA_D_6020080,0,3.2989938e-05,0
LA_D_6052360,0,4.9208193e-06,0
LA_D_6093121,0,2.7520493e-05,0
LA_D_6115657,0,1.8339937e-05,0
LA_D_6145108,0,6.080016e-06,0
LA_D_6162330,0,3.310493e-06,0
LA_D_6168902,0,1e-06,0
LA_D_6181877,0,7.632069e-06,0
LA_D_6203431,0,3.3288492e-05,0
LA_D_6244463,0,4.8867832e-06,0
LA_D_6247219,0,1.4407901e-05,0
LA_D_6264877,0,2.1455873e-05,0
LA_D_6350241,0,2.7064501e-05,0
LA_D_6378781,0,2.8251638e-05,0
LA_D_6424034,0,1.0476416e-05,0
LA_D_6482383,0,4.6230223e-05,0
LA_D_6506973,0,1.6902995e-05,0
LA_D_6517273,0,1.2568464e-06,0
LA_D_6564975,0,4.750496e-05,0
LA_D_6567387,0,2.2158569e-05,0
LA_D_6597750,0,1.6106154e-05,0
LA_D_6598826,0,5.9819145e-06,0
LA_D_6620544,0,1e-06,0
LA_D_6649982,0,5.7557927e-06,0
LA_D_6678773,0,3.043087e-05,0
LA_D_6685036,0,9.880857e-06,0
LA_D_6688724,0,1.1467433e-05,0
LA_D_6692719,0,2.0506786e-06,0
LA_D_6713264,0,1.0659452e-05,0
LA_D_6716819,0,4.6217967e-05,0
LA_D_6743274,0,1e-06,0
LA_D_6768042,0,5.2841574e-06,0
LA_D_6771345,0,2.5395297e-05,0
LA_D_6816441,0,5.760032e-06,0
LA_D_6860124,0,6.9876565e-05,0
LA_D_6870125,0,8.531484e-05,0
LA_D_7026875,0,3.1839787e-05,0
LA_D_7040973,0,1.8687462e-05,0
LA_D_7061416,0,3.2217945e-06,0
LA_D_7084497,0,1.0567085e-05,0
LA_D_7288605,0,1.7855862e-05,0
LA_D_7334119,0,1e-06,0
LA_D_7337689,0,7.37333e-05,0
LA_D_7342694,0,1.1483107e-06,0
LA_D_7355507,0,1.7330554e-05,0
LA_D_7359378,0,1e-06,0
LA_D_7372276,0,3.2169195e-05,0
LA_D_7506627,0,5.600293e-05,0
LA_D_7535260,0,1.1046684e-06,0
LA_D_7656827,0,5.569154e-06,0
LA_D_7663996,0,9.200941e-05,0
LA_D_7702151,0,9.264074e-06,0
LA_D_7712944,0,2.4285446e-06,0
LA_D_7845355,0,4.7085823e-06,0
LA_D_7853908,0,8.770936e-06,0
LA_D_7861602,0,1.6592896e-05,0
LA_D_7931400,0,1e-06,0
LA_D_7985250,0,1e-06,0
LA_D_8042295,0,6.6397847e-06,0
LA_D_8071214,0,1e-06,0
LA_D_8091393,0,4.5087185e-05,0
LA_D_8131208,0,1.0982639e-06,0
LA_D_8146146,0,7.2298244e-05,0
LA_D_8201742,0,1.3368154e-06,0
LA_D_8267794,0,1e-06,0
LA_D_8292706,0,2.1052754e-06,0
LA_D_8362390,0,0.00027428754,0
LA_D_8367907,0,1.1588439e-05,0
LA_D_8464147,0,1.7488525e-06,0
LA_D_8499637,0,1.9986765e-05,0
LA_D_8528202,0,1.3204337e-05,0
LA_D_8562559,0,0.0001049195,0
LA_D_8578970,0,0.0011665107,0
LA_D_8594927,0,1e-06,0
LA_D_8595493,0,4.0834646e-05,0
LA_D_8612035,0,9.856623e-06,0
LA_D_8656739,0,1e-06,0
LA_D_8659693,0,3.480332e-06,0
LA_D_8669407,0,1.9692375e-06,0
LA_D_8672392,0,1e-06,0
LA_D_8684186,0,1.3199717e-05,0
LA_D_8719759,0,3.5491412e-05,0
LA_D_8732000,0,4.058915e-06,0
LA_D_8875774,0,2.2376157e-06,0
LA_D_8893730,0,4.1238636e-06,0
LA_D_8911591,0,5.49903e-06,0
LA_D_8950993,0,4.732144e-06,0
LA_D_9007860,0,4.8357357e-05,0
LA_D_9036585,0,1.133935e-06,0
LA_D_9058869,0,1.4874645e-06,0
LA_D_9064394,0,6.1889573e-06,0
LA_D_9076744,0,1.5175041e-05,0
LA_D_9101643,0,3.244209e-05,0
LA_D_9212778,0,1e-06,0
LA_D_9242976,0,3.783607e-06,0
LA_D_9301345,0,8.457048e-06,0
LA_D_9302376,0,8.725676e-06,0
LA_D_9308388,0,1.6896797e-06,0
LA_D_9351714,0,4.800988e-06,0
LA_D_9366756,0,1.701803e-05,0
LA_D_9382297,0,7.156805e-05,0
LA_D_9390591,0,2.1757365e-05,0
LA_D_9428728,0,9.825192e-06,0
LA_D_9481908,0,8.425379e-06,0
LA_D_9499149,0,3.97968e-06,0
LA_D_9514185,0,8.264168e-06,0
LA_D_9528207,0,4.758303e-05,0
LA_D_9559894,0,1.969703e-05,0
LA_D_9594600,0,1e-06,0
LA_D_9603314,0,5.4873794e-06,0
LA_D_9605797,0,1e-06,0
LA_D_9619214,0,2.6437126e-06,0
LA_D_9643872,0,4.9862814e-05,0
LA_D_9645223,0,1.4743372e-06,0
LA_D_9646701,0,5.0916482e-05,0
LA_D_9667586,0,3.132684e-05,0
LA_D_9737680,0,1e-06,0
LA_D_9767344,0,2.6948117e-06,0
LA_D_9768291,0,1e-06,0
LA_D_9928764,0,9.588345e-06,0
LA_D_9931389,0,1.9284014e-06,0
LA_D_9934126,0,1.019579e-06,0
LA_D_9992731,0,8.309167e-05,0
LA_D_1008834,0,4.177232e-05,0
LA_D_1029623,0,9.824733e-06,0
LA_D_1135973,0,2.5860227e-06,0
LA_D_1170726,0,0.00022776518,0
LA_D_1233766,0,3.4580164e-06,0
LA_D_1244860,0,4.8856946e-05,0
LA_D_1250618,0,3.4913508e-05,0
LA_D_1307590,0,8.1416314e-05,0
LA_D_1316973,0,4.8143396e-05,0
LA_D_1323117,0,7.487223e-06,0
LA_D_1376887,0,1.6232581e-05,0
LA_D_1382969,0,1.2675784e-05,0
LA_D_1398743,0,1.0696244e-05,0
LA_D_1402046,0,4.3947966e-06,0
LA_D_1416122,0,2.301024e-05,0
LA_D_1433129,0,1.2882875e-05,0
LA_D_1472284,0,0.027691342,0
LA_D_1485983,0,1.4106248e-05,0
LA_D_1497236,0,1.2203297e-05,0
LA_D_1526424,0,0.00023420816,0
LA_D_1546363,0,0.0024260196,0
LA_D_1564452,0,2.61148e-06,0
LA_D_1589359,0,6.2966005e-06,0
LA_D_1594784,0,3.1099542e-05,0
LA_D_1657707,0,0.00016229722,0
LA_D_1758405,0,7.12758e-05,0
LA_D_1777158,0,0.00015018284,0
LA_D_1780000,0,6.494079e-05,0
LA_D_1800659,0,3.7336522e-05,0
LA_D_1856189,0,0.00023227607,0
LA_D_1863901,0,0.00019773497,0
LA_D_1872618,0,4.842755e-06,0
LA_D_1904462,0,9.782064e-06,0
LA_D_1911980,0,2.5043493e-05,0
LA_D_1917155,0,9.6097836e-05,0
LA_D_1917753,0,0.00015070745,0
LA_D_1943080,0,0.002758904,0
LA_D_1953828,0,0.00013188619,0
LA_D_1979046,0,5.9795193e-06,0
LA_D_2039988,0,5.18012e-06,0
LA_D_2041511,0,0.00015884917,0
LA_D_2042650,0,4.6307392e-05,0
LA_D_2042770,0,4.808045e-05,0
LA_D_2054506,0,0.00083501794,0
LA_D_2069946,0,5.8654045e-05,0
LA_D_2077413,0,1.3506731e-05,0
LA_D_2081259,0,0.00022921497,0
LA_D_2081459,0,9.14475e-05,0
LA_D_2084084,0,9.151398e-05,0
LA_D_2104324,0,0.0007748374,0
LA_D_2143625,0,3.136947e-05,0
LA_D_2171727,0,7.917693e-06,0
LA_D_2177921,0,0.0005609548,0
LA_D_2224110,0,2.3780389e-05,0
LA_D_2226509,0,8.997091e-05,0
LA_D_2265031,0,5.0774895e-05,0
LA_D_2275470,0,2.6520431e-06,0
LA_D_2311080,0,1e-06,0
LA_D_2374547,0,2.6503785e-05,0
LA_D_2380135,0,1e-06,0
LA_D_2400343,0,0.0001226424,0
LA_D_2421665,0,2.8845177e-05,0
LA_D_2431857,0,0.004177685,0
LA_D_2435960,0,0.00011540132,0
LA_D_2460870,0,0.20987192,0
LA_D_2468278,0,0.00083576096,0
LA_D_2473895,0,2.9052144e-05,0
LA_D_2490231,0,7.031225e-05,0
LA_D_2490787,0,6.038452e-06,0
LA_D_2498703,0,5.081791e-05,0
LA_D_2507417,0,3.06653e-05,0
LA_D_2519581,0,4.0886665e-05,0
LA_D_2527247,0,0.00023465992,0
LA_D_2539732,0,1.25867155e-05,0
LA_D_2543157,0,4.120772e-05,0
LA_D_2549993,0,1.1063184e-05,0
LA_D_2558084,0,0.000116205876,0
LA_D_2598664,0,6.830005e-05,0
LA_D_2643397,0,1.3507711e-05,0
LA_D_2647059,0,2.7598311e-05,0
LA_D_2690336,0,0.007810473,0
LA_D_2720435,0,5.498289e-05,0
LA_D_2762669,0,7.994218e-06,0
LA_D_2771079,0,1.3000693e-05,0
LA_D_2876241,0,0.008820375,0
LA_D_2881171,0,0.00016291604,0
LA_D_2905137,0,1.0677155e-05,0
LA_D_2923622,0,1.1028064e-05,0
LA_D_2959609,0,1.6023272e-05,0
LA_D_2974704,0,3.1980286e-05,0
LA_D_3045712,0,1.4703491e-05,0
LA_D_3093534,0,6.690472e-05,0
LA_D_3109792,0,8.593896e-06,0
LA_D_3115572,0,6.173108e-05,0
LA_D_3115750,0,3.5578367e-05,0
LA_D_3122333,0,1.3653364e-06,0
LA_D_3158956,0,1e-06,0
LA_D_3169991,0,0.000121303485,0
LA_D_3195614,0,0.000112951726,0
LA_D_3200727,0,8.700532e-06,0
LA_D_3294853,0,3.185675e-06,0
LA_D_3319355,0,3.8108195e-05,0
LA_D_3325936,0,0.0016892658,0
LA_D_3378402,0,2.7158067e-05,0
LA_D_3378615,0,0.0008272357,0
LA_D_3379127,0,8.7497e-05,0
LA_D_3398607,0,0.00028775062,0
LA_D_3413908,0,1.8830417e-05,0
LA_D_3418840,0,0.00017043878,0
LA_D_3445488,0,3.0405054e-05,0
LA_D_3469008,0,1.2903581e-05,0
LA_D_3514513,0,4.291158e-05,0
LA_D_3555723,0,2.5917507e-05,0
LA_D_3579076,0,3.881119e-05,0
LA_D_3627257,0,2.6499587e-05,0
LA_D_3654875,0,2.2004613e-05,0
LA_D_3660282,0,2.9563982e-06,0
LA_D_3714587,0,7.965987e-05,0
LA_D_3780481,0,1.3678043e-05,0
LA_D_3788427,0,2.3870275e-06,0
LA_D_3794623,0,0.00012492813,0
LA_D_3798024,0,0.00016465735,0
LA_D_3828841,0,4.865692e-05,0
LA_D_3945155,0,4.1124888e-05,0
LA_D_3947953,0,7.219917e-05,0
LA_D_3951175,0,6.713967e-05,0
LA_D_3957229,0,5.759713e-06,0
LA_D_3981366,0,4.4743792e-05,0
LA_D_3983835,0,3.52657e-05,0
LA_D_4002921,0,1.2297377e-05,0
LA_D_4058412,0,4.6612327e-06,0
LA_D_4113356,0,1.0401632e-05,0
LA_D_4117970,0,0.0014353005,0
LA_D_4130527,0,1.7929542e-05,0
LA_D_4143632,0,2.5703628e-06,0
LA_D_4153076,0,0.00013468048,0
LA_D_4171217,0,8.732859e-06,0
LA_D_4191752,0,0.0046821977,0
LA_D_4223757,0,5.7867786e-05,0
LA_D_4228094,0,6.0551716e-05,0
LA_D_4263760,0,5.191588e-06,0
LA_D_4281656,0,2.1842184e-06,0
LA_D_4283190,0,8.803178e-05,0
LA_D_4284194,0,0.00012205768,0
LA_D_4302088,0,6.2050854e-06,0
LA_D_4362724,0,4.0181425e-05,0
LA_D_4378003,0,2.044298e-05,0
LA_D_4390516,0,0.00015119238,0
LA_D_4421531,0,0.00042742174,0
LA_D_4515281,0,7.3004274e-05,0
LA_D_4567317,0,5.4882054e-05,0
LA_D_4631627,0,0.00012936571,0
LA_D_4648402,0,3.9558836e-05,0
LA_D_4650858,0,5.9248643e-05,0
LA_D_4668862,0,0.00011890209,0
LA_D_4708436,0,4.5736447e-06,0
LA_D_4721356,0,0.00063787267,0
LA_D_4722011,0,4.118026e-05,0
LA_D_4747773,0,0.00046818587,0
LA_D_4752880,0,2.3433988e-05,0
LA_D_4755066,0,1.9634073e-05,0
LA_D_4859889,0,3.8334878e-05,0
LA_D_4902826,0,8.559127e-06,0
LA_D_4907676,0,4.1887204e-05,0
LA_D_4928075,0,3.5713798e-05,0
LA_D_4933527,0,3.4679572e-06,0
LA_D_4995063,0,1.4261425e-05,0
LA_D_5004092,0,4.1456038e-05,0
LA_D_5031248,0,0.00018797997,0
LA_D_5073126,0,2.5204572e-05,0
LA_D_5104907,0,3.4188844e-05,0
LA_D_5123844,0,0.00015339234,0
LA_D_5153538,0,5.019271e-06,0
LA_D_5159936,0,5.967459e-06,0
LA_D_5213207,0,0.00011056847,0
LA_D_5254267,0,4.9311915e-05,0
LA_D_5269652,0,5.3798694e-06,0
LA_D_5297443,0,2.840985e-05,0
LA_D_5305086,0,7.237675e-05,0
LA_D_5308188,0,3.8395607e-05,0
LA_D_5358070,0,3.361942e-05,0
LA_D_5377943,0,1.3750905e-05,0
LA_D_5379360,0,1e-06,0
LA_D_5384475,0,1.0819633e-05,0
LA_D_5393982,0,0.0011080982,0
LA_D_5397434,0,1.833123e-05,0
LA_D_5406274,0,1.3269082e-05,0
LA_D_5420932,0,0.0063191387,0
LA_D_5424592,0,1.9369778e-05,0
LA_D_5427856,0,2.925722e-05,0
LA_D_5432198,0,1.6007143e-05,0
LA_D_5448251,0,4.4561206e-05,0
LA_D_5472216,0,0.0003706045,0
LA_D_5490947,0,0.0056002694,0
LA_D_5491412,0,6.246192e-05,0
LA_D_5519522,0,1.2027047e-05,0
LA_D_5543089,0,1.2855372e-05,0
LA_D_5550880,0,8.39496e-05,0
LA_D_5613820,0,4.8548416e-05,0
LA_D_5621483,0,3.9909828e-05,0
LA_D_5699731,0,0.00015294892,0
LA_D_5702258,0,9.119245e-05,0
LA_D_5711351,0,9.4668576e-05,0
LA_D_5726307,0,0.00016012875,0
LA_D_5734535,0,2.7310265e-05,0
LA_D_5755154,0,7.738501e-06,0
LA_D_5826748,0,0.02054289,0
LA_D_5847801,0,3.2228458e-05,0
LA_D_5854712,0,7.222401e-06,0
LA_D_5867269,0,0.000105105544,0
LA_D_5881167,0,2.555201e-05,0
LA_D_5899377,0,4.6940928e-05,0
LA_D_5901190,0,2.9710149e-05,0
LA_D_5909916,0,0.00030601397,0
LA_D_5918137,0,1.6457963e-05,0
LA_D_5929796,0,3.514668e-05,0
LA_D_6013665,0,5.3657524e-05,0
LA_D_6019558,0,2.9134466e-05,0
LA_D_6081377,0,3.674143e-05,0
LA_D_6087767,0,7.533961e-05,0
LA_D_6103118,0,5.6887726e-05,0
LA_D_6108925,0,1.04030005e-05,0
LA_D_6127324,0,0.00014644064,0
LA_D_6137322,0,7.543534e-06,0
LA_D_6143159,0,6.080893e-05,0
LA_D_6151616,0,7.405463e-05,0
LA_D_6174114,0,1.3499327e-05,0
LA_D_6212794,0,1.4821621e-05,0
LA_D_6218929,0,2.1481444e-05,0
LA_D_6224605,0,6.848776e-06,0
LA_D_6230736,0,7.995103e-05,0
LA_D_6233911,0,4.2691987e-05,0
LA_D_6290294,0,1e-06,0
LA_D_6327399,0,0.00022815335,0
LA_D_6383543,0,4.022755e-05,0
LA_D_6390760,0,5.4591103e-05,0
LA_D_6447251,0,7.0108413e-06,0
LA_D_6454321,0,0.000117009906,0
LA_D_6464994,0,9.0012745e-06,0
LA_D_6486980,0,2.4132118e-05,0
LA_D_6499728,0,3.5584746e-06,0
LA_D_6502735,0,7.317742e-05,0
LA_D_6513609,0,0.0019554044,0
LA_D_6514670,0,0.0003924471,0
LA_D_6648074,0,4.2107484e-05,0
LA_D_6655563,0,9.605221e-05,0
LA_D_6681675,0,1.3780757e-05,0
LA_D_6716544,0,1.5466032e-05,0
LA_D_6734573,0,5.0015304e-05,0
LA_D_6786099,0,5.2931584e-05,0
LA_D_6834540,0,0.00054047944,0
LA_D_6852175,0,1.8339046e-05,0
LA_D_6858597,0,0.001391826,0
LA_D_6870040,0,5.4764576e-05,0
LA_D_6884626,0,0.0011434022,0
LA_D_6887218,0,5.679498e-05,0
LA_D_6890842,0,1.4884521e-06,0
LA_D_6920274,0,0.0008450686,0
LA_D_6921099,0,9.7466844e-05,0
LA_D_6932984,0,0.00018636163,0
LA_D_6950600,0,0.0005204513,0
LA_D_6967013,0,0.00014195323,0
LA_D_7018339,0,0.0004410187,0
LA_D_7030836,0,1.0455676e-05,0
LA_D_7040526,0,3.597917e-05,0
LA_D_7082816,0,4.2963908e-05,0
LA_D_7107466,0,2.5747615e-06,0
LA_D_7109251,0,2.7823677e-05,0
LA_D_7112267,0,3.5466303e-06,0
LA_D_7120164,0,5.3301487e-06,0
LA_D_7120378,0,7.9846955e-05,0
LA_D_7126476,0,0.00018180079,0
LA_D_7129774,0,6.7551855e-06,0
LA_D_7139694,0,1.942583e-05,0
LA_D_7149435,0,0.00041481026,0
LA_D_7171461,0,1.2684079e-05,0
LA_D_7186648,0,3.3763234e-05,0
LA_D_7191599,0,0.000312156,0
LA_D_7219959,0,6.3925004e-06,0
LA_D_7227396,0,7.627866e-05,0
LA_D_7290138,0,1.219263e-05,0
LA_D_7312402,0,9.57075e-06,0
LA_D_7375499,0,7.5697666e-05,0
LA_D_7388723,0,1.3932979e-05,0
LA_D_7411008,0,7.324709e-05,0
LA_D_7420382,0,4.3743407e-06,0
LA_D_7431648,0,0.00019728132,0
LA_D_7453706,0,9.427458e-06,0
LA_D_7484913,0,4.1651158e-05,0
LA_D_7525091,0,0.0005075461,0
LA_D_7569481,0,2.0988866e-06,0
LA_D_7584788,0,0.00014637601,0
LA_D_7595396,0,9.677584e-06,0
LA_D_7604548,0,7.511801e-05,0
LA_D_7614264,0,4.7992344e-06,0
LA_D_7643557,0,3.2570617e-05,0
LA_D_7660511,0,0.00022030766,0
LA_D_7679395,0,1e-06,0
LA_D_7685864,0,3.634059e-05,0
LA_D_7717790,0,0.052523963,0
LA_D_7733474,0,2.318133e-05,0
LA_D_7734687,0,2.1155358e-06,0
LA_D_7735847,0,5.380494e-05,0
LA_D_7744376,0,8.567928e-05,0
LA_D_7763354,0,0.00038407728,0
LA_D_7768185,0,0.0043902434,0
LA_D_7825070,0,7.814129e-06,0
LA_D_7863446,0,2.9506713e-05,0
LA_D_7903297,0,6.475144e-05,0
LA_D_7910632,0,3.367009e-06,0
LA_D_7918457,0,1.2978971e-06,0
LA_D_7922711,0,7.0378237e-06,0
LA_D_7949260,0,1.0423472e-06,0
LA_D_7973047,0,8.8220695e-05,0
LA_D_7997330,0,6.442009e-05,0
LA_D_8003982,0,5.4228774e-05,0
LA_D_8037537,0,2.7983442e-05,0
LA_D_8045695,0,0.000104627754,0
LA_D_8048655,0,9.320203e-06,0
LA_D_8090443,0,1.3585248e-05,0
LA_D_8117597,0,6.022693e-06,0
LA_D_8138478,0,0.00012711453,0
LA_D_8161346,0,2.0410078e-05,0
LA_D_8181617,0,6.4271844e-05,0
LA_D_8191875,0,6.6085915e-05,0
LA_D_8217709,0,4.1901152e-05,0
LA_D_8243334,0,0.006194308,0
LA_D_8257669,0,0.00034938366,0
LA_D_8258450,0,0.00011766153,0
LA_D_8271340,0,0.00025232838,0
LA_D_8323372,0,5.499427e-05,0
LA_D_8353917,0,1.7264043e-05,0
LA_D_8359118,0,3.274321e-05,0
LA_D_8366444,0,0.00017680379,0
LA_D_8420931,0,0.0001636854,0
LA_D_8428519,0,9.292706e-05,0
LA_D_8450719,0,0.0016262479,0
LA_D_8505001,0,3.5757657e-05,0
LA_D_8524573,0,1.6753352e-06,0
LA_D_8530635,0,5.8594116e-05,0
LA_D_8565229,0,0.00014605813,0
LA_D_8592787,0,3.345605e-05,0
LA_D_8595981,0,1.6190932e-05,0
LA_D_8630262,0,1.8313214e-05,0
LA_D_8676372,0,5.5552573e-05,0
LA_D_8678708,0,5.9773818e-05,0
LA_D_8686775,0,0.0006680972,0
LA_D_8690110,0,3.3793167e-06,0
LA_D_8700986,0,3.3760523e-05,0
LA_D_8708922,0,4.416783e-05,0
LA_D_8712827,0,0.015873412,0
LA_D_8720385,0,6.8269833e-06,0
LA_D_8745732,0,0.0003118761,0
LA_D_8752569,0,0.00012059179,0
LA_D_8775447,0,8.0530495e-05,0
LA_D_8788522,0,4.3888373e-05,0
LA_D_8820030,0,0.00039310672,0
LA_D_8825208,0,7.519097e-05,0
LA_D_8826258,0,2.1308608e-05,0
LA_D_8846056,0,0.00021007391,0
LA_D_8865823,0,1.5137995e-05,0
LA_D_8892958,0,9.028621e-06,0
LA_D_8923577,0,4.9635964e-06,0
LA_D_8925211,0,0.0023164263,0
LA_D_8933531,0,1.3300198e-05,0
LA_D_8937760,0,1.3174263e-05,0
LA_D_8941942,0,1.5403915e-06,0
LA_D_8959959,0,1.3944329e-05,0
LA_D_9086287,0,6.579164e-05,0
LA_D_9092875,0,0.00023303897,0
LA_D_9106136,0,0.00012071995,0
LA_D_9123838,0,0.0012430466,0
LA_D_9129067,0,6.824549e-05,0
LA_D_9153269,0,1e-06,0
LA_D_9170640,0,1.4050423e-05,0
LA_D_9189588,0,5.9643407e-06,0
LA_D_9202951,0,2.3063558e-05,0
LA_D_9247963,0,0.00025667535,0
LA_D_9251632,0,0.00026083572,0
LA_D_9277522,0,1.2974559e-05,0
LA_D_9291930,0,1.2055696e-06,0
LA_D_9325392,0,3.2690025e-06,0
LA_D_9346841,0,8.131833e-06,0
LA_D_9347002,0,1.986244e-05,0
LA_D_9387976,0,0.0015520555,0
LA_D_9402940,0,1.5189099e-05,0
LA_D_9410296,0,2.5375832e-05,0
LA_D_9421383,0,0.0006275552,0
LA_D_9425296,0,6.190971e-05,0
LA_D_9436918,0,9.063491e-05,0
LA_D_9461387,0,2.3717582e-06,0
LA_D_9462148,0,3.0245275e-05,0
LA_D_9472346,0,0.00044429224,0
LA_D_9478484,0,2.0223284e-05,0
LA_D_9489838,0,2.104619e-06,0
LA_D_9562412,0,4.7936053e-05,0
LA_D_9659279,0,2.9144021e-05,0
LA_D_9672169,0,9.248882e-06,0
LA_D_9678259,0,0.00061594043,0
LA_D_9686807,0,2.1555834e-05,0
LA_D_9706008,0,2.9091207e-05,0
LA_D_9765329,0,5.8500013e-06,0
LA_D_9777735,0,0.00010127441,0
LA_D_9794955,0,7.026546e-05,0
LA_D_9808634,0,4.1453623e-05,0
LA_D_9810987,0,0.0014508208,0
LA_D_9812523,0,8.531989e-05,0
LA_D_9946370,0,2.3083208e-05,0
LA_D_9953005,0,0.0074143084,0
LA_D_9954765,0,4.4703393e-06,0
LA_D_9967133,0,0.0011941749,0
LA_D_9972110,0,2.3448118e-05,0
LA_D_9973328,0,2.7686305e-05,0
LA_D_9996165,0,9.697965e-06,0
LA_D_1046823,0,7.4202408e-06,0
LA_D_1064234,0,0.00033148078,0
LA_D_1065706,0,1.2466777e-05,0
LA_D_1087001,0,0.005874997,0
LA_D_1090716,0,0.00020974646,0
LA_D_1115105,0,0.00017457247,0
LA_D_1126589,0,7.0322036e-05,0
LA_D_1135492,0,8.0846665e-05,0
LA_D_1169857,0,2.3384162e-05,0
LA_D_1196983,0,1.7435104e-05,0
LA_D_1211866,0,0.0013287802,0
LA_D_1212413,0,8.29789e-06,0
LA_D_1216944,0,7.2007088e-06,0
LA_D_1245325,0,0.00011152285,0
LA_D_1274154,0,6.841608e-05,0
LA_D_1319002,0,0.0008445035,0
LA_D_1322448,0,7.9172234e-05,0
LA_D_1347517,0,5.5735585e-05,0
LA_D_1353213,0,1.8749834e-05,0
LA_D_1355729,0,3.522903e-05,0
LA_D_1358996,0,0.00022188449,0
LA_D_1364338,0,5.365891e-05,0
LA_D_1371353,0,6.3571e-06,0
LA_D_1381076,0,1.6445709e-05,0
LA_D_1404673,0,3.6158222e-06,0
LA_D_1416117,0,1.4029803e-05,0
LA_D_1431675,0,1.10781975e-05,0
LA_D_1440249,0,3.7775862e-06,0
LA_D_1471424,0,6.4891433e-06,0
LA_D_1512865,0,1.6728727e-05,0
LA_D_1516713,0,7.175885e-05,0
LA_D_1533227,0,1.3200875e-05,0
LA_D_1548711,0,0.00010225129,0
LA_D_1576592,0,0.00013957323,0
LA_D_1576850,0,8.299299e-05,0
LA_D_1649732,0,6.3587824e-05,0
LA_D_1671144,0,1.171416e-06,0
LA_D_1681067,0,6.2415835e-05,0
LA_D_1686618,0,5.3180433e-06,0
LA_D_1693149,0,3.124923e-05,0
LA_D_1705511,0,2.7219727e-05,0
LA_D_1727164,0,3.5426725e-05,0
LA_D_1753843,0,1.7386687e-05,0
LA_D_1772551,0,8.9700035e-05,0
LA_D_1794386,0,3.1765192e-06,0
LA_D_1835169,0,2.7707172e-05,0
LA_D_1878944,0,7.913615e-05,0
LA_D_1919665,0,5.2113133e-05,0
LA_D_1943070,0,0.00017106024,0
LA_D_1960584,0,2.4224648e-05,0
LA_D_1963102,0,0.0021440785,0
LA_D_1975986,0,1.1397221e-05,0
LA_D_2030042,0,2.0156845e-06,0
LA_D_2046001,0,0.00010001784,0
LA_D_2049473,0,0.000309461,0
LA_D_2073542,0,4.9037404e-05,0
LA_D_2073874,0,4.2774587e-05,0
LA_D_2109006,0,5.4718485e-06,0
LA_D_2113562,0,4.8814098e-05,0
LA_D_2158501,0,4.9736587e-05,0
LA_D_2162534,0,9.251645e-05,0
LA_D_2177457,0,8.652234e-06,0
LA_D_2215146,0,1.9066765e-06,0
LA_D_2254222,0,1.3690517e-05,0
LA_D_2349609,0,7.147549e-05,0
LA_D_2352367,0,2.0092048e-05,0
LA_D_2356169,0,8.635097e-05,0
LA_D_2367543,0,1.481818e-06,0
LA_D_2368822,0,2.4252417e-06,0
LA_D_2384989,0,8.3600804e-05,0
LA_D_2398137,0,4.3307387e-05,0
LA_D_2400629,0,0.00011855645,0
LA_D_2445228,0,1.7373211e-05,0
LA_D_2446398,0,5.1988045e-05,0
LA_D_2459392,0,6.972542e-06,0
LA_D_2487310,0,3.2410673e-05,0
LA_D_2489955,0,4.783659e-05,0
LA_D_2534090,0,0.00030948754,0
LA_D_2540485,0,0.00021204117,0
LA_D_2550999,0,1.43848765e-05,0
LA_D_2553522,0,0.0002535448,0
LA_D_2560049,0,5.331045e-05,0
LA_D_2562314,0,9.1982765e-06,0
LA_D_2604413,0,9.416035e-05,0
LA_D_2612592,0,3.7577847e-05,0
LA_D_2617260,0,0.00020628591,0
LA_D_2619914,0,0.0016108865,0
LA_D_2621924,0,4.950916e-05,0
LA_D_2638842,0,6.0039984e-05,0
LA_D_2680473,0,4.20125e-05,0
LA_D_2707241,0,5.3691463e-05,0
LA_D_2729373,0,6.874268e-05,0
LA_D_2741013,0,2.3622977e-06,0
LA_D_2836484,0,5.2636515e-06,0
LA_D_2840968,0,7.774386e-05,0
LA_D_2856635,0,0.00011876486,0
LA_D_2902766,0,2.218741e-05,0
LA_D_2920486,0,1.042183e-06,0
LA_D_2957019,0,4.401415e-06,0
LA_D_3040991,0,9.611268e-05,0
LA_D_3051300,0,1.7313832e-06,0
LA_D_3056332,0,3.0269686e-05,0
LA_D_3089201,0,1.781097e-06,0
LA_D_3095594,0,5.5142358e-05,0
LA_D_3113904,0,1.6227455e-06,0
LA_D_3158628,0,0.0002380682,0
LA_D_3166047,0,3.904276e-05,0
LA_D_3176688,0,3.4998998e-06,0
LA_D_3206802,0,6.8136883e-06,0
LA_D_3244975,0,5.6671037e-05,0
LA_D_3298289,0,1.2467481e-06,0
LA_D_3305924,0,2.1895847e-05,0
LA_D_3307337,0,1.4728626e-05,0
LA_D_3331709,0,1.1306523e-06,0
LA_D_3332557,0,1.1647728e-05,0
LA_D_3345023,0,8.4041225e-05,0
LA_D_3356921,0,2.4607152e-05,0
LA_D_3390672,0,0.002502612,0
LA_D_3402886,0,0.00034325433,0
LA_D_3417486,0,0.00017409772,0
LA_D_3440565,0,0.00036903264,0
LA_D_3444243,0,0.00021111763,0
LA_D_3446118,0,2.9845318e-05,0
LA_D_3447750,0,5.1142506e-06,0
LA_D_3484904,0,1.17912305e-05,0
LA_D_3496739,0,1.491374e-05,0
LA_D_3520036,0,7.3371804e-05,0
LA_D_3533031,0,8.034074e-05,0
LA_D_3537955,0,2.5822173e-06,0
LA_D_3553005,0,4.1709864e-06,0
LA_D_3565600,0,2.7156413e-05,0
LA_D_3570039,0,0.0026635688,0
LA_D_3613058,0,0.00013139688,0
LA_D_3636645,0,1.3031896e-06,0
LA_D_3687000,0,4.019764e-05,0
LA_D_3693157,0,1.5941423e-05,0
LA_D_3748728,0,0.00025643295,0
LA_D_3754292,0,6.4665205e-06,0
LA_D_3763171,0,2.653985e-05,0
LA_D_3808275,0,1.0311104e-05,0
LA_D_3823589,0,1.8349578e-05,0
LA_D_3835778,0,0.00014694517,0
LA_D_3877903,0,4.169567e-05,0
LA_D_3889153,0,4.0277453e-05,0
LA_D_3890999,0,0.061593283,0
LA_D_3984908,0,1.8254175e-05,0
LA_D_4019834,0,1.631983e-06,0
LA_D_4023227,0,8.6977525e-06,0
LA_D_4042181,0,2.933131e-05,0
LA_D_4055259,0,4.832287e-05,0
LA_D_4103062,0,0.00065953133,0
LA_D_4162881,0,0.0005881776,0
LA_D_4191859,0,4.3099913e-06,0
LA_D_4193506,0,2.318049e-05,0
LA_D_4193601,0,1.5434147e-05,0
LA_D_4197706,0,1.570347e-05,0
LA_D_4207896,0,0.00015998498,0
LA_D_4207897,0,0.000303348,0
LA_D_4302740,0,7.3226665e-06,0
LA_D_4308996,0,9.908751e-05,0
LA_D_4324353,0,2.1348818e-05,0
LA_D_4338667,0,4.324763e-05,0
LA_D_4356277,0,1.2807013e-05,0
LA_D_4424329,0,0.00011118752,0
LA_D_4435608,0,9.950831e-05,0
LA_D_4455802,0,8.9995565e-06,0
LA_D_4457611,0,4.9538157e-05,0
LA_D_4458136,0,3.2841606e-06,0
LA_D_4465780,0,5.61471e-05,0
LA_D_4468213,0,5.7125617e-05,0
LA_D_4473266,0,1.8780436e-05,0
LA_D_4492232,0,1.7406546e-05,0
LA_D_4523318,0,0.07144958,0
LA_D_4554903,0,0.00027574878,0
LA_D_4572843,0,3.1256322e-06,0
LA_D_4666650,0,0.00018664975,0
LA_D_4683909,0,2.44781e-05,0
LA_D_4684144,0,7.238331e-05,0
LA_D_4692458,0,5.328981e-05,0
LA_D_4703784,0,0.00036230843,0
LA_D_4735699,0,3.4507164e-05,0
LA_D_4756172,0,6.0752987e-05,0
LA_D_4769999,0,2.865612e-06,0
LA_D_4864229,0,5.8950565e-05,0
LA_D_4901519,0,6.695419e-05,0
LA_D_4930572,0,4.6671597e-05,0
LA_D_4951186,0,5.130822e-05,0
LA_D_4951679,0,0.00012090808,0
LA_D_4978752,0,8.102317e-05,0
LA_D_4979471,0,1.3994126e-05,0
LA_D_4990269,0,3.4953016e-05,0
LA_D_5004135,0,4.8778365e-05,0
LA_D_5023258,0,0.00010693293,0
LA_D_5028708,0,3.3682125e-05,0
LA_D_5086481,0,1.0080563e-06,0
LA_D_5118448,0,1.839857e-05,0
LA_D_5132698,0,5.5773285e-06,0
LA_D_5170460,0,1.6058579e-05,0
LA_D_5186388,0,1.528407e-05,0
LA_D_5197604,0,5.047702e-05,0
LA_D_5198331,0,1.1893857e-05,0
LA_D_5210219,0,4.383533e-05,0
LA_D_5222618,0,0.00015408499,0
LA_D_5269583,0,3.064238e-05,0
LA_D_5275307,0,4.8098376e-05,0
LA_D_5285977,0,0.003959514,0
LA_D_5296528,0,6.354869e-06,0
LA_D_5298745,0,4.7336507e-05,0
LA_D_5303682,0,3.1441798e-06,0
LA_D_5387695,0,2.7646702e-05,0
LA_D_5401977,0,1.9961892e-06,0
LA_D_5421273,0,4.4311273e-05,0
LA_D_5443853,0,2.077873e-05,0
LA_D_5477295,0,0.00023828667,0
LA_D_5506987,0,6.7429944e-05,0
LA_D_5526352,0,0.00010649069,0
LA_D_5581635,0,3.9137893e-05,0
LA_D_5582457,0,6.657499e-05,0
LA_D_5599455,0,0.0012753468,0
LA_D_5609703,0,7.4039235e-05,0
LA_D_5640612,0,8.213718e-06,0
LA_D_5670170,0,6.842091e-05,0
LA_D_5716688,0,0.00019184427,0
LA_D_5749828,0,0.00027421405,0
LA_D_5759044,0,2.7530046e-05,0
LA_D_5791947,0,3.266188e-05,0
LA_D_5792469,0,0.00036646708,0
LA_D_5814356,0,0.00010387938,0
LA_D_5835841,0,1.4049205e-05,0
LA_D_5895172,0,4.8286664e-05,0
LA_D_6002069,0,0.00014598336,0
LA_D_6052846,0,0.00021067202,0
LA_D_6074255,0,1.1925352e-05,0
LA_D_6083758,0,3.462722e-05,0
LA_D_6104615,0,4.5060406e-05,0
LA_D_6119999,0,1.6018474e-05,0
LA_D_6132308,0,0.000117551754,0
LA_D_6152825,0,3.6007023e-06,0
LA_D_6154817,0,2.669575e-06,0
LA_D_6157568,0,2.8466377e-06,0
LA_D_6160345,0,0.00011194839,0
LA_D_6165893,0,2.9456074e-05,0
LA_D_6167969,0,3.832877e-05,0
LA_D_6202337,0,2.5431602e-05,0
LA_D_6230649,0,1.8183166e-05,0
LA_D_6241854,0,3.7484892e-06,0
LA_D_6253161,0,5.4794033e-05,0
LA_D_6271396,0,2.5078625e-05,0
LA_D_6279642,0,1.1655027e-05,0
LA_D_6286932,0,3.948476e-06,0
LA_D_6306124,0,3.0462754e-05,0
LA_D_6348972,0,5.035015e-06,0
LA_D_6377155,0,2.8757395e-05,0
LA_D_6412420,0,8.974189e-06,0
LA_D_6420222,0,7.667248e-05,0
LA_D_6442430,0,6.347024e-05,0
LA_D_6456051,0,0.0001717131,0
LA_D_6459326,0,5.0002905e-05,0
LA_D_6471553,0,1.1000408e-05,0
LA_D_6565059,0,3.8484795e-05,0
LA_D_6569528,0,6.852853e-05,0
LA_D_6574064,0,1.8349261e-05,0
LA_D_6621286,0,4.554348e-05,0
LA_D_6632250,0,5.6919853e-05,0
LA_D_6658901,0,0.00085082295,0
LA_D_6671478,0,7.4223353e-06,0
LA_D_6691155,0,0.00032731798,0
LA_D_6725362,0,0.0014718216,0
LA_D_6756303,0,4.809855e-06,0
LA_D_6756915,0,2.3067627e-05,0
LA_D_6763110,0,5.1980637e-06,0
LA_D_6784152,0,0.0001209135,0
LA_D_6800302,0,3.77206e-05,0
LA_D_6808623,0,0.00033858992,0
LA_D_6840245,0,4.298215e-06,0
LA_D_6875940,0,1.2663906e-05,0
LA_D_6905617,0,5.776915e-06,0
LA_D_6905899,0,3.225007e-05,0
LA_D_6912762,0,4.667128e-05,0
LA_D_6947158,0,2.3917306e-05,0
LA_D_6948502,0,4.7703932e-05,0
LA_D_6977063,0,4.2473108e-05,0
LA_D_6988292,0,4.8317665e-06,0
LA_D_7014953,0,7.6182056e-05,0
LA_D_7095518,0,0.00027333753,0
LA_D_7096783,0,5.9846196e-05,0
LA_D_7150944,0,9.0492416e-05,0
LA_D_7168084,0,4.1478183e-05,0
LA_D_7174444,0,1.0213979e-05,0
LA_D_7193069,0,6.238223e-06,0
LA_D_7193826,0,8.53351e-05,0
LA_D_7253261,0,6.955486e-05,0
LA_D_7311677,0,9.901656e-06,0
LA_D_7319011,0,1.5065353e-05,0
LA_D_7338005,0,6.0493196e-05,0
LA_D_7348453,0,3.697369e-05,0
LA_D_7350559,0,3.7155319e-06,0
LA_D_7361548,0,7.612602e-06,0
LA_D_7375721,0,5.2040676e-05,0
LA_D_7408406,0,1.3829456e-05,0
LA_D_7410996,0,1.3383562e-05,0
LA_D_7420272,0,8.0905666e-05,0
LA_D_7554470,0,9.116709e-06,0
LA_D_7572859,0,5.3543895e-06,0
LA_D_7610801,0,3.3075907e-05,0
LA_D_7616189,0,4.4776792e-05,0
LA_D_7617084,0,0.0021696112,0
LA_D_7692713,0,6.339585e-06,0
LA_D_7723272,0,0.00011819838,0
LA_D_7730512,0,2.9472744e-06,0
LA_D_7745248,0,3.0319838e-05,0
LA_D_7756409,0,0.00047872143,0
LA_D_7798527,0,3.7283753e-05,0
LA_D_7829585,0,1.7296768e-06,0
LA_D_7839758,0,5.3872915e-05,0
LA_D_7851594,0,3.0610456e-05,0
LA_D_7883328,0,0.00016429226,0
LA_D_7938379,0,7.1366785e-06,0
LA_D_7946465,0,3.3263073e-05,0
LA_D_8013292,0,3.2818236e-05,0
LA_D_8024926,0,4.0939303e-06,0
LA_D_8061900,0,0.00045552777,0
LA_D_8067555,0,2.4794967e-05,0
LA_D_8077978,0,1.6572922e-05,0
LA_D_8105548,0,0.00015075589,0
LA_D_8116303,0,2.7865844e-05,0
LA_D_8139224,0,3.840751e-05,0
LA_D_8223029,0,5.506926e-05,0
LA_D_8229891,0,0.00014262348,0
LA_D_8248088,0,9.813721e-05,0
LA_D_8254223,0,0.001558384,0
LA_D_8285840,0,2.112634e-05,0
LA_D_8293730,0,0.0013475368,0
LA_D_8296034,0,9.606101e-06,0
LA_D_8296140,0,7.462032e-05,0
LA_D_8321065,0,4.4636487e-05,0
LA_D_8375912,0,0.00024211415,0
LA_D_8424084,0,8.9108034e-05,0
LA_D_8425128,0,1.5496771e-05,0
LA_D_8434552,0,3.4074987e-05,0
LA_D_8464378,0,4.3912485e-05,0
LA_D_8467174,0,9.433551e-05,0
LA_D_8529083,0,1.2824771e-05,0
LA_D_8538817,0,0.00019853069,0
LA_D_8557922,0,0.0003072608,0
LA_D_8563827,0,0.000115690425,0
LA_D_8579416,0,0.00020373873,0
LA_D_8638229,0,2.5309716e-06,0
LA_D_8645167,0,3.7894351e-06,0
LA_D_8682752,0,2.862939e-05,0
LA_D_8688796,0,0.0003184194,0
LA_D_8693666,0,6.3799685e-05,0
LA_D_8719361,0,9.826569e-06,0
LA_D_8740534,0,5.278348e-05,0
LA_D_8753478,0,1.6993272e-06,0
LA_D_8758498,0,0.00032357435,0
LA_D_8772841,0,2.9882392e-06,0
LA_D_8785732,0,7.719345e-06,0
LA_D_8843993,0,5.9122503e-05,0
LA_D_8848915,0,0.00031580913,0
LA_D_8870758,0,0.004433466,0
LA_D_8894853,0,3.0694157e-06,0
LA_D_8948179,0,1e-06,0
LA_D_8957963,0,4.7907353e-05,0
LA_D_8967441,0,0.00016547738,0
LA_D_8985398,0,4.828349e-06,0
LA_D_8986637,0,0.00022581323,0
LA_D_9000459,0,2.0172742e-05,0
LA_D_9010806,0,7.689624e-05,0
LA_D_9061973,0,5.7743982e-05,0
LA_D_9064825,0,2.0213507e-05,0
LA_D_9071521,0,4.788578e-06,0
LA_D_9099044,0,2.1198974e-05,0
LA_D_9100251,0,0.0001811714,0
LA_D_9106675,0,5.541261e-06,0
LA_D_9148946,0,1.5197996e-05,0
LA_D_9272291,0,7.6233464e-06,0
LA_D_9278642,0,1.3630748e-05,0
LA_D_9307448,0,1.5644637e-05,0
LA_D_9321961,0,1.0034964e-05,0
LA_D_9329658,0,5.7751688e-05,0
LA_D_9332219,0,7.399147e-06,0
LA_D_9335965,0,0.000119729004,0
LA_D_9344459,0,4.722834e-05,0
LA_D_9400014,0,5.7465466e-05,0
LA_D_9455587,0,9.01149e-05,0
LA_D_9471872,0,1.667238e-05,0
LA_D_9475381,0,5.8197784e-05,0
LA_D_9519831,0,5.7560833e-06,0
LA_D_9523759,0,0.00010637469,0
LA_D_9528015,0,6.588374e-05,0
LA_D_9538448,0,0.00030184005,0
LA_D_9644301,0,9.937679e-05,0
LA_D_9653754,0,2.2667746e-06,0
LA_D_9663997,0,6.070602e-05,0
LA_D_9676788,0,2.9389944e-06,0
LA_D_9681106,0,6.275894e-06,0
LA_D_9698452,0,1.3733107e-05,0
LA_D_9705819,0,5.790356e-05,0
LA_D_9707725,0,3.296073e-05,0
LA_D_9733247,0,1.0851293e-06,0
LA_D_9761792,0,3.1158794e-05,0
LA_D_9771827,0,9.955756e-05,0
LA_D_9775314,0,8.2567e-06,0
LA_D_9778372,0,2.3056102e-05,0
LA_D_9778376,0,2.465806e-05,0
LA_D_9792691,0,0.000109155575,0
LA_D_9797194,0,9.695911e-06,0
LA_D_9896814,0,6.696275e-05,0
LA_D_9911310,0,1.3005939e-05,0
LA_D_9948019,0,5.5196444e-05,0
LA_D_9958023,0,1.862768e-05,0
LA_D_9980576,0,3.984039e-05,0
LA_D_9987379,0,2.1078302e-05,0
LA_D_1013810,0,1.1324058e-05,0
LA_D_1058167,0,3.0054816e-06,0
LA_D_1114039,0,2.5620786e-06,0
LA_D_1139754,0,1e-06,0
LA_D_1162280,0,5.4050557e-05,0
LA_D_1185426,0,1.6079664e-05,0
LA_D_1253703,0,2.0621574e-05,0
LA_D_1291101,0,5.5655705e-06,0
LA_D_1337359,0,9.080715e-05,0
LA_D_1352656,0,4.602128e-06,0
LA_D_1361600,0,1.0540533e-05,0
LA_D_1416022,0,0.00011819005,0
LA_D_1418965,0,3.9183044e-05,0
LA_D_1441701,0,4.619695e-06,0
LA_D_1461015,0,1e-06,0
LA_D_1481725,0,7.134958e-05,0
LA_D_1483498,0,2.6967398e-05,0
LA_D_1507549,0,1e-06,0
LA_D_1560491,0,3.2399364e-06,0
LA_D_1561860,0,9.591583e-06,0
LA_D_1570710,0,7.746136e-06,0
LA_D_1604831,0,3.7876757e-06,0
LA_D_1621509,0,2.3375911e-05,0
LA_D_1649887,0,1.288453e-06,0
LA_D_1652776,0,1.001161e-05,0
LA_D_1716656,0,5.9597296e-06,0
LA_D_1804384,0,6.486899e-05,0
LA_D_1822549,0,3.660353e-05,0
LA_D_1877141,0,0.00018074799,0
LA_D_1932009,0,1.8259618e-06,0
LA_D_1985162,0,2.0861027e-05,0
LA_D_1985982,0,5.081207e-06,0
LA_D_1996500,0,8.7583976e-05,0
LA_D_2017198,0,1.1573071e-06,0
LA_D_2018219,0,4.4690958e-05,0
LA_D_2045409,0,1e-06,0
LA_D_2065981,0,1.3704705e-05,0
LA_D_2094262,0,4.3332443e-06,0
LA_D_2142744,0,3.2992473e-06,0
LA_D_2174187,0,1.7477571e-06,0
LA_D_2195251,0,6.4049304e-06,0
LA_D_2210828,0,1e-06,0
LA_D_2218447,0,1.2320032e-05,0
LA_D_2256022,0,7.6642345e-06,0
LA_D_2335395,0,1.1885406e-06,0
LA_D_2403062,0,1.4935528e-06,0
LA_D_2441155,0,1e-06,0
LA_D_2479312,0,3.880831e-06,0
LA_D_2490654,0,1.9979625e-06,0
LA_D_2514874,0,3.931412e-05,0
LA_D_2529982,0,0.00041846448,0
LA_D_2653429,0,7.73856e-06,0
LA_D_2663437,0,1.079182e-05,0
LA_D_2669376,0,8.26943e-05,0
LA_D_2688863,0,5.2514028e-05,0
LA_D_2777169,0,5.081207e-06,0
LA_D_2786957,0,1e-06,0
LA_D_2808442,0,3.1806237e-06,0
LA_D_2831646,0,4.352517e-05,0
LA_D_2850234,0,2.9035884e-06,0
LA_D_2864137,0,1e-06,0
LA_D_2874951,0,6.6638017e-06,0
LA_D_2879814,0,1.1549582e-05,0
LA_D_2886143,0,3.315665e-06,0
LA_D_2897075,0,1.4477652e-06,0
LA_D_2908532,0,1.0507494e-05,0
LA_D_2928444,0,5.7726243e-06,0
LA_D_2973882,0,4.8555547e-05,0
LA_D_2982066,0,7.4077752e-06,0
LA_D_3063506,0,5.2141004e-06,0
LA_D_3106372,0,0.00010868507,0
LA_D_3113412,0,1e-06,0
LA_D_3114938,0,1e-06,0
LA_D_3115301,0,2.610551e-06,0
LA_D_3117454,0,5.7404322e-06,0
LA_D_3118975,0,6.903133e-05,0
LA_D_3128008,0,6.5344643e-06,0
LA_D_3132921,0,1.069601e-05,0
LA_D_3194587,0,1e-06,0
LA_D_3260902,0,1.4668016e-05,0
LA_D_3339394,0,1.4722283e-06,0
LA_D_3342069,0,1e-06,0
LA_D_3349461,0,8.682304e-06,0
LA_D_3356308,0,1.2691453e-06,0
LA_D_3373606,0,1.3618377e-05,0
LA_D_3375685,0,2.671481e-05,0
LA_D_3429746,0,1e-06,0
LA_D_3430677,0,1e-06,0
LA_D_3445715,0,6.517685e-06,0
LA_D_3459378,0,1.3425571e-06,0
LA_D_3477279,0,1.1977565e-05,0
LA_D_3506531,0,4.929706e-06,0
LA_D_3571216,0,3.310731e-05,0
LA_D_3587612,0,1.4010523e-05,0
LA_D_3597947,0,2.9585855e-05,0
LA_D_3639376,0,1.1321735e-05,0
LA_D_3641330,0,1e-06,0
LA_D_3645170,0,2.2892334e-06,0
LA_D_3676772,0,3.986266e-06,0
LA_D_3687327,0,1e-06,0
LA_D_3705070,0,1.4776958e-06,0
LA_D_3711375,0,1.39893755e-05,0
LA_D_3720743,0,4.3798187e-05,0
LA_D_3732635,0,2.0483121e-05,0
LA_D_3776327,0,1e-06,0
LA_D_3787257,0,5.162671e-06,0
LA_D_3793172,0,1.5094691e-05,0
LA_D_3802962,0,1.2212891e-05,0
LA_D_3821359,0,1e-06,0
LA_D_3838632,0,7.537309e-05,0
LA_D_3850425,0,4.8804373e-05,0
LA_D_3898925,0,1e-06,0
LA_D_3913569,0,1.4153328e-06,0
LA_D_3928290,0,6.9874965e-05,0
LA_D_3945227,0,1.5914529e-06,0
LA_D_3975146,0,3.2600517e-06,0
LA_D_4014725,0,5.231683e-06,0
LA_D_4031375,0,1.6744502e-06,0
LA_D_4039557,0,0.00057048973,0
LA_D_4046048,0,2.75299e-06,0
LA_D_4084629,0,1e-06,0
LA_D_4095002,0,1e-06,0
LA_D_4108210,0,5.256844e-05,0
LA_D_4110914,0,1.8620361e-06,0
LA_D_4182578,0,4.808824e-05,0
LA_D_4200741,0,2.9548958e-06,0
LA_D_4205148,0,1.9815143e-05,0
LA_D_4230212,0,2.690772e-06,0
LA_D_4234629,0,4.271486e-06,0
LA_D_4236787,0,9.210097e-05,0
LA_D_4251305,0,8.777202e-06,0
LA_D_4339387,0,1.7846993e-05,0
LA_D_4342639,0,3.1335563e-05,0
LA_D_4412972,0,1e-06,0
LA_D_4458668,0,6.581072e-05,0
LA_D_4528435,0,4.734717e-06,0
LA_D_4529749,0,2.1219119e-05,0
LA_D_4542962,0,1.825292e-05,0
LA_D_4573581,0,3.5714955e-05,0
LA_D_4585435,0,4.1780215e-05,0
LA_D_4593298,0,4.2064297e-05,0
LA_D_4599849,0,1.1921156e-05,0
LA_D_4638718,0,1e-06,0
LA_D_4823498,0,1e-06,0
LA_D_4837193,0,1.8023703e-06,0
LA_D_4850598,0,1e-06,0
LA_D_4859174,0,1e-06,0
LA_D_4883594,0,4.248654e-06,0
LA_D_4919685,0,1.3784556e-05,0
LA_D_4947786,0,2.5558506e-06,0
LA_D_4952066,0,1e-06,0
LA_D_5029303,0,4.853357e-06,0
LA_D_5034046,0,4.0023488e-06,0
LA_D_5051791,0,6.6147313e-06,0
LA_D_5164039,0,1.9571167e-05,0
LA_D_5168716,0,1.6722426e-05,0
LA_D_5174566,0,0.00011771787,0
LA_D_5219734,0,4.775329e-06,0
LA_D_5220475,0,1.1130214e-05,0
LA_D_5237899,0,1e-06,0
LA_D_5287819,0,2.0887663e-05,0
LA_D_5289575,0,1.0815228e-05,0
LA_D_5323011,0,0.00032194165,0
LA_D_5328894,0,0.0001059286,0
LA_D_5356350,0,1e-06,0
LA_D_5394100,0,1.2332303e-05,0
LA_D_5400630,0,1.8175348e-05,0
LA_D_5402192,0,3.6109996e-05,0
LA_D_5413087,0,1.9659105e-05,0
LA_D_5422570,0,0.00015640192,0
LA_D_5458074,0,7.6168353e-06,0
LA_D_5525120,0,1.5668946e-05,0
LA_D_5534887,0,1.714174e-05,0
LA_D_5580217,0,7.0592946e-06,0
LA_D_5599035,0,1.8229142e-05,0
LA_D_5713417,0,4.111619e-06,0
LA_D_5737035,0,2.2298848e-06,0
LA_D_5737796,0,1e-06,0
LA_D_5743533,0,5.9406208e-05,0
LA_D_5791316,0,1.3191285e-05,0
LA_D_5809176,0,2.3290953e-05,0
LA_D_5818741,0,5.3942473e-05,0
LA_D_5822388,0,1e-06,0
LA_D_5844214,0,1.5561563e-06,0
LA_D_5885239,0,1e-06,0
LA_D_6018250,0,9.905973e-05,0
LA_D_6023359,0,5.9402782e-06,0
LA_D_6032690,0,2.2762759e-05,0
LA_D_6047115,0,1.1235902e-05,0
LA_D_6093649,0,2.4316294e-06,0
LA_D_6098242,0,1.3467116e-05,0
LA_D_6111501,0,1.0755732e-06,0
LA_D_6153919,0,1.3332378e-05,0
LA_D_6197060,0,1.25034485e-05,0
LA_D_6214749,0,1.1720098e-05,0
LA_D_6375943,0,3.0736835e-06,0
LA_D_6407177,0,6.156686e-06,0
LA_D_6468524,0,1e-06,0
LA_D_6484471,0,7.6009796e-06,0
LA_D_6495668,0,1.1183829e-06,0
LA_D_6802172,0,2.9567213e-05,0
LA_D_6810036,0,4.0012987e-05,0
LA_D_6876959,0,0.00011111608,0
LA_D_6900371,0,1e-06,0
LA_D_6927348,0,3.198547e-05,0
LA_D_6935657,0,1e-06,0
LA_D_6946995,0,1.875121e-05,0
LA_D_7016944,0,7.8832694e-05,0
LA_D_7058822,0,2.8272661e-06,0
LA_D_7065014,0,2.0559326e-06,0
LA_D_7109771,0,1.6302223e-05,0
LA_D_7125605,0,1.2198922e-06,0
LA_D_7188227,0,1.4790122e-05,0
LA_D_7191859,0,6.0287275e-06,0
LA_D_7194141,0,1e-06,0
LA_D_7224568,0,4.7777075e-06,0
LA_D_7225984,0,1.3865086e-05,0
LA_D_7283586,0,1.6511241e-06,0
LA_D_7293816,0,7.367139e-06,0
LA_D_7294059,0,1e-06,0
LA_D_7297087,0,0.0005331577,0
LA_D_7299706,0,1.502748e-06,0
LA_D_7363059,0,1.7688736e-06,0
LA_D_7374784,0,1.06475345e-05,0
LA_D_7388625,0,2.7264827e-05,0
LA_D_7422802,0,7.8828625e-06,0
LA_D_7442253,0,0.00011904924,0
LA_D_7479337,0,2.4770057e-05,0
LA_D_7506195,0,1.47540295e-05,0
LA_D_7537666,0,1.1757904e-05,0
LA_D_7549839,0,3.2787546e-05,0
LA_D_7622887,0,1e-06,0
LA_D_7655527,0,1e-06,0
LA_D_7679781,0,3.2014755e-06,0
LA_D_7691716,0,3.8312726e-05,0
LA_D_7704814,0,1e-06,0
LA_D_7705946,0,6.6785586e-05,0
LA_D_7769896,0,1.4459217e-06,0
LA_D_7783081,0,4.408338e-06,0
LA_D_7796964,0,2.5895615e-06,0
LA_D_7833173,0,4.816002e-06,0
LA_D_7834333,0,3.8069655e-05,0
LA_D_7906750,0,6.9241305e-06,0
LA_D_7932767,0,3.4339744e-05,0
LA_D_7953344,0,2.6602895e-05,0
LA_D_8023557,0,2.5629267e-06,0
LA_D_8177576,0,2.4489016e-06,0
LA_D_8218322,0,4.0077803e-06,0
LA_D_8241189,0,5.9615827e-06,0
LA_D_8265432,0,3.852437e-06,0
LA_D_8283819,0,1e-06,0
LA_D_8350907,0,3.6291654e-05,0
LA_D_8456544,0,1.2853872e-06,0
LA_D_8481565,0,7.126456e-06,0
LA_D_8511318,0,3.4355202e-05,0
LA_D_8514719,0,6.940711e-06,0
LA_D_8637140,0,1e-06,0
LA_D_8665250,0,1.0875081e-05,0
LA_D_8693204,0,1e-06,0
LA_D_8720226,0,6.8886425e-06,0
LA_D_8728415,0,2.1235344e-06,0
LA_D_8742351,0,8.188395e-05,0
LA_D_8821044,0,5.62592e-06,0
LA_D_8875562,0,2.1806095e-06,0
LA_D_8905681,0,1.20640825e-05,0
LA_D_8944425,0,3.0838823e-05,0
LA_D_8958444,0,1.2184621e-05,0
LA_D_9077999,0,4.8352244e-06,0
LA_D_9080415,0,6.971316e-05,0
LA_D_9154948,0,2.3944416e-05,0
LA_D_9160362,0,1.2258655e-06,0
LA_D_9182085,0,1.3859514e-06,0
LA_D_9196271,0,4.5089337e-06,0
LA_D_9201990,0,1e-06,0
LA_D_9230787,0,1.8083523e-05,0
LA_D_9258278,0,3.104581e-06,0
LA_D_9278101,0,0.00057404325,0
LA_D_9295289,0,1e-06,0
LA_D_9305482,0,3.8852972e-06,0
LA_D_9316058,0,3.1332336e-06,0
LA_D_9321322,0,0.0008788551,0
LA_D_9331853,0,1.3287608e-05,0
LA_D_9354882,0,5.180632e-05,0
LA_D_9391009,0,3.1940264e-05,0
LA_D_9403264,0,4.2208203e-06,0
LA_D_9439860,0,1.4387745e-05,0
LA_D_9502607,0,8.413624e-06,0
LA_D_9520709,0,2.362769e-05,0
LA_D_9549616,0,1.7210908e-06,0
LA_D_9553311,0,1.836852e-05,0
LA_D_9567658,0,0.0012064328,0
LA_D_9641365,0,1.0920246e-06,0
LA_D_9644491,0,1.9077434e-05,0
LA_D_9645639,0,1.3379621e-06,0
LA_D_9670462,0,3.3686207e-05,0
LA_D_9686921,0,1.0986566e-06,0
LA_D_9741299,0,2.3700286e-05,0
LA_D_9788709,0,1e-06,0
LA_D_9790131,0,0.00020914196,0
LA_D_9815112,0,1e-06,0
LA_D_9836992,0,6.8376103e-06,0
LA_D_9859179,0,1.3247991e-06,0
LA_D_9871071,0,6.33672e-06,0
LA_D_9914468,0,1e-06,0
LA_D_9951013,0,3.624087e-06,0
LA_D_9952661,0,1e-06,0
LA_D_9963998,0,2.430382e-06,0
LA_D_9986772,0,1.4226405e-05,0
LA_D_1058175,0,2.6897662e-06,0
LA_D_1094159,0,5.050668e-05,0
LA_D_1096800,0,2.654118e-06,0
LA_D_1112801,0,4.584768e-06,0
LA_D_1143330,0,0.00017208091,0
LA_D_1182427,0,6.237353e-05,0
LA_D_1183700,0,1.6655804e-05,0
LA_D_1203409,0,1.0854127e-06,0
LA_D_1218439,0,2.6920143e-06,0
LA_D_1219426,0,4.8278657e-06,0
LA_D_1234985,0,3.2541684e-06,0
LA_D_1248114,0,4.7203663e-05,0
LA_D_1251280,0,0.0002321291,0
LA_D_1291769,0,8.587269e-06,0
LA_D_1303948,0,4.6842415e-05,0
LA_D_1321499,0,5.2735588e-05,0
LA_D_1326429,0,2.5927542e-05,0
LA_D_1330876,0,1.5269445e-05,0
LA_D_1345487,0,1.1356057e-05,0
LA_D_1364429,0,1.4370096e-05,0
LA_D_1370857,0,2.0100364e-05,0
LA_D_1375287,0,5.9528702e-05,0
LA_D_1421669,0,3.0112287e-05,0
LA_D_1450181,0,6.8268005e-06,0
LA_D_1514781,0,3.775e-06,0
LA_D_1546492,0,0.00029822078,0
LA_D_1551180,0,4.3739874e-05,0
LA_D_1552205,0,4.934866e-06,0
LA_D_1588708,0,7.2030234e-06,0
LA_D_1592604,0,0.00041661877,0
LA_D_1616469,0,1.0027023e-06,0
LA_D_1634247,0,0.0003861709,0
LA_D_1634260,0,0.00017166432,0
LA_D_1640811,0,1.9074721e-05,0
LA_D_1693621,0,3.2906108e-05,0
LA_D_1700029,0,9.202091e-05,0
LA_D_1725101,0,3.7921134e-05,0
LA_D_1726757,0,4.105365e-05,0
LA_D_1750812,0,0.007240725,0
LA_D_1756267,0,7.904445e-05,0
LA_D_1764899,0,3.411306e-05,0
LA_D_1785622,0,3.873591e-05,0
LA_D_1812777,0,7.823112e-05,0
LA_D_1857093,0,1.155757e-05,0
LA_D_1859569,0,4.3273663e-05,0
LA_D_1860732,0,1.3724459e-06,0
LA_D_1874538,0,0.00038854845,0
LA_D_1875610,0,5.0085942e-05,0
LA_D_1888505,0,9.992467e-06,0
LA_D_1902286,0,5.8045418e-05,0
LA_D_1951999,0,6.1074104e-05,0
LA_D_1977992,0,3.929339e-05,0
LA_D_1982609,0,8.282552e-06,0
LA_D_2040940,0,1.2622513e-05,0
LA_D_2065024,0,1.4141647e-05,0
LA_D_2076833,0,3.3029984e-05,0
LA_D_2092891,0,1.5008438e-05,0
LA_D_2094846,0,2.9259172e-05,0
LA_D_2110221,0,6.436832e-05,0
LA_D_2110877,0,0.00018437045,0
LA_D_2120746,0,1.3541812e-05,0
LA_D_2160549,0,7.120709e-06,0
LA_D_2242907,0,2.2687276e-05,0
LA_D_2295521,0,1.734378e-05,0
LA_D_2330181,0,1.7416807e-05,0
LA_D_2354304,0,1.4766206e-05,0
LA_D_2368084,0,2.8440349e-05,0
LA_D_2386712,0,3.0112311e-05,0
LA_D_2396603,0,0.00018796939,0
LA_D_2529258,0,0.0014230452,0
LA_D_2536419,0,3.4152672e-05,0
LA_D_2543771,0,1e-06,0
LA_D_2565992,0,1.77815e-05,0
LA_D_2602121,0,1.3227918e-05,0
LA_D_2605389,0,7.7092125e-05,0
LA_D_2638194,0,0.0001521431,0
LA_D_2669207,0,1.3601089e-05,0
LA_D_2680010,0,8.32892e-05,0
LA_D_2709521,0,1.143465e-05,0
LA_D_2713921,0,4.8110625e-05,0
LA_D_2714506,0,1.5641117e-05,0
LA_D_2736798,0,1.4790841e-05,0
LA_D_2772831,0,9.937908e-06,0
LA_D_2779400,0,4.0689807e-05,0
LA_D_2793029,0,0.000204114,0
LA_D_2834285,0,6.875973e-05,0
LA_D_2853745,0,2.4571817e-05,0
LA_D_2895911,0,5.2298634e-05,0
LA_D_2897114,0,7.7827e-06,0
LA_D_2907242,0,0.0009547531,0
LA_D_2926373,0,3.072857e-06,0
LA_D_2963666,0,3.1848365e-06,0
LA_D_3033850,0,4.473462e-05,0
LA_D_3048934,0,0.00011379269,0
LA_D_3050382,0,8.055719e-06,0
LA_D_3060021,0,1.7173546e-05,0
LA_D_3074358,0,1.0592237e-05,0
LA_D_3091849,0,1.5303307e-05,0
LA_D_3098494,0,8.5296946e-05,0
LA_D_3102719,0,4.0659424e-06,0
LA_D_3103229,0,1.762646e-05,0
LA_D_3140807,0,4.2629126e-05,0
LA_D_3141001,0,3.6300955e-06,0
LA_D_3146067,0,7.5996754e-06,0
LA_D_3197776,0,4.4109747e-06,0
LA_D_3209443,0,9.085083e-06,0
LA_D_3218501,0,5.1812098e-05,0
LA_D_3220414,0,9.91967e-06,0
LA_D_3223679,0,8.390877e-05,0
LA_D_3235954,0,6.2213316e-05,0
LA_D_3240744,0,2.9569836e-05,0
LA_D_3255179,0,6.4237897e-06,0
LA_D_3257558,0,2.7361202e-05,0
LA_D_3268182,0,4.6024445e-05,0
LA_D_3287616,0,1.6541029e-06,0
LA_D_3292380,0,2.8191565e-05,0
LA_D_3383596,0,1.2005983e-05,0
LA_D_3395666,0,4.348223e-05,0
LA_D_3417030,0,0.000114049726,0
LA_D_3469618,0,3.0690047e-05,0
LA_D_3521896,0,3.60838e-05,0
LA_D_3608379,0,1.6076531e-06,0
LA_D_3628945,0,3.768946e-05,0
LA_D_3658190,0,8.850744e-06,0
LA_D_3663883,0,7.121403e-05,0
LA_D_3667294,0,2.4238121e-05,0
LA_D_3668276,0,1.954118e-05,0
LA_D_3695500,0,5.785857e-05,0
LA_D_3761182,0,1.6364404e-05,0
LA_D_3774569,0,1.9958557e-05,0
LA_D_3794898,0,3.1429896e-05,0
LA_D_3816975,0,2.7655062e-05,0
LA_D_3832995,0,5.2968386e-05,0
LA_D_3838796,0,3.2569682e-05,0
LA_D_3870171,0,1.4817144e-05,0
LA_D_3891032,0,8.457586e-05,0
LA_D_3901055,0,4.399053e-05,0
LA_D_3942705,0,5.7642023e-06,0
LA_D_3982488,0,8.359016e-06,0
LA_D_4036156,0,1.4324616e-05,0
LA_D_4083065,0,5.841311e-06,0
LA_D_4087294,0,1e-06,0
LA_D_4100618,0,4.7072088e-05,0
LA_D_4176473,0,6.926449e-05,0
LA_D_4177267,0,1.5236249e-06,0
LA_D_4195813,0,3.770981e-05,0
LA_D_4234473,0,3.774921e-05,0
LA_D_4238004,0,3.132582e-05,0
LA_D_4252877,0,2.7561411e-05,0
LA_D_4289062,0,5.4640626e-05,0
LA_D_4315292,0,5.8655052e-05,0
LA_D_4320045,0,3.7941654e-06,0
LA_D_4374505,0,0.00011482754,0
LA_D_4374847,0,1.1027706e-05,0
LA_D_4396906,0,3.6538422e-05,0
LA_D_4431110,0,2.8478968e-05,0
LA_D_4433438,0,0.00031994423,0
LA_D_4435311,0,3.8783703e-05,0
LA_D_4445043,0,0.0007626623,0
LA_D_4466315,0,1.2328094e-05,0
LA_D_4482250,0,7.432183e-05,0
LA_D_4514767,0,7.962217e-06,0
LA_D_4525286,0,3.3650053e-05,0
LA_D_4532971,0,3.1263982e-05,0
LA_D_4538195,0,2.2741648e-05,0
LA_D_4623028,0,7.483081e-05,0
LA_D_4646382,0,5.5337798e-05,0
LA_D_4693240,0,1.7893997e-05,0
LA_D_4702442,0,3.5622506e-06,0
LA_D_4739962,0,0.00024067085,0
LA_D_4753322,0,2.1898666e-05,0
LA_D_4759804,0,1.5404781e-05,0
LA_D_4782365,0,3.543821e-05,0
LA_D_4808563,0,6.0358143e-06,0
LA_D_4893594,0,4.3529176e-06,0
LA_D_4893808,0,6.06967e-05,0
LA_D_4895547,0,1.0126957e-06,0
LA_D_4916654,0,4.6965106e-05,0
LA_D_4923393,0,2.9030598e-05,0
LA_D_5000465,0,2.6263575e-05,0
LA_D_5044367,0,0.0001586533,0
LA_D_5070399,0,5.542001e-06,0
LA_D_5108501,0,3.2640546e-05,0
LA_D_5109249,0,6.589669e-05,0
LA_D_5114087,0,3.9671566e-05,0
LA_D_5160671,0,3.4677653e-06,0
LA_D_5201039,0,9.894841e-06,0
LA_D_5231688,0,3.1816674e-06,0
LA_D_5263250,0,2.6015174e-05,0
LA_D_5271365,0,1.691217e-05,0
LA_D_5275248,0,6.11192e-05,0
LA_D_5301506,0,5.3754473e-05,0
LA_D_5301649,0,1e-06,0
LA_D_5309639,0,8.184335e-05,0
LA_D_5331381,0,1.5640937e-05,0
LA_D_5334560,0,0.0001318276,0
LA_D_5364323,0,2.1391024e-05,0
LA_D_5383156,0,3.653598e-05,0
LA_D_5408466,0,2.599761e-06,0
LA_D_5416130,0,1.806167e-05,0
LA_D_5427296,0,4.864987e-05,0
LA_D_5437761,0,5.1557145e-06,0
LA_D_5440591,0,4.532511e-05,0
LA_D_5454068,0,1.6377687e-06,0
LA_D_5466662,0,5.4130633e-06,0
LA_D_5471947,0,4.4990716e-06,0
LA_D_5474545,0,1.5579499e-05,0
LA_D_5510072,0,3.0679716e-05,0
LA_D_5510361,0,4.6483532e-05,0
LA_D_5514813,0,0.00026554253,0
LA_D_5525407,0,1.3125981e-05,0
LA_D_5539821,0,3.62619e-05,0
LA_D_5625259,0,3.3850443e-05,0
LA_D_5637355,0,0.00040247277,0
LA_D_5642400,0,1.5576557e-05,0
LA_D_5653465,0,2.4240096e-06,0
LA_D_5714519,0,2.791191e-05,0
LA_D_5716129,0,4.7751637e-05,0
LA_D_5716315,0,0.0065327566,0
LA_D_5777775,0,1.48269955e-05,0
LA_D_5828342,0,6.9442256e-05,0
LA_D_5856971,0,7.2560506e-05,0
LA_D_5868191,0,4.5818575e-05,0
LA_D_5938703,0,2.458946e-06,0
LA_D_5957995,0,3.0045736e-05,0
LA_D_5995743,0,3.118341e-05,0
LA_D_6036790,0,4.1216067e-06,0
LA_D_6055461,0,3.780227e-05,0
LA_D_6089298,0,2.206214e-05,0
LA_D_6105261,0,3.0417785e-05,0
LA_D_6107434,0,2.7027541e-05,0
LA_D_6111513,0,2.0772726e-05,0
LA_D_6138469,0,4.906659e-05,0
LA_D_6143621,0,1.1918258e-05,0
LA_D_6149770,0,2.8163618e-05,0
LA_D_6175034,0,4.9634164e-06,0
LA_D_6210847,0,3.0975705e-05,0
LA_D_6251261,0,0.0001743798,0
LA_D_6271793,0,2.2161314e-05,0
LA_D_6284369,0,3.314648e-05,0
LA_D_6303966,0,4.5273013e-05,0
LA_D_6341603,0,0.0004684024,0
LA_D_6345727,0,2.6890048e-05,0
LA_D_6359607,0,0.0030984906,0
LA_D_6422391,0,5.0219194e-05,0
LA_D_6443808,0,0.001342915,0
LA_D_6516436,0,3.9858744e-05,0
LA_D_6518104,0,3.614297e-05,0
LA_D_6539622,0,2.915745e-05,0
LA_D_6551392,0,4.200521e-05,0
LA_D_6577918,0,7.999343e-06,0
LA_D_6607113,0,6.045418e-06,0
LA_D_6628655,0,0.00016417887,0
LA_D_6630625,0,4.0681618e-05,0
LA_D_6695154,0,3.8452403e-05,0
LA_D_6718854,0,2.414529e-06,0
LA_D_6720500,0,0.0004382402,0
LA_D_6721720,0,1.4087401e-05,0
LA_D_6726921,0,1.1366328e-05,0
LA_D_6736558,0,9.2290175e-05,0
LA_D_6770113,0,2.956228e-05,0
LA_D_6814056,0,3.9314906e-05,0
LA_D_6822067,0,6.7200075e-05,0
LA_D_6879633,0,3.151345e-05,0
LA_D_6911825,0,9.707384e-06,0
LA_D_6927946,0,4.185195e-06,0
LA_D_6940412,0,0.016982103,0
LA_D_6980515,0,5.203986e-06,0
LA_D_6987730,0,3.0266137e-05,0
LA_D_6992546,0,3.8527833e-05,0
LA_D_7031168,0,5.0001413e-06,0
LA_D_7056226,0,3.5814214e-06,0
LA_D_7143793,0,1.2080672e-05,0
LA_D_7157583,0,2.105799e-05,0
LA_D_7169976,0,3.0331319e-05,0
LA_D_7182086,0,1.4008209e-06,0
LA_D_7191939,0,3.0458572e-05,0
LA_D_7232917,0,7.573522e-05,0
LA_D_7255793,0,5.7719526e-06,0
LA_D_7297893,0,5.7697027e-05,0
LA_D_7300673,0,6.9528874e-06,0
LA_D_7322062,0,2.9323111e-05,0
LA_D_7335601,0,3.6138244e-05,0
LA_D_7346973,0,7.2402613e-06,0
LA_D_7359871,0,8.1832095e-06,0
LA_D_7363360,0,5.165193e-06,0
LA_D_7379829,0,3.426895e-05,0
LA_D_7383476,0,4.56874e-06,0
LA_D_7390072,0,3.3309483e-05,0
LA_D_7400234,0,4.8513534e-06,0
LA_D_7417514,0,3.0266137e-06,0
LA_D_7418166,0,1.273914e-05,0
LA_D_7453863,0,0.0003316379,0
LA_D_7470067,0,0.00095028087,0
LA_D_7513692,0,5.5879495e-06,0
LA_D_7517871,0,2.9225846e-05,0
LA_D_7596266,0,1e-06,0
LA_D_7624171,0,3.4332243e-05,0
LA_D_7647726,0,4.956836e-06,0
LA_D_7665313,0,5.6851454e-06,0
LA_D_7668086,0,1.8720764e-05,0
LA_D_7694738,0,0.00022478664,0
LA_D_7705215,0,3.915699e-06,0
LA_D_7722898,0,2.5790481e-05,0
LA_D_7741435,0,7.993586e-05,0
LA_D_7756173,0,8.4425985e-05,0
LA_D_7762520,0,8.370134e-06,0
LA_D_7763634,0,3.3928132e-05,0
LA_D_7764712,0,1.0204622e-05,0
LA_D_7765561,0,1.684699e-05,0
LA_D_7784589,0,1.4603435e-05,0
LA_D_7784895,0,9.0903064e-05,0
LA_D_7815011,0,4.0016876e-05,0
LA_D_7816003,0,1.0375922e-05,0
LA_D_7831838,0,9.107017e-05,0
LA_D_7833764,0,3.5595876e-05,0
LA_D_7849760,0,6.8260456e-06,0
LA_D_7855716,0,4.7059253e-05,0
LA_D_7865903,0,5.3149986e-05,0
LA_D_7886257,0,5.259076e-06,0
LA_D_7900165,0,6.722058e-06,0
LA_D_7982809,0,4.1447447e-06,0
LA_D_7982832,0,5.1952564e-05,0
LA_D_8004535,0,2.8248674e-06,0
LA_D_8006920,0,1.5833523e-06,0
LA_D_8043612,0,2.6860882e-05,0
LA_D_8045813,0,0.00010765135,0
LA_D_8046653,0,0.000422219,0
LA_D_8058949,0,0.0005411447,0
LA_D_8066085,0,6.439331e-05,0
LA_D_8067809,0,2.6990809e-05,0
LA_D_8086419,0,2.1765707e-06,0
LA_D_8093748,0,0.00017770802,0
LA_D_8106973,0,1.5634589e-06,0
LA_D_8112034,0,1.8614201e-06,0
LA_D_8149486,0,0.00013275529,0
LA_D_8151945,0,2.821093e-05,0
LA_D_8172758,0,6.9704415e-06,0
LA_D_8181526,0,1.093342e-05,0
LA_D_8198483,0,3.2189633e-05,0
LA_D_8223293,0,2.6116042e-05,0
LA_D_8232967,0,0.00017550912,0
LA_D_8256307,0,3.879018e-06,0
LA_D_8309973,0,4.5835436e-06,0
LA_D_8314425,0,2.5753467e-05,0
LA_D_8323741,0,6.5089275e-06,0
LA_D_8370384,0,0.00011762856,0
LA_D_8370984,0,6.40095e-05,0
LA_D_8384378,0,9.0984584e-05,0
LA_D_8391684,0,1.2344942e-05,0
LA_D_8398401,0,2.3994477e-05,0
LA_D_8399662,0,4.9725866e-05,0
LA_D_8504035,0,2.3763976e-05,0
LA_D_8505340,0,2.5623376e-06,0
LA_D_8512243,0,5.379685e-06,0
LA_D_8534733,0,3.100372e-05,0
LA_D_8535074,0,1.055825e-05,0
LA_D_8580443,0,7.349281e-05,0
LA_D_8584366,0,2.566819e-05,0
LA_D_8597595,0,3.0589617e-05,0
LA_D_8600478,0,3.9328184e-05,0
LA_D_8608509,0,1.25681245e-05,0
LA_D_8625690,0,2.1711432e-05,0
LA_D_8674116,0,3.6530478e-06,0
LA_D_8692213,0,6.517474e-06,0
LA_D_8712541,0,2.8628789e-05,0
LA_D_8717579,0,1.4678287e-05,0
LA_D_8791539,0,2.8144985e-05,0
LA_D_8796692,0,0.00011047319,0
LA_D_8840625,0,2.2730914e-05,0
LA_D_8841200,0,1.37577645e-05,0
LA_D_8846826,0,9.851135e-06,0
LA_D_8891133,0,1.1071839e-05,0
LA_D_8904678,0,3.440261e-05,0
LA_D_8932331,0,0.00014969245,0
LA_D_8955275,0,1.9458928e-05,0
LA_D_8956199,0,0.00025781977,0
LA_D_8960945,0,3.4140226e-06,0
LA_D_8966356,0,1.3121688e-05,0
LA_D_9027045,0,1.7502257e-06,0
LA_D_9043896,0,2.7963565e-06,0
LA_D_9205640,0,1.7212898e-05,0
LA_D_9213206,0,0.00059875986,0
LA_D_9218810,0,0.00028678653,0
LA_D_9257861,0,2.9048929e-06,0
LA_D_9266332,0,1.5860569e-05,0
LA_D_9273749,0,9.59612e-06,0
LA_D_9317123,0,2.6728494e-05,0
LA_D_9328186,0,5.175324e-05,0
LA_D_9362120,0,1.1341089e-05,0
LA_D_9362645,0,4.8973376e-05,0
LA_D_9382394,0,3.0621843e-05,0
LA_D_9416726,0,3.386965e-05,0
LA_D_9436033,0,1.3159596e-05,0
LA_D_9445466,0,1.1590463e-05,0
LA_D_9502317,0,8.7179505e-05,0
LA_D_9503289,0,0.00021110736,0
LA_D_9580819,0,2.203794e-05,0
LA_D_9635070,0,4.518865e-06,0
LA_D_9674435,0,2.0654738e-06,0
LA_D_9677312,0,0.0025184888,0
LA_D_9688437,0,0.0001517888,0
LA_D_9722118,0,2.9150668e-05,0
LA_D_9725525,0,9.4898605e-06,0
LA_D_9752782,0,4.6812627e-05,0
LA_D_9796677,0,3.2064356e-05,0
LA_D_9845403,0,3.9404993e-05,0
LA_D_9868503,0,3.8329574e-05,0
LA_D_9871188,0,3.8099475e-05,0
LA_D_9889279,0,4.0424356e-06,0
LA_D_9917167,0,1.804842e-06,0
LA_D_9926699,0,3.751944e-05,0
LA_D_9949558,0,6.6871917e-06,0
LA_D_9957382,0,2.4538565e-05,0
LA_D_1031436,0,6.317381e-05,0
LA_D_1032020,0,8.1944876e-05,0
LA_D_1081764,0,0.00324935,0
LA_D_1096990,0,8.6471355e-06,0
LA_D_1110612,0,4.7588706e-05,0
LA_D_1116227,0,4.8238708e-06,0
LA_D_1121126,0,0.00013722504,0
LA_D_1141201,0,0.00016511598,0
LA_D_1146509,0,3.0881376e-05,0
LA_D_1233489,0,1.4144262e-05,0
LA_D_1254187,0,3.199575e-05,0
LA_D_1348026,0,0.005394096,0
LA_D_1350639,0,8.1943785e-05,0
LA_D_1374599,0,1.2999589e-05,0
LA_D_1391044,0,0.0002827734,0
LA_D_1395431,0,5.248018e-06,0
LA_D_1412745,0,4.9608738e-05,0
LA_D_1515705,0,0.00022263596,0
LA_D_1562924,0,4.8964783e-05,0
LA_D_1590364,0,9.248467e-06,0
LA_D_1591023,0,0.00083715294,0
LA_D_1608716,0,4.343155e-05,0
LA_D_1649398,0,0.00012783997,0
LA_D_1691598,0,0.00018351525,0
LA_D_1703081,0,3.9823528e-05,0
LA_D_1716650,0,4.405531e-06,0
LA_D_1717564,0,4.614297e-05,0
LA_D_1771089,0,1.9084822e-05,0
LA_D_1772325,0,0.00014926215,0
LA_D_1792741,0,0.000106235806,0
LA_D_1800519,0,2.8146138e-05,0
LA_D_1820438,0,5.891926e-05,0
LA_D_1846110,0,0.00040908635,0
LA_D_1872484,0,0.022479152,0
LA_D_1905366,0,6.7786573e-06,0
LA_D_1952062,0,0.00013284075,0
LA_D_2005281,0,9.953046e-06,0
LA_D_2020389,0,0.00024902372,0
LA_D_2028260,0,1.4141445e-05,0
LA_D_2094937,0,0.015363054,0
LA_D_2108764,0,0.00016070419,0
LA_D_2124586,0,7.400994e-05,0
LA_D_2134167,0,0.00034552353,0
LA_D_2158419,0,0.0004374178,0
LA_D_2171946,0,4.193573e-05,0
LA_D_2192025,0,5.3073836e-06,0
LA_D_2196619,0,6.210532e-05,0
LA_D_2240494,0,3.845485e-06,0
LA_D_2243488,0,9.7389915e-05,0
LA_D_2272161,0,1.6369147e-05,0
LA_D_2288205,0,0.45427227,0
LA_D_2297266,0,1.7300334e-05,0
LA_D_2330610,0,0.00012357744,0
LA_D_2331209,0,0.00023726128,0
LA_D_2381980,0,0.0005701456,0
LA_D_2383252,0,1.3583706e-05,0
LA_D_2396073,0,0.00012832705,0
LA_D_2464153,0,5.4385957e-05,0
LA_D_2480756,0,2.8759368e-05,0
LA_D_2482474,0,0.00010691743,0
LA_D_2529761,0,5.2125906e-05,0
LA_D_2537019,0,0.00021203996,0
LA_D_2581603,0,0.00068055623,0
LA_D_2591831,0,0.00013641719,0
LA_D_2600370,0,3.4695847e-06,0
LA_D_2632975,0,0.00024511205,0
LA_D_2659177,0,4.97201e-06,0
LA_D_2661288,0,0.00021849127,0
LA_D_2696036,0,2.1874954e-05,0
LA_D_2731822,0,0.00014348913,0
LA_D_2745677,0,7.8752375e-05,0
LA_D_2751547,0,8.982321e-05,0
LA_D_2762370,0,3.5568526e-05,0
LA_D_2768627,0,0.00078397134,0
LA_D_2826765,0,8.6840155e-05,0
LA_D_2831994,0,6.7794106e-05,0
LA_D_2836370,0,8.144155e-05,0
LA_D_2836997,0,1.8157296e-05,0
LA_D_2839806,0,2.6662887e-05,0
LA_D_2873319,0,0.0019560512,0
LA_D_2919334,0,3.962196e-05,0
LA_D_2973933,0,0.00011565546,0
LA_D_2997639,0,0.0047868136,0
LA_D_3008504,0,5.5898297e-05,0
LA_D_3009860,0,0.0015228116,0
LA_D_3012054,0,1.6843891e-05,0
LA_D_3020555,0,2.7683707e-06,0
LA_D_3041827,0,0.12808372,0
LA_D_3062267,0,7.0374765e-05,0
LA_D_3102640,0,0.00012757986,0
LA_D_3117379,0,3.8510494e-05,0
LA_D_3139128,0,0.00014648057,0
LA_D_3144478,0,0.00022187285,0
LA_D_3169490,0,9.449342e-05,0
LA_D_3181890,0,0.00015909839,0
LA_D_3205771,0,9.126735e-05,0
LA_D_3228741,0,5.8443213e-05,0
LA_D_3229923,0,3.896874e-05,0
LA_D_3277410,0,9.1820375e-06,0
LA_D_3282057,0,2.3569402e-05,0
LA_D_3296082,0,9.732375e-06,0
LA_D_3303334,0,8.5494255e-05,0
LA_D_3316424,0,0.00015604276,0
LA_D_3335276,0,4.2330208e-05,0
LA_D_3372760,0,1.5342515e-05,0
LA_D_3411696,0,5.902786e-05,0
LA_D_3421161,0,4.1423944e-05,0
LA_D_3431149,0,0.00016126847,0
LA_D_3431821,0,5.2246392e-05,0
LA_D_3432362,0,4.8086225e-05,0
LA_D_3456522,0,5.5241573e-05,0
LA_D_3477968,0,0.0002933692,0
LA_D_3478947,0,2.4923056e-06,0
LA_D_3485019,0,0.00020442775,0
LA_D_3485765,0,0.00015537077,0
LA_D_3489009,0,6.1796977e-06,0
LA_D_3508839,0,6.357394e-05,0
LA_D_3530863,0,4.941388e-05,0
LA_D_3577241,0,1.3658021e-05,0
LA_D_3591007,0,2.7129672e-05,0
LA_D_3680282,0,0.00012001832,0
LA_D_3689168,0,3.9799684e-06,0
LA_D_3695889,0,0.00020404453,0
LA_D_3705418,0,5.5847897e-05,0
LA_D_3802161,0,8.580012e-05,0
LA_D_3884812,0,8.025935e-06,0
LA_D_3944543,0,0.0001483167,0
LA_D_3964644,0,0.00029520216,0
LA_D_3966802,0,2.433744e-05,0
LA_D_3968324,0,0.00070615724,0
LA_D_4055715,0,2.8745824e-05,0
LA_D_4059408,0,6.800694e-05,0
LA_D_4068527,0,0.0002694093,0
LA_D_4070752,0,4.8881952e-06,0
LA_D_4076028,0,2.4029214e-05,0
LA_D_4193545,0,0.0007074946,0
LA_D_4202564,0,2.3796676e-05,0
LA_D_4209350,0,2.9631032e-05,0
LA_D_4254597,0,4.6038844e-05,0
LA_D_4282710,0,6.202683e-05,0
LA_D_4284157,0,0.010032785,0
LA_D_4296081,0,6.155543e-05,0
LA_D_4309360,0,5.347399e-05,0
LA_D_4313608,0,0.00012354797,0
LA_D_4337079,0,0.001663792,0
LA_D_4425542,0,4.0571664e-05,0
LA_D_4438965,0,2.9103361e-05,0
LA_D_4451667,0,3.973502e-05,0
LA_D_4519910,0,0.00027284987,0
LA_D_4554135,0,0.0005035033,0
LA_D_4559678,0,9.280247e-06,0
LA_D_4570189,0,3.7693702e-05,0
LA_D_4571962,0,7.886592e-06,0
LA_D_4611388,0,1.6154841e-05,0
LA_D_4643563,0,1.7239036e-05,0
LA_D_4689159,0,3.8243368e-05,0
LA_D_4771512,0,5.347679e-05,0
LA_D_4801010,0,0.000109031054,0
LA_D_4829975,0,2.1378821e-06,0
LA_D_4832275,0,6.658936e-06,0
LA_D_4851555,0,5.2346328e-05,0
LA_D_4862820,0,3.702154e-05,0
LA_D_4891563,0,0.0001661026,0
LA_D_4905495,0,0.0004151167,0
LA_D_4942259,0,5.158271e-05,0
LA_D_5004432,0,6.316297e-05,0
LA_D_5043373,0,1.6360393e-05,0
LA_D_5093282,0,6.3757825e-06,0
LA_D_5135015,0,7.5547864e-06,0
LA_D_5151079,0,0.00014299224,0
LA_D_5178398,0,2.3665327e-05,0
LA_D_5201713,0,2.331969e-05,0
LA_D_5208743,0,9.2801754e-05,0
LA_D_5231854,0,5.564127e-05,0
LA_D_5253057,0,1.0972946e-05,0
LA_D_5269078,0,3.760574e-05,0
LA_D_5282926,0,2.5139037e-05,0
LA_D_5290201,0,1.3400625e-05,0
LA_D_5300406,0,6.047306e-05,0
LA_D_5367629,0,0.00010701218,0
LA_D_5402243,0,7.5248454e-06,0
LA_D_5405824,0,0.000119969794,0
LA_D_5406305,0,1.9728519e-05,0
LA_D_5427168,0,3.2492437e-05,0
LA_D_5432594,0,2.360706e-05,0
LA_D_5469998,0,0.000156295,0
LA_D_5540322,0,0.009170723,0
LA_D_5583855,0,0.00010238476,0
LA_D_5604871,0,1.884903e-05,0
LA_D_5638733,0,1.4378227e-06,0
LA_D_5671651,0,3.666149e-05,0
LA_D_5692097,0,2.1568234e-05,0
LA_D_5696486,0,6.116316e-05,0
LA_D_5708525,0,5.8458267e-05,0
LA_D_5708635,0,3.578877e-05,0
LA_D_5727128,0,4.197078e-05,0
LA_D_5732025,0,4.554096e-05,0
LA_D_5748339,0,0.00044763688,0
LA_D_5762860,0,0.0027179345,0
LA_D_5768079,0,2.0466523e-05,0
LA_D_5785094,0,1.4369656e-05,0
LA_D_5839319,0,1.9512727e-05,0
LA_D_5847132,0,2.4198118e-05,0
LA_D_5886913,0,9.7012025e-06,0
LA_D_5934552,0,3.8767583e-05,0
LA_D_5974348,0,0.00018462534,0
LA_D_6020580,0,3.428451e-05,0
LA_D_6043622,0,3.984822e-05,0
LA_D_6054809,0,2.8758985e-05,0
LA_D_6095298,0,9.27385e-06,0
LA_D_6100403,0,8.56662e-05,0
LA_D_6128701,0,2.9343626e-06,0
LA_D_6134944,0,0.00023427026,0
LA_D_6138799,0,2.7797093e-06,0
LA_D_6139800,0,8.418239e-05,0
LA_D_6151678,0,5.4482458e-05,0
LA_D_6178698,0,5.811033e-05,0
LA_D_6179348,0,2.7567065e-05,0
LA_D_6186073,0,7.103336e-05,0
LA_D_6226933,0,0.518848,1
LA_D_6261206,0,2.874604e-05,0
LA_D_6268368,0,1.8172707e-06,0
LA_D_6300161,0,2.638246e-05,0
LA_D_6332364,0,6.5143668e-06,0
LA_D_6348489,0,3.1058644e-05,0
LA_D_6359915,0,1.9480576e-05,0
LA_D_6370803,0,1.1560039e-05,0
LA_D_6475690,0,1.6511634e-05,0
LA_D_6490506,0,0.00013441117,0
LA_D_6519917,0,0.00011117596,0
LA_D_6523940,0,5.567195e-05,0
LA_D_6577660,0,0.00013187739,0
LA_D_6674030,0,3.481795e-05,0
LA_D_6678702,0,3.4624514e-05,0
LA_D_6679225,0,0.00016005563,0
LA_D_6684696,0,9.934883e-05,0
LA_D_6687114,0,0.000777049,0
LA_D_6713163,0,4.8367223e-05,0
LA_D_6713386,0,8.755775e-05,0
LA_D_6739854,0,3.8579452e-05,0
LA_D_6741158,0,1.713579e-05,0
LA_D_6758446,0,0.00023488353,0
LA_D_6779535,0,0.07924092,0
LA_D_6800766,0,3.8288912e-05,0
LA_D_6821694,0,7.360531e-05,0
LA_D_6823282,0,2.0952104e-05,0
LA_D_6845165,0,4.9872946e-05,0
LA_D_6861442,0,0.00010308176,0
LA_D_6863890,0,9.053868e-06,0
LA_D_6885418,0,4.1456628e-05,0
LA_D_6902681,0,4.091615e-06,0
LA_D_6904078,0,1.6114327e-05,0
LA_D_6906302,0,4.907623e-05,0
LA_D_6908542,0,7.6486984e-05,0
LA_D_6987015,0,0.00036586286,0
LA_D_6993130,0,2.6386974e-06,0
LA_D_6995410,0,3.942277e-05,0
LA_D_7091071,0,3.215668e-05,0
LA_D_7094965,0,0.0009559163,0
LA_D_7110756,0,1.0999212e-05,0
LA_D_7133043,0,2.0428928e-05,0
LA_D_7139747,0,0.00011207785,0
LA_D_7151634,0,1.9276296e-05,0
LA_D_7159338,0,5.984574e-05,0
LA_D_7206772,0,8.933749e-05,0
LA_D_7207336,0,5.5751952e-05,0
LA_D_7230301,0,2.313963e-05,0
LA_D_7241582,0,0.00023076974,0
LA_D_7243431,0,2.9832174e-05,0
LA_D_7270172,0,0.0001587559,0
LA_D_7291272,0,5.0324277e-05,0
LA_D_7291592,0,3.35616e-05,0
LA_D_7306537,0,2.8540604e-05,0
LA_D_7312913,0,1.0495976e-05,0
LA_D_7316873,0,7.39686e-05,0
LA_D_7317184,0,0.00033824422,0
LA_D_7396958,0,6.0348707e-06,0
LA_D_7403679,0,4.5304107e-05,0
LA_D_7412514,0,3.2758857e-05,0
LA_D_7424653,0,7.009981e-05,0
LA_D_7428181,0,3.3362125e-05,0
LA_D_7458005,0,1.4282099e-05,0
LA_D_7470485,0,4.70444e-05,0
LA_D_7483902,0,0.0005496361,0
LA_D_7545322,0,0.0012469195,0
LA_D_7551004,0,6.689969e-05,0
LA_D_7554141,0,0.00031015245,0
LA_D_7555425,0,7.091803e-05,0
LA_D_7599767,0,7.2991475e-05,0
LA_D_7601022,0,3.7804407e-06,0
LA_D_7622749,0,0.00016076888,0
LA_D_7635024,0,1.799642e-05,0
LA_D_7659228,0,2.287688e-05,0
LA_D_7674503,0,8.649677e-06,0
LA_D_7692442,0,5.3987915e-05,0
LA_D_7727110,0,3.2713247e-05,0
LA_D_7765093,0,1.0008117e-05,0
LA_D_7796473,0,5.670504e-06,0
LA_D_7820794,0,0.0013005318,0
LA_D_7830688,0,7.020471e-05,0
LA_D_7838652,0,7.6188306e-05,0
LA_D_7886473,0,7.490865e-06,0
LA_D_7888867,0,9.267803e-06,0
LA_D_7961283,0,0.001069162,0
LA_D_7986122,0,8.166794e-05,0
LA_D_8014280,0,4.6995843e-05,0
LA_D_8029967,0,4.1159965e-05,0
LA_D_8049091,0,3.1289965e-05,0
LA_D_8078840,0,6.5166532e-06,0
LA_D_8078878,0,0.00012043195,0
LA_D_8083150,0,6.046539e-05,0
LA_D_8095777,0,5.2589396e-05,0
LA_D_8127459,0,5.4412712e-06,0
LA_D_8130762,0,8.590418e-05,0
LA_D_8158331,0,8.197192e-05,0
LA_D_8158959,0,9.476404e-06,0
LA_D_8169547,0,6.5121253e-06,0
LA_D_8170099,0,1.4353469e-05,0
LA_D_8172351,0,8.789907e-05,0
LA_D_8193450,0,1.6924578e-05,0
LA_D_8199067,0,3.8239214e-05,0
LA_D_8209765,0,3.619669e-06,0
LA_D_8217946,0,5.6942987e-05,0
LA_D_8223036,0,0.0007329936,0
LA_D_8237136,0,3.7103924e-05,0
LA_D_8250644,0,9.006731e-05,0
LA_D_8324721,0,4.77576e-05,0
LA_D_8346311,0,1.2381609e-05,0
LA_D_8364154,0,3.5923572e-06,0
LA_D_8447186,0,5.1211675e-05,0
LA_D_8506451,0,3.2249365e-05,0
LA_D_8510080,0,5.3194355e-05,0
LA_D_8564217,0,4.7717214e-05,0
LA_D_8592715,0,4.6257384e-05,0
LA_D_8596130,0,6.200874e-05,0
LA_D_8597270,0,9.579965e-05,0
LA_D_8599650,0,0.003742888,0
LA_D_8635399,0,4.021382e-05,0
LA_D_8637190,0,1.690414e-05,0
LA_D_8651444,0,7.794704e-05,0
LA_D_8676257,0,6.226418e-05,0
LA_D_8683862,0,3.5202935e-05,0
LA_D_8711965,0,0.0016972247,0
LA_D_8717286,0,0.008732826,0
LA_D_8763483,0,2.2089955e-05,0
LA_D_8815066,0,2.8884073e-05,0
LA_D_8817485,0,4.3416065e-05,0
LA_D_8818567,0,0.00038284028,0
LA_D_8870983,0,2.4134656e-06,0
LA_D_8873162,0,2.9345101e-05,0
LA_D_8882131,0,0.00024074546,0
LA_D_8899360,0,4.3001623e-06,0
LA_D_8949695,0,3.711939e-05,0
LA_D_8956054,0,3.4310542e-05,0
LA_D_8971637,0,5.1147155e-05,0
LA_D_9007888,0,1.7738957e-05,0
LA_D_9032929,0,3.553066e-05,0
LA_D_9101014,0,4.5435892e-05,0
LA_D_9116569,0,0.0004919591,0
LA_D_9140736,0,2.2199009e-05,0
LA_D_9165073,0,0.00040870765,0
LA_D_9196640,0,0.012642539,0
LA_D_9258337,0,1.0504107e-05,0
LA_D_9288317,0,4.63931e-05,0
LA_D_9314827,0,0.00019382244,0
LA_D_9319189,0,0.0010499471,0
LA_D_9333593,0,0.0022197794,0
LA_D_9341670,0,1.8154853e-05,0
LA_D_9362528,0,0.0040050684,0
LA_D_9377948,0,8.259992e-06,0
LA_D_9393969,0,0.000100760495,0
LA_D_9396779,0,0.00026068976,0
LA_D_9457819,0,7.684097e-06,0
LA_D_9475659,0,2.2289334e-05,0
LA_D_9476497,0,8.526319e-05,0
LA_D_9481106,0,1.3819371e-05,0
LA_D_9483379,0,3.5988436e-05,0
LA_D_9487713,0,0.0044072373,0
LA_D_9497869,0,1.49166435e-05,0
LA_D_9500981,0,3.731616e-05,0
LA_D_9515921,0,6.85348e-05,0
LA_D_9517790,0,9.431968e-05,0
LA_D_9518120,0,3.536306e-05,0
LA_D_9523992,0,8.246469e-06,0
LA_D_9542497,0,4.0987776e-05,0
LA_D_9557083,0,2.5873698e-05,0
LA_D_9566187,0,1.603765e-06,0
LA_D_9593338,0,0.00012391385,0
LA_D_9594827,0,3.023867e-05,0
LA_D_9596577,0,4.3098307e-06,0
LA_D_9601777,0,5.187795e-05,0
LA_D_9629887,0,8.1935095e-06,0
LA_D_9633079,0,7.940499e-06,0
LA_D_9648310,0,2.2844199e-05,0
LA_D_9730838,0,9.5107054e-05,0
LA_D_9749096,0,2.7245544e-05,0
LA_D_9779729,0,4.4614608e-05,0
LA_D_9780174,0,0.00012927545,0
LA_D_9789524,0,0.0003938766,0
LA_D_9792280,0,0.000113716764,0
LA_D_9812014,0,0.0007020162,0
LA_D_9832311,0,7.4640964e-05,0
LA_D_9835323,0,5.179614e-05,0
LA_D_9839655,0,1.5226315e-05,0
LA_D_9847163,0,0.0003499847,0
LA_D_9863698,0,0.04128068,0
LA_D_9876246,0,4.5994697e-05,0
LA_D_9908787,0,1.7483473e-05,0
LA_D_9922697,0,7.581376e-05,0
LA_D_9924204,0,1.2082135e-05,0
LA_D_9931163,0,1.5876156e-05,0
LA_D_9935163,0,3.4339544e-05,0
LA_D_9944718,0,1.1975476e-05,0
LA_D_9967770,0,0.009230578,0
