{
  "accuracy": 0.8128723232973756,
  "balanced_accuracy": 0.7923285899604522,
  "roc_auc": 0.8802985195900004,
  "eer": 0.20026013634732687,
  "eer_threshold": 0.44068923592567444,
  "f1_bonafide": 0.4565751022793688,
  "f1_spoof": 0.8869763936498675,
  "n_test": 24844,
  "n_test_pos_bonafide": 2548,
  "n_test_neg_spoof": 22296
}