{
  "accuracy": 0.9637336982772501,
  "balanced_accuracy": 0.9672804929705592,
  "roc_auc": 0.9952133690480415,
  "eer": 0.0334140653031934,
  "eer_threshold": 0.5954960584640503,
  "f1_bonafide": 0.846061848624637,
  "f1_spoof": 0.9794456484544314,
  "n_test": 24844,
  "n_test_pos_bonafide": 2548,
  "n_test_neg_spoof": 22296
}