{
  "accuracy": 0.758654000966028,
  "balanced_accuracy": 0.7030270686563935,
  "roc_auc": 0.7947531102156853,
  "eer": 0.2845368916797488,
  "eer_threshold": 0.38258230686187744,
  "f1_bonafide": 0.34981565820863153,
  "f1_spoof": 0.8518262244847526,
  "n_test": 24844,
  "n_test_pos_bonafide": 2548,
  "n_test_neg_spoof": 22296
}