{
  "accuracy": 0.9411125422637256,
  "balanced_accuracy": 0.9499845520720501,
  "roc_auc": 0.988589445051847,
  "eer": 0.04951560818083961,
  "eer_threshold": 0.6358246803283691,
  "f1_bonafide": 0.7700047162395849,
  "f1_spoof": 0.9662335264384794,
  "n_test": 24844,
  "n_test_pos_bonafide": 2548,
  "n_test_neg_spoof": 22296
}