{
  "accuracy": 0.8262759620028981,
  "balanced_accuracy": 0.7632968708722208,
  "roc_auc": 0.8695852512984991,
  "eer": 0.2052590266875981,
  "eer_threshold": 0.3451955020427704,
  "f1_bonafide": 0.44680851063829785,
  "f1_spoof": 0.8969584109248913,
  "n_test": 24844,
  "n_test_pos_bonafide": 2548,
  "n_test_neg_spoof": 22296
}