{
  "accuracy": 0.968080824343906,
  "balanced_accuracy": 0.9726571675287652,
  "roc_auc": 0.9964704406644664,
  "eer": 0.028301040545389306,
  "eer_threshold": 0.6286332607269287,
  "f1_bonafide": 0.8627790275134106,
  "f1_spoof": 0.981939921200665,
  "n_test": 24844,
  "n_test_pos_bonafide": 2548,
  "n_test_neg_spoof": 22296
}