{
  "accuracy": 0.6991627757204959,
  "balanced_accuracy": 0.6380754670005785,
  "roc_auc": 0.6876218178958261,
  "eer": 0.36420722135007855,
  "eer_threshold": 0.45690807700157166,
  "f1_bonafide": 0.2767563383007548,
  "f1_spoof": 0.8100828378309702,
  "n_test": 24844,
  "n_test_pos_bonafide": 2548,
  "n_test_neg_spoof": 22296
}