{
  "accuracy": 0.8055063596844309,
  "balanced_accuracy": 0.8509689667040121,
  "roc_auc": 0.9408151876507829,
  "eer": 0.1391280947255113,
  "eer_threshold": 0.6318332552909851,
  "f1_bonafide": 0.48921775898520087,
  "f1_spoof": 0.8798846574525206,
  "n_test": 24844,
  "n_test_pos_bonafide": 2548,
  "n_test_neg_spoof": 22296
}