{
  "accuracy": 0.6505796168088874,
  "balanced_accuracy": 0.6721878223012314,
  "roc_auc": 0.7323384645942503,
  "eer": 0.3308477237048666,
  "eer_threshold": 0.5141832232475281,
  "f1_bonafide": 0.29105757452021236,
  "f1_spoof": 0.768154261143605,
  "n_test": 24844,
  "n_test_pos_bonafide": 2548,
  "n_test_neg_spoof": 22296
}