{
  "accuracy": 0.9626066655933022,
  "balanced_accuracy": 0.9678692251927682,
  "roc_auc": 0.9948521751583802,
  "eer": 0.03310010764262648,
  "eer_threshold": 0.6170230507850647,
  "f1_bonafide": 0.8424088210347752,
  "f1_spoof": 0.9787865640627498,
  "n_test": 24844,
  "n_test_pos_bonafide": 2548,
  "n_test_neg_spoof": 22296
}