{
  "accuracy": 0.8247061664788279,
  "balanced_accuracy": 0.7589461386939473,
  "roc_auc": 0.863405692864212,
  "eer": 0.2116074632221026,
  "eer_threshold": 0.3487144410610199,
  "f1_bonafide": 0.4417382386873478,
  "f1_spoof": 0.8960297944469644,
  "n_test": 24844,
  "n_test_pos_bonafide": 2548,
  "n_test_neg_spoof": 22296
}