{
  "accuracy": 0.964015456448237,
  "balanced_accuracy": 0.9740421298932755,
  "roc_auc": 0.9971680177618785,
  "eer": 0.024332810047095754,
  "eer_threshold": 0.7364853620529175,
  "f1_bonafide": 0.8490374873353598,
  "f1_spoof": 0.9795731846638943,
  "n_test": 24844,
  "n_test_pos_bonafide": 2548,
  "n_test_neg_spoof": 22296
}