utt_id,label,p_bonafide,pred
LA_D_1047731,1,0.999999,1
LA_D_1105538,1,0.9999931,1
LA_D_1125976,1,0.9998957,1
LA_D_1293230,1,0.999999,1
LA_D_1340209,1,0.9999989,1
LA_D_1376638,1,0.9999745,1
LA_D_1377420,1,0.999999,1
LA_D_1403371,1,0.999999,1
LA_D_1590530,1,0.999999,1
LA_D_1595036,1,0.9999763,1
LA_D_1618135,1,0.9999964,1
LA_D_1624385,1,0.999999,1
LA_D_1766721,1,0.999999,1
LA_D_1833136,1,0.999999,1
LA_D_1837988,1,0.9999069,1
LA_D_1849134,1,0.9999963,1
LA_D_1865278,1,0.9999956,1
LA_D_1896334,1,0.9999976,1
LA_D_1911275,1,0.99821705,1
LA_D_2112837,1,0.99998045,1
LA_D_2160989,1,0.999999,1
LA_D_2242311,1,0.99999845,1
LA_D_2250508,1,0.9999956,1
LA_D_2414004,1,0.999999,1
LA_D_2448116,1,0.999999,1
LA_D_2462911,1,0.99998903,1
LA_D_2559281,1,0.999999,1
LA_D_2666979,1,0.999999,1
LA_D_2679014,1,0.999999,1
LA_D_2789932,1,0.999999,1
LA_D_2831561,1,0.999999,1
LA_D_2954423,1,0.999999,1
LA_D_3081203,1,0.999999,1
LA_D_3174543,1,0.999999,1
LA_D_3212286,1,0.999999,1
LA_D_3232165,1,0.999999,1
LA_D_3258694,1,0.9999951,1
LA_D_3315698,1,0.99999833,1
LA_D_3369144,1,0.999999,1
LA_D_3404272,1,0.999999,1
LA_D_3444700,1,0.999999,1
LA_D_3477067,1,0.999999,1
LA_D_3524013,1,0.99999714,1
LA_D_3547565,1,0.999999,1
LA_D_3552967,1,0.999999,1
LA_D_3726485,1,0.999999,1
LA_D_3771133,1,0.999999,1
LA_D_3776953,1,0.999999,1
LA_D_3806476,1,0.99994946,1
LA_D_4026041,1,0.9999988,1
LA_D_4145630,1,0.999999,1
LA_D_4228839,1,0.99999666,1
LA_D_4229637,1,0.9999975,1
LA_D_4395169,1,0.9999789,1
LA_D_4443630,1,0.999999,1
LA_D_4455776,1,0.999999,1
LA_D_4511951,1,0.999999,1
LA_D_4517590,1,0.999999,1
LA_D_4523147,1,0.999999,1
LA_D_4574058,1,0.99989665,1
LA_D_4621778,1,0.999999,1
LA_D_4715569,1,0.999999,1
LA_D_4739519,1,0.999999,1
LA_D_4807096,1,0.999999,1
LA_D_4930262,1,0.99997663,1
LA_D_4935874,1,0.999999,1
LA_D_4949188,1,0.999999,1
LA_D_4981154,1,0.999999,1
LA_D_5019937,1,0.999999,1
LA_D_5240657,1,0.999999,1
LA_D_5255870,1,0.999999,1
LA_D_5267249,1,0.999999,1
LA_D_5278285,1,0.99991727,1
LA_D_5324608,1,0.999999,1
LA_D_5336291,1,0.999999,1
LA_D_5386683,1,0.999999,1
LA_D_5401591,1,0.999999,1
LA_D_5431436,1,0.999999,1
LA_D_5445492,1,0.999999,1
LA_D_5521273,1,0.999999,1
LA_D_5547400,1,0.999999,1
LA_D_5575912,1,0.9999988,1
LA_D_5604212,1,0.999999,1
LA_D_5607743,1,0.999999,1
LA_D_5701193,1,0.99999833,1
LA_D_5769965,1,0.9999645,1
LA_D_5842422,1,0.99999726,1
LA_D_5855069,1,0.999999,1
LA_D_5859556,1,0.999999,1
LA_D_5870696,1,0.999999,1
LA_D_5972310,1,0.999999,1
LA_D_5989648,1,0.999999,1
LA_D_6022982,1,0.999999,1
LA_D_6056778,1,0.999999,1
LA_D_6059653,1,0.999999,1
LA_D_6211292,1,0.999999,1
LA_D_6291895,1,0.999999,1
LA_D_6397937,1,0.9999933,1
LA_D_6402048,1,0.999999,1
LA_D_6448946,1,0.999999,1
LA_D_6648802,1,0.9999734,1
LA_D_6663247,1,0.999999,1
LA_D_6679303,1,0.9999964,1
LA_D_6724166,1,0.999999,1
LA_D_6853824,1,0.999999,1
LA_D_6976006,1,0.999999,1
LA_D_7030288,1,0.999999,1
LA_D_7051994,1,0.999999,1
LA_D_7054977,1,0.99999416,1
LA_D_7130250,1,0.999999,1
LA_D_7140023,1,0.999999,1
LA_D_7148850,1,0.999999,1
LA_D_7194660,1,0.999999,1
LA_D_7269236,1,0.9999871,1
LA_D_7341689,1,0.999999,1
LA_D_7360454,1,0.999999,1
LA_D_7399617,1,0.999998,1
LA_D_7450790,1,0.999999,1
LA_D_7473394,1,0.999999,1
LA_D_7521836,1,0.99998593,1
LA_D_7543100,1,0.999999,1
LA_D_7638211,1,0.999999,1
LA_D_7679130,1,0.999999,1
LA_D_7758918,1,0.999999,1
LA_D_7793148,1,0.999999,1
LA_D_8017626,1,0.9999938,1
LA_D_8184939,1,0.999999,1
LA_D_8241585,1,0.999999,1
LA_D_8428131,1,0.999999,1
LA_D_8432583,1,0.999999,1
LA_D_8736165,1,0.999999,1
LA_D_8750703,1,0.999999,1
LA_D_8764814,1,0.999999,1
LA_D_8812163,1,0.999999,1
LA_D_8813855,1,0.9999949,1
LA_D_8817568,1,0.99999356,1
LA_D_8869015,1,0.99986243,1
LA_D_8869959,1,0.9999949,1
LA_D_8923486,1,0.999999,1
LA_D_8966044,1,0.999999,1
LA_D_9015485,1,0.999999,1
LA_D_9113203,1,0.999999,1
LA_D_9134844,1,0.999999,1
LA_D_9375342,1,0.999999,1
LA_D_9498667,1,0.9999908,1
LA_D_9509324,1,0.999999,1
LA_D_9602677,1,0.999999,1
LA_D_9697774,1,0.999999,1
LA_D_9699048,1,0.999999,1
LA_D_9732143,1,0.999995,1
LA_D_9867970,1,0.9999956,1
LA_D_9869348,1,0.9999958,1
LA_D_9884114,1,0.999999,1
LA_D_9977795,1,0.999999,1
LA_D_1090286,1,0.9999989,1
LA_D_1119156,1,0.999925,1
LA_D_1173765,1,0.999999,1
LA_D_1219450,1,0.99999106,1
LA_D_1239754,1,0.999999,1
LA_D_1245000,1,0.9999989,1
LA_D_1279882,1,0.99998534,1
LA_D_1399387,1,0.9999988,1
LA_D_1409575,1,0.9999988,1
LA_D_1426585,1,0.99998224,1
LA_D_1472077,1,0.99999714,1
LA_D_1518150,1,0.999999,1
LA_D_1614129,1,0.9999989,1
LA_D_1714000,1,0.99999475,1
LA_D_1789452,1,0.9999871,1
LA_D_1819301,1,0.9999682,1
LA_D_1879957,1,0.9999981,1
LA_D_1884465,1,0.999999,1
LA_D_1975885,1,0.99999416,1
LA_D_1993949,1,0.999999,1
LA_D_2017251,1,0.999999,1
LA_D_2022297,1,0.9999949,1
LA_D_2124484,1,0.999999,1
LA_D_2133778,1,0.9999931,1
LA_D_2149963,1,0.999999,1
LA_D_2165027,1,0.999999,1
LA_D_2232106,1,0.999999,1
LA_D_2237304,1,0.99999845,1
LA_D_2248106,1,0.999999,1
LA_D_2307156,1,0.999999,1
LA_D_2455736,1,0.999999,1
LA_D_2552799,1,0.999999,1
LA_D_2674978,1,0.999999,1
LA_D_2844885,1,0.9999974,1
LA_D_2850598,1,0.99999857,1
LA_D_2944634,1,0.999999,1
LA_D_2954917,1,0.9999943,1
LA_D_3000565,1,0.999999,1
LA_D_3074651,1,0.999999,1
LA_D_3075867,1,0.02936676,0
LA_D_3264952,1,0.999999,1
LA_D_3343965,1,0.999999,1
LA_D_3459809,1,0.999999,1
LA_D_3507167,1,0.999999,1
LA_D_3631905,1,0.999999,1
LA_D_3717777,1,0.9999957,1
LA_D_3742070,1,0.999999,1
LA_D_3836344,1,0.999999,1
LA_D_3876129,1,0.9999727,1
LA_D_3908841,1,0.999999,1
LA_D_3916177,1,0.9999989,1
LA_D_4005854,1,0.999999,1
LA_D_4063159,1,0.999999,1
LA_D_4129574,1,0.9999932,1
LA_D_4328579,1,0.999999,1
LA_D_4524484,1,0.99999285,1
LA_D_4789150,1,0.999999,1
LA_D_4833247,1,0.999999,1
LA_D_4877516,1,0.999999,1
LA_D_4900801,1,0.999999,1
LA_D_5072627,1,0.999999,1
LA_D_5086183,1,0.999999,1
LA_D_5143230,1,0.999999,1
LA_D_5178609,1,0.999999,1
LA_D_5182745,1,0.999999,1
LA_D_5240410,1,0.999999,1
LA_D_5334203,1,0.9999974,1
LA_D_5451679,1,0.9999982,1
LA_D_5508177,1,0.999999,1
LA_D_5604089,1,0.999999,1
LA_D_5700038,1,0.999999,1
LA_D_5833858,1,0.99998844,1
LA_D_5929116,1,0.999999,1
LA_D_5930714,1,0.999999,1
LA_D_5985188,1,0.9999974,1
LA_D_6055606,1,0.999999,1
LA_D_6066874,1,0.999999,1
LA_D_6067380,1,0.999999,1
LA_D_6137766,1,0.999999,1
LA_D_6150120,1,0.9999329,1
LA_D_6197289,1,0.999999,1
LA_D_6198995,1,0.999999,1
LA_D_6231410,1,0.9999945,1
LA_D_6258471,1,0.999999,1
LA_D_6265671,1,0.999999,1
LA_D_6288751,1,0.999999,1
LA_D_6289915,1,0.999999,1
LA_D_6303389,1,0.999987,1
LA_D_6353335,1,0.999999,1
LA_D_6386877,1,0.999999,1
LA_D_6453794,1,0.999999,1
LA_D_6455651,1,0.99999213,1
LA_D_6458898,1,0.999999,1
LA_D_6459646,1,0.9999969,1
LA_D_6478834,1,0.999999,1
LA_D_6700006,1,0.999999,1
LA_D_6754294,1,0.999999,1
LA_D_6818564,1,0.99999833,1
LA_D_6912038,1,0.999999,1
LA_D_7153745,1,0.99992085,1
LA_D_7172970,1,0.999999,1
LA_D_7179829,1,0.999999,1
LA_D_7376093,1,0.999999,1
LA_D_7501292,1,0.999999,1
LA_D_7512726,1,0.999999,1
LA_D_7534463,1,0.9999925,1
LA_D_7544405,1,0.999995,1
LA_D_7565232,1,0.99998045,1
LA_D_7573423,1,0.999999,1
LA_D_7612426,1,0.9999933,1
LA_D_7622198,1,0.999999,1
LA_D_7691845,1,0.999999,1
LA_D_7712846,1,0.999999,1
LA_D_7755990,1,0.999999,1
LA_D_7758267,1,0.99959195,1
LA_D_7787517,1,0.999999,1
LA_D_7798955,1,0.9999578,1
LA_D_7870292,1,0.9999969,1
LA_D_8034204,1,0.999999,1
LA_D_8199784,1,0.999999,1
LA_D_8272605,1,0.9999894,1
LA_D_8305753,1,0.999999,1
LA_D_8430669,1,0.9999975,1
LA_D_8693177,1,0.999999,1
LA_D_8699257,1,0.99999833,1
LA_D_8713325,1,0.999999,1
LA_D_8716023,1,0.999999,1
LA_D_8988565,1,0.9999962,1
LA_D_9042964,1,0.999999,1
LA_D_9239572,1,0.999999,1
LA_D_9288302,1,0.999999,1
LA_D_9303165,1,0.999999,1
LA_D_9462553,1,0.999999,1
LA_D_9560424,1,0.999999,1
LA_D_9584404,1,0.9999932,1
LA_D_9620410,1,0.999999,1
LA_D_9631448,1,0.999999,1
LA_D_9726894,1,0.999999,1
LA_D_9954386,1,0.999999,1
LA_D_9993956,1,0.999999,1
LA_D_1121887,1,0.999999,1
LA_D_1133168,1,0.999999,1
LA_D_1232613,1,0.999999,1
LA_D_1306387,1,0.999999,1
LA_D_1330775,1,0.999999,1
LA_D_1335445,1,0.999999,1
LA_D_1427710,1,0.999999,1
LA_D_1503604,1,0.999999,1
LA_D_1523180,1,0.999999,1
LA_D_1523483,1,0.999999,1
LA_D_1565390,1,0.999999,1
LA_D_1770174,1,0.999999,1
LA_D_1812623,1,0.999999,1
LA_D_1833652,1,0.99999774,1
LA_D_1882065,1,0.999999,1
LA_D_1898207,1,0.9999988,1
LA_D_1983415,1,0.999999,1
LA_D_1997529,1,0.999999,1
LA_D_2002365,1,0.9999895,1
LA_D_2062744,1,0.99999106,1
LA_D_2096892,1,0.999999,1
LA_D_2143384,1,0.999999,1
LA_D_2255247,1,0.99999714,1
LA_D_2382522,1,0.999999,1
LA_D_2518822,1,0.999999,1
LA_D_2688414,1,0.999999,1
LA_D_2753816,1,0.999999,1
LA_D_2842063,1,0.999999,1
LA_D_2905424,1,0.999999,1
LA_D_2924504,1,0.999999,1
LA_D_2934981,1,0.999999,1
LA_D_3044379,1,0.999999,1
LA_D_3062025,1,0.999999,1
LA_D_3117119,1,0.999999,1
LA_D_3124251,1,0.999999,1
LA_D_3194286,1,0.999995,1
LA_D_3210739,1,0.999999,1
LA_D_3250253,1,0.999999,1
LA_D_3280853,1,0.99996364,1
LA_D_3383198,1,0.99708843,1
LA_D_3444541,1,0.999999,1
LA_D_3547035,1,0.999985,1
LA_D_3576459,1,0.999999,1
LA_D_3668484,1,0.999999,1
LA_D_3698358,1,0.9999988,1
LA_D_3733779,1,0.999999,1
LA_D_3887452,1,0.999999,1
LA_D_3981584,1,0.999999,1
LA_D_4057142,1,0.999999,1
LA_D_4101216,1,0.999999,1
LA_D_4154887,1,0.999999,1
LA_D_4166644,1,0.999999,1
LA_D_4221800,1,0.9999989,1
LA_D_4401633,1,0.999999,1
LA_D_4433509,1,0.999999,1
LA_D_4475626,1,0.9999962,1
LA_D_4530450,1,0.999999,1
LA_D_4551336,1,0.999999,1
LA_D_4626331,1,0.99999344,1
LA_D_4698419,1,0.999999,1
LA_D_4813520,1,0.999999,1
LA_D_4816127,1,0.999999,1
LA_D_4818528,1,0.9999957,1
LA_D_4961315,1,0.9999989,1
LA_D_4966083,1,0.999999,1
LA_D_5018258,1,0.999999,1
LA_D_5021244,1,0.999999,1
LA_D_5250042,1,0.9999964,1
LA_D_5262821,1,0.999999,1
LA_D_5332359,1,0.999999,1
LA_D_5441778,1,0.99996996,1
LA_D_5463411,1,0.999999,1
LA_D_5490757,1,0.999999,1
LA_D_5502506,1,0.999999,1
LA_D_5512289,1,0.999999,1
LA_D_5623559,1,0.999999,1
LA_D_5631850,1,0.999999,1
LA_D_5725878,1,0.999999,1
LA_D_5824998,1,0.9999987,1
LA_D_5925659,1,0.999999,1
LA_D_6120152,1,0.999999,1
LA_D_6178956,1,0.999999,1
LA_D_6291738,1,0.999999,1
LA_D_6310267,1,0.999999,1
LA_D_6324927,1,0.999999,1
LA_D_6503475,1,0.999999,1
LA_D_6515867,1,0.999999,1
LA_D_6518159,1,0.99999535,1
LA_D_6561538,1,0.999999,1
LA_D_6568071,1,0.999999,1
LA_D_6614329,1,0.999999,1
LA_D_6741986,1,0.99999833,1
LA_D_6841789,1,0.99997747,1
LA_D_6843205,1,0.999999,1
LA_D_7030281,1,0.999999,1
LA_D_7035349,1,0.999999,1
LA_D_7057190,1,0.999999,1
LA_D_7081771,1,0.999999,1
LA_D_7110669,1,0.999999,1
LA_D_7164376,1,0.999999,1
LA_D_7189280,1,0.999999,1
LA_D_7383599,1,0.9999927,1
LA_D_7423342,1,0.999999,1
LA_D_7460902,1,0.999999,1
LA_D_7473191,1,0.999999,1
LA_D_7570554,1,0.999999,1
LA_D_7594892,1,0.99998033,1
LA_D_7600381,1,0.9999739,1
LA_D_7605047,1,0.999999,1
LA_D_7726114,1,0.999999,1
LA_D_7783250,1,0.999999,1
LA_D_7989607,1,0.999999,1
LA_D_8029227,1,0.999999,1
LA_D_8078382,1,0.999999,1
LA_D_8179191,1,0.999999,1
LA_D_8210054,1,0.999999,1
LA_D_8297100,1,0.99977326,1
LA_D_8302640,1,0.999999,1
LA_D_8516589,1,0.99996245,1
LA_D_8621322,1,0.999999,1
LA_D_8672684,1,0.99966824,1
LA_D_8759407,1,0.999999,1
LA_D_8765991,1,0.999999,1
LA_D_8767583,1,0.999999,1
LA_D_8773029,1,0.999999,1
LA_D_8806017,1,0.99999845,1
LA_D_8978560,1,0.999999,1
LA_D_9039771,1,0.999999,1
LA_D_9062081,1,0.999999,1
LA_D_9076677,1,0.999999,1
LA_D_9135294,1,0.9999901,1
LA_D_9167206,1,0.999999,1
LA_D_9374684,1,0.999999,1
LA_D_9423080,1,0.999999,1
LA_D_9475102,1,0.99999654,1
LA_D_9716895,1,0.999999,1
LA_D_9780696,1,0.999999,1
LA_D_9864113,1,0.999999,1
LA_D_9945997,1,0.999999,1
LA_D_9983276,1,0.999999,1
LA_D_1126907,1,0.99999845,1
LA_D_1130470,1,0.9977318,1
LA_D_1156906,1,0.999999,1
LA_D_1238696,1,0.9999707,1
LA_D_1363243,1,0.999999,1
LA_D_1368280,1,0.999999,1
LA_D_1374363,1,0.999999,1
LA_D_1412552,1,0.99590945,1
LA_D_1483493,1,0.9999925,1
LA_D_1488449,1,0.99999774,1
LA_D_1730959,1,0.9999434,1
LA_D_1733691,1,0.9999968,1
LA_D_1772237,1,0.999999,1
LA_D_1895274,1,0.9998481,1
LA_D_1918445,1,0.9999969,1
LA_D_1969568,1,0.999997,1
LA_D_1984995,1,0.9982052,1
LA_D_2105580,1,0.9999964,1
LA_D_2264682,1,0.9999981,1
LA_D_2289303,1,0.999999,1
LA_D_2370383,1,0.999999,1
LA_D_2404405,1,0.99999547,1
LA_D_2417193,1,0.9999987,1
LA_D_2659066,1,0.9998324,1
LA_D_2800113,1,0.999999,1
LA_D_2812544,1,0.999999,1
LA_D_2816765,1,0.99999857,1
LA_D_2844735,1,0.9999988,1
LA_D_2916024,1,0.999999,1
LA_D_3154368,1,0.999997,1
LA_D_3205671,1,0.9999254,1
LA_D_3211435,1,0.9999521,1
LA_D_3249552,1,0.99999845,1
LA_D_3250830,1,0.999999,1
LA_D_3389737,1,0.99997807,1
LA_D_3440131,1,0.9999969,1
LA_D_3513335,1,0.99998605,1
LA_D_3519840,1,0.9999988,1
LA_D_3570749,1,0.9999989,1
LA_D_3706083,1,0.99999833,1
LA_D_3774137,1,0.99995863,1
LA_D_3857446,1,0.999999,1
LA_D_3907778,1,0.99998116,1
LA_D_4151774,1,0.9994486,1
LA_D_4156807,1,0.9999794,1
LA_D_4160962,1,0.999999,1
LA_D_4341889,1,0.9999989,1
LA_D_4356541,1,0.99995685,1
LA_D_4371142,1,0.9910321,1
LA_D_4386823,1,0.9936166,1
LA_D_4520104,1,0.99993277,1
LA_D_4645660,1,0.999999,1
LA_D_4674650,1,0.99999857,1
LA_D_4723086,1,0.9999851,1
LA_D_4771667,1,0.99999774,1
LA_D_4781086,1,0.99999344,1
LA_D_4803902,1,0.9999831,1
LA_D_4945608,1,0.99999547,1
LA_D_4952493,1,0.9999943,1
LA_D_5075029,1,0.997424,1
LA_D_5090421,1,0.99999154,1
LA_D_5226379,1,0.9999981,1
LA_D_5266850,1,0.999995,1
LA_D_5312607,1,0.9999937,1
LA_D_5331264,1,0.9999956,1
LA_D_5341375,1,0.9999989,1
LA_D_5397319,1,0.9999982,1
LA_D_5467345,1,0.9999956,1
LA_D_5497034,1,0.9991291,1
LA_D_5664870,1,0.999999,1
LA_D_5665194,1,0.999999,1
LA_D_5769133,1,0.9999653,1
LA_D_5809254,1,0.999999,1
LA_D_5825711,1,0.99996364,1
LA_D_5834157,1,0.9999989,1
LA_D_5838540,1,0.999999,1
LA_D_5868407,1,0.99999547,1
LA_D_5879570,1,0.99995136,1
LA_D_5972627,1,0.999999,1
LA_D_6008941,1,0.999999,1
LA_D_6046406,1,0.999974,1
LA_D_6064218,1,0.999999,1
LA_D_6073354,1,0.9990539,1
LA_D_6092752,1,0.9999888,1
LA_D_6211330,1,0.9999958,1
LA_D_6302480,1,0.999999,1
LA_D_6338898,1,0.9999988,1
LA_D_6369583,1,0.99999726,1
LA_D_6458272,1,0.99804366,1
LA_D_6509189,1,0.9999957,1
LA_D_6549159,1,0.999999,1
LA_D_6623102,1,0.999999,1
LA_D_6626817,1,0.9995268,1
LA_D_6669736,1,0.999999,1
LA_D_6718237,1,0.999999,1
LA_D_6810732,1,0.999999,1
LA_D_6908091,1,0.999999,1
LA_D_6938301,1,0.999999,1
LA_D_6963530,1,0.99996054,1
LA_D_7122184,1,0.99994886,1
LA_D_7130070,1,0.9999906,1
LA_D_7154479,1,0.999999,1
LA_D_7179593,1,0.9999938,1
LA_D_7200791,1,0.999999,1
LA_D_7319497,1,0.999999,1
LA_D_7385274,1,0.999999,1
LA_D_7400680,1,0.9996277,1
LA_D_7449236,1,0.9998474,1
LA_D_7455119,1,0.97375464,1
LA_D_7542569,1,0.99997616,1
LA_D_7560590,1,0.9999906,1
LA_D_7562190,1,0.999999,1
LA_D_7596579,1,0.7952801,1
LA_D_7640990,1,0.999998,1
LA_D_7679169,1,0.999999,1
LA_D_7682953,1,0.99999356,1
LA_D_7718364,1,0.99998224,1
LA_D_7783712,1,0.9999759,1
LA_D_7813228,1,0.999999,1
LA_D_7841911,1,0.9999989,1
LA_D_7933208,1,0.999999,1
LA_D_7944625,1,0.999999,1
LA_D_8033621,1,0.9999976,1
LA_D_8037199,1,0.999999,1
LA_D_8117787,1,0.99980664,1
LA_D_8161836,1,0.999985,1
LA_D_8239123,1,0.9999963,1
LA_D_8284994,1,0.999999,1
LA_D_8365194,1,0.999999,1
LA_D_8394417,1,0.9999988,1
LA_D_8429827,1,0.999998,1
LA_D_8473267,1,0.999998,1
LA_D_8503024,1,0.99894303,1
LA_D_8572375,1,0.999999,1
LA_D_8591429,1,0.9995263,1
LA_D_8692948,1,0.999999,1
LA_D_8696046,1,0.999999,1
LA_D_8909861,1,0.9999703,1
LA_D_8947861,1,0.999999,1
LA_D_9065762,1,0.99985516,1
LA_D_9091774,1,0.99999547,1
LA_D_9117374,1,0.999999,1
LA_D_9172298,1,0.9999329,1
LA_D_9319381,1,0.9995184,1
LA_D_9408059,1,0.9864407,1
LA_D_9471952,1,0.999999,1
LA_D_9557117,1,0.99998343,1
LA_D_9700666,1,0.99999094,1
LA_D_9874897,1,0.9999989,1
LA_D_9891140,1,0.999999,1
LA_D_9897142,1,0.99999475,1
LA_D_9917104,1,0.9999988,1
LA_D_9924906,1,0.999999,1
LA_D_9942874,1,0.999999,1
LA_D_1129909,1,0.9999914,1
LA_D_1161800,1,0.999999,1
LA_D_1364611,1,0.999999,1
LA_D_1380231,1,0.999999,1
LA_D_1560273,1,0.99999774,1
LA_D_1562732,1,0.999999,1
LA_D_1607104,1,0.999999,1
LA_D_1689082,1,0.999999,1
LA_D_1711559,1,0.9998667,1
LA_D_1885115,1,0.999999,1
LA_D_1980534,1,0.999999,1
LA_D_2109062,1,0.999999,1
LA_D_2140323,1,0.9999701,1
LA_D_2303609,1,0.9999981,1
LA_D_2311237,1,0.999999,1
LA_D_2339825,1,0.99999845,1
LA_D_2436364,1,0.999999,1
LA_D_2441943,1,0.999999,1
LA_D_2517022,1,0.999999,1
LA_D_2519862,1,0.999999,1
LA_D_2525000,1,0.999999,1
LA_D_2597748,1,0.999999,1
LA_D_2748583,1,0.999999,1
LA_D_2839913,1,0.999999,1
LA_D_2977005,1,0.999999,1
LA_D_2991667,1,0.999999,1
LA_D_3005942,1,0.999999,1
LA_D_3018635,1,0.999999,1
LA_D_3039424,1,0.999999,1
LA_D_3174998,1,0.999999,1
LA_D_3253942,1,0.999999,1
LA_D_3323539,1,0.9999827,1
LA_D_3329701,1,0.999999,1
LA_D_3443703,1,0.999999,1
LA_D_3514242,1,0.999999,1
LA_D_3559270,1,0.999999,1
LA_D_3579781,1,0.999999,1
LA_D_3691360,1,0.999999,1
LA_D_3746211,1,0.99917084,1
LA_D_3787464,1,0.9999944,1
LA_D_3796498,1,0.999999,1
LA_D_3986002,1,0.999999,1
LA_D_4004968,1,0.9999956,1
LA_D_4016591,1,0.999999,1
LA_D_4021153,1,0.9999968,1
LA_D_4033093,1,0.999999,1
LA_D_4083478,1,0.9999982,1
LA_D_4246171,1,0.999999,1
LA_D_4350271,1,0.9999366,1
LA_D_4516804,1,0.999999,1
LA_D_4571818,1,0.999999,1
LA_D_4574274,1,0.99998486,1
LA_D_4663919,1,0.999999,1
LA_D_4667621,1,0.999999,1
LA_D_4703340,1,0.999999,1
LA_D_4717087,1,0.9999819,1
LA_D_4776681,1,0.999999,1
LA_D_4777626,1,0.999999,1
LA_D_4777881,1,0.999999,1
LA_D_4968305,1,0.999999,1
LA_D_4969607,1,0.999999,1
LA_D_5054904,1,0.999999,1
LA_D_5146064,1,0.999999,1
LA_D_5158638,1,0.999999,1
LA_D_5495040,1,0.999999,1
LA_D_5503012,1,0.999999,1
LA_D_5507210,1,0.999999,1
LA_D_5651240,1,0.999999,1
LA_D_5724728,1,0.999999,1
LA_D_5759383,1,0.999999,1
LA_D_5786237,1,0.9999857,1
LA_D_5833231,1,0.9999987,1
LA_D_5934426,1,0.999999,1
LA_D_6027798,1,0.999999,1
LA_D_6032630,1,0.999999,1
LA_D_6117748,1,0.999999,1
LA_D_6156090,1,0.999999,1
LA_D_6236753,1,0.9999988,1
LA_D_6252124,1,0.999999,1
LA_D_6288557,1,0.999999,1
LA_D_6292198,1,0.999999,1
LA_D_6367157,1,0.999999,1
LA_D_6499603,1,0.999999,1
LA_D_6520984,1,0.9999956,1
LA_D_6549373,1,0.999999,1
LA_D_6578659,1,0.99999833,1
LA_D_6622348,1,0.999999,1
LA_D_6711434,1,0.999999,1
LA_D_6836003,1,0.999999,1
LA_D_7015174,1,0.999999,1
LA_D_7123406,1,0.999999,1
LA_D_7139553,1,0.99999833,1
LA_D_7152817,1,0.999999,1
LA_D_7255005,1,0.99999547,1
LA_D_7363764,1,0.99997973,1
LA_D_7380582,1,0.999999,1
LA_D_7450739,1,0.9999987,1
LA_D_7471560,1,0.999999,1
LA_D_7618637,1,0.999999,1
LA_D_7783288,1,0.999999,1
LA_D_7870160,1,0.99999845,1
LA_D_7919190,1,0.999999,1
LA_D_7957211,1,0.9999989,1
LA_D_8006339,1,0.999999,1
LA_D_8031870,1,0.999999,1
LA_D_8043080,1,0.999999,1
LA_D_8118074,1,0.9999944,1
LA_D_8130173,1,0.999999,1
LA_D_8210164,1,0.999999,1
LA_D_8220866,1,0.999999,1
LA_D_8270902,1,0.999999,1
LA_D_8371178,1,0.999999,1
LA_D_8440843,1,0.999999,1
LA_D_8457325,1,0.999999,1
LA_D_8596240,1,0.999999,1
LA_D_8623607,1,0.999999,1
LA_D_8637288,1,0.999999,1
LA_D_8745130,1,0.99999344,1
LA_D_8773329,1,0.999999,1
LA_D_8879292,1,0.999999,1
LA_D_8880302,1,0.999999,1
LA_D_8931596,1,0.999999,1
LA_D_9035942,1,0.999999,1
LA_D_9042253,1,0.999999,1
LA_D_9080371,1,0.9999962,1
LA_D_9113299,1,0.999999,1
LA_D_9118659,1,0.999999,1
LA_D_9160310,1,0.99999666,1
LA_D_9224096,1,0.99999607,1
LA_D_9240035,1,0.999999,1
LA_D_9241530,1,0.999999,1
LA_D_9260902,1,0.999999,1
LA_D_9272509,1,0.999999,1
LA_D_9330492,1,0.9999974,1
LA_D_9359637,1,0.9999572,1
LA_D_9554132,1,0.999999,1
LA_D_9664656,1,0.99999726,1
LA_D_9685348,1,0.999999,1
LA_D_9752146,1,0.999987,1
LA_D_9883591,1,0.999999,1
LA_D_1084356,1,0.9999982,1
LA_D_1086391,1,0.99999845,1
LA_D_1123614,1,0.999999,1
LA_D_1281950,1,0.999999,1
LA_D_1313431,1,0.999999,1
LA_D_1336221,1,0.999999,1
LA_D_1389698,1,0.999999,1
LA_D_1445468,1,0.999999,1
LA_D_1459930,1,0.999999,1
LA_D_1481335,1,0.999999,1
LA_D_1494418,1,0.999999,1
LA_D_1517231,1,0.999999,1
LA_D_1541519,1,0.999999,1
LA_D_1558714,1,0.99998605,1
LA_D_1736286,1,0.999999,1
LA_D_1803008,1,0.999999,1
LA_D_1805739,1,0.999999,1
LA_D_1859048,1,0.999999,1
LA_D_1881724,1,0.999999,1
LA_D_1930138,1,0.999999,1
LA_D_1964638,1,0.999999,1
LA_D_2053527,1,0.999999,1
LA_D_2324235,1,0.9999989,1
LA_D_2462521,1,0.999999,1
LA_D_2534849,1,0.999999,1
LA_D_2658622,1,0.999999,1
LA_D_2690780,1,0.999999,1
LA_D_2832141,1,0.9999989,1
LA_D_2863133,1,0.999999,1
LA_D_2884522,1,0.999999,1
LA_D_2896345,1,0.9999981,1
LA_D_2923426,1,0.9999975,1
LA_D_2996584,1,0.999999,1
LA_D_3025684,1,0.999999,1
LA_D_3247685,1,0.999999,1
LA_D_3262859,1,0.999999,1
LA_D_3264696,1,0.9999989,1
LA_D_3268836,1,0.999999,1
LA_D_3348941,1,0.999999,1
LA_D_3399790,1,0.999999,1
LA_D_3599443,1,0.999999,1
LA_D_3623206,1,0.999999,1
LA_D_3655500,1,0.999999,1
LA_D_3731175,1,0.999999,1
LA_D_3851855,1,0.999999,1
LA_D_3857058,1,0.999999,1
LA_D_3898085,1,0.999999,1
LA_D_3922266,1,0.999999,1
LA_D_3933506,1,0.999999,1
LA_D_4014487,1,0.999999,1
LA_D_4016003,1,0.999999,1
LA_D_4021573,1,0.999999,1
LA_D_4076814,1,0.999999,1
LA_D_4123677,1,0.999999,1
LA_D_4146741,1,0.999999,1
LA_D_4168527,1,0.999999,1
LA_D_4248918,1,0.999999,1
LA_D_4279522,1,0.999999,1
LA_D_4338785,1,0.999999,1
LA_D_4411754,1,0.999999,1
LA_D_4441987,1,0.999999,1
LA_D_4462615,1,0.999999,1
LA_D_4552327,1,0.9999988,1
LA_D_4580301,1,0.999999,1
LA_D_4644831,1,0.999999,1
LA_D_4771783,1,0.999999,1
LA_D_4894198,1,0.999999,1
LA_D_4903304,1,0.999999,1
LA_D_4969859,1,0.999999,1
LA_D_5026692,1,0.999999,1
LA_D_5135042,1,0.999999,1
LA_D_5212614,1,0.999999,1
LA_D_5248127,1,0.999999,1
LA_D_5248372,1,0.999999,1
LA_D_5383174,1,0.999999,1
LA_D_5438251,1,0.999999,1
LA_D_5513082,1,0.999999,1
LA_D_5521568,1,0.999999,1
LA_D_5545146,1,0.999999,1
LA_D_5561293,1,0.999999,1
LA_D_5691072,1,0.999999,1
LA_D_5695691,1,0.9999989,1
LA_D_5734480,1,0.9999945,1
LA_D_5747580,1,0.999999,1
LA_D_5790567,1,0.999999,1
LA_D_5863611,1,0.999999,1
LA_D_5932613,1,0.999999,1
LA_D_5947257,1,0.999999,1
LA_D_5962580,1,0.999999,1
LA_D_6043519,1,0.999999,1
LA_D_6308295,1,0.999999,1
LA_D_6460049,1,0.999999,1
LA_D_6479457,1,0.999999,1
LA_D_6492056,1,0.99999845,1
LA_D_6497625,1,0.9999988,1
LA_D_6672477,1,0.999999,1
LA_D_6680138,1,0.999999,1
LA_D_6717375,1,0.999999,1
LA_D_6757692,1,0.999999,1
LA_D_6824022,1,0.999997,1
LA_D_6864236,1,0.999999,1
LA_D_6913240,1,0.999999,1
LA_D_6921684,1,0.999999,1
LA_D_6936162,1,0.999999,1
LA_D_6989506,1,0.999999,1
LA_D_7089929,1,0.999999,1
LA_D_7090657,1,0.999998,1
LA_D_7109981,1,0.999999,1
LA_D_7162317,1,0.999999,1
LA_D_7203605,1,0.999999,1
LA_D_7204569,1,0.999999,1
LA_D_7213885,1,0.999999,1
LA_D_7235373,1,0.999999,1
LA_D_7270074,1,0.999999,1
LA_D_7299514,1,0.999999,1
LA_D_7361566,1,0.999999,1
LA_D_7391591,1,0.999999,1
LA_D_7530789,1,0.999999,1
LA_D_7647812,1,0.999999,1
LA_D_7718079,1,0.999999,1
LA_D_7879955,1,0.99999845,1
LA_D_7972724,1,0.999999,1
LA_D_8042846,1,0.9999716,1
LA_D_8126437,1,0.999999,1
LA_D_8155318,1,0.999999,1
LA_D_8174725,1,0.999999,1
LA_D_8187801,1,0.999999,1
LA_D_8192047,1,0.999999,1
LA_D_8197154,1,0.999999,1
LA_D_8214303,1,0.999999,1
LA_D_8260762,1,0.999999,1
LA_D_8274833,1,0.9999988,1
LA_D_8289729,1,0.999999,1
LA_D_8568451,1,0.999999,1
LA_D_8600039,1,0.999998,1
LA_D_8749378,1,0.999999,1
LA_D_8978448,1,0.999999,1
LA_D_9125966,1,0.999999,1
LA_D_9126409,1,0.9999932,1
LA_D_9133444,1,0.9999987,1
LA_D_9137331,1,0.999999,1
LA_D_9159907,1,0.999999,1
LA_D_9209591,1,0.999999,1
LA_D_9241229,1,0.999999,1
LA_D_9295080,1,0.999999,1
LA_D_9433165,1,0.99999833,1
LA_D_9460592,1,0.999999,1
LA_D_9502258,1,0.999999,1
LA_D_9513156,1,0.999999,1
LA_D_9737719,1,0.999999,1
LA_D_9821908,1,0.999999,1
LA_D_9856127,1,0.999999,1
LA_D_9897452,1,0.999999,1
LA_D_9997701,1,0.9999958,1
LA_D_1091602,1,0.999999,1
LA_D_1105131,1,0.999999,1
LA_D_1107267,1,0.99990606,1
LA_D_1112296,1,0.99999857,1
LA_D_1195977,1,0.999999,1
LA_D_1258927,1,0.99994457,1
LA_D_1274098,1,0.999999,1
LA_D_1317890,1,0.999999,1
LA_D_1475288,1,0.999999,1
LA_D_1494180,1,0.999999,1
LA_D_1575443,1,0.999999,1
LA_D_1592094,1,0.9999919,1
LA_D_1697470,1,0.999999,1
LA_D_1702465,1,0.999999,1
LA_D_1822237,1,0.999999,1
LA_D_1857965,1,0.999999,1
LA_D_1874320,1,0.999999,1
LA_D_1943029,1,0.999999,1
LA_D_1943350,1,0.999999,1
LA_D_2005171,1,0.999999,1
LA_D_2009007,1,0.9999808,1
LA_D_2079489,1,0.999999,1
LA_D_2117889,1,0.999999,1
LA_D_2227760,1,0.999999,1
LA_D_2289857,1,0.999999,1
LA_D_2334643,1,0.999999,1
LA_D_2393663,1,0.9999988,1
LA_D_2407623,1,0.99997723,1
LA_D_2425839,1,0.99999833,1
LA_D_2535161,1,0.9999913,1
LA_D_2671129,1,0.999999,1
LA_D_2946318,1,0.9999975,1
LA_D_3050627,1,0.999999,1
LA_D_3077269,1,0.9999975,1
LA_D_3088159,1,0.999999,1
LA_D_3151376,1,0.999999,1
LA_D_3215740,1,0.99999857,1
LA_D_3236921,1,0.999997,1
LA_D_3315214,1,0.999999,1
LA_D_3316993,1,0.999999,1
LA_D_3572399,1,0.999999,1
LA_D_3770523,1,0.999999,1
LA_D_3819025,1,0.99999845,1
LA_D_3847750,1,0.999999,1
LA_D_3877724,1,0.999999,1
LA_D_3882050,1,0.999999,1
LA_D_4080403,1,0.9999925,1
LA_D_4082470,1,0.99999607,1
LA_D_4132709,1,0.999999,1
LA_D_4148603,1,0.99999845,1
LA_D_4339997,1,0.999999,1
LA_D_4437989,1,0.999999,1
LA_D_4466532,1,0.999999,1
LA_D_4529182,1,0.999999,1
LA_D_4668193,1,0.9999988,1
LA_D_4675196,1,0.999999,1
LA_D_4782067,1,0.99999094,1
LA_D_4796882,1,0.99997485,1
LA_D_4928990,1,0.999999,1
LA_D_4948709,1,0.9999887,1
LA_D_5049363,1,0.9999403,1
LA_D_5080128,1,0.999999,1
LA_D_5115522,1,0.99999857,1
LA_D_5175785,1,0.999999,1
LA_D_5188600,1,0.999999,1
LA_D_5255611,1,0.999999,1
LA_D_5415483,1,0.999999,1
LA_D_5421834,1,0.999999,1
LA_D_5554369,1,0.999999,1
LA_D_5617526,1,0.99999595,1
LA_D_5676289,1,0.999999,1
LA_D_6030391,1,0.999999,1
LA_D_6043078,1,0.999999,1
LA_D_6212089,1,0.999999,1
LA_D_6245432,1,0.999999,1
LA_D_6266231,1,0.999999,1
LA_D_6329617,1,0.999999,1
LA_D_6339751,1,0.99999654,1
LA_D_6393255,1,0.999999,1
LA_D_6421262,1,0.999999,1
LA_D_6421519,1,0.999999,1
LA_D_6424598,1,0.999999,1
LA_D_6525649,1,0.999999,1
LA_D_6566035,1,0.999999,1
LA_D_6631537,1,0.9999924,1
LA_D_6733447,1,0.9993301,1
LA_D_6749976,1,0.999999,1
LA_D_6787225,1,0.999999,1
LA_D_6869808,1,0.999999,1
LA_D_6916843,1,0.999999,1
LA_D_7016331,1,0.999999,1
LA_D_7030577,1,0.99996257,1
LA_D_7058100,1,0.999982,1
LA_D_7130987,1,0.999999,1
LA_D_7150561,1,0.9999931,1
LA_D_7215902,1,0.9999987,1
LA_D_7252855,1,0.999999,1
LA_D_7292143,1,0.999999,1
LA_D_7484152,1,0.99999857,1
LA_D_7556469,1,0.999999,1
LA_D_7579918,1,0.999999,1
LA_D_7618557,1,0.99999833,1
LA_D_7721618,1,0.999999,1
LA_D_7745370,1,0.9999691,1
LA_D_7869886,1,0.999999,1
LA_D_7883065,1,0.999999,1
LA_D_7891590,1,0.99999166,1
LA_D_7895200,1,0.999999,1
LA_D_7900046,1,0.999999,1
LA_D_7948554,1,0.99996877,1
LA_D_7971853,1,0.999999,1
LA_D_7984329,1,0.9999957,1
LA_D_7989694,1,0.999999,1
LA_D_8017606,1,0.999999,1
LA_D_8076652,1,0.999999,1
LA_D_8087254,1,0.999999,1
LA_D_8138324,1,0.999999,1
LA_D_8140900,1,0.999999,1
LA_D_8163197,1,0.999999,1
LA_D_8197621,1,0.99999857,1
LA_D_8262874,1,0.999999,1
LA_D_8274900,1,0.999999,1
LA_D_8456792,1,0.9965879,1
LA_D_8523156,1,0.9999962,1
LA_D_8592900,1,0.999999,1
LA_D_8639820,1,0.9999455,1
LA_D_8679267,1,0.9999906,1
LA_D_8715858,1,0.999999,1
LA_D_8726343,1,0.999999,1
LA_D_8823022,1,0.99999523,1
LA_D_8826808,1,0.99996793,1
LA_D_8853808,1,0.99997985,1
LA_D_8892065,1,0.99999475,1
LA_D_9039818,1,0.999999,1
LA_D_9053831,1,0.999999,1
LA_D_9085952,1,0.999999,1
LA_D_9124171,1,0.999999,1
LA_D_9124382,1,0.9999268,1
LA_D_9206303,1,0.999999,1
LA_D_9216147,1,0.999999,1
LA_D_9287387,1,0.9998983,1
LA_D_9316963,1,0.999999,1
LA_D_9350860,1,0.999999,1
LA_D_9352798,1,0.999999,1
LA_D_9423280,1,0.999999,1
LA_D_9429134,1,0.999999,1
LA_D_9435329,1,0.999999,1
LA_D_9471357,1,0.9999987,1
LA_D_9491309,1,0.9999988,1
LA_D_9658949,1,0.999999,1
LA_D_9678576,1,0.999999,1
LA_D_9837717,1,0.999999,1
LA_D_9897081,1,0.999999,1
LA_D_9937608,1,0.999999,1
LA_D_1158837,1,0.999999,1
LA_D_1214950,1,0.99999154,1
LA_D_1246607,1,0.999999,1
LA_D_1300558,1,0.99982953,1
LA_D_1353894,1,0.999999,1
LA_D_1355058,1,0.999999,1
LA_D_1391982,1,0.9996625,1
LA_D_1438615,1,0.99999106,1
LA_D_1513725,1,0.9999647,1
LA_D_1567126,1,0.999999,1
LA_D_1680201,1,0.9999931,1
LA_D_1686743,1,0.999999,1
LA_D_1824180,1,0.99999774,1
LA_D_2044088,1,0.99999607,1
LA_D_2063669,1,0.99997306,1
LA_D_2082295,1,0.999999,1
LA_D_2188246,1,0.9999795,1
LA_D_2287585,1,0.99998224,1
LA_D_2363836,1,0.999999,1
LA_D_2380064,1,0.999999,1
LA_D_2445554,1,0.99999547,1
LA_D_2452544,1,0.999999,1
LA_D_2565359,1,0.9999882,1
LA_D_2578749,1,0.9999975,1
LA_D_2718909,1,0.999999,1
LA_D_2824820,1,0.99997723,1
LA_D_2895802,1,0.9994542,1
LA_D_2943260,1,0.99997485,1
LA_D_3051718,1,0.9999746,1
LA_D_3053264,1,0.9999801,1
LA_D_3064595,1,0.9999974,1
LA_D_3116201,1,0.99999726,1
LA_D_3224671,1,0.999999,1
LA_D_3274531,1,0.9999924,1
LA_D_3327924,1,0.999999,1
LA_D_3373017,1,0.99969155,1
LA_D_3373431,1,0.9999988,1
LA_D_3397208,1,0.999999,1
LA_D_3405832,1,0.999999,1
LA_D_3467346,1,0.9999312,1
LA_D_3479801,1,0.9999603,1
LA_D_3482661,1,0.9999225,1
LA_D_3548515,1,0.999999,1
LA_D_3596015,1,0.999999,1
LA_D_3604610,1,0.999999,1
LA_D_3607289,1,0.9999945,1
LA_D_3609977,1,0.99998987,1
LA_D_3787070,1,0.9999949,1
LA_D_3891696,1,0.9999752,1
LA_D_3941447,1,0.999999,1
LA_D_3956242,1,0.999999,1
LA_D_3967203,1,0.999999,1
LA_D_3983406,1,0.999999,1
LA_D_3996355,1,0.99999607,1
LA_D_3999380,1,0.9989374,1
LA_D_4037283,1,0.999999,1
LA_D_4052216,1,0.99999607,1
LA_D_4052746,1,0.99996793,1
LA_D_4174420,1,0.99836487,1
LA_D_4239074,1,0.9999962,1
LA_D_4282724,1,0.9999862,1
LA_D_4293112,1,0.9999969,1
LA_D_4304868,1,0.999999,1
LA_D_4399522,1,0.9936621,1
LA_D_4500243,1,0.999999,1
LA_D_4513531,1,0.999999,1
LA_D_4646934,1,0.9999933,1
LA_D_4807296,1,0.99999726,1
LA_D_4866981,1,0.9999138,1
LA_D_4947147,1,0.99999094,1
LA_D_4962492,1,0.999999,1
LA_D_4971078,1,0.99910694,1
LA_D_4973412,1,0.999999,1
LA_D_4977329,1,0.9999975,1
LA_D_4992364,1,0.999999,1
LA_D_5203733,1,0.999999,1
LA_D_5245987,1,0.9999987,1
LA_D_5260084,1,0.999999,1
LA_D_5411748,1,0.99999404,1
LA_D_5431156,1,0.999999,1
LA_D_5475950,1,0.99999785,1
LA_D_5698379,1,0.999999,1
LA_D_5770185,1,0.999999,1
LA_D_5774989,1,0.999999,1
LA_D_5794620,1,0.999999,1
LA_D_5846104,1,0.99994516,1
LA_D_6124905,1,0.999999,1
LA_D_6183356,1,0.999999,1
LA_D_6207345,1,0.9999956,1
LA_D_6280709,1,0.99995494,1
LA_D_6304222,1,0.99999356,1
LA_D_6418577,1,0.9999981,1
LA_D_6480551,1,0.99999464,1
LA_D_6511989,1,0.999985,1
LA_D_6539878,1,0.99999774,1
LA_D_6558890,1,0.999999,1
LA_D_6598354,1,0.99999714,1
LA_D_6636661,1,0.9999807,1
LA_D_6659622,1,0.99999535,1
LA_D_6736028,1,0.999999,1
LA_D_6799496,1,0.999999,1
LA_D_6821909,1,0.9999988,1
LA_D_7230566,1,0.999999,1
LA_D_7324285,1,0.999999,1
LA_D_7428513,1,0.999999,1
LA_D_7512294,1,0.9999194,1
LA_D_7525926,1,0.9999968,1
LA_D_7566925,1,0.999999,1
LA_D_7704954,1,0.99999726,1
LA_D_7724772,1,0.999999,1
LA_D_7731909,1,0.9999552,1
LA_D_7753521,1,0.999999,1
LA_D_7760578,1,0.9997889,1
LA_D_7874275,1,0.999999,1
LA_D_7901021,1,0.99993765,1
LA_D_7974536,1,0.999977,1
LA_D_8037358,1,0.999999,1
LA_D_8214679,1,0.999999,1
LA_D_8288732,1,0.999999,1
LA_D_8314448,1,0.9999579,1
LA_D_8318899,1,0.99999785,1
LA_D_8426461,1,0.99998903,1
LA_D_8549144,1,0.99998057,1
LA_D_8553650,1,0.999999,1
LA_D_8697996,1,0.99999857,1
LA_D_8767671,1,0.999999,1
LA_D_8836257,1,0.9999976,1
LA_D_8976620,1,0.999999,1
LA_D_9183395,1,0.999999,1
LA_D_9184655,1,0.999999,1
LA_D_9200045,1,0.999863,1
LA_D_9304099,1,0.999999,1
LA_D_9311350,1,0.999999,1
LA_D_9348889,1,0.99999225,1
LA_D_9531450,1,0.999999,1
LA_D_9953476,1,0.999999,1
LA_D_9960664,1,0.9999517,1
LA_D_9966094,1,0.999999,1
LA_D_9979957,1,0.999999,1
LA_D_9996570,1,0.999999,1
LA_D_1024892,1,0.9999987,1
LA_D_1097170,1,0.99999523,1
LA_D_1131723,1,0.9999988,1
LA_D_1218694,1,0.9991012,1
LA_D_1234965,1,0.99999774,1
LA_D_1327255,1,0.999999,1
LA_D_1491971,1,0.9999989,1
LA_D_1544898,1,0.999999,1
LA_D_1637250,1,0.999999,1
LA_D_1696066,1,0.99998915,1
LA_D_1699026,1,0.999999,1
LA_D_1710320,1,0.999999,1
LA_D_1775562,1,0.9999901,1
LA_D_1988752,1,0.999999,1
LA_D_2051747,1,0.99999034,1
LA_D_2059154,1,0.999999,1
LA_D_2061583,1,0.9999902,1
LA_D_2146246,1,0.99999523,1
LA_D_2209839,1,0.999977,1
LA_D_2259043,1,0.999999,1
LA_D_2302613,1,0.9999883,1
LA_D_2411901,1,0.999999,1
LA_D_2488325,1,0.99999654,1
LA_D_2658188,1,0.999999,1
LA_D_2690312,1,0.999995,1
LA_D_2763260,1,0.999999,1
LA_D_2766423,1,0.9999573,1
LA_D_2791787,1,0.9999784,1
LA_D_2928658,1,0.9999758,1
LA_D_2958472,1,0.9998739,1
LA_D_3007617,1,0.9999933,1
LA_D_3109423,1,0.99998975,1
LA_D_3149828,1,0.9999672,1
LA_D_3279100,1,0.999999,1
LA_D_3291602,1,0.999998,1
LA_D_3316221,1,0.9999578,1
LA_D_3352195,1,0.999999,1
LA_D_3416462,1,0.99997497,1
LA_D_3549588,1,0.9999808,1
LA_D_3553954,1,0.99999607,1
LA_D_3596872,1,0.9999951,1
LA_D_3694891,1,0.999999,1
LA_D_3713783,1,0.999999,1
LA_D_3757479,1,0.99995637,1
LA_D_3805241,1,0.9999745,1
LA_D_3808406,1,0.9999957,1
LA_D_4041525,1,0.9998524,1
LA_D_4063304,1,0.9999989,1
LA_D_4130767,1,0.999999,1
LA_D_4246474,1,0.99998,1
LA_D_4310926,1,0.9999882,1
LA_D_4320007,1,0.99997663,1
LA_D_4367012,1,0.999999,1
LA_D_4440923,1,0.999999,1
LA_D_4462839,1,0.999999,1
LA_D_4534077,1,0.9999956,1
LA_D_4599043,1,0.9996073,1
LA_D_4623306,1,0.9999914,1
LA_D_4631592,1,0.999999,1
LA_D_4661324,1,0.999999,1
LA_D_4804382,1,0.999999,1
LA_D_4806480,1,0.9999784,1
LA_D_4838520,1,0.99989223,1
LA_D_4942819,1,0.9999893,1
LA_D_4949737,1,0.99993575,1
LA_D_5000705,1,0.99999535,1
LA_D_5016919,1,0.999999,1
LA_D_5039802,1,0.99998665,1
LA_D_5135534,1,0.999999,1
LA_D_5232868,1,0.99997354,1
LA_D_5256199,1,0.999999,1
LA_D_5372085,1,0.999918,1
LA_D_5545304,1,0.99998045,1
LA_D_5624810,1,0.99998236,1
LA_D_5648462,1,0.999999,1
LA_D_5655965,1,0.99999714,1
LA_D_5669008,1,0.9999989,1
LA_D_5823678,1,0.999999,1
LA_D_5826428,1,0.999999,1
LA_D_5835377,1,0.999999,1
LA_D_5984308,1,0.99989295,1
LA_D_6031544,1,0.9999708,1
LA_D_6081830,1,0.9999988,1
LA_D_6089259,1,0.9999945,1
LA_D_6137641,1,0.99998856,1
LA_D_6220480,1,0.999999,1
LA_D_6340859,1,0.9999988,1
LA_D_6373554,1,0.9999981,1
LA_D_6391787,1,0.9999974,1
LA_D_6410181,1,0.999999,1
LA_D_6598628,1,0.9999958,1
LA_D_6639331,1,0.999997,1
LA_D_6725470,1,0.99999297,1
LA_D_6730053,1,0.99999,1
LA_D_6805166,1,0.99999857,1
LA_D_6810551,1,0.999999,1
LA_D_6848115,1,0.99999845,1
LA_D_6853055,1,0.9999964,1
LA_D_7157407,1,0.9999876,1
LA_D_7176973,1,0.9999602,1
LA_D_7182301,1,0.999999,1
LA_D_7185044,1,0.9999989,1
LA_D_7202557,1,0.99999785,1
LA_D_7308477,1,0.999999,1
LA_D_7344200,1,0.9999379,1
LA_D_7366267,1,0.9999913,1
LA_D_7391066,1,0.99999535,1
LA_D_7439393,1,0.9982779,1
LA_D_7459649,1,0.9999981,1
LA_D_7463826,1,0.9999957,1
LA_D_7518137,1,0.9999813,1
LA_D_7546022,1,0.999995,1
LA_D_7701126,1,0.9979493,1
LA_D_7878191,1,0.999999,1
LA_D_7885719,1,0.999999,1
LA_D_7905682,1,0.99992526,1
LA_D_7916368,1,0.999999,1
LA_D_7932604,1,0.9999982,1
LA_D_7932927,1,0.99997044,1
LA_D_7981085,1,0.9999771,1
LA_D_7998943,1,0.999999,1
LA_D_8003563,1,0.9999877,1
LA_D_8017985,1,0.99999404,1
LA_D_8049554,1,0.999999,1
LA_D_8092661,1,0.99999595,1
LA_D_8124968,1,0.999999,1
LA_D_8127075,1,0.999999,1
LA_D_8246056,1,0.9999882,1
LA_D_8361964,1,0.9999857,1
LA_D_8393123,1,0.999999,1
LA_D_8443765,1,0.9995777,1
LA_D_8450008,1,0.9999958,1
LA_D_8464454,1,0.9961874,1
LA_D_8537448,1,0.999999,1
LA_D_8596053,1,0.999977,1
LA_D_8769661,1,0.9999989,1
LA_D_8775776,1,0.999999,1
LA_D_8858517,1,0.9999242,1
LA_D_8894154,1,0.9999498,1
LA_D_8916787,1,0.999999,1
LA_D_8925545,1,0.99999857,1
LA_D_9108828,1,0.99999774,1
LA_D_9126745,1,0.9999975,1
LA_D_9132872,1,0.9857189,1
LA_D_9238819,1,0.9999968,1
LA_D_9338180,1,0.999998,1
LA_D_9489443,1,0.999999,1
LA_D_9592778,1,0.999999,1
LA_D_9595794,1,0.999999,1
LA_D_9615915,1,0.999999,1
LA_D_9625547,1,0.99996185,1
LA_D_9666678,1,0.99995637,1
LA_D_9814046,1,0.999999,1
LA_D_9931422,1,0.99999774,1
LA_D_1072893,1,0.999999,1
LA_D_1118564,1,0.999999,1
LA_D_1121142,1,0.999999,1
LA_D_1199158,1,0.999999,1
LA_D_1264788,1,0.999999,1
LA_D_1299580,1,0.999999,1
LA_D_1356035,1,0.999999,1
LA_D_1396983,1,0.999999,1
LA_D_1431487,1,0.999999,1
LA_D_1434598,1,0.999999,1
LA_D_1487726,1,0.99998415,1
LA_D_1541720,1,0.999999,1
LA_D_1583668,1,0.999999,1
LA_D_1592884,1,0.99989307,1
LA_D_1659462,1,0.999999,1
LA_D_1660662,1,0.999999,1
LA_D_1716988,1,0.999999,1
LA_D_1720317,1,0.999999,1
LA_D_1864699,1,0.999999,1
LA_D_2014243,1,0.999999,1
LA_D_2066393,1,0.9999901,1
LA_D_2080977,1,0.999999,1
LA_D_2172148,1,0.99999845,1
LA_D_2190620,1,0.999999,1
LA_D_2223225,1,0.999999,1
LA_D_2274164,1,0.9999989,1
LA_D_2286902,1,0.99999857,1
LA_D_2294476,1,0.999999,1
LA_D_2309894,1,0.999999,1
LA_D_2415228,1,0.999999,1
LA_D_2459993,1,0.999999,1
LA_D_2552574,1,0.999999,1
LA_D_2652046,1,0.999999,1
LA_D_2681158,1,0.999999,1
LA_D_2720668,1,0.999999,1
LA_D_2743286,1,0.999999,1
LA_D_2855417,1,0.999999,1
LA_D_2856650,1,0.999999,1
LA_D_2861752,1,0.999999,1
LA_D_3299949,1,0.999999,1
LA_D_3354668,1,0.999999,1
LA_D_3387539,1,0.999999,1
LA_D_3448074,1,0.999999,1
LA_D_3526885,1,0.999999,1
LA_D_3554499,1,0.999999,1
LA_D_3555589,1,0.999999,1
LA_D_3567303,1,0.999999,1
LA_D_3653942,1,0.999999,1
LA_D_3714679,1,0.999999,1
LA_D_3720871,1,0.999999,1
LA_D_3727888,1,0.999999,1
LA_D_3897478,1,0.999999,1
LA_D_4135293,1,0.999999,1
LA_D_4236952,1,0.999999,1
LA_D_4310386,1,0.99996865,1
LA_D_4428897,1,0.9999962,1
LA_D_4530613,1,0.9999957,1
LA_D_4655594,1,0.999999,1
LA_D_4701213,1,0.999999,1
LA_D_4706408,1,0.999999,1
LA_D_4708413,1,0.999999,1
LA_D_4748747,1,0.999999,1
LA_D_4789764,1,0.999999,1
LA_D_4878438,1,0.999999,1
LA_D_4890059,1,0.999999,1
LA_D_4896049,1,0.999999,1
LA_D_4934804,1,0.999999,1
LA_D_5009407,1,0.99998784,1
LA_D_5030937,1,0.999999,1
LA_D_5044136,1,0.999999,1
LA_D_5135638,1,0.999999,1
LA_D_5192077,1,0.999999,1
LA_D_5254877,1,0.999999,1
LA_D_5296393,1,0.999999,1
LA_D_5334517,1,0.999999,1
LA_D_5542285,1,0.999999,1
LA_D_5626364,1,0.999999,1
LA_D_5674440,1,0.99998546,1
LA_D_5679718,1,0.999999,1
LA_D_5774240,1,0.99999857,1
LA_D_5914465,1,0.999999,1
LA_D_5937275,1,0.9999827,1
LA_D_5950853,1,0.999999,1
LA_D_6002845,1,0.999999,1
LA_D_6067855,1,0.999999,1
LA_D_6077297,1,0.999999,1
LA_D_6099505,1,0.9999975,1
LA_D_6208197,1,0.999999,1
LA_D_6233220,1,0.999999,1
LA_D_6388357,1,0.999999,1
LA_D_6423859,1,0.999999,1
LA_D_6465138,1,0.999999,1
LA_D_6630316,1,0.999999,1
LA_D_6780824,1,0.999999,1
LA_D_6785500,1,0.999999,1
LA_D_6795666,1,0.999999,1
LA_D_6806996,1,0.999999,1
LA_D_6831922,1,0.999998,1
LA_D_6869561,1,0.999999,1
LA_D_6920717,1,0.999999,1
LA_D_6948624,1,0.999999,1
LA_D_6976087,1,0.999999,1
LA_D_7073625,1,0.999999,1
LA_D_7184320,1,0.999999,1
LA_D_7281226,1,0.999999,1
LA_D_7285253,1,0.999999,1
LA_D_7349597,1,0.999998,1
LA_D_7495927,1,0.999999,1
LA_D_7513515,1,0.999999,1
LA_D_7514976,1,0.999999,1
LA_D_7518457,1,0.999999,1
LA_D_7554234,1,0.999999,1
LA_D_7601268,1,0.999999,1
LA_D_7661891,1,0.9999958,1
LA_D_7715110,1,0.999999,1
LA_D_7742734,1,0.999999,1
LA_D_7786543,1,0.999999,1
LA_D_7820018,1,0.999999,1
LA_D_8006035,1,0.999999,1
LA_D_8023275,1,0.999999,1
LA_D_8163259,1,0.999999,1
LA_D_8183126,1,0.9999989,1
LA_D_8232673,1,0.99999166,1
LA_D_8238051,1,0.999999,1
LA_D_8264385,1,0.999999,1
LA_D_8274485,1,0.999999,1
LA_D_8277825,1,0.999999,1
LA_D_8313453,1,0.999999,1
LA_D_8436513,1,0.999999,1
LA_D_8633579,1,0.999999,1
LA_D_8635476,1,0.999999,1
LA_D_8665901,1,0.999999,1
LA_D_8688425,1,0.999999,1
LA_D_8737588,1,0.999999,1
LA_D_8863378,1,0.999999,1
LA_D_8870668,1,0.999999,1
LA_D_8873219,1,0.999999,1
LA_D_8878312,1,0.999999,1
LA_D_8946580,1,0.999999,1
LA_D_8950507,1,0.999999,1
LA_D_8982290,1,0.999999,1
LA_D_9057299,1,0.999999,1
LA_D_9099813,1,0.999999,1
LA_D_9268601,1,0.99999785,1
LA_D_9437065,1,0.999999,1
LA_D_9508907,1,0.999999,1
LA_D_9515167,1,0.999999,1
LA_D_9613437,1,0.999999,1
LA_D_9640641,1,0.99999857,1
LA_D_9679656,1,0.999999,1
LA_D_9682441,1,0.999999,1
LA_D_9757460,1,0.999999,1
LA_D_9786399,1,0.999999,1
LA_D_9791780,1,0.999999,1
LA_D_1028589,1,0.999999,1
LA_D_1056334,1,0.9984573,1
LA_D_1096053,1,0.999999,1
LA_D_1245754,1,0.999999,1
LA_D_1316596,1,0.9999989,1
LA_D_1365236,1,0.99997234,1
LA_D_1444916,1,0.999999,1
LA_D_1577384,1,0.9999981,1
LA_D_1643904,1,0.999999,1
LA_D_1764120,1,0.999999,1
LA_D_1782314,1,0.999999,1
LA_D_1902645,1,0.99997985,1
LA_D_1961293,1,0.999999,1
LA_D_2159390,1,0.999999,1
LA_D_2423683,1,0.999999,1
LA_D_2435925,1,0.999999,1
LA_D_2485218,1,0.999999,1
LA_D_2512075,1,0.999999,1
LA_D_2679873,1,0.999999,1
LA_D_2780780,1,0.999999,1
LA_D_2972247,1,0.999999,1
LA_D_3006726,1,0.999999,1
LA_D_3317945,1,0.999999,1
LA_D_3370277,1,0.999999,1
LA_D_3405736,1,0.999999,1
LA_D_3652642,1,0.999999,1
LA_D_4131292,1,0.999999,1
LA_D_4223627,1,0.999999,1
LA_D_4331249,1,0.999999,1
LA_D_4420975,1,0.999999,1
LA_D_4463495,1,0.999999,1
LA_D_4881390,1,0.999999,1
LA_D_5522312,1,0.99998677,1
LA_D_5621013,1,0.999999,1
LA_D_5656029,1,0.999999,1
LA_D_5696762,1,0.999999,1
LA_D_5965283,1,0.999999,1
LA_D_5976013,1,0.999999,1
LA_D_6002117,1,0.999999,1
LA_D_6114519,1,0.999999,1
LA_D_6189044,1,0.999999,1
LA_D_6257081,1,0.999999,1
LA_D_6611532,1,0.999999,1
LA_D_6815506,1,0.999999,1
LA_D_6900009,1,0.999999,1
LA_D_7002192,1,0.999999,1
LA_D_7127063,1,0.999999,1
LA_D_7148063,1,0.999999,1
LA_D_7374404,1,0.999999,1
LA_D_7380611,1,0.999999,1
LA_D_7448272,1,0.999999,1
LA_D_7494873,1,0.999999,1
LA_D_7559885,1,0.999999,1
LA_D_7713018,1,0.999999,1
LA_D_7861052,1,0.9997321,1
LA_D_8059879,1,0.999999,1
LA_D_8190929,1,0.999999,1
LA_D_8194315,1,0.999999,1
LA_D_8404215,1,0.99999774,1
LA_D_8433710,1,0.999999,1
LA_D_8543859,1,0.999999,1
LA_D_8891723,1,0.999999,1
LA_D_8894613,1,0.999999,1
LA_D_8932352,1,0.999999,1
LA_D_8991834,1,0.999999,1
LA_D_9006057,1,0.9999945,1
LA_D_9060455,1,0.999999,1
LA_D_9253093,1,0.999999,1
LA_D_9284682,1,0.999999,1
LA_D_9298358,1,0.999999,1
LA_D_9348533,1,0.9999331,1
LA_D_9423451,1,0.99999857,1
LA_D_9442194,1,0.999999,1
LA_D_9517414,1,0.9999716,1
LA_D_9597340,1,0.999999,1
LA_D_9764484,1,0.999999,1
LA_D_9919064,1,0.999999,1
LA_D_1423006,1,0.999999,1
LA_D_1473255,1,0.9999553,1
LA_D_1481057,1,0.9999951,1
LA_D_1758018,1,0.99999034,1
LA_D_1954410,1,0.9999957,1
LA_D_1982159,1,0.99998605,1
LA_D_2813154,1,0.99998105,1
LA_D_2906873,1,0.9999671,1
LA_D_2946958,1,0.999999,1
LA_D_2976553,1,0.99922085,1
LA_D_3061471,1,0.9999819,1
LA_D_3074985,1,0.99999785,1
LA_D_3150235,1,0.9999975,1
LA_D_3170323,1,0.99999774,1
LA_D_3476544,1,0.9999981,1
LA_D_3765509,1,0.99997795,1
LA_D_4016743,1,0.9999912,1
LA_D_4026264,1,0.9998276,1
LA_D_4072040,1,0.999995,1
LA_D_4137927,1,0.999999,1
LA_D_4180571,1,0.9999429,1
LA_D_4203374,1,0.9999939,1
LA_D_4309711,1,0.999998,1
LA_D_4540166,1,0.99999094,1
LA_D_4723558,1,0.9999877,1
LA_D_5029338,1,0.999999,1
LA_D_5337615,1,0.5114094,1
LA_D_5588765,1,0.9999957,1
LA_D_5621016,1,0.99998045,1
LA_D_5779977,1,0.99994516,1
LA_D_5945817,1,0.9999945,1
LA_D_5952548,1,0.9998933,1
LA_D_6016215,1,0.9999989,1
LA_D_6043277,1,0.9999479,1
LA_D_6081678,1,0.9999968,1
LA_D_6085002,1,0.99999726,1
LA_D_6262512,1,0.9998746,1
LA_D_6343761,1,0.99997926,1
LA_D_6380295,1,0.9999453,1
LA_D_6439730,1,0.9999851,1
LA_D_6471870,1,0.9898425,1
LA_D_6480348,1,0.9999988,1
LA_D_6502976,1,0.9999989,1
LA_D_6609968,1,0.999999,1
LA_D_6624621,1,0.9999796,1
LA_D_7045141,1,0.999992,1
LA_D_7073678,1,0.9999697,1
LA_D_7160972,1,0.9988967,1
LA_D_7181044,1,0.9990814,1
LA_D_7207798,1,0.999999,1
LA_D_7219426,1,0.9999635,1
LA_D_7339762,1,0.999987,1
LA_D_7408100,1,0.9999509,1
LA_D_7467158,1,0.9999962,1
LA_D_7836916,1,0.9999974,1
LA_D_8168206,1,0.99982536,1
LA_D_8222620,1,0.9999981,1
LA_D_8235144,1,0.99995434,1
LA_D_8340433,1,0.9999989,1
LA_D_8461949,1,0.999999,1
LA_D_8489512,1,0.9999124,1
LA_D_8492975,1,0.9961247,1
LA_D_8544546,1,0.999999,1
LA_D_8582039,1,0.9999628,1
LA_D_8679905,1,0.9999145,1
LA_D_8830828,1,0.9999852,1
LA_D_8952306,1,0.9987307,1
LA_D_8995647,1,0.99996483,1
LA_D_9095164,1,0.08080953,0
LA_D_9458567,1,0.997624,1
LA_D_9723493,1,0.9999908,1
LA_D_9750223,1,0.9999988,1
LA_D_9782269,1,0.999998,1
LA_D_9812702,1,0.999999,1
LA_D_9818781,1,0.999999,1
LA_D_9877194,1,0.99999094,1
LA_D_9992816,1,0.99999833,1
LA_D_1101351,1,0.9999988,1
LA_D_1249064,1,0.999999,1
LA_D_1307948,1,0.997547,1
LA_D_1403762,1,0.999999,1
LA_D_1410704,1,0.999999,1
LA_D_1469404,1,0.999997,1
LA_D_1480186,1,0.9999912,1
LA_D_1556595,1,0.999999,1
LA_D_1838386,1,0.99999416,1
LA_D_2026367,1,0.999999,1
LA_D_2178723,1,0.999999,1
LA_D_2227239,1,0.999999,1
LA_D_2496910,1,0.9999572,1
LA_D_2977892,1,0.999999,1
LA_D_2979011,1,0.999999,1
LA_D_3342452,1,0.99998677,1
LA_D_3536394,1,0.999999,1
LA_D_3577801,1,0.99994826,1
LA_D_3622835,1,0.9999988,1
LA_D_3776414,1,0.99999845,1
LA_D_3860312,1,0.9999969,1
LA_D_3861154,1,0.999999,1
LA_D_3940913,1,0.9999932,1
LA_D_3947384,1,0.9999815,1
LA_D_3971945,1,0.999999,1
LA_D_4095293,1,0.9999852,1
LA_D_4246993,1,0.9999982,1
LA_D_4320036,1,0.99811447,1
LA_D_4387141,1,0.9999683,1
LA_D_4457189,1,0.9999957,1
LA_D_4485182,1,0.9999677,1
LA_D_4492847,1,0.999999,1
LA_D_4745806,1,0.9999975,1
LA_D_4747124,1,0.999999,1
LA_D_4751390,1,0.9999275,1
LA_D_5090803,1,0.999999,1
LA_D_5349360,1,0.9999014,1
LA_D_5364410,1,0.999999,1
LA_D_5684697,1,0.9998379,1
LA_D_5763453,1,0.99999106,1
LA_D_5790394,1,0.9999969,1
LA_D_5972086,1,0.9999757,1
LA_D_6013126,1,0.999999,1
LA_D_6022629,1,0.99542546,1
LA_D_6442014,1,0.9999696,1
LA_D_6443649,1,0.9999949,1
LA_D_6446759,1,0.99995494,1
LA_D_6451106,1,0.999995,1
LA_D_6609032,1,0.999999,1
LA_D_7067333,1,0.999999,1
LA_D_7200480,1,0.999999,1
LA_D_7302367,1,0.999999,1
LA_D_7370306,1,0.9999964,1
LA_D_7370520,1,0.999999,1
LA_D_7394757,1,0.999999,1
LA_D_7451276,1,0.999999,1
LA_D_7451364,1,0.9999944,1
LA_D_7480903,1,0.999984,1
LA_D_7590299,1,0.99990046,1
LA_D_7651671,1,0.99999726,1
LA_D_8089175,1,0.999999,1
LA_D_8116083,1,0.999999,1
LA_D_8147163,1,0.99999607,1
LA_D_8313645,1,0.99997973,1
LA_D_8329201,1,0.999998,1
LA_D_8672699,1,0.999999,1
LA_D_8762609,1,0.999998,1
LA_D_8924553,1,0.999999,1
LA_D_8989585,1,0.99994206,1
LA_D_8995264,1,0.999999,1
LA_D_9113588,1,0.999999,1
LA_D_9299686,1,0.9998107,1
LA_D_9676445,1,0.999999,1
LA_D_9843427,1,0.9998014,1
LA_D_9851827,1,0.999999,1
LA_D_9875362,1,0.999999,1
LA_D_9936597,1,0.999999,1
LA_D_1038259,1,0.999999,1
LA_D_1052072,1,0.99999845,1
LA_D_1056044,1,0.999999,1
LA_D_1069525,1,0.999999,1
LA_D_1144331,1,0.999999,1
LA_D_1204220,1,0.999999,1
LA_D_1322543,1,0.999999,1
LA_D_1367406,1,0.999999,1
LA_D_1484973,1,0.999999,1
LA_D_1490681,1,0.999999,1
LA_D_1532705,1,0.999999,1
LA_D_1608630,1,0.999999,1
LA_D_1661775,1,0.9999621,1
LA_D_1788083,1,0.999999,1
LA_D_1792486,1,0.999999,1
LA_D_1820875,1,0.999999,1
LA_D_1888215,1,0.9999919,1
LA_D_1959657,1,0.999999,1
LA_D_1975696,1,0.999999,1
LA_D_2042159,1,0.99998426,1
LA_D_2358821,1,0.999999,1
LA_D_2408297,1,0.9999989,1
LA_D_2450199,1,0.999999,1
LA_D_2556697,1,0.9999968,1
LA_D_2596293,1,0.999999,1
LA_D_2660160,1,0.999999,1
LA_D_2684373,1,0.99999857,1
LA_D_2819153,1,0.999999,1
LA_D_2902957,1,0.999999,1
LA_D_2936796,1,0.9999889,1
LA_D_2952279,1,0.999999,1
LA_D_2977057,1,0.999999,1
LA_D_3029513,1,0.9999765,1
LA_D_3093310,1,0.999999,1
LA_D_3205943,1,0.999999,1
LA_D_3245414,1,0.999999,1
LA_D_3475014,1,0.999999,1
LA_D_3495464,1,0.999999,1
LA_D_3540954,1,0.999999,1
LA_D_3555645,1,0.999999,1
LA_D_3603496,1,0.999999,1
LA_D_3686487,1,0.999999,1
LA_D_3987478,1,0.999999,1
LA_D_4107345,1,0.999999,1
LA_D_4114029,1,0.9999969,1
LA_D_4166346,1,0.999999,1
LA_D_4433236,1,0.999999,1
LA_D_4433602,1,0.999999,1
LA_D_4457621,1,0.9999988,1
LA_D_4606004,1,0.999999,1
LA_D_4799779,1,0.999999,1
LA_D_4876634,1,0.999999,1
LA_D_5037208,1,0.9999945,1
LA_D_5066833,1,0.99997866,1
LA_D_5105872,1,0.999999,1
LA_D_5136646,1,0.999999,1
LA_D_5146678,1,0.9999988,1
LA_D_5212308,1,0.999999,1
LA_D_5256804,1,0.999999,1
LA_D_5390367,1,0.999999,1
LA_D_5412149,1,0.999999,1
LA_D_5513257,1,0.999999,1
LA_D_5539710,1,0.999999,1
LA_D_5606626,1,0.9999982,1
LA_D_5631853,1,0.999999,1
LA_D_5660085,1,0.9999968,1
LA_D_5738969,1,0.999999,1
LA_D_5823706,1,0.999999,1
LA_D_5907410,1,0.999999,1
LA_D_6077981,1,0.99999774,1
LA_D_6084606,1,0.999999,1
LA_D_6108420,1,0.999999,1
LA_D_6113999,1,0.9999988,1
LA_D_6332014,1,0.999999,1
LA_D_6339881,1,0.999999,1
LA_D_6355669,1,0.999999,1
LA_D_6404877,1,0.999999,1
LA_D_6434693,1,0.99999297,1
LA_D_6496486,1,0.99999833,1
LA_D_6516226,1,0.999999,1
LA_D_6516961,1,0.999999,1
LA_D_6646969,1,0.999999,1
LA_D_6733062,1,0.9999609,1
LA_D_6756553,1,0.999999,1
LA_D_6917442,1,0.999999,1
LA_D_6919759,1,0.999999,1
LA_D_7021117,1,0.99998546,1
LA_D_7057765,1,0.999999,1
LA_D_7074881,1,0.999999,1
LA_D_7097684,1,0.9998151,1
LA_D_7153183,1,0.999999,1
LA_D_7501952,1,0.999999,1
LA_D_7600822,1,0.999999,1
LA_D_7727446,1,0.99988043,1
LA_D_7730769,1,0.999999,1
LA_D_7751131,1,0.999999,1
LA_D_7763180,1,0.999999,1
LA_D_7765872,1,0.999999,1
LA_D_7887285,1,0.999999,1
LA_D_8089934,1,0.999999,1
LA_D_8215973,1,0.999999,1
LA_D_8231133,1,0.999999,1
LA_D_8476547,1,0.999999,1
LA_D_8522983,1,0.999999,1
LA_D_8554979,1,0.999999,1
LA_D_8591419,1,0.999999,1
LA_D_8861489,1,0.999999,1
LA_D_8880226,1,0.999999,1
LA_D_8905184,1,0.999999,1
LA_D_8975327,1,0.9999696,1
LA_D_8988945,1,0.999999,1
LA_D_9093882,1,0.99999595,1
LA_D_9173254,1,0.999999,1
LA_D_9195670,1,0.999999,1
LA_D_9223242,1,0.999999,1
LA_D_9243355,1,0.999999,1
LA_D_9256388,1,0.9999883,1
LA_D_9354139,1,0.9997884,1
LA_D_9408142,1,0.999999,1
LA_D_9544806,1,0.999999,1
LA_D_9559588,1,0.999999,1
LA_D_9577394,1,0.9999931,1
LA_D_9706957,1,0.99999714,1
LA_D_9712400,1,0.999999,1
LA_D_9764499,1,0.999999,1
LA_D_9842587,1,0.999999,1
LA_D_1049549,1,0.999999,1
LA_D_1076361,1,0.999999,1
LA_D_1091102,1,0.999999,1
LA_D_1133998,1,0.999999,1
LA_D_1223641,1,0.9999838,1
LA_D_1273183,1,0.9999982,1
LA_D_1336215,1,0.999999,1
LA_D_1337729,1,0.999999,1
LA_D_1400319,1,0.999999,1
LA_D_1505756,1,0.9999951,1
LA_D_1511694,1,0.999999,1
LA_D_1517076,1,0.999999,1
LA_D_1570970,1,0.999999,1
LA_D_1585215,1,0.999999,1
LA_D_1703452,1,0.999999,1
LA_D_1797978,1,0.999999,1
LA_D_1829406,1,0.99998,1
LA_D_1838177,1,0.999999,1
LA_D_2027122,1,0.999999,1
LA_D_2120353,1,0.999999,1
LA_D_2242074,1,0.999999,1
LA_D_2473174,1,0.999999,1
LA_D_2576930,1,0.999999,1
LA_D_2593161,1,0.9999728,1
LA_D_2630434,1,0.999999,1
LA_D_2639273,1,0.99995637,1
LA_D_2666751,1,0.999999,1
LA_D_2723178,1,0.999999,1
LA_D_2740232,1,0.999998,1
LA_D_2927307,1,0.999999,1
LA_D_2932112,1,0.99999,1
LA_D_3155945,1,0.9999876,1
LA_D_3222569,1,0.9999982,1
LA_D_3289496,1,0.999999,1
LA_D_3319482,1,0.9997174,1
LA_D_3408690,1,0.999999,1
LA_D_3416238,1,0.999999,1
LA_D_3500984,1,0.999999,1
LA_D_3556377,1,0.9999989,1
LA_D_3608670,1,0.9956682,1
LA_D_3703286,1,0.999999,1
LA_D_3761724,1,0.999999,1
LA_D_3784822,1,0.999999,1
LA_D_3878203,1,0.999999,1
LA_D_3891416,1,0.999999,1
LA_D_3909550,1,0.999999,1
LA_D_3912641,1,0.999999,1
LA_D_4284229,1,0.999999,1
LA_D_4296014,1,0.999998,1
LA_D_4349047,1,0.999999,1
LA_D_4359251,1,0.999999,1
LA_D_4392708,1,0.999999,1
LA_D_4479461,1,0.999999,1
LA_D_4494554,1,0.99974924,1
LA_D_4550700,1,0.999999,1
LA_D_4598473,1,0.999999,1
LA_D_4608449,1,0.999999,1
LA_D_4804432,1,0.999999,1
LA_D_4918840,1,0.99999774,1
LA_D_4966585,1,0.999999,1
LA_D_5062996,1,0.999999,1
LA_D_5071715,1,0.999999,1
LA_D_5107120,1,0.999999,1
LA_D_5154794,1,0.999999,1
LA_D_5185995,1,0.999999,1
LA_D_5273164,1,0.999999,1
LA_D_5292101,1,0.999999,1
LA_D_5293101,1,0.999999,1
LA_D_5326475,1,0.999999,1
LA_D_5459367,1,0.999999,1
LA_D_5490922,1,0.999999,1
LA_D_5666784,1,0.999999,1
LA_D_5677972,1,0.9999738,1
LA_D_5726006,1,0.9999981,1
LA_D_5939593,1,0.9999974,1
LA_D_5974475,1,0.9999746,1
LA_D_5989374,1,0.999999,1
LA_D_6134933,1,0.999999,1
LA_D_6189237,1,0.9999976,1
LA_D_6283341,1,0.9999902,1
LA_D_6341313,1,0.999999,1
LA_D_6375526,1,0.999999,1
LA_D_6452789,1,0.99999833,1
LA_D_6536846,1,0.63526064,1
LA_D_6544770,1,0.9999722,1
LA_D_6549233,1,0.999999,1
LA_D_6594571,1,0.99999857,1
LA_D_6610055,1,0.999999,1
LA_D_6752758,1,0.999999,1
LA_D_6805066,1,0.999999,1
LA_D_7071725,1,0.999999,1
LA_D_7097849,1,0.999999,1
LA_D_7339633,1,0.999999,1
LA_D_7629182,1,0.999999,1
LA_D_7662627,1,0.999999,1
LA_D_7731192,1,0.999999,1
LA_D_7812459,1,0.999999,1
LA_D_7830144,1,0.999999,1
LA_D_7900736,1,0.9999989,1
LA_D_7944573,1,0.999999,1
LA_D_7966144,1,0.999999,1
LA_D_8042945,1,0.999999,1
LA_D_8094862,1,0.999999,1
LA_D_8099644,1,0.999999,1
LA_D_8103476,1,0.999999,1
LA_D_8184787,1,0.999999,1
LA_D_8342132,1,0.999999,1
LA_D_8419568,1,0.999999,1
LA_D_8436641,1,0.999999,1
LA_D_8482192,1,0.999999,1
LA_D_8558274,1,0.999999,1
LA_D_8587105,1,0.999999,1
LA_D_8681156,1,0.999999,1
LA_D_8778186,1,0.99999857,1
LA_D_8792865,1,0.99999285,1
LA_D_8840755,1,0.999999,1
LA_D_8899535,1,0.999999,1
LA_D_8988223,1,0.9999976,1
LA_D_9105003,1,0.999999,1
LA_D_9148460,1,0.999999,1
LA_D_9169706,1,0.9999362,1
LA_D_9193664,1,0.999999,1
LA_D_9689549,1,0.99836296,1
LA_D_9741135,1,0.9999924,1
LA_D_9830094,1,0.999999,1
LA_D_9851890,1,0.9998752,1
LA_D_1086824,1,0.9999931,1
LA_D_1183785,1,0.9999094,1
LA_D_1213994,1,0.9999981,1
LA_D_1253089,1,0.99999833,1
LA_D_1467031,1,0.999999,1
LA_D_1553644,1,0.9999883,1
LA_D_1597752,1,0.999999,1
LA_D_1758807,1,0.999999,1
LA_D_1775211,1,0.99998236,1
LA_D_1861265,1,0.9999925,1
LA_D_1950699,1,0.999999,1
LA_D_2014253,1,0.9999974,1
LA_D_2139125,1,0.99996626,1
LA_D_2252677,1,0.999999,1
LA_D_2285682,1,0.99999666,1
LA_D_2302005,1,0.19713838,0
LA_D_2455027,1,0.99998844,1
LA_D_2653208,1,0.9995826,1
LA_D_2654763,1,0.9999918,1
LA_D_2722562,1,0.999999,1
LA_D_2846692,1,0.9999988,1
LA_D_2871577,1,0.999999,1
LA_D_2990661,1,0.9999987,1
LA_D_3056969,1,0.9999969,1
LA_D_3075013,1,0.999999,1
LA_D_3089604,1,0.9999598,1
LA_D_3283135,1,0.999999,1
LA_D_3387718,1,0.9999871,1
LA_D_3541747,1,0.9999795,1
LA_D_3608903,1,0.999999,1
LA_D_3773719,1,0.999997,1
LA_D_3842728,1,0.99995065,1
LA_D_3876757,1,0.999999,1
LA_D_3952793,1,0.9999988,1
LA_D_3994693,1,0.9999975,1
LA_D_4033472,1,0.999999,1
LA_D_4149974,1,0.9999912,1
LA_D_4161223,1,0.999999,1
LA_D_4224972,1,0.999999,1
LA_D_4289756,1,0.99999774,1
LA_D_4361968,1,0.999992,1
LA_D_4466001,1,0.9976216,1
LA_D_4494387,1,0.999999,1
LA_D_4514282,1,0.9999933,1
LA_D_4667936,1,0.99976903,1
LA_D_4670510,1,0.999999,1
LA_D_4699929,1,0.99998844,1
LA_D_4814376,1,0.9996222,1
LA_D_4963927,1,0.99999714,1
LA_D_5110502,1,0.99909556,1
LA_D_5186221,1,0.99999166,1
LA_D_5261984,1,0.99999857,1
LA_D_5348059,1,0.99998844,1
LA_D_5389440,1,0.999999,1
LA_D_5417114,1,0.999999,1
LA_D_5527177,1,0.9992844,1
LA_D_5712579,1,0.99997914,1
LA_D_5780144,1,0.999999,1
LA_D_5791290,1,0.99845326,1
LA_D_5808517,1,0.9999516,1
LA_D_5837272,1,0.9999826,1
LA_D_5881435,1,0.99985695,1
LA_D_5957210,1,0.999999,1
LA_D_6023315,1,0.9995411,1
LA_D_6033972,1,0.9999957,1
LA_D_6035951,1,0.99999726,1
LA_D_6038297,1,0.999999,1
LA_D_6127522,1,0.999999,1
LA_D_6128469,1,0.9999907,1
LA_D_6226339,1,0.999999,1
LA_D_6330573,1,0.99997663,1
LA_D_6401877,1,0.99928224,1
LA_D_6415819,1,0.999999,1
LA_D_6433438,1,0.99999523,1
LA_D_6458498,1,0.9997753,1
LA_D_6482453,1,0.999995,1
LA_D_6486117,1,0.99999857,1
LA_D_6710190,1,0.9955762,1
LA_D_6903853,1,0.99998844,1
LA_D_6911536,1,0.9999912,1
LA_D_6972066,1,0.999999,1
LA_D_7014889,1,0.999998,1
LA_D_7050071,1,0.9999969,1
LA_D_7109425,1,0.9997621,1
LA_D_7250160,1,0.99999666,1
LA_D_7272195,1,0.99999404,1
LA_D_7385359,1,0.9999927,1
LA_D_7426346,1,0.999999,1
LA_D_7447418,1,0.99845064,1
LA_D_7561369,1,0.9999988,1
LA_D_7617208,1,0.9999933,1
LA_D_7742504,1,0.9999969,1
LA_D_7757579,1,0.99999535,1
LA_D_7769284,1,0.99992716,1
LA_D_7998237,1,0.9999976,1
LA_D_8045816,1,0.9999956,1
LA_D_8087859,1,0.9999989,1
LA_D_8110718,1,0.99999833,1
LA_D_8213223,1,0.999999,1
LA_D_8238260,1,0.9999918,1
LA_D_8351256,1,0.999999,1
LA_D_8364855,1,0.99151707,1
LA_D_8438363,1,0.999999,1
LA_D_8463557,1,0.99998736,1
LA_D_8565008,1,0.9999949,1
LA_D_8635731,1,0.9999974,1
LA_D_8658970,1,0.9999989,1
LA_D_8691545,1,0.999999,1
LA_D_8718356,1,0.999999,1
LA_D_9026368,1,0.99997807,1
LA_D_9091023,1,0.999999,1
LA_D_9222965,1,0.999961,1
LA_D_9357270,1,0.99997604,1
LA_D_9385770,1,0.999999,1
LA_D_9386152,1,0.9999976,1
LA_D_9386892,1,0.9998281,1
LA_D_9422157,1,0.9999963,1
LA_D_9442238,1,0.9999877,1
LA_D_9452854,1,0.99999464,1
LA_D_9622791,1,0.9999981,1
LA_D_9628533,1,0.99999714,1
LA_D_9706532,1,0.999999,1
LA_D_9770200,1,0.999999,1
LA_D_9820905,1,0.99998343,1
LA_D_9829008,1,0.99989843,1
LA_D_9922523,1,0.99999785,1
LA_D_1133069,1,0.9999788,1
LA_D_1301234,1,0.9999821,1
LA_D_1722779,1,0.999999,1
LA_D_1732752,1,0.9999747,1
LA_D_1842990,1,0.999999,1
LA_D_2095392,1,0.999999,1
LA_D_2338525,1,0.9999707,1
LA_D_2644387,1,0.99996114,1
LA_D_2773764,1,0.9999968,1
LA_D_2896082,1,0.9999981,1
LA_D_3075580,1,0.999999,1
LA_D_3084702,1,0.999999,1
LA_D_3163255,1,0.999999,1
LA_D_3169410,1,0.9999764,1
LA_D_3229215,1,0.99992514,1
LA_D_3377698,1,0.999999,1
LA_D_3406247,1,0.999999,1
LA_D_3494648,1,0.9992243,1
LA_D_3564164,1,0.999999,1
LA_D_3569824,1,0.999999,1
LA_D_3601430,1,0.999999,1
LA_D_3631999,1,0.99972266,1
LA_D_3669578,1,0.9999863,1
LA_D_3892057,1,0.9999975,1
LA_D_4318753,1,0.99999464,1
LA_D_4546481,1,0.99999774,1
LA_D_4586853,1,0.99999416,1
LA_D_4666647,1,0.999999,1
LA_D_4784827,1,0.999999,1
LA_D_4811625,1,0.9999989,1
LA_D_4821411,1,0.999999,1
LA_D_4897076,1,0.999999,1
LA_D_4917895,1,0.999999,1
LA_D_5011714,1,0.999999,1
LA_D_5197000,1,0.999999,1
LA_D_5224129,1,0.999999,1
LA_D_5445641,1,0.999999,1
LA_D_5567251,1,0.999999,1
LA_D_5654315,1,0.999999,1
LA_D_5719323,1,0.9999982,1
LA_D_5758976,1,0.999999,1
LA_D_5806611,1,0.999999,1
LA_D_5903873,1,0.999999,1
LA_D_6138839,1,0.999999,1
LA_D_6153942,1,0.999999,1
LA_D_6160000,1,0.999998,1
LA_D_6266806,1,0.99999833,1
LA_D_6325680,1,0.9999682,1
LA_D_6368049,1,0.99981785,1
LA_D_6475261,1,0.999999,1
LA_D_6478753,1,0.999999,1
LA_D_6495848,1,0.9999068,1
LA_D_6529379,1,0.999999,1
LA_D_6617994,1,0.9999962,1
LA_D_6749101,1,0.999999,1
LA_D_6939541,1,0.999999,1
LA_D_7261120,1,0.999999,1
LA_D_7267402,1,0.999999,1
LA_D_7304634,1,0.99999213,1
LA_D_7314322,1,0.999999,1
LA_D_7333352,1,0.99999225,1
LA_D_7407432,1,0.99999523,1
LA_D_7496196,1,0.99999785,1
LA_D_7718050,1,0.999999,1
LA_D_7866849,1,0.99997354,1
LA_D_7883377,1,0.999999,1
LA_D_8263452,1,0.999999,1
LA_D_8289522,1,0.99992704,1
LA_D_8494760,1,0.999999,1
LA_D_8671896,1,0.9999969,1
LA_D_8863380,1,0.999999,1
LA_D_9382979,1,0.999999,1
LA_D_9417900,1,0.999987,1
LA_D_9451365,1,0.999999,1
LA_D_9580426,1,0.999999,1
LA_D_9668611,1,0.999999,1
LA_D_9834938,1,0.9999989,1
LA_D_1026868,1,0.999999,1
LA_D_1105489,1,0.99999774,1
LA_D_1152692,1,0.999999,1
LA_D_1179848,1,0.999999,1
LA_D_1240976,1,0.999999,1
LA_D_1323454,1,0.999999,1
LA_D_1361417,1,0.999999,1
LA_D_1500993,1,0.999999,1
LA_D_1640497,1,0.99999785,1
LA_D_1648291,1,0.999999,1
LA_D_1716033,1,0.999999,1
LA_D_1721527,1,0.999999,1
LA_D_1796445,1,0.999999,1
LA_D_1805177,1,0.999999,1
LA_D_1877105,1,0.999999,1
LA_D_2265315,1,0.999999,1
LA_D_2322081,1,0.999999,1
LA_D_2334588,1,0.999999,1
LA_D_2466781,1,0.999999,1
LA_D_2609323,1,0.999999,1
LA_D_2712599,1,0.999999,1
LA_D_2731741,1,0.999999,1
LA_D_2756724,1,0.999999,1
LA_D_2811662,1,0.999999,1
LA_D_2817557,1,0.999999,1
LA_D_3080108,1,0.999999,1
LA_D_3198087,1,0.999999,1
LA_D_3251058,1,0.999999,1
LA_D_3306187,1,0.999999,1
LA_D_3410479,1,0.999999,1
LA_D_3475865,1,0.999999,1
LA_D_3476956,1,0.999997,1
LA_D_3483451,1,0.999997,1
LA_D_3542619,1,0.999999,1
LA_D_3781670,1,0.999999,1
LA_D_3792397,1,0.999999,1
LA_D_3797749,1,0.999999,1
LA_D_3895551,1,0.999999,1
LA_D_3977034,1,0.999999,1
LA_D_4043027,1,0.999999,1
LA_D_4043306,1,0.999999,1
LA_D_4106360,1,0.999999,1
LA_D_4195342,1,0.999999,1
LA_D_4198004,1,0.999999,1
LA_D_4354056,1,0.999999,1
LA_D_4402714,1,0.999999,1
LA_D_4469053,1,0.9999975,1
LA_D_4606442,1,0.999999,1
LA_D_4757475,1,0.999999,1
LA_D_4767028,1,0.999999,1
LA_D_4828901,1,0.999999,1
LA_D_4964260,1,0.999999,1
LA_D_5110992,1,0.999999,1
LA_D_5312350,1,0.99999726,1
LA_D_5345225,1,0.9999987,1
LA_D_5349132,1,0.999999,1
LA_D_5416674,1,0.999999,1
LA_D_5541379,1,0.999999,1
LA_D_5636069,1,0.999999,1
LA_D_5673436,1,0.99999833,1
LA_D_5676897,1,0.999999,1
LA_D_5712684,1,0.999999,1
LA_D_5796246,1,0.9999958,1
LA_D_5891453,1,0.999999,1
LA_D_5925557,1,0.999999,1
LA_D_6198746,1,0.999999,1
LA_D_6223286,1,0.999999,1
LA_D_6263129,1,0.999999,1
LA_D_6288787,1,0.999999,1
LA_D_6289788,1,0.999999,1
LA_D_6311046,1,0.999999,1
LA_D_6382055,1,0.999999,1
LA_D_6570628,1,0.999999,1
LA_D_6593270,1,0.999999,1
LA_D_6701963,1,0.999999,1
LA_D_6716159,1,0.999999,1
LA_D_6728141,1,0.999999,1
LA_D_6795264,1,0.999999,1
LA_D_6842136,1,0.999999,1
LA_D_6876630,1,0.999999,1
LA_D_6935031,1,0.999999,1
LA_D_6963411,1,0.999999,1
LA_D_6984595,1,0.999999,1
LA_D_6994349,1,0.999999,1
LA_D_7066960,1,0.999999,1
LA_D_7271587,1,0.999999,1
LA_D_7277373,1,0.999999,1
LA_D_7467696,1,0.999999,1
LA_D_7485630,1,0.999999,1
LA_D_7510202,1,0.999999,1
LA_D_7570899,1,0.9999968,1
LA_D_7596619,1,0.999999,1
LA_D_7605953,1,0.999999,1
LA_D_7611990,1,0.999999,1
LA_D_7720126,1,0.999999,1
LA_D_7790850,1,0.999999,1
LA_D_7796753,1,0.99999106,1
LA_D_7871009,1,0.999999,1
LA_D_8055872,1,0.999999,1
LA_D_8076309,1,0.999999,1
LA_D_8100591,1,0.999999,1
LA_D_8142373,1,0.999999,1
LA_D_8161159,1,0.999999,1
LA_D_8397551,1,0.99999833,1
LA_D_8413105,1,0.999999,1
LA_D_8433898,1,0.999999,1
LA_D_8498981,1,0.9999958,1
LA_D_8577756,1,0.999999,1
LA_D_8594051,1,0.999998,1
LA_D_8620622,1,0.999999,1
LA_D_8814488,1,0.999999,1
LA_D_8899399,1,0.999999,1
LA_D_8933570,1,0.999999,1
LA_D_8986360,1,0.999999,1
LA_D_8993681,1,0.999999,1
LA_D_9040602,1,0.999999,1
LA_D_9323815,1,0.999999,1
LA_D_9406266,1,0.999999,1
LA_D_9441585,1,0.9999988,1
LA_D_9487961,1,0.999999,1
LA_D_9549607,1,0.999999,1
LA_D_9567593,1,0.99999857,1
LA_D_9568749,1,0.999999,1
LA_D_9758147,1,0.999999,1
LA_D_9965439,1,0.999999,1
LA_D_9980740,1,0.999999,1
LA_D_1118839,1,0.999999,1
LA_D_1312411,1,0.99989045,1
LA_D_1424876,1,0.999999,1
LA_D_1594317,1,0.999999,1
LA_D_1705487,1,0.999995,1
LA_D_1710314,1,0.999999,1
LA_D_1739595,1,0.999999,1
LA_D_1773726,1,0.999999,1
LA_D_1793763,1,0.999999,1
LA_D_1823771,1,0.99999523,1
LA_D_1841270,1,0.9999926,1
LA_D_1863167,1,0.999999,1
LA_D_1930986,1,0.999999,1
LA_D_1932175,1,0.999999,1
LA_D_1955388,1,0.99999833,1
LA_D_2004845,1,0.999999,1
LA_D_2019918,1,0.99999464,1
LA_D_2302632,1,0.999999,1
LA_D_2413566,1,0.999999,1
LA_D_2589925,1,0.999999,1
LA_D_2622953,1,0.999999,1
LA_D_2865796,1,0.999999,1
LA_D_2910448,1,0.99999046,1
LA_D_2946881,1,0.99999845,1
LA_D_2996762,1,0.999999,1
LA_D_3131236,1,0.999999,1
LA_D_3286517,1,0.9996301,1
LA_D_3329060,1,0.99999404,1
LA_D_3366735,1,0.999999,1
LA_D_3401409,1,0.999999,1
LA_D_3479802,1,0.999999,1
LA_D_3497637,1,0.9999974,1
LA_D_3524266,1,0.999999,1
LA_D_3562432,1,0.999999,1
LA_D_3608178,1,0.9999964,1
LA_D_3678841,1,0.999999,1
LA_D_3760202,1,0.999999,1
LA_D_3768511,1,0.999999,1
LA_D_3790692,1,0.999999,1
LA_D_3897229,1,0.999999,1
LA_D_3985682,1,0.99999857,1
LA_D_4159059,1,0.999999,1
LA_D_4175940,1,0.999999,1
LA_D_4226294,1,0.999999,1
LA_D_4247411,1,0.99999523,1
LA_D_4334876,1,0.999999,1
LA_D_4337768,1,0.999999,1
LA_D_4366209,1,0.999999,1
LA_D_4378600,1,0.999999,1
LA_D_4766808,1,0.999999,1
LA_D_4767218,1,0.99997926,1
LA_D_4882695,1,0.9999913,1
LA_D_4926366,1,0.999999,1
LA_D_4928049,1,0.999999,1
LA_D_4932722,1,0.999999,1
LA_D_4941205,1,0.9978241,1
LA_D_4988680,1,0.999999,1
LA_D_5045373,1,0.999999,1
LA_D_5093056,1,0.9999943,1
LA_D_5113023,1,0.99999857,1
LA_D_5162129,1,0.999999,1
LA_D_5171009,1,0.99998975,1
LA_D_5178435,1,0.999999,1
LA_D_5374875,1,0.99998796,1
LA_D_5498186,1,0.999999,1
LA_D_5510627,1,0.9999989,1
LA_D_5540152,1,0.99999857,1
LA_D_5611098,1,0.999999,1
LA_D_5704754,1,0.999999,1
LA_D_5786812,1,0.999999,1
LA_D_5852535,1,0.999999,1
LA_D_5884918,1,0.999999,1
LA_D_6042898,1,0.999999,1
LA_D_6122499,1,0.999999,1
LA_D_6141636,1,0.9999856,1
LA_D_6208971,1,0.999999,1
LA_D_6228524,1,0.999999,1
LA_D_6273901,1,0.999999,1
LA_D_6316902,1,0.9999963,1
LA_D_6323762,1,0.9999938,1
LA_D_6375447,1,0.99999833,1
LA_D_6398436,1,0.999999,1
LA_D_6446182,1,0.999999,1
LA_D_6484000,1,0.999999,1
LA_D_6509046,1,0.999931,1
LA_D_6548870,1,0.999999,1
LA_D_6618919,1,0.9999434,1
LA_D_6716648,1,0.99999857,1
LA_D_6777979,1,0.99999845,1
LA_D_6838449,1,0.9999579,1
LA_D_6986371,1,0.999999,1
LA_D_7025552,1,0.999999,1
LA_D_7143144,1,0.99932224,1
LA_D_7174977,1,0.999999,1
LA_D_7234581,1,0.999999,1
LA_D_7314001,1,0.9999974,1
LA_D_7433591,1,0.999999,1
LA_D_7446319,1,0.999999,1
LA_D_7700830,1,0.9996604,1
LA_D_7945965,1,0.9999975,1
LA_D_8008117,1,0.999999,1
LA_D_8101504,1,0.9994737,1
LA_D_8163895,1,0.999999,1
LA_D_8179754,1,0.99999607,1
LA_D_8187537,1,0.999999,1
LA_D_8267383,1,0.999999,1
LA_D_8316995,1,0.999999,1
LA_D_8322305,1,0.999999,1
LA_D_8377433,1,0.999859,1
LA_D_8429108,1,0.999999,1
LA_D_8448033,1,0.999999,1
LA_D_8538667,1,0.999999,1
LA_D_8556149,1,0.99999726,1
LA_D_8559056,1,0.999999,1
LA_D_8760685,1,0.9999876,1
LA_D_8814402,1,0.99999464,1
LA_D_9051118,1,0.999999,1
LA_D_9064936,1,0.99999666,1
LA_D_9110661,1,0.999999,1
LA_D_9121123,1,0.999999,1
LA_D_9526703,1,0.999999,1
LA_D_9543794,1,0.99999523,1
LA_D_9610405,1,0.99999654,1
LA_D_9762038,1,0.999999,1
LA_D_9822511,1,0.999999,1
LA_D_9835881,1,0.99999714,1
LA_D_1060968,1,0.999999,1
LA_D_1234829,1,0.9999981,1
LA_D_1239715,1,0.99999523,1
LA_D_1275044,1,0.999999,1
LA_D_1288217,1,0.9999976,1
LA_D_1462484,1,0.999999,1
LA_D_1482998,1,0.999999,1
LA_D_1500385,1,0.999999,1
LA_D_1519237,1,0.999999,1
LA_D_1520830,1,0.999999,1
LA_D_1644764,1,0.9999989,1
LA_D_1760472,1,0.999999,1
LA_D_1786730,1,0.999999,1
LA_D_1805483,1,0.999999,1
LA_D_2035158,1,0.999999,1
LA_D_2130605,1,0.9999988,1
LA_D_2156985,1,0.999999,1
LA_D_2212414,1,0.999999,1
LA_D_2230192,1,0.999999,1
LA_D_2365147,1,0.999999,1
LA_D_2375008,1,0.9999989,1
LA_D_2412960,1,0.999999,1
LA_D_2531373,1,0.999999,1
LA_D_2590726,1,0.999999,1
LA_D_2612254,1,0.999999,1
LA_D_2655610,1,0.999999,1
LA_D_2733428,1,0.999998,1
LA_D_2774468,1,0.99995613,1
LA_D_2852000,1,0.999999,1
LA_D_2866947,1,0.999999,1
LA_D_2989479,1,0.999999,1
LA_D_3029021,1,0.999999,1
LA_D_3061050,1,0.999999,1
LA_D_3100616,1,0.999999,1
LA_D_3122510,1,0.999999,1
LA_D_3170420,1,0.999999,1
LA_D_3233966,1,0.999999,1
LA_D_3258501,1,0.999999,1
LA_D_3312475,1,0.999999,1
LA_D_3409145,1,0.999999,1
LA_D_3467485,1,0.9999968,1
LA_D_3526413,1,0.9999989,1
LA_D_3770674,1,0.999999,1
LA_D_3810542,1,0.999999,1
LA_D_3851996,1,0.999999,1
LA_D_4013164,1,0.99999785,1
LA_D_4124707,1,0.999999,1
LA_D_4174389,1,0.999999,1
LA_D_4235390,1,0.999999,1
LA_D_4274975,1,0.99999845,1
LA_D_4367665,1,0.99978983,1
LA_D_4422512,1,0.999999,1
LA_D_4445250,1,0.999999,1
LA_D_4468016,1,0.999999,1
LA_D_4489969,1,0.9999957,1
LA_D_4603625,1,0.999999,1
LA_D_4620892,1,0.999999,1
LA_D_4723647,1,0.9999962,1
LA_D_4834228,1,0.99998236,1
LA_D_4867067,1,0.999999,1
LA_D_4876121,1,0.999999,1
LA_D_5056218,1,0.999999,1
LA_D_5355457,1,0.999999,1
LA_D_5411434,1,0.999999,1
LA_D_5425829,1,0.999999,1
LA_D_5463444,1,0.9999987,1
LA_D_5841267,1,0.999999,1
LA_D_5898234,1,0.999999,1
LA_D_5927388,1,0.999999,1
LA_D_6005916,1,0.999999,1
LA_D_6068075,1,0.999999,1
LA_D_6254318,1,0.999999,1
LA_D_6287239,1,0.999999,1
LA_D_6289317,1,0.999999,1
LA_D_6435582,1,0.999999,1
LA_D_6487933,1,0.999999,1
LA_D_6642454,1,0.999999,1
LA_D_6650126,1,0.999999,1
LA_D_6668024,1,0.999999,1
LA_D_6681710,1,0.999999,1
LA_D_6704472,1,0.999999,1
LA_D_6710328,1,0.999999,1
LA_D_6843468,1,0.9999968,1
LA_D_6868998,1,0.999999,1
LA_D_6874297,1,0.999999,1
LA_D_6931611,1,0.999999,1
LA_D_6980166,1,0.999999,1
LA_D_7039466,1,0.9999987,1
LA_D_7114977,1,0.999999,1
LA_D_7238018,1,0.999999,1
LA_D_7253146,1,0.999999,1
LA_D_7464682,1,0.999999,1
LA_D_7509663,1,0.999999,1
LA_D_7550546,1,0.999999,1
LA_D_7556397,1,0.999999,1
LA_D_7707754,1,0.999999,1
LA_D_7765088,1,0.999999,1
LA_D_7822260,1,0.999999,1
LA_D_7982514,1,0.999999,1
LA_D_8061400,1,0.999999,1
LA_D_8073490,1,0.999999,1
LA_D_8103599,1,0.999999,1
LA_D_8222020,1,0.999999,1
LA_D_8237075,1,0.999999,1
LA_D_8705922,1,0.999999,1
LA_D_8715868,1,0.999999,1
LA_D_8729758,1,0.999999,1
LA_D_8844357,1,0.999999,1
LA_D_8936540,1,0.999999,1
LA_D_8942125,1,0.999999,1
LA_D_8980393,1,0.999999,1
LA_D_9027095,1,0.999999,1
LA_D_9146484,1,0.999999,1
LA_D_9272636,1,0.999999,1
LA_D_9300277,1,0.999999,1
LA_D_9366582,1,0.999999,1
LA_D_9480023,1,0.999999,1
LA_D_9496441,1,0.999999,1
LA_D_9508570,1,0.999999,1
LA_D_9512174,1,0.999999,1
LA_D_9523504,1,0.999999,1
LA_D_9561057,1,0.999999,1
LA_D_9623720,1,0.999999,1
LA_D_9841321,1,0.999999,1
LA_D_9841868,1,0.999999,1
LA_D_9899632,1,0.9999964,1
LA_D_1008730,0,0.00011135485,0
LA_D_1034049,0,0.00012949764,0
LA_D_1048723,0,0.00013834548,0
LA_D_1067573,0,0.00014374878,0
LA_D_1091909,0,0.00010811099,0
LA_D_1092958,0,0.0001515658,0
LA_D_1095842,0,9.0546964e-05,0
LA_D_1101986,0,0.00015422744,0
LA_D_1106597,0,0.00016370475,0
LA_D_1125548,0,8.650756e-05,0
LA_D_1139972,0,0.00019362851,0
LA_D_1167943,0,0.00012478585,0
LA_D_1184848,0,0.000115107316,0
LA_D_1232522,0,0.0002266696,0
LA_D_1268902,0,0.00012723422,0
LA_D_1290841,0,0.00011702007,0
LA_D_1304826,0,0.00018019407,0
LA_D_1334436,0,0.000119998644,0
LA_D_1339468,0,0.00014031652,0
LA_D_1345527,0,9.174238e-05,0
LA_D_1363550,0,0.00013493204,0
LA_D_1389822,0,0.00019617256,0
LA_D_1428755,0,9.941991e-05,0
LA_D_1478460,0,0.00011554522,0
LA_D_1506986,0,0.00011334273,0
LA_D_1533769,0,9.768931e-05,0
LA_D_1579380,0,0.0002476186,0
LA_D_1594852,0,8.427299e-05,0
LA_D_1637329,0,0.00014325317,0
LA_D_1681095,0,0.00013473879,0
LA_D_1701829,0,0.000114074726,0
LA_D_1720321,0,0.00016182917,0
LA_D_1738496,0,0.00015507861,0
LA_D_1809605,0,0.00011626429,0
LA_D_1833862,0,0.00022783359,0
LA_D_1842805,0,0.00011699562,0
LA_D_1861001,0,9.323933e-05,0
LA_D_1886121,0,0.00020254288,0
LA_D_1893715,0,0.000113257374,0
LA_D_1933398,0,0.00012965815,0
LA_D_1948635,0,0.00016771814,0
LA_D_1949036,0,0.00012139385,0
LA_D_1959675,0,0.00025259724,0
LA_D_2006889,0,0.0001792632,0
LA_D_2018773,0,0.00011243698,0
LA_D_2026146,0,0.000118917626,0
LA_D_2028805,0,0.000116985924,0
LA_D_2032476,0,0.00014266743,0
LA_D_2038170,0,0.000189931,0
LA_D_2185362,0,0.00015500882,0
LA_D_2212426,0,0.000104486375,0
LA_D_2220720,0,0.000117475094,0
LA_D_2239661,0,0.00017952728,0
LA_D_2291264,0,0.00013993011,0
LA_D_2331981,0,0.00017141014,0
LA_D_2333541,0,0.00026141453,0
LA_D_2334188,0,9.261328e-05,0
LA_D_2340825,0,0.00012366186,0
LA_D_2363183,0,7.962653e-05,0
LA_D_2367899,0,0.0001740655,0
LA_D_2369833,0,0.00014483214,0
LA_D_2389494,0,0.00015609604,0
LA_D_2390711,0,0.0001044302,0
LA_D_2416538,0,0.00026808635,0
LA_D_2417895,0,0.00015652589,0
LA_D_2427933,0,0.00020809213,0
LA_D_2449712,0,0.00013777282,0
LA_D_2453330,0,0.00013857191,0
LA_D_2472289,0,0.00014522045,0
LA_D_2496514,0,9.802684e-05,0
LA_D_2571019,0,0.00012708157,0
LA_D_2654479,0,9.191892e-05,0
LA_D_2670696,0,0.00014827018,0
LA_D_2689476,0,0.00016351568,0
LA_D_2741757,0,0.00012967571,0
LA_D_2754300,0,0.00014503929,0
LA_D_2760189,0,0.000106889296,0
LA_D_2803648,0,0.00012664656,0
LA_D_2813590,0,8.522824e-05,0
LA_D_2862236,0,0.00017037445,0
LA_D_2920009,0,0.0001756392,0
LA_D_2938440,0,0.00029005492,0
LA_D_2942769,0,0.00019251472,0
LA_D_2945850,0,0.00018737727,0
LA_D_2973553,0,0.00013623209,0
LA_D_2975559,0,0.00010273703,0
LA_D_2977712,0,0.00021729087,0
LA_D_2996902,0,0.00012135496,0
LA_D_3019059,0,0.00018411115,0
LA_D_3024431,0,0.00010372742,0
LA_D_3027894,0,0.00021530775,0
LA_D_3040671,0,0.00016151684,0
LA_D_3079188,0,0.00016228965,0
LA_D_3082795,0,0.00012349203,0
LA_D_3086617,0,0.00015924318,0
LA_D_3096505,0,0.00017136455,0
LA_D_3137946,0,0.0001346182,0
LA_D_3141328,0,0.00012006181,0
LA_D_3158870,0,0.00030029466,0
LA_D_3179640,0,0.00017437716,0
LA_D_3189395,0,0.00010040332,0
LA_D_3196844,0,0.00014128519,0
LA_D_3206059,0,0.00014970815,0
LA_D_3207844,0,0.00016960585,0
LA_D_3232399,0,0.0001201578,0
LA_D_3267875,0,0.00021967714,0
LA_D_3273748,0,0.00015784828,0
LA_D_3317455,0,7.7481556e-05,0
LA_D_3338105,0,0.00028910517,0
LA_D_3349138,0,0.00012908058,0
LA_D_3363997,0,0.000105668914,0
LA_D_3420613,0,0.00015999307,0
LA_D_3469063,0,0.0002595608,0
LA_D_3499817,0,0.00012307541,0
LA_D_3537389,0,0.00012763315,0
LA_D_3580750,0,0.00016056235,0
LA_D_3606059,0,9.3808405e-05,0
LA_D_3655523,0,9.122332e-05,0
LA_D_3661966,0,0.00017819331,0
LA_D_3669523,0,0.00030288214,0
LA_D_3706017,0,0.00015935255,0
LA_D_3809572,0,0.00014992416,0
LA_D_3850569,0,0.00019403677,0
LA_D_3850592,0,0.00014775616,0
LA_D_3871221,0,0.00011505926,0
LA_D_3880703,0,8.047017e-05,0
LA_D_3901694,0,0.00010661973,0
LA_D_3913268,0,0.00015171197,0
LA_D_3918940,0,0.00014784369,0
LA_D_3934256,0,0.00034402634,0
LA_D_3942815,0,0.00014137589,0
LA_D_3965390,0,0.00021663739,0
LA_D_3977949,0,0.00013330505,0
LA_D_4019454,0,8.387423e-05,0
LA_D_4020482,0,0.00016031605,0
LA_D_4021951,0,0.00012930307,0
LA_D_4023153,0,0.00010946619,0
LA_D_4024955,0,8.91348e-05,0
LA_D_4078686,0,0.00016469379,0
LA_D_4090883,0,0.00016382999,0
LA_D_4103705,0,0.0001272944,0
LA_D_4155281,0,0.00015459789,0
LA_D_4182803,0,0.0002288383,0
LA_D_4207466,0,0.00015135796,0
LA_D_4287808,0,0.00015741013,0
LA_D_4343346,0,0.00011918417,0
LA_D_4348695,0,0.00014462555,0
LA_D_4357228,0,0.00013498943,0
LA_D_4359554,0,0.00015000123,0
LA_D_4411086,0,0.000110267116,0
LA_D_4500571,0,0.00014473742,0
LA_D_4517917,0,7.340372e-05,0
LA_D_4531208,0,0.00012830697,0
LA_D_4596767,0,0.00012604718,0
LA_D_4614043,0,0.00014255292,0
LA_D_4617898,0,0.0001880447,0
LA_D_4630094,0,0.00017204792,0
LA_D_4637634,0,0.00016725836,0
LA_D_4649975,0,0.00011142037,0
LA_D_4708084,0,0.00018577192,0
LA_D_4717036,0,0.00013292476,0
LA_D_4749654,0,0.00013556499,0
LA_D_4763438,0,0.00015422759,0
LA_D_4782717,0,0.000106355095,0
LA_D_4837097,0,0.000103757804,0
LA_D_4846136,0,0.00014712912,0
LA_D_4857135,0,0.000115980045,0
LA_D_4859623,0,0.00016781571,0
LA_D_4883317,0,0.00016094404,0
LA_D_4887952,0,0.00017326057,0
LA_D_4948572,0,0.0001034245,0
LA_D_4954963,0,0.00018599347,0
LA_D_4965110,0,8.953178e-05,0
LA_D_5017526,0,8.4611194e-05,0
LA_D_5031694,0,0.00010175037,0
LA_D_5044815,0,0.0001901323,0
LA_D_5056462,0,0.000114747316,0
LA_D_5072645,0,0.0001579954,0
LA_D_5084431,0,0.00020402332,0
LA_D_5090868,0,0.00014464541,0
LA_D_5156272,0,0.00016193058,0
LA_D_5166255,0,0.0001480193,0
LA_D_5169163,0,0.00013518316,0
LA_D_5173305,0,0.00014644985,0
LA_D_5205528,0,0.0001431696,0
LA_D_5209137,0,0.00024294939,0
LA_D_5221571,0,9.967612e-05,0
LA_D_5221844,0,0.00013616431,0
LA_D_5233422,0,0.00014550737,0
LA_D_5272208,0,0.00013313534,0
LA_D_5285856,0,0.00012064113,0
LA_D_5303438,0,0.00025178213,0
LA_D_5307429,0,0.00016787094,0
LA_D_5346441,0,0.0001857009,0
LA_D_5379113,0,0.00010225041,0
LA_D_5423215,0,9.450731e-05,0
LA_D_5461745,0,9.22446e-05,0
LA_D_5505761,0,0.00019901512,0
LA_D_5508053,0,0.00014178982,0
LA_D_5509091,0,0.00018991325,0
LA_D_5533690,0,0.00011212296,0
LA_D_5554577,0,7.4366006e-05,0
LA_D_5559396,0,0.00014065891,0
LA_D_5631440,0,0.00014150374,0
LA_D_5631742,0,0.0001814949,0
LA_D_5649386,0,0.00010666,0
LA_D_5684579,0,0.00023471047,0
LA_D_5722960,0,8.535008e-05,0
LA_D_5727966,0,0.00010905778,0
LA_D_5753732,0,0.00013216217,0
LA_D_5756742,0,0.000123745,0
LA_D_5794061,0,0.00017677445,0
LA_D_5812862,0,0.00010015231,0
LA_D_5849740,0,9.254442e-05,0
LA_D_5850542,0,0.00010779855,0
LA_D_5875571,0,0.00019468855,0
LA_D_5898933,0,0.00010077952,0
LA_D_5914542,0,0.0002361329,0
LA_D_5944829,0,0.0001296124,0
LA_D_5951342,0,0.00017314414,0
LA_D_5957150,0,0.000120605124,0
LA_D_6007363,0,0.00016506812,0
LA_D_6011759,0,8.156255e-05,0
LA_D_6017071,0,0.00025847374,0
LA_D_6028658,0,0.00012699059,0
LA_D_6038193,0,0.00012626755,0
LA_D_6052299,0,0.00013748647,0
LA_D_6054576,0,9.748032e-05,0
LA_D_6060802,0,0.000119734024,0
LA_D_6075514,0,0.00010674873,0
LA_D_6081087,0,0.00013902201,0
LA_D_6102176,0,0.00011542916,0
LA_D_6139929,0,0.000286193,0
LA_D_6162276,0,0.00015185785,0
LA_D_6170385,0,0.0001601605,0
LA_D_6180723,0,0.00011816752,0
LA_D_6182559,0,0.00025518544,0
LA_D_6192621,0,0.00015538382,0
LA_D_6204835,0,0.00013216645,0
LA_D_6238274,0,0.00010530036,0
LA_D_6251391,0,0.00015781683,0
LA_D_6341229,0,0.00016469097,0
LA_D_6347672,0,0.00020024246,0
LA_D_6370184,0,0.00013270327,0
LA_D_6373370,0,0.00010833204,0
LA_D_6381970,0,0.00010165222,0
LA_D_6409383,0,0.00019244352,0
LA_D_6416557,0,0.00013034702,0
LA_D_6462406,0,0.00018190309,0
LA_D_6469114,0,0.00017171245,0
LA_D_6493807,0,8.4991094e-05,0
LA_D_6498199,0,0.00016773958,0
LA_D_6505587,0,0.00012519561,0
LA_D_6507705,0,0.000132924,0
LA_D_6561658,0,0.0002849384,0
LA_D_6566262,0,0.00015573595,0
LA_D_6584040,0,0.00019458497,0
LA_D_6589773,0,0.00014266455,0
LA_D_6596581,0,0.00019731856,0
LA_D_6599472,0,0.00016281681,0
LA_D_6701296,0,0.000117347125,0
LA_D_6712123,0,9.8048906e-05,0
LA_D_6731611,0,0.00015750802,0
LA_D_6733078,0,0.0003984016,0
LA_D_6764827,0,0.00012136989,0
LA_D_6777418,0,0.00013393114,0
LA_D_6796553,0,9.900742e-05,0
LA_D_6824279,0,0.000131329,0
LA_D_6826321,0,0.00014993259,0
LA_D_6866089,0,0.00014263301,0
LA_D_6933438,0,6.4036794e-05,0
LA_D_6951638,0,0.00010036177,0
LA_D_7002487,0,9.8256685e-05,0
LA_D_7012818,0,0.00024621314,0
LA_D_7032809,0,6.577683e-05,0
LA_D_7039871,0,0.00016015928,0
LA_D_7090389,0,0.00014563743,0
LA_D_7091896,0,0.00014176252,0
LA_D_7093411,0,0.00010548317,0
LA_D_7109829,0,0.00016177147,0
LA_D_7116705,0,0.000116861826,0
LA_D_7130899,0,0.00011585668,0
LA_D_7147397,0,9.114332e-05,0
LA_D_7162377,0,0.00014790444,0
LA_D_7167011,0,0.00017435654,0
LA_D_7169485,0,0.000100208184,0
LA_D_7249283,0,8.678486e-05,0
LA_D_7254578,0,0.00013975649,0
LA_D_7259600,0,0.00012395675,0
LA_D_7262880,0,0.00019296279,0
LA_D_7276589,0,0.0001699602,0
LA_D_7302504,0,0.00024184515,0
LA_D_7339034,0,0.00015228214,0
LA_D_7356823,0,0.00026327846,0
LA_D_7386022,0,0.00016299871,0
LA_D_7434467,0,0.00014432454,0
LA_D_7442400,0,0.00020819192,0
LA_D_7491711,0,0.000115815266,0
LA_D_7594804,0,9.613404e-05,0
LA_D_7640450,0,6.778654e-05,0
LA_D_7654443,0,0.00012233826,0
LA_D_7662121,0,0.00010638958,0
LA_D_7672038,0,0.00013613938,0
LA_D_7685903,0,0.00017855318,0
LA_D_7695510,0,0.00013582973,0
LA_D_7716157,0,6.8630936e-05,0
LA_D_7743444,0,0.00014561035,0
LA_D_7784595,0,0.00012273659,0
LA_D_7804235,0,0.00013441732,0
LA_D_7813076,0,0.00018076951,0
LA_D_7826067,0,0.00012573542,0
LA_D_7846025,0,0.00024369782,0
LA_D_7857650,0,0.00015037715,0
LA_D_7876973,0,0.00013241597,0
LA_D_7894285,0,0.00011365431,0
LA_D_7918342,0,0.00019432874,0
LA_D_7921577,0,0.00012018311,0
LA_D_7924450,0,0.00016020388,0
LA_D_7937282,0,0.00016776388,0
LA_D_7977577,0,0.00014986913,0
LA_D_8004353,0,0.00014698203,0
LA_D_8009399,0,0.000101054844,0
LA_D_8009413,0,0.00025243856,0
LA_D_8037512,0,0.00017182414,0
LA_D_8038171,0,0.00015232367,0
LA_D_8090805,0,0.00010804832,0
LA_D_8099338,0,0.00018661986,0
LA_D_8103316,0,0.000117583026,0
LA_D_8142236,0,0.0001188734,0
LA_D_8146799,0,0.00014744553,0
LA_D_8168878,0,0.0002011518,0
LA_D_8176618,0,0.000116649746,0
LA_D_8192880,0,0.00013753393,0
LA_D_8204201,0,0.00012764873,0
LA_D_8241382,0,8.9444984e-05,0
LA_D_8244540,0,0.00010780226,0
LA_D_8264709,0,7.606598e-05,0
LA_D_8270717,0,0.000124051,0
LA_D_8301225,0,0.00011910646,0
LA_D_8329816,0,0.000101350044,0
LA_D_8331430,0,9.6574426e-05,0
LA_D_8340535,0,0.00017135034,0
LA_D_8360147,0,8.914602e-05,0
LA_D_8364674,0,9.254389e-05,0
LA_D_8365775,0,7.89286e-05,0
LA_D_8367537,0,0.00018392254,0
LA_D_8372904,0,0.0002410461,0
LA_D_8374409,0,0.00011460122,0
LA_D_8421697,0,0.0001357215,0
LA_D_8422575,0,0.00015302275,0
LA_D_8500513,0,0.000117827265,0
LA_D_8531692,0,0.00016240915,0
LA_D_8538200,0,0.00017907661,0
LA_D_8542399,0,0.00015878527,0
LA_D_8551212,0,0.00019283661,0
LA_D_8635221,0,0.00011508668,0
LA_D_8641049,0,0.000108407876,0
LA_D_8669323,0,0.00012791582,0
LA_D_8714315,0,0.00014378442,0
LA_D_8720605,0,0.00016756836,0
LA_D_8751784,0,7.745955e-05,0
LA_D_8766022,0,0.00014393093,0
LA_D_8784379,0,0.00010555451,0
LA_D_8791959,0,0.000118047574,0
LA_D_8809559,0,0.00015709076,0
LA_D_8839841,0,0.00030427572,0
LA_D_8865247,0,0.00012168372,0
LA_D_8874413,0,0.00022377385,0
LA_D_8911864,0,0.00013357824,0
LA_D_8917471,0,0.00018120077,0
LA_D_8926223,0,9.5094554e-05,0
LA_D_8945305,0,0.00013227107,0
LA_D_9046865,0,0.0001109033,0
LA_D_9074098,0,0.0001555942,0
LA_D_9078375,0,6.598396e-05,0
LA_D_9123178,0,0.0001784155,0
LA_D_9129748,0,0.00011134762,0
LA_D_9156675,0,0.00011422778,0
LA_D_9159596,0,0.00020390976,0
LA_D_9161192,0,0.00010612554,0
LA_D_9163063,0,0.00016859197,0
LA_D_9190503,0,0.00011568921,0
LA_D_9204979,0,8.51557e-05,0
LA_D_9225508,0,0.000119791934,0
LA_D_9255940,0,0.000111203,0
LA_D_9270392,0,0.00010424882,0
LA_D_9282180,0,0.00012723386,0
LA_D_9284391,0,0.00015522861,0
LA_D_9328428,0,0.0001266289,0
LA_D_9329610,0,0.00011188233,0
LA_D_9339416,0,0.00015608442,0
LA_D_9428575,0,0.00012246537,0
LA_D_9444764,0,0.00010266006,0
LA_D_9475261,0,0.00015100824,0
LA_D_9491115,0,8.7644126e-05,0
LA_D_9601633,0,0.00027965367,0
LA_D_9607727,0,0.000118551696,0
LA_D_9618623,0,0.00012415301,0
LA_D_9620336,0,0.00013608797,0
LA_D_9661014,0,0.000115824536,0
LA_D_9697098,0,0.00010138823,0
LA_D_9732597,0,0.000100830846,0
LA_D_9763602,0,0.00013462384,0
LA_D_9784098,0,0.00017481833,0
LA_D_9824684,0,0.00011214616,0
LA_D_9863674,0,0.00015833172,0
LA_D_9873726,0,9.6710544e-05,0
LA_D_9908786,0,0.00010754363,0
LA_D_9947938,0,0.00017071057,0
LA_D_9963672,0,0.00014790191,0
LA_D_9964852,0,0.00014516119,0
LA_D_9990859,0,0.00012801784,0
LA_D_9995677,0,9.4338924e-05,0
LA_D_9997314,0,0.0002082922,0
LA_D_1006568,0,0.00012668158,0
LA_D_1010295,0,0.00013482592,0
LA_D_1017922,0,0.00025957095,0
LA_D_1020908,0,0.00020908992,0
LA_D_1066785,0,0.00013311631,0
LA_D_1110836,0,0.000107993525,0
LA_D_1121701,0,0.0002781524,0
LA_D_1152287,0,0.00013834548,0
LA_D_1163071,0,0.0001850499,0
LA_D_1232730,0,0.00024896985,0
LA_D_1267719,0,0.00018927602,0
LA_D_1271634,0,5.5577213e-05,0
LA_D_1288652,0,0.00018111146,0
LA_D_1294276,0,0.00020133177,0
LA_D_1317211,0,0.00025433674,0
LA_D_1320493,0,0.00022348964,0
LA_D_1323674,0,0.00022488758,0
LA_D_1334862,0,0.00081350456,0
LA_D_1344503,0,0.00021345726,0
LA_D_1436061,0,0.00023482328,0
LA_D_1445252,0,0.00012411442,0
LA_D_1555553,0,0.00031497746,0
LA_D_1556971,0,0.00022446773,0
LA_D_1591653,0,7.4322335e-05,0
LA_D_1603277,0,0.0003872385,0
LA_D_1653375,0,0.00015872926,0
LA_D_1654960,0,0.00023215188,0
LA_D_1655319,0,0.00016551904,0
LA_D_1659317,0,0.00014492194,0
LA_D_1683818,0,0.00026051336,0
LA_D_1690469,0,0.000108593485,0
LA_D_1724924,0,0.00030850977,0
LA_D_1737077,0,8.313058e-05,0
LA_D_1737085,0,0.00014351623,0
LA_D_1760580,0,0.00018437713,0
LA_D_1794164,0,0.00019350577,0
LA_D_1807940,0,0.0002366012,0
LA_D_1821433,0,0.00013880267,0
LA_D_1862819,0,0.00013569406,0
LA_D_1869677,0,0.00027398643,0
LA_D_1883531,0,0.0004688746,0
LA_D_1929298,0,0.00019798629,0
LA_D_2008195,0,0.00013912293,0
LA_D_2060624,0,6.514473e-05,0
LA_D_2091673,0,0.00023557835,0
LA_D_2095154,0,0.00016735391,0
LA_D_2164850,0,0.00012589942,0
LA_D_2169349,0,8.514376e-05,0
LA_D_2252399,0,0.000108674714,0
LA_D_2310737,0,0.00024514337,0
LA_D_2327498,0,0.00015388809,0
LA_D_2378744,0,0.0001620319,0
LA_D_2396633,0,0.00027558766,0
LA_D_2476343,0,0.00015354042,0
LA_D_2508053,0,0.00014569868,0
LA_D_2520496,0,0.00014516134,0
LA_D_2526658,0,0.0001306758,0
LA_D_2556764,0,0.00021541947,0
LA_D_2630883,0,0.00013330646,0
LA_D_2634970,0,0.00020486543,0
LA_D_2689521,0,0.0004476836,0
LA_D_2695091,0,0.00013470127,0
LA_D_2698530,0,9.7278345e-05,0
LA_D_2707288,0,0.00019376833,0
LA_D_2768684,0,0.00014659781,0
LA_D_2774758,0,0.00046054838,0
LA_D_2782407,0,0.00026131337,0
LA_D_2849844,0,0.0002724615,0
LA_D_2859919,0,0.0002773746,0
LA_D_2863082,0,0.0002563772,0
LA_D_2908310,0,0.00015779817,0
LA_D_2910905,0,0.00012318966,0
LA_D_2924653,0,0.00019864072,0
LA_D_2929867,0,0.00018186163,0
LA_D_2937244,0,0.00014432454,0
LA_D_2938164,0,0.0003060475,0
LA_D_2998894,0,9.19717e-05,0
LA_D_3024416,0,0.00015165412,0
LA_D_3042268,0,0.0024955205,0
LA_D_3056098,0,0.00047515536,0
LA_D_3073758,0,0.00021640287,0
LA_D_3079837,0,0.000114146875,0
LA_D_3094087,0,0.00027147302,0
LA_D_3104490,0,0.0002524559,0
LA_D_3117348,0,0.00014450244,0
LA_D_3120745,0,0.00022721878,0
LA_D_3145606,0,0.00014542123,0
LA_D_3156192,0,0.00021614098,0
LA_D_3205288,0,0.00025219275,0
LA_D_3226786,0,0.0010232271,0
LA_D_3229399,0,0.00051457755,0
LA_D_3235154,0,0.000116294235,0
LA_D_3239970,0,0.0001430228,0
LA_D_3252013,0,0.00022281922,0
LA_D_3253940,0,0.00021191889,0
LA_D_3331836,0,0.00017610991,0
LA_D_3351086,0,0.0002360872,0
LA_D_3355151,0,0.00031250645,0
LA_D_3384869,0,0.00019175155,0
LA_D_3388709,0,0.00024691227,0
LA_D_3404666,0,9.230654e-05,0
LA_D_3436518,0,0.0002735041,0
LA_D_3440037,0,0.00017659353,0
LA_D_3481456,0,0.0002932059,0
LA_D_3497759,0,0.00017892847,0
LA_D_3515388,0,0.0002697506,0
LA_D_3525345,0,0.00021654158,0
LA_D_3661300,0,0.00024194617,0
LA_D_3672455,0,0.0001256967,0
LA_D_3688344,0,0.00013815801,0
LA_D_3700007,0,0.000319615,0
LA_D_3702468,0,0.00016827062,0
LA_D_3705210,0,0.00018329559,0
LA_D_3747897,0,9.332072e-05,0
LA_D_3804376,0,0.0002525746,0
LA_D_3811291,0,0.00018250577,0
LA_D_3833430,0,9.857784e-05,0
LA_D_3865287,0,0.00022287872,0
LA_D_3874608,0,0.00012250087,0
LA_D_3905003,0,0.00014742206,0
LA_D_3976858,0,0.0001191669,0
LA_D_4013191,0,0.00017284574,0
LA_D_4021690,0,0.00023760085,0
LA_D_4047385,0,0.00016336872,0
LA_D_4114187,0,0.00017998251,0
LA_D_4143917,0,0.00014528846,0
LA_D_4194549,0,0.00017707946,0
LA_D_4257454,0,0.0003339161,0
LA_D_4275372,0,0.00022679132,0
LA_D_4279596,0,0.00022242802,0
LA_D_4290338,0,0.00030734373,0
LA_D_4293284,0,0.00011477457,0
LA_D_4326006,0,0.00015345524,0
LA_D_4348449,0,0.00024985065,0
LA_D_4401164,0,0.00021137604,0
LA_D_4442740,0,0.00020278868,0
LA_D_4461732,0,0.00022047324,0
LA_D_4464483,0,0.0002658427,0
LA_D_4488859,0,0.0002868858,0
LA_D_4518477,0,0.00026073746,0
LA_D_4630301,0,0.00030373083,0
LA_D_4642404,0,0.00014039574,0
LA_D_4677041,0,0.00010657623,0
LA_D_4736814,0,0.00014692149,0
LA_D_4738629,0,0.00020764813,0
LA_D_4771946,0,0.00016305,0
LA_D_4786885,0,0.00028205852,0
LA_D_4794519,0,0.00022811226,0
LA_D_4845175,0,0.000113926464,0
LA_D_4919512,0,8.667635e-05,0
LA_D_5003486,0,0.00013690704,0
LA_D_5024706,0,0.00019791076,0
LA_D_5034598,0,0.00013341849,0
LA_D_5102435,0,0.00022680731,0
LA_D_5180213,0,0.00025285577,0
LA_D_5185512,0,0.00014584811,0
LA_D_5191897,0,0.00016395157,0
LA_D_5200643,0,0.00024848772,0
LA_D_5256388,0,0.00013429114,0
LA_D_5279787,0,0.000109407854,0
LA_D_5323357,0,8.743369e-05,0
LA_D_5373393,0,0.00015603533,0
LA_D_5380653,0,0.00013942426,0
LA_D_5408619,0,0.00014831542,0
LA_D_5495396,0,0.00033647497,0
LA_D_5538089,0,9.1639726e-05,0
LA_D_5670138,0,0.0001870267,0
LA_D_5699632,0,0.000100766454,0
LA_D_5732658,0,0.0002701763,0
LA_D_5733057,0,0.0001817467,0
LA_D_5768016,0,0.00017728357,0
LA_D_5810476,0,0.00030242276,0
LA_D_5829854,0,0.00010555521,0
LA_D_5869399,0,0.00028412163,0
LA_D_5869425,0,9.802133e-05,0
LA_D_5873662,0,0.00014711102,0
LA_D_5899979,0,0.00022466258,0
LA_D_5973279,0,0.00022711135,0
LA_D_6014906,0,0.00015505229,0
LA_D_6018179,0,0.00015421714,0
LA_D_6025474,0,0.0002048709,0
LA_D_6038027,0,0.00019402085,0
LA_D_6038978,0,0.00033628097,0
LA_D_6051717,0,0.00021392589,0
LA_D_6068856,0,0.0003825369,0
LA_D_6097265,0,0.0001490707,0
LA_D_6133159,0,0.00021954563,0
LA_D_6133563,0,0.00021739348,0
LA_D_6162940,0,0.00018172037,0
LA_D_6164883,0,0.00012326005,0
LA_D_6175114,0,0.00015690767,0
LA_D_6214487,0,0.00016898163,0
LA_D_6287353,0,0.0001399117,0
LA_D_6314564,0,0.00031040862,0
LA_D_6508425,0,0.000261423,0
LA_D_6525788,0,8.185982e-05,0
LA_D_6537723,0,0.00026458147,0
LA_D_6603690,0,0.00019410448,0
LA_D_6659984,0,0.00015063978,0
LA_D_6662767,0,0.00014738047,0
LA_D_6781905,0,0.00016563175,0
LA_D_6922450,0,0.00021418059,0
LA_D_6930284,0,0.00016891863,0
LA_D_6946359,0,0.00029389802,0
LA_D_6963754,0,0.00021888099,0
LA_D_7000854,0,0.009858817,0
LA_D_7002124,0,0.00010386392,0
LA_D_7004503,0,0.00032672315,0
LA_D_7014250,0,0.00010761101,0
LA_D_7107178,0,0.00037651692,0
LA_D_7160056,0,0.00023461135,0
LA_D_7214696,0,4.8672602e-05,0
LA_D_7312601,0,0.00019507688,0
LA_D_7321788,0,0.00012967372,0
LA_D_7390092,0,0.00010798406,0
LA_D_7392487,0,0.00054582726,0
LA_D_7404650,0,0.00031166148,0
LA_D_7435910,0,0.00017685675,0
LA_D_7445900,0,0.00017737047,0
LA_D_7461366,0,0.00015507994,0
LA_D_7505292,0,0.0007244138,0
LA_D_7509558,0,0.00014792942,0
LA_D_7510039,0,7.80185e-05,0
LA_D_7550439,0,0.00010909126,0
LA_D_7618578,0,0.00019606449,0
LA_D_7636507,0,0.00029579859,0
LA_D_7656662,0,0.00018814082,0
LA_D_7679979,0,0.0002299406,0
LA_D_7683334,0,0.007103874,0
LA_D_7707087,0,9.704384e-05,0
LA_D_7719259,0,0.0001279712,0
LA_D_7723869,0,0.00036164813,0
LA_D_7730644,0,0.00085803395,0
LA_D_7760021,0,9.647796e-05,0
LA_D_7771514,0,0.00019982057,0
LA_D_7830702,0,0.00038971566,0
LA_D_7839873,0,0.0002158969,0
LA_D_7886616,0,0.00015073002,0
LA_D_7886997,0,5.9294092e-05,0
LA_D_7900376,0,0.00017519027,0
LA_D_7906850,0,0.00018492274,0
LA_D_7913802,0,0.000418219,0
LA_D_7989948,0,0.00018965248,0
LA_D_7994287,0,0.00022634157,0
LA_D_8008774,0,0.00011578026,0
LA_D_8018998,0,0.00015393653,0
LA_D_8027235,0,0.0002619557,0
LA_D_8037074,0,0.00028860316,0
LA_D_8076027,0,0.00020441938,0
LA_D_8142962,0,0.0003848895,0
LA_D_8151805,0,0.00019520789,0
LA_D_8207116,0,0.0003405402,0
LA_D_8229345,0,0.00024465183,0
LA_D_8235730,0,0.0002597101,0
LA_D_8282900,0,0.00017663899,0
LA_D_8348389,0,0.00019340448,0
LA_D_8363497,0,0.00019259275,0
LA_D_8456837,0,0.00027321922,0
LA_D_8488016,0,0.0002631264,0
LA_D_8594739,0,0.00021999888,0
LA_D_8616232,0,0.00048339312,0
LA_D_8714341,0,0.00020101968,0
LA_D_8722459,0,0.0002096167,0
LA_D_8770467,0,0.00021088668,0
LA_D_8847117,0,0.00019129702,0
LA_D_8867529,0,0.00014302415,0
LA_D_8899605,0,0.00014991572,0
LA_D_8930968,0,0.00022819448,0
LA_D_9006129,0,0.00028544906,0
LA_D_9029190,0,0.0005122172,0
LA_D_9055429,0,8.270463e-05,0
LA_D_9079393,0,0.00014378194,0
LA_D_9099979,0,0.00028953576,0
LA_D_9121368,0,5.0965013e-05,0
LA_D_9131118,0,0.00013740834,0
LA_D_9166472,0,0.000256624,0
LA_D_9183944,0,0.00025721086,0
LA_D_9191983,0,0.00017576838,0
LA_D_9228237,0,0.00018190863,0
LA_D_9254634,0,0.00026099465,0
LA_D_9321653,0,0.00014608794,0
LA_D_9331428,0,0.00012082545,0
LA_D_9435218,0,0.00031182196,0
LA_D_9436760,0,0.00017025265,0
LA_D_9498951,0,0.00018848375,0
LA_D_9522404,0,0.00027197873,0
LA_D_9545477,0,0.000495369,0
LA_D_9562178,0,0.00018052304,0
LA_D_9565756,0,0.00023935686,0
LA_D_9611736,0,0.00023323613,0
LA_D_9653036,0,0.0009017178,0
LA_D_9679682,0,0.00023945504,0
LA_D_9679737,0,0.00012809831,0
LA_D_9701091,0,0.0003799865,0
LA_D_9717448,0,0.00012546296,0
LA_D_9739031,0,9.372365e-05,0
LA_D_9762313,0,0.00018774426,0
LA_D_9771809,0,0.000117647396,0
LA_D_9772737,0,0.00011606159,0
LA_D_9786434,0,0.00017441805,0
LA_D_9802580,0,0.00026827917,0
LA_D_9842983,0,0.00018453682,0
LA_D_9851247,0,0.00021379092,0
LA_D_9872439,0,6.6083834e-05,0
LA_D_9940119,0,0.00018655883,0
LA_D_9953306,0,0.00021370898,0
LA_D_9965466,0,0.00016337432,0
LA_D_9976918,0,0.00018963801,0
LA_D_1008673,0,0.00017209799,0
LA_D_1033225,0,0.00012203953,0
LA_D_1055758,0,0.00013300641,0
LA_D_1110227,0,0.00012906753,0
LA_D_1171974,0,0.00025732297,0
LA_D_1212385,0,0.000101333426,0
LA_D_1221102,0,8.832068e-05,0
LA_D_1252766,0,0.00030225934,0
LA_D_1262462,0,0.00029835926,0
LA_D_1345745,0,0.00030665388,0
LA_D_1365588,0,0.00017957897,0
LA_D_1366391,0,0.000119635995,0
LA_D_1386774,0,0.00022416873,0
LA_D_1396590,0,0.00012856993,0
LA_D_1479871,0,0.00030593202,0
LA_D_1496491,0,8.152897e-05,0
LA_D_1519187,0,0.00019088341,0
LA_D_1543611,0,0.00044789677,0
LA_D_1567712,0,0.00016475393,0
LA_D_1576565,0,5.6262383e-05,0
LA_D_1611581,0,0.00031007617,0
LA_D_1611993,0,0.00014572592,0
LA_D_1658555,0,0.00019299019,0
LA_D_1659148,0,0.0002486259,0
LA_D_1659731,0,0.00018858262,0
LA_D_1664055,0,7.371369e-05,0
LA_D_1705054,0,0.00025928352,0
LA_D_1708689,0,7.857923e-05,0
LA_D_1712120,0,0.00017606156,0
LA_D_1734430,0,0.00026370704,0
LA_D_1766425,0,0.0001612548,0
LA_D_1778872,0,0.00022508668,0
LA_D_1813321,0,0.00016699955,0
LA_D_1846103,0,0.00013589788,0
LA_D_1881643,0,0.00017913537,0
LA_D_1939610,0,0.00016570948,0
LA_D_1941384,0,0.00021120765,0
LA_D_1964458,0,0.00028966556,0
LA_D_1988690,0,0.00023933359,0
LA_D_1999238,0,0.00013993277,0
LA_D_2038901,0,0.00011788839,0
LA_D_2040882,0,0.00021087441,0
LA_D_2050794,0,8.129567e-05,0
LA_D_2079819,0,0.00019242612,0
LA_D_2104365,0,0.00019482261,0
LA_D_2123885,0,0.00015490627,0
LA_D_2131399,0,0.0003092003,0
LA_D_2136816,0,0.00013349904,0
LA_D_2183037,0,0.00013449437,0
LA_D_2189641,0,9.1938025e-05,0
LA_D_2204353,0,0.0003105782,0
LA_D_2228641,0,0.00015905227,0
LA_D_2263211,0,0.00015093597,0
LA_D_2274606,0,0.00019228325,0
LA_D_2318160,0,7.3136674e-05,0
LA_D_2346599,0,0.00018962228,0
LA_D_2389765,0,0.00012633174,0
LA_D_2422297,0,0.00011720086,0
LA_D_2485725,0,0.00027409222,0
LA_D_2516382,0,0.00015471733,0
LA_D_2518987,0,0.00016515896,0
LA_D_2598117,0,0.00013784628,0
LA_D_2604446,0,0.00011907024,0
LA_D_2626325,0,0.00033810525,0
LA_D_2639105,0,6.640114e-05,0
LA_D_2724699,0,0.00022638084,0
LA_D_2732640,0,4.0418585e-05,0
LA_D_2806150,0,0.00019120675,0
LA_D_2860247,0,0.00013869906,0
LA_D_2868405,0,4.3242806e-05,0
LA_D_2872359,0,0.00017954799,0
LA_D_2881179,0,0.00014578179,0
LA_D_2888827,0,0.00014124897,0
LA_D_2889500,0,0.00012410744,0
LA_D_2901718,0,0.00010442751,0
LA_D_2918223,0,9.062091e-05,0
LA_D_2920207,0,0.00011275736,0
LA_D_2920588,0,0.00041507513,0
LA_D_2958099,0,0.00018757068,0
LA_D_2987481,0,8.064147e-05,0
LA_D_3009969,0,0.00014766461,0
LA_D_3038598,0,7.841194e-05,0
LA_D_3046025,0,0.00013250626,0
LA_D_3104226,0,0.00019229937,0
LA_D_3117274,0,0.00015052894,0
LA_D_3119133,0,6.3921725e-05,0
LA_D_3157175,0,5.818103e-05,0
LA_D_3211572,0,0.0001575561,0
LA_D_3217409,0,0.00013120746,0
LA_D_3227446,0,4.8254074e-05,0
LA_D_3232132,0,0.00012191588,0
LA_D_3278230,0,0.0001243734,0
LA_D_3313354,0,0.00057378615,0
LA_D_3347716,0,0.00011811625,0
LA_D_3435721,0,0.00015103877,0
LA_D_3436742,0,0.00053458,0
LA_D_3481326,0,0.00017285878,0
LA_D_3512251,0,0.00011030993,0
LA_D_3671224,0,0.0001935041,0
LA_D_3687811,0,0.0005129324,0
LA_D_3695422,0,7.5229196e-05,0
LA_D_3713460,0,0.00011763865,0
LA_D_3749584,0,6.998247e-05,0
LA_D_3780178,0,0.00030542142,0
LA_D_3829330,0,5.1720726e-05,0
LA_D_3843488,0,0.00013039289,0
LA_D_3870318,0,0.00013239689,0
LA_D_3873126,0,0.00023135176,0
LA_D_3949631,0,9.92814e-05,0
LA_D_3971956,0,0.0002084438,0
LA_D_4007335,0,9.907438e-05,0
LA_D_4075975,0,0.00023124416,0
LA_D_4087816,0,0.00013103704,0
LA_D_4102879,0,0.0001796588,0
LA_D_4149777,0,0.00020351584,0
LA_D_4207134,0,8.743569e-05,0
LA_D_4259040,0,0.00022148945,0
LA_D_4311857,0,0.00010104685,0
LA_D_4315355,0,0.000115812945,0
LA_D_4404330,0,0.00014311937,0
LA_D_4409009,0,0.00013168037,0
LA_D_4498003,0,0.00011946659,0
LA_D_4505937,0,0.00021593047,0
LA_D_4565223,0,0.00026464855,0
LA_D_4579960,0,0.00019066458,0
LA_D_4589187,0,0.00022882412,0
LA_D_4623751,0,0.00012899666,0
LA_D_4653609,0,0.00016856594,0
LA_D_4758316,0,7.662694e-05,0
LA_D_4770612,0,8.696337e-05,0
LA_D_4771745,0,0.000104229825,0
LA_D_4788415,0,0.00015796436,0
LA_D_4822832,0,0.00011170622,0
LA_D_4836452,0,0.00015348202,0
LA_D_4863244,0,0.00032501973,0
LA_D_4864976,0,0.00017291417,0
LA_D_4876945,0,0.0001956193,0
LA_D_4901474,0,8.286237e-05,0
LA_D_5074328,0,0.00018739905,0
LA_D_5088369,0,0.00012892215,0
LA_D_5242519,0,0.00022043205,0
LA_D_5253814,0,0.00028532173,0
LA_D_5368042,0,0.00012792484,0
LA_D_5398887,0,0.00040832176,0
LA_D_5457188,0,0.00018336518,0
LA_D_5484649,0,7.231135e-05,0
LA_D_5514319,0,0.0001605152,0
LA_D_5531013,0,0.00025287268,0
LA_D_5571676,0,0.00051302486,0
LA_D_5576532,0,0.00014213174,0
LA_D_5657789,0,0.00014211291,0
LA_D_5660127,0,0.00029741836,0
LA_D_5665100,0,9.399753e-05,0
LA_D_5668161,0,7.569969e-05,0
LA_D_5698259,0,0.00024429895,0
LA_D_5710259,0,0.00016157691,0
LA_D_5786164,0,0.00019290576,0
LA_D_5832271,0,0.000111255285,0
LA_D_5838098,0,8.800828e-05,0
LA_D_5856426,0,6.916001e-05,0
LA_D_5953565,0,0.0003619984,0
LA_D_5975736,0,0.00015444863,0
LA_D_5985635,0,0.000120032855,0
LA_D_6001607,0,0.00016044496,0
LA_D_6011658,0,3.3913155e-05,0
LA_D_6016576,0,0.00022980406,0
LA_D_6083224,0,0.00013648812,0
LA_D_6121156,0,0.0001693069,0
LA_D_6123683,0,0.00073369,0
LA_D_6185674,0,4.7805035e-05,0
LA_D_6201251,0,7.050844e-05,0
LA_D_6264799,0,0.00014071258,0
LA_D_6397450,0,0.000111005626,0
LA_D_6455155,0,0.00046922473,0
LA_D_6477172,0,0.00014318735,0
LA_D_6506607,0,0.00021133653,0
LA_D_6540535,0,0.00020161187,0
LA_D_6586128,0,0.00011947787,0
LA_D_6589534,0,8.578851e-05,0
LA_D_6594747,0,0.0001901461,0
LA_D_6600446,0,0.00020010349,0
LA_D_6621753,0,0.0009212041,0
LA_D_6639964,0,0.0003068861,0
LA_D_6670965,0,0.00014164929,0
LA_D_6692133,0,0.00013551161,0
LA_D_6697944,0,0.000114664734,0
LA_D_6752719,0,8.04045e-05,0
LA_D_6756999,0,6.646125e-05,0
LA_D_6773067,0,0.00021438327,0
LA_D_6797923,0,0.00016722342,0
LA_D_6810679,0,0.00010103682,0
LA_D_6822833,0,0.00015461276,0
LA_D_6868021,0,0.00018757729,0
LA_D_6872655,0,0.00042323972,0
LA_D_6911238,0,0.00018428257,0
LA_D_6927495,0,8.110542e-05,0
LA_D_6931606,0,0.00012436486,0
LA_D_6948051,0,9.043048e-05,0
LA_D_6966577,0,0.0007117582,0
LA_D_6968726,0,0.00019863104,0
LA_D_6983240,0,0.00021677004,0
LA_D_7021859,0,7.494922e-05,0
LA_D_7064077,0,0.00024522262,0
LA_D_7142124,0,0.00014504469,0
LA_D_7166843,0,3.8838447e-05,0
LA_D_7250780,0,0.00015390101,0
LA_D_7277920,0,0.000111091074,0
LA_D_7314849,0,0.00024686707,0
LA_D_7317597,0,0.00013962701,0
LA_D_7355945,0,0.00017911008,0
LA_D_7393779,0,0.00010863057,0
LA_D_7538760,0,7.887225e-05,0
LA_D_7544809,0,0.00021408014,0
LA_D_7665160,0,0.00011592111,0
LA_D_7680881,0,0.00014292286,0
LA_D_7723211,0,0.00016068856,0
LA_D_7750101,0,0.00020840227,0
LA_D_7829453,0,0.00011282104,0
LA_D_7880553,0,0.00014279276,0
LA_D_7882957,0,0.00015287967,0
LA_D_7894097,0,0.00015787041,0
LA_D_7961471,0,6.62767e-05,0
LA_D_7969869,0,0.00010300758,0
LA_D_8087903,0,0.00023915726,0
LA_D_8093378,0,0.00018467817,0
LA_D_8112113,0,0.00023292858,0
LA_D_8125219,0,0.00011856402,0
LA_D_8128439,0,0.0001705438,0
LA_D_8160527,0,0.00016225947,0
LA_D_8191353,0,0.00010542172,0
LA_D_8198887,0,0.0002831851,0
LA_D_8229496,0,0.00020383258,0
LA_D_8233417,0,8.295376e-05,0
LA_D_8299676,0,0.00015420507,0
LA_D_8338088,0,9.395792e-05,0
LA_D_8341574,0,0.00022028666,0
LA_D_8386102,0,0.00017502983,0
LA_D_8408912,0,0.00017705213,0
LA_D_8418152,0,0.00019401031,0
LA_D_8426999,0,0.00012391315,0
LA_D_8450248,0,7.5714925e-05,0
LA_D_8479815,0,0.00013748016,0
LA_D_8491532,0,0.000107624575,0
LA_D_8509720,0,0.00014114959,0
LA_D_8529268,0,0.00019357055,0
LA_D_8541205,0,0.00020865955,0
LA_D_8544644,0,0.00016100881,0
LA_D_8591446,0,0.00016245687,0
LA_D_8591522,0,0.000116874086,0
LA_D_8601811,0,0.00012199018,0
LA_D_8630942,0,0.0001605939,0
LA_D_8640715,0,0.00023213154,0
LA_D_8670754,0,0.0001280115,0
LA_D_8674026,0,0.00011238713,0
LA_D_8699272,0,0.00016723269,0
LA_D_8728321,0,8.38384e-05,0
LA_D_8729734,0,0.00027519147,0
LA_D_8756797,0,8.7559674e-05,0
LA_D_8771564,0,0.0003135163,0
LA_D_8788079,0,0.00015739693,0
LA_D_8815720,0,6.915071e-05,0
LA_D_8833581,0,0.0002474345,0
LA_D_8846893,0,0.0001131668,0
LA_D_8848529,0,0.00019253402,0
LA_D_8878573,0,9.160898e-05,0
LA_D_8891814,0,0.00020114335,0
LA_D_8957701,0,0.0002350482,0
LA_D_8994328,0,9.053549e-05,0
LA_D_9033630,0,0.00032339024,0
LA_D_9038073,0,0.00020860822,0
LA_D_9048737,0,0.00010294808,0
LA_D_9065595,0,0.00036724523,0
LA_D_9094488,0,7.388118e-05,0
LA_D_9127411,0,0.00020830768,0
LA_D_9155834,0,0.0003949324,0
LA_D_9167860,0,0.00013535419,0
LA_D_9217255,0,0.00016065655,0
LA_D_9220018,0,0.00015998345,0
LA_D_9236613,0,0.0002230154,0
LA_D_9270152,0,0.00016397236,0
LA_D_9278460,0,0.00012831787,0
LA_D_9281005,0,0.00020048182,0
LA_D_9281870,0,0.00016740084,0
LA_D_9315635,0,0.00026831956,0
LA_D_9333859,0,0.00011343473,0
LA_D_9336302,0,0.00019584887,0
LA_D_9346947,0,0.00023389283,0
LA_D_9363652,0,6.8635316e-05,0
LA_D_9424568,0,0.00014461837,0
LA_D_9442040,0,5.511213e-05,0
LA_D_9465829,0,0.00011836419,0
LA_D_9491192,0,0.00022841824,0
LA_D_9603327,0,8.776908e-05,0
LA_D_9604966,0,0.00013007845,0
LA_D_9618467,0,0.00022217432,0
LA_D_9627529,0,0.00020550203,0
LA_D_9633851,0,0.00018018168,0
LA_D_9636836,0,0.00016754678,0
LA_D_9685772,0,0.00023921611,0
LA_D_9801638,0,0.00022493949,0
LA_D_9806570,0,0.0002631766,0
LA_D_9813801,0,0.00034505923,0
LA_D_9862938,0,0.00011027502,0
LA_D_9920299,0,0.0001562074,0
LA_D_9930274,0,4.5424502e-05,0
LA_D_9957063,0,0.00020400953,0
LA_D_9967406,0,6.4111766e-05,0
LA_D_9987878,0,6.9180256e-05,0
LA_D_1005471,0,0.00021653208,0
LA_D_1024033,0,0.000100792975,0
LA_D_1030270,0,0.0001223455,0
LA_D_1031151,0,0.00013938837,0
LA_D_1039057,0,0.00014601633,0
LA_D_1071356,0,0.00011245725,0
LA_D_1079091,0,0.00012510277,0
LA_D_1107234,0,0.00010158595,0
LA_D_1208939,0,0.00011082762,0
LA_D_1219091,0,0.0001184107,0
LA_D_1240959,0,7.871957e-05,0
LA_D_1265133,0,0.00011463238,0
LA_D_1281736,0,0.00011724222,0
LA_D_1307113,0,7.201138e-05,0
LA_D_1310219,0,0.00014718637,0
LA_D_1330250,0,0.00012804958,0
LA_D_1343353,0,0.00011984974,0
LA_D_1354096,0,0.00010268904,0
LA_D_1368657,0,0.00014503086,0
LA_D_1377906,0,0.000118338336,0
LA_D_1434780,0,0.0010342523,0
LA_D_1447056,0,0.00015429435,0
LA_D_1463984,0,0.000118305965,0
LA_D_1468408,0,6.940585e-05,0
LA_D_1523141,0,9.769146e-05,0
LA_D_1528709,0,0.00010713327,0
LA_D_1529875,0,0.00015448088,0
LA_D_1593502,0,0.00020907777,0
LA_D_1603312,0,0.00015781954,0
LA_D_1609520,0,0.00016963365,0
LA_D_1637629,0,0.00013429152,0
LA_D_1664425,0,0.00016839325,0
LA_D_1669057,0,0.00014391089,0
LA_D_1691193,0,0.00014895874,0
LA_D_1770638,0,0.00016634622,0
LA_D_1793186,0,0.00015141643,0
LA_D_1797576,0,9.844463e-05,0
LA_D_1876225,0,0.00013012957,0
LA_D_1962163,0,0.00014821957,0
LA_D_1975814,0,9.192049e-05,0
LA_D_2005065,0,0.00012134721,0
LA_D_2006815,0,0.0001362087,0
LA_D_2007184,0,0.00022019971,0
LA_D_2051572,0,0.00015628041,0
LA_D_2129319,0,0.00014882741,0
LA_D_2166570,0,0.00011647312,0
LA_D_2184401,0,0.00014189113,0
LA_D_2197985,0,0.00014834922,0
LA_D_2225547,0,0.00014330646,0
LA_D_2228764,0,0.00016857847,0
LA_D_2240504,0,8.3645944e-05,0
LA_D_2267325,0,7.2190705e-05,0
LA_D_2304250,0,0.00018846345,0
LA_D_2342626,0,0.00012544215,0
LA_D_2357327,0,0.00015717842,0
LA_D_2370652,0,0.00017496858,0
LA_D_2394024,0,0.0001565626,0
LA_D_2418862,0,9.977892e-05,0
LA_D_2419904,0,0.00020400173,0
LA_D_2422770,0,0.00021897221,0
LA_D_2428239,0,0.00010669764,0
LA_D_2451673,0,0.00014163252,0
LA_D_2478969,0,0.00018767283,0
LA_D_2484663,0,0.000117622505,0
LA_D_2488992,0,0.00014267926,0
LA_D_2508069,0,9.799414e-05,0
LA_D_2525525,0,0.00010271196,0
LA_D_2536110,0,0.00012501201,0
LA_D_2570780,0,6.76528e-05,0
LA_D_2610325,0,0.00018033621,0
LA_D_2627199,0,0.00015483068,0
LA_D_2669790,0,0.000107643355,0
LA_D_2695373,0,8.702137e-05,0
LA_D_2709061,0,0.00011434536,0
LA_D_2720139,0,0.00013794174,0
LA_D_2737875,0,0.00016607362,0
LA_D_2752788,0,9.103805e-05,0
LA_D_2757814,0,0.000115118186,0
LA_D_2759411,0,0.00013632006,0
LA_D_2759783,0,0.00012652305,0
LA_D_2791553,0,0.00010267092,0
LA_D_2793288,0,0.00012924906,0
LA_D_2816042,0,8.378669e-05,0
LA_D_2835194,0,0.00022546513,0
LA_D_2879784,0,0.0001335799,0
LA_D_2880430,0,0.00010554595,0
LA_D_2884632,0,0.00014299578,0
LA_D_2887628,0,0.00013104279,0
LA_D_2941369,0,0.0001508715,0
LA_D_2942585,0,5.7397392e-05,0
LA_D_2969521,0,0.00015516765,0
LA_D_2975584,0,0.000119718614,0
LA_D_2999032,0,9.1077985e-05,0
LA_D_3033254,0,0.00016603117,0
LA_D_3065072,0,0.00017099876,0
LA_D_3092822,0,6.547232e-05,0
LA_D_3109173,0,0.0002476403,0
LA_D_3119195,0,0.00014173683,0
LA_D_3129767,0,9.792202e-05,0
LA_D_3133562,0,7.898771e-05,0
LA_D_3145865,0,0.00017123095,0
LA_D_3148237,0,0.00018342272,0
LA_D_3162269,0,0.00014299196,0
LA_D_3173565,0,0.00015730811,0
LA_D_3183800,0,0.000113871065,0
LA_D_3187395,0,0.00014382639,0
LA_D_3222129,0,0.00018353258,0
LA_D_3226693,0,0.00012931688,0
LA_D_3295650,0,0.00014505132,0
LA_D_3305146,0,8.0049984e-05,0
LA_D_3387918,0,0.0001335282,0
LA_D_3423664,0,0.00015033587,0
LA_D_3428449,0,0.00013174945,0
LA_D_3432100,0,0.000201073,0
LA_D_3432834,0,5.8739963e-05,0
LA_D_3465878,0,8.3770545e-05,0
LA_D_3468243,0,9.5392716e-05,0
LA_D_3485246,0,0.000119224744,0
LA_D_3498834,0,0.00010080114,0
LA_D_3546305,0,0.00023374258,0
LA_D_3571831,0,8.224454e-05,0
LA_D_3597601,0,0.0001139145,0
LA_D_3608783,0,0.00012129654,0
LA_D_3617321,0,0.00015029544,0
LA_D_3621915,0,0.0001283224,0
LA_D_3655047,0,0.00016337541,0
LA_D_3706159,0,0.00011823175,0
LA_D_3744491,0,0.00011560463,0
LA_D_3749921,0,0.00012035813,0
LA_D_3752691,0,0.00015151233,0
LA_D_3772496,0,0.00019124686,0
LA_D_3815316,0,9.602401e-05,0
LA_D_3819582,0,0.0002543719,0
LA_D_3826920,0,0.00019037865,0
LA_D_3837714,0,8.086655e-05,0
LA_D_3861045,0,9.586023e-05,0
LA_D_3864495,0,0.0001574073,0
LA_D_3914594,0,7.6900564e-05,0
LA_D_3943414,0,0.00012999363,0
LA_D_3965345,0,8.686948e-05,0
LA_D_3989236,0,0.00010571487,0
LA_D_4028437,0,0.00019239068,0
LA_D_4046741,0,0.00017744253,0
LA_D_4058844,0,0.00013689634,0
LA_D_4067937,0,8.990675e-05,0
LA_D_4099499,0,0.00013034367,0
LA_D_4101246,0,0.00013383054,0
LA_D_4111379,0,0.00010250707,0
LA_D_4119592,0,0.000121321995,0
LA_D_4156717,0,0.00012229779,0
LA_D_4171064,0,0.00020296915,0
LA_D_4224687,0,9.731007e-05,0
LA_D_4249169,0,0.00019727698,0
LA_D_4277377,0,0.00020565689,0
LA_D_4297095,0,0.00020284418,0
LA_D_4324080,0,0.00012106543,0
LA_D_4329029,0,0.00013604722,0
LA_D_4330465,0,0.00014542679,0
LA_D_4359700,0,0.00010253199,0
LA_D_4373476,0,9.954399e-05,0
LA_D_4396892,0,0.00013615027,0
LA_D_4418265,0,0.000110469824,0
LA_D_4419471,0,0.00015116426,0
LA_D_4421402,0,0.00013434711,0
LA_D_4438261,0,0.00010100793,0
LA_D_4485361,0,0.00010877579,0
LA_D_4487745,0,0.0002008823,0
LA_D_4514090,0,8.663238e-05,0
LA_D_4514194,0,4.2657757e-05,0
LA_D_4522480,0,0.00010846165,0
LA_D_4573144,0,0.00022005785,0
LA_D_4673693,0,4.983971e-05,0
LA_D_4682422,0,0.00014603724,0
LA_D_4704993,0,7.027679e-05,0
LA_D_4708516,0,0.00010021928,0
LA_D_4710439,0,9.994213e-05,0
LA_D_4719986,0,0.000110320965,0
LA_D_4735766,0,0.00013557327,0
LA_D_4769016,0,0.00017479634,0
LA_D_4771389,0,4.0928444e-05,0
LA_D_4774155,0,0.00030399853,0
LA_D_4788531,0,0.00018496488,0
LA_D_4813945,0,0.000112091955,0
LA_D_4863395,0,0.0001055546,0
LA_D_4891515,0,8.415141e-05,0
LA_D_4894754,0,0.000102606136,0
LA_D_4909030,0,0.00012359052,0
LA_D_4909565,0,0.00010163051,0
LA_D_4910268,0,9.945272e-05,0
LA_D_4929114,0,6.77092e-05,0
LA_D_5011300,0,0.000119209864,0
LA_D_5017814,0,0.00011126982,0
LA_D_5095193,0,6.364667e-05,0
LA_D_5139344,0,0.0001474762,0
LA_D_5165049,0,0.00026705294,0
LA_D_5174000,0,0.00020113491,0
LA_D_5175082,0,0.00016485923,0
LA_D_5196907,0,7.745364e-05,0
LA_D_5257176,0,8.865433e-05,0
LA_D_5300881,0,0.00014450602,0
LA_D_5346070,0,7.780527e-05,0
LA_D_5378463,0,0.00010099733,0
LA_D_5379068,0,0.00020983387,0
LA_D_5381358,0,0.00023457377,0
LA_D_5386489,0,0.00012217995,0
LA_D_5392234,0,0.00021062403,0
LA_D_5396149,0,7.9298945e-05,0
LA_D_5422337,0,0.00014850037,0
LA_D_5427426,0,0.00022779664,0
LA_D_5434948,0,0.00028382897,0
LA_D_5443022,0,9.411412e-05,0
LA_D_5487218,0,0.00012588885,0
LA_D_5504182,0,6.546445e-05,0
LA_D_5551594,0,0.0001252804,0
LA_D_5554788,0,8.619828e-05,0
LA_D_5583563,0,0.00018698409,0
LA_D_5594965,0,0.0001407888,0
LA_D_5596835,0,0.00015412041,0
LA_D_5597058,0,0.00015742696,0
LA_D_5616692,0,0.0001091793,0
LA_D_5617907,0,0.0001274229,0
LA_D_5635914,0,0.000108740634,0
LA_D_5647135,0,0.00013550243,0
LA_D_5647328,0,0.00022277822,0
LA_D_5657749,0,0.00015421567,0
LA_D_5659751,0,0.0001863531,0
LA_D_5682188,0,8.489211e-05,0
LA_D_5682398,0,0.00014707947,0
LA_D_5691756,0,0.00015912812,0
LA_D_5697939,0,0.00012817062,0
LA_D_5710714,0,0.000107000655,0
LA_D_5735487,0,0.00014530716,0
LA_D_5746789,0,0.00017118605,0
LA_D_5771160,0,0.00014860932,0
LA_D_5841697,0,8.438421e-05,0
LA_D_5844846,0,0.00011688043,0
LA_D_5848108,0,0.00015063347,0
LA_D_5865733,0,9.574604e-05,0
LA_D_5870140,0,5.6028417e-05,0
LA_D_5872598,0,0.00016262502,0
LA_D_5875499,0,0.00016257899,0
LA_D_5884456,0,0.00015532441,0
LA_D_5900756,0,0.0001382222,0
LA_D_5909772,0,7.733017e-05,0
LA_D_5939156,0,0.00012331341,0
LA_D_5950523,0,0.00015372208,0
LA_D_5954148,0,0.00017892677,0
LA_D_5965400,0,0.0001349359,0
LA_D_5974398,0,0.0002290924,0
LA_D_5982804,0,0.00020476602,0
LA_D_5989901,0,0.000121555204,0
LA_D_6029420,0,0.00010296005,0
LA_D_6039051,0,0.00019362259,0
LA_D_6059094,0,9.753416e-05,0
LA_D_6096386,0,0.000113659524,0
LA_D_6113422,0,6.988216e-05,0
LA_D_6120066,0,0.00011237877,0
LA_D_6127867,0,0.00010055796,0
LA_D_6154657,0,0.00014119415,0
LA_D_6187512,0,0.00016904397,0
LA_D_6252209,0,0.00034357418,0
LA_D_6275031,0,9.838156e-05,0
LA_D_6285068,0,0.0001590993,0
LA_D_6371287,0,9.536634e-05,0
LA_D_6380070,0,0.000109459936,0
LA_D_6388231,0,0.00016946164,0
LA_D_6475624,0,0.0001588719,0
LA_D_6566671,0,0.00016505584,0
LA_D_6579134,0,0.00022753228,0
LA_D_6596114,0,0.00010028926,0
LA_D_6596613,0,0.0001958076,0
LA_D_6631414,0,9.153004e-05,0
LA_D_6653512,0,0.00015363006,0
LA_D_6654217,0,0.00015560177,0
LA_D_6729690,0,0.00010722045,0
LA_D_6738457,0,0.00013892898,0
LA_D_6765632,0,0.00016084584,0
LA_D_6770649,0,0.00019786661,0
LA_D_6798609,0,0.000118728974,0
LA_D_6846914,0,0.00017062253,0
LA_D_6933658,0,0.00026040286,0
LA_D_6943274,0,0.00017997858,0
LA_D_6963297,0,0.00024149536,0
LA_D_6998182,0,0.00018649639,0
LA_D_7031306,0,0.00010058904,0
LA_D_7045833,0,0.00010927764,0
LA_D_7086639,0,0.00012706194,0
LA_D_7096240,0,8.779872e-05,0
LA_D_7112988,0,7.437926e-05,0
LA_D_7125815,0,0.00023417131,0
LA_D_7179358,0,0.00010022329,0
LA_D_7194718,0,0.00011102013,0
LA_D_7278311,0,0.00016242512,0
LA_D_7297643,0,8.318609e-05,0
LA_D_7332066,0,0.00015032612,0
LA_D_7339843,0,0.00013752934,0
LA_D_7350895,0,0.00013611809,0
LA_D_7355156,0,0.00017644171,0
LA_D_7375840,0,0.00012801125,0
LA_D_7403376,0,0.0001605022,0
LA_D_7433900,0,0.00010946244,0
LA_D_7481984,0,9.9978744e-05,0
LA_D_7502624,0,4.9765953e-05,0
LA_D_7504069,0,0.00022200047,0
LA_D_7521790,0,0.00012443485,0
LA_D_7557700,0,0.00020430052,0
LA_D_7563022,0,9.666434e-05,0
LA_D_7574255,0,0.00017199003,0
LA_D_7587942,0,0.00012015699,0
LA_D_7599610,0,0.00018399971,0
LA_D_7606081,0,0.000114836635,0
LA_D_7606254,0,0.00022559588,0
LA_D_7607538,0,0.00017129186,0
LA_D_7614468,0,0.00013863032,0
LA_D_7628970,0,0.0002016532,0
LA_D_7629200,0,0.00011669335,0
LA_D_7643772,0,0.00010195433,0
LA_D_7655279,0,0.00011231868,0
LA_D_7664409,0,5.789312e-05,0
LA_D_7697515,0,9.976179e-05,0
LA_D_7703631,0,0.00013971358,0
LA_D_7708338,0,9.7113276e-05,0
LA_D_7711223,0,0.00014470598,0
LA_D_7721121,0,0.00011084929,0
LA_D_7723352,0,0.00012631415,0
LA_D_7725114,0,0.0001479369,0
LA_D_7765457,0,0.00010127894,0
LA_D_7789532,0,0.00010601418,0
LA_D_7800270,0,0.00017408543,0
LA_D_7808217,0,0.0001290807,0
LA_D_7847128,0,8.975882e-05,0
LA_D_7865378,0,0.00010030093,0
LA_D_7895930,0,0.000117173484,0
LA_D_7903763,0,0.00010379145,0
LA_D_7945750,0,8.763795e-05,0
LA_D_7970984,0,8.944354e-05,0
LA_D_7975085,0,8.559705e-05,0
LA_D_8035288,0,0.00016854344,0
LA_D_8056679,0,0.0001713657,0
LA_D_8068169,0,0.000111856614,0
LA_D_8091742,0,0.00015458433,0
LA_D_8095844,0,0.00016900046,0
LA_D_8113820,0,6.428851e-05,0
LA_D_8140249,0,0.00013236798,0
LA_D_8174656,0,0.00014844544,0
LA_D_8181944,0,0.00012949937,0
LA_D_8309750,0,0.00011341981,0
LA_D_8321453,0,0.00026782195,0
LA_D_8332272,0,7.99287e-05,0
LA_D_8371769,0,0.00021330385,0
LA_D_8377469,0,0.0001297446,0
LA_D_8412208,0,0.00012991384,0
LA_D_8434044,0,0.00015373058,0
LA_D_8445701,0,0.00027403032,0
LA_D_8465947,0,0.0002000751,0
LA_D_8470269,0,0.00013227625,0
LA_D_8494207,0,6.495844e-05,0
LA_D_8527611,0,0.000118002215,0
LA_D_8561841,0,0.00014150752,0
LA_D_8622815,0,0.00014186393,0
LA_D_8632099,0,8.5919986e-05,0
LA_D_8675337,0,9.495935e-05,0
LA_D_8704829,0,0.00018521072,0
LA_D_8708656,0,0.00012847422,0
LA_D_8756941,0,0.00011593238,0
LA_D_8781931,0,0.00015661247,0
LA_D_8789190,0,0.00023277072,0
LA_D_8838589,0,0.00012847153,0
LA_D_8847601,0,0.00014055916,0
LA_D_8886611,0,0.00013169656,0
LA_D_8889390,0,0.00019575289,0
LA_D_8925094,0,6.762268e-05,0
LA_D_8943651,0,6.3342115e-05,0
LA_D_8961930,0,0.00014118958,0
LA_D_8964874,0,8.581444e-05,0
LA_D_9005051,0,9.305236e-05,0
LA_D_9045570,0,6.669324e-05,0
LA_D_9096004,0,0.00012166213,0
LA_D_9106315,0,0.00013219568,0
LA_D_9204208,0,0.00010186668,0
LA_D_9231954,0,0.00012576731,0
LA_D_9274326,0,0.00014731246,0
LA_D_9279366,0,0.00010914995,0
LA_D_9289260,0,0.00011704584,0
LA_D_9327413,0,9.658548e-05,0
LA_D_9341282,0,0.00017963158,0
LA_D_9352339,0,0.0002114486,0
LA_D_9376797,0,0.00014633957,0
LA_D_9389017,0,0.00010435075,0
LA_D_9407131,0,0.00011845045,0
LA_D_9411191,0,0.00028663018,0
LA_D_9506213,0,0.00013897085,0
LA_D_9520076,0,0.00011823649,0
LA_D_9562489,0,0.00012719857,0
LA_D_9578667,0,0.00011953929,0
LA_D_9627075,0,0.00017274806,0
LA_D_9657561,0,0.00017130426,0
LA_D_9662465,0,0.00012956954,0
LA_D_9665377,0,0.00011982095,0
LA_D_9735127,0,0.00014155287,0
LA_D_9755028,0,0.00022264106,0
LA_D_9784167,0,0.00011580355,0
LA_D_9815485,0,8.925626e-05,0
LA_D_9842180,0,0.00015316012,0
LA_D_9856117,0,0.00013656466,0
LA_D_9858647,0,8.98885e-05,0
LA_D_9863423,0,0.00021289282,0
LA_D_9885994,0,0.0001228503,0
LA_D_9891401,0,0.00021807961,0
LA_D_9904500,0,0.00015879935,0
LA_D_9931770,0,8.7903936e-05,0
LA_D_9934703,0,0.000110065324,0
LA_D_9965004,0,6.790034e-05,0
LA_D_9988164,0,0.000118026976,0
LA_D_1016922,0,0.00022638407,0
LA_D_1039305,0,0.00012615479,0
LA_D_1070584,0,6.0099843e-05,0
LA_D_1078241,0,0.0003510609,0
LA_D_1144692,0,0.00010579797,0
LA_D_1173044,0,0.00012803737,0
LA_D_1216735,0,0.0001909098,0
LA_D_1245336,0,0.00017110186,0
LA_D_1310938,0,0.00015950653,0
LA_D_1317099,0,0.00011333074,0
LA_D_1351175,0,0.00012168139,0
LA_D_1361369,0,6.6315966e-05,0
LA_D_1368692,0,0.00013243579,0
LA_D_1406745,0,0.00014479761,0
LA_D_1418549,0,0.00012226898,0
LA_D_1427018,0,0.00015597984,0
LA_D_1436004,0,0.00013069414,0
LA_D_1513681,0,0.00017985333,0
LA_D_1535464,0,0.00016795307,0
LA_D_1608588,0,9.183341e-05,0
LA_D_1792373,0,0.00012037856,0
LA_D_1851336,0,0.00019076643,0
LA_D_1870741,0,0.00019074349,0
LA_D_1873473,0,0.00013085612,0
LA_D_1876360,0,6.7159584e-05,0
LA_D_1886178,0,0.0003431063,0
LA_D_1897148,0,0.00030351142,0
LA_D_1915992,0,0.00023269813,0
LA_D_1930073,0,0.00015099038,0
LA_D_1971465,0,0.00013574556,0
LA_D_2052113,0,0.000113268936,0
LA_D_2058872,0,6.655747e-05,0
LA_D_2088943,0,0.00015774024,0
LA_D_2097283,0,0.00016200703,0
LA_D_2107075,0,0.0001461091,0
LA_D_2126762,0,0.00012950567,0
LA_D_2219009,0,0.00018528597,0
LA_D_2246688,0,0.00017892489,0
LA_D_2301497,0,0.00011778716,0
LA_D_2322982,0,0.00012433155,0
LA_D_2323900,0,9.371703e-05,0
LA_D_2344679,0,0.00015282778,0
LA_D_2361529,0,0.00018026814,0
LA_D_2469934,0,7.973541e-05,0
LA_D_2473723,0,0.00019818419,0
LA_D_2531385,0,0.00017092883,0
LA_D_2550165,0,0.00017472217,0
LA_D_2551261,0,0.00010284387,0
LA_D_2556606,0,7.880233e-05,0
LA_D_2654160,0,0.00012873161,0
LA_D_2666258,0,0.00013874841,0
LA_D_2677497,0,0.00017990256,0
LA_D_2677654,0,0.00012985499,0
LA_D_2692136,0,0.00016051643,0
LA_D_2698574,0,4.0791092e-05,0
LA_D_2700963,0,0.00017939809,0
LA_D_2709100,0,0.00017815661,0
LA_D_2791447,0,5.742307e-05,0
LA_D_2819105,0,0.00013247506,0
LA_D_2827159,0,0.00022234957,0
LA_D_2831303,0,0.00020001899,0
LA_D_2892419,0,0.00037100803,0
LA_D_2925553,0,0.00015256774,0
LA_D_2950518,0,0.00023350713,0
LA_D_2979369,0,9.647686e-05,0
LA_D_3015288,0,0.0002795063,0
LA_D_3068710,0,0.00021563748,0
LA_D_3104950,0,0.00019115316,0
LA_D_3121037,0,7.762607e-05,0
LA_D_3134629,0,0.00019571742,0
LA_D_3180411,0,0.00015496064,0
LA_D_3184350,0,8.9462475e-05,0
LA_D_3215318,0,0.00016107054,0
LA_D_3261219,0,0.0006055064,0
LA_D_3313031,0,8.9868445e-05,0
LA_D_3331368,0,0.0001782307,0
LA_D_3387666,0,0.00019428799,0
LA_D_3392778,0,0.00012524505,0
LA_D_3410619,0,0.00024577125,0
LA_D_3415789,0,0.00023447763,0
LA_D_3424068,0,0.00019798192,0
LA_D_3448069,0,0.00013769166,0
LA_D_3449059,0,0.00016052286,0
LA_D_3481053,0,0.00015382633,0
LA_D_3490249,0,9.28315e-05,0
LA_D_3527786,0,9.708755e-06,0
LA_D_3609505,0,0.00020258962,0
LA_D_3648769,0,0.00011942808,0
LA_D_3651367,0,0.0001289273,0
LA_D_3669836,0,0.00012356447,0
LA_D_3688613,0,0.00020156341,0
LA_D_3708116,0,0.00013626744,0
LA_D_3743658,0,7.524864e-05,0
LA_D_3777358,0,9.9728786e-05,0
LA_D_3814355,0,0.00013727308,0
LA_D_3932504,0,0.00021149681,0
LA_D_3977471,0,0.00017920423,0
LA_D_4013189,0,0.00026389517,0
LA_D_4044356,0,0.000119587174,0
LA_D_4093216,0,0.0002006457,0
LA_D_4104349,0,0.00013056035,0
LA_D_4141520,0,9.9422374e-05,0
LA_D_4160780,0,0.00012761758,0
LA_D_4165061,0,0.0001023059,0
LA_D_4191166,0,0.0001322451,0
LA_D_4197046,0,0.00012285779,0
LA_D_4276883,0,0.0001883054,0
LA_D_4296893,0,0.00017118947,0
LA_D_4356104,0,8.779554e-05,0
LA_D_4375717,0,0.00011719404,0
LA_D_4407003,0,0.000160493,0
LA_D_4409637,0,0.00013584734,0
LA_D_4461485,0,4.166665e-05,0
LA_D_4463930,0,0.00015833987,0
LA_D_4464967,0,0.0001221513,0
LA_D_4506133,0,0.00010179375,0
LA_D_4561179,0,0.00012823628,0
LA_D_4577893,0,0.00024506787,0
LA_D_4582769,0,0.00028592302,0
LA_D_4598556,0,0.00011849541,0
LA_D_4637561,0,7.537381e-05,0
LA_D_4673891,0,7.7033845e-05,0
LA_D_4694664,0,0.00014379183,0
LA_D_4732324,0,0.00014845819,0
LA_D_4815856,0,0.00016190636,0
LA_D_4832159,0,0.00019563439,0
LA_D_4853863,0,9.2978924e-05,0
LA_D_4868553,0,0.00013207649,0
LA_D_4877447,0,5.648867e-05,0
LA_D_4961502,0,0.00017476133,0
LA_D_4984317,0,0.00021164649,0
LA_D_5001469,0,0.00016768233,0
LA_D_5044120,0,0.0002150704,0
LA_D_5067184,0,0.00015852567,0
LA_D_5097555,0,0.00014467299,0
LA_D_5120421,0,0.0001010191,0
LA_D_5163985,0,0.00023710773,0
LA_D_5167361,0,0.00018563558,0
LA_D_5191461,0,0.00030923064,0
LA_D_5216313,0,0.00023593755,0
LA_D_5256245,0,0.00010048904,0
LA_D_5260994,0,7.78899e-05,0
LA_D_5350670,0,0.00013724244,0
LA_D_5370145,0,0.00014783608,0
LA_D_5439819,0,0.00022764034,0
LA_D_5452047,0,0.00037873592,0
LA_D_5454156,0,0.00012345507,0
LA_D_5455456,0,0.00020020733,0
LA_D_5490332,0,0.00023617389,0
LA_D_5539101,0,0.00017793998,0
LA_D_5600729,0,0.00026173252,0
LA_D_5643163,0,0.00013757354,0
LA_D_5690287,0,0.00055734144,0
LA_D_5695682,0,7.177719e-05,0
LA_D_5712950,0,0.00018951746,0
LA_D_5716651,0,0.00020395855,0
LA_D_5719332,0,0.00019615685,0
LA_D_5729926,0,0.00025131088,0
LA_D_5819339,0,0.00027805244,0
LA_D_5831724,0,0.00015158385,0
LA_D_5834246,0,9.045471e-05,0
LA_D_5851479,0,0.0001493426,0
LA_D_5890290,0,0.00019892331,0
LA_D_5931445,0,0.00023393208,0
LA_D_5968191,0,0.00011948265,0
LA_D_6015629,0,0.00020254713,0
LA_D_6021297,0,9.730033e-05,0
LA_D_6037279,0,0.00010668228,0
LA_D_6085681,0,0.00022263215,0
LA_D_6162323,0,0.00024412619,0
LA_D_6197535,0,0.00018804343,0
LA_D_6230272,0,0.00017427294,0
LA_D_6241209,0,0.00011387909,0
LA_D_6307445,0,9.5496565e-05,0
LA_D_6351813,0,7.9861275e-05,0
LA_D_6367142,0,8.056775e-05,0
LA_D_6373060,0,0.00021608287,0
LA_D_6400478,0,0.00011610364,0
LA_D_6431658,0,0.0001439312,0
LA_D_6434161,0,0.00012196624,0
LA_D_6440826,0,0.00012827861,0
LA_D_6487009,0,0.000108774024,0
LA_D_6544888,0,0.00018674978,0
LA_D_6547919,0,0.00015488087,0
LA_D_6556225,0,9.357682e-05,0
LA_D_6622164,0,8.317332e-05,0
LA_D_6670902,0,0.00015693343,0
LA_D_6721591,0,9.448757e-05,0
LA_D_6742661,0,0.00015224367,0
LA_D_6776598,0,0.00017082602,0
LA_D_6787599,0,0.0001230855,0
LA_D_6805723,0,0.00018222476,0
LA_D_6826887,0,0.000121670484,0
LA_D_6868445,0,0.0001537605,0
LA_D_6874210,0,0.00014527419,0
LA_D_7080605,0,0.00029546345,0
LA_D_7086814,0,0.00015965794,0
LA_D_7139855,0,0.00010310822,0
LA_D_7160142,0,0.00023082033,0
LA_D_7183546,0,0.00021242301,0
LA_D_7192415,0,0.00013280062,0
LA_D_7222508,0,9.656153e-05,0
LA_D_7288713,0,0.00014839676,0
LA_D_7313112,0,9.9069184e-05,0
LA_D_7336955,0,0.00017679401,0
LA_D_7394778,0,0.00011151923,0
LA_D_7398714,0,0.00013226301,0
LA_D_7418963,0,0.00012449348,0
LA_D_7425009,0,0.0002173775,0
LA_D_7425122,0,0.00010327284,0
LA_D_7464906,0,0.00017651019,0
LA_D_7468708,0,0.0002618386,0
LA_D_7501222,0,0.000110611705,0
LA_D_7519959,0,0.00015736572,0
LA_D_7588829,0,0.00022162971,0
LA_D_7599548,0,7.3403295e-05,0
LA_D_7663034,0,3.4685552e-05,0
LA_D_7728140,0,0.00015340405,0
LA_D_7773769,0,0.0001520961,0
LA_D_7806158,0,0.00018460545,0
LA_D_7821302,0,0.0001908654,0
LA_D_7840753,0,0.00016294245,0
LA_D_7892017,0,0.00020081394,0
LA_D_7904343,0,9.897466e-05,0
LA_D_7920083,0,8.880749e-05,0
LA_D_7928225,0,0.00064019434,0
LA_D_8011201,0,0.00021534185,0
LA_D_8028589,0,0.00013874975,0
LA_D_8059988,0,0.00017277374,0
LA_D_8070544,0,0.00010643079,0
LA_D_8075316,0,0.00012041817,0
LA_D_8076714,0,0.00029513997,0
LA_D_8088848,0,0.00023795813,0
LA_D_8096872,0,0.00014853649,0
LA_D_8113827,0,0.0002397829,0
LA_D_8172352,0,6.9169044e-05,0
LA_D_8204811,0,0.00019493411,0
LA_D_8206665,0,0.00013607915,0
LA_D_8208934,0,0.00023547752,0
LA_D_8216112,0,0.00012194483,0
LA_D_8221506,0,2.9048766e-05,0
LA_D_8239585,0,0.00026736452,0
LA_D_8264187,0,0.00028071261,0
LA_D_8305381,0,7.321929e-05,0
LA_D_8333710,0,0.000117378804,0
LA_D_8355987,0,0.0004220063,0
LA_D_8372696,0,0.0001512988,0
LA_D_8499403,0,0.00023059288,0
LA_D_8556216,0,0.00016576196,0
LA_D_8559605,0,0.00017046789,0
LA_D_8561401,0,0.00018438364,0
LA_D_8573818,0,0.00012787753,0
LA_D_8605887,0,0.00015714065,0
LA_D_8655268,0,4.865367e-05,0
LA_D_8677181,0,0.00029957236,0
LA_D_8693858,0,0.00016515267,0
LA_D_8736080,0,0.0001180533,0
LA_D_8800120,0,0.00018230507,0
LA_D_8801720,0,0.00013079462,0
LA_D_8811306,0,0.00024085291,0
LA_D_8827374,0,0.00011829287,0
LA_D_8831382,0,0.00010198068,0
LA_D_8877909,0,0.00046485136,0
LA_D_8878321,0,0.00026594108,0
LA_D_8905956,0,9.837238e-05,0
LA_D_8910822,0,0.000107663465,0
LA_D_8940643,0,9.615742e-05,0
LA_D_9042048,0,0.0002126072,0
LA_D_9170505,0,4.255837e-05,0
LA_D_9173264,0,0.00020469868,0
LA_D_9174169,0,0.00013857428,0
LA_D_9257491,0,0.00024005095,0
LA_D_9275744,0,8.5072745e-05,0
LA_D_9289055,0,7.5414224e-05,0
LA_D_9338745,0,0.0002393507,0
LA_D_9392816,0,0.00011536952,0
LA_D_9400890,0,9.801114e-05,0
LA_D_9429220,0,0.0001927357,0
LA_D_9430144,0,7.187486e-05,0
LA_D_9437346,0,0.00014099045,0
LA_D_9446553,0,0.00020130299,0
LA_D_9450925,0,0.0001201343,0
LA_D_9454983,0,6.2453524e-05,0
LA_D_9456431,0,0.00012055397,0
LA_D_9499849,0,7.815075e-05,0
LA_D_9540047,0,0.00010789595,0
LA_D_9556871,0,0.00014472859,0
LA_D_9579813,0,0.00018515758,0
LA_D_9589501,0,0.00010748621,0
LA_D_9615736,0,0.000107661006,0
LA_D_9744441,0,0.00036621126,0
LA_D_9747652,0,0.00023716968,0
LA_D_9751462,0,0.0002526789,0
LA_D_9756685,0,5.8794045e-05,0
LA_D_9765860,0,0.00012110816,0
LA_D_9769935,0,0.00013980713,0
LA_D_9773809,0,0.00021120884,0
LA_D_9783743,0,0.00037764024,0
LA_D_9804348,0,0.00015173136,0
LA_D_9824861,0,0.0002679752,0
LA_D_9835448,0,0.00017934252,0
LA_D_9864602,0,0.00014793492,0
LA_D_9864604,0,9.57718e-05,0
LA_D_9878419,0,0.0002020938,0
LA_D_9925458,0,0.00027132893,0
LA_D_9926375,0,0.00014704975,0
LA_D_9985382,0,0.0003746843,0
LA_D_9995517,0,0.00012899199,0
LA_D_1018598,0,0.00020099209,0
LA_D_1028482,0,0.00020178188,0
LA_D_1035474,0,6.1967825e-05,0
LA_D_1049366,0,5.6311397e-05,0
LA_D_1058790,0,2.6236763e-05,0
LA_D_1084880,0,0.0002537155,0
LA_D_1099638,0,3.6655827e-05,0
LA_D_1138529,0,0.00017118866,0
LA_D_1142092,0,5.5465225e-05,0
LA_D_1151622,0,5.5103195e-05,0
LA_D_1158203,0,1.664123e-05,0
LA_D_1163392,0,0.00022230334,0
LA_D_1168046,0,0.00015083986,0
LA_D_1195873,0,0.00013802397,0
LA_D_1248515,0,0.00012908131,0
LA_D_1249536,0,5.7011446e-05,0
LA_D_1251682,0,0.0002533993,0
LA_D_1252794,0,7.190846e-05,0
LA_D_1254455,0,6.370606e-05,0
LA_D_1298257,0,4.5321216e-05,0
LA_D_1379062,0,0.00010821444,0
LA_D_1394305,0,0.00013541926,0
LA_D_1434936,0,0.000128215,0
LA_D_1468044,0,5.5159027e-05,0
LA_D_1522579,0,8.423796e-05,0
LA_D_1534651,0,0.000104090075,0
LA_D_1557675,0,5.8099027e-05,0
LA_D_1611025,0,9.626689e-06,0
LA_D_1613798,0,2.1006e-05,0
LA_D_1622941,0,7.333284e-05,0
LA_D_1628180,0,8.2450206e-05,0
LA_D_1667962,0,0.00011024599,0
LA_D_1719951,0,0.00025000793,0
LA_D_1725328,0,1.716343e-05,0
LA_D_1744737,0,9.742715e-05,0
LA_D_1751782,0,0.00011703368,0
LA_D_1786331,0,5.096078e-05,0
LA_D_1820743,0,6.340599e-05,0
LA_D_1821879,0,0.0001787968,0
LA_D_1836171,0,0.00013048656,0
LA_D_1860197,0,9.704875e-05,0
LA_D_1884569,0,8.517527e-05,0
LA_D_1884725,0,3.7435348e-05,0
LA_D_1898947,0,0.000129118,0
LA_D_1899277,0,6.524365e-05,0
LA_D_1943271,0,8.1969185e-05,0
LA_D_1991616,0,5.5935303e-05,0
LA_D_2019341,0,0.0001298882,0
LA_D_2026758,0,0.00011129889,0
LA_D_2044181,0,5.4109347e-05,0
LA_D_2083098,0,5.32954e-05,0
LA_D_2087690,0,6.482014e-05,0
LA_D_2097438,0,0.00010989794,0
LA_D_2103892,0,0.00017068518,0
LA_D_2126341,0,9.53959e-05,0
LA_D_2214692,0,8.43246e-05,0
LA_D_2227757,0,3.6592995e-05,0
LA_D_2228121,0,0.00013737509,0
LA_D_2237572,0,0.0001155394,0
LA_D_2247282,0,0.0001322663,0
LA_D_2284017,0,6.373583e-05,0
LA_D_2291890,0,7.9348036e-05,0
LA_D_2296372,0,8.277682e-05,0
LA_D_2330702,0,2.3642544e-05,0
LA_D_2352643,0,2.5758627e-05,0
LA_D_2375973,0,0.0001376822,0
LA_D_2403858,0,6.179993e-05,0
LA_D_2409344,0,9.685451e-05,0
LA_D_2410043,0,3.356781e-05,0
LA_D_2464441,0,2.5115029e-05,0
LA_D_2541397,0,0.00011753796,0
LA_D_2542630,0,8.743261e-05,0
LA_D_2579249,0,3.3631346e-05,0
LA_D_2583973,0,4.4961595e-05,0
LA_D_2600674,0,9.554721e-05,0
LA_D_2622778,0,8.829711e-05,0
LA_D_2642581,0,7.067942e-05,0
LA_D_2651795,0,0.00010841316,0
LA_D_2652985,0,6.3806925e-05,0
LA_D_2680311,0,7.161488e-05,0
LA_D_2696379,0,7.7055745e-05,0
LA_D_2717961,0,0.00010881573,0
LA_D_2723107,0,0.00016646077,0
LA_D_2753356,0,6.302224e-05,0
LA_D_2792366,0,5.8004975e-05,0
LA_D_2811040,0,9.494504e-05,0
LA_D_2856557,0,6.494401e-05,0
LA_D_2859163,0,0.000144874,0
LA_D_2868410,0,3.356368e-05,0
LA_D_2876938,0,5.5496814e-05,0
LA_D_2903458,0,3.123609e-05,0
LA_D_2964886,0,0.00032169715,0
LA_D_2990184,0,0.00010268698,0
LA_D_2999196,0,0.00011046888,0
LA_D_2999262,0,0.00014287094,0
LA_D_3084288,0,3.1053696e-05,0
LA_D_3090583,0,7.003674e-05,0
LA_D_3092472,0,8.503779e-05,0
LA_D_3092700,0,8.4092215e-05,0
LA_D_3130241,0,0.00014331822,0
LA_D_3135599,0,8.542222e-05,0
LA_D_3135628,0,0.00010554414,0
LA_D_3140567,0,0.00014986027,0
LA_D_3171199,0,8.002525e-05,0
LA_D_3231093,0,8.27769e-05,0
LA_D_3239072,0,2.4932633e-05,0
LA_D_3243106,0,0.00010431375,0
LA_D_3292767,0,3.0032332e-05,0
LA_D_3336031,0,0.00015232136,0
LA_D_3354359,0,6.188332e-05,0
LA_D_3374460,0,0.00012322949,0
LA_D_3430397,0,4.26602e-05,0
LA_D_3431472,0,1.5630052e-05,0
LA_D_3441965,0,6.612689e-05,0
LA_D_3464373,0,6.997152e-05,0
LA_D_3466785,0,5.934308e-05,0
LA_D_3476552,0,7.723149e-05,0
LA_D_3499835,0,0.00012904662,0
LA_D_3538356,0,7.0553164e-05,0
LA_D_3595174,0,6.84427e-05,0
LA_D_3608947,0,0.00014054951,0
LA_D_3620817,0,3.289996e-05,0
LA_D_3621540,0,5.6518948e-05,0
LA_D_3671059,0,0.00012410896,0
LA_D_3678117,0,4.1031733e-05,0
LA_D_3695649,0,0.00016010707,0
LA_D_3712860,0,9.9722696e-05,0
LA_D_3713729,0,0.00010362648,0
LA_D_3720476,0,9.7438955e-05,0
LA_D_3747854,0,0.00012971406,0
LA_D_3775896,0,8.4051164e-05,0
LA_D_3831306,0,0.00011914157,0
LA_D_3834961,0,9.258784e-05,0
LA_D_3863318,0,0.00014104453,0
LA_D_3921050,0,5.5009164e-05,0
LA_D_3934729,0,9.069543e-05,0
LA_D_3945922,0,0.00012361586,0
LA_D_3981689,0,0.00020410777,0
LA_D_3983088,0,4.1152074e-05,0
LA_D_4007368,0,3.4993373e-05,0
LA_D_4037520,0,7.010189e-05,0
LA_D_4039301,0,4.0050323e-05,0
LA_D_4055045,0,3.8879913e-05,0
LA_D_4062551,0,6.4118e-05,0
LA_D_4076908,0,0.00013209337,0
LA_D_4085373,0,0.00017588338,0
LA_D_4157572,0,5.2910436e-05,0
LA_D_4163754,0,9.934959e-05,0
LA_D_4198326,0,0.00017098736,0
LA_D_4256004,0,7.654923e-05,0
LA_D_4274981,0,7.512267e-05,0
LA_D_4277712,0,5.176548e-05,0
LA_D_4326060,0,0.00014856822,0
LA_D_4357087,0,0.00010474934,0
LA_D_4360961,0,4.614222e-05,0
LA_D_4386137,0,3.936743e-05,0
LA_D_4411557,0,9.520306e-05,0
LA_D_4453721,0,9.1292415e-05,0
LA_D_4459933,0,0.000158811,0
LA_D_4467119,0,5.0058345e-05,0
LA_D_4469400,0,0.000110328234,0
LA_D_4487776,0,2.1929722e-05,0
LA_D_4488391,0,0.00012962452,0
LA_D_4532710,0,0.00012805055,0
LA_D_4545053,0,7.9684105e-05,0
LA_D_4551946,0,0.00014410587,0
LA_D_4573944,0,4.614521e-05,0
LA_D_4615442,0,7.638013e-05,0
LA_D_4708202,0,4.2737895e-05,0
LA_D_4718837,0,8.3136365e-05,0
LA_D_4771311,0,0.0001936381,0
LA_D_4794184,0,6.693625e-05,0
LA_D_4797304,0,0.00010644114,0
LA_D_4797934,0,5.898892e-05,0
LA_D_4798662,0,9.2214774e-05,0
LA_D_4825371,0,0.00013847165,0
LA_D_4825650,0,0.00013272288,0
LA_D_4830541,0,0.00013300858,0
LA_D_4830591,0,0.00012117897,0
LA_D_4857699,0,0.0001079719,0
LA_D_4860045,0,7.961392e-05,0
LA_D_4874503,0,7.4834454e-05,0
LA_D_4964036,0,9.269845e-05,0
LA_D_4983313,0,3.3789387e-05,0
LA_D_4984003,0,0.00016363936,0
LA_D_5018111,0,0.00017244095,0
LA_D_5018490,0,0.00015119872,0
LA_D_5026406,0,0.00016411941,0
LA_D_5060788,0,7.527778e-05,0
LA_D_5064398,0,5.482603e-05,0
LA_D_5095523,0,0.00016747077,0
LA_D_5119493,0,0.00010643059,0
LA_D_5151616,0,4.4413573e-05,0
LA_D_5156009,0,5.8483747e-05,0
LA_D_5179475,0,0.00011557466,0
LA_D_5188766,0,6.561733e-05,0
LA_D_5242820,0,6.1295235e-05,0
LA_D_5262166,0,0.000104029845,0
LA_D_5287350,0,4.5467015e-05,0
LA_D_5292647,0,0.00010789831,0
LA_D_5329061,0,2.9814368e-05,0
LA_D_5360138,0,0.00010074723,0
LA_D_5416414,0,5.915464e-05,0
LA_D_5427352,0,9.636165e-05,0
LA_D_5441022,0,0.0002737316,0
LA_D_5476791,0,3.8760296e-05,0
LA_D_5496756,0,0.00010089433,0
LA_D_5503083,0,0.00017804418,0
LA_D_5503291,0,7.317413e-05,0
LA_D_5507926,0,9.408245e-05,0
LA_D_5517898,0,4.490919e-05,0
LA_D_5560002,0,7.1692775e-05,0
LA_D_5565973,0,9.097625e-05,0
LA_D_5615493,0,9.1865986e-05,0
LA_D_5623022,0,0.00014070615,0
LA_D_5624531,0,0.00013115692,0
LA_D_5629796,0,5.717696e-05,0
LA_D_5680161,0,0.00013926522,0
LA_D_5715212,0,5.971519e-05,0
LA_D_5765277,0,6.2978565e-05,0
LA_D_5781241,0,6.1257844e-05,0
LA_D_5800838,0,0.00015330067,0
LA_D_5804847,0,9.557208e-05,0
LA_D_5820637,0,8.309151e-05,0
LA_D_5841055,0,0.00017576033,0
LA_D_5874054,0,8.461974e-05,0
LA_D_5888899,0,3.910786e-05,0
LA_D_5894140,0,7.50346e-05,0
LA_D_5898202,0,0.00010617687,0
LA_D_5924199,0,0.000110062276,0
LA_D_5931696,0,7.996354e-05,0
LA_D_5936355,0,7.6039876e-05,0
LA_D_5937369,0,3.329932e-05,0
LA_D_5944292,0,0.00013383744,0
LA_D_5960315,0,5.6039586e-05,0
LA_D_5973374,0,6.9682595e-05,0
LA_D_5991520,0,5.3869633e-05,0
LA_D_6021341,0,0.00016507016,0
LA_D_6063219,0,0.00013473185,0
LA_D_6078000,0,0.00010375225,0
LA_D_6084402,0,4.6537018e-05,0
LA_D_6131696,0,7.1372306e-05,0
LA_D_6136274,0,3.109827e-05,0
LA_D_6171581,0,8.9599074e-05,0
LA_D_6208485,0,8.565813e-05,0
LA_D_6242242,0,7.9580146e-05,0
LA_D_6252325,0,0.0001537165,0
LA_D_6256706,0,5.0115614e-05,0
LA_D_6292396,0,5.1559495e-05,0
LA_D_6293563,0,3.702443e-05,0
LA_D_6304781,0,0.00013444424,0
LA_D_6306641,0,7.1824776e-05,0
LA_D_6316737,0,6.0272767e-05,0
LA_D_6344509,0,0.00012592704,0
LA_D_6379274,0,0.00014790332,0
LA_D_6401440,0,6.601323e-05,0
LA_D_6401633,0,0.00016032383,0
LA_D_6405665,0,6.7320274e-05,0
LA_D_6415971,0,9.250145e-05,0
LA_D_6421601,0,6.304556e-05,0
LA_D_6431120,0,0.00031552144,0
LA_D_6443383,0,9.645827e-05,0
LA_D_6458836,0,5.585104e-05,0
LA_D_6462998,0,8.1302416e-05,0
LA_D_6477185,0,0.0001453188,0
LA_D_6487170,0,2.3621673e-05,0
LA_D_6520929,0,5.0931394e-05,0
LA_D_6567611,0,3.5556488e-05,0
LA_D_6575860,0,9.250489e-05,0
LA_D_6599233,0,0.00012194622,0
LA_D_6600823,0,1.1860793e-05,0
LA_D_6613069,0,0.00016507709,0
LA_D_6650700,0,6.887352e-05,0
LA_D_6662518,0,7.666707e-05,0
LA_D_6678932,0,6.536527e-05,0
LA_D_6682281,0,1.8627145e-05,0
LA_D_6704901,0,0.000101449834,0
LA_D_6763784,0,0.00013031607,0
LA_D_6851421,0,0.00019470524,0
LA_D_6925004,0,0.0001256599,0
LA_D_6937667,0,0.00010053917,0
LA_D_6945296,0,6.8779525e-05,0
LA_D_6946419,0,0.00012936695,0
LA_D_6949687,0,0.00010894812,0
LA_D_6975418,0,7.302705e-05,0
LA_D_7009859,0,5.6486453e-05,0
LA_D_7038523,0,0.00017152034,0
LA_D_7039777,0,0.00022362395,0
LA_D_7169168,0,6.824361e-05,0
LA_D_7172075,0,4.0002535e-05,0
LA_D_7196635,0,7.507913e-05,0
LA_D_7200372,0,0.00016207593,0
LA_D_7212540,0,0.00013587235,0
LA_D_7218456,0,2.9944189e-05,0
LA_D_7225338,0,0.00014641495,0
LA_D_7262720,0,6.981988e-05,0
LA_D_7274330,0,0.00013851312,0
LA_D_7286535,0,0.00021097333,0
LA_D_7342043,0,0.00011082846,0
LA_D_7362645,0,1.7430899e-05,0
LA_D_7380433,0,4.8260426e-05,0
LA_D_7380667,0,6.498917e-05,0
LA_D_7398116,0,6.8661175e-05,0
LA_D_7478232,0,5.303319e-05,0
LA_D_7510219,0,2.3121895e-05,0
LA_D_7558612,0,9.97791e-05,0
LA_D_7567821,0,7.596377e-05,0
LA_D_7571658,0,6.743773e-05,0
LA_D_7581183,0,4.6386464e-05,0
LA_D_7604669,0,8.502441e-05,0
LA_D_7664865,0,0.00021270149,0
LA_D_7680436,0,6.541696e-05,0
LA_D_7684971,0,0.00011399427,0
LA_D_7692183,0,9.531552e-05,0
LA_D_7711976,0,0.00011699897,0
LA_D_7736037,0,0.00010698801,0
LA_D_7736331,0,5.0281582e-05,0
LA_D_7772478,0,6.984205e-05,0
LA_D_7775830,0,0.00015923863,0
LA_D_7805571,0,5.9175294e-05,0
LA_D_7858202,0,1.088717e-05,0
LA_D_7888661,0,5.150185e-05,0
LA_D_7893603,0,0.0001895046,0
LA_D_7931644,0,0.00010905195,0
LA_D_7950517,0,7.866793e-05,0
LA_D_7953471,0,0.000102267855,0
LA_D_7957109,0,0.00015309863,0
LA_D_7965379,0,5.704984e-05,0
LA_D_7967827,0,0.0001258556,0
LA_D_8035773,0,4.8586207e-05,0
LA_D_8045100,0,0.00010652308,0
LA_D_8047166,0,0.00018768411,0
LA_D_8102825,0,0.00011244545,0
LA_D_8120238,0,6.639138e-05,0
LA_D_8149667,0,0.00014212322,0
LA_D_8161190,0,0.00011536467,0
LA_D_8161949,0,6.8383735e-05,0
LA_D_8169706,0,6.124236e-05,0
LA_D_8187108,0,9.289011e-05,0
LA_D_8197963,0,5.4863052e-05,0
LA_D_8283203,0,6.6342654e-05,0
LA_D_8286094,0,0.000108855595,0
LA_D_8335083,0,3.7815902e-05,0
LA_D_8348784,0,0.000119014054,0
LA_D_8355334,0,8.574868e-05,0
LA_D_8384015,0,5.0473842e-05,0
LA_D_8431362,0,0.00012779767,0
LA_D_8434051,0,7.87879e-05,0
LA_D_8439511,0,0.00012559461,0
LA_D_8447703,0,9.168221e-05,0
LA_D_8453540,0,0.00010557412,0
LA_D_8480078,0,3.7575697e-05,0
LA_D_8482059,0,5.770963e-05,0
LA_D_8483290,0,0.00010127595,0
LA_D_8505020,0,0.000118369826,0
LA_D_8524530,0,2.7271146e-05,0
LA_D_8530524,0,5.0212486e-05,0
LA_D_8546655,0,8.258248e-05,0
LA_D_8593660,0,0.00013749117,0
LA_D_8623253,0,0.0001348803,0
LA_D_8678171,0,6.6559376e-05,0
LA_D_8686912,0,0.00015318948,0
LA_D_8721312,0,0.00011154762,0
LA_D_8729192,0,8.6601984e-05,0
LA_D_8750902,0,0.00012728895,0
LA_D_8788142,0,5.541796e-05,0
LA_D_8813745,0,0.00015841205,0
LA_D_8842633,0,0.00010743047,0
LA_D_8858217,0,0.00014806449,0
LA_D_8868121,0,0.0001880838,0
LA_D_8868214,0,8.968062e-05,0
LA_D_8878659,0,9.128084e-05,0
LA_D_8895696,0,0.00014616513,0
LA_D_8914938,0,0.00013928581,0
LA_D_8918981,0,5.0487903e-05,0
LA_D_8930242,0,0.00027756454,0
LA_D_8965622,0,6.204363e-05,0
LA_D_8983810,0,9.0185575e-05,0
LA_D_8991799,0,6.725367e-05,0
LA_D_9013901,0,5.0579365e-05,0
LA_D_9045200,0,0.0001849245,0
LA_D_9073905,0,0.00018735173,0
LA_D_9075341,0,0.00016072011,0
LA_D_9091046,0,0.00030064757,0
LA_D_9122088,0,8.4549734e-05,0
LA_D_9138892,0,7.841829e-05,0
LA_D_9159860,0,1.2253337e-05,0
LA_D_9173342,0,0.00014196271,0
LA_D_9178673,0,0.00017400974,0
LA_D_9193020,0,0.00040023224,0
LA_D_9199194,0,5.568618e-05,0
LA_D_9238588,0,6.6034765e-05,0
LA_D_9289629,0,0.00014043886,0
LA_D_9356917,0,0.00014276798,0
LA_D_9384056,0,7.713485e-05,0
LA_D_9399713,0,5.243266e-05,0
LA_D_9430687,0,0.00016032186,0
LA_D_9470738,0,7.819383e-05,0
LA_D_9582133,0,0.00013061863,0
LA_D_9600380,0,3.6765334e-05,0
LA_D_9621176,0,0.00017348558,0
LA_D_9646783,0,6.761139e-05,0
LA_D_9687836,0,4.4785887e-05,0
LA_D_9697274,0,7.05737e-05,0
LA_D_9701184,0,0.00016917363,0
LA_D_9715092,0,0.00017206484,0
LA_D_9736602,0,7.1252354e-05,0
LA_D_9745303,0,0.00010366582,0
LA_D_9747113,0,0.00014031825,0
LA_D_9819813,0,4.9697806e-05,0
LA_D_9841488,0,5.322998e-05,0
LA_D_9885280,0,6.81586e-05,0
LA_D_9936838,0,0.00021961726,0
LA_D_9955848,0,3.602999e-05,0
LA_D_1000265,0,7.296092e-05,0
LA_D_1017388,0,9.857294e-05,0
LA_D_1062092,0,5.436609e-05,0
LA_D_1089317,0,0.00011950737,0
LA_D_1089742,0,9.901705e-05,0
LA_D_1110875,0,0.00013380146,0
LA_D_1139569,0,7.7510456e-05,0
LA_D_1173950,0,0.000107539316,0
LA_D_1192985,0,6.606865e-05,0
LA_D_1235726,0,0.00011728125,0
LA_D_1249404,0,0.00012682904,0
LA_D_1252946,0,6.584223e-05,0
LA_D_1276192,0,6.642115e-05,0
LA_D_1315668,0,0.00012049994,0
LA_D_1376639,0,0.00014909173,0
LA_D_1424867,0,6.019029e-05,0
LA_D_1431489,0,0.00012856149,0
LA_D_1437476,0,0.00032035902,0
LA_D_1455965,0,0.00013282947,0
LA_D_1472668,0,0.0002759597,0
LA_D_1477627,0,0.00011261338,0
LA_D_1558626,0,0.000109858964,0
LA_D_1562319,0,0.00014269313,0
LA_D_1566401,0,0.0001045739,0
LA_D_1672560,0,8.163734e-05,0
LA_D_1680789,0,5.7509213e-05,0
LA_D_1682212,0,8.0802034e-05,0
LA_D_1787311,0,6.307581e-05,0
LA_D_1799699,0,0.000104971834,0
LA_D_1820129,0,7.477075e-05,0
LA_D_1836990,0,0.00010900704,0
LA_D_1837020,0,7.646766e-05,0
LA_D_1838611,0,0.00015450445,0
LA_D_1896171,0,0.000107277105,0
LA_D_1904585,0,0.000108526,0
LA_D_1934501,0,8.105779e-05,0
LA_D_1939545,0,5.9422408e-05,0
LA_D_1961118,0,0.00019898514,0
LA_D_1976616,0,0.00015557656,0
LA_D_1995371,0,8.2320665e-05,0
LA_D_2012659,0,0.0001152067,0
LA_D_2066237,0,0.00018392026,0
LA_D_2082122,0,5.4039934e-05,0
LA_D_2095979,0,5.5654218e-05,0
LA_D_2105337,0,0.00013343655,0
LA_D_2118619,0,8.2413186e-05,0
LA_D_2121691,0,6.9822476e-05,0
LA_D_2178810,0,9.327535e-05,0
LA_D_2186988,0,3.386639e-05,0
LA_D_2226779,0,9.081764e-05,0
LA_D_2238837,0,0.00011806782,0
LA_D_2247196,0,0.000113839254,0
LA_D_2293445,0,0.00010195229,0
LA_D_2293756,0,0.000102720966,0
LA_D_2312696,0,0.000110570676,0
LA_D_2314419,0,0.00020758182,0
LA_D_2317390,0,7.844028e-05,0
LA_D_2347763,0,0.00014237224,0
LA_D_2354675,0,0.00010345588,0
LA_D_2430844,0,0.00017222733,0
LA_D_2433669,0,6.471515e-05,0
LA_D_2441277,0,8.341749e-05,0
LA_D_2462646,0,7.3556614e-05,0
LA_D_2484556,0,0.00010918098,0
LA_D_2509640,0,0.00012342553,0
LA_D_2511835,0,3.4014112e-05,0
LA_D_2527097,0,8.8647656e-05,0
LA_D_2549498,0,8.551024e-05,0
LA_D_2553000,0,0.00013301022,0
LA_D_2577860,0,8.79972e-05,0
LA_D_2604115,0,8.224925e-05,0
LA_D_2649427,0,0.000118727046,0
LA_D_2662277,0,9.4953015e-05,0
LA_D_2669822,0,0.0001297415,0
LA_D_2686791,0,0.0001410647,0
LA_D_2698391,0,9.243241e-05,0
LA_D_2731107,0,0.0001001801,0
LA_D_2746814,0,0.000106658576,0
LA_D_2747335,0,7.2842944e-05,0
LA_D_2819058,0,0.00012453823,0
LA_D_2822128,0,9.2432936e-05,0
LA_D_2845768,0,0.000117056785,0
LA_D_2871146,0,4.292705e-05,0
LA_D_2875404,0,9.800114e-05,0
LA_D_2892987,0,0.0001308465,0
LA_D_2925360,0,3.0513489e-05,0
LA_D_2945684,0,0.00012040772,0
LA_D_2955058,0,9.5114585e-05,0
LA_D_2978349,0,0.00014296852,0
LA_D_2985805,0,0.00016710708,0
LA_D_3063995,0,8.8517394e-05,0
LA_D_3068893,0,0.00014615187,0
LA_D_3069501,0,8.84165e-05,0
LA_D_3086208,0,0.00012555954,0
LA_D_3116367,0,0.00013510391,0
LA_D_3135080,0,0.00011978633,0
LA_D_3146197,0,0.00013039936,0
LA_D_3149657,0,0.000120387165,0
LA_D_3191079,0,0.000102384365,0
LA_D_3203408,0,0.00014812364,0
LA_D_3215585,0,8.5193955e-05,0
LA_D_3227116,0,0.00014332586,0
LA_D_3256006,0,4.210443e-05,0
LA_D_3286671,0,7.0092996e-05,0
LA_D_3287756,0,6.182098e-05,0
LA_D_3302867,0,9.639814e-05,0
LA_D_3311228,0,7.25293e-05,0
LA_D_3329538,0,0.00013142647,0
LA_D_3334677,0,9.993737e-05,0
LA_D_3365048,0,9.369683e-05,0
LA_D_3393353,0,0.00012406686,0
LA_D_3409724,0,8.629458e-05,0
LA_D_3428215,0,0.00016782676,0
LA_D_3444875,0,0.00012656662,0
LA_D_3445876,0,0.00010548719,0
LA_D_3515975,0,4.3673437e-05,0
LA_D_3522924,0,0.00012219299,0
LA_D_3546314,0,0.00010763647,0
LA_D_3566458,0,0.00021161199,0
LA_D_3600248,0,8.054203e-05,0
LA_D_3607908,0,0.00013038891,0
LA_D_3616699,0,9.6175754e-05,0
LA_D_3661828,0,7.542371e-05,0
LA_D_3727519,0,7.795343e-05,0
LA_D_3761549,0,6.204014e-05,0
LA_D_3763969,0,0.00012666876,0
LA_D_3778726,0,9.200214e-05,0
LA_D_3779434,0,0.00012797097,0
LA_D_3801913,0,0.00013651558,0
LA_D_3881998,0,6.62676e-05,0
LA_D_3911980,0,5.9053087e-05,0
LA_D_3981652,0,0.000188004,0
LA_D_4001985,0,0.00014261043,0
LA_D_4036471,0,7.4516145e-05,0
LA_D_4042906,0,0.00023451183,0
LA_D_4050508,0,7.6744014e-05,0
LA_D_4059440,0,0.00011892363,0
LA_D_4072285,0,0.00012494445,0
LA_D_4102706,0,0.00011427571,0
LA_D_4163122,0,0.00010901972,0
LA_D_4171487,0,0.0001656858,0
LA_D_4177111,0,9.7046905e-05,0
LA_D_4209404,0,6.8872e-05,0
LA_D_4211767,0,6.355327e-05,0
LA_D_4252508,0,9.050933e-05,0
LA_D_4269073,0,0.00012903677,0
LA_D_4305782,0,0.000111960995,0
LA_D_4316242,0,0.000109658424,0
LA_D_4353068,0,0.00012716702,0
LA_D_4365990,0,0.00061171653,0
LA_D_4375021,0,0.00012817515,0
LA_D_4417694,0,9.792435e-05,0
LA_D_4421447,0,0.00012682033,0
LA_D_4449349,0,0.0001302716,0
LA_D_4474092,0,0.00011050133,0
LA_D_4485460,0,8.358957e-05,0
LA_D_4493718,0,0.0001003745,0
LA_D_4515855,0,0.00012694881,0
LA_D_4516967,0,0.00012533466,0
LA_D_4523584,0,6.76072e-05,0
LA_D_4534941,0,0.00020210228,0
LA_D_4537765,0,7.288172e-05,0
LA_D_4544332,0,4.3557146e-05,0
LA_D_4551508,0,0.00013650893,0
LA_D_4551677,0,0.00015435395,0
LA_D_4554231,0,9.355702e-05,0
LA_D_4569757,0,5.6012548e-05,0
LA_D_4604403,0,8.996825e-05,0
LA_D_4616369,0,7.881955e-05,0
LA_D_4628903,0,0.00016544992,0
LA_D_4664946,0,8.876549e-05,0
LA_D_4688316,0,4.641487e-05,0
LA_D_4758475,0,0.00010889369,0
LA_D_4764995,0,9.510797e-05,0
LA_D_4797424,0,0.00013402518,0
LA_D_4797539,0,0.00013927212,0
LA_D_4810275,0,8.242733e-05,0
LA_D_4840046,0,0.00015163345,0
LA_D_4885731,0,5.426235e-05,0
LA_D_4887957,0,0.000121663405,0
LA_D_4891771,0,7.586547e-05,0
LA_D_4905165,0,0.0003291919,0
LA_D_4926358,0,0.00012686774,0
LA_D_4932502,0,0.00012809793,0
LA_D_4977836,0,9.942427e-05,0
LA_D_4995600,0,0.00014213785,0
LA_D_5000373,0,0.000114309056,0
LA_D_5091990,0,5.742745e-05,0
LA_D_5095873,0,4.0878007e-05,0
LA_D_5150398,0,0.00010085893,0
LA_D_5163732,0,0.00015591425,0
LA_D_5163849,0,7.394666e-05,0
LA_D_5174969,0,0.00012758376,0
LA_D_5257168,0,3.9836137e-05,0
LA_D_5261935,0,0.00012177494,0
LA_D_5267454,0,0.00010592031,0
LA_D_5287781,0,0.000100891346,0
LA_D_5302061,0,4.777359e-05,0
LA_D_5310025,0,0.000109512344,0
LA_D_5328028,0,4.023845e-05,0
LA_D_5328763,0,0.00014365616,0
LA_D_5363745,0,0.00015477164,0
LA_D_5366966,0,8.390046e-05,0
LA_D_5401010,0,9.717692e-05,0
LA_D_5440307,0,6.476583e-05,0
LA_D_5461007,0,0.000106068284,0
LA_D_5470929,0,0.00014364657,0
LA_D_5474141,0,0.000111752146,0
LA_D_5483224,0,8.668684e-05,0
LA_D_5518682,0,0.000117659736,0
LA_D_5525496,0,0.00031319456,0
LA_D_5532565,0,0.00017706816,0
LA_D_5565989,0,0.00013335998,0
LA_D_5588322,0,0.000107805856,0
LA_D_5611954,0,8.003647e-05,0
LA_D_5643426,0,8.014698e-05,0
LA_D_5687206,0,7.036698e-05,0
LA_D_5714289,0,9.735583e-05,0
LA_D_5788841,0,6.7682486e-05,0
LA_D_5835325,0,5.6372108e-05,0
LA_D_5905925,0,6.153395e-05,0
LA_D_5990940,0,9.0996466e-05,0
LA_D_6011425,0,6.511206e-05,0
LA_D_6023280,0,4.8485355e-05,0
LA_D_6029082,0,0.00019864754,0
LA_D_6029194,0,0.00010573644,0
LA_D_6046766,0,0.000110532106,0
LA_D_6053775,0,8.2720886e-05,0
LA_D_6134312,0,0.00019369942,0
LA_D_6135037,0,7.8682715e-05,0
LA_D_6138779,0,0.000100535726,0
LA_D_6148611,0,7.851242e-05,0
LA_D_6162938,0,5.0581006e-05,0
LA_D_6175279,0,6.8651876e-05,0
LA_D_6187202,0,0.00011022212,0
LA_D_6234137,0,0.0001160639,0
LA_D_6235547,0,0.000119580094,0
LA_D_6239034,0,6.699315e-05,0
LA_D_6244535,0,0.0001002339,0
LA_D_6261139,0,0.000114191185,0
LA_D_6264594,0,9.3239425e-05,0
LA_D_6302406,0,7.109604e-05,0
LA_D_6312072,0,0.000108546694,0
LA_D_6323745,0,5.875246e-05,0
LA_D_6336346,0,0.00010346021,0
LA_D_6357321,0,0.000111295085,0
LA_D_6369721,0,0.00012379776,0
LA_D_6378325,0,8.737851e-05,0
LA_D_6379147,0,5.6331104e-05,0
LA_D_6412670,0,0.00012576167,0
LA_D_6427095,0,0.00013412912,0
LA_D_6461848,0,3.865528e-05,0
LA_D_6472736,0,0.00010873037,0
LA_D_6480332,0,0.00011260832,0
LA_D_6490598,0,0.0001267026,0
LA_D_6497836,0,8.8488785e-05,0
LA_D_6518387,0,0.000103305734,0
LA_D_6532700,0,8.677641e-05,0
LA_D_6587975,0,0.000118154894,0
LA_D_6601716,0,6.965025e-05,0
LA_D_6627504,0,0.000119726385,0
LA_D_6637053,0,0.00010707996,0
LA_D_6669288,0,0.00010050964,0
LA_D_6738104,0,9.973174e-05,0
LA_D_6757727,0,9.389074e-05,0
LA_D_6758674,0,7.909013e-05,0
LA_D_6826932,0,0.00011571227,0
LA_D_6871318,0,5.7416604e-05,0
LA_D_6910629,0,0.00011994108,0
LA_D_6912549,0,8.418303e-05,0
LA_D_6922693,0,6.707715e-05,0
LA_D_6938340,0,8.8687986e-05,0
LA_D_7061454,0,0.00013642604,0
LA_D_7061939,0,7.005925e-05,0
LA_D_7073171,0,5.9310318e-05,0
LA_D_7111368,0,7.252273e-05,0
LA_D_7115681,0,0.00020561101,0
LA_D_7118013,0,0.00013034242,0
LA_D_7121651,0,9.5873576e-05,0
LA_D_7125569,0,9.743524e-05,0
LA_D_7131778,0,9.469765e-05,0
LA_D_7152111,0,7.786672e-05,0
LA_D_7171094,0,9.7255994e-05,0
LA_D_7186889,0,8.29528e-05,0
LA_D_7232349,0,0.00013558555,0
LA_D_7235738,0,0.00011944084,0
LA_D_7248183,0,0.00012063572,0
LA_D_7253234,0,7.089375e-05,0
LA_D_7254994,0,5.5003133e-05,0
LA_D_7269807,0,0.000109181594,0
LA_D_7286561,0,0.00017430134,0
LA_D_7313938,0,0.00015946076,0
LA_D_7325516,0,0.00013240484,0
LA_D_7331720,0,3.2959404e-05,0
LA_D_7349370,0,9.171159e-05,0
LA_D_7350444,0,7.8706726e-05,0
LA_D_7371430,0,0.000111122434,0
LA_D_7412720,0,2.2292055e-05,0
LA_D_7459580,0,6.956302e-05,0
LA_D_7470861,0,9.80822e-05,0
LA_D_7474045,0,0.0002021412,0
LA_D_7488791,0,0.00011072874,0
LA_D_7510623,0,0.000118034295,0
LA_D_7542197,0,0.00016089417,0
LA_D_7556050,0,0.000117138065,0
LA_D_7560243,0,6.8406756e-05,0
LA_D_7623118,0,0.00010254275,0
LA_D_7654864,0,0.00016061962,0
LA_D_7666412,0,0.0004646088,0
LA_D_7682859,0,0.00013578363,0
LA_D_7694146,0,7.342948e-05,0
LA_D_7702334,0,4.2620795e-05,0
LA_D_7753766,0,0.00014101587,0
LA_D_7760099,0,0.00021165355,0
LA_D_7774263,0,0.000118610726,0
LA_D_7774342,0,0.0001378551,0
LA_D_7777836,0,8.261447e-05,0
LA_D_7789380,0,0.00012508249,0
LA_D_7819097,0,0.00013802266,0
LA_D_7824827,0,6.0675986e-05,0
LA_D_7873404,0,5.3515207e-05,0
LA_D_7886919,0,7.028932e-05,0
LA_D_7897770,0,0.0001496682,0
LA_D_7909419,0,0.00014498385,0
LA_D_7946884,0,0.00013922366,0
LA_D_7964759,0,8.0236074e-05,0
LA_D_7969951,0,0.00010561432,0
LA_D_8005407,0,8.01071e-05,0
LA_D_8014513,0,0.00019370051,0
LA_D_8016454,0,0.00014417624,0
LA_D_8075338,0,5.436568e-05,0
LA_D_8078636,0,6.557948e-05,0
LA_D_8131341,0,7.096349e-05,0
LA_D_8159620,0,0.00013041179,0
LA_D_8200723,0,8.072048e-05,0
LA_D_8229545,0,0.00017342123,0
LA_D_8255047,0,7.226288e-05,0
LA_D_8263768,0,0.00016407105,0
LA_D_8274284,0,0.00011691935,0
LA_D_8277539,0,8.418778e-05,0
LA_D_8288906,0,0.00011360328,0
LA_D_8313652,0,8.1702296e-05,0
LA_D_8342458,0,9.224063e-05,0
LA_D_8389175,0,6.617976e-05,0
LA_D_8428885,0,0.00014866855,0
LA_D_8431371,0,0.00016025246,0
LA_D_8432132,0,0.00013334664,0
LA_D_8507748,0,0.00017052918,0
LA_D_8534487,0,9.033377e-05,0
LA_D_8538867,0,5.7789206e-05,0
LA_D_8546710,0,0.00010833121,0
LA_D_8631560,0,6.32096e-05,0
LA_D_8652934,0,0.00010271765,0
LA_D_8680689,0,9.575353e-05,0
LA_D_8704297,0,0.00023595014,0
LA_D_8764691,0,9.4891366e-05,0
LA_D_8777124,0,0.0001705334,0
LA_D_8811442,0,0.00019525777,0
LA_D_8823303,0,0.0001574367,0
LA_D_8825681,0,5.871924e-05,0
LA_D_8954015,0,8.226259e-05,0
LA_D_8974324,0,4.040009e-05,0
LA_D_8987065,0,6.13357e-05,0
LA_D_9024538,0,0.000108561595,0
LA_D_9047749,0,0.0001812642,0
LA_D_9057925,0,0.000112883565,0
LA_D_9063908,0,0.00014573523,0
LA_D_9090521,0,5.1765823e-05,0
LA_D_9098890,0,0.00018000587,0
LA_D_9108542,0,0.00010147218,0
LA_D_9120579,0,0.00015921326,0
LA_D_9140799,0,0.00014481074,0
LA_D_9172868,0,0.00015835979,0
LA_D_9192908,0,0.00015035966,0
LA_D_9199016,0,4.0162424e-05,0
LA_D_9199774,0,8.38603e-05,0
LA_D_9227483,0,8.1625425e-05,0
LA_D_9253719,0,0.000108186476,0
LA_D_9275127,0,0.00011987489,0
LA_D_9326600,0,8.418584e-05,0
LA_D_9371325,0,6.546008e-05,0
LA_D_9371594,0,8.5102365e-05,0
LA_D_9480700,0,4.3485303e-05,0
LA_D_9486780,0,0.00015866238,0
LA_D_9487464,0,9.542538e-05,0
LA_D_9503559,0,0.00010442999,0
LA_D_9515636,0,0.00011735855,0
LA_D_9526305,0,0.0001414131,0
LA_D_9533791,0,6.896027e-05,0
LA_D_9539564,0,8.659571e-05,0
LA_D_9562534,0,0.0001253698,0
LA_D_9565733,0,0.000118827746,0
LA_D_9607409,0,0.0001107619,0
LA_D_9630382,0,0.00011112816,0
LA_D_9659541,0,0.00030380007,0
LA_D_9673463,0,9.53777e-05,0
LA_D_9673567,0,5.38306e-05,0
LA_D_9699186,0,0.00014022156,0
LA_D_9699780,0,0.00010919628,0
LA_D_9725667,0,9.690227e-05,0
LA_D_9784809,0,0.00017560353,0
LA_D_9824026,0,0.00011826896,0
LA_D_9832683,0,7.4243e-05,0
LA_D_9833484,0,0.00011921919,0
LA_D_9880841,0,9.742344e-05,0
LA_D_9896645,0,8.496338e-05,0
LA_D_9914542,0,0.000147831,0
LA_D_9915172,0,0.00010167113,0
LA_D_9932427,0,8.9123074e-05,0
LA_D_9937324,0,8.3064966e-05,0
LA_D_9952740,0,4.265979e-05,0
LA_D_9986371,0,0.00011681281,0
LA_D_9990640,0,9.963687e-05,0
LA_D_9996160,0,0.00013277085,0
LA_D_1043824,0,0.00023250631,0
LA_D_1056844,0,4.7844987e-05,0
LA_D_1088314,0,0.0002746971,0
LA_D_1088929,0,0.00020032667,0
LA_D_1108768,0,0.00020456173,0
LA_D_1141118,0,0.00016783428,0
LA_D_1192749,0,0.00014615955,0
LA_D_1200542,0,0.00012556133,0
LA_D_1245233,0,0.00034016249,0
LA_D_1246251,0,0.00013793002,0
LA_D_1274207,0,0.00026328702,0
LA_D_1274554,0,9.305023e-05,0
LA_D_1300135,0,0.00014110707,0
LA_D_1322656,0,0.00023971248,0
LA_D_1359304,0,0.00012984226,0
LA_D_1412931,0,0.00014126376,0
LA_D_1415728,0,0.00023962838,0
LA_D_1422129,0,0.00021395567,0
LA_D_1461462,0,0.00013085961,0
LA_D_1539089,0,9.079114e-05,0
LA_D_1580841,0,0.00018444887,0
LA_D_1589222,0,0.00017182725,0
LA_D_1615516,0,0.00019748212,0
LA_D_1616093,0,0.00018688444,0
LA_D_1649885,0,0.00026783906,0
LA_D_1659955,0,0.00014806449,0
LA_D_1673360,0,0.00017027667,0
LA_D_1731771,0,0.00016085459,0
LA_D_1733253,0,0.00031414072,0
LA_D_1798838,0,0.00023533724,0
LA_D_1816644,0,0.00010396658,0
LA_D_1831145,0,0.00021719685,0
LA_D_1834815,0,0.0001411465,0
LA_D_1854905,0,0.00019160223,0
LA_D_1877966,0,0.00024477037,0
LA_D_1879539,0,0.0001945811,0
LA_D_1885226,0,0.0001750799,0
LA_D_1920639,0,0.00019676844,0
LA_D_1927087,0,0.00015574753,0
LA_D_1934985,0,0.00017377363,0
LA_D_1965512,0,0.00017013986,0
LA_D_1985217,0,0.0001457305,0
LA_D_2074154,0,0.00025518128,0
LA_D_2121556,0,0.000110145746,0
LA_D_2135966,0,0.00022799787,0
LA_D_2141097,0,0.0001472007,0
LA_D_2201205,0,0.00012875236,0
LA_D_2216664,0,0.00014751726,0
LA_D_2298248,0,0.00017439113,0
LA_D_2341646,0,0.00013075821,0
LA_D_2376428,0,0.00016994693,0
LA_D_2393554,0,0.00018193274,0
LA_D_2425743,0,0.0001490275,0
LA_D_2461601,0,0.00016679315,0
LA_D_2467700,0,0.00019826264,0
LA_D_2475830,0,0.00014504413,0
LA_D_2525110,0,0.00019336762,0
LA_D_2533846,0,0.00013072342,0
LA_D_2564083,0,9.068626e-05,0
LA_D_2566965,0,0.0002699173,0
LA_D_2644554,0,0.00017703862,0
LA_D_2676220,0,0.00016040444,0
LA_D_2685703,0,0.00017768583,0
LA_D_2707454,0,0.00016974544,0
LA_D_2708011,0,0.00014375373,0
LA_D_2734913,0,0.00031234234,0
LA_D_2796669,0,0.00020154478,0
LA_D_2896219,0,0.00012299822,0
LA_D_2950820,0,0.00020072647,0
LA_D_2962430,0,0.00018842178,0
LA_D_2983401,0,0.0001136283,0
LA_D_2998083,0,0.00018942621,0
LA_D_3004782,0,0.00016296032,0
LA_D_3048061,0,0.000104883075,0
LA_D_3088084,0,0.00014942323,0
LA_D_3113314,0,0.0003149369,0
LA_D_3117655,0,0.00018551313,0
LA_D_3150574,0,0.00027702947,0
LA_D_3179337,0,6.972919e-05,0
LA_D_3195295,0,0.00015616913,0
LA_D_3258000,0,0.0002501834,0
LA_D_3333324,0,0.00016418421,0
LA_D_3350240,0,0.00020791007,0
LA_D_3538677,0,7.294144e-05,0
LA_D_3553429,0,0.0001244402,0
LA_D_3555076,0,0.00021300958,0
LA_D_3621506,0,0.00013434274,0
LA_D_3639895,0,0.00021086175,0
LA_D_3649862,0,0.00017552871,0
LA_D_3673082,0,0.00015741434,0
LA_D_3674534,0,0.0002009005,0
LA_D_3675542,0,0.00018401077,0
LA_D_3775817,0,0.00016974723,0
LA_D_3777433,0,0.00013636024,0
LA_D_3828893,0,0.00019642318,0
LA_D_3855845,0,0.00020721261,0
LA_D_3871798,0,0.00024686425,0
LA_D_3912485,0,0.0001734634,0
LA_D_3931582,0,9.2511065e-05,0
LA_D_3969544,0,0.00017660565,0
LA_D_3979729,0,0.00020856546,0
LA_D_4042958,0,0.00024257327,0
LA_D_4096026,0,0.00015078837,0
LA_D_4103125,0,0.00020312442,0
LA_D_4116714,0,0.00015590459,0
LA_D_4191537,0,0.00018720012,0
LA_D_4191826,0,0.00024833143,0
LA_D_4204191,0,0.00012937952,0
LA_D_4205821,0,0.00011294106,0
LA_D_4206329,0,0.00015806471,0
LA_D_4253070,0,0.00025217014,0
LA_D_4259794,0,0.00012744391,0
LA_D_4262940,0,0.00011412435,0
LA_D_4266524,0,0.00013862623,0
LA_D_4302254,0,0.00017052852,0
LA_D_4333326,0,0.0002053567,0
LA_D_4373860,0,0.00024099325,0
LA_D_4394399,0,0.00026668247,0
LA_D_4402495,0,0.00015292414,0
LA_D_4407872,0,0.00021684157,0
LA_D_4504946,0,0.00019390175,0
LA_D_4510369,0,0.00017630147,0
LA_D_4552742,0,0.00021130854,0
LA_D_4590771,0,0.00013700721,0
LA_D_4598678,0,8.521955e-05,0
LA_D_4611322,0,0.00010164021,0
LA_D_4627714,0,0.00037339548,0
LA_D_4669726,0,0.00023191007,0
LA_D_4681179,0,0.00018303048,0
LA_D_4708806,0,0.00014280339,0
LA_D_4713595,0,0.00018296506,0
LA_D_4764117,0,0.0002469617,0
LA_D_4765823,0,0.00010297724,0
LA_D_4843399,0,0.00020603431,0
LA_D_4888907,0,0.00013236357,0
LA_D_4896823,0,0.00018972991,0
LA_D_4927828,0,0.0001019176,0
LA_D_4944706,0,0.00013320187,0
LA_D_4995679,0,0.00026977682,0
LA_D_4996496,0,0.00028999825,0
LA_D_5018816,0,0.00014864616,0
LA_D_5092434,0,0.0001476411,0
LA_D_5109502,0,0.0001549837,0
LA_D_5163083,0,0.0001332574,0
LA_D_5228503,0,0.00013811086,0
LA_D_5239525,0,0.0002508565,0
LA_D_5246094,0,0.0002330052,0
LA_D_5269386,0,0.00024165776,0
LA_D_5318221,0,0.000115826304,0
LA_D_5350529,0,0.00017623238,0
LA_D_5402017,0,9.290119e-05,0
LA_D_5426906,0,0.00023782252,0
LA_D_5432736,0,0.00015198853,0
LA_D_5453346,0,0.0001614902,0
LA_D_5462805,0,0.00018396147,0
LA_D_5490168,0,0.00014022089,0
LA_D_5592383,0,0.00011524405,0
LA_D_5593819,0,0.0002531677,0
LA_D_5621900,0,0.0001654392,0
LA_D_5639584,0,0.00016340392,0
LA_D_5642763,0,0.0001358129,0
LA_D_5662897,0,0.00029276233,0
LA_D_5691372,0,0.00030533873,0
LA_D_5733338,0,0.0002554673,0
LA_D_5765155,0,0.00022368706,0
LA_D_5814298,0,0.00010731006,0
LA_D_5866992,0,0.000112702444,0
LA_D_5867393,0,0.00020462647,0
LA_D_5871349,0,0.00016024895,0
LA_D_5897721,0,0.00021331059,0
LA_D_5927325,0,0.0002693384,0
LA_D_6004959,0,7.7359895e-05,0
LA_D_6017131,0,0.00019643872,0
LA_D_6022964,0,0.00012121122,0
LA_D_6028528,0,0.00029592382,0
LA_D_6055459,0,0.00025109196,0
LA_D_6056258,0,0.00027182398,0
LA_D_6237040,0,0.00011261091,0
LA_D_6246305,0,0.00018726726,0
LA_D_6331537,0,0.0001581995,0
LA_D_6339525,0,0.00017457314,0
LA_D_6367650,0,0.00022752793,0
LA_D_6371255,0,0.00012559834,0
LA_D_6414092,0,0.00019695671,0
LA_D_6422582,0,0.00020240118,0
LA_D_6424715,0,0.000117850184,0
LA_D_6452637,0,5.420758e-05,0
LA_D_6553554,0,0.00022545611,0
LA_D_6577158,0,0.00019474422,0
LA_D_6634201,0,0.00012120059,0
LA_D_6692967,0,0.0002648611,0
LA_D_6699665,0,0.00013084925,0
LA_D_6757990,0,0.00019924145,0
LA_D_6788465,0,0.00014397623,0
LA_D_6837161,0,0.00010511276,0
LA_D_6863055,0,0.00023671445,0
LA_D_6877026,0,0.00021448429,0
LA_D_6895177,0,0.00016341716,0
LA_D_6904064,0,0.00016309852,0
LA_D_7041661,0,0.00019228525,0
LA_D_7045415,0,0.00016194726,0
LA_D_7166738,0,0.00013445219,0
LA_D_7167134,0,0.00019871895,0
LA_D_7176031,0,0.00014805092,0
LA_D_7182532,0,0.00017182562,0
LA_D_7249074,0,0.00018889035,0
LA_D_7254011,0,8.722175e-05,0
LA_D_7261537,0,4.1183244e-05,0
LA_D_7282044,0,0.00028233323,0
LA_D_7382039,0,0.0002747487,0
LA_D_7479581,0,0.00013916129,0
LA_D_7509263,0,8.167246e-05,0
LA_D_7520400,0,0.00020281516,0
LA_D_7526293,0,0.000229033,0
LA_D_7603558,0,0.000106431806,0
LA_D_7645542,0,0.00024779097,0
LA_D_7690544,0,0.00019539877,0
LA_D_7721167,0,0.00020514241,0
LA_D_7768286,0,0.00011519736,0
LA_D_7775067,0,0.00024033815,0
LA_D_7784356,0,0.00023080714,0
LA_D_7896930,0,0.00019593215,0
LA_D_7930498,0,0.00024454595,0
LA_D_7948287,0,0.0001277666,0
LA_D_7959836,0,0.00018558213,0
LA_D_7963921,0,9.3898976e-05,0
LA_D_7969154,0,0.00017864327,0
LA_D_7981282,0,0.00034563604,0
LA_D_7991093,0,0.00015764852,0
LA_D_8029513,0,8.9679685e-05,0
LA_D_8055923,0,0.00018050772,0
LA_D_8089053,0,0.00025941583,0
LA_D_8100525,0,8.310648e-05,0
LA_D_8108711,0,0.0001536138,0
LA_D_8173750,0,0.00018627317,0
LA_D_8176963,0,0.00017178353,0
LA_D_8181591,0,0.00017661911,0
LA_D_8192015,0,0.0001451187,0
LA_D_8231246,0,0.00018995798,0
LA_D_8261853,0,0.00020191699,0
LA_D_8316696,0,0.0001533707,0
LA_D_8320443,0,0.00016146818,0
LA_D_8322509,0,0.00031814873,0
LA_D_8322984,0,0.00020559355,0
LA_D_8336903,0,0.00031716508,0
LA_D_8446758,0,0.00012043195,0
LA_D_8458426,0,0.00015736753,0
LA_D_8465272,0,0.00016539756,0
LA_D_8524503,0,0.0002305709,0
LA_D_8531203,0,0.00029607254,0
LA_D_8560313,0,0.00019021862,0
LA_D_8613483,0,0.00021054129,0
LA_D_8624407,0,0.0003265631,0
LA_D_8653066,0,0.00013323338,0
LA_D_8704593,0,0.0001692656,0
LA_D_8712202,0,0.00013285785,0
LA_D_8716948,0,0.0002591864,0
LA_D_8732956,0,0.00024104428,0
LA_D_8766024,0,0.0001485695,0
LA_D_8772966,0,0.00019515952,0
LA_D_8788165,0,8.7110544e-05,0
LA_D_8794217,0,0.00019235692,0
LA_D_8795367,0,0.00016734864,0
LA_D_8800518,0,0.000119785975,0
LA_D_8824981,0,0.00011511258,0
LA_D_8840072,0,7.038859e-05,0
LA_D_8861570,0,0.00020525843,0
LA_D_8875680,0,0.00033591295,0
LA_D_8881354,0,0.0001260807,0
LA_D_8910316,0,0.0002251326,0
LA_D_8961138,0,0.00020712374,0
LA_D_8975234,0,0.00031669074,0
LA_D_8998984,0,0.00024987684,0
LA_D_9011396,0,0.00021057623,0
LA_D_9030143,0,0.00026133753,0
LA_D_9058027,0,0.00023095813,0
LA_D_9111429,0,0.00023281667,0
LA_D_9122497,0,0.00021018708,0
LA_D_9180251,0,0.00026119582,0
LA_D_9237935,0,0.00020300166,0
LA_D_9241230,0,0.00019077987,0
LA_D_9242112,0,0.0001306144,0
LA_D_9244255,0,0.00013226036,0
LA_D_9305654,0,0.0001394756,0
LA_D_9335272,0,0.00024806,0
LA_D_9354813,0,0.00015225251,0
LA_D_9383850,0,5.7275516e-05,0
LA_D_9401339,0,0.0001566546,0
LA_D_9406043,0,0.00022415718,0
LA_D_9430378,0,0.00013312341,0
LA_D_9440328,0,0.0002912687,0
LA_D_9455279,0,0.00015903286,0
LA_D_9477633,0,6.9821544e-05,0
LA_D_9489571,0,0.00019626197,0
LA_D_9588984,0,0.00013194507,0
LA_D_9633618,0,0.00022331008,0
LA_D_9676279,0,0.00020286797,0
LA_D_9685224,0,0.0001963623,0
LA_D_9695805,0,0.00017365173,0
LA_D_9710580,0,0.00022286108,0
LA_D_9731844,0,0.00011510161,0
LA_D_9748213,0,0.0001557006,0
LA_D_9806222,0,0.00020224358,0
LA_D_9821371,0,0.00029621032,0
LA_D_9860564,0,0.00012365807,0
LA_D_9864384,0,0.00025865663,0
LA_D_9953809,0,0.00014063115,0
LA_D_9963628,0,0.0002640515,0
LA_D_1039139,0,0.00012021028,0
LA_D_1048347,0,8.052544e-05,0
LA_D_1073972,0,0.00012997306,0
LA_D_1086287,0,0.00011129242,0
LA_D_1140647,0,0.00050120294,0
LA_D_1147199,0,0.0001654949,0
LA_D_1221886,0,0.00010264264,0
LA_D_1221909,0,0.00022980952,0
LA_D_1239313,0,7.226619e-05,0
LA_D_1242151,0,0.00011364673,0
LA_D_1251337,0,0.00011221505,0
LA_D_1285074,0,0.00011114723,0
LA_D_1288236,0,9.1111004e-05,0
LA_D_1309241,0,0.00013781078,0
LA_D_1345967,0,0.00013046042,0
LA_D_1381057,0,0.00011126982,0
LA_D_1388176,0,0.00014901855,0
LA_D_1408615,0,4.099653e-05,0
LA_D_1431732,0,8.2215694e-05,0
LA_D_1463387,0,0.00022577189,0
LA_D_1482457,0,0.00013825475,0
LA_D_1536794,0,0.00021890936,0
LA_D_1539801,0,0.00011578434,0
LA_D_1544370,0,0.00012022334,0
LA_D_1597981,0,0.00019744974,0
LA_D_1603998,0,9.5894255e-05,0
LA_D_1611876,0,7.0100614e-05,0
LA_D_1620917,0,0.00011925307,0
LA_D_1625190,0,8.611456e-05,0
LA_D_1704825,0,0.0001224098,0
LA_D_1711648,0,0.00011467042,0
LA_D_1714107,0,0.00013898476,0
LA_D_1783314,0,0.00015271519,0
LA_D_1784577,0,9.74384e-05,0
LA_D_1832625,0,0.00012724489,0
LA_D_1851098,0,0.00024043488,0
LA_D_1856840,0,0.0001232873,0
LA_D_1873253,0,0.00010007593,0
LA_D_1997028,0,0.00014563646,0
LA_D_2005741,0,0.00027518728,0
LA_D_2017424,0,9.610938e-05,0
LA_D_2027962,0,0.00010670049,0
LA_D_2123023,0,0.0002029144,0
LA_D_2142945,0,0.00013034193,0
LA_D_2172486,0,0.0002490565,0
LA_D_2188345,0,0.00016588117,0
LA_D_2198817,0,9.050156e-05,0
LA_D_2201640,0,9.474832e-05,0
LA_D_2252538,0,0.00024162022,0
LA_D_2288713,0,0.00014485742,0
LA_D_2291346,0,0.00012140601,0
LA_D_2323727,0,0.00012350357,0
LA_D_2362639,0,0.0001395751,0
LA_D_2386679,0,0.00013792253,0
LA_D_2391531,0,0.00016653792,0
LA_D_2417545,0,0.0001302296,0
LA_D_2436190,0,0.000121750556,0
LA_D_2485889,0,0.0001298794,0
LA_D_2545382,0,9.503789e-05,0
LA_D_2599187,0,0.00015583415,0
LA_D_2614736,0,0.000100148594,0
LA_D_2649373,0,0.0001882781,0
LA_D_2655792,0,7.4878924e-05,0
LA_D_2754048,0,6.397637e-05,0
LA_D_2754891,0,0.00010810345,0
LA_D_2761884,0,0.000120467776,0
LA_D_2857417,0,0.0004247809,0
LA_D_2872153,0,0.00012971406,0
LA_D_2874608,0,9.524156e-05,0
LA_D_2877559,0,0.00014313494,0
LA_D_2901378,0,9.980109e-05,0
LA_D_2916363,0,0.00010989249,0
LA_D_2930227,0,0.00013830642,0
LA_D_2931921,0,6.9462396e-05,0
LA_D_2993177,0,0.00012291005,0
LA_D_3004388,0,0.000114146766,0
LA_D_3048603,0,0.00040795447,0
LA_D_3055190,0,0.000107222906,0
LA_D_3065329,0,0.00016001503,0
LA_D_3099702,0,0.00015652529,0
LA_D_3099765,0,7.540243e-05,0
LA_D_3109115,0,0.0001231442,0
LA_D_3124979,0,0.000204114,0
LA_D_3131698,0,4.300683e-05,0
LA_D_3201304,0,0.0001103979,0
LA_D_3202961,0,7.834938e-05,0
LA_D_3282353,0,0.000110280474,0
LA_D_3288700,0,7.130347e-05,0
LA_D_3290536,0,0.00011564156,0
LA_D_3321895,0,0.00013253129,0
LA_D_3325754,0,0.00010072534,0
LA_D_3362112,0,0.00021764048,0
LA_D_3388522,0,0.00012766638,0
LA_D_3392719,0,0.00013722622,0
LA_D_3406031,0,0.00014035519,0
LA_D_3440162,0,0.00029862364,0
LA_D_3466044,0,0.00014293226,0
LA_D_3487752,0,0.00017865875,0
LA_D_3527928,0,0.00015247015,0
LA_D_3528626,0,0.0001721784,0
LA_D_3560287,0,0.000109179,0
LA_D_3571998,0,6.834716e-05,0
LA_D_3588236,0,0.000121418045,0
LA_D_3591268,0,0.00010923346,0
LA_D_3592558,0,0.00010648794,0
LA_D_3598874,0,0.000108656575,0
LA_D_3609350,0,0.00011172337,0
LA_D_3620195,0,0.000106773165,0
LA_D_3685537,0,0.00012031371,0
LA_D_3701395,0,5.604097e-05,0
LA_D_3766418,0,0.00018155965,0
LA_D_3776986,0,0.00013008925,0
LA_D_3802428,0,9.2049435e-05,0
LA_D_3836323,0,0.00018891487,0
LA_D_3842769,0,9.138003e-05,0
LA_D_3905640,0,0.00017394191,0
LA_D_3913619,0,0.00023467086,0
LA_D_3913963,0,0.00020581736,0
LA_D_3939556,0,0.00017949374,0
LA_D_3944698,0,0.00017086252,0
LA_D_3961777,0,0.00010071708,0
LA_D_3962756,0,0.00013328408,0
LA_D_3968374,0,8.061732e-05,0
LA_D_3978838,0,0.00021709187,0
LA_D_3983408,0,0.00013012609,0
LA_D_3992187,0,0.000107919404,0
LA_D_3993716,0,0.00023283354,0
LA_D_4048492,0,0.00020371232,0
LA_D_4072384,0,8.337773e-05,0
LA_D_4119433,0,7.429321e-05,0
LA_D_4140334,0,9.308111e-05,0
LA_D_4164321,0,0.00016925848,0
LA_D_4169471,0,0.000119966026,0
LA_D_4176806,0,0.00015714395,0
LA_D_4183043,0,0.00010597992,0
LA_D_4198345,0,0.00013514991,0
LA_D_4210361,0,9.533778e-05,0
LA_D_4214532,0,0.00013005563,0
LA_D_4230768,0,0.00016816122,0
LA_D_4238241,0,0.000102349615,0
LA_D_4255447,0,0.00013264343,0
LA_D_4282121,0,0.00016676135,0
LA_D_4296919,0,0.000108701235,0
LA_D_4320168,0,0.00017333179,0
LA_D_4341923,0,0.000130856,0
LA_D_4407489,0,0.00011710791,0
LA_D_4410974,0,0.000110398745,0
LA_D_4432822,0,8.198786e-05,0
LA_D_4495766,0,9.456672e-05,0
LA_D_4521523,0,0.00010186473,0
LA_D_4534583,0,9.367155e-05,0
LA_D_4542167,0,0.00010265868,0
LA_D_4575352,0,0.0002545335,0
LA_D_4579048,0,0.00016692806,0
LA_D_4609177,0,9.0545414e-05,0
LA_D_4609622,0,0.00034089733,0
LA_D_4610333,0,9.937735e-05,0
LA_D_4615434,0,0.00011508944,0
LA_D_4638796,0,0.0001824134,0
LA_D_4641933,0,0.00016675975,0
LA_D_4654330,0,7.147489e-05,0
LA_D_4657107,0,0.00015779365,0
LA_D_4673595,0,0.0001366402,0
LA_D_4675553,0,0.00012378124,0
LA_D_4686032,0,9.9583296e-05,0
LA_D_4686386,0,0.00011996728,0
LA_D_4722400,0,0.00015796014,0
LA_D_4733662,0,0.00019736748,0
LA_D_4758309,0,6.5973334e-05,0
LA_D_4774815,0,0.00018614251,0
LA_D_4782016,0,0.00015715264,0
LA_D_4836375,0,0.00010869657,0
LA_D_4889508,0,0.00012901807,0
LA_D_4920577,0,9.910527e-05,0
LA_D_4994551,0,0.00012482036,0
LA_D_5006461,0,8.8499415e-05,0
LA_D_5071327,0,0.00011691444,0
LA_D_5128130,0,0.00012291285,0
LA_D_5157134,0,9.809736e-05,0
LA_D_5170078,0,0.00023274518,0
LA_D_5182485,0,0.00011378704,0
LA_D_5191983,0,0.0001013344,0
LA_D_5194315,0,0.00019713012,0
LA_D_5198994,0,0.00010816389,0
LA_D_5204212,0,0.00014347436,0
LA_D_5233163,0,0.00011108345,0
LA_D_5242024,0,0.000106035106,0
LA_D_5259188,0,0.00011415635,0
LA_D_5260119,0,5.2290103e-05,0
LA_D_5264556,0,0.00015269566,0
LA_D_5277511,0,6.04895e-05,0
LA_D_5318067,0,0.00012301804,0
LA_D_5320783,0,0.00014090807,0
LA_D_5337117,0,9.119392e-05,0
LA_D_5343311,0,6.80974e-05,0
LA_D_5347974,0,0.00012585752,0
LA_D_5356184,0,0.000270882,0
LA_D_5398124,0,0.0001227442,0
LA_D_5421873,0,0.00011510831,0
LA_D_5425041,0,0.00019621875,0
LA_D_5434356,0,0.00011530793,0
LA_D_5440849,0,6.742551e-05,0
LA_D_5485420,0,9.9574085e-05,0
LA_D_5485641,0,0.00020021573,0
LA_D_5494239,0,0.000117269046,0
LA_D_5504869,0,0.00019074569,0
LA_D_5507640,0,0.000109399,0
LA_D_5520997,0,8.107727e-05,0
LA_D_5525698,0,0.000103554674,0
LA_D_5527718,0,0.000111992595,0
LA_D_5529420,0,9.2993905e-05,0
LA_D_5567164,0,0.00015240489,0
LA_D_5613254,0,0.0002219958,0
LA_D_5647507,0,0.00023022687,0
LA_D_5658035,0,0.000105810585,0
LA_D_5693315,0,0.00013686254,0
LA_D_5707973,0,0.00012264407,0
LA_D_5739561,0,0.00017758133,0
LA_D_5814082,0,0.00020184691,0
LA_D_5835729,0,0.00014965193,0
LA_D_5852175,0,0.00014960671,0
LA_D_5858599,0,9.269121e-05,0
LA_D_5894538,0,0.00012145997,0
LA_D_5899353,0,0.00012276844,0
LA_D_5905495,0,0.00017383181,0
LA_D_5917788,0,0.00016067784,0
LA_D_5918913,0,0.0001688861,0
LA_D_5921381,0,9.6263284e-05,0
LA_D_5933472,0,0.00012575855,0
LA_D_5962669,0,0.00013583581,0
LA_D_6027288,0,0.00011904628,0
LA_D_6038110,0,0.00014086306,0
LA_D_6065472,0,0.00012129354,0
LA_D_6074404,0,0.00016371552,0
LA_D_6116156,0,0.00015854412,0
LA_D_6122657,0,0.00017720548,0
LA_D_6132835,0,0.00017773885,0
LA_D_6232550,0,8.511341e-05,0
LA_D_6257881,0,0.00011770395,0
LA_D_6261315,0,0.00012354822,0
LA_D_6296466,0,0.00025039268,0
LA_D_6354261,0,0.00010799579,0
LA_D_6380154,0,0.00010790304,0
LA_D_6426863,0,0.00012726602,0
LA_D_6426887,0,0.00013608435,0
LA_D_6503636,0,9.403608e-05,0
LA_D_6537993,0,0.00016666342,0
LA_D_6573047,0,0.000110280474,0
LA_D_6589288,0,0.000131935,0
LA_D_6626704,0,0.00016712109,0
LA_D_6640884,0,7.1921415e-05,0
LA_D_6655218,0,0.00012344118,0
LA_D_6658491,0,8.881527e-05,0
LA_D_6668678,0,7.700763e-05,0
LA_D_6681088,0,0.0001868041,0
LA_D_6710896,0,0.00014874754,0
LA_D_6715399,0,0.00012719905,0
LA_D_6721387,0,0.00010771203,0
LA_D_6735934,0,2.3906496e-05,0
LA_D_6739692,0,8.334037e-05,0
LA_D_6761573,0,0.00012885148,0
LA_D_6836932,0,8.1017686e-05,0
LA_D_6844665,0,0.00013408679,0
LA_D_6850823,0,0.00013679339,0
LA_D_6886899,0,0.0001550069,0
LA_D_6913182,0,0.00016723905,0
LA_D_6943890,0,0.00010450371,0
LA_D_6952051,0,8.270093e-05,0
LA_D_6984478,0,0.00019849114,0
LA_D_7001993,0,0.00012488906,0
LA_D_7027043,0,0.00014744977,0
LA_D_7032136,0,9.441624e-05,0
LA_D_7038850,0,0.00013837582,0
LA_D_7042766,0,0.00015527969,0
LA_D_7042962,0,0.00015592198,0
LA_D_7059979,0,0.00020665918,0
LA_D_7068087,0,0.0001429917,0
LA_D_7093402,0,0.0002935628,0
LA_D_7116488,0,0.00018631386,0
LA_D_7120234,0,0.00015874045,0
LA_D_7167976,0,0.0002230792,0
LA_D_7191777,0,0.00013526723,0
LA_D_7223220,0,0.0001608615,0
LA_D_7236647,0,0.00015097785,0
LA_D_7239373,0,0.00024438466,0
LA_D_7263077,0,0.00010829526,0
LA_D_7279307,0,9.3799645e-05,0
LA_D_7286303,0,8.637065e-05,0
LA_D_7294510,0,0.00013528891,0
LA_D_7299134,0,0.00017252122,0
LA_D_7306327,0,7.550395e-05,0
LA_D_7309140,0,0.0002996832,0
LA_D_7315445,0,0.0001333853,0
LA_D_7350586,0,0.00016465926,0
LA_D_7373868,0,0.000105969004,0
LA_D_7374243,0,0.00013253305,0
LA_D_7415677,0,0.00017856101,0
LA_D_7432070,0,0.0001068735,0
LA_D_7445190,0,0.00025946778,0
LA_D_7529026,0,0.00012494552,0
LA_D_7542467,0,8.4607316e-05,0
LA_D_7552264,0,0.00010386808,0
LA_D_7572613,0,0.0005343319,0
LA_D_7574385,0,0.00022807569,0
LA_D_7582835,0,9.278619e-05,0
LA_D_7584092,0,0.00018277725,0
LA_D_7586206,0,0.0001884782,0
LA_D_7588186,0,9.1670845e-05,0
LA_D_7600602,0,0.0001407401,0
LA_D_7615544,0,0.00028970698,0
LA_D_7691445,0,0.00017812637,0
LA_D_7695039,0,0.00010447193,0
LA_D_7695465,0,0.00011584299,0
LA_D_7701169,0,9.562796e-05,0
LA_D_7713348,0,0.0002780527,0
LA_D_7748377,0,0.00029821196,0
LA_D_7749562,0,0.00012265691,0
LA_D_7775951,0,0.00012883551,0
LA_D_7825964,0,0.00011045792,0
LA_D_7829594,0,0.00015243555,0
LA_D_7832933,0,0.00010429028,0
LA_D_7834222,0,0.00010740332,0
LA_D_7843002,0,0.00015140156,0
LA_D_7844644,0,0.00018479953,0
LA_D_7848357,0,0.00010891,0
LA_D_7961484,0,0.000115612456,0
LA_D_7977738,0,0.00013337715,0
LA_D_8007626,0,0.00010780883,0
LA_D_8023041,0,0.00012777465,0
LA_D_8072757,0,0.00017352626,0
LA_D_8099337,0,0.00018806264,0
LA_D_8127140,0,0.0001693082,0
LA_D_8130065,0,0.00015097052,0
LA_D_8185366,0,0.00014209707,0
LA_D_8187526,0,0.00017138074,0
LA_D_8191100,0,0.00013642058,0
LA_D_8194762,0,0.00022459167,0
LA_D_8254731,0,6.604509e-05,0
LA_D_8267517,0,0.0001109398,0
LA_D_8268464,0,0.00013039984,0
LA_D_8289361,0,0.00017518342,0
LA_D_8296972,0,0.00017911827,0
LA_D_8318612,0,0.00013581107,0
LA_D_8370029,0,0.00016607472,0
LA_D_8370479,0,0.00011851576,0
LA_D_8372744,0,8.0509155e-05,0
LA_D_8397498,0,0.00010513572,0
LA_D_8415664,0,0.00013650855,0
LA_D_8456126,0,0.00010594678,0
LA_D_8460539,0,0.00011283794,0
LA_D_8541506,0,0.00029626623,0
LA_D_8544672,0,0.00015505435,0
LA_D_8615795,0,0.00014478284,0
LA_D_8618432,0,0.00025509615,0
LA_D_8626873,0,9.2822906e-05,0
LA_D_8695222,0,0.00011863369,0
LA_D_8726450,0,0.00020427813,0
LA_D_8783766,0,0.0002010124,0
LA_D_8793320,0,0.00019424352,0
LA_D_8815599,0,9.758606e-05,0
LA_D_8819400,0,0.00013209286,0
LA_D_8845423,0,0.0001170982,0
LA_D_8867212,0,0.00018697482,0
LA_D_8867270,0,0.00015697817,0
LA_D_8892243,0,8.6603475e-05,0
LA_D_8917998,0,0.00016013485,0
LA_D_8932075,0,0.00012384393,0
LA_D_8942534,0,9.6476484e-05,0
LA_D_8963064,0,0.00012481335,0
LA_D_8966779,0,0.00013567854,0
LA_D_9002280,0,0.00010774049,0
LA_D_9040549,0,0.00012226783,0
LA_D_9076740,0,0.000119031654,0
LA_D_9076770,0,0.000107805856,0
LA_D_9094015,0,0.00019172688,0
LA_D_9095479,0,0.00010920378,0
LA_D_9181985,0,0.000557283,0
LA_D_9199206,0,0.00015315265,0
LA_D_9209246,0,0.00015748746,0
LA_D_9213158,0,0.00015639518,0
LA_D_9241874,0,8.800257e-05,0
LA_D_9325677,0,9.440264e-05,0
LA_D_9327205,0,0.00015574798,0
LA_D_9395571,0,8.082145e-05,0
LA_D_9410304,0,0.00014632073,0
LA_D_9419166,0,5.4689473e-05,0
LA_D_9438704,0,0.00020022946,0
LA_D_9472360,0,0.00020304194,0
LA_D_9491705,0,0.0001505133,0
LA_D_9497100,0,0.00017371218,0
LA_D_9497941,0,0.00019360673,0
LA_D_9501529,0,0.00013488327,0
LA_D_9553450,0,0.00010531773,0
LA_D_9603467,0,0.00021909604,0
LA_D_9604114,0,0.00019339142,0
LA_D_9630829,0,0.00019569375,0
LA_D_9695291,0,0.0001576117,0
LA_D_9711196,0,0.00028373077,0
LA_D_9711240,0,0.00015664309,0
LA_D_9739905,0,6.614216e-05,0
LA_D_9747461,0,9.9383695e-05,0
LA_D_9748332,0,4.5873054e-05,0
LA_D_9780476,0,0.00011588331,0
LA_D_9814040,0,0.0002660283,0
LA_D_9820074,0,8.2733975e-05,0
LA_D_9830381,0,8.755775e-05,0
LA_D_9840469,0,9.633757e-05,0
LA_D_9853172,0,9.3751885e-05,0
LA_D_9874583,0,0.00012098765,0
LA_D_9883936,0,0.00016127677,0
LA_D_9895350,0,0.00013142847,0
LA_D_9911701,0,9.4508745e-05,0
LA_D_9952323,0,0.00012190112,0
LA_D_9969564,0,0.00014810344,0
LA_D_1029606,0,0.00010033938,0
LA_D_1052124,0,0.00070448755,0
LA_D_1083957,0,0.00013212359,0
LA_D_1084800,0,0.00017508389,0
LA_D_1087236,0,0.00013051456,0
LA_D_1113123,0,0.00012275286,0
LA_D_1168419,0,0.00017014814,0
LA_D_1226191,0,0.00010925784,0
LA_D_1247401,0,0.0003224694,0
LA_D_1254787,0,0.0001547017,0
LA_D_1287933,0,6.0425045e-05,0
LA_D_1340997,0,0.0001793172,0
LA_D_1341055,0,0.00010844738,0
LA_D_1397617,0,0.00013318409,0
LA_D_1432705,0,0.0001321081,0
LA_D_1448058,0,0.00013687297,0
LA_D_1468938,0,0.00018005598,0
LA_D_1491936,0,0.00012899077,0
LA_D_1492428,0,0.000114644616,0
LA_D_1504555,0,9.531906e-05,0
LA_D_1571128,0,0.00016135091,0
LA_D_1598091,0,8.729249e-05,0
LA_D_1622483,0,0.000100655045,0
LA_D_1642025,0,0.00014655001,0
LA_D_1652144,0,0.00010438409,0
LA_D_1667446,0,0.00020167493,0
LA_D_1691998,0,6.009852e-05,0
LA_D_1703470,0,0.00014056802,0
LA_D_1823913,0,0.00013187814,0
LA_D_1862205,0,0.00010262131,0
LA_D_1903430,0,0.00012019456,0
LA_D_1923328,0,0.00018361275,0
LA_D_1937650,0,0.00023102554,0
LA_D_1939085,0,0.00023670001,0
LA_D_1964826,0,8.591319e-05,0
LA_D_1970302,0,9.9486104e-05,0
LA_D_1986407,0,0.00024792214,0
LA_D_2082512,0,0.00013865133,0
LA_D_2103152,0,0.00012915519,0
LA_D_2110587,0,0.00017724502,0
LA_D_2113104,0,0.00014711916,0
LA_D_2207462,0,0.0003356612,0
LA_D_2223569,0,8.229146e-05,0
LA_D_2227292,0,0.00025745964,0
LA_D_2238824,0,0.00029247164,0
LA_D_2263743,0,0.00023411261,0
LA_D_2288054,0,0.0001053982,0
LA_D_2295069,0,0.00014378307,0
LA_D_2298574,0,7.589108e-05,0
LA_D_2304305,0,7.481113e-05,0
LA_D_2309823,0,9.5380805e-05,0
LA_D_2317032,0,0.00014300001,0
LA_D_2333530,0,0.00032422342,0
LA_D_2372128,0,0.00012954495,0
LA_D_2390461,0,0.00018672612,0
LA_D_2410631,0,0.00012468784,0
LA_D_2443087,0,0.00012300948,0
LA_D_2479103,0,0.00013613651,0
LA_D_2490886,0,0.0001417298,0
LA_D_2573622,0,8.097466e-05,0
LA_D_2600197,0,0.00014100915,0
LA_D_2626718,0,0.00013989674,0
LA_D_2638287,0,0.00010795234,0
LA_D_2656557,0,8.8826455e-05,0
LA_D_2666429,0,0.0001363904,0
LA_D_2729675,0,0.00035422068,0
LA_D_2735904,0,0.00019988173,0
LA_D_2752407,0,0.00016111138,0
LA_D_2756344,0,0.00012352431,0
LA_D_2847845,0,4.956249e-05,0
LA_D_2852269,0,0.00020896358,0
LA_D_2855965,0,9.320786e-05,0
LA_D_2876907,0,6.96707e-05,0
LA_D_2878565,0,0.0003410584,0
LA_D_2901547,0,0.0001477804,0
LA_D_2955664,0,0.00015139981,0
LA_D_2963628,0,0.00013300224,0
LA_D_2966325,0,0.00021550266,0
LA_D_2981926,0,0.00011045276,0
LA_D_3050425,0,0.000107388274,0
LA_D_3064498,0,9.282335e-05,0
LA_D_3076331,0,0.00021454359,0
LA_D_3077841,0,0.00013652885,0
LA_D_3084595,0,8.647457e-05,0
LA_D_3099139,0,9.416233e-05,0
LA_D_3104265,0,8.661776e-05,0
LA_D_3140574,0,0.00017134838,0
LA_D_3151999,0,9.4928204e-05,0
LA_D_3257359,0,0.00016635399,0
LA_D_3289644,0,0.00024866953,0
LA_D_3304166,0,0.00016232865,0
LA_D_3304705,0,9.20533e-05,0
LA_D_3310432,0,0.00016171996,0
LA_D_3311498,0,9.896513e-05,0
LA_D_3390471,0,0.00012897847,0
LA_D_3390671,0,0.0002326072,0
LA_D_3390960,0,0.00013924224,0
LA_D_3457413,0,8.265056e-05,0
LA_D_3474687,0,9.789681e-05,0
LA_D_3490885,0,0.00024548086,0
LA_D_3587778,0,0.00012087372,0
LA_D_3602354,0,0.000146216,0
LA_D_3617684,0,9.309283e-05,0
LA_D_3670871,0,0.00011989352,0
LA_D_3672627,0,0.000156038,0
LA_D_3731862,0,0.00028143937,0
LA_D_3753870,0,8.882163e-05,0
LA_D_3829895,0,0.00023058805,0
LA_D_3864988,0,0.00019862954,0
LA_D_3870377,0,0.0004260332,0
LA_D_3882541,0,8.941198e-05,0
LA_D_3884708,0,0.00016283948,0
LA_D_3897435,0,0.00013554431,0
LA_D_3921756,0,0.00015281438,0
LA_D_3943903,0,0.00015488015,0
LA_D_3947988,0,0.00021718835,0
LA_D_3961466,0,0.00015683692,0
LA_D_4007402,0,0.00013039165,0
LA_D_4038984,0,0.0002549155,0
LA_D_4055931,0,0.00015988585,0
LA_D_4065822,0,0.00016980244,0
LA_D_4093293,0,0.00012595934,0
LA_D_4126687,0,0.00015024071,0
LA_D_4156385,0,0.00013522776,0
LA_D_4163117,0,0.00018740889,0
LA_D_4181954,0,0.00013131861,0
LA_D_4211012,0,0.0001424995,0
LA_D_4234951,0,0.00013314588,0
LA_D_4243231,0,0.0002211107,0
LA_D_4276636,0,9.4052935e-05,0
LA_D_4292190,0,0.00010604543,0
LA_D_4298361,0,0.0002010586,0
LA_D_4305238,0,0.0005587619,0
LA_D_4311165,0,0.00023138883,0
LA_D_4334642,0,0.00012165401,0
LA_D_4336024,0,0.0004288222,0
LA_D_4350851,0,0.00016417919,0
LA_D_4355020,0,9.770339e-05,0
LA_D_4361943,0,0.00015909474,0
LA_D_4372295,0,0.00011434503,0
LA_D_4374564,0,0.0001254547,0
LA_D_4375051,0,0.00020658749,0
LA_D_4390307,0,0.000121024124,0
LA_D_4391563,0,0.0001207386,0
LA_D_4417257,0,0.00024635636,0
LA_D_4436297,0,0.0001979072,0
LA_D_4453806,0,0.0021685874,0
LA_D_4463094,0,0.00021053568,0
LA_D_4505477,0,0.0001349068,0
LA_D_4533955,0,0.00010349119,0
LA_D_4568370,0,0.00010990161,0
LA_D_4568424,0,0.00016485532,0
LA_D_4602007,0,0.00019989983,0
LA_D_4610040,0,7.577112e-05,0
LA_D_4630224,0,0.00017504918,0
LA_D_4633338,0,0.000114379385,0
LA_D_4648977,0,0.00015083756,0
LA_D_4659487,0,0.00016169575,0
LA_D_4676410,0,0.00014663457,0
LA_D_4680226,0,0.0001344831,0
LA_D_4690232,0,0.00013638,0
LA_D_4691564,0,0.00017815389,0
LA_D_4698459,0,0.00012819447,0
LA_D_4740585,0,0.00014823089,0
LA_D_4789290,0,0.00013030737,0
LA_D_4794598,0,0.00022578049,0
LA_D_4804010,0,0.00014970417,0
LA_D_4821192,0,0.00013997909,0
LA_D_4821332,0,0.00015599249,0
LA_D_4822594,0,0.000116821604,0
LA_D_4830664,0,0.00017003932,0
LA_D_4906029,0,0.00013349381,0
LA_D_4929206,0,0.00017012819,0
LA_D_4941408,0,0.00011966109,0
LA_D_4954705,0,0.00017549706,0
LA_D_4963222,0,9.615238e-05,0
LA_D_4967924,0,0.0004179191,0
LA_D_4983943,0,0.00020662647,0
LA_D_5005032,0,0.00010237607,0
LA_D_5010017,0,0.00018955884,0
LA_D_5035214,0,0.00013089244,0
LA_D_5058945,0,0.00020099497,0
LA_D_5069139,0,0.00013457943,0
LA_D_5080060,0,0.00021674318,0
LA_D_5080686,0,0.00015908245,0
LA_D_5125281,0,8.549002e-05,0
LA_D_5125885,0,0.00014375741,0
LA_D_5126506,0,9.158688e-05,0
LA_D_5145716,0,0.00017377199,0
LA_D_5171765,0,0.00037225528,0
LA_D_5194284,0,0.00016900724,0
LA_D_5228153,0,0.00010105109,0
LA_D_5247869,0,0.00013426603,0
LA_D_5262139,0,0.00014296717,0
LA_D_5263872,0,0.00012698187,0
LA_D_5272930,0,0.00020193084,0
LA_D_5298319,0,0.00032076947,0
LA_D_5320532,0,9.261831e-05,0
LA_D_5384581,0,0.000119772274,0
LA_D_5480150,0,0.00016009423,0
LA_D_5494426,0,0.00026232185,0
LA_D_5519767,0,0.0001460151,0
LA_D_5527401,0,0.00025686508,0
LA_D_5530183,0,0.00011385977,0
LA_D_5539571,0,0.00014284642,0
LA_D_5561063,0,0.00020171916,0
LA_D_5620308,0,0.00019904073,0
LA_D_5652448,0,0.00014939044,0
LA_D_5689945,0,0.00019770727,0
LA_D_5752067,0,0.00021050197,0
LA_D_5793309,0,0.00022045225,0
LA_D_5795010,0,0.000114702896,0
LA_D_5820814,0,0.00013934691,0
LA_D_5847429,0,0.00015621232,0
LA_D_5857393,0,0.00015418949,0
LA_D_5857531,0,0.00028368883,0
LA_D_5897910,0,0.00016094433,0
LA_D_5953271,0,0.00014366438,0
LA_D_5959349,0,0.00025114464,0
LA_D_5988248,0,0.00015427818,0
LA_D_6008891,0,9.229351e-05,0
LA_D_6017002,0,0.00014664828,0
LA_D_6022747,0,0.00015505968,0
LA_D_6035065,0,8.2944265e-05,0
LA_D_6044580,0,0.00012506961,0
LA_D_6048625,0,0.00050764286,0
LA_D_6066336,0,0.00016868541,0
LA_D_6096018,0,0.0001366647,0
LA_D_6149858,0,0.00020810778,0
LA_D_6152637,0,0.00022168762,0
LA_D_6198905,0,0.00011446099,0
LA_D_6229325,0,0.00019659367,0
LA_D_6231894,0,0.0001635163,0
LA_D_6257405,0,0.00016401397,0
LA_D_6263042,0,8.22935e-05,0
LA_D_6322392,0,0.00015384877,0
LA_D_6340625,0,0.00011207251,0
LA_D_6374187,0,0.00011928127,0
LA_D_6375662,0,0.00011763315,0
LA_D_6392842,0,9.270658e-05,0
LA_D_6443831,0,0.00010091252,0
LA_D_6475427,0,0.00014552915,0
LA_D_6486228,0,0.00016234336,0
LA_D_6492372,0,0.00018552091,0
LA_D_6569575,0,0.00020705089,0
LA_D_6583550,0,0.00013762523,0
LA_D_6618021,0,0.00016016631,0
LA_D_6618951,0,0.0001657079,0
LA_D_6640736,0,0.0001653843,0
LA_D_6651226,0,0.00021848358,0
LA_D_6662906,0,0.00017467768,0
LA_D_6675082,0,0.00014234171,0
LA_D_6701429,0,0.00023785337,0
LA_D_6767666,0,0.00022685163,0
LA_D_6775046,0,0.00020087427,0
LA_D_6788843,0,0.00010619064,0
LA_D_6810614,0,0.0001381654,0
LA_D_6829505,0,0.00013969306,0
LA_D_6852874,0,8.4463914e-05,0
LA_D_6905320,0,0.00014657265,0
LA_D_6920247,0,0.00016121926,0
LA_D_6923223,0,9.622272e-05,0
LA_D_6938086,0,9.01977e-05,0
LA_D_6958359,0,0.00010718835,0
LA_D_6974451,0,0.00015677832,0
LA_D_6984485,0,7.304021e-05,0
LA_D_6988774,0,0.00028148873,0
LA_D_6992460,0,0.00019997303,0
LA_D_7006704,0,0.00012602578,0
LA_D_7041540,0,0.00013212737,0
LA_D_7045410,0,0.00032499246,0
LA_D_7097297,0,0.00012958288,0
LA_D_7105348,0,0.00012556481,0
LA_D_7124246,0,0.00013166932,0
LA_D_7137473,0,8.2375314e-05,0
LA_D_7153277,0,0.00010405356,0
LA_D_7194671,0,6.537924e-05,0
LA_D_7199936,0,9.888599e-05,0
LA_D_7206299,0,0.00010122506,0
LA_D_7228225,0,9.444109e-05,0
LA_D_7247110,0,0.00014309317,0
LA_D_7282970,0,0.00014854938,0
LA_D_7295018,0,9.5237294e-05,0
LA_D_7313474,0,0.00017446995,0
LA_D_7332763,0,0.00024210238,0
LA_D_7375023,0,0.00010554081,0
LA_D_7384634,0,0.00019468872,0
LA_D_7410425,0,0.00024596136,0
LA_D_7421730,0,8.4344545e-05,0
LA_D_7465143,0,0.00021271082,0
LA_D_7510274,0,0.00033419445,0
LA_D_7511921,0,0.00014173819,0
LA_D_7533882,0,0.00015545334,0
LA_D_7541001,0,7.5431344e-05,0
LA_D_7606787,0,8.780022e-05,0
LA_D_7612955,0,0.00013557584,0
LA_D_7615723,0,0.00022620392,0
LA_D_7616930,0,0.00011454911,0
LA_D_7626781,0,0.00011741631,0
LA_D_7627311,0,8.790361e-05,0
LA_D_7671577,0,0.000118702366,0
LA_D_7678990,0,0.00020907259,0
LA_D_7700044,0,9.429099e-05,0
LA_D_7760174,0,7.2386065e-05,0
LA_D_7794451,0,0.00014549932,0
LA_D_7805800,0,0.00013043829,0
LA_D_7811982,0,0.00014775785,0
LA_D_7812727,0,0.00015843681,0
LA_D_7830572,0,9.9936035e-05,0
LA_D_7853731,0,0.000923746,0
LA_D_7867502,0,0.0001280176,0
LA_D_7875523,0,0.00020817309,0
LA_D_7893978,0,8.75459e-05,0
LA_D_7897572,0,0.00010483137,0
LA_D_7905821,0,0.00015351042,0
LA_D_7906958,0,0.00013416096,0
LA_D_7908893,0,0.00015712387,0
LA_D_7935190,0,0.00014347697,0
LA_D_7943905,0,0.00014811715,0
LA_D_7958267,0,7.201523e-05,0
LA_D_7961111,0,0.00018417015,0
LA_D_8021505,0,0.00013499637,0
LA_D_8027860,0,9.942636e-05,0
LA_D_8040350,0,0.00014002822,0
LA_D_8140433,0,0.00012248487,0
LA_D_8204422,0,0.000101815014,0
LA_D_8227771,0,0.00011813732,0
LA_D_8230373,0,0.000117843214,0
LA_D_8358684,0,0.00027821047,0
LA_D_8377698,0,0.00011181076,0
LA_D_8409251,0,0.00014338997,0
LA_D_8424992,0,0.00012311415,0
LA_D_8450267,0,0.00013098032,0
LA_D_8460500,0,0.00015520434,0
LA_D_8485154,0,0.00017946721,0
LA_D_8490994,0,0.00017560436,0
LA_D_8491335,0,0.00010762672,0
LA_D_8501696,0,0.00018247061,0
LA_D_8525949,0,0.00011010962,0
LA_D_8546971,0,0.00014328733,0
LA_D_8559738,0,8.12415e-05,0
LA_D_8582199,0,0.00010480319,0
LA_D_8615505,0,0.00022625827,0
LA_D_8733886,0,0.000110559304,0
LA_D_8798813,0,0.0001234692,0
LA_D_8836237,0,0.00011325447,0
LA_D_8837074,0,0.00017224114,0
LA_D_8854126,0,0.00019701137,0
LA_D_8916997,0,9.844594e-05,0
LA_D_8917353,0,0.00016090919,0
LA_D_8935601,0,0.000101876576,0
LA_D_8945179,0,0.00015998237,0
LA_D_8951164,0,0.0001416582,0
LA_D_8960763,0,9.516567e-05,0
LA_D_8962029,0,0.00013115956,0
LA_D_8978572,0,0.00011537028,0
LA_D_9005877,0,0.000108447166,0
LA_D_9013780,0,0.000110891255,0
LA_D_9042039,0,0.00014308949,0
LA_D_9043493,0,0.0001582914,0
LA_D_9044901,0,0.00016038668,0
LA_D_9058018,0,0.00017492588,0
LA_D_9059202,0,0.0005665209,0
LA_D_9074658,0,0.00018642154,0
LA_D_9084504,0,0.000103877384,0
LA_D_9095917,0,0.00014873761,0
LA_D_9111015,0,8.327515e-05,0
LA_D_9124970,0,0.00012600138,0
LA_D_9132111,0,8.453434e-05,0
LA_D_9148550,0,0.00014241121,0
LA_D_9161502,0,0.00013908671,0
LA_D_9183154,0,0.00017656102,0
LA_D_9192698,0,0.0001976006,0
LA_D_9227602,0,0.00012289059,0
LA_D_9248420,0,0.00014329689,0
LA_D_9292429,0,0.00014374989,0
LA_D_9300463,0,0.00012774262,0
LA_D_9303843,0,0.00011819365,0
LA_D_9325354,0,0.0001600399,0
LA_D_9332785,0,9.850811e-05,0
LA_D_9365119,0,0.00014217607,0
LA_D_9390557,0,0.00027860253,0
LA_D_9407049,0,0.0002646642,0
LA_D_9407190,0,0.00018886228,0
LA_D_9451053,0,0.00024952498,0
LA_D_9456766,0,9.5744304e-05,0
LA_D_9473902,0,0.00010676888,0
LA_D_9500996,0,0.00010061753,0
LA_D_9501737,0,0.00013346608,0
LA_D_9514508,0,0.0002394685,0
LA_D_9532131,0,0.0001488423,0
LA_D_9542892,0,0.00017480015,0
LA_D_9558237,0,8.609329e-05,0
LA_D_9564003,0,8.966515e-05,0
LA_D_9603372,0,0.00013632188,0
LA_D_9671660,0,0.00022483614,0
LA_D_9681171,0,0.0001176326,0
LA_D_9683822,0,9.812111e-05,0
LA_D_9685452,0,0.00024312412,0
LA_D_9687748,0,9.712411e-05,0
LA_D_9699380,0,0.00013545774,0
LA_D_9739181,0,0.00027116315,0
LA_D_9742208,0,9.140548e-05,0
LA_D_9753761,0,9.0323185e-05,0
LA_D_9762474,0,0.0001759862,0
LA_D_9896543,0,9.374867e-05,0
LA_D_9905368,0,0.0002685115,0
LA_D_9914380,0,0.0003351497,0
LA_D_9939904,0,8.405742e-05,0
LA_D_9947685,0,0.0004346193,0
LA_D_9975906,0,0.0005450914,0
LA_D_9986158,0,0.00011728046,0
LA_D_9992230,0,0.00016942901,0
LA_D_9998910,0,0.00017160902,0
LA_D_1017803,0,0.000130742,0
LA_D_1042992,0,6.322317e-05,0
LA_D_1055140,0,8.0621634e-05,0
LA_D_1058368,0,8.112987e-05,0
LA_D_1077352,0,8.8683926e-05,0
LA_D_1079715,0,0.0001975081,0
LA_D_1082954,0,0.000121233184,0
LA_D_1086858,0,0.000109601555,0
LA_D_1091158,0,0.00017204139,0
LA_D_1105424,0,4.203382e-05,0
LA_D_1140841,0,0.00012787583,0
LA_D_1171628,0,7.906902e-05,0
LA_D_1183633,0,0.0001394127,0
LA_D_1197682,0,0.000119445285,0
LA_D_1211244,0,4.795205e-05,0
LA_D_1219723,0,0.00013834283,0
LA_D_1239375,0,0.000118215525,0
LA_D_1273074,0,0.0001482805,0
LA_D_1296557,0,7.555949e-05,0
LA_D_1301496,0,5.1676307e-05,0
LA_D_1323623,0,7.277254e-05,0
LA_D_1330281,0,9.187563e-05,0
LA_D_1412811,0,0.00014953368,0
LA_D_1456958,0,8.250519e-05,0
LA_D_1481223,0,7.9576654e-05,0
LA_D_1526344,0,9.5541196e-05,0
LA_D_1539849,0,7.8671306e-05,0
LA_D_1540420,0,0.0001416008,0
LA_D_1592340,0,8.9256086e-05,0
LA_D_1670451,0,0.0003596595,0
LA_D_1691700,0,8.5949905e-05,0
LA_D_1753171,0,5.7311903e-05,0
LA_D_1769224,0,0.00013319807,0
LA_D_1778012,0,6.90233e-05,0
LA_D_1809211,0,0.00010182045,0
LA_D_1810169,0,0.00019337647,0
LA_D_1847356,0,0.0001411644,0
LA_D_1901163,0,0.00017746452,0
LA_D_1958912,0,8.642989e-05,0
LA_D_1959845,0,0.00014190398,0
LA_D_1978493,0,5.7678488e-05,0
LA_D_1992911,0,0.00030970716,0
LA_D_2009466,0,5.1698535e-05,0
LA_D_2011815,0,7.644163e-05,0
LA_D_2037976,0,8.347653e-05,0
LA_D_2130837,0,0.00018344597,0
LA_D_2134521,0,0.00017597497,0
LA_D_2186225,0,0.0001406081,0
LA_D_2204777,0,0.00020063271,0
LA_D_2208415,0,0.00017423887,0
LA_D_2216630,0,9.388349e-05,0
LA_D_2220324,0,0.0001832942,0
LA_D_2223464,0,0.00019922758,0
LA_D_2238664,0,0.00012480549,0
LA_D_2244382,0,7.163496e-05,0
LA_D_2273149,0,5.6913937e-05,0
LA_D_2301514,0,2.4521441e-05,0
LA_D_2353988,0,0.00017124938,0
LA_D_2369275,0,5.608786e-05,0
LA_D_2388137,0,0.00018629876,0
LA_D_2396921,0,8.9628986e-05,0
LA_D_2397611,0,8.918616e-05,0
LA_D_2398374,0,7.4837095e-05,0
LA_D_2432935,0,6.1204526e-05,0
LA_D_2463168,0,7.825858e-05,0
LA_D_2512126,0,8.71988e-05,0
LA_D_2512624,0,0.0002942653,0
LA_D_2524995,0,8.569162e-05,0
LA_D_2570202,0,5.535458e-05,0
LA_D_2597834,0,0.000116057156,0
LA_D_2599000,0,0.0006165554,0
LA_D_2603020,0,4.228518e-05,0
LA_D_2681987,0,0.00037090867,0
LA_D_2724415,0,0.00012234644,0
LA_D_2726545,0,9.4636984e-05,0
LA_D_2742658,0,4.166185e-05,0
LA_D_2789736,0,9.854523e-05,0
LA_D_2821899,0,7.834325e-05,0
LA_D_2850721,0,0.00012462318,0
LA_D_2874880,0,7.44895e-05,0
LA_D_2984821,0,0.00012114512,0
LA_D_2993111,0,0.00014902992,0
LA_D_3046260,0,9.8644414e-05,0
LA_D_3081964,0,6.0228584e-05,0
LA_D_3099136,0,5.0976047e-05,0
LA_D_3197286,0,0.0001538303,0
LA_D_3210349,0,0.00012512616,0
LA_D_3217930,0,0.00012469901,0
LA_D_3220879,0,9.057961e-05,0
LA_D_3235008,0,0.00014238786,0
LA_D_3264000,0,0.00010652603,0
LA_D_3280550,0,7.821061e-05,0
LA_D_3305667,0,0.00011567388,0
LA_D_3306070,0,9.3805014e-05,0
LA_D_3360722,0,6.933058e-05,0
LA_D_3402820,0,8.559689e-05,0
LA_D_3454271,0,9.6147516e-05,0
LA_D_3598308,0,9.566911e-05,0
LA_D_3622402,0,7.077763e-05,0
LA_D_3674377,0,0.000103626786,0
LA_D_3692559,0,6.795547e-05,0
LA_D_3707369,0,9.213708e-05,0
LA_D_3736267,0,0.000119993834,0
LA_D_3744745,0,8.80217e-05,0
LA_D_3756775,0,0.00014099517,0
LA_D_3758585,0,5.5144676e-05,0
LA_D_3801152,0,0.00010309848,0
LA_D_3808321,0,5.8557023e-05,0
LA_D_3826682,0,7.134754e-05,0
LA_D_3848373,0,8.5438354e-05,0
LA_D_3864770,0,7.4441494e-05,0
LA_D_3893213,0,0.00021069532,0
LA_D_3895363,0,6.111734e-05,0
LA_D_3905105,0,7.490207e-05,0
LA_D_3911855,0,6.299069e-05,0
LA_D_3937674,0,9.839564e-05,0
LA_D_3958353,0,0.0013107843,0
LA_D_3969230,0,5.9495334e-05,0
LA_D_3975995,0,0.00021605611,0
LA_D_3989106,0,8.482447e-05,0
LA_D_4008042,0,0.00012850913,0
LA_D_4017116,0,0.00029695907,0
LA_D_4028634,0,5.435744e-05,0
LA_D_4038724,0,0.00015953711,0
LA_D_4054308,0,6.460915e-05,0
LA_D_4054787,0,0.00010315936,0
LA_D_4113739,0,0.0002118595,0
LA_D_4127364,0,8.842248e-05,0
LA_D_4151736,0,0.00021823624,0
LA_D_4173186,0,9.487354e-05,0
LA_D_4188323,0,0.000109273045,0
LA_D_4210311,0,0.00010116563,0
LA_D_4218902,0,9.054326e-05,0
LA_D_4261231,0,0.00016886194,0
LA_D_4284566,0,0.00010174357,0
LA_D_4310640,0,5.3989148e-05,0
LA_D_4385840,0,0.00019454268,0
LA_D_4397439,0,0.000104430794,0
LA_D_4415553,0,8.509717e-05,0
LA_D_4445225,0,6.269705e-05,0
LA_D_4456942,0,0.00010886659,0
LA_D_4482514,0,0.00014156745,0
LA_D_4496096,0,0.00010250179,0
LA_D_4526443,0,7.8314646e-05,0
LA_D_4553437,0,7.413291e-05,0
LA_D_4556521,0,6.112777e-05,0
LA_D_4564137,0,0.00013182321,0
LA_D_4589632,0,8.3722225e-05,0
LA_D_4599870,0,4.7070385e-05,0
LA_D_4611953,0,7.2510215e-05,0
LA_D_4613194,0,6.832604e-05,0
LA_D_4657641,0,9.959165e-05,0
LA_D_4658339,0,7.19575e-05,0
LA_D_4670841,0,5.0896382e-05,0
LA_D_4678036,0,0.0001016562,0
LA_D_4679906,0,0.000101501115,0
LA_D_4701013,0,0.00014239817,0
LA_D_4711119,0,0.00016996912,0
LA_D_4720393,0,8.154141e-05,0
LA_D_4721080,0,0.00011119452,0
LA_D_4723841,0,0.0008652704,0
LA_D_4728402,0,7.686039e-05,0
LA_D_4735914,0,0.00027170609,0
LA_D_4750835,0,0.00012217599,0
LA_D_4756307,0,9.0380476e-05,0
LA_D_4789100,0,0.00024846784,0
LA_D_4794215,0,0.00013799213,0
LA_D_4803093,0,6.8275236e-05,0
LA_D_4829729,0,5.7947524e-05,0
LA_D_4848136,0,9.702174e-05,0
LA_D_4866336,0,6.272707e-05,0
LA_D_4876351,0,9.518527e-05,0
LA_D_4880181,0,0.00013107853,0
LA_D_4896355,0,5.5821813e-05,0
LA_D_4940182,0,0.000113315175,0
LA_D_4952807,0,6.800292e-05,0
LA_D_5014227,0,0.00011151732,0
LA_D_5021275,0,0.00042056156,0
LA_D_5023052,0,8.7012486e-05,0
LA_D_5033211,0,0.00010949292,0
LA_D_5041000,0,0.00013782091,0
LA_D_5068765,0,4.187774e-05,0
LA_D_5079902,0,8.3236235e-05,0
LA_D_5081043,0,6.244304e-05,0
LA_D_5083379,0,0.00013184383,0
LA_D_5084784,0,0.00014262457,0
LA_D_5131450,0,6.918428e-05,0
LA_D_5191412,0,0.00018572004,0
LA_D_5279003,0,0.00044965287,0
LA_D_5282521,0,7.969215e-05,0
LA_D_5354332,0,0.00012723447,0
LA_D_5414610,0,0.0002657925,0
LA_D_5450143,0,8.325053e-05,0
LA_D_5455322,0,9.054611e-05,0
LA_D_5459303,0,8.044723e-05,0
LA_D_5462650,0,0.00029583354,0
LA_D_5501009,0,9.909962e-05,0
LA_D_5508199,0,0.00010304432,0
LA_D_5535083,0,4.880884e-05,0
LA_D_5548565,0,0.00017448244,0
LA_D_5564267,0,7.798518e-05,0
LA_D_5584946,0,9.202232e-05,0
LA_D_5610072,0,0.00082252745,0
LA_D_5650921,0,0.00017312946,0
LA_D_5657147,0,7.3272095e-05,0
LA_D_5680275,0,5.174519e-05,0
LA_D_5680626,0,0.000115282535,0
LA_D_5682903,0,0.00012655745,0
LA_D_5686347,0,9.55843e-05,0
LA_D_5709714,0,9.045825e-05,0
LA_D_5766006,0,7.101887e-05,0
LA_D_5776698,0,7.298075e-05,0
LA_D_5781195,0,0.00014435234,0
LA_D_5782474,0,0.00012800026,0
LA_D_5850105,0,7.943934e-05,0
LA_D_5861276,0,0.00016540135,0
LA_D_5863422,0,0.00016978705,0
LA_D_5878622,0,0.0001659416,0
LA_D_5883310,0,7.7725475e-05,0
LA_D_5890834,0,0.00011162573,0
LA_D_5897153,0,9.8019926e-05,0
LA_D_5944972,0,0.00013984846,0
LA_D_5946428,0,8.718334e-05,0
LA_D_5950567,0,0.00036970453,0
LA_D_5966104,0,8.696594e-05,0
LA_D_6036963,0,0.00010652573,0
LA_D_6057959,0,8.856628e-05,0
LA_D_6077372,0,7.195654e-05,0
LA_D_6107728,0,8.235725e-05,0
LA_D_6122860,0,5.7150904e-05,0
LA_D_6123915,0,0.00011470565,0
LA_D_6166623,0,0.00014102313,0
LA_D_6168608,0,9.37957e-05,0
LA_D_6203714,0,8.5963424e-05,0
LA_D_6223827,0,7.0896516e-05,0
LA_D_6259909,0,0.00010859329,0
LA_D_6291291,0,0.0005125551,0
LA_D_6320084,0,6.914986e-05,0
LA_D_6358557,0,7.355717e-05,0
LA_D_6367898,0,0.00039001784,0
LA_D_6379619,0,5.312207e-05,0
LA_D_6400893,0,0.0018670034,0
LA_D_6425500,0,0.00016929206,0
LA_D_6428772,0,8.757203e-05,0
LA_D_6432379,0,0.0001856678,0
LA_D_6450803,0,0.00010575923,0
LA_D_6483376,0,7.160095e-05,0
LA_D_6492231,0,0.00013684778,0
LA_D_6497562,0,0.00013593896,0
LA_D_6503230,0,5.265654e-05,0
LA_D_6507505,0,0.000105950014,0
LA_D_6544998,0,6.491132e-05,0
LA_D_6591420,0,0.00010466707,0
LA_D_6592060,0,0.00010816008,0
LA_D_6602632,0,8.087033e-05,0
LA_D_6614524,0,0.0001641756,0
LA_D_6680787,0,9.7034135e-05,0
LA_D_6682623,0,8.5826716e-05,0
LA_D_6728714,0,8.386303e-05,0
LA_D_6742171,0,6.2971296e-05,0
LA_D_6747634,0,6.187105e-05,0
LA_D_6785143,0,0.00014941253,0
LA_D_6819533,0,9.015753e-05,0
LA_D_6825802,0,0.0003558889,0
LA_D_6826753,0,0.00013706183,0
LA_D_6843509,0,0.00014735502,0
LA_D_6873647,0,5.056249e-05,0
LA_D_6879975,0,0.00016325971,0
LA_D_6881830,0,7.041202e-05,0
LA_D_6889186,0,8.884526e-05,0
LA_D_6911726,0,5.1807605e-05,0
LA_D_6924409,0,0.00015175481,0
LA_D_6935218,0,8.025696e-05,0
LA_D_6936180,0,0.0006155678,0
LA_D_6941274,0,9.2753624e-05,0
LA_D_6947699,0,0.00025937948,0
LA_D_6969745,0,7.9680154e-05,0
LA_D_6986110,0,0.0004003288,0
LA_D_6991312,0,0.000110236004,0
LA_D_7006139,0,9.564494e-05,0
LA_D_7044166,0,0.00010658802,0
LA_D_7046648,0,8.9490975e-05,0
LA_D_7056175,0,0.0001446574,0
LA_D_7075319,0,0.00014065127,0
LA_D_7127827,0,9.4887655e-05,0
LA_D_7194017,0,8.329921e-05,0
LA_D_7207687,0,0.000111232046,0
LA_D_7239978,0,7.698751e-05,0
LA_D_7257601,0,0.00018689872,0
LA_D_7321218,0,0.00012921332,0
LA_D_7329224,0,7.600449e-05,0
LA_D_7360298,0,0.00010406159,0
LA_D_7372099,0,5.7905378e-05,0
LA_D_7402838,0,0.00011569981,0
LA_D_7411417,0,5.820661e-05,0
LA_D_7421938,0,0.00014662158,0
LA_D_7460958,0,8.754081e-05,0
LA_D_7461040,0,0.00017628835,0
LA_D_7489520,0,6.258188e-05,0
LA_D_7538600,0,6.9399364e-05,0
LA_D_7551361,0,8.6035514e-05,0
LA_D_7560824,0,0.000110338755,0
LA_D_7569592,0,0.00024907241,0
LA_D_7604595,0,0.00011095344,0
LA_D_7606194,0,0.00022593902,0
LA_D_7626762,0,0.00019959282,0
LA_D_7655654,0,0.00012749132,0
LA_D_7687952,0,0.00011838564,0
LA_D_7697892,0,8.794385e-05,0
LA_D_7701061,0,7.9517864e-05,0
LA_D_7713794,0,0.0002456944,0
LA_D_7725987,0,0.00021382455,0
LA_D_7755398,0,0.00012496686,0
LA_D_7766451,0,0.00038027315,0
LA_D_7771236,0,0.00013190052,0
LA_D_7771464,0,8.92446e-05,0
LA_D_7771836,0,6.5912085e-05,0
LA_D_7835394,0,0.00014838757,0
LA_D_7875396,0,0.000103768485,0
LA_D_7910852,0,0.00015166019,0
LA_D_7938616,0,0.00017404526,0
LA_D_7945877,0,0.0001192044,0
LA_D_8060326,0,0.00020921876,0
LA_D_8072143,0,0.00018975414,0
LA_D_8074947,0,0.00010511366,0
LA_D_8105434,0,0.00012624022,0
LA_D_8106678,0,0.00017879647,0
LA_D_8118210,0,9.351572e-05,0
LA_D_8118898,0,8.4258056e-05,0
LA_D_8183593,0,7.346674e-05,0
LA_D_8214339,0,0.00021197063,0
LA_D_8248080,0,0.00013671123,0
LA_D_8296826,0,6.4207394e-05,0
LA_D_8315223,0,9.524156e-05,0
LA_D_8329694,0,6.8589456e-05,0
LA_D_8331688,0,0.00037980088,0
LA_D_8334768,0,7.71553e-05,0
LA_D_8338091,0,0.00013914854,0
LA_D_8367791,0,0.00014908619,0
LA_D_8370214,0,0.00025197738,0
LA_D_8398012,0,8.716937e-05,0
LA_D_8429173,0,9.461028e-05,0
LA_D_8458088,0,9.011576e-05,0
LA_D_8552720,0,9.7409415e-05,0
LA_D_8579194,0,9.276053e-05,0
LA_D_8590568,0,7.6469194e-05,0
LA_D_8645922,0,0.00012370347,0
LA_D_8687224,0,8.698437e-05,0
LA_D_8724499,0,7.486308e-05,0
LA_D_8852715,0,9.044048e-05,0
LA_D_8856515,0,0.0001106805,0
LA_D_8866086,0,9.210299e-05,0
LA_D_8867730,0,0.00020680879,0
LA_D_8908629,0,6.592038e-05,0
LA_D_8915606,0,0.00011484244,0
LA_D_8938260,0,0.00011998456,0
LA_D_8952804,0,0.0001559785,0
LA_D_8960387,0,0.000110912406,0
LA_D_8976086,0,0.00017255939,0
LA_D_8979143,0,0.00011838857,0
LA_D_8980615,0,0.00022598122,0
LA_D_8986635,0,9.7171906e-05,0
LA_D_9028867,0,8.99897e-05,0
LA_D_9030330,0,0.00010630015,0
LA_D_9039631,0,8.446688e-05,0
LA_D_9063206,0,9.914631e-05,0
LA_D_9071261,0,0.00024150804,0
LA_D_9139978,0,0.0001450234,0
LA_D_9141529,0,0.00011910873,0
LA_D_9151005,0,0.0001359431,0
LA_D_9166719,0,0.0002039216,0
LA_D_9170002,0,0.00012508333,0
LA_D_9184356,0,0.00010175095,0
LA_D_9187692,0,8.613107e-05,0
LA_D_9200915,0,0.00014887596,0
LA_D_9213314,0,9.655545e-05,0
LA_D_9228123,0,0.00024298459,0
LA_D_9239795,0,7.94501e-05,0
LA_D_9253024,0,0.00011208854,0
LA_D_9324060,0,0.0005062319,0
LA_D_9418544,0,4.49691e-05,0
LA_D_9438355,0,0.0001267618,0
LA_D_9444562,0,0.00016664881,0
LA_D_9445999,0,0.00023875922,0
LA_D_9457605,0,8.80751e-05,0
LA_D_9482480,0,0.00014423594,0
LA_D_9498512,0,5.8599922e-05,0
LA_D_9502387,0,4.4770517e-05,0
LA_D_9503729,0,0.00023736536,0
LA_D_9511470,0,6.601197e-05,0
LA_D_9538410,0,0.00010776248,0
LA_D_9542467,0,7.169414e-05,0
LA_D_9553252,0,4.2289295e-05,0
LA_D_9568077,0,8.941676e-05,0
LA_D_9590056,0,0.000116721945,0
LA_D_9623638,0,0.0028385147,0
LA_D_9712289,0,0.0002627634,0
LA_D_9714255,0,7.3500305e-05,0
LA_D_9719946,0,0.00014333379,0
LA_D_9732390,0,0.00013818793,0
LA_D_9759551,0,5.1077797e-05,0
LA_D_9762749,0,8.5582025e-05,0
LA_D_9792022,0,0.000108093765,0
LA_D_9795643,0,9.35563e-05,0
LA_D_9800885,0,6.45315e-05,0
LA_D_9816888,0,0.00018281316,0
LA_D_9826922,0,4.3735705e-05,0
LA_D_9827302,0,0.00013337829,0
LA_D_9883471,0,0.00017269517,0
LA_D_9893803,0,9.203355e-05,0
LA_D_9934914,0,0.00012515526,0
LA_D_9936397,0,0.000110949746,0
LA_D_9955951,0,0.00013002475,0
LA_D_9958345,0,0.000120919845,0
LA_D_1054710,0,9.7501514e-05,0
LA_D_1055821,0,4.6904504e-05,0
LA_D_1068623,0,3.7922186e-05,0
LA_D_1083852,0,8.226251e-05,0
LA_D_1120974,0,5.5012835e-05,0
LA_D_1133783,0,0.00012272548,0
LA_D_1172519,0,0.0011867863,0
LA_D_1190017,0,5.7348094e-05,0
LA_D_1218000,0,0.00027641238,0
LA_D_1261130,0,6.346691e-05,0
LA_D_1280552,0,0.00015215034,0
LA_D_1287088,0,8.8906374e-05,0
LA_D_1344611,0,0.0010821301,0
LA_D_1399820,0,0.00016759233,0
LA_D_1429741,0,0.00034065006,0
LA_D_1466622,0,0.00041614348,0
LA_D_1535123,0,6.685785e-05,0
LA_D_1550368,0,0.00012476897,0
LA_D_1599303,0,0.00041023977,0
LA_D_1611242,0,0.00020894267,0
LA_D_1634285,0,0.00077094085,0
LA_D_1637195,0,8.71117e-05,0
LA_D_1659381,0,7.13051e-05,0
LA_D_1677100,0,4.90144e-05,0
LA_D_1685498,0,0.00032362834,0
LA_D_1685866,0,6.973331e-05,0
LA_D_1697041,0,4.4953835e-05,0
LA_D_1699593,0,0.00021534409,0
LA_D_1715736,0,8.25491e-05,0
LA_D_1720051,0,5.4312462e-05,0
LA_D_1752505,0,0.00012465217,0
LA_D_1792171,0,8.929899e-05,0
LA_D_1831983,0,0.0004579502,0
LA_D_1873983,0,0.00010079797,0
LA_D_1963562,0,0.0003992521,0
LA_D_1971495,0,5.0982708e-05,0
LA_D_2000931,0,0.0005339012,0
LA_D_2001268,0,0.00020962529,0
LA_D_2008849,0,0.00011217558,0
LA_D_2032238,0,0.00019578128,0
LA_D_2032856,0,0.00013504968,0
LA_D_2055265,0,9.8368524e-05,0
LA_D_2093249,0,0.00036995183,0
LA_D_2100359,0,0.0008187941,0
LA_D_2155436,0,3.6789534e-05,0
LA_D_2175913,0,0.00013486668,0
LA_D_2222599,0,9.16969e-05,0
LA_D_2237091,0,8.055492e-05,0
LA_D_2261624,0,2.9749133e-05,0
LA_D_2281133,0,6.2085775e-05,0
LA_D_2287702,0,0.00039935796,0
LA_D_2301862,0,0.0008106882,0
LA_D_2456934,0,6.189005e-05,0
LA_D_2493328,0,0.00018599932,0
LA_D_2525638,0,0.00022766071,0
LA_D_2591082,0,0.00019471454,0
LA_D_2605424,0,0.00025416003,0
LA_D_2608999,0,9.0171125e-05,0
LA_D_2621087,0,2.3328454e-05,0
LA_D_2635826,0,0.00032146965,0
LA_D_2645983,0,0.00016352862,0
LA_D_2658373,0,0.00012708157,0
LA_D_2689749,0,2.2766122e-05,0
LA_D_2692106,0,9.271507e-05,0
LA_D_2699759,0,0.00054064946,0
LA_D_2700751,0,9.410272e-05,0
LA_D_2702031,0,0.00019820879,0
LA_D_2753476,0,0.0003193278,0
LA_D_2762615,0,7.3775926e-05,0
LA_D_2809182,0,0.0001988956,0
LA_D_2850729,0,0.00030239078,0
LA_D_2910877,0,0.00017584683,0
LA_D_2963073,0,7.813547e-05,0
LA_D_2972508,0,6.414339e-05,0
LA_D_2977758,0,3.391846e-05,0
LA_D_3011525,0,0.00016679791,0
LA_D_3050370,0,0.00011388355,0
LA_D_3137821,0,0.0001080373,0
LA_D_3171966,0,0.00041558588,0
LA_D_3272948,0,5.1502193e-05,0
LA_D_3303654,0,0.00028409564,0
LA_D_3348534,0,5.960107e-05,0
LA_D_3399429,0,0.00026741676,0
LA_D_3432828,0,0.00048184072,0
LA_D_3528786,0,0.00012638114,0
LA_D_3558657,0,9.830861e-05,0
LA_D_3566699,0,0.00019664223,0
LA_D_3642968,0,8.2620136e-05,0
LA_D_3648708,0,0.008815108,0
LA_D_3697021,0,0.00039165313,0
LA_D_3730486,0,0.00012600138,0
LA_D_3758555,0,0.0011925215,0
LA_D_3760320,0,0.00018832047,0
LA_D_3774067,0,0.0014066289,0
LA_D_3780158,0,0.002150543,0
LA_D_3785861,0,0.00012388515,0
LA_D_3897774,0,0.00031715876,0
LA_D_3921229,0,0.00014926729,0
LA_D_3945632,0,0.00014658048,0
LA_D_3978597,0,0.00049181306,0
LA_D_4005135,0,0.00018494583,0
LA_D_4044847,0,3.542713e-05,0
LA_D_4052546,0,0.00027656578,0
LA_D_4055037,0,0.00017821538,0
LA_D_4055401,0,0.0015744076,0
LA_D_4065133,0,0.0009396255,0
LA_D_4099567,0,0.00017204105,0
LA_D_4134402,0,0.0030552782,0
LA_D_4149358,0,0.0013567809,0
LA_D_4163686,0,8.593121e-05,0
LA_D_4183410,0,0.00022121127,0
LA_D_4242553,0,0.0001037673,0
LA_D_4284546,0,0.00022628912,0
LA_D_4317452,0,0.00024257766,0
LA_D_4369698,0,0.00012750519,0
LA_D_4373208,0,0.00056194834,0
LA_D_4388088,0,6.693012e-05,0
LA_D_4404747,0,8.278891e-05,0
LA_D_4405252,0,5.281773e-05,0
LA_D_4430544,0,0.0001244689,0
LA_D_4437552,0,0.00011519121,0
LA_D_4480904,0,0.00012098569,0
LA_D_4490090,0,0.000101565114,0
LA_D_4532309,0,0.00040535408,0
LA_D_4545454,0,0.00016348714,0
LA_D_4574682,0,8.984514e-05,0
LA_D_4578335,0,7.618838e-05,0
LA_D_4594053,0,9.098502e-05,0
LA_D_4595397,0,0.00018794091,0
LA_D_4601718,0,0.0011016977,0
LA_D_4635608,0,0.00011133839,0
LA_D_4643368,0,0.0004132162,0
LA_D_4648727,0,0.00015046178,0
LA_D_4652445,0,0.00041035982,0
LA_D_4654553,0,9.597731e-05,0
LA_D_4701377,0,5.5786953e-05,0
LA_D_4731106,0,0.00014524427,0
LA_D_4731613,0,4.225003e-05,0
LA_D_4746307,0,0.00015189782,0
LA_D_4773151,0,0.00016285702,0
LA_D_4813834,0,0.00010839754,0
LA_D_4825664,0,0.00030292865,0
LA_D_4828499,0,0.0016159181,0
LA_D_4834984,0,7.64689e-05,0
LA_D_4854132,0,0.00014105838,0
LA_D_4862428,0,0.0005262252,0
LA_D_4863657,0,5.4081174e-05,0
LA_D_4874349,0,0.00027555614,0
LA_D_4899855,0,0.0003395825,0
LA_D_4902814,0,0.00060120755,0
LA_D_4912073,0,0.00012281047,0
LA_D_4942458,0,0.000238688,0
LA_D_4951542,0,0.00010993484,0
LA_D_4972084,0,9.9247896e-05,0
LA_D_4972276,0,0.00017673535,0
LA_D_5026947,0,0.00016140123,0
LA_D_5029058,0,0.00020121146,0
LA_D_5091062,0,6.352843e-05,0
LA_D_5110260,0,0.00011884983,0
LA_D_5161834,0,9.4374016e-05,0
LA_D_5234492,0,0.00012780487,0
LA_D_5258398,0,3.4361954e-05,0
LA_D_5268360,0,8.349644e-05,0
LA_D_5277589,0,9.107817e-05,0
LA_D_5307111,0,0.00020208243,0
LA_D_5380655,0,0.00019099757,0
LA_D_5383288,0,3.7156504e-05,0
LA_D_5384713,0,0.00010138369,0
LA_D_5441228,0,6.066181e-05,0
LA_D_5465161,0,3.537038e-05,0
LA_D_5468030,0,9.526036e-05,0
LA_D_5484814,0,4.484102e-05,0
LA_D_5490216,0,0.0002558454,0
LA_D_5600881,0,3.7427315e-05,0
LA_D_5606927,0,0.0007894574,0
LA_D_5625821,0,9.244572e-05,0
LA_D_5652919,0,0.0006198059,0
LA_D_5686859,0,0.002698466,0
LA_D_5693748,0,0.00013183402,0
LA_D_5733130,0,0.00015018872,0
LA_D_5800320,0,5.482707e-05,0
LA_D_5880967,0,0.00036069783,0
LA_D_5890270,0,0.00032570772,0
LA_D_5917800,0,6.921226e-05,0
LA_D_5966849,0,0.00014874342,0
LA_D_6036698,0,0.00018629096,0
LA_D_6057135,0,0.00016385171,0
LA_D_6082119,0,0.0007860074,0
LA_D_6108867,0,0.0005284789,0
LA_D_6163484,0,0.0011116158,0
LA_D_6181384,0,0.000389465,0
LA_D_6198057,0,0.00010508751,0
LA_D_6233623,0,0.00016037292,0
LA_D_6259512,0,0.00016804069,0
LA_D_6290649,0,0.00010295328,0
LA_D_6339345,0,0.00011208746,0
LA_D_6363603,0,0.00075971294,0
LA_D_6390676,0,0.00011185907,0
LA_D_6425341,0,0.0002699791,0
LA_D_6469729,0,0.00013728916,0
LA_D_6550422,0,0.00010819493,0
LA_D_6569143,0,6.2254265e-05,0
LA_D_6575832,0,0.00019280498,0
LA_D_6592592,0,0.0001050336,0
LA_D_6646559,0,0.00085274864,0
LA_D_6671856,0,8.593662e-05,0
LA_D_6699236,0,0.0003662907,0
LA_D_6720174,0,0.0013329377,0
LA_D_6729704,0,0.00035744105,0
LA_D_6737153,0,0.00020045029,0
LA_D_6740718,0,6.797024e-05,0
LA_D_6744854,0,5.273262e-05,0
LA_D_6770921,0,3.6610272e-05,0
LA_D_6946918,0,6.968227e-05,0
LA_D_6965022,0,0.00011662849,0
LA_D_7018177,0,0.00017109826,0
LA_D_7139647,0,7.937816e-05,0
LA_D_7220301,0,4.7272497e-05,0
LA_D_7260077,0,7.162096e-05,0
LA_D_7274481,0,8.6165324e-05,0
LA_D_7281516,0,0.00072473835,0
LA_D_7303668,0,0.0019269851,0
LA_D_7303817,0,0.00034290762,0
LA_D_7303874,0,0.0003111974,0
LA_D_7315219,0,5.9765774e-05,0
LA_D_7317798,0,5.3370317e-05,0
LA_D_7326224,0,6.4809756e-05,0
LA_D_7400275,0,0.00022139569,0
LA_D_7432306,0,0.0006546233,0
LA_D_7487498,0,2.1667374e-05,0
LA_D_7528720,0,0.00010204517,0
LA_D_7544106,0,0.00013943024,0
LA_D_7555122,0,0.0002134528,0
LA_D_7597009,0,0.00044575328,0
LA_D_7608721,0,2.7674956e-05,0
LA_D_7634891,0,0.00020004074,0
LA_D_7639419,0,0.00089959125,0
LA_D_7667162,0,0.00016590205,0
LA_D_7671138,0,7.710625e-05,0
LA_D_7673547,0,0.0002104815,0
LA_D_7682078,0,0.00018726331,0
LA_D_7692880,0,0.0016754254,0
LA_D_7693054,0,0.00021652793,0
LA_D_7730796,0,0.00014534096,0
LA_D_7783843,0,0.00016458672,0
LA_D_7805732,0,0.00016768616,0
LA_D_7954225,0,0.00014107773,0
LA_D_8006892,0,5.4651988e-05,0
LA_D_8082589,0,8.076953e-05,0
LA_D_8093393,0,5.8128182e-05,0
LA_D_8093888,0,8.810132e-05,0
LA_D_8110920,0,9.995472e-05,0
LA_D_8188766,0,6.2289895e-05,0
LA_D_8195927,0,0.00038445054,0
LA_D_8236842,0,0.00026510362,0
LA_D_8236895,0,0.0005304494,0
LA_D_8243247,0,0.0011985855,0
LA_D_8251788,0,8.695301e-05,0
LA_D_8268056,0,0.00015971794,0
LA_D_8306822,0,0.000113407375,0
LA_D_8381795,0,0.00015005816,0
LA_D_8387799,0,0.00039771895,0
LA_D_8414298,0,9.817259e-05,0
LA_D_8491883,0,6.761829e-05,0
LA_D_8564423,0,0.00012403823,0
LA_D_8604190,0,0.00044341644,0
LA_D_8615165,0,0.00048307027,0
LA_D_8659821,0,0.000111094574,0
LA_D_8741984,0,0.000120243865,0
LA_D_8749085,0,8.572578e-05,0
LA_D_8773075,0,0.00010764273,0
LA_D_8777052,0,0.00023642802,0
LA_D_8801540,0,0.00020097772,0
LA_D_8841946,0,0.00013197312,0
LA_D_8844856,0,8.6130654e-05,0
LA_D_8969123,0,5.2996733e-05,0
LA_D_8977843,0,0.00042601797,0
LA_D_9022649,0,0.00016257558,0
LA_D_9027862,0,0.00012793021,0
LA_D_9044257,0,0.00011974247,0
LA_D_9050678,0,6.662021e-05,0
LA_D_9115816,0,7.7117424e-05,0
LA_D_9142152,0,5.8551774e-05,0
LA_D_9153526,0,0.0001453964,0
LA_D_9190511,0,0.00050086004,0
LA_D_9350162,0,6.1104976e-05,0
LA_D_9405115,0,7.0705646e-05,0
LA_D_9406840,0,0.0009064028,0
LA_D_9423650,0,0.0012780696,0
LA_D_9450569,0,9.0683236e-05,0
LA_D_9452684,0,7.430362e-05,0
LA_D_9472783,0,0.00021406013,0
LA_D_9475051,0,3.2965694e-05,0
LA_D_9554324,0,0.00016361877,0
LA_D_9608491,0,0.00016365277,0
LA_D_9684230,0,6.498304e-05,0
LA_D_9688217,0,0.00013983273,0
LA_D_9759514,0,0.00027681823,0
LA_D_9781138,0,4.663253e-05,0
LA_D_9793252,0,0.0011772072,0
LA_D_9808796,0,4.684425e-05,0
LA_D_9826790,0,0.0020472023,0
LA_D_9836454,0,8.521979e-05,0
LA_D_9846875,0,9.8201424e-05,0
LA_D_9868970,0,4.52456e-05,0
LA_D_9880269,0,0.00016323138,0
LA_D_9959948,0,0.00018774603,0
LA_D_9962361,0,9.196012e-05,0
LA_D_1004406,0,9.115566e-05,0
LA_D_1038888,0,0.00015951705,0
LA_D_1050709,0,6.817277e-05,0
LA_D_1055238,0,2.949779e-05,0
LA_D_1063719,0,3.025526e-05,0
LA_D_1085566,0,3.075515e-05,0
LA_D_1091601,0,8.3516665e-05,0
LA_D_1096227,0,7.224621e-05,0
LA_D_1110769,0,3.533198e-05,0
LA_D_1126775,0,1.6581585e-05,0
LA_D_1150140,0,0.00010836427,0
LA_D_1198374,0,3.062397e-05,0
LA_D_1301495,0,4.5045283e-05,0
LA_D_1343070,0,0.00015385405,0
LA_D_1348512,0,0.000710143,0
LA_D_1391132,0,0.00028396022,0
LA_D_1413701,0,0.00023550964,0
LA_D_1414826,0,9.063673e-05,0
LA_D_1479561,0,0.00041743097,0
LA_D_1516617,0,7.396832e-05,0
LA_D_1528504,0,4.74068e-05,0
LA_D_1534944,0,2.78154e-05,0
LA_D_1614382,0,8.7079636e-05,0
LA_D_1639860,0,5.673073e-05,0
LA_D_1678967,0,0.00019210108,0
LA_D_1707779,0,7.3218456e-05,0
LA_D_1725718,0,0.00010095545,0
LA_D_1734049,0,6.2545485e-05,0
LA_D_1751918,0,0.00020809846,0
LA_D_1772977,0,5.4061376e-05,0
LA_D_1805502,0,2.3064591e-05,0
LA_D_1812831,0,5.5010056e-05,0
LA_D_1880286,0,9.1287104e-05,0
LA_D_1895153,0,2.2504695e-05,0
LA_D_1924915,0,1.311357e-05,0
LA_D_1925258,0,1.661435e-05,0
LA_D_1976814,0,4.6316887e-05,0
LA_D_1992569,0,6.4522144e-05,0
LA_D_2069465,0,4.099653e-05,0
LA_D_2081014,0,4.821746e-05,0
LA_D_2153758,0,9.038211e-05,0
LA_D_2166742,0,4.1896918e-05,0
LA_D_2182436,0,3.767875e-05,0
LA_D_2195770,0,3.7055725e-05,0
LA_D_2230362,0,8.0737336e-05,0
LA_D_2233973,0,5.085932e-05,0
LA_D_2259476,0,7.566137e-05,0
LA_D_2290223,0,2.6046324e-05,0
LA_D_2305845,0,8.39067e-05,0
LA_D_2340415,0,2.0591684e-05,0
LA_D_2350008,0,2.5698291e-05,0
LA_D_2363543,0,2.825021e-05,0
LA_D_2412410,0,1.1543493e-05,0
LA_D_2448162,0,4.3138396e-05,0
LA_D_2461506,0,0.00010049814,0
LA_D_2570544,0,0.00010737905,0
LA_D_2658907,0,3.1233172e-05,0
LA_D_2728150,0,0.006715313,0
LA_D_2739423,0,3.2605298e-05,0
LA_D_2851293,0,0.00014446236,0
LA_D_2853583,0,0.00021796006,0
LA_D_2864689,0,6.426547e-05,0
LA_D_2878966,0,4.0021307e-05,0
LA_D_2909263,0,0.0005962126,0
LA_D_2938296,0,5.2715426e-05,0
LA_D_2943031,0,9.402874e-06,0
LA_D_3027137,0,0.00016123387,0
LA_D_3047959,0,0.00012988335,0
LA_D_3078454,0,1.5602976e-05,0
LA_D_3113300,0,2.4861192e-06,0
LA_D_3130414,0,4.4245742e-05,0
LA_D_3204150,0,7.106994e-05,0
LA_D_3263579,0,0.00013949753,0
LA_D_3274635,0,7.0128764e-05,0
LA_D_3290566,0,1.9831665e-05,0
LA_D_3325540,0,5.185713e-05,0
LA_D_3349542,0,9.656881e-05,0
LA_D_3375994,0,2.5209352e-05,0
LA_D_3389603,0,0.00011955057,0
LA_D_3470341,0,2.0799447e-05,0
LA_D_3504200,0,2.8485027e-05,0
LA_D_3512336,0,3.6213314e-05,0
LA_D_3533142,0,0.00026901092,0
LA_D_3543093,0,0.00014121906,0
LA_D_3579823,0,6.952661e-05,0
LA_D_3582263,0,0.00017965246,0
LA_D_3598081,0,5.7547888e-05,0
LA_D_3615500,0,0.00012380141,0
LA_D_3634420,0,7.942079e-05,0
LA_D_3635835,0,7.181759e-05,0
LA_D_3636142,0,6.475515e-05,0
LA_D_3645082,0,9.9588e-06,0
LA_D_3709016,0,8.132312e-05,0
LA_D_3762985,0,7.9347465e-06,0
LA_D_3767360,0,5.5545737e-05,0
LA_D_3770745,0,3.5914243e-05,0
LA_D_3803791,0,3.9757386e-05,0
LA_D_3845484,0,0.00016960195,0
LA_D_3848465,0,3.907662e-05,0
LA_D_3854807,0,1.8224466e-05,0
LA_D_3872770,0,4.0582807e-05,0
LA_D_3878527,0,5.3988682e-05,0
LA_D_3914577,0,2.2396254e-05,0
LA_D_4005743,0,0.00013406582,0
LA_D_4008967,0,3.9934843e-05,0
LA_D_4052276,0,3.5946112e-05,0
LA_D_4121148,0,4.3722528e-05,0
LA_D_4187375,0,1.1804542e-05,0
LA_D_4195600,0,3.5517925e-05,0
LA_D_4201607,0,0.00014621502,0
LA_D_4228550,0,1.9159554e-05,0
LA_D_4264656,0,0.00019952717,0
LA_D_4282533,0,2.9752451e-05,0
LA_D_4309122,0,5.2502208e-05,0
LA_D_4324943,0,2.695822e-05,0
LA_D_4341247,0,0.0019032476,0
LA_D_4401901,0,7.8737125e-05,0
LA_D_4407357,0,2.4374978e-05,0
LA_D_4416329,0,1.3083765e-05,0
LA_D_4499477,0,3.209761e-05,0
LA_D_4516952,0,6.810604e-05,0
LA_D_4545082,0,1.5642921e-05,0
LA_D_4581451,0,3.093402e-05,0
LA_D_4583809,0,3.402618e-05,0
LA_D_4588355,0,4.349986e-05,0
LA_D_4599014,0,3.6530375e-05,0
LA_D_4662308,0,9.8975695e-05,0
LA_D_4665317,0,0.00012445514,0
LA_D_4719892,0,6.045761e-05,0
LA_D_4737764,0,2.4580137e-05,0
LA_D_4768782,0,5.0103367e-06,0
LA_D_4842833,0,0.0001598633,0
LA_D_4884741,0,0.00013257767,0
LA_D_4895062,0,5.0256465e-05,0
LA_D_4897222,0,6.370193e-05,0
LA_D_4915395,0,0.00013724544,0
LA_D_4922394,0,0.0016972503,0
LA_D_4965981,0,4.1747557e-05,0
LA_D_5120726,0,7.135271e-05,0
LA_D_5126554,0,0.00021904486,0
LA_D_5140118,0,3.9689425e-05,0
LA_D_5187334,0,3.7730526e-05,0
LA_D_5205569,0,6.5369645e-06,0
LA_D_5229682,0,3.3397715e-05,0
LA_D_5359950,0,8.476997e-05,0
LA_D_5380614,0,4.805345e-05,0
LA_D_5381315,0,3.729129e-05,0
LA_D_5396174,0,0.00012901032,0
LA_D_5407356,0,3.3592434e-05,0
LA_D_5430421,0,6.61315e-05,0
LA_D_5437717,0,3.1339747e-05,0
LA_D_5448474,0,0.00014685217,0
LA_D_5449899,0,0.00010053955,0
LA_D_5462959,0,5.08727e-05,0
LA_D_5473083,0,0.00014073672,0
LA_D_5506307,0,3.6974823e-05,0
LA_D_5531330,0,0.00035883786,0
LA_D_5532100,0,3.999292e-05,0
LA_D_5535805,0,1.4714798e-05,0
LA_D_5579476,0,6.2591185e-05,0
LA_D_5594622,0,5.6893263e-05,0
LA_D_5637979,0,8.883171e-05,0
LA_D_5697626,0,4.159773e-05,0
LA_D_5706448,0,3.0612617e-05,0
LA_D_5723701,0,3.559917e-05,0
LA_D_5835778,0,0.00016429038,0
LA_D_5835948,0,0.00010624037,0
LA_D_5837845,0,0.00014452076,0
LA_D_5873514,0,2.9074066e-05,0
LA_D_5880856,0,4.4906832e-05,0
LA_D_5910081,0,0.00022199962,0
LA_D_5938241,0,6.5984656e-05,0
LA_D_6038912,0,0.00010514474,0
LA_D_6065429,0,4.761669e-06,0
LA_D_6105321,0,1.1703043e-05,0
LA_D_6107290,0,4.3641718e-05,0
LA_D_6112086,0,1.5449463e-05,0
LA_D_6128648,0,6.527825e-05,0
LA_D_6201103,0,8.1307844e-05,0
LA_D_6201607,0,5.712404e-05,0
LA_D_6245298,0,6.4250766e-05,0
LA_D_6262648,0,5.3627497e-05,0
LA_D_6276774,0,0.00066160917,0
LA_D_6333663,0,0.00032805558,0
LA_D_6353064,0,4.349704e-05,0
LA_D_6409786,0,3.387915e-05,0
LA_D_6423308,0,2.6533826e-05,0
LA_D_6444125,0,0.00023730584,0
LA_D_6450379,0,4.314975e-05,0
LA_D_6465758,0,1.9733958e-05,0
LA_D_6485701,0,1.2816849e-05,0
LA_D_6518794,0,6.442759e-05,0
LA_D_6582126,0,9.9984165e-05,0
LA_D_6601160,0,7.3725634e-05,0
LA_D_6620261,0,0.00024511415,0
LA_D_6634897,0,4.8679845e-05,0
LA_D_6682326,0,3.4637458e-05,0
LA_D_6691337,0,9.990535e-05,0
LA_D_6711029,0,4.100865e-05,0
LA_D_6712579,0,3.410563e-06,0
LA_D_6780816,0,0.00023055046,0
LA_D_6802153,0,3.9906063e-05,0
LA_D_6811737,0,3.5238024e-06,0
LA_D_6865799,0,2.2933062e-05,0
LA_D_6878756,0,0.00012142013,0
LA_D_6893706,0,0.00012988386,0
LA_D_6903594,0,2.0850448e-05,0
LA_D_6906792,0,0.0003226336,0
LA_D_6947953,0,0.0003006794,0
LA_D_6961697,0,2.0072779e-05,0
LA_D_6984588,0,6.7888104e-05,0
LA_D_6985192,0,3.4822333e-05,0
LA_D_7012203,0,2.8193097e-05,0
LA_D_7017711,0,9.20533e-05,0
LA_D_7026375,0,5.6929955e-05,0
LA_D_7041352,0,0.00010843549,0
LA_D_7052613,0,0.00014853395,0
LA_D_7098546,0,3.0893334e-05,0
LA_D_7112692,0,9.514951e-05,0
LA_D_7112975,0,3.6723743e-06,0
LA_D_7137971,0,2.7548454e-05,0
LA_D_7148219,0,3.509149e-05,0
LA_D_7157816,0,8.103507e-05,0
LA_D_7206552,0,1.281625e-05,0
LA_D_7224171,0,6.534121e-05,0
LA_D_7234278,0,7.610915e-05,0
LA_D_7264686,0,8.022553e-06,0
LA_D_7273954,0,1.8290593e-05,0
LA_D_7300406,0,6.97852e-05,0
LA_D_7320269,0,0.00012916801,0
LA_D_7338327,0,1.8228115e-05,0
LA_D_7369444,0,1.9861152e-05,0
LA_D_7408392,0,7.374687e-05,0
LA_D_7448493,0,4.3514214e-05,0
LA_D_7461756,0,6.604018e-05,0
LA_D_7473280,0,1.2343669e-05,0
LA_D_7482753,0,3.2329826e-05,0
LA_D_7489677,0,1.9401188e-05,0
LA_D_7504343,0,4.9329225e-05,0
LA_D_7519102,0,4.8528655e-05,0
LA_D_7562913,0,8.8060486e-05,0
LA_D_7694154,0,0.0002492078,0
LA_D_7736435,0,7.231996e-05,0
LA_D_7769275,0,2.9583075e-06,0
LA_D_7780225,0,6.9120586e-05,0
LA_D_7810138,0,2.1178626e-05,0
LA_D_7824275,0,6.548518e-05,0
LA_D_7855371,0,6.516598e-05,0
LA_D_7979163,0,4.5888282e-05,0
LA_D_8056722,0,3.4536133e-05,0
LA_D_8056974,0,0.0005371624,0
LA_D_8111703,0,3.8461643e-05,0
LA_D_8145413,0,5.028379e-05,0
LA_D_8170828,0,2.5984822e-05,0
LA_D_8228939,0,4.1870277e-05,0
LA_D_8243405,0,4.676676e-05,0
LA_D_8287063,0,0.0002038456,0
LA_D_8348783,0,5.349041e-05,0
LA_D_8367777,0,2.3181154e-05,0
LA_D_8500724,0,7.842921e-05,0
LA_D_8539674,0,2.258465e-05,0
LA_D_8560239,0,2.9376964e-05,0
LA_D_8624575,0,1.4001254e-05,0
LA_D_8661283,0,6.54461e-05,0
LA_D_8664408,0,0.00079179707,0
LA_D_8715195,0,0.00037202062,0
LA_D_8766017,0,4.0282295e-05,0
LA_D_8811694,0,7.017994e-05,0
LA_D_8904858,0,3.5912053e-05,0
LA_D_8929588,0,8.650056e-06,0
LA_D_8932667,0,0.00018902369,0
LA_D_8961621,0,0.00024251151,0
LA_D_8997256,0,0.029428406,0
LA_D_9014300,0,0.00011853111,0
LA_D_9014425,0,4.4386135e-05,0
LA_D_9036703,0,2.6929465e-05,0
LA_D_9096187,0,0.0002501567,0
LA_D_9105267,0,2.4764597e-06,0
LA_D_9117562,0,1.1128749e-05,0
LA_D_9250654,0,1.4323809e-05,0
LA_D_9290170,0,9.428083e-05,0
LA_D_9347930,0,4.690741e-05,0
LA_D_9361903,0,3.605068e-05,0
LA_D_9395081,0,0.0003327397,0
LA_D_9416941,0,3.5831592e-05,0
LA_D_9439129,0,3.525524e-05,0
LA_D_9467702,0,4.175651e-05,0
LA_D_9486157,0,1.1756856e-06,0
LA_D_9500158,0,3.8602637e-05,0
LA_D_9502397,0,0.0002470738,0
LA_D_9526919,0,4.1664072e-05,0
LA_D_9603838,0,2.8939905e-05,0
LA_D_9636629,0,0.000114716146,0
LA_D_9643063,0,3.5550012e-05,0
LA_D_9652883,0,2.1359469e-05,0
LA_D_9654133,0,0.00011845859,0
LA_D_9654635,0,4.001825e-05,0
LA_D_9663298,0,5.761944e-05,0
LA_D_9726070,0,8.7934786e-05,0
LA_D_9731339,0,2.6248726e-05,0
LA_D_9752133,0,2.6561598e-05,0
LA_D_9754579,0,0.00012107976,0
LA_D_9774744,0,8.475436e-05,0
LA_D_9787469,0,3.5413213e-05,0
LA_D_9816404,0,4.4435215e-05,0
LA_D_9837343,0,3.1381048e-06,0
LA_D_9850214,0,0.00013071233,0
LA_D_9943041,0,9.1047805e-06,0
LA_D_1026545,0,0.00018856805,0
LA_D_1032197,0,0.00015269843,0
LA_D_1034329,0,0.00013531702,0
LA_D_1048234,0,0.00016224291,0
LA_D_1074364,0,0.00024367179,0
LA_D_1099405,0,9.0840156e-05,0
LA_D_1117567,0,5.4712684e-05,0
LA_D_1137303,0,0.00026561038,0
LA_D_1140227,0,0.00013258994,0
LA_D_1158260,0,0.00014039909,0
LA_D_1167294,0,0.000109294,0
LA_D_1169125,0,0.00047351184,0
LA_D_1230972,0,0.00011578501,0
LA_D_1268493,0,0.00044101282,0
LA_D_1329749,0,0.000116167656,0
LA_D_1361818,0,0.00010883411,0
LA_D_1408290,0,0.00022344447,0
LA_D_1440908,0,2.0250052e-05,0
LA_D_1449303,0,3.6004225e-05,0
LA_D_1488314,0,8.497084e-05,0
LA_D_1506631,0,4.8240592e-05,0
LA_D_1544944,0,0.0006712717,0
LA_D_1551137,0,0.00012051603,0
LA_D_1555028,0,9.5424286e-05,0
LA_D_1563071,0,9.1418646e-05,0
LA_D_1604925,0,6.744274e-05,0
LA_D_1654772,0,7.083246e-05,0
LA_D_1714449,0,0.0002324438,0
LA_D_1723393,0,0.00010619438,0
LA_D_1738100,0,0.00015986999,0
LA_D_1755776,0,8.2111954e-05,0
LA_D_1768067,0,0.00025656624,0
LA_D_1775541,0,0.0009147536,0
LA_D_1830521,0,8.640419e-05,0
LA_D_1847073,0,0.00013846532,0
LA_D_1860065,0,0.00014456612,0
LA_D_1861262,0,0.00013650671,0
LA_D_1864612,0,0.00011717471,0
LA_D_1865763,0,0.000116277595,0
LA_D_1906480,0,0.0001213905,0
LA_D_1918819,0,5.8042213e-05,0
LA_D_1966095,0,0.00013385352,0
LA_D_1975267,0,8.27597e-05,0
LA_D_1984425,0,7.998376e-05,0
LA_D_1998989,0,7.567948e-05,0
LA_D_2000640,0,0.00012475695,0
LA_D_2013632,0,0.0006122607,0
LA_D_2017160,0,0.00014471203,0
LA_D_2017678,0,4.859441e-05,0
LA_D_2039939,0,5.437086e-05,0
LA_D_2045953,0,0.00019401567,0
LA_D_2059102,0,9.775119e-05,0
LA_D_2078394,0,0.00010159835,0
LA_D_2103653,0,7.445513e-05,0
LA_D_2104529,0,0.00023916957,0
LA_D_2106919,0,0.00012599105,0
LA_D_2108357,0,8.298176e-05,0
LA_D_2161873,0,0.00017937328,0
LA_D_2212427,0,0.00016840898,0
LA_D_2234125,0,6.4971144e-05,0
LA_D_2244005,0,0.00019029989,0
LA_D_2276836,0,0.00021628324,0
LA_D_2292066,0,0.00013507904,0
LA_D_2319940,0,6.570812e-05,0
LA_D_2336005,0,0.00012031887,0
LA_D_2371320,0,7.482025e-05,0
LA_D_2386184,0,0.00017246102,0
LA_D_2386577,0,7.432545e-05,0
LA_D_2426319,0,0.00012719576,0
LA_D_2428433,0,0.00011308159,0
LA_D_2443752,0,0.000119625496,0
LA_D_2445037,0,0.00023470668,0
LA_D_2455516,0,0.00013371767,0
LA_D_2508484,0,3.6593377e-05,0
LA_D_2509891,0,0.00038288222,0
LA_D_2522340,0,0.00023354965,0
LA_D_2528296,0,0.00010317136,0
LA_D_2602670,0,0.00024000314,0
LA_D_2609462,0,0.00034820917,0
LA_D_2632286,0,0.00010405088,0
LA_D_2648941,0,9.4301424e-05,0
LA_D_2730974,0,0.00012410566,0
LA_D_2800343,0,0.00018695646,0
LA_D_2807440,0,9.609464e-06,0
LA_D_2873975,0,0.00021247123,0
LA_D_2888191,0,0.00015520997,0
LA_D_2943983,0,2.2951157e-05,0
LA_D_2984512,0,0.0004028977,0
LA_D_2986383,0,9.0582726e-05,0
LA_D_2999694,0,4.6352237e-05,0
LA_D_3039018,0,0.00013201706,0
LA_D_3097956,0,0.00012234281,0
LA_D_3131527,0,0.0011279178,0
LA_D_3135627,0,0.00012498305,0
LA_D_3144528,0,0.000121077785,0
LA_D_3192629,0,6.3151216e-05,0
LA_D_3197572,0,0.00013150896,0
LA_D_3197929,0,0.00036591582,0
LA_D_3200206,0,0.0001256774,0
LA_D_3220081,0,0.00013548098,0
LA_D_3244618,0,0.00013931887,0
LA_D_3256092,0,0.0001278195,0
LA_D_3303443,0,7.493636e-05,0
LA_D_3367868,0,0.00010029241,0
LA_D_3376846,0,0.00014236355,0
LA_D_3395368,0,0.0001852464,0
LA_D_3426729,0,5.2790732e-05,0
LA_D_3443299,0,0.00011269234,0
LA_D_3465485,0,0.00057754735,0
LA_D_3478144,0,4.7638467e-05,0
LA_D_3565303,0,0.00026706822,0
LA_D_3593160,0,8.2728846e-05,0
LA_D_3597738,0,9.317347e-05,0
LA_D_3604214,0,0.00010313379,0
LA_D_3614881,0,0.00012913006,0
LA_D_3614949,0,0.00019146781,0
LA_D_3617105,0,0.001360067,0
LA_D_3727622,0,8.8583765e-05,0
LA_D_3767704,0,9.476992e-05,0
LA_D_3782076,0,0.001697627,0
LA_D_3788675,0,0.00010051281,0
LA_D_3792366,0,0.0001038562,0
LA_D_3799314,0,0.00011760164,0
LA_D_3849533,0,0.00013548565,0
LA_D_3888968,0,0.00015750623,0
LA_D_3915707,0,0.000104539795,0
LA_D_3943938,0,8.3398794e-05,0
LA_D_3980944,0,3.2900465e-05,0
LA_D_3989246,0,4.356317e-05,0
LA_D_4039836,0,8.79623e-05,0
LA_D_4048306,0,0.00029379997,0
LA_D_4052162,0,3.7086764e-05,0
LA_D_4056923,0,0.0001205919,0
LA_D_4107126,0,0.0001100543,0
LA_D_4114596,0,0.000102146136,0
LA_D_4142294,0,0.00017586962,0
LA_D_4148714,0,0.00010286428,0
LA_D_4155987,0,0.00010062759,0
LA_D_4189838,0,8.491138e-05,0
LA_D_4194240,0,0.00025033255,0
LA_D_4203364,0,0.00022971819,0
LA_D_4234032,0,0.00026007037,0
LA_D_4253580,0,8.9459565e-05,0
LA_D_4258977,0,0.00013584217,0
LA_D_4278889,0,8.831016e-05,0
LA_D_4300523,0,0.00029891334,0
LA_D_4321061,0,8.779738e-05,0
LA_D_4332689,0,0.0003153494,0
LA_D_4348250,0,7.284934e-05,0
LA_D_4398059,0,8.89597e-05,0
LA_D_4432873,0,2.4206105e-05,0
LA_D_4440657,0,7.459755e-05,0
LA_D_4463511,0,0.002668658,0
LA_D_4527658,0,0.00010396935,0
LA_D_4557906,0,0.00029686678,0
LA_D_4562820,0,8.301603e-05,0
LA_D_4593106,0,8.9647954e-05,0
LA_D_4603886,0,0.00024653683,0
LA_D_4691600,0,0.00019717317,0
LA_D_4708858,0,7.98245e-05,0
LA_D_4729804,0,0.00019278843,0
LA_D_4750966,0,0.00011595881,0
LA_D_4760053,0,0.00019338311,0
LA_D_4870195,0,0.00022881254,0
LA_D_4874226,0,0.00015087008,0
LA_D_4915695,0,0.00010089866,0
LA_D_4963074,0,0.00019677257,0
LA_D_4979134,0,7.148995e-05,0
LA_D_4992708,0,0.0003177256,0
LA_D_5009375,0,0.00012884817,0
LA_D_5016623,0,0.00031036217,0
LA_D_5030185,0,5.9232487e-05,0
LA_D_5051331,0,0.00019211152,0
LA_D_5076610,0,7.77446e-05,0
LA_D_5076694,0,0.0002223996,0
LA_D_5091691,0,0.00011195566,0
LA_D_5100182,0,0.0002495607,0
LA_D_5118215,0,8.626183e-05,0
LA_D_5127521,0,0.0001339636,0
LA_D_5133121,0,6.732014e-05,0
LA_D_5135623,0,7.896398e-05,0
LA_D_5140041,0,9.375126e-05,0
LA_D_5170428,0,0.00020910549,0
LA_D_5177326,0,0.0005818216,0
LA_D_5181684,0,0.00015647334,0
LA_D_5193789,0,0.00024289727,0
LA_D_5209189,0,9.8501165e-05,0
LA_D_5234713,0,0.00014286154,0
LA_D_5327544,0,9.8102035e-05,0
LA_D_5341623,0,0.00043477406,0
LA_D_5374725,0,9.677494e-05,0
LA_D_5383636,0,0.0002018573,0
LA_D_5472358,0,0.00010522066,0
LA_D_5549868,0,0.0002743346,0
LA_D_5563808,0,0.00013051568,0
LA_D_5570032,0,0.00029579602,0
LA_D_5586705,0,0.0002532049,0
LA_D_5679699,0,0.00015302376,0
LA_D_5682639,0,0.0004571401,0
LA_D_5699257,0,8.964788e-05,0
LA_D_5711305,0,0.0002906523,0
LA_D_5738684,0,0.00016465926,0
LA_D_5751891,0,0.00017289568,0
LA_D_5776830,0,0.00010414816,0
LA_D_5798590,0,8.09898e-05,0
LA_D_5819741,0,8.937592e-05,0
LA_D_5830215,0,0.00011787536,0
LA_D_5855679,0,0.00010909511,0
LA_D_5948278,0,6.523288e-05,0
LA_D_5954862,0,0.00037085277,0
LA_D_5959728,0,0.00034991265,0
LA_D_5991498,0,9.3698975e-05,0
LA_D_6000471,0,0.0002413048,0
LA_D_6001731,0,0.00013222342,0
LA_D_6026070,0,0.00016993428,0
LA_D_6045245,0,6.8350026e-05,0
LA_D_6046443,0,5.588236e-05,0
LA_D_6080461,0,0.00015311674,0
LA_D_6125461,0,5.1568837e-05,0
LA_D_6127252,0,0.0001291956,0
LA_D_6131631,0,0.00030835834,0
LA_D_6147694,0,0.0003235605,0
LA_D_6160245,0,0.00015506544,0
LA_D_6174345,0,4.6487872e-05,0
LA_D_6183125,0,0.00015819319,0
LA_D_6187174,0,0.00011342035,0
LA_D_6202447,0,0.00019603288,0
LA_D_6223774,0,0.00019734698,0
LA_D_6227080,0,4.9695813e-05,0
LA_D_6231724,0,0.00012050087,0
LA_D_6264742,0,9.4143565e-05,0
LA_D_6288186,0,5.534492e-05,0
LA_D_6314728,0,0.00022384901,0
LA_D_6316102,0,0.00016508544,0
LA_D_6341396,0,5.3515923e-05,0
LA_D_6359496,0,0.00012659631,0
LA_D_6383686,0,8.927583e-05,0
LA_D_6388120,0,0.00031207385,0
LA_D_6413462,0,9.272816e-05,0
LA_D_6419449,0,9.568927e-05,0
LA_D_6428957,0,0.0002705888,0
LA_D_6474102,0,0.00022008468,0
LA_D_6479435,0,0.00025005464,0
LA_D_6484577,0,9.267663e-05,0
LA_D_6497525,0,6.8771136e-05,0
LA_D_6531960,0,0.00022010505,0
LA_D_6546081,0,0.00014996906,0
LA_D_6553908,0,0.00042778268,0
LA_D_6585774,0,0.0004934255,0
LA_D_6596958,0,0.00016560633,0
LA_D_6629886,0,0.00012209656,0
LA_D_6635685,0,0.00015471526,0
LA_D_6638128,0,0.00011579518,0
LA_D_6640384,0,0.00012795792,0
LA_D_6665426,0,0.0001607658,0
LA_D_6717508,0,0.00012388834,0
LA_D_6747561,0,0.00015736453,0
LA_D_6748543,0,0.00040221465,0
LA_D_6768434,0,9.324965e-05,0
LA_D_6795503,0,0.00019761737,0
LA_D_6795908,0,4.5316723e-05,0
LA_D_6802049,0,0.00025178576,0
LA_D_6809474,0,0.0002548793,0
LA_D_6814264,0,0.00022234404,0
LA_D_6834652,0,0.00017319451,0
LA_D_6846040,0,0.00030897013,0
LA_D_6846115,0,0.00014369452,0
LA_D_6853671,0,0.00012497912,0
LA_D_6862159,0,3.56589e-05,0
LA_D_6878638,0,0.00011055444,0
LA_D_6882166,0,0.000111109934,0
LA_D_6886878,0,7.069925e-05,0
LA_D_6892152,0,2.1871052e-05,0
LA_D_6899810,0,8.3779574e-05,0
LA_D_6901051,0,3.0173225e-05,0
LA_D_6913633,0,0.00037179622,0
LA_D_6937285,0,0.00013311274,0
LA_D_6952781,0,7.953872e-05,0
LA_D_6962233,0,0.0004153811,0
LA_D_7039816,0,0.00012998708,0
LA_D_7054436,0,0.00013805926,0
LA_D_7135015,0,0.00066830957,0
LA_D_7149695,0,0.00011986688,0
LA_D_7187720,0,0.00041669206,0
LA_D_7194672,0,5.807632e-05,0
LA_D_7230852,0,0.00023898356,0
LA_D_7235672,0,0.00012961612,0
LA_D_7312592,0,0.00015199403,0
LA_D_7321136,0,7.618889e-05,0
LA_D_7333250,0,8.14466e-05,0
LA_D_7343735,0,0.0002791955,0
LA_D_7382673,0,0.00013198607,0
LA_D_7415932,0,0.00028736514,0
LA_D_7418362,0,0.00013406991,0
LA_D_7421260,0,0.00010145622,0
LA_D_7510866,0,0.0001755687,0
LA_D_7525010,0,8.888348e-05,0
LA_D_7533494,0,0.00012518988,0
LA_D_7546312,0,0.00013148462,0
LA_D_7555962,0,5.0164148e-05,0
LA_D_7564617,0,0.00015060617,0
LA_D_7577366,0,0.00010896858,0
LA_D_7625238,0,0.00014018975,0
LA_D_7626133,0,7.9942874e-05,0
LA_D_7640331,0,5.4303604e-05,0
LA_D_7655235,0,0.000119254764,0
LA_D_7657304,0,8.194112e-05,0
LA_D_7733072,0,0.00010021058,0
LA_D_7741491,0,4.903899e-05,0
LA_D_7756238,0,0.000111097426,0
LA_D_7772523,0,8.1204016e-05,0
LA_D_7774259,0,6.244429e-05,0
LA_D_7786100,0,9.322555e-05,0
LA_D_7793940,0,6.048852e-05,0
LA_D_7803428,0,0.00017151707,0
LA_D_7833826,0,6.3302556e-05,0
LA_D_7839744,0,0.00010673946,0
LA_D_7880514,0,0.00014963809,0
LA_D_7907328,0,0.00014895078,0
LA_D_7965716,0,5.178004e-05,0
LA_D_8039247,0,0.0001794164,0
LA_D_8069387,0,0.00012265598,0
LA_D_8091794,0,5.4339554e-05,0
LA_D_8130384,0,4.074234e-05,0
LA_D_8137810,0,0.00013420856,0
LA_D_8138035,0,8.2508646e-05,0
LA_D_8162971,0,0.00012034251,0
LA_D_8169593,0,0.00016972976,0
LA_D_8173305,0,7.166994e-05,0
LA_D_8220161,0,0.00011135187,0
LA_D_8248529,0,7.842189e-05,0
LA_D_8250392,0,0.00035306189,0
LA_D_8261899,0,9.443956e-05,0
LA_D_8268288,0,0.00019400401,0
LA_D_8281201,0,9.192786e-05,0
LA_D_8308097,0,0.0012632376,0
LA_D_8309783,0,0.00010555309,0
LA_D_8321562,0,4.9147744e-05,0
LA_D_8338896,0,0.00019313728,0
LA_D_8340325,0,9.8055825e-05,0
LA_D_8342451,0,0.00018703705,0
LA_D_8406853,0,0.00081957126,0
LA_D_8427353,0,6.739632e-05,0
LA_D_8455214,0,5.1321425e-05,0
LA_D_8463562,0,9.5373165e-05,0
LA_D_8483715,0,0.00014144991,0
LA_D_8495231,0,0.000259074,0
LA_D_8509642,0,8.918088e-05,0
LA_D_8519166,0,6.598e-05,0
LA_D_8533998,0,0.00032282068,0
LA_D_8536051,0,7.184978e-05,0
LA_D_8538675,0,0.00011985272,0
LA_D_8548417,0,5.5336688e-05,0
LA_D_8549576,0,7.354672e-05,0
LA_D_8582931,0,0.000105082894,0
LA_D_8614682,0,0.0003239923,0
LA_D_8628678,0,7.5218864e-05,0
LA_D_8646930,0,6.2333034e-05,0
LA_D_8655642,0,7.359239e-05,0
LA_D_8667287,0,4.5975143e-05,0
LA_D_8683829,0,7.5078264e-05,0
LA_D_8753292,0,0.00031139952,0
LA_D_8773895,0,0.0001592781,0
LA_D_8792663,0,0.00022748628,0
LA_D_8804146,0,0.00013062487,0
LA_D_8815079,0,0.00014285336,0
LA_D_8849846,0,0.00036376252,0
LA_D_8852535,0,8.613156e-05,0
LA_D_8862440,0,3.21389e-05,0
LA_D_8862614,0,8.5811334e-05,0
LA_D_8871719,0,9.147645e-05,0
LA_D_8892690,0,9.5260635e-05,0
LA_D_8908261,0,5.5115914e-05,0
LA_D_8912899,0,0.00024813283,0
LA_D_8925628,0,0.00018893377,0
LA_D_8998915,0,0.00018817186,0
LA_D_9037892,0,0.0001647527,0
LA_D_9049736,0,0.001866998,0
LA_D_9066461,0,8.381154e-05,0
LA_D_9068099,0,6.575538e-05,0
LA_D_9073444,0,7.573543e-05,0
LA_D_9094713,0,0.00015593776,0
LA_D_9120425,0,9.1630995e-05,0
LA_D_9159389,0,0.00013582765,0
LA_D_9172994,0,7.753826e-05,0
LA_D_9225299,0,7.525057e-05,0
LA_D_9249528,0,7.714331e-05,0
LA_D_9254137,0,0.00017482665,0
LA_D_9271439,0,0.00013185502,0
LA_D_9278326,0,0.00014001205,0
LA_D_9278655,0,0.000112222435,0
LA_D_9334822,0,0.00022942267,0
LA_D_9337299,0,4.0834177e-05,0
LA_D_9351259,0,0.00016206279,0
LA_D_9452798,0,7.477888e-05,0
LA_D_9497637,0,0.0001286245,0
LA_D_9509498,0,9.105298e-05,0
LA_D_9521538,0,0.00019534939,0
LA_D_9526073,0,8.957089e-05,0
LA_D_9609174,0,8.428489e-05,0
LA_D_9638872,0,6.515324e-05,0
LA_D_9685992,0,0.00032382863,0
LA_D_9696008,0,0.0012294532,0
LA_D_9699074,0,8.027288e-05,0
LA_D_9732180,0,0.00015005916,0
LA_D_9739074,0,5.6176767e-05,0
LA_D_9800072,0,0.00026712118,0
LA_D_9820995,0,0.00010916296,0
LA_D_9840935,0,9.015445e-05,0
LA_D_9865644,0,0.00015745443,0
LA_D_9896805,0,0.00022093326,0
LA_D_9953716,0,0.00055649685,0
LA_D_9972716,0,0.00047066243,0
LA_D_9988500,0,7.459107e-05,0
LA_D_1016296,0,9.245304e-05,0
LA_D_1044924,0,0.00026382323,0
LA_D_1078299,0,9.531924e-05,0
LA_D_1127112,0,0.00071796717,0
LA_D_1140789,0,8.6577376e-05,0
LA_D_1146602,0,0.0003016427,0
LA_D_1161040,0,7.23221e-05,0
LA_D_1176474,0,6.734608e-05,0
LA_D_1248870,0,0.000687919,0
LA_D_1292781,0,0.00016746821,0
LA_D_1318978,0,5.3264e-05,0
LA_D_1326907,0,9.52669e-05,0
LA_D_1357016,0,0.0001272552,0
LA_D_1393609,0,0.00020777113,0
LA_D_1394492,0,0.0003843368,0
LA_D_1438742,0,0.0001191127,0
LA_D_1469415,0,0.00011483741,0
LA_D_1484616,0,0.0001175392,0
LA_D_1487457,0,0.00019618134,0
LA_D_1557405,0,0.00020499245,0
LA_D_1559429,0,0.00019120547,0
LA_D_1566542,0,0.00013640679,0
LA_D_1573404,0,0.0002192141,0
LA_D_1630527,0,0.00010827089,0
LA_D_1649895,0,9.9423414e-05,0
LA_D_1697663,0,8.1420665e-05,0
LA_D_1715794,0,7.975959e-05,0
LA_D_1717085,0,0.0005123822,0
LA_D_1763710,0,0.00015240286,0
LA_D_1803165,0,8.5380365e-05,0
LA_D_1842516,0,0.00010290734,0
LA_D_1856497,0,0.00021462666,0
LA_D_1872772,0,0.0001307238,0
LA_D_1878310,0,0.00010729614,0
LA_D_1921938,0,5.484485e-05,0
LA_D_1946747,0,9.624988e-05,0
LA_D_1952217,0,0.00011012915,0
LA_D_1953786,0,3.725745e-05,0
LA_D_1999944,0,8.9486704e-05,0
LA_D_2017057,0,0.00011700713,0
LA_D_2021939,0,0.00027508574,0
LA_D_2032120,0,0.00021152303,0
LA_D_2040913,0,5.245027e-05,0
LA_D_2110432,0,0.00018647754,0
LA_D_2115072,0,7.690797e-05,0
LA_D_2180694,0,8.305768e-05,0
LA_D_2196978,0,0.00013636492,0
LA_D_2215298,0,0.0001434247,0
LA_D_2222567,0,0.00017749195,0
LA_D_2300503,0,7.7413395e-05,0
LA_D_2364597,0,0.00051951926,0
LA_D_2441093,0,0.00025246723,0
LA_D_2466917,0,0.00015028068,0
LA_D_2467416,0,5.4749224e-05,0
LA_D_2481560,0,9.43652e-05,0
LA_D_2494446,0,0.00028768944,0
LA_D_2499638,0,0.00015432983,0
LA_D_2501643,0,0.00017760182,0
LA_D_2542779,0,9.7092445e-05,0
LA_D_2597129,0,0.00025878393,0
LA_D_2598079,0,0.00051556807,0
LA_D_2602925,0,0.00013307454,0
LA_D_2617516,0,7.962242e-05,0
LA_D_2674105,0,0.00010402003,0
LA_D_2691898,0,0.00013678895,0
LA_D_2745051,0,0.00018175277,0
LA_D_2776677,0,0.00010003653,0
LA_D_2870458,0,5.013918e-05,0
LA_D_2883720,0,0.00014769842,0
LA_D_2977454,0,0.000119214405,0
LA_D_3004327,0,5.701035e-05,0
LA_D_3010789,0,0.00014750405,0
LA_D_3054881,0,0.00014137535,0
LA_D_3065517,0,0.00015552479,0
LA_D_3126147,0,0.00020835856,0
LA_D_3211269,0,8.643104e-05,0
LA_D_3229435,0,0.00012320669,0
LA_D_3273842,0,0.00013922804,0
LA_D_3283074,0,0.00020046213,0
LA_D_3285424,0,0.00012622339,0
LA_D_3301577,0,8.8658555e-05,0
LA_D_3346891,0,7.333501e-05,0
LA_D_3395278,0,0.00013113029,0
LA_D_3399535,0,0.00041619857,0
LA_D_3404722,0,8.131374e-05,0
LA_D_3411132,0,0.00010456751,0
LA_D_3442349,0,3.873192e-05,0
LA_D_3473674,0,7.836694e-05,0
LA_D_3495418,0,5.017955e-05,0
LA_D_3639272,0,0.00018831796,0
LA_D_3646143,0,0.00025498137,0
LA_D_3655812,0,4.6079163e-05,0
LA_D_3741865,0,0.00028690058,0
LA_D_3754318,0,6.465691e-05,0
LA_D_3884249,0,9.5878895e-05,0
LA_D_3914541,0,6.5567285e-05,0
LA_D_3928764,0,0.00019964822,0
LA_D_3995155,0,0.00010446228,0
LA_D_4019473,0,0.0001285138,0
LA_D_4021676,0,0.00019434208,0
LA_D_4024567,0,0.0001627434,0
LA_D_4044969,0,0.0005606913,0
LA_D_4127237,0,0.00018746789,0
LA_D_4190213,0,0.00011133531,0
LA_D_4249444,0,0.00032190818,0
LA_D_4272960,0,0.00031549225,0
LA_D_4281667,0,0.000100639314,0
LA_D_4354832,0,6.208589e-05,0
LA_D_4427871,0,0.0001392303,0
LA_D_4453838,0,0.000105812695,0
LA_D_4482667,0,0.00010441386,0
LA_D_4564375,0,7.959267e-05,0
LA_D_4602795,0,9.020312e-05,0
LA_D_4657076,0,0.00014505105,0
LA_D_4710772,0,0.0001400843,0
LA_D_4724979,0,9.9651596e-05,0
LA_D_4730310,0,0.00014817492,0
LA_D_4766369,0,0.00014008203,0
LA_D_4768212,0,0.00038012073,0
LA_D_4771283,0,0.000100337944,0
LA_D_4778221,0,0.00010527706,0
LA_D_4797830,0,0.00013681008,0
LA_D_4799572,0,0.0011291993,0
LA_D_4874621,0,8.9751455e-05,0
LA_D_4876965,0,0.00063198415,0
LA_D_4950294,0,8.514116e-05,0
LA_D_5005167,0,0.00023340787,0
LA_D_5091760,0,0.00014544689,0
LA_D_5107868,0,0.00014164469,0
LA_D_5124586,0,6.924164e-05,0
LA_D_5140773,0,0.00022020096,0
LA_D_5170331,0,0.00011890368,0
LA_D_5177748,0,0.00014277344,0
LA_D_5182268,0,0.00024081802,0
LA_D_5189335,0,0.0001464567,0
LA_D_5193473,0,0.0018470989,0
LA_D_5249364,0,0.00033435383,0
LA_D_5266068,0,0.00039947443,0
LA_D_5305767,0,0.0005682782,0
LA_D_5366058,0,7.592691e-05,0
LA_D_5399266,0,0.000110554654,0
LA_D_5464038,0,6.466881e-05,0
LA_D_5479621,0,8.194745e-05,0
LA_D_5529080,0,0.00018278422,0
LA_D_5531293,0,0.00010523381,0
LA_D_5553767,0,0.00021726,0
LA_D_5554206,0,8.7216766e-05,0
LA_D_5572271,0,0.000210839,0
LA_D_5702239,0,0.0002990724,0
LA_D_5836628,0,8.790226e-05,0
LA_D_5839530,0,0.00011753091,0
LA_D_5899837,0,0.00010167908,0
LA_D_5919154,0,5.2801457e-05,0
LA_D_6003803,0,0.00013791333,0
LA_D_6048851,0,0.00040635187,0
LA_D_6054337,0,0.00010546314,0
LA_D_6153129,0,0.003828506,0
LA_D_6153562,0,0.00021898808,0
LA_D_6190533,0,8.706071e-05,0
LA_D_6192792,0,0.0001082517,0
LA_D_6197341,0,9.285567e-05,0
LA_D_6255539,0,0.00010053878,0
LA_D_6256750,0,0.00020909093,0
LA_D_6276971,0,9.947586e-05,0
LA_D_6281576,0,0.000360909,0
LA_D_6292340,0,0.00013120183,0
LA_D_6300071,0,0.00012652717,0
LA_D_6346160,0,0.00023867616,0
LA_D_6355954,0,8.446528e-05,0
LA_D_6366232,0,0.00017436584,0
LA_D_6392613,0,7.0389324e-05,0
LA_D_6411224,0,0.00035023334,0
LA_D_6431886,0,3.2668326e-05,0
LA_D_6440445,0,0.0026214607,0
LA_D_6493011,0,0.00022595451,0
LA_D_6536882,0,0.00012328709,0
LA_D_6573061,0,8.052604e-05,0
LA_D_6604594,0,5.300831e-05,0
LA_D_6606092,0,0.00011168396,0
LA_D_6696589,0,9.181265e-05,0
LA_D_6733057,0,0.00015305412,0
LA_D_6733844,0,5.8739348e-05,0
LA_D_6736813,0,0.00025619983,0
LA_D_6759383,0,0.00013218181,0
LA_D_6784610,0,7.94999e-05,0
LA_D_6813136,0,0.00011716376,0
LA_D_6828979,0,2.775628e-05,0
LA_D_6838627,0,0.00014678133,0
LA_D_6869232,0,0.00013130759,0
LA_D_6903687,0,0.00085249956,0
LA_D_6937056,0,0.00042688567,0
LA_D_6954064,0,0.00020884047,0
LA_D_6982355,0,0.00012408543,0
LA_D_6990164,0,6.409325e-05,0
LA_D_6998107,0,0.00081911875,0
LA_D_7008788,0,0.00014864275,0
LA_D_7016945,0,0.0001184055,0
LA_D_7021627,0,0.00017297253,0
LA_D_7030186,0,0.00019008643,0
LA_D_7030273,0,0.00011211441,0
LA_D_7063095,0,0.00040152503,0
LA_D_7088669,0,0.0002550047,0
LA_D_7112224,0,0.00012084042,0
LA_D_7147745,0,0.0008049488,0
LA_D_7154683,0,9.791651e-05,0
LA_D_7176078,0,0.00012301534,0
LA_D_7229340,0,7.731439e-05,0
LA_D_7253310,0,0.00013438989,0
LA_D_7257796,0,0.0002122977,0
LA_D_7272412,0,0.00072439207,0
LA_D_7302757,0,0.00037329603,0
LA_D_7328344,0,0.000121082754,0
LA_D_7328872,0,0.00013765844,0
LA_D_7337126,0,0.00011599011,0
LA_D_7346965,0,2.1219239e-05,0
LA_D_7363496,0,0.00010098356,0
LA_D_7386222,0,0.00027771914,0
LA_D_7435327,0,9.78521e-05,0
LA_D_7468954,0,8.592794e-05,0
LA_D_7523717,0,4.343623e-05,0
LA_D_7536401,0,0.00014276485,0
LA_D_7543704,0,0.0002293818,0
LA_D_7560734,0,9.354311e-05,0
LA_D_7573124,0,0.00016290843,0
LA_D_7631811,0,9.1604954e-05,0
LA_D_7662648,0,0.00016865983,0
LA_D_7669397,0,0.0007902413,0
LA_D_7739036,0,0.00010927951,0
LA_D_7760476,0,0.00021069833,0
LA_D_7826604,0,0.00014028788,0
LA_D_7856417,0,0.00012969699,0
LA_D_7872579,0,6.3141524e-05,0
LA_D_7893531,0,9.887232e-05,0
LA_D_7939810,0,0.00014626284,0
LA_D_7985410,0,0.0003099121,0
LA_D_7993478,0,0.00013455108,0
LA_D_7998693,0,0.0014268449,0
LA_D_8001922,0,0.000106657964,0
LA_D_8018834,0,0.00012289481,0
LA_D_8026429,0,0.00010783937,0
LA_D_8037458,0,0.00013149466,0
LA_D_8058106,0,0.00018532749,0
LA_D_8115137,0,0.0001894134,0
LA_D_8115280,0,0.00010762344,0
LA_D_8116593,0,0.000110052315,0
LA_D_8117889,0,0.00016802979,0
LA_D_8126226,0,0.00018970168,0
LA_D_8189332,0,5.1487958e-05,0
LA_D_8258080,0,5.810723e-05,0
LA_D_8269720,0,0.0013426578,0
LA_D_8271714,0,8.541807e-05,0
LA_D_8285076,0,7.720336e-05,0
LA_D_8313425,0,0.0001380112,0
LA_D_8351401,0,0.0002609357,0
LA_D_8374831,0,0.00012190914,0
LA_D_8404295,0,8.012811e-05,0
LA_D_8429648,0,0.00066899974,0
LA_D_8493833,0,0.00026755448,0
LA_D_8520696,0,0.00010042237,0
LA_D_8522922,0,0.00018601316,0
LA_D_8567575,0,6.718444e-05,0
LA_D_8584532,0,0.00025304343,0
LA_D_8606381,0,8.486541e-05,0
LA_D_8608217,0,0.00010614832,0
LA_D_8702563,0,0.00015433763,0
LA_D_8749920,0,8.291295e-05,0
LA_D_8754795,0,0.00019720438,0
LA_D_8763624,0,0.00032698366,0
LA_D_8763956,0,0.0002129657,0
LA_D_8792267,0,0.0002054889,0
LA_D_8795592,0,0.0001785285,0
LA_D_8852103,0,0.00012751344,0
LA_D_8894648,0,0.00013444757,0
LA_D_8903895,0,7.8927544e-05,0
LA_D_8931062,0,9.3040915e-05,0
LA_D_8961195,0,0.00014087609,0
LA_D_8987632,0,0.00012827126,0
LA_D_9005941,0,9.0361355e-05,0
LA_D_9018221,0,0.00011677749,0
LA_D_9127001,0,8.2894054e-05,0
LA_D_9138868,0,0.00011135803,0
LA_D_9147299,0,6.037349e-05,0
LA_D_9152403,0,0.0002812339,0
LA_D_9206015,0,0.00022562555,0
LA_D_9274477,0,0.00014163794,0
LA_D_9284758,0,0.00016868426,0
LA_D_9335831,0,0.00012158489,0
LA_D_9342188,0,0.00019478287,0
LA_D_9392796,0,0.00012064918,0
LA_D_9395082,0,0.00010319832,0
LA_D_9424343,0,0.0002695493,0
LA_D_9451445,0,7.2039824e-05,0
LA_D_9474750,0,0.00010942018,0
LA_D_9478591,0,0.00014838134,0
LA_D_9506978,0,0.001729085,0
LA_D_9551821,0,6.742776e-05,0
LA_D_9626068,0,0.00035875544,0
LA_D_9634838,0,0.00017781006,0
LA_D_9672991,0,0.00010760671,0
LA_D_9733678,0,0.00022217071,0
LA_D_9785421,0,7.7772405e-05,0
LA_D_9786409,0,2.6085081e-05,0
LA_D_9812727,0,0.00015120016,0
LA_D_9825451,0,0.00021333071,0
LA_D_9911052,0,0.000254752,0
LA_D_9922230,0,7.044082e-05,0
LA_D_9975936,0,7.8457866e-05,0
LA_D_9997585,0,0.00026305366,0
LA_D_1013596,0,0.00015979745,0
LA_D_1024326,0,0.00015960833,0
LA_D_1029401,0,0.00029515038,0
LA_D_1051032,0,0.0002020807,0
LA_D_1089922,0,8.546679e-05,0
LA_D_1099173,0,0.00020846903,0
LA_D_1141551,0,0.00044735463,0
LA_D_1147582,0,9.368789e-05,0
LA_D_1176249,0,9.8870245e-05,0
LA_D_1177616,0,0.00012023045,0
LA_D_1179946,0,0.00015083324,0
LA_D_1243570,0,0.00018884841,0
LA_D_1253043,0,0.00015156608,0
LA_D_1264718,0,0.00017230323,0
LA_D_1286132,0,0.000103637154,0
LA_D_1290079,0,0.0010816818,0
LA_D_1324369,0,0.00039651475,0
LA_D_1371818,0,0.00011891015,0
LA_D_1375735,0,8.33263e-05,0
LA_D_1409881,0,0.00012570029,0
LA_D_1420574,0,0.00018481609,0
LA_D_1427618,0,0.00040415485,0
LA_D_1443809,0,0.000107567415,0
LA_D_1464997,0,0.00024146729,0
LA_D_1483054,0,0.00013449053,0
LA_D_1506235,0,0.00034887256,0
LA_D_1522185,0,0.00014575913,0
LA_D_1528176,0,0.00014073445,0
LA_D_1556777,0,0.00015718576,0
LA_D_1600156,0,0.00037218982,0
LA_D_1660121,0,0.00017119372,0
LA_D_1670207,0,7.821904e-05,0
LA_D_1834958,0,0.00014026208,0
LA_D_1874001,0,0.00012412731,0
LA_D_1889727,0,0.00010437953,0
LA_D_1903761,0,0.0010912463,0
LA_D_1915883,0,0.000109304005,0
LA_D_1918968,0,0.014286729,0
LA_D_1936614,0,0.00010871844,0
LA_D_1940050,0,9.374911e-05,0
LA_D_1976624,0,6.0939714e-05,0
LA_D_1980562,0,0.00012750835,0
LA_D_1984025,0,0.00014050101,0
LA_D_1986382,0,0.00022870852,0
LA_D_2009306,0,0.0010962683,0
LA_D_2052144,0,0.0014340428,0
LA_D_2063490,0,0.00088205317,0
LA_D_2064600,0,0.00022726774,0
LA_D_2085656,0,0.0003938492,0
LA_D_2100372,0,0.0006281306,0
LA_D_2118848,0,0.00011332403,0
LA_D_2144689,0,0.0001434946,0
LA_D_2159915,0,0.00015905894,0
LA_D_2173475,0,0.0053115883,0
LA_D_2187904,0,0.00047331463,0
LA_D_2197811,0,0.00013093863,0
LA_D_2242800,0,0.00042407934,0
LA_D_2254293,0,0.00022979856,0
LA_D_2265492,0,5.852866e-05,0
LA_D_2279462,0,0.00010042611,0
LA_D_2293647,0,0.0011248211,0
LA_D_2294546,0,0.0002631658,0
LA_D_2335219,0,0.0007626274,0
LA_D_2341615,0,9.4070245e-05,0
LA_D_2345337,0,0.0001266405,0
LA_D_2372835,0,0.0001064978,0
LA_D_2375001,0,9.376351e-05,0
LA_D_2395590,0,0.00011797701,0
LA_D_2406469,0,0.00012313222,0
LA_D_2413214,0,0.0001911743,0
LA_D_2458766,0,0.00017488435,0
LA_D_2482572,0,0.059358016,0
LA_D_2517481,0,0.00018598248,0
LA_D_2527215,0,0.00020016437,0
LA_D_2545950,0,0.0005545177,0
LA_D_2550548,0,7.459228e-05,0
LA_D_2557946,0,8.044155e-05,0
LA_D_2571309,0,0.00021015221,0
LA_D_2579139,0,0.00033518873,0
LA_D_2603106,0,0.00011353062,0
LA_D_2607277,0,0.00026498816,0
LA_D_2608601,0,0.00023023433,0
LA_D_2684959,0,0.00021522935,0
LA_D_2691745,0,0.005518088,0
LA_D_2727780,0,0.0003685977,0
LA_D_2799892,0,0.00023926514,0
LA_D_2866949,0,5.9440663e-05,0
LA_D_2902556,0,0.0002219033,0
LA_D_2914985,0,0.0006497924,0
LA_D_2921930,0,0.00035187392,0
LA_D_2925498,0,6.383681e-05,0
LA_D_2933176,0,0.00015193463,0
LA_D_2958095,0,0.0006620185,0
LA_D_2997217,0,0.00037785704,0
LA_D_3036760,0,0.00024106406,0
LA_D_3039159,0,0.00011221345,0
LA_D_3054411,0,0.00013409433,0
LA_D_3075527,0,0.00012695354,0
LA_D_3093185,0,0.00015869673,0
LA_D_3094874,0,0.00015846039,0
LA_D_3129993,0,0.008718024,0
LA_D_3230838,0,0.0001623474,0
LA_D_3248256,0,0.0013252724,0
LA_D_3282066,0,0.0001074939,0
LA_D_3337611,0,0.0005232438,0
LA_D_3380409,0,0.00014687149,0
LA_D_3393465,0,0.0011172864,0
LA_D_3398271,0,0.000105344654,0
LA_D_3412330,0,0.00016077867,0
LA_D_3420388,0,0.0006320158,0
LA_D_3435784,0,0.0002178263,0
LA_D_3450749,0,0.00016698267,0
LA_D_3457581,0,0.000100122896,0
LA_D_3496116,0,0.0004931749,0
LA_D_3509644,0,0.000209506,0
LA_D_3539892,0,6.832703e-05,0
LA_D_3552234,0,8.280912e-05,0
LA_D_3562009,0,0.0001397273,0
LA_D_3567404,0,0.00016801296,0
LA_D_3571070,0,0.0017287263,0
LA_D_3588547,0,0.0001626379,0
LA_D_3619292,0,0.00026095434,0
LA_D_3643887,0,0.00023390086,0
LA_D_3646040,0,0.00015716358,0
LA_D_3673596,0,0.0008431824,0
LA_D_3726596,0,0.00013644816,0
LA_D_3737744,0,0.000115895025,0
LA_D_3757923,0,0.00016057093,0
LA_D_3770754,0,0.00012623517,0
LA_D_3814257,0,0.00040092514,0
LA_D_3843705,0,0.00046974223,0
LA_D_3851144,0,0.00019020356,0
LA_D_3883337,0,0.00057410594,0
LA_D_3887131,0,0.00024301263,0
LA_D_3893271,0,0.00019491755,0
LA_D_3917851,0,8.281544e-05,0
LA_D_3918474,0,0.00050385087,0
LA_D_3924068,0,0.0004876581,0
LA_D_3930165,0,0.0001229015,0
LA_D_3946264,0,9.2476934e-05,0
LA_D_3952183,0,0.0002947755,0
LA_D_3967616,0,0.0007803995,0
LA_D_4014814,0,3.1016905e-05,0
LA_D_4029515,0,0.000728929,0
LA_D_4030356,0,0.00020650653,0
LA_D_4046673,0,8.6974745e-05,0
LA_D_4080966,0,0.0009118262,0
LA_D_4121809,0,0.00015318948,0
LA_D_4123062,0,0.00013956819,0
LA_D_4131648,0,0.0002543884,0
LA_D_4167431,0,0.0061751194,0
LA_D_4196303,0,0.00014893076,0
LA_D_4196989,0,0.00016361254,0
LA_D_4199273,0,7.084596e-05,0
LA_D_4231134,0,0.00027897302,0
LA_D_4255574,0,0.0005293014,0
LA_D_4258777,0,9.079582e-05,0
LA_D_4344587,0,0.00033169545,0
LA_D_4374868,0,0.00094636396,0
LA_D_4394367,0,0.00010839838,0
LA_D_4397003,0,0.00015377661,0
LA_D_4432534,0,0.0001276699,0
LA_D_4452476,0,0.00046550581,0
LA_D_4477471,0,0.017122384,0
LA_D_4492452,0,9.1957496e-05,0
LA_D_4526494,0,0.0027277803,0
LA_D_4542806,0,0.00013983167,0
LA_D_4575411,0,0.00029069275,0
LA_D_4650704,0,0.00013059087,0
LA_D_4653724,0,7.977238e-05,0
LA_D_4654807,0,0.00022508044,0
LA_D_4724411,0,0.0002504665,0
LA_D_4724496,0,8.060179e-05,0
LA_D_4730109,0,0.0007927442,0
LA_D_4763142,0,9.2687056e-05,0
LA_D_4766442,0,6.848011e-05,0
LA_D_4798963,0,9.907646e-05,0
LA_D_4841921,0,0.00029780396,0
LA_D_4852798,0,0.0006931046,0
LA_D_4895511,0,7.616789e-05,0
LA_D_4915280,0,0.00032792863,0
LA_D_4919746,0,0.00023278558,0
LA_D_4967942,0,0.00011661804,0
LA_D_4999305,0,0.00055660645,0
LA_D_5032508,0,0.00020948023,0
LA_D_5049280,0,0.00015412217,0
LA_D_5054258,0,0.011804173,0
LA_D_5066173,0,0.0001493839,0
LA_D_5070212,0,0.00011792146,0
LA_D_5090531,0,0.00013515337,0
LA_D_5090551,0,9.7081516e-05,0
LA_D_5098442,0,0.00017120254,0
LA_D_5138201,0,8.639957e-05,0
LA_D_5145753,0,0.0006042433,0
LA_D_5184417,0,0.0001559782,0
LA_D_5188638,0,0.00047886657,0
LA_D_5259851,0,0.00057322235,0
LA_D_5261718,0,8.9316025e-05,0
LA_D_5275494,0,0.00032035017,0
LA_D_5331428,0,0.00027770433,0
LA_D_5345215,0,0.000874904,0
LA_D_5402252,0,0.00011434613,0
LA_D_5412628,0,6.551347e-05,0
LA_D_5428077,0,0.0002315888,0
LA_D_5451234,0,0.00012715114,0
LA_D_5480395,0,0.00022827998,0
LA_D_5490153,0,0.000805629,0
LA_D_5507848,0,0.00040431364,0
LA_D_5549134,0,0.0044848323,0
LA_D_5596917,0,0.0001709593,0
LA_D_5631323,0,0.00018997611,0
LA_D_5637114,0,0.00031371933,0
LA_D_5661640,0,7.539128e-05,0
LA_D_5728642,0,0.00020160494,0
LA_D_5738833,0,9.0561996e-05,0
LA_D_5742561,0,7.9815516e-05,0
LA_D_5772488,0,0.00012055282,0
LA_D_5799657,0,9.885289e-05,0
LA_D_5805258,0,0.00016889672,0
LA_D_5841342,0,0.00018064048,0
LA_D_5845529,0,0.00038738473,0
LA_D_5869640,0,0.00018250944,0
LA_D_5914572,0,0.00013735962,0
LA_D_5921937,0,0.00015236667,0
LA_D_5953510,0,0.00020151635,0
LA_D_5955756,0,0.00015570656,0
LA_D_5958767,0,0.0003185032,0
LA_D_5974545,0,0.000481048,0
LA_D_6002746,0,0.023848891,0
LA_D_6073856,0,8.038763e-05,0
LA_D_6113951,0,0.00023497627,0
LA_D_6114748,0,0.000114279195,0
LA_D_6153465,0,0.0014039155,0
LA_D_6168336,0,0.00072056707,0
LA_D_6279022,0,0.00017907628,0
LA_D_6335987,0,0.00025247084,0
LA_D_6345168,0,0.0002629175,0
LA_D_6369142,0,0.00030492185,0
LA_D_6408762,0,0.00022757631,0
LA_D_6457597,0,0.00018947698,0
LA_D_6490097,0,6.786092e-05,0
LA_D_6497646,0,0.00010296349,0
LA_D_6572116,0,0.00016336777,0
LA_D_6579479,0,0.0001559208,0
LA_D_6588865,0,0.0012728391,0
LA_D_6590996,0,0.00016889512,0
LA_D_6600800,0,9.625062e-05,0
LA_D_6646870,0,7.387731e-05,0
LA_D_6696204,0,0.00012168974,0
LA_D_6725130,0,0.00025127156,0
LA_D_6751659,0,0.00027237448,0
LA_D_6793210,0,0.0001687409,0
LA_D_6849663,0,9.0878275e-05,0
LA_D_6875907,0,0.00028183812,0
LA_D_6880419,0,0.00033548605,0
LA_D_6913699,0,3.7488364e-05,0
LA_D_6934200,0,0.00034649452,0
LA_D_6946644,0,0.00013597033,0
LA_D_6953406,0,2.0703092e-05,0
LA_D_6978333,0,7.107712e-05,0
LA_D_7009736,0,0.00017304676,0
LA_D_7023167,0,0.00011823312,0
LA_D_7068182,0,0.00067400164,0
LA_D_7083288,0,0.000118043856,0
LA_D_7104527,0,8.0342805e-05,0
LA_D_7115178,0,8.561598e-05,0
LA_D_7124167,0,0.00026087626,0
LA_D_7140664,0,0.00013461255,0
LA_D_7153518,0,0.00034665506,0
LA_D_7164827,0,0.0016165352,0
LA_D_7166280,0,0.00038857863,0
LA_D_7187188,0,0.00024706722,0
LA_D_7187597,0,0.00010006878,0
LA_D_7192041,0,0.0003262578,0
LA_D_7219075,0,0.00023440318,0
LA_D_7220382,0,8.87781e-05,0
LA_D_7269077,0,0.00045128565,0
LA_D_7289124,0,0.000111586676,0
LA_D_7302282,0,0.00012096367,0
LA_D_7365945,0,0.00014664646,0
LA_D_7373220,0,0.00021373057,0
LA_D_7404738,0,0.0001297644,0
LA_D_7415426,0,0.00018369907,0
LA_D_7421972,0,0.0056025134,0
LA_D_7446128,0,0.00013770348,0
LA_D_7484552,0,0.00040361081,0
LA_D_7491481,0,0.0011951353,0
LA_D_7500473,0,0.00020952738,0
LA_D_7528137,0,0.00025427586,0
LA_D_7552298,0,0.000370218,0
LA_D_7562908,0,0.00040868472,0
LA_D_7563550,0,0.00040509852,0
LA_D_7572295,0,0.00014212416,0
LA_D_7579942,0,8.330826e-05,0
LA_D_7599571,0,0.00016210097,0
LA_D_7608424,0,0.00024250134,0
LA_D_7627638,0,0.00019410373,0
LA_D_7628095,0,8.0213504e-05,0
LA_D_7651024,0,0.0002006633,0
LA_D_7666735,0,0.00025820918,0
LA_D_7677736,0,0.0001546778,0
LA_D_7698637,0,0.0011225379,0
LA_D_7736692,0,0.00010840592,0
LA_D_7793474,0,9.94935e-05,0
LA_D_7821144,0,0.00015374347,0
LA_D_7822867,0,0.00012156125,0
LA_D_7837262,0,0.000117953736,0
LA_D_7845923,0,7.905635e-05,0
LA_D_7864167,0,0.0003307866,0
LA_D_7884675,0,0.00012094705,0
LA_D_7887508,0,0.00012172154,0
LA_D_7891889,0,0.03038663,0
LA_D_7901552,0,0.00033079198,0
LA_D_7946330,0,0.00020908534,0
LA_D_7977320,0,0.0003399748,0
LA_D_7984933,0,0.0006874098,0
LA_D_7986305,0,7.677329e-05,0
LA_D_7988938,0,0.0003007296,0
LA_D_8015998,0,0.00024826653,0
LA_D_8047998,0,0.0010080559,0
LA_D_8073420,0,0.0002346579,0
LA_D_8086346,0,0.00027876644,0
LA_D_8090102,0,9.0074696e-05,0
LA_D_8094196,0,0.00068506424,0
LA_D_8126031,0,0.0003655377,0
LA_D_8164002,0,0.0012275524,0
LA_D_8243640,0,6.938163e-05,0
LA_D_8257354,0,0.00017713841,0
LA_D_8261443,0,0.00048138786,0
LA_D_8281902,0,0.00029718084,0
LA_D_8291086,0,0.00021721031,0
LA_D_8308855,0,8.128304e-05,0
LA_D_8348470,0,0.00010986756,0
LA_D_8413012,0,0.0004946636,0
LA_D_8487209,0,0.00016561913,0
LA_D_8496632,0,0.00012586762,0
LA_D_8501151,0,0.000118920565,0
LA_D_8507903,0,7.9186735e-05,0
LA_D_8510601,0,0.00041703525,0
LA_D_8512598,0,9.387875e-05,0
LA_D_8539634,0,0.00018993914,0
LA_D_8546068,0,7.741391e-05,0
LA_D_8546481,0,0.00024547198,0
LA_D_8605975,0,0.0004902166,0
LA_D_8611156,0,0.0008697879,0
LA_D_8612905,0,0.00041363615,0
LA_D_8617247,0,0.00013719992,0
LA_D_8628343,0,6.123395e-05,0
LA_D_8644251,0,0.00012719989,0
LA_D_8648680,0,0.00019176875,0
LA_D_8649631,0,0.00018762542,0
LA_D_8655169,0,0.00028861966,0
LA_D_8710691,0,0.0004942149,0
LA_D_8718179,0,0.00031471447,0
LA_D_8723456,0,0.00017011877,0
LA_D_8724279,0,0.00017412362,0
LA_D_8738176,0,0.00010893793,0
LA_D_8765013,0,0.00014017636,0
LA_D_8809106,0,0.00028881786,0
LA_D_8812811,0,0.000338271,0
LA_D_8816193,0,0.00017114003,0
LA_D_8829832,0,0.000103691724,0
LA_D_8842630,0,0.0010496561,0
LA_D_8852748,0,0.00014579971,0
LA_D_8864927,0,0.0043829214,0
LA_D_8869402,0,0.00018891251,0
LA_D_8870403,0,0.00017471217,0
LA_D_8882807,0,6.810247e-05,0
LA_D_8888903,0,0.00014425436,0
LA_D_8942973,0,6.1690946e-05,0
LA_D_8955970,0,0.00046091463,0
LA_D_9017623,0,0.00026108677,0
LA_D_9025240,0,0.00045318462,0
LA_D_9026344,0,0.0002745829,0
LA_D_9103728,0,0.00048695557,0
LA_D_9115231,0,0.00010759553,0
LA_D_9115338,0,0.00018029186,0
LA_D_9136883,0,0.00010611948,0
LA_D_9144406,0,9.1334034e-05,0
LA_D_9192772,0,0.00026298445,0
LA_D_9226269,0,0.00016902594,0
LA_D_9266761,0,0.00013132048,0
LA_D_9287127,0,0.00073717,0
LA_D_9289511,0,0.00014544438,0
LA_D_9292862,0,0.000117419884,0
LA_D_9294766,0,0.00043580728,0
LA_D_9323100,0,9.7070595e-05,0
LA_D_9332950,0,0.00012075829,0
LA_D_9345488,0,0.0008578426,0
LA_D_9367260,0,9.9652076e-05,0
LA_D_9397829,0,0.0001912301,0
LA_D_9419297,0,0.0001856108,0
LA_D_9429831,0,0.002135515,0
LA_D_9460035,0,7.018644e-05,0
LA_D_9582158,0,0.00019010021,0
LA_D_9648319,0,0.00011457117,0
LA_D_9714161,0,0.00010780308,0
LA_D_9724620,0,9.239002e-05,0
LA_D_9779319,0,0.00047730556,0
LA_D_9815062,0,0.23710798,0
LA_D_9847737,0,9.7439144e-05,0
LA_D_9848935,0,0.00024944576,0
LA_D_9876012,0,0.000170563,0
LA_D_9877979,0,0.00015659127,0
LA_D_9879056,0,0.00093065074,0
LA_D_9895969,0,0.000117729105,0
LA_D_9906100,0,0.0001774202,0
LA_D_9906845,0,0.00018686628,0
LA_D_9911836,0,0.0020122277,0
LA_D_9912384,0,7.034316e-05,0
LA_D_9914359,0,0.0071457927,0
LA_D_9951278,0,0.0048705107,0
LA_D_9962189,0,0.00012680267,0
LA_D_9985507,0,8.699573e-05,0
LA_D_1021776,0,5.7582856e-05,0
LA_D_1034285,0,9.194609e-05,0
LA_D_1037321,0,0.00016250458,0
LA_D_1082012,0,0.0001929304,0
LA_D_1084834,0,9.162907e-05,0
LA_D_1088912,0,0.00013070783,0
LA_D_1115199,0,0.00013688016,0
LA_D_1118057,0,6.658845e-05,0
LA_D_1127133,0,0.00027733072,0
LA_D_1174503,0,0.000934605,0
LA_D_1179257,0,0.00050424656,0
LA_D_1207577,0,0.0001652817,0
LA_D_1208658,0,0.000113771646,0
LA_D_1240372,0,8.581215e-05,0
LA_D_1277623,0,0.00024835698,0
LA_D_1283838,0,5.479864e-05,0
LA_D_1298536,0,9.785537e-05,0
LA_D_1300449,0,0.00012866055,0
LA_D_1321593,0,0.000116474344,0
LA_D_1367292,0,6.079472e-05,0
LA_D_1374008,0,0.0001347348,0
LA_D_1375481,0,8.361707e-05,0
LA_D_1399436,0,0.00022523693,0
LA_D_1426766,0,0.00041805577,0
LA_D_1434283,0,0.00017789994,0
LA_D_1453930,0,6.258397e-05,0
LA_D_1480384,0,4.886384e-05,0
LA_D_1517317,0,0.00016901399,0
LA_D_1528924,0,0.0021304332,0
LA_D_1571680,0,0.00046241883,0
LA_D_1584090,0,0.00022452702,0
LA_D_1594811,0,0.00024823437,0
LA_D_1602057,0,6.630711e-05,0
LA_D_1611669,0,0.00016184877,0
LA_D_1630632,0,7.727672e-05,0
LA_D_1636429,0,5.128083e-05,0
LA_D_1689670,0,0.00046960125,0
LA_D_1712968,0,0.000117213596,0
LA_D_1722516,0,0.00037875614,0
LA_D_1738559,0,0.00010201112,0
LA_D_1781206,0,0.00041946254,0
LA_D_1783793,0,9.4955365e-05,0
LA_D_1854266,0,0.00026300902,0
LA_D_1905359,0,0.00025272637,0
LA_D_1915504,0,0.000111439724,0
LA_D_1922841,0,0.00015567923,0
LA_D_1991323,0,0.00050503033,0
LA_D_2013762,0,0.00040066073,0
LA_D_2022826,0,9.002438e-05,0
LA_D_2027723,0,9.5792886e-05,0
LA_D_2059623,0,9.811662e-05,0
LA_D_2066042,0,5.1634433e-05,0
LA_D_2072378,0,0.0002548788,0
LA_D_2080989,0,0.00010381827,0
LA_D_2083550,0,0.0001975842,0
LA_D_2165853,0,0.00013918463,0
LA_D_2170933,0,9.3825496e-05,0
LA_D_2174094,0,0.00017870631,0
LA_D_2218453,0,0.00012623733,0
LA_D_2223087,0,0.00017228384,0
LA_D_2286137,0,0.00014785455,0
LA_D_2311722,0,0.00011076021,0
LA_D_2315845,0,5.7860612e-05,0
LA_D_2348280,0,0.000121505036,0
LA_D_2358905,0,0.000102945516,0
LA_D_2368969,0,0.00012625082,0
LA_D_2372420,0,0.00019625355,0
LA_D_2399025,0,8.0911064e-05,0
LA_D_2415062,0,6.7994944e-05,0
LA_D_2427989,0,0.00011093641,0
LA_D_2432104,0,0.00056129444,0
LA_D_2433138,0,0.00011912907,0
LA_D_2462561,0,5.4219672e-05,0
LA_D_2487821,0,0.00015969388,0
LA_D_2557874,0,5.4431872e-05,0
LA_D_2564030,0,0.00018481398,0
LA_D_2581917,0,0.00019234007,0
LA_D_2584407,0,0.00024034549,0
LA_D_2624158,0,4.3127126e-05,0
LA_D_2668582,0,0.00013110029,0
LA_D_2675915,0,0.00013567905,0
LA_D_2682059,0,6.858429e-05,0
LA_D_2688954,0,0.00012547073,0
LA_D_2713644,0,8.415839e-05,0
LA_D_2729132,0,7.489671e-05,0
LA_D_2731749,0,0.00012615792,0
LA_D_2743615,0,9.0841284e-05,0
LA_D_2768410,0,0.00024475684,0
LA_D_2794335,0,4.152746e-05,0
LA_D_2800733,0,0.00019787719,0
LA_D_2821157,0,0.00019638383,0
LA_D_2831410,0,8.735052e-05,0
LA_D_2832477,0,0.00029745494,0
LA_D_2850159,0,0.00013636907,0
LA_D_2867209,0,0.00010079289,0
LA_D_2930522,0,9.114506e-05,0
LA_D_2942106,0,0.00015733436,0
LA_D_2958641,0,7.862301e-05,0
LA_D_2962374,0,0.00010180822,0
LA_D_2988379,0,0.0001942691,0
LA_D_2992359,0,0.0007420509,0
LA_D_3005047,0,6.144178e-05,0
LA_D_3006002,0,0.00016062973,0
LA_D_3018105,0,0.00061539444,0
LA_D_3047927,0,0.00019474888,0
LA_D_3061480,0,0.00038212302,0
LA_D_3070440,0,0.0002950564,0
LA_D_3108882,0,9.773469e-05,0
LA_D_3131229,0,6.763151e-05,0
LA_D_3133645,0,0.00022706804,0
LA_D_3178557,0,9.792016e-05,0
LA_D_3276451,0,7.3569376e-05,0
LA_D_3291825,0,8.306822e-05,0
LA_D_3303715,0,5.2368854e-05,0
LA_D_3343985,0,1.800236e-05,0
LA_D_3346070,0,0.000121661666,0
LA_D_3395297,0,0.00023723277,0
LA_D_3400488,0,0.00045858012,0
LA_D_3475718,0,0.0001020953,0
LA_D_3478658,0,0.0001672145,0
LA_D_3485085,0,6.59693e-05,0
LA_D_3513193,0,0.00014848394,0
LA_D_3554318,0,0.00031046188,0
LA_D_3569723,0,0.00015603057,0
LA_D_3595115,0,0.0008048855,0
LA_D_3616142,0,0.00011712467,0
LA_D_3617952,0,9.537789e-05,0
LA_D_3639872,0,8.9669855e-05,0
LA_D_3643640,0,5.9502145e-05,0
LA_D_3654200,0,0.00057722215,0
LA_D_3696812,0,7.4606156e-05,0
LA_D_3722861,0,0.00011971952,0
LA_D_3725075,0,0.0001859752,0
LA_D_3741108,0,0.00018486298,0
LA_D_3787662,0,3.725443e-05,0
LA_D_3812028,0,0.00013359135,0
LA_D_3812294,0,0.000119118275,0
LA_D_3812741,0,7.966374e-05,0
LA_D_3848752,0,8.322783e-05,0
LA_D_3860127,0,0.00010747319,0
LA_D_3876919,0,0.00011597815,0
LA_D_3881515,0,0.00019290097,0
LA_D_3882757,0,5.958391e-05,0
LA_D_3893735,0,0.000163748,0
LA_D_3897907,0,0.00020437532,0
LA_D_3899322,0,0.00035308982,0
LA_D_3910846,0,0.0002753421,0
LA_D_3931321,0,0.00036348333,0
LA_D_3951248,0,0.00016558534,0
LA_D_3952917,0,0.00037327607,0
LA_D_3978867,0,0.000105467174,0
LA_D_4004656,0,0.00011043222,0
LA_D_4011688,0,9.753424e-05,0
LA_D_4013817,0,9.4527495e-05,0
LA_D_4033177,0,6.418108e-05,0
LA_D_4049352,0,0.00012533512,0
LA_D_4053975,0,0.00017899468,0
LA_D_4068225,0,4.372136e-05,0
LA_D_4072080,0,8.1074955e-05,0
LA_D_4094297,0,0.00023924984,0
LA_D_4126633,0,0.00016612935,0
LA_D_4150876,0,0.00014804443,0
LA_D_4179450,0,0.00030184467,0
LA_D_4180941,0,0.00015914223,0
LA_D_4209152,0,0.00015486479,0
LA_D_4215677,0,0.00022083912,0
LA_D_4277774,0,0.00011580201,0
LA_D_4281396,0,0.00022946185,0
LA_D_4341644,0,2.8175788e-05,0
LA_D_4452700,0,7.446684e-05,0
LA_D_4490889,0,6.0842747e-05,0
LA_D_4498106,0,0.00013864208,0
LA_D_4550102,0,7.916559e-05,0
LA_D_4559133,0,5.3182637e-05,0
LA_D_4564558,0,8.1742735e-05,0
LA_D_4571794,0,0.00028298216,0
LA_D_4582979,0,0.00013860744,0
LA_D_4588474,0,0.00025236205,0
LA_D_4639938,0,0.00010347087,0
LA_D_4647315,0,0.00014826904,0
LA_D_4653718,0,9.211863e-05,0
LA_D_4684582,0,7.6814744e-05,0
LA_D_4699185,0,6.495764e-05,0
LA_D_4726342,0,0.00024675622,0
LA_D_4748289,0,0.0002661303,0
LA_D_4752372,0,0.00010519849,0
LA_D_4763880,0,0.00035350732,0
LA_D_4775057,0,9.956089e-05,0
LA_D_4879165,0,6.162515e-05,0
LA_D_4883766,0,9.0096e-05,0
LA_D_4912771,0,7.3071846e-05,0
LA_D_4919443,0,0.00013241723,0
LA_D_4924208,0,0.0036110997,0
LA_D_4929026,0,7.5420845e-05,0
LA_D_4935297,0,0.000107544445,0
LA_D_4936338,0,6.647146e-05,0
LA_D_4978588,0,0.00016338135,0
LA_D_5006012,0,6.5848624e-05,0
LA_D_5007381,0,0.00036817245,0
LA_D_5057972,0,5.235457e-05,0
LA_D_5074733,0,0.00010109735,0
LA_D_5109259,0,0.00013186758,0
LA_D_5162715,0,0.0003913027,0
LA_D_5177338,0,8.54747e-05,0
LA_D_5177966,0,0.0009233196,0
LA_D_5245666,0,0.0005589243,0
LA_D_5268793,0,0.00025416317,0
LA_D_5270654,0,8.9664376e-05,0
LA_D_5272977,0,0.0007289727,0
LA_D_5273462,0,0.00026226332,0
LA_D_5291856,0,0.00014825264,0
LA_D_5309692,0,4.0624047e-05,0
LA_D_5344050,0,7.8244775e-05,0
LA_D_5385252,0,5.1499002e-05,0
LA_D_5396438,0,9.204681e-05,0
LA_D_5397791,0,0.00015976242,0
LA_D_5427611,0,6.271229e-05,0
LA_D_5430751,0,0.000100789424,0
LA_D_5437365,0,4.6151945e-05,0
LA_D_5476584,0,0.0001303044,0
LA_D_5478266,0,0.21028617,0
LA_D_5597859,0,0.00019124613,0
LA_D_5613890,0,0.00013639535,0
LA_D_5629856,0,0.00014769404,0
LA_D_5711819,0,0.00015997156,0
LA_D_5711940,0,0.00012815952,0
LA_D_5718687,0,0.0002064459,0
LA_D_5726766,0,7.746812e-05,0
LA_D_5736306,0,9.490548e-05,0
LA_D_5744389,0,0.0001371701,0
LA_D_5753687,0,0.00020115812,0
LA_D_5780553,0,0.0009871658,0
LA_D_5783447,0,9.0895606e-05,0
LA_D_5825201,0,0.00010387591,0
LA_D_5862765,0,8.502384e-05,0
LA_D_5869416,0,9.4692594e-05,0
LA_D_5873171,0,9.101791e-05,0
LA_D_5929422,0,0.0006049665,0
LA_D_5980008,0,0.0005469241,0
LA_D_5989088,0,0.000110935245,0
LA_D_5990798,0,7.540803e-05,0
LA_D_5997198,0,0.00024202715,0
LA_D_6002533,0,0.0002492708,0
LA_D_6032850,0,0.00014152398,0
LA_D_6109600,0,0.000109728826,0
LA_D_6115340,0,0.00018971198,0
LA_D_6123696,0,7.594733e-05,0
LA_D_6124419,0,0.00023051485,0
LA_D_6144569,0,5.899556e-05,0
LA_D_6147813,0,0.00010484657,0
LA_D_6159310,0,0.00031920266,0
LA_D_6166908,0,0.00041015417,0
LA_D_6192301,0,4.6018125e-05,0
LA_D_6212172,0,7.635581e-05,0
LA_D_6245398,0,6.809279e-05,0
LA_D_6270968,0,0.00042391164,0
LA_D_6275063,0,0.000121404744,0
LA_D_6286681,0,4.59605e-05,0
LA_D_6292140,0,8.429509e-05,0
LA_D_6410604,0,6.074059e-05,0
LA_D_6419681,0,0.00024038306,0
LA_D_6427358,0,0.00012697486,0
LA_D_6454886,0,0.00074663456,0
LA_D_6468364,0,5.4583652e-05,0
LA_D_6496137,0,0.000119793294,0
LA_D_6502033,0,0.000106431704,0
LA_D_6552905,0,0.00018127578,0
LA_D_6597572,0,0.00014430609,0
LA_D_6603189,0,0.00041868433,0
LA_D_6616877,0,7.937195e-05,0
LA_D_6621038,0,7.79677e-05,0
LA_D_6621174,0,0.0001587002,0
LA_D_6674759,0,4.3503223e-05,0
LA_D_6701637,0,0.00018899287,0
LA_D_6710307,0,0.0005776572,0
LA_D_6721220,0,0.000111309724,0
LA_D_6736679,0,6.3207255e-05,0
LA_D_6744347,0,6.120535e-05,0
LA_D_6744515,0,0.00012927051,0
LA_D_6814327,0,6.531654e-05,0
LA_D_6825288,0,8.732803e-05,0
LA_D_6839774,0,8.094564e-05,0
LA_D_6843816,0,4.6405134e-05,0
LA_D_6846844,0,0.00014827456,0
LA_D_6869337,0,0.0001565226,0
LA_D_6878349,0,0.00036549402,0
LA_D_6881089,0,0.0011099925,0
LA_D_6884276,0,7.089342e-05,0
LA_D_6949266,0,8.939067e-05,0
LA_D_6980433,0,0.00014006467,0
LA_D_7070438,0,6.786545e-05,0
LA_D_7091848,0,0.00040268942,0
LA_D_7096610,0,0.0001551684,0
LA_D_7115717,0,8.836112e-05,0
LA_D_7132991,0,0.0006193827,0
LA_D_7150708,0,7.0730806e-05,0
LA_D_7172132,0,0.00010618487,0
LA_D_7174025,0,0.00015028068,0
LA_D_7206220,0,5.5866807e-05,0
LA_D_7216441,0,0.00053412974,0
LA_D_7264635,0,0.00026643497,0
LA_D_7269974,0,0.00026428443,0
LA_D_7292251,0,0.0001818521,0
LA_D_7297214,0,0.00027574986,0
LA_D_7321644,0,5.4102176e-05,0
LA_D_7337551,0,0.00012242695,0
LA_D_7348083,0,6.8965135e-05,0
LA_D_7359011,0,4.3626904e-05,0
LA_D_7367636,0,0.00013392948,0
LA_D_7386319,0,0.00016894957,0
LA_D_7390342,0,0.0001268957,0
LA_D_7419836,0,8.104589e-05,0
LA_D_7435151,0,6.360008e-05,0
LA_D_7475228,0,7.182937e-05,0
LA_D_7475277,0,0.00027570804,0
LA_D_7510853,0,7.600565e-05,0
LA_D_7566932,0,0.000121831865,0
LA_D_7573964,0,4.918802e-05,0
LA_D_7591970,0,0.00045056693,0
LA_D_7599287,0,6.450136e-05,0
LA_D_7601025,0,8.580536e-05,0
LA_D_7684506,0,0.00012876488,0
LA_D_7740794,0,0.000116341704,0
LA_D_7757814,0,0.000103598235,0
LA_D_7774126,0,0.00033399634,0
LA_D_7797712,0,0.00010015766,0
LA_D_7819798,0,0.000117725736,0
LA_D_7824980,0,0.00013855539,0
LA_D_7828154,0,0.00026347887,0
LA_D_7933080,0,0.00018569965,0
LA_D_7941596,0,8.744078e-05,0
LA_D_7946496,0,6.5043176e-05,0
LA_D_7951889,0,0.00015311295,0
LA_D_7969866,0,6.882539e-05,0
LA_D_8033884,0,6.4463726e-05,0
LA_D_8041823,0,8.363733e-05,0
LA_D_8085631,0,3.7987735e-05,0
LA_D_8108552,0,8.325037e-05,0
LA_D_8138647,0,0.000109402856,0
LA_D_8167961,0,0.000106626845,0
LA_D_8213789,0,0.00012883513,0
LA_D_8250991,0,4.8486047e-05,0
LA_D_8288109,0,7.281628e-05,0
LA_D_8341901,0,8.759216e-05,0
LA_D_8365650,0,4.151356e-05,0
LA_D_8396394,0,8.371808e-05,0
LA_D_8445970,0,5.6739926e-05,0
LA_D_8476694,0,0.00011843565,0
LA_D_8480990,0,0.00029283826,0
LA_D_8502103,0,0.00059889763,0
LA_D_8540616,0,8.104743e-05,0
LA_D_8575268,0,0.00017916577,0
LA_D_8580528,0,0.000154707,0
LA_D_8608455,0,0.00012783267,0
LA_D_8667642,0,0.00042224012,0
LA_D_8690666,0,0.00012738378,0
LA_D_8791605,0,0.0015029066,0
LA_D_8823371,0,6.604232e-05,0
LA_D_8833972,0,0.00010591881,0
LA_D_8858297,0,0.00015132535,0
LA_D_8884259,0,0.0021771789,0
LA_D_8891118,0,0.00010668554,0
LA_D_8891320,0,7.422586e-05,0
LA_D_8924760,0,0.00057518954,0
LA_D_8926801,0,0.000110644825,0
LA_D_9025753,0,9.0047564e-05,0
LA_D_9053406,0,2.6354677e-05,0
LA_D_9100339,0,0.0002670117,0
LA_D_9132830,0,8.571892e-05,0
LA_D_9151062,0,0.00013965272,0
LA_D_9154536,0,5.3994918e-05,0
LA_D_9190608,0,0.0001635949,0
LA_D_9197132,0,0.000113596354,0
LA_D_9209106,0,9.954248e-05,0
LA_D_9245802,0,0.00014911308,0
LA_D_9265911,0,8.2432045e-05,0
LA_D_9283729,0,0.00012616273,0
LA_D_9284814,0,0.00041392687,0
LA_D_9285961,0,8.5094405e-05,0
LA_D_9287039,0,7.78792e-05,0
LA_D_9314974,0,0.00031080688,0
LA_D_9361012,0,0.0003583097,0
LA_D_9380348,0,0.00023197908,0
LA_D_9380432,0,0.00019088815,0
LA_D_9386795,0,0.00011450587,0
LA_D_9427876,0,4.144489e-05,0
LA_D_9428605,0,6.9439215e-05,0
LA_D_9445187,0,0.00030760549,0
LA_D_9468857,0,0.00019144245,0
LA_D_9505348,0,0.000113640664,0
LA_D_9521159,0,0.00013147148,0
LA_D_9521386,0,0.00015244981,0
LA_D_9528107,0,8.261146e-05,0
LA_D_9557924,0,0.00012731942,0
LA_D_9573599,0,0.000108703935,0
LA_D_9638401,0,0.00016282985,0
LA_D_9673065,0,0.00010724949,0
LA_D_9699422,0,0.0002808751,0
LA_D_9716869,0,0.0004660573,0
LA_D_9735877,0,7.599884e-05,0
LA_D_9754279,0,0.00017411233,0
LA_D_9754312,0,0.0003535488,0
LA_D_9787636,0,0.00058157457,0
LA_D_9807965,0,0.00010259742,0
LA_D_9820264,0,0.00019628444,0
LA_D_9865890,0,0.000101492406,0
LA_D_9872675,0,0.0013700384,0
LA_D_9897842,0,0.0002923615,0
LA_D_9904359,0,0.0001505351,0
LA_D_9910052,0,8.822556e-05,0
LA_D_9913081,0,6.913884e-05,0
LA_D_9930873,0,0.00013045446,0
LA_D_9973436,0,0.0001856825,0
LA_D_9997827,0,0.0008678424,0
LA_D_1012999,0,2.9874393e-05,0
LA_D_1059373,0,0.00014403198,0
LA_D_1069983,0,5.8527658e-05,0
LA_D_1093350,0,0.0001370451,0
LA_D_1098936,0,8.864368e-05,0
LA_D_1108377,0,6.903837e-05,0
LA_D_1128845,0,0.00026304764,0
LA_D_1199369,0,0.00016581302,0
LA_D_1217579,0,0.0002210542,0
LA_D_1219751,0,8.429759e-05,0
LA_D_1229238,0,0.00036031636,0
LA_D_1243162,0,4.951237e-05,0
LA_D_1328151,0,0.00015748972,0
LA_D_1339977,0,0.0001364164,0
LA_D_1341967,0,0.00015198388,0
LA_D_1385838,0,4.8890834e-05,0
LA_D_1448869,0,0.0010053915,0
LA_D_1502443,0,7.062344e-05,0
LA_D_1509962,0,0.00016276915,0
LA_D_1572003,0,7.423875e-05,0
LA_D_1639891,0,0.00023368487,0
LA_D_1655634,0,0.00010432051,0
LA_D_1706159,0,0.0001245291,0
LA_D_1777002,0,0.00013092339,0
LA_D_1811978,0,1.8523391e-05,0
LA_D_1815265,0,0.00013033596,0
LA_D_1845654,0,0.00011241373,0
LA_D_1855851,0,9.701841e-05,0
LA_D_1893758,0,0.00010681145,0
LA_D_1953933,0,0.00015463724,0
LA_D_1959435,0,0.00033858122,0
LA_D_1966690,0,0.0001755374,0
LA_D_1982638,0,0.00010057273,0
LA_D_2052753,0,0.00015180487,0
LA_D_2127486,0,0.00010947653,0
LA_D_2129411,0,4.0821134e-05,0
LA_D_2161760,0,7.362735e-05,0
LA_D_2319804,0,0.00014559078,0
LA_D_2352862,0,0.0021448252,0
LA_D_2354611,0,4.000364e-05,0
LA_D_2360026,0,7.702261e-05,0
LA_D_2365865,0,7.557534e-05,0
LA_D_2417938,0,0.00013041304,0
LA_D_2428124,0,0.00014803991,0
LA_D_2461413,0,9.206365e-05,0
LA_D_2494939,0,6.2811945e-05,0
LA_D_2503313,0,6.279619e-05,0
LA_D_2532530,0,0.00023052188,0
LA_D_2542974,0,0.0001316801,0
LA_D_2575495,0,9.3407434e-05,0
LA_D_2597444,0,0.00017509174,0
LA_D_2607016,0,7.347634e-05,0
LA_D_2618723,0,7.836358e-05,0
LA_D_2618748,0,0.0002616125,0
LA_D_2628131,0,0.00012848781,0
LA_D_2656565,0,0.0001492189,0
LA_D_2660438,0,0.000116920455,0
LA_D_2668830,0,0.00013081433,0
LA_D_2684010,0,0.00011257817,0
LA_D_2686278,0,0.00011730866,0
LA_D_2691873,0,0.00010552754,0
LA_D_2726931,0,0.00014829675,0
LA_D_2880781,0,9.7765274e-05,0
LA_D_2922852,0,7.869457e-05,0
LA_D_2933367,0,0.00014038371,0
LA_D_2946273,0,0.000113330185,0
LA_D_2962271,0,0.00012949086,0
LA_D_2993148,0,9.544632e-05,0
LA_D_3057475,0,0.00028209403,0
LA_D_3075008,0,0.0003271832,0
LA_D_3087684,0,0.00010091493,0
LA_D_3098960,0,0.00011357318,0
LA_D_3106089,0,0.00019756971,0
LA_D_3111133,0,9.9214965e-05,0
LA_D_3143593,0,7.345651e-05,0
LA_D_3150612,0,0.00013445411,0
LA_D_3153699,0,9.717877e-05,0
LA_D_3213386,0,0.00019809634,0
LA_D_3284727,0,0.00014366176,0
LA_D_3285435,0,0.00030422903,0
LA_D_3317920,0,0.00019369904,0
LA_D_3347861,0,0.00033878637,0
LA_D_3381862,0,5.29591e-05,0
LA_D_3412517,0,9.415398e-05,0
LA_D_3497883,0,9.4542636e-05,0
LA_D_3499981,0,0.00016372208,0
LA_D_3522934,0,9.868148e-05,0
LA_D_3556001,0,0.0009709856,0
LA_D_3572777,0,8.501785e-05,0
LA_D_3617770,0,6.0165494e-05,0
LA_D_3626798,0,6.555472e-05,0
LA_D_3666824,0,0.00017582971,0
LA_D_3680733,0,6.873363e-05,0
LA_D_3697262,0,6.745985e-05,0
LA_D_3740798,0,0.00011267149,0
LA_D_3750214,0,5.785416e-05,0
LA_D_3751177,0,7.619717e-05,0
LA_D_3763362,0,0.000112017915,0
LA_D_3789801,0,0.00020691608,0
LA_D_3811484,0,0.00034475804,0
LA_D_3852341,0,8.3732455e-05,0
LA_D_3868002,0,8.773829e-05,0
LA_D_3888719,0,9.1473754e-05,0
LA_D_3924244,0,0.00010149202,0
LA_D_3937744,0,0.00014486944,0
LA_D_3949661,0,0.00070940226,0
LA_D_4011462,0,0.00012310968,0
LA_D_4026230,0,5.5270393e-05,0
LA_D_4026338,0,0.00020897771,0
LA_D_4033961,0,0.00029381286,0
LA_D_4042844,0,0.00013948223,0
LA_D_4095496,0,0.0001345671,0
LA_D_4110412,0,9.0527545e-05,0
LA_D_4113491,0,7.052155e-05,0
LA_D_4190801,0,0.00020401049,0
LA_D_4196661,0,7.141547e-05,0
LA_D_4198686,0,0.0001670032,0
LA_D_4228555,0,6.381946e-05,0
LA_D_4249243,0,8.5271575e-05,0
LA_D_4289169,0,0.00015626714,0
LA_D_4293326,0,0.00017317089,0
LA_D_4294751,0,0.00011743646,0
LA_D_4322842,0,0.00010401209,0
LA_D_4357332,0,0.00026824977,0
LA_D_4506633,0,0.00019850874,0
LA_D_4551409,0,0.0002593214,0
LA_D_4601843,0,0.00010467136,0
LA_D_4610013,0,0.00016314798,0
LA_D_4626552,0,7.952302e-05,0
LA_D_4650788,0,7.649209e-05,0
LA_D_4678519,0,0.00020420432,0
LA_D_4681486,0,8.682161e-05,0
LA_D_4698298,0,9.612294e-05,0
LA_D_4702053,0,0.00010707363,0
LA_D_4752694,0,0.00010193751,0
LA_D_4770965,0,0.00012780633,0
LA_D_4850290,0,7.067895e-05,0
LA_D_4882385,0,0.00010895382,0
LA_D_4984074,0,0.00014244381,0
LA_D_4990292,0,0.00016672033,0
LA_D_4994552,0,0.00018353852,0
LA_D_5068352,0,0.00015267324,0
LA_D_5092098,0,9.919548e-05,0
LA_D_5181153,0,0.00021532828,0
LA_D_5291143,0,0.00013004843,0
LA_D_5297304,0,0.00044523345,0
LA_D_5303302,0,0.00044143968,0
LA_D_5315354,0,0.00014440657,0
LA_D_5348157,0,0.00014836041,0
LA_D_5371276,0,6.4517844e-05,0
LA_D_5398194,0,7.261907e-05,0
LA_D_5433558,0,0.0002095124,0
LA_D_5455958,0,0.00015334233,0
LA_D_5467780,0,9.7369666e-05,0
LA_D_5473316,0,0.00013010301,0
LA_D_5505351,0,0.0001784342,0
LA_D_5552740,0,0.00024391469,0
LA_D_5568300,0,7.346155e-05,0
LA_D_5663851,0,0.00016447158,0
LA_D_5673334,0,0.00017315273,0
LA_D_5684092,0,9.994537e-05,0
LA_D_5689576,0,0.00011510589,0
LA_D_5791423,0,0.00016690977,0
LA_D_5803857,0,0.00016661623,0
LA_D_5857128,0,0.00093830156,0
LA_D_5866849,0,0.00019198882,0
LA_D_5881442,0,8.2789775e-05,0
LA_D_5882834,0,0.00012878355,0
LA_D_5895216,0,2.1670598e-05,0
LA_D_5897281,0,0.000117140866,0
LA_D_5914226,0,0.000100122415,0
LA_D_5961859,0,5.7111134e-05,0
LA_D_5965871,0,0.00010998443,0
LA_D_6105901,0,5.7581212e-05,0
LA_D_6129031,0,7.198619e-05,0
LA_D_6197886,0,0.00010770342,0
LA_D_6231603,0,0.00022844264,0
LA_D_6241521,0,4.8332506e-05,0
LA_D_6241916,0,0.00011953633,0
LA_D_6270919,0,0.00013721849,0
LA_D_6316118,0,0.00027543452,0
LA_D_6321029,0,5.4168046e-05,0
LA_D_6351880,0,8.627706e-05,0
LA_D_6391228,0,7.6135504e-05,0
LA_D_6391278,0,0.00020147696,0
LA_D_6431288,0,0.00013487671,0
LA_D_6434721,0,0.00014499435,0
LA_D_6479825,0,0.0002843666,0
LA_D_6511162,0,6.4731496e-05,0
LA_D_6521320,0,0.00010871244,0
LA_D_6551642,0,5.2396426e-05,0
LA_D_6557355,0,0.0001952226,0
LA_D_6582780,0,6.277452e-05,0
LA_D_6589944,0,9.3386065e-05,0
LA_D_6599019,0,0.000160995,0
LA_D_6603822,0,0.00011388887,0
LA_D_6612387,0,0.00012422643,0
LA_D_6623501,0,0.00019409042,0
LA_D_6716178,0,0.00012718594,0
LA_D_6721785,0,4.6891444e-05,0
LA_D_6722285,0,9.656825e-05,0
LA_D_6798242,0,0.00015382178,0
LA_D_6826053,0,0.0001443822,0
LA_D_6840108,0,0.00015036367,0
LA_D_6902611,0,0.00016619907,0
LA_D_6921859,0,0.00024962777,0
LA_D_7008532,0,0.00020633865,0
LA_D_7033344,0,7.408966e-05,0
LA_D_7034096,0,0.00014200076,0
LA_D_7040833,0,0.00040324507,0
LA_D_7070716,0,8.911772e-05,0
LA_D_7113087,0,5.18464e-05,0
LA_D_7127633,0,8.954919e-05,0
LA_D_7145643,0,0.00013575179,0
LA_D_7149026,0,0.00023659578,0
LA_D_7166669,0,2.0287125e-05,0
LA_D_7209780,0,0.00010106833,0
LA_D_7260355,0,8.75267e-05,0
LA_D_7265371,0,0.00020098193,0
LA_D_7299749,0,6.990062e-05,0
LA_D_7385727,0,0.00010135701,0
LA_D_7401877,0,4.9464987e-05,0
LA_D_7481774,0,0.00014690441,0
LA_D_7489647,0,0.00010287271,0
LA_D_7510776,0,0.00016005913,0
LA_D_7519937,0,9.585274e-05,0
LA_D_7524908,0,7.135339e-05,0
LA_D_7546610,0,6.1603816e-05,0
LA_D_7554584,0,0.0001309676,0
LA_D_7576905,0,0.00010037804,0
LA_D_7588911,0,0.0002047061,0
LA_D_7603562,0,2.6017206e-05,0
LA_D_7607582,0,0.00020681827,0
LA_D_7616056,0,7.2803916e-05,0
LA_D_7626873,0,0.00022355848,0
LA_D_7661091,0,4.3396816e-05,0
LA_D_7663086,0,6.3815016e-05,0
LA_D_7693345,0,0.00012149483,0
LA_D_7747702,0,0.00042658468,0
LA_D_7763323,0,8.7579305e-05,0
LA_D_7784081,0,6.8570225e-05,0
LA_D_7870262,0,0.00018072575,0
LA_D_7918811,0,0.00015716358,0
LA_D_7958457,0,0.00013639274,0
LA_D_7989171,0,0.00014012278,0
LA_D_8099861,0,0.0001290844,0
LA_D_8135380,0,4.8678034e-05,0
LA_D_8143487,0,0.00010462337,0
LA_D_8156106,0,0.00012090762,0
LA_D_8170962,0,0.000119435375,0
LA_D_8220439,0,0.00011577242,0
LA_D_8226027,0,0.00018068233,0
LA_D_8256584,0,8.7196226e-05,0
LA_D_8270285,0,0.00040278136,0
LA_D_8300528,0,0.00011076644,0
LA_D_8318381,0,0.00010406437,0
LA_D_8328324,0,8.295391e-05,0
LA_D_8340873,0,0.00019847504,0
LA_D_8362355,0,9.330595e-05,0
LA_D_8524990,0,0.00013736813,0
LA_D_8596396,0,0.0001765383,0
LA_D_8604395,0,8.90602e-05,0
LA_D_8619260,0,0.00024391215,0
LA_D_8674039,0,0.00011202347,0
LA_D_8678189,0,0.0002805304,0
LA_D_8682238,0,2.3389379e-05,0
LA_D_8705688,0,0.00030416145,0
LA_D_8769232,0,8.8267894e-05,0
LA_D_8791163,0,0.0001183845,0
LA_D_8851647,0,0.00038635707,0
LA_D_8923139,0,0.00021644704,0
LA_D_8967930,0,0.00023524863,0
LA_D_8998352,0,7.021757e-05,0
LA_D_9000151,0,9.14013e-05,0
LA_D_9077132,0,4.5223776e-05,0
LA_D_9170829,0,0.000105498955,0
LA_D_9240337,0,0.00020018709,0
LA_D_9248076,0,0.00014633776,0
LA_D_9349907,0,0.00013761553,0
LA_D_9366624,0,0.00015613802,0
LA_D_9374494,0,0.00012111936,0
LA_D_9394624,0,8.772891e-05,0
LA_D_9410996,0,6.43504e-05,0
LA_D_9445699,0,0.00010429157,0
LA_D_9488774,0,0.00011973596,0
LA_D_9526782,0,0.0004892101,0
LA_D_9533572,0,0.00011617175,0
LA_D_9546041,0,7.0029455e-05,0
LA_D_9548811,0,6.92155e-05,0
LA_D_9548980,0,0.00010001163,0
LA_D_9581870,0,0.00018520738,0
LA_D_9584747,0,6.692814e-05,0
LA_D_9646573,0,0.00033779084,0
LA_D_9676810,0,4.776042e-05,0
LA_D_9678633,0,0.00028952057,0
LA_D_9732198,0,0.00010271646,0
LA_D_9733347,0,4.697541e-05,0
LA_D_9740097,0,0.00010199741,0
LA_D_9761317,0,0.00014883239,0
LA_D_9764287,0,0.00012921149,0
LA_D_9819662,0,7.62735e-05,0
LA_D_9851124,0,0.0005801719,0
LA_D_9871744,0,7.8984245e-05,0
LA_D_9871974,0,6.1802115e-05,0
LA_D_9900800,0,0.000115666604,0
LA_D_9926903,0,0.00022205552,0
LA_D_9936826,0,7.671138e-05,0
LA_D_9989022,0,0.00013410175,0
LA_D_1009810,0,0.0068634856,0
LA_D_1022459,0,0.00012913068,0
LA_D_1026446,0,0.0002434224,0
LA_D_1041178,0,0.00016037966,0
LA_D_1047361,0,9.966196e-05,0
LA_D_1053010,0,0.00015551351,0
LA_D_1053183,0,0.000105279476,0
LA_D_1053691,0,9.936598e-05,0
LA_D_1094663,0,9.812467e-05,0
LA_D_1101752,0,0.0001887467,0
LA_D_1105063,0,0.00057927787,0
LA_D_1107991,0,0.00016722789,0
LA_D_1117617,0,0.0014860993,0
LA_D_1129139,0,6.888994e-05,0
LA_D_1134630,0,6.139692e-05,0
LA_D_1154625,0,0.00016834187,0
LA_D_1186006,0,6.352395e-05,0
LA_D_1187921,0,0.00046718572,0
LA_D_1208833,0,0.00015092432,0
LA_D_1232042,0,6.838777e-05,0
LA_D_1254689,0,0.00028873552,0
LA_D_1271350,0,0.000108939705,0
LA_D_1296622,0,0.00011116896,0
LA_D_1309310,0,0.00017823408,0
LA_D_1346961,0,0.0027005468,0
LA_D_1385432,0,0.00011021866,0
LA_D_1393963,0,0.00017511829,0
LA_D_1398478,0,0.00016656143,0
LA_D_1410471,0,0.000106666725,0
LA_D_1421837,0,0.00010604522,0
LA_D_1429385,0,0.00074173487,0
LA_D_1442082,0,9.5513686e-05,0
LA_D_1473217,0,5.604471e-05,0
LA_D_1503678,0,0.00011923214,0
LA_D_1507132,0,0.00012799598,0
LA_D_1550916,0,0.00018748485,0
LA_D_1554337,0,6.188161e-05,0
LA_D_1563527,0,0.00028775007,0
LA_D_1564951,0,0.000115356874,0
LA_D_1565282,0,0.00046938373,0
LA_D_1585777,0,0.0001207985,0
LA_D_1618636,0,0.00012009399,0
LA_D_1626346,0,0.0043105315,0
LA_D_1629018,0,7.440459e-05,0
LA_D_1630961,0,0.0001371612,0
LA_D_1631906,0,0.0031746333,0
LA_D_1649039,0,0.000103582424,0
LA_D_1694628,0,0.00010419426,0
LA_D_1737775,0,0.00013215687,0
LA_D_1751115,0,0.00041533637,0
LA_D_1826570,0,0.00019294457,0
LA_D_1840313,0,0.00016924155,0
LA_D_1844442,0,0.0001267322,0
LA_D_1870825,0,0.00017850143,0
LA_D_1904429,0,0.00015067398,0
LA_D_1921628,0,0.000103243794,0
LA_D_1929165,0,0.00010010915,0
LA_D_1940703,0,0.00012518653,0
LA_D_1949097,0,0.00011274081,0
LA_D_1973666,0,0.00089500827,0
LA_D_1993260,0,9.769845e-05,0
LA_D_2115537,0,0.00010946702,0
LA_D_2120058,0,0.00030463422,0
LA_D_2133447,0,0.00015756363,0
LA_D_2148083,0,0.00012739058,0
LA_D_2178992,0,0.007005065,0
LA_D_2185267,0,0.001165953,0
LA_D_2343633,0,0.0005580165,0
LA_D_2348809,0,7.0814494e-05,0
LA_D_2376692,0,0.00016457542,0
LA_D_2380033,0,6.188374e-05,0
LA_D_2381616,0,4.2846485e-05,0
LA_D_2406548,0,0.0006231246,0
LA_D_2424885,0,0.00016069684,0
LA_D_2431861,0,9.398408e-05,0
LA_D_2458746,0,0.00015570388,0
LA_D_2489508,0,0.000119992794,0
LA_D_2564824,0,0.0001262667,0
LA_D_2608425,0,4.5269342e-05,0
LA_D_2622549,0,7.966169e-05,0
LA_D_2626291,0,0.000132457,0
LA_D_2657015,0,0.0004246295,0
LA_D_2662004,0,0.00017384125,0
LA_D_2665018,0,8.7412096e-05,0
LA_D_2682967,0,0.0001570915,0
LA_D_2687738,0,0.00025521487,0
LA_D_2691876,0,0.00010487587,0
LA_D_2708695,0,6.965967e-05,0
LA_D_2731694,0,0.000136814,0
LA_D_2734460,0,0.0001091613,0
LA_D_2764046,0,0.0001252436,0
LA_D_2812298,0,9.1370806e-05,0
LA_D_2852116,0,0.000120205004,0
LA_D_2852975,0,9.699787e-05,0
LA_D_2899989,0,9.4917516e-05,0
LA_D_2961647,0,0.00014842619,0
LA_D_2970648,0,9.848097e-05,0
LA_D_3010008,0,5.2317282e-05,0
LA_D_3010254,0,0.0020119443,0
LA_D_3011286,0,0.0005287588,0
LA_D_3043784,0,0.00019844892,0
LA_D_3052026,0,0.00013864486,0
LA_D_3077589,0,4.7167574e-05,0
LA_D_3122693,0,0.000100305806,0
LA_D_3123903,0,9.43841e-05,0
LA_D_3196679,0,8.535415e-05,0
LA_D_3216202,0,7.681225e-05,0
LA_D_3220943,0,0.00014004597,0
LA_D_3229406,0,0.00032331285,0
LA_D_3245148,0,8.161266e-05,0
LA_D_3246935,0,0.0003746509,0
LA_D_3267050,0,0.00010110545,0
LA_D_3289959,0,0.00011970173,0
LA_D_3309097,0,0.0002565983,0
LA_D_3312715,0,9.225102e-05,0
LA_D_3314683,0,0.00036497277,0
LA_D_3318305,0,0.0010736483,0
LA_D_3322462,0,0.00017710177,0
LA_D_3325885,0,0.0001535536,0
LA_D_3335996,0,0.00058753096,0
LA_D_3362119,0,7.152179e-05,0
LA_D_3368139,0,0.00017497443,0
LA_D_3380478,0,0.00015312141,0
LA_D_3381945,0,3.237623e-05,0
LA_D_3425552,0,0.00018114134,0
LA_D_3459983,0,0.00013173085,0
LA_D_3460877,0,0.00013775312,0
LA_D_3477714,0,0.00019868143,0
LA_D_3484550,0,9.105455e-05,0
LA_D_3503337,0,9.876414e-05,0
LA_D_3534616,0,0.00015457296,0
LA_D_3552986,0,0.0009004603,0
LA_D_3628282,0,0.00013479571,0
LA_D_3650557,0,0.00025117336,0
LA_D_3670696,0,0.00012002392,0
LA_D_3683959,0,0.00030839743,0
LA_D_3687549,0,0.0009266718,0
LA_D_3704583,0,3.9580496e-05,0
LA_D_3759789,0,0.00013541021,0
LA_D_3768268,0,0.00012490358,0
LA_D_3776171,0,0.0001917351,0
LA_D_3811164,0,6.780477e-05,0
LA_D_3826562,0,9.264605e-05,0
LA_D_3835819,0,0.00021132988,0
LA_D_3841462,0,0.0002115664,0
LA_D_3844808,0,0.00025587785,0
LA_D_3863142,0,5.092027e-05,0
LA_D_3865687,0,8.4993524e-05,0
LA_D_3871675,0,0.0001326299,0
LA_D_3873590,0,0.0001680229,0
LA_D_3925646,0,0.00022931946,0
LA_D_3973052,0,0.00052434637,0
LA_D_4023359,0,0.00014625714,0
LA_D_4130087,0,0.00016436435,0
LA_D_4182606,0,0.00030666174,0
LA_D_4204931,0,0.00017576903,0
LA_D_4250069,0,8.842501e-05,0
LA_D_4276413,0,0.00041795574,0
LA_D_4313851,0,0.00017604814,0
LA_D_4447429,0,6.160629e-05,0
LA_D_4449467,0,0.00012666648,0
LA_D_4466009,0,0.0003827968,0
LA_D_4506665,0,0.00028709212,0
LA_D_4515063,0,0.0037007334,0
LA_D_4557284,0,0.0003229598,0
LA_D_4577794,0,9.935565e-05,0
LA_D_4596144,0,0.00021033343,0
LA_D_4625457,0,0.00012602974,0
LA_D_4665264,0,0.00015029029,0
LA_D_4711427,0,0.00034827023,0
LA_D_4762149,0,4.6791338e-05,0
LA_D_4795544,0,4.400723e-05,0
LA_D_4795829,0,0.00067399134,0
LA_D_4820980,0,0.0011392409,0
LA_D_4847920,0,0.00047923782,0
LA_D_4958482,0,8.876405e-05,0
LA_D_4976290,0,0.00021920928,0
LA_D_4993792,0,0.00021373385,0
LA_D_5044739,0,0.00017215608,0
LA_D_5088072,0,2.7594155e-05,0
LA_D_5106717,0,9.52778e-05,0
LA_D_5115800,0,0.00020099497,0
LA_D_5159656,0,0.00010041442,0
LA_D_5187844,0,0.0001465665,0
LA_D_5192357,0,0.0024770482,0
LA_D_5220582,0,9.609693e-05,0
LA_D_5258498,0,0.00021385898,0
LA_D_5274993,0,0.00057199434,0
LA_D_5286754,0,0.00013994759,0
LA_D_5359152,0,6.199739e-05,0
LA_D_5364420,0,0.00013552337,0
LA_D_5394850,0,8.2931365e-05,0
LA_D_5405782,0,0.00021433258,0
LA_D_5456641,0,9.434972e-05,0
LA_D_5470191,0,0.00010975373,0
LA_D_5484007,0,8.6481086e-05,0
LA_D_5487963,0,0.00014063974,0
LA_D_5497028,0,0.00024275466,0
LA_D_5525243,0,0.00016626169,0
LA_D_5541815,0,0.00016006325,0
LA_D_5563514,0,0.0003642522,0
LA_D_5579300,0,5.046874e-05,0
LA_D_5594176,0,0.0002852113,0
LA_D_5637855,0,0.0008126929,0
LA_D_5661632,0,0.000108956956,0
LA_D_5683834,0,0.00020607968,0
LA_D_5690814,0,0.0003616109,0
LA_D_5707076,0,0.0002916224,0
LA_D_5730035,0,0.0002793944,0
LA_D_5741467,0,0.00017429204,0
LA_D_5783492,0,0.00014347504,0
LA_D_5790952,0,8.968763e-05,0
LA_D_5824640,0,0.0001614811,0
LA_D_5833095,0,0.0004608914,0
LA_D_5842246,0,0.00065400096,0
LA_D_5893163,0,0.00010333401,0
LA_D_5897596,0,0.00015806712,0
LA_D_5910213,0,0.00016766154,0
LA_D_5955645,0,0.00015419067,0
LA_D_5955681,0,0.0002611983,0
LA_D_5983573,0,0.00014827625,0
LA_D_5996329,0,0.00035609596,0
LA_D_6035033,0,0.000360972,0
LA_D_6038987,0,0.00012838838,0
LA_D_6042592,0,0.00012835054,0
LA_D_6044584,0,0.00016893087,0
LA_D_6052382,0,0.0003676239,0
LA_D_6065690,0,0.00011647234,0
LA_D_6092523,0,5.9881935e-05,0
LA_D_6106693,0,0.00011268181,0
LA_D_6140365,0,0.00013982154,0
LA_D_6153721,0,0.00018526071,0
LA_D_6173011,0,0.00012633824,0
LA_D_6180503,0,0.00016220023,0
LA_D_6223759,0,6.2855506e-05,0
LA_D_6255442,0,0.00011478781,0
LA_D_6276227,0,0.00014711553,0
LA_D_6286913,0,0.00087922544,0
LA_D_6317554,0,6.9317684e-05,0
LA_D_6333800,0,0.00014681548,0
LA_D_6341347,0,0.000302974,0
LA_D_6376535,0,0.00010727691,0
LA_D_6402345,0,0.00062891317,0
LA_D_6428763,0,6.503698e-05,0
LA_D_6462653,0,0.00019768483,0
LA_D_6487128,0,5.1080475e-05,0
LA_D_6535961,0,0.00013070946,0
LA_D_6540277,0,0.0005362352,0
LA_D_6543845,0,6.258062e-05,0
LA_D_6560571,0,8.044286e-05,0
LA_D_6584904,0,0.000111024565,0
LA_D_6608570,0,9.303692e-05,0
LA_D_6643057,0,3.377521e-05,0
LA_D_6676552,0,0.00017790876,0
LA_D_6689976,0,0.00011123375,0
LA_D_6695955,0,0.0012956761,0
LA_D_6712262,0,0.00011588916,0
LA_D_6752801,0,8.61567e-05,0
LA_D_6842358,0,0.00013822866,0
LA_D_6885473,0,0.00015677848,0
LA_D_6914312,0,0.000275118,0
LA_D_6918630,0,0.00016927464,0
LA_D_6933618,0,7.238337e-05,0
LA_D_6986384,0,7.8962636e-05,0
LA_D_7006476,0,0.0001394857,0
LA_D_7015677,0,0.00023997133,0
LA_D_7139973,0,0.00018344073,0
LA_D_7142423,0,0.00012708471,0
LA_D_7146345,0,8.45054e-05,0
LA_D_7146876,0,0.000113022514,0
LA_D_7150274,0,6.436415e-05,0
LA_D_7166542,0,8.828683e-05,0
LA_D_7179177,0,0.0005038547,0
LA_D_7206246,0,7.360973e-05,0
LA_D_7210696,0,0.00040261913,0
LA_D_7257803,0,0.00029932254,0
LA_D_7270413,0,5.5177392e-05,0
LA_D_7283626,0,7.101046e-05,0
LA_D_7295443,0,0.00011171368,0
LA_D_7312934,0,0.00016147218,0
LA_D_7320803,0,0.00023952559,0
LA_D_7321340,0,4.3005763e-05,0
LA_D_7321900,0,1.5153694e-05,0
LA_D_7342275,0,0.00011980781,0
LA_D_7370235,0,0.00028765213,0
LA_D_7382054,0,0.00011431582,0
LA_D_7387492,0,0.0002465876,0
LA_D_7389395,0,0.00017622045,0
LA_D_7395165,0,0.0002285422,0
LA_D_7425918,0,6.662847e-05,0
LA_D_7427432,0,5.9461865e-05,0
LA_D_7431085,0,7.649443e-05,0
LA_D_7437986,0,0.00021888642,0
LA_D_7453582,0,0.00041459067,0
LA_D_7454040,0,0.0002810776,0
LA_D_7459422,0,0.00012827775,0
LA_D_7466876,0,4.6127174e-05,0
LA_D_7490963,0,0.00024306083,0
LA_D_7506438,0,6.391429e-05,0
LA_D_7543784,0,0.00024514383,0
LA_D_7556130,0,0.0001159545,0
LA_D_7557614,0,0.00014378279,0
LA_D_7576053,0,0.0009794352,0
LA_D_7588993,0,5.8231708e-05,0
LA_D_7642448,0,0.00034681207,0
LA_D_7705069,0,0.00012224428,0
LA_D_7712142,0,0.00013384076,0
LA_D_7715629,0,8.434583e-05,0
LA_D_7752651,0,0.00032146228,0
LA_D_7765425,0,0.00018566407,0
LA_D_7768123,0,0.00021923271,0
LA_D_7773053,0,0.001247151,0
LA_D_7784335,0,7.0021844e-05,0
LA_D_7815248,0,0.00015098376,0
LA_D_7845861,0,0.0003034634,0
LA_D_7863036,0,0.00010828824,0
LA_D_7871377,0,6.3870604e-05,0
LA_D_7879576,0,0.00022237479,0
LA_D_7905799,0,0.00034631864,0
LA_D_8023983,0,0.0001270652,0
LA_D_8037942,0,7.502344e-05,0
LA_D_8051196,0,9.0889895e-05,0
LA_D_8086972,0,0.00020481483,0
LA_D_8106140,0,0.00015412981,0
LA_D_8116459,0,0.00011136207,0
LA_D_8122941,0,0.00011870079,0
LA_D_8142988,0,0.000102418344,0
LA_D_8159363,0,6.358467e-05,0
LA_D_8161487,0,0.00015496642,0
LA_D_8193417,0,0.00026539902,0
LA_D_8203380,0,5.635147e-05,0
LA_D_8248441,0,7.868886e-05,0
LA_D_8287167,0,0.00022176308,0
LA_D_8336154,0,0.0028258518,0
LA_D_8348408,0,0.00015285052,0
LA_D_8350335,0,0.0011156953,0
LA_D_8383875,0,1.2238809e-05,0
LA_D_8387087,0,0.0003715574,0
LA_D_8391659,0,0.0001413031,0
LA_D_8424724,0,7.853309e-05,0
LA_D_8467719,0,8.116066e-05,0
LA_D_8481763,0,0.00021307722,0
LA_D_8519344,0,0.00043884385,0
LA_D_8564097,0,0.0003837188,0
LA_D_8568701,0,7.131557e-05,0
LA_D_8575096,0,0.00010181578,0
LA_D_8592862,0,0.00045429775,0
LA_D_8619688,0,0.00014854272,0
LA_D_8631594,0,0.0001627434,0
LA_D_8639249,0,0.00025890436,0
LA_D_8723101,0,0.00017275166,0
LA_D_8746243,0,0.000113149224,0
LA_D_8750052,0,0.00021680993,0
LA_D_8751310,0,0.00012532042,0
LA_D_8751875,0,6.2672654e-05,0
LA_D_8777414,0,0.0001972785,0
LA_D_8792923,0,0.00015876742,0
LA_D_8795993,0,0.00018799074,0
LA_D_8803516,0,0.000113407485,0
LA_D_8804006,0,3.151874e-05,0
LA_D_8809919,0,8.163064e-05,0
LA_D_8819340,0,0.0003449543,0
LA_D_8827587,0,0.00018320247,0
LA_D_8854421,0,0.00013416122,0
LA_D_8859455,0,0.00028280227,0
LA_D_8860183,0,0.00013071607,0
LA_D_8921775,0,3.636697e-05,0
LA_D_8943970,0,8.122585e-05,0
LA_D_8954085,0,0.00015690095,0
LA_D_8976204,0,8.366541e-05,0
LA_D_8979280,0,7.9305675e-05,0
LA_D_8988514,0,0.00043452173,0
LA_D_8999079,0,0.00010876325,0
LA_D_9001275,0,7.4059295e-05,0
LA_D_9021806,0,0.00017349947,0
LA_D_9039099,0,0.00015128178,0
LA_D_9049651,0,0.00011070572,0
LA_D_9052609,0,0.00026939978,0
LA_D_9053251,0,0.000115507115,0
LA_D_9157281,0,0.00012890052,0
LA_D_9159354,0,5.3690026e-05,0
LA_D_9168266,0,0.0003123936,0
LA_D_9197506,0,0.00015727182,0
LA_D_9220126,0,0.00015000152,0
LA_D_9237242,0,0.00010662949,0
LA_D_9241080,0,0.0006031915,0
LA_D_9268425,0,0.00015246477,0
LA_D_9316595,0,0.0001636812,0
LA_D_9318933,0,0.0001790249,0
LA_D_9335039,0,0.0004599215,0
LA_D_9432444,0,0.00010186026,0
LA_D_9507541,0,6.547469e-05,0
LA_D_9540548,0,0.00011501955,0
LA_D_9547696,0,0.00041917892,0
LA_D_9559541,0,0.00019090998,0
LA_D_9596844,0,8.054033e-05,0
LA_D_9601134,0,0.00011881992,0
LA_D_9607762,0,0.00011525361,0
LA_D_9615748,0,0.00016823226,0
LA_D_9616611,0,0.00010263753,0
LA_D_9628255,0,0.00010429425,0
LA_D_9672418,0,0.00020429934,0
LA_D_9691176,0,0.00018907776,0
LA_D_9705410,0,0.00048192826,0
LA_D_9727400,0,0.00012414412,0
LA_D_9750614,0,0.00010576881,0
LA_D_9763527,0,0.00036743033,0
LA_D_9822555,0,0.0010763223,0
LA_D_9846233,0,0.0006405831,0
LA_D_9866012,0,9.486015e-05,0
LA_D_9915922,0,0.00016867736,0
LA_D_9953820,0,5.778612e-05,0
LA_D_9985949,0,7.819145e-05,0
LA_D_9991459,0,9.346054e-05,0
LA_D_1005971,0,0.0003516407,0
LA_D_1064567,0,0.00014949418,0
LA_D_1098691,0,0.000110898654,0
LA_D_1109838,0,0.00028567723,0
LA_D_1115081,0,6.494228e-05,0
LA_D_1148617,0,0.00071580725,0
LA_D_1180576,0,0.0001622946,0
LA_D_1219196,0,9.064943e-05,0
LA_D_1228312,0,0.00017906894,0
LA_D_1229666,0,0.00016379204,0
LA_D_1236629,0,0.000105269035,0
LA_D_1285621,0,0.00018204954,0
LA_D_1325891,0,3.5940968e-05,0
LA_D_1348647,0,0.00017306491,0
LA_D_1364906,0,3.8057788e-05,0
LA_D_1368126,0,0.00018873824,0
LA_D_1409986,0,0.0003136568,0
LA_D_1445186,0,0.00046211176,0
LA_D_1462329,0,3.783877e-05,0
LA_D_1465281,0,7.956603e-05,0
LA_D_1549654,0,0.000100013254,0
LA_D_1583199,0,0.00014761787,0
LA_D_1632972,0,6.2091516e-05,0
LA_D_1672323,0,0.00018548025,0
LA_D_1685077,0,0.00016168017,0
LA_D_1762685,0,0.00013675113,0
LA_D_1774549,0,0.0002061023,0
LA_D_1865438,0,0.00018254633,0
LA_D_1867538,0,6.406978e-05,0
LA_D_1875162,0,5.4006756e-05,0
LA_D_1876350,0,1.9296012e-05,0
LA_D_1881239,0,0.00024112863,0
LA_D_1902183,0,6.6206456e-05,0
LA_D_1903412,0,0.0001387344,0
LA_D_1907658,0,7.637169e-05,0
LA_D_1965430,0,0.00014755045,0
LA_D_2022388,0,0.00028707978,0
LA_D_2035917,0,0.000100039775,0
LA_D_2056632,0,0.00011180928,0
LA_D_2075767,0,0.00057026406,0
LA_D_2077148,0,0.00017882836,0
LA_D_2091853,0,0.00022719061,0
LA_D_2093991,0,5.7660443e-05,0
LA_D_2151201,0,0.0001409664,0
LA_D_2166390,0,9.459801e-05,0
LA_D_2186197,0,0.00016476479,0
LA_D_2219894,0,8.795148e-05,0
LA_D_2280387,0,0.00010462346,0
LA_D_2296391,0,0.00014378497,0
LA_D_2307942,0,6.925234e-05,0
LA_D_2334368,0,0.00011731805,0
LA_D_2354479,0,4.0611227e-05,0
LA_D_2357733,0,3.8341128e-05,0
LA_D_2372047,0,8.855345e-05,0
LA_D_2387813,0,5.8532067e-05,0
LA_D_2401310,0,8.862958e-06,0
LA_D_2401901,0,0.0001312046,0
LA_D_2404322,0,0.00040517712,0
LA_D_2425341,0,0.00033323586,0
LA_D_2436830,0,7.005845e-05,0
LA_D_2437525,0,9.8672725e-05,0
LA_D_2442363,0,8.440119e-05,0
LA_D_2474628,0,8.511341e-05,0
LA_D_2478026,0,4.0420127e-05,0
LA_D_2538088,0,0.00020046713,0
LA_D_2548430,0,0.00044633323,0
LA_D_2552301,0,0.00028969094,0
LA_D_2602102,0,0.00012955186,0
LA_D_2619353,0,0.0006054245,0
LA_D_2631285,0,0.0002160322,0
LA_D_2640007,0,0.00051256095,0
LA_D_2713960,0,0.0002705217,0
LA_D_2774834,0,3.6525395e-05,0
LA_D_2783478,0,0.00017059749,0
LA_D_2785422,0,4.5079876e-05,0
LA_D_2836005,0,9.46814e-05,0
LA_D_2870594,0,0.00030407126,0
LA_D_2873916,0,0.00016617657,0
LA_D_2877185,0,8.354295e-05,0
LA_D_2894007,0,0.0002131085,0
LA_D_2894107,0,0.000106250285,0
LA_D_2963155,0,0.00015390864,0
LA_D_2997742,0,8.872977e-05,0
LA_D_3012026,0,5.602943e-05,0
LA_D_3033322,0,0.00019816191,0
LA_D_3036929,0,0.000120457094,0
LA_D_3095124,0,0.00014417707,0
LA_D_3101981,0,5.894011e-05,0
LA_D_3109790,0,0.00015888386,0
LA_D_3129847,0,0.00015389881,0
LA_D_3130364,0,0.00019077442,0
LA_D_3175475,0,9.775109e-05,0
LA_D_3225834,0,9.5055744e-05,0
LA_D_3273338,0,0.00023031472,0
LA_D_3305882,0,0.0011776575,0
LA_D_3318751,0,0.00024883932,0
LA_D_3337171,0,0.00012658509,0
LA_D_3338495,0,0.0002498359,0
LA_D_3384545,0,0.00014004316,0
LA_D_3419580,0,0.0016150108,0
LA_D_3438868,0,0.00051216193,0
LA_D_3441350,0,0.000116776944,0
LA_D_3520505,0,0.00014910212,0
LA_D_3565551,0,0.00027462846,0
LA_D_3592942,0,0.0001363176,0
LA_D_3594249,0,0.000304658,0
LA_D_3597706,0,0.000101837824,0
LA_D_3620253,0,0.00010528962,0
LA_D_3647773,0,9.107712e-05,0
LA_D_3676943,0,0.00038459132,0
LA_D_3681471,0,0.00015573803,0
LA_D_3693776,0,0.000100941674,0
LA_D_3726525,0,0.000310617,0
LA_D_3737022,0,6.893969e-05,0
LA_D_3775284,0,0.00023649316,0
LA_D_3813007,0,1.8806351e-05,0
LA_D_3813648,0,6.5437926e-05,0
LA_D_3869889,0,1.47614755e-05,0
LA_D_3884215,0,6.66197e-05,0
LA_D_3919520,0,0.00038907124,0
LA_D_3975705,0,0.0001605671,0
LA_D_4014359,0,7.3239615e-05,0
LA_D_4019955,0,0.0001307511,0
LA_D_4043719,0,0.00024646727,0
LA_D_4053028,0,0.00013823723,0
LA_D_4081799,0,0.00018184047,0
LA_D_4089047,0,9.6429125e-05,0
LA_D_4107575,0,0.00011646114,0
LA_D_4169368,0,0.00010801679,0
LA_D_4190542,0,6.422277e-05,0
LA_D_4217323,0,0.0003497762,0
LA_D_4219857,0,5.5158926e-05,0
LA_D_4226263,0,5.5069373e-05,0
LA_D_4227742,0,0.00017601541,0
LA_D_4246402,0,8.804319e-05,0
LA_D_4247580,0,0.00018680625,0
LA_D_4261031,0,2.4920799e-05,0
LA_D_4283749,0,0.00013007683,0
LA_D_4292655,0,0.00013844021,0
LA_D_4303813,0,0.00015823315,0
LA_D_4353571,0,0.000121577934,0
LA_D_4402563,0,0.00024101924,0
LA_D_4407394,0,0.0001618977,0
LA_D_4411408,0,4.4043165e-05,0
LA_D_4439782,0,0.0001174584,0
LA_D_4444384,0,8.226494e-05,0
LA_D_4482890,0,0.0003369549,0
LA_D_4511383,0,0.00010220294,0
LA_D_4519434,0,0.000396623,0
LA_D_4519538,0,5.6495668e-05,0
LA_D_4527834,0,0.0001358305,0
LA_D_4530203,0,9.682487e-05,0
LA_D_4539097,0,0.000112484064,0
LA_D_4543912,0,0.0004156088,0
LA_D_4568249,0,6.807195e-05,0
LA_D_4581618,0,0.00013591484,0
LA_D_4585543,0,2.7111852e-05,0
LA_D_4586547,0,9.618328e-05,0
LA_D_4613959,0,4.2354073e-05,0
LA_D_4627937,0,0.00011789851,0
LA_D_4659047,0,0.00120143,0
LA_D_4665394,0,5.4954693e-05,0
LA_D_4697959,0,8.089802e-05,0
LA_D_4702196,0,0.0001804203,0
LA_D_4711442,0,0.0006487735,0
LA_D_4732922,0,0.00045634832,0
LA_D_4740972,0,0.0014547262,0
LA_D_4766940,0,6.7486944e-05,0
LA_D_4787259,0,0.0003085783,0
LA_D_4798310,0,5.9544258e-05,0
LA_D_4803108,0,9.6751035e-05,0
LA_D_4813149,0,2.6741853e-05,0
LA_D_4823532,0,0.00016568264,0
LA_D_4835772,0,0.0008272081,0
LA_D_4859211,0,7.8624056e-05,0
LA_D_4863235,0,9.090081e-05,0
LA_D_4922420,0,3.9790157e-05,0
LA_D_4946501,0,0.00013104604,0
LA_D_4956135,0,6.166812e-05,0
LA_D_4958951,0,0.00017636837,0
LA_D_4998944,0,0.00011158838,0
LA_D_5026901,0,7.047966e-05,0
LA_D_5054064,0,0.00011129688,0
LA_D_5096512,0,0.00030233167,0
LA_D_5108618,0,0.00026467833,0
LA_D_5134311,0,8.569489e-05,0
LA_D_5134762,0,4.6079647e-05,0
LA_D_5140356,0,0.0005025808,0
LA_D_5162779,0,0.00026535068,0
LA_D_5183452,0,0.00012512508,0
LA_D_5192642,0,0.00020178033,0
LA_D_5219289,0,0.00014291536,0
LA_D_5247988,0,0.00031322142,0
LA_D_5273781,0,5.9743554e-05,0
LA_D_5285164,0,9.759695e-05,0
LA_D_5299808,0,7.5965654e-05,0
LA_D_5391398,0,0.00014426523,0
LA_D_5396370,0,0.00025193198,0
LA_D_5416366,0,0.00010310339,0
LA_D_5469757,0,0.00011066921,0
LA_D_5477639,0,0.00014848905,0
LA_D_5501976,0,7.330033e-05,0
LA_D_5517878,0,0.0002168302,0
LA_D_5519274,0,6.823183e-05,0
LA_D_5519605,0,0.00013234766,0
LA_D_5520297,0,0.00028438534,0
LA_D_5528569,0,8.255193e-05,0
LA_D_5556761,0,0.00037130172,0
LA_D_5567205,0,9.323995e-05,0
LA_D_5591138,0,4.191214e-05,0
LA_D_5631085,0,2.6493473e-05,0
LA_D_5641754,0,0.00011371838,0
LA_D_5642901,0,0.0002590572,0
LA_D_5648503,0,3.1719377e-05,0
LA_D_5718640,0,0.00013819149,0
LA_D_5761264,0,0.00016041697,0
LA_D_5770428,0,0.00019758118,0
LA_D_5783301,0,0.00015124718,0
LA_D_5795995,0,0.00014396552,0
LA_D_5803074,0,0.00017735829,0
LA_D_5883452,0,5.7161804e-05,0
LA_D_5911300,0,9.037582e-05,0
LA_D_5919919,0,6.8969544e-05,0
LA_D_5928152,0,0.00018564124,0
LA_D_5934144,0,9.522912e-05,0
LA_D_5954031,0,0.0003589102,0
LA_D_5954633,0,0.000110869354,0
LA_D_6020291,0,4.9470273e-05,0
LA_D_6032328,0,0.00017763129,0
LA_D_6042706,0,5.9350372e-05,0
LA_D_6052512,0,0.00014684151,0
LA_D_6053701,0,0.0002150589,0
LA_D_6078693,0,0.00016274494,0
LA_D_6094253,0,5.273523e-05,0
LA_D_6107904,0,5.003873e-05,0
LA_D_6120899,0,6.4891945e-05,0
LA_D_6132797,0,0.00020734068,0
LA_D_6164285,0,0.0002394338,0
LA_D_6170319,0,0.00012840734,0
LA_D_6205147,0,0.00015458654,0
LA_D_6209809,0,0.00027513874,0
LA_D_6230517,0,6.286941e-05,0
LA_D_6239035,0,5.9706872e-05,0
LA_D_6241740,0,0.00021752968,0
LA_D_6244687,0,0.00011687899,0
LA_D_6262242,0,3.718288e-05,0
LA_D_6281338,0,0.00017095866,0
LA_D_6314838,0,0.0001345974,0
LA_D_6327264,0,0.0002279592,0
LA_D_6329128,0,0.000113359805,0
LA_D_6345783,0,8.2449194e-05,0
LA_D_6359840,0,0.013647909,0
LA_D_6374602,0,0.00012440211,0
LA_D_6384143,0,0.00015280447,0
LA_D_6427284,0,0.0003264062,0
LA_D_6430389,0,0.00019833959,0
LA_D_6431333,0,0.00068353687,0
LA_D_6511144,0,0.000111710804,0
LA_D_6521158,0,8.0651924e-05,0
LA_D_6540182,0,0.00011533816,0
LA_D_6581422,0,6.787425e-05,0
LA_D_6605246,0,0.00022027826,0
LA_D_6623821,0,0.0001330319,0
LA_D_6649536,0,9.0314665e-05,0
LA_D_6653207,0,5.9359718e-05,0
LA_D_6666731,0,0.00019478136,0
LA_D_6671109,0,0.00012635054,0
LA_D_6671471,0,0.00010500827,0
LA_D_6675064,0,4.9067945e-05,0
LA_D_6787867,0,3.9669787e-05,0
LA_D_6806069,0,0.00025979106,0
LA_D_6847306,0,0.0003809048,0
LA_D_6853645,0,0.00016508937,0
LA_D_6855855,0,3.5071713e-05,0
LA_D_6874834,0,6.987343e-05,0
LA_D_6912310,0,0.00026221958,0
LA_D_6919952,0,0.0004918616,0
LA_D_6922069,0,0.00014901102,0
LA_D_6930208,0,3.3351087e-05,0
LA_D_6975754,0,6.381684e-05,0
LA_D_6977905,0,0.00016223906,0
LA_D_6983948,0,6.8656074e-05,0
LA_D_7034914,0,7.6732016e-05,0
LA_D_7049894,0,0.0004816426,0
LA_D_7064559,0,0.00030002996,0
LA_D_7076274,0,0.00010733093,0
LA_D_7083074,0,0.00012845462,0
LA_D_7091817,0,4.253553e-05,0
LA_D_7118043,0,4.27947e-05,0
LA_D_7139714,0,6.407894e-06,0
LA_D_7139945,0,0.00029142867,0
LA_D_7165851,0,1.7950348e-05,0
LA_D_7240985,0,0.00017649488,0
LA_D_7256447,0,4.905826e-05,0
LA_D_7281378,0,0.00016158662,0
LA_D_7291547,0,0.0003215196,0
LA_D_7314791,0,8.107928e-05,0
LA_D_7321837,0,0.000104299725,0
LA_D_7350476,0,0.0001477384,0
LA_D_7351646,0,2.544611e-05,0
LA_D_7361872,0,0.00031031304,0
LA_D_7367668,0,0.00010108868,0
LA_D_7371852,0,0.00011922294,0
LA_D_7378787,0,9.107825e-05,0
LA_D_7400321,0,0.00029352668,0
LA_D_7406573,0,0.00012795559,0
LA_D_7407416,0,0.0009211409,0
LA_D_7433691,0,7.860801e-05,0
LA_D_7434468,0,7.030004e-05,0
LA_D_7447967,0,0.0002272489,0
LA_D_7459811,0,4.332635e-05,0
LA_D_7460919,0,0.00031797984,0
LA_D_7478561,0,0.000106707004,0
LA_D_7495566,0,0.00011667544,0
LA_D_7499812,0,6.412687e-05,0
LA_D_7522283,0,0.00015599634,0
LA_D_7531198,0,0.0002873287,0
LA_D_7537934,0,0.00014212605,0
LA_D_7560414,0,0.00019028028,0
LA_D_7592609,0,0.00022463646,0
LA_D_7598549,0,6.995671e-05,0
LA_D_7619376,0,5.185248e-05,0
LA_D_7630815,0,0.00025294838,0
LA_D_7632689,0,7.930311e-05,0
LA_D_7642965,0,0.00022194289,0
LA_D_7646656,0,0.000122924,0
LA_D_7657874,0,9.061176e-05,0
LA_D_7667811,0,0.000272937,0
LA_D_7672499,0,0.00032997807,0
LA_D_7706480,0,0.00013343044,0
LA_D_7727828,0,0.00013002464,0
LA_D_7776880,0,8.04585e-05,0
LA_D_7825911,0,8.3220126e-05,0
LA_D_7850177,0,0.00010347837,0
LA_D_7861399,0,0.00022510662,0
LA_D_7874319,0,0.00013203568,0
LA_D_7891722,0,0.00010455266,0
LA_D_7942916,0,5.86319e-05,0
LA_D_8001311,0,0.0001271526,0
LA_D_8001942,0,9.003863e-05,0
LA_D_8025432,0,5.6939887e-05,0
LA_D_8027252,0,2.8144985e-05,0
LA_D_8093766,0,0.00015804995,0
LA_D_8098886,0,3.442368e-05,0
LA_D_8113458,0,0.000121555335,0
LA_D_8116868,0,5.2110245e-05,0
LA_D_8134921,0,8.939289e-05,0
LA_D_8184803,0,0.00011494652,0
LA_D_8198366,0,0.00039174123,0
LA_D_8213401,0,9.878523e-05,0
LA_D_8215041,0,2.4930567e-05,0
LA_D_8240682,0,0.0001176952,0
LA_D_8241720,0,7.393777e-05,0
LA_D_8299554,0,8.746079e-05,0
LA_D_8328201,0,0.00011565744,0
LA_D_8359738,0,4.612286e-05,0
LA_D_8361424,0,9.064512e-05,0
LA_D_8367667,0,0.00010866228,0
LA_D_8432977,0,0.0001114139,0
LA_D_8447242,0,7.375018e-05,0
LA_D_8461961,0,0.0005470057,0
LA_D_8466324,0,0.00012259377,0
LA_D_8480951,0,0.00015725022,0
LA_D_8552659,0,1.0760364e-05,0
LA_D_8570646,0,0.00038718496,0
LA_D_8578833,0,0.00011850535,0
LA_D_8624362,0,0.00013895879,0
LA_D_8666752,0,0.00027383966,0
LA_D_8714013,0,0.000101916994,0
LA_D_8752393,0,3.911271e-05,0
LA_D_8759565,0,0.00011851484,0
LA_D_8777097,0,3.6637444e-05,0
LA_D_8825567,0,9.767712e-05,0
LA_D_8887150,0,0.00019737238,0
LA_D_8902219,0,3.2307664e-05,0
LA_D_8902439,0,6.52907e-05,0
LA_D_8947210,0,9.714263e-05,0
LA_D_9000440,0,0.0008539907,0
LA_D_9024467,0,9.731565e-05,0
LA_D_9067050,0,9.624547e-05,0
LA_D_9071605,0,9.146966e-05,0
LA_D_9077451,0,0.00027045055,0
LA_D_9083107,0,4.8229325e-05,0
LA_D_9117746,0,0.00019975312,0
LA_D_9147536,0,0.0001481752,0
LA_D_9212493,0,0.0003139168,0
LA_D_9218380,0,0.00013281328,0
LA_D_9275226,0,5.3335058e-05,0
LA_D_9290458,0,0.0014203631,0
LA_D_9295746,0,2.921807e-05,0
LA_D_9301014,0,7.2207775e-05,0
LA_D_9310375,0,0.00030505328,0
LA_D_9311449,0,0.00013404153,0
LA_D_9323586,0,3.3559518e-05,0
LA_D_9371038,0,0.00019101196,0
LA_D_9387876,0,0.00033249837,0
LA_D_9419552,0,7.747521e-05,0
LA_D_9463679,0,0.0010897212,0
LA_D_9478091,0,0.0005425083,0
LA_D_9512709,0,4.6673864e-05,0
LA_D_9525753,0,0.00016848592,0
LA_D_9526501,0,5.434318e-05,0
LA_D_9552306,0,0.00015139434,0
LA_D_9624961,0,7.469892e-05,0
LA_D_9628701,0,0.00038081693,0
LA_D_9636981,0,8.5245796e-05,0
LA_D_9652357,0,6.7059176e-05,0
LA_D_9688627,0,3.8198537e-05,0
LA_D_9732033,0,0.0001560383,0
LA_D_9743014,0,0.00024507675,0
LA_D_9819954,0,0.0001213434,0
LA_D_9840993,0,0.000112184556,0
LA_D_9937906,0,0.00021797672,0
LA_D_9990316,0,0.00016899806,0
LA_D_1050796,0,0.00015302114,0
LA_D_1111959,0,4.9544866e-05,0
LA_D_1126102,0,8.238286e-05,0
LA_D_1144419,0,0.0017599167,0
LA_D_1151564,0,0.00019853732,0
LA_D_1154251,0,0.000114892166,0
LA_D_1154657,0,0.0005800077,0
LA_D_1165410,0,2.673127e-05,0
LA_D_1188223,0,0.00013638339,0
LA_D_1213444,0,0.0014168303,0
LA_D_1227666,0,7.2452916e-05,0
LA_D_1229959,0,0.00017723572,0
LA_D_1291691,0,0.0002840829,0
LA_D_1337747,0,0.00016234274,0
LA_D_1360621,0,0.00017443454,0
LA_D_1378407,0,0.004252056,0
LA_D_1382784,0,0.0001335939,0
LA_D_1386001,0,0.00028638408,0
LA_D_1415721,0,0.0005571078,0
LA_D_1481062,0,0.00047801263,0
LA_D_1594181,0,0.00032078844,0
LA_D_1680317,0,7.4943426e-05,0
LA_D_1704161,0,0.00025159903,0
LA_D_1721570,0,0.000113515256,0
LA_D_1738698,0,0.00013813443,0
LA_D_1793742,0,9.8327364e-05,0
LA_D_1830912,0,0.0015037985,0
LA_D_1831042,0,0.0001438744,0
LA_D_1851796,0,0.000118477794,0
LA_D_1875217,0,0.00013998669,0
LA_D_1910338,0,0.0001565741,0
LA_D_1930325,0,0.0020334222,0
LA_D_1951579,0,0.00018171308,0
LA_D_1956837,0,0.00047236972,0
LA_D_1976246,0,0.0005991503,0
LA_D_2006468,0,0.00012283355,0
LA_D_2035244,0,0.00015294718,0
LA_D_2042803,0,0.00013489524,0
LA_D_2044219,0,0.00032374068,0
LA_D_2065189,0,7.8709505e-05,0
LA_D_2071567,0,0.00022913805,0
LA_D_2077053,0,0.00016202836,0
LA_D_2100232,0,0.00013020403,0
LA_D_2172608,0,0.00013883761,0
LA_D_2175519,0,0.00055481325,0
LA_D_2179848,0,9.833186e-05,0
LA_D_2247699,0,0.00017715142,0
LA_D_2255226,0,0.00011534905,0
LA_D_2287060,0,0.00012533895,0
LA_D_2292607,0,0.00015171805,0
LA_D_2342652,0,0.00023362561,0
LA_D_2375441,0,9.401375e-05,0
LA_D_2387052,0,0.00020985349,0
LA_D_2390491,0,0.0012355967,0
LA_D_2397932,0,0.00051948085,0
LA_D_2415268,0,8.086941e-05,0
LA_D_2430765,0,6.751977e-05,0
LA_D_2438768,0,0.00016736891,0
LA_D_2458775,0,0.0003070971,0
LA_D_2470542,0,0.00043967884,0
LA_D_2473130,0,6.948505e-05,0
LA_D_2487000,0,0.0011278173,0
LA_D_2488694,0,0.0013612618,0
LA_D_2490273,0,5.9446786e-05,0
LA_D_2579766,0,0.00021868365,0
LA_D_2613151,0,0.00029799482,0
LA_D_2638432,0,0.00024948028,0
LA_D_2645266,0,0.00021502034,0
LA_D_2672793,0,0.00020696186,0
LA_D_2712659,0,0.00021604291,0
LA_D_2798127,0,0.00018807805,0
LA_D_2799558,0,0.00011942625,0
LA_D_2836357,0,0.00015074856,0
LA_D_2844231,0,0.00018117815,0
LA_D_2847562,0,0.0024849337,0
LA_D_2884001,0,0.00019587239,0
LA_D_2886707,0,0.00014988241,0
LA_D_2896594,0,0.00014908165,0
LA_D_2900636,0,0.000119696815,0
LA_D_2917764,0,0.00010165978,0
LA_D_2966362,0,0.00041014043,0
LA_D_2998314,0,8.807342e-05,0
LA_D_2999129,0,0.00023219283,0
LA_D_3021959,0,0.00055845914,0
LA_D_3025692,0,0.00040792004,0
LA_D_3054281,0,9.01241e-05,0
LA_D_3061067,0,0.00027077046,0
LA_D_3131198,0,0.00019705552,0
LA_D_3136629,0,9.205944e-05,0
LA_D_3149236,0,8.757988e-05,0
LA_D_3159355,0,8.039883e-05,0
LA_D_3170107,0,2.9025145e-05,0
LA_D_3175077,0,0.00019005546,0
LA_D_3176307,0,0.0019219653,0
LA_D_3187837,0,0.00031417605,0
LA_D_3207787,0,0.00014360329,0
LA_D_3221437,0,0.00018919336,0
LA_D_3225878,0,8.564374e-05,0
LA_D_3251751,0,8.60795e-05,0
LA_D_3308419,0,0.00021340579,0
LA_D_3329107,0,2.1483636e-05,0
LA_D_3354392,0,8.230472e-05,0
LA_D_3355540,0,0.00027318537,0
LA_D_3370467,0,0.00021384718,0
LA_D_3393959,0,6.9077294e-05,0
LA_D_3394845,0,0.00093939377,0
LA_D_3416807,0,9.8108576e-05,0
LA_D_3424616,0,6.447166e-05,0
LA_D_3456944,0,0.0001064978,0
LA_D_3611600,0,0.00013089631,0
LA_D_3618116,0,0.0007654054,0
LA_D_3713066,0,0.00044418153,0
LA_D_3756417,0,0.049159557,0
LA_D_3758829,0,0.0001829136,0
LA_D_3770294,0,0.00021343712,0
LA_D_3818267,0,0.0010761408,0
LA_D_3881866,0,0.0001245532,0
LA_D_3883334,0,0.00043135876,0
LA_D_3887933,0,0.00011674599,0
LA_D_3890266,0,0.003952044,0
LA_D_3906117,0,0.00019127093,0
LA_D_3965135,0,0.00016735535,0
LA_D_3978913,0,8.4243424e-05,0
LA_D_3985223,0,0.00023234564,0
LA_D_3993703,0,7.175406e-05,0
LA_D_3993966,0,0.00012810282,0
LA_D_4031301,0,0.0001669287,0
LA_D_4046660,0,0.0002105136,0
LA_D_4053616,0,0.00037057608,0
LA_D_4065907,0,0.0001342983,0
LA_D_4084971,0,0.00021966668,0
LA_D_4104923,0,8.43341e-05,0
LA_D_4180411,0,0.00023490435,0
LA_D_4197144,0,0.000862093,0
LA_D_4197573,0,0.00022934745,0
LA_D_4206865,0,0.0007337414,0
LA_D_4225547,0,0.00017113595,0
LA_D_4229898,0,0.00016862832,0
LA_D_4272224,0,0.00014559813,0
LA_D_4275765,0,0.0002211128,0
LA_D_4287537,0,0.0004109118,0
LA_D_4298024,0,0.00014002701,0
LA_D_4377800,0,0.00011836103,0
LA_D_4387960,0,0.0025117456,0
LA_D_4391297,0,0.0006316208,0
LA_D_4400351,0,0.0002026329,0
LA_D_4455922,0,0.00020488574,0
LA_D_4493978,0,8.794108e-05,0
LA_D_4496613,0,0.00058785244,0
LA_D_4498755,0,0.0005979346,0
LA_D_4531926,0,0.00033757286,0
LA_D_4539895,0,0.0018602413,0
LA_D_4589577,0,0.0039456,0
LA_D_4589909,0,0.00029595033,0
LA_D_4622213,0,5.3692074e-05,0
LA_D_4763816,0,0.00011976475,0
LA_D_4776188,0,0.000104380815,0
LA_D_4780389,0,0.00024097785,0
LA_D_4784803,0,2.561884e-05,0
LA_D_4809153,0,0.00030167005,0
LA_D_4811809,0,0.00029807977,0
LA_D_4815971,0,0.001775612,0
LA_D_4826746,0,0.00015551441,0
LA_D_4879669,0,0.0002683477,0
LA_D_4884678,0,0.00029318075,0
LA_D_4900320,0,9.326414e-05,0
LA_D_4919400,0,0.00019186566,0
LA_D_4996117,0,0.00039294688,0
LA_D_5013977,0,0.00013139239,0
LA_D_5041678,0,9.184234e-05,0
LA_D_5074718,0,2.9863199e-05,0
LA_D_5144218,0,0.0003752323,0
LA_D_5158773,0,6.6326844e-05,0
LA_D_5159304,0,6.863735e-05,0
LA_D_5160239,0,0.00016716508,0
LA_D_5161378,0,0.00013594778,0
LA_D_5165861,0,0.00010736348,0
LA_D_5166859,0,5.340458e-05,0
LA_D_5184408,0,7.997033e-05,0
LA_D_5208164,0,0.00010647363,0
LA_D_5212344,0,0.00010498514,0
LA_D_5253678,0,0.0005720298,0
LA_D_5279728,0,2.1047972e-05,0
LA_D_5295121,0,0.00016877116,0
LA_D_5322522,0,7.5914104e-05,0
LA_D_5359488,0,0.00010144443,0
LA_D_5366271,0,0.00016789637,0
LA_D_5385731,0,0.00015028197,0
LA_D_5396598,0,0.0001963788,0
LA_D_5446340,0,0.00035158455,0
LA_D_5501803,0,0.00076443556,0
LA_D_5510967,0,0.000329586,0
LA_D_5513816,0,0.00037555725,0
LA_D_5597846,0,0.00018785743,0
LA_D_5617675,0,7.7841636e-05,0
LA_D_5634358,0,7.088693e-05,0
LA_D_5688863,0,0.00012469437,0
LA_D_5705098,0,3.163069e-05,0
LA_D_5712139,0,0.00025231586,0
LA_D_5723178,0,7.490663e-05,0
LA_D_5739495,0,4.237916e-05,0
LA_D_5749584,0,0.0005207371,0
LA_D_5778263,0,0.0009206767,0
LA_D_5791213,0,0.00025196729,0
LA_D_5849819,0,6.013487e-05,0
LA_D_5886733,0,3.2602344e-05,0
LA_D_5896975,0,0.00023953698,0
LA_D_5906042,0,0.00015541137,0
LA_D_5957884,0,0.000582622,0
LA_D_5997013,0,6.8212306e-05,0
LA_D_6016551,0,0.000932951,0
LA_D_6020551,0,6.3434476e-05,0
LA_D_6029806,0,0.00025501588,0
LA_D_6038911,0,0.00023562573,0
LA_D_6057039,0,0.00011806637,0
LA_D_6068442,0,0.0002469603,0
LA_D_6073404,0,0.00031684985,0
LA_D_6094200,0,0.00041574298,0
LA_D_6117485,0,0.00059748284,0
LA_D_6128274,0,0.0006041019,0
LA_D_6136829,0,0.00011494587,0
LA_D_6153665,0,4.387138e-05,0
LA_D_6177274,0,5.5511788e-05,0
LA_D_6182738,0,0.00014355264,0
LA_D_6236487,0,0.00027321585,0
LA_D_6249240,0,9.483375e-05,0
LA_D_6259209,0,0.0003845523,0
LA_D_6272525,0,0.00028939915,0
LA_D_6291620,0,0.00040026693,0
LA_D_6311384,0,0.00018550234,0
LA_D_6370899,0,0.00033302847,0
LA_D_6375876,0,0.00011917758,0
LA_D_6429416,0,8.885136e-05,0
LA_D_6434298,0,0.00034157446,0
LA_D_6453451,0,0.00051181717,0
LA_D_6457159,0,0.00010450183,0
LA_D_6461979,0,6.8130656e-05,0
LA_D_6468082,0,8.817712e-05,0
LA_D_6486693,0,0.00027323278,0
LA_D_6490911,0,0.00014730093,0
LA_D_6503952,0,0.00017583492,0
LA_D_6530033,0,0.00038056474,0
LA_D_6547184,0,0.00015048042,0
LA_D_6592286,0,0.0025493333,0
LA_D_6625336,0,0.000254426,0
LA_D_6636629,0,0.00015971885,0
LA_D_6654649,0,0.000784429,0
LA_D_6663970,0,3.0270985e-05,0
LA_D_6686979,0,0.00019143696,0
LA_D_6688900,0,0.0005435977,0
LA_D_6691656,0,0.0006210376,0
LA_D_6720664,0,0.0006864533,0
LA_D_6724389,0,0.00012233826,0
LA_D_6729397,0,4.2676267e-05,0
LA_D_6732739,0,0.00012544489,0
LA_D_6739958,0,0.00046573734,0
LA_D_6802709,0,0.00016140509,0
LA_D_6872574,0,0.00031139952,0
LA_D_6882049,0,0.00031752602,0
LA_D_6882216,0,0.00024048552,0
LA_D_6890535,0,0.00021450942,0
LA_D_6933737,0,0.00033123913,0
LA_D_6935848,0,0.019766714,0
LA_D_6938425,0,5.2604148e-05,0
LA_D_6939048,0,0.00014679336,0
LA_D_6941679,0,0.000119511475,0
LA_D_6981951,0,4.3215143e-05,0
LA_D_6988016,0,0.0005175829,0
LA_D_6988970,0,0.00024292115,0
LA_D_7011716,0,5.849881e-05,0
LA_D_7020241,0,0.00014148431,0
LA_D_7036425,0,0.00021039642,0
LA_D_7038278,0,0.00032193953,0
LA_D_7044565,0,0.00044347963,0
LA_D_7129246,0,0.00010548457,0
LA_D_7131053,0,0.0007819277,0
LA_D_7131714,0,0.00033534726,0
LA_D_7148082,0,0.0025550567,0
LA_D_7168632,0,0.00013499793,0
LA_D_7177218,0,7.0881106e-05,0
LA_D_7197412,0,0.0002774489,0
LA_D_7200498,0,0.00021821543,0
LA_D_7247592,0,5.6572222e-05,0
LA_D_7258776,0,8.325792e-05,0
LA_D_7275397,0,0.00036469314,0
LA_D_7279989,0,0.00028296703,0
LA_D_7280401,0,0.00011524581,0
LA_D_7281372,0,0.00015519932,0
LA_D_7289456,0,8.88822e-05,0
LA_D_7306042,0,0.00029813236,0
LA_D_7339792,0,1.7467508e-05,0
LA_D_7343889,0,9.7608216e-05,0
LA_D_7371794,0,0.00022165551,0
LA_D_7388866,0,0.00015815729,0
LA_D_7393671,0,0.00035683726,0
LA_D_7415107,0,6.2932995e-05,0
LA_D_7417496,0,0.00031164306,0
LA_D_7419263,0,0.00032001777,0
LA_D_7421330,0,0.00011908965,0
LA_D_7422030,0,0.0001827288,0
LA_D_7443140,0,0.00082759355,0
LA_D_7445272,0,0.00011076338,0
LA_D_7484326,0,4.4781405e-05,0
LA_D_7521512,0,0.00021699918,0
LA_D_7537476,0,0.000106501044,0
LA_D_7544543,0,8.431656e-05,0
LA_D_7593562,0,0.00011792123,0
LA_D_7688637,0,0.00035996514,0
LA_D_7725830,0,0.00012733653,0
LA_D_7730920,0,0.0002307521,0
LA_D_7748480,0,0.00018854182,0
LA_D_7792433,0,0.0009264846,0
LA_D_7830811,0,0.00023672146,0
LA_D_7874809,0,9.2923074e-05,0
LA_D_7888567,0,0.0002673663,0
LA_D_7919496,0,0.015174405,0
LA_D_7957185,0,0.00011674477,0
LA_D_7959946,0,9.769985e-05,0
LA_D_7999055,0,0.0002699899,0
LA_D_8024735,0,7.5070246e-05,0
LA_D_8024758,0,5.955448e-05,0
LA_D_8069958,0,0.00012393892,0
LA_D_8081714,0,0.00011532683,0
LA_D_8111410,0,0.00057684566,0
LA_D_8120776,0,0.000283908,0
LA_D_8124666,0,0.00013126002,0
LA_D_8139288,0,0.00024276623,0
LA_D_8150491,0,0.000112901536,0
LA_D_8152472,0,5.8865015e-05,0
LA_D_8161997,0,0.014839886,0
LA_D_8200654,0,0.00039771176,0
LA_D_8213352,0,0.00024430128,0
LA_D_8326614,0,0.00046676013,0
LA_D_8336163,0,9.757843e-05,0
LA_D_8352307,0,0.00015433718,0
LA_D_8385680,0,0.0018314185,0
LA_D_8414843,0,0.00022090861,0
LA_D_8416552,0,0.0003019932,0
LA_D_8421891,0,0.00012452103,0
LA_D_8422737,0,5.1666397e-05,0
LA_D_8435340,0,0.0001917724,0
LA_D_8438234,0,5.7606805e-05,0
LA_D_8449330,0,0.00027163874,0
LA_D_8454268,0,0.00015176117,0
LA_D_8471869,0,0.000113676644,0
LA_D_8486404,0,8.344136e-05,0
LA_D_8493432,0,0.000115144205,0
LA_D_8505683,0,0.00024727744,0
LA_D_8544457,0,0.00011333819,0
LA_D_8557735,0,0.00039255474,0
LA_D_8573242,0,0.00017891858,0
LA_D_8573550,0,0.00020921657,0
LA_D_8590450,0,0.00018744607,0
LA_D_8626728,0,0.00021058829,0
LA_D_8629305,0,0.00043007123,0
LA_D_8655144,0,0.00022278372,0
LA_D_8676735,0,0.00020282445,0
LA_D_8677982,0,0.00042771501,0
LA_D_8711459,0,0.0006883564,0
LA_D_8724117,0,7.863666e-05,0
LA_D_8745012,0,0.00016776293,0
LA_D_8752888,0,0.00016628277,0
LA_D_8754373,0,6.11494e-05,0
LA_D_8768194,0,0.00016137828,0
LA_D_8769496,0,0.007259959,0
LA_D_8797946,0,0.0001328842,0
LA_D_8814160,0,9.986097e-05,0
LA_D_8846179,0,0.000117418764,0
LA_D_8850397,0,9.697428e-05,0
LA_D_8872966,0,0.000121154124,0
LA_D_8892386,0,0.00016918039,0
LA_D_8943748,0,0.00054841134,0
LA_D_8969774,0,9.237232e-05,0
LA_D_9010755,0,0.00011572959,0
LA_D_9039359,0,0.00015061867,0
LA_D_9101923,0,0.00024617228,0
LA_D_9107422,0,0.00026998884,0
LA_D_9177165,0,0.0002414125,0
LA_D_9187242,0,0.00011251731,0
LA_D_9211248,0,9.148562e-05,0
LA_D_9260195,0,0.0041782167,0
LA_D_9281612,0,0.0002500761,0
LA_D_9307829,0,0.00019347551,0
LA_D_9355857,0,0.00015927036,0
LA_D_9371188,0,0.000100735706,0
LA_D_9371232,0,5.2117703e-05,0
LA_D_9386898,0,0.00022505876,0
LA_D_9393261,0,0.00031214528,0
LA_D_9397905,0,5.313341e-05,0
LA_D_9412336,0,0.00011299621,0
LA_D_9455008,0,7.9244295e-05,0
LA_D_9477430,0,0.0002651911,0
LA_D_9515444,0,5.0721468e-05,0
LA_D_9547911,0,0.00013331191,0
LA_D_9553230,0,0.00011750794,0
LA_D_9565989,0,6.423312e-05,0
LA_D_9661221,0,0.00015652618,0
LA_D_9703394,0,9.5340605e-05,0
LA_D_9740737,0,0.00020281615,0
LA_D_9798493,0,9.069682e-05,0
LA_D_9801845,0,0.00024531616,0
LA_D_9825350,0,0.000123589,0
LA_D_9832675,0,0.00024115438,0
LA_D_9846021,0,6.447959e-05,0
LA_D_9851912,0,0.00018363673,0
LA_D_9866624,0,5.365635e-05,0
LA_D_9882641,0,2.714111e-05,0
LA_D_9884269,0,5.6953842e-05,0
LA_D_9932869,0,0.00019901588,0
LA_D_9945660,0,8.07857e-05,0
LA_D_9956149,0,0.00079827267,0
LA_D_9958486,0,0.0007253917,0
LA_D_9965392,0,2.9359377e-05,0
LA_D_9995609,0,0.00035008616,0
LA_D_1004678,0,2.4628307e-05,0
LA_D_1011190,0,0.00021200295,0
LA_D_1014671,0,8.1366954e-05,0
LA_D_1056780,0,0.00045151974,0
LA_D_1105502,0,9.6884905e-05,0
LA_D_1106685,0,0.002574714,0
LA_D_1118728,0,9.810737e-06,0
LA_D_1152867,0,0.00012296233,0
LA_D_1156748,0,0.028109178,0
LA_D_1207441,0,9.933813e-05,0
LA_D_1207924,0,9.0096604e-05,0
LA_D_1234846,0,0.0005784056,0
LA_D_1301926,0,0.0014184917,0
LA_D_1319176,0,7.821248e-05,0
LA_D_1383506,0,0.0002693235,0
LA_D_1411177,0,1.4352359e-05,0
LA_D_1416047,0,0.00014763433,0
LA_D_1425460,0,0.00031044678,0
LA_D_1482414,0,0.00046795432,0
LA_D_1518970,0,0.00045695665,0
LA_D_1554528,0,0.0003653148,0
LA_D_1604308,0,2.5091735e-05,0
LA_D_1605983,0,0.00020186615,0
LA_D_1667983,0,3.0763567e-05,0
LA_D_1681557,0,0.00012929246,0
LA_D_1690641,0,8.511657e-05,0
LA_D_1717208,0,9.986363e-05,0
LA_D_1718297,0,3.286647e-05,0
LA_D_1728539,0,9.4586554e-05,0
LA_D_1736170,0,0.00017664842,0
LA_D_1764449,0,4.4467437e-05,0
LA_D_1769296,0,0.0007678754,0
LA_D_1803448,0,0.000106367384,0
LA_D_1894626,0,7.045091e-05,0
LA_D_1901394,0,2.948986e-05,0
LA_D_1922501,0,8.97151e-05,0
LA_D_1932129,0,0.00016517218,0
LA_D_1940772,0,0.00011621785,0
LA_D_2012886,0,0.00011972831,0
LA_D_2039361,0,0.00016804982,0
LA_D_2041530,0,4.1327636e-05,0
LA_D_2055853,0,0.000108263455,0
LA_D_2088042,0,0.00014423222,0
LA_D_2102445,0,0.00010620653,0
LA_D_2109741,0,0.0013407947,0
LA_D_2121128,0,0.00016067523,0
LA_D_2177394,0,0.00023216206,0
LA_D_2218486,0,2.4729345e-05,0
LA_D_2219851,0,5.3303633e-05,0
LA_D_2220548,0,0.00012478573,0
LA_D_2256901,0,0.00046363505,0
LA_D_2266995,0,4.7614216e-05,0
LA_D_2304090,0,0.00013157468,0
LA_D_2323632,0,0.00039812448,0
LA_D_2333697,0,0.0001693644,0
LA_D_2349350,0,0.0011251839,0
LA_D_2359886,0,4.596076e-05,0
LA_D_2369254,0,0.0028427124,0
LA_D_2422407,0,0.00026544204,0
LA_D_2439087,0,0.0044661425,0
LA_D_2480205,0,0.00036260078,0
LA_D_2483630,0,4.340372e-05,0
LA_D_2523389,0,1.6872476e-05,0
LA_D_2526078,0,0.00034582854,0
LA_D_2631213,0,0.00015924318,0
LA_D_2631374,0,0.00017657485,0
LA_D_2636006,0,0.00063598144,0
LA_D_2659549,0,0.0009584106,0
LA_D_2663010,0,0.0007699552,0
LA_D_2692089,0,0.0002454584,0
LA_D_2718826,0,0.42648888,0
LA_D_2739527,0,4.3737127e-05,0
LA_D_2775660,0,9.73693e-05,0
LA_D_2789615,0,0.00018526583,0
LA_D_2792636,0,7.661415e-05,0
LA_D_2847063,0,4.2200747e-05,0
LA_D_2872375,0,0.00019515931,0
LA_D_2912164,0,0.0016595543,0
LA_D_3018508,0,8.753271e-06,0
LA_D_3053810,0,0.0016113266,0
LA_D_3072931,0,0.00021958249,0
LA_D_3105367,0,4.950128e-05,0
LA_D_3111530,0,0.00017030704,0
LA_D_3150766,0,0.00015348422,0
LA_D_3152935,0,8.888271e-05,0
LA_D_3165811,0,5.1830928e-05,0
LA_D_3179444,0,0.00022805962,0
LA_D_3190273,0,0.00010673926,0
LA_D_3200479,0,4.7384565e-05,0
LA_D_3252875,0,0.00019581152,0
LA_D_3324013,0,0.00047277892,0
LA_D_3361173,0,7.3710944e-05,0
LA_D_3408645,0,0.00051077886,0
LA_D_3427528,0,0.00032946697,0
LA_D_3488221,0,0.00012559546,0
LA_D_3504387,0,0.000386488,0
LA_D_3574339,0,5.5116918e-05,0
LA_D_3593296,0,3.711889e-05,0
LA_D_3595774,0,0.00017078726,0
LA_D_3597570,0,0.00037130454,0
LA_D_3706722,0,0.00059638143,0
LA_D_3756928,0,0.00036207848,0
LA_D_3810637,0,0.00024195354,0
LA_D_3889704,0,5.8009784e-05,0
LA_D_3923572,0,0.0027578874,0
LA_D_3979451,0,0.00010769191,0
LA_D_4049151,0,0.0003547193,0
LA_D_4070821,0,6.9593014e-05,0
LA_D_4175580,0,0.00027353436,0
LA_D_4192869,0,8.245139e-05,0
LA_D_4232324,0,7.833459e-05,0
LA_D_4248561,0,8.30618e-06,0
LA_D_4269380,0,0.0024373818,0
LA_D_4273910,0,7.937998e-05,0
LA_D_4294810,0,3.3247186e-05,0
LA_D_4308789,0,0.00022152366,0
LA_D_4371236,0,0.0002529397,0
LA_D_4422044,0,0.0002793973,0
LA_D_4470112,0,0.00011044634,0
LA_D_4545230,0,0.0001852644,0
LA_D_4574130,0,3.4271103e-05,0
LA_D_4611216,0,0.00012766784,0
LA_D_4648091,0,3.7119884e-05,0
LA_D_4663964,0,0.00043807228,0
LA_D_4675984,0,6.277541e-05,0
LA_D_4710338,0,9.2361304e-05,0
LA_D_4844408,0,0.00018042169,0
LA_D_4914857,0,2.8218246e-05,0
LA_D_4947867,0,0.00022035219,0
LA_D_4976077,0,6.369002e-05,0
LA_D_5064217,0,8.003212e-05,0
LA_D_5156414,0,0.000642623,0
LA_D_5161376,0,0.00021598194,0
LA_D_5166740,0,0.0014188788,0
LA_D_5209470,0,7.960838e-05,0
LA_D_5219547,0,0.00053070806,0
LA_D_5239597,0,0.0007862306,0
LA_D_5242716,0,7.80499e-05,0
LA_D_5251886,0,0.0001501111,0
LA_D_5292440,0,0.00014227386,0
LA_D_5324750,0,0.0004662606,0
LA_D_5350853,0,6.040269e-05,0
LA_D_5392659,0,0.00052714744,0
LA_D_5393733,0,0.00034029028,0
LA_D_5439291,0,9.431572e-05,0
LA_D_5524022,0,0.0001396173,0
LA_D_5589474,0,7.4078885e-06,0
LA_D_5631993,0,0.0001070079,0
LA_D_5644097,0,3.5216e-05,0
LA_D_5695457,0,2.2669628e-05,0
LA_D_5764382,0,0.00013086299,0
LA_D_5783375,0,6.412516e-05,0
LA_D_5817000,0,0.0007245471,0
LA_D_5828086,0,7.303032e-05,0
LA_D_5856334,0,0.00027411603,0
LA_D_5857300,0,0.00044819576,0
LA_D_5992094,0,0.0001495455,0
LA_D_6153225,0,0.00030524444,0
LA_D_6164661,0,0.00012183302,0
LA_D_6203032,0,0.00022144086,0
LA_D_6216205,0,8.7746404e-05,0
LA_D_6273791,0,0.00014738833,0
LA_D_6273909,0,3.3284145e-05,0
LA_D_6332547,0,7.690672e-05,0
LA_D_6430849,0,0.00028855252,0
LA_D_6460397,0,0.00016681541,0
LA_D_6478892,0,0.00014796566,0
LA_D_6496687,0,8.433828e-05,0
LA_D_6496692,0,0.001885612,0
LA_D_6511794,0,9.254839e-05,0
LA_D_6512613,0,3.3475357e-05,0
LA_D_6532842,0,3.1104053e-05,0
LA_D_6599468,0,0.00030531717,0
LA_D_6615388,0,5.956033e-05,0
LA_D_6635393,0,0.000117112824,0
LA_D_6639608,0,6.924719e-05,0
LA_D_6649438,0,0.00029049715,0
LA_D_6681423,0,0.0022636792,0
LA_D_6684400,0,5.9613114e-05,0
LA_D_6689440,0,6.595194e-05,0
LA_D_6693764,0,0.0010855937,0
LA_D_6731807,0,0.00048188897,0
LA_D_6740073,0,0.0017305311,0
LA_D_6789595,0,0.00026285433,0
LA_D_6801556,0,5.6141103e-05,0
LA_D_6847296,0,0.000110116336,0
LA_D_6887115,0,4.894303e-05,0
LA_D_6892015,0,9.500581e-05,0
LA_D_6899016,0,0.00036191818,0
LA_D_6903910,0,0.000118976495,0
LA_D_6916273,0,0.00047642438,0
LA_D_6917691,0,0.0003543693,0
LA_D_6938612,0,0.00011879873,0
LA_D_6952998,0,0.005850277,0
LA_D_6958661,0,6.0206938e-05,0
LA_D_6989421,0,0.0004633068,0
LA_D_6990995,0,8.736159e-05,0
LA_D_7005694,0,0.00019421722,0
LA_D_7015639,0,0.00043041696,0
LA_D_7040854,0,5.1322462e-05,0
LA_D_7066069,0,0.00018855423,0
LA_D_7101526,0,0.0006073505,0
LA_D_7104296,0,0.0006691119,0
LA_D_7149543,0,0.00010363894,0
LA_D_7164855,0,0.00051757356,0
LA_D_7169514,0,7.091052e-05,0
LA_D_7193153,0,7.100803e-05,0
LA_D_7249788,0,0.00083250535,0
LA_D_7292718,0,8.217729e-05,0
LA_D_7349144,0,0.00018055282,0
LA_D_7363730,0,0.000111950205,0
LA_D_7387761,0,0.0001691067,0
LA_D_7455203,0,6.6971494e-05,0
LA_D_7484699,0,0.00012228053,0
LA_D_7556575,0,0.0001539747,0
LA_D_7557748,0,0.00024385702,0
LA_D_7562670,0,0.0008800535,0
LA_D_7578994,0,0.0030122201,0
LA_D_7597684,0,2.7414275e-05,0
LA_D_7616084,0,0.00010900651,0
LA_D_7623847,0,0.00014502797,0
LA_D_7742207,0,8.4504594e-05,0
LA_D_7764878,0,5.904019e-05,0
LA_D_7793499,0,4.7137582e-05,0
LA_D_7794484,0,0.00020319474,0
LA_D_7815461,0,0.00036337887,0
LA_D_7839449,0,9.1555e-05,0
LA_D_7898389,0,1.9476269e-05,0
LA_D_7938579,0,0.000103373044,0
LA_D_8045509,0,0.000105086205,0
LA_D_8060997,0,0.00017635863,0
LA_D_8111862,0,0.00034997537,0
LA_D_8140953,0,7.976013e-05,0
LA_D_8149275,0,6.424366e-05,0
LA_D_8184815,0,0.00040991313,0
LA_D_8235279,0,0.00011909898,0
LA_D_8259132,0,1.7924396e-05,0
LA_D_8301864,0,4.1796393e-05,0
LA_D_8310109,0,0.00015921798,0
LA_D_8312505,0,0.00054463383,0
LA_D_8313341,0,9.3659226e-05,0
LA_D_8336809,0,0.00012415182,0
LA_D_8363354,0,0.0009014244,0
LA_D_8370436,0,3.8563383e-05,0
LA_D_8404777,0,2.9864535e-05,0
LA_D_8409734,0,0.00015441151,0
LA_D_8419000,0,9.0077614e-05,0
LA_D_8507364,0,0.00010537428,0
LA_D_8510876,0,0.00027791725,0
LA_D_8519685,0,0.020204794,0
LA_D_8524584,0,0.00035007246,0
LA_D_8540960,0,0.00045800192,0
LA_D_8547114,0,0.00018293453,0
LA_D_8583389,0,0.0039248867,0
LA_D_8584942,0,2.8992197e-05,0
LA_D_8609682,0,0.0002795023,0
LA_D_8609922,0,9.979738e-05,0
LA_D_8637167,0,7.713507e-05,0
LA_D_8660957,0,9.1727336e-05,0
LA_D_8705560,0,0.0013989967,0
LA_D_8720499,0,0.00012543915,0
LA_D_8769243,0,0.00014996676,0
LA_D_8796007,0,3.5411522e-06,0
LA_D_8880560,0,0.00024038306,0
LA_D_8933858,0,6.431979e-05,0
LA_D_8964930,0,6.56867e-05,0
LA_D_8980113,0,6.553828e-05,0
LA_D_8981643,0,8.99849e-05,0
LA_D_8981934,0,0.07377259,0
LA_D_8986439,0,9.633675e-05,0
LA_D_9001165,0,0.00011194712,0
LA_D_9038026,0,0.0001391374,0
LA_D_9078449,0,3.743992e-05,0
LA_D_9109600,0,7.161461e-05,0
LA_D_9111623,0,0.0006773772,0
LA_D_9117237,0,0.00034943077,0
LA_D_9124462,0,0.00020601899,0
LA_D_9137639,0,7.056756e-05,0
LA_D_9147682,0,0.00012847042,0
LA_D_9186626,0,0.00015495444,0
LA_D_9201402,0,0.00020381353,0
LA_D_9243048,0,0.00025790976,0
LA_D_9272270,0,0.00012867847,0
LA_D_9282770,0,0.40302378,0
LA_D_9308342,0,5.588599e-05,0
LA_D_9315565,0,8.92423e-05,0
LA_D_9317094,0,0.00030210838,0
LA_D_9324727,0,6.70196e-05,0
LA_D_9329043,0,0.00015744557,0
LA_D_9444904,0,0.00011747678,0
LA_D_9499686,0,9.343719e-05,0
LA_D_9510384,0,0.19637065,0
LA_D_9550483,0,4.725334e-05,0
LA_D_9573862,0,8.2737606e-05,0
LA_D_9651635,0,0.0004988083,0
LA_D_9678692,0,7.910251e-05,0
LA_D_9747996,0,0.0001591251,0
LA_D_9781660,0,2.2128012e-05,0
LA_D_9783835,0,4.0134284e-05,0
LA_D_9847755,0,0.00031023787,0
LA_D_9871206,0,6.6106215e-05,0
LA_D_9879515,0,7.4221614e-05,0
LA_D_9880460,0,3.0278088e-05,0
LA_D_9924384,0,6.6857974e-05,0
LA_D_9948420,0,8.795534e-05,0
LA_D_9948672,0,5.2628326e-05,0
LA_D_9973073,0,0.00031439238,0
LA_D_9974010,0,9.5503485e-05,0
LA_D_1118794,0,0.00016758162,0
LA_D_1131563,0,0.0001469844,0
LA_D_1167437,0,0.0003129358,0
LA_D_1203854,0,4.365379e-05,0
LA_D_1208604,0,7.580711e-05,0
LA_D_1211631,0,3.6084453e-05,0
LA_D_1212670,0,2.8451386e-05,0
LA_D_1232279,0,0.00021460721,0
LA_D_1235148,0,7.356517e-05,0
LA_D_1287658,0,7.4801705e-05,0
LA_D_1351703,0,7.5212694e-05,0
LA_D_1396790,0,3.118103e-05,0
LA_D_1454984,0,0.0002546403,0
LA_D_1467819,0,1.5338448e-05,0
LA_D_1478351,0,0.0046093296,0
LA_D_1512979,0,4.583278e-05,0
LA_D_1527493,0,6.410999e-05,0
LA_D_1539250,0,0.00038491335,0
LA_D_1557737,0,0.00028121192,0
LA_D_1623705,0,1.0753962e-05,0
LA_D_1637491,0,1.631017e-05,0
LA_D_1639348,0,0.00056866615,0
LA_D_1702942,0,3.2628534e-05,0
LA_D_1713212,0,0.00015402316,0
LA_D_1788098,0,7.439764e-05,0
LA_D_1798881,0,5.0673316e-05,0
LA_D_1823585,0,2.8941367e-05,0
LA_D_1874557,0,1.6459877e-05,0
LA_D_1904999,0,1.3647735e-05,0
LA_D_1909993,0,6.486899e-05,0
LA_D_1957667,0,4.815671e-05,0
LA_D_1975835,0,6.9331036e-05,0
LA_D_2002669,0,4.221926e-05,0
LA_D_2007901,0,8.612351e-05,0
LA_D_2010593,0,0.00013979328,0
LA_D_2020535,0,2.3043947e-05,0
LA_D_2097045,0,8.425885e-05,0
LA_D_2136896,0,8.6604465e-05,0
LA_D_2152100,0,5.968575e-05,0
LA_D_2205300,0,0.00017178287,0
LA_D_2254857,0,9.132046e-05,0
LA_D_2278407,0,0.0005305442,0
LA_D_2298020,0,7.4498304e-05,0
LA_D_2298155,0,8.240266e-05,0
LA_D_2392484,0,1.0919572e-05,0
LA_D_2408504,0,0.00010064545,0
LA_D_2409304,0,5.7155805e-05,0
LA_D_2412446,0,7.406925e-05,0
LA_D_2462449,0,6.300036e-05,0
LA_D_2504438,0,0.00013319451,0
LA_D_2546184,0,2.4310903e-05,0
LA_D_2563154,0,3.2669446e-05,0
LA_D_2576822,0,0.000115726834,0
LA_D_2601154,0,0.00023396556,0
LA_D_2630786,0,3.379332e-05,0
LA_D_2658832,0,3.75061e-05,0
LA_D_2710906,0,3.0280165e-05,0
LA_D_2720782,0,7.851512e-05,0
LA_D_2761640,0,0.0001544937,0
LA_D_2763276,0,7.602842e-05,0
LA_D_2824952,0,3.318298e-05,0
LA_D_2844602,0,0.0046485527,0
LA_D_2915405,0,0.00049236463,0
LA_D_2956552,0,9.155605e-05,0
LA_D_2985329,0,4.6272868e-05,0
LA_D_3051998,0,6.833367e-05,0
LA_D_3068570,0,3.2800024e-05,0
LA_D_3090097,0,0.0004678299,0
LA_D_3094853,0,0.0002488488,0
LA_D_3136384,0,0.0007259605,0
LA_D_3162441,0,2.6895306e-05,0
LA_D_3179260,0,0.00039045681,0
LA_D_3199741,0,6.7475165e-05,0
LA_D_3260640,0,3.4822995e-05,0
LA_D_3266553,0,4.047085e-05,0
LA_D_3341294,0,0.00010837563,0
LA_D_3357328,0,9.9079014e-05,0
LA_D_3402273,0,3.171542e-05,0
LA_D_3484658,0,9.006027e-05,0
LA_D_3551244,0,0.00012794998,0
LA_D_3630490,0,9.729059e-05,0
LA_D_3662303,0,5.036446e-05,0
LA_D_3671184,0,0.00017221486,0
LA_D_3681485,0,3.2791708e-05,0
LA_D_3778535,0,1.2360775e-05,0
LA_D_3795570,0,0.0002749439,0
LA_D_3867494,0,0.00020764934,0
LA_D_3970121,0,4.3099662e-05,0
LA_D_4045695,0,8.182096e-05,0
LA_D_4058547,0,6.2696004e-06,0
LA_D_4062752,0,0.00035672588,0
LA_D_4075366,0,2.0533073e-05,0
LA_D_4089906,0,1.3690361e-05,0
LA_D_4091974,0,0.0015061342,0
LA_D_4128580,0,2.8462244e-05,0
LA_D_4140612,0,8.5091975e-05,0
LA_D_4158867,0,0.00026113878,0
LA_D_4164660,0,2.664616e-05,0
LA_D_4189888,0,3.484276e-05,0
LA_D_4200118,0,0.0027435056,0
LA_D_4203887,0,1.1278049e-05,0
LA_D_4260004,0,6.654211e-05,0
LA_D_4265472,0,0.00018585556,0
LA_D_4279179,0,2.5448391e-05,0
LA_D_4311841,0,0.0004563927,0
LA_D_4347397,0,8.215896e-05,0
LA_D_4385188,0,2.9855168e-05,0
LA_D_4399466,0,3.4225348e-05,0
LA_D_4427641,0,5.0796207e-05,0
LA_D_4448977,0,0.00011120342,0
LA_D_4450404,0,0.0006872467,0
LA_D_4460089,0,7.4451294e-05,0
LA_D_4481672,0,6.761191e-05,0
LA_D_4533373,0,6.2699255e-05,0
LA_D_4538385,0,6.6283465e-05,0
LA_D_4654776,0,6.137724e-05,0
LA_D_4674363,0,9.723681e-05,0
LA_D_4702125,0,5.522187e-05,0
LA_D_4720755,0,7.393616e-05,0
LA_D_4788201,0,0.0005816649,0
LA_D_4816070,0,0.00025235725,0
LA_D_4825555,0,1.298425e-05,0
LA_D_4869707,0,7.0939e-05,0
LA_D_4919707,0,5.769741e-05,0
LA_D_4920544,0,2.081286e-05,0
LA_D_4921369,0,5.0514773e-05,0
LA_D_4929561,0,2.7539396e-05,0
LA_D_4947156,0,1.213287e-05,0
LA_D_4960326,0,0.0044794916,0
LA_D_5034203,0,0.00039711053,0
LA_D_5050513,0,4.1258056e-05,0
LA_D_5063604,0,0.00093325466,0
LA_D_5167363,0,6.1911065e-05,0
LA_D_5196563,0,5.7098663e-05,0
LA_D_5276746,0,0.00030838832,0
LA_D_5285039,0,0.00030342693,0
LA_D_5294929,0,0.00011209784,0
LA_D_5301172,0,0.000112085116,0
LA_D_5304792,0,3.539525e-05,0
LA_D_5314825,0,0.00076496525,0
LA_D_5332565,0,2.72891e-05,0
LA_D_5343352,0,3.5898152e-05,0
LA_D_5407463,0,9.108433e-05,0
LA_D_5445370,0,0.00014761239,0
LA_D_5454408,0,4.193113e-05,0
LA_D_5519117,0,7.279795e-05,0
LA_D_5597072,0,0.00064847583,0
LA_D_5605656,0,2.340886e-05,0
LA_D_5613224,0,0.00010490738,0
LA_D_5614406,0,4.6967394e-05,0
LA_D_5631357,0,0.00023796289,0
LA_D_5637928,0,9.55895e-05,0
LA_D_5656124,0,0.00047175234,0
LA_D_5695559,0,4.9438673e-05,0
LA_D_5721193,0,4.903965e-05,0
LA_D_5800550,0,0.0002486311,0
LA_D_5840187,0,8.564606e-06,0
LA_D_5866255,0,9.219047e-06,0
LA_D_5891155,0,0.0003823032,0
LA_D_5913608,0,1.2941477e-05,0
LA_D_5926059,0,1.4283612e-05,0
LA_D_5997151,0,0.0008481801,0
LA_D_6049791,0,0.00030409274,0
LA_D_6060780,0,0.00013191826,0
LA_D_6097465,0,5.646497e-05,0
LA_D_6146856,0,0.00010950326,0
LA_D_6176750,0,9.278928e-05,0
LA_D_6188881,0,6.6550485e-05,0
LA_D_6196078,0,0.0006455471,0
LA_D_6293245,0,0.0001248837,0
LA_D_6320996,0,9.584781e-05,0
LA_D_6328554,0,0.00012907811,0
LA_D_6368871,0,3.8161474e-05,0
LA_D_6434711,0,3.916261e-05,0
LA_D_6445884,0,5.1025163e-05,0
LA_D_6509120,0,9.2254355e-05,0
LA_D_6551202,0,0.00016442359,0
LA_D_6563482,0,8.568688e-05,0
LA_D_6568047,0,9.1106835e-05,0
LA_D_6587165,0,4.058196e-05,0
LA_D_6591249,0,5.8082187e-05,0
LA_D_6593008,0,0.00021037416,0
LA_D_6616471,0,1.4251228e-05,0
LA_D_6621246,0,6.018139e-05,0
LA_D_6688232,0,1.0443498e-05,0
LA_D_6740610,0,4.321168e-05,0
LA_D_6742117,0,0.00043403739,0
LA_D_6743141,0,4.5014796e-05,0
LA_D_6744596,0,0.0001301282,0
LA_D_6781568,0,0.00012737345,0
LA_D_6785127,0,0.00011704517,0
LA_D_6806656,0,0.00025597715,0
LA_D_6832377,0,4.0433777e-05,0
LA_D_6837499,0,1.8411996e-05,0
LA_D_6914532,0,1.8869892e-05,0
LA_D_6928296,0,0.00021054209,0
LA_D_6942448,0,0.00026593244,0
LA_D_6966164,0,0.0001686177,0
LA_D_7051341,0,3.2106305e-05,0
LA_D_7057633,0,0.00018290993,0
LA_D_7091662,0,1.84357e-05,0
LA_D_7092291,0,0.00023884507,0
LA_D_7119606,0,2.9482915e-05,0
LA_D_7130454,0,0.00020909769,0
LA_D_7139438,0,1.3511395e-05,0
LA_D_7141763,0,2.7931374e-05,0
LA_D_7151621,0,1.0338388e-05,0
LA_D_7170607,0,1.6655678e-05,0
LA_D_7219660,0,4.1421896e-05,0
LA_D_7263401,0,5.2344785e-05,0
LA_D_7273712,0,0.000102922546,0
LA_D_7373443,0,3.1220097e-05,0
LA_D_7390522,0,9.1299386e-05,0
LA_D_7445146,0,0.00011776783,0
LA_D_7456275,0,9.427095e-05,0
LA_D_7472227,0,1.0969493e-05,0
LA_D_7520496,0,5.460448e-05,0
LA_D_7522278,0,8.797505e-05,0
LA_D_7551589,0,0.00032138295,0
LA_D_7552379,0,0.00076120906,0
LA_D_7555845,0,1.9197741e-05,0
LA_D_7559932,0,2.2854418e-05,0
LA_D_7601827,0,6.370181e-05,0
LA_D_7621816,0,1.7800165e-05,0
LA_D_7644378,0,0.0001804074,0
LA_D_7670870,0,0.00024720057,0
LA_D_7675126,0,0.00011253845,0
LA_D_7690918,0,3.273703e-05,0
LA_D_7712763,0,0.0008131183,0
LA_D_7742306,0,8.011267e-05,0
LA_D_7748254,0,6.0194474e-05,0
LA_D_7752556,0,7.6963515e-05,0
LA_D_7766576,0,6.7797395e-05,0
LA_D_7773434,0,0.00015168708,0
LA_D_7812846,0,9.385664e-05,0
LA_D_7815618,0,6.3404535e-05,0
LA_D_7870469,0,1.9552157e-05,0
LA_D_7907871,0,6.6043955e-05,0
LA_D_7922506,0,0.0007383209,0
LA_D_7925481,0,3.5295143e-05,0
LA_D_7952081,0,8.2652754e-05,0
LA_D_7971494,0,0.0001461488,0
LA_D_7972252,0,0.018129367,0
LA_D_7977077,0,3.2252105e-05,0
LA_D_7984768,0,0.00016180663,0
LA_D_7996201,0,3.744599e-05,0
LA_D_8008375,0,0.00021693132,0
LA_D_8019379,0,3.7015147e-05,0
LA_D_8121898,0,3.7197064e-05,0
LA_D_8156558,0,0.00032100352,0
LA_D_8198807,0,0.0007665306,0
LA_D_8222801,0,0.00010242598,0
LA_D_8279014,0,0.000127543,0
LA_D_8297660,0,0.00022925805,0
LA_D_8315403,0,7.281086e-05,0
LA_D_8321387,0,2.2788889e-05,0
LA_D_8328368,0,0.00012630403,0
LA_D_8388061,0,4.726677e-05,0
LA_D_8391101,0,5.6731433e-06,0
LA_D_8417277,0,0.00015538292,0
LA_D_8442443,0,4.842953e-05,0
LA_D_8457237,0,5.4769902e-05,0
LA_D_8461185,0,3.8898754e-05,0
LA_D_8486455,0,3.134698e-05,0
LA_D_8519635,0,0.0002092042,0
LA_D_8540397,0,6.510548e-05,0
LA_D_8604643,0,5.942536e-05,0
LA_D_8638660,0,6.3157066e-05,0
LA_D_8653522,0,9.619291e-05,0
LA_D_8701190,0,4.951917e-05,0
LA_D_8711337,0,2.0466407e-05,0
LA_D_8759658,0,0.00013084801,0
LA_D_8783109,0,0.00039930939,0
LA_D_8816902,0,0.00011049026,0
LA_D_8844443,0,5.201959e-05,0
LA_D_8871469,0,4.86388e-06,0
LA_D_8906850,0,7.661773e-05,0
LA_D_8934450,0,0.0014746329,0
LA_D_8940296,0,0.00013114842,0
LA_D_8960097,0,0.0010149445,0
LA_D_8975798,0,4.8366674e-05,0
LA_D_8983296,0,5.406612e-05,0
LA_D_9012249,0,0.0003825298,0
LA_D_9149364,0,5.452248e-05,0
LA_D_9209406,0,3.2771448e-05,0
LA_D_9217605,0,0.0010344633,0
LA_D_9246417,0,2.634897e-05,0
LA_D_9274099,0,5.8511418e-05,0
LA_D_9275415,0,0.00054082624,0
LA_D_9297011,0,0.00018215094,0
LA_D_9305138,0,0.00013434312,0
LA_D_9335232,0,2.9461753e-05,0
LA_D_9406480,0,1.2995561e-05,0
LA_D_9462251,0,5.3745356e-05,0
LA_D_9468171,0,2.3687453e-05,0
LA_D_9469645,0,6.097082e-05,0
LA_D_9473113,0,5.787717e-05,0
LA_D_9551852,0,0.00025689107,0
LA_D_9560177,0,0.000311171,0
LA_D_9600169,0,4.3814354e-05,0
LA_D_9698818,0,8.069854e-05,0
LA_D_9732268,0,0.0001592699,0
LA_D_9777627,0,2.2370383e-05,0
LA_D_9795514,0,3.0696665e-05,0
LA_D_9819790,0,1.2752534e-05,0
LA_D_9900338,0,6.154234e-05,0
LA_D_9950933,0,0.00010714982,0
LA_D_9987872,0,8.177423e-05,0
LA_D_1053530,0,0.00011092245,0
LA_D_1054239,0,6.4147054e-05,0
LA_D_1060354,0,8.737643e-05,0
LA_D_1064949,0,3.2821772e-05,0
LA_D_1066396,0,6.8301284e-05,0
LA_D_1152601,0,6.664365e-05,0
LA_D_1181336,0,3.6231275e-05,0
LA_D_1183162,0,6.856833e-05,0
LA_D_1190139,0,0.00013380298,0
LA_D_1216436,0,8.424599e-05,0
LA_D_1287631,0,9.677964e-05,0
LA_D_1290431,0,1.9990139e-05,0
LA_D_1302934,0,5.2270014e-05,0
LA_D_1304734,0,3.931933e-05,0
LA_D_1354501,0,7.0144415e-05,0
LA_D_1414919,0,6.855375e-05,0
LA_D_1433873,0,1.7405086e-05,0
LA_D_1434551,0,2.0584555e-05,0
LA_D_1442792,0,4.687293e-05,0
LA_D_1475296,0,9.156956e-06,0
LA_D_1481205,0,2.1737618e-05,0
LA_D_1499350,0,3.8742633e-05,0
LA_D_1511574,0,6.0586754e-06,0
LA_D_1520617,0,7.5685544e-05,0
LA_D_1677598,0,5.4889013e-05,0
LA_D_1678096,0,1.7239134e-05,0
LA_D_1683892,0,5.4989916e-05,0
LA_D_1684010,0,6.787904e-05,0
LA_D_1702527,0,4.8120906e-05,0
LA_D_1703167,0,2.8421424e-05,0
LA_D_1746170,0,7.888992e-05,0
LA_D_1778772,0,4.5954134e-06,0
LA_D_1783942,0,5.041804e-05,0
LA_D_1841439,0,7.057651e-05,0
LA_D_1842165,0,3.760136e-05,0
LA_D_1850987,0,2.0135147e-05,0
LA_D_1866244,0,1.861324e-05,0
LA_D_1870030,0,4.5038756e-05,0
LA_D_1870684,0,2.9847652e-05,0
LA_D_1874896,0,3.6382025e-05,0
LA_D_1889615,0,7.0014634e-05,0
LA_D_1922892,0,1.2680753e-05,0
LA_D_1930356,0,8.188113e-05,0
LA_D_1945994,0,4.9467533e-05,0
LA_D_1994320,0,6.550279e-05,0
LA_D_2051517,0,2.2546578e-06,0
LA_D_2058787,0,2.2469376e-05,0
LA_D_2062974,0,9.016545e-05,0
LA_D_2073559,0,1.4603504e-05,0
LA_D_2124468,0,3.9191524e-05,0
LA_D_2176634,0,9.341822e-05,0
LA_D_2211657,0,7.0779046e-05,0
LA_D_2236885,0,4.899477e-05,0
LA_D_2243169,0,6.654376e-05,0
LA_D_2254543,0,2.1216345e-05,0
LA_D_2289906,0,1.0513047e-05,0
LA_D_2327560,0,4.5156765e-05,0
LA_D_2340770,0,3.853908e-05,0
LA_D_2342254,0,5.7618014e-05,0
LA_D_2352948,0,3.058005e-05,0
LA_D_2382959,0,4.08915e-06,0
LA_D_2396760,0,7.7837474e-05,0
LA_D_2412575,0,7.796376e-05,0
LA_D_2442523,0,8.493973e-05,0
LA_D_2447524,0,9.5159405e-05,0
LA_D_2448121,0,3.1825788e-05,0
LA_D_2465807,0,0.00011553212,0
LA_D_2471375,0,0.00010244844,0
LA_D_2471995,0,9.768956e-06,0
LA_D_2507973,0,1.7335247e-05,0
LA_D_2508763,0,3.6012123e-05,0
LA_D_2515908,0,8.715691e-05,0
LA_D_2537525,0,6.872341e-05,0
LA_D_2541811,0,8.896033e-06,0
LA_D_2590744,0,4.8683007e-05,0
LA_D_2592823,0,2.005445e-05,0
LA_D_2613646,0,7.010162e-05,0
LA_D_2625096,0,2.4895311e-05,0
LA_D_2628079,0,4.3373893e-05,0
LA_D_2643003,0,5.864089e-06,0
LA_D_2661411,0,5.3675998e-05,0
LA_D_2690518,0,0.00016252999,0
LA_D_2743059,0,0.000103743936,0
LA_D_2761966,0,0.00013707987,0
LA_D_2769521,0,2.8683717e-05,0
LA_D_2776056,0,5.508838e-05,0
LA_D_2783850,0,4.3868746e-05,0
LA_D_2786535,0,7.5116935e-05,0
LA_D_2809588,0,2.0374178e-05,0
LA_D_2812689,0,2.166287e-05,0
LA_D_2832394,0,8.762875e-05,0
LA_D_2874107,0,2.9919926e-05,0
LA_D_2907952,0,2.0361282e-05,0
LA_D_2933402,0,2.3038916e-05,0
LA_D_2943221,0,3.0651056e-05,0
LA_D_2963867,0,3.2041156e-05,0
LA_D_2964992,0,1.9921818e-05,0
LA_D_3050700,0,3.4203127e-05,0
LA_D_3059648,0,6.2947285e-05,0
LA_D_3106011,0,2.8835688e-05,0
LA_D_3109309,0,8.2308425e-06,0
LA_D_3138080,0,3.0962055e-05,0
LA_D_3152954,0,2.0628771e-05,0
LA_D_3163751,0,8.862812e-05,0
LA_D_3165659,0,1.1638934e-05,0
LA_D_3174960,0,4.9981834e-05,0
LA_D_3198699,0,2.5861438e-05,0
LA_D_3225529,0,3.2830507e-05,0
LA_D_3244699,0,0.00016343026,0
LA_D_3251211,0,0.00011599564,0
LA_D_3295441,0,2.543958e-05,0
LA_D_3307287,0,3.702796e-05,0
LA_D_3355874,0,5.3063435e-05,0
LA_D_3375546,0,3.8328976e-06,0
LA_D_3379000,0,2.290893e-05,0
LA_D_3411825,0,1.4008519e-05,0
LA_D_3417657,0,7.888759e-05,0
LA_D_3501342,0,3.3338085e-05,0
LA_D_3508441,0,7.03775e-06,0
LA_D_3545477,0,1.5358546e-05,0
LA_D_3545859,0,2.4919396e-05,0
LA_D_3555810,0,1.6745375e-05,0
LA_D_3573085,0,4.3881173e-05,0
LA_D_3578253,0,3.3908564e-05,0
LA_D_3589383,0,0.00020591351,0
LA_D_3613644,0,8.433064e-06,0
LA_D_3664298,0,3.339673e-05,0
LA_D_3671795,0,3.721342e-05,0
LA_D_3674440,0,3.258099e-05,0
LA_D_3688837,0,2.5068677e-05,0
LA_D_3709912,0,6.7162015e-05,0
LA_D_3712672,0,7.6932614e-05,0
LA_D_3732490,0,2.5753516e-05,0
LA_D_3759608,0,1.1521991e-05,0
LA_D_3782739,0,8.958968e-05,0
LA_D_3789724,0,4.7427698e-06,0
LA_D_3790568,0,4.4381897e-05,0
LA_D_3828014,0,9.523103e-05,0
LA_D_3868258,0,3.876488e-05,0
LA_D_3896851,0,7.909135e-05,0
LA_D_3903402,0,5.6574492e-05,0
LA_D_3931288,0,2.8702869e-05,0
LA_D_3937097,0,5.445311e-05,0
LA_D_3958057,0,3.3803986e-05,0
LA_D_3969914,0,4.680629e-05,0
LA_D_3970673,0,5.495962e-05,0
LA_D_4005134,0,3.7217003e-05,0
LA_D_4011113,0,5.3750173e-05,0
LA_D_4020788,0,5.2307507e-05,0
LA_D_4024701,0,2.7012904e-05,0
LA_D_4064599,0,6.052948e-05,0
LA_D_4083446,0,0.0002022187,0
LA_D_4099396,0,5.3798478e-05,0
LA_D_4108558,0,2.4559844e-05,0
LA_D_4157946,0,3.5120345e-05,0
LA_D_4158625,0,8.398489e-06,0
LA_D_4174255,0,7.3484034e-06,0
LA_D_4232791,0,1.44304395e-05,0
LA_D_4256903,0,3.1969186e-05,0
LA_D_4261339,0,2.8498913e-05,0
LA_D_4319137,0,5.9153288e-05,0
LA_D_4339384,0,4.2981614e-05,0
LA_D_4363125,0,1.8531979e-05,0
LA_D_4412539,0,4.0907722e-05,0
LA_D_4416737,0,3.8702896e-05,0
LA_D_4429476,0,1.4184111e-05,0
LA_D_4434827,0,5.726765e-05,0
LA_D_4437561,0,7.0282194e-06,0
LA_D_4438405,0,5.7263886e-05,0
LA_D_4475454,0,3.689455e-05,0
LA_D_4484594,0,1.2818463e-05,0
LA_D_4540896,0,5.649912e-05,0
LA_D_4583096,0,7.454393e-05,0
LA_D_4593675,0,4.4302655e-05,0
LA_D_4603798,0,4.1805797e-05,0
LA_D_4665366,0,4.5441655e-05,0
LA_D_4715249,0,0.0001310938,0
LA_D_4721344,0,5.647847e-06,0
LA_D_4757865,0,0.000107674765,0
LA_D_4768822,0,2.6785294e-05,0
LA_D_4774710,0,2.8485762e-05,0
LA_D_4786059,0,6.174509e-05,0
LA_D_4789511,0,0.000107652384,0
LA_D_4804270,0,3.019228e-05,0
LA_D_4838177,0,4.2333355e-05,0
LA_D_4868564,0,1.1854947e-05,0
LA_D_4891582,0,5.2213814e-05,0
LA_D_4912137,0,5.478244e-05,0
LA_D_4928308,0,8.617122e-06,0
LA_D_4933001,0,0.00011694555,0
LA_D_4947818,0,2.3491111e-05,0
LA_D_4985773,0,5.3489697e-05,0
LA_D_4986753,0,4.6593505e-05,0
LA_D_4999216,0,0.00014558369,0
LA_D_5028641,0,6.148697e-05,0
LA_D_5040114,0,3.709727e-05,0
LA_D_5051597,0,3.145184e-05,0
LA_D_5051913,0,0.0002563166,0
LA_D_5067087,0,2.6224609e-05,0
LA_D_5077584,0,0.000120033765,0
LA_D_5133384,0,1.7212536e-05,0
LA_D_5167234,0,6.165642e-05,0
LA_D_5189187,0,0.00010508369,0
LA_D_5322570,0,0.00017282186,0
LA_D_5341323,0,2.84134e-05,0
LA_D_5345453,0,1.7852935e-05,0
LA_D_5419620,0,8.589493e-05,0
LA_D_5442437,0,1.739352e-05,0
LA_D_5458288,0,3.560844e-05,0
LA_D_5476324,0,0.0001008927,0
LA_D_5493977,0,0.00011072874,0
LA_D_5510010,0,3.9311403e-06,0
LA_D_5512449,0,9.084598e-06,0
LA_D_5519425,0,5.6155768e-05,0
LA_D_5592740,0,5.57777e-05,0
LA_D_5609165,0,1.7657469e-05,0
LA_D_5646610,0,3.121611e-05,0
LA_D_5742661,0,4.699458e-05,0
LA_D_5800896,0,1.0443776e-05,0
LA_D_5803007,0,2.8587567e-05,0
LA_D_5805679,0,1.16417095e-05,0
LA_D_5834907,0,5.0712475e-05,0
LA_D_5849476,0,4.2713964e-06,0
LA_D_5850460,0,2.6258342e-05,0
LA_D_5863016,0,1.5416994e-05,0
LA_D_5876621,0,0.000115735114,0
LA_D_5889397,0,2.3145632e-05,0
LA_D_5915454,0,1.9159406e-05,0
LA_D_5917934,0,4.206707e-06,0
LA_D_5958463,0,8.979632e-05,0
LA_D_6052126,0,5.355819e-06,0
LA_D_6078362,0,0.00012800953,0
LA_D_6088761,0,1.6305301e-05,0
LA_D_6095686,0,8.863016e-05,0
LA_D_6166673,0,3.743706e-05,0
LA_D_6171374,0,3.931603e-05,0
LA_D_6181747,0,9.6431235e-05,0
LA_D_6188980,0,1.6613987e-05,0
LA_D_6203299,0,1.5879168e-05,0
LA_D_6215452,0,2.6128648e-05,0
LA_D_6222475,0,1.8770856e-05,0
LA_D_6235468,0,3.0399255e-05,0
LA_D_6244693,0,2.7350714e-05,0
LA_D_6293152,0,4.35304e-05,0
LA_D_6293545,0,2.9720632e-05,0
LA_D_6332738,0,7.878242e-05,0
LA_D_6343657,0,7.2953353e-06,0
LA_D_6350034,0,2.5959758e-05,0
LA_D_6363274,0,5.420644e-05,0
LA_D_6369227,0,4.371515e-05,0
LA_D_6379069,0,3.0650477e-05,0
LA_D_6401566,0,7.021422e-05,0
LA_D_6405087,0,1.0290985e-05,0
LA_D_6439502,0,2.5009505e-05,0
LA_D_6446521,0,2.0579453e-05,0
LA_D_6486723,0,0.00012385171,0
LA_D_6489536,0,3.3169184e-05,0
LA_D_6497583,0,0.00012098546,0
LA_D_6542740,0,5.0748627e-06,0
LA_D_6575341,0,5.5303557e-05,0
LA_D_6575610,0,7.198393e-05,0
LA_D_6576940,0,4.7061185e-05,0
LA_D_6577591,0,2.9435914e-05,0
LA_D_6609902,0,5.3352556e-05,0
LA_D_6624176,0,6.5830463e-06,0
LA_D_6648419,0,5.7616857e-05,0
LA_D_6653711,0,2.3039662e-05,0
LA_D_6666840,0,9.236985e-05,0
LA_D_6726447,0,7.464694e-05,0
LA_D_6754774,0,1.4621857e-05,0
LA_D_6762250,0,2.8727463e-05,0
LA_D_6762877,0,5.8121877e-06,0
LA_D_6789571,0,1.2908615e-05,0
LA_D_6806823,0,4.885061e-05,0
LA_D_6825223,0,8.535846e-06,0
LA_D_6844450,0,2.0142925e-05,0
LA_D_6852390,0,6.7183732e-06,0
LA_D_6858810,0,1.3080308e-05,0
LA_D_6898133,0,4.1777104e-05,0
LA_D_6898383,0,3.8311195e-05,0
LA_D_6935294,0,1.6896483e-05,0
LA_D_6945696,0,5.151831e-05,0
LA_D_6951006,0,3.7295955e-05,0
LA_D_7035543,0,5.5579752e-05,0
LA_D_7049162,0,1.1977645e-05,0
LA_D_7053354,0,2.5003757e-05,0
LA_D_7091196,0,1.3398198e-05,0
LA_D_7094041,0,2.7888576e-05,0
LA_D_7205018,0,9.3634575e-05,0
LA_D_7211753,0,5.8742997e-05,0
LA_D_7212590,0,0.00020963908,0
LA_D_7248069,0,2.8523464e-05,0
LA_D_7254050,0,5.5537206e-05,0
LA_D_7281159,0,0.00045379892,0
LA_D_7283308,0,2.457805e-05,0
LA_D_7298541,0,1.7189326e-05,0
LA_D_7300764,0,3.4604047e-05,0
LA_D_7318854,0,0.00010369745,0
LA_D_7326976,0,0.00029440367,0
LA_D_7331566,0,4.04504e-05,0
LA_D_7339440,0,4.745067e-05,0
LA_D_7373710,0,0.00013779398,0
LA_D_7399269,0,1.2506932e-05,0
LA_D_7421536,0,5.5371365e-05,0
LA_D_7428865,0,0.00016909008,0
LA_D_7451358,0,3.64896e-05,0
LA_D_7516190,0,5.1719937e-05,0
LA_D_7529258,0,1.1792289e-05,0
LA_D_7541122,0,4.6429217e-05,0
LA_D_7585893,0,3.1226024e-05,0
LA_D_7605675,0,9.751169e-06,0
LA_D_7647923,0,0.00010894365,0
LA_D_7684667,0,4.7734193e-05,0
LA_D_7738912,0,2.6747693e-05,0
LA_D_7757173,0,4.121397e-05,0
LA_D_7771073,0,4.778352e-05,0
LA_D_7800026,0,2.4369536e-05,0
LA_D_7828929,0,1.3027774e-05,0
LA_D_7836755,0,0.00012824581,0
LA_D_7906477,0,5.279129e-05,0
LA_D_7912198,0,3.2851804e-05,0
LA_D_7990767,0,3.4481473e-05,0
LA_D_7995508,0,3.4962854e-05,0
LA_D_8002591,0,5.832407e-05,0
LA_D_8025687,0,9.2533475e-05,0
LA_D_8027836,0,3.0402154e-05,0
LA_D_8048204,0,1.7345863e-05,0
LA_D_8073022,0,4.8375157e-05,0
LA_D_8077226,0,6.707497e-05,0
LA_D_8097725,0,0.00014461465,0
LA_D_8106755,0,2.6654241e-05,0
LA_D_8116371,0,4.309843e-05,0
LA_D_8123213,0,7.936166e-05,0
LA_D_8165556,0,3.5168607e-05,0
LA_D_8184153,0,2.5846766e-05,0
LA_D_8213309,0,0.0001180916,0
LA_D_8214776,0,3.556734e-05,0
LA_D_8221856,0,5.413133e-05,0
LA_D_8243419,0,5.7611087e-05,0
LA_D_8262652,0,0.000104944906,0
LA_D_8346348,0,0.00020691373,0
LA_D_8364730,0,3.928807e-05,0
LA_D_8412543,0,9.170529e-05,0
LA_D_8424157,0,1.6572718e-05,0
LA_D_8467523,0,2.162089e-05,0
LA_D_8472714,0,8.809274e-05,0
LA_D_8481340,0,4.4955552e-05,0
LA_D_8504805,0,6.292142e-05,0
LA_D_8514801,0,7.081274e-05,0
LA_D_8542121,0,1.7559367e-05,0
LA_D_8543293,0,6.203902e-05,0
LA_D_8586128,0,3.858453e-05,0
LA_D_8614773,0,0.00017208273,0
LA_D_8617115,0,7.437388e-05,0
LA_D_8629908,0,2.1002636e-05,0
LA_D_8656237,0,1.7480188e-05,0
LA_D_8667202,0,9.8696066e-05,0
LA_D_8667308,0,6.890933e-05,0
LA_D_8689583,0,3.48146e-05,0
LA_D_8718165,0,2.4046753e-05,0
LA_D_8719230,0,6.983806e-05,0
LA_D_8737709,0,3.7144869e-06,0
LA_D_8758724,0,3.1506028e-05,0
LA_D_8791449,0,5.842754e-06,0
LA_D_8874300,0,6.761377e-05,0
LA_D_8916939,0,6.8747664e-05,0
LA_D_8930518,0,1.10191495e-05,0
LA_D_8974858,0,0.00010943123,0
LA_D_8979245,0,1.2888848e-05,0
LA_D_8992743,0,3.5746238e-05,0
LA_D_9008937,0,3.1901545e-05,0
LA_D_9067610,0,4.392593e-05,0
LA_D_9095874,0,2.6291616e-05,0
LA_D_9122016,0,3.065758e-05,0
LA_D_9131105,0,5.1796633e-05,0
LA_D_9140619,0,1.13216165e-05,0
LA_D_9144289,0,3.593912e-05,0
LA_D_9146864,0,4.5573805e-05,0
LA_D_9147825,0,3.4647368e-05,0
LA_D_9151278,0,2.8843446e-05,0
LA_D_9163803,0,3.248116e-05,0
LA_D_9178334,0,3.2450913e-05,0
LA_D_9206035,0,1.8291868e-05,0
LA_D_9254481,0,3.056524e-05,0
LA_D_9298303,0,5.353328e-05,0
LA_D_9361389,0,5.6599103e-05,0
LA_D_9363937,0,5.63785e-05,0
LA_D_9376184,0,2.1559657e-05,0
LA_D_9378704,0,1.3517671e-05,0
LA_D_9424845,0,2.7615952e-05,0
LA_D_9429971,0,1.4733613e-05,0
LA_D_9456525,0,2.3032173e-06,0
LA_D_9457668,0,4.4904005e-05,0
LA_D_9502718,0,1.6157552e-05,0
LA_D_9560631,0,3.431519e-05,0
LA_D_9563138,0,1.2465337e-05,0
LA_D_9568708,0,5.554134e-05,0
LA_D_9596640,0,1.9673245e-05,0
LA_D_9643751,0,2.9659392e-05,0
LA_D_9646445,0,2.5481806e-05,0
LA_D_9652293,0,2.5638368e-05,0
LA_D_9657295,0,5.5758286e-05,0
LA_D_9662796,0,8.869542e-05,0
LA_D_9663907,0,7.427217e-05,0
LA_D_9670204,0,5.866763e-06,0
LA_D_9701877,0,5.6822613e-05,0
LA_D_9708825,0,1.6990201e-05,0
LA_D_9718892,0,5.7922556e-05,0
LA_D_9774959,0,8.506472e-05,0
LA_D_9813759,0,1.1444774e-05,0
LA_D_9910047,0,4.976301e-05,0
LA_D_9929271,0,3.6113975e-06,0
LA_D_9937573,0,1.3787054e-05,0
LA_D_9967058,0,3.9140077e-06,0
LA_D_1035911,0,6.232763e-05,0
LA_D_1092890,0,8.244494e-05,0
LA_D_1099657,0,0.00012807765,0
LA_D_1123562,0,6.714229e-05,0
LA_D_1210958,0,7.1803894e-05,0
LA_D_1242157,0,0.00012878244,0
LA_D_1252608,0,0.00010212344,0
LA_D_1371588,0,0.00024793443,0
LA_D_1459300,0,6.50688e-05,0
LA_D_1504502,0,5.9509628e-05,0
LA_D_1538546,0,0.0001601741,0
LA_D_1555842,0,8.351332e-05,0
LA_D_1581342,0,4.149848e-05,0
LA_D_1596779,0,2.2102302e-05,0
LA_D_1601789,0,0.00013715087,0
LA_D_1611108,0,0.00012938397,0
LA_D_1638692,0,3.5372675e-05,0
LA_D_1778690,0,3.9900162e-05,0
LA_D_1783574,0,4.368281e-05,0
LA_D_1799143,0,0.0010943454,0
LA_D_1813906,0,0.00017056755,0
LA_D_1838534,0,0.00012561043,0
LA_D_1858381,0,9.001743e-05,0
LA_D_1966794,0,7.7632365e-05,0
LA_D_1971987,0,0.00016924074,0
LA_D_1985278,0,2.2405335e-05,0
LA_D_2002767,0,3.528232e-05,0
LA_D_2026077,0,4.986695e-05,0
LA_D_2047498,0,0.00012214303,0
LA_D_2059452,0,0.00019737521,0
LA_D_2097600,0,4.1333704e-05,0
LA_D_2106652,0,0.00018001357,0
LA_D_2118778,0,0.000100983365,0
LA_D_2128440,0,5.6432724e-05,0
LA_D_2140164,0,6.127572e-05,0
LA_D_2140638,0,6.022067e-06,0
LA_D_2145419,0,0.00019509904,0
LA_D_2159690,0,5.228133e-05,0
LA_D_2160169,0,0.0001814309,0
LA_D_2173667,0,0.00032062823,0
LA_D_2270073,0,5.737873e-05,0
LA_D_2306860,0,0.00015413834,0
LA_D_2329756,0,8.602559e-05,0
LA_D_2388211,0,2.2896194e-05,0
LA_D_2412061,0,0.00010726197,0
LA_D_2444360,0,0.00018668338,0
LA_D_2492831,0,0.000182388,0
LA_D_2532665,0,0.00010042496,0
LA_D_2541982,0,6.296895e-05,0
LA_D_2545730,0,0.00011110739,0
LA_D_2573565,0,8.69497e-05,0
LA_D_2581733,0,4.833089e-05,0
LA_D_2616799,0,0.00015647843,0
LA_D_2626312,0,2.6089534e-05,0
LA_D_2628592,0,6.579073e-06,0
LA_D_2661690,0,0.00021099809,0
LA_D_2686014,0,0.000103876,0
LA_D_2700899,0,0.00017088922,0
LA_D_2706710,0,8.9947316e-05,0
LA_D_2849994,0,0.00013210696,0
LA_D_2861324,0,0.00033295673,0
LA_D_2863900,0,9.161483e-05,0
LA_D_2874104,0,9.6905045e-05,0
LA_D_2888561,0,9.3441115e-05,0
LA_D_2893126,0,8.78865e-05,0
LA_D_2929910,0,7.708227e-05,0
LA_D_3003454,0,0.00043933818,0
LA_D_3014451,0,7.975929e-05,0
LA_D_3078486,0,3.7602294e-05,0
LA_D_3112339,0,5.4446926e-05,0
LA_D_3124216,0,0.00012496328,0
LA_D_3150054,0,3.6615646e-05,0
LA_D_3151652,0,8.816006e-05,0
LA_D_3176978,0,0.00012270629,0
LA_D_3179951,0,3.745438e-05,0
LA_D_3198381,0,0.00011498061,0
LA_D_3199021,0,0.00019503711,0
LA_D_3226074,0,0.00010070747,0
LA_D_3276105,0,4.8924176e-05,0
LA_D_3319403,0,0.00021029172,0
LA_D_3331849,0,0.00013044513,0
LA_D_3368030,0,0.00010811934,0
LA_D_3412324,0,8.973905e-05,0
LA_D_3425732,0,0.00014462182,0
LA_D_3495492,0,0.00023525963,0
LA_D_3548300,0,0.00022027406,0
LA_D_3574020,0,0.00014125461,0
LA_D_3589247,0,0.00016391985,0
LA_D_3610743,0,3.5146815e-05,0
LA_D_3635351,0,8.154926e-05,0
LA_D_3663843,0,6.29513e-05,0
LA_D_3668631,0,0.00010951986,0
LA_D_3707499,0,2.9670167e-05,0
LA_D_3759918,0,0.00015577931,0
LA_D_3768185,0,5.1498904e-05,0
LA_D_3794629,0,0.00038972942,0
LA_D_3807326,0,4.664414e-05,0
LA_D_3825329,0,0.00017166563,0
LA_D_3862795,0,0.0001374765,0
LA_D_3902856,0,0.0001114514,0
LA_D_3908047,0,8.512638e-05,0
LA_D_3935443,0,8.49872e-05,0
LA_D_3942708,0,3.8084945e-05,0
LA_D_3960353,0,6.4189524e-05,0
LA_D_4003135,0,8.535814e-05,0
LA_D_4027041,0,5.2514526e-05,0
LA_D_4074277,0,3.0606017e-05,0
LA_D_4091821,0,5.3761956e-05,0
LA_D_4123108,0,0.00019541573,0
LA_D_4127746,0,8.599483e-05,0
LA_D_4154332,0,9.236526e-05,0
LA_D_4164238,0,0.00011274329,0
LA_D_4171570,0,4.890673e-05,0
LA_D_4183063,0,8.660958e-05,0
LA_D_4206038,0,7.132944e-05,0
LA_D_4210738,0,0.0001552554,0
LA_D_4258858,0,4.2126438e-05,0
LA_D_4320182,0,0.000519468,0
LA_D_4372323,0,2.356165e-05,0
LA_D_4399431,0,0.0001557624,0
LA_D_4413908,0,4.9370265e-05,0
LA_D_4459406,0,3.6475827e-05,0
LA_D_4490548,0,8.397377e-05,0
LA_D_4512980,0,0.00011238113,0
LA_D_4527422,0,6.843063e-05,0
LA_D_4542234,0,0.0002382742,0
LA_D_4542657,0,0.000192523,0
LA_D_4548556,0,7.790364e-05,0
LA_D_4601520,0,7.850419e-05,0
LA_D_4610422,0,0.00019405546,0
LA_D_4668049,0,0.00011111979,0
LA_D_4700200,0,7.401608e-05,0
LA_D_4736721,0,7.807388e-05,0
LA_D_4766470,0,4.6165285e-05,0
LA_D_4773088,0,1.9604586e-05,0
LA_D_4791058,0,4.8290673e-05,0
LA_D_4802794,0,7.88387e-06,0
LA_D_4828615,0,0.000110145535,0
LA_D_4852037,0,0.0005517604,0
LA_D_4898740,0,0.00016075079,0
LA_D_4964309,0,7.085381e-05,0
LA_D_5048362,0,0.0001255794,0
LA_D_5269881,0,5.5379813e-05,0
LA_D_5384145,0,6.172202e-05,0
LA_D_5428590,0,1.8284456e-05,0
LA_D_5430038,0,0.00013103754,0
LA_D_5433599,0,0.0001414688,0
LA_D_5453267,0,8.227624e-05,0
LA_D_5455243,0,1.3096623e-05,0
LA_D_5471746,0,0.00030388465,0
LA_D_5506813,0,0.0008327381,0
LA_D_5510532,0,0.00010602227,0
LA_D_5518780,0,2.1498845e-05,0
LA_D_5546624,0,4.7327212e-05,0
LA_D_5580783,0,0.00015871656,0
LA_D_5614245,0,5.2370695e-05,0
LA_D_5623014,0,0.00023405881,0
LA_D_5685369,0,5.6348512e-05,0
LA_D_5714169,0,0.0003454262,0
LA_D_5716855,0,2.237337e-05,0
LA_D_5765948,0,8.0868485e-05,0
LA_D_5812356,0,0.000552637,0
LA_D_5875987,0,0.000119598575,0
LA_D_5901105,0,9.902536e-05,0
LA_D_5912421,0,8.1009726e-05,0
LA_D_6051475,0,0.00013413768,0
LA_D_6070172,0,2.8766335e-05,0
LA_D_6071593,0,6.535829e-05,0
LA_D_6084753,0,5.4475186e-05,0
LA_D_6143239,0,4.729806e-05,0
LA_D_6143596,0,4.4890992e-05,0
LA_D_6177458,0,2.3923007e-05,0
LA_D_6220807,0,0.0001449269,0
LA_D_6251984,0,0.00015842805,0
LA_D_6284910,0,4.7751084e-05,0
LA_D_6303671,0,6.474928e-05,0
LA_D_6317931,0,5.8883426e-05,0
LA_D_6325916,0,0.00014977183,0
LA_D_6333127,0,2.797669e-05,0
LA_D_6337308,0,4.7631973e-05,0
LA_D_6352712,0,0.00013299753,0
LA_D_6354373,0,0.0002831703,0
LA_D_6411228,0,0.0004254704,0
LA_D_6413013,0,7.362756e-05,0
LA_D_6445749,0,9.845177e-05,0
LA_D_6462905,0,0.00012417325,0
LA_D_6469029,0,3.7331432e-05,0
LA_D_6475497,0,0.00012987418,0
LA_D_6520436,0,8.439065e-05,0
LA_D_6525320,0,4.02386e-05,0
LA_D_6568052,0,2.0747662e-05,0
LA_D_6602571,0,6.8849615e-05,0
LA_D_6619464,0,4.76626e-05,0
LA_D_6623727,0,6.3729996e-05,0
LA_D_6663132,0,2.2899558e-05,0
LA_D_6666039,0,0.0006527254,0
LA_D_6672152,0,3.3370015e-05,0
LA_D_6677818,0,0.00010258236,0
LA_D_6695450,0,0.00014077297,0
LA_D_6710142,0,0.00011847971,0
LA_D_6928395,0,2.0267207e-05,0
LA_D_6954164,0,0.000111780166,0
LA_D_6956269,0,2.1537833e-05,0
LA_D_7052154,0,0.000111257934,0
LA_D_7080978,0,5.7374134e-05,0
LA_D_7090148,0,4.1685216e-05,0
LA_D_7191759,0,5.7114292e-05,0
LA_D_7289423,0,8.209582e-06,0
LA_D_7306507,0,3.2520275e-05,0
LA_D_7352908,0,0.00013089766,0
LA_D_7367873,0,1.4225157e-05,0
LA_D_7380699,0,3.660748e-05,0
LA_D_7383133,0,5.850216e-05,0
LA_D_7412100,0,0.00013906311,0
LA_D_7430270,0,0.0002503335,0
LA_D_7476328,0,0.0002284945,0
LA_D_7481545,0,0.00012256246,0
LA_D_7486320,0,0.00017261996,0
LA_D_7537886,0,0.00010453401,0
LA_D_7550680,0,0.00020568394,0
LA_D_7613584,0,8.9950416e-05,0
LA_D_7616866,0,3.5132674e-05,0
LA_D_7635942,0,9.340512e-05,0
LA_D_7661318,0,0.000398222,0
LA_D_7661904,0,2.9938534e-05,0
LA_D_7664602,0,0.00044297436,0
LA_D_7689936,0,1.7120972e-05,0
LA_D_7750113,0,0.00045552256,0
LA_D_7764747,0,2.2611546e-05,0
LA_D_7813172,0,0.0001645453,0
LA_D_7878130,0,7.804775e-05,0
LA_D_7905314,0,3.346722e-05,0
LA_D_7937424,0,7.693753e-05,0
LA_D_7979297,0,8.202783e-05,0
LA_D_8002427,0,2.9467878e-05,0
LA_D_8030349,0,0.00023886852,0
LA_D_8075963,0,0.0003760307,0
LA_D_8091175,0,0.00014433527,0
LA_D_8103595,0,6.332677e-05,0
LA_D_8116629,0,0.00015407076,0
LA_D_8127049,0,9.913288e-05,0
LA_D_8182095,0,0.00016779796,0
LA_D_8228250,0,8.676185e-05,0
LA_D_8233626,0,5.340234e-05,0
LA_D_8238983,0,0.00034251067,0
LA_D_8242715,0,8.248536e-05,0
LA_D_8250953,0,0.000109714805,0
LA_D_8328358,0,9.934381e-05,0
LA_D_8362861,0,0.00018008603,0
LA_D_8366884,0,0.00018550288,0
LA_D_8373517,0,2.1988566e-05,0
LA_D_8407555,0,8.958592e-06,0
LA_D_8491201,0,3.971979e-05,0
LA_D_8497674,0,0.00020417356,0
LA_D_8501026,0,0.0014896124,0
LA_D_8503023,0,0.0005047743,0
LA_D_8576937,0,3.9271665e-05,0
LA_D_8588899,0,5.9939008e-05,0
LA_D_8605221,0,0.0006727028,0
LA_D_8609217,0,0.00014733663,0
LA_D_8652135,0,5.0623905e-05,0
LA_D_8728622,0,0.00011746636,0
LA_D_8733004,0,0.00013674826,0
LA_D_8744543,0,0.00013884567,0
LA_D_8780884,0,8.4969695e-05,0
LA_D_8798580,0,6.785626e-05,0
LA_D_8805955,0,9.7674325e-05,0
LA_D_8863596,0,0.00092810893,0
LA_D_8880043,0,0.000114675124,0
LA_D_8922428,0,0.00012050051,0
LA_D_8991753,0,0.00076975854,0
LA_D_9039340,0,4.5356413e-05,0
LA_D_9051356,0,8.764714e-05,0
LA_D_9072602,0,9.304083e-05,0
LA_D_9109666,0,0.00029629108,0
LA_D_9112845,0,4.813637e-05,0
LA_D_9134485,0,0.00010494891,0
LA_D_9173760,0,5.4207474e-05,0
LA_D_9191160,0,0.00020851637,0
LA_D_9207502,0,8.433111e-05,0
LA_D_9219265,0,0.0001413651,0
LA_D_9264205,0,2.5667017e-05,0
LA_D_9264408,0,0.000105959705,0
LA_D_9314069,0,8.6893e-05,0
LA_D_9351540,0,9.3560324e-05,0
LA_D_9362624,0,5.5753713e-05,0
LA_D_9369162,0,2.9432236e-05,0
LA_D_9429683,0,0.00012088745,0
LA_D_9457616,0,8.677195e-05,0
LA_D_9504862,0,0.00020299123,0
LA_D_9529199,0,4.11518e-05,0
LA_D_9549420,0,6.5035856e-05,0
LA_D_9597218,0,7.270047e-05,0
LA_D_9623958,0,2.6035672e-05,0
LA_D_9649342,0,6.3076106e-05,0
LA_D_9658574,0,0.00010359704,0
LA_D_9689602,0,8.639693e-05,0
LA_D_9708909,0,1.9021409e-05,0
LA_D_9722220,0,0.000354349,0
LA_D_9728978,0,2.9692927e-05,0
LA_D_9902912,0,7.385793e-05,0
LA_D_9903321,0,0.00014223206,0
LA_D_9912829,0,0.0001545133,0
LA_D_9924653,0,0.0001291855,0
LA_D_9928428,0,0.00021803865,0
LA_D_9930304,0,0.0004901993,0
LA_D_9965502,0,1.9920906e-05,0
LA_D_9977384,0,2.8994216e-05,0
LA_D_1013783,0,0.005440872,0
LA_D_1050286,0,0.0016728999,0
LA_D_1063236,0,0.00844369,0
LA_D_1074980,0,0.016492723,0
LA_D_1075455,0,0.0029780422,0
LA_D_1136051,0,0.0012845155,0
LA_D_1138581,0,0.0031943046,0
LA_D_1141794,0,0.02596958,0
LA_D_1153840,0,0.0033690566,0
LA_D_1159197,0,0.008974493,0
LA_D_1217312,0,0.00032495186,0
LA_D_1249114,0,0.0012295137,0
LA_D_1303621,0,0.0031419846,0
LA_D_1321608,0,0.0107712215,0
LA_D_1350597,0,0.0007541606,0
LA_D_1363364,0,0.00084401167,0
LA_D_1378776,0,0.0039604376,0
LA_D_1416969,0,0.21208555,0
LA_D_1424372,0,0.50722486,1
LA_D_1433061,0,0.009534668,0
LA_D_1451466,0,0.7877556,1
LA_D_1482068,0,0.0034446258,0
LA_D_1483761,0,0.80523044,1
LA_D_1484758,0,0.00030053122,0
LA_D_1485960,0,0.010264774,0
LA_D_1566398,0,0.0040882,0
LA_D_1574269,0,0.0013149024,0
LA_D_1577587,0,0.0006158761,0
LA_D_1588604,0,0.00035811047,0
LA_D_1751728,0,0.00047317165,0
LA_D_1764443,0,0.00013366195,0
LA_D_1771272,0,0.00026538636,0
LA_D_1836354,0,0.0005509198,0
LA_D_1841254,0,0.00093744276,0
LA_D_1846916,0,0.0009424422,0
LA_D_1860158,0,0.114304006,0
LA_D_1863131,0,2.0281397e-05,0
LA_D_1889595,0,0.00035399347,0
LA_D_1897056,0,0.002236135,0
LA_D_1897326,0,0.0029650596,0
LA_D_1899250,0,0.0005358896,0
LA_D_1915163,0,0.00016370678,0
LA_D_2004905,0,0.0002526601,0
LA_D_2022501,0,0.0014186511,0
LA_D_2028337,0,0.0016600838,0
LA_D_2028395,0,0.046818998,0
LA_D_2035624,0,0.00062268553,0
LA_D_2085166,0,0.060688008,0
LA_D_2101566,0,0.036182508,0
LA_D_2111647,0,0.0070216656,0
LA_D_2111682,0,0.013114228,0
LA_D_2151951,0,0.00425965,0
LA_D_2222489,0,0.11971107,0
LA_D_2226134,0,0.0005099859,0
LA_D_2238363,0,0.0026997712,0
LA_D_2245059,0,0.0013834481,0
LA_D_2278186,0,0.0050251964,0
LA_D_2281493,0,0.013385655,0
LA_D_2295451,0,0.0006558529,0
LA_D_2322141,0,0.002915384,0
LA_D_2345402,0,0.01202017,0
LA_D_2349125,0,0.00087271095,0
LA_D_2350784,0,0.029462952,0
LA_D_2361610,0,0.044497367,0
LA_D_2397533,0,0.020558111,0
LA_D_2402189,0,0.0029132739,0
LA_D_2405339,0,0.0050002746,0
LA_D_2475221,0,0.0026997456,0
LA_D_2500876,0,0.2113048,0
LA_D_2542296,0,0.0008371003,0
LA_D_2549631,0,0.00013814775,0
LA_D_2562850,0,0.0035205116,0
LA_D_2579907,0,0.9802947,1
LA_D_2583710,0,0.012845915,0
LA_D_2696634,0,0.000884793,0
LA_D_2724805,0,0.0006092295,0
LA_D_2728628,0,0.006031721,0
LA_D_2753362,0,0.0018838358,0
LA_D_2766494,0,0.00035313208,0
LA_D_2789277,0,0.0008903892,0
LA_D_2800479,0,0.001706334,0
LA_D_2808846,0,0.035509225,0
LA_D_2824576,0,0.00032081228,0
LA_D_2854806,0,0.00034484777,0
LA_D_2888854,0,0.00075913395,0
LA_D_2890608,0,0.054820284,0
LA_D_2906326,0,0.0046786484,0
LA_D_2919741,0,0.0013737646,0
LA_D_2956834,0,0.36783922,0
LA_D_2957996,0,0.0002484046,0
LA_D_2966463,0,0.0010397444,0
LA_D_2977245,0,0.0022773545,0
LA_D_2983374,0,0.0047519766,0
LA_D_3006014,0,0.0002831001,0
LA_D_3013009,0,0.00046821113,0
LA_D_3020621,0,0.01386981,0
LA_D_3030929,0,0.00041759553,0
LA_D_3034938,0,0.003182051,0
LA_D_3039122,0,0.00057685823,0
LA_D_3057445,0,0.014763383,0
LA_D_3070334,0,0.0014442668,0
LA_D_3082988,0,0.19815238,0
LA_D_3089498,0,0.0007904646,0
LA_D_3113960,0,0.0038132095,0
LA_D_3119853,0,0.014590741,0
LA_D_3122174,0,0.0008468097,0
LA_D_3150169,0,0.0032709267,0
LA_D_3204366,0,0.0005278355,0
LA_D_3228176,0,0.22642584,0
LA_D_3246218,0,0.00043330734,0
LA_D_3257808,0,0.00063023355,0
LA_D_3301231,0,0.0014850046,0
LA_D_3307902,0,9.458142e-05,0
LA_D_3313777,0,0.021005029,0
LA_D_3335716,0,0.0562687,0
LA_D_3413905,0,0.03871043,0
LA_D_3427278,0,0.002617086,0
LA_D_3435957,0,0.00090963,0
LA_D_3443410,0,0.018053807,0
LA_D_3487340,0,0.000264721,0
LA_D_3492096,0,0.02278156,0
LA_D_3524386,0,0.007470133,0
LA_D_3539811,0,0.0023735361,0
LA_D_3544844,0,0.026565174,0
LA_D_3556561,0,0.0010378066,0
LA_D_3630229,0,0.0005830687,0
LA_D_3675685,0,0.09518439,0
LA_D_3676923,0,0.0010123907,0
LA_D_3690604,0,0.0030208803,0
LA_D_3694037,0,0.032170344,0
LA_D_3736974,0,0.0004916799,0
LA_D_3740186,0,0.002285783,0
LA_D_3750938,0,0.0003066413,0
LA_D_3763099,0,0.00053561386,0
LA_D_3768058,0,0.00029711568,0
LA_D_3779051,0,0.001279249,0
LA_D_3784534,0,0.00053526065,0
LA_D_3830921,0,0.0037060888,0
LA_D_3866941,0,0.0009806999,0
LA_D_3913882,0,0.019795224,0
LA_D_3914448,0,0.0003151201,0
LA_D_3984579,0,0.0004991783,0
LA_D_4031294,0,0.02280378,0
LA_D_4033330,0,0.0012647465,0
LA_D_4043035,0,0.5998677,1
LA_D_4067852,0,0.68764096,1
LA_D_4081483,0,0.11668012,0
LA_D_4108953,0,0.00026842524,0
LA_D_4140711,0,0.00035874758,0
LA_D_4140724,0,0.19606854,0
LA_D_4169547,0,0.00016261371,0
LA_D_4179863,0,0.0025258113,0
LA_D_4184441,0,0.013742651,0
LA_D_4236528,0,0.0010282064,0
LA_D_4256065,0,0.006724989,0
LA_D_4270306,0,0.00044767527,0
LA_D_4343772,0,0.00025304197,0
LA_D_4344989,0,0.014162988,0
LA_D_4350243,0,0.0015416906,0
LA_D_4368585,0,0.028968336,0
LA_D_4375763,0,0.0003236413,0
LA_D_4376066,0,0.004973307,0
LA_D_4384335,0,0.2167479,0
LA_D_4391860,0,0.00060987024,0
LA_D_4415743,0,0.000583717,0
LA_D_4446874,0,0.009675059,0
LA_D_4472623,0,0.0008137717,0
LA_D_4511424,0,0.00032636855,0
LA_D_4526867,0,0.005626547,0
LA_D_4541749,0,0.04770988,0
LA_D_4602617,0,0.0018424075,0
LA_D_4683194,0,0.00236098,0
LA_D_4685405,0,0.0025983995,0
LA_D_4686116,0,0.30478796,0
LA_D_4719420,0,0.13587457,0
LA_D_4720930,0,0.0037166995,0
LA_D_4721136,0,0.000387511,0
LA_D_4789758,0,0.00038455997,0
LA_D_4796345,0,0.00014540738,0
LA_D_4851657,0,0.0009415532,0
LA_D_4854280,0,0.00019555105,0
LA_D_4871022,0,0.07758981,0
LA_D_4893461,0,0.12523183,0
LA_D_4932083,0,0.0017384321,0
LA_D_4949629,0,0.0003919426,0
LA_D_4961527,0,0.0018374044,0
LA_D_4965816,0,0.00074810744,0
LA_D_4987822,0,0.00028161058,0
LA_D_5005646,0,0.00023841871,0
LA_D_5014370,0,0.0009883431,0
LA_D_5023844,0,0.0009090305,0
LA_D_5047683,0,0.0007070184,0
LA_D_5054607,0,0.00031345052,0
LA_D_5076674,0,0.0005988043,0
LA_D_5079558,0,0.000788009,0
LA_D_5100382,0,0.00037714286,0
LA_D_5149214,0,0.00081064994,0
LA_D_5155418,0,0.057689354,0
LA_D_5157129,0,0.032312855,0
LA_D_5173528,0,0.0035116286,0
LA_D_5189947,0,0.09039832,0
LA_D_5199048,0,0.00024319504,0
LA_D_5277162,0,0.0016242247,0
LA_D_5279500,0,0.032232713,0
LA_D_5282843,0,0.0020175779,0
LA_D_5306498,0,0.118508354,0
LA_D_5339390,0,0.00517009,0
LA_D_5358232,0,0.0046009733,0
LA_D_5385507,0,0.0041711116,0
LA_D_5392108,0,0.0077283783,0
LA_D_5396335,0,0.0017599176,0
LA_D_5401230,0,0.0034653875,0
LA_D_5402646,0,0.0022217203,0
LA_D_5412347,0,0.0073557463,0
LA_D_5427830,0,0.010799895,0
LA_D_5429622,0,0.000492934,0
LA_D_5453395,0,0.00017799309,0
LA_D_5465575,0,0.15236193,0
LA_D_5466886,0,0.002939011,0
LA_D_5483705,0,0.0014101241,0
LA_D_5567932,0,0.012176095,0
LA_D_5583898,0,0.009632802,0
LA_D_5597126,0,0.00048742644,0
LA_D_5624856,0,0.0035912078,0
LA_D_5633647,0,0.072082646,0
LA_D_5654371,0,0.00029106907,0
LA_D_5712604,0,0.0028565733,0
LA_D_5727251,0,0.37753826,0
LA_D_5754462,0,0.010180309,0
LA_D_5782359,0,0.00030682844,0
LA_D_5847069,0,0.005625742,0
LA_D_5874196,0,0.0010163084,0
LA_D_5893651,0,0.00033978184,0
LA_D_5903262,0,0.0036716857,0
LA_D_5905554,0,0.002369386,0
LA_D_5922375,0,0.00029573598,0
LA_D_5957373,0,0.0005019569,0
LA_D_5966088,0,0.0060803313,0
LA_D_5981705,0,0.0008788577,0
LA_D_5992495,0,0.00012915987,0
LA_D_6004323,0,0.00054629263,0
LA_D_6116293,0,0.011089576,0
LA_D_6250024,0,0.057090305,0
LA_D_6270673,0,0.0007953282,0
LA_D_6287077,0,0.00301146,0
LA_D_6338424,0,0.0016696316,0
LA_D_6338534,0,0.0009346081,0
LA_D_6343112,0,0.004169185,0
LA_D_6361258,0,0.01104334,0
LA_D_6413397,0,0.0010635604,0
LA_D_6419157,0,0.0014843019,0
LA_D_6444033,0,0.0030454162,0
LA_D_6495207,0,0.0004763086,0
LA_D_6506104,0,0.0087885,0
LA_D_6506991,0,0.00021079437,0
LA_D_6516523,0,0.00077435985,0
LA_D_6522419,0,0.0001325112,0
LA_D_6532972,0,0.0008525167,0
LA_D_6574060,0,0.00036672657,0
LA_D_6604093,0,0.6455033,1
LA_D_6644343,0,0.00070539856,0
LA_D_6676522,0,0.005059225,0
LA_D_6706248,0,0.0004937567,0
LA_D_6736452,0,0.00012442535,0
LA_D_6759403,0,0.0003250188,0
LA_D_6767768,0,0.0007686584,0
LA_D_6776653,0,0.007288163,0
LA_D_6804587,0,0.8805428,1
LA_D_6813990,0,0.0029477288,0
LA_D_6828209,0,0.00015276061,0
LA_D_6903783,0,0.0041689416,0
LA_D_6908815,0,0.00075800484,0
LA_D_6920360,0,0.0002268404,0
LA_D_6936936,0,0.0033962538,0
LA_D_6963143,0,0.023148337,0
LA_D_7023105,0,0.0007132602,0
LA_D_7038318,0,0.0060403035,0
LA_D_7063172,0,0.0004372252,0
LA_D_7076522,0,0.003190441,0
LA_D_7096314,0,0.00087140844,0
LA_D_7097009,0,0.13199706,0
LA_D_7165792,0,0.19658962,0
LA_D_7173210,0,0.0031490359,0
LA_D_7175689,0,0.01165646,0
LA_D_7189804,0,0.023247214,0
LA_D_7194931,0,0.01603676,0
LA_D_7205609,0,0.00034950723,0
LA_D_7244876,0,0.0012007189,0
LA_D_7281015,0,0.8407696,1
LA_D_7302765,0,0.0013432052,0
LA_D_7313906,0,0.021492375,0
LA_D_7343331,0,0.00065436104,0
LA_D_7346604,0,0.5761852,1
LA_D_7395983,0,0.00031201734,0
LA_D_7454687,0,0.00037747342,0
LA_D_7459319,0,0.028162345,0
LA_D_7464280,0,0.00058345613,0
LA_D_7467996,0,0.00028494225,0
LA_D_7536394,0,0.0090976665,0
LA_D_7558312,0,0.4210569,0
LA_D_7567281,0,0.0002974317,0
LA_D_7611530,0,0.00058318704,0
LA_D_7614935,0,0.0034512938,0
LA_D_7632057,0,0.00273537,0
LA_D_7764203,0,0.00058481627,0
LA_D_7775116,0,0.00047552216,0
LA_D_7803538,0,0.0022331742,0
LA_D_7810535,0,0.018785095,0
LA_D_7824549,0,0.038069785,0
LA_D_7858791,0,0.005923161,0
LA_D_7901168,0,0.0018413749,0
LA_D_7912035,0,0.0005318297,0
LA_D_7920014,0,0.004336354,0
LA_D_7996866,0,5.4489836e-05,0
LA_D_8014808,0,0.0063299653,0
LA_D_8046608,0,0.021773055,0
LA_D_8051595,0,0.0038419764,0
LA_D_8052749,0,0.008345824,0
LA_D_8094886,0,0.0004772764,0
LA_D_8106710,0,0.00038267297,0
LA_D_8108942,0,0.0030453468,0
LA_D_8137767,0,0.00064637116,0
LA_D_8171758,0,0.009424445,0
LA_D_8203772,0,0.0025123847,0
LA_D_8248087,0,0.017122578,0
LA_D_8286400,0,0.0015635571,0
LA_D_8318742,0,0.0002650996,0
LA_D_8341752,0,0.024573607,0
LA_D_8361609,0,0.008451599,0
LA_D_8375726,0,0.36172807,0
LA_D_8408532,0,0.0036774673,0
LA_D_8432686,0,0.0058270046,0
LA_D_8441935,0,0.0011648324,0
LA_D_8463046,0,0.004468318,0
LA_D_8468652,0,0.0003920235,0
LA_D_8524946,0,0.0010144114,0
LA_D_8525388,0,0.008459267,0
LA_D_8529541,0,0.101900846,0
LA_D_8534416,0,0.0077418797,0
LA_D_8545409,0,0.0003247809,0
LA_D_8550381,0,0.0072979955,0
LA_D_8563620,0,0.00079453655,0
LA_D_8568773,0,0.0019810523,0
LA_D_8569313,0,0.0012112008,0
LA_D_8638488,0,0.0091675,0
LA_D_8641456,0,0.11434033,0
LA_D_8653634,0,0.008506009,0
LA_D_8659185,0,0.0072951596,0
LA_D_8660630,0,0.0023952515,0
LA_D_8715386,0,0.0004112735,0
LA_D_8753814,0,0.0008734338,0
LA_D_8764151,0,0.002515587,0
LA_D_8764848,0,0.0002483397,0
LA_D_8830433,0,0.008394417,0
LA_D_8870926,0,0.123012386,0
LA_D_8871612,0,0.0046447613,0
LA_D_8891307,0,0.0010521169,0
LA_D_8894641,0,0.00041393796,0
LA_D_8911365,0,0.0010102348,0
LA_D_8923789,0,0.00051517214,0
LA_D_8934893,0,0.059001856,0
LA_D_8951313,0,0.00037705337,0
LA_D_8954954,0,0.00024037917,0
LA_D_8964132,0,0.0015196538,0
LA_D_8992776,0,0.005866415,0
LA_D_8992901,0,0.00024153314,0
LA_D_9040314,0,0.004725547,0
LA_D_9053193,0,0.0005395619,0
LA_D_9055271,0,0.00039161468,0
LA_D_9135528,0,0.00067650434,0
LA_D_9149883,0,0.0022717447,0
LA_D_9165269,0,0.0008944745,0
LA_D_9216190,0,0.011561358,0
LA_D_9241694,0,0.00028100822,0
LA_D_9242631,0,0.004502165,0
LA_D_9297479,0,0.001658159,0
LA_D_9314884,0,0.0017040798,0
LA_D_9320180,0,0.0035825095,0
LA_D_9321479,0,0.001939182,0
LA_D_9351920,0,0.00043323095,0
LA_D_9360287,0,0.00065822236,0
LA_D_9370304,0,0.0010575545,0
LA_D_9436692,0,0.00079593126,0
LA_D_9437172,0,0.19711275,0
LA_D_9455460,0,0.00087773456,0
LA_D_9469817,0,0.00042863828,0
LA_D_9486895,0,0.00082111894,0
LA_D_9492715,0,0.03241297,0
LA_D_9537226,0,0.00033439812,0
LA_D_9550638,0,0.6655062,1
LA_D_9552029,0,0.16715331,0
LA_D_9571982,0,0.16169497,0
LA_D_9582754,0,0.018650541,0
LA_D_9587443,0,0.017584007,0
LA_D_9625091,0,0.0018496027,0
LA_D_9634003,0,0.33852834,0
LA_D_9642534,0,0.0017729054,0
LA_D_9650472,0,0.039134435,0
LA_D_9655429,0,0.26204336,0
LA_D_9661949,0,0.074724495,0
LA_D_9674319,0,0.24789521,0
LA_D_9695420,0,0.0002073053,0
LA_D_9729864,0,0.00058905804,0
LA_D_9732908,0,0.0052818074,0
LA_D_9747140,0,0.015214441,0
LA_D_9770193,0,0.00017142306,0
LA_D_9783307,0,0.19967346,0
LA_D_9798074,0,0.0004572924,0
LA_D_9803207,0,0.009966848,0
LA_D_9890472,0,0.0003127416,0
LA_D_9893649,0,0.00052194815,0
LA_D_9902676,0,0.0011537541,0
LA_D_9960293,0,0.0010763602,0
LA_D_9979102,0,0.0017322501,0
LA_D_1056202,0,9.035402e-05,0
LA_D_1077826,0,5.400166e-05,0
LA_D_1143649,0,7.613863e-05,0
LA_D_1163845,0,0.0002693271,0
LA_D_1185056,0,0.0001981349,0
LA_D_1207487,0,0.00022001588,0
LA_D_1209127,0,0.0002499114,0
LA_D_1214613,0,3.0975465e-05,0
LA_D_1220081,0,6.9089154e-05,0
LA_D_1238000,0,0.00016330159,0
LA_D_1313161,0,9.148178e-05,0
LA_D_1314331,0,0.00027258333,0
LA_D_1317619,0,0.0001989142,0
LA_D_1335126,0,0.00034376606,0
LA_D_1385720,0,8.661842e-05,0
LA_D_1427144,0,0.010294834,0
LA_D_1435382,0,0.0003537098,0
LA_D_1442569,0,0.0002283133,0
LA_D_1450818,0,6.5681685e-05,0
LA_D_1489643,0,4.5500503e-05,0
LA_D_1507114,0,0.00043607244,0
LA_D_1522817,0,0.00014402592,0
LA_D_1538153,0,2.3687475e-05,0
LA_D_1565624,0,3.2782016e-05,0
LA_D_1601173,0,0.00070211216,0
LA_D_1608618,0,0.00020582168,0
LA_D_1627318,0,0.0003682665,0
LA_D_1638331,0,3.3916003e-05,0
LA_D_1640462,0,0.00084525463,0
LA_D_1654430,0,0.00024038673,0
LA_D_1685935,0,8.094363e-05,0
LA_D_1719910,0,0.0018896601,0
LA_D_1756196,0,0.0015559425,0
LA_D_1782822,0,0.0025933033,0
LA_D_1793582,0,0.00018297989,0
LA_D_1793717,0,0.00080563553,0
LA_D_1796893,0,0.00020087062,0
LA_D_1826419,0,9.0181784e-05,0
LA_D_1828942,0,8.449001e-05,0
LA_D_1829194,0,2.5555399e-05,0
LA_D_1863027,0,8.155299e-05,0
LA_D_1869109,0,0.00043046268,0
LA_D_1901107,0,9.081321e-05,0
LA_D_1913471,0,6.8862944e-05,0
LA_D_1950952,0,0.0002663806,0
LA_D_1984022,0,0.0003113719,0
LA_D_1986070,0,1.7945213e-05,0
LA_D_1988135,0,0.00014138439,0
LA_D_1993571,0,0.00036604007,0
LA_D_2053458,0,0.00018419544,0
LA_D_2055941,0,0.0063629076,0
LA_D_2068861,0,0.001266632,0
LA_D_2141182,0,5.635018e-05,0
LA_D_2143569,0,0.0005376465,0
LA_D_2169320,0,0.0003820085,0
LA_D_2218413,0,0.00053626235,0
LA_D_2222169,0,0.00012738172,0
LA_D_2239802,0,0.001028424,0
LA_D_2270021,0,9.074855e-05,0
LA_D_2281134,0,4.0500072e-05,0
LA_D_2321687,0,0.0001383534,0
LA_D_2367856,0,0.00012936546,0
LA_D_2374395,0,9.131801e-05,0
LA_D_2377649,0,0.00012248463,0
LA_D_2397878,0,0.00019179672,0
LA_D_2405764,0,0.000364682,0
LA_D_2405818,0,3.7776612e-05,0
LA_D_2421406,0,0.00022017893,0
LA_D_2434952,0,7.278864e-05,0
LA_D_2461796,0,0.00027157762,0
LA_D_2501091,0,0.0002346937,0
LA_D_2532436,0,6.1939e-05,0
LA_D_2533090,0,0.00016636524,0
LA_D_2534017,0,0.00012970736,0
LA_D_2536135,0,0.00048628415,0
LA_D_2599334,0,2.9979363e-05,0
LA_D_2607786,0,0.00014883281,0
LA_D_2687013,0,0.00039235415,0
LA_D_2689559,0,0.0017788521,0
LA_D_2716141,0,0.0003661879,0
LA_D_2723030,0,6.659201e-05,0
LA_D_2795179,0,0.00026076258,0
LA_D_2806176,0,0.00048093474,0
LA_D_2814064,0,0.0001134237,0
LA_D_2843787,0,7.401863e-05,0
LA_D_2862944,0,8.6180524e-05,0
LA_D_2871885,0,0.00026921977,0
LA_D_2904925,0,0.00013177985,0
LA_D_2914361,0,8.405806e-05,0
LA_D_2927188,0,0.00035055671,0
LA_D_2930504,0,0.0018413459,0
LA_D_2949126,0,0.00010510253,0
LA_D_2974020,0,4.7670143e-05,0
LA_D_2978468,0,0.00065577944,0
LA_D_3013510,0,5.6975194e-05,0
LA_D_3017070,0,0.0002859958,0
LA_D_3035824,0,0.000120468816,0
LA_D_3059591,0,0.00033535683,0
LA_D_3107673,0,0.00081892917,0
LA_D_3197582,0,0.00019209686,0
LA_D_3223665,0,0.00016058439,0
LA_D_3250242,0,1.1360357e-05,0
LA_D_3312420,0,0.0021506564,0
LA_D_3338235,0,9.317916e-05,0
LA_D_3342204,0,0.0001590826,0
LA_D_3346384,0,0.0005193393,0
LA_D_3380579,0,6.986417e-05,0
LA_D_3413972,0,0.00014974529,0
LA_D_3466262,0,0.00022337334,0
LA_D_3498825,0,0.00035174532,0
LA_D_3503442,0,0.00010922929,0
LA_D_3617923,0,0.00054162816,0
LA_D_3617996,0,0.00018047933,0
LA_D_3639430,0,8.259571e-05,0
LA_D_3650016,0,0.00011327941,0
LA_D_3655341,0,0.00081463787,0
LA_D_3667139,0,0.008573313,0
LA_D_3670090,0,0.00035484426,0
LA_D_3689557,0,0.00024138948,0
LA_D_3705919,0,4.4298682e-05,0
LA_D_3709416,0,0.00030053183,0
LA_D_3714292,0,0.0002483923,0
LA_D_3740108,0,0.00029145452,0
LA_D_3747537,0,0.00016713049,0
LA_D_3753878,0,0.0002567128,0
LA_D_3783086,0,0.00032076426,0
LA_D_3789898,0,0.00010660783,0
LA_D_3835818,0,0.00012186846,0
LA_D_3852028,0,0.00012364156,0
LA_D_3872897,0,0.00012220266,0
LA_D_3873657,0,0.00010601793,0
LA_D_3884600,0,0.007070186,0
LA_D_3894755,0,0.00039774436,0
LA_D_3905143,0,0.00040385887,0
LA_D_3909059,0,6.0955987e-05,0
LA_D_3960577,0,0.00014882996,0
LA_D_3974637,0,0.00021773989,0
LA_D_3984798,0,4.2418178e-05,0
LA_D_4016544,0,3.7214304e-05,0
LA_D_4017582,0,0.00034986628,0
LA_D_4018037,0,0.00010433076,0
LA_D_4063699,0,0.003059515,0
LA_D_4069330,0,0.00014821363,0
LA_D_4086358,0,0.0020799432,0
LA_D_4086832,0,0.00024170663,0
LA_D_4098613,0,7.341716e-05,0
LA_D_4099040,0,9.246327e-05,0
LA_D_4109140,0,0.0001558334,0
LA_D_4125842,0,0.00019175449,0
LA_D_4141301,0,0.00018642988,0
LA_D_4172528,0,0.00013211025,0
LA_D_4173790,0,0.00022965227,0
LA_D_4175322,0,5.839887e-05,0
LA_D_4176638,0,0.00020459818,0
LA_D_4216210,0,5.9656508e-05,0
LA_D_4234720,0,0.00019467036,0
LA_D_4234795,0,0.00014814822,0
LA_D_4268211,0,0.00022822405,0
LA_D_4278292,0,0.00041226306,0
LA_D_4291323,0,0.00043939287,0
LA_D_4312100,0,2.0106423e-05,0
LA_D_4313841,0,0.00015119064,0
LA_D_4350258,0,0.00028755234,0
LA_D_4374905,0,0.00010665136,0
LA_D_4414319,0,0.00026260837,0
LA_D_4417722,0,0.00013470114,0
LA_D_4418278,0,0.00014614951,0
LA_D_4421512,0,0.00034317977,0
LA_D_4433016,0,0.0008453103,0
LA_D_4465057,0,0.0006825871,0
LA_D_4513571,0,0.0010292896,0
LA_D_4513970,0,7.858051e-05,0
LA_D_4568645,0,0.00024300638,0
LA_D_4611194,0,0.00013492224,0
LA_D_4625868,0,0.00024977396,0
LA_D_4704169,0,8.9375324e-05,0
LA_D_4707821,0,0.00011394829,0
LA_D_4751764,0,0.00015132637,0
LA_D_4786119,0,9.4943585e-05,0
LA_D_4793960,0,0.00011404558,0
LA_D_4799630,0,0.0008251628,0
LA_D_4812073,0,0.00015026865,0
LA_D_4836563,0,9.1566704e-05,0
LA_D_4864823,0,1.4639996e-05,0
LA_D_4893034,0,2.5934442e-05,0
LA_D_4945642,0,0.00020374378,0
LA_D_4952686,0,0.00019979008,0
LA_D_4955149,0,0.0003122977,0
LA_D_4977984,0,0.0001624451,0
LA_D_4998273,0,9.439166e-05,0
LA_D_5004890,0,2.9643017e-05,0
LA_D_5014481,0,0.00010060745,0
LA_D_5015131,0,0.000587209,0
LA_D_5023923,0,0.0001353351,0
LA_D_5027993,0,0.00020122719,0
LA_D_5061055,0,0.00014518999,0
LA_D_5081541,0,0.00014378388,0
LA_D_5084936,0,0.00015574413,0
LA_D_5088115,0,0.00040804315,0
LA_D_5124245,0,0.000117653006,0
LA_D_5156318,0,0.00013116405,0
LA_D_5169505,0,0.00013938571,0
LA_D_5172679,0,0.0010411221,0
LA_D_5178188,0,0.00013534141,0
LA_D_5203599,0,0.00018640625,0
LA_D_5223993,0,6.77479e-05,0
LA_D_5224423,0,4.3496373e-05,0
LA_D_5229531,0,0.0006341708,0
LA_D_5265219,0,0.0002976124,0
LA_D_5266670,0,6.7537934e-05,0
LA_D_5273134,0,0.0022277145,0
LA_D_5290031,0,0.00026184434,0
LA_D_5296920,0,8.992331e-05,0
LA_D_5308438,0,0.00026891707,0
LA_D_5353143,0,0.00011690083,0
LA_D_5396018,0,0.00014321848,0
LA_D_5416192,0,0.0006319068,0
LA_D_5448308,0,0.00028937627,0
LA_D_5477783,0,7.422359e-05,0
LA_D_5488567,0,0.00025065377,0
LA_D_5575383,0,0.0001460935,0
LA_D_5593598,0,0.0001996225,0
LA_D_5604381,0,0.0026889518,0
LA_D_5637838,0,6.718559e-05,0
LA_D_5639643,0,6.4571395e-05,0
LA_D_5659407,0,0.0008242343,0
LA_D_5666850,0,2.5853522e-05,0
LA_D_5669850,0,0.002417503,0
LA_D_5681373,0,9.748589e-05,0
LA_D_5727455,0,0.0001328908,0
LA_D_5751493,0,0.00018756835,0
LA_D_5772283,0,0.00014842322,0
LA_D_5783216,0,0.00019176472,0
LA_D_5801266,0,0.00021099125,0
LA_D_5855316,0,0.000109742534,0
LA_D_5857092,0,0.00017337693,0
LA_D_5906128,0,0.00011152806,0
LA_D_5929366,0,0.000222602,0
LA_D_5985371,0,0.00013757485,0
LA_D_6012767,0,6.490327e-05,0
LA_D_6024856,0,0.0002036424,0
LA_D_6048939,0,0.00036391724,0
LA_D_6126066,0,0.0004858882,0
LA_D_6153760,0,4.6290217e-05,0
LA_D_6175359,0,0.0007552099,0
LA_D_6179396,0,6.893332e-05,0
LA_D_6204285,0,0.00020642109,0
LA_D_6204583,0,0.0003882983,0
LA_D_6217295,0,0.0003294946,0
LA_D_6243272,0,0.00032147396,0
LA_D_6279251,0,0.0002015323,0
LA_D_6333987,0,0.00017286059,0
LA_D_6392042,0,0.00025061722,0
LA_D_6395470,0,0.00026616888,0
LA_D_6407386,0,3.262617e-05,0
LA_D_6410203,0,0.00019093165,0
LA_D_6417317,0,0.0010702854,0
LA_D_6442403,0,0.0017373955,0
LA_D_6447267,0,5.3231655e-05,0
LA_D_6463109,0,0.00021762075,0
LA_D_6467494,0,5.7674966e-05,0
LA_D_6521379,0,0.0002651628,0
LA_D_6538074,0,5.822049e-05,0
LA_D_6558756,0,9.6832904e-05,0
LA_D_6636382,0,0.0005135121,0
LA_D_6672353,0,0.00011528154,0
LA_D_6712765,0,0.00044789704,0
LA_D_6867509,0,9.380143e-05,0
LA_D_6903149,0,0.00023210431,0
LA_D_6927439,0,0.00037344944,0
LA_D_6937778,0,0.00017816357,0
LA_D_6963030,0,9.820649e-05,0
LA_D_6987656,0,0.00019356205,0
LA_D_7015806,0,7.55886e-05,0
LA_D_7050207,0,0.00015352434,0
LA_D_7082425,0,0.00022585306,0
LA_D_7094589,0,0.00036343274,0
LA_D_7112212,0,5.290786e-05,0
LA_D_7114724,0,0.00051737035,0
LA_D_7123806,0,7.1331146e-05,0
LA_D_7135800,0,0.00034736103,0
LA_D_7149179,0,0.00029473702,0
LA_D_7189798,0,5.045286e-05,0
LA_D_7194545,0,5.8981834e-05,0
LA_D_7208672,0,0.00018232713,0
LA_D_7209965,0,0.00039681856,0
LA_D_7227539,0,0.00016886162,0
LA_D_7259561,0,0.00038315938,0
LA_D_7263661,0,0.00019054681,0
LA_D_7311292,0,3.6389243e-05,0
LA_D_7333091,0,8.5798245e-05,0
LA_D_7379319,0,0.00018114015,0
LA_D_7438591,0,0.00061122817,0
LA_D_7463107,0,9.5443575e-05,0
LA_D_7465910,0,6.704287e-05,0
LA_D_7466470,0,0.00036293588,0
LA_D_7470557,0,0.00014845507,0
LA_D_7472147,0,3.2697466e-05,0
LA_D_7517169,0,8.0949656e-05,0
LA_D_7527533,0,0.0018659133,0
LA_D_7529689,0,0.0018526723,0
LA_D_7589265,0,0.00023495025,0
LA_D_7654985,0,3.8907394e-05,0
LA_D_7655713,0,0.00068785704,0
LA_D_7684818,0,0.00014320892,0
LA_D_7702354,0,3.533724e-05,0
LA_D_7730394,0,0.00011372404,0
LA_D_7748559,0,3.0357074e-05,0
LA_D_7770239,0,0.00010499635,0
LA_D_7778080,0,9.670556e-05,0
LA_D_7791744,0,0.00046806427,0
LA_D_7809292,0,0.00013725959,0
LA_D_7811959,0,7.210237e-05,0
LA_D_7836019,0,6.74043e-05,0
LA_D_7895701,0,0.00041242107,0
LA_D_7896354,0,0.0001638442,0
LA_D_7907343,0,0.00024423163,0
LA_D_7950260,0,7.854417e-05,0
LA_D_7955585,0,4.2147494e-05,0
LA_D_8014603,0,0.0003967556,0
LA_D_8015183,0,9.458142e-05,0
LA_D_8034132,0,0.000180884,0
LA_D_8037125,0,0.0001870367,0
LA_D_8039974,0,1.7497818e-05,0
LA_D_8064491,0,0.0008493966,0
LA_D_8100357,0,0.00022113642,0
LA_D_8108933,0,0.00026997802,0
LA_D_8110574,0,0.0001718289,0
LA_D_8128686,0,0.00043525052,0
LA_D_8172936,0,3.7115813e-05,0
LA_D_8178518,0,0.00010392911,0
LA_D_8219863,0,0.00022110986,0
LA_D_8222669,0,4.8926e-05,0
LA_D_8239471,0,8.718816e-05,0
LA_D_8307879,0,0.00015270352,0
LA_D_8333653,0,0.00016648075,0
LA_D_8350299,0,0.00017403215,0
LA_D_8379829,0,0.00013113304,0
LA_D_8391295,0,0.00055988115,0
LA_D_8400463,0,0.00028103153,0
LA_D_8427416,0,8.789706e-05,0
LA_D_8456624,0,4.008888e-05,0
LA_D_8478499,0,0.00040662,0
LA_D_8519883,0,0.0005814155,0
LA_D_8551569,0,0.00026710337,0
LA_D_8554608,0,0.00015211452,0
LA_D_8559630,0,0.00021587736,0
LA_D_8606521,0,0.0012274699,0
LA_D_8623490,0,0.0001997238,0
LA_D_8635534,0,0.00029740532,0
LA_D_8649051,0,3.934619e-05,0
LA_D_8661001,0,5.8622507e-05,0
LA_D_8681294,0,3.2246473e-05,0
LA_D_8703561,0,0.000110145316,0
LA_D_8716288,0,0.00020999018,0
LA_D_8718183,0,1.06774705e-05,0
LA_D_8767551,0,0.00064265495,0
LA_D_8798373,0,0.0017644597,0
LA_D_8798382,0,0.000253989,0
LA_D_8807350,0,0.00018213705,0
LA_D_8848037,0,0.000239619,0
LA_D_8851067,0,0.0004941709,0
LA_D_8862863,0,0.00012736568,0
LA_D_8907174,0,0.00025333939,0
LA_D_8915901,0,0.0001784342,0
LA_D_8917253,0,0.00013690091,0
LA_D_8965995,0,7.215836e-05,0
LA_D_8977156,0,0.000104110724,0
LA_D_8991757,0,0.0003673281,0
LA_D_9048163,0,7.774778e-05,0
LA_D_9061308,0,0.0001099252,0
LA_D_9081161,0,0.00014750095,0
LA_D_9147104,0,3.9595747e-05,0
LA_D_9150514,0,0.00043656593,0
LA_D_9152923,0,0.00023753016,0
LA_D_9156289,0,4.2022362e-05,0
LA_D_9236386,0,6.727734e-05,0
LA_D_9257965,0,0.00034885027,0
LA_D_9302308,0,3.1935942e-05,0
LA_D_9316714,0,4.8980804e-05,0
LA_D_9339036,0,0.0074272268,0
LA_D_9356354,0,5.22728e-05,0
LA_D_9389955,0,5.7119083e-05,0
LA_D_9395637,0,0.00026501264,0
LA_D_9405663,0,0.00023121283,0
LA_D_9412084,0,5.624967e-05,0
LA_D_9450434,0,6.492555e-05,0
LA_D_9454746,0,8.335355e-05,0
LA_D_9458104,0,0.00024997766,0
LA_D_9483571,0,0.00018689872,0
LA_D_9484889,0,0.00020892751,0
LA_D_9553903,0,0.00031734566,0
LA_D_9570497,0,0.000610024,0
LA_D_9579892,0,0.00010908606,0
LA_D_9645090,0,0.00035526382,0
LA_D_9645323,0,0.00047518662,0
LA_D_9663208,0,0.00024923848,0
LA_D_9676744,0,7.377916e-05,0
LA_D_9724615,0,0.0004615425,0
LA_D_9749712,0,5.65293e-05,0
LA_D_9756382,0,0.000116004485,0
LA_D_9764274,0,0.00014668213,0
LA_D_9781452,0,8.1237704e-05,0
LA_D_9798833,0,2.4920155e-05,0
LA_D_9811562,0,0.00014196135,0
LA_D_9818402,0,0.00018802156,0
LA_D_9822388,0,0.00020396887,0
LA_D_9846692,0,0.00041518098,0
LA_D_9862810,0,0.00010402013,0
LA_D_9901164,0,0.00043486236,0
LA_D_9903082,0,5.7848916e-05,0
LA_D_9933229,0,9.136897e-05,0
LA_D_9965150,0,0.00024571782,0
LA_D_9985730,0,0.00011631253,0
LA_D_1025927,0,3.0471761e-05,0
LA_D_1070779,0,0.00011064841,0
LA_D_1088370,0,0.00012460511,0
LA_D_1091308,0,0.00012131494,0
LA_D_1105378,0,9.1238464e-05,0
LA_D_1111626,0,6.837806e-05,0
LA_D_1114144,0,4.6460707e-05,0
LA_D_1150161,0,0.000114079085,0
LA_D_1165345,0,2.9762126e-05,0
LA_D_1168433,0,8.0882215e-05,0
LA_D_1195197,0,7.979314e-05,0
LA_D_1197810,0,1.4204254e-05,0
LA_D_1274077,0,0.00028570773,0
LA_D_1296374,0,5.3385127e-05,0
LA_D_1354354,0,4.2308413e-05,0
LA_D_1514602,0,9.049854e-05,0
LA_D_1519429,0,7.004602e-05,0
LA_D_1548278,0,6.1277824e-05,0
LA_D_1677846,0,5.8579306e-05,0
LA_D_1683013,0,5.2032286e-05,0
LA_D_1725978,0,0.00013326896,0
LA_D_1776073,0,0.00034115172,0
LA_D_1848103,0,2.551006e-05,0
LA_D_1886400,0,2.4663892e-05,0
LA_D_2016158,0,3.5131222e-06,0
LA_D_2064757,0,6.649542e-05,0
LA_D_2101345,0,8.698154e-05,0
LA_D_2115009,0,0.000110532106,0
LA_D_2118489,0,8.550828e-05,0
LA_D_2161752,0,0.0001268525,0
LA_D_2177055,0,4.0822106e-05,0
LA_D_2197132,0,0.0001666059,0
LA_D_2239594,0,7.867506e-05,0
LA_D_2270025,0,3.3265293e-05,0
LA_D_2314822,0,3.9508428e-05,0
LA_D_2325645,0,0.000150542,0
LA_D_2350572,0,0.00012745388,0
LA_D_2361735,0,3.4344885e-05,0
LA_D_2369381,0,0.00018294534,0
LA_D_2385054,0,0.00016558818,0
LA_D_2399485,0,6.756911e-05,0
LA_D_2430078,0,4.4536144e-05,0
LA_D_2444810,0,0.00020678315,0
LA_D_2449761,0,5.8066016e-05,0
LA_D_2473428,0,2.7757234e-05,0
LA_D_2482996,0,0.00018028963,0
LA_D_2494496,0,7.4635835e-05,0
LA_D_2499979,0,6.5717395e-05,0
LA_D_2502418,0,0.00024340821,0
LA_D_2513024,0,4.9635477e-05,0
LA_D_2545209,0,5.7832698e-05,0
LA_D_2559493,0,0.0001469603,0
LA_D_2561400,0,0.00013036467,0
LA_D_2615945,0,8.301183e-05,0
LA_D_2689404,0,0.00023456977,0
LA_D_2696306,0,0.00011116832,0
LA_D_2701856,0,0.00017352197,0
LA_D_2709995,0,1.8073162e-05,0
LA_D_2715241,0,4.830458e-05,0
LA_D_2738222,0,3.014883e-05,0
LA_D_2757833,0,3.1693133e-05,0
LA_D_2837325,0,7.810955e-05,0
LA_D_2860670,0,0.00023139654,0
LA_D_2872772,0,6.596232e-05,0
LA_D_2990459,0,5.018807e-05,0
LA_D_3051445,0,6.0367242e-06,0
LA_D_3065174,0,9.476079e-06,0
LA_D_3085915,0,4.545661e-05,0
LA_D_3087575,0,6.061607e-05,0
LA_D_3087814,0,9.6237956e-05,0
LA_D_3146791,0,0.00013728747,0
LA_D_3182064,0,0.00029667522,0
LA_D_3184170,0,0.0003244946,0
LA_D_3188234,0,5.502611e-05,0
LA_D_3207833,0,5.2973544e-05,0
LA_D_3305165,0,8.7664026e-05,0
LA_D_3329999,0,4.057507e-05,0
LA_D_3387937,0,0.0001559782,0
LA_D_3453232,0,9.421963e-05,0
LA_D_3529673,0,3.584793e-05,0
LA_D_3554651,0,0.00016395595,0
LA_D_3555349,0,0.0001370076,0
LA_D_3580620,0,2.3727427e-05,0
LA_D_3666430,0,0.00014371178,0
LA_D_3689048,0,4.700911e-05,0
LA_D_3694012,0,5.1716775e-05,0
LA_D_3725212,0,5.8094098e-05,0
LA_D_3738196,0,0.00014196406,0
LA_D_3751233,0,9.894721e-05,0
LA_D_3775288,0,7.8661855e-05,0
LA_D_3792583,0,1.04893525e-05,0
LA_D_3795890,0,9.302441e-05,0
LA_D_3813018,0,0.000117354066,0
LA_D_3862599,0,2.6043272e-05,0
LA_D_3884845,0,5.440976e-05,0
LA_D_3921032,0,0.00041512417,0
LA_D_3942424,0,0.0009096161,0
LA_D_3991910,0,0.00022515235,0
LA_D_4026006,0,5.086077e-05,0
LA_D_4061704,0,4.1990872e-05,0
LA_D_4122895,0,2.7570797e-05,0
LA_D_4148951,0,8.4028245e-05,0
LA_D_4213958,0,0.000108115615,0
LA_D_4254213,0,7.989951e-05,0
LA_D_4254629,0,9.6978074e-05,0
LA_D_4265541,0,9.249925e-05,0
LA_D_4308561,0,2.8122018e-05,0
LA_D_4309636,0,0.00015626402,0
LA_D_4338918,0,2.0428266e-05,0
LA_D_4344561,0,6.625352e-05,0
LA_D_4388836,0,4.843032e-05,0
LA_D_4397256,0,0.00021725835,0
LA_D_4441414,0,3.265278e-05,0
LA_D_4442289,0,1.9995954e-05,0
LA_D_4530557,0,6.175299e-05,0
LA_D_4543139,0,4.8085538e-05,0
LA_D_4547626,0,5.5850076e-05,0
LA_D_4591057,0,8.401014e-05,0
LA_D_4698607,0,2.7234242e-05,0
LA_D_4725187,0,0.00030417825,0
LA_D_4737267,0,7.129687e-05,0
LA_D_4859938,0,5.3245156e-05,0
LA_D_4860228,0,6.391867e-06,0
LA_D_4900313,0,1.4581266e-05,0
LA_D_4952907,0,0.0006553727,0
LA_D_4961829,0,6.696434e-05,0
LA_D_4966175,0,0.0035531202,0
LA_D_4993211,0,6.293455e-05,0
LA_D_5046909,0,0.00014569159,0
LA_D_5052184,0,0.0001405439,0
LA_D_5058489,0,2.1862483e-05,0
LA_D_5076123,0,8.466915e-05,0
LA_D_5077681,0,8.4364176e-05,0
LA_D_5126998,0,6.86331e-05,0
LA_D_5147912,0,6.125305e-05,0
LA_D_5216508,0,2.7003734e-05,0
LA_D_5216823,0,0.00010268189,0
LA_D_5265768,0,4.1498442e-05,0
LA_D_5271956,0,7.465249e-05,0
LA_D_5276027,0,1.7842602e-05,0
LA_D_5357932,0,0.00045920126,0
LA_D_5437115,0,0.00013771161,0
LA_D_5456457,0,1.9291412e-05,0
LA_D_5485139,0,8.250526e-05,0
LA_D_5486734,0,2.5731666e-05,0
LA_D_5498432,0,0.00015014218,0
LA_D_5502789,0,9.1897884e-05,0
LA_D_5548039,0,1.287154e-05,0
LA_D_5553386,0,3.5264053e-05,0
LA_D_5607232,0,0.00016795113,0
LA_D_5683175,0,5.7970075e-05,0
LA_D_5704173,0,0.00010712562,0
LA_D_5751531,0,9.267778e-05,0
LA_D_5849620,0,0.00019907471,0
LA_D_5853595,0,0.0003436061,0
LA_D_5858013,0,1.5941469e-05,0
LA_D_5918268,0,4.336773e-05,0
LA_D_5918480,0,0.00011650445,0
LA_D_5934239,0,5.1276813e-05,0
LA_D_5940340,0,9.699935e-05,0
LA_D_5952895,0,0.00016009592,0
LA_D_5991891,0,8.8596025e-05,0
LA_D_6009636,0,6.4198524e-05,0
LA_D_6035108,0,0.00010637589,0
LA_D_6087781,0,1.2778057e-06,0
LA_D_6124472,0,3.919601e-05,0
LA_D_6165551,0,2.972341e-05,0
LA_D_6180201,0,4.028091e-05,0
LA_D_6253995,0,6.796584e-05,0
LA_D_6271904,0,3.086389e-05,0
LA_D_6322470,0,5.202495e-05,0
LA_D_6363189,0,6.678349e-05,0
LA_D_6365603,0,8.925303e-05,0
LA_D_6379749,0,4.2448082e-05,0
LA_D_6423611,0,0.000109212626,0
LA_D_6424276,0,3.9695857e-05,0
LA_D_6435266,0,0.00018602877,0
LA_D_6463589,0,6.372192e-05,0
LA_D_6474870,0,0.00011432716,0
LA_D_6606839,0,1.2103135e-05,0
LA_D_6633566,0,6.799909e-05,0
LA_D_6642678,0,0.00013206023,0
LA_D_6666182,0,7.452247e-05,0
LA_D_6707722,0,5.2829964e-05,0
LA_D_6813740,0,0.00022290912,0
LA_D_6859973,0,0.0020874618,0
LA_D_6948552,0,0.000110142486,0
LA_D_6962147,0,1.9758438e-05,0
LA_D_6978904,0,0.00017992314,0
LA_D_7043976,0,9.789774e-05,0
LA_D_7067028,0,0.00015935405,0
LA_D_7100242,0,8.3031075e-05,0
LA_D_7120318,0,1.8819448e-05,0
LA_D_7135654,0,2.172326e-05,0
LA_D_7170139,0,0.00013716225,0
LA_D_7189435,0,0.00028261548,0
LA_D_7193344,0,6.1191335e-05,0
LA_D_7228303,0,0.00012026416,0
LA_D_7256748,0,0.00021472164,0
LA_D_7298589,0,1.10843575e-05,0
LA_D_7299439,0,0.0001327311,0
LA_D_7325586,0,0.00013818871,0
LA_D_7355604,0,6.868325e-05,0
LA_D_7360950,0,0.00014208499,0
LA_D_7402503,0,9.528425e-05,0
LA_D_7411256,0,5.965577e-05,0
LA_D_7430939,0,0.00013989382,0
LA_D_7436720,0,8.5663516e-05,0
LA_D_7469397,0,5.84226e-05,0
LA_D_7487831,0,7.39454e-05,0
LA_D_7501132,0,2.344398e-05,0
LA_D_7529532,0,6.7201996e-05,0
LA_D_7575803,0,2.3562436e-05,0
LA_D_7620039,0,4.9495895e-05,0
LA_D_7628615,0,0.00015312155,0
LA_D_7652023,0,2.5931377e-05,0
LA_D_7664721,0,6.6776294e-05,0
LA_D_7672778,0,6.4868e-05,0
LA_D_7720647,0,2.5275169e-05,0
LA_D_7738175,0,9.064805e-05,0
LA_D_7742793,0,0.00027405695,0
LA_D_7794367,0,0.00024533158,0
LA_D_7794776,0,8.426697e-05,0
LA_D_7834454,0,0.00014784101,0
LA_D_7874436,0,0.0001352262,0
LA_D_7877117,0,4.1606538e-05,0
LA_D_7882779,0,9.987544e-05,0
LA_D_7901691,0,3.8208193e-05,0
LA_D_7957664,0,0.00010070094,0
LA_D_7964973,0,7.464053e-05,0
LA_D_7990145,0,1.0761122e-05,0
LA_D_8008446,0,5.788645e-06,0
LA_D_8012683,0,0.00018217941,0
LA_D_8022264,0,2.3797926e-05,0
LA_D_8038151,0,9.006027e-05,0
LA_D_8043094,0,0.00013437387,0
LA_D_8069736,0,7.884691e-05,0
LA_D_8076952,0,9.888533e-05,0
LA_D_8088423,0,0.000118649055,0
LA_D_8113627,0,0.00012029214,0
LA_D_8126699,0,0.00022402215,0
LA_D_8155157,0,1.09550765e-05,0
LA_D_8229090,0,8.108021e-05,0
LA_D_8259778,0,0.0001605296,0
LA_D_8259798,0,0.00025150503,0
LA_D_8260717,0,2.344617e-05,0
LA_D_8284400,0,8.8275556e-05,0
LA_D_8382417,0,9.6789794e-05,0
LA_D_8389167,0,0.0001235666,0
LA_D_8407147,0,5.5101304e-05,0
LA_D_8407252,0,6.401866e-05,0
LA_D_8440240,0,4.0796775e-05,0
LA_D_8459341,0,3.56208e-05,0
LA_D_8470242,0,5.923537e-05,0
LA_D_8486261,0,6.537736e-05,0
LA_D_8508542,0,0.0001788628,0
LA_D_8516649,0,4.965526e-05,0
LA_D_8537694,0,0.00012104766,0
LA_D_8557721,0,9.067165e-05,0
LA_D_8576711,0,4.9245653e-05,0
LA_D_8609765,0,5.967341e-05,0
LA_D_8668147,0,0.00014426344,0
LA_D_8713999,0,2.4396208e-05,0
LA_D_8724573,0,0.00022313067,0
LA_D_8791416,0,5.8956302e-05,0
LA_D_8840275,0,6.0717837e-05,0
LA_D_8850840,0,0.00010131034,0
LA_D_8866986,0,5.494971e-05,0
LA_D_8890967,0,0.00022201314,0
LA_D_8911190,0,6.376398e-05,0
LA_D_9044209,0,5.3552983e-05,0
LA_D_9120091,0,0.00010831271,0
LA_D_9121380,0,8.6519445e-05,0
LA_D_9125336,0,2.5601696e-05,0
LA_D_9196227,0,9.108945e-05,0
LA_D_9197432,0,0.00022269286,0
LA_D_9235322,0,0.00014185405,0
LA_D_9238626,0,0.00025252477,0
LA_D_9288877,0,8.576212e-06,0
LA_D_9304694,0,3.1743344e-05,0
LA_D_9326060,0,2.3194289e-05,0
LA_D_9348134,0,2.4378602e-05,0
LA_D_9372553,0,2.397709e-05,0
LA_D_9399909,0,0.00033417792,0
LA_D_9419011,0,5.336477e-05,0
LA_D_9428145,0,5.7989095e-05,0
LA_D_9462541,0,0.00010457698,0
LA_D_9507060,0,0.00015708717,0
LA_D_9535689,0,2.248573e-05,0
LA_D_9538442,0,2.9086603e-05,0
LA_D_9553419,0,7.495508e-05,0
LA_D_9642966,0,9.967922e-06,0
LA_D_9660901,0,0.00013034527,0
LA_D_9731600,0,7.7732075e-05,0
LA_D_9751873,0,4.7894562e-05,0
LA_D_9758752,0,3.5424426e-05,0
LA_D_9763964,0,4.59754e-05,0
LA_D_9769587,0,4.7750862e-05,0
LA_D_9779377,0,0.00017839491,0
LA_D_9781045,0,0.00011644759,0
LA_D_9805942,0,8.764447e-05,0
LA_D_9818011,0,6.146862e-05,0
LA_D_9880830,0,0.0001223917,0
LA_D_9887916,0,8.17552e-05,0
LA_D_9888937,0,0.00012200066,0
LA_D_9918902,0,0.00017034716,0
LA_D_9958640,0,1.4360698e-05,0
LA_D_9978941,0,0.00012613866,0
LA_D_1005592,0,0.00010964953,0
LA_D_1017104,0,0.00015739874,0
LA_D_1071228,0,5.664435e-05,0
LA_D_1089739,0,1.868479e-05,0
LA_D_1119673,0,0.000106029554,0
LA_D_1123797,0,0.00014199765,0
LA_D_1138261,0,9.607089e-05,0
LA_D_1184930,0,0.00017531576,0
LA_D_1194428,0,6.396899e-05,0
LA_D_1235178,0,0.0004923384,0
LA_D_1236265,0,0.00010860986,0
LA_D_1271546,0,0.0001320202,0
LA_D_1298389,0,6.545858e-05,0
LA_D_1304868,0,9.9859055e-05,0
LA_D_1315293,0,2.5893372e-05,0
LA_D_1324364,0,7.982974e-06,0
LA_D_1416914,0,0.00021656015,0
LA_D_1419805,0,0.00015809033,0
LA_D_1432926,0,0.00011002796,0
LA_D_1452190,0,0.00010499055,0
LA_D_1462753,0,9.7598626e-05,0
LA_D_1483747,0,3.000459e-05,0
LA_D_1500142,0,0.00011820753,0
LA_D_1524995,0,0.00017241434,0
LA_D_1662418,0,0.00015305952,0
LA_D_1664723,0,0.0003778266,0
LA_D_1672244,0,4.543737e-05,0
LA_D_1679777,0,9.439778e-05,0
LA_D_1709196,0,6.4568376e-05,0
LA_D_1752633,0,0.00042384554,0
LA_D_1761574,0,7.647969e-05,0
LA_D_1784041,0,0.00013280782,0
LA_D_1842681,0,7.512066e-05,0
LA_D_1856279,0,0.0001749599,0
LA_D_1872403,0,0.00027460465,0
LA_D_1874306,0,8.103059e-05,0
LA_D_1895641,0,0.00015299299,0
LA_D_1940643,0,0.00015732371,0
LA_D_1947826,0,7.083969e-05,0
LA_D_2040400,0,5.5976452e-05,0
LA_D_2053619,0,2.3560458e-05,0
LA_D_2055633,0,0.00010781521,0
LA_D_2058117,0,6.926225e-05,0
LA_D_2078823,0,0.000107781685,0
LA_D_2090075,0,0.00016463679,0
LA_D_2094128,0,0.0001264759,0
LA_D_2108473,0,0.00014388455,0
LA_D_2121290,0,6.608144e-05,0
LA_D_2155552,0,4.6808702e-05,0
LA_D_2177857,0,6.9962436e-05,0
LA_D_2187583,0,0.00024025475,0
LA_D_2188055,0,2.0797703e-05,0
LA_D_2197517,0,0.00014380856,0
LA_D_2251028,0,0.00024655773,0
LA_D_2256955,0,8.170455e-05,0
LA_D_2258916,0,2.7696924e-05,0
LA_D_2273809,0,5.0058778e-05,0
LA_D_2320593,0,0.00029168773,0
LA_D_2325262,0,6.0108952e-05,0
LA_D_2327064,0,8.226188e-05,0
LA_D_2336355,0,7.712683e-05,0
LA_D_2339979,0,0.00013874882,0
LA_D_2348570,0,0.00010543328,0
LA_D_2359956,0,0.00010628911,0
LA_D_2365570,0,1.9329698e-05,0
LA_D_2408058,0,0.00012745109,0
LA_D_2466743,0,0.00011647491,0
LA_D_2511400,0,9.378971e-05,0
LA_D_2513311,0,0.00017698664,0
LA_D_2525166,0,6.28826e-05,0
LA_D_2526953,0,8.712865e-05,0
LA_D_2536374,0,8.9083645e-05,0
LA_D_2549595,0,7.920925e-05,0
LA_D_2554799,0,0.000120151606,0
LA_D_2573708,0,0.00083464326,0
LA_D_2583177,0,6.248217e-05,0
LA_D_2590592,0,0.00025564156,0
LA_D_2606185,0,6.856617e-05,0
LA_D_2609934,0,0.0002512105,0
LA_D_2634577,0,5.1855794e-05,0
LA_D_2655716,0,0.0003755723,0
LA_D_2704448,0,5.098042e-05,0
LA_D_2757626,0,5.8833193e-05,0
LA_D_2810400,0,7.070167e-05,0
LA_D_2819802,0,0.0010420723,0
LA_D_2848309,0,0.00010803771,0
LA_D_2882142,0,6.686283e-05,0
LA_D_2919295,0,9.851093e-05,0
LA_D_2928353,0,1.960279e-05,0
LA_D_2949136,0,0.00010836995,0
LA_D_2952257,0,0.00017094398,0
LA_D_3010217,0,0.00019497091,0
LA_D_3022940,0,8.7385175e-05,0
LA_D_3037806,0,0.00011385848,0
LA_D_3055189,0,3.6807993e-05,0
LA_D_3059743,0,9.16476e-05,0
LA_D_3067081,0,3.8136986e-05,0
LA_D_3113480,0,5.2198884e-05,0
LA_D_3147303,0,3.113278e-05,0
LA_D_3160896,0,7.809316e-05,0
LA_D_3165418,0,8.698536e-05,0
LA_D_3184710,0,1.1093972e-05,0
LA_D_3194471,0,0.00022160838,0
LA_D_3237813,0,0.00014700908,0
LA_D_3255851,0,0.00014726949,0
LA_D_3274443,0,6.241226e-05,0
LA_D_3333538,0,5.3956002e-05,0
LA_D_3336409,0,9.133874e-05,0
LA_D_3340917,0,5.568618e-06,0
LA_D_3342540,0,9.010391e-05,0
LA_D_3345119,0,0.0001100712,0
LA_D_3369880,0,0.00023631846,0
LA_D_3451614,0,0.00011791897,0
LA_D_3453583,0,0.00019183493,0
LA_D_3473084,0,0.00015250941,0
LA_D_3513996,0,0.00012728215,0
LA_D_3522504,0,0.00012594636,0
LA_D_3543525,0,6.9694885e-05,0
LA_D_3563525,0,5.777758e-05,0
LA_D_3565784,0,0.00015991025,0
LA_D_3604092,0,7.661109e-05,0
LA_D_3643393,0,0.00012086312,0
LA_D_3682617,0,0.00012731783,0
LA_D_3690238,0,0.00010388075,0
LA_D_3693927,0,9.4662435e-05,0
LA_D_3724557,0,0.00031139803,0
LA_D_3727131,0,0.00016772564,0
LA_D_3747721,0,5.965474e-05,0
LA_D_3762352,0,6.699404e-05,0
LA_D_3762413,0,0.00012870916,0
LA_D_3795957,0,9.684741e-05,0
LA_D_3833530,0,7.061623e-05,0
LA_D_3841427,0,0.000116870186,0
LA_D_3844016,0,5.6516958e-05,0
LA_D_3853070,0,1.8975406e-05,0
LA_D_3858259,0,0.00012405361,0
LA_D_3864466,0,6.0410985e-05,0
LA_D_3878565,0,0.00020271793,0
LA_D_3887071,0,0.00011995161,0
LA_D_3907775,0,0.000110824025,0
LA_D_3912535,0,0.0001469334,0
LA_D_3971907,0,0.00035098742,0
LA_D_4015028,0,9.7722484e-05,0
LA_D_4019149,0,8.9160814e-05,0
LA_D_4044179,0,0.0001501157,0
LA_D_4077010,0,8.4531595e-05,0
LA_D_4078062,0,6.7094166e-05,0
LA_D_4087578,0,0.00010513972,0
LA_D_4119669,0,0.000113459835,0
LA_D_4196841,0,7.650348e-05,0
LA_D_4204929,0,9.5184085e-05,0
LA_D_4216338,0,0.000324259,0
LA_D_4225586,0,0.00019529017,0
LA_D_4271111,0,3.0305846e-05,0
LA_D_4330957,0,1.1602683e-05,0
LA_D_4351186,0,0.00012898583,0
LA_D_4369287,0,8.4240455e-05,0
LA_D_4371162,0,0.000118004355,0
LA_D_4372097,0,0.00030106466,0
LA_D_4392498,0,4.9004866e-05,0
LA_D_4421919,0,8.859348e-05,0
LA_D_4435369,0,0.00021542092,0
LA_D_4473107,0,9.2003094e-05,0
LA_D_4473772,0,0.0005485328,0
LA_D_4476636,0,0.0001937478,0
LA_D_4511459,0,0.00012240898,0
LA_D_4517588,0,0.00012432833,0
LA_D_4522076,0,9.012419e-05,0
LA_D_4547827,0,7.73155e-05,0
LA_D_4548848,0,0.0002481326,0
LA_D_4549046,0,0.00010983403,0
LA_D_4552949,0,5.004288e-05,0
LA_D_4556350,0,9.1481175e-05,0
LA_D_4560028,0,0.00012922961,0
LA_D_4589938,0,0.00014603528,0
LA_D_4647925,0,0.00019035686,0
LA_D_4677050,0,0.000116353236,0
LA_D_4677377,0,3.791748e-05,0
LA_D_4692792,0,8.9344474e-05,0
LA_D_4722390,0,7.957119e-05,0
LA_D_4726412,0,0.00024244054,0
LA_D_4759329,0,8.29229e-05,0
LA_D_4769411,0,0.0001617178,0
LA_D_4815771,0,0.00011639607,0
LA_D_4835175,0,0.00010351805,0
LA_D_4878294,0,0.00014043886,0
LA_D_4884849,0,0.00022652873,0
LA_D_4948187,0,0.00010156376,0
LA_D_4983386,0,8.6015e-05,0
LA_D_4988682,0,6.147559e-05,0
LA_D_4990524,0,4.2737647e-05,0
LA_D_5092281,0,0.00010529996,0
LA_D_5104889,0,0.00017802484,0
LA_D_5107370,0,9.895438e-05,0
LA_D_5116107,0,4.7638652e-05,0
LA_D_5132318,0,0.000103272934,0
LA_D_5163704,0,0.00013443142,0
LA_D_5196824,0,0.00012082901,0
LA_D_5264237,0,0.00010972956,0
LA_D_5284683,0,0.000118289485,0
LA_D_5294702,0,6.615029e-05,0
LA_D_5308837,0,0.00014831472,0
LA_D_5319328,0,0.0012533297,0
LA_D_5320629,0,0.00011013388,0
LA_D_5333215,0,9.88364e-05,0
LA_D_5346392,0,0.00028653647,0
LA_D_5349000,0,0.00014651382,0
LA_D_5381348,0,2.3861761e-05,0
LA_D_5386355,0,1.4526484e-05,0
LA_D_5423506,0,4.713506e-05,0
LA_D_5502502,0,0.00010892537,0
LA_D_5516998,0,0.00012287126,0
LA_D_5542812,0,7.8183846e-05,0
LA_D_5549392,0,2.6470592e-05,0
LA_D_5551300,0,6.260193e-05,0
LA_D_5560341,0,0.00020425027,0
LA_D_5592243,0,0.00014165482,0
LA_D_5597425,0,8.3006846e-05,0
LA_D_5604504,0,7.3461764e-05,0
LA_D_5611758,0,4.3920445e-05,0
LA_D_5622113,0,9.3678515e-05,0
LA_D_5635812,0,8.227687e-05,0
LA_D_5638131,0,7.537813e-05,0
LA_D_5644863,0,0.00023568145,0
LA_D_5646947,0,7.8275225e-05,0
LA_D_5649166,0,9.626549e-05,0
LA_D_5650071,0,0.00014244409,0
LA_D_5698354,0,6.135126e-05,0
LA_D_5728145,0,9.6357144e-05,0
LA_D_5737821,0,0.0001097124,0
LA_D_5766266,0,7.545731e-05,0
LA_D_5802470,0,9.583903e-06,0
LA_D_5809161,0,0.00012373227,0
LA_D_5922608,0,0.00010674628,0
LA_D_5972807,0,7.013639e-05,0
LA_D_5972863,0,5.95211e-05,0
LA_D_5985773,0,0.00013883125,0
LA_D_5999948,0,6.6244036e-05,0
LA_D_6064950,0,3.0747848e-05,0
LA_D_6073336,0,1.8961713e-05,0
LA_D_6121830,0,5.969281e-05,0
LA_D_6126930,0,4.4377877e-05,0
LA_D_6137882,0,8.443983e-05,0
LA_D_6145183,0,5.6956884e-05,0
LA_D_6192981,0,2.8851508e-05,0
LA_D_6210899,0,1.7025854e-05,0
LA_D_6238691,0,2.388995e-05,0
LA_D_6250547,0,6.5527405e-05,0
LA_D_6325513,0,0.00018609369,0
LA_D_6370946,0,0.00017546579,0
LA_D_6412057,0,7.691985e-05,0
LA_D_6438449,0,6.239804e-05,0
LA_D_6444645,0,4.6366826e-05,0
LA_D_6445805,0,3.7264916e-05,0
LA_D_6454007,0,9.4198156e-05,0
LA_D_6502788,0,0.00016823996,0
LA_D_6519360,0,0.00015387636,0
LA_D_6533276,0,3.0537067e-05,0
LA_D_6578873,0,0.00014575578,0
LA_D_6584339,0,0.00015600958,0
LA_D_6603129,0,3.0279474e-05,0
LA_D_6615635,0,4.8064812e-05,0
LA_D_6647057,0,0.0001119988,0
LA_D_6671090,0,0.00012995918,0
LA_D_6715407,0,4.3942895e-05,0
LA_D_6719481,0,8.6410764e-05,0
LA_D_6739250,0,4.1952408e-05,0
LA_D_6743731,0,4.647457e-05,0
LA_D_6757219,0,0.000112279806,0
LA_D_6768882,0,0.00019667017,0
LA_D_6783067,0,3.143643e-05,0
LA_D_6797077,0,0.0001449833,0
LA_D_6817962,0,3.173944e-05,0
LA_D_6843783,0,0.0002013456,0
LA_D_6876570,0,0.000117478805,0
LA_D_6938333,0,0.000107026564,0
LA_D_6997711,0,0.00021453212,0
LA_D_7002448,0,5.651712e-05,0
LA_D_7060794,0,6.764331e-05,0
LA_D_7068603,0,0.00014637545,0
LA_D_7079905,0,0.00010696526,0
LA_D_7083743,0,8.520541e-05,0
LA_D_7096702,0,9.823505e-05,0
LA_D_7107378,0,7.2110066e-05,0
LA_D_7110350,0,0.00012074862,0
LA_D_7112173,0,3.2286538e-05,0
LA_D_7137251,0,0.00015522729,0
LA_D_7155130,0,0.000174552,0
LA_D_7160941,0,1.8377983e-05,0
LA_D_7190149,0,0.00018725045,0
LA_D_7194318,0,1.8963086e-05,0
LA_D_7195145,0,9.467806e-05,0
LA_D_7221029,0,0.0003381093,0
LA_D_7234853,0,5.894129e-05,0
LA_D_7236553,0,4.729982e-05,0
LA_D_7241235,0,0.000103442064,0
LA_D_7266503,0,0.00010343832,0
LA_D_7274033,0,9.118601e-05,0
LA_D_7282121,0,0.00018381435,0
LA_D_7283042,0,0.00013593404,0
LA_D_7301396,0,0.00015491321,0
LA_D_7337144,0,7.460523e-05,0
LA_D_7359279,0,0.000107999294,0
LA_D_7364828,0,6.0252085e-05,0
LA_D_7402167,0,2.7079372e-05,0
LA_D_7466534,0,0.0001293757,0
LA_D_7469833,0,0.00010826202,0
LA_D_7482154,0,6.1865445e-05,0
LA_D_7493771,0,5.504028e-05,0
LA_D_7522206,0,0.000107961605,0
LA_D_7543487,0,0.00011113005,0
LA_D_7553595,0,2.6829955e-05,0
LA_D_7553690,0,0.00014437037,0
LA_D_7572414,0,0.00044440664,0
LA_D_7575804,0,6.77165e-05,0
LA_D_7601300,0,9.4109455e-05,0
LA_D_7619301,0,0.00025239913,0
LA_D_7628765,0,0.00017980037,0
LA_D_7641817,0,6.8577945e-05,0
LA_D_7671320,0,0.00013063595,0
LA_D_7744640,0,0.00014255523,0
LA_D_7745958,0,2.859242e-05,0
LA_D_7751409,0,0.00010419555,0
LA_D_7754254,0,6.0504724e-05,0
LA_D_7766160,0,7.390846e-05,0
LA_D_7806845,0,4.8082147e-05,0
LA_D_7817451,0,9.112699e-05,0
LA_D_7848216,0,0.00011808934,0
LA_D_7865668,0,0.00018194663,0
LA_D_7880550,0,3.2068303e-05,0
LA_D_7900417,0,0.0002334951,0
LA_D_7944104,0,0.00013970799,0
LA_D_7965354,0,3.5737714e-05,0
LA_D_8005673,0,7.295202e-05,0
LA_D_8008070,0,4.3719443e-05,0
LA_D_8034675,0,0.00029973118,0
LA_D_8077746,0,0.0008907401,0
LA_D_8086986,0,0.00012864707,0
LA_D_8124456,0,8.05507e-05,0
LA_D_8149746,0,0.00016186511,0
LA_D_8151843,0,1.976511e-05,0
LA_D_8155810,0,8.003044e-05,0
LA_D_8172857,0,0.00028850877,0
LA_D_8183663,0,6.628593e-05,0
LA_D_8220630,0,7.612106e-05,0
LA_D_8344758,0,5.238343e-05,0
LA_D_8358680,0,0.00014427183,0
LA_D_8365140,0,0.00021049353,0
LA_D_8373134,0,1.38911455e-05,0
LA_D_8408092,0,5.2180865e-05,0
LA_D_8411257,0,2.3378787e-05,0
LA_D_8412782,0,0.00012573553,0
LA_D_8441726,0,4.4599296e-05,0
LA_D_8462223,0,0.00010587558,0
LA_D_8466822,0,7.63668e-05,0
LA_D_8493812,0,5.5024644e-05,0
LA_D_8495778,0,0.0001233421,0
LA_D_8541558,0,0.00013942452,0
LA_D_8569874,0,0.00017226118,0
LA_D_8572723,0,0.00010885434,0
LA_D_8586748,0,0.00017500813,0
LA_D_8617975,0,7.803934e-05,0
LA_D_8651574,0,0.00012673727,0
LA_D_8654167,0,3.5900546e-05,0
LA_D_8655579,0,0.00011518417,0
LA_D_8686332,0,5.031199e-05,0
LA_D_8691764,0,0.000104403705,0
LA_D_8695868,0,3.5954614e-05,0
LA_D_8714770,0,8.110991e-05,0
LA_D_8714999,0,7.553427e-05,0
LA_D_8792415,0,7.1455535e-05,0
LA_D_8793112,0,9.069422e-05,0
LA_D_8926176,0,0.00012847446,0
LA_D_8951929,0,0.0001563934,0
LA_D_8975144,0,7.728313e-05,0
LA_D_9078703,0,5.9979775e-05,0
LA_D_9082615,0,5.1003564e-05,0
LA_D_9090962,0,1.6806682e-05,0
LA_D_9120912,0,5.0484243e-05,0
LA_D_9141931,0,5.333567e-05,0
LA_D_9162826,0,6.829438e-05,0
LA_D_9214389,0,0.00011705165,0
LA_D_9254571,0,0.000112513226,0
LA_D_9270459,0,6.685753e-05,0
LA_D_9283838,0,9.663955e-05,0
LA_D_9286223,0,0.00010414101,0
LA_D_9318537,0,2.1588627e-05,0
LA_D_9347029,0,9.068436e-05,0
LA_D_9350453,0,0.00010379798,0
LA_D_9362885,0,0.00010322105,0
LA_D_9415159,0,7.758721e-05,0
LA_D_9479212,0,8.417083e-05,0
LA_D_9500532,0,0.00024241256,0
LA_D_9504776,0,0.00014154341,0
LA_D_9508280,0,9.702183e-05,0
LA_D_9512282,0,0.00013068042,0
LA_D_9541853,0,0.0002867819,0
LA_D_9554955,0,8.85852e-05,0
LA_D_9587491,0,0.00010144558,0
LA_D_9641664,0,0.0008740799,0
LA_D_9656378,0,6.210591e-05,0
LA_D_9664614,0,0.00018875155,0
LA_D_9669521,0,2.8817927e-05,0
LA_D_9702949,0,6.972015e-05,0
LA_D_9704152,0,0.0001738202,0
LA_D_9715643,0,0.000111807356,0
LA_D_9785400,0,4.688357e-05,0
LA_D_9811495,0,0.00017402136,0
LA_D_9821568,0,3.0717365e-05,0
LA_D_9844896,0,8.7865e-06,0
LA_D_9880739,0,3.954978e-05,0
LA_D_9884237,0,0.00013822364,0
LA_D_9954215,0,0.00019752582,0
LA_D_9997481,0,7.087705e-05,0
LA_D_1014313,0,0.00018410062,0
LA_D_1024828,0,3.1319044e-06,0
LA_D_1042957,0,5.5633573e-05,0
LA_D_1071755,0,0.00012578722,0
LA_D_1077260,0,0.00015483628,0
LA_D_1099918,0,7.891972e-05,0
LA_D_1116049,0,4.024359e-05,0
LA_D_1126375,0,0.00012960845,0
LA_D_1127824,0,8.8907385e-05,0
LA_D_1132441,0,0.00014618547,0
LA_D_1180208,0,1.1737391e-05,0
LA_D_1204522,0,5.932118e-05,0
LA_D_1207010,0,0.00014630958,0
LA_D_1233437,0,0.00024593205,0
LA_D_1240926,0,0.00012642368,0
LA_D_1251239,0,6.931524e-05,0
LA_D_1267409,0,0.0002342573,0
LA_D_1285082,0,0.000116359464,0
LA_D_1352376,0,0.00025164176,0
LA_D_1384883,0,6.966087e-05,0
LA_D_1426626,0,1.6275673e-05,0
LA_D_1434059,0,0.00026846875,0
LA_D_1441868,0,0.00020477541,0
LA_D_1452163,0,3.910241e-05,0
LA_D_1500944,0,5.5590666e-05,0
LA_D_1512410,0,4.2910433e-05,0
LA_D_1513571,0,0.00023925236,0
LA_D_1518705,0,0.00010996441,0
LA_D_1535257,0,8.222879e-05,0
LA_D_1553232,0,5.1614938e-05,0
LA_D_1553263,0,0.0001073291,0
LA_D_1569272,0,7.5087715e-05,0
LA_D_1575988,0,4.7101905e-05,0
LA_D_1579120,0,2.4473618e-05,0
LA_D_1601204,0,1.24897915e-05,0
LA_D_1638191,0,2.1788552e-05,0
LA_D_1638389,0,3.211384e-05,0
LA_D_1670814,0,0.00026561646,0
LA_D_1751935,0,0.0004285296,0
LA_D_1759072,0,9.3165465e-05,0
LA_D_1809228,0,0.0001075184,0
LA_D_1812790,0,6.7031615e-05,0
LA_D_1861177,0,0.00017675693,0
LA_D_1978644,0,0.0001910892,0
LA_D_1987685,0,0.00020657646,0
LA_D_2024850,0,0.00065814244,0
LA_D_2043551,0,1.93382e-05,0
LA_D_2043751,0,0.00014866375,0
LA_D_2057469,0,5.527878e-05,0
LA_D_2058715,0,7.455488e-05,0
LA_D_2081076,0,1.6068627e-05,0
LA_D_2085107,0,4.431812e-05,0
LA_D_2095161,0,5.8732065e-05,0
LA_D_2119575,0,3.3995468e-05,0
LA_D_2155597,0,0.00017924575,0
LA_D_2156358,0,4.0187595e-05,0
LA_D_2177130,0,0.00018117987,0
LA_D_2180081,0,2.460131e-05,0
LA_D_2187146,0,0.00010236015,0
LA_D_2218719,0,3.5534864e-05,0
LA_D_2224413,0,7.408846e-05,0
LA_D_2281393,0,1.0361436e-05,0
LA_D_2287659,0,1.2588468e-05,0
LA_D_2288437,0,6.698919e-05,0
LA_D_2291030,0,0.0006560783,0
LA_D_2320491,0,0.0001245133,0
LA_D_2381849,0,4.1264153e-05,0
LA_D_2393251,0,4.7093192e-05,0
LA_D_2419226,0,0.000101353726,0
LA_D_2428132,0,1.4707362e-05,0
LA_D_2464440,0,0.000120618126,0
LA_D_2503748,0,3.0384617e-05,0
LA_D_2519550,0,4.4928336e-05,0
LA_D_2531153,0,0.00017255988,0
LA_D_2534355,0,6.775132e-05,0
LA_D_2691767,0,3.5034976e-05,0
LA_D_2694236,0,9.592351e-05,0
LA_D_2710357,0,0.00021891398,0
LA_D_2762751,0,1.5392048e-05,0
LA_D_2808783,0,0.00019984534,0
LA_D_2818034,0,2.7267872e-05,0
LA_D_2869657,0,0.00015637164,0
LA_D_2903866,0,4.6243887e-05,0
LA_D_2939027,0,7.9214224e-05,0
LA_D_2943864,0,0.00010117739,0
LA_D_2950963,0,0.00010429266,0
LA_D_2959991,0,0.000100213925,0
LA_D_2973320,0,1.8359939e-05,0
LA_D_2976593,0,4.1335043e-05,0
LA_D_2999920,0,0.00012239031,0
LA_D_3053759,0,0.000118187905,0
LA_D_3055355,0,0.0002556937,0
LA_D_3061231,0,6.442353e-05,0
LA_D_3165119,0,6.0149436e-05,0
LA_D_3192893,0,0.00011848581,0
LA_D_3249889,0,2.9692075e-05,0
LA_D_3260017,0,0.00010063912,0
LA_D_3262004,0,1.8254297e-05,0
LA_D_3275650,0,5.6613353e-05,0
LA_D_3280997,0,1.9045949e-05,0
LA_D_3297516,0,1.9647297e-05,0
LA_D_3297875,0,0.00021683951,0
LA_D_3324145,0,0.00036688973,0
LA_D_3330227,0,1.4736973e-05,0
LA_D_3332389,0,3.0832205e-05,0
LA_D_3397300,0,3.3147713e-05,0
LA_D_3408868,0,3.475674e-05,0
LA_D_3424132,0,0.00012597411,0
LA_D_3446499,0,5.7164147e-05,0
LA_D_3449245,0,2.6826323e-05,0
LA_D_3453122,0,0.00011105834,0
LA_D_3475079,0,6.6408866e-05,0
LA_D_3480390,0,7.286511e-05,0
LA_D_3514423,0,5.1571442e-05,0
LA_D_3562518,0,2.3719824e-05,0
LA_D_3595306,0,0.00014130014,0
LA_D_3626249,0,8.7467204e-05,0
LA_D_3630332,0,0.00013773315,0
LA_D_3632818,0,9.099343e-05,0
LA_D_3645061,0,6.847293e-05,0
LA_D_3656100,0,3.1440806e-05,0
LA_D_3662597,0,0.00011158592,0
LA_D_3690818,0,0.00012530238,0
LA_D_3695181,0,8.865754e-05,0
LA_D_3701347,0,0.00026567624,0
LA_D_3706611,0,1.164182e-05,0
LA_D_3708066,0,5.021967e-05,0
LA_D_3715432,0,4.06675e-05,0
LA_D_3716647,0,0.0005867665,0
LA_D_3761840,0,5.888539e-05,0
LA_D_3768134,0,8.5412204e-05,0
LA_D_3803199,0,2.1043443e-06,0
LA_D_3809615,0,7.278434e-05,0
LA_D_3845345,0,8.5961874e-05,0
LA_D_3859553,0,2.811352e-05,0
LA_D_3866706,0,1.7218958e-05,0
LA_D_3901587,0,0.000120324046,0
LA_D_3903524,0,3.4415832e-05,0
LA_D_3928545,0,2.7549664e-05,0
LA_D_3945330,0,0.000111052526,0
LA_D_3977795,0,6.886564e-05,0
LA_D_3991143,0,0.00023331841,0
LA_D_4022595,0,0.00060379,0
LA_D_4047883,0,7.2729876e-05,0
LA_D_4052518,0,0.00020131489,0
LA_D_4073912,0,4.818776e-05,0
LA_D_4118240,0,8.5102265e-06,0
LA_D_4134557,0,0.000318427,0
LA_D_4140180,0,0.00037663933,0
LA_D_4195410,0,0.00010503962,0
LA_D_4195724,0,2.4537067e-05,0
LA_D_4230421,0,2.6232463e-05,0
LA_D_4249396,0,7.125412e-05,0
LA_D_4277404,0,3.0270985e-05,0
LA_D_4344378,0,3.675713e-05,0
LA_D_4350681,0,1.7747705e-05,0
LA_D_4362776,0,5.9025835e-05,0
LA_D_4382023,0,0.00014312184,0
LA_D_4418208,0,1.2374598e-05,0
LA_D_4427787,0,0.000121952275,0
LA_D_4429694,0,3.355331e-05,0
LA_D_4495277,0,4.4793236e-05,0
LA_D_4546830,0,0.00028662526,0
LA_D_4548869,0,6.483986e-05,0
LA_D_4581852,0,0.00022558212,0
LA_D_4582489,0,7.51039e-05,0
LA_D_4651240,0,3.5092526e-05,0
LA_D_4663597,0,0.00012828998,0
LA_D_4727007,0,5.4870066e-05,0
LA_D_4813632,0,6.4224114e-05,0
LA_D_4827346,0,2.1557911e-05,0
LA_D_4830689,0,0.0001759847,0
LA_D_4857310,0,0.00011400263,0
LA_D_4862951,0,4.5336e-05,0
LA_D_4882559,0,4.0841303e-05,0
LA_D_4886495,0,1.893692e-05,0
LA_D_4894867,0,2.0223748e-05,0
LA_D_4904445,0,0.005642778,0
LA_D_4909424,0,0.0001712463,0
LA_D_4929736,0,6.201454e-05,0
LA_D_4954650,0,4.2844764e-05,0
LA_D_4958419,0,4.413154e-05,0
LA_D_4977848,0,0.0001068305,0
LA_D_5005076,0,3.7731537e-05,0
LA_D_5020488,0,0.00011901224,0
LA_D_5023157,0,4.6741032e-05,0
LA_D_5025305,0,5.4210366e-05,0
LA_D_5031733,0,6.83926e-05,0
LA_D_5051294,0,0.00011172306,0
LA_D_5055459,0,9.224733e-05,0
LA_D_5067672,0,8.71093e-05,0
LA_D_5071522,0,0.00011276575,0
LA_D_5082183,0,0.0002889955,0
LA_D_5155475,0,2.0666264e-05,0
LA_D_5211419,0,2.4080944e-05,0
LA_D_5227264,0,1.1540785e-05,0
LA_D_5265620,0,8.136998e-05,0
LA_D_5307657,0,0.00014638618,0
LA_D_5324080,0,0.0005822851,0
LA_D_5343035,0,0.00011338532,0
LA_D_5351581,0,3.8269165e-05,0
LA_D_5375653,0,0.00014780858,0
LA_D_5419690,0,6.154076e-05,0
LA_D_5435775,0,6.923332e-05,0
LA_D_5449144,0,0.00021744757,0
LA_D_5456397,0,8.42521e-05,0
LA_D_5486499,0,8.76871e-05,0
LA_D_5499548,0,0.00020921815,0
LA_D_5511906,0,0.0013187508,0
LA_D_5556334,0,9.7392134e-05,0
LA_D_5559484,0,3.8591632e-05,0
LA_D_5572135,0,4.0203122e-05,0
LA_D_5597462,0,0.00014119213,0
LA_D_5620876,0,0.00011015163,0
LA_D_5690035,0,0.00041415342,0
LA_D_5695216,0,0.00022356657,0
LA_D_5731634,0,2.6665402e-05,0
LA_D_5746299,0,0.00040034213,0
LA_D_5762971,0,0.000115682815,0
LA_D_5771020,0,0.00019865927,0
LA_D_5798354,0,0.000104706596,0
LA_D_5813802,0,3.983796e-05,0
LA_D_5820162,0,2.6281012e-05,0
LA_D_5877103,0,5.2155043e-05,0
LA_D_5886006,0,8.795777e-05,0
LA_D_5893528,0,0.00018642849,0
LA_D_5900571,0,0.0001842253,0
LA_D_5922624,0,1.9003712e-05,0
LA_D_5980821,0,3.9242088e-05,0
LA_D_5981504,0,0.00011319336,0
LA_D_5991239,0,0.00021169797,0
LA_D_5992391,0,3.317355e-05,0
LA_D_6051390,0,2.3292596e-05,0
LA_D_6055777,0,1.7921986e-05,0
LA_D_6103075,0,9.7189244e-05,0
LA_D_6148702,0,0.00012194111,0
LA_D_6183192,0,0.00013177407,0
LA_D_6224665,0,5.575238e-05,0
LA_D_6248846,0,1.9344398e-05,0
LA_D_6320069,0,0.0003660219,0
LA_D_6325752,0,8.147659e-05,0
LA_D_6338202,0,0.00024612347,0
LA_D_6385051,0,9.063068e-05,0
LA_D_6431598,0,1.9416608e-05,0
LA_D_6434621,0,5.3410386e-05,0
LA_D_6435873,0,4.339441e-05,0
LA_D_6455523,0,2.1447648e-05,0
LA_D_6459893,0,2.220119e-05,0
LA_D_6507332,0,3.8252194e-05,0
LA_D_6576867,0,0.0001743785,0
LA_D_6579123,0,3.5519886e-05,0
LA_D_6590293,0,4.541311e-05,0
LA_D_6608085,0,0.0004471338,0
LA_D_6627826,0,6.8425084e-05,0
LA_D_6639256,0,1.0650948e-05,0
LA_D_6671110,0,1.7932192e-05,0
LA_D_6711995,0,0.00013660881,0
LA_D_6736176,0,0.00022791178,0
LA_D_6738030,0,7.701145e-05,0
LA_D_6739491,0,2.3565604e-05,0
LA_D_6761882,0,2.8462078e-05,0
LA_D_6770341,0,0.00031965857,0
LA_D_6787159,0,0.00047935414,0
LA_D_6794211,0,0.00014662983,0
LA_D_6843214,0,8.908212e-05,0
LA_D_6905996,0,1.4477085e-05,0
LA_D_6934686,0,0.00024825352,0
LA_D_6972399,0,0.00016345488,0
LA_D_6980039,0,2.7671153e-05,0
LA_D_6989900,0,0.0003061123,0
LA_D_7000460,0,0.00012326169,0
LA_D_7020889,0,9.6631906e-05,0
LA_D_7055163,0,4.797657e-05,0
LA_D_7065907,0,0.00013207673,0
LA_D_7086011,0,0.00010901972,0
LA_D_7106954,0,0.000104299026,0
LA_D_7165290,0,0.000150449,0
LA_D_7212013,0,0.00017802788,0
LA_D_7213976,0,0.00011059831,0
LA_D_7241320,0,0.00027322263,0
LA_D_7244084,0,0.00077078404,0
LA_D_7251773,0,9.094616e-05,0
LA_D_7263049,0,7.613769e-05,0
LA_D_7274110,0,4.3886695e-05,0
LA_D_7339211,0,2.7488806e-05,0
LA_D_7347960,0,0.00012229953,0
LA_D_7353591,0,4.4532193e-05,0
LA_D_7364593,0,0.003069545,0
LA_D_7364715,0,1.4595387e-05,0
LA_D_7364775,0,1.8385152e-05,0
LA_D_7371799,0,0.000150186,0
LA_D_7379658,0,2.4769255e-05,0
LA_D_7436563,0,4.539778e-05,0
LA_D_7455901,0,0.00040811588,0
LA_D_7466193,0,5.4936925e-05,0
LA_D_7469644,0,9.592041e-05,0
LA_D_7473314,0,0.00011804656,0
LA_D_7501739,0,5.0496667e-05,0
LA_D_7510281,0,9.304348e-05,0
LA_D_7546063,0,0.00018450833,0
LA_D_7549490,0,0.0001558389,0
LA_D_7559634,0,0.00017648243,0
LA_D_7561273,0,0.00029770576,0
LA_D_7568100,0,0.00010412145,0
LA_D_7568924,0,2.3998138e-05,0
LA_D_7584539,0,1.8085524e-05,0
LA_D_7588309,0,1.9795121e-05,0
LA_D_7589575,0,1.6437494e-05,0
LA_D_7604149,0,9.345017e-06,0
LA_D_7612335,0,2.7507922e-05,0
LA_D_7616407,0,0.00011857769,0
LA_D_7618104,0,6.742011e-05,0
LA_D_7624614,0,8.442663e-05,0
LA_D_7641129,0,0.00024779144,0
LA_D_7679409,0,2.9024812e-05,0
LA_D_7688209,0,5.768344e-05,0
LA_D_7736821,0,0.00012133125,0
LA_D_7747325,0,4.2078944e-05,0
LA_D_7763773,0,7.312147e-05,0
LA_D_7777990,0,0.000335151,0
LA_D_7789669,0,5.6462603e-05,0
LA_D_7826586,0,2.2854223e-05,0
LA_D_7867247,0,8.235733e-05,0
LA_D_7878571,0,0.000118587195,0
LA_D_7883693,0,0.00021924608,0
LA_D_7896038,0,6.2308434e-05,0
LA_D_7916660,0,1.1437126e-05,0
LA_D_7975929,0,0.0007868107,0
LA_D_8019844,0,9.659948e-05,0
LA_D_8021684,0,5.071185e-05,0
LA_D_8066851,0,5.7977486e-05,0
LA_D_8067296,0,1.8759116e-05,0
LA_D_8145707,0,0.00012830344,0
LA_D_8166206,0,0.0004468398,0
LA_D_8189800,0,2.140972e-05,0
LA_D_8223907,0,1.6899901e-05,0
LA_D_8377721,0,0.000101781225,0
LA_D_8381732,0,3.8490005e-05,0
LA_D_8397584,0,0.00040880352,0
LA_D_8400151,0,0.0003558458,0
LA_D_8404786,0,0.000109128516,0
LA_D_8407994,0,5.6341047e-05,0
LA_D_8425598,0,0.00010837667,0
LA_D_8441455,0,0.00015284469,0
LA_D_8444582,0,7.859727e-06,0
LA_D_8451983,0,7.12654e-05,0
LA_D_8453906,0,6.2136474e-05,0
LA_D_8455038,0,2.3333258e-05,0
LA_D_8512431,0,0.00012931095,0
LA_D_8539909,0,0.00011717494,0
LA_D_8607868,0,0.00010889296,0
LA_D_8630547,0,5.165177e-05,0
LA_D_8746689,0,8.205622e-05,0
LA_D_8748091,0,0.00058610167,0
LA_D_8803755,0,4.9178172e-05,0
LA_D_8834933,0,2.9019055e-05,0
LA_D_8835410,0,0.0002692678,0
LA_D_8971479,0,6.882999e-05,0
LA_D_9009537,0,0.00037923158,0
LA_D_9020983,0,0.0001340832,0
LA_D_9063327,0,8.6920685e-05,0
LA_D_9076043,0,7.32561e-05,0
LA_D_9097623,0,7.0935703e-06,0
LA_D_9111668,0,2.1622582e-05,0
LA_D_9119517,0,0.00036110243,0
LA_D_9125753,0,0.00010186124,0
LA_D_9139002,0,0.00020733477,0
LA_D_9154330,0,3.830458e-05,0
LA_D_9221112,0,1.3550559e-05,0
LA_D_9235965,0,3.0286983e-05,0
LA_D_9264463,0,0.00033502418,0
LA_D_9266794,0,8.840124e-05,0
LA_D_9274003,0,0.00016172612,0
LA_D_9309838,0,4.5310022e-05,0
LA_D_9310754,0,4.1809868e-05,0
LA_D_9310915,0,1.4924725e-05,0
LA_D_9320646,0,0.0001708516,0
LA_D_9337409,0,0.00019431724,0
LA_D_9345795,0,2.085528e-05,0
LA_D_9350724,0,3.698519e-05,0
LA_D_9370379,0,7.019426e-05,0
LA_D_9390364,0,0.00010840261,0
LA_D_9397192,0,0.00010445161,0
LA_D_9404750,0,5.099968e-05,0
LA_D_9432782,0,0.00011301605,0
LA_D_9450813,0,4.3616332e-05,0
LA_D_9482843,0,4.307698e-05,0
LA_D_9516319,0,0.00011247311,0
LA_D_9559812,0,7.9604884e-05,0
LA_D_9566212,0,4.0543277e-05,0
LA_D_9575353,0,0.00013996747,0
LA_D_9577784,0,4.0647414e-05,0
LA_D_9581568,0,4.269023e-05,0
LA_D_9592014,0,0.00011575234,0
LA_D_9609696,0,2.8785627e-05,0
LA_D_9620080,0,6.5636355e-05,0
LA_D_9626019,0,0.00010288722,0
LA_D_9644765,0,0.00017958602,0
LA_D_9659478,0,3.2943317e-05,0
LA_D_9683064,0,2.6254884e-05,0
LA_D_9707162,0,5.5914985e-05,0
LA_D_9750571,0,0.00017335394,0
LA_D_9786256,0,4.6988986e-05,0
LA_D_9796040,0,5.6115787e-05,0
LA_D_9796666,0,1.3409536e-05,0
LA_D_9813329,0,2.103904e-05,0
LA_D_9842978,0,5.7527424e-05,0
LA_D_9852879,0,1.633752e-05,0
LA_D_9872744,0,0.00023048124,0
LA_D_9904937,0,0.00010338172,0
LA_D_9935871,0,0.0002231894,0
LA_D_9947633,0,8.321989e-05,0
LA_D_9974425,0,3.9309583e-05,0
LA_D_9987214,0,9.833495e-05,0
LA_D_1006800,0,6.930691e-05,0
LA_D_1012014,0,7.320142e-05,0
LA_D_1023711,0,0.00015208073,0
LA_D_1025449,0,2.5332867e-05,0
LA_D_1035630,0,1.06022935e-05,0
LA_D_1079849,0,2.602398e-05,0
LA_D_1108554,0,6.739568e-05,0
LA_D_1130654,0,0.00027409327,0
LA_D_1145380,0,0.0001387209,0
LA_D_1208021,0,3.097e-05,0
LA_D_1209033,0,0.00016669028,0
LA_D_1217334,0,5.605834e-05,0
LA_D_1269105,0,5.9716782e-05,0
LA_D_1274877,0,6.16813e-05,0
LA_D_1279846,0,3.6469286e-05,0
LA_D_1292057,0,0.00010846765,0
LA_D_1320213,0,6.387871e-05,0
LA_D_1348965,0,4.8678176e-05,0
LA_D_1366945,0,2.9382598e-05,0
LA_D_1436550,0,5.5719644e-05,0
LA_D_1501900,0,6.553066e-05,0
LA_D_1522057,0,0.00016384608,0
LA_D_1523950,0,1.7723703e-05,0
LA_D_1546505,0,1.927014e-05,0
LA_D_1548926,0,5.4956054e-05,0
LA_D_1611094,0,0.000115823874,0
LA_D_1611432,0,0.0002645078,0
LA_D_1646348,0,6.433285e-05,0
LA_D_1648315,0,3.7440277e-05,0
LA_D_1750429,0,3.5321907e-05,0
LA_D_1797066,0,0.00010920597,0
LA_D_1807177,0,3.421386e-05,0
LA_D_1832856,0,5.4815046e-05,0
LA_D_1842604,0,6.650671e-05,0
LA_D_1844790,0,0.00014981383,0
LA_D_1847022,0,0.000429652,0
LA_D_1865058,0,2.2310154e-05,0
LA_D_1872889,0,9.741592e-05,0
LA_D_1902802,0,2.4667374e-05,0
LA_D_1919402,0,5.0343762e-05,0
LA_D_1922687,0,0.00021469052,0
LA_D_1930419,0,7.944677e-05,0
LA_D_1935485,0,2.285917e-05,0
LA_D_1992558,0,7.647663e-05,0
LA_D_2007592,0,9.618935e-06,0
LA_D_2019701,0,0.00032618348,0
LA_D_2020826,0,6.6541616e-06,0
LA_D_2047629,0,7.3300616e-05,0
LA_D_2097708,0,3.319621e-05,0
LA_D_2139474,0,3.9932635e-05,0
LA_D_2151504,0,4.8095077e-05,0
LA_D_2152857,0,1.4725255e-05,0
LA_D_2183722,0,5.0800903e-05,0
LA_D_2186964,0,7.096938e-05,0
LA_D_2188096,0,0.0001226802,0
LA_D_2222274,0,0.00025914985,0
LA_D_2268116,0,5.8316065e-05,0
LA_D_2319550,0,6.2240375e-05,0
LA_D_2322438,0,2.421257e-05,0
LA_D_2348890,0,6.384442e-05,0
LA_D_2352067,0,2.11419e-05,0
LA_D_2423661,0,6.4897205e-05,0
LA_D_2448863,0,4.3868535e-05,0
LA_D_2450840,0,1.0485782e-05,0
LA_D_2465175,0,2.306215e-05,0
LA_D_2478813,0,9.9515804e-05,0
LA_D_2487709,0,2.9232651e-05,0
LA_D_2505463,0,5.196941e-05,0
LA_D_2510943,0,6.4382264e-05,0
LA_D_2592787,0,0.00022152725,0
LA_D_2599634,0,3.445672e-05,0
LA_D_2607679,0,4.6692472e-05,0
LA_D_2609846,0,0.00015107088,0
LA_D_2622698,0,9.963141e-06,0
LA_D_2630833,0,5.6231227e-05,0
LA_D_2642614,0,2.213088e-05,0
LA_D_2643367,0,5.191839e-05,0
LA_D_2685215,0,3.318276e-05,0
LA_D_2716524,0,6.21411e-05,0
LA_D_2719044,0,1.4475566e-05,0
LA_D_2720865,0,9.851943e-06,0
LA_D_2728017,0,3.7838054e-05,0
LA_D_2742223,0,4.63946e-05,0
LA_D_2752289,0,3.9100476e-05,0
LA_D_2752681,0,2.1938527e-05,0
LA_D_2797968,0,2.8237524e-05,0
LA_D_2799771,0,6.714953e-05,0
LA_D_2829043,0,3.507924e-05,0
LA_D_2843055,0,3.731637e-05,0
LA_D_2864582,0,5.9798727e-05,0
LA_D_2909530,0,0.00024434205,0
LA_D_2927394,0,3.3868135e-05,0
LA_D_2936455,0,3.7828708e-05,0
LA_D_2965424,0,0.00010317313,0
LA_D_2967557,0,0.00010129981,0
LA_D_2968028,0,9.262485e-05,0
LA_D_2973812,0,7.0598726e-05,0
LA_D_2980255,0,0.00012720049,0
LA_D_2982910,0,3.882067e-05,0
LA_D_2995459,0,1.9986443e-05,0
LA_D_2996775,0,2.8930248e-05,0
LA_D_3017713,0,7.610378e-05,0
LA_D_3019903,0,5.95488e-05,0
LA_D_3042444,0,9.092751e-05,0
LA_D_3056222,0,2.3114353e-05,0
LA_D_3057668,0,1.729179e-05,0
LA_D_3057702,0,3.6713584e-05,0
LA_D_3094082,0,4.0296123e-05,0
LA_D_3110337,0,0.00014756552,0
LA_D_3118678,0,3.9127106e-05,0
LA_D_3163312,0,8.303162e-05,0
LA_D_3164458,0,2.6369433e-05,0
LA_D_3171467,0,3.0420542e-05,0
LA_D_3201750,0,6.776094e-05,0
LA_D_3221717,0,9.092156e-06,0
LA_D_3329914,0,3.5395584e-05,0
LA_D_3344406,0,1.5958489e-05,0
LA_D_3355442,0,3.3144774e-05,0
LA_D_3401379,0,9.14122e-05,0
LA_D_3405729,0,4.548827e-05,0
LA_D_3422520,0,7.5853386e-05,0
LA_D_3427617,0,0.00010477472,0
LA_D_3449140,0,0.0002826788,0
LA_D_3477092,0,3.4683537e-05,0
LA_D_3502803,0,5.4151056e-05,0
LA_D_3512866,0,8.265071e-05,0
LA_D_3537247,0,1.4895845e-05,0
LA_D_3543461,0,8.512087e-05,0
LA_D_3549631,0,2.0899859e-05,0
LA_D_3554128,0,1.8938726e-05,0
LA_D_3582014,0,1.7713666e-05,0
LA_D_3615597,0,6.264923e-05,0
LA_D_3625471,0,4.2291715e-05,0
LA_D_3663959,0,2.5887715e-05,0
LA_D_3698117,0,3.2671658e-05,0
LA_D_3765254,0,9.335686e-05,0
LA_D_3785568,0,2.9556613e-05,0
LA_D_3894830,0,0.00014595065,0
LA_D_3930731,0,3.0882497e-05,0
LA_D_3981572,0,5.0289447e-05,0
LA_D_3987112,0,0.0005760342,0
LA_D_3997475,0,8.330445e-05,0
LA_D_4017002,0,4.0455798e-05,0
LA_D_4046737,0,9.240562e-05,0
LA_D_4060180,0,3.0481264e-05,0
LA_D_4064534,0,2.1848706e-05,0
LA_D_4094835,0,6.559737e-05,0
LA_D_4096967,0,3.8725713e-05,0
LA_D_4138511,0,0.00021547102,0
LA_D_4157090,0,8.175809e-05,0
LA_D_4193062,0,3.7013066e-05,0
LA_D_4195166,0,3.2204618e-05,0
LA_D_4258684,0,8.519053e-06,0
LA_D_4263714,0,5.2897616e-05,0
LA_D_4269408,0,0.000375849,0
LA_D_4269851,0,3.2270007e-05,0
LA_D_4275044,0,4.3303342e-05,0
LA_D_4288746,0,0.00014826622,0
LA_D_4317915,0,5.4123073e-05,0
LA_D_4321631,0,4.6806155e-05,0
LA_D_4345392,0,4.8355698e-05,0
LA_D_4356469,0,0.00035207326,0
LA_D_4390393,0,3.157066e-05,0
LA_D_4407342,0,5.4338205e-05,0
LA_D_4422392,0,0.00011578976,0
LA_D_4449687,0,4.198819e-05,0
LA_D_4450602,0,9.676229e-05,0
LA_D_4506176,0,2.9764484e-05,0
LA_D_4516474,0,4.236623e-05,0
LA_D_4520907,0,6.183412e-05,0
LA_D_4547450,0,3.1827767e-05,0
LA_D_4593014,0,5.837103e-05,0
LA_D_4632562,0,5.9190254e-05,0
LA_D_4681916,0,7.625335e-05,0
LA_D_4702787,0,2.3209423e-05,0
LA_D_4746899,0,3.9734452e-05,0
LA_D_4816337,0,9.0105794e-05,0
LA_D_4845926,0,1.0805176e-05,0
LA_D_4847812,0,0.00011586144,0
LA_D_4848911,0,3.521744e-05,0
LA_D_4884397,0,5.7820187e-05,0
LA_D_4918910,0,2.5489633e-05,0
LA_D_4927338,0,8.106367e-05,0
LA_D_4936646,0,2.6490088e-05,0
LA_D_4954418,0,9.534496e-05,0
LA_D_4954625,0,0.00010864072,0
LA_D_4955851,0,0.00010538654,0
LA_D_4977382,0,5.5264703e-05,0
LA_D_4990214,0,3.5454574e-05,0
LA_D_5007950,0,3.6517627e-05,0
LA_D_5057411,0,7.314874e-05,0
LA_D_5057482,0,3.8862636e-05,0
LA_D_5071649,0,3.297377e-05,0
LA_D_5078657,0,3.3833494e-05,0
LA_D_5100984,0,0.00030191804,0
LA_D_5117078,0,5.188938e-05,0
LA_D_5137247,0,0.00015332566,0
LA_D_5167358,0,0.00021885258,0
LA_D_5168359,0,0.0016632614,0
LA_D_5187561,0,1.26202385e-05,0
LA_D_5221028,0,4.224391e-05,0
LA_D_5229781,0,5.3550437e-05,0
LA_D_5236826,0,3.1514894e-05,0
LA_D_5276272,0,3.3039058e-05,0
LA_D_5276348,0,2.066847e-05,0
LA_D_5292683,0,2.0357904e-05,0
LA_D_5436589,0,3.1083116e-05,0
LA_D_5439979,0,1.7484957e-05,0
LA_D_5454134,0,2.4315657e-05,0
LA_D_5482436,0,6.443263e-05,0
LA_D_5483976,0,2.4404888e-05,0
LA_D_5505633,0,4.3808923e-05,0
LA_D_5545759,0,2.385016e-05,0
LA_D_5577571,0,3.0554518e-05,0
LA_D_5614734,0,2.7134252e-05,0
LA_D_5636826,0,2.5644533e-05,0
LA_D_5673238,0,0.00011333247,0
LA_D_5685884,0,7.443709e-05,0
LA_D_5709308,0,4.6375273e-05,0
LA_D_5759815,0,0.00020912741,0
LA_D_5762299,0,0.00023811655,0
LA_D_5766454,0,0.00012952888,0
LA_D_5782011,0,7.9536825e-05,0
LA_D_5808364,0,2.810194e-05,0
LA_D_5827672,0,3.0614134e-05,0
LA_D_5856267,0,1.9222032e-05,0
LA_D_5865882,0,3.9837465e-05,0
LA_D_5872228,0,3.758824e-05,0
LA_D_5885744,0,2.3077131e-05,0
LA_D_5902944,0,6.3098914e-06,0
LA_D_5926820,0,2.7087946e-05,0
LA_D_5940073,0,1.12842345e-05,0
LA_D_5946805,0,4.3780314e-05,0
LA_D_5978963,0,2.4463096e-05,0
LA_D_5996963,0,3.6425143e-05,0
LA_D_6046242,0,9.741462e-05,0
LA_D_6063723,0,2.1941894e-05,0
LA_D_6065963,0,8.458538e-05,0
LA_D_6069206,0,1.657613e-05,0
LA_D_6087332,0,2.9533878e-05,0
LA_D_6100859,0,1.4267371e-05,0
LA_D_6114427,0,4.8696933e-05,0
LA_D_6119277,0,2.4144041e-05,0
LA_D_6190101,0,2.1247264e-05,0
LA_D_6245395,0,3.562155e-05,0
LA_D_6261869,0,2.9092153e-05,0
LA_D_6316752,0,6.409838e-05,0
LA_D_6322857,0,2.1385395e-05,0
LA_D_6347272,0,9.4850024e-05,0
LA_D_6350790,0,5.1603718e-05,0
LA_D_6357050,0,0.00014093495,0
LA_D_6380073,0,4.17509e-05,0
LA_D_6382632,0,5.4299773e-05,0
LA_D_6388697,0,4.4542936e-05,0
LA_D_6416726,0,5.738655e-05,0
LA_D_6426747,0,5.75418e-05,0
LA_D_6464823,0,3.377769e-05,0
LA_D_6547634,0,1.7376493e-05,0
LA_D_6579258,0,6.661271e-05,0
LA_D_6611831,0,3.1873205e-05,0
LA_D_6634974,0,3.0474373e-05,0
LA_D_6637278,0,5.1974064e-05,0
LA_D_6640366,0,2.1775753e-05,0
LA_D_6641057,0,9.056787e-05,0
LA_D_6655351,0,4.902968e-05,0
LA_D_6657787,0,4.7788075e-05,0
LA_D_6659080,0,5.3752734e-05,0
LA_D_6693854,0,3.487504e-05,0
LA_D_6742189,0,2.9587833e-05,0
LA_D_6754279,0,7.02536e-05,0
LA_D_6779582,0,7.360608e-05,0
LA_D_6791686,0,0.00016494273,0
LA_D_6863787,0,8.9300695e-05,0
LA_D_6942133,0,5.0465853e-05,0
LA_D_6978561,0,3.8206228e-05,0
LA_D_6992037,0,2.5675852e-05,0
LA_D_6992646,0,1.847738e-05,0
LA_D_7011066,0,6.800078e-05,0
LA_D_7040944,0,0.13562815,0
LA_D_7062833,0,9.7385266e-05,0
LA_D_7073459,0,5.0628492e-05,0
LA_D_7079669,0,0.000203723,0
LA_D_7114286,0,4.185087e-05,0
LA_D_7134088,0,0.00023223844,0
LA_D_7148970,0,6.85412e-05,0
LA_D_7189764,0,1.597533e-05,0
LA_D_7197109,0,3.16526e-05,0
LA_D_7224276,0,6.298781e-05,0
LA_D_7245490,0,2.9559802e-05,0
LA_D_7247122,0,1.6136595e-05,0
LA_D_7278229,0,5.1227016e-05,0
LA_D_7282553,0,1.4459119e-05,0
LA_D_7292017,0,4.2975138e-05,0
LA_D_7294657,0,3.403874e-05,0
LA_D_7298360,0,4.232399e-05,0
LA_D_7298575,0,0.00018104275,0
LA_D_7321528,0,0.00010077222,0
LA_D_7330214,0,5.6041074e-05,0
LA_D_7389105,0,4.2812255e-05,0
LA_D_7389214,0,3.9791223e-05,0
LA_D_7431097,0,2.1871074e-05,0
LA_D_7433073,0,2.0621179e-05,0
LA_D_7438406,0,1.9442807e-05,0
LA_D_7468734,0,4.1568583e-05,0
LA_D_7471100,0,2.4469862e-05,0
LA_D_7473457,0,4.3643257e-05,0
LA_D_7506436,0,2.5983585e-05,0
LA_D_7516822,0,4.8831e-05,0
LA_D_7603416,0,2.3181285e-05,0
LA_D_7603542,0,4.300355e-05,0
LA_D_7641950,0,4.620245e-05,0
LA_D_7645919,0,7.0782626e-05,0
LA_D_7672869,0,5.5122797e-05,0
LA_D_7719872,0,2.4049457e-05,0
LA_D_7721596,0,3.1677482e-05,0
LA_D_7756164,0,2.3747642e-05,0
LA_D_7757696,0,0.00014839011,0
LA_D_7762795,0,3.647624e-05,0
LA_D_7795590,0,3.803366e-05,0
LA_D_7827140,0,7.3820265e-05,0
LA_D_7864914,0,6.716804e-05,0
LA_D_7884980,0,7.0289985e-05,0
LA_D_7892127,0,2.7632232e-05,0
LA_D_7892153,0,4.1793523e-05,0
LA_D_7977494,0,2.9427212e-05,0
LA_D_8014046,0,4.9009446e-05,0
LA_D_8020639,0,8.692396e-06,0
LA_D_8051493,0,0.00010746736,0
LA_D_8083306,0,0.00010952592,0
LA_D_8119054,0,0.000110219924,0
LA_D_8157473,0,6.738862e-05,0
LA_D_8233126,0,4.343565e-05,0
LA_D_8266916,0,5.7749705e-05,0
LA_D_8278845,0,5.844511e-05,0
LA_D_8317299,0,1.0337984e-05,0
LA_D_8350505,0,4.8755803e-05,0
LA_D_8352772,0,5.1541792e-05,0
LA_D_8379927,0,7.448509e-05,0
LA_D_8407631,0,7.16843e-05,0
LA_D_8408616,0,2.9386045e-05,0
LA_D_8429596,0,3.1779087e-05,0
LA_D_8433350,0,3.6742305e-05,0
LA_D_8442719,0,7.824888e-05,0
LA_D_8504203,0,5.0116618e-05,0
LA_D_8509886,0,1.1799927e-05,0
LA_D_8512928,0,9.375724e-06,0
LA_D_8527649,0,9.802104e-06,0
LA_D_8550461,0,3.360961e-05,0
LA_D_8605944,0,0.0001381077,0
LA_D_8636102,0,7.493271e-05,0
LA_D_8655950,0,7.919746e-05,0
LA_D_8703309,0,0.00015486493,0
LA_D_8704683,0,5.6070527e-05,0
LA_D_8714203,0,5.5298548e-05,0
LA_D_8737938,0,3.722517e-05,0
LA_D_8746101,0,9.403374e-05,0
LA_D_8749485,0,6.916997e-05,0
LA_D_8752562,0,6.66713e-05,0
LA_D_8757855,0,1.1181514e-05,0
LA_D_8790340,0,6.688157e-05,0
LA_D_8842294,0,4.241357e-05,0
LA_D_8844402,0,0.00013414433,0
LA_D_8858606,0,7.112771e-05,0
LA_D_8874055,0,2.898802e-05,0
LA_D_8880080,0,6.288134e-05,0
LA_D_8884489,0,0.00011047836,0
LA_D_8887766,0,3.137913e-05,0
LA_D_8974682,0,1.518335e-05,0
LA_D_9008648,0,0.0001776694,0
LA_D_9078979,0,0.0006905582,0
LA_D_9080347,0,2.6351356e-05,0
LA_D_9088112,0,0.00033638548,0
LA_D_9093953,0,8.7362845e-05,0
LA_D_9099877,0,3.8608527e-05,0
LA_D_9116238,0,4.6199104e-05,0
LA_D_9120875,0,0.066706784,0
LA_D_9143945,0,5.970077e-06,0
LA_D_9144102,0,0.00012648724,0
LA_D_9148848,0,7.2072806e-05,0
LA_D_9163648,0,8.519476e-05,0
LA_D_9171147,0,6.426511e-05,0
LA_D_9197571,0,5.649702e-05,0
LA_D_9241622,0,2.2080225e-05,0
LA_D_9247877,0,0.00010603208,0
LA_D_9252037,0,0.00014347203,0
LA_D_9261739,0,7.5064665e-05,0
LA_D_9300215,0,7.7023346e-05,0
LA_D_9304067,0,2.1457057e-05,0
LA_D_9317483,0,5.6864355e-05,0
LA_D_9323818,0,5.6399316e-05,0
LA_D_9375135,0,0.0086969845,0
LA_D_9375495,0,2.2657501e-05,0
LA_D_9397840,0,2.311691e-05,0
LA_D_9397923,0,0.0015308041,0
LA_D_9433309,0,5.5576995e-05,0
LA_D_9439849,0,7.5565105e-05,0
LA_D_9473241,0,5.9868114e-05,0
LA_D_9486985,0,3.4446275e-05,0
LA_D_9487501,0,4.818464e-05,0
LA_D_9497832,0,4.4928336e-05,0
LA_D_9550154,0,5.8955124e-05,0
LA_D_9593709,0,7.862503e-05,0
LA_D_9734417,0,8.2705184e-05,0
LA_D_9847175,0,5.5444227e-05,0
LA_D_9848213,0,2.516732e-05,0
LA_D_9860605,0,3.847085e-05,0
LA_D_9878738,0,1.4555884e-05,0
LA_D_9901913,0,2.3764927e-05,0
LA_D_9910927,0,4.5676792e-05,0
LA_D_9948857,0,5.8116762e-05,0
LA_D_9949914,0,0.0025203053,0
LA_D_9950490,0,4.0647723e-05,0
LA_D_9995807,0,7.659545e-05,0
LA_D_9997570,0,0.00068768405,0
LA_D_1002200,0,0.00015947598,0
LA_D_1007830,0,0.00015561764,0
LA_D_1025756,0,3.4466975e-05,0
LA_D_1063772,0,0.00026292377,0
LA_D_1067946,0,0.0001843272,0
LA_D_1110070,0,0.00016076137,0
LA_D_1131210,0,0.00015010181,0
LA_D_1135642,0,4.5563505e-05,0
LA_D_1297929,0,0.0001581585,0
LA_D_1302448,0,7.6028344e-05,0
LA_D_1340425,0,5.604129e-05,0
LA_D_1387034,0,0.00015416245,0
LA_D_1400454,0,8.365942e-05,0
LA_D_1447906,0,0.00015375006,0
LA_D_1462987,0,0.00014013522,0
LA_D_1466691,0,0.08743169,0
LA_D_1474686,0,0.00023542879,0
LA_D_1579407,0,5.5237462e-05,0
LA_D_1613160,0,0.0001188018,0
LA_D_1631229,0,0.00016317505,0
LA_D_1648545,0,0.00011181695,0
LA_D_1670480,0,0.00024866525,0
LA_D_1700594,0,8.75257e-05,0
LA_D_1713307,0,0.8567423,1
LA_D_1714907,0,0.00017791182,0
LA_D_1721029,0,0.00012954137,0
LA_D_1771814,0,6.279098e-05,0
LA_D_1787826,0,0.00042245365,0
LA_D_1853137,0,9.330319e-05,0
LA_D_1876813,0,4.705333e-05,0
LA_D_1907754,0,0.00012270395,0
LA_D_1919468,0,0.0005767731,0
LA_D_1943658,0,0.00012543962,0
LA_D_1950787,0,9.5865544e-05,0
LA_D_2045641,0,2.5879572e-05,0
LA_D_2065995,0,0.00016567158,0
LA_D_2108373,0,0.00028780903,0
LA_D_2112409,0,0.00011475989,0
LA_D_2133817,0,0.000118530435,0
LA_D_2154839,0,0.00016963252,0
LA_D_2182562,0,5.138661e-05,0
LA_D_2213830,0,0.00038106897,0
LA_D_2238605,0,0.00027881112,0
LA_D_2248057,0,0.0009428738,0
LA_D_2267149,0,0.00014041383,0
LA_D_2267504,0,0.00021702565,0
LA_D_2273005,0,0.00024665814,0
LA_D_2313563,0,0.093682066,0
LA_D_2321743,0,0.00019311997,0
LA_D_2323254,0,4.3672273e-05,0
LA_D_2389222,0,0.00026048056,0
LA_D_2450195,0,6.366609e-05,0
LA_D_2453665,0,0.43407372,0
LA_D_2467966,0,6.567148e-05,0
LA_D_2518852,0,2.9633577e-05,0
LA_D_2576529,0,0.00032589937,0
LA_D_2653207,0,4.9932478e-05,0
LA_D_2677147,0,0.0001474641,0
LA_D_2690767,0,0.00036422026,0
LA_D_2730632,0,0.00028091096,0
LA_D_2837273,0,0.00036556192,0
LA_D_3002780,0,9.7020435e-05,0
LA_D_3016487,0,7.559646e-05,0
LA_D_3030138,0,0.00012188066,0
LA_D_3044640,0,8.542735e-05,0
LA_D_3056925,0,0.0080816755,0
LA_D_3078117,0,0.00011108832,0
LA_D_3086038,0,7.435863e-05,0
LA_D_3119921,0,9.374634e-05,0
LA_D_3124585,0,0.00017152131,0
LA_D_3206137,0,0.00025544735,0
LA_D_3227084,0,0.00027702074,0
LA_D_3236240,0,0.00012323359,0
LA_D_3240450,0,0.000102703336,0
LA_D_3295687,0,8.479503e-05,0
LA_D_3297188,0,0.000208856,0
LA_D_3313017,0,0.00021858359,0
LA_D_3340625,0,0.00093447184,0
LA_D_3361986,0,7.661415e-05,0
LA_D_3388294,0,0.00020643428,0
LA_D_3395799,0,0.00016672238,0
LA_D_3478936,0,0.00014204069,0
LA_D_3513257,0,9.227214e-05,0
LA_D_3532043,0,0.00015524328,0
LA_D_3584869,0,5.267256e-05,0
LA_D_3650218,0,0.00012302307,0
LA_D_3743275,0,6.0078808e-05,0
LA_D_3825396,0,0.00018582525,0
LA_D_3845352,0,7.9661084e-05,0
LA_D_3906693,0,0.00027767333,0
LA_D_3945541,0,0.00017928609,0
LA_D_3969123,0,0.000121034725,0
LA_D_4026256,0,0.00021657954,0
LA_D_4091670,0,6.458826e-05,0
LA_D_4110964,0,0.000112015245,0
LA_D_4164922,0,7.453157e-05,0
LA_D_4172608,0,0.0004807223,0
LA_D_4175116,0,0.00026823848,0
LA_D_4192839,0,0.023777947,0
LA_D_4201464,0,9.269262e-05,0
LA_D_4218217,0,0.00024811344,0
LA_D_4225915,0,0.00015228505,0
LA_D_4264652,0,6.8239766e-05,0
LA_D_4266917,0,0.00014199872,0
LA_D_4267207,0,0.0009726371,0
LA_D_4312282,0,0.00016542169,0
LA_D_4357877,0,7.353445e-05,0
LA_D_4365534,0,9.709318e-05,0
LA_D_4374130,0,0.00016420268,0
LA_D_4379964,0,0.00016750238,0
LA_D_4421478,0,9.669329e-05,0
LA_D_4455707,0,0.00043396497,0
LA_D_4470743,0,0.00030028808,0
LA_D_4472830,0,0.0037583283,0
LA_D_4490113,0,9.583007e-05,0
LA_D_4579304,0,2.195705e-05,0
LA_D_4597782,0,0.00016907316,0
LA_D_4636504,0,8.704967e-05,0
LA_D_4653157,0,0.00055713084,0
LA_D_4660628,0,2.3550867e-05,0
LA_D_4668402,0,0.00010176211,0
LA_D_4683557,0,0.00017113611,0
LA_D_4703703,0,0.00013652703,0
LA_D_4708702,0,0.00014651788,0
LA_D_4710815,0,7.418581e-05,0
LA_D_4718825,0,6.621883e-05,0
LA_D_4728167,0,0.00013484842,0
LA_D_4756759,0,0.00013439695,0
LA_D_4814132,0,2.3896124e-05,0
LA_D_4858728,0,3.8958333e-05,0
LA_D_4876929,0,0.00035377673,0
LA_D_4961850,0,0.00011067616,0
LA_D_4963596,0,5.991009e-05,0
LA_D_5027567,0,6.961206e-05,0
LA_D_5155460,0,7.231555e-05,0
LA_D_5166256,0,3.4603254e-05,0
LA_D_5171575,0,3.0784373e-05,0
LA_D_5203788,0,0.00020862333,0
LA_D_5224466,0,0.00012127573,0
LA_D_5294773,0,0.0001371875,0
LA_D_5311628,0,8.863929e-05,0
LA_D_5319370,0,3.977756e-05,0
LA_D_5322044,0,0.00014557371,0
LA_D_5328555,0,8.113667e-05,0
LA_D_5341578,0,0.00018055213,0
LA_D_5363798,0,6.879987e-05,0
LA_D_5394371,0,9.1761634e-05,0
LA_D_5402057,0,2.6640368e-05,0
LA_D_5418908,0,7.537482e-05,0
LA_D_5456777,0,0.00014105515,0
LA_D_5465280,0,6.419589e-05,0
LA_D_5467501,0,8.818764e-05,0
LA_D_5504231,0,6.28997e-05,0
LA_D_5546688,0,0.0002626259,0
LA_D_5610202,0,0.00048012286,0
LA_D_5628839,0,5.2226715e-05,0
LA_D_5655804,0,0.00012589114,0
LA_D_5694219,0,0.00018315829,0
LA_D_5723637,0,9.3434246e-05,0
LA_D_5733934,0,0.000520556,0
LA_D_5744337,0,7.336726e-05,0
LA_D_5859431,0,0.048417263,0
LA_D_5891436,0,0.0001676342,0
LA_D_5894669,0,0.00018551562,0
LA_D_5981100,0,0.00013055089,0
LA_D_6002047,0,4.0719697e-05,0
LA_D_6028412,0,0.00023065224,0
LA_D_6063728,0,0.000118203134,0
LA_D_6085680,0,0.00014903773,0
LA_D_6098066,0,0.00017138546,0
LA_D_6138688,0,0.0003120367,0
LA_D_6165482,0,0.00027225114,0
LA_D_6187643,0,0.0005555236,0
LA_D_6209900,0,9.727742e-05,0
LA_D_6218180,0,0.00040137352,0
LA_D_6286091,0,9.561447e-05,0
LA_D_6332892,0,0.0017835109,0
LA_D_6373451,0,9.758085e-05,0
LA_D_6459710,0,8.326879e-05,0
LA_D_6469751,0,0.00019005455,0
LA_D_6482933,0,9.485617e-05,0
LA_D_6536746,0,2.0853431e-05,0
LA_D_6549281,0,0.00010697494,0
LA_D_6575758,0,3.8518796e-05,0
LA_D_6590381,0,6.179457e-05,0
LA_D_6648837,0,2.9356688e-05,0
LA_D_6729894,0,0.00016529918,0
LA_D_6731562,0,0.0002801255,0
LA_D_6735956,0,0.0003649185,0
LA_D_6789741,0,5.5394554e-05,0
LA_D_6813006,0,2.2503407e-05,0
LA_D_6856066,0,0.000105595886,0
LA_D_6878630,0,0.0004991873,0
LA_D_6878754,0,5.740018e-05,0
LA_D_6945155,0,0.0001599554,0
LA_D_6952192,0,0.00022845808,0
LA_D_6954943,0,3.799715e-05,0
LA_D_6994171,0,3.3505952e-05,0
LA_D_6996385,0,0.00023608113,0
LA_D_7003290,0,0.00019414557,0
LA_D_7019901,0,0.0002357988,0
LA_D_7046619,0,0.00018234036,0
LA_D_7060810,0,0.00023261896,0
LA_D_7097332,0,4.306712e-05,0
LA_D_7105149,0,9.0891015e-05,0
LA_D_7132999,0,0.02599922,0
LA_D_7136231,0,2.0893522e-05,0
LA_D_7178613,0,3.067989e-05,0
LA_D_7227717,0,7.66773e-05,0
LA_D_7293074,0,0.00011107211,0
LA_D_7294764,0,0.0008412415,0
LA_D_7295956,0,0.00015007432,0
LA_D_7303262,0,2.6766984e-05,0
LA_D_7385868,0,0.00015645486,0
LA_D_7403339,0,9.47589e-05,0
LA_D_7445001,0,7.553931e-05,0
LA_D_7447986,0,6.874268e-05,0
LA_D_7452521,0,0.0001368996,0
LA_D_7463331,0,9.0976864e-05,0
LA_D_7539350,0,9.945338e-05,0
LA_D_7610528,0,0.00018792138,0
LA_D_7623512,0,0.00015162824,0
LA_D_7631675,0,7.195709e-05,0
LA_D_7702257,0,7.919172e-05,0
LA_D_7766599,0,0.00014167602,0
LA_D_7807172,0,0.00019511578,0
LA_D_7856548,0,0.00012888305,0
LA_D_7857513,0,0.00028233428,0
LA_D_7860524,0,0.00040913216,0
LA_D_7934321,0,9.0803085e-05,0
LA_D_7954991,0,9.988745e-05,0
LA_D_7963313,0,0.00021740799,0
LA_D_7986850,0,0.008008012,0
LA_D_8012684,0,0.00010104954,0
LA_D_8044923,0,0.0006912292,0
LA_D_8050230,0,0.000170068,0
LA_D_8057533,0,0.00013867898,0
LA_D_8065951,0,6.933058e-05,0
LA_D_8086042,0,3.693979e-05,0
LA_D_8089138,0,0.00012323889,0
LA_D_8107939,0,8.0395e-05,0
LA_D_8136802,0,0.00016765417,0
LA_D_8177600,0,0.00026787046,0
LA_D_8180116,0,9.583127e-05,0
LA_D_8185337,0,0.00016230822,0
LA_D_8203374,0,8.030389e-05,0
LA_D_8217062,0,2.850731e-05,0
LA_D_8229927,0,6.0526712e-05,0
LA_D_8298869,0,0.00027465099,0
LA_D_8323465,0,3.2146196e-05,0
LA_D_8362480,0,7.699295e-05,0
LA_D_8362615,0,0.001372206,0
LA_D_8392326,0,0.0009650848,0
LA_D_8414414,0,0.0001524636,0
LA_D_8422718,0,0.00022291698,0
LA_D_8512727,0,3.1088097e-05,0
LA_D_8598286,0,0.0001894441,0
LA_D_8599385,0,0.00013135982,0
LA_D_8657678,0,0.00010147751,0
LA_D_8658570,0,0.00014843314,0
LA_D_8688272,0,3.09708e-05,0
LA_D_8688945,0,0.000107949556,0
LA_D_8691875,0,0.00048592663,0
LA_D_8762296,0,0.000112284084,0
LA_D_8765322,0,2.1352647e-05,0
LA_D_8778367,0,0.0005125898,0
LA_D_8779473,0,0.00028183596,0
LA_D_8789400,0,9.9234356e-05,0
LA_D_8803432,0,0.00015997034,0
LA_D_8821416,0,7.5535136e-05,0
LA_D_8844445,0,7.1743045e-05,0
LA_D_8905425,0,6.217441e-05,0
LA_D_8910475,0,0.00014418423,0
LA_D_8944361,0,0.00013657729,0
LA_D_8964349,0,0.0006365794,0
LA_D_9028753,0,0.0007235152,0
LA_D_9050986,0,7.150788e-05,0
LA_D_9069422,0,0.00031454948,0
LA_D_9102400,0,0.00027846682,0
LA_D_9175939,0,9.6415606e-05,0
LA_D_9239645,0,9.340147e-05,0
LA_D_9247502,0,0.00048747988,0
LA_D_9253420,0,0.00028855554,0
LA_D_9330010,0,0.00019695258,0
LA_D_9338167,0,0.00010472757,0
LA_D_9339602,0,0.00017194166,0
LA_D_9356307,0,0.00014073687,0
LA_D_9394766,0,0.0004492698,0
LA_D_9412889,0,0.00014166684,0
LA_D_9432031,0,0.0005176893,0
LA_D_9440603,0,0.0002805411,0
LA_D_9449715,0,0.0001837902,0
LA_D_9476215,0,0.00018863118,0
LA_D_9488197,0,0.00010516439,0
LA_D_9537038,0,0.00010171409,0
LA_D_9575315,0,0.00016389343,0
LA_D_9644461,0,0.00016112383,0
LA_D_9644520,0,0.00011524417,0
LA_D_9646459,0,8.388806e-05,0
LA_D_9698822,0,8.179521e-05,0
LA_D_9732708,0,1.3775488e-05,0
LA_D_9744020,0,0.00014604475,0
LA_D_9791419,0,0.00028089734,0
LA_D_9847423,0,8.778758e-05,0
LA_D_9895830,0,0.00015200663,0
LA_D_9922367,0,4.7038076e-05,0
LA_D_9936454,0,0.000167503,0
LA_D_9964285,0,0.00010390215,0
LA_D_1027036,0,0.00017102975,0
LA_D_1063280,0,0.95184726,1
LA_D_1074040,0,0.00011782142,0
LA_D_1158489,0,0.00012835041,0
LA_D_1168201,0,0.000540743,0
LA_D_1179745,0,0.00013503627,0
LA_D_1190183,0,0.00015128987,0
LA_D_1232140,0,0.026148884,0
LA_D_1238201,0,0.0005938482,0
LA_D_1248209,0,0.00013562846,0
LA_D_1264445,0,5.825737e-05,0
LA_D_1280356,0,0.00012060984,0
LA_D_1351069,0,0.00013854152,0
LA_D_1351546,0,0.00027014618,0
LA_D_1382194,0,0.00015801197,0
LA_D_1388138,0,7.327685e-05,0
LA_D_1393294,0,0.0003531153,0
LA_D_1463624,0,0.0001669981,0
LA_D_1518174,0,0.00025498233,0
LA_D_1521999,0,0.0006738087,0
LA_D_1625102,0,0.0017129363,0
LA_D_1697322,0,0.00012646987,0
LA_D_1715778,0,8.3623774e-05,0
LA_D_1892568,0,0.0005306592,0
LA_D_1935532,0,0.00017155877,0
LA_D_1935726,0,0.00010950043,0
LA_D_2017083,0,0.00017106286,0
LA_D_2045790,0,0.00035037997,0
LA_D_2111041,0,0.00011952333,0
LA_D_2113716,0,0.0016314642,0
LA_D_2153291,0,5.8614623e-05,0
LA_D_2179611,0,0.00013959347,0
LA_D_2226291,0,0.00020749694,0
LA_D_2235229,0,0.00018761827,0
LA_D_2249074,0,0.00021895258,0
LA_D_2265780,0,7.864326e-05,0
LA_D_2350123,0,0.00013170975,0
LA_D_2379549,0,0.00010815367,0
LA_D_2481318,0,0.00023120933,0
LA_D_2540693,0,0.00012740576,0
LA_D_2544213,0,9.410084e-05,0
LA_D_2589783,0,4.0295432e-05,0
LA_D_2621156,0,0.00013689125,0
LA_D_2667561,0,6.07826e-05,0
LA_D_2682641,0,7.442957e-05,0
LA_D_2712069,0,5.5906614e-05,0
LA_D_2726610,0,0.00017583845,0
LA_D_2734048,0,0.00018342568,0
LA_D_2736752,0,0.002251226,0
LA_D_2761727,0,0.0001057796,0
LA_D_2780378,0,0.00019519262,0
LA_D_2787302,0,7.509258e-05,0
LA_D_2796486,0,0.000100716505,0
LA_D_2815191,0,0.00014687261,0
LA_D_2862464,0,0.00018411325,0
LA_D_2862862,0,0.002377643,0
LA_D_2895942,0,0.00026714714,0
LA_D_2909551,0,7.539754e-05,0
LA_D_2940992,0,0.00030104714,0
LA_D_3004195,0,0.00013546807,0
LA_D_3027433,0,0.0004751853,0
LA_D_3051172,0,1.9501806e-05,0
LA_D_3069822,0,6.656369e-05,0
LA_D_3081705,0,5.1243624e-05,0
LA_D_3106519,0,6.8051966e-05,0
LA_D_3115590,0,0.00010306969,0
LA_D_3150295,0,0.00021597311,0
LA_D_3177701,0,4.663431e-05,0
LA_D_3205024,0,0.00023905009,0
LA_D_3245031,0,6.2057836e-05,0
LA_D_3250407,0,0.00012302754,0
LA_D_3255096,0,8.890916e-05,0
LA_D_3281386,0,0.00019637466,0
LA_D_3314744,0,0.00013979274,0
LA_D_3331528,0,0.00026998477,0
LA_D_3352586,0,0.000108785964,0
LA_D_3371337,0,7.5797354e-05,0
LA_D_3373830,0,0.0005669203,0
LA_D_3386014,0,3.783942e-05,0
LA_D_3387945,0,0.00015086633,0
LA_D_3405582,0,8.014424e-05,0
LA_D_3408202,0,2.934762e-05,0
LA_D_3409583,0,0.0004108953,0
LA_D_3410467,0,1.0571661e-05,0
LA_D_3415474,0,0.00023449663,0
LA_D_3434212,0,0.00015421244,0
LA_D_3438062,0,0.00041283056,0
LA_D_3438542,0,0.00017892061,0
LA_D_3470313,0,0.00012324899,0
LA_D_3481855,0,0.0020184114,0
LA_D_3497818,0,0.00017988507,0
LA_D_3611170,0,5.9386384e-05,0
LA_D_3626485,0,0.00012258643,0
LA_D_3634650,0,2.6180403e-05,0
LA_D_3675957,0,0.00014829253,0
LA_D_3703706,0,9.500463e-05,0
LA_D_3703829,0,0.00093433564,0
LA_D_3746592,0,8.065685e-05,0
LA_D_3761372,0,0.00021343285,0
LA_D_3811662,0,0.000107623644,0
LA_D_3823928,0,8.0236765e-05,0
LA_D_3848625,0,0.00012250146,0
LA_D_3942877,0,0.00012392167,0
LA_D_3954136,0,2.0094845e-05,0
LA_D_3958645,0,0.0067385337,0
LA_D_3958701,0,0.0004023577,0
LA_D_4019987,0,8.701755e-05,0
LA_D_4046895,0,0.00016612191,0
LA_D_4148744,0,0.00031606274,0
LA_D_4181398,0,0.0002404711,0
LA_D_4182510,0,3.360916e-05,0
LA_D_4184582,0,0.0013722837,0
LA_D_4191582,0,0.00012506913,0
LA_D_4193632,0,0.00065257266,0
LA_D_4195024,0,0.00010079634,0
LA_D_4231438,0,4.738777e-05,0
LA_D_4240232,0,8.471421e-05,0
LA_D_4241032,0,3.7680977e-05,0
LA_D_4250284,0,0.0001941278,0
LA_D_4274327,0,0.00025486518,0
LA_D_4302814,0,0.00014564216,0
LA_D_4306636,0,0.00025235701,0
LA_D_4339929,0,0.00014079954,0
LA_D_4358018,0,0.00020924908,0
LA_D_4368080,0,4.738176e-05,0
LA_D_4378419,0,0.003943037,0
LA_D_4382768,0,0.000112626694,0
LA_D_4385637,0,0.00010041912,0
LA_D_4502872,0,8.670561e-05,0
LA_D_4518823,0,0.00024897224,0
LA_D_4530249,0,0.00011513982,0
LA_D_4541895,0,2.0940997e-05,0
LA_D_4609401,0,9.001768e-05,0
LA_D_4702964,0,8.879368e-05,0
LA_D_4707076,0,0.00013846743,0
LA_D_4728531,0,0.00020119458,0
LA_D_4740253,0,0.00012044538,0
LA_D_4758741,0,0.000517212,0
LA_D_4763361,0,0.00020817526,0
LA_D_4798984,0,9.465992e-05,0
LA_D_4813001,0,0.0002315049,0
LA_D_4813446,0,0.00034118458,0
LA_D_4820874,0,4.2668988e-05,0
LA_D_4876374,0,0.00017175371,0
LA_D_4907345,0,7.606185e-05,0
LA_D_4911106,0,9.013244e-05,0
LA_D_4921306,0,0.00011627205,0
LA_D_4936226,0,0.00034774336,0
LA_D_4941783,0,2.748684e-05,0
LA_D_4970282,0,0.00011690173,0
LA_D_4972782,0,9.2001515e-05,0
LA_D_5026079,0,0.00013110854,0
LA_D_5041256,0,0.00011701481,0
LA_D_5082258,0,7.171494e-05,0
LA_D_5085425,0,0.00026868054,0
LA_D_5094867,0,0.00015615707,0
LA_D_5145079,0,0.00013611445,0
LA_D_5174186,0,0.00022623477,0
LA_D_5225846,0,0.00025811343,0
LA_D_5236165,0,0.0001328201,0
LA_D_5274055,0,9.222744e-05,0
LA_D_5288785,0,0.00024019108,0
LA_D_5328469,0,0.00010319054,0
LA_D_5330416,0,8.133685e-05,0
LA_D_5337300,0,0.00023034304,0
LA_D_5341780,0,8.7152664e-05,0
LA_D_5349891,0,0.00036099055,0
LA_D_5391312,0,0.00012751589,0
LA_D_5399074,0,6.35771e-05,0
LA_D_5411425,0,5.9404392e-05,0
LA_D_5416891,0,0.00015234125,0
LA_D_5463025,0,0.00031813688,0
LA_D_5472628,0,0.00031051427,0
LA_D_5502210,0,0.00019931058,0
LA_D_5558097,0,0.00012141573,0
LA_D_5598437,0,6.9404596e-05,0
LA_D_5606948,0,0.00015385024,0
LA_D_5648484,0,0.00061680697,0
LA_D_5658047,0,8.8006935e-05,0
LA_D_5674798,0,0.00029549672,0
LA_D_5702698,0,6.781363e-05,0
LA_D_5731514,0,7.434516e-05,0
LA_D_5744723,0,5.5642333e-05,0
LA_D_5756079,0,0.00054733816,0
LA_D_5761294,0,0.0011346721,0
LA_D_5788830,0,5.5383145e-05,0
LA_D_5810774,0,8.797052e-05,0
LA_D_5811636,0,0.00028066844,0
LA_D_5815871,0,0.0001806558,0
LA_D_5815879,0,0.00047725317,0
LA_D_5854347,0,0.000110880675,0
LA_D_5890209,0,0.00024146635,0
LA_D_5902939,0,5.391537e-05,0
LA_D_5915443,0,3.0432613e-05,0
LA_D_5966896,0,0.0011999342,0
LA_D_6004306,0,0.00016192919,0
LA_D_6020277,0,0.00037911718,0
LA_D_6060748,0,0.00012448743,0
LA_D_6078371,0,9.06229e-05,0
LA_D_6129214,0,0.00044127394,0
LA_D_6166462,0,8.822835e-05,0
LA_D_6167979,0,7.779555e-05,0
LA_D_6178691,0,0.0001959161,0
LA_D_6212648,0,0.00015824598,0
LA_D_6301347,0,0.00010594152,0
LA_D_6302669,0,0.00031275625,0
LA_D_6364752,0,0.0001233975,0
LA_D_6450264,0,0.0023527707,0
LA_D_6470899,0,5.609331e-05,0
LA_D_6607748,0,1.29580985e-05,0
LA_D_6624488,0,0.0005362677,0
LA_D_6689857,0,0.00013179844,0
LA_D_6695214,0,0.00038794463,0
LA_D_6754663,0,2.2733428e-05,0
LA_D_6822464,0,0.0014792982,0
LA_D_6832697,0,0.00083671405,0
LA_D_6844056,0,0.00016474137,0
LA_D_6910092,0,0.0073275347,0
LA_D_6923831,0,4.268376e-05,0
LA_D_6923993,0,0.3950026,0
LA_D_6954213,0,0.00019414467,0
LA_D_6966943,0,0.00021875455,0
LA_D_6976547,0,0.00012993267,0
LA_D_7045724,0,1.3446967e-05,0
LA_D_7081849,0,0.000100069345,0
LA_D_7083969,0,0.00015289833,0
LA_D_7121049,0,0.00022193315,0
LA_D_7145015,0,7.860442e-05,0
LA_D_7154160,0,0.000112995025,0
LA_D_7165623,0,0.00011020153,0
LA_D_7173940,0,0.00019335157,0
LA_D_7223284,0,8.958729e-05,0
LA_D_7248953,0,5.0087903e-05,0
LA_D_7249552,0,0.009487909,0
LA_D_7255755,0,0.00018112632,0
LA_D_7262716,0,0.00019726607,0
LA_D_7392383,0,6.199106e-05,0
LA_D_7496841,0,8.079225e-05,0
LA_D_7575592,0,0.00019486478,0
LA_D_7575877,0,7.54807e-05,0
LA_D_7588199,0,8.027779e-05,0
LA_D_7591062,0,0.00032821734,0
LA_D_7615134,0,0.00017805811,0
LA_D_7634407,0,9.698519e-05,0
LA_D_7641113,0,6.303023e-05,0
LA_D_7678069,0,2.6945241e-05,0
LA_D_7711351,0,0.0014357134,0
LA_D_7736497,0,3.6682995e-05,0
LA_D_7766550,0,7.170782e-05,0
LA_D_7789202,0,0.00012300842,0
LA_D_7799234,0,8.6462205e-05,0
LA_D_7832705,0,0.00054611923,0
LA_D_7836942,0,0.00011188073,0
LA_D_7863940,0,0.00022686247,0
LA_D_7900629,0,6.1947976e-05,0
LA_D_7934417,0,0.00011524175,0
LA_D_7941843,0,0.00020615595,0
LA_D_8039108,0,0.0006485157,0
LA_D_8173717,0,0.000103121885,0
LA_D_8183682,0,0.0011446571,0
LA_D_8359755,0,0.0001475174,0
LA_D_8454906,0,0.00027742487,0
LA_D_8471747,0,9.7861535e-05,0
LA_D_8524883,0,0.00023265644,0
LA_D_8534191,0,0.5604606,1
LA_D_8630528,0,2.0980036e-05,0
LA_D_8634956,0,0.00012141262,0
LA_D_8658531,0,0.00043487726,0
LA_D_8679609,0,8.654859e-06,0
LA_D_8680505,0,6.408176e-05,0
LA_D_8698219,0,8.5302396e-05,0
LA_D_8900733,0,0.0001559898,0
LA_D_8928209,0,0.00020670431,0
LA_D_8940981,0,0.0021384687,0
LA_D_8986725,0,5.5535405e-05,0
LA_D_9039108,0,0.00034638366,0
LA_D_9063622,0,0.000104064275,0
LA_D_9081617,0,0.00013771068,0
LA_D_9093007,0,0.024186289,0
LA_D_9097473,0,2.3909253e-05,0
LA_D_9175542,0,0.0003145774,0
LA_D_9238403,0,9.073228e-05,0
LA_D_9261139,0,0.00013545387,0
LA_D_9325156,0,8.412686e-05,0
LA_D_9449718,0,0.00013054791,0
LA_D_9451389,0,0.00011652956,0
LA_D_9457760,0,0.0004933884,0
LA_D_9460191,0,0.00017264365,0
LA_D_9469910,0,0.00010503711,0
LA_D_9523778,0,0.000107104475,0
LA_D_9562015,0,7.181252e-05,0
LA_D_9582658,0,0.00022372862,0
LA_D_9603070,0,0.0002480212,0
LA_D_9662606,0,0.00035706884,0
LA_D_9686838,0,0.00032707534,0
LA_D_9696470,0,0.00016985799,0
LA_D_9704240,0,0.00015016766,0
LA_D_9711707,0,0.00030721363,0
LA_D_9719597,0,5.7306e-05,0
LA_D_9721837,0,0.00013130998,0
LA_D_9724900,0,0.00031573145,0
LA_D_9774871,0,0.00013440911,0
LA_D_9881093,0,0.00013215837,0
LA_D_9913955,0,3.5294936e-05,0
LA_D_9915722,0,0.00014403142,0
LA_D_9927048,0,0.00023203505,0
LA_D_9935628,0,0.00045209174,0
LA_D_9953593,0,0.00012440543,0
LA_D_1024541,0,0.00015563516,0
LA_D_1035695,0,0.00021953895,0
LA_D_1042553,0,0.0001028019,0
LA_D_1134137,0,0.00012848181,0
LA_D_1218270,0,9.661946e-05,0
LA_D_1218955,0,0.0001497056,0
LA_D_1226093,0,0.00014590347,0
LA_D_1239007,0,0.00011498533,0
LA_D_1248476,0,0.00014585798,0
LA_D_1252524,0,0.00010789388,0
LA_D_1390523,0,0.00014837385,0
LA_D_1412369,0,0.000101575286,0
LA_D_1432668,0,0.00011456616,0
LA_D_1463958,0,0.00021085107,0
LA_D_1496754,0,0.00024136741,0
LA_D_1509117,0,6.8778354e-05,0
LA_D_1528364,0,6.9637754e-05,0
LA_D_1535343,0,9.283371e-05,0
LA_D_1601494,0,0.00019481759,0
LA_D_1601833,0,3.3265136e-05,0
LA_D_1614845,0,0.00019299627,0
LA_D_1632847,0,0.00012751005,0
LA_D_1635246,0,5.4555967e-05,0
LA_D_1643538,0,0.00013149666,0
LA_D_1711564,0,0.00020619684,0
LA_D_1755243,0,0.00012919682,0
LA_D_1755482,0,0.00020719426,0
LA_D_1778489,0,0.00016161359,0
LA_D_1783037,0,9.033189e-05,0
LA_D_1809307,0,8.379396e-05,0
LA_D_1838028,0,0.00017847966,0
LA_D_1864652,0,2.3831515e-05,0
LA_D_1871223,0,4.0197487e-05,0
LA_D_1919505,0,4.5979257e-05,0
LA_D_1953575,0,9.040866e-05,0
LA_D_1954275,0,0.00027887998,0
LA_D_1989443,0,0.00014786384,0
LA_D_2003609,0,0.000375469,0
LA_D_2006600,0,0.00013120122,0
LA_D_2046470,0,6.131336e-05,0
LA_D_2086920,0,0.00012361576,0
LA_D_2092684,0,8.19437e-05,0
LA_D_2143588,0,6.416211e-05,0
LA_D_2193916,0,0.00013376318,0
LA_D_2228504,0,8.385887e-05,0
LA_D_2280242,0,4.7911464e-05,0
LA_D_2299839,0,0.00014107842,0
LA_D_2332596,0,2.8949344e-05,0
LA_D_2364299,0,8.8973626e-05,0
LA_D_2367658,0,2.9357698e-05,0
LA_D_2373826,0,6.9920025e-05,0
LA_D_2374054,0,8.916438e-05,0
LA_D_2374590,0,0.0001315279,0
LA_D_2379249,0,0.00013949633,0
LA_D_2380365,0,0.00032557454,0
LA_D_2416790,0,0.00011262283,0
LA_D_2437354,0,8.580561e-05,0
LA_D_2491741,0,0.002349708,0
LA_D_2493315,0,0.00017710126,0
LA_D_2499496,0,0.0032652388,0
LA_D_2499954,0,0.00029207958,0
LA_D_2511151,0,0.0002685243,0
LA_D_2536179,0,0.00010719889,0
LA_D_2586141,0,0.00014165333,0
LA_D_2632718,0,0.00012766675,0
LA_D_2661958,0,5.5659628e-05,0
LA_D_2709080,0,0.00012180537,0
LA_D_2717878,0,0.0001520613,0
LA_D_2721191,0,6.534252e-05,0
LA_D_2727763,0,0.00023477919,0
LA_D_2731036,0,8.314128e-05,0
LA_D_2736869,0,0.000110319605,0
LA_D_2746243,0,0.00010192215,0
LA_D_2746267,0,0.00015933978,0
LA_D_2783081,0,3.195413e-05,0
LA_D_2793042,0,0.00012355705,0
LA_D_2805826,0,7.1141956e-05,0
LA_D_2831844,0,0.00017494088,0
LA_D_2888596,0,3.6874884e-05,0
LA_D_2910262,0,4.7025744e-05,0
LA_D_2940539,0,2.7397806e-05,0
LA_D_2951507,0,0.000110098495,0
LA_D_2987509,0,0.00014187745,0
LA_D_3112824,0,7.621236e-05,0
LA_D_3121066,0,0.00013215118,0
LA_D_3139557,0,0.00010872716,0
LA_D_3163081,0,5.076599e-05,0
LA_D_3180081,0,3.493682e-05,0
LA_D_3224812,0,0.00018170598,0
LA_D_3255789,0,6.857265e-05,0
LA_D_3286040,0,0.00010341632,0
LA_D_3287162,0,0.00011971884,0
LA_D_3309731,0,8.66618e-05,0
LA_D_3317337,0,9.35737e-05,0
LA_D_3332845,0,5.3597483e-05,0
LA_D_3336827,0,0.00014533529,0
LA_D_3337239,0,0.00012013626,0
LA_D_3359713,0,0.00029753038,0
LA_D_3364219,0,0.00026354444,0
LA_D_3416934,0,2.272647e-05,0
LA_D_3424949,0,0.00013385339,0
LA_D_3425869,0,6.7315654e-05,0
LA_D_3431144,0,6.469126e-05,0
LA_D_3434819,0,6.423845e-05,0
LA_D_3440841,0,0.00022465207,0
LA_D_3444944,0,3.4363657e-05,0
LA_D_3472699,0,0.00042631922,0
LA_D_3472855,0,8.834646e-05,0
LA_D_3481947,0,7.3824696e-05,0
LA_D_3495463,0,0.00017804148,0
LA_D_3495507,0,0.00012879104,0
LA_D_3512887,0,4.8414015e-05,0
LA_D_3523121,0,9.249668e-05,0
LA_D_3525708,0,0.00023513628,0
LA_D_3581963,0,0.0025412403,0
LA_D_3623933,0,7.5957694e-05,0
LA_D_3673803,0,0.00017155404,0
LA_D_3691914,0,0.00029106328,0
LA_D_3694349,0,5.8867092e-05,0
LA_D_3859466,0,9.363448e-05,0
LA_D_3860524,0,7.4119984e-05,0
LA_D_3862793,0,0.00010502299,0
LA_D_3874710,0,0.0005621087,0
LA_D_3880845,0,0.0001377145,0
LA_D_3928922,0,0.00015041616,0
LA_D_3956535,0,4.381565e-05,0
LA_D_4070411,0,0.00014296047,0
LA_D_4083902,0,8.756861e-05,0
LA_D_4103449,0,3.7404374e-05,0
LA_D_4113219,0,6.7747445e-05,0
LA_D_4135542,0,0.00015548994,0
LA_D_4136401,0,0.00030562707,0
LA_D_4180382,0,0.000103813414,0
LA_D_4280433,0,7.159481e-05,0
LA_D_4293774,0,0.00010734168,0
LA_D_4301521,0,8.7306966e-05,0
LA_D_4339595,0,4.3595624e-05,0
LA_D_4339686,0,9.3119816e-05,0
LA_D_4430284,0,0.00011778131,0
LA_D_4448951,0,9.2458766e-05,0
LA_D_4483013,0,0.00014875122,0
LA_D_4494703,0,0.00023495252,0
LA_D_4505123,0,0.00014037231,0
LA_D_4586638,0,6.971204e-05,0
LA_D_4637943,0,0.00014397006,0
LA_D_4653523,0,9.398641e-05,0
LA_D_4662010,0,0.0001355173,0
LA_D_4696311,0,0.00012741768,0
LA_D_4697088,0,0.024178585,0
LA_D_4709234,0,0.00018990148,0
LA_D_4720854,0,0.00020382383,0
LA_D_4747651,0,4.1808395e-05,0
LA_D_4790311,0,9.875906e-05,0
LA_D_4873396,0,3.3735614e-05,0
LA_D_4882560,0,0.0002810109,0
LA_D_4884481,0,6.419197e-05,0
LA_D_4900323,0,7.747218e-05,0
LA_D_4920424,0,0.00013346976,0
LA_D_4942826,0,0.000107009015,0
LA_D_4960294,0,9.36804e-05,0
LA_D_5028072,0,9.081746e-05,0
LA_D_5028697,0,0.0002611988,0
LA_D_5071457,0,0.00016848334,0
LA_D_5101720,0,7.41711e-05,0
LA_D_5106469,0,4.5455614e-05,0
LA_D_5117145,0,0.00026928962,0
LA_D_5118097,0,0.0001669287,0
LA_D_5123725,0,0.00012307013,0
LA_D_5185723,0,0.00013930797,0
LA_D_5192013,0,0.00019828703,0
LA_D_5210752,0,0.00014392352,0
LA_D_5267968,0,0.0002480238,0
LA_D_5275946,0,0.00017248634,0
LA_D_5308008,0,0.00010273302,0
LA_D_5313766,0,0.00010706556,0
LA_D_5332246,0,6.7485205e-05,0
LA_D_5337439,0,5.8355e-05,0
LA_D_5362013,0,0.00093690475,0
LA_D_5400157,0,8.40672e-05,0
LA_D_5400787,0,9.3139715e-05,0
LA_D_5409547,0,9.828208e-05,0
LA_D_5441203,0,4.90548e-05,0
LA_D_5453401,0,0.00014010888,0
LA_D_5463700,0,0.00015429745,0
LA_D_5464792,0,7.319918e-05,0
LA_D_5474661,0,4.1984025e-05,0
LA_D_5485515,0,0.00018084866,0
LA_D_5492356,0,0.00019739421,0
LA_D_5511445,0,0.00019280313,0
LA_D_5515164,0,0.0002672781,0
LA_D_5539912,0,0.00011855509,0
LA_D_5551945,0,6.270865e-05,0
LA_D_5556633,0,0.00028695367,0
LA_D_5569369,0,9.299178e-05,0
LA_D_5602174,0,0.00015810903,0
LA_D_5602437,0,0.00022086313,0
LA_D_5610125,0,0.00013571774,0
LA_D_5626564,0,0.00016082989,0
LA_D_5629187,0,0.00012936695,0
LA_D_5647508,0,3.7374637e-05,0
LA_D_5655417,0,0.00011108376,0
LA_D_5681705,0,0.000120241464,0
LA_D_5712427,0,8.9277455e-05,0
LA_D_5713865,0,0.00017447678,0
LA_D_5752916,0,0.00027419938,0
LA_D_5789585,0,7.688194e-05,0
LA_D_5808200,0,0.00011659269,0
LA_D_5873758,0,4.007011e-05,0
LA_D_5882342,0,0.00017077115,0
LA_D_5886832,0,0.00019717074,0
LA_D_5934440,0,8.43645e-05,0
LA_D_5966111,0,0.000117136275,0
LA_D_5998708,0,0.0001612766,0
LA_D_6013990,0,8.997134e-05,0
LA_D_6025730,0,0.0001874189,0
LA_D_6040176,0,0.000101174315,0
LA_D_6113830,0,3.8865674e-05,0
LA_D_6116905,0,0.0002556886,0
LA_D_6145523,0,0.00020157246,0
LA_D_6164377,0,9.3109964e-05,0
LA_D_6194235,0,5.9940317e-05,0
LA_D_6209989,0,0.00013313598,0
LA_D_6256464,0,0.0016759536,0
LA_D_6265877,0,9.260709e-05,0
LA_D_6268154,0,8.489074e-05,0
LA_D_6308947,0,0.00016273437,0
LA_D_6335322,0,9.201363e-05,0
LA_D_6345131,0,7.856979e-05,0
LA_D_6356896,0,0.00011388464,0
LA_D_6368816,0,2.286207e-05,0
LA_D_6374661,0,0.00013689254,0
LA_D_6376974,0,9.788822e-05,0
LA_D_6445561,0,5.639523e-05,0
LA_D_6499586,0,0.00022045347,0
LA_D_6545121,0,0.00015080994,0
LA_D_6548234,0,0.00013593261,0
LA_D_6585381,0,7.792957e-05,0
LA_D_6623812,0,9.139921e-05,0
LA_D_6649816,0,3.5140718e-05,0
LA_D_6690990,0,0.02495875,0
LA_D_6693898,0,0.00015520494,0
LA_D_6727952,0,7.751185e-05,0
LA_D_6767586,0,0.0039001096,0
LA_D_6807841,0,6.1320265e-05,0
LA_D_6812624,0,0.00013614068,0
LA_D_6820465,0,4.994634e-05,0
LA_D_6821250,0,4.5601017e-05,0
LA_D_6861811,0,0.00024426306,0
LA_D_6863380,0,0.00018786243,0
LA_D_6871726,0,4.340869e-05,0
LA_D_6884110,0,3.109809e-05,0
LA_D_6890939,0,9.127988e-05,0
LA_D_6924353,0,6.186922e-05,0
LA_D_6937150,0,9.081634e-05,0
LA_D_7036071,0,7.719225e-05,0
LA_D_7037337,0,0.00017423189,0
LA_D_7039023,0,7.663374e-05,0
LA_D_7094796,0,0.00022933522,0
LA_D_7100790,0,0.00014624011,0
LA_D_7126534,0,0.00014403787,0
LA_D_7153247,0,0.00012661394,0
LA_D_7169217,0,0.00014472943,0
LA_D_7170458,0,0.00013595412,0
LA_D_7170608,0,6.130202e-05,0
LA_D_7178248,0,4.4755405e-05,0
LA_D_7190581,0,0.00018972611,0
LA_D_7215553,0,0.00021090817,0
LA_D_7317360,0,6.683802e-05,0
LA_D_7322306,0,0.00025963408,0
LA_D_7410931,0,0.00017894947,0
LA_D_7415755,0,1.0969985e-05,0
LA_D_7434265,0,0.00015815895,0
LA_D_7460094,0,8.4714855e-05,0
LA_D_7524440,0,0.00011971107,0
LA_D_7526777,0,7.910409e-05,0
LA_D_7543928,0,0.00020381899,0
LA_D_7565415,0,0.00020238635,0
LA_D_7567334,0,9.982212e-05,0
LA_D_7611234,0,3.491537e-05,0
LA_D_7618965,0,0.00015351408,0
LA_D_7623214,0,0.00012307694,0
LA_D_7629070,0,0.00016749439,0
LA_D_7661298,0,0.00012434328,0
LA_D_7667637,0,2.852115e-05,0
LA_D_7681851,0,2.0779582e-05,0
LA_D_7688135,0,0.0001229628,0
LA_D_7745862,0,0.00014463588,0
LA_D_7748502,0,7.986196e-05,0
LA_D_7771621,0,3.8717666e-05,0
LA_D_7798691,0,0.00012479775,0
LA_D_7804785,0,0.00018160968,0
LA_D_7809381,0,0.00027951697,0
LA_D_7831531,0,7.401594e-05,0
LA_D_7843372,0,0.00018661076,0
LA_D_7843877,0,0.0001617775,0
LA_D_7852940,0,0.00010457319,0
LA_D_7904161,0,0.00011555658,0
LA_D_7912208,0,9.389012e-05,0
LA_D_7919147,0,0.00019979884,0
LA_D_7920196,0,0.0002087511,0
LA_D_7936437,0,0.0001218149,0
LA_D_7973788,0,0.00012844494,0
LA_D_7974697,0,0.00014535274,0
LA_D_7993138,0,0.00017727003,0
LA_D_7994905,0,0.00022683434,0
LA_D_7994992,0,0.00013770322,0
LA_D_8052049,0,0.0001425975,0
LA_D_8111494,0,4.2988995e-05,0
LA_D_8118167,0,0.0032425094,0
LA_D_8141901,0,5.2012147e-05,0
LA_D_8174334,0,1.7485876e-05,0
LA_D_8183218,0,0.00032474374,0
LA_D_8185311,0,7.247288e-05,0
LA_D_8200506,0,5.320136e-05,0
LA_D_8258459,0,0.00016772038,0
LA_D_8264863,0,0.00016087621,0
LA_D_8283567,0,7.857099e-05,0
LA_D_8299781,0,0.026006164,0
LA_D_8301954,0,0.00012071041,0
LA_D_8304989,0,0.00010198992,0
LA_D_8315307,0,9.5690266e-05,0
LA_D_8316071,0,3.179009e-05,0
LA_D_8322431,0,9.5523705e-05,0
LA_D_8344962,0,9.224899e-05,0
LA_D_8345800,0,0.00018584296,0
LA_D_8347056,0,0.00032160667,0
LA_D_8380344,0,0.00017803637,0
LA_D_8398091,0,5.1228282e-05,0
LA_D_8411616,0,0.00021209798,0
LA_D_8423289,0,0.00014279767,0
LA_D_8447480,0,0.00013360257,0
LA_D_8454223,0,0.000120941295,0
LA_D_8465207,0,5.703575e-05,0
LA_D_8476350,0,9.542374e-05,0
LA_D_8511483,0,0.0001706707,0
LA_D_8515733,0,7.520631e-05,0
LA_D_8534526,0,5.90031e-05,0
LA_D_8539612,0,7.9406476e-05,0
LA_D_8540770,0,9.5652416e-05,0
LA_D_8543737,0,0.00010524594,0
LA_D_8552142,0,0.00012941234,0
LA_D_8555530,0,5.485484e-05,0
LA_D_8611140,0,0.0001967617,0
LA_D_8651248,0,0.00016579704,0
LA_D_8657095,0,8.413473e-05,0
LA_D_8676464,0,0.00014245466,0
LA_D_8692089,0,3.3226897e-05,0
LA_D_8723788,0,3.061758e-05,0
LA_D_8736662,0,0.00016791368,0
LA_D_8763928,0,0.00025526402,0
LA_D_8780503,0,0.00019411577,0
LA_D_8808510,0,0.0001686521,0
LA_D_8811548,0,0.00020910609,0
LA_D_8826150,0,3.2147236e-05,0
LA_D_8833531,0,5.859987e-05,0
LA_D_8833933,0,0.0001498241,0
LA_D_8841412,0,0.00016197366,0
LA_D_8853078,0,0.00015110245,0
LA_D_8868497,0,0.00014736585,0
LA_D_8873375,0,9.318804e-05,0
LA_D_8878315,0,0.00018379596,0
LA_D_8879769,0,2.9298573e-05,0
LA_D_8890877,0,0.00011092996,0
LA_D_8912964,0,0.00034838368,0
LA_D_8926504,0,0.000120633085,0
LA_D_8934774,0,5.7488327e-05,0
LA_D_8939153,0,2.1496446e-05,0
LA_D_8941037,0,8.6079905e-05,0
LA_D_8950647,0,0.00015790593,0
LA_D_8960736,0,8.895046e-05,0
LA_D_8971601,0,0.00016080597,0
LA_D_8983751,0,0.0012693608,0
LA_D_9006149,0,5.05167e-05,0
LA_D_9059259,0,8.5215725e-05,0
LA_D_9074375,0,7.0889626e-05,0
LA_D_9101305,0,8.205427e-05,0
LA_D_9115565,0,5.43579e-05,0
LA_D_9129216,0,5.0310457e-05,0
LA_D_9133128,0,4.5443954e-05,0
LA_D_9156038,0,0.00018154163,0
LA_D_9160621,0,0.00013911191,0
LA_D_9209018,0,2.2012588e-05,0
LA_D_9222077,0,9.3504044e-05,0
LA_D_9249738,0,0.00019986971,0
LA_D_9251833,0,8.168305e-05,0
LA_D_9262825,0,8.9368164e-05,0
LA_D_9295689,0,3.464149e-05,0
LA_D_9375118,0,0.00017651306,0
LA_D_9388333,0,2.6024003e-05,0
LA_D_9391403,0,0.0001081844,0
LA_D_9435141,0,0.0002195109,0
LA_D_9448997,0,3.2904856e-05,0
LA_D_9486751,0,0.000107461,0
LA_D_9490122,0,9.7503835e-05,0
LA_D_9537289,0,0.00017714196,0
LA_D_9566824,0,4.1489537e-05,0
LA_D_9572182,0,1.6979544e-05,0
LA_D_9626758,0,6.698268e-05,0
LA_D_9666900,0,6.2016006e-05,0
LA_D_9721880,0,0.000121132645,0
LA_D_9723855,0,0.00012785228,0
LA_D_9729483,0,0.00016513567,0
LA_D_9774174,0,0.00020218745,0
LA_D_9779978,0,5.1989835e-05,0
LA_D_9798672,0,7.172772e-05,0
LA_D_9808110,0,0.0002966017,0
LA_D_9820486,0,0.00022691308,0
LA_D_9830830,0,0.00014580153,0
LA_D_9863362,0,7.917072e-05,0
LA_D_9907979,0,2.9659872e-05,0
LA_D_9920694,0,0.00024403377,0
LA_D_9951144,0,0.000120927914,0
LA_D_9967530,0,0.00033626237,0
LA_D_9999760,0,7.7315424e-05,0
LA_D_1025356,0,5.8906284e-05,0
LA_D_1030640,0,0.00018539005,0
LA_D_1054205,0,3.0003761e-05,0
LA_D_1071291,0,0.00013704145,0
LA_D_1111073,0,3.6436955e-05,0
LA_D_1169636,0,0.00018129151,0
LA_D_1185773,0,1.8402043e-05,0
LA_D_1193402,0,2.8180599e-05,0
LA_D_1226919,0,2.1699943e-05,0
LA_D_1230447,0,8.627179e-05,0
LA_D_1237480,0,6.397222e-05,0
LA_D_1287394,0,0.00011537777,0
LA_D_1297520,0,4.763538e-05,0
LA_D_1307115,0,0.00011660092,0
LA_D_1307361,0,4.7420184e-05,0
LA_D_1335533,0,0.00012653525,0
LA_D_1382825,0,0.00015171024,0
LA_D_1401933,0,0.000504692,0
LA_D_1412270,0,0.00022124736,0
LA_D_1426011,0,6.4741434e-05,0
LA_D_1434547,0,4.8119757e-05,0
LA_D_1440229,0,3.1285428e-05,0
LA_D_1461530,0,0.00012101882,0
LA_D_1544054,0,2.9528046e-05,0
LA_D_1608931,0,9.528961e-05,0
LA_D_1612620,0,3.8302864e-05,0
LA_D_1675550,0,0.000100957266,0
LA_D_1677234,0,4.1738793e-05,0
LA_D_1685766,0,3.2330718e-05,0
LA_D_1693615,0,0.00022547522,0
LA_D_1734325,0,0.00021680229,0
LA_D_1772083,0,8.61774e-05,0
LA_D_1776380,0,7.150345e-05,0
LA_D_1858151,0,9.802423e-05,0
LA_D_1867335,0,4.0684994e-05,0
LA_D_1921825,0,0.00011296077,0
LA_D_1933165,0,4.4059845e-05,0
LA_D_1941143,0,0.00036782882,0
LA_D_1968546,0,0.00033140715,0
LA_D_2011219,0,0.00012134444,0
LA_D_2071557,0,3.0190178e-05,0
LA_D_2074827,0,4.424979e-05,0
LA_D_2165495,0,5.4439348e-05,0
LA_D_2188344,0,9.742288e-05,0
LA_D_2196548,0,9.0586866e-05,0
LA_D_2258459,0,0.00014982825,0
LA_D_2258741,0,0.00012820499,0
LA_D_2288300,0,9.677364e-05,0
LA_D_2339812,0,0.00016612413,0
LA_D_2358779,0,0.00023513335,0
LA_D_2363490,0,2.2357202e-05,0
LA_D_2364584,0,0.00020334397,0
LA_D_2366142,0,5.682776e-05,0
LA_D_2371531,0,2.8678409e-05,0
LA_D_2381000,0,0.00031426593,0
LA_D_2405558,0,0.0001595887,0
LA_D_2417651,0,0.00015910734,0
LA_D_2427116,0,0.0002128238,0
LA_D_2446049,0,4.6319718e-05,0
LA_D_2460010,0,0.00013949009,0
LA_D_2557760,0,3.6436817e-05,0
LA_D_2563213,0,4.232956e-05,0
LA_D_2587030,0,3.756373e-05,0
LA_D_2606095,0,4.0695006e-05,0
LA_D_2626102,0,7.000075e-05,0
LA_D_2627350,0,4.8352693e-05,0
LA_D_2638013,0,4.706235e-05,0
LA_D_2660381,0,6.7341585e-05,0
LA_D_2691829,0,0.000121980185,0
LA_D_2769397,0,0.00042583057,0
LA_D_2820525,0,6.323106e-05,0
LA_D_2821637,0,0.00011908307,0
LA_D_2899054,0,7.355977e-05,0
LA_D_2917041,0,3.0397312e-05,0
LA_D_2945771,0,0.00014440823,0
LA_D_2949120,0,0.0001561538,0
LA_D_2984362,0,5.9181166e-05,0
LA_D_2986907,0,6.9280744e-05,0
LA_D_3004845,0,0.00013534878,0
LA_D_3007276,0,0.00012881856,0
LA_D_3019929,0,0.00016466223,0
LA_D_3057901,0,1.6854192e-05,0
LA_D_3062235,0,2.9327251e-05,0
LA_D_3158494,0,5.6795685e-05,0
LA_D_3184698,0,0.00011505728,0
LA_D_3212454,0,0.00012234923,0
LA_D_3248319,0,0.00021077871,0
LA_D_3266246,0,3.1497766e-05,0
LA_D_3292105,0,4.306285e-05,0
LA_D_3416535,0,0.00011187497,0
LA_D_3446159,0,6.0253744e-05,0
LA_D_3452933,0,0.00020037919,0
LA_D_3486393,0,2.8676413e-05,0
LA_D_3495466,0,7.7738674e-05,0
LA_D_3536487,0,3.0032388e-05,0
LA_D_3569726,0,2.4936533e-05,0
LA_D_3590829,0,5.4984146e-05,0
LA_D_3602669,0,0.0001082199,0
LA_D_3605046,0,0.00010093648,0
LA_D_3652898,0,0.00026466927,0
LA_D_3658031,0,4.507592e-05,0
LA_D_3674928,0,5.2176285e-05,0
LA_D_3691736,0,0.000102326194,0
LA_D_3741607,0,2.5450721e-05,0
LA_D_3831261,0,4.1000832e-05,0
LA_D_3843887,0,3.578618e-05,0
LA_D_3898333,0,0.00019145012,0
LA_D_3960616,0,0.00013071919,0
LA_D_3975996,0,6.503995e-05,0
LA_D_4022532,0,1.913107e-05,0
LA_D_4029888,0,0.00010017084,0
LA_D_4067593,0,2.8096552e-05,0
LA_D_4075891,0,2.9220608e-05,0
LA_D_4144411,0,0.00022803046,0
LA_D_4196632,0,1.5388057e-05,0
LA_D_4246774,0,0.0002324662,0
LA_D_4260320,0,5.381197e-05,0
LA_D_4286664,0,0.00010874925,0
LA_D_4297354,0,9.750198e-05,0
LA_D_4356737,0,3.6768135e-05,0
LA_D_4359265,0,4.4367764e-05,0
LA_D_4389927,0,5.275073e-05,0
LA_D_4485889,0,4.1237912e-05,0
LA_D_4537572,0,9.689655e-05,0
LA_D_4551639,0,0.0014314804,0
LA_D_4583777,0,0.000117298136,0
LA_D_4610210,0,7.2887975e-05,0
LA_D_4617565,0,8.42011e-05,0
LA_D_4628640,0,3.343079e-05,0
LA_D_4710912,0,0.00011526626,0
LA_D_4767743,0,3.9545597e-05,0
LA_D_4852255,0,4.4544213e-05,0
LA_D_4855092,0,6.7776737e-06,0
LA_D_4875350,0,4.1065752e-05,0
LA_D_4876159,0,6.5854845e-05,0
LA_D_4893544,0,4.4397435e-05,0
LA_D_4904642,0,0.00010671768,0
LA_D_4919668,0,0.00023153273,0
LA_D_4946717,0,0.00031446436,0
LA_D_4962965,0,3.7218673e-05,0
LA_D_5002979,0,0.0008283683,0
LA_D_5013243,0,6.118544e-05,0
LA_D_5026225,0,4.876539e-05,0
LA_D_5066427,0,0.0001460265,0
LA_D_5103566,0,7.111116e-05,0
LA_D_5131261,0,8.7495995e-05,0
LA_D_5176156,0,2.3821834e-05,0
LA_D_5181769,0,9.1500624e-05,0
LA_D_5194904,0,0.000106559964,0
LA_D_5223490,0,5.2119194e-05,0
LA_D_5232800,0,7.1354545e-05,0
LA_D_5233239,0,0.00017274838,0
LA_D_5264948,0,3.2279793e-05,0
LA_D_5272211,0,3.932387e-05,0
LA_D_5280085,0,6.0072507e-05,0
LA_D_5281076,0,5.811992e-05,0
LA_D_5295482,0,0.00014348941,0
LA_D_5331450,0,9.55935e-05,0
LA_D_5414308,0,0.00020178342,0
LA_D_5451855,0,0.000710141,0
LA_D_5456485,0,4.5250134e-05,0
LA_D_5481003,0,0.0004162091,0
LA_D_5487740,0,0.00011934226,0
LA_D_5509643,0,5.167039e-05,0
LA_D_5529065,0,1.4733951e-05,0
LA_D_5612758,0,7.566432e-05,0
LA_D_5680395,0,0.0001267959,0
LA_D_5713062,0,0.00013891402,0
LA_D_5736677,0,2.649413e-05,0
LA_D_5769169,0,7.041248e-05,0
LA_D_5796502,0,0.0005013764,0
LA_D_5827420,0,2.6650812e-05,0
LA_D_5842927,0,0.00030903792,0
LA_D_5849098,0,0.0006051845,0
LA_D_5856691,0,0.0001191994,0
LA_D_5930167,0,2.9117076e-05,0
LA_D_5935284,0,4.700373e-05,0
LA_D_5970267,0,5.7886224e-05,0
LA_D_6018972,0,9.923881e-05,0
LA_D_6026073,0,0.00010937459,0
LA_D_6053770,0,3.0157575e-05,0
LA_D_6157715,0,0.00013196343,0
LA_D_6165178,0,7.706684e-05,0
LA_D_6178175,0,3.2131546e-05,0
LA_D_6234671,0,0.00017752717,0
LA_D_6273410,0,0.00013745671,0
LA_D_6273504,0,4.117873e-05,0
LA_D_6280436,0,8.335793e-05,0
LA_D_6283174,0,3.7205045e-05,0
LA_D_6396489,0,2.6967346e-05,0
LA_D_6461042,0,7.418422e-06,0
LA_D_6498637,0,0.000141239,0
LA_D_6511574,0,8.70715e-05,0
LA_D_6516261,0,0.00012998385,0
LA_D_6588379,0,1.8145282e-05,0
LA_D_6597050,0,0.00045798035,0
LA_D_6597330,0,7.021977e-05,0
LA_D_6610656,0,2.9742807e-05,0
LA_D_6613848,0,3.9011724e-05,0
LA_D_6636415,0,2.6478923e-05,0
LA_D_6689023,0,3.4128254e-05,0
LA_D_6695161,0,3.0265961e-05,0
LA_D_6752187,0,0.00028299753,0
LA_D_6814636,0,0.00010579847,0
LA_D_6855752,0,9.856868e-06,0
LA_D_6914760,0,7.0895374e-05,0
LA_D_6920856,0,7.9960184e-05,0
LA_D_6930733,0,4.3994096e-05,0
LA_D_6940521,0,4.94548e-05,0
LA_D_7072258,0,4.89448e-05,0
LA_D_7101123,0,0.00020226346,0
LA_D_7114007,0,5.052022e-05,0
LA_D_7115973,0,3.8769133e-05,0
LA_D_7120364,0,4.425401e-05,0
LA_D_7160537,0,2.0640304e-05,0
LA_D_7180447,0,5.9227364e-06,0
LA_D_7199102,0,7.226978e-05,0
LA_D_7201951,0,0.00030545492,0
LA_D_7312535,0,9.974001e-05,0
LA_D_7398349,0,9.012436e-05,0
LA_D_7420352,0,3.3388067e-05,0
LA_D_7442269,0,9.558166e-05,0
LA_D_7444518,0,5.556486e-05,0
LA_D_7457091,0,8.2742896e-05,0
LA_D_7504762,0,7.6264696e-05,0
LA_D_7506025,0,0.00026998526,0
LA_D_7564052,0,3.6943806e-05,0
LA_D_7564800,0,0.000119873635,0
LA_D_7579833,0,4.4876906e-05,0
LA_D_7597147,0,0.0011365478,0
LA_D_7618520,0,0.00022331072,0
LA_D_7643858,0,0.00017464538,0
LA_D_7644072,0,9.828255e-05,0
LA_D_7673323,0,0.00016132415,0
LA_D_7674419,0,7.459577e-05,0
LA_D_7712887,0,1.1846053e-05,0
LA_D_7719213,0,0.0006439041,0
LA_D_7735219,0,9.289543e-05,0
LA_D_7738182,0,0.00015345144,0
LA_D_7761946,0,3.763164e-05,0
LA_D_7871600,0,1.8854675e-05,0
LA_D_7891639,0,6.3288855e-05,0
LA_D_7909240,0,1.8148241e-05,0
LA_D_7915757,0,1.8702598e-05,0
LA_D_7980033,0,6.0631566e-05,0
LA_D_8076909,0,3.308818e-05,0
LA_D_8077642,0,0.00010664332,0
LA_D_8080127,0,7.281634e-05,0
LA_D_8128482,0,8.85532e-06,0
LA_D_8138165,0,2.9174387e-05,0
LA_D_8141415,0,1.5555033e-05,0
LA_D_8197390,0,0.00429314,0
LA_D_8205467,0,0.0002706476,0
LA_D_8217131,0,8.090628e-05,0
LA_D_8223331,0,7.159563e-05,0
LA_D_8224117,0,9.518418e-05,0
LA_D_8249675,0,7.878197e-05,0
LA_D_8261063,0,2.883478e-05,0
LA_D_8325357,0,0.0006866061,0
LA_D_8332415,0,9.035842e-05,0
LA_D_8337861,0,0.00015155583,0
LA_D_8348255,0,4.3627904e-05,0
LA_D_8380959,0,0.000147435,0
LA_D_8435642,0,0.00022204152,0
LA_D_8436519,0,2.2804801e-05,0
LA_D_8441069,0,0.00013829826,0
LA_D_8467738,0,0.0033640596,0
LA_D_8485138,0,0.00038708036,0
LA_D_8519084,0,0.00033727614,0
LA_D_8575854,0,7.133692e-05,0
LA_D_8576496,0,3.3466516e-05,0
LA_D_8595477,0,3.7708585e-05,0
LA_D_8636461,0,0.0002133769,0
LA_D_8657393,0,1.5709596e-05,0
LA_D_8663431,0,7.589304e-05,0
LA_D_8691113,0,0.000116616706,0
LA_D_8726741,0,9.910159e-05,0
LA_D_8817691,0,0.00014837369,0
LA_D_8832311,0,3.3473058e-05,0
LA_D_8832584,0,6.21823e-05,0
LA_D_8884919,0,0.00032246017,0
LA_D_8944675,0,7.096011e-05,0
LA_D_8948710,0,0.00015030404,0
LA_D_8950385,0,0.0001140767,0
LA_D_9189777,0,0.00013184886,0
LA_D_9195548,0,9.639124e-05,0
LA_D_9305104,0,3.455722e-05,0
LA_D_9334540,0,8.440505e-05,0
LA_D_9393077,0,4.1424893e-05,0
LA_D_9430632,0,6.6278853e-06,0
LA_D_9468782,0,0.00016854762,0
LA_D_9477146,0,0.00010796345,0
LA_D_9495235,0,9.063777e-06,0
LA_D_9525782,0,1.6268303e-05,0
LA_D_9551181,0,4.5691995e-05,0
LA_D_9672147,0,3.6136487e-05,0
LA_D_9759074,0,0.00010318601,0
LA_D_9775592,0,4.142276e-05,0
LA_D_9784942,0,7.817452e-05,0
LA_D_9791741,0,0.00014646424,0
LA_D_9802861,0,9.1037175e-05,0
LA_D_9806272,0,0.9923655,1
LA_D_9826388,0,7.04759e-05,0
LA_D_9864516,0,8.084766e-05,0
LA_D_9913960,0,4.1182422e-05,0
LA_D_9945483,0,6.17189e-05,0
LA_D_9991657,0,9.603811e-06,0
LA_D_9991828,0,0.00040824237,0
LA_D_1003797,0,2.7651104e-05,0
LA_D_1058697,0,2.1060781e-05,0
LA_D_1068250,0,8.094732e-06,0
LA_D_1106906,0,1.0418271e-05,0
LA_D_1173972,0,9.400659e-06,0
LA_D_1191562,0,0.000280832,0
LA_D_1217069,0,0.00012217983,0
LA_D_1225629,0,3.9988652e-05,0
LA_D_1267039,0,3.0062589e-05,0
LA_D_1281551,0,3.524173e-05,0
LA_D_1297559,0,1.5863534e-05,0
LA_D_1358556,0,7.001343e-05,0
LA_D_1359166,0,1.0374943e-05,0
LA_D_1365321,0,1.8234861e-05,0
LA_D_1375085,0,2.2839647e-05,0
LA_D_1378109,0,2.7816992e-05,0
LA_D_1409799,0,2.5776959e-05,0
LA_D_1414287,0,2.2054739e-05,0
LA_D_1419364,0,1.803972e-05,0
LA_D_1419526,0,1.9830852e-05,0
LA_D_1526842,0,6.826307e-05,0
LA_D_1534693,0,2.2217497e-05,0
LA_D_1541008,0,6.688055e-05,0
LA_D_1555301,0,2.2308897e-05,0
LA_D_1571595,0,6.3865596e-06,0
LA_D_1571783,0,7.920261e-06,0
LA_D_1581762,0,9.581225e-06,0
LA_D_1592559,0,2.212972e-05,0
LA_D_1601648,0,3.8852446e-05,0
LA_D_1637646,0,1.3866382e-05,0
LA_D_1645531,0,3.1140706e-05,0
LA_D_1685863,0,1.7040178e-05,0
LA_D_1715922,0,1.10932315e-05,0
LA_D_1757134,0,3.0241352e-05,0
LA_D_1767230,0,4.8986734e-05,0
LA_D_1789894,0,1.9432371e-05,0
LA_D_1799775,0,5.910886e-05,0
LA_D_1811965,0,3.490635e-05,0
LA_D_1812094,0,4.2584543e-06,0
LA_D_1824827,0,1.4484899e-05,0
LA_D_1849915,0,1.5793732e-05,0
LA_D_1855940,0,2.7926446e-05,0
LA_D_1881500,0,2.0172383e-06,0
LA_D_1890878,0,5.9898034e-06,0
LA_D_1922621,0,2.0172703e-05,0
LA_D_1930859,0,2.0980477e-05,0
LA_D_1943277,0,1.97911e-05,0
LA_D_1955572,0,5.1155494e-05,0
LA_D_1958672,0,6.352371e-05,0
LA_D_1975844,0,3.2052343e-05,0
LA_D_1976284,0,4.2699558e-05,0
LA_D_2000885,0,2.0972773e-05,0
LA_D_2005388,0,8.483697e-06,0
LA_D_2053681,0,3.6548736e-05,0
LA_D_2054654,0,0.0001187207,0
LA_D_2093247,0,3.0620846e-05,0
LA_D_2124188,0,3.689212e-05,0
LA_D_2133031,0,7.867213e-05,0
LA_D_2157831,0,5.6585754e-06,0
LA_D_2175694,0,3.060136e-06,0
LA_D_2223300,0,2.3756678e-05,0
LA_D_2223782,0,2.1068756e-05,0
LA_D_2247309,0,3.319007e-05,0
LA_D_2255957,0,7.002759e-05,0
LA_D_2259016,0,3.5259378e-05,0
LA_D_2259759,0,4.8519305e-05,0
LA_D_2284232,0,3.2378422e-05,0
LA_D_2293597,0,2.2883796e-05,0
LA_D_2306690,0,6.218627e-05,0
LA_D_2395644,0,5.2710297e-05,0
LA_D_2404279,0,1.1963524e-05,0
LA_D_2406653,0,2.829111e-05,0
LA_D_2424487,0,1.2261414e-05,0
LA_D_2426166,0,1.5029091e-05,0
LA_D_2473777,0,3.5053996e-05,0
LA_D_2494449,0,1.5549174e-05,0
LA_D_2526971,0,7.168231e-05,0
LA_D_2536291,0,1.9308383e-05,0
LA_D_2595427,0,2.4815787e-05,0
LA_D_2617066,0,6.642444e-05,0
LA_D_2619504,0,1.1703668e-05,0
LA_D_2634056,0,3.103697e-05,0
LA_D_2645663,0,4.3303426e-05,0
LA_D_2707564,0,3.9937627e-06,0
LA_D_2756525,0,0.0002340316,0
LA_D_2777831,0,2.1738842e-05,0
LA_D_2798444,0,1.3888601e-05,0
LA_D_2798789,0,7.209491e-06,0
LA_D_2839838,0,6.8072836e-06,0
LA_D_2847323,0,1.661508e-05,0
LA_D_2861753,0,2.1436239e-05,0
LA_D_2868921,0,8.238813e-06,0
LA_D_2870777,0,8.45807e-05,0
LA_D_2877891,0,6.4569416e-05,0
LA_D_2878681,0,2.8774459e-05,0
LA_D_2887586,0,4.555256e-05,0
LA_D_2997155,0,2.7529706e-05,0
LA_D_3057551,0,1.7599988e-05,0
LA_D_3138020,0,4.473586e-05,0
LA_D_3149229,0,4.9161292e-05,0
LA_D_3171047,0,2.7034088e-05,0
LA_D_3176069,0,3.155832e-05,0
LA_D_3217329,0,4.300712e-05,0
LA_D_3302549,0,1.3384456e-05,0
LA_D_3334659,0,2.2528186e-05,0
LA_D_3376856,0,7.289923e-05,0
LA_D_3416276,0,1.4803724e-05,0
LA_D_3421085,0,6.422822e-06,0
LA_D_3425851,0,1.58019e-05,0
LA_D_3434821,0,1.298581e-05,0
LA_D_3457024,0,6.489102e-05,0
LA_D_3472117,0,8.822865e-06,0
LA_D_3506569,0,2.2732063e-05,0
LA_D_3507835,0,6.4161554e-06,0
LA_D_3510395,0,5.345186e-05,0
LA_D_3523213,0,2.0432903e-05,0
LA_D_3553967,0,4.507691e-05,0
LA_D_3561784,0,4.1018193e-05,0
LA_D_3611237,0,1.0803188e-05,0
LA_D_3668954,0,2.6129446e-05,0
LA_D_3672445,0,1.929384e-05,0
LA_D_3681599,0,1.105734e-05,0
LA_D_3707430,0,4.5881934e-05,0
LA_D_3752882,0,2.7512262e-06,0
LA_D_3754369,0,3.4137174e-05,0
LA_D_3771563,0,1.6366417e-05,0
LA_D_3777702,0,1.491424e-05,0
LA_D_3792705,0,2.2198545e-05,0
LA_D_3802210,0,1.5313863e-05,0
LA_D_3804397,0,1.0341889e-05,0
LA_D_3833623,0,1.6283344e-05,0
LA_D_3861037,0,2.1025302e-05,0
LA_D_3876769,0,8.812581e-06,0
LA_D_3879195,0,1.9421479e-05,0
LA_D_3901273,0,2.6680487e-05,0
LA_D_3930677,0,1.213183e-05,0
LA_D_4007785,0,2.4469955e-05,0
LA_D_4063282,0,5.1137056e-05,0
LA_D_4073647,0,0.0031604476,0
LA_D_4074087,0,2.6427927e-06,0
LA_D_4166028,0,3.4492292e-05,0
LA_D_4204784,0,4.5782108e-05,0
LA_D_4206300,0,2.4790568e-05,0
LA_D_4206952,0,2.3452834e-05,0
LA_D_4293805,0,1.0010523e-05,0
LA_D_4330927,0,2.2996373e-05,0
LA_D_4344125,0,7.132944e-05,0
LA_D_4411643,0,4.0170467e-05,0
LA_D_4411966,0,2.7597314e-05,0
LA_D_4434620,0,1.24467115e-05,0
LA_D_4459748,0,2.1116834e-05,0
LA_D_4471810,0,5.4320022e-05,0
LA_D_4486700,0,1.4192906e-05,0
LA_D_4488152,0,7.1688955e-06,0
LA_D_4523165,0,0.00012100728,0
LA_D_4544395,0,0.0012980711,0
LA_D_4568975,0,7.1375293e-06,0
LA_D_4572219,0,9.872032e-06,0
LA_D_4613712,0,1.3947415e-05,0
LA_D_4647613,0,2.0189349e-05,0
LA_D_4647964,0,3.858335e-06,0
LA_D_4718710,0,1.2688701e-05,0
LA_D_4728446,0,2.0469706e-05,0
LA_D_4736119,0,1.9662684e-05,0
LA_D_4741755,0,3.313387e-05,0
LA_D_4762537,0,7.0307806e-06,0
LA_D_4766616,0,4.187838e-05,0
LA_D_4769401,0,2.3862853e-05,0
LA_D_4784805,0,6.883898e-05,0
LA_D_4788913,0,4.2423195e-05,0
LA_D_4812719,0,3.7363592e-05,0
LA_D_4835735,0,1.6424863e-05,0
LA_D_4850913,0,1.6830725e-05,0
LA_D_4893596,0,2.6822076e-05,0
LA_D_4907389,0,8.095721e-06,0
LA_D_4925887,0,3.618665e-06,0
LA_D_4929781,0,4.9357648e-05,0
LA_D_4931710,0,2.5327094e-05,0
LA_D_4950221,0,1.5973837e-05,0
LA_D_4958833,0,5.226553e-05,0
LA_D_4959035,0,3.5420642e-05,0
LA_D_4977098,0,2.0013831e-05,0
LA_D_4984754,0,2.822382e-05,0
LA_D_4986715,0,6.995707e-06,0
LA_D_5026441,0,0.00013128242,0
LA_D_5026948,0,7.271414e-05,0
LA_D_5074906,0,1.3910579e-05,0
LA_D_5092533,0,0.00012512163,0
LA_D_5115596,0,1.2689935e-05,0
LA_D_5116527,0,4.2536416e-05,0
LA_D_5157632,0,1.7130804e-05,0
LA_D_5169953,0,2.0583497e-05,0
LA_D_5174430,0,4.2721713e-05,0
LA_D_5184277,0,8.61332e-05,0
LA_D_5186676,0,2.0651096e-05,0
LA_D_5210678,0,1.3485804e-05,0
LA_D_5245223,0,2.360796e-05,0
LA_D_5271094,0,4.5166496e-05,0
LA_D_5285009,0,2.6238542e-05,0
LA_D_5298731,0,3.843821e-05,0
LA_D_5315391,0,2.2358865e-05,0
LA_D_5325697,0,1.228903e-05,0
LA_D_5327408,0,1.1863769e-05,0
LA_D_5363458,0,2.2920072e-05,0
LA_D_5384711,0,1.2452364e-05,0
LA_D_5389869,0,6.277606e-06,0
LA_D_5392790,0,8.277941e-06,0
LA_D_5399865,0,1.5851285e-05,0
LA_D_5467548,0,4.4196102e-05,0
LA_D_5470881,0,1.6086213e-05,0
LA_D_5488860,0,1.8894707e-05,0
LA_D_5488938,0,9.382791e-06,0
LA_D_5522142,0,2.81021e-05,0
LA_D_5565540,0,3.5092424e-05,0
LA_D_5584723,0,9.371712e-05,0
LA_D_5592106,0,2.1473763e-05,0
LA_D_5610893,0,5.5468343e-05,0
LA_D_5611885,0,1.9754501e-05,0
LA_D_5621269,0,2.2550326e-05,0
LA_D_5652503,0,1.7841343e-05,0
LA_D_5723098,0,5.7185543e-06,0
LA_D_5731221,0,6.590087e-06,0
LA_D_5736694,0,2.7159182e-05,0
LA_D_5774345,0,2.0136127e-05,0
LA_D_5781617,0,3.2035932e-05,0
LA_D_5793111,0,8.882995e-06,0
LA_D_5795353,0,3.3596694e-05,0
LA_D_5822586,0,2.1931268e-05,0
LA_D_5858893,0,4.331722e-05,0
LA_D_5909998,0,1.2375436e-05,0
LA_D_5931137,0,3.163642e-05,0
LA_D_5959072,0,8.006158e-06,0
LA_D_5967483,0,1.994794e-05,0
LA_D_6000442,0,1.4798616e-05,0
LA_D_6035078,0,1.2094309e-05,0
LA_D_6036733,0,1.4677406e-05,0
LA_D_6064341,0,2.071433e-05,0
LA_D_6115922,0,3.283846e-05,0
LA_D_6127270,0,4.1021325e-05,0
LA_D_6154971,0,5.1495417e-06,0
LA_D_6155558,0,3.054068e-05,0
LA_D_6164680,0,1.04380015e-05,0
LA_D_6175023,0,9.2273185e-05,0
LA_D_6209992,0,1.0727636e-05,0
LA_D_6216331,0,2.0925167e-05,0
LA_D_6326082,0,4.91671e-05,0
LA_D_6338190,0,1.1761942e-05,0
LA_D_6353632,0,0.00016235095,0
LA_D_6353813,0,5.061604e-05,0
LA_D_6366738,0,2.0388135e-05,0
LA_D_6372376,0,8.530597e-06,0
LA_D_6387199,0,1.4146935e-05,0
LA_D_6425908,0,2.7006748e-05,0
LA_D_6426866,0,1.0262848e-05,0
LA_D_6474531,0,6.6852495e-05,0
LA_D_6480457,0,1.33228195e-05,0
LA_D_6515358,0,6.805752e-06,0
LA_D_6517455,0,1.2715787e-05,0
LA_D_6526664,0,7.08734e-05,0
LA_D_6542878,0,3.9452596e-05,0
LA_D_6547607,0,4.5656452e-05,0
LA_D_6554548,0,1.410789e-05,0
LA_D_6556577,0,7.218482e-06,0
LA_D_6599356,0,2.4820115e-06,0
LA_D_6627213,0,7.008475e-06,0
LA_D_6650483,0,7.195496e-05,0
LA_D_6663729,0,2.1970602e-05,0
LA_D_6697232,0,1.2087863e-05,0
LA_D_6749090,0,6.3278116e-05,0
LA_D_6760408,0,1.9637968e-05,0
LA_D_6788782,0,2.9185687e-05,0
LA_D_6801331,0,2.8558603e-05,0
LA_D_6810969,0,1.0695326e-05,0
LA_D_6818615,0,1.6021651e-05,0
LA_D_6832953,0,7.3613587e-06,0
LA_D_6851877,0,8.787873e-06,0
LA_D_6862553,0,3.130214e-05,0
LA_D_6902833,0,2.9589639e-05,0
LA_D_6925745,0,5.1724187e-06,0
LA_D_6957117,0,4.8177746e-05,0
LA_D_6991662,0,0.00011986357,0
LA_D_7018313,0,3.945879e-06,0
LA_D_7031080,0,0.0002378903,0
LA_D_7043000,0,2.2167242e-06,0
LA_D_7059463,0,0.0002166564,0
LA_D_7103223,0,3.6562265e-05,0
LA_D_7119255,0,8.4230405e-06,0
LA_D_7122312,0,1.4702565e-05,0
LA_D_7123142,0,0.00017172472,0
LA_D_7129621,0,8.081581e-06,0
LA_D_7170620,0,0.00012310265,0
LA_D_7173433,0,1.9637875e-05,0
LA_D_7229041,0,4.383779e-06,0
LA_D_7263188,0,0.0024318497,0
LA_D_7269587,0,0.013115419,0
LA_D_7285246,0,3.7095608e-05,0
LA_D_7308100,0,1.3065697e-05,0
LA_D_7334607,0,6.720988e-05,0
LA_D_7357609,0,2.9532188e-05,0
LA_D_7394528,0,5.4993638e-05,0
LA_D_7452217,0,2.4410705e-05,0
LA_D_7512399,0,1.1696226e-05,0
LA_D_7616531,0,1.7435023e-05,0
LA_D_7640908,0,1.5340378e-05,0
LA_D_7660720,0,1.0276432e-05,0
LA_D_7668402,0,1.3685949e-05,0
LA_D_7743470,0,1.8564826e-05,0
LA_D_7763874,0,3.7613663e-05,0
LA_D_7774346,0,8.2101076e-05,0
LA_D_7785816,0,3.0081686e-05,0
LA_D_7789272,0,0.00011501494,0
LA_D_7795388,0,7.780726e-06,0
LA_D_7801572,0,8.377797e-05,0
LA_D_7806943,0,2.428606e-05,0
LA_D_7827911,0,4.163297e-05,0
LA_D_7860380,0,3.9580194e-05,0
LA_D_7942115,0,2.0237503e-05,0
LA_D_7947630,0,7.155761e-05,0
LA_D_7953159,0,2.4344148e-05,0
LA_D_7960499,0,2.7789207e-05,0
LA_D_7970013,0,2.1953992e-05,0
LA_D_7973088,0,8.317943e-05,0
LA_D_7978065,0,5.702032e-06,0
LA_D_7996904,0,3.8846665e-05,0
LA_D_8000547,0,5.172493e-06,0
LA_D_8029129,0,2.854172e-05,0
LA_D_8048240,0,3.798241e-05,0
LA_D_8051414,0,1.7332173e-05,0
LA_D_8057316,0,9.379329e-05,0
LA_D_8060077,0,2.327723e-05,0
LA_D_8075381,0,1.1418271e-05,0
LA_D_8092331,0,8.289729e-05,0
LA_D_8114334,0,4.3891964e-06,0
LA_D_8146012,0,2.2888291e-05,0
LA_D_8172272,0,8.3647565e-06,0
LA_D_8175426,0,9.414287e-06,0
LA_D_8199055,0,4.399095e-05,0
LA_D_8243797,0,1.410337e-05,0
LA_D_8270674,0,1.724946e-05,0
LA_D_8276399,0,0.00012493016,0
LA_D_8285739,0,3.2285185e-05,0
LA_D_8302698,0,1.2436472e-05,0
LA_D_8311323,0,8.324474e-06,0
LA_D_8343646,0,1.0573919e-05,0
LA_D_8344568,0,1.4805801e-05,0
LA_D_8353342,0,7.272946e-05,0
LA_D_8363627,0,3.42664e-05,0
LA_D_8376156,0,1.2770096e-05,0
LA_D_8379770,0,1.21263e-05,0
LA_D_8392731,0,5.4882836e-05,0
LA_D_8429218,0,4.4057368e-05,0
LA_D_8456039,0,2.5648027e-05,0
LA_D_8484861,0,6.9679563e-06,0
LA_D_8504769,0,1.3356952e-05,0
LA_D_8522617,0,1.9706744e-05,0
LA_D_8535380,0,2.5529309e-05,0
LA_D_8537544,0,1.6908121e-05,0
LA_D_8545660,0,4.6340083e-05,0
LA_D_8552859,0,2.2207438e-05,0
LA_D_8629864,0,1.7003638e-05,0
LA_D_8646520,0,2.4397767e-05,0
LA_D_8674678,0,5.1342722e-05,0
LA_D_8696545,0,2.5099584e-05,0
LA_D_8726013,0,1.3821215e-05,0
LA_D_8755311,0,1.8559072e-05,0
LA_D_8796891,0,3.527542e-05,0
LA_D_8814451,0,2.2214997e-05,0
LA_D_8850937,0,1.7854501e-05,0
LA_D_8861762,0,3.691331e-05,0
LA_D_8880932,0,2.3238834e-05,0
LA_D_9002788,0,3.633189e-05,0
LA_D_9118224,0,5.0720937e-05,0
LA_D_9132728,0,3.1221556e-05,0
LA_D_9140494,0,2.7497013e-05,0
LA_D_9194593,0,1.82606e-05,0
LA_D_9223694,0,1.14709665e-05,0
LA_D_9224359,0,8.290478e-06,0
LA_D_9304826,0,4.7793114e-06,0
LA_D_9335130,0,2.5976793e-05,0
LA_D_9395844,0,1.1883744e-05,0
LA_D_9407742,0,2.373614e-05,0
LA_D_9414131,0,6.439988e-05,0
LA_D_9425366,0,1.5019062e-05,0
LA_D_9425889,0,2.7073302e-05,0
LA_D_9449347,0,2.1967982e-05,0
LA_D_9458801,0,1.1433582e-05,0
LA_D_9498483,0,1.5168601e-05,0
LA_D_9515513,0,0.00011587635,0
LA_D_9517355,0,1.822158e-05,0
LA_D_9528402,0,6.519631e-05,0
LA_D_9530100,0,1.9364294e-05,0
LA_D_9585808,0,2.674193e-05,0
LA_D_9594281,0,2.548533e-05,0
LA_D_9600050,0,2.2935185e-06,0
LA_D_9605437,0,3.803413e-05,0
LA_D_9608815,0,0.27404913,0
LA_D_9635044,0,5.2379332e-06,0
LA_D_9649054,0,3.332203e-05,0
LA_D_9730987,0,8.615602e-06,0
LA_D_9734224,0,9.011744e-06,0
LA_D_9738587,0,4.538549e-05,0
LA_D_9774358,0,1.9527115e-05,0
LA_D_9789005,0,4.2438485e-05,0
LA_D_9861473,0,2.7098074e-06,0
LA_D_9885320,0,1.567636e-05,0
LA_D_9891231,0,2.1138956e-05,0
LA_D_9907101,0,7.806197e-05,0
LA_D_9916763,0,1.967139e-05,0
LA_D_9942200,0,1.3687398e-05,0
LA_D_9942206,0,2.5392777e-05,0
LA_D_9965111,0,8.019271e-06,0
LA_D_9982040,0,6.818368e-06,0
LA_D_9985005,0,2.9510733e-05,0
LA_D_9989304,0,2.2328222e-05,0
LA_D_1003673,0,2.4967898e-05,0
LA_D_1018991,0,5.0752726e-05,0
LA_D_1027144,0,0.00061339966,0
LA_D_1062960,0,3.6523583e-05,0
LA_D_1066201,0,2.5134099e-05,0
LA_D_1082950,0,5.268306e-05,0
LA_D_1143403,0,1.0474448e-05,0
LA_D_1160005,0,6.983453e-05,0
LA_D_1181647,0,3.9173145e-05,0
LA_D_1256952,0,5.1861036e-05,0
LA_D_1264447,0,1.5750311e-05,0
LA_D_1299444,0,4.0104365e-05,0
LA_D_1308621,0,7.4512165e-05,0
LA_D_1318468,0,3.075635e-05,0
LA_D_1348271,0,6.251621e-05,0
LA_D_1349987,0,1.4055516e-05,0
LA_D_1355998,0,1.3057364e-05,0
LA_D_1382288,0,2.5166839e-05,0
LA_D_1424942,0,8.125591e-05,0
LA_D_1435551,0,0.00013193424,0
LA_D_1487608,0,0.0011043383,0
LA_D_1509369,0,7.013653e-05,0
LA_D_1512085,0,4.2949327e-05,0
LA_D_1512372,0,1.4457796e-05,0
LA_D_1519820,0,5.4043237e-05,0
LA_D_1520607,0,7.402511e-05,0
LA_D_1543746,0,3.923827e-05,0
LA_D_1544521,0,2.9022876e-05,0
LA_D_1552199,0,0.00013536632,0
LA_D_1597642,0,5.8809575e-05,0
LA_D_1603140,0,0.00010349475,0
LA_D_1606153,0,2.5186697e-05,0
LA_D_1626470,0,2.7587997e-05,0
LA_D_1693968,0,3.2219734e-05,0
LA_D_1695224,0,5.5545628e-05,0
LA_D_1698196,0,4.7449135e-05,0
LA_D_1705438,0,5.366689e-05,0
LA_D_1767864,0,7.860202e-05,0
LA_D_1792264,0,0.00012276715,0
LA_D_1796664,0,4.976353e-05,0
LA_D_1799296,0,2.7070955e-05,0
LA_D_1800646,0,2.5331878e-05,0
LA_D_1870337,0,3.2492655e-05,0
LA_D_1898410,0,4.539934e-05,0
LA_D_1907918,0,5.9419694e-05,0
LA_D_1918858,0,4.481644e-05,0
LA_D_1965730,0,4.938778e-05,0
LA_D_2019608,0,1.3593349e-05,0
LA_D_2045893,0,2.427085e-05,0
LA_D_2074110,0,0.00013941282,0
LA_D_2083344,0,1.4513856e-05,0
LA_D_2083927,0,4.7277907e-05,0
LA_D_2120410,0,3.2982956e-05,0
LA_D_2160669,0,2.9701394e-05,0
LA_D_2178077,0,2.522138e-05,0
LA_D_2219332,0,6.104959e-05,0
LA_D_2229754,0,7.913759e-05,0
LA_D_2242376,0,6.349669e-05,0
LA_D_2259559,0,4.2780383e-05,0
LA_D_2263827,0,4.6233396e-05,0
LA_D_2284815,0,3.8308488e-05,0
LA_D_2288103,0,6.48241e-05,0
LA_D_2292762,0,2.3412722e-05,0
LA_D_2299738,0,8.22593e-06,0
LA_D_2311293,0,7.893824e-05,0
LA_D_2339309,0,3.2746175e-05,0
LA_D_2350043,0,9.918414e-05,0
LA_D_2382483,0,3.0920804e-05,0
LA_D_2438243,0,5.316469e-05,0
LA_D_2465007,0,3.2058946e-05,0
LA_D_2484807,0,0.00010685383,0
LA_D_2496133,0,6.3064625e-05,0
LA_D_2530860,0,0.00016904285,0
LA_D_2539085,0,7.506009e-05,0
LA_D_2541010,0,4.3067943e-05,0
LA_D_2564257,0,9.11129e-05,0
LA_D_2580710,0,2.7552134e-05,0
LA_D_2592515,0,6.620387e-05,0
LA_D_2621682,0,3.669423e-05,0
LA_D_2625374,0,4.899159e-05,0
LA_D_2653693,0,3.2319345e-05,0
LA_D_2658121,0,1.862448e-05,0
LA_D_2665376,0,3.9601327e-06,0
LA_D_2704847,0,6.710965e-05,0
LA_D_2752105,0,2.7299457e-05,0
LA_D_2785381,0,0.000163753,0
LA_D_2827693,0,4.208472e-05,0
LA_D_2837799,0,1.9051324e-05,0
LA_D_2848199,0,1.7649976e-05,0
LA_D_2848511,0,2.021108e-05,0
LA_D_2855533,0,6.475898e-05,0
LA_D_2855988,0,1.6302067e-05,0
LA_D_2859523,0,5.066816e-06,0
LA_D_2878110,0,0.00011235081,0
LA_D_2897839,0,6.81024e-05,0
LA_D_2906905,0,5.5027267e-05,0
LA_D_2921446,0,3.3922144e-05,0
LA_D_3002927,0,4.6915597e-05,0
LA_D_3007436,0,2.2739043e-05,0
LA_D_3008473,0,4.9117152e-05,0
LA_D_3037827,0,7.163872e-05,0
LA_D_3041257,0,0.00012955161,0
LA_D_3044060,0,2.5740259e-05,0
LA_D_3060596,0,4.445976e-05,0
LA_D_3071341,0,2.806731e-05,0
LA_D_3078263,0,2.070331e-05,0
LA_D_3080082,0,1.7286975e-05,0
LA_D_3093801,0,6.919847e-05,0
LA_D_3095133,0,2.0385645e-05,0
LA_D_3096183,0,2.647544e-05,0
LA_D_3108387,0,6.335154e-05,0
LA_D_3132057,0,5.7539604e-05,0
LA_D_3155689,0,7.727569e-05,0
LA_D_3184759,0,2.4197245e-05,0
LA_D_3235736,0,1.34347665e-05,0
LA_D_3243424,0,4.6949386e-05,0
LA_D_3337451,0,3.229294e-05,0
LA_D_3366009,0,5.0518724e-05,0
LA_D_3412951,0,4.2048734e-05,0
LA_D_3423415,0,3.8385282e-05,0
LA_D_3474870,0,5.42653e-05,0
LA_D_3531356,0,0.0002521115,0
LA_D_3546775,0,2.238402e-05,0
LA_D_3559702,0,0.00014080372,0
LA_D_3566272,0,7.150406e-05,0
LA_D_3570892,0,1.8406958e-05,0
LA_D_3572448,0,8.384727e-05,0
LA_D_3584197,0,0.000115266805,0
LA_D_3618767,0,1.4823489e-05,0
LA_D_3621277,0,0.0001665122,0
LA_D_3640131,0,2.4876204e-05,0
LA_D_3641477,0,0.00016742958,0
LA_D_3683874,0,0.00010586578,0
LA_D_3686659,0,3.252995e-05,0
LA_D_3689959,0,6.387955e-05,0
LA_D_3694508,0,5.032168e-05,0
LA_D_3700284,0,5.530857e-05,0
LA_D_3713988,0,7.505328e-05,0
LA_D_3789749,0,6.925921e-05,0
LA_D_3801718,0,4.8705107e-05,0
LA_D_3806705,0,2.6599115e-05,0
LA_D_3818731,0,4.24323e-05,0
LA_D_3842267,0,6.166636e-05,0
LA_D_3859116,0,9.716552e-05,0
LA_D_3890144,0,2.202172e-05,0
LA_D_3921431,0,4.621973e-05,0
LA_D_3925971,0,6.0075374e-05,0
LA_D_3930278,0,5.0505674e-05,0
LA_D_3937288,0,3.0650008e-05,0
LA_D_3951121,0,1.6042291e-05,0
LA_D_3953760,0,3.5325782e-05,0
LA_D_3958440,0,2.3191456e-05,0
LA_D_3958741,0,3.7731104e-05,0
LA_D_3975228,0,9.366842e-05,0
LA_D_3989976,0,6.883635e-05,0
LA_D_4012262,0,3.650429e-05,0
LA_D_4030113,0,4.375928e-05,0
LA_D_4039069,0,9.944456e-05,0
LA_D_4049023,0,5.636361e-05,0
LA_D_4061652,0,4.3145472e-05,0
LA_D_4119576,0,2.2844177e-05,0
LA_D_4133418,0,0.0001527207,0
LA_D_4174862,0,3.3040666e-05,0
LA_D_4181002,0,3.9730814e-05,0
LA_D_4182539,0,3.880638e-05,0
LA_D_4244793,0,9.8820106e-05,0
LA_D_4275035,0,3.2068852e-05,0
LA_D_4287173,0,2.9300863e-05,0
LA_D_4293945,0,0.00015088417,0
LA_D_4362961,0,2.6739379e-05,0
LA_D_4403705,0,2.3418908e-05,0
LA_D_4409999,0,3.5797784e-05,0
LA_D_4424865,0,2.6084534e-05,0
LA_D_4432926,0,0.00010642267,0
LA_D_4439058,0,3.266281e-05,0
LA_D_4442369,0,3.3390234e-06,0
LA_D_4464966,0,0.00012730728,0
LA_D_4526668,0,9.480852e-05,0
LA_D_4535256,0,1.8696535e-05,0
LA_D_4535603,0,0.00019946706,0
LA_D_4570591,0,4.012923e-05,0
LA_D_4585446,0,5.2200474e-05,0
LA_D_4602760,0,3.0004105e-05,0
LA_D_4606697,0,3.3012504e-05,0
LA_D_4622729,0,0.00013477926,0
LA_D_4623818,0,5.841458e-05,0
LA_D_4629048,0,0.000100053614,0
LA_D_4638423,0,7.3920855e-05,0
LA_D_4648882,0,4.3163578e-05,0
LA_D_4658955,0,7.390437e-05,0
LA_D_4664367,0,1.4516777e-05,0
LA_D_4706443,0,0.0001854033,0
LA_D_4706913,0,6.765247e-05,0
LA_D_4713977,0,8.536978e-05,0
LA_D_4714024,0,5.918381e-05,0
LA_D_4725194,0,4.612594e-05,0
LA_D_4755723,0,2.5613443e-05,0
LA_D_4756680,0,0.000101231155,0
LA_D_4780370,0,3.9412243e-05,0
LA_D_4791696,0,1.8346584e-05,0
LA_D_4873256,0,1.6997203e-05,0
LA_D_4909869,0,2.3513034e-05,0
LA_D_4929080,0,6.0188395e-05,0
LA_D_4929109,0,4.637594e-05,0
LA_D_4945200,0,1.5081984e-05,0
LA_D_4955878,0,2.6471625e-05,0
LA_D_4987566,0,6.2908875e-05,0
LA_D_5003095,0,2.6761727e-05,0
LA_D_5032780,0,8.02363e-05,0
LA_D_5035334,0,4.561894e-05,0
LA_D_5102780,0,6.0483504e-05,0
LA_D_5110370,0,2.6483849e-05,0
LA_D_5174405,0,4.5652272e-05,0
LA_D_5229121,0,9.475853e-05,0
LA_D_5251345,0,4.9415154e-05,0
LA_D_5254618,0,2.9579875e-05,0
LA_D_5293658,0,4.7055888e-05,0
LA_D_5299386,0,1.2310893e-05,0
LA_D_5320850,0,7.0196875e-05,0
LA_D_5349376,0,0.0002006197,0
LA_D_5350443,0,0.00010362194,0
LA_D_5404238,0,3.7146656e-05,0
LA_D_5426940,0,8.221374e-06,0
LA_D_5441528,0,6.463694e-05,0
LA_D_5457952,0,3.214497e-05,0
LA_D_5470298,0,4.6678182e-05,0
LA_D_5533482,0,9.9402474e-05,0
LA_D_5542491,0,8.933153e-05,0
LA_D_5558517,0,8.098053e-05,0
LA_D_5570657,0,8.253398e-05,0
LA_D_5570989,0,3.707605e-05,0
LA_D_5581762,0,3.8466304e-05,0
LA_D_5583900,0,3.7919835e-05,0
LA_D_5604837,0,8.390461e-05,0
LA_D_5611362,0,1.8983206e-05,0
LA_D_5629619,0,2.5336225e-05,0
LA_D_5660742,0,4.568829e-05,0
LA_D_5737877,0,0.00024552204,0
LA_D_5741213,0,8.8211775e-05,0
LA_D_5875302,0,4.2631324e-05,0
LA_D_5936853,0,0.00010030809,0
LA_D_5940168,0,2.1366399e-05,0
LA_D_5958479,0,3.235021e-05,0
LA_D_5969979,0,7.3532065e-05,0
LA_D_5981215,0,6.5094864e-05,0
LA_D_6123181,0,5.396295e-05,0
LA_D_6167202,0,6.186025e-05,0
LA_D_6172260,0,4.2880325e-05,0
LA_D_6254273,0,0.00016671969,0
LA_D_6268565,0,5.448614e-05,0
LA_D_6287117,0,2.8615741e-05,0
LA_D_6304611,0,5.656564e-05,0
LA_D_6310271,0,1.5849953e-05,0
LA_D_6319430,0,4.058393e-05,0
LA_D_6341794,0,2.3705441e-05,0
LA_D_6368586,0,5.4410386e-05,0
LA_D_6418299,0,0.00011768106,0
LA_D_6474973,0,6.028599e-05,0
LA_D_6480530,0,3.8816597e-05,0
LA_D_6503994,0,2.3339446e-05,0
LA_D_6511825,0,5.1739225e-05,0
LA_D_6518523,0,6.086381e-05,0
LA_D_6522646,0,1.1803428e-05,0
LA_D_6530781,0,0.00014070857,0
LA_D_6553532,0,3.4350647e-05,0
LA_D_6566390,0,2.1319664e-05,0
LA_D_6593757,0,2.9843894e-05,0
LA_D_6650619,0,3.399404e-05,0
LA_D_6698563,0,5.6792e-05,0
LA_D_6747322,0,3.3564447e-05,0
LA_D_6772310,0,4.243141e-05,0
LA_D_6791436,0,3.243417e-05,0
LA_D_6798923,0,4.537904e-05,0
LA_D_6831466,0,0.00012850913,0
LA_D_6886270,0,2.7590471e-05,0
LA_D_6887531,0,2.1626787e-05,0
LA_D_6892385,0,4.5034973e-05,0
LA_D_6929837,0,0.000244991,0
LA_D_6940280,0,1.2065831e-05,0
LA_D_6989014,0,3.3019813e-05,0
LA_D_7009295,0,4.8043916e-05,0
LA_D_7029319,0,2.2467235e-05,0
LA_D_7030437,0,2.1512667e-05,0
LA_D_7030861,0,3.191728e-05,0
LA_D_7038000,0,3.632396e-05,0
LA_D_7045061,0,0.00014078719,0
LA_D_7052959,0,1.9211917e-05,0
LA_D_7063900,0,2.1816413e-05,0
LA_D_7077255,0,0.00016260998,0
LA_D_7078301,0,6.225468e-05,0
LA_D_7131254,0,0.00012277698,0
LA_D_7138828,0,6.2435654e-05,0
LA_D_7160304,0,0.000100093974,0
LA_D_7184020,0,8.073302e-05,0
LA_D_7188586,0,6.7620826e-06,0
LA_D_7199319,0,7.31488e-05,0
LA_D_7200286,0,2.476883e-05,0
LA_D_7211735,0,3.523185e-05,0
LA_D_7232179,0,0.000121981815,0
LA_D_7292406,0,3.465279e-05,0
LA_D_7303743,0,0.00032537937,0
LA_D_7366764,0,3.2320946e-05,0
LA_D_7376410,0,2.293035e-05,0
LA_D_7388551,0,2.2677e-05,0
LA_D_7406638,0,8.655064e-05,0
LA_D_7483433,0,0.00013253622,0
LA_D_7500692,0,3.554808e-05,0
LA_D_7501303,0,2.1834396e-05,0
LA_D_7509721,0,0.00014140797,0
LA_D_7515658,0,0.00026196043,0
LA_D_7568541,0,3.1587704e-05,0
LA_D_7570304,0,7.402881e-06,0
LA_D_7584030,0,3.203376e-05,0
LA_D_7647111,0,2.2067994e-05,0
LA_D_7656559,0,6.233969e-05,0
LA_D_7763864,0,5.1368144e-05,0
LA_D_7765382,0,4.436176e-05,0
LA_D_7767507,0,2.1831916e-05,0
LA_D_7778978,0,5.4215954e-05,0
LA_D_7785256,0,7.264836e-05,0
LA_D_7791861,0,4.4217813e-05,0
LA_D_7793454,0,6.305519e-05,0
LA_D_7809610,0,2.8995875e-05,0
LA_D_7859872,0,0.00010718877,0
LA_D_7864042,0,3.6025278e-05,0
LA_D_7867692,0,7.5133554e-05,0
LA_D_7876546,0,5.7942554e-05,0
LA_D_7911995,0,6.3607964e-05,0
LA_D_7912654,0,8.051303e-06,0
LA_D_7979047,0,1.0735763e-05,0
LA_D_8000064,0,9.2150345e-05,0
LA_D_8003857,0,3.5036617e-05,0
LA_D_8015234,0,3.429157e-05,0
LA_D_8024014,0,4.5734283e-05,0
LA_D_8029126,0,5.386141e-05,0
LA_D_8063526,0,4.0269468e-05,0
LA_D_8114692,0,9.435507e-06,0
LA_D_8116695,0,9.6798285e-05,0
LA_D_8128645,0,1.1178464e-05,0
LA_D_8172406,0,3.7020334e-05,0
LA_D_8212291,0,5.247578e-05,0
LA_D_8227552,0,7.1725255e-05,0
LA_D_8249793,0,3.7048958e-06,0
LA_D_8283220,0,1.5206144e-05,0
LA_D_8310686,0,1.4919432e-05,0
LA_D_8314886,0,1.8757077e-05,0
LA_D_8322191,0,0.00016653459,0
LA_D_8335652,0,5.3182892e-05,0
LA_D_8343532,0,1.052113e-05,0
LA_D_8416303,0,3.4081648e-05,0
LA_D_8422079,0,2.3638102e-05,0
LA_D_8437547,0,2.7226168e-05,0
LA_D_8481946,0,2.79665e-05,0
LA_D_8484790,0,4.4819855e-05,0
LA_D_8501812,0,4.4726818e-05,0
LA_D_8532018,0,3.7672104e-05,0
LA_D_8585920,0,2.9781093e-05,0
LA_D_8638028,0,3.5739828e-05,0
LA_D_8640337,0,5.8338817e-05,0
LA_D_8655168,0,5.146827e-05,0
LA_D_8668035,0,0.00015652858,0
LA_D_8668814,0,2.3574685e-05,0
LA_D_8672265,0,0.002089014,0
LA_D_8683478,0,5.2771455e-05,0
LA_D_8702450,0,3.2654836e-05,0
LA_D_8736354,0,3.6693036e-05,0
LA_D_8755917,0,6.9446105e-05,0
LA_D_8756602,0,3.8229605e-06,0
LA_D_8798259,0,7.7332304e-05,0
LA_D_8819810,0,5.616825e-05,0
LA_D_8822966,0,1.572931e-05,0
LA_D_8835215,0,0.00011098118,0
LA_D_8880807,0,1.9452842e-05,0
LA_D_8906207,0,0.011620917,0
LA_D_8922313,0,8.293659e-05,0
LA_D_8951502,0,3.6364963e-05,0
LA_D_9023363,0,6.627234e-05,0
LA_D_9025572,0,4.577927e-05,0
LA_D_9041573,0,8.488855e-05,0
LA_D_9048536,0,7.384103e-05,0
LA_D_9063074,0,2.899228e-05,0
LA_D_9070116,0,2.8915323e-05,0
LA_D_9098279,0,6.913278e-05,0
LA_D_9111215,0,0.00016494664,0
LA_D_9126962,0,3.8192964e-05,0
LA_D_9192205,0,6.800824e-05,0
LA_D_9209327,0,5.622254e-05,0
LA_D_9247873,0,2.5115529e-05,0
LA_D_9259186,0,4.227704e-05,0
LA_D_9272626,0,1.2062861e-05,0
LA_D_9313621,0,0.00011586884,0
LA_D_9316268,0,3.5405716e-05,0
LA_D_9329913,0,5.1112682e-05,0
LA_D_9333977,0,2.128929e-05,0
LA_D_9345210,0,6.3818916e-05,0
LA_D_9363329,0,8.674167e-05,0
LA_D_9370841,0,6.251049e-05,0
LA_D_9399404,0,0.00019658299,0
LA_D_9414796,0,4.6589637e-05,0
LA_D_9417739,0,5.561013e-05,0
LA_D_9553605,0,6.737653e-05,0
LA_D_9605217,0,5.082179e-05,0
LA_D_9666836,0,0.00019845234,0
LA_D_9672942,0,3.236737e-05,0
LA_D_9680319,0,4.138754e-05,0
LA_D_9687839,0,0.00014330864,0
LA_D_9732147,0,3.3313423e-05,0
LA_D_9766606,0,3.403809e-05,0
LA_D_9800866,0,1.7831597e-05,0
LA_D_9828475,0,5.208039e-05,0
LA_D_9835602,0,3.6039986e-05,0
LA_D_9867342,0,0.0005114605,0
LA_D_9923796,0,6.414736e-05,0
LA_D_9924117,0,8.647671e-05,0
LA_D_1039528,0,8.7212604e-05,0
LA_D_1076068,0,5.7035155e-05,0
LA_D_1187262,0,3.073313e-05,0
LA_D_1208937,0,4.2622745e-05,0
LA_D_1256001,0,2.3602623e-05,0
LA_D_1279699,0,1.7050193e-05,0
LA_D_1345832,0,8.089671e-05,0
LA_D_1360070,0,0.0001156602,0
LA_D_1394044,0,1.3038363e-05,0
LA_D_1404026,0,1.8652707e-05,0
LA_D_1405812,0,1.5939995e-05,0
LA_D_1406948,0,1.5357622e-05,0
LA_D_1429979,0,4.1324856e-06,0
LA_D_1447250,0,6.634063e-06,0
LA_D_1462556,0,1.8297154e-05,0
LA_D_1520589,0,4.3700857e-05,0
LA_D_1534909,0,6.198887e-06,0
LA_D_1546478,0,2.5175914e-05,0
LA_D_1574961,0,0.00016975112,0
LA_D_1613851,0,3.8019767e-05,0
LA_D_1623783,0,1.0745278e-05,0
LA_D_1664915,0,2.012787e-05,0
LA_D_1808956,0,6.057988e-06,0
LA_D_1975386,0,0.00016146818,0
LA_D_1993921,0,1.749283e-05,0
LA_D_2042101,0,1.4690582e-05,0
LA_D_2049968,0,0.00028307148,0
LA_D_2080320,0,1.8618888e-05,0
LA_D_2117591,0,4.5121036e-05,0
LA_D_2199278,0,4.2090458e-05,0
LA_D_2259292,0,3.479578e-05,0
LA_D_2335490,0,4.896063e-05,0
LA_D_2406981,0,6.708687e-05,0
LA_D_2481485,0,2.3594972e-05,0
LA_D_2547623,0,1.9082201e-05,0
LA_D_2552841,0,1.7184359e-05,0
LA_D_2555715,0,8.4164894e-05,0
LA_D_2643276,0,2.6807116e-05,0
LA_D_2651341,0,1.8385012e-05,0
LA_D_2670809,0,2.4361565e-05,0
LA_D_2671594,0,2.0411206e-05,0
LA_D_2697100,0,5.6678386e-05,0
LA_D_2699739,0,5.1620304e-05,0
LA_D_2720510,0,1.6353919e-05,0
LA_D_2733623,0,7.680507e-05,0
LA_D_2771030,0,2.184533e-05,0
LA_D_2797757,0,2.3684292e-05,0
LA_D_2852714,0,1.2305823e-05,0
LA_D_2855249,0,2.1045844e-05,0
LA_D_2869692,0,3.0516842e-06,0
LA_D_2871536,0,1.8969093e-05,0
LA_D_2916691,0,1.805733e-05,0
LA_D_2925315,0,1.3965036e-05,0
LA_D_2949516,0,1.9123227e-05,0
LA_D_2985114,0,1.8470086e-05,0
LA_D_3012833,0,2.9797826e-05,0
LA_D_3015735,0,4.297256e-05,0
LA_D_3017121,0,9.4055285e-06,0
LA_D_3105314,0,9.0802394e-05,0
LA_D_3107692,0,3.0100655e-05,0
LA_D_3174145,0,4.567344e-05,0
LA_D_3178726,0,5.376842e-05,0
LA_D_3241180,0,4.1611936e-05,0
LA_D_3282769,0,7.770747e-05,0
LA_D_3294977,0,1.9726676e-05,0
LA_D_3360066,0,9.24413e-06,0
LA_D_3368444,0,2.7281838e-05,0
LA_D_3384993,0,6.298757e-05,0
LA_D_3416825,0,7.605235e-05,0
LA_D_3416978,0,1.4042775e-05,0
LA_D_3419658,0,2.2454744e-05,0
LA_D_3425893,0,2.2121365e-05,0
LA_D_3533489,0,4.860683e-05,0
LA_D_3552805,0,1.06115285e-05,0
LA_D_3567520,0,7.521865e-05,0
LA_D_3713639,0,4.4693646e-05,0
LA_D_3762414,0,4.2076736e-05,0
LA_D_3788624,0,8.705628e-06,0
LA_D_3822372,0,1.2409366e-05,0
LA_D_3858607,0,0.00014377621,0
LA_D_3874085,0,9.577561e-06,0
LA_D_3914511,0,2.2706476e-05,0
LA_D_3962973,0,1.0633441e-05,0
LA_D_4021977,0,1.4901955e-05,0
LA_D_4037663,0,2.8585411e-05,0
LA_D_4046580,0,4.3148226e-05,0
LA_D_4088889,0,2.7983177e-05,0
LA_D_4164777,0,1.7916194e-05,0
LA_D_4208169,0,1.7655784e-05,0
LA_D_4239778,0,3.384392e-05,0
LA_D_4264923,0,1.8373303e-05,0
LA_D_4291104,0,1.6955271e-05,0
LA_D_4301954,0,1.624006e-05,0
LA_D_4402866,0,1.7413702e-05,0
LA_D_4488838,0,5.5541173e-06,0
LA_D_4545884,0,9.345661e-05,0
LA_D_4584142,0,3.3964614e-05,0
LA_D_4734716,0,1.6145554e-05,0
LA_D_4736001,0,1.9181929e-05,0
LA_D_4762105,0,8.50544e-06,0
LA_D_4812481,0,6.535188e-06,0
LA_D_4814402,0,4.1596224e-05,0
LA_D_4824323,0,1.0849267e-05,0
LA_D_4868270,0,1.594711e-05,0
LA_D_4881980,0,3.5327063e-05,0
LA_D_4943612,0,2.9693663e-05,0
LA_D_4947939,0,3.2373297e-05,0
LA_D_4956039,0,1.9085039e-05,0
LA_D_5013159,0,1.0588046e-05,0
LA_D_5062241,0,6.124717e-06,0
LA_D_5065135,0,1.9033056e-05,0
LA_D_5068271,0,2.0675195e-06,0
LA_D_5084830,0,4.9863196e-05,0
LA_D_5168787,0,7.982534e-05,0
LA_D_5192033,0,1.1178518e-05,0
LA_D_5234827,0,0.00014725236,0
LA_D_5236557,0,6.858128e-05,0
LA_D_5238266,0,3.054805e-05,0
LA_D_5241744,0,3.5778605e-05,0
LA_D_5257381,0,3.2396212e-05,0
LA_D_5282749,0,1.6498583e-05,0
LA_D_5285268,0,1.6691009e-05,0
LA_D_5285970,0,3.5814202e-05,0
LA_D_5296414,0,8.596965e-05,0
LA_D_5305473,0,1.5983956e-05,0
LA_D_5330155,0,0.00012399613,0
LA_D_5336165,0,4.60097e-05,0
LA_D_5369394,0,3.8461974e-05,0
LA_D_5470214,0,6.875914e-05,0
LA_D_5475290,0,5.922068e-05,0
LA_D_5483730,0,2.6246498e-05,0
LA_D_5545619,0,0.0004095095,0
LA_D_5574112,0,0.00010376562,0
LA_D_5661104,0,3.503732e-05,0
LA_D_5669124,0,1.806303e-05,0
LA_D_5752206,0,1.2256878e-05,0
LA_D_5752437,0,6.6732464e-06,0
LA_D_5761885,0,1.9803581e-05,0
LA_D_5763793,0,1.192798e-05,0
LA_D_5813568,0,1.8210429e-05,0
LA_D_5817787,0,2.5819963e-05,0
LA_D_5905737,0,3.291e-05,0
LA_D_5921230,0,3.4123408e-05,0
LA_D_5937021,0,0.00019843155,0
LA_D_5940767,0,6.3692205e-05,0
LA_D_6020756,0,2.0160953e-05,0
LA_D_6027499,0,3.7718295e-05,0
LA_D_6052530,0,4.074863e-06,0
LA_D_6090760,0,2.7048221e-05,0
LA_D_6115335,0,3.7565736e-05,0
LA_D_6135553,0,1.7580194e-05,0
LA_D_6177242,0,5.4706423e-05,0
LA_D_6179226,0,3.4990968e-05,0
LA_D_6210490,0,6.427724e-06,0
LA_D_6214703,0,7.84988e-05,0
LA_D_6272018,0,3.6328776e-05,0
LA_D_6290153,0,5.7947524e-05,0
LA_D_6295513,0,4.4051234e-05,0
LA_D_6298403,0,1.6515822e-05,0
LA_D_6321273,0,7.732755e-06,0
LA_D_6341314,0,9.093074e-06,0
LA_D_6346837,0,1.7808348e-05,0
LA_D_6359460,0,3.6113437e-05,0
LA_D_6378566,0,0.00012078341,0
LA_D_6404620,0,1.43946345e-05,0
LA_D_6409431,0,1.1633994e-05,0
LA_D_6441885,0,4.5679015e-05,0
LA_D_6446002,0,4.8126225e-05,0
LA_D_6468412,0,1.9389721e-05,0
LA_D_6469406,0,2.0567957e-05,0
LA_D_6469647,0,9.434797e-06,0
LA_D_6525071,0,4.916096e-05,0
LA_D_6569285,0,1.7249182e-05,0
LA_D_6593011,0,1.147149e-05,0
LA_D_6595610,0,5.10477e-05,0
LA_D_6603047,0,2.8023154e-05,0
LA_D_6654690,0,9.8778175e-05,0
LA_D_6662010,0,2.5417878e-05,0
LA_D_6677490,0,1.51296235e-05,0
LA_D_6708714,0,4.4424793e-05,0
LA_D_6728041,0,8.226409e-06,0
LA_D_6734401,0,9.146486e-05,0
LA_D_6793108,0,3.186743e-05,0
LA_D_6794210,0,9.699491e-06,0
LA_D_6835954,0,2.303518e-05,0
LA_D_6908205,0,3.190118e-05,0
LA_D_6947289,0,2.124757e-05,0
LA_D_7005622,0,3.927747e-05,0
LA_D_7010911,0,3.1540872e-05,0
LA_D_7044931,0,2.1527978e-05,0
LA_D_7051804,0,4.7401645e-05,0
LA_D_7066954,0,1.2278569e-05,0
LA_D_7114213,0,4.03744e-05,0
LA_D_7137953,0,4.0571394e-05,0
LA_D_7168411,0,4.9485036e-05,0
LA_D_7201438,0,6.7791196e-05,0
LA_D_7245573,0,5.174579e-05,0
LA_D_7284920,0,3.3141616e-05,0
LA_D_7298083,0,0.0001454111,0
LA_D_7322960,0,4.4249748e-05,0
LA_D_7368554,0,2.8028016e-05,0
LA_D_7368744,0,2.297336e-05,0
LA_D_7380127,0,3.1906504e-05,0
LA_D_7404557,0,3.999849e-05,0
LA_D_7439452,0,9.020953e-06,0
LA_D_7448540,0,2.3678667e-05,0
LA_D_7451179,0,1.7101978e-05,0
LA_D_7471232,0,2.2486589e-05,0
LA_D_7493620,0,3.104268e-05,0
LA_D_7520064,0,4.110513e-05,0
LA_D_7547533,0,1.7018709e-05,0
LA_D_7550549,0,3.9147522e-05,0
LA_D_7612992,0,3.4186887e-05,0
LA_D_7650371,0,1.4637581e-05,0
LA_D_7705939,0,4.673992e-05,0
LA_D_7740163,0,9.206351e-06,0
LA_D_7775873,0,1.4963834e-05,0
LA_D_7792362,0,5.6975136e-05,0
LA_D_7907493,0,2.3451224e-05,0
LA_D_7916323,0,3.4133333e-05,0
LA_D_7932134,0,0.0012895372,0
LA_D_7958461,0,5.8964513e-05,0
LA_D_7995545,0,5.0001476e-05,0
LA_D_8002093,0,5.1220417e-05,0
LA_D_8010160,0,1.7197113e-05,0
LA_D_8020367,0,7.3447745e-06,0
LA_D_8022699,0,7.293664e-05,0
LA_D_8035203,0,2.3522227e-05,0
LA_D_8145529,0,0.0001341029,0
LA_D_8203916,0,1.5687605e-05,0
LA_D_8208840,0,1.64969e-05,0
LA_D_8210004,0,2.9152945e-05,0
LA_D_8223817,0,1.7415596e-05,0
LA_D_8226217,0,5.8471644e-05,0
LA_D_8240404,0,2.10963e-05,0
LA_D_8247746,0,3.044283e-05,0
LA_D_8252368,0,3.4716893e-05,0
LA_D_8284460,0,0.00011399209,0
LA_D_8312564,0,9.0487065e-06,0
LA_D_8364571,0,8.34845e-05,0
LA_D_8376351,0,3.649068e-05,0
LA_D_8383254,0,2.5265794e-05,0
LA_D_8425884,0,0.00010045972,0
LA_D_8450502,0,1.4370275e-05,0
LA_D_8584336,0,7.6155643e-06,0
LA_D_8595379,0,4.972269e-05,0
LA_D_8630312,0,8.327532e-06,0
LA_D_8647491,0,7.873284e-06,0
LA_D_8648848,0,3.443399e-05,0
LA_D_8653799,0,7.1142676e-06,0
LA_D_8666902,0,1.52113935e-05,0
LA_D_8678410,0,5.409186e-05,0
LA_D_8682135,0,1.236549e-05,0
LA_D_8689278,0,1.3342898e-05,0
LA_D_8733315,0,2.0790107e-05,0
LA_D_8747095,0,1.4305203e-05,0
LA_D_8752359,0,0.0003367832,0
LA_D_8754324,0,3.566659e-05,0
LA_D_8765813,0,2.7460928e-05,0
LA_D_8790703,0,2.6229436e-05,0
LA_D_8808969,0,2.0504403e-05,0
LA_D_8818969,0,0.00010842401,0
LA_D_8845360,0,2.0897149e-05,0
LA_D_8876728,0,4.4206514e-05,0
LA_D_8896610,0,4.4612567e-05,0
LA_D_8915463,0,2.5474006e-05,0
LA_D_9026390,0,2.8867687e-05,0
LA_D_9036300,0,5.450262e-05,0
LA_D_9086230,0,3.3203774e-05,0
LA_D_9098375,0,1.5569029e-05,0
LA_D_9150782,0,6.7433226e-05,0
LA_D_9167498,0,3.653403e-05,0
LA_D_9171276,0,2.6746648e-05,0
LA_D_9173640,0,0.000105428066,0
LA_D_9174943,0,2.6524922e-05,0
LA_D_9175079,0,1.8999905e-05,0
LA_D_9218689,0,9.2982824e-05,0
LA_D_9222686,0,2.2280024e-05,0
LA_D_9248232,0,1.8291257e-05,0
LA_D_9257320,0,1.6799822e-05,0
LA_D_9266618,0,2.2746635e-05,0
LA_D_9301839,0,5.3924214e-05,0
LA_D_9306659,0,3.7221438e-05,0
LA_D_9322246,0,2.1688667e-05,0
LA_D_9352288,0,3.4423516e-05,0
LA_D_9366858,0,9.0602596e-05,0
LA_D_9530210,0,4.8631682e-05,0
LA_D_9581294,0,5.1863015e-05,0
LA_D_9637098,0,3.09434e-05,0
LA_D_9641985,0,4.831301e-05,0
LA_D_9646150,0,3.1725398e-05,0
LA_D_9663682,0,3.282531e-05,0
LA_D_9663993,0,2.3324224e-05,0
LA_D_9729287,0,1.1030378e-05,0
LA_D_9759473,0,2.7840664e-05,0
LA_D_9786796,0,2.3206458e-05,0
LA_D_9793796,0,5.016008e-05,0
LA_D_9814205,0,6.7852125e-05,0
LA_D_9878596,0,1.3255903e-05,0
LA_D_9881103,0,1.4034326e-05,0
LA_D_9895494,0,1.4526664e-05,0
LA_D_9899652,0,3.419667e-05,0
LA_D_9904324,0,2.1635413e-05,0
LA_D_9914048,0,3.212664e-05,0
LA_D_9918437,0,5.576611e-06,0
LA_D_9945037,0,2.899131e-05,0
LA_D_9962097,0,6.4226566e-05,0
LA_D_9971231,0,4.4023516e-05,0
LA_D_1002130,0,6.5129636e-05,0
LA_D_1004357,0,4.3438922e-05,0
LA_D_1019359,0,7.117548e-05,0
LA_D_1083373,0,5.9209164e-05,0
LA_D_1099280,0,2.0164069e-05,0
LA_D_1108820,0,2.5926653e-05,0
LA_D_1121509,0,0.0006110391,0
LA_D_1138393,0,7.188617e-05,0
LA_D_1139673,0,0.00014405628,0
LA_D_1175922,0,8.453635e-05,0
LA_D_1178516,0,2.5320718e-05,0
LA_D_1241886,0,5.311234e-05,0
LA_D_1246113,0,3.861269e-05,0
LA_D_1281857,0,0.00017642825,0
LA_D_1293448,0,4.7886202e-05,0
LA_D_1332849,0,0.00011727912,0
LA_D_1370511,0,0.00014997576,0
LA_D_1402537,0,9.0445916e-05,0
LA_D_1407315,0,8.28246e-05,0
LA_D_1411178,0,3.444026e-05,0
LA_D_1417054,0,3.3538017e-05,0
LA_D_1419435,0,2.3238592e-05,0
LA_D_1432574,0,5.106445e-05,0
LA_D_1470065,0,2.1543812e-05,0
LA_D_1496714,0,5.0592782e-05,0
LA_D_1507147,0,0.00016173691,0
LA_D_1551943,0,0.00014063531,0
LA_D_1556961,0,2.291636e-05,0
LA_D_1602797,0,2.5845016e-05,0
LA_D_1629631,0,0.00013169556,0
LA_D_1642847,0,0.000100818645,0
LA_D_1694462,0,7.004001e-05,0
LA_D_1695538,0,9.538836e-05,0
LA_D_1719192,0,4.2445005e-05,0
LA_D_1734391,0,3.0675124e-05,0
LA_D_1760707,0,5.0630424e-05,0
LA_D_1772690,0,4.2988173e-05,0
LA_D_1776029,0,9.5690186e-05,0
LA_D_1806429,0,0.0001267096,0
LA_D_1834056,0,0.00014083392,0
LA_D_1835613,0,4.846363e-05,0
LA_D_1883294,0,0.0005292234,0
LA_D_1888187,0,0.00012724647,0
LA_D_1890747,0,6.934525e-05,0
LA_D_1893600,0,2.0117162e-05,0
LA_D_1924520,0,0.00010547764,0
LA_D_1939530,0,9.28655e-05,0
LA_D_1952781,0,8.531932e-06,0
LA_D_1958457,0,1.8261837e-05,0
LA_D_2032800,0,5.908925e-05,0
LA_D_2039149,0,3.688125e-05,0
LA_D_2077274,0,8.2876264e-05,0
LA_D_2095422,0,9.1051064e-05,0
LA_D_2146411,0,8.667637e-06,0
LA_D_2146434,0,6.507557e-05,0
LA_D_2224784,0,4.1522664e-05,0
LA_D_2225615,0,6.931021e-05,0
LA_D_2248370,0,6.97516e-05,0
LA_D_2301233,0,9.542947e-05,0
LA_D_2316551,0,0.00012836303,0
LA_D_2325585,0,9.4489194e-05,0
LA_D_2331474,0,3.462326e-05,0
LA_D_2340138,0,0.00014479223,0
LA_D_2344937,0,2.5345116e-05,0
LA_D_2347001,0,2.8722752e-05,0
LA_D_2357473,0,4.9711976e-05,0
LA_D_2394870,0,3.5859248e-05,0
LA_D_2401253,0,0.00011281083,0
LA_D_2418640,0,4.6055353e-05,0
LA_D_2418754,0,2.0141004e-05,0
LA_D_2441269,0,5.994238e-05,0
LA_D_2448704,0,8.759884e-05,0
LA_D_2450173,0,2.7664928e-05,0
LA_D_2469604,0,9.365842e-05,0
LA_D_2494254,0,8.160169e-05,0
LA_D_2507581,0,5.5668865e-05,0
LA_D_2554631,0,0.000122056284,0
LA_D_2554943,0,5.53907e-05,0
LA_D_2596805,0,4.949415e-05,0
LA_D_2605804,0,3.5469286e-05,0
LA_D_2612018,0,4.1577267e-05,0
LA_D_2624303,0,6.853708e-05,0
LA_D_2631978,0,4.578551e-05,0
LA_D_2656143,0,0.0001147192,0
LA_D_2661406,0,1.7231574e-05,0
LA_D_2699404,0,3.982964e-05,0
LA_D_2712544,0,6.123524e-05,0
LA_D_2743305,0,8.79026e-05,0
LA_D_2749889,0,5.025277e-05,0
LA_D_2768317,0,9.268042e-05,0
LA_D_2823242,0,3.571642e-05,0
LA_D_2849030,0,5.5556968e-05,0
LA_D_2875382,0,7.693805e-05,0
LA_D_2888081,0,7.972188e-05,0
LA_D_2896709,0,0.00016520527,0
LA_D_2932863,0,8.148847e-05,0
LA_D_2973554,0,7.454969e-05,0
LA_D_2986511,0,0.00016741997,0
LA_D_2990501,0,3.546059e-05,0
LA_D_3001833,0,3.251277e-05,0
LA_D_3026538,0,0.0001434128,0
LA_D_3028894,0,6.8796326e-05,0
LA_D_3030112,0,0.0001769539,0
LA_D_3037574,0,3.7928763e-05,0
LA_D_3057401,0,7.1455805e-05,0
LA_D_3086784,0,0.00011914338,0
LA_D_3106788,0,1.0501372e-05,0
LA_D_3108292,0,2.6843723e-05,0
LA_D_3155198,0,8.208472e-05,0
LA_D_3164494,0,0.000103575214,0
LA_D_3213474,0,4.760777e-05,0
LA_D_3220706,0,1.5253259e-05,0
LA_D_3221893,0,0.00012479383,0
LA_D_3238773,0,0.00014248592,0
LA_D_3286643,0,6.138005e-05,0
LA_D_3295808,0,6.7830606e-06,0
LA_D_3320370,0,4.152924e-05,0
LA_D_3321949,0,4.5704634e-05,0
LA_D_3324360,0,8.3388375e-05,0
LA_D_3333243,0,0.000107009015,0
LA_D_3373111,0,5.025493e-05,0
LA_D_3395770,0,4.9295882e-05,0
LA_D_3406893,0,4.4028053e-05,0
LA_D_3418736,0,4.0565632e-05,0
LA_D_3434754,0,9.0326714e-05,0
LA_D_3447687,0,6.354351e-05,0
LA_D_3488802,0,7.890813e-05,0
LA_D_3499644,0,5.5372053e-05,0
LA_D_3516654,0,3.800266e-05,0
LA_D_3549647,0,1.7744132e-05,0
LA_D_3591655,0,7.48845e-05,0
LA_D_3685606,0,4.865989e-05,0
LA_D_3720598,0,3.4242552e-05,0
LA_D_3755342,0,7.750713e-05,0
LA_D_3814470,0,0.00010289683,0
LA_D_3913989,0,0.00020972664,0
LA_D_3922139,0,4.8696534e-06,0
LA_D_3926305,0,1.5736661e-05,0
LA_D_3936411,0,6.746327e-05,0
LA_D_3938799,0,1.981225e-05,0
LA_D_3939594,0,3.6610658e-05,0
LA_D_3946425,0,7.4259275e-05,0
LA_D_3988144,0,1.556401e-05,0
LA_D_3997436,0,1.0975897e-05,0
LA_D_4001682,0,0.00018254684,0
LA_D_4081209,0,7.9957055e-05,0
LA_D_4092177,0,0.00012967187,0
LA_D_4095978,0,6.580688e-05,0
LA_D_4135533,0,8.826917e-05,0
LA_D_4147879,0,0.00015317588,0
LA_D_4159525,0,1.3414473e-05,0
LA_D_4193752,0,0.00026995127,0
LA_D_4196607,0,9.428874e-05,0
LA_D_4305576,0,5.594048e-05,0
LA_D_4305596,0,6.101705e-05,0
LA_D_4345147,0,4.420997e-05,0
LA_D_4353496,0,8.959677e-05,0
LA_D_4433475,0,2.515633e-05,0
LA_D_4441186,0,6.7242385e-05,0
LA_D_4463553,0,2.5032365e-05,0
LA_D_4487394,0,9.072866e-06,0
LA_D_4549158,0,3.791524e-05,0
LA_D_4620379,0,3.4219276e-05,0
LA_D_4644335,0,4.3536627e-05,0
LA_D_4682691,0,2.500011e-05,0
LA_D_4707332,0,8.4718326e-05,0
LA_D_4784490,0,7.134455e-05,0
LA_D_4825325,0,3.6321188e-05,0
LA_D_4839051,0,0.0059271716,0
LA_D_4846035,0,3.525494e-05,0
LA_D_4927995,0,1.8789106e-05,0
LA_D_4931416,0,6.13869e-05,0
LA_D_5019631,0,1.9098385e-05,0
LA_D_5072686,0,0.00014550293,0
LA_D_5077879,0,5.4114607e-05,0
LA_D_5088657,0,1.28079655e-05,0
LA_D_5137523,0,4.02753e-05,0
LA_D_5164222,0,3.4613255e-05,0
LA_D_5178827,0,0.00011493983,0
LA_D_5268777,0,5.973615e-05,0
LA_D_5270124,0,6.5663706e-05,0
LA_D_5291013,0,0.00010527978,0
LA_D_5298257,0,9.755085e-06,0
LA_D_5310635,0,7.743148e-05,0
LA_D_5369918,0,1.3481224e-05,0
LA_D_5374847,0,2.5447129e-05,0
LA_D_5386814,0,5.9854417e-05,0
LA_D_5392374,0,4.2153246e-05,0
LA_D_5412673,0,4.5725123e-05,0
LA_D_5434480,0,0.00012965333,0
LA_D_5435742,0,7.526514e-05,0
LA_D_5439954,0,2.445316e-05,0
LA_D_5448084,0,3.9940973e-05,0
LA_D_5448835,0,4.5953922e-05,0
LA_D_5457625,0,4.5020934e-05,0
LA_D_5534901,0,6.2686406e-05,0
LA_D_5536398,0,6.378795e-05,0
LA_D_5545363,0,2.4107645e-05,0
LA_D_5549589,0,5.237769e-05,0
LA_D_5578000,0,0.00024353033,0
LA_D_5579274,0,8.285019e-05,0
LA_D_5586181,0,9.1638336e-05,0
LA_D_5591157,0,5.1492916e-05,0
LA_D_5614325,0,3.0328052e-05,0
LA_D_5631270,0,8.4559404e-05,0
LA_D_5632411,0,7.2062976e-05,0
LA_D_5632822,0,9.450821e-05,0
LA_D_5634905,0,3.4795212e-05,0
LA_D_5636508,0,3.3629614e-05,0
LA_D_5657965,0,3.540666e-05,0
LA_D_5660588,0,8.910548e-05,0
LA_D_5675105,0,7.862968e-05,0
LA_D_5714330,0,8.5999745e-05,0
LA_D_5737223,0,4.381778e-05,0
LA_D_5743084,0,2.8402132e-05,0
LA_D_5791089,0,8.484421e-05,0
LA_D_5817189,0,3.855235e-05,0
LA_D_5822352,0,2.651784e-05,0
LA_D_5823623,0,6.3000305e-05,0
LA_D_5840858,0,0.00012779926,0
LA_D_5886708,0,0.00012542911,0
LA_D_5921657,0,9.864959e-05,0
LA_D_5936519,0,9.796022e-05,0
LA_D_5959182,0,7.204491e-05,0
LA_D_5963916,0,2.3082284e-05,0
LA_D_5997108,0,5.5047105e-05,0
LA_D_6006490,0,4.917512e-05,0
LA_D_6024551,0,0.00015863152,0
LA_D_6026925,0,7.3225165e-05,0
LA_D_6050195,0,3.1579515e-05,0
LA_D_6058415,0,0.00011177836,0
LA_D_6074434,0,4.0083447e-05,0
LA_D_6107704,0,4.3077802e-05,0
LA_D_6129570,0,0.0004901518,0
LA_D_6146678,0,0.00014759648,0
LA_D_6164824,0,4.2231422e-05,0
LA_D_6173156,0,5.9359943e-05,0
LA_D_6206483,0,7.363626e-05,0
LA_D_6247609,0,4.644985e-05,0
LA_D_6291695,0,7.243564e-05,0
LA_D_6296253,0,0.000161354,0
LA_D_6343618,0,5.936611e-05,0
LA_D_6355183,0,6.1079634e-05,0
LA_D_6357517,0,3.3996763e-05,0
LA_D_6361374,0,8.815535e-05,0
LA_D_6363129,0,8.7193315e-05,0
LA_D_6369671,0,4.201747e-05,0
LA_D_6418011,0,5.487059e-05,0
LA_D_6421018,0,0.00013120721,0
LA_D_6528432,0,9.2061724e-05,0
LA_D_6528717,0,7.22757e-05,0
LA_D_6534633,0,2.796573e-05,0
LA_D_6548276,0,4.7806265e-05,0
LA_D_6551837,0,8.524645e-05,0
LA_D_6553349,0,4.84427e-05,0
LA_D_6563020,0,8.480134e-05,0
LA_D_6587989,0,9.4413714e-05,0
LA_D_6640500,0,0.00010851441,0
LA_D_6674222,0,4.0702223e-05,0
LA_D_6679031,0,9.550148e-05,0
LA_D_6693605,0,7.362335e-05,0
LA_D_6707611,0,6.464926e-05,0
LA_D_6732661,0,4.2014424e-05,0
LA_D_6753200,0,0.00017824191,0
LA_D_6827816,0,8.3715844e-05,0
LA_D_6835200,0,0.00015346725,0
LA_D_6843430,0,3.890502e-05,0
LA_D_6851845,0,0.025871553,0
LA_D_6854305,0,9.950217e-06,0
LA_D_6857943,0,4.621475e-05,0
LA_D_6870829,0,3.1284028e-05,0
LA_D_6879670,0,6.612374e-05,0
LA_D_6910104,0,3.574443e-05,0
LA_D_6963454,0,3.0165284e-05,0
LA_D_7001356,0,9.221003e-05,0
LA_D_7030074,0,8.128242e-05,0
LA_D_7038666,0,5.2750882e-05,0
LA_D_7085648,0,6.606197e-05,0
LA_D_7097624,0,2.5258158e-05,0
LA_D_7111683,0,4.1099483e-05,0
LA_D_7121478,0,4.5755394e-05,0
LA_D_7145472,0,3.786527e-05,0
LA_D_7145864,0,2.6421187e-05,0
LA_D_7156674,0,0.00014796991,0
LA_D_7177412,0,4.286066e-05,0
LA_D_7188275,0,4.8936403e-05,0
LA_D_7212060,0,0.00012218553,0
LA_D_7230800,0,3.87671e-05,0
LA_D_7264777,0,1.6965203e-05,0
LA_D_7268521,0,0.0001186743,0
LA_D_7271597,0,3.4689656e-05,0
LA_D_7275001,0,5.5606844e-05,0
LA_D_7277167,0,2.1743943e-05,0
LA_D_7281896,0,9.681785e-05,0
LA_D_7329677,0,7.175981e-05,0
LA_D_7334576,0,8.4695464e-05,0
LA_D_7365719,0,6.353751e-05,0
LA_D_7366301,0,4.138541e-05,0
LA_D_7423762,0,9.1482216e-05,0
LA_D_7451928,0,0.00018195756,0
LA_D_7484822,0,9.2469265e-05,0
LA_D_7513169,0,9.388358e-05,0
LA_D_7575171,0,4.584117e-05,0
LA_D_7590619,0,6.7595276e-05,0
LA_D_7597573,0,8.0275255e-05,0
LA_D_7600960,0,0.000105960615,0
LA_D_7601080,0,4.4534107e-05,0
LA_D_7635843,0,0.00014620973,0
LA_D_7638298,0,7.0020236e-05,0
LA_D_7641159,0,3.9198963e-05,0
LA_D_7650623,0,2.3404506e-05,0
LA_D_7651577,0,8.9113215e-05,0
LA_D_7660110,0,0.00015105029,0
LA_D_7670105,0,4.571684e-05,0
LA_D_7677110,0,0.00022937282,0
LA_D_7692770,0,7.0255875e-05,0
LA_D_7694966,0,6.771838e-05,0
LA_D_7724443,0,7.80034e-05,0
LA_D_7750449,0,0.0001624132,0
LA_D_7815344,0,4.6743753e-05,0
LA_D_7816846,0,5.0412655e-05,0
LA_D_7821892,0,2.9942532e-05,0
LA_D_7831036,0,7.617414e-05,0
LA_D_7854945,0,0.000119431155,0
LA_D_7893809,0,8.7024026e-05,0
LA_D_7910891,0,2.2053287e-05,0
LA_D_7917674,0,6.0381382e-05,0
LA_D_7917852,0,9.849825e-05,0
LA_D_7917885,0,7.221852e-05,0
LA_D_7944498,0,0.0002080806,0
LA_D_7977171,0,5.737643e-05,0
LA_D_7987505,0,6.327619e-05,0
LA_D_7989686,0,0.0002516072,0
LA_D_8035961,0,7.986021e-05,0
LA_D_8066677,0,0.000107377,0
LA_D_8079405,0,7.772607e-05,0
LA_D_8087885,0,9.931777e-05,0
LA_D_8101383,0,7.289916e-05,0
LA_D_8142004,0,0.000103769074,0
LA_D_8181392,0,6.646227e-05,0
LA_D_8199314,0,3.6263977e-05,0
LA_D_8215903,0,3.0046796e-05,0
LA_D_8223320,0,3.7907685e-05,0
LA_D_8231132,0,0.0001891234,0
LA_D_8241127,0,9.2226386e-05,0
LA_D_8259901,0,0.00012732767,0
LA_D_8280620,0,5.8543952e-05,0
LA_D_8298208,0,5.3269134e-05,0
LA_D_8317963,0,8.209692e-05,0
LA_D_8322859,0,0.00077727856,0
LA_D_8410808,0,6.6843124e-05,0
LA_D_8449121,0,5.863637e-05,0
LA_D_8449646,0,0.00018617534,0
LA_D_8497918,0,0.00012789313,0
LA_D_8502516,0,3.3330296e-05,0
LA_D_8536291,0,3.0155334e-05,0
LA_D_8541183,0,7.0851034e-05,0
LA_D_8550715,0,1.3505675e-05,0
LA_D_8649628,0,9.571875e-05,0
LA_D_8700255,0,5.741458e-05,0
LA_D_8726221,0,2.845752e-05,0
LA_D_8728705,0,0.00024766108,0
LA_D_8729520,0,3.1550495e-05,0
LA_D_8730212,0,3.7623024e-05,0
LA_D_8742102,0,9.562341e-05,0
LA_D_8747282,0,7.941496e-05,0
LA_D_8755790,0,0.0001252736,0
LA_D_8809090,0,9.4932e-05,0
LA_D_8847918,0,6.398296e-05,0
LA_D_8848060,0,3.314051e-05,0
LA_D_8928963,0,5.0921724e-05,0
LA_D_8959262,0,0.000106791995,0
LA_D_8978674,0,4.0858442e-05,0
LA_D_8994968,0,8.197605e-05,0
LA_D_9069590,0,0.00012910741,0
LA_D_9094880,0,6.312936e-05,0
LA_D_9109205,0,9.773703e-05,0
LA_D_9162715,0,0.0001041722,0
LA_D_9171297,0,0.00028481186,0
LA_D_9191310,0,2.9832514e-05,0
LA_D_9201030,0,8.123437e-05,0
LA_D_9205244,0,2.9634088e-05,0
LA_D_9244829,0,0.000106453626,0
LA_D_9256150,0,3.678175e-05,0
LA_D_9268984,0,0.00012694605,0
LA_D_9273302,0,8.026301e-05,0
LA_D_9364153,0,2.1831293e-05,0
LA_D_9366124,0,5.797091e-05,0
LA_D_9376872,0,7.120222e-05,0
LA_D_9382453,0,0.00019345208,0
LA_D_9459461,0,5.2199677e-05,0
LA_D_9474947,0,8.221084e-05,0
LA_D_9502311,0,9.0704605e-05,0
LA_D_9529091,0,6.168907e-05,0
LA_D_9544494,0,7.684932e-05,0
LA_D_9547208,0,0.000111924484,0
LA_D_9549013,0,0.00028748132,0
LA_D_9560776,0,3.7751906e-05,0
LA_D_9574257,0,8.166498e-05,0
LA_D_9578605,0,1.1139665e-05,0
LA_D_9607719,0,6.214791e-05,0
LA_D_9641619,0,5.273891e-05,0
LA_D_9724088,0,2.85125e-05,0
LA_D_9734432,0,0.00011471384,0
LA_D_9747163,0,4.4848628e-05,0
LA_D_9865832,0,4.211913e-05,0
LA_D_9875273,0,5.8312165e-05,0
LA_D_9890188,0,4.498021e-05,0
LA_D_9895745,0,2.4554132e-05,0
LA_D_9960401,0,0.00014877634,0
LA_D_9975747,0,5.06795e-05,0
LA_D_9981457,0,0.00024802308,0
LA_D_9985248,0,0.00012171063,0
LA_D_9991693,0,0.00024355379,0
LA_D_1002318,0,5.1372353e-05,0
LA_D_1003356,0,8.369014e-05,0
LA_D_1007033,0,8.073233e-05,0
LA_D_1010123,0,0.0015932916,0
LA_D_1024399,0,5.0542047e-05,0
LA_D_1079750,0,6.290246e-05,0
LA_D_1083812,0,0.00011480696,0
LA_D_1123046,0,4.9947244e-05,0
LA_D_1139898,0,0.00012696686,0
LA_D_1210991,0,8.568378e-05,0
LA_D_1215152,0,0.00042030567,0
LA_D_1222321,0,0.6544078,1
LA_D_1265854,0,0.000120183235,0
LA_D_1279998,0,0.00012560995,0
LA_D_1320662,0,6.171601e-05,0
LA_D_1358691,0,4.8902442e-05,0
LA_D_1368786,0,0.00034030408,0
LA_D_1382588,0,7.457294e-05,0
LA_D_1415920,0,0.00011521362,0
LA_D_1421770,0,0.00012267352,0
LA_D_1457137,0,0.16452941,0
LA_D_1483464,0,5.8948266e-05,0
LA_D_1545693,0,0.00019695109,0
LA_D_1564060,0,1.5354693e-05,0
LA_D_1567825,0,0.00016387108,0
LA_D_1579906,0,7.4911855e-05,0
LA_D_1580977,0,4.1634477e-05,0
LA_D_1612576,0,6.718783e-05,0
LA_D_1613794,0,7.84165e-05,0
LA_D_1616269,0,9.0913556e-05,0
LA_D_1625505,0,6.5849956e-05,0
LA_D_1656917,0,6.44126e-05,0
LA_D_1731339,0,6.115278e-05,0
LA_D_1752177,0,8.4559564e-05,0
LA_D_1767794,0,0.000112278845,0
LA_D_1783940,0,0.00020463193,0
LA_D_1824869,0,0.00012801064,0
LA_D_1863797,0,7.206057e-05,0
LA_D_1890020,0,0.00049025443,0
LA_D_1900734,0,0.00010285466,0
LA_D_1903703,0,0.00016480908,0
LA_D_1945462,0,4.3266606e-05,0
LA_D_1963041,0,0.000107055974,0
LA_D_1974020,0,0.00010925909,0
LA_D_1979882,0,5.659068e-05,0
LA_D_1985966,0,4.0372055e-05,0
LA_D_2042252,0,0.00023458317,0
LA_D_2080992,0,2.731219e-05,0
LA_D_2118366,0,0.0001051324,0
LA_D_2123641,0,0.00016091549,0
LA_D_2134538,0,0.00022106981,0
LA_D_2165208,0,0.00011150434,0
LA_D_2176994,0,0.00017459677,0
LA_D_2181333,0,0.0002994133,0
LA_D_2205416,0,6.140839e-05,0
LA_D_2241719,0,0.00013548357,0
LA_D_2268605,0,0.00016845299,0
LA_D_2273204,0,7.704231e-05,0
LA_D_2301656,0,0.00012485309,0
LA_D_2338001,0,6.311407e-05,0
LA_D_2376123,0,4.1612333e-05,0
LA_D_2378014,0,2.9873054e-05,0
LA_D_2380179,0,3.079794e-05,0
LA_D_2383414,0,0.0005095763,0
LA_D_2402405,0,4.782756e-05,0
LA_D_2431261,0,0.00011266279,0
LA_D_2444403,0,5.895507e-05,0
LA_D_2450394,0,6.388065e-05,0
LA_D_2461278,0,6.5902655e-05,0
LA_D_2480874,0,2.0968813e-05,0
LA_D_2505503,0,4.617603e-05,0
LA_D_2519560,0,0.00018111993,0
LA_D_2521725,0,0.00019883589,0
LA_D_2576939,0,0.00013906723,0
LA_D_2591422,0,8.169092e-05,0
LA_D_2601552,0,0.00010683865,0
LA_D_2607111,0,0.00013751924,0
LA_D_2657920,0,4.233574e-05,0
LA_D_2705075,0,6.165242e-05,0
LA_D_2753138,0,0.00018539872,0
LA_D_2760354,0,0.00010441925,0
LA_D_2789710,0,6.336271e-05,0
LA_D_2825147,0,7.296287e-05,0
LA_D_2863956,0,0.00033410237,0
LA_D_2897106,0,0.00012755455,0
LA_D_2901976,0,2.0197476e-05,0
LA_D_2978440,0,1.787815e-05,0
LA_D_2989956,0,3.5319823e-05,0
LA_D_3003562,0,6.0338098e-05,0
LA_D_3090557,0,4.25009e-05,0
LA_D_3109995,0,3.8244645e-05,0
LA_D_3116351,0,0.00014300151,0
LA_D_3131801,0,0.0001111873,0
LA_D_3145268,0,1.4684965e-05,0
LA_D_3161731,0,5.7893725e-05,0
LA_D_3168206,0,0.00015910309,0
LA_D_3173350,0,0.00021545992,0
LA_D_3174693,0,4.5369692e-05,0
LA_D_3198406,0,4.6105008e-05,0
LA_D_3223559,0,3.337078e-05,0
LA_D_3240983,0,4.4841534e-05,0
LA_D_3247149,0,9.995967e-05,0
LA_D_3293511,0,1.2402882e-05,0
LA_D_3313609,0,6.98791e-05,0
LA_D_3394044,0,0.00015343272,0
LA_D_3403808,0,8.2751176e-05,0
LA_D_3484420,0,0.000116759795,0
LA_D_3495412,0,2.4428684e-05,0
LA_D_3498063,0,0.00021125315,0
LA_D_3504312,0,0.00018208669,0
LA_D_3532135,0,9.7033764e-05,0
LA_D_3553786,0,4.2803644e-05,0
LA_D_3561094,0,7.667876e-05,0
LA_D_3562536,0,9.167233e-05,0
LA_D_3579090,0,0.00021970143,0
LA_D_3642328,0,4.7418598e-05,0
LA_D_3653047,0,0.00012161016,0
LA_D_3676961,0,9.239064e-05,0
LA_D_3691520,0,5.3022166e-05,0
LA_D_3707107,0,3.7580066e-05,0
LA_D_3742373,0,0.00018090988,0
LA_D_3745110,0,0.00083660515,0
LA_D_3774864,0,5.0019935e-05,0
LA_D_3796134,0,9.78231e-05,0
LA_D_3819672,0,0.00012182396,0
LA_D_3821339,0,6.832493e-05,0
LA_D_3833739,0,9.960989e-05,0
LA_D_3892973,0,7.7004835e-05,0
LA_D_3904722,0,5.0332772e-05,0
LA_D_3920947,0,2.6313463e-05,0
LA_D_3941210,0,9.065428e-05,0
LA_D_3955173,0,0.00020249693,0
LA_D_3982665,0,7.8273515e-05,0
LA_D_4011725,0,2.6864825e-05,0
LA_D_4015325,0,0.00014844007,0
LA_D_4036012,0,6.950978e-05,0
LA_D_4046755,0,0.000114226685,0
LA_D_4071982,0,0.00015597374,0
LA_D_4086016,0,0.00013603272,0
LA_D_4140722,0,9.44084e-05,0
LA_D_4159249,0,7.240968e-05,0
LA_D_4190885,0,7.5396034e-05,0
LA_D_4200716,0,0.00011491342,0
LA_D_4220938,0,0.00033449984,0
LA_D_4249761,0,6.868659e-05,0
LA_D_4264490,0,6.917459e-05,0
LA_D_4271192,0,0.0005137704,0
LA_D_4313950,0,8.31156e-05,0
LA_D_4324201,0,8.044101e-05,0
LA_D_4326531,0,5.230706e-05,0
LA_D_4332889,0,0.00013889758,0
LA_D_4343857,0,0.00017460942,0
LA_D_4348026,0,4.1259547e-05,0
LA_D_4357471,0,0.000100801815,0
LA_D_4362559,0,2.6060665e-05,0
LA_D_4389844,0,0.00017471635,0
LA_D_4394502,0,0.00013756986,0
LA_D_4400144,0,2.7654112e-05,0
LA_D_4426952,0,0.00059519085,0
LA_D_4451147,0,0.00033601068,0
LA_D_4475556,0,0.00013947718,0
LA_D_4485516,0,0.0001222649,0
LA_D_4486175,0,0.00014192374,0
LA_D_4492337,0,0.0001187703,0
LA_D_4509854,0,6.3621854e-05,0
LA_D_4544920,0,5.1315514e-05,0
LA_D_4631507,0,0.0008497633,0
LA_D_4637029,0,6.732284e-05,0
LA_D_4637589,0,0.00012624974,0
LA_D_4654085,0,0.00014618422,0
LA_D_4718958,0,4.8819595e-05,0
LA_D_4753776,0,0.00011685492,0
LA_D_4801311,0,4.8341954e-05,0
LA_D_4802912,0,3.2530323e-05,0
LA_D_4810819,0,6.361033e-05,0
LA_D_4821168,0,7.651033e-05,0
LA_D_4824900,0,0.00010653812,0
LA_D_4829433,0,0.00015618239,0
LA_D_4845387,0,6.785238e-05,0
LA_D_4849985,0,0.00013227538,0
LA_D_4851952,0,6.0976858e-05,0
LA_D_4861387,0,0.00022832786,0
LA_D_4885590,0,0.00033230378,0
LA_D_4897078,0,0.00016238718,0
LA_D_4912474,0,9.379526e-05,0
LA_D_4955238,0,6.20059e-05,0
LA_D_4955492,0,0.00018747842,0
LA_D_4958797,0,8.9961555e-05,0
LA_D_4961889,0,0.00010744071,0
LA_D_4975189,0,0.00023065465,0
LA_D_5044532,0,0.00011676648,0
LA_D_5072579,0,6.9438815e-05,0
LA_D_5150241,0,0.0001266294,0
LA_D_5150592,0,6.2628686e-05,0
LA_D_5216299,0,6.153437e-05,0
LA_D_5253450,0,0.0001611959,0
LA_D_5314647,0,0.000104513674,0
LA_D_5323165,0,0.00021197912,0
LA_D_5341605,0,7.604277e-05,0
LA_D_5381827,0,0.0005760621,0
LA_D_5432278,0,4.321168e-05,0
LA_D_5440069,0,9.405589e-05,0
LA_D_5479329,0,7.44699e-05,0
LA_D_5493032,0,3.573216e-05,0
LA_D_5501050,0,0.00010249192,0
LA_D_5507775,0,3.596284e-05,0
LA_D_5559526,0,5.9004167e-05,0
LA_D_5629651,0,9.321062e-05,0
LA_D_5633713,0,0.00011041222,0
LA_D_5641697,0,0.020055477,0
LA_D_5688911,0,2.9322971e-05,0
LA_D_5718734,0,0.00048937614,0
LA_D_5741885,0,5.4185868e-05,0
LA_D_5754650,0,4.8798347e-06,0
LA_D_5774737,0,0.00025175093,0
LA_D_5778470,0,2.4370189e-05,0
LA_D_5785488,0,0.00074290775,0
LA_D_5786343,0,4.810778e-05,0
LA_D_5786582,0,0.00010435255,0
LA_D_5790180,0,2.1651056e-05,0
LA_D_5790692,0,8.0539794e-05,0
LA_D_5876152,0,8.6912965e-05,0
LA_D_5901352,0,4.772928e-05,0
LA_D_5903766,0,6.479109e-05,0
LA_D_5907825,0,6.484011e-05,0
LA_D_5919815,0,3.486879e-05,0
LA_D_5920016,0,5.8887865e-05,0
LA_D_5942690,0,7.957119e-05,0
LA_D_5958326,0,3.3838467e-05,0
LA_D_5970997,0,4.8554386e-05,0
LA_D_6004360,0,5.5688306e-05,0
LA_D_6017423,0,5.5676563e-05,0
LA_D_6076229,0,0.00026544003,0
LA_D_6077399,0,0.00015132723,0
LA_D_6108795,0,0.00010467006,0
LA_D_6151774,0,0.00058112293,0
LA_D_6180779,0,0.00012289154,0
LA_D_6261466,0,0.00021746519,0
LA_D_6291773,0,0.00012908771,0
LA_D_6297114,0,0.000115083174,0
LA_D_6330112,0,3.529009e-05,0
LA_D_6342151,0,7.255261e-05,0
LA_D_6357526,0,0.00018248941,0
LA_D_6366562,0,0.0002030336,0
LA_D_6367598,0,5.5524608e-05,0
LA_D_6382392,0,3.733271e-05,0
LA_D_6394259,0,3.6286154e-05,0
LA_D_6417464,0,4.288425e-05,0
LA_D_6436497,0,0.00010186366,0
LA_D_6472370,0,6.226181e-05,0
LA_D_6472737,0,2.3392255e-05,0
LA_D_6478004,0,0.00051815377,0
LA_D_6489693,0,1.7624814e-05,0
LA_D_6496952,0,0.00022775301,0
LA_D_6497292,0,8.652497e-05,0
LA_D_6502589,0,2.2150878e-05,0
LA_D_6509223,0,0.00017358817,0
LA_D_6536188,0,0.00011439346,0
LA_D_6557620,0,5.5067736e-05,0
LA_D_6576995,0,6.327099e-05,0
LA_D_6620895,0,5.630055e-05,0
LA_D_6624401,0,7.183772e-05,0
LA_D_6636656,0,0.00018049328,0
LA_D_6641429,0,0.00017818395,0
LA_D_6667504,0,0.000100918194,0
LA_D_6675827,0,0.0017589619,0
LA_D_6679907,0,6.182705e-05,0
LA_D_6714210,0,0.00013392336,0
LA_D_6719790,0,0.00015928721,0
LA_D_6733531,0,5.084976e-05,0
LA_D_6748796,0,0.00014202853,0
LA_D_6771622,0,4.2731208e-05,0
LA_D_6778287,0,5.768487e-05,0
LA_D_6794543,0,6.958419e-05,0
LA_D_6847201,0,1.3742986e-05,0
LA_D_6891553,0,0.00014371042,0
LA_D_6899968,0,0.00017928984,0
LA_D_6923750,0,8.666708e-05,0
LA_D_6935342,0,0.00010052325,0
LA_D_6959889,0,4.4812932e-05,0
LA_D_6984434,0,0.000105720515,0
LA_D_7029895,0,0.000109908004,0
LA_D_7037343,0,6.8736e-05,0
LA_D_7042391,0,9.704265e-05,0
LA_D_7044321,0,4.553273e-06,0
LA_D_7064084,0,9.0330155e-05,0
LA_D_7121863,0,3.3838016e-05,0
LA_D_7125248,0,0.00021372079,0
LA_D_7130761,0,6.575639e-05,0
LA_D_7139166,0,8.281385e-05,0
LA_D_7289059,0,5.8479847e-05,0
LA_D_7312762,0,7.826373e-05,0
LA_D_7335129,0,7.6582306e-05,0
LA_D_7384863,0,5.0522773e-05,0
LA_D_7398670,0,1.2483301e-05,0
LA_D_7466704,0,3.3791996e-05,0
LA_D_7487419,0,6.436446e-05,0
LA_D_7508124,0,8.28291e-05,0
LA_D_7513496,0,8.997168e-05,0
LA_D_7535009,0,7.128083e-05,0
LA_D_7554606,0,6.55651e-05,0
LA_D_7589031,0,8.8025736e-05,0
LA_D_7592783,0,2.1819242e-05,0
LA_D_7608318,0,6.011887e-05,0
LA_D_7673600,0,6.658134e-05,0
LA_D_7702759,0,4.991934e-05,0
LA_D_7706712,0,9.967127e-05,0
LA_D_7726796,0,8.938138e-05,0
LA_D_7727200,0,3.233553e-05,0
LA_D_7795465,0,5.00688e-05,0
LA_D_7835570,0,5.223503e-05,0
LA_D_7863255,0,6.832644e-05,0
LA_D_7870172,0,8.636736e-05,0
LA_D_7934292,0,3.1985775e-05,0
LA_D_7947662,0,1.8703937e-05,0
LA_D_7972339,0,0.00033194156,0
LA_D_8066591,0,2.284529e-05,0
LA_D_8083471,0,6.613793e-05,0
LA_D_8118324,0,0.00011533442,0
LA_D_8119264,0,2.875339e-05,0
LA_D_8122690,0,4.4995137e-05,0
LA_D_8131749,0,0.00019505309,0
LA_D_8131985,0,0.00013814247,0
LA_D_8227459,0,3.7962745e-05,0
LA_D_8235169,0,3.405582e-05,0
LA_D_8243194,0,7.7825825e-05,0
LA_D_8258675,0,7.781662e-06,0
LA_D_8283471,0,9.1468435e-05,0
LA_D_8295817,0,0.00015165715,0
LA_D_8303713,0,5.0003477e-05,0
LA_D_8306459,0,0.00013874272,0
LA_D_8360978,0,0.00017510593,0
LA_D_8391113,0,8.668742e-05,0
LA_D_8408350,0,4.869461e-05,0
LA_D_8439976,0,0.00012465075,0
LA_D_8440657,0,2.1609554e-05,0
LA_D_8442572,0,5.9044753e-05,0
LA_D_8444186,0,2.6082069e-05,0
LA_D_8503156,0,4.8216538e-05,0
LA_D_8522176,0,2.4849769e-05,0
LA_D_8523635,0,2.8845752e-05,0
LA_D_8541793,0,0.00024704437,0
LA_D_8549240,0,0.0001509164,0
LA_D_8552161,0,5.3224394e-05,0
LA_D_8553340,0,2.8373677e-05,0
LA_D_8567566,0,6.387298e-05,0
LA_D_8568137,0,1.5584417e-05,0
LA_D_8582499,0,0.00013881644,0
LA_D_8618273,0,0.00015234982,0
LA_D_8645885,0,2.0485055e-05,0
LA_D_8652044,0,4.2550942e-05,0
LA_D_8692960,0,2.9033643e-05,0
LA_D_8694979,0,0.00022116571,0
LA_D_8704256,0,0.00067642116,0
LA_D_8750012,0,0.00011337635,0
LA_D_8754459,0,4.561698e-05,0
LA_D_8761358,0,7.7767065e-05,0
LA_D_8771384,0,0.00015312813,0
LA_D_8775645,0,0.00029702645,0
LA_D_8797843,0,2.9556753e-05,0
LA_D_8816850,0,0.00014409957,0
LA_D_8832668,0,0.00019223483,0
LA_D_8887385,0,9.973515e-05,0
LA_D_8927118,0,0.0001996421,0
LA_D_8998906,0,0.00013986194,0
LA_D_9006768,0,5.7243302e-05,0
LA_D_9008030,0,0.00012303493,0
LA_D_9009361,0,0.000104021616,0
LA_D_9091322,0,0.00011726871,0
LA_D_9102532,0,2.1872576e-05,0
LA_D_9109221,0,0.00013730513,0
LA_D_9125165,0,1.6515382e-05,0
LA_D_9167526,0,9.515777e-05,0
LA_D_9187525,0,0.0008536669,0
LA_D_9190204,0,0.00015347837,0
LA_D_9191799,0,6.421732e-05,0
LA_D_9205865,0,8.6227876e-05,0
LA_D_9231862,0,0.00010159438,0
LA_D_9232059,0,0.00019443048,0
LA_D_9267593,0,3.95356e-05,0
LA_D_9329045,0,6.186698e-05,0
LA_D_9364490,0,4.1567833e-05,0
LA_D_9371349,0,4.9979644e-05,0
LA_D_9393645,0,0.0001458082,0
LA_D_9491351,0,3.7484217e-05,0
LA_D_9493233,0,3.9222225e-05,0
LA_D_9528054,0,8.0435486e-05,0
LA_D_9540057,0,7.352674e-05,0
LA_D_9544623,0,0.00021166565,0
LA_D_9555179,0,2.6784603e-05,0
LA_D_9565153,0,8.33174e-05,0
LA_D_9572483,0,9.930981e-05,0
LA_D_9589951,0,0.00011827911,0
LA_D_9591915,0,1.4021913e-05,0
LA_D_9605808,0,7.0905655e-05,0
LA_D_9629972,0,0.00021383005,0
LA_D_9630811,0,5.2369647e-05,0
LA_D_9642750,0,6.8048066e-05,0
LA_D_9643942,0,9.752634e-05,0
LA_D_9674417,0,0.00016397721,0
LA_D_9714527,0,0.00013111078,0
LA_D_9715736,0,0.00015309732,0
LA_D_9720984,0,5.710198e-05,0
LA_D_9791782,0,4.8270187e-05,0
LA_D_9806108,0,2.512952e-05,0
LA_D_9831582,0,8.063008e-05,0
LA_D_9841018,0,6.5625965e-05,0
LA_D_9853599,0,0.00020235643,0
LA_D_9898535,0,7.7967634e-05,0
LA_D_9908094,0,0.00010420081,0
LA_D_9966402,0,4.0641058e-05,0
LA_D_9966943,0,0.00016820982,0
LA_D_9974628,0,7.961263e-05,0
LA_D_9982261,0,1.3928977e-05,0
LA_D_1002910,0,0.000104277955,0
LA_D_1006756,0,5.3833068e-05,0
LA_D_1036574,0,9.9728306e-05,0
LA_D_1115782,0,6.811286e-05,0
LA_D_1142805,0,0.000120746205,0
LA_D_1145475,0,0.00012566806,0
LA_D_1170738,0,0.00031416738,0
LA_D_1195377,0,0.00015409557,0
LA_D_1251679,0,0.00019598131,0
LA_D_1257080,0,0.00010755634,0
LA_D_1293421,0,0.0005286555,0
LA_D_1332494,0,0.00020053785,0
LA_D_1357667,0,6.63042e-05,0
LA_D_1370948,0,0.00019445422,0
LA_D_1393282,0,0.0010109709,0
LA_D_1396637,0,0.00068466185,0
LA_D_1408411,0,0.0004157176,0
LA_D_1457740,0,0.007831572,0
LA_D_1462019,0,0.0004126488,0
LA_D_1472256,0,4.2865853e-05,0
LA_D_1476842,0,0.00038775642,0
LA_D_1488430,0,4.196013e-05,0
LA_D_1489099,0,0.00011108515,0
LA_D_1642715,0,0.00021994079,0
LA_D_1649330,0,0.00016850488,0
LA_D_1651845,0,8.254139e-05,0
LA_D_1670299,0,0.0005953313,0
LA_D_1685142,0,0.0005982744,0
LA_D_1735038,0,0.00022139083,0
LA_D_1744359,0,2.2622417e-05,0
LA_D_1753007,0,0.00023926103,0
LA_D_1780584,0,7.535384e-05,0
LA_D_1810076,0,0.0002075765,0
LA_D_1815585,0,0.0008911331,0
LA_D_1815707,0,0.0009839471,0
LA_D_1821518,0,0.00012241586,0
LA_D_1825844,0,0.00010805925,0
LA_D_1837161,0,0.00019297491,0
LA_D_1840901,0,0.00097207836,0
LA_D_1851119,0,0.00013322906,0
LA_D_1851769,0,0.0001689336,0
LA_D_1883025,0,0.0020768256,0
LA_D_1885497,0,9.3833274e-05,0
LA_D_1896903,0,8.943006e-05,0
LA_D_1927277,0,0.00015169433,0
LA_D_1930385,0,3.406053e-05,0
LA_D_1957089,0,0.00010650816,0
LA_D_1957500,0,0.00040294725,0
LA_D_1961972,0,0.0003372168,0
LA_D_1972939,0,9.4932635e-05,0
LA_D_1975175,0,0.00015665399,0
LA_D_1976553,0,0.00025065284,0
LA_D_2009335,0,2.596429e-05,0
LA_D_2069924,0,0.0004989074,0
LA_D_2096131,0,0.00017938936,0
LA_D_2155390,0,0.00038141932,0
LA_D_2168663,0,0.00030090538,0
LA_D_2186325,0,0.00018148677,0
LA_D_2194998,0,0.00012085552,0
LA_D_2277312,0,0.00011603657,0
LA_D_2339918,0,5.4788183e-05,0
LA_D_2350855,0,0.00014524012,0
LA_D_2396859,0,0.00024119647,0
LA_D_2416601,0,0.0005924832,0
LA_D_2479276,0,0.00019109629,0
LA_D_2507237,0,5.979782e-05,0
LA_D_2508978,0,0.0005428396,0
LA_D_2515198,0,0.00060768076,0
LA_D_2602530,0,1.2574479e-05,0
LA_D_2603844,0,0.000325822,0
LA_D_2607854,0,5.0498882e-05,0
LA_D_2615029,0,0.0002735187,0
LA_D_2639432,0,0.00020721597,0
LA_D_2644726,0,5.03721e-05,0
LA_D_2657639,0,0.00012924266,0
LA_D_2658169,0,0.0011163822,0
LA_D_2661413,0,0.00019464176,0
LA_D_2665829,0,9.7764525e-05,0
LA_D_2672484,0,0.0010585418,0
LA_D_2707330,0,0.00014798318,0
LA_D_2835020,0,0.00013012758,0
LA_D_2839116,0,0.00027677338,0
LA_D_2866770,0,0.00022388251,0
LA_D_2896872,0,0.00029209378,0
LA_D_2927159,0,5.6464538e-05,0
LA_D_2930906,0,0.00012097762,0
LA_D_2938165,0,0.00017032945,0
LA_D_2946880,0,6.912764e-05,0
LA_D_2957620,0,0.00012815537,0
LA_D_2965868,0,0.0001512039,0
LA_D_2974559,0,2.8491031e-05,0
LA_D_2991989,0,0.00020850959,0
LA_D_2993728,0,0.0017889974,0
LA_D_3021599,0,7.131407e-05,0
LA_D_3107181,0,0.0012234482,0
LA_D_3109467,0,8.5339496e-05,0
LA_D_3126217,0,4.428483e-05,0
LA_D_3133630,0,0.00047703966,0
LA_D_3134750,0,4.9778766e-05,0
LA_D_3154570,0,0.00027783724,0
LA_D_3164104,0,0.00014136646,0
LA_D_3169743,0,0.00044986143,0
LA_D_3223179,0,0.00016761007,0
LA_D_3224827,0,0.00045734338,0
LA_D_3246506,0,0.00023171137,0
LA_D_3263795,0,0.000652884,0
LA_D_3266637,0,1.517517e-05,0
LA_D_3287956,0,0.0015117372,0
LA_D_3320515,0,0.00035908117,0
LA_D_3332353,0,0.00015195954,0
LA_D_3337077,0,0.00017853292,0
LA_D_3346997,0,9.3907576e-05,0
LA_D_3384367,0,0.0011295135,0
LA_D_3394396,0,0.00044203724,0
LA_D_3412597,0,9.034679e-05,0
LA_D_3421236,0,0.00050713186,0
LA_D_3429839,0,0.00019590414,0
LA_D_3434309,0,0.000842658,0
LA_D_3449906,0,0.0002839275,0
LA_D_3468741,0,0.000188176,0
LA_D_3515783,0,8.202978e-05,0
LA_D_3518037,0,0.0004249429,0
LA_D_3547583,0,0.00023381926,0
LA_D_3569795,0,0.00029259518,0
LA_D_3587114,0,0.00034729912,0
LA_D_3592273,0,0.0002788502,0
LA_D_3595211,0,0.00023436474,0
LA_D_3690532,0,0.0014372763,0
LA_D_3702939,0,7.057301e-05,0
LA_D_3727967,0,0.0002318966,0
LA_D_3738454,0,0.000162583,0
LA_D_3759309,0,5.845659e-05,0
LA_D_3772095,0,0.0011705551,0
LA_D_3790932,0,1.882916e-05,0
LA_D_3805926,0,0.00055052136,0
LA_D_3825603,0,9.4583665e-05,0
LA_D_3830220,0,0.00026197368,0
LA_D_3866648,0,0.013240995,0
LA_D_3878824,0,0.000123834,0
LA_D_3893365,0,0.0005829934,0
LA_D_3903068,0,5.748673e-05,0
LA_D_3920971,0,0.00044081025,0
LA_D_3923192,0,3.8076785e-06,0
LA_D_3932387,0,0.00043064574,0
LA_D_3939471,0,4.2508844e-05,0
LA_D_3980920,0,0.00011261349,0
LA_D_4046683,0,1.5575726e-05,0
LA_D_4061323,0,0.0002563904,0
LA_D_4070699,0,8.8087036e-05,0
LA_D_4086876,0,9.163728e-05,0
LA_D_4145030,0,5.9367474e-05,0
LA_D_4173456,0,0.00017251332,0
LA_D_4204879,0,0.00013653771,0
LA_D_4210951,0,0.00035408983,0
LA_D_4253190,0,9.028711e-05,0
LA_D_4273717,0,0.00012282803,0
LA_D_4282616,0,3.8685997e-05,0
LA_D_4285929,0,0.00022292271,0
LA_D_4294830,0,0.0005249943,0
LA_D_4302465,0,9.554967e-05,0
LA_D_4312938,0,5.1861676e-05,0
LA_D_4361904,0,0.00035707702,0
LA_D_4403908,0,0.00045481184,0
LA_D_4446623,0,8.236385e-05,0
LA_D_4451377,0,0.00026051633,0
LA_D_4516686,0,0.00014572633,0
LA_D_4589606,0,6.121159e-05,0
LA_D_4621497,0,1.8452303e-05,0
LA_D_4653264,0,0.0002791939,0
LA_D_4683763,0,0.00021263132,0
LA_D_4702641,0,0.00025150145,0
LA_D_4737852,0,0.00052648084,0
LA_D_4757010,0,7.9195794e-05,0
LA_D_4757904,0,0.00058984937,0
LA_D_4779241,0,4.8704132e-05,0
LA_D_4786806,0,0.00030848803,0
LA_D_4818051,0,0.00012478943,0
LA_D_4823636,0,0.00010520109,0
LA_D_4847181,0,7.8998855e-05,0
LA_D_4847957,0,5.8605623e-05,0
LA_D_4868088,0,0.0017970256,0
LA_D_4884945,0,0.00055951194,0
LA_D_4891785,0,8.214736e-05,0
LA_D_4895758,0,0.0006072749,0
LA_D_4918359,0,8.5278974e-05,0
LA_D_4924308,0,8.0242506e-05,0
LA_D_4928888,0,0.00038158335,0
LA_D_5000376,0,0.0004965239,0
LA_D_5043355,0,9.457735e-05,0
LA_D_5046774,0,8.219907e-05,0
LA_D_5047420,0,0.0007389938,0
LA_D_5055342,0,0.00068446377,0
LA_D_5057861,0,0.00012506793,0
LA_D_5059062,0,9.529479e-05,0
LA_D_5060694,0,0.0005448335,0
LA_D_5109245,0,2.9284687e-05,0
LA_D_5109276,0,0.000121775534,0
LA_D_5131627,0,2.4742225e-05,0
LA_D_5148457,0,0.00033120788,0
LA_D_5174423,0,0.0005706975,0
LA_D_5177635,0,0.0004581803,0
LA_D_5191327,0,7.248678e-05,0
LA_D_5224548,0,0.00013647106,0
LA_D_5244812,0,0.00013899975,0
LA_D_5245477,0,0.00011748642,0
LA_D_5294579,0,0.00017890663,0
LA_D_5329811,0,0.00032678267,0
LA_D_5403317,0,5.1035e-05,0
LA_D_5473251,0,0.00022696263,0
LA_D_5513753,0,0.00044359316,0
LA_D_5513863,0,0.00013496187,0
LA_D_5544564,0,0.00026123915,0
LA_D_5546400,0,0.00013209361,0
LA_D_5573860,0,0.00011560892,0
LA_D_5638866,0,0.00019535742,0
LA_D_5647735,0,8.805822e-05,0
LA_D_5654442,0,0.0010141351,0
LA_D_5660467,0,0.0003994002,0
LA_D_5671694,0,0.00068774336,0
LA_D_5692078,0,5.0167448e-05,0
LA_D_5712711,0,0.00021185241,0
LA_D_5736044,0,0.00015988859,0
LA_D_5748144,0,6.9278285e-06,0
LA_D_5778584,0,1.2630412e-05,0
LA_D_5814803,0,0.00018253518,0
LA_D_5901185,0,8.549182e-05,0
LA_D_5912564,0,0.00025689963,0
LA_D_5917572,0,0.00078100286,0
LA_D_5956543,0,0.00020018403,0
LA_D_5963363,0,0.0005811595,0
LA_D_5973607,0,8.3227584e-05,0
LA_D_5978354,0,0.0001634898,0
LA_D_6013006,0,0.00020851397,0
LA_D_6020414,0,6.788137e-05,0
LA_D_6022892,0,0.00032151653,0
LA_D_6068019,0,0.00012809134,0
LA_D_6084869,0,0.00058288197,0
LA_D_6093076,0,0.00047367392,0
LA_D_6108920,0,5.6209134e-05,0
LA_D_6125700,0,0.00014282954,0
LA_D_6131320,0,0.00032599043,0
LA_D_6164605,0,0.00020198958,0
LA_D_6217265,0,0.00017488319,0
LA_D_6240589,0,9.954797e-05,0
LA_D_6253615,0,0.00014119294,0
LA_D_6262160,0,0.00026704988,0
LA_D_6309848,0,0.00016906414,0
LA_D_6322847,0,0.009286354,0
LA_D_6323757,0,0.00025138396,0
LA_D_6327775,0,0.00011353939,0
LA_D_6341352,0,0.000527155,0
LA_D_6365327,0,0.0001997918,0
LA_D_6380108,0,0.00025124714,0
LA_D_6441861,0,0.00027947937,0
LA_D_6460979,0,0.0005053238,0
LA_D_6505457,0,8.834966e-05,0
LA_D_6510745,0,6.8598616e-05,0
LA_D_6555487,0,0.00016925494,0
LA_D_6581601,0,3.8432972e-05,0
LA_D_6599286,0,5.181976e-05,0
LA_D_6661034,0,6.753355e-05,0
LA_D_6662706,0,0.00040325816,0
LA_D_6684583,0,0.0005908549,0
LA_D_6713489,0,0.00017694848,0
LA_D_6795282,0,0.000115153205,0
LA_D_6799400,0,0.005741829,0
LA_D_6805212,0,9.55002e-05,0
LA_D_6815577,0,0.00030410028,0
LA_D_6844613,0,3.446132e-05,0
LA_D_6850195,0,0.0014022754,0
LA_D_6873316,0,0.00026209658,0
LA_D_6887879,0,4.494921e-05,0
LA_D_6905024,0,0.00033173562,0
LA_D_6926473,0,0.0004814228,0
LA_D_6954837,0,0.00018099703,0
LA_D_6969154,0,6.62052e-05,0
LA_D_7003938,0,0.00029019848,0
LA_D_7005292,0,0.00051159255,0
LA_D_7033700,0,0.0017535482,0
LA_D_7040548,0,0.006116702,0
LA_D_7052344,0,4.0191353e-05,0
LA_D_7070733,0,5.1383573e-05,0
LA_D_7075163,0,0.0001774801,0
LA_D_7109306,0,0.00016280904,0
LA_D_7140845,0,0.00016095937,0
LA_D_7142519,0,7.286462e-05,0
LA_D_7242493,0,0.00033043264,0
LA_D_7257793,0,0.00012579323,0
LA_D_7290598,0,0.00020014969,0
LA_D_7330429,0,0.0023430153,0
LA_D_7331651,0,7.867611e-05,0
LA_D_7331840,0,0.00010093398,0
LA_D_7341748,0,0.00019990462,0
LA_D_7371288,0,6.5017004e-05,0
LA_D_7386707,0,0.00034879558,0
LA_D_7388904,0,0.0013389712,0
LA_D_7459795,0,0.0013065073,0
LA_D_7490518,0,0.0001142109,0
LA_D_7524540,0,0.00026658815,0
LA_D_7525767,0,1.8587769e-05,0
LA_D_7577672,0,0.0002676249,0
LA_D_7614671,0,9.744518e-05,0
LA_D_7616530,0,0.00044467658,0
LA_D_7659919,0,0.00018061584,0
LA_D_7711838,0,0.00021587612,0
LA_D_7793386,0,1e-06,0
LA_D_7799165,0,0.00017258243,0
LA_D_7810446,0,8.307328e-05,0
LA_D_7816819,0,0.00020573259,0
LA_D_7817225,0,0.00014235474,0
LA_D_7869978,0,6.535043e-05,0
LA_D_7874624,0,9.675113e-05,0
LA_D_7918926,0,0.0002431714,0
LA_D_7924795,0,0.00023845349,0
LA_D_7927177,0,0.00031910712,0
LA_D_7961571,0,0.00021875872,0
LA_D_7987497,0,0.00034872527,0
LA_D_7998353,0,0.0006915181,0
LA_D_7998982,0,0.0007667278,0
LA_D_8048114,0,0.00017145755,0
LA_D_8051820,0,0.003936843,0
LA_D_8071721,0,0.0042979205,0
LA_D_8073134,0,8.800979e-05,0
LA_D_8129891,0,0.00048421582,0
LA_D_8132797,0,2.352649e-05,0
LA_D_8133274,0,0.00019231405,0
LA_D_8155535,0,0.00062211935,0
LA_D_8211359,0,0.00058545487,0
LA_D_8319661,0,0.00038621304,0
LA_D_8339653,0,7.893771e-05,0
LA_D_8373803,0,0.00023855126,0
LA_D_8406667,0,0.00026056106,0
LA_D_8413833,0,0.0005069019,0
LA_D_8414079,0,0.00015717797,0
LA_D_8445861,0,0.00047003428,0
LA_D_8470324,0,0.00025962738,0
LA_D_8488684,0,0.00039254385,0
LA_D_8557079,0,3.389104e-05,0
LA_D_8563072,0,0.00011344166,0
LA_D_8594352,0,8.084234e-05,0
LA_D_8595345,0,0.000171004,0
LA_D_8646222,0,7.534845e-05,0
LA_D_8647634,0,0.00016961506,0
LA_D_8683889,0,0.0013499208,0
LA_D_8689002,0,0.00024259016,0
LA_D_8701513,0,1.3156609e-05,0
LA_D_8726210,0,0.00017095314,0
LA_D_8764096,0,0.00050821266,0
LA_D_8800316,0,0.00021282767,0
LA_D_8878225,0,0.0001700891,0
LA_D_8885286,0,0.00014679504,0
LA_D_8913665,0,4.07122e-05,0
LA_D_8945802,0,0.00046020956,0
LA_D_8955011,0,0.0022674904,0
LA_D_8961557,0,0.00013759597,0
LA_D_8982866,0,3.692278e-05,0
LA_D_9013820,0,0.00020326681,0
LA_D_9015085,0,6.806754e-05,0
LA_D_9025958,0,0.00022181998,0
LA_D_9029869,0,0.00010648215,0
LA_D_9055002,0,0.0016327214,0
LA_D_9076185,0,0.00031321216,0
LA_D_9086164,0,0.00041052143,0
LA_D_9089804,0,0.0031274448,0
LA_D_9126177,0,0.0016625402,0
LA_D_9145182,0,0.0005349623,0
LA_D_9149320,0,6.536352e-05,0
LA_D_9150071,0,0.00010366582,0
LA_D_9166383,0,0.00022104326,0
LA_D_9203146,0,0.00056519866,0
LA_D_9217608,0,0.00015945848,0
LA_D_9233512,0,6.140388e-05,0
LA_D_9242677,0,0.00027080713,0
LA_D_9252351,0,0.0015521456,0
LA_D_9268935,0,0.0012968095,0
LA_D_9276825,0,0.00043234145,0
LA_D_9286162,0,4.378566e-05,0
LA_D_9286456,0,0.00018690743,0
LA_D_9288104,0,0.00039350727,0
LA_D_9332063,0,0.0002283958,0
LA_D_9339008,0,0.00013458225,0
LA_D_9341531,0,0.00080954103,0
LA_D_9388267,0,0.00022789484,0
LA_D_9419502,0,0.00014735741,0
LA_D_9430603,0,0.00016988096,0
LA_D_9440258,0,0.00024464482,0
LA_D_9484916,0,0.0009368258,0
LA_D_9525366,0,0.00079442,0
LA_D_9558727,0,0.00032809877,0
LA_D_9569310,0,6.0074e-05,0
LA_D_9597731,0,9.2232454e-05,0
LA_D_9609716,0,0.00043318653,0
LA_D_9615030,0,4.913828e-05,0
LA_D_9647461,0,9.6682415e-05,0
LA_D_9656082,0,0.002571515,0
LA_D_9658897,0,1.1639577e-05,0
LA_D_9673922,0,0.00011067616,0
LA_D_9676251,0,0.00028761127,0
LA_D_9676921,0,3.2494572e-05,0
LA_D_9710399,0,0.00025044306,0
LA_D_9712023,0,0.00038167014,0
LA_D_9736246,0,0.00030284174,0
LA_D_9774465,0,0.0001914242,0
LA_D_9782692,0,0.000144234,0
LA_D_9797857,0,0.00021923207,0
LA_D_9809862,0,0.00032305493,0
LA_D_9862297,0,0.00043022865,0
LA_D_9892964,0,0.0002279092,0
LA_D_9934207,0,0.00023768285,0
LA_D_9952613,0,0.00013014855,0
LA_D_9954280,0,7.205521e-05,0
LA_D_9959509,0,2.6220503e-05,0
LA_D_9970541,0,0.00038316468,0
LA_D_9971861,0,0.00011616245,0
LA_D_1018989,0,0.00011712456,0
LA_D_1044424,0,7.5392294e-05,0
LA_D_1068303,0,7.535075e-05,0
LA_D_1110507,0,0.00013946269,0
LA_D_1111470,0,0.0002263174,0
LA_D_1124684,0,8.978433e-05,0
LA_D_1188819,0,0.0008649621,0
LA_D_1207405,0,0.00065458147,0
LA_D_1210739,0,0.00010403134,0
LA_D_1264206,0,2.3867953e-05,0
LA_D_1289522,0,0.0011058359,0
LA_D_1341428,0,8.528354e-05,0
LA_D_1378434,0,0.00042801804,0
LA_D_1432159,0,1.1852325e-05,0
LA_D_1436694,0,7.0762646e-05,0
LA_D_1479001,0,7.133659e-05,0
LA_D_1489328,0,0.00030804804,0
LA_D_1493620,0,3.0538205e-05,0
LA_D_1522497,0,0.0004418578,0
LA_D_1529810,0,0.00028434792,0
LA_D_1640011,0,0.00023091368,0
LA_D_1645158,0,0.00018587399,0
LA_D_1711709,0,0.00012425866,0
LA_D_1715178,0,0.0004100179,0
LA_D_1722660,0,0.0006568416,0
LA_D_1775441,0,6.0340633e-05,0
LA_D_1779305,0,2.526613e-05,0
LA_D_1806719,0,0.00025136504,0
LA_D_1808121,0,4.393083e-05,0
LA_D_1821494,0,0.00019609401,0
LA_D_1851886,0,0.0010661067,0
LA_D_1868115,0,0.00043308537,0
LA_D_1937666,0,1.8394552e-05,0
LA_D_1944371,0,3.208993e-05,0
LA_D_1975890,0,7.5894124e-05,0
LA_D_1995273,0,8.910659e-05,0
LA_D_2011289,0,8.311259e-05,0
LA_D_2016426,0,5.474933e-05,0
LA_D_2030792,0,0.00016736444,0
LA_D_2036605,0,5.6003784e-05,0
LA_D_2053178,0,0.0031302676,0
LA_D_2066670,0,0.00013927385,0
LA_D_2198462,0,0.00013884979,0
LA_D_2208401,0,8.618858e-05,0
LA_D_2252345,0,4.4084685e-05,0
LA_D_2259315,0,8.4033774e-05,0
LA_D_2333460,0,5.7351594e-05,0
LA_D_2344667,0,4.54138e-05,0
LA_D_2354143,0,0.00029381734,0
LA_D_2355980,0,0.00020052637,0
LA_D_2396353,0,7.946442e-05,0
LA_D_2427540,0,0.00094253157,0
LA_D_2432621,0,0.00063235953,0
LA_D_2443104,0,6.792767e-05,0
LA_D_2457680,0,0.00010268737,0
LA_D_2469057,0,2.8765211e-05,0
LA_D_2480501,0,2.1736934e-05,0
LA_D_2489609,0,0.00011504412,0
LA_D_2494829,0,0.0028732438,0
LA_D_2499456,0,0.00020309286,0
LA_D_2521605,0,0.00029458952,0
LA_D_2565198,0,0.0002939297,0
LA_D_2614994,0,0.00015807948,0
LA_D_2645568,0,0.00065711234,0
LA_D_2646597,0,5.664554e-05,0
LA_D_2647309,0,6.4786895e-05,0
LA_D_2653941,0,0.00019212325,0
LA_D_2663401,0,0.00935959,0
LA_D_2665201,0,7.1851355e-05,0
LA_D_2714663,0,0.00023462814,0
LA_D_2727786,0,6.716612e-05,0
LA_D_2743126,0,0.0070361965,0
LA_D_2762514,0,0.00012902165,0
LA_D_2792786,0,0.014480819,0
LA_D_2814798,0,4.5731576e-05,0
LA_D_2836134,0,3.086171e-05,0
LA_D_2877393,0,4.144667e-05,0
LA_D_2917649,0,0.00016167355,0
LA_D_2923077,0,6.018707e-05,0
LA_D_2978760,0,0.00014513585,0
LA_D_3010628,0,0.0006949496,0
LA_D_3029315,0,0.00077153655,0
LA_D_3089796,0,0.0006840615,0
LA_D_3134827,0,0.00013142596,0
LA_D_3170088,0,0.03257472,0
LA_D_3236332,0,0.00020104057,0
LA_D_3241576,0,0.00076120545,0
LA_D_3266332,0,0.00337297,0
LA_D_3266852,0,0.00042266457,0
LA_D_3332120,0,7.505693e-05,0
LA_D_3333209,0,0.00022506778,0
LA_D_3334894,0,0.00015495357,0
LA_D_3359485,0,0.000517301,0
LA_D_3393482,0,5.0429677e-05,0
LA_D_3491832,0,0.00012349969,0
LA_D_3493006,0,0.0001545519,0
LA_D_3508284,0,7.977656e-05,0
LA_D_3511562,0,0.0003705111,0
LA_D_3525678,0,4.7722766e-05,0
LA_D_3538092,0,0.000115075156,0
LA_D_3636204,0,8.384742e-05,0
LA_D_3639509,0,0.00023549436,0
LA_D_3642417,0,0.00029922157,0
LA_D_3643347,0,7.168588e-05,0
LA_D_3654109,0,0.00020254268,0
LA_D_3680571,0,0.00035912107,0
LA_D_3685552,0,0.00018253537,0
LA_D_3695332,0,0.00013257009,0
LA_D_3698680,0,0.00010828225,0
LA_D_3728940,0,3.2070075e-05,0
LA_D_3756322,0,0.00023093016,0
LA_D_3766063,0,0.0007489424,0
LA_D_3781277,0,2.6392048e-05,0
LA_D_3825503,0,0.00012601918,0
LA_D_3827475,0,0.00020311921,0
LA_D_3845207,0,0.0010821534,0
LA_D_3897228,0,0.00022432803,0
LA_D_3948770,0,0.00016805847,0
LA_D_4022606,0,0.00011961889,0
LA_D_4028815,0,0.0001454523,0
LA_D_4060882,0,9.806322e-05,0
LA_D_4084655,0,7.740351e-05,0
LA_D_4085231,0,0.00022661255,0
LA_D_4089310,0,0.0002633965,0
LA_D_4093381,0,0.00012428331,0
LA_D_4113064,0,0.0003301364,0
LA_D_4171413,0,7.839931e-05,0
LA_D_4171795,0,8.734477e-05,0
LA_D_4223162,0,5.36298e-05,0
LA_D_4282301,0,5.514499e-05,0
LA_D_4285397,0,0.0022141847,0
LA_D_4291834,0,7.514302e-05,0
LA_D_4308648,0,0.00024927626,0
LA_D_4309087,0,0.0021013683,0
LA_D_4372209,0,9.833541e-05,0
LA_D_4378183,0,0.0002207713,0
LA_D_4406190,0,0.00012156519,0
LA_D_4455555,0,6.796551e-05,0
LA_D_4505480,0,7.9106656e-05,0
LA_D_4581987,0,8.8734094e-05,0
LA_D_4649942,0,5.2278436e-05,0
LA_D_4671558,0,0.00010151903,0
LA_D_4698413,0,0.0002951059,0
LA_D_4730271,0,2.6998407e-05,0
LA_D_4757229,0,6.645878e-05,0
LA_D_4787051,0,5.876815e-05,0
LA_D_4787055,0,5.634932e-05,0
LA_D_4812524,0,2.204967e-05,0
LA_D_4823858,0,0.0014157682,0
LA_D_4860185,0,0.00043627454,0
LA_D_4864983,0,3.7479356e-05,0
LA_D_4916193,0,0.031981755,0
LA_D_4923143,0,0.00011833936,0
LA_D_4959806,0,0.0002706649,0
LA_D_5019442,0,0.0003717214,0
LA_D_5027960,0,0.00017980378,0
LA_D_5066973,0,6.908368e-05,0
LA_D_5107660,0,6.791627e-05,0
LA_D_5110235,0,4.9976497e-05,0
LA_D_5141698,0,5.087906e-05,0
LA_D_5283334,0,0.00028695198,0
LA_D_5291860,0,0.000106462656,0
LA_D_5313304,0,3.1580177e-05,0
LA_D_5407460,0,7.5374395e-05,0
LA_D_5420446,0,8.6915374e-05,0
LA_D_5427380,0,6.318501e-05,0
LA_D_5432426,0,4.75477e-05,0
LA_D_5515247,0,0.0001309887,0
LA_D_5526345,0,0.0005153322,0
LA_D_5574411,0,8.878699e-05,0
LA_D_5590639,0,7.53126e-05,0
LA_D_5638088,0,0.00010494911,0
LA_D_5759255,0,0.00025126728,0
LA_D_5786989,0,0.00012562684,0
LA_D_5788668,0,0.00043869682,0
LA_D_5882139,0,0.0020224594,0
LA_D_5898710,0,0.00023194081,0
LA_D_5901516,0,5.7029334e-05,0
LA_D_5903063,0,0.00022091683,0
LA_D_5904033,0,0.00019035069,0
LA_D_5904172,0,4.488894e-05,0
LA_D_6010254,0,2.9636856e-05,0
LA_D_6115355,0,0.0002045153,0
LA_D_6230991,0,9.389029e-05,0
LA_D_6273111,0,8.558121e-05,0
LA_D_6274861,0,6.487369e-05,0
LA_D_6336805,0,4.2420605e-05,0
LA_D_6380361,0,0.00027875078,0
LA_D_6380923,0,5.228527e-05,0
LA_D_6381837,0,0.0002593671,0
LA_D_6421649,0,0.00016520653,0
LA_D_6435177,0,6.29024e-05,0
LA_D_6438125,0,5.0935134e-05,0
LA_D_6473899,0,6.524657e-05,0
LA_D_6490991,0,0.00018079676,0
LA_D_6497345,0,2.038545e-05,0
LA_D_6508716,0,0.00016318174,0
LA_D_6509443,0,5.1459832e-05,0
LA_D_6528197,0,3.2651602e-05,0
LA_D_6538501,0,0.00010254245,0
LA_D_6580685,0,8.41657e-05,0
LA_D_6606504,0,0.00011963781,0
LA_D_6649541,0,3.2218013e-05,0
LA_D_6690758,0,0.00015268679,0
LA_D_6707846,0,0.0003012889,0
LA_D_6707973,0,0.0002552976,0
LA_D_6778062,0,0.000106100655,0
LA_D_6799297,0,0.00028439047,0
LA_D_6854523,0,5.8612335e-05,0
LA_D_6871963,0,0.28973702,0
LA_D_6962689,0,0.00031625535,0
LA_D_7021292,0,0.0002536981,0
LA_D_7037144,0,0.00012343953,0
LA_D_7082349,0,0.0002592143,0
LA_D_7135152,0,4.7535097e-05,0
LA_D_7292869,0,0.00013971732,0
LA_D_7300087,0,5.9385027e-05,0
LA_D_7354290,0,3.132591e-05,0
LA_D_7374412,0,0.00011093462,0
LA_D_7400626,0,0.00019768672,0
LA_D_7403792,0,3.79181e-05,0
LA_D_7471738,0,4.617955e-05,0
LA_D_7490132,0,8.937397e-05,0
LA_D_7524335,0,0.000120248806,0
LA_D_7538248,0,5.4694017e-05,0
LA_D_7587951,0,0.0032891533,0
LA_D_7590234,0,9.5933945e-05,0
LA_D_7647800,0,9.9535355e-05,0
LA_D_7648007,0,7.8751924e-05,0
LA_D_7660396,0,0.00031087565,0
LA_D_7668901,0,0.00015141397,0
LA_D_7744555,0,0.0003619173,0
LA_D_7823439,0,6.244334e-05,0
LA_D_7841141,0,0.00014434957,0
LA_D_7890526,0,0.00012021382,0
LA_D_7922639,0,0.00016743882,0
LA_D_7985661,0,6.200874e-05,0
LA_D_7990644,0,4.825688e-05,0
LA_D_8027706,0,0.00018748379,0
LA_D_8046996,0,0.0006584665,0
LA_D_8060886,0,9.725655e-05,0
LA_D_8095272,0,0.00017791928,0
LA_D_8102632,0,8.41885e-05,0
LA_D_8122936,0,0.00011561048,0
LA_D_8258555,0,8.440022e-05,0
LA_D_8307917,0,7.8369405e-05,0
LA_D_8329853,0,0.00017132943,0
LA_D_8340705,0,0.00019680278,0
LA_D_8434545,0,0.00013218762,0
LA_D_8477754,0,0.0002677936,0
LA_D_8503739,0,5.5444227e-05,0
LA_D_8515989,0,4.0154613e-05,0
LA_D_8521793,0,2.0472438e-05,0
LA_D_8525874,0,0.00024719114,0
LA_D_8533211,0,0.00013153216,0
LA_D_8565273,0,1.4894653e-05,0
LA_D_8567434,0,0.00012222237,0
LA_D_8589204,0,0.00025923213,0
LA_D_8608774,0,0.00022290101,0
LA_D_8733390,0,3.8176506e-05,0
LA_D_8738468,0,0.00015990889,0
LA_D_8742856,0,0.00020225844,0
LA_D_8748450,0,0.0003003336,0
LA_D_8756730,0,9.05835e-05,0
LA_D_8768570,0,9.211494e-05,0
LA_D_8782183,0,0.00032059095,0
LA_D_8790225,0,3.8859413e-05,0
LA_D_8798169,0,1.884019e-05,0
LA_D_8814125,0,0.000116067335,0
LA_D_8842776,0,0.003360867,0
LA_D_8868698,0,7.259885e-05,0
LA_D_8894851,0,0.00021675102,0
LA_D_8986738,0,0.00014231048,0
LA_D_9036232,0,2.7254431e-05,0
LA_D_9093353,0,0.00036216824,0
LA_D_9107779,0,5.82637e-05,0
LA_D_9119393,0,0.00010075128,0
LA_D_9133378,0,0.00045803204,0
LA_D_9140684,0,0.00012040669,0
LA_D_9180019,0,0.0006653316,0
LA_D_9189909,0,0.000120731354,0
LA_D_9211377,0,9.90229e-05,0
LA_D_9240146,0,6.01398e-05,0
LA_D_9269970,0,2.0821079e-05,0
LA_D_9322007,0,0.00013732674,0
LA_D_9323786,0,9.488584e-05,0
LA_D_9334159,0,0.0003786343,0
LA_D_9341217,0,4.4938835e-05,0
LA_D_9386265,0,6.345481e-05,0
LA_D_9412135,0,0.001062362,0
LA_D_9418757,0,0.00012576372,0
LA_D_9472560,0,0.00021712872,0
LA_D_9500820,0,2.3383916e-05,0
LA_D_9510776,0,3.3721142e-05,0
LA_D_9528251,0,0.00013250526,0
LA_D_9599816,0,4.653103e-05,0
LA_D_9599870,0,8.429952e-05,0
LA_D_9604366,0,0.00017509391,0
LA_D_9623259,0,4.881289e-05,0
LA_D_9755509,0,9.0589376e-05,0
LA_D_9765488,0,0.00018794772,0
LA_D_9834594,0,6.562897e-05,0
LA_D_9915578,0,7.713213e-05,0
LA_D_9915799,0,0.00018070059,0
LA_D_9915811,0,0.00017480183,0
LA_D_9917533,0,6.890209e-05,0
LA_D_9949605,0,0.00012894219,0
LA_D_9999690,0,0.00013837795,0
LA_D_1041845,0,6.174509e-05,0
LA_D_1094871,0,7.069736e-05,0
LA_D_1108281,0,1.4915919e-05,0
LA_D_1135743,0,1.5292615e-05,0
LA_D_1136030,0,0.00041087065,0
LA_D_1139572,0,3.9284474e-05,0
LA_D_1181772,0,3.4591343e-05,0
LA_D_1274657,0,0.00027490355,0
LA_D_1299938,0,4.14575e-05,0
LA_D_1348104,0,2.6556e-05,0
LA_D_1373736,0,3.3725933e-05,0
LA_D_1435647,0,0.0001503145,0
LA_D_1447238,0,0.00017117822,0
LA_D_1452937,0,8.559133e-05,0
LA_D_1461752,0,1.0559429e-05,0
LA_D_1495117,0,2.7746359e-05,0
LA_D_1561479,0,0.000119216915,0
LA_D_1568497,0,3.0811807e-05,0
LA_D_1596158,0,1.1092109e-05,0
LA_D_1728920,0,4.2113505e-05,0
LA_D_1844563,0,3.8439608e-05,0
LA_D_1853446,0,0.0001239382,0
LA_D_1864294,0,4.5191837e-06,0
LA_D_1925587,0,2.0809368e-05,0
LA_D_1948572,0,1.0745689e-05,0
LA_D_1955179,0,2.106024e-05,0
LA_D_1968679,0,0.00026577455,0
LA_D_1972557,0,0.00015888433,0
LA_D_1995660,0,6.998994e-05,0
LA_D_2010812,0,0.00017861175,0
LA_D_2067864,0,1.2492293e-05,0
LA_D_2140627,0,9.165179e-05,0
LA_D_2161419,0,1.9512818e-05,0
LA_D_2189504,0,2.7543938e-05,0
LA_D_2207720,0,1.4777321e-05,0
LA_D_2243154,0,0.00028061547,0
LA_D_2251423,0,3.555174e-05,0
LA_D_2319450,0,0.00023456529,0
LA_D_2321124,0,2.289921e-05,0
LA_D_2343950,0,1.3271487e-05,0
LA_D_2365482,0,4.8072423e-05,0
LA_D_2367854,0,2.191241e-05,0
LA_D_2401656,0,6.554747e-05,0
LA_D_2405181,0,1.8766308e-05,0
LA_D_2425412,0,3.3644053e-05,0
LA_D_2425446,0,0.0004197845,0
LA_D_2439299,0,2.1626995e-05,0
LA_D_2456990,0,6.1003906e-05,0
LA_D_2460221,0,1.3160727e-05,0
LA_D_2485107,0,0.0002035498,0
LA_D_2565263,0,4.013899e-05,0
LA_D_2595652,0,0.00015830847,0
LA_D_2669080,0,0.00028274267,0
LA_D_2693786,0,3.506065e-05,0
LA_D_2718507,0,0.000107457105,0
LA_D_2768110,0,6.872721e-05,0
LA_D_2815461,0,8.103066e-06,0
LA_D_2854358,0,0.00024056877,0
LA_D_2970295,0,2.5704909e-05,0
LA_D_2977725,0,2.2677305e-05,0
LA_D_2977895,0,1.1973397e-05,0
LA_D_2986975,0,3.25915e-05,0
LA_D_3004811,0,6.3214857e-06,0
LA_D_3049992,0,3.308654e-05,0
LA_D_3056214,0,0.00015527895,0
LA_D_3080340,0,7.740077e-05,0
LA_D_3100634,0,0.00032188304,0
LA_D_3114167,0,0.0001221627,0
LA_D_3124864,0,0.00013801976,0
LA_D_3128163,0,2.6344975e-05,0
LA_D_3129833,0,5.618116e-05,0
LA_D_3171725,0,0.00010697464,0
LA_D_3248547,0,2.127839e-05,0
LA_D_3250607,0,1.2436994e-05,0
LA_D_3263334,0,2.6111413e-05,0
LA_D_3334928,0,0.00017674074,0
LA_D_3374782,0,1.2284824e-05,0
LA_D_3412736,0,0.000112644426,0
LA_D_3418220,0,6.7987094e-05,0
LA_D_3425507,0,3.500609e-05,0
LA_D_3490654,0,0.00013176327,0
LA_D_3496241,0,1.0608876e-05,0
LA_D_3507662,0,2.2994162e-05,0
LA_D_3549897,0,4.2625063e-05,0
LA_D_3571681,0,4.890494e-06,0
LA_D_3577998,0,4.9768682e-06,0
LA_D_3581277,0,2.6908596e-05,0
LA_D_3605726,0,3.0885236e-05,0
LA_D_3637154,0,4.430219e-05,0
LA_D_3685390,0,0.0004309928,0
LA_D_3741474,0,9.5123934e-05,0
LA_D_3749655,0,5.8705127e-06,0
LA_D_3777012,0,3.994825e-05,0
LA_D_3820104,0,2.8596862e-05,0
LA_D_3825048,0,2.7084227e-05,0
LA_D_3890187,0,3.0975818e-05,0
LA_D_3905848,0,6.5335053e-06,0
LA_D_3929323,0,0.00025451503,0
LA_D_4002788,0,0.00015179416,0
LA_D_4019274,0,2.6068119e-05,0
LA_D_4025786,0,3.1589603e-05,0
LA_D_4027137,0,0.00026867975,0
LA_D_4033240,0,2.9163928e-05,0
LA_D_4163700,0,5.961329e-05,0
LA_D_4171941,0,8.0515914e-05,0
LA_D_4172288,0,2.9440038e-05,0
LA_D_4190797,0,6.068038e-05,0
LA_D_4202629,0,5.5038967e-05,0
LA_D_4296133,0,0.00023950479,0
LA_D_4340193,0,0.00016927156,0
LA_D_4355155,0,2.5557834e-05,0
LA_D_4398399,0,1.42315075e-05,0
LA_D_4399191,0,0.00016001458,0
LA_D_4436213,0,1.7204053e-05,0
LA_D_4476408,0,4.0336956e-05,0
LA_D_4499351,0,2.0750354e-05,0
LA_D_4550388,0,6.685536e-05,0
LA_D_4558500,0,7.984886e-05,0
LA_D_4567671,0,8.9486704e-05,0
LA_D_4585137,0,6.365068e-05,0
LA_D_4629056,0,3.9597937e-05,0
LA_D_4631033,0,3.125808e-05,0
LA_D_4649265,0,0.00010600772,0
LA_D_4718173,0,4.365587e-05,0
LA_D_4737822,0,1.0120055e-05,0
LA_D_4741663,0,7.803964e-05,0
LA_D_4770781,0,2.7644777e-05,0
LA_D_4802475,0,1.589112e-05,0
LA_D_4851492,0,4.655402e-05,0
LA_D_4923977,0,8.0821075e-05,0
LA_D_5008093,0,4.3011547e-05,0
LA_D_5017002,0,1.6039356e-05,0
LA_D_5092272,0,0.0002450639,0
LA_D_5100813,0,3.593977e-05,0
LA_D_5128111,0,5.9089474e-05,0
LA_D_5157517,0,0.00011544413,0
LA_D_5169731,0,8.649205e-05,0
LA_D_5208898,0,3.0196425e-05,0
LA_D_5233431,0,8.6777414e-05,0
LA_D_5242419,0,3.1221945e-05,0
LA_D_5243479,0,4.2178694e-05,0
LA_D_5264996,0,9.807714e-06,0
LA_D_5306960,0,5.0845054e-05,0
LA_D_5310517,0,2.1684738e-05,0
LA_D_5359798,0,7.2765474e-06,0
LA_D_5383844,0,1.1436101e-05,0
LA_D_5431286,0,6.7939236e-06,0
LA_D_5456536,0,8.089268e-06,0
LA_D_5523423,0,3.531645e-05,0
LA_D_5567412,0,1.6584497e-06,0
LA_D_5572324,0,1.8007613e-05,0
LA_D_5586813,0,6.342365e-05,0
LA_D_5630768,0,3.0768584e-05,0
LA_D_5639347,0,4.6880174e-05,0
LA_D_5724957,0,5.863206e-06,0
LA_D_5726814,0,6.409471e-05,0
LA_D_5802664,0,1.2935407e-05,0
LA_D_5839621,0,0.0003498591,0
LA_D_5940824,0,8.618167e-05,0
LA_D_6024993,0,6.714543e-05,0
LA_D_6091182,0,0.00014487274,0
LA_D_6138007,0,3.1919288e-05,0
LA_D_6168688,0,2.392442e-05,0
LA_D_6184612,0,3.714375e-05,0
LA_D_6197862,0,0.0006517336,0
LA_D_6208799,0,4.677452e-05,0
LA_D_6278890,0,5.4982997e-05,0
LA_D_6282556,0,0.0004143998,0
LA_D_6295904,0,3.2544223e-05,0
LA_D_6298541,0,1.0005026e-05,0
LA_D_6309997,0,9.0536605e-06,0
LA_D_6316498,0,0.00027231994,0
LA_D_6319262,0,4.4754624e-06,0
LA_D_6374273,0,8.057275e-05,0
LA_D_6379116,0,3.9746352e-05,0
LA_D_6383761,0,3.252198e-05,0
LA_D_6427369,0,4.0341954e-05,0
LA_D_6430063,0,7.683972e-06,0
LA_D_6514590,0,9.958462e-05,0
LA_D_6525234,0,2.5283269e-05,0
LA_D_6530169,0,4.487631e-05,0
LA_D_6537903,0,0.0006908861,0
LA_D_6556306,0,3.1421892e-05,0
LA_D_6609619,0,6.9576236e-06,0
LA_D_6675849,0,1.5485779e-05,0
LA_D_6719368,0,7.6026896e-05,0
LA_D_6747363,0,5.8083974e-06,0
LA_D_6863957,0,1.0359736e-05,0
LA_D_6920891,0,6.726919e-05,0
LA_D_6960999,0,9.500898e-05,0
LA_D_6975465,0,2.09867e-05,0
LA_D_7015832,0,2.4391857e-05,0
LA_D_7016609,0,1.6768114e-05,0
LA_D_7024538,0,2.5183406e-05,0
LA_D_7041179,0,1.962604e-05,0
LA_D_7092752,0,6.2017843e-06,0
LA_D_7196231,0,9.368235e-06,0
LA_D_7207516,0,3.1495543e-05,0
LA_D_7210071,0,0.00011223934,0
LA_D_7241809,0,0.0001006252,0
LA_D_7261761,0,6.202293e-05,0
LA_D_7296201,0,6.6410386e-05,0
LA_D_7382692,0,5.1094114e-05,0
LA_D_7395153,0,0.00012494587,0
LA_D_7401919,0,0.0010508267,0
LA_D_7440389,0,7.862353e-05,0
LA_D_7449021,0,1.7163706e-05,0
LA_D_7466992,0,1.4277088e-05,0
LA_D_7468306,0,5.656381e-05,0
LA_D_7473607,0,4.2544452e-05,0
LA_D_7491886,0,2.8202268e-05,0
LA_D_7503562,0,2.3807483e-05,0
LA_D_7503637,0,4.2736952e-05,0
LA_D_7560677,0,1.5721122e-05,0
LA_D_7568962,0,7.592221e-05,0
LA_D_7595937,0,4.1681396e-05,0
LA_D_7655377,0,0.00022991847,0
LA_D_7659121,0,2.6561042e-05,0
LA_D_7707569,0,4.6285327e-06,0
LA_D_7743189,0,5.475126e-05,0
LA_D_7753669,0,0.0001193344,0
LA_D_7759688,0,5.2559364e-05,0
LA_D_7792652,0,0.0001280298,0
LA_D_7883460,0,3.7274687e-05,0
LA_D_7891516,0,3.3359105e-05,0
LA_D_7938162,0,2.0527472e-05,0
LA_D_7954147,0,4.5074332e-05,0
LA_D_7999736,0,1.7071947e-05,0
LA_D_8003757,0,2.1514063e-05,0
LA_D_8076373,0,3.761872e-05,0
LA_D_8076419,0,6.620185e-05,0
LA_D_8122140,0,7.7722805e-05,0
LA_D_8145979,0,3.928753e-06,0
LA_D_8167480,0,1.7765502e-05,0
LA_D_8187236,0,0.00011615768,0
LA_D_8224626,0,0.00041075863,0
LA_D_8250257,0,7.585802e-06,0
LA_D_8314649,0,6.826202e-05,0
LA_D_8322084,0,0.00011723461,0
LA_D_8333263,0,2.709469e-05,0
LA_D_8335993,0,5.95588e-05,0
LA_D_8355933,0,1.9522087e-05,0
LA_D_8358881,0,0.00012328931,0
LA_D_8367897,0,1.3320356e-05,0
LA_D_8418326,0,2.3398057e-05,0
LA_D_8437828,0,9.15908e-05,0
LA_D_8453487,0,4.7248475e-05,0
LA_D_8464223,0,3.166552e-05,0
LA_D_8540229,0,7.0741075e-06,0
LA_D_8544570,0,1.7352417e-05,0
LA_D_8549945,0,2.088129e-05,0
LA_D_8565833,0,0.00029102163,0
LA_D_8594594,0,0.00017526663,0
LA_D_8607094,0,6.539452e-06,0
LA_D_8653096,0,1.9272473e-05,0
LA_D_8663831,0,1.6042446e-05,0
LA_D_8724597,0,7.5331416e-05,0
LA_D_8736114,0,2.9542465e-05,0
LA_D_8770826,0,3.2042197e-05,0
LA_D_8808516,0,5.773484e-05,0
LA_D_8820413,0,0.00063014554,0
LA_D_8871382,0,5.5853387e-05,0
LA_D_8986682,0,1.4244842e-05,0
LA_D_8987674,0,3.7020192e-05,0
LA_D_8987827,0,4.108084e-06,0
LA_D_9020589,0,7.07806e-05,0
LA_D_9043636,0,0.00010236992,0
LA_D_9066739,0,3.7991173e-05,0
LA_D_9071072,0,0.000108398584,0
LA_D_9082501,0,1.7538146e-05,0
LA_D_9098847,0,4.0177827e-05,0
LA_D_9107569,0,6.537137e-05,0
LA_D_9121718,0,1.9554695e-05,0
LA_D_9148057,0,5.2490795e-05,0
LA_D_9165454,0,2.9094897e-06,0
LA_D_9210275,0,0.00018063135,0
LA_D_9244478,0,4.2665488e-05,0
LA_D_9298211,0,6.412626e-05,0
LA_D_9318857,0,6.8020694e-05,0
LA_D_9319228,0,2.755195e-05,0
LA_D_9323962,0,1.8732588e-05,0
LA_D_9352302,0,2.1902966e-05,0
LA_D_9374690,0,0.000107913846,0
LA_D_9430536,0,3.3717155e-05,0
LA_D_9456791,0,9.2634555e-06,0
LA_D_9465062,0,0.00031306082,0
LA_D_9516537,0,9.2260074e-05,0
LA_D_9523755,0,0.0001301694,0
LA_D_9606397,0,2.4713383e-05,0
LA_D_9616032,0,6.025346e-05,0
LA_D_9620140,0,2.941038e-05,0
LA_D_9626571,0,6.2995685e-05,0
LA_D_9648082,0,2.4055009e-05,0
LA_D_9672244,0,1.9247634e-06,0
LA_D_9697323,0,2.829564e-05,0
LA_D_9699768,0,0.00014158823,0
LA_D_9701451,0,8.7332446e-05,0
LA_D_9708860,0,1.2917975e-05,0
LA_D_9735662,0,8.212308e-05,0
LA_D_9755271,0,9.096446e-05,0
LA_D_9809223,0,4.5126544e-05,0
LA_D_9836225,0,5.017601e-05,0
LA_D_9873135,0,9.712885e-06,0
LA_D_9925424,0,0.00010254236,0
LA_D_9948190,0,2.0223188e-05,0
LA_D_9948386,0,5.6423043e-05,0
LA_D_9961107,0,0.0004710691,0
LA_D_9977363,0,7.1302907e-06,0
LA_D_1006586,0,0.00016555596,0
LA_D_1032757,0,1.6442087e-05,0
LA_D_1057680,0,0.00015763273,0
LA_D_1094179,0,7.9768266e-05,0
LA_D_1132076,0,3.8494338e-05,0
LA_D_1179000,0,0.00017580272,0
LA_D_1218618,0,3.4717454e-05,0
LA_D_1235211,0,0.0002065735,0
LA_D_1261551,0,3.019087e-05,0
LA_D_1272181,0,0.0004021498,0
LA_D_1279220,0,2.9956758e-05,0
LA_D_1281123,0,4.0354767e-05,0
LA_D_1286897,0,0.00010758578,0
LA_D_1292315,0,0.00038633327,0
LA_D_1292895,0,9.994919e-05,0
LA_D_1294054,0,0.0001081383,0
LA_D_1317561,0,0.0001546023,0
LA_D_1364216,0,5.8877198e-05,0
LA_D_1477768,0,0.0022978801,0
LA_D_1479514,0,5.1032857e-05,0
LA_D_1488756,0,9.81155e-05,0
LA_D_1506183,0,0.0001948397,0
LA_D_1509923,0,0.00013931662,0
LA_D_1523689,0,9.390865e-05,0
LA_D_1531184,0,0.00022495085,0
LA_D_1544533,0,4.4251858e-05,0
LA_D_1583428,0,0.00021799521,0
LA_D_1600216,0,5.1721858e-05,0
LA_D_1624895,0,0.00016532077,0
LA_D_1662448,0,0.0001605397,0
LA_D_1693970,0,8.256327e-05,0
LA_D_1694092,0,8.356239e-05,0
LA_D_1725588,0,8.2055754e-05,0
LA_D_1757843,0,0.00026997802,0
LA_D_1758957,0,9.2187176e-05,0
LA_D_1764251,0,3.3961216e-05,0
LA_D_1794906,0,0.000117426156,0
LA_D_1802495,0,2.651794e-05,0
LA_D_1863279,0,0.00014951715,0
LA_D_1871635,0,3.784787e-05,0
LA_D_1896433,0,1.693656e-05,0
LA_D_1916885,0,0.00010250334,0
LA_D_1943421,0,4.4261484e-05,0
LA_D_1944808,0,3.1248066e-05,0
LA_D_1954043,0,1.50841715e-05,0
LA_D_1962374,0,5.8491947e-05,0
LA_D_1962948,0,2.3472838e-05,0
LA_D_1974894,0,9.491825e-05,0
LA_D_2020279,0,1.6101638e-05,0
LA_D_2021379,0,0.0005519184,0
LA_D_2021657,0,0.0007189723,0
LA_D_2025064,0,2.154679e-05,0
LA_D_2031125,0,9.336113e-05,0
LA_D_2046924,0,0.00036249397,0
LA_D_2082270,0,0.0003137208,0
LA_D_2111881,0,6.124423e-05,0
LA_D_2112026,0,2.71253e-05,0
LA_D_2128991,0,0.00019884933,0
LA_D_2135991,0,0.00011560573,0
LA_D_2138850,0,2.3192342e-05,0
LA_D_2162549,0,2.112783e-05,0
LA_D_2202228,0,2.816883e-05,0
LA_D_2289504,0,3.460048e-05,0
LA_D_2289949,0,0.0009798364,0
LA_D_2309660,0,3.0493273e-05,0
LA_D_2328159,0,7.322781e-05,0
LA_D_2371366,0,0.00016155659,0
LA_D_2403365,0,0.00016606649,0
LA_D_2419210,0,9.467959e-05,0
LA_D_2423406,0,0.00020291131,0
LA_D_2460108,0,1.8149765e-05,0
LA_D_2473905,0,5.838601e-05,0
LA_D_2478413,0,2.7132957e-05,0
LA_D_2488691,0,7.19772e-05,0
LA_D_2523108,0,7.2567e-05,0
LA_D_2525577,0,3.180331e-05,0
LA_D_2558912,0,0.00030541298,0
LA_D_2646681,0,5.1847186e-05,0
LA_D_2648396,0,5.2480733e-05,0
LA_D_2665880,0,5.866031e-05,0
LA_D_2683285,0,5.8280148e-05,0
LA_D_2715685,0,5.141053e-05,0
LA_D_2723301,0,2.8526862e-05,0
LA_D_2749481,0,5.5485805e-05,0
LA_D_2762693,0,0.00014320265,0
LA_D_2784153,0,3.6997324e-05,0
LA_D_2835573,0,5.4239536e-05,0
LA_D_2877032,0,0.00020197262,0
LA_D_2878270,0,8.970149e-05,0
LA_D_2889881,0,2.7163662e-05,0
LA_D_2915994,0,1.3144771e-05,0
LA_D_2934273,0,6.772838e-05,0
LA_D_2939086,0,2.540455e-05,0
LA_D_2968040,0,0.00017631793,0
LA_D_2993864,0,0.0001623641,0
LA_D_3048577,0,0.00084129564,0
LA_D_3067742,0,5.977285e-05,0
LA_D_3072540,0,0.00012902176,0
LA_D_3079418,0,7.195064e-05,0
LA_D_3083417,0,0.00012635837,0
LA_D_3084091,0,0.00015141946,0
LA_D_3114677,0,0.00022359409,0
LA_D_3151881,0,6.7678804e-05,0
LA_D_3169361,0,0.00010194889,0
LA_D_3203561,0,6.881365e-05,0
LA_D_3233282,0,0.00024327157,0
LA_D_3276030,0,0.00017576267,0
LA_D_3276721,0,4.3357144e-05,0
LA_D_3292062,0,1.8076524e-05,0
LA_D_3298952,0,0.0001586468,0
LA_D_3313241,0,6.65213e-05,0
LA_D_3318711,0,8.692739e-05,0
LA_D_3320713,0,0.00031829465,0
LA_D_3321986,0,3.7031034e-05,0
LA_D_3342664,0,0.000118414086,0
LA_D_3353739,0,3.9381397e-05,0
LA_D_3376676,0,1.6777089e-05,0
LA_D_3379278,0,3.502098e-05,0
LA_D_3449675,0,9.074104e-06,0
LA_D_3451581,0,4.5424502e-05,0
LA_D_3461825,0,0.00036970625,0
LA_D_3474604,0,8.4768195e-05,0
LA_D_3496658,0,0.000101680525,0
LA_D_3512316,0,8.9199246e-05,0
LA_D_3527270,0,0.00025314523,0
LA_D_3554660,0,3.060873e-05,0
LA_D_3565165,0,0.00013089766,0
LA_D_3591261,0,7.647794e-05,0
LA_D_3591679,0,0.00017227103,0
LA_D_3653770,0,0.00016231828,0
LA_D_3707801,0,3.813302e-05,0
LA_D_3710720,0,3.185348e-05,0
LA_D_3727464,0,0.00021773201,0
LA_D_3746754,0,0.00039532094,0
LA_D_3753443,0,0.00030470392,0
LA_D_3771019,0,0.000111144574,0
LA_D_3815884,0,8.883145e-05,0
LA_D_3820911,0,0.00010978084,0
LA_D_3852849,0,7.0713e-05,0
LA_D_3890727,0,0.000110299196,0
LA_D_3914684,0,1.725466e-05,0
LA_D_3939937,0,7.5098025e-05,0
LA_D_3983910,0,0.00015722624,0
LA_D_4008273,0,5.9562317e-05,0
LA_D_4082852,0,2.8899583e-05,0
LA_D_4085392,0,4.688858e-05,0
LA_D_4094129,0,3.0218605e-05,0
LA_D_4182338,0,0.0001563117,0
LA_D_4199363,0,2.8617596e-05,0
LA_D_4231672,0,5.556629e-05,0
LA_D_4240572,0,2.2842545e-05,0
LA_D_4297667,0,2.5316323e-05,0
LA_D_4322439,0,0.00037613735,0
LA_D_4335525,0,4.927774e-05,0
LA_D_4339462,0,0.00010597851,0
LA_D_4382584,0,4.6141693e-05,0
LA_D_4389304,0,2.3363007e-05,0
LA_D_4395658,0,0.00026669825,0
LA_D_4401526,0,4.8576527e-05,0
LA_D_4407498,0,5.6779656e-05,0
LA_D_4437954,0,6.503251e-05,0
LA_D_4485320,0,5.9417194e-05,0
LA_D_4488718,0,9.147454e-05,0
LA_D_4540134,0,0.00013389744,0
LA_D_4544796,0,0.00016046653,0
LA_D_4592786,0,0.0001751557,0
LA_D_4608336,0,4.479161e-05,0
LA_D_4629979,0,5.352766e-05,0
LA_D_4678659,0,0.00012815084,0
LA_D_4703894,0,0.00032199416,0
LA_D_4716316,0,9.643546e-05,0
LA_D_4722555,0,0.00047424226,0
LA_D_4732747,0,0.00014649329,0
LA_D_4753739,0,7.670157e-05,0
LA_D_4769081,0,0.00010192517,0
LA_D_4865380,0,0.00014472929,0
LA_D_4908581,0,0.00026512917,0
LA_D_4938185,0,7.3225206e-06,0
LA_D_4938987,0,0.00011631419,0
LA_D_4979666,0,0.00012574357,0
LA_D_4981603,0,7.127491e-05,0
LA_D_4982133,0,0.00019707056,0
LA_D_5018866,0,0.00012534803,0
LA_D_5053631,0,1.1026066e-05,0
LA_D_5067930,0,0.000121077916,0
LA_D_5086729,0,4.9672835e-05,0
LA_D_5090608,0,8.0372156e-05,0
LA_D_5098281,0,3.9730174e-05,0
LA_D_5101551,0,2.362821e-05,0
LA_D_5103356,0,2.5570365e-05,0
LA_D_5107192,0,0.00038153297,0
LA_D_5111401,0,5.949942e-05,0
LA_D_5139863,0,3.4693664e-06,0
LA_D_5142081,0,6.502531e-05,0
LA_D_5152377,0,6.095355e-05,0
LA_D_5165259,0,7.853264e-05,0
LA_D_5172398,0,0.0002917848,0
LA_D_5176173,0,0.000103004924,0
LA_D_5241214,0,0.00020054319,0
LA_D_5267572,0,9.5505675e-05,0
LA_D_5274812,0,5.1271287e-05,0
LA_D_5286510,0,1.3376697e-05,0
LA_D_5295577,0,0.0014962123,0
LA_D_5296519,0,0.000109380846,0
LA_D_5301983,0,0.000111533474,0
LA_D_5307600,0,0.00010850623,0
LA_D_5326644,0,3.845178e-05,0
LA_D_5390706,0,0.0005348588,0
LA_D_5410675,0,0.00022716331,0
LA_D_5435996,0,0.0001601431,0
LA_D_5444967,0,8.529557e-05,0
LA_D_5481956,0,8.3208695e-05,0
LA_D_5486800,0,0.00014049163,0
LA_D_5505879,0,0.00020782046,0
LA_D_5524814,0,8.774557e-05,0
LA_D_5538242,0,6.446421e-05,0
LA_D_5599281,0,1.33159865e-05,0
LA_D_5627177,0,0.0005583695,0
LA_D_5653979,0,0.00010518235,0
LA_D_5661698,0,4.2577776e-05,0
LA_D_5671767,0,0.00019919813,0
LA_D_5693331,0,5.662539e-05,0
LA_D_5710236,0,2.1037617e-05,0
LA_D_5715402,0,0.00017139413,0
LA_D_5735559,0,4.1765674e-05,0
LA_D_5735922,0,0.000824778,0
LA_D_5737273,0,3.1918647e-05,0
LA_D_5747601,0,0.00016218942,0
LA_D_5748042,0,0.00014811037,0
LA_D_5825167,0,1.2137083e-05,0
LA_D_5832702,0,0.00014430746,0
LA_D_5834232,0,2.014356e-05,0
LA_D_5854092,0,0.0005806125,0
LA_D_5874425,0,0.000101704,0
LA_D_5875439,0,8.399604e-05,0
LA_D_5878616,0,0.00023984506,0
LA_D_5889135,0,0.00020176802,0
LA_D_5889358,0,9.224574e-05,0
LA_D_5895018,0,2.6554155e-05,0
LA_D_5977520,0,0.00011079824,0
LA_D_6038131,0,0.00030471262,0
LA_D_6079595,0,8.177127e-05,0
LA_D_6103320,0,0.00022434963,0
LA_D_6112353,0,8.750534e-05,0
LA_D_6172873,0,9.617301e-05,0
LA_D_6192145,0,0.00042794136,0
LA_D_6194442,0,0.0001367793,0
LA_D_6211901,0,0.0001202034,0
LA_D_6222247,0,0.0003733163,0
LA_D_6226707,0,0.00010222769,0
LA_D_6264911,0,3.0989708e-05,0
LA_D_6290952,0,0.00026863776,0
LA_D_6345960,0,1.3972202e-05,0
LA_D_6347250,0,9.907391e-05,0
LA_D_6362359,0,2.277038e-05,0
LA_D_6393543,0,0.00019197931,0
LA_D_6409900,0,7.7377306e-05,0
LA_D_6415614,0,8.998266e-05,0
LA_D_6428297,0,8.546173e-05,0
LA_D_6462902,0,7.3616815e-05,0
LA_D_6468405,0,0.00015095095,0
LA_D_6499924,0,0.00012982356,0
LA_D_6517704,0,0.000105333704,0
LA_D_6532301,0,1.410224e-05,0
LA_D_6547198,0,8.998438e-05,0
LA_D_6579719,0,0.00045610912,0
LA_D_6593636,0,4.381469e-05,0
LA_D_6625374,0,2.8571403e-05,0
LA_D_6625840,0,7.01926e-05,0
LA_D_6637850,0,4.9981263e-05,0
LA_D_6642673,0,8.651969e-05,0
LA_D_6660220,0,4.4227723e-05,0
LA_D_6669051,0,0.00016139614,0
LA_D_6691154,0,0.000165073,0
LA_D_6695615,0,0.00022422153,0
LA_D_6710195,0,1.2373631e-05,0
LA_D_6827798,0,0.00020198533,0
LA_D_6830532,0,8.235858e-05,0
LA_D_6864087,0,0.00017721848,0
LA_D_6866603,0,2.643492e-05,0
LA_D_6892674,0,2.9696608e-05,0
LA_D_6928429,0,3.582893e-05,0
LA_D_6965493,0,2.9930885e-05,0
LA_D_6965771,0,0.00034187728,0
LA_D_6988249,0,3.823079e-05,0
LA_D_7021156,0,0.00020582716,0
LA_D_7028251,0,0.00029258375,0
LA_D_7038606,0,5.068482e-05,0
LA_D_7066186,0,7.010724e-05,0
LA_D_7167124,0,1.8192342e-05,0
LA_D_7183894,0,5.6346464e-05,0
LA_D_7186069,0,8.6746135e-05,0
LA_D_7226739,0,2.7993212e-05,0
LA_D_7237488,0,0.00010536966,0
LA_D_7237811,0,3.1278778e-05,0
LA_D_7307287,0,2.2115166e-05,0
LA_D_7331654,0,3.7982878e-05,0
LA_D_7337279,0,0.00028620393,0
LA_D_7359047,0,4.4082622e-05,0
LA_D_7399969,0,0.00032126898,0
LA_D_7406865,0,0.00011748788,0
LA_D_7445946,0,7.291202e-05,0
LA_D_7464417,0,6.563623e-05,0
LA_D_7473056,0,0.00013546704,0
LA_D_7499183,0,6.610672e-05,0
LA_D_7532592,0,0.00015617405,0
LA_D_7536830,0,6.662485e-05,0
LA_D_7573833,0,9.00261e-05,0
LA_D_7577850,0,3.963092e-05,0
LA_D_7592898,0,0.00016759793,0
LA_D_7632221,0,2.3094084e-05,0
LA_D_7647841,0,0.00018284436,0
LA_D_7660152,0,1.8643548e-05,0
LA_D_7667125,0,0.00029720747,0
LA_D_7678162,0,0.00023357617,0
LA_D_7679219,0,0.00012708532,0
LA_D_7687575,0,6.0538434e-05,0
LA_D_7704331,0,0.00014200184,0
LA_D_7714440,0,3.1193256e-05,0
LA_D_7748160,0,0.0003220884,0
LA_D_7748381,0,7.742418e-05,0
LA_D_7784995,0,8.574769e-05,0
LA_D_7803358,0,9.386674e-05,0
LA_D_7836235,0,0.0014702008,0
LA_D_7890490,0,4.7940393e-05,0
LA_D_7898281,0,0.00014679981,0
LA_D_7932133,0,0.0001630612,0
LA_D_7954380,0,3.34632e-05,0
LA_D_7979281,0,0.000103173814,0
LA_D_7989855,0,2.5249128e-05,0
LA_D_7995659,0,3.6612295e-05,0
LA_D_8044665,0,0.000102408,0
LA_D_8050534,0,7.765273e-05,0
LA_D_8063814,0,2.5772068e-05,0
LA_D_8099371,0,1.3511589e-05,0
LA_D_8107336,0,0.000103078724,0
LA_D_8110188,0,1.3409727e-05,0
LA_D_8128480,0,0.00017605654,0
LA_D_8136728,0,3.091821e-05,0
LA_D_8142949,0,0.00011844797,0
LA_D_8152318,0,2.2816395e-05,0
LA_D_8195070,0,6.723122e-05,0
LA_D_8244804,0,7.3051844e-05,0
LA_D_8246386,0,7.936537e-05,0
LA_D_8262471,0,0.00020045202,0
LA_D_8277450,0,1e-06,0
LA_D_8313277,0,0.0009635281,0
LA_D_8362912,0,5.7339836e-05,0
LA_D_8367768,0,3.4763438e-05,0
LA_D_8374952,0,5.0321923e-05,0
LA_D_8417993,0,0.00020303747,0
LA_D_8418660,0,0.00019992539,0
LA_D_8438549,0,0.00011034402,0
LA_D_8450426,0,5.516963e-06,0
LA_D_8468180,0,9.5635605e-06,0
LA_D_8482703,0,6.687264e-05,0
LA_D_8488988,0,8.074797e-05,0
LA_D_8520152,0,4.408065e-05,0
LA_D_8530159,0,0.0003607728,0
LA_D_8543878,0,0.0004281972,0
LA_D_8558988,0,7.68749e-05,0
LA_D_8586602,0,7.691589e-06,0
LA_D_8593631,0,0.0005279107,0
LA_D_8593699,0,0.00020039505,0
LA_D_8697162,0,0.00010377443,0
LA_D_8724645,0,2.3077264e-05,0
LA_D_8783507,0,0.00013192769,0
LA_D_8866287,0,0.00014138952,0
LA_D_8870358,0,3.0964806e-05,0
LA_D_8875939,0,0.00035317926,0
LA_D_8878567,0,6.399601e-06,0
LA_D_8909496,0,0.0003119683,0
LA_D_8920232,0,0.0001232316,0
LA_D_8954865,0,0.00012046801,0
LA_D_8958398,0,0.00018171415,0
LA_D_8988605,0,5.6907207e-05,0
LA_D_9022054,0,0.00017042385,0
LA_D_9053763,0,2.1127387e-05,0
LA_D_9058492,0,9.091668e-05,0
LA_D_9085002,0,2.18104e-05,0
LA_D_9105293,0,2.3621495e-05,0
LA_D_9156390,0,2.9056775e-05,0
LA_D_9158496,0,0.00010119525,0
LA_D_9170533,0,0.0002412404,0
LA_D_9170546,0,0.00022425764,0
LA_D_9233372,0,8.085229e-05,0
LA_D_9262171,0,7.930447e-05,0
LA_D_9269691,0,0.000111401896,0
LA_D_9350649,0,1.9964307e-05,0
LA_D_9353876,0,1.2821751e-05,0
LA_D_9366152,0,2.1852768e-05,0
LA_D_9367691,0,4.500655e-06,0
LA_D_9386142,0,0.00041256717,0
LA_D_9438113,0,3.052941e-05,0
LA_D_9505772,0,6.740571e-05,0
LA_D_9525819,0,8.3076055e-05,0
LA_D_9602909,0,0.0027508708,0
LA_D_9614451,0,1.3759326e-05,0
LA_D_9710466,0,2.5897742e-05,0
LA_D_9723269,0,2.7146365e-05,0
LA_D_9734297,0,0.00033347806,0
LA_D_9743828,0,0.00020976746,0
LA_D_9764249,0,5.9026625e-05,0
LA_D_9770836,0,5.821855e-05,0
LA_D_9795685,0,4.50184e-05,0
LA_D_9821680,0,0.00013292211,0
LA_D_9831077,0,6.242881e-05,0
LA_D_9897238,0,2.7838061e-05,0
LA_D_9902848,0,3.911976e-05,0
LA_D_9904837,0,2.8369022e-05,0
LA_D_9935431,0,1.4427357e-05,0
LA_D_9955162,0,0.00014678371,0
LA_D_9991348,0,4.9236078e-05,0
LA_D_9999204,0,0.0002009758,0
LA_D_1010205,0,0.00012390547,0
LA_D_1061499,0,0.0005424504,0
LA_D_1080524,0,7.698046e-05,0
LA_D_1082871,0,0.00016257742,0
LA_D_1084804,0,2.038545e-05,0
LA_D_1158428,0,0.00015621634,0
LA_D_1171849,0,2.2844113e-05,0
LA_D_1235041,0,6.525976e-05,0
LA_D_1246046,0,1.8265913e-05,0
LA_D_1266897,0,0.0018027544,0
LA_D_1277538,0,3.901165e-05,0
LA_D_1326697,0,7.4702475e-05,0
LA_D_1384414,0,0.00013272313,0
LA_D_1447776,0,4.8050057e-05,0
LA_D_1498058,0,0.00011926739,0
LA_D_1502852,0,0.00013223982,0
LA_D_1555757,0,7.14024e-05,0
LA_D_1556162,0,7.988953e-05,0
LA_D_1606599,0,0.0002473812,0
LA_D_1694389,0,0.0002131154,0
LA_D_1699200,0,8.0427664e-05,0
LA_D_1705349,0,0.00011228698,0
LA_D_1720015,0,1.8752962e-05,0
LA_D_1738251,0,0.00013546833,0
LA_D_1738651,0,1.7425813e-05,0
LA_D_1830470,0,6.111209e-05,0
LA_D_1832937,0,0.00029084523,0
LA_D_1844495,0,9.745805e-06,0
LA_D_1848165,0,2.068255e-05,0
LA_D_1866166,0,0.00014745045,0
LA_D_1907062,0,0.00011278113,0
LA_D_1921890,0,0.00021129062,0
LA_D_1932089,0,2.5166813e-05,0
LA_D_1966347,0,7.571695e-05,0
LA_D_2008956,0,0.00015199809,0
LA_D_2022777,0,9.672502e-05,0
LA_D_2033794,0,6.6253895e-05,0
LA_D_2042102,0,0.000120972196,0
LA_D_2049288,0,4.9216407e-05,0
LA_D_2128519,0,0.00011401884,0
LA_D_2140441,0,4.8242204e-05,0
LA_D_2178889,0,3.414147e-05,0
LA_D_2193624,0,5.093756e-05,0
LA_D_2308716,0,3.3082124e-05,0
LA_D_2335769,0,5.5066743e-05,0
LA_D_2353795,0,4.7960286e-05,0
LA_D_2372787,0,4.6685484e-05,0
LA_D_2430243,0,0.00018965972,0
LA_D_2446369,0,1.569377e-05,0
LA_D_2492206,0,3.4058387e-05,0
LA_D_2497046,0,2.6584383e-05,0
LA_D_2530462,0,6.773006e-05,0
LA_D_2570184,0,0.00012896223,0
LA_D_2653610,0,8.113374e-05,0
LA_D_2667967,0,0.000112999885,0
LA_D_2747265,0,0.00028879358,0
LA_D_2795326,0,0.00030195402,0
LA_D_2837203,0,2.4600282e-05,0
LA_D_2875270,0,4.8809306e-05,0
LA_D_2888387,0,4.4079723e-05,0
LA_D_2933330,0,2.0187848e-05,0
LA_D_2939024,0,6.297406e-05,0
LA_D_2960332,0,6.1936815e-05,0
LA_D_2964456,0,2.8248809e-05,0
LA_D_2968176,0,1.6970656e-05,0
LA_D_2981298,0,0.00042779985,0
LA_D_3015558,0,0.0005926959,0
LA_D_3040717,0,9.772388e-05,0
LA_D_3049880,0,8.259099e-05,0
LA_D_3087285,0,0.0002612227,0
LA_D_3109683,0,8.661454e-05,0
LA_D_3142727,0,0.00024813996,0
LA_D_3154837,0,9.1207665e-05,0
LA_D_3158600,0,1.9680489e-05,0
LA_D_3184245,0,6.0577757e-05,0
LA_D_3211293,0,6.235396e-05,0
LA_D_3220337,0,6.4634536e-05,0
LA_D_3228132,0,7.172054e-05,0
LA_D_3242739,0,7.237806e-05,0
LA_D_3346281,0,0.00026480225,0
LA_D_3353973,0,5.587224e-05,0
LA_D_3392617,0,0.00021576748,0
LA_D_3401079,0,6.8411384e-05,0
LA_D_3413740,0,0.00020587133,0
LA_D_3436779,0,5.6730998e-05,0
LA_D_3441390,0,3.3308213e-05,0
LA_D_3457616,0,6.043184e-05,0
LA_D_3492327,0,9.1638336e-05,0
LA_D_3510615,0,5.8385398e-05,0
LA_D_3522779,0,0.00028464384,0
LA_D_3553006,0,4.413764e-05,0
LA_D_3553483,0,4.208075e-05,0
LA_D_3579245,0,4.2181717e-05,0
LA_D_3617757,0,0.00012049994,0
LA_D_3629732,0,0.0001216075,0
LA_D_3664914,0,2.5638443e-05,0
LA_D_3679618,0,0.00017582084,0
LA_D_3795179,0,9.656632e-05,0
LA_D_3799415,0,0.00010695781,0
LA_D_3799822,0,3.430976e-05,0
LA_D_3814791,0,0.00015905198,0
LA_D_3847966,0,0.00019874812,0
LA_D_3879227,0,0.000108256536,0
LA_D_3931549,0,1.1593614e-05,0
LA_D_3951142,0,2.5376874e-05,0
LA_D_4038636,0,9.731211e-05,0
LA_D_4046963,0,0.00029844663,0
LA_D_4051775,0,9.511967e-05,0
LA_D_4067176,0,2.3556526e-05,0
LA_D_4076013,0,6.0683975e-05,0
LA_D_4079102,0,0.00012622289,0
LA_D_4104036,0,4.9010097e-05,0
LA_D_4173079,0,3.6428548e-05,0
LA_D_4187195,0,5.9146914e-05,0
LA_D_4190863,0,3.0520183e-05,0
LA_D_4198486,0,8.7196975e-05,0
LA_D_4246414,0,1.0554283e-05,0
LA_D_4246754,0,9.819037e-05,0
LA_D_4269476,0,5.1560237e-05,0
LA_D_4277166,0,0.00018323601,0
LA_D_4285827,0,1.679814e-05,0
LA_D_4344112,0,2.4429524e-05,0
LA_D_4358026,0,9.477625e-05,0
LA_D_4371820,0,3.0289815e-05,0
LA_D_4414981,0,2.2012e-05,0
LA_D_4436601,0,6.17425e-05,0
LA_D_4449596,0,0.00015693491,0
LA_D_4476116,0,9.795162e-05,0
LA_D_4497485,0,0.00023982815,0
LA_D_4541793,0,7.60406e-05,0
LA_D_4554165,0,0.00015406575,0
LA_D_4567649,0,9.088833e-05,0
LA_D_4594870,0,4.3749224e-05,0
LA_D_4679930,0,0.00014796216,0
LA_D_4680031,0,0.00024228088,0
LA_D_4684075,0,8.503195e-05,0
LA_D_4729932,0,6.7002926e-05,0
LA_D_4765138,0,3.0961191e-06,0
LA_D_4766671,0,5.4272437e-05,0
LA_D_4791127,0,3.3697575e-05,0
LA_D_4793285,0,7.835327e-05,0
LA_D_4831551,0,0.00028734622,0
LA_D_4838987,0,2.831378e-05,0
LA_D_4840993,0,0.00011620112,0
LA_D_4846038,0,5.012283e-05,0
LA_D_4856350,0,0.00020619684,0
LA_D_4893333,0,0.00011033139,0
LA_D_4911711,0,4.0877072e-05,0
LA_D_4938958,0,0.010055477,0
LA_D_4972385,0,0.00015673049,0
LA_D_4992474,0,0.00010078894,0
LA_D_5039819,0,5.021364e-05,0
LA_D_5057705,0,0.00021963065,0
LA_D_5110293,0,6.967203e-05,0
LA_D_5149734,0,2.805286e-05,0
LA_D_5178524,0,8.2863466e-05,0
LA_D_5193343,0,5.9461414e-05,0
LA_D_5207545,0,2.2966175e-05,0
LA_D_5246247,0,6.215894e-05,0
LA_D_5283786,0,4.5326662e-05,0
LA_D_5338385,0,2.4925645e-05,0
LA_D_5435340,0,0.00013572694,0
LA_D_5453991,0,5.180306e-05,0
LA_D_5508990,0,3.428137e-05,0
LA_D_5525422,0,7.003013e-05,0
LA_D_5570541,0,0.0001991144,0
LA_D_5572661,0,3.3627563e-05,0
LA_D_5596855,0,6.486565e-05,0
LA_D_5706472,0,0.00011066646,0
LA_D_5732655,0,3.270975e-05,0
LA_D_5741681,0,6.3875115e-05,0
LA_D_5789727,0,0.00012675866,0
LA_D_5792148,0,0.00038883692,0
LA_D_5805227,0,4.9525876e-05,0
LA_D_5824362,0,1.2114314e-05,0
LA_D_5834045,0,0.0001640734,0
LA_D_5856383,0,0.00013423672,0
LA_D_5891869,0,9.846284e-05,0
LA_D_5901525,0,3.513867e-05,0
LA_D_5927782,0,1.9531288e-05,0
LA_D_5961259,0,7.3907184e-05,0
LA_D_5972830,0,0.00018800076,0
LA_D_5975960,0,0.00031553468,0
LA_D_5986166,0,4.2886462e-05,0
LA_D_6096734,0,9.3509116e-05,0
LA_D_6126827,0,6.731925e-05,0
LA_D_6132532,0,0.00021396304,0
LA_D_6211090,0,8.672455e-05,0
LA_D_6226652,0,4.5273526e-05,0
LA_D_6228522,0,4.7364952e-05,0
LA_D_6239873,0,7.8717836e-05,0
LA_D_6241133,0,0.00010228482,0
LA_D_6280736,0,8.352734e-05,0
LA_D_6310412,0,3.584417e-05,0
LA_D_6315394,0,0.00013761657,0
LA_D_6322158,0,0.00025656552,0
LA_D_6349894,0,7.894486e-05,0
LA_D_6361022,0,0.00027158385,0
LA_D_6454374,0,3.1702624e-05,0
LA_D_6506972,0,0.00039875644,0
LA_D_6597204,0,6.443778e-05,0
LA_D_6614217,0,5.1870284e-05,0
LA_D_6661592,0,4.4681845e-05,0
LA_D_6671443,0,0.000106864536,0
LA_D_6690982,0,0.00015036941,0
LA_D_6723637,0,6.893541e-05,0
LA_D_6748977,0,2.13398e-05,0
LA_D_6767763,0,8.2043785e-05,0
LA_D_6890596,0,2.8582252e-05,0
LA_D_6909580,0,0.00022034442,0
LA_D_6930111,0,3.1347397e-05,0
LA_D_6970550,0,5.7170855e-05,0
LA_D_6971538,0,0.00010457947,0
LA_D_6985201,0,3.9302085e-05,0
LA_D_6990804,0,4.3349373e-05,0
LA_D_7015167,0,0.00018313942,0
LA_D_7030824,0,0.0001574732,0
LA_D_7087327,0,0.000114313756,0
LA_D_7100478,0,0.00018283444,0
LA_D_7117158,0,1.7399343e-05,0
LA_D_7138607,0,4.2855678e-05,0
LA_D_7141905,0,3.8347636e-05,0
LA_D_7174232,0,9.158207e-05,0
LA_D_7277959,0,0.00012560097,0
LA_D_7279265,0,7.65604e-05,0
LA_D_7279410,0,0.00010391603,0
LA_D_7290012,0,5.6444944e-05,0
LA_D_7363405,0,6.21158e-05,0
LA_D_7367187,0,3.126106e-05,0
LA_D_7383463,0,4.5946384e-05,0
LA_D_7409252,0,1.8015773e-05,0
LA_D_7424751,0,0.00028522083,0
LA_D_7447795,0,4.4854747e-05,0
LA_D_7479660,0,8.5906635e-05,0
LA_D_7620311,0,3.434744e-05,0
LA_D_7674620,0,2.4984214e-05,0
LA_D_7702883,0,0.00014147002,0
LA_D_7731461,0,4.406031e-05,0
LA_D_7734402,0,5.9475965e-06,0
LA_D_7773583,0,0.00013480934,0
LA_D_7792788,0,4.3283442e-05,0
LA_D_7887063,0,0.00047234428,0
LA_D_7979905,0,1.9367582e-05,0
LA_D_8022584,0,1.6352049e-05,0
LA_D_8063128,0,1.7410199e-05,0
LA_D_8072455,0,5.6615725e-05,0
LA_D_8147839,0,3.6738136e-05,0
LA_D_8162284,0,4.6978814e-05,0
LA_D_8183756,0,0.002000618,0
LA_D_8202140,0,3.5696023e-05,0
LA_D_8228955,0,0.00018265583,0
LA_D_8245412,0,2.2204047e-05,0
LA_D_8264531,0,3.461157e-05,0
LA_D_8272979,0,6.778719e-05,0
LA_D_8291737,0,4.1161296e-05,0
LA_D_8335202,0,0.00010780749,0
LA_D_8350950,0,0.00019127311,0
LA_D_8358692,0,0.00016686106,0
LA_D_8364986,0,4.6658155e-05,0
LA_D_8365489,0,0.00010877029,0
LA_D_8367470,0,0.00022258204,0
LA_D_8372141,0,1.977714e-05,0
LA_D_8378530,0,4.3699103e-05,0
LA_D_8461526,0,6.350566e-05,0
LA_D_8467187,0,2.4945717e-05,0
LA_D_8474115,0,2.5129662e-05,0
LA_D_8479165,0,0.00012644165,0
LA_D_8569086,0,0.00029837235,0
LA_D_8573686,0,8.640443e-05,0
LA_D_8599184,0,7.0873e-05,0
LA_D_8675351,0,5.8565958e-05,0
LA_D_8683301,0,8.0107704e-05,0
LA_D_8704675,0,1.5456888e-05,0
LA_D_8726806,0,1.358188e-05,0
LA_D_8735979,0,0.00017913606,0
LA_D_8787336,0,3.645489e-05,0
LA_D_8907825,0,5.446126e-05,0
LA_D_8912596,0,6.1351144e-05,0
LA_D_8923373,0,4.5592238e-05,0
LA_D_8947789,0,4.9955717e-05,0
LA_D_8971968,0,2.4785559e-05,0
LA_D_8980613,0,6.725117e-05,0
LA_D_9092221,0,4.57756e-05,0
LA_D_9095089,0,0.00023579138,0
LA_D_9198030,0,0.00025127924,0
LA_D_9308715,0,0.0001522531,0
LA_D_9363698,0,0.0001521193,0
LA_D_9365960,0,2.4712674e-05,0
LA_D_9465126,0,3.4220484e-05,0
LA_D_9557863,0,5.249415e-05,0
LA_D_9579816,0,0.0002010082,0
LA_D_9585951,0,0.00016976212,0
LA_D_9611936,0,7.3212585e-05,0
LA_D_9616817,0,3.626889e-05,0
LA_D_9711980,0,0.00022244839,0
LA_D_9728117,0,0.0001601095,0
LA_D_9735207,0,2.2726252e-05,0
LA_D_9739801,0,0.00022079975,0
LA_D_9810869,0,3.2729098e-05,0
LA_D_9828928,0,6.033666e-05,0
LA_D_9849984,0,0.00032475241,0
LA_D_9853601,0,8.3831605e-05,0
LA_D_9936972,0,5.4114967e-05,0
LA_D_9947726,0,0.0002086671,0
LA_D_9977709,0,0.00014955136,0
LA_D_9985554,0,2.5599253e-05,0
LA_D_9994046,0,3.1019277e-05,0
LA_D_9995817,0,7.4263815e-05,0
LA_D_1029785,0,0.00014102797,0
LA_D_1056838,0,0.00034001513,0
LA_D_1124968,0,0.000144685,0
LA_D_1149633,0,3.9850347e-05,0
LA_D_1157084,0,8.8950714e-05,0
LA_D_1235306,0,0.00015995905,0
LA_D_1236459,0,0.00019660979,0
LA_D_1247325,0,0.0006027174,0
LA_D_1285017,0,3.9053302e-05,0
LA_D_1306634,0,0.00015583102,0
LA_D_1307022,0,0.00021464753,0
LA_D_1314415,0,9.8528966e-05,0
LA_D_1334666,0,0.0002897418,0
LA_D_1343882,0,0.00049728743,0
LA_D_1356036,0,0.00018814532,0
LA_D_1393870,0,0.00013923335,0
LA_D_1424811,0,0.00022145588,0
LA_D_1433046,0,0.0013622824,0
LA_D_1459201,0,0.00044075958,0
LA_D_1471187,0,0.00014078477,0
LA_D_1471595,0,0.0005889062,0
LA_D_1476062,0,0.00013785691,0
LA_D_1555695,0,0.00024975702,0
LA_D_1574963,0,9.1282054e-05,0
LA_D_1640383,0,0.00015652918,0
LA_D_1680060,0,0.0002619552,0
LA_D_1702355,0,0.00016120759,0
LA_D_1702824,0,0.00010386184,0
LA_D_1711747,0,0.00019401178,0
LA_D_1723025,0,0.00019599531,0
LA_D_1743744,0,0.00032560158,0
LA_D_1773079,0,0.0003302223,0
LA_D_1780523,0,0.000539492,0
LA_D_1818653,0,5.475434e-05,0
LA_D_1853731,0,0.0002742449,0
LA_D_1868045,0,0.00039138793,0
LA_D_1891787,0,0.00025454076,0
LA_D_1894103,0,0.00017177303,0
LA_D_1905761,0,0.030194525,0
LA_D_1948580,0,0.00064108946,0
LA_D_1949008,0,0.00014165117,0
LA_D_1994966,0,0.0004127863,0
LA_D_2002433,0,0.00023754693,0
LA_D_2036773,0,0.00013360156,0
LA_D_2070148,0,0.0017936861,0
LA_D_2077190,0,0.0001992344,0
LA_D_2107954,0,0.0008113791,0
LA_D_2113515,0,0.00022496824,0
LA_D_2136240,0,0.00018691743,0
LA_D_2137133,0,0.00010969398,0
LA_D_2166764,0,0.0006344153,0
LA_D_2173227,0,0.00019780909,0
LA_D_2195736,0,0.0002806128,0
LA_D_2231411,0,0.0005648979,0
LA_D_2245814,0,0.0016741483,0
LA_D_2250398,0,0.00032523513,0
LA_D_2260376,0,0.00014109442,0
LA_D_2275662,0,0.0005280484,0
LA_D_2276956,0,0.00016365277,0
LA_D_2341150,0,0.00012329766,0
LA_D_2344292,0,0.0001428343,0
LA_D_2367943,0,0.00011983145,0
LA_D_2382681,0,0.00025116524,0
LA_D_2399961,0,9.089977e-05,0
LA_D_2445772,0,0.00021785493,0
LA_D_2451802,0,0.00010026191,0
LA_D_2454370,0,0.00019847826,0
LA_D_2480484,0,0.0003056804,0
LA_D_2502471,0,0.00056708296,0
LA_D_2530547,0,0.0020134968,0
LA_D_2565381,0,0.0003852318,0
LA_D_2577424,0,0.00016431138,0
LA_D_2596513,0,0.00018903126,0
LA_D_2598470,0,0.0001987235,0
LA_D_2602453,0,7.568496e-05,0
LA_D_2613067,0,9.258096e-05,0
LA_D_2634266,0,0.000118114345,0
LA_D_2637205,0,0.0013038428,0
LA_D_2709105,0,0.00034673788,0
LA_D_2715552,0,8.293824e-05,0
LA_D_2719811,0,0.00062949484,0
LA_D_2772436,0,0.0002293654,0
LA_D_2775026,0,0.0003620169,0
LA_D_2797619,0,0.00013997414,0
LA_D_2814875,0,0.000106591266,0
LA_D_2816289,0,0.00018672628,0
LA_D_2833762,0,0.00033511937,0
LA_D_2854193,0,0.00019350891,0
LA_D_2866362,0,5.4845685e-05,0
LA_D_2895937,0,0.00024295124,0
LA_D_2938883,0,0.0002797246,0
LA_D_2999774,0,0.00010038934,0
LA_D_3007029,0,0.00042533618,0
LA_D_3010559,0,0.00016330378,0
LA_D_3015714,0,0.00033184537,0
LA_D_3040572,0,0.00027520303,0
LA_D_3043536,0,0.00038540957,0
LA_D_3053606,0,6.0781273e-05,0
LA_D_3055819,0,0.00029399834,0
LA_D_3060623,0,0.0003591577,0
LA_D_3144395,0,0.0038320979,0
LA_D_3176946,0,5.298915e-05,0
LA_D_3177863,0,0.00016091795,0
LA_D_3186042,0,0.00024486677,0
LA_D_3186776,0,0.00017618669,0
LA_D_3193424,0,9.71407e-05,0
LA_D_3197569,0,0.00015564405,0
LA_D_3207501,0,0.00033404218,0
LA_D_3229118,0,0.00012355411,0
LA_D_3230806,0,0.00016326999,0
LA_D_3232533,0,0.00019397128,0
LA_D_3243854,0,0.00016611416,0
LA_D_3256090,0,0.00032446245,0
LA_D_3310507,0,0.00026388184,0
LA_D_3325797,0,0.00038621473,0
LA_D_3341814,0,0.00032461344,0
LA_D_3401398,0,0.00022451524,0
LA_D_3440449,0,0.00014587384,0
LA_D_3461793,0,0.00013922897,0
LA_D_3482541,0,0.00027127616,0
LA_D_3498197,0,0.00013160078,0
LA_D_3517587,0,0.00018141602,0
LA_D_3529126,0,0.00018409362,0
LA_D_3586862,0,0.00019617518,0
LA_D_3608535,0,7.100119e-05,0
LA_D_3679086,0,6.771243e-05,0
LA_D_3683215,0,0.0013581604,0
LA_D_3703420,0,0.00040307367,0
LA_D_3725938,0,7.639463e-05,0
LA_D_3733302,0,0.0004946681,0
LA_D_3741233,0,0.00012662928,0
LA_D_3766019,0,0.0006418986,0
LA_D_3767648,0,0.00032866668,0
LA_D_3769543,0,6.356042e-05,0
LA_D_3773558,0,0.000565232,0
LA_D_3776249,0,0.00038628245,0
LA_D_3783864,0,0.00031826735,0
LA_D_3791494,0,0.0003157742,0
LA_D_3805827,0,0.00012909152,0
LA_D_3806582,0,0.00015659096,0
LA_D_3840866,0,0.0002576038,0
LA_D_3882685,0,0.000302644,0
LA_D_3909128,0,0.00021316216,0
LA_D_3942605,0,0.00023990957,0
LA_D_3966698,0,0.00025881303,0
LA_D_4005820,0,0.0002701158,0
LA_D_4020807,0,0.0004183809,0
LA_D_4029187,0,0.00020676247,0
LA_D_4105672,0,6.89977e-05,0
LA_D_4107279,0,0.00032163056,0
LA_D_4128802,0,0.00012297383,0
LA_D_4143635,0,0.0002892513,0
LA_D_4185259,0,0.00036057338,0
LA_D_4216273,0,0.00022992547,0
LA_D_4225333,0,0.00035806556,0
LA_D_4333191,0,0.00023464,0
LA_D_4342949,0,0.0004528582,0
LA_D_4372021,0,0.00020444025,0
LA_D_4447831,0,0.00011073339,0
LA_D_4455937,0,7.548523e-05,0
LA_D_4460163,0,0.0032463477,0
LA_D_4472082,0,0.00013404919,0
LA_D_4472967,0,0.00012371904,0
LA_D_4487386,0,0.00018731724,0
LA_D_4487653,0,0.00013751032,0
LA_D_4496115,0,0.00048880087,0
LA_D_4519635,0,0.0010490428,0
LA_D_4524225,0,9.290571e-05,0
LA_D_4529395,0,0.00017765585,0
LA_D_4552584,0,4.1495907e-05,0
LA_D_4585046,0,0.00022562471,0
LA_D_4624019,0,0.00022244923,0
LA_D_4688262,0,0.00022354271,0
LA_D_4699301,0,8.0318445e-05,0
LA_D_4704078,0,0.00019599906,0
LA_D_4727143,0,0.00037162806,0
LA_D_4746243,0,0.00019256247,0
LA_D_4767464,0,0.00029119538,0
LA_D_4790022,0,0.00019808598,0
LA_D_4799307,0,0.00072968786,0
LA_D_4814981,0,0.00020841516,0
LA_D_4825873,0,0.00022080101,0
LA_D_4831370,0,0.0007162463,0
LA_D_4833484,0,0.00025709468,0
LA_D_4846158,0,0.00034546506,0
LA_D_4888486,0,0.00023654186,0
LA_D_4904641,0,0.00015971367,0
LA_D_4931293,0,0.0001591647,0
LA_D_4934401,0,7.153885e-05,0
LA_D_4946335,0,0.0002025844,0
LA_D_4954842,0,5.529259e-05,0
LA_D_4966242,0,0.00022636703,0
LA_D_4974659,0,0.0011412227,0
LA_D_4990575,0,0.00020736699,0
LA_D_5008157,0,0.0005011542,0
LA_D_5035533,0,9.044359e-05,0
LA_D_5054541,0,0.00032400806,0
LA_D_5096284,0,0.00017770668,0
LA_D_5127607,0,0.00013790767,0
LA_D_5138851,0,0.00025593076,0
LA_D_5151081,0,6.99926e-05,0
LA_D_5182772,0,0.0007802028,0
LA_D_5202763,0,0.00024020826,0
LA_D_5232139,0,0.00017121463,0
LA_D_5246193,0,0.00024082122,0
LA_D_5293338,0,0.00029108184,0
LA_D_5299709,0,0.0010964993,0
LA_D_5300130,0,0.00026780766,0
LA_D_5308230,0,6.5053595e-05,0
LA_D_5357142,0,0.00027829484,0
LA_D_5392292,0,0.00047889422,0
LA_D_5394501,0,3.419693e-05,0
LA_D_5396397,0,0.0005824923,0
LA_D_5421212,0,0.00043361,0
LA_D_5452800,0,0.00080858776,0
LA_D_5465758,0,0.00022182526,0
LA_D_5482180,0,7.676612e-05,0
LA_D_5571629,0,0.00019561854,0
LA_D_5584734,0,0.00015723282,0
LA_D_5586056,0,0.0015679806,0
LA_D_5627497,0,0.00029507634,0
LA_D_5654375,0,0.00024263965,0
LA_D_5689198,0,0.00016938927,0
LA_D_5730320,0,9.2537e-05,0
LA_D_5732035,0,9.717062e-05,0
LA_D_5737966,0,0.00048280598,0
LA_D_5742424,0,0.00018922602,0
LA_D_5755628,0,0.00050858123,0
LA_D_5824879,0,0.0001819506,0
LA_D_5826732,0,0.00044317325,0
LA_D_5828981,0,5.9130733e-05,0
LA_D_5861749,0,0.00032424938,0
LA_D_5873832,0,0.00017909029,0
LA_D_5932720,0,9.8705386e-05,0
LA_D_5940165,0,0.0004775788,0
LA_D_5945248,0,0.00015741134,0
LA_D_5981243,0,0.000369906,0
LA_D_5985415,0,0.00069927954,0
LA_D_6001078,0,0.00030741785,0
LA_D_6033416,0,0.0005119992,0
LA_D_6084356,0,0.00018462553,0
LA_D_6097312,0,9.002892e-05,0
LA_D_6105514,0,0.00023479755,0
LA_D_6135335,0,0.00010321308,0
LA_D_6159317,0,0.000415872,0
LA_D_6165860,0,0.00010471758,0
LA_D_6185691,0,9.836955e-05,0
LA_D_6193524,0,0.0001793673,0
LA_D_6203837,0,6.5786866e-05,0
LA_D_6210440,0,0.00057792896,0
LA_D_6211991,0,0.00010381718,0
LA_D_6259884,0,0.00014731949,0
LA_D_6267621,0,0.0002905013,0
LA_D_6305298,0,0.0004669077,0
LA_D_6305743,0,0.00022911752,0
LA_D_6320458,0,0.00025515113,0
LA_D_6321182,0,0.00017643296,0
LA_D_6323705,0,0.00029788745,0
LA_D_6345029,0,0.0018007983,0
LA_D_6368988,0,0.00027018637,0
LA_D_6371872,0,0.0002023676,0
LA_D_6390103,0,7.0965114e-05,0
LA_D_6401176,0,0.00020873277,0
LA_D_6425717,0,9.796302e-05,0
LA_D_6458120,0,6.712488e-05,0
LA_D_6502358,0,0.0001272625,0
LA_D_6526168,0,0.00034407538,0
LA_D_6532619,0,0.00019229075,0
LA_D_6547828,0,0.00022089238,0
LA_D_6550208,0,0.00016309199,0
LA_D_6594807,0,0.0007406958,0
LA_D_6640572,0,0.0005066417,0
LA_D_6742796,0,0.0013612891,0
LA_D_6779692,0,5.936583e-05,0
LA_D_6806988,0,0.00011841837,0
LA_D_6826884,0,0.000476014,0
LA_D_6840556,0,0.00036879416,0
LA_D_6840971,0,0.000428306,0
LA_D_6845080,0,0.00020875408,0
LA_D_6852869,0,0.00094244623,0
LA_D_6865911,0,0.00016305933,0
LA_D_6879359,0,0.00012581698,0
LA_D_6919214,0,0.00026190002,0
LA_D_6931896,0,8.306362e-05,0
LA_D_6938657,0,0.00050118053,0
LA_D_6947992,0,0.00015122091,0
LA_D_6957283,0,0.0003679063,0
LA_D_6970983,0,0.00038640032,0
LA_D_6973797,0,0.0002619165,0
LA_D_7053102,0,0.00018964236,0
LA_D_7124239,0,0.0002906648,0
LA_D_7139969,0,0.0006108269,0
LA_D_7143938,0,0.000107643355,0
LA_D_7175704,0,0.00027640842,0
LA_D_7215783,0,0.0001841403,0
LA_D_7254378,0,0.00013777702,0
LA_D_7278858,0,0.00086898677,0
LA_D_7290285,0,0.00020564334,0
LA_D_7297385,0,0.00019009114,0
LA_D_7307702,0,0.00024959445,0
LA_D_7308358,0,0.0002634648,0
LA_D_7368863,0,0.0002848203,0
LA_D_7401894,0,0.0011875784,0
LA_D_7453123,0,0.00018721475,0
LA_D_7466640,0,0.0003418954,0
LA_D_7482285,0,0.00017360703,0
LA_D_7484463,0,0.0005029999,0
LA_D_7508544,0,0.0002112862,0
LA_D_7540473,0,7.32112e-05,0
LA_D_7560065,0,0.00017479082,0
LA_D_7563714,0,0.00015497187,0
LA_D_7568059,0,0.000334408,0
LA_D_7596547,0,0.00024850242,0
LA_D_7598446,0,0.00010740772,0
LA_D_7635520,0,0.00015421478,0
LA_D_7641447,0,0.00013344431,0
LA_D_7748664,0,0.00023592699,0
LA_D_7750829,0,0.00054278143,0
LA_D_7754957,0,0.00052976096,0
LA_D_7757055,0,0.00029769266,0
LA_D_7760363,0,0.0001712432,0
LA_D_7760924,0,9.3267874e-05,0
LA_D_7823985,0,0.00020041285,0
LA_D_7878150,0,0.00010540001,0
LA_D_7901390,0,8.682458e-05,0
LA_D_7927430,0,0.00059683976,0
LA_D_7937903,0,0.00067868835,0
LA_D_7940727,0,0.00013322792,0
LA_D_7955580,0,0.0010325748,0
LA_D_8006078,0,9.496505e-05,0
LA_D_8063853,0,0.0002542526,0
LA_D_8118910,0,0.00022065389,0
LA_D_8133720,0,0.0001785634,0
LA_D_8138691,0,0.00017280587,0
LA_D_8193062,0,0.0003448277,0
LA_D_8200105,0,0.00019679546,0
LA_D_8205767,0,0.0006285381,0
LA_D_8222053,0,2.2914586e-05,0
LA_D_8265007,0,0.00018008775,0
LA_D_8266174,0,0.00053810846,0
LA_D_8317813,0,7.3861316e-05,0
LA_D_8322502,0,0.000116772935,0
LA_D_8339674,0,0.00029237292,0
LA_D_8362045,0,0.00012680775,0
LA_D_8377841,0,0.0005882473,0
LA_D_8395121,0,0.000120139695,0
LA_D_8400994,0,0.00039237962,0
LA_D_8467991,0,0.00018168468,0
LA_D_8473774,0,0.0008747672,0
LA_D_8523307,0,0.00031858886,0
LA_D_8555156,0,0.00027184162,0
LA_D_8555387,0,0.0006243546,0
LA_D_8590984,0,0.00020760737,0
LA_D_8641916,0,0.00023543442,0
LA_D_8693010,0,0.00037313128,0
LA_D_8718669,0,0.00018879726,0
LA_D_8737458,0,0.00029387168,0
LA_D_8759603,0,0.00012849346,0
LA_D_8808929,0,0.00022556899,0
LA_D_8829199,0,2.1179434e-05,0
LA_D_8832719,0,0.00051565655,0
LA_D_8879962,0,0.0006054707,0
LA_D_8881042,0,0.00025174348,0
LA_D_8956992,0,0.0006100124,0
LA_D_8967078,0,8.433378e-05,0
LA_D_9032192,0,0.00024789874,0
LA_D_9092108,0,0.0003426263,0
LA_D_9095485,0,8.200413e-05,0
LA_D_9151418,0,0.00035507925,0
LA_D_9162612,0,0.0002830137,0
LA_D_9165189,0,0.0007804597,0
LA_D_9175790,0,0.0008101333,0
LA_D_9176089,0,0.00057813147,0
LA_D_9178466,0,5.675449e-05,0
LA_D_9208964,0,0.0012836913,0
LA_D_9255229,0,0.0004054132,0
LA_D_9265361,0,0.0003616281,0
LA_D_9273017,0,0.00063443225,0
LA_D_9291135,0,0.00033185488,0
LA_D_9299077,0,0.0030272966,0
LA_D_9303374,0,7.9628655e-05,0
LA_D_9386777,0,0.00017290837,0
LA_D_9435140,0,0.0002792402,0
LA_D_9437643,0,0.00017099812,0
LA_D_9438939,0,7.517491e-05,0
LA_D_9458312,0,0.00011093651,0
LA_D_9491341,0,0.00025577686,0
LA_D_9493111,0,0.00011704572,0
LA_D_9517810,0,0.00026642377,0
LA_D_9552252,0,0.00041709444,0
LA_D_9556143,0,0.00038056762,0
LA_D_9573200,0,0.0005524203,0
LA_D_9583786,0,0.00088940683,0
LA_D_9628041,0,0.0021521838,0
LA_D_9643639,0,0.00053920614,0
LA_D_9694196,0,0.00016569559,0
LA_D_9735621,0,0.00022830197,0
LA_D_9754615,0,0.00010623235,0
LA_D_9809504,0,0.00054695306,0
LA_D_9826800,0,0.00027616133,0
LA_D_9827463,0,0.00011872535,0
LA_D_9829234,0,0.0005414924,0
LA_D_9834151,0,0.00024664498,0
LA_D_9841709,0,0.00017338569,0
LA_D_9843659,0,0.00042476633,0
LA_D_9845352,0,1.2675398e-05,0
LA_D_9887992,0,0.00031163055,0
LA_D_9892838,0,0.0001238672,0
LA_D_9915418,0,0.00012994827,0
LA_D_9928370,0,0.001578815,0
LA_D_9947625,0,0.000119844946,0
LA_D_9951429,0,7.3592884e-05,0
LA_D_9968504,0,0.0016970404,0
LA_D_9982181,0,0.00021671694,0
LA_D_1015995,0,0.00047342788,0
LA_D_1025623,0,0.0002044451,0
LA_D_1041139,0,0.0001656057,0
LA_D_1066994,0,0.0003367632,0
LA_D_1083152,0,4.356653e-05,0
LA_D_1141689,0,0.00049516745,0
LA_D_1187570,0,5.616201e-06,0
LA_D_1222113,0,0.00013608628,0
LA_D_1225103,0,0.0001380491,0
LA_D_1227503,0,9.1413676e-05,0
LA_D_1236220,0,8.3474464e-05,0
LA_D_1237599,0,3.094004e-05,0
LA_D_1256292,0,0.00010398611,0
LA_D_1270346,0,0.00044405367,0
LA_D_1270417,0,0.00045698692,0
LA_D_1280798,0,9.374124e-05,0
LA_D_1291887,0,0.00063192187,0
LA_D_1315381,0,0.00021864216,0
LA_D_1339032,0,0.00019527342,0
LA_D_1439434,0,0.0011494171,0
LA_D_1448603,0,0.00028597534,0
LA_D_1477965,0,5.047288e-05,0
LA_D_1479340,0,0.00024606293,0
LA_D_1481342,0,0.00023308408,0
LA_D_1524492,0,4.0687282e-05,0
LA_D_1530598,0,0.00086130726,0
LA_D_1535691,0,8.043319e-05,0
LA_D_1571034,0,7.0681184e-05,0
LA_D_1589086,0,9.525465e-05,0
LA_D_1683514,0,0.00015779577,0
LA_D_1712490,0,0.00011271598,0
LA_D_1733932,0,8.0584956e-05,0
LA_D_1771062,0,0.0006892295,0
LA_D_1804548,0,0.000138329,0
LA_D_1827759,0,4.969752e-05,0
LA_D_1834417,0,0.00065821805,0
LA_D_1851125,0,0.00041618056,0
LA_D_1853465,0,0.00017768516,0
LA_D_1920181,0,0.00020433794,0
LA_D_1923158,0,7.200486e-05,0
LA_D_1984046,0,1.4531056e-05,0
LA_D_1987281,0,0.00017635222,0
LA_D_2001766,0,0.0003717037,0
LA_D_2028101,0,0.00015326763,0
LA_D_2058414,0,4.9853163e-05,0
LA_D_2062199,0,0.000106423584,0
LA_D_2065118,0,0.0002214337,0
LA_D_2085717,0,5.8673068e-05,0
LA_D_2092113,0,0.00011411172,0
LA_D_2119647,0,4.6236433e-05,0
LA_D_2146561,0,0.000118457,0
LA_D_2155785,0,0.0007390804,0
LA_D_2156294,0,0.001019111,0
LA_D_2165573,0,0.00034418004,0
LA_D_2174474,0,0.00032844863,0
LA_D_2189477,0,8.564162e-05,0
LA_D_2199197,0,0.0002902527,0
LA_D_2221985,0,0.0010984637,0
LA_D_2240941,0,0.00020688964,0
LA_D_2248830,0,0.00049247214,0
LA_D_2258297,0,0.00038679986,0
LA_D_2262952,0,0.006158494,0
LA_D_2276174,0,0.00011274404,0
LA_D_2290215,0,0.0002546184,0
LA_D_2323323,0,0.00015804693,0
LA_D_2334671,0,7.8820965e-05,0
LA_D_2357913,0,4.0899453e-05,0
LA_D_2363887,0,0.00063985767,0
LA_D_2379173,0,0.00020986209,0
LA_D_2423635,0,0.0003351184,0
LA_D_2460718,0,3.3009892e-05,0
LA_D_2468069,0,7.6377655e-05,0
LA_D_2477292,0,3.0354817e-05,0
LA_D_2488744,0,0.00020115256,0
LA_D_2523101,0,0.000668023,0
LA_D_2541020,0,0.00026375783,0
LA_D_2541924,0,0.00013624274,0
LA_D_2555710,0,0.00042361347,0
LA_D_2582795,0,1.5333562e-05,0
LA_D_2611575,0,6.23114e-05,0
LA_D_2626790,0,0.0015799266,0
LA_D_2630658,0,0.00012367129,0
LA_D_2636307,0,0.00053206214,0
LA_D_2640062,0,8.7312124e-05,0
LA_D_2652849,0,0.00010893804,0
LA_D_2678908,0,0.00041812734,0
LA_D_2684315,0,0.0011022877,0
LA_D_2695337,0,0.00011020773,0
LA_D_2701625,0,0.00013968853,0
LA_D_2713544,0,0.0006547066,0
LA_D_2715910,0,0.00012906863,0
LA_D_2720839,0,1.1263603e-05,0
LA_D_2739363,0,0.00010392633,0
LA_D_2756089,0,0.0010731637,0
LA_D_2780356,0,0.00031497804,0
LA_D_2872987,0,0.00056050316,0
LA_D_2901382,0,0.00019076842,0
LA_D_2905167,0,9.381575e-05,0
LA_D_2926242,0,0.00021288227,0
LA_D_2943083,0,0.00020264952,0
LA_D_2952547,0,0.0005527947,0
LA_D_2991323,0,0.00046527432,0
LA_D_3035838,0,0.0003208478,0
LA_D_3056980,0,6.317899e-05,0
LA_D_3164600,0,0.0002964222,0
LA_D_3167097,0,7.993899e-05,0
LA_D_3175070,0,0.00015159932,0
LA_D_3188700,0,3.057588e-05,0
LA_D_3238483,0,0.00019874852,0
LA_D_3245212,0,0.000918078,0
LA_D_3258575,0,0.00011069939,0
LA_D_3259757,0,0.0007688261,0
LA_D_3270078,0,0.00011569186,0
LA_D_3286719,0,0.000104701605,0
LA_D_3294926,0,0.00022127836,0
LA_D_3298138,0,9.7453645e-05,0
LA_D_3337137,0,0.00034335908,0
LA_D_3354072,0,0.00023636941,0
LA_D_3376284,0,0.00045192105,0
LA_D_3381710,0,6.493645e-05,0
LA_D_3389487,0,0.0001448081,0
LA_D_3399382,0,7.6255244e-05,0
LA_D_3421665,0,9.939043e-05,0
LA_D_3451731,0,0.00010538162,0
LA_D_3453999,0,5.3675947e-05,0
LA_D_3462084,0,0.00028761895,0
LA_D_3471536,0,3.7012145e-05,0
LA_D_3509760,0,2.0608559e-05,0
LA_D_3513451,0,0.00018258409,0
LA_D_3526960,0,7.268661e-05,0
LA_D_3555608,0,0.00014506197,0
LA_D_3571417,0,0.00080276065,0
LA_D_3583295,0,6.92781e-05,0
LA_D_3636635,0,0.00033081626,0
LA_D_3685242,0,0.0001407711,0
LA_D_3720534,0,0.0001919147,0
LA_D_3722091,0,0.0002929924,0
LA_D_3776262,0,0.00027837843,0
LA_D_3789337,0,5.7226436e-05,0
LA_D_3804888,0,0.00021902837,0
LA_D_3813299,0,0.00018160483,0
LA_D_3857047,0,0.00014138424,0
LA_D_3868260,0,1.737767e-05,0
LA_D_3891253,0,0.00012431508,0
LA_D_3909261,0,0.00010040437,0
LA_D_3921577,0,0.00014592684,0
LA_D_3945733,0,0.0001307329,0
LA_D_3957900,0,8.3250285e-05,0
LA_D_3983564,0,0.00012738172,0
LA_D_4012901,0,0.0003879361,0
LA_D_4020557,0,8.5129956e-05,0
LA_D_4043310,0,0.00074139604,0
LA_D_4054212,0,0.00017719263,0
LA_D_4075904,0,0.00025893174,0
LA_D_4077124,0,0.00072996266,0
LA_D_4083104,0,3.8491624e-05,0
LA_D_4164462,0,0.00035264244,0
LA_D_4211607,0,0.00031884408,0
LA_D_4288295,0,0.00010815955,0
LA_D_4326285,0,0.0001311118,0
LA_D_4349901,0,1.8148554e-05,0
LA_D_4374092,0,0.0005291743,0
LA_D_4384865,0,0.0001580849,0
LA_D_4448415,0,0.00022165442,0
LA_D_4450385,0,0.00014949733,0
LA_D_4471866,0,6.494191e-05,0
LA_D_4491035,0,0.00023721808,0
LA_D_4492917,0,0.00028135485,0
LA_D_4518306,0,0.0001450895,0
LA_D_4568137,0,0.000132127,0
LA_D_4568479,0,0.00023285173,0
LA_D_4638852,0,0.002973248,0
LA_D_4644231,0,0.00011124775,0
LA_D_4657828,0,0.00014779787,0
LA_D_4669566,0,0.0011045451,0
LA_D_4673983,0,0.00033252814,0
LA_D_4687925,0,0.00031762928,0
LA_D_4698873,0,0.00015944404,0
LA_D_4737548,0,0.007092623,0
LA_D_4743198,0,0.00017275117,0
LA_D_4756592,0,0.00017618616,0
LA_D_4763639,0,0.00028295084,0
LA_D_4769876,0,0.00021318857,0
LA_D_4811715,0,0.00020430423,0
LA_D_4839100,0,0.00012181036,0
LA_D_4846581,0,0.00022964417,0
LA_D_4857618,0,2.8296614e-05,0
LA_D_4894666,0,0.00028046864,0
LA_D_4899911,0,0.00010839733,0
LA_D_4907586,0,8.894741e-05,0
LA_D_4910423,0,0.00044250584,0
LA_D_4912447,0,0.00026679336,0
LA_D_4943344,0,0.000104914485,0
LA_D_5125866,0,0.0002089542,0
LA_D_5125915,0,0.00018759517,0
LA_D_5135845,0,0.00023541352,0
LA_D_5150969,0,0.00025073456,0
LA_D_5157831,0,2.2333932e-05,0
LA_D_5183182,0,0.00020339576,0
LA_D_5184938,0,0.00014867084,0
LA_D_5185211,0,0.000147183,0
LA_D_5185636,0,0.00055171724,0
LA_D_5373686,0,0.00022870416,0
LA_D_5383356,0,0.00012655383,0
LA_D_5407666,0,0.00050232216,0
LA_D_5417349,0,0.00014179523,0
LA_D_5424569,0,0.0014437105,0
LA_D_5429318,0,9.699324e-05,0
LA_D_5478942,0,0.00012667518,0
LA_D_5491435,0,0.0004970493,0
LA_D_5550937,0,0.0001759483,0
LA_D_5552513,0,0.0002204022,0
LA_D_5553801,0,0.00018713265,0
LA_D_5582646,0,0.000121532146,0
LA_D_5599192,0,8.58079e-05,0
LA_D_5602862,0,0.00026784264,0
LA_D_5632375,0,0.0002951011,0
LA_D_5644302,0,0.00018692651,0
LA_D_5654919,0,0.00010713737,0
LA_D_5660762,0,0.00041946012,0
LA_D_5685501,0,9.9933364e-05,0
LA_D_5697877,0,4.1882973e-05,0
LA_D_5706460,0,0.0004110346,0
LA_D_5724074,0,0.00037902704,0
LA_D_5724578,0,0.00080859853,0
LA_D_5740428,0,0.00012462484,0
LA_D_5756708,0,0.00018071679,0
LA_D_5773268,0,0.00022381356,0
LA_D_5819674,0,4.3875567e-05,0
LA_D_5869004,0,0.00017082733,0
LA_D_5875644,0,7.344517e-05,0
LA_D_5918359,0,0.00014440011,0
LA_D_5947954,0,0.00019342478,0
LA_D_5950186,0,0.00020949602,0
LA_D_5953245,0,0.00021981627,0
LA_D_5977899,0,0.00092280604,0
LA_D_5986355,0,4.9744365e-05,0
LA_D_6038555,0,5.4135722e-05,0
LA_D_6045918,0,0.00048340327,0
LA_D_6049599,0,0.00056147046,0
LA_D_6052877,0,0.00017935173,0
LA_D_6068979,0,5.8918366e-05,0
LA_D_6097940,0,8.01398e-05,0
LA_D_6102211,0,0.0010247657,0
LA_D_6115491,0,0.00011440567,0
LA_D_6205878,0,0.00032892526,0
LA_D_6229436,0,0.00016081854,0
LA_D_6239095,0,0.00032789144,0
LA_D_6276053,0,7.495329e-05,0
LA_D_6358331,0,0.00065913703,0
LA_D_6395285,0,0.00028947118,0
LA_D_6417123,0,9.6099306e-05,0
LA_D_6418703,0,6.8250694e-05,0
LA_D_6451019,0,0.0008507675,0
LA_D_6513075,0,3.848828e-05,0
LA_D_6522721,0,0.00028646927,0
LA_D_6530557,0,9.780443e-05,0
LA_D_6564234,0,6.6187204e-06,0
LA_D_6606510,0,0.0001107752,0
LA_D_6618107,0,0.0002171341,0
LA_D_6622995,0,0.0001717398,0
LA_D_6642731,0,7.282794e-05,0
LA_D_6644436,0,0.00032577728,0
LA_D_6689794,0,0.00026076037,0
LA_D_6707130,0,5.2772764e-05,0
LA_D_6878658,0,9.7475204e-05,0
LA_D_6896770,0,9.999485e-05,0
LA_D_6906000,0,0.00062715396,0
LA_D_6906145,0,0.0002651355,0
LA_D_6907717,0,0.00017237618,0
LA_D_6919695,0,3.6754187e-05,0
LA_D_6921894,0,0.00014845407,0
LA_D_6983042,0,0.00011896367,0
LA_D_6993529,0,3.2342377e-05,0
LA_D_6994743,0,0.00016599795,0
LA_D_7031980,0,0.00028939088,0
LA_D_7037996,0,0.00013698317,0
LA_D_7074811,0,6.574184e-05,0
LA_D_7079132,0,2.6695403e-05,0
LA_D_7088960,0,3.95525e-05,0
LA_D_7122033,0,0.00018395254,0
LA_D_7129140,0,0.00018141393,0
LA_D_7134776,0,9.794798e-05,0
LA_D_7155652,0,0.0009667294,0
LA_D_7178750,0,9.795462e-05,0
LA_D_7186071,0,0.00022480097,0
LA_D_7193593,0,0.00016069468,0
LA_D_7237966,0,0.00036471087,0
LA_D_7256380,0,7.442205e-05,0
LA_D_7295279,0,0.00017513064,0
LA_D_7297734,0,0.00088506704,0
LA_D_7343925,0,7.7270684e-05,0
LA_D_7391671,0,8.418465e-05,0
LA_D_7417508,0,1.4844129e-05,0
LA_D_7418649,0,0.0002010199,0
LA_D_7467500,0,8.041524e-05,0
LA_D_7488110,0,0.00014972215,0
LA_D_7500010,0,0.00030435465,0
LA_D_7500339,0,0.00092543376,0
LA_D_7511798,0,0.00029231218,0
LA_D_7520730,0,5.3006643e-05,0
LA_D_7570804,0,9.4362505e-05,0
LA_D_7602591,0,0.0004338012,0
LA_D_7657866,0,0.0010129166,0
LA_D_7684671,0,0.0001113524,0
LA_D_7691905,0,1.60495e-05,0
LA_D_7694898,0,3.6822563e-05,0
LA_D_7695245,0,9.788234e-05,0
LA_D_7696325,0,0.000105057035,0
LA_D_7697979,0,6.331457e-05,0
LA_D_7698904,0,7.447217e-05,0
LA_D_7714709,0,9.5486546e-05,0
LA_D_7735407,0,6.1487204e-05,0
LA_D_7741103,0,0.00017392497,0
LA_D_7756924,0,0.00018530911,0
LA_D_7775202,0,7.932806e-05,0
LA_D_7859058,0,0.00014198438,0
LA_D_7861316,0,0.0002869621,0
LA_D_7869040,0,3.62664e-05,0
LA_D_7874416,0,0.00032911313,0
LA_D_7885495,0,7.920153e-05,0
LA_D_7893523,0,0.00020455604,0
LA_D_7913083,0,6.304393e-05,0
LA_D_7916461,0,0.00011423801,0
LA_D_7951172,0,0.00015289527,0
LA_D_7976262,0,8.1799575e-05,0
LA_D_8054775,0,0.00015062814,0
LA_D_8062490,0,0.00016362625,0
LA_D_8085552,0,0.0006183977,0
LA_D_8113811,0,8.392318e-05,0
LA_D_8115950,0,1.7344839e-05,0
LA_D_8122305,0,0.0006825608,0
LA_D_8151925,0,8.009496e-05,0
LA_D_8177955,0,0.00015952677,0
LA_D_8182521,0,0.000100393256,0
LA_D_8226216,0,0.0001335799,0
LA_D_8241089,0,8.1674014e-05,0
LA_D_8247445,0,0.00027266756,0
LA_D_8252463,0,8.279191e-05,0
LA_D_8321086,0,0.00021072567,0
LA_D_8337491,0,0.00046695265,0
LA_D_8369078,0,7.089443e-05,0
LA_D_8392069,0,0.0003047138,0
LA_D_8424077,0,0.0001460648,0
LA_D_8425122,0,9.628329e-05,0
LA_D_8488579,0,0.00013320595,0
LA_D_8536703,0,5.059432e-05,0
LA_D_8580767,0,5.0715615e-05,0
LA_D_8585377,0,0.00027201686,0
LA_D_8599073,0,0.00010042611,0
LA_D_8621180,0,0.00027194814,0
LA_D_8647244,0,0.00018803035,0
LA_D_8648380,0,4.60811e-05,0
LA_D_8688194,0,0.00020095128,0
LA_D_8752297,0,0.00016466992,0
LA_D_8756258,0,9.014627e-05,0
LA_D_8767891,0,0.00013404843,0
LA_D_8773807,0,0.00065150816,0
LA_D_8841902,0,0.018340224,0
LA_D_8872215,0,4.6770772e-05,0
LA_D_8880907,0,0.0009524072,0
LA_D_8909743,0,0.0010053149,0
LA_D_8933929,0,0.0007028449,0
LA_D_8941450,0,0.00012079918,0
LA_D_8953865,0,0.00028227668,0
LA_D_8972643,0,0.0013798112,0
LA_D_8976301,0,0.00050228596,0
LA_D_9015599,0,0.00016011515,0
LA_D_9048728,0,5.7027537e-05,0
LA_D_9063449,0,0.00012887777,0
LA_D_9073257,0,0.00040904246,0
LA_D_9094987,0,0.022606552,0
LA_D_9165968,0,0.000113243885,0
LA_D_9178120,0,0.00010734495,0
LA_D_9204853,0,0.0007745942,0
LA_D_9221421,0,8.8463894e-05,0
LA_D_9224553,0,0.0001933147,0
LA_D_9256084,0,0.000115018556,0
LA_D_9265055,0,0.0005506489,0
LA_D_9270193,0,0.00014892111,0
LA_D_9288062,0,0.00025249782,0
LA_D_9306263,0,0.00013315135,0
LA_D_9308998,0,0.00010098067,0
LA_D_9345040,0,0.0005426353,0
LA_D_9351534,0,0.0003416689,0
LA_D_9360638,0,0.00012415822,0
LA_D_9455176,0,0.0004924217,0
LA_D_9465852,0,0.0003238413,0
LA_D_9493396,0,0.0129753025,0
LA_D_9501828,0,0.00014139854,0
LA_D_9505222,0,0.00068439764,0
LA_D_9516346,0,0.0004850566,0
LA_D_9531069,0,9.6328484e-05,0
LA_D_9561723,0,5.3333024e-05,0
LA_D_9562925,0,3.8617956e-05,0
LA_D_9584720,0,5.8748312e-05,0
LA_D_9603877,0,0.00048174892,0
LA_D_9624479,0,0.0004950787,0
LA_D_9629615,0,4.3307722e-05,0
LA_D_9643315,0,7.864123e-05,0
LA_D_9674554,0,1.9287789e-05,0
LA_D_9698557,0,0.0001451731,0
LA_D_9700502,0,2.2386645e-05,0
LA_D_9724716,0,0.00020840902,0
LA_D_9738955,0,0.00011783624,0
LA_D_9773491,0,0.0001007187,0
LA_D_9825433,0,0.00011296831,0
LA_D_9845428,0,7.116264e-05,0
LA_D_9882045,0,0.00014950588,0
LA_D_9883728,0,0.00026467833,0
LA_D_9925097,0,8.672082e-05,0
LA_D_9934925,0,0.000377247,0
LA_D_9962471,0,6.846222e-05,0
LA_D_9964695,0,6.4477616e-05,0
LA_D_1000752,0,5.1242845e-05,0
LA_D_1011897,0,1.5731472e-05,0
LA_D_1031999,0,4.5396395e-05,0
LA_D_1046296,0,9.3534545e-05,0
LA_D_1054756,0,0.00016645885,0
LA_D_1081164,0,2.1537793e-05,0
LA_D_1123453,0,9.2302405e-05,0
LA_D_1171425,0,0.00011096339,0
LA_D_1179445,0,8.527256e-05,0
LA_D_1244678,0,0.00010413705,0
LA_D_1271468,0,4.479956e-05,0
LA_D_1279578,0,6.742499e-05,0
LA_D_1314423,0,8.4443534e-05,0
LA_D_1369463,0,2.9636458e-05,0
LA_D_1417565,0,0.00019051338,0
LA_D_1454955,0,0.00025271068,0
LA_D_1472719,0,7.8213365e-05,0
LA_D_1495339,0,2.2634329e-05,0
LA_D_1518141,0,0.00013094486,0
LA_D_1527843,0,4.824547e-05,0
LA_D_1531229,0,9.91916e-06,0
LA_D_1540639,0,4.8546146e-05,0
LA_D_1590758,0,4.55845e-05,0
LA_D_1600157,0,2.7258071e-05,0
LA_D_1607304,0,0.00014856397,0
LA_D_1629379,0,2.7755066e-05,0
LA_D_1674536,0,0.00022384667,0
LA_D_1685139,0,1.821213e-05,0
LA_D_1723129,0,4.1413838e-05,0
LA_D_1728557,0,2.2937218e-05,0
LA_D_1759608,0,0.00020328251,0
LA_D_1798555,0,3.392991e-05,0
LA_D_1812724,0,5.1414947e-05,0
LA_D_1828356,0,0.00024211347,0
LA_D_1840120,0,7.800407e-05,0
LA_D_1847944,0,0.00010133942,0
LA_D_1848349,0,0.00025582686,0
LA_D_1893786,0,5.16837e-05,0
LA_D_1900218,0,0.00037701434,0
LA_D_1907731,0,9.0556205e-05,0
LA_D_1909708,0,4.0942145e-05,0
LA_D_1924724,0,6.505279e-05,0
LA_D_1929031,0,4.4600743e-05,0
LA_D_1969657,0,5.9905695e-05,0
LA_D_1975824,0,5.2171905e-05,0
LA_D_1977942,0,7.587516e-05,0
LA_D_2079731,0,7.708801e-05,0
LA_D_2103518,0,0.000103320315,0
LA_D_2120805,0,0.00013531212,0
LA_D_2130196,0,3.5233934e-05,0
LA_D_2184798,0,0.00015545035,0
LA_D_2188353,0,0.0003176508,0
LA_D_2217221,0,0.00016216266,0
LA_D_2225574,0,9.072424e-05,0
LA_D_2293379,0,3.9718843e-06,0
LA_D_2295230,0,0.00014275654,0
LA_D_2357497,0,3.199279e-05,0
LA_D_2369549,0,1.1421147e-05,0
LA_D_2414625,0,9.6127165e-05,0
LA_D_2427111,0,7.8293735e-05,0
LA_D_2432615,0,3.485373e-05,0
LA_D_2433056,0,3.439323e-05,0
LA_D_2499680,0,0.00019845537,0
LA_D_2504571,0,0.0001262465,0
LA_D_2541236,0,2.7562119e-05,0
LA_D_2628460,0,5.4952645e-05,0
LA_D_2628819,0,4.8220307e-05,0
LA_D_2636579,0,1.756806e-05,0
LA_D_2657707,0,7.705795e-05,0
LA_D_2660514,0,8.6985776e-05,0
LA_D_2722401,0,7.727886e-05,0
LA_D_2810734,0,0.000105765794,0
LA_D_2816308,0,6.01523e-05,0
LA_D_2850456,0,0.000103365455,0
LA_D_2859709,0,8.3525345e-05,0
LA_D_2867530,0,1.969519e-05,0
LA_D_2882773,0,0.00045679312,0
LA_D_2885606,0,7.125045e-05,0
LA_D_2921952,0,8.761831e-05,0
LA_D_2950326,0,6.659734e-05,0
LA_D_2971299,0,0.00011236174,0
LA_D_2981561,0,1.570702e-05,0
LA_D_2981790,0,8.7173525e-05,0
LA_D_3014327,0,8.269265e-05,0
LA_D_3057414,0,4.460202e-05,0
LA_D_3077475,0,4.2246207e-05,0
LA_D_3087310,0,1.650924e-05,0
LA_D_3101861,0,9.958235e-05,0
LA_D_3118362,0,7.1802795e-05,0
LA_D_3189890,0,3.8994986e-05,0
LA_D_3230643,0,9.461678e-05,0
LA_D_3269593,0,1.4107836e-05,0
LA_D_3312747,0,0.00013675739,0
LA_D_3377038,0,0.0001330777,0
LA_D_3399798,0,4.7178142e-05,0
LA_D_3441226,0,1.1469423e-05,0
LA_D_3496584,0,6.516592e-05,0
LA_D_3547584,0,3.417688e-05,0
LA_D_3569855,0,4.699387e-05,0
LA_D_3588628,0,9.928746e-05,0
LA_D_3634368,0,0.0002557883,0
LA_D_3642434,0,0.00013917348,0
LA_D_3662875,0,0.00014562022,0
LA_D_3721304,0,0.00015745685,0
LA_D_3736436,0,2.8487197e-05,0
LA_D_3742795,0,3.4264536e-05,0
LA_D_3743022,0,6.860018e-05,0
LA_D_3753747,0,3.3411157e-05,0
LA_D_3775667,0,2.719544e-05,0
LA_D_3780562,0,0.00013443963,0
LA_D_3783520,0,5.570264e-05,0
LA_D_3785236,0,7.914627e-05,0
LA_D_3803714,0,7.59758e-05,0
LA_D_3991844,0,6.974702e-05,0
LA_D_4015488,0,1.7056665e-05,0
LA_D_4039179,0,5.5561623e-06,0
LA_D_4073939,0,8.702685e-05,0
LA_D_4119404,0,0.00014425463,0
LA_D_4121278,0,0.00026015495,0
LA_D_4131978,0,4.0755942e-05,0
LA_D_4132005,0,0.0001649896,0
LA_D_4181484,0,0.00035293048,0
LA_D_4239546,0,5.900501e-05,0
LA_D_4243835,0,3.9515096e-05,0
LA_D_4396214,0,0.00021704593,0
LA_D_4397064,0,2.5693194e-05,0
LA_D_4458062,0,0.00011028227,0
LA_D_4474720,0,7.1850875e-05,0
LA_D_4491910,0,4.1272968e-05,0
LA_D_4509357,0,1.8527933e-05,0
LA_D_4538751,0,0.00012963293,0
LA_D_4562819,0,7.081841e-05,0
LA_D_4580639,0,5.962028e-05,0
LA_D_4599790,0,0.000119192926,0
LA_D_4694886,0,5.5368575e-05,0
LA_D_4699456,0,5.212049e-05,0
LA_D_4754875,0,0.00014315364,0
LA_D_4801414,0,6.690581e-05,0
LA_D_4835906,0,8.860151e-05,0
LA_D_4871506,0,0.00010963501,0
LA_D_4872589,0,0.00014662032,0
LA_D_4887466,0,8.940943e-05,0
LA_D_4924355,0,5.4546916e-05,0
LA_D_4925465,0,2.4330617e-05,0
LA_D_4929440,0,0.00010530397,0
LA_D_4935985,0,4.324227e-05,0
LA_D_4940984,0,0.00011321948,0
LA_D_4953037,0,1.4435697e-05,0
LA_D_4978565,0,5.373669e-05,0
LA_D_5012472,0,3.326726e-05,0
LA_D_5042622,0,0.0001788067,0
LA_D_5148813,0,0.00010348311,0
LA_D_5194683,0,9.136906e-05,0
LA_D_5203690,0,9.043652e-05,0
LA_D_5238810,0,8.283234e-05,0
LA_D_5287056,0,0.00012815266,0
LA_D_5308866,0,0.00017117364,0
LA_D_5323426,0,6.396959e-05,0
LA_D_5330909,0,5.8740075e-05,0
LA_D_5380020,0,4.5267698e-05,0
LA_D_5442160,0,3.803058e-05,0
LA_D_5450980,0,9.3464376e-05,0
LA_D_5474605,0,6.612942e-05,0
LA_D_5514689,0,2.3748207e-05,0
LA_D_5542976,0,3.6492598e-05,0
LA_D_5561180,0,3.736665e-05,0
LA_D_5579170,0,0.00014527308,0
LA_D_5626492,0,0.00014474019,0
LA_D_5644446,0,3.6440251e-06,0
LA_D_5690727,0,0.00015657155,0
LA_D_5693207,0,1.9735277e-05,0
LA_D_5700704,0,0.00016009927,0
LA_D_5717327,0,9.8710756e-05,0
LA_D_5755194,0,8.2167884e-05,0
LA_D_5767805,0,0.00010319202,0
LA_D_5788523,0,2.9584222e-05,0
LA_D_5806432,0,6.481996e-05,0
LA_D_5859057,0,7.885458e-05,0
LA_D_5863762,0,6.7504516e-05,0
LA_D_5871402,0,5.0116138e-05,0
LA_D_5873604,0,8.720063e-05,0
LA_D_5897761,0,6.20827e-05,0
LA_D_5918498,0,5.312004e-05,0
LA_D_5932598,0,7.83068e-05,0
LA_D_5934154,0,5.7293597e-05,0
LA_D_5960511,0,0.00014645865,0
LA_D_5961603,0,1.1243297e-05,0
LA_D_5974456,0,0.00029074462,0
LA_D_5996371,0,0.00048265027,0
LA_D_6073207,0,7.341225e-05,0
LA_D_6097564,0,0.00020460325,0
LA_D_6099244,0,6.805923e-05,0
LA_D_6198361,0,0.00012747261,0
LA_D_6246382,0,0.00021120501,0
LA_D_6252373,0,1.8563605e-05,0
LA_D_6271997,0,9.518962e-05,0
LA_D_6346227,0,1.1150739e-05,0
LA_D_6367384,0,0.00021116374,0
LA_D_6373288,0,9.1725145e-05,0
LA_D_6407830,0,5.955562e-05,0
LA_D_6472939,0,3.646094e-05,0
LA_D_6516575,0,7.027639e-05,0
LA_D_6516814,0,4.692365e-05,0
LA_D_6520063,0,1.778379e-05,0
LA_D_6568228,0,2.5561589e-05,0
LA_D_6575380,0,5.545411e-06,0
LA_D_6612646,0,0.00025423613,0
LA_D_6626918,0,5.2194e-05,0
LA_D_6694820,0,0.00010173436,0
LA_D_6717975,0,0.00013423724,0
LA_D_6738889,0,3.2137064e-05,0
LA_D_6766548,0,0.000107622196,0
LA_D_6830608,0,7.601044e-05,0
LA_D_6936838,0,3.945079e-05,0
LA_D_6971712,0,7.754964e-05,0
LA_D_6979806,0,0.0001125245,0
LA_D_7031958,0,2.9750976e-05,0
LA_D_7063977,0,0.00010825561,0
LA_D_7127082,0,0.00012562385,0
LA_D_7130895,0,0.00034213535,0
LA_D_7133142,0,2.5368865e-05,0
LA_D_7219088,0,3.3824075e-05,0
LA_D_7246488,0,6.917465e-05,0
LA_D_7284760,0,1.1417009e-05,0
LA_D_7330298,0,3.5251007e-05,0
LA_D_7342764,0,9.423958e-05,0
LA_D_7419811,0,8.332153e-05,0
LA_D_7427303,0,8.9822184e-05,0
LA_D_7429028,0,4.5950503e-05,0
LA_D_7438016,0,0.00013308748,0
LA_D_7477006,0,2.4818271e-05,0
LA_D_7511640,0,6.9766436e-05,0
LA_D_7551987,0,2.0686692e-05,0
LA_D_7608750,0,0.00015324396,0
LA_D_7608776,0,0.00015077385,0
LA_D_7630499,0,0.0001005083,0
LA_D_7643950,0,4.947796e-05,0
LA_D_7724545,0,0.00013372033,0
LA_D_7740262,0,7.071408e-05,0
LA_D_7772989,0,0.00026584373,0
LA_D_7813614,0,1.3140735e-05,0
LA_D_7862876,0,0.00022085871,0
LA_D_7866293,0,0.00016957577,0
LA_D_7922604,0,8.941966e-05,0
LA_D_7962163,0,3.899532e-05,0
LA_D_7984251,0,0.00011134581,0
LA_D_7986044,0,3.993099e-05,0
LA_D_7992518,0,6.736355e-05,0
LA_D_8063205,0,0.00019853373,0
LA_D_8113228,0,0.00013436555,0
LA_D_8169185,0,4.0711344e-05,0
LA_D_8169310,0,4.6244506e-05,0
LA_D_8205041,0,0.00019268313,0
LA_D_8234296,0,0.00015070688,0
LA_D_8249434,0,8.038757e-05,0
LA_D_8270568,0,5.6313867e-05,0
LA_D_8285541,0,7.028932e-05,0
LA_D_8310930,0,5.716671e-05,0
LA_D_8322404,0,8.182197e-05,0
LA_D_8338331,0,4.7126346e-06,0
LA_D_8381871,0,9.542247e-05,0
LA_D_8400810,0,6.927863e-05,0
LA_D_8438420,0,5.578514e-05,0
LA_D_8468186,0,0.00020889763,0
LA_D_8482937,0,1.6519036e-05,0
LA_D_8558362,0,8.630619e-05,0
LA_D_8572188,0,1.9932782e-05,0
LA_D_8582702,0,4.1628446e-05,0
LA_D_8632409,0,6.9382826e-05,0
LA_D_8655539,0,0.00013260347,0
LA_D_8713797,0,2.959444e-05,0
LA_D_8735190,0,6.187819e-05,0
LA_D_8758676,0,2.9241182e-05,0
LA_D_8770785,0,1.2203332e-05,0
LA_D_8821382,0,0.00011548508,0
LA_D_8829502,0,2.380376e-05,0
LA_D_8939040,0,0.0001550372,0
LA_D_8957132,0,8.5661144e-05,0
LA_D_9012367,0,4.5201654e-05,0
LA_D_9050106,0,3.2015254e-05,0
LA_D_9053096,0,0.00011303458,0
LA_D_9092413,0,1.106542e-05,0
LA_D_9096116,0,0.000111342204,0
LA_D_9161942,0,2.9976476e-05,0
LA_D_9178575,0,4.2243188e-05,0
LA_D_9180824,0,6.2731495e-05,0
LA_D_9287624,0,2.4077957e-05,0
LA_D_9314868,0,6.3453226e-05,0
LA_D_9327657,0,0.00011649489,0
LA_D_9335121,0,5.4459804e-05,0
LA_D_9347638,0,5.346257e-05,0
LA_D_9351516,0,2.3476734e-05,0
LA_D_9478492,0,0.00010849652,0
LA_D_9482946,0,1.3573723e-05,0
LA_D_9493572,0,6.274185e-05,0
LA_D_9643882,0,0.0001882555,0
LA_D_9693082,0,1.0983563e-05,0
LA_D_9709000,0,0.00012975153,0
LA_D_9716462,0,6.833184e-05,0
LA_D_9717176,0,6.483306e-05,0
LA_D_9728878,0,0.00020014051,0
LA_D_9793079,0,5.278449e-05,0
LA_D_9883916,0,2.356902e-05,0
LA_D_9888091,0,6.983552e-05,0
LA_D_9896820,0,1.3603503e-05,0
LA_D_9949656,0,4.9539387e-05,0
LA_D_9980947,0,4.559058e-05,0
LA_D_9998252,0,6.940043e-05,0
LA_D_1034187,0,0.0012403824,0
LA_D_1051251,0,9.5586765e-05,0
LA_D_1083207,0,2.5556128e-05,0
LA_D_1107420,0,0.00019376923,0
LA_D_1163800,0,3.3922697e-05,0
LA_D_1207603,0,6.8841735e-05,0
LA_D_1215066,0,6.581881e-05,0
LA_D_1249171,0,0.00015914238,0
LA_D_1266569,0,0.0002119403,0
LA_D_1276848,0,7.157167e-05,0
LA_D_1295900,0,0.0001539377,0
LA_D_1298452,0,8.708819e-05,0
LA_D_1325774,0,1.035386e-05,0
LA_D_1339898,0,0.00016704653,0
LA_D_1381098,0,6.2512925e-05,0
LA_D_1399230,0,9.2500304e-05,0
LA_D_1415071,0,0.00016314238,0
LA_D_1522979,0,0.00010004235,0
LA_D_1533885,0,6.59097e-05,0
LA_D_1533909,0,0.00025019055,0
LA_D_1553275,0,1.4487165e-05,0
LA_D_1568415,0,0.00020758086,0
LA_D_1588199,0,7.307365e-05,0
LA_D_1647258,0,0.00012002175,0
LA_D_1679200,0,0.00038858235,0
LA_D_1687320,0,5.9084174e-05,0
LA_D_1722394,0,6.170884e-05,0
LA_D_1753198,0,2.5485573e-05,0
LA_D_1757233,0,0.00016593686,0
LA_D_1819222,0,0.00011944768,0
LA_D_1853874,0,0.0002250474,0
LA_D_1865483,0,5.335001e-05,0
LA_D_1866359,0,0.00033161705,0
LA_D_1891505,0,0.00015310578,0
LA_D_1973577,0,0.00012774565,0
LA_D_1989804,0,0.00025733575,0
LA_D_2017659,0,0.0006037879,0
LA_D_2041233,0,1.1765464e-05,0
LA_D_2075139,0,0.0002916538,0
LA_D_2076743,0,2.3016648e-05,0
LA_D_2081509,0,0.00015127486,0
LA_D_2139624,0,5.8357455e-05,0
LA_D_2192294,0,4.7625297e-05,0
LA_D_2211287,0,3.7705568e-06,0
LA_D_2212252,0,0.00020199997,0
LA_D_2220021,0,0.00017895202,0
LA_D_2256162,0,0.00014300247,0
LA_D_2287208,0,0.0001790464,0
LA_D_2293278,0,3.6555255e-05,0
LA_D_2299711,0,0.00012970266,0
LA_D_2352772,0,0.00030453637,0
LA_D_2375510,0,0.00021529237,0
LA_D_2378498,0,0.00010107199,0
LA_D_2391042,0,4.8059635e-05,0
LA_D_2405981,0,6.3454565e-05,0
LA_D_2434311,0,4.3221036e-05,0
LA_D_2462147,0,7.3159965e-05,0
LA_D_2509933,0,0.00010855384,0
LA_D_2548377,0,0.0012976384,0
LA_D_2571407,0,0.00024283477,0
LA_D_2578678,0,0.00044772023,0
LA_D_2582183,0,0.00013545051,0
LA_D_2588535,0,0.0002830488,0
LA_D_2605084,0,0.00012529282,0
LA_D_2623706,0,0.0014182223,0
LA_D_2626792,0,0.00020229779,0
LA_D_2648600,0,0.00011741451,0
LA_D_2650745,0,8.258146e-05,0
LA_D_2651974,0,7.565394e-05,0
LA_D_2667973,0,7.983196e-05,0
LA_D_2678873,0,0.0002905509,0
LA_D_2679440,0,0.00013861828,0
LA_D_2692975,0,0.00029832372,0
LA_D_2726583,0,0.00012198832,0
LA_D_2727449,0,7.2890056e-05,0
LA_D_2742354,0,3.0876457e-05,0
LA_D_2759665,0,5.245422e-05,0
LA_D_2765207,0,4.4296317e-05,0
LA_D_2818072,0,0.00018502856,0
LA_D_2844576,0,6.4879816e-05,0
LA_D_2875086,0,0.00017961326,0
LA_D_2887795,0,0.00036433415,0
LA_D_2929419,0,0.00013763705,0
LA_D_2936311,0,0.00020103675,0
LA_D_2943838,0,1.1000376e-05,0
LA_D_2959188,0,9.244864e-05,0
LA_D_2970993,0,0.00037933284,0
LA_D_2984009,0,0.00012924636,0
LA_D_2998440,0,5.781164e-05,0
LA_D_3003086,0,0.00017777344,0
LA_D_3020494,0,9.982231e-05,0
LA_D_3036353,0,0.00014733184,0
LA_D_3089136,0,0.00023105308,0
LA_D_3128305,0,0.00017856833,0
LA_D_3143433,0,6.403899e-05,0
LA_D_3301789,0,5.403293e-05,0
LA_D_3307272,0,0.00017090194,0
LA_D_3355462,0,0.00026719607,0
LA_D_3391776,0,2.6947833e-05,0
LA_D_3420026,0,0.00014619705,0
LA_D_3440170,0,6.849821e-05,0
LA_D_3449640,0,0.00024918618,0
LA_D_3468544,0,0.00020756322,0
LA_D_3490330,0,0.00023830734,0
LA_D_3512693,0,8.52876e-05,0
LA_D_3605545,0,0.00014087664,0
LA_D_3611882,0,0.00033714029,0
LA_D_3616666,0,0.0002806385,0
LA_D_3624723,0,0.00021874289,0
LA_D_3648882,0,6.5953514e-05,0
LA_D_3656689,0,8.755959e-06,0
LA_D_3663936,0,0.00024418693,0
LA_D_3673853,0,0.00010535459,0
LA_D_3673912,0,0.00023231286,0
LA_D_3690958,0,0.0001556215,0
LA_D_3703786,0,0.00020407353,0
LA_D_3736756,0,0.00011665719,0
LA_D_3747521,0,0.0013283348,0
LA_D_3758762,0,0.00010707016,0
LA_D_3759938,0,3.8980263e-05,0
LA_D_3792822,0,0.00018543143,0
LA_D_3903108,0,0.00013559783,0
LA_D_3905736,0,9.89223e-05,0
LA_D_3954480,0,3.2613476e-05,0
LA_D_4025022,0,0.000120445606,0
LA_D_4053532,0,2.1222133e-05,0
LA_D_4061958,0,4.864212e-05,0
LA_D_4071634,0,0.00022030472,0
LA_D_4100744,0,0.00011808821,0
LA_D_4168975,0,7.4745374e-05,0
LA_D_4169964,0,4.0828414e-05,0
LA_D_4194978,0,0.0005038216,0
LA_D_4207969,0,1.6571705e-05,0
LA_D_4222295,0,0.00010741807,0
LA_D_4223747,0,0.00016338461,0
LA_D_4225288,0,0.00028029567,0
LA_D_4228834,0,0.00013885455,0
LA_D_4237630,0,0.0007024207,0
LA_D_4250751,0,0.00011914735,0
LA_D_4309364,0,0.00011651023,0
LA_D_4319399,0,0.00015559731,0
LA_D_4392265,0,6.382184e-05,0
LA_D_4407621,0,3.9828843e-05,0
LA_D_4451070,0,2.4533885e-05,0
LA_D_4453435,0,0.00017385684,0
LA_D_4463629,0,8.292227e-05,0
LA_D_4468314,0,0.00020993753,0
LA_D_4469593,0,0.00022370988,0
LA_D_4502659,0,6.219363e-06,0
LA_D_4505651,0,9.702192e-05,0
LA_D_4535371,0,0.00017625255,0
LA_D_4540421,0,0.00011568623,0
LA_D_4565179,0,5.243996e-05,0
LA_D_4583644,0,1.48845e-05,0
LA_D_4593608,0,7.63114e-05,0
LA_D_4609361,0,3.0050665e-05,0
LA_D_4620216,0,5.174465e-05,0
LA_D_4667765,0,0.00015469003,0
LA_D_4679758,0,6.929812e-05,0
LA_D_4698819,0,0.0004162734,0
LA_D_4699141,0,0.00067564164,0
LA_D_4703715,0,7.069156e-05,0
LA_D_4726778,0,4.3424094e-05,0
LA_D_4736704,0,0.00011788311,0
LA_D_4779224,0,0.00015846039,0
LA_D_4819731,0,0.00015725217,0
LA_D_4822459,0,0.00017518125,0
LA_D_4828676,0,0.0002031523,0
LA_D_4843932,0,0.00022587934,0
LA_D_4845444,0,2.4386856e-05,0
LA_D_4847009,0,0.00045877427,0
LA_D_4866266,0,0.00026590633,0
LA_D_4872241,0,9.247031e-05,0
LA_D_4875383,0,0.00016585048,0
LA_D_4903487,0,8.842004e-05,0
LA_D_4907373,0,4.2089418e-05,0
LA_D_4907991,0,0.00013577948,0
LA_D_4919412,0,0.00010862633,0
LA_D_4925724,0,0.00033170872,0
LA_D_4947976,0,0.0002877155,0
LA_D_4984564,0,0.00024667507,0
LA_D_5036568,0,0.0002841693,0
LA_D_5041677,0,0.000108158005,0
LA_D_5107987,0,0.00036145718,0
LA_D_5127108,0,0.00016680078,0
LA_D_5183585,0,8.513126e-05,0
LA_D_5199254,0,9.596377e-05,0
LA_D_5220536,0,2.2752189e-05,0
LA_D_5246117,0,0.00019337996,0
LA_D_5298685,0,8.8210596e-05,0
LA_D_5302589,0,0.00016176453,0
LA_D_5311142,0,4.4196695e-05,0
LA_D_5312735,0,0.0003753164,0
LA_D_5350698,0,0.0002361086,0
LA_D_5395655,0,0.00030381858,0
LA_D_5422427,0,0.00030433375,0
LA_D_5428671,0,0.000352403,0
LA_D_5508105,0,0.00018465793,0
LA_D_5527964,0,0.00011815579,0
LA_D_5531351,0,0.00015839029,0
LA_D_5643160,0,0.00016145155,0
LA_D_5652696,0,0.00012561966,0
LA_D_5676887,0,0.00032691134,0
LA_D_5703244,0,0.0012444534,0
LA_D_5849020,0,0.00026487577,0
LA_D_5856680,0,5.181699e-05,0
LA_D_5891882,0,6.240756e-05,0
LA_D_5901688,0,3.307449e-05,0
LA_D_5954393,0,3.935842e-05,0
LA_D_5975126,0,0.00038169816,0
LA_D_5988160,0,0.00025830077,0
LA_D_5998276,0,0.00014534706,0
LA_D_6021802,0,0.00017078531,0
LA_D_6028588,0,0.0007731034,0
LA_D_6035174,0,6.9811096e-05,0
LA_D_6049417,0,0.00025805068,0
LA_D_6064017,0,0.00014589638,0
LA_D_6064137,0,8.0344114e-05,0
LA_D_6065588,0,0.00014626271,0
LA_D_6085907,0,0.0002510405,0
LA_D_6088419,0,0.00012534374,0
LA_D_6088722,0,0.00015971459,0
LA_D_6129434,0,0.00014717557,0
LA_D_6132418,0,6.730884e-05,0
LA_D_6137020,0,0.00023084343,0
LA_D_6161657,0,0.00021189323,0
LA_D_6165122,0,0.00018440455,0
LA_D_6191538,0,0.001391696,0
LA_D_6197749,0,0.00023916957,0
LA_D_6202014,0,4.5293997e-05,0
LA_D_6215628,0,0.00019203477,0
LA_D_6239988,0,0.0001784931,0
LA_D_6274651,0,0.00016050786,0
LA_D_6307332,0,5.0119008e-05,0
LA_D_6320723,0,1.6608774e-05,0
LA_D_6341295,0,0.00020657173,0
LA_D_6349595,0,6.4093125e-05,0
LA_D_6349615,0,0.00026477326,0
LA_D_6373250,0,0.00028776433,0
LA_D_6392761,0,0.000120865196,0
LA_D_6401070,0,7.4986536e-05,0
LA_D_6447915,0,0.00014452201,0
LA_D_6470710,0,0.00015380989,0
LA_D_6517297,0,0.00034274274,0
LA_D_6518612,0,0.0003712088,0
LA_D_6563560,0,0.00015056999,0
LA_D_6588338,0,0.00014293635,0
LA_D_6596195,0,0.0001152078,0
LA_D_6626302,0,0.00020604316,0
LA_D_6647418,0,0.0011616008,0
LA_D_6647671,0,0.00032906106,0
LA_D_6687518,0,0.00021004365,0
LA_D_6689676,0,5.957209e-05,0
LA_D_6694291,0,0.0001989011,0
LA_D_6709679,0,0.0002218502,0
LA_D_6748831,0,0.0001319764,0
LA_D_6754842,0,2.9101975e-05,0
LA_D_6767175,0,4.2367843e-05,0
LA_D_6773210,0,2.7839124e-05,0
LA_D_6800111,0,0.00028815278,0
LA_D_6805968,0,7.509567e-05,0
LA_D_6840802,0,0.00020113912,0
LA_D_6863099,0,1.6211665e-05,0
LA_D_6895001,0,0.00029824296,0
LA_D_6939321,0,0.000117490454,0
LA_D_6943350,0,0.00016267883,0
LA_D_6949242,0,0.00019382281,0
LA_D_6954032,0,0.00037133286,0
LA_D_6970271,0,0.00028483578,0
LA_D_7010965,0,0.0001359356,0
LA_D_7017874,0,0.00017169444,0
LA_D_7018861,0,0.000786059,0
LA_D_7022063,0,0.0001695654,0
LA_D_7069093,0,7.0375034e-05,0
LA_D_7074281,0,0.000110194494,0
LA_D_7093931,0,0.00012062214,0
LA_D_7094975,0,0.00013022215,0
LA_D_7110354,0,0.00014994617,0
LA_D_7128095,0,0.00023609596,0
LA_D_7236544,0,0.00014117974,0
LA_D_7295286,0,0.00023043684,0
LA_D_7296086,0,0.00012224614,0
LA_D_7314692,0,1.0959058e-05,0
LA_D_7328082,0,0.0007660402,0
LA_D_7353135,0,0.00026462082,0
LA_D_7373087,0,0.0002508149,0
LA_D_7381015,0,0.00021940607,0
LA_D_7383339,0,9.589142e-05,0
LA_D_7392284,0,1.9112249e-05,0
LA_D_7393784,0,7.4387564e-05,0
LA_D_7419068,0,0.00017303175,0
LA_D_7422452,0,4.3153952e-05,0
LA_D_7465949,0,0.000367994,0
LA_D_7468068,0,7.288992e-05,0
LA_D_7469185,0,0.00035178557,0
LA_D_7486262,0,0.00015436632,0
LA_D_7502627,0,5.1725805e-05,0
LA_D_7529130,0,0.00026960456,0
LA_D_7591714,0,0.00013687246,0
LA_D_7603396,0,0.00012590698,0
LA_D_7606763,0,6.642324e-05,0
LA_D_7649168,0,0.00019634471,0
LA_D_7653225,0,0.00022634414,0
LA_D_7657209,0,7.987496e-06,0
LA_D_7663030,0,7.884781e-05,0
LA_D_7694906,0,0.00022761211,0
LA_D_7695226,0,0.00022326475,0
LA_D_7712668,0,8.819243e-05,0
LA_D_7718596,0,0.00013757603,0
LA_D_7760227,0,8.064093e-05,0
LA_D_7813544,0,0.000113610986,0
LA_D_7870101,0,0.00015413658,0
LA_D_7875076,0,0.00016084278,0
LA_D_7878211,0,6.30799e-05,0
LA_D_7916377,0,0.00014792336,0
LA_D_7929797,0,0.00016367964,0
LA_D_7973563,0,5.5769824e-06,0
LA_D_7974256,0,7.914627e-05,0
LA_D_7992459,0,0.00012778319,0
LA_D_8081020,0,0.000116951465,0
LA_D_8083619,0,0.00014530438,0
LA_D_8085936,0,0.00045666468,0
LA_D_8100445,0,0.00019381875,0
LA_D_8106714,0,0.000119114186,0
LA_D_8120088,0,0.00015343227,0
LA_D_8123158,0,0.00020896316,0
LA_D_8128864,0,4.6717814e-05,0
LA_D_8150974,0,9.275504e-05,0
LA_D_8158595,0,5.4165102e-05,0
LA_D_8166014,0,0.00012845389,0
LA_D_8171872,0,0.00014679336,0
LA_D_8174961,0,4.9525403e-05,0
LA_D_8190422,0,0.0002401391,0
LA_D_8196432,0,8.868418e-05,0
LA_D_8212949,0,9.891645e-05,0
LA_D_8222349,0,0.0002472609,0
LA_D_8243403,0,8.331716e-05,0
LA_D_8244013,0,0.000102041085,0
LA_D_8258956,0,0.0001755707,0
LA_D_8289914,0,6.625225e-05,0
LA_D_8307153,0,0.00020560824,0
LA_D_8337935,0,9.069863e-05,0
LA_D_8339762,0,0.000121075595,0
LA_D_8376975,0,0.00017123633,0
LA_D_8433871,0,0.00021103975,0
LA_D_8443980,0,6.829185e-05,0
LA_D_8468320,0,0.00014483738,0
LA_D_8487885,0,0.00013119083,0
LA_D_8493947,0,0.00036755364,0
LA_D_8572488,0,5.334873e-06,0
LA_D_8603311,0,2.8292621e-05,0
LA_D_8619361,0,9.73823e-05,0
LA_D_8632004,0,0.0014502861,0
LA_D_8638456,0,0.00019423019,0
LA_D_8663420,0,4.1242787e-05,0
LA_D_8687308,0,0.00019602859,0
LA_D_8699572,0,0.00012828984,0
LA_D_8701065,0,0.00019040334,0
LA_D_8713273,0,0.00012832925,0
LA_D_8746442,0,9.281468e-05,0
LA_D_8751654,0,0.000106685424,0
LA_D_8778868,0,1.4596779e-05,0
LA_D_8780238,0,0.00016538131,0
LA_D_8783152,0,7.20425e-05,0
LA_D_8791958,0,0.00015561482,0
LA_D_8846461,0,0.0002286575,0
LA_D_8982257,0,5.220983e-05,0
LA_D_9015720,0,1.6876322e-05,0
LA_D_9024122,0,0.00018948042,0
LA_D_9046194,0,0.00027850212,0
LA_D_9123302,0,0.00014464527,0
LA_D_9125073,0,7.4873074e-05,0
LA_D_9131773,0,0.00024816408,0
LA_D_9196907,0,0.0001461523,0
LA_D_9202818,0,0.00013905091,0
LA_D_9205726,0,0.00023270414,0
LA_D_9266858,0,0.00070439227,0
LA_D_9286130,0,0.00013515493,0
LA_D_9297953,0,0.0011075595,0
LA_D_9306701,0,0.00017632231,0
LA_D_9310155,0,0.00018336553,0
LA_D_9316697,0,0.00044492632,0
LA_D_9410566,0,0.00010826139,0
LA_D_9422357,0,6.0552175e-05,0
LA_D_9425878,0,0.00014948435,0
LA_D_9439826,0,0.00018744946,0
LA_D_9463746,0,4.5776607e-05,0
LA_D_9465437,0,0.0002012746,0
LA_D_9473341,0,0.00015629963,0
LA_D_9513966,0,9.259208e-05,0
LA_D_9520795,0,0.00016096904,0
LA_D_9526098,0,0.00021932178,0
LA_D_9565110,0,0.0002118381,0
LA_D_9575084,0,6.2228035e-05,0
LA_D_9602040,0,0.00015508836,0
LA_D_9614885,0,0.00029551698,0
LA_D_9621486,0,0.00022254616,0
LA_D_9631128,0,0.00014313139,0
LA_D_9632383,0,0.0004406678,0
LA_D_9641174,0,0.00020945768,0
LA_D_9656849,0,8.525702e-05,0
LA_D_9667226,0,0.00014740435,0
LA_D_9712589,0,0.00012666539,0
LA_D_9720372,0,0.0003291439,0
LA_D_9720674,0,0.00043596164,0
LA_D_9775496,0,0.00013056808,0
LA_D_9796324,0,0.00013963088,0
LA_D_9823996,0,1.2918529e-05,0
LA_D_9826064,0,0.0002112628,0
LA_D_9851042,0,0.00010676441,0
LA_D_9927649,0,0.0001988755,0
LA_D_9947258,0,0.00022830696,0
LA_D_9976747,0,0.00020268855,0
LA_D_9994672,0,0.00010267484,0
LA_D_1047174,0,0.00013645193,0
LA_D_1131241,0,0.00010203486,0
LA_D_1171358,0,0.00013363048,0
LA_D_1185552,0,0.00022224912,0
LA_D_1237375,0,0.00017029746,0
LA_D_1256151,0,0.00057616236,0
LA_D_1263173,0,0.0024435462,0
LA_D_1293430,0,0.00015339482,0
LA_D_1304769,0,8.266364e-05,0
LA_D_1309629,0,7.573868e-05,0
LA_D_1344374,0,5.4220553e-05,0
LA_D_1409464,0,0.025145676,0
LA_D_1430175,0,1.4585633e-05,0
LA_D_1445597,0,3.21128e-05,0
LA_D_1458628,0,0.0005967868,0
LA_D_1491201,0,1.5814501e-05,0
LA_D_1529314,0,4.5288987e-05,0
LA_D_1548121,0,7.416191e-05,0
LA_D_1548718,0,1.642607e-05,0
LA_D_1565766,0,3.781287e-05,0
LA_D_1626255,0,0.00013458713,0
LA_D_1627570,0,0.00014735278,0
LA_D_1634113,0,0.000114530434,0
LA_D_1659790,0,1.781861e-05,0
LA_D_1727741,0,8.072941e-05,0
LA_D_1740367,0,0.00049571146,0
LA_D_1743186,0,0.00024276228,0
LA_D_1746522,0,1.0540151e-05,0
LA_D_1757304,0,5.7843565e-05,0
LA_D_1769886,0,7.237205e-05,0
LA_D_1771787,0,0.0006013563,0
LA_D_1817691,0,9.5801115e-05,0
LA_D_1827728,0,2.9983052e-05,0
LA_D_1828116,0,0.00011626274,0
LA_D_1860595,0,0.00027358258,0
LA_D_1879704,0,6.0240935e-05,0
LA_D_1919208,0,0.00035665513,0
LA_D_1919831,0,0.00029913627,0
LA_D_1941984,0,4.0149902e-05,0
LA_D_1961391,0,8.6460714e-05,0
LA_D_1991992,0,0.00023364744,0
LA_D_1997650,0,0.00018021125,0
LA_D_2003485,0,3.19188e-05,0
LA_D_2011612,0,5.9704485e-05,0
LA_D_2060563,0,3.571094e-05,0
LA_D_2083171,0,5.4615313e-05,0
LA_D_2098426,0,7.482697e-06,0
LA_D_2122992,0,7.4791365e-05,0
LA_D_2133380,0,3.1836476e-05,0
LA_D_2161743,0,2.5817084e-05,0
LA_D_2177492,0,0.00039461287,0
LA_D_2218769,0,3.270186e-05,0
LA_D_2228196,0,6.468689e-05,0
LA_D_2231963,0,0.00068247423,0
LA_D_2262103,0,1.7283744e-05,0
LA_D_2287910,0,0.000361472,0
LA_D_2308577,0,1.4671276e-05,0
LA_D_2321587,0,0.00011965275,0
LA_D_2341747,0,3.682723e-05,0
LA_D_2366913,0,0.00012501642,0
LA_D_2366973,0,2.2774157e-05,0
LA_D_2419198,0,4.0864834e-05,0
LA_D_2432364,0,5.2078256e-05,0
LA_D_2463946,0,0.00013232937,0
LA_D_2468032,0,3.72909e-05,0
LA_D_2529149,0,0.00014562951,0
LA_D_2532144,0,0.00047742066,0
LA_D_2573843,0,7.618823e-05,0
LA_D_2646346,0,0.00022795222,0
LA_D_2654921,0,4.6691093e-05,0
LA_D_2669234,0,9.779853e-06,0
LA_D_2685701,0,1e-06,0
LA_D_2720773,0,0.0010465229,0
LA_D_2793178,0,0.0013187445,0
LA_D_2812574,0,0.00018085641,0
LA_D_2859736,0,0.0017033118,0
LA_D_2863716,0,5.7581045e-05,0
LA_D_2876264,0,0.00031192187,0
LA_D_2879598,0,6.62064e-05,0
LA_D_2890838,0,2.471588e-05,0
LA_D_2903522,0,0.00010576498,0
LA_D_2934374,0,5.442777e-05,0
LA_D_2952773,0,0.005694867,0
LA_D_2983246,0,1.474739e-05,0
LA_D_2999770,0,0.0005061687,0
LA_D_3033532,0,1.3701281e-05,0
LA_D_3066121,0,0.000103575905,0
LA_D_3074557,0,7.917118e-05,0
LA_D_3116475,0,0.00017405106,0
LA_D_3119194,0,3.3301258e-05,0
LA_D_3152313,0,9.201223e-05,0
LA_D_3200033,0,0.0002688863,0
LA_D_3208200,0,0.00045213327,0
LA_D_3231942,0,4.8307575e-05,0
LA_D_3272044,0,0.00011711785,0
LA_D_3285914,0,0.00021958185,0
LA_D_3368702,0,7.2059054e-05,0
LA_D_3379640,0,0.0014799837,0
LA_D_3381285,0,4.307583e-05,0
LA_D_3399241,0,0.00048944383,0
LA_D_3406616,0,0.000121398596,0
LA_D_3463311,0,0.00010198477,0
LA_D_3512477,0,1.7175036e-05,0
LA_D_3521518,0,1e-06,0
LA_D_3602419,0,6.527806e-05,0
LA_D_3619498,0,0.00015606657,0
LA_D_3655532,0,6.941379e-05,0
LA_D_3700291,0,0.0013721223,0
LA_D_3705784,0,0.0005572206,0
LA_D_3736074,0,5.3646112e-05,0
LA_D_3771906,0,9.879415e-06,0
LA_D_3772874,0,0.00011629024,0
LA_D_3794799,0,0.00010363983,0
LA_D_3846197,0,0.0003708169,0
LA_D_3854298,0,2.3548755e-05,0
LA_D_3858656,0,6.724553e-05,0
LA_D_3894817,0,0.00010086393,0
LA_D_3914016,0,5.4738575e-05,0
LA_D_3938510,0,0.0004539975,0
LA_D_3944263,0,6.386695e-05,0
LA_D_3950513,0,2.1492244e-05,0
LA_D_3991397,0,6.2909654e-05,0
LA_D_4070616,0,6.7987356e-05,0
LA_D_4071650,0,0.0001464278,0
LA_D_4080342,0,0.00032303494,0
LA_D_4100470,0,7.542775e-05,0
LA_D_4114991,0,7.119697e-06,0
LA_D_4142229,0,6.782734e-05,0
LA_D_4159900,0,0.0001980671,0
LA_D_4170901,0,2.5330957e-05,0
LA_D_4198232,0,4.080471e-05,0
LA_D_4226354,0,0.00019364143,0
LA_D_4242624,0,9.660307e-05,0
LA_D_4277582,0,0.0006065461,0
LA_D_4291683,0,0.00015385449,0
LA_D_4340347,0,4.4917455e-05,0
LA_D_4340524,0,0.0001034042,0
LA_D_4363843,0,0.00022763143,0
LA_D_4379297,0,0.0002703572,0
LA_D_4392877,0,9.745922e-05,0
LA_D_4400364,0,7.051227e-05,0
LA_D_4445016,0,6.9739035e-05,0
LA_D_4449630,0,0.00013610173,0
LA_D_4454615,0,0.00096916035,0
LA_D_4459311,0,2.106991e-06,0
LA_D_4492259,0,0.00011551659,0
LA_D_4506339,0,0.00015106009,0
LA_D_4508905,0,4.965877e-05,0
LA_D_4585531,0,0.00019393134,0
LA_D_4595832,0,0.0001301174,0
LA_D_4603372,0,6.0756352e-05,0
LA_D_4625335,0,0.0007150958,0
LA_D_4684613,0,7.625132e-05,0
LA_D_4690923,0,4.85561e-05,0
LA_D_4700343,0,0.00080146786,0
LA_D_4719007,0,0.00025285964,0
LA_D_4721450,0,1.17260015e-05,0
LA_D_4761065,0,2.1705553e-05,0
LA_D_4769648,0,0.00010241015,0
LA_D_4782501,0,0.00014880812,0
LA_D_4789709,0,1.818974e-05,0
LA_D_4841565,0,0.00010695098,0
LA_D_4866362,0,1.573126e-05,0
LA_D_4878580,0,0.00012442096,0
LA_D_4895446,0,4.136793e-05,0
LA_D_4896414,0,1.5218865e-06,0
LA_D_4914203,0,0.00014910553,0
LA_D_4915102,0,1.4884104e-05,0
LA_D_4924600,0,0.00014667933,0
LA_D_4948227,0,6.213933e-05,0
LA_D_4952112,0,0.00013578258,0
LA_D_4981925,0,2.7466715e-05,0
LA_D_4995472,0,7.97399e-05,0
LA_D_5007118,0,6.888186e-05,0
LA_D_5009438,0,0.00014891259,0
LA_D_5021635,0,1.0495136e-05,0
LA_D_5039319,0,1.7670625e-05,0
LA_D_5039673,0,1.4287085e-05,0
LA_D_5062244,0,5.7408724e-05,0
LA_D_5149711,0,0.009553798,0
LA_D_5163270,0,3.5321336e-05,0
LA_D_5188309,0,2.5993993e-05,0
LA_D_5205643,0,2.7972287e-06,0
LA_D_5224590,0,3.94456e-05,0
LA_D_5346933,0,1.3440596e-05,0
LA_D_5347760,0,0.00022754919,0
LA_D_5350117,0,4.98826e-05,0
LA_D_5370437,0,1.2256633e-05,0
LA_D_5373558,0,9.627357e-05,0
LA_D_5383416,0,0.0002481875,0
LA_D_5387959,0,0.0007003379,0
LA_D_5393342,0,2.9345576e-05,0
LA_D_5401021,0,0.00010224211,0
LA_D_5453453,0,0.00013224523,0
LA_D_5460788,0,2.8334252e-05,0
LA_D_5582371,0,7.346772e-05,0
LA_D_5640290,0,4.3927565e-05,0
LA_D_5678433,0,7.1515306e-06,0
LA_D_5705296,0,0.00011064957,0
LA_D_5713122,0,0.00013004744,0
LA_D_5760824,0,3.6096775e-05,0
LA_D_5761733,0,0.00032511452,0
LA_D_5801946,0,0.00011710724,0
LA_D_5840572,0,4.0988554e-05,0
LA_D_5885088,0,4.550901e-05,0
LA_D_5911975,0,5.4652402e-05,0
LA_D_5914436,0,1.2177743e-05,0
LA_D_5935170,0,3.3256096e-05,0
LA_D_5938795,0,3.6803427e-05,0
LA_D_5948741,0,0.00021538352,0
LA_D_5955247,0,0.00013404204,0
LA_D_5955650,0,8.163602e-05,0
LA_D_5964415,0,0.00015929571,0
LA_D_6014036,0,6.4931e-05,0
LA_D_6021418,0,1.6085893e-05,0
LA_D_6031712,0,0.00012384146,0
LA_D_6059712,0,0.00010247218,0
LA_D_6061248,0,8.071209e-05,0
LA_D_6168446,0,9.0990834e-05,0
LA_D_6212766,0,1.7202017e-05,0
LA_D_6219279,0,8.806193e-05,0
LA_D_6232042,0,2.0255924e-05,0
LA_D_6232553,0,0.0001035689,0
LA_D_6237921,0,8.538281e-05,0
LA_D_6268680,0,4.9938717e-05,0
LA_D_6278709,0,0.00012312636,0
LA_D_6333211,0,0.00012307236,0
LA_D_6344317,0,1.3201996e-05,0
LA_D_6366497,0,2.1229867e-05,0
LA_D_6378055,0,2.1575206e-05,0
LA_D_6383067,0,2.8632517e-06,0
LA_D_6385210,0,0.0001508554,0
LA_D_6400271,0,0.0002864122,0
LA_D_6401168,0,7.131026e-05,0
LA_D_6416687,0,0.00033772783,0
LA_D_6436603,0,0.00020142432,0
LA_D_6442439,0,0.00014804273,0
LA_D_6480788,0,0.00040823803,0
LA_D_6503412,0,0.00014963651,0
LA_D_6507319,0,0.0001239486,0
LA_D_6507521,0,3.989761e-05,0
LA_D_6508195,0,1.9273466e-05,0
LA_D_6522742,0,0.00012724355,0
LA_D_6546480,0,0.00019046161,0
LA_D_6564154,0,0.000101379526,0
LA_D_6575484,0,0.00013050459,0
LA_D_6619467,0,4.4051816e-05,0
LA_D_6621713,0,6.8482273e-06,0
LA_D_6629176,0,0.0001139797,0
LA_D_6678079,0,2.3701527e-06,0
LA_D_6687865,0,0.00019554824,0
LA_D_6713942,0,6.61867e-05,0
LA_D_6725284,0,5.3395514e-05,0
LA_D_6728550,0,7.4561845e-05,0
LA_D_6803544,0,0.00023985512,0
LA_D_6836398,0,9.271092e-05,0
LA_D_6876134,0,6.382232e-05,0
LA_D_6878952,0,4.7357502e-05,0
LA_D_6910245,0,2.9002813e-06,0
LA_D_6922311,0,0.00020301504,0
LA_D_6927598,0,5.732883e-06,0
LA_D_6940254,0,5.912019e-05,0
LA_D_6958629,0,7.0649785e-06,0
LA_D_6958960,0,3.676365e-05,0
LA_D_6967077,0,3.5401151e-06,0
LA_D_6974485,0,0.00010205978,0
LA_D_6980145,0,4.198651e-05,0
LA_D_6987649,0,0.0008361751,0
LA_D_6993181,0,0.00021520084,0
LA_D_7009464,0,2.7072374e-05,0
LA_D_7021601,0,0.00016038133,0
LA_D_7091676,0,0.00019751715,0
LA_D_7107929,0,0.00015836327,0
LA_D_7114322,0,0.0007401074,0
LA_D_7152433,0,0.0039676353,0
LA_D_7161221,0,0.0066830562,0
LA_D_7169874,0,0.000117240656,0
LA_D_7181310,0,7.228012e-05,0
LA_D_7193059,0,6.1712184e-05,0
LA_D_7247773,0,4.7580354e-05,0
LA_D_7251068,0,0.00014503956,0
LA_D_7261225,0,8.963104e-05,0
LA_D_7400823,0,6.402134e-05,0
LA_D_7480003,0,0.0002413499,0
LA_D_7510874,0,0.00019564018,0
LA_D_7539520,0,1.8814764e-05,0
LA_D_7539822,0,0.0002516036,0
LA_D_7568775,0,2.2447017e-05,0
LA_D_7579323,0,1.6607302e-05,0
LA_D_7594785,0,1.4446977e-05,0
LA_D_7620067,0,1.2732387e-05,0
LA_D_7625750,0,3.562199e-05,0
LA_D_7629778,0,0.0004301762,0
LA_D_7633224,0,0.00031839331,0
LA_D_7643463,0,4.9132417e-05,0
LA_D_7648772,0,1.4530976e-06,0
LA_D_7661207,0,6.0210612e-05,0
LA_D_7663756,0,6.889992e-05,0
LA_D_7680924,0,8.9709196e-05,0
LA_D_7709982,0,5.2964755e-05,0
LA_D_7713577,0,0.0010528408,0
LA_D_7714357,0,1.3370818e-05,0
LA_D_7716795,0,8.087303e-05,0
LA_D_7716883,0,0.00037234387,0
LA_D_7724371,0,0.00017010953,0
LA_D_7727362,0,0.00024794106,0
LA_D_7749329,0,0.00032031565,0
LA_D_7754037,0,0.00011003216,0
LA_D_7781966,0,0.00023510175,0
LA_D_7823257,0,0.00023144399,0
LA_D_7832615,0,0.00012294111,0
LA_D_7834326,0,2.8441107e-05,0
LA_D_7856949,0,4.718489e-05,0
LA_D_7872546,0,6.993343e-05,0
LA_D_7879995,0,0.00011735362,0
LA_D_7918292,0,0.0005730445,0
LA_D_7944465,0,2.583346e-05,0
LA_D_7964232,0,0.00016718994,0
LA_D_7971657,0,4.014776e-05,0
LA_D_7982371,0,0.00018424039,0
LA_D_7992254,0,5.7528523e-05,0
LA_D_8001056,0,4.315107e-05,0
LA_D_8026454,0,0.00028141495,0
LA_D_8034650,0,2.1043817e-05,0
LA_D_8034862,0,5.1122966e-05,0
LA_D_8043339,0,2.4046247e-05,0
LA_D_8089145,0,1.7790067e-05,0
LA_D_8115585,0,0.0007063564,0
LA_D_8130331,0,6.764486e-05,0
LA_D_8149880,0,0.000117782096,0
LA_D_8186829,0,0.000110219604,0
LA_D_8199907,0,1.7502523e-05,0
LA_D_8207965,0,5.8907855e-05,0
LA_D_8224019,0,0.00016194418,0
LA_D_8260982,0,3.6436573e-05,0
LA_D_8284375,0,0.00018238834,0
LA_D_8300288,0,0.00010902096,0
LA_D_8371442,0,1.9116407e-05,0
LA_D_8387772,0,5.8432626e-05,0
LA_D_8413601,0,9.590577e-05,0
LA_D_8416104,0,0.00025514505,0
LA_D_8425905,0,2.8421695e-05,0
LA_D_8432736,0,8.024718e-06,0
LA_D_8486100,0,7.1636678e-06,0
LA_D_8532209,0,0.00086545176,0
LA_D_8585201,0,0.000101978345,0
LA_D_8595960,0,0.0009043429,0
LA_D_8597179,0,1.4758589e-05,0
LA_D_8636545,0,0.00027700278,0
LA_D_8641247,0,0.0002443204,0
LA_D_8704936,0,0.00016586283,0
LA_D_8705144,0,9.4860516e-05,0
LA_D_8709124,0,0.00015261094,0
LA_D_8713937,0,0.00016708125,0
LA_D_8720850,0,0.0001078801,0
LA_D_8725463,0,2.6955779e-05,0
LA_D_8741531,0,0.00018554923,0
LA_D_8758203,0,0.00021888493,0
LA_D_8785469,0,9.893872e-05,0
LA_D_8808844,0,7.125412e-05,0
LA_D_8829741,0,0.00018190291,0
LA_D_8863620,0,0.00022833789,0
LA_D_8894026,0,0.00014704006,0
LA_D_8958792,0,3.0587955e-05,0
LA_D_8962291,0,5.0656792e-05,0
LA_D_8976734,0,0.00010952613,0
LA_D_8988473,0,3.5955367e-05,0
LA_D_8998074,0,8.338711e-05,0
LA_D_9021082,0,3.479863e-05,0
LA_D_9068919,0,0.00012035411,0
LA_D_9080965,0,5.016587e-05,0
LA_D_9082045,0,0.00020224338,0
LA_D_9089312,0,4.381364e-05,0
LA_D_9134148,0,1.7155164e-05,0
LA_D_9140122,0,0.00031293608,0
LA_D_9185597,0,3.9273462e-05,0
LA_D_9187515,0,0.00019133187,0
LA_D_9219215,0,6.599842e-06,0
LA_D_9226035,0,1.881202e-05,0
LA_D_9254983,0,6.2956286e-05,0
LA_D_9255760,0,3.2399672e-05,0
LA_D_9269639,0,0.00030732027,0
LA_D_9276220,0,0.00029332977,0
LA_D_9279119,0,0.000119252836,0
LA_D_9360355,0,4.371903e-05,0
LA_D_9365719,0,2.4307426e-05,0
LA_D_9366202,0,0.0010620807,0
LA_D_9366872,0,0.0006912578,0
LA_D_9381419,0,7.881233e-05,0
LA_D_9384461,0,6.2295258e-06,0
LA_D_9395386,0,0.00014383339,0
LA_D_9398013,0,4.3932214e-05,0
LA_D_9400211,0,5.973615e-05,0
LA_D_9422935,0,3.846476e-05,0
LA_D_9429999,0,0.0012206917,0
LA_D_9443500,0,4.1976662e-05,0
LA_D_9451208,0,0.0009565303,0
LA_D_9486228,0,1.7052047e-05,0
LA_D_9526244,0,5.9327966e-05,0
LA_D_9569756,0,0.00018391148,0
LA_D_9577900,0,6.447589e-05,0
LA_D_9594183,0,0.00025382632,0
LA_D_9616483,0,0.00014443578,0
LA_D_9741811,0,0.00112177,0
LA_D_9742570,0,3.4740107e-05,0
LA_D_9763867,0,0.00014954836,0
LA_D_9863120,0,3.453182e-05,0
LA_D_9904052,0,0.0002558827,0
LA_D_9912372,0,4.2479507e-05,0
LA_D_9923905,0,7.4702475e-05,0
LA_D_9929724,0,2.638148e-05,0
LA_D_9943481,0,0.0002765734,0
LA_D_9978885,0,0.000108817185,0
LA_D_9993400,0,0.00012600812,0
LA_D_1029617,0,4.2744086e-05,0
LA_D_1059142,0,6.762887e-05,0
LA_D_1062379,0,3.0404124e-05,0
LA_D_1091297,0,4.2553987e-05,0
LA_D_1100577,0,9.394394e-05,0
LA_D_1124488,0,2.674244e-05,0
LA_D_1146285,0,5.5799723e-05,0
LA_D_1152767,0,4.60496e-05,0
LA_D_1163350,0,6.0456223e-05,0
LA_D_1246000,0,8.4401996e-05,0
LA_D_1251721,0,6.4353044e-05,0
LA_D_1260733,0,5.0836912e-05,0
LA_D_1297021,0,0.00015715697,0
LA_D_1317526,0,7.969702e-05,0
LA_D_1326827,0,0.0016085253,0
LA_D_1338548,0,2.0051963e-05,0
LA_D_1343964,0,7.142024e-05,0
LA_D_1357828,0,0.000113681745,0
LA_D_1381783,0,2.2158103e-05,0
LA_D_1408116,0,4.8674785e-05,0
LA_D_1430367,0,7.730046e-05,0
LA_D_1447151,0,0.00024279633,0
LA_D_1453717,0,0.00022233874,0
LA_D_1501230,0,0.00010509963,0
LA_D_1521868,0,5.8784404e-05,0
LA_D_1553952,0,1.764614e-05,0
LA_D_1583850,0,6.734512e-05,0
LA_D_1585709,0,1.323154e-05,0
LA_D_1604106,0,2.7022283e-05,0
LA_D_1605100,0,1.5864049e-05,0
LA_D_1608727,0,3.2498632e-05,0
LA_D_1634721,0,2.5206615e-05,0
LA_D_1647654,0,0.00014797386,0
LA_D_1649381,0,2.1008686e-05,0
LA_D_1671851,0,0.00020690248,0
LA_D_1672173,0,0.00010029078,0
LA_D_1675600,0,0.00010027989,0
LA_D_1687307,0,6.333788e-05,0
LA_D_1698474,0,0.00012466953,0
LA_D_1714643,0,2.3181861e-05,0
LA_D_1723287,0,3.7494516e-05,0
LA_D_1724424,0,9.944154e-05,0
LA_D_1735626,0,9.864178e-05,0
LA_D_1736244,0,1.3485005e-05,0
LA_D_1795010,0,6.0143353e-05,0
LA_D_1809032,0,3.4726094e-05,0
LA_D_1882571,0,9.104013e-05,0
LA_D_1893134,0,4.2018833e-05,0
LA_D_1903855,0,2.8913202e-05,0
LA_D_1960976,0,3.783336e-05,0
LA_D_2008880,0,9.156199e-05,0
LA_D_2009498,0,5.2417512e-05,0
LA_D_2049727,0,3.544433e-05,0
LA_D_2059935,0,0.00032373203,0
LA_D_2138603,0,2.8232513e-05,0
LA_D_2169713,0,0.0002306417,0
LA_D_2192158,0,2.8747741e-05,0
LA_D_2214214,0,4.3361113e-05,0
LA_D_2230194,0,4.3732703e-05,0
LA_D_2230489,0,0.000111770685,0
LA_D_2279197,0,3.819249e-05,0
LA_D_2284177,0,2.5010508e-05,0
LA_D_2290487,0,3.5365694e-05,0
LA_D_2293625,0,4.4568133e-05,0
LA_D_2324725,0,2.239792e-05,0
LA_D_2350816,0,6.896632e-05,0
LA_D_2351670,0,6.490748e-05,0
LA_D_2385027,0,6.952661e-05,0
LA_D_2389247,0,4.981643e-05,0
LA_D_2402304,0,3.2232885e-05,0
LA_D_2472102,0,4.4454842e-05,0
LA_D_2490088,0,9.0370224e-05,0
LA_D_2500858,0,1.992501e-05,0
LA_D_2567797,0,7.230176e-05,0
LA_D_2575965,0,6.8361755e-05,0
LA_D_2586002,0,2.9030763e-05,0
LA_D_2633236,0,2.0322133e-05,0
LA_D_2685075,0,0.0001362747,0
LA_D_2873307,0,1.9800711e-05,0
LA_D_2875141,0,4.579224e-05,0
LA_D_2899972,0,6.60155e-05,0
LA_D_2955212,0,4.261693e-05,0
LA_D_2963785,0,1.8802872e-05,0
LA_D_3006285,0,0.00033409317,0
LA_D_3031057,0,2.9824208e-05,0
LA_D_3137629,0,2.4352672e-05,0
LA_D_3139007,0,3.625243e-05,0
LA_D_3157447,0,0.00014538589,0
LA_D_3232453,0,1.30024655e-05,0
LA_D_3257829,0,5.9670445e-05,0
LA_D_3321832,0,3.6382513e-05,0
LA_D_3324414,0,9.160959e-05,0
LA_D_3331432,0,3.9403563e-05,0
LA_D_3359111,0,7.567833e-05,0
LA_D_3372750,0,3.3343935e-05,0
LA_D_3387040,0,0.002357463,0
LA_D_3409196,0,2.882274e-05,0
LA_D_3410371,0,2.1170144e-05,0
LA_D_3423188,0,4.7208523e-05,0
LA_D_3432568,0,0.00014159472,0
LA_D_3438168,0,1.5295049e-05,0
LA_D_3448390,0,3.7374353e-05,0
LA_D_3449920,0,0.00020977625,0
LA_D_3479464,0,2.4978877e-05,0
LA_D_3509024,0,1.757939e-05,0
LA_D_3524921,0,2.2760521e-05,0
LA_D_3525710,0,0.000106177366,0
LA_D_3540005,0,2.5679185e-05,0
LA_D_3542780,0,5.812225e-05,0
LA_D_3542872,0,3.4401168e-05,0
LA_D_3551822,0,2.724341e-05,0
LA_D_3605684,0,9.815639e-05,0
LA_D_3685201,0,5.9378344e-05,0
LA_D_3694269,0,0.00013323923,0
LA_D_3722549,0,6.0287482e-05,0
LA_D_3725441,0,3.9111812e-05,0
LA_D_3776775,0,3.5416826e-05,0
LA_D_3837829,0,0.00027253473,0
LA_D_3838880,0,2.418783e-05,0
LA_D_3839440,0,8.998798e-05,0
LA_D_3890924,0,4.3082033e-05,0
LA_D_3894116,0,6.143627e-05,0
LA_D_3898295,0,0.00018233445,0
LA_D_3906822,0,5.9271413e-05,0
LA_D_3925642,0,5.4206288e-05,0
LA_D_3939673,0,7.681891e-05,0
LA_D_3946657,0,5.901345e-05,0
LA_D_3952047,0,0.00024745337,0
LA_D_3952593,0,5.2480187e-05,0
LA_D_3963497,0,0.00010833523,0
LA_D_3995855,0,0.0003863937,0
LA_D_4019879,0,4.9874277e-05,0
LA_D_4025778,0,5.540158e-05,0
LA_D_4039282,0,3.665862e-05,0
LA_D_4050553,0,1.1333337e-05,0
LA_D_4063751,0,5.6415724e-05,0
LA_D_4064982,0,5.498824e-05,0
LA_D_4076931,0,0.001318266,0
LA_D_4089949,0,2.3057684e-05,0
LA_D_4134720,0,3.558722e-05,0
LA_D_4180262,0,0.00010603146,0
LA_D_4222049,0,3.2824715e-05,0
LA_D_4246541,0,0.00018966316,0
LA_D_4264153,0,2.2873193e-05,0
LA_D_4309049,0,5.8340924e-05,0
LA_D_4320528,0,3.6733793e-05,0
LA_D_4335121,0,6.002372e-05,0
LA_D_4336283,0,8.898456e-05,0
LA_D_4338324,0,1.8026909e-05,0
LA_D_4372487,0,0.00023270703,0
LA_D_4381840,0,0.00018411045,0
LA_D_4484172,0,6.852055e-05,0
LA_D_4547683,0,5.785907e-05,0
LA_D_4564696,0,3.910868e-05,0
LA_D_4575849,0,4.6892874e-05,0
LA_D_4601604,0,8.810069e-06,0
LA_D_4648541,0,1.0349111e-05,0
LA_D_4656540,0,2.5896754e-05,0
LA_D_4659648,0,2.72987e-05,0
LA_D_4672644,0,3.8323764e-05,0
LA_D_4704857,0,0.00010211331,0
LA_D_4707978,0,2.9809536e-05,0
LA_D_4725466,0,5.7907087e-05,0
LA_D_4778443,0,3.681789e-05,0
LA_D_4811609,0,3.890105e-05,0
LA_D_4815372,0,2.2049626e-05,0
LA_D_4818471,0,3.140359e-05,0
LA_D_4836429,0,1.5286374e-05,0
LA_D_4878409,0,9.506055e-05,0
LA_D_4892634,0,3.79194e-05,0
LA_D_4918498,0,6.0750674e-05,0
LA_D_4918958,0,6.9729256e-05,0
LA_D_4933781,0,2.6679087e-05,0
LA_D_4964858,0,8.121981e-05,0
LA_D_4969692,0,5.88084e-05,0
LA_D_4985835,0,0.00034209722,0
LA_D_4987070,0,0.00018028928,0
LA_D_4991936,0,3.1068063e-05,0
LA_D_5004267,0,6.351268e-05,0
LA_D_5009044,0,0.0001160255,0
LA_D_5057755,0,2.1053313e-05,0
LA_D_5064189,0,1.4025041e-05,0
LA_D_5078216,0,3.2336393e-05,0
LA_D_5106376,0,4.868913e-05,0
LA_D_5110554,0,6.168701e-05,0
LA_D_5111852,0,0.00016020113,0
LA_D_5161729,0,0.00020612647,0
LA_D_5197250,0,3.64583e-05,0
LA_D_5205883,0,4.4427296e-05,0
LA_D_5208175,0,0.000310535,0
LA_D_5225466,0,4.5605193e-05,0
LA_D_5229733,0,3.0089033e-05,0
LA_D_5304257,0,0.00020443031,0
LA_D_5352818,0,5.362862e-05,0
LA_D_5354133,0,7.691509e-05,0
LA_D_5392654,0,1.2277807e-05,0
LA_D_5434776,0,8.306417e-05,0
LA_D_5445662,0,2.6729333e-05,0
LA_D_5473097,0,2.9261879e-05,0
LA_D_5485350,0,2.406818e-05,0
LA_D_5545903,0,3.7343107e-05,0
LA_D_5576853,0,0.00020120204,0
LA_D_5623293,0,7.0420945e-05,0
LA_D_5643553,0,1.1587456e-05,0
LA_D_5645161,0,3.0200055e-05,0
LA_D_5652073,0,7.8804056e-05,0
LA_D_5654929,0,1.25020415e-05,0
LA_D_5751999,0,0.00017300651,0
LA_D_5769057,0,5.8554786e-05,0
LA_D_5772395,0,0.00012050408,0
LA_D_5776960,0,1.7170567e-05,0
LA_D_5781251,0,4.2766107e-05,0
LA_D_5806062,0,3.143373e-05,0
LA_D_5813973,0,2.407874e-05,0
LA_D_5834553,0,7.016435e-05,0
LA_D_5841591,0,3.085924e-05,0
LA_D_5844395,0,0.0002052647,0
LA_D_5845294,0,0.00011617795,0
LA_D_5878173,0,0.00012118371,0
LA_D_5878717,0,0.0004981566,0
LA_D_5886872,0,0.00015628696,0
LA_D_5888089,0,0.0001529043,0
LA_D_5891347,0,7.662022e-05,0
LA_D_5909078,0,3.5329016e-05,0
LA_D_5930826,0,4.142158e-05,0
LA_D_5940134,0,0.00020056385,0
LA_D_5947518,0,1.3259354e-05,0
LA_D_5977756,0,6.312539e-05,0
LA_D_6005525,0,6.252169e-05,0
LA_D_6054110,0,0.00012463269,0
LA_D_6093640,0,1.8365472e-05,0
LA_D_6156761,0,9.9534496e-05,0
LA_D_6168767,0,2.7344768e-05,0
LA_D_6197504,0,0.00016101003,0
LA_D_6197832,0,5.3088792e-05,0
LA_D_6202287,0,0.00047749685,0
LA_D_6210344,0,6.862472e-05,0
LA_D_6283975,0,4.598172e-05,0
LA_D_6292935,0,6.79858e-05,0
LA_D_6306347,0,0.000113934715,0
LA_D_6316138,0,0.000116602925,0
LA_D_6330654,0,6.5108085e-05,0
LA_D_6330853,0,3.4724868e-05,0
LA_D_6379756,0,0.00014355058,0
LA_D_6384625,0,8.20545e-05,0
LA_D_6434205,0,4.2164702e-05,0
LA_D_6438379,0,5.212262e-05,0
LA_D_6438636,0,0.0004292492,0
LA_D_6520437,0,2.929628e-05,0
LA_D_6535464,0,5.2598327e-05,0
LA_D_6573123,0,2.4774426e-05,0
LA_D_6581514,0,3.835992e-05,0
LA_D_6595340,0,7.970112e-05,0
LA_D_6604414,0,2.075922e-05,0
LA_D_6619395,0,4.1632335e-05,0
LA_D_6652666,0,6.8437155e-05,0
LA_D_6672143,0,0.00012804176,0
LA_D_6683794,0,5.9909577e-05,0
LA_D_6688749,0,2.1734199e-05,0
LA_D_6693826,0,9.041668e-05,0
LA_D_6701620,0,0.00022556618,0
LA_D_6718749,0,6.546526e-05,0
LA_D_6772420,0,4.9678565e-05,0
LA_D_6854316,0,0.00014996275,0
LA_D_6874098,0,7.821578e-06,0
LA_D_6874404,0,0.0003977779,0
LA_D_6887011,0,4.213817e-05,0
LA_D_6904113,0,0.00016892925,0
LA_D_6941127,0,5.4362674e-05,0
LA_D_7038933,0,2.900677e-05,0
LA_D_7043780,0,4.9544582e-05,0
LA_D_7052077,0,0.00052884954,0
LA_D_7055185,0,2.1373244e-05,0
LA_D_7081066,0,3.0432968e-06,0
LA_D_7123401,0,1.7482389e-05,0
LA_D_7152094,0,6.365991e-05,0
LA_D_7199038,0,4.9673778e-05,0
LA_D_7231397,0,1.9567715e-05,0
LA_D_7236583,0,5.8014986e-05,0
LA_D_7256773,0,6.48706e-05,0
LA_D_7265184,0,2.3841629e-05,0
LA_D_7278509,0,8.0344944e-05,0
LA_D_7281481,0,1.6967939e-05,0
LA_D_7297227,0,0.00017251282,0
LA_D_7330901,0,0.00013641368,0
LA_D_7348364,0,6.756074e-05,0
LA_D_7357574,0,3.2461652e-05,0
LA_D_7358592,0,0.00028282168,0
LA_D_7358733,0,4.591205e-05,0
LA_D_7386477,0,6.760675e-05,0
LA_D_7388871,0,8.318839e-05,0
LA_D_7423635,0,5.672489e-05,0
LA_D_7474865,0,6.7334906e-05,0
LA_D_7483615,0,0.000155515,0
LA_D_7519610,0,3.9025414e-05,0
LA_D_7526416,0,2.0589583e-05,0
LA_D_7526656,0,7.202567e-05,0
LA_D_7538038,0,1.215506e-05,0
LA_D_7542044,0,0.000100665995,0
LA_D_7547063,0,0.001115189,0
LA_D_7562446,0,6.4986445e-05,0
LA_D_7562673,0,8.7001616e-05,0
LA_D_7586380,0,3.1256888e-05,0
LA_D_7591149,0,2.3817518e-05,0
LA_D_7609585,0,5.404107e-05,0
LA_D_7636473,0,5.496391e-05,0
LA_D_7661426,0,6.059561e-05,0
LA_D_7701393,0,2.4988716e-05,0
LA_D_7714845,0,0.00016603942,0
LA_D_7728587,0,8.0912454e-05,0
LA_D_7735983,0,4.0133826e-05,0
LA_D_7778751,0,1.719959e-05,0
LA_D_7804808,0,5.25513e-05,0
LA_D_7819043,0,7.2324794e-05,0
LA_D_7820165,0,2.4240873e-05,0
LA_D_7823031,0,7.5615426e-05,0
LA_D_7828401,0,1.6420181e-05,0
LA_D_7851106,0,4.97633e-05,0
LA_D_7857663,0,0.00031259496,0
LA_D_7872642,0,0.00016943936,0
LA_D_7884286,0,7.70626e-06,0
LA_D_7908285,0,4.026678e-05,0
LA_D_7939015,0,2.0626178e-05,0
LA_D_8004624,0,1.8104662e-05,0
LA_D_8022000,0,9.0782996e-05,0
LA_D_8034469,0,6.546052e-05,0
LA_D_8060762,0,4.301167e-05,0
LA_D_8065854,0,0.0001589889,0
LA_D_8091647,0,9.187423e-05,0
LA_D_8132473,0,0.00013086422,0
LA_D_8184573,0,8.625929e-05,0
LA_D_8228654,0,5.3733154e-05,0
LA_D_8249964,0,0.000107747066,0
LA_D_8336129,0,2.031423e-05,0
LA_D_8359008,0,5.721961e-05,0
LA_D_8376162,0,3.095928e-05,0
LA_D_8379637,0,4.1473675e-05,0
LA_D_8409357,0,7.800058e-05,0
LA_D_8431305,0,3.2056745e-05,0
LA_D_8461642,0,2.3336197e-05,0
LA_D_8473484,0,0.00033946324,0
LA_D_8489881,0,0.00022171214,0
LA_D_8508157,0,2.6489886e-05,0
LA_D_8538474,0,4.7343645e-05,0
LA_D_8555704,0,3.7773156e-05,0
LA_D_8564782,0,8.7173605e-05,0
LA_D_8581099,0,6.763273e-05,0
LA_D_8600719,0,0.00015309338,0
LA_D_8613692,0,7.793269e-05,0
LA_D_8615709,0,8.026645e-05,0
LA_D_8687554,0,0.00024566913,0
LA_D_8688469,0,0.00013981713,0
LA_D_8688676,0,6.653227e-05,0
LA_D_8714314,0,2.8643344e-05,0
LA_D_8760189,0,1.5389378e-05,0
LA_D_8762466,0,9.794779e-05,0
LA_D_8765550,0,2.2038277e-05,0
LA_D_8771091,0,0.0002060394,0
LA_D_8815416,0,4.1841773e-05,0
LA_D_8864575,0,3.8810045e-05,0
LA_D_8871155,0,0.00023979064,0
LA_D_8880593,0,9.164087e-05,0
LA_D_8925536,0,5.4295426e-05,0
LA_D_8972387,0,0.00018325786,0
LA_D_8988861,0,2.5640838e-05,0
LA_D_9016742,0,0.0002335492,0
LA_D_9022425,0,0.00017804216,0
LA_D_9022440,0,0.000118303586,0
LA_D_9023965,0,8.555559e-05,0
LA_D_9041455,0,0.000120487995,0
LA_D_9051705,0,2.0231868e-05,0
LA_D_9064781,0,0.00019251987,0
LA_D_9142942,0,2.2724085e-05,0
LA_D_9143112,0,2.8040558e-05,0
LA_D_9159130,0,9.110718e-05,0
LA_D_9179746,0,0.00010388848,0
LA_D_9188796,0,7.880421e-05,0
LA_D_9198202,0,8.410448e-05,0
LA_D_9201924,0,3.0453517e-05,0
LA_D_9216213,0,3.6775575e-05,0
LA_D_9318000,0,5.4283257e-05,0
LA_D_9340077,0,0.00015482536,0
LA_D_9385995,0,0.00012188321,0
LA_D_9433668,0,5.1970303e-05,0
LA_D_9442665,0,2.63288e-05,0
LA_D_9452677,0,8.576961e-05,0
LA_D_9478291,0,3.3063672e-05,0
LA_D_9492963,0,6.312852e-05,0
LA_D_9495054,0,4.66748e-05,0
LA_D_9529719,0,0.010671056,0
LA_D_9571812,0,8.326443e-05,0
LA_D_9577897,0,7.2718016e-05,0
LA_D_9605743,0,4.0252457e-05,0
LA_D_9606946,0,0.000994413,0
LA_D_9619963,0,6.0648566e-05,0
LA_D_9634351,0,0.00011881687,0
LA_D_9639156,0,4.246946e-05,0
LA_D_9691902,0,9.118227e-05,0
LA_D_9747201,0,5.233419e-06,0
LA_D_9775299,0,7.2564515e-05,0
LA_D_9789557,0,2.768377e-05,0
LA_D_9789777,0,4.493545e-05,0
LA_D_9802479,0,5.970351e-05,0
LA_D_9804171,0,3.2222804e-05,0
LA_D_9831523,0,7.566389e-05,0
LA_D_9834959,0,6.4129745e-05,0
LA_D_9871297,0,6.162633e-05,0
LA_D_9909170,0,0.00013287128,0
LA_D_9926070,0,0.0015185232,0
LA_D_9929372,0,3.9871295e-05,0
LA_D_9972826,0,4.4925295e-05,0
LA_D_9973827,0,0.0033624952,0
LA_D_9987623,0,1.0451718e-05,0
LA_D_9999103,0,2.1265287e-05,0
LA_D_1012227,0,1.8820992e-05,0
LA_D_1014431,0,3.603322e-05,0
LA_D_1020531,0,0.00011448152,0
LA_D_1047504,0,5.6584748e-05,0
LA_D_1166735,0,5.9668284e-05,0
LA_D_1192014,0,3.1196527e-05,0
LA_D_1230496,0,1.952719e-05,0
LA_D_1237580,0,7.592438e-05,0
LA_D_1238377,0,1.0477956e-05,0
LA_D_1288544,0,4.2487973e-05,0
LA_D_1314828,0,0.00016011439,0
LA_D_1338441,0,4.6235737e-06,0
LA_D_1344270,0,6.123261e-05,0
LA_D_1381092,0,4.2491338e-05,0
LA_D_1397130,0,8.168569e-05,0
LA_D_1425279,0,3.879857e-05,0
LA_D_1435765,0,3.063227e-05,0
LA_D_1458324,0,4.862148e-05,0
LA_D_1515269,0,9.311955e-05,0
LA_D_1526999,0,1.24562475e-05,0
LA_D_1530272,0,9.602199e-05,0
LA_D_1547454,0,1.0325244e-05,0
LA_D_1557794,0,1.0062314e-05,0
LA_D_1560736,0,3.400863e-05,0
LA_D_1585396,0,5.8156013e-05,0
LA_D_1590976,0,1.3483283e-05,0
LA_D_1619482,0,1.8068062e-05,0
LA_D_1655868,0,3.768324e-05,0
LA_D_1695298,0,6.0174163e-05,0
LA_D_1735779,0,3.372333e-05,0
LA_D_1876117,0,3.307673e-05,0
LA_D_1884089,0,5.34744e-05,0
LA_D_1914746,0,3.7284855e-05,0
LA_D_1923715,0,7.683701e-05,0
LA_D_2015444,0,3.560586e-05,0
LA_D_2025462,0,4.9926034e-06,0
LA_D_2052501,0,0.0001297237,0
LA_D_2065855,0,1.2953107e-05,0
LA_D_2148710,0,2.4620485e-05,0
LA_D_2149013,0,3.822215e-05,0
LA_D_2156469,0,3.0710158e-05,0
LA_D_2227994,0,7.0950766e-05,0
LA_D_2245820,0,5.555919e-05,0
LA_D_2431217,0,3.1539756e-05,0
LA_D_2452864,0,0.00015536677,0
LA_D_2474451,0,2.7222166e-05,0
LA_D_2496402,0,0.00011130049,0
LA_D_2503752,0,0.00019663191,0
LA_D_2519640,0,6.718905e-05,0
LA_D_2559709,0,9.43154e-06,0
LA_D_2587582,0,4.2875094e-05,0
LA_D_2648488,0,2.1367192e-05,0
LA_D_2692844,0,8.0871956e-05,0
LA_D_2697285,0,3.0145842e-05,0
LA_D_2706144,0,7.849356e-05,0
LA_D_2740410,0,4.4569533e-05,0
LA_D_2749594,0,3.457205e-05,0
LA_D_2770309,0,3.458689e-05,0
LA_D_2818232,0,3.084806e-05,0
LA_D_2850788,0,1.0089401e-05,0
LA_D_2858116,0,7.693232e-05,0
LA_D_2937524,0,1.2782073e-05,0
LA_D_3016130,0,0.0007960223,0
LA_D_3063803,0,0.00032361632,0
LA_D_3110494,0,4.766287e-05,0
LA_D_3120664,0,0.00010771933,0
LA_D_3139923,0,0.0002219541,0
LA_D_3173801,0,5.3899483e-05,0
LA_D_3184034,0,2.0588071e-05,0
LA_D_3219891,0,0.00015375785,0
LA_D_3267906,0,3.551142e-05,0
LA_D_3318993,0,0.00015308084,0
LA_D_3326531,0,1.2279331e-05,0
LA_D_3327838,0,7.911073e-06,0
LA_D_3368117,0,4.777413e-05,0
LA_D_3433833,0,8.6804546e-05,0
LA_D_3487934,0,1.0053653e-05,0
LA_D_3507476,0,5.7547506e-05,0
LA_D_3554932,0,8.0966325e-05,0
LA_D_3587041,0,2.0748275e-05,0
LA_D_3602579,0,1.2020225e-05,0
LA_D_3606925,0,1.8132896e-05,0
LA_D_3610609,0,4.139974e-05,0
LA_D_3658839,0,3.6815014e-05,0
LA_D_3676858,0,2.7536218e-05,0
LA_D_3685984,0,9.1197486e-05,0
LA_D_3699071,0,2.4455561e-05,0
LA_D_3733676,0,4.495564e-05,0
LA_D_3740651,0,3.1808224e-05,0
LA_D_3740762,0,4.2243628e-05,0
LA_D_3782088,0,3.9235427e-05,0
LA_D_3817954,0,0.00011175417,0
LA_D_3830682,0,5.4921216e-05,0
LA_D_3839496,0,5.6417874e-05,0
LA_D_3840331,0,1.55698e-05,0
LA_D_3850321,0,0.000104532315,0
LA_D_3856735,0,8.244142e-06,0
LA_D_3902334,0,2.5904263e-05,0
LA_D_3950755,0,4.725875e-05,0
LA_D_3960317,0,1.2313312e-05,0
LA_D_3993363,0,0.00012045192,0
LA_D_4035314,0,1.8453009e-05,0
LA_D_4093608,0,7.737524e-05,0
LA_D_4114998,0,4.505959e-05,0
LA_D_4122059,0,6.320201e-05,0
LA_D_4126982,0,1.1164817e-05,0
LA_D_4155696,0,8.027411e-05,0
LA_D_4198062,0,3.89541e-05,0
LA_D_4200652,0,4.8418635e-05,0
LA_D_4208217,0,1.04479905e-05,0
LA_D_4259319,0,0.00041271173,0
LA_D_4274538,0,3.409191e-06,0
LA_D_4288070,0,0.0001249839,0
LA_D_4309778,0,3.336661e-05,0
LA_D_4359484,0,4.969098e-05,0
LA_D_4360635,0,5.733306e-05,0
LA_D_4460052,0,3.120816e-05,0
LA_D_4481392,0,6.401188e-05,0
LA_D_4489550,0,2.9325853e-05,0
LA_D_4517823,0,2.1336444e-05,0
LA_D_4552417,0,3.0691963e-06,0
LA_D_4561795,0,1.934414e-05,0
LA_D_4565934,0,1.0190384e-05,0
LA_D_4589903,0,1.9232155e-05,0
LA_D_4621507,0,3.0551488e-05,0
LA_D_4623174,0,0.00012033758,0
LA_D_4657513,0,4.102622e-05,0
LA_D_4723030,0,1.5717584e-05,0
LA_D_4729032,0,3.8069073e-05,0
LA_D_4739739,0,2.6216005e-05,0
LA_D_4777058,0,1.2842898e-05,0
LA_D_4778408,0,2.7695656e-05,0
LA_D_4797826,0,5.8996684e-05,0
LA_D_4808965,0,3.871087e-05,0
LA_D_4827296,0,4.9118695e-05,0
LA_D_4840118,0,8.098439e-05,0
LA_D_4841813,0,5.1654883e-06,0
LA_D_4880667,0,1.3186166e-05,0
LA_D_5040821,0,3.1584845e-05,0
LA_D_5058835,0,1.8954408e-05,0
LA_D_5066305,0,7.7656705e-06,0
LA_D_5085644,0,2.6005173e-05,0
LA_D_5154611,0,2.6112406e-05,0
LA_D_5178700,0,3.6509446e-05,0
LA_D_5184992,0,0.00023968161,0
LA_D_5220940,0,1.6029417e-05,0
LA_D_5241773,0,3.5763147e-05,0
LA_D_5259263,0,6.200725e-05,0
LA_D_5269116,0,0.00011680344,0
LA_D_5277230,0,4.231822e-05,0
LA_D_5303690,0,4.096488e-05,0
LA_D_5353056,0,1.887659e-05,0
LA_D_5376558,0,4.6213696e-05,0
LA_D_5387772,0,8.776526e-06,0
LA_D_5403183,0,4.8014237e-05,0
LA_D_5406612,0,1.7945964e-05,0
LA_D_5407124,0,3.6093264e-05,0
LA_D_5437611,0,4.0747545e-05,0
LA_D_5444377,0,2.6128922e-05,0
LA_D_5469841,0,3.825384e-05,0
LA_D_5498403,0,6.988596e-05,0
LA_D_5533562,0,1.567473e-05,0
LA_D_5590089,0,9.536461e-05,0
LA_D_5602225,0,0.00013783142,0
LA_D_5706924,0,2.316436e-05,0
LA_D_5783639,0,7.375181e-06,0
LA_D_5786466,0,4.9954197e-05,0
LA_D_5844700,0,3.086942e-05,0
LA_D_5935235,0,9.665814e-06,0
LA_D_5995130,0,3.6530342e-05,0
LA_D_6004575,0,3.1640524e-05,0
LA_D_6013939,0,1.1200116e-05,0
LA_D_6055160,0,2.2111302e-05,0
LA_D_6088049,0,2.4806039e-05,0
LA_D_6098836,0,2.057439e-05,0
LA_D_6112842,0,4.6234807e-05,0
LA_D_6199321,0,5.6517278e-05,0
LA_D_6212632,0,3.4822766e-05,0
LA_D_6226703,0,2.592146e-05,0
LA_D_6244357,0,2.9012579e-05,0
LA_D_6332465,0,6.799987e-05,0
LA_D_6455805,0,1.559301e-05,0
LA_D_6461375,0,3.1863114e-05,0
LA_D_6465292,0,2.7544464e-05,0
LA_D_6496142,0,2.9145189e-05,0
LA_D_6528108,0,2.5370993e-05,0
LA_D_6530873,0,9.734497e-05,0
LA_D_6544417,0,3.2332013e-05,0
LA_D_6545950,0,5.9890725e-05,0
LA_D_6570467,0,2.866523e-05,0
LA_D_6573674,0,1.0200731e-05,0
LA_D_6574286,0,5.323932e-05,0
LA_D_6582753,0,8.9273366e-05,0
LA_D_6599782,0,7.583104e-05,0
LA_D_6632470,0,3.6969108e-05,0
LA_D_6670740,0,2.7214457e-05,0
LA_D_6672788,0,7.15207e-05,0
LA_D_6675072,0,5.6633653e-05,0
LA_D_6715404,0,1.8670415e-05,0
LA_D_6725694,0,3.2202897e-05,0
LA_D_6755211,0,0.00011795272,0
LA_D_6807474,0,1.4683384e-05,0
LA_D_6837429,0,0.0001612394,0
LA_D_6920572,0,7.738852e-05,0
LA_D_6934750,0,3.664052e-05,0
LA_D_6987996,0,1.2425696e-05,0
LA_D_7007048,0,1.3317115e-05,0
LA_D_7013578,0,4.9897302e-05,0
LA_D_7097232,0,0.00019701477,0
LA_D_7151864,0,5.7185356e-05,0
LA_D_7166018,0,4.2301395e-05,0
LA_D_7171872,0,4.4257893e-05,0
LA_D_7177498,0,1.5750595e-05,0
LA_D_7181486,0,3.254081e-05,0
LA_D_7193682,0,2.8257078e-05,0
LA_D_7195216,0,0.00013072205,0
LA_D_7223335,0,1.9456664e-05,0
LA_D_7230744,0,2.083838e-05,0
LA_D_7254687,0,0.00010527626,0
LA_D_7262507,0,1.8504341e-05,0
LA_D_7265699,0,0.00012334717,0
LA_D_7271267,0,3.860352e-05,0
LA_D_7333937,0,9.114558e-05,0
LA_D_7360247,0,2.9078808e-05,0
LA_D_7369058,0,4.2726115e-05,0
LA_D_7376418,0,2.8303306e-05,0
LA_D_7451316,0,2.7565013e-05,0
LA_D_7454810,0,0.000104036495,0
LA_D_7463026,0,4.4558146e-05,0
LA_D_7518190,0,1.4238255e-05,0
LA_D_7529474,0,1.276878e-05,0
LA_D_7542817,0,7.854785e-05,0
LA_D_7556257,0,0.0003402619,0
LA_D_7559615,0,6.3523825e-05,0
LA_D_7574221,0,3.9312956e-05,0
LA_D_7615760,0,7.5900774e-05,0
LA_D_7621051,0,4.4049007e-06,0
LA_D_7632101,0,6.141378e-05,0
LA_D_7634677,0,1.492511e-05,0
LA_D_7641847,0,5.9889353e-05,0
LA_D_7641862,0,3.8582693e-05,0
LA_D_7647228,0,8.6239554e-05,0
LA_D_7677517,0,1.396485e-05,0
LA_D_7712332,0,0.000543421,0
LA_D_7760383,0,5.8161e-05,0
LA_D_7765965,0,8.556905e-05,0
LA_D_7824395,0,6.9879056e-06,0
LA_D_7848022,0,2.6946806e-05,0
LA_D_7851813,0,2.9375507e-05,0
LA_D_7914339,0,1.9995365e-05,0
LA_D_7934602,0,4.5214245e-05,0
LA_D_7966865,0,1.4550804e-05,0
LA_D_7978139,0,9.822157e-06,0
LA_D_8028538,0,1.1035512e-05,0
LA_D_8052889,0,8.613753e-06,0
LA_D_8143136,0,1.4006182e-05,0
LA_D_8155263,0,3.5276702e-05,0
LA_D_8213363,0,0.00010828752,0
LA_D_8255145,0,3.171723e-05,0
LA_D_8260557,0,9.153299e-06,0
LA_D_8295327,0,5.8626138e-05,0
LA_D_8311267,0,6.271654e-05,0
LA_D_8320215,0,8.7231325e-05,0
LA_D_8434598,0,9.392137e-06,0
LA_D_8440388,0,2.9062316e-05,0
LA_D_8468521,0,1.47235e-05,0
LA_D_8492918,0,2.790547e-05,0
LA_D_8553879,0,1.4105375e-05,0
LA_D_8588291,0,8.704109e-06,0
LA_D_8615151,0,9.753681e-06,0
LA_D_8638133,0,2.4040011e-05,0
LA_D_8757329,0,0.00014715102,0
LA_D_8794428,0,1.3427708e-05,0
LA_D_8878329,0,2.1173415e-05,0
LA_D_8896845,0,9.724393e-05,0
LA_D_8897918,0,6.961718e-05,0
LA_D_8938870,0,4.42265e-05,0
LA_D_8954870,0,6.501875e-05,0
LA_D_8972358,0,2.3418996e-05,0
LA_D_9051053,0,0.00013614443,0
LA_D_9089163,0,5.8501246e-06,0
LA_D_9133837,0,1.9778403e-05,0
LA_D_9161520,0,5.716551e-05,0
LA_D_9167700,0,2.3301016e-05,0
LA_D_9209868,0,4.446841e-05,0
LA_D_9283374,0,1.0889621e-05,0
LA_D_9285185,0,0.00011301982,0
LA_D_9415707,0,1.9349323e-05,0
LA_D_9419753,0,2.19975e-05,0
LA_D_9422039,0,5.3277003e-05,0
LA_D_9483474,0,6.214768e-05,0
LA_D_9490869,0,2.3948094e-05,0
LA_D_9499913,0,2.4880334e-05,0
LA_D_9524872,0,1.728363e-05,0
LA_D_9677105,0,1.43828465e-05,0
LA_D_9717884,0,8.214297e-05,0
LA_D_9718269,0,0.00027695973,0
LA_D_9721422,0,6.65345e-05,0
LA_D_9733138,0,3.0622075e-05,0
LA_D_9743129,0,0.00028876582,0
LA_D_9749726,0,1.1630589e-05,0
LA_D_9755038,0,2.0976015e-05,0
LA_D_9781850,0,0.00013969348,0
LA_D_9829062,0,7.7615485e-05,0
LA_D_9898895,0,1.2454572e-05,0
LA_D_9911508,0,1.5918256e-05,0
LA_D_9915639,0,6.1760584e-05,0
LA_D_9977828,0,3.6133006e-05,0
LA_D_1002626,0,1.9868145e-05,0
LA_D_1007975,0,1.4811886e-05,0
LA_D_1013553,0,2.434301e-05,0
LA_D_1021287,0,2.6684854e-06,0
LA_D_1027039,0,3.495175e-05,0
LA_D_1044414,0,6.2468476e-05,0
LA_D_1060987,0,2.6359803e-05,0
LA_D_1075128,0,7.584312e-05,0
LA_D_1075190,0,3.9096227e-05,0
LA_D_1145856,0,4.5010933e-05,0
LA_D_1146557,0,5.440499e-05,0
LA_D_1165413,0,6.7794326e-06,0
LA_D_1245164,0,2.7748308e-06,0
LA_D_1270677,0,3.1569576e-05,0
LA_D_1281285,0,0.00010197009,0
LA_D_1293149,0,1.3498221e-05,0
LA_D_1312652,0,2.5572463e-05,0
LA_D_1332227,0,0.00031460018,0
LA_D_1340170,0,5.675135e-06,0
LA_D_1358422,0,3.0561336e-05,0
LA_D_1391969,0,1.472902e-05,0
LA_D_1402940,0,5.5655546e-05,0
LA_D_1414224,0,3.743442e-05,0
LA_D_1415528,0,2.8506767e-05,0
LA_D_1425046,0,2.684613e-05,0
LA_D_1428381,0,3.0955325e-05,0
LA_D_1444623,0,6.35557e-05,0
LA_D_1453864,0,5.9019703e-06,0
LA_D_1476819,0,3.6299825e-05,0
LA_D_1510431,0,2.8095079e-05,0
LA_D_1512564,0,2.8031307e-05,0
LA_D_1517144,0,5.6158504e-05,0
LA_D_1526816,0,4.2823933e-05,0
LA_D_1529378,0,5.0588245e-05,0
LA_D_1539541,0,6.677145e-05,0
LA_D_1541459,0,0.00025226778,0
LA_D_1549509,0,0.00018563238,0
LA_D_1594826,0,1.7312514e-05,0
LA_D_1602771,0,2.6508738e-05,0
LA_D_1607262,0,4.586251e-05,0
LA_D_1648141,0,5.226483e-05,0
LA_D_1743004,0,2.8518949e-05,0
LA_D_1765969,0,2.7209086e-05,0
LA_D_1767206,0,8.041509e-05,0
LA_D_1789917,0,2.0393656e-05,0
LA_D_1805963,0,7.5718744e-05,0
LA_D_1862965,0,1.542935e-05,0
LA_D_1911374,0,2.2581033e-05,0
LA_D_1952275,0,0.00011958192,0
LA_D_1959983,0,3.0445415e-05,0
LA_D_1972495,0,1.7364864e-05,0
LA_D_2018291,0,3.835985e-05,0
LA_D_2087494,0,2.2269065e-05,0
LA_D_2103093,0,3.8729333e-05,0
LA_D_2117812,0,1.0112791e-05,0
LA_D_2123475,0,7.141901e-05,0
LA_D_2158229,0,0.00028863066,0
LA_D_2195628,0,7.4557706e-06,0
LA_D_2265384,0,2.8879062e-05,0
LA_D_2274956,0,2.6709333e-05,0
LA_D_2282941,0,3.6300862e-05,0
LA_D_2287068,0,3.7233476e-05,0
LA_D_2290106,0,0.00013094912,0
LA_D_2388321,0,4.105882e-05,0
LA_D_2424417,0,5.309573e-05,0
LA_D_2451686,0,4.3691853e-05,0
LA_D_2483131,0,3.5807614e-05,0
LA_D_2485529,0,8.71968e-05,0
LA_D_2489813,0,5.241786e-05,0
LA_D_2590761,0,4.254997e-05,0
LA_D_2621260,0,0.00014555344,0
LA_D_2625129,0,6.2981976e-06,0
LA_D_2655621,0,3.6399346e-05,0
LA_D_2692895,0,3.670252e-05,0
LA_D_2720424,0,0.000119721124,0
LA_D_2735004,0,8.161407e-05,0
LA_D_2736443,0,5.082731e-05,0
LA_D_2822470,0,0.00010273468,0
LA_D_2923476,0,0.00089968805,0
LA_D_2931790,0,1.3577502e-05,0
LA_D_3038261,0,1.927047e-05,0
LA_D_3094249,0,5.503178e-05,0
LA_D_3101356,0,4.7086858e-05,0
LA_D_3164806,0,1.5725456e-05,0
LA_D_3179309,0,0.000104473926,0
LA_D_3197490,0,4.9278493e-05,0
LA_D_3213920,0,7.1314e-05,0
LA_D_3248074,0,0.00032287915,0
LA_D_3275794,0,5.6478864e-05,0
LA_D_3307235,0,1.753624e-05,0
LA_D_3369365,0,2.730089e-05,0
LA_D_3418140,0,3.19237e-05,0
LA_D_3421613,0,3.3943506e-05,0
LA_D_3422355,0,1.3016261e-05,0
LA_D_3427328,0,9.867439e-06,0
LA_D_3460862,0,1.2928179e-05,0
LA_D_3476775,0,4.679924e-05,0
LA_D_3515006,0,6.2855084e-05,0
LA_D_3526562,0,2.0231984e-05,0
LA_D_3548689,0,3.538398e-05,0
LA_D_3589733,0,1.6782513e-05,0
LA_D_3603256,0,6.999167e-05,0
LA_D_3618771,0,3.2878317e-05,0
LA_D_3622353,0,1.2499217e-05,0
LA_D_3734390,0,3.1525895e-05,0
LA_D_3745321,0,3.450065e-05,0
LA_D_3750321,0,9.021447e-05,0
LA_D_3771602,0,8.538264e-05,0
LA_D_3774026,0,2.1791378e-05,0
LA_D_3857630,0,5.290377e-05,0
LA_D_3863951,0,4.748734e-05,0
LA_D_3895547,0,5.1793322e-05,0
LA_D_3911013,0,1.3594969e-05,0
LA_D_3913064,0,6.575633e-05,0
LA_D_3916686,0,8.061225e-05,0
LA_D_3931322,0,0.00010652298,0
LA_D_3965995,0,2.6440417e-05,0
LA_D_3975408,0,8.108113e-05,0
LA_D_3977983,0,3.0621108e-05,0
LA_D_3989469,0,1.5434543e-05,0
LA_D_4018947,0,1.0703235e-05,0
LA_D_4035138,0,6.680418e-05,0
LA_D_4036070,0,5.3738586e-05,0
LA_D_4037538,0,1.7258857e-05,0
LA_D_4071164,0,6.407748e-05,0
LA_D_4079359,0,0.00018878917,0
LA_D_4107017,0,4.5321794e-06,0
LA_D_4116325,0,3.4533434e-05,0
LA_D_4150517,0,3.4243076e-05,0
LA_D_4167033,0,2.6786081e-05,0
LA_D_4232929,0,4.944593e-05,0
LA_D_4249206,0,3.835217e-05,0
LA_D_4262014,0,1.7043496e-05,0
LA_D_4331052,0,2.6670365e-05,0
LA_D_4344547,0,3.394506e-05,0
LA_D_4382110,0,5.8733855e-05,0
LA_D_4411229,0,2.1856855e-05,0
LA_D_4452994,0,3.4944685e-05,0
LA_D_4467077,0,5.8432408e-05,0
LA_D_4505290,0,7.4501127e-06,0
LA_D_4539356,0,4.2972188e-05,0
LA_D_4555408,0,2.0172856e-05,0
LA_D_4585593,0,1.2974966e-05,0
LA_D_4606355,0,7.658866e-05,0
LA_D_4627319,0,3.2587548e-05,0
LA_D_4685861,0,9.411612e-06,0
LA_D_4708179,0,0.000108765526,0
LA_D_4735638,0,6.129577e-05,0
LA_D_4744246,0,1.8935763e-05,0
LA_D_4767892,0,2.9875047e-05,0
LA_D_4793229,0,6.0815943e-05,0
LA_D_4796348,0,0.0003090553,0
LA_D_4969991,0,0.00018804004,0
LA_D_4991294,0,2.2241327e-05,0
LA_D_5012127,0,4.367294e-05,0
LA_D_5055165,0,3.605226e-05,0
LA_D_5109561,0,7.2680865e-05,0
LA_D_5140508,0,4.117653e-05,0
LA_D_5163761,0,1.2553487e-05,0
LA_D_5193544,0,3.5515044e-05,0
LA_D_5220521,0,6.710914e-05,0
LA_D_5253806,0,5.8204005e-05,0
LA_D_5269911,0,1.9983792e-05,0
LA_D_5312245,0,0.00020346462,0
LA_D_5404458,0,3.2611766e-05,0
LA_D_5409509,0,1.8135386e-05,0
LA_D_5459095,0,9.638269e-05,0
LA_D_5476884,0,8.71702e-05,0
LA_D_5486513,0,1.6560789e-05,0
LA_D_5536552,0,3.2284446e-05,0
LA_D_5549592,0,1.4857441e-05,0
LA_D_5609423,0,4.944886e-05,0
LA_D_5613500,0,3.3692533e-05,0
LA_D_5622630,0,5.751201e-05,0
LA_D_5673312,0,2.2421322e-05,0
LA_D_5679192,0,2.8732395e-05,0
LA_D_5685998,0,0.00026024622,0
LA_D_5769309,0,2.5000589e-05,0
LA_D_5801020,0,3.8611397e-05,0
LA_D_5830923,0,2.0768883e-05,0
LA_D_5861399,0,3.2087086e-05,0
LA_D_5887076,0,0.000115749026,0
LA_D_5908876,0,2.2815026e-05,0
LA_D_6028756,0,9.7723045e-05,0
LA_D_6062114,0,4.7531426e-05,0
LA_D_6079609,0,9.278114e-06,0
LA_D_6113648,0,2.2557619e-05,0
LA_D_6141449,0,1.4341483e-05,0
LA_D_6161090,0,9.6847594e-05,0
LA_D_6161483,0,4.0084786e-05,0
LA_D_6165815,0,4.8169844e-05,0
LA_D_6184039,0,0.00013875093,0
LA_D_6206158,0,3.606632e-05,0
LA_D_6291610,0,4.1597094e-05,0
LA_D_6432124,0,3.014711e-05,0
LA_D_6449816,0,2.1388169e-05,0
LA_D_6462722,0,1.6003587e-05,0
LA_D_6525457,0,3.9614253e-05,0
LA_D_6603638,0,1.8511877e-05,0
LA_D_6634413,0,2.6729154e-05,0
LA_D_6656541,0,1.6421842e-05,0
LA_D_6698865,0,2.3140863e-05,0
LA_D_6709571,0,5.8525202e-05,0
LA_D_6710971,0,2.4152563e-05,0
LA_D_6773995,0,1.860898e-05,0
LA_D_6777944,0,1.606486e-05,0
LA_D_6791229,0,5.2480686e-06,0
LA_D_6807774,0,7.278448e-05,0
LA_D_6842546,0,1.9728031e-05,0
LA_D_6847229,0,2.027581e-05,0
LA_D_6854275,0,1.4429642e-05,0
LA_D_6897891,0,1.0678601e-05,0
LA_D_6953783,0,0.00010432539,0
LA_D_6973097,0,1.0368276e-05,0
LA_D_6987202,0,5.2469477e-05,0
LA_D_7086357,0,6.808662e-05,0
LA_D_7097361,0,1.7357397e-05,0
LA_D_7116605,0,7.441133e-05,0
LA_D_7187563,0,1.9629373e-05,0
LA_D_7209731,0,3.2440545e-05,0
LA_D_7289655,0,0.00011106872,0
LA_D_7312870,0,7.226054e-05,0
LA_D_7336188,0,7.2521616e-06,0
LA_D_7346067,0,4.5274e-05,0
LA_D_7354898,0,1.4287044e-05,0
LA_D_7431998,0,3.2720236e-05,0
LA_D_7470679,0,6.5100765e-05,0
LA_D_7473728,0,8.062952e-06,0
LA_D_7551227,0,6.271702e-05,0
LA_D_7623757,0,2.288432e-05,0
LA_D_7647218,0,4.2100175e-05,0
LA_D_7659039,0,6.860489e-05,0
LA_D_7683536,0,3.8741524e-05,0
LA_D_7773540,0,7.547466e-05,0
LA_D_7803058,0,1.35297305e-05,0
LA_D_7804582,0,3.21196e-05,0
LA_D_7824709,0,3.716501e-05,0
LA_D_7828554,0,5.3205516e-05,0
LA_D_7853660,0,6.647463e-05,0
LA_D_7895951,0,2.5549523e-05,0
LA_D_7905993,0,2.3932591e-05,0
LA_D_7944594,0,6.292634e-05,0
LA_D_8006888,0,1.4616671e-05,0
LA_D_8030557,0,3.05456e-05,0
LA_D_8103199,0,8.558749e-05,0
LA_D_8125961,0,7.218864e-05,0
LA_D_8167492,0,3.5914927e-05,0
LA_D_8172970,0,3.5215457e-05,0
LA_D_8257425,0,4.0160165e-05,0
LA_D_8261981,0,7.897799e-05,0
LA_D_8263001,0,2.464217e-05,0
LA_D_8282334,0,1.2897344e-05,0
LA_D_8352186,0,0.000114011986,0
LA_D_8368027,0,0.000269539,0
LA_D_8377834,0,6.174085e-05,0
LA_D_8445966,0,4.4736717e-05,0
LA_D_8450378,0,3.9625967e-05,0
LA_D_8478346,0,2.5133979e-05,0
LA_D_8481884,0,8.148498e-05,0
LA_D_8511990,0,5.783491e-06,0
LA_D_8521403,0,1.8214267e-05,0
LA_D_8582209,0,2.4369769e-05,0
LA_D_8594091,0,5.8953494e-05,0
LA_D_8610307,0,0.00010039662,0
LA_D_8635185,0,1.8427243e-05,0
LA_D_8675909,0,2.2311238e-05,0
LA_D_8702097,0,8.394095e-05,0
LA_D_8736560,0,4.626312e-05,0
LA_D_8739986,0,5.9260452e-05,0
LA_D_8743472,0,4.622008e-05,0
LA_D_8779034,0,3.4928325e-05,0
LA_D_8798927,0,4.6970827e-06,0
LA_D_8988479,0,2.3304394e-05,0
LA_D_9021893,0,3.9631595e-05,0
LA_D_9119095,0,2.952036e-05,0
LA_D_9183719,0,4.7682923e-05,0
LA_D_9192418,0,0.000106717795,0
LA_D_9197542,0,9.533961e-05,0
LA_D_9203142,0,5.5193123e-05,0
LA_D_9232895,0,5.3005282e-05,0
LA_D_9289288,0,2.9646948e-05,0
LA_D_9344368,0,4.225398e-05,0
LA_D_9363151,0,4.2228283e-05,0
LA_D_9382127,0,7.295545e-06,0
LA_D_9384507,0,3.2712123e-05,0
LA_D_9431218,0,0.00018392815,0
LA_D_9459944,0,2.4706407e-05,0
LA_D_9467977,0,2.1758713e-05,0
LA_D_9492240,0,3.925826e-05,0
LA_D_9500692,0,1.9221648e-05,0
LA_D_9505564,0,9.166839e-05,0
LA_D_9520422,0,1.0867927e-05,0
LA_D_9566347,0,3.1284653e-05,0
LA_D_9581321,0,0.00011751219,0
LA_D_9635349,0,4.0949682e-05,0
LA_D_9664872,0,2.5459654e-05,0
LA_D_9678415,0,5.7022313e-05,0
LA_D_9712952,0,0.0005867039,0
LA_D_9731820,0,8.034268e-06,0
LA_D_9753113,0,5.3319087e-05,0
LA_D_9801886,0,1.4874794e-05,0
LA_D_9838599,0,0.00010911207,0
LA_D_9872046,0,3.3573826e-05,0
LA_D_9872925,0,1.0481393e-05,0
LA_D_9934410,0,1.2436568e-05,0
LA_D_9955936,0,1.7570374e-05,0
LA_D_9980325,0,1.4295684e-05,0
LA_D_9982743,0,2.594889e-05,0
LA_D_1001095,0,5.6696277e-05,0
LA_D_1036594,0,4.2207866e-05,0
LA_D_1036986,0,0.0006116201,0
LA_D_1065306,0,2.9054667e-05,0
LA_D_1073474,0,3.1309846e-05,0
LA_D_1084765,0,1.3932897e-05,0
LA_D_1085765,0,5.030125e-05,0
LA_D_1097191,0,3.2622655e-05,0
LA_D_1202021,0,0.00016855758,0
LA_D_1261801,0,3.9748666e-05,0
LA_D_1264748,0,9.345457e-05,0
LA_D_1325941,0,3.430266e-05,0
LA_D_1348124,0,5.4763845e-05,0
LA_D_1362199,0,2.4915116e-05,0
LA_D_1369901,0,0.00010325541,0
LA_D_1385978,0,2.29713e-05,0
LA_D_1401409,0,4.6254256e-05,0
LA_D_1473361,0,0.00010768431,0
LA_D_1477090,0,3.7970276e-05,0
LA_D_1533857,0,6.23435e-05,0
LA_D_1541976,0,4.1063442e-05,0
LA_D_1580544,0,0.000205224,0
LA_D_1653412,0,5.3866603e-05,0
LA_D_1656978,0,0.00012552972,0
LA_D_1675990,0,0.00011484726,0
LA_D_1689302,0,0.00023075477,0
LA_D_1699219,0,2.6971049e-05,0
LA_D_1733065,0,6.8793306e-05,0
LA_D_1782967,0,0.00011773157,0
LA_D_1808507,0,3.444578e-05,0
LA_D_1811445,0,9.177064e-05,0
LA_D_1830846,0,4.8291175e-05,0
LA_D_1845069,0,5.901165e-05,0
LA_D_1882691,0,0.00012785484,0
LA_D_1897752,0,3.8266062e-05,0
LA_D_1907831,0,7.439544e-05,0
LA_D_1990270,0,1.5233155e-05,0
LA_D_1999219,0,0.0001825418,0
LA_D_2000093,0,6.1913604e-05,0
LA_D_2034813,0,0.000108924956,0
LA_D_2039768,0,0.0001592907,0
LA_D_2049455,0,7.922563e-05,0
LA_D_2065272,0,1.2256961e-05,0
LA_D_2074516,0,6.962129e-05,0
LA_D_2085012,0,0.000107477805,0
LA_D_2113565,0,8.33263e-05,0
LA_D_2125183,0,7.557325e-05,0
LA_D_2143803,0,8.5246866e-05,0
LA_D_2146476,0,8.746179e-05,0
LA_D_2156580,0,4.2593652e-05,0
LA_D_2165611,0,0.000146682,0
LA_D_2185134,0,0.00020973805,0
LA_D_2195201,0,4.2100175e-05,0
LA_D_2231364,0,8.2068116e-05,0
LA_D_2327416,0,2.1782214e-05,0
LA_D_2332467,0,4.5813205e-05,0
LA_D_2396773,0,9.470261e-06,0
LA_D_2413811,0,5.268969e-05,0
LA_D_2418943,0,5.356984e-05,0
LA_D_2419036,0,3.5816563e-05,0
LA_D_2434538,0,7.612774e-05,0
LA_D_2488913,0,0.00015012985,0
LA_D_2490025,0,0.00015944222,0
LA_D_2553532,0,1.9682779e-05,0
LA_D_2566690,0,0.0001131748,0
LA_D_2576768,0,0.00011297704,0
LA_D_2602113,0,0.00017049552,0
LA_D_2609052,0,5.8482245e-05,0
LA_D_2623262,0,7.575039e-05,0
LA_D_2625605,0,0.0010494996,0
LA_D_2649278,0,2.725625e-05,0
LA_D_2649880,0,1.556799e-05,0
LA_D_2655283,0,4.046317e-05,0
LA_D_2693758,0,3.859458e-05,0
LA_D_2705731,0,0.00015289891,0
LA_D_2708980,0,6.9684655e-05,0
LA_D_2736449,0,0.00010872404,0
LA_D_2772837,0,6.8208996e-05,0
LA_D_2825662,0,3.695702e-05,0
LA_D_2826776,0,1.7849972e-05,0
LA_D_2835735,0,7.563302e-05,0
LA_D_2849155,0,2.27564e-05,0
LA_D_2853662,0,3.0516952e-05,0
LA_D_2885274,0,6.6161774e-05,0
LA_D_2912682,0,0.00011721628,0
LA_D_2928032,0,0.00012535401,0
LA_D_2948723,0,0.00017691204,0
LA_D_3019114,0,3.8754162e-05,0
LA_D_3081777,0,3.3079126e-05,0
LA_D_3101866,0,6.166224e-05,0
LA_D_3116504,0,2.3507806e-05,0
LA_D_3116736,0,4.3071064e-05,0
LA_D_3144655,0,4.5342185e-05,0
LA_D_3153050,0,8.5855696e-05,0
LA_D_3158608,0,9.720249e-05,0
LA_D_3159204,0,3.8188664e-05,0
LA_D_3176378,0,4.703014e-05,0
LA_D_3251300,0,5.8354057e-05,0
LA_D_3254201,0,0.00013551148,0
LA_D_3259137,0,2.6897436e-05,0
LA_D_3347156,0,0.00031013202,0
LA_D_3349453,0,9.790026e-05,0
LA_D_3383046,0,0.0001262531,0
LA_D_3386727,0,4.8419653e-05,0
LA_D_3446645,0,3.164487e-05,0
LA_D_3461953,0,9.3727576e-05,0
LA_D_3468801,0,0.00010167782,0
LA_D_3508879,0,3.635165e-05,0
LA_D_3533916,0,0.00024348621,0
LA_D_3534602,0,0.0001208509,0
LA_D_3539484,0,4.855587e-05,0
LA_D_3582380,0,0.00012974051,0
LA_D_3593928,0,0.00010987217,0
LA_D_3597531,0,7.7786724e-05,0
LA_D_3611560,0,4.7717673e-05,0
LA_D_3666804,0,3.5325313e-05,0
LA_D_3682065,0,0.00083216425,0
LA_D_3682613,0,1.8530618e-05,0
LA_D_3701247,0,0.00031661193,0
LA_D_3746495,0,8.0392696e-05,0
LA_D_3760422,0,6.510262e-05,0
LA_D_3773329,0,1.7805292e-05,0
LA_D_3808030,0,5.019128e-05,0
LA_D_3823574,0,0.00012687476,0
LA_D_3827873,0,9.544676e-05,0
LA_D_3835319,0,0.000105873456,0
LA_D_3865981,0,5.093698e-05,0
LA_D_4024245,0,0.00019851953,0
LA_D_4048880,0,4.651692e-05,0
LA_D_4057176,0,2.4142497e-05,0
LA_D_4099596,0,0.00016650108,0
LA_D_4142832,0,3.2290016e-05,0
LA_D_4162885,0,8.405365e-05,0
LA_D_4176167,0,0.0005832026,0
LA_D_4185000,0,4.4029435e-05,0
LA_D_4185261,0,1.9427833e-05,0
LA_D_4192008,0,4.4974204e-05,0
LA_D_4200824,0,0.00037169128,0
LA_D_4200974,0,0.00010282446,0
LA_D_4206836,0,6.4887805e-05,0
LA_D_4218588,0,0.00017596457,0
LA_D_4226126,0,8.8748566e-05,0
LA_D_4239904,0,7.6045384e-05,0
LA_D_4290017,0,4.7948757e-05,0
LA_D_4304225,0,0.00013249174,0
LA_D_4335932,0,0.00020725827,0
LA_D_4348413,0,7.916733e-05,0
LA_D_4353332,0,4.5231624e-05,0
LA_D_4365682,0,2.7008344e-05,0
LA_D_4377114,0,4.2700533e-05,0
LA_D_4442511,0,0.00019088795,0
LA_D_4488788,0,1.2844111e-05,0
LA_D_4507888,0,0.000100255405,0
LA_D_4554509,0,4.844191e-05,0
LA_D_4556349,0,0.00031231318,0
LA_D_4562728,0,6.494401e-05,0
LA_D_4567965,0,0.00017487934,0
LA_D_4593541,0,0.00018114343,0
LA_D_4601171,0,0.00012235646,0
LA_D_4601616,0,3.8247494e-05,0
LA_D_4617063,0,9.427822e-05,0
LA_D_4626453,0,9.325142e-05,0
LA_D_4678507,0,5.526444e-05,0
LA_D_4683975,0,0.00010022712,0
LA_D_4745476,0,0.00019624927,0
LA_D_4776677,0,6.349621e-05,0
LA_D_4784347,0,4.487687e-05,0
LA_D_4810605,0,0.00017895919,0
LA_D_4816769,0,0.00013350553,0
LA_D_4845159,0,3.114127e-05,0
LA_D_4899370,0,0.00014402716,0
LA_D_4914250,0,0.00030490672,0
LA_D_4929765,0,3.7283153e-05,0
LA_D_4931376,0,2.7021948e-05,0
LA_D_4935046,0,5.882169e-05,0
LA_D_4935731,0,5.529718e-05,0
LA_D_4939706,0,4.0629973e-05,0
LA_D_4954651,0,3.87847e-05,0
LA_D_4974078,0,1.4855544e-05,0
LA_D_4979175,0,0.0059459517,0
LA_D_5013283,0,6.607987e-05,0
LA_D_5070679,0,8.351921e-05,0
LA_D_5073015,0,4.3622244e-05,0
LA_D_5074932,0,0.00017312434,0
LA_D_5081966,0,2.3076076e-05,0
LA_D_5091510,0,9.297519e-05,0
LA_D_5117623,0,6.55146e-05,0
LA_D_5131724,0,0.00012614467,0
LA_D_5136094,0,6.103149e-05,0
LA_D_5198588,0,8.9064444e-05,0
LA_D_5212385,0,5.8144033e-05,0
LA_D_5239066,0,0.000120797224,0
LA_D_5246528,0,0.00023810111,0
LA_D_5263011,0,6.9275586e-05,0
LA_D_5269027,0,4.166435e-05,0
LA_D_5294224,0,0.00010847447,0
LA_D_5297638,0,2.3816838e-05,0
LA_D_5299238,0,0.00010765033,0
LA_D_5325527,0,2.5137288e-05,0
LA_D_5372592,0,1.2302866e-05,0
LA_D_5393942,0,0.00013098032,0
LA_D_5404416,0,0.00016509472,0
LA_D_5448101,0,0.00017794268,0
LA_D_5458900,0,0.0001407825,0
LA_D_5478028,0,0.00017583994,0
LA_D_5548468,0,9.7339034e-05,0
LA_D_5574945,0,2.0617603e-05,0
LA_D_5576148,0,0.00049610884,0
LA_D_5611461,0,6.5932196e-05,0
LA_D_5677611,0,0.00019626778,0
LA_D_5687626,0,0.00010822445,0
LA_D_5718984,0,6.492122e-05,0
LA_D_5723608,0,7.1620285e-05,0
LA_D_5734083,0,2.8382445e-05,0
LA_D_5743745,0,0.00015795593,0
LA_D_5760810,0,0.00010357156,0
LA_D_5770424,0,0.00010277367,0
LA_D_5779022,0,0.00010378501,0
LA_D_5817478,0,2.4341014e-05,0
LA_D_5821269,0,4.7586072e-05,0
LA_D_5858787,0,6.195093e-05,0
LA_D_5871485,0,0.00023097181,0
LA_D_5878266,0,1.2933828e-05,0
LA_D_5911892,0,2.8353634e-05,0
LA_D_5986701,0,7.932293e-05,0
LA_D_6060308,0,3.2003198e-05,0
LA_D_6062316,0,7.104094e-05,0
LA_D_6086453,0,3.1392152e-05,0
LA_D_6093454,0,2.5353338e-05,0
LA_D_6100016,0,7.665654e-05,0
LA_D_6124016,0,0.0003108054,0
LA_D_6179252,0,7.577783e-05,0
LA_D_6186728,0,8.4608204e-05,0
LA_D_6208335,0,0.03466169,0
LA_D_6218509,0,3.5716726e-05,0
LA_D_6238446,0,4.0253108e-05,0
LA_D_6243690,0,5.0370658e-05,0
LA_D_6264639,0,2.4784329e-05,0
LA_D_6268296,0,4.2666587e-05,0
LA_D_6270876,0,0.00015161783,0
LA_D_6280073,0,0.0007530898,0
LA_D_6301940,0,0.00013849608,0
LA_D_6315906,0,6.9548296e-05,0
LA_D_6404209,0,2.4134371e-05,0
LA_D_6410108,0,9.467977e-05,0
LA_D_6417597,0,0.00010153161,0
LA_D_6442890,0,0.00012580617,0
LA_D_6522313,0,6.256714e-05,0
LA_D_6550883,0,5.5198703e-05,0
LA_D_6551713,0,7.4958516e-05,0
LA_D_6565562,0,7.550294e-05,0
LA_D_6598988,0,4.4274526e-05,0
LA_D_6651726,0,7.8104924e-05,0
LA_D_6660188,0,0.000120020835,0
LA_D_6751883,0,0.000114108894,0
LA_D_6798093,0,7.668168e-05,0
LA_D_6840690,0,0.00018004912,0
LA_D_6893250,0,3.4789206e-05,0
LA_D_6904176,0,0.0001277459,0
LA_D_6905344,0,9.866229e-05,0
LA_D_6913174,0,0.00016318656,0
LA_D_6925836,0,0.000121350924,0
LA_D_6931090,0,6.8055204e-05,0
LA_D_6965307,0,1.7482538e-05,0
LA_D_6993157,0,7.972864e-05,0
LA_D_7015244,0,4.9680937e-05,0
LA_D_7029392,0,0.0002824724,0
LA_D_7034755,0,0.00037190784,0
LA_D_7064323,0,3.143505e-05,0
LA_D_7065500,0,0.00014569036,0
LA_D_7100095,0,0.000118831354,0
LA_D_7111174,0,4.0529783e-05,0
LA_D_7138620,0,0.000595396,0
LA_D_7190406,0,0.0001281297,0
LA_D_7197317,0,0.00056273973,0
LA_D_7218513,0,7.02191e-05,0
LA_D_7225053,0,1.2750018e-05,0
LA_D_7233780,0,5.135585e-05,0
LA_D_7234016,0,4.893211e-05,0
LA_D_7253817,0,7.287268e-05,0
LA_D_7295722,0,0.0001304598,0
LA_D_7310490,0,5.8864953e-05,0
LA_D_7325649,0,0.0001111057,0
LA_D_7347549,0,1.3097721e-05,0
LA_D_7366011,0,5.157838e-05,0
LA_D_7373652,0,5.5298176e-05,0
LA_D_7377187,0,0.00038320923,0
LA_D_7389015,0,0.0002835174,0
LA_D_7410620,0,0.0018036762,0
LA_D_7414510,0,0.00023309584,0
LA_D_7421940,0,0.00013307137,0
LA_D_7430660,0,0.00011490729,0
LA_D_7440074,0,2.2941658e-05,0
LA_D_7480369,0,0.00034751702,0
LA_D_7484636,0,4.7884467e-05,0
LA_D_7490527,0,0.00028940936,0
LA_D_7493894,0,0.00010611279,0
LA_D_7525244,0,4.1691535e-05,0
LA_D_7533258,0,0.0001386754,0
LA_D_7535853,0,0.0001668886,0
LA_D_7554684,0,0.00024423978,0
LA_D_7574071,0,8.65929e-05,0
LA_D_7588214,0,0.00013109678,0
LA_D_7591549,0,1.5213542e-05,0
LA_D_7625011,0,4.118521e-05,0
LA_D_7627669,0,4.65108e-05,0
LA_D_7655266,0,0.00015557329,0
LA_D_7656709,0,6.373796e-05,0
LA_D_7681644,0,8.777e-05,0
LA_D_7693912,0,0.001079081,0
LA_D_7694213,0,4.9494338e-05,0
LA_D_7755104,0,0.00011289045,0
LA_D_7770558,0,9.885921e-05,0
LA_D_7774318,0,3.944575e-05,0
LA_D_7795831,0,0.00010890615,0
LA_D_7823248,0,9.903263e-05,0
LA_D_7906665,0,4.254782e-05,0
LA_D_7933136,0,4.3107717e-05,0
LA_D_7970494,0,0.0001955175,0
LA_D_7972028,0,0.00020769805,0
LA_D_7974481,0,0.0003697935,0
LA_D_8024787,0,0.000195201,0
LA_D_8028295,0,0.00018598336,0
LA_D_8062342,0,0.00010385521,0
LA_D_8066346,0,4.0323263e-05,0
LA_D_8094005,0,1.9672158e-05,0
LA_D_8099511,0,0.000105694104,0
LA_D_8128338,0,9.974734e-05,0
LA_D_8128760,0,8.800056e-05,0
LA_D_8159037,0,0.00011755051,0
LA_D_8169401,0,7.1627175e-05,0
LA_D_8182963,0,0.0012535654,0
LA_D_8191193,0,1.9526984e-05,0
LA_D_8244933,0,8.00357e-05,0
LA_D_8310080,0,0.00015638654,0
LA_D_8317011,0,0.0002680378,0
LA_D_8357910,0,0.00017530141,0
LA_D_8373522,0,0.00015133689,0
LA_D_8452415,0,0.00021753467,0
LA_D_8473995,0,1.2197119e-05,0
LA_D_8480524,0,7.3769595e-05,0
LA_D_8546378,0,1.8630288e-05,0
LA_D_8561006,0,4.8960817e-05,0
LA_D_8583087,0,0.00021155468,0
LA_D_8587705,0,0.00010057082,0
LA_D_8610426,0,2.6973212e-05,0
LA_D_8618689,0,0.000110262496,0
LA_D_8619253,0,0.00026280325,0
LA_D_8631402,0,5.000481e-05,0
LA_D_8682472,0,5.800425e-05,0
LA_D_8763399,0,3.8577688e-05,0
LA_D_8764534,0,0.00027074982,0
LA_D_8801530,0,0.0001323218,0
LA_D_8833920,0,6.156277e-05,0
LA_D_8867068,0,5.60569e-05,0
LA_D_8875770,0,5.310211e-05,0
LA_D_8889202,0,0.00010154585,0
LA_D_8891088,0,8.956609e-05,0
LA_D_8932992,0,0.00013767275,0
LA_D_8937390,0,8.6719745e-05,0
LA_D_8957959,0,8.8225395e-05,0
LA_D_8962012,0,2.0162337e-05,0
LA_D_8969618,0,5.9408874e-05,0
LA_D_8976318,0,0.00010368421,0
LA_D_9001681,0,0.00012310616,0
LA_D_9011511,0,0.0001381272,0
LA_D_9023318,0,3.958657e-05,0
LA_D_9048413,0,6.245793e-05,0
LA_D_9053095,0,0.00016978139,0
LA_D_9059452,0,0.00015048301,0
LA_D_9109915,0,2.254753e-05,0
LA_D_9119177,0,7.873015e-05,0
LA_D_9131527,0,0.00018596422,0
LA_D_9148724,0,3.7622525e-05,0
LA_D_9160139,0,0.0002287072,0
LA_D_9160943,0,0.00025133198,0
LA_D_9173096,0,6.216089e-05,0
LA_D_9196257,0,0.0001548047,0
LA_D_9233697,0,0.00014835276,0
LA_D_9259569,0,5.1368293e-05,0
LA_D_9275774,0,0.0001711384,0
LA_D_9310262,0,3.930906e-05,0
LA_D_9355453,0,0.00029866208,0
LA_D_9374784,0,0.00027087893,0
LA_D_9379842,0,3.4205084e-05,0
LA_D_9410329,0,9.2960654e-05,0
LA_D_9421514,0,0.00013102205,0
LA_D_9422436,0,1.6588925e-05,0
LA_D_9436350,0,0.000789366,0
LA_D_9439087,0,0.00016575515,0
LA_D_9444024,0,8.229884e-05,0
LA_D_9481030,0,8.42341e-05,0
LA_D_9535722,0,0.000101374404,0
LA_D_9577103,0,0.00012373038,0
LA_D_9584769,0,5.3862543e-05,0
LA_D_9585648,0,6.4043634e-05,0
LA_D_9588548,0,3.2901404e-05,0
LA_D_9594921,0,4.719817e-05,0
LA_D_9596234,0,3.3280525e-05,0
LA_D_9596658,0,9.5871386e-05,0
LA_D_9604838,0,7.475236e-05,0
LA_D_9635881,0,3.8406335e-05,0
LA_D_9642537,0,3.72158e-05,0
LA_D_9654253,0,5.2339943e-05,0
LA_D_9688839,0,3.2096417e-05,0
LA_D_9694827,0,0.00010513822,0
LA_D_9749510,0,7.181526e-05,0
LA_D_9767258,0,3.227755e-05,0
LA_D_9829627,0,0.000118524345,0
LA_D_9831804,0,8.286339e-05,0
LA_D_9930845,0,6.08475e-05,0
LA_D_9982535,0,0.00011350529,0
LA_D_9993251,0,3.751397e-05,0
LA_D_9993800,0,2.5838832e-05,0
LA_D_1004774,0,3.6388654e-05,0
LA_D_1020087,0,1.0875808e-05,0
LA_D_1083406,0,1.32083915e-05,0
LA_D_1088963,0,8.452735e-06,0
LA_D_1091851,0,4.1246483e-05,0
LA_D_1094379,0,2.7397182e-05,0
LA_D_1144247,0,3.29761e-05,0
LA_D_1206907,0,9.6601405e-05,0
LA_D_1249012,0,3.2323074e-05,0
LA_D_1251939,0,5.12755e-05,0
LA_D_1258579,0,6.024831e-06,0
LA_D_1296597,0,2.7746915e-05,0
LA_D_1301398,0,3.1425818e-05,0
LA_D_1336509,0,2.4625348e-05,0
LA_D_1397703,0,4.208733e-05,0
LA_D_1530620,0,3.0218345e-05,0
LA_D_1561911,0,1.5512119e-06,0
LA_D_1566347,0,5.237e-05,0
LA_D_1569257,0,5.2483036e-05,0
LA_D_1591743,0,7.882968e-06,0
LA_D_1598405,0,1.9004761e-05,0
LA_D_1609660,0,5.2036306e-05,0
LA_D_1613936,0,3.8570808e-05,0
LA_D_1646097,0,1.9512632e-05,0
LA_D_1715749,0,1.8801815e-05,0
LA_D_1728757,0,2.0955702e-05,0
LA_D_1732607,0,9.02673e-05,0
LA_D_1767120,0,5.776028e-05,0
LA_D_1768591,0,6.219943e-05,0
LA_D_1768659,0,7.707992e-05,0
LA_D_1783287,0,7.4051524e-05,0
LA_D_1901077,0,0.00015926748,0
LA_D_1928274,0,5.359927e-05,0
LA_D_1988141,0,3.7318077e-05,0
LA_D_2031889,0,4.5065906e-05,0
LA_D_2033572,0,1.3567162e-05,0
LA_D_2147894,0,2.3605731e-05,0
LA_D_2185899,0,9.22915e-05,0
LA_D_2187760,0,2.4313638e-05,0
LA_D_2195595,0,6.9720816e-05,0
LA_D_2197541,0,1.2851351e-05,0
LA_D_2200669,0,7.5640084e-05,0
LA_D_2227552,0,1.6367432e-05,0
LA_D_2279448,0,3.6760215e-05,0
LA_D_2280644,0,7.3355623e-06,0
LA_D_2290771,0,0.000102729195,0
LA_D_2300597,0,3.7859568e-06,0
LA_D_2307932,0,0.000116751224,0
LA_D_2309565,0,1.6686998e-05,0
LA_D_2347486,0,4.4097804e-05,0
LA_D_2368097,0,3.272106e-06,0
LA_D_2395699,0,4.069609e-05,0
LA_D_2419825,0,5.429413e-05,0
LA_D_2427170,0,6.496667e-06,0
LA_D_2427445,0,9.033455e-05,0
LA_D_2437399,0,1.7755e-05,0
LA_D_2498281,0,3.1853815e-05,0
LA_D_2498389,0,5.849931e-05,0
LA_D_2502487,0,7.9561854e-05,0
LA_D_2510886,0,3.5605688e-05,0
LA_D_2519499,0,1.9652205e-05,0
LA_D_2534146,0,4.204625e-05,0
LA_D_2544697,0,1.6963115e-05,0
LA_D_2567965,0,3.6183625e-05,0
LA_D_2572361,0,5.342516e-05,0
LA_D_2575136,0,0.000115194074,0
LA_D_2581071,0,1.6587073e-05,0
LA_D_2596003,0,2.6164855e-05,0
LA_D_2598422,0,7.159058e-05,0
LA_D_2633677,0,2.5129377e-05,0
LA_D_2638042,0,1.9365716e-05,0
LA_D_2794299,0,8.243645e-05,0
LA_D_2807278,0,3.3836917e-05,0
LA_D_2833236,0,2.847465e-05,0
LA_D_2869838,0,2.3032962e-05,0
LA_D_2884464,0,3.1273852e-05,0
LA_D_2907481,0,9.024025e-06,0
LA_D_2920298,0,0.00011127809,0
LA_D_2939133,0,1.9482695e-05,0
LA_D_2940135,0,5.758615e-06,0
LA_D_2946840,0,3.273444e-05,0
LA_D_2966111,0,2.3093953e-05,0
LA_D_2970964,0,5.6464432e-05,0
LA_D_2971908,0,2.9249604e-05,0
LA_D_2991252,0,2.3456727e-05,0
LA_D_3035741,0,3.3019813e-05,0
LA_D_3049487,0,3.779831e-05,0
LA_D_3090466,0,1.43923135e-05,0
LA_D_3094177,0,9.352295e-05,0
LA_D_3104504,0,5.9599988e-05,0
LA_D_3130678,0,2.277824e-05,0
LA_D_3141028,0,5.1650684e-05,0
LA_D_3144485,0,4.5282854e-05,0
LA_D_3242114,0,0.0004992994,0
LA_D_3242439,0,1.8305216e-05,0
LA_D_3244196,0,1.3542045e-05,0
LA_D_3249077,0,6.675776e-05,0
LA_D_3260123,0,2.452324e-05,0
LA_D_3273302,0,5.7530662e-05,0
LA_D_3284907,0,3.468046e-05,0
LA_D_3416456,0,6.897092e-05,0
LA_D_3435616,0,5.0889685e-05,0
LA_D_3449692,0,0.00015495118,0
LA_D_3450019,0,2.7593574e-05,0
LA_D_3495106,0,2.048443e-05,0
LA_D_3504984,0,5.339011e-06,0
LA_D_3534463,0,4.3457753e-06,0
LA_D_3605088,0,4.3668148e-05,0
LA_D_3615708,0,3.6687514e-05,0
LA_D_3659236,0,1.436115e-05,0
LA_D_3691538,0,1.6207416e-05,0
LA_D_3700696,0,1.8789822e-05,0
LA_D_3758904,0,6.131968e-05,0
LA_D_3772573,0,1.576851e-05,0
LA_D_3822874,0,0.00016901788,0
LA_D_3851125,0,4.0754625e-05,0
LA_D_3864419,0,3.1829735e-05,0
LA_D_3963572,0,9.558235e-06,0
LA_D_4069031,0,0.000100757235,0
LA_D_4123679,0,3.411514e-05,0
LA_D_4134915,0,3.695057e-05,0
LA_D_4164409,0,3.0997217e-05,0
LA_D_4181824,0,3.520908e-05,0
LA_D_4208598,0,3.525188e-05,0
LA_D_4225742,0,2.8522834e-05,0
LA_D_4272619,0,1.1651461e-05,0
LA_D_4326894,0,2.280876e-05,0
LA_D_4332784,0,4.5229426e-05,0
LA_D_4337797,0,4.561446e-05,0
LA_D_4347644,0,3.452955e-05,0
LA_D_4402259,0,3.4172775e-05,0
LA_D_4418754,0,1.6485892e-05,0
LA_D_4430789,0,9.208034e-05,0
LA_D_4445174,0,1.3089668e-05,0
LA_D_4451989,0,2.5497071e-05,0
LA_D_4469413,0,5.4259606e-05,0
LA_D_4540622,0,2.7187116e-05,0
LA_D_4575624,0,6.015323e-06,0
LA_D_4595256,0,4.7600868e-05,0
LA_D_4673712,0,1.9006013e-05,0
LA_D_4702864,0,6.427841e-05,0
LA_D_4712578,0,1.4726956e-05,0
LA_D_4730111,0,1.629602e-05,0
LA_D_4736521,0,6.9862804e-06,0
LA_D_4755303,0,1.0554706e-05,0
LA_D_4765748,0,1.1015347e-05,0
LA_D_4772711,0,5.445238e-05,0
LA_D_4777273,0,4.870799e-05,0
LA_D_4804886,0,1.5835118e-05,0
LA_D_4825879,0,0.00012628248,0
LA_D_4864665,0,1.559896e-05,0
LA_D_4946274,0,1.947508e-05,0
LA_D_4966032,0,3.983492e-05,0
LA_D_5005973,0,1.2032013e-05,0
LA_D_5010817,0,9.009733e-06,0
LA_D_5089751,0,9.383435e-05,0
LA_D_5092940,0,2.569714e-05,0
LA_D_5147678,0,3.810111e-05,0
LA_D_5171645,0,2.7076014e-05,0
LA_D_5258807,0,9.730155e-05,0
LA_D_5270228,0,2.226174e-05,0
LA_D_5308766,0,3.840586e-05,0
LA_D_5362934,0,2.8268292e-05,0
LA_D_5382385,0,2.2332568e-05,0
LA_D_5395822,0,4.029086e-05,0
LA_D_5405376,0,1.6975575e-05,0
LA_D_5450646,0,1.3552071e-05,0
LA_D_5452596,0,3.970366e-05,0
LA_D_5495669,0,7.346562e-05,0
LA_D_5532057,0,1.7765635e-05,0
LA_D_5558598,0,1.0760712e-05,0
LA_D_5601935,0,8.626479e-06,0
LA_D_5612664,0,0.00021655891,0
LA_D_5617123,0,1.703675e-05,0
LA_D_5634985,0,1.8535742e-05,0
LA_D_5651896,0,3.5976907e-05,0
LA_D_5673630,0,0.00012296069,0
LA_D_5697969,0,3.525746e-05,0
LA_D_5838500,0,3.0056797e-05,0
LA_D_5855173,0,1.6859014e-05,0
LA_D_5893732,0,9.7251195e-06,0
LA_D_5907805,0,2.9558672e-05,0
LA_D_5926484,0,5.064279e-05,0
LA_D_5948925,0,2.6231311e-05,0
LA_D_5962786,0,1.51438435e-05,0
LA_D_6020080,0,1.5992113e-05,0
LA_D_6052360,0,1.0002488e-05,0
LA_D_6093121,0,1.0683887e-05,0
LA_D_6115657,0,8.002922e-05,0
LA_D_6145108,0,2.2863334e-05,0
LA_D_6162330,0,2.132735e-05,0
LA_D_6168902,0,9.883367e-05,0
LA_D_6181877,0,3.8187394e-05,0
LA_D_6203431,0,1.28212505e-05,0
LA_D_6244463,0,2.5432135e-05,0
LA_D_6247219,0,1.8240653e-05,0
LA_D_6264877,0,0.000805692,0
LA_D_6350241,0,1.2448029e-05,0
LA_D_6378781,0,3.1733068e-06,0
LA_D_6424034,0,1.524183e-05,0
LA_D_6482383,0,0.00014888901,0
LA_D_6506973,0,4.4659304e-05,0
LA_D_6517273,0,3.280625e-05,0
LA_D_6564975,0,1.0827913e-05,0
LA_D_6567387,0,2.5057012e-05,0
LA_D_6597750,0,1.1292275e-05,0
LA_D_6598826,0,1.9570329e-05,0
LA_D_6620544,0,0.00055007945,0
LA_D_6649982,0,2.4570763e-05,0
LA_D_6678773,0,2.6822076e-05,0
LA_D_6685036,0,9.037684e-06,0
LA_D_6688724,0,0.000104867075,0
LA_D_6692719,0,5.9408812e-05,0
LA_D_6713264,0,4.27154e-05,0
LA_D_6716819,0,5.571417e-05,0
LA_D_6743274,0,8.477667e-05,0
LA_D_6768042,0,3.507242e-05,0
LA_D_6771345,0,3.163965e-05,0
LA_D_6816441,0,3.2884276e-05,0
LA_D_6860124,0,0.00016026561,0
LA_D_6870125,0,3.595962e-05,0
LA_D_7026875,0,1.4845912e-05,0
LA_D_7040973,0,2.7864595e-05,0
LA_D_7061416,0,2.1744378e-05,0
LA_D_7084497,0,1.4267873e-05,0
LA_D_7288605,0,2.7142016e-05,0
LA_D_7334119,0,6.7328874e-05,0
LA_D_7337689,0,2.0331594e-05,0
LA_D_7342694,0,9.3036746e-05,0
LA_D_7355507,0,5.371507e-05,0
LA_D_7359378,0,6.355849e-05,0
LA_D_7372276,0,8.710954e-05,0
LA_D_7506627,0,3.392263e-05,0
LA_D_7535260,0,3.3961507e-05,0
LA_D_7656827,0,0.00014108945,0
LA_D_7663996,0,6.9527687e-06,0
LA_D_7702151,0,0.00013927079,0
LA_D_7712944,0,1.5056017e-05,0
LA_D_7845355,0,3.6746897e-05,0
LA_D_7853908,0,4.172944e-05,0
LA_D_7861602,0,3.4384502e-05,0
LA_D_7931400,0,5.794073e-05,0
LA_D_7985250,0,1.8073732e-05,0
LA_D_8042295,0,4.514191e-05,0
LA_D_8071214,0,1.4204741e-05,0
LA_D_8091393,0,3.328237e-05,0
LA_D_8131208,0,1.05833615e-05,0
LA_D_8146146,0,1.7213144e-05,0
LA_D_8201742,0,4.0248324e-06,0
LA_D_8267794,0,1.0273042e-05,0
LA_D_8292706,0,5.2948995e-05,0
LA_D_8362390,0,2.3713672e-05,0
LA_D_8367907,0,1.7176806e-05,0
LA_D_8464147,0,1.6536374e-05,0
LA_D_8499637,0,3.89515e-05,0
LA_D_8528202,0,1.02233735e-05,0
LA_D_8562559,0,1.3629811e-05,0
LA_D_8578970,0,7.683995e-05,0
LA_D_8594927,0,2.1102698e-05,0
LA_D_8595493,0,3.795584e-06,0
LA_D_8612035,0,4.7744074e-05,0
LA_D_8656739,0,3.1651027e-05,0
LA_D_8659693,0,2.8286253e-05,0
LA_D_8669407,0,9.074259e-06,0
LA_D_8672392,0,1.1094436e-05,0
LA_D_8684186,0,3.8906728e-05,0
LA_D_8719759,0,3.899149e-05,0
LA_D_8732000,0,4.3275646e-05,0
LA_D_8875774,0,3.0240113e-05,0
LA_D_8893730,0,3.6834328e-05,0
LA_D_8911591,0,6.2865576e-05,0
LA_D_8950993,0,5.7033426e-06,0
LA_D_9007860,0,6.351707e-06,0
LA_D_9036585,0,0.00017069837,0
LA_D_9058869,0,4.861246e-06,0
LA_D_9064394,0,7.3034876e-06,0
LA_D_9076744,0,6.3995035e-06,0
LA_D_9101643,0,7.2995645e-05,0
LA_D_9212778,0,1.2854415e-05,0
LA_D_9242976,0,0.00014870967,0
LA_D_9301345,0,6.251101e-05,0
LA_D_9302376,0,7.176808e-05,0
LA_D_9308388,0,4.2817483e-05,0
LA_D_9351714,0,0.00011093462,0
LA_D_9366756,0,1.1561263e-05,0
LA_D_9382297,0,7.9563715e-06,0
LA_D_9390591,0,1.1921349e-05,0
LA_D_9428728,0,3.0578358e-05,0
LA_D_9481908,0,2.0691388e-05,0
LA_D_9499149,0,1.9838153e-05,0
LA_D_9514185,0,3.5722685e-05,0
LA_D_9528207,0,2.0612373e-05,0
LA_D_9559894,0,4.0095685e-05,0
LA_D_9594600,0,7.483109e-05,0
LA_D_9603314,0,4.9730803e-05,0
LA_D_9605797,0,4.6583285e-05,0
LA_D_9619214,0,1.6635739e-05,0
LA_D_9643872,0,6.057324e-06,0
LA_D_9645223,0,1.0248245e-05,0
LA_D_9646701,0,2.4656554e-05,0
LA_D_9667586,0,4.121723e-05,0
LA_D_9737680,0,3.1197505e-05,0
LA_D_9767344,0,0.000147426,0
LA_D_9768291,0,3.8327747e-05,0
LA_D_9928764,0,1.5000767e-05,0
LA_D_9931389,0,3.121167e-05,0
LA_D_9934126,0,2.1406331e-05,0
LA_D_9992731,0,8.6431864e-05,0
LA_D_1008834,0,2.487924e-05,0
LA_D_1029623,0,0.00010850531,0
LA_D_1135973,0,0.000101657555,0
LA_D_1170726,0,0.00015796618,0
LA_D_1233766,0,2.1182806e-05,0
LA_D_1244860,0,0.00020118825,0
LA_D_1250618,0,9.528917e-05,0
LA_D_1307590,0,0.000100661775,0
LA_D_1316973,0,0.000112883245,0
LA_D_1323117,0,0.000106322856,0
LA_D_1376887,0,6.809026e-05,0
LA_D_1382969,0,3.1773146e-05,0
LA_D_1398743,0,0.00016973687,0
LA_D_1402046,0,6.340919e-05,0
LA_D_1416122,0,3.308055e-05,0
LA_D_1433129,0,0.00024433015,0
LA_D_1472284,0,0.0029705015,0
LA_D_1485983,0,7.2328105e-05,0
LA_D_1497236,0,6.718969e-05,0
LA_D_1526424,0,6.197285e-05,0
LA_D_1546363,0,0.0006038334,0
LA_D_1564452,0,3.666649e-05,0
LA_D_1589359,0,2.2427737e-05,0
LA_D_1594784,0,4.254307e-05,0
LA_D_1657707,0,8.122616e-05,0
LA_D_1758405,0,0.00011949655,0
LA_D_1777158,0,0.0015928206,0
LA_D_1780000,0,6.2301835e-05,0
LA_D_1800659,0,4.4299868e-05,0
LA_D_1856189,0,0.0012809675,0
LA_D_1863901,0,3.5351834e-05,0
LA_D_1872618,0,2.6205555e-05,0
LA_D_1904462,0,0.00010822289,0
LA_D_1911980,0,5.1408577e-05,0
LA_D_1917155,0,6.1473074e-05,0
LA_D_1917753,0,0.00017271478,0
LA_D_1943080,0,3.7193306e-05,0
LA_D_1953828,0,0.00016165212,0
LA_D_1979046,0,0.00048134936,0
LA_D_2039988,0,0.000108752356,0
LA_D_2041511,0,0.0002110973,0
LA_D_2042650,0,0.00043164304,0
LA_D_2042770,0,0.00018159531,0
LA_D_2054506,0,0.00010372515,0
LA_D_2069946,0,0.00013092913,0
LA_D_2077413,0,4.054664e-05,0
LA_D_2081259,0,5.2643485e-05,0
LA_D_2081459,0,0.0034740828,0
LA_D_2084084,0,5.135722e-05,0
LA_D_2104324,0,0.00030939875,0
LA_D_2143625,0,0.0002569114,0
LA_D_2171727,0,1.7269444e-05,0
LA_D_2177921,0,4.1769294e-05,0
LA_D_2224110,0,5.7839872e-05,0
LA_D_2226509,0,0.000119454395,0
LA_D_2265031,0,0.00012126474,0
LA_D_2275470,0,0.00011496648,0
LA_D_2311080,0,1.910775e-05,0
LA_D_2374547,0,1.789002e-05,0
LA_D_2380135,0,4.081113e-05,0
LA_D_2400343,0,9.716487e-05,0
LA_D_2421665,0,3.7084432e-05,0
LA_D_2431857,0,9.834518e-05,0
LA_D_2435960,0,8.900162e-05,0
LA_D_2460870,0,0.00016992309,0
LA_D_2468278,0,3.8961458e-05,0
LA_D_2473895,0,3.339294e-05,0
LA_D_2490231,0,0.00010194392,0
LA_D_2490787,0,5.5089007e-05,0
LA_D_2498703,0,0.0001111431,0
LA_D_2507417,0,0.00013688525,0
LA_D_2519581,0,5.389553e-05,0
LA_D_2527247,0,0.00011599674,0
LA_D_2539732,0,4.888472e-05,0
LA_D_2543157,0,0.008285229,0
LA_D_2549993,0,0.00062099885,0
LA_D_2558084,0,3.282099e-05,0
LA_D_2598664,0,3.3806627e-05,0
LA_D_2643397,0,3.9898106e-05,0
LA_D_2647059,0,7.6026095e-05,0
LA_D_2690336,0,0.00010286663,0
LA_D_2720435,0,0.0003604517,0
LA_D_2762669,0,0.00042512405,0
LA_D_2771079,0,4.9032868e-05,0
LA_D_2876241,0,0.0011278839,0
LA_D_2881171,0,2.789589e-05,0
LA_D_2905137,0,8.185989e-05,0
LA_D_2923622,0,7.4744305e-05,0
LA_D_2959609,0,5.915566e-05,0
LA_D_2974704,0,0.00012975004,0
LA_D_3045712,0,0.00010361167,0
LA_D_3093534,0,1.67142e-05,0
LA_D_3109792,0,7.3953226e-05,0
LA_D_3115572,0,8.69565e-05,0
LA_D_3115750,0,3.338695e-05,0
LA_D_3122333,0,4.7717673e-05,0
LA_D_3158956,0,0.0003337048,0
LA_D_3169991,0,9.3851355e-05,0
LA_D_3195614,0,0.0001771815,0
LA_D_3200727,0,0.0001082648,0
LA_D_3294853,0,3.1736596e-05,0
LA_D_3319355,0,4.527422e-05,0
LA_D_3325936,0,0.031563267,0
LA_D_3378402,0,7.4750365e-05,0
LA_D_3378615,0,5.9504186e-05,0
LA_D_3379127,0,0.000134815,0
LA_D_3398607,0,9.375368e-05,0
LA_D_3413908,0,3.9223196e-05,0
LA_D_3418840,0,0.000104389175,0
LA_D_3445488,0,8.768995e-05,0
LA_D_3469008,0,0.0005495989,0
LA_D_3514513,0,0.00020425086,0
LA_D_3555723,0,0.00092557934,0
LA_D_3579076,0,4.989583e-05,0
LA_D_3627257,0,1.7889917e-05,0
LA_D_3654875,0,5.2917705e-05,0
LA_D_3660282,0,7.5202945e-05,0
LA_D_3714587,0,5.254824e-05,0
LA_D_3780481,0,1.1658775e-05,0
LA_D_3788427,0,0.00012845645,0
LA_D_3794623,0,7.103254e-05,0
LA_D_3798024,0,0.00027055576,0
LA_D_3828841,0,2.6241618e-05,0
LA_D_3945155,0,0.00014660829,0
LA_D_3947953,0,1.6752867e-05,0
LA_D_3951175,0,0.00011659903,0
LA_D_3957229,0,0.00013379661,0
LA_D_3981366,0,3.8602677e-05,0
LA_D_3983835,0,3.9982016e-05,0
LA_D_4002921,0,2.5760344e-05,0
LA_D_4058412,0,2.1229014e-05,0
LA_D_4113356,0,5.6547524e-05,0
LA_D_4117970,0,0.00024360721,0
LA_D_4130527,0,0.0004249405,0
LA_D_4143632,0,0.00011959879,0
LA_D_4153076,0,0.00014529053,0
LA_D_4171217,0,7.0977294e-05,0
LA_D_4191752,0,5.6754216e-05,0
LA_D_4223757,0,3.5308774e-05,0
LA_D_4228094,0,1.5588372e-05,0
LA_D_4263760,0,7.400352e-05,0
LA_D_4281656,0,6.4547625e-05,0
LA_D_4283190,0,0.00012987222,0
LA_D_4284194,0,0.0001979089,0
LA_D_4302088,0,3.8487364e-05,0
LA_D_4362724,0,2.93926e-05,0
LA_D_4378003,0,0.0001101197,0
LA_D_4390516,0,3.910603e-05,0
LA_D_4421531,0,0.00011361227,0
LA_D_4515281,0,0.00015576342,0
LA_D_4567317,0,3.0786105e-05,0
LA_D_4631627,0,0.00026469448,0
LA_D_4648402,0,0.0001532073,0
LA_D_4650858,0,7.834172e-06,0
LA_D_4668862,0,2.1911408e-05,0
LA_D_4708436,0,4.965905e-05,0
LA_D_4721356,0,5.5922235e-05,0
LA_D_4722011,0,0.00012572031,0
LA_D_4747773,0,0.0014070255,0
LA_D_4752880,0,0.00091405003,0
LA_D_4755066,0,3.8515416e-05,0
LA_D_4859889,0,0.00034139215,0
LA_D_4902826,0,5.2317588e-05,0
LA_D_4907676,0,1.4713463e-05,0
LA_D_4928075,0,0.012710466,0
LA_D_4933527,0,0.00010128011,0
LA_D_4995063,0,4.8407135e-05,0
LA_D_5004092,0,6.4317275e-05,0
LA_D_5031248,0,0.00029953435,0
LA_D_5073126,0,5.4973563e-05,0
LA_D_5104907,0,0.0001314988,0
LA_D_5123844,0,4.074611e-05,0
LA_D_5153538,0,2.1739152e-05,0
LA_D_5159936,0,7.722302e-05,0
LA_D_5213207,0,7.354132e-05,0
LA_D_5254267,0,0.00037145644,0
LA_D_5269652,0,7.657384e-05,0
LA_D_5297443,0,2.7598526e-05,0
LA_D_5305086,0,0.00037273805,0
LA_D_5308188,0,5.7307425e-05,0
LA_D_5358070,0,3.2969718e-05,0
LA_D_5377943,0,7.697496e-05,0
LA_D_5379360,0,8.1285594e-05,0
LA_D_5384475,0,5.600032e-05,0
LA_D_5393982,0,0.0027594392,0
LA_D_5397434,0,7.1338014e-05,0
LA_D_5406274,0,5.3682757e-05,0
LA_D_5420932,0,2.5779194e-05,0
LA_D_5424592,0,0.00025702163,0
LA_D_5427856,0,3.027728e-05,0
LA_D_5432198,0,0.0001018793,0
LA_D_5448251,0,4.6850408e-05,0
LA_D_5472216,0,0.00029155292,0
LA_D_5490947,0,0.0016933413,0
LA_D_5491412,0,3.2785578e-05,0
LA_D_5519522,0,3.6658097e-05,0
LA_D_5543089,0,7.6045675e-05,0
LA_D_5550880,0,3.799378e-05,0
LA_D_5613820,0,6.154786e-05,0
LA_D_5621483,0,0.000100043595,0
LA_D_5699731,0,3.8273945e-05,0
LA_D_5702258,0,7.1004375e-05,0
LA_D_5711351,0,8.746796e-05,0
LA_D_5726307,0,5.2301722e-05,0
LA_D_5734535,0,5.636824e-05,0
LA_D_5755154,0,0.00016494068,0
LA_D_5826748,0,0.00017932542,0
LA_D_5847801,0,0.00012313011,0
LA_D_5854712,0,0.00024680517,0
LA_D_5867269,0,1.1239525e-05,0
LA_D_5881167,0,7.9843536e-05,0
LA_D_5899377,0,0.00014774236,0
LA_D_5901190,0,0.00026467556,0
LA_D_5909916,0,0.00011950737,0
LA_D_5918137,0,5.0008375e-06,0
LA_D_5929796,0,0.00014293008,0
LA_D_6013665,0,9.459179e-05,0
LA_D_6019558,0,0.00014561784,0
LA_D_6081377,0,0.000119968434,0
LA_D_6087767,0,9.972717e-05,0
LA_D_6103118,0,6.6790046e-05,0
LA_D_6108925,0,0.00011912111,0
LA_D_6127324,0,0.000109255125,0
LA_D_6137322,0,3.088288e-05,0
LA_D_6143159,0,0.00010219202,0
LA_D_6151616,0,7.625263e-05,0
LA_D_6174114,0,0.00022477955,0
LA_D_6212794,0,3.6783287e-05,0
LA_D_6218929,0,6.4892134e-05,0
LA_D_6224605,0,1.5840615e-05,0
LA_D_6230736,0,0.00014044408,0
LA_D_6233911,0,5.758385e-05,0
LA_D_6290294,0,4.9150887e-05,0
LA_D_6327399,0,8.458127e-05,0
LA_D_6383543,0,0.00010397302,0
LA_D_6390760,0,0.0002084927,0
LA_D_6447251,0,0.00010021182,0
LA_D_6454321,0,8.657062e-05,0
LA_D_6464994,0,9.515696e-05,0
LA_D_6486980,0,3.772067e-05,0
LA_D_6499728,0,5.25522e-05,0
LA_D_6502735,0,3.8566137e-05,0
LA_D_6513609,0,0.00010417111,0
LA_D_6514670,0,8.344645e-05,0
LA_D_6648074,0,4.290168e-05,0
LA_D_6655563,0,0.0001357602,0
LA_D_6681675,0,4.3806835e-05,0
LA_D_6716544,0,0.0006574823,0
LA_D_6734573,0,8.526946e-05,0
LA_D_6786099,0,2.1255553e-05,0
LA_D_6834540,0,0.00011517012,0
LA_D_6852175,0,4.940375e-05,0
LA_D_6858597,0,0.00011464527,0
LA_D_6870040,0,7.1807866e-05,0
LA_D_6884626,0,0.00025725036,0
LA_D_6887218,0,0.00010186279,0
LA_D_6890842,0,0.00013258109,0
LA_D_6920274,0,0.00014861186,0
LA_D_6921099,0,0.000628118,0
LA_D_6932984,0,0.0007419116,0
LA_D_6950600,0,0.00035738587,0
LA_D_6967013,0,8.388862e-05,0
LA_D_7018339,0,7.406974e-05,0
LA_D_7030836,0,3.6209723e-05,0
LA_D_7040526,0,0.00016924155,0
LA_D_7082816,0,2.5835232e-05,0
LA_D_7107466,0,0.000147128,0
LA_D_7109251,0,7.306418e-05,0
LA_D_7112267,0,7.939674e-06,0
LA_D_7120164,0,8.543843e-05,0
LA_D_7120378,0,0.00019716001,0
LA_D_7126476,0,4.6460707e-05,0
LA_D_7129774,0,7.218705e-05,0
LA_D_7139694,0,8.11366e-05,0
LA_D_7149435,0,1.7937376e-05,0
LA_D_7171461,0,6.506719e-05,0
LA_D_7186648,0,1.410606e-05,0
LA_D_7191599,0,0.00013648161,0
LA_D_7219959,0,7.320184e-05,0
LA_D_7227396,0,2.312516e-05,0
LA_D_7290138,0,0.00021814095,0
LA_D_7312402,0,4.36237e-05,0
LA_D_7375499,0,3.6883783e-05,0
LA_D_7388723,0,0.00010655976,0
LA_D_7411008,0,4.5391113e-05,0
LA_D_7420382,0,7.879324e-05,0
LA_D_7431648,0,3.544061e-05,0
LA_D_7453706,0,3.1125175e-05,0
LA_D_7484913,0,0.00014782044,0
LA_D_7525091,0,0.00018217455,0
LA_D_7569481,0,0.000113073605,0
LA_D_7584788,0,0.00031774983,0
LA_D_7595396,0,0.0003138309,0
LA_D_7604548,0,5.128645e-05,0
LA_D_7614264,0,2.8686642e-05,0
LA_D_7643557,0,6.393947e-05,0
LA_D_7660511,0,0.00021394016,0
LA_D_7679395,0,2.554799e-05,0
LA_D_7685864,0,0.00010049153,0
LA_D_7717790,0,7.1487493e-06,0
LA_D_7733474,0,0.00012554922,0
LA_D_7734687,0,1.0181914e-05,0
LA_D_7735847,0,0.0012469871,0
LA_D_7744376,0,2.1137866e-05,0
LA_D_7763354,0,0.0019434051,0
LA_D_7768185,0,0.0025268905,0
LA_D_7825070,0,0.00031699307,0
LA_D_7863446,0,9.121776e-05,0
LA_D_7903297,0,5.3569227e-05,0
LA_D_7910632,0,5.5516026e-05,0
LA_D_7918457,0,1.6331944e-05,0
LA_D_7922711,0,6.6214605e-05,0
LA_D_7949260,0,0.00014861015,0
LA_D_7973047,0,0.00015997325,0
LA_D_7997330,0,0.00015037658,0
LA_D_8003982,0,0.00012758812,0
LA_D_8037537,0,0.00055126357,0
LA_D_8045695,0,7.875012e-05,0
LA_D_8048655,0,0.00025420656,0
LA_D_8090443,0,3.9869086e-05,0
LA_D_8117597,0,4.051112e-05,0
LA_D_8138478,0,7.832368e-05,0
LA_D_8161346,0,0.00030419364,0
LA_D_8181617,0,0.00011519736,0
LA_D_8191875,0,0.0003013188,0
LA_D_8217709,0,0.00012558492,0
LA_D_8243334,0,6.22744e-05,0
LA_D_8257669,0,0.00011725251,0
LA_D_8258450,0,0.00017574221,0
LA_D_8271340,0,7.8117664e-05,0
LA_D_8323372,0,0.00086413877,0
LA_D_8353917,0,0.000116931275,0
LA_D_8359118,0,2.1592066e-05,0
LA_D_8366444,0,3.2938417e-05,0
LA_D_8420931,0,0.000111846806,0
LA_D_8428519,0,2.3811295e-05,0
LA_D_8450719,0,4.0123414e-05,0
LA_D_8505001,0,7.7688725e-05,0
LA_D_8524573,0,3.0459818e-05,0
LA_D_8530635,0,3.9212424e-05,0
LA_D_8565229,0,3.17933e-05,0
LA_D_8592787,0,0.00012071617,0
LA_D_8595981,0,0.00021798897,0
LA_D_8630262,0,2.1593733e-05,0
LA_D_8676372,0,1.9331044e-05,0
LA_D_8678708,0,0.0002595237,0
LA_D_8686775,0,0.00033270003,0
LA_D_8690110,0,0.00022596572,0
LA_D_8700986,0,0.0007193262,0
LA_D_8708922,0,0.00015291451,0
LA_D_8712827,0,9.0738e-05,0
LA_D_8720385,0,6.679413e-05,0
LA_D_8745732,0,0.00026214632,0
LA_D_8752569,0,0.00036757853,0
LA_D_8775447,0,0.00057837286,0
LA_D_8788522,0,4.1835152e-05,0
LA_D_8820030,0,5.0789567e-05,0
LA_D_8825208,0,0.0019459364,0
LA_D_8826258,0,1.8307592e-05,0
LA_D_8846056,0,3.0086936e-05,0
LA_D_8865823,0,0.00017764737,0
LA_D_8892958,0,2.8559118e-05,0
LA_D_8923577,0,3.3884804e-05,0
LA_D_8925211,0,4.3002525e-05,0
LA_D_8933531,0,0.0011318689,0
LA_D_8937760,0,0.000112292015,0
LA_D_8941942,0,3.9479015e-05,0
LA_D_8959959,0,0.00013288904,0
LA_D_9086287,0,8.369813e-05,0
LA_D_9092875,0,5.9423208e-05,0
LA_D_9106136,0,7.843056e-05,0
LA_D_9123838,0,0.00011832063,0
LA_D_9129067,0,3.2438256e-05,0
LA_D_9153269,0,0.00014166899,0
LA_D_9170640,0,2.2706236e-05,0
LA_D_9189588,0,2.3733694e-05,0
LA_D_9202951,0,4.3977023e-05,0
LA_D_9247963,0,0.00018638119,0
LA_D_9251632,0,0.0002503681,0
LA_D_9277522,0,0.00012328626,0
LA_D_9291930,0,2.4800313e-05,0
LA_D_9325392,0,0.00018861554,0
LA_D_9346841,0,4.7689016e-05,0
LA_D_9347002,0,0.00011300247,0
LA_D_9387976,0,0.00034537847,0
LA_D_9402940,0,0.00013225041,0
LA_D_9410296,0,0.000108371394,0
LA_D_9421383,0,0.00024237744,0
LA_D_9425296,0,7.7485696e-05,0
LA_D_9436918,0,0.00012432538,0
LA_D_9461387,0,4.703951e-05,0
LA_D_9462148,0,3.772139e-05,0
LA_D_9472346,0,0.00029645697,0
LA_D_9478484,0,0.00017175717,0
LA_D_9489838,0,0.00031749788,0
LA_D_9562412,0,0.00012273063,0
LA_D_9659279,0,5.6147153e-05,0
LA_D_9672169,0,5.5319753e-05,0
LA_D_9678259,0,4.6882502e-05,0
LA_D_9686807,0,0.00010472358,0
LA_D_9706008,0,0.000100105324,0
LA_D_9765329,0,8.39015e-05,0
LA_D_9777735,0,0.00018282293,0
LA_D_9794955,0,1.6417942e-05,0
LA_D_9808634,0,9.35586e-06,0
LA_D_9810987,0,5.8889887e-05,0
LA_D_9812523,0,4.348045e-05,0
LA_D_9946370,0,4.5369477e-05,0
LA_D_9953005,0,3.9188086e-05,0
LA_D_9954765,0,4.5032273e-05,0
LA_D_9967133,0,7.969322e-05,0
LA_D_9972110,0,5.4670127e-05,0
LA_D_9973328,0,6.710952e-05,0
LA_D_9996165,0,3.703026e-05,0
LA_D_1046823,0,2.217051e-05,0
LA_D_1064234,0,3.5503363e-05,0
LA_D_1065706,0,2.9008705e-05,0
LA_D_1087001,0,7.782887e-05,0
LA_D_1090716,0,0.00015582018,0
LA_D_1115105,0,7.3484116e-05,0
LA_D_1126589,0,0.00019812942,0
LA_D_1135492,0,0.00017024924,0
LA_D_1169857,0,6.491045e-05,0
LA_D_1196983,0,6.881686e-05,0
LA_D_1211866,0,9.315286e-05,0
LA_D_1212413,0,2.0180169e-05,0
LA_D_1216944,0,5.244716e-05,0
LA_D_1245325,0,0.00023388282,0
LA_D_1274154,0,5.7618563e-05,0
LA_D_1319002,0,3.9428898e-05,0
LA_D_1322448,0,4.3263306e-05,0
LA_D_1347517,0,6.212795e-05,0
LA_D_1353213,0,7.9065096e-05,0
LA_D_1355729,0,5.941918e-05,0
LA_D_1358996,0,0.0001513317,0
LA_D_1364338,0,3.86492e-05,0
LA_D_1371353,0,2.6590087e-05,0
LA_D_1381076,0,8.621834e-05,0
LA_D_1404673,0,5.018252e-05,0
LA_D_1416117,0,3.060876e-05,0
LA_D_1431675,0,8.31619e-06,0
LA_D_1440249,0,8.430692e-05,0
LA_D_1471424,0,5.330714e-05,0
LA_D_1512865,0,0.00011662161,0
LA_D_1516713,0,3.7907575e-05,0
LA_D_1533227,0,7.279642e-05,0
LA_D_1548711,0,6.204677e-05,0
LA_D_1576592,0,0.00011625896,0
LA_D_1576850,0,0.00020959073,0
LA_D_1649732,0,8.924068e-05,0
LA_D_1671144,0,6.7002606e-05,0
LA_D_1681067,0,7.031512e-05,0
LA_D_1686618,0,0.00015692308,0
LA_D_1693149,0,4.2454394e-05,0
LA_D_1705511,0,5.447975e-05,0
LA_D_1727164,0,2.6198535e-05,0
LA_D_1753843,0,9.177948e-05,0
LA_D_1772551,0,5.084103e-05,0
LA_D_1794386,0,8.76616e-05,0
LA_D_1835169,0,4.981163e-05,0
LA_D_1878944,0,7.325938e-05,0
LA_D_1919665,0,3.702969e-05,0
LA_D_1943070,0,3.8689835e-05,0
LA_D_1960584,0,2.6580858e-05,0
LA_D_1963102,0,6.554828e-05,0
LA_D_1975986,0,7.589441e-05,0
LA_D_2030042,0,1.8817707e-05,0
LA_D_2046001,0,0.00010623266,0
LA_D_2049473,0,9.047551e-05,0
LA_D_2073542,0,0.00011836972,0
LA_D_2073874,0,0.00016111,0
LA_D_2109006,0,5.6348457e-05,0
LA_D_2113562,0,3.1545835e-05,0
LA_D_2158501,0,0.0002871745,0
LA_D_2162534,0,2.8240862e-05,0
LA_D_2177457,0,8.277682e-05,0
LA_D_2215146,0,0.00013647106,0
LA_D_2254222,0,2.7197591e-05,0
LA_D_2349609,0,0.000101264755,0
LA_D_2352367,0,4.8337854e-05,0
LA_D_2356169,0,5.715368e-05,0
LA_D_2367543,0,7.0225804e-05,0
LA_D_2368822,0,0.00023605367,0
LA_D_2384989,0,3.1601834e-05,0
LA_D_2398137,0,6.9371185e-05,0
LA_D_2400629,0,2.6665606e-05,0
LA_D_2445228,0,4.2465657e-05,0
LA_D_2446398,0,5.010625e-05,0
LA_D_2459392,0,6.929383e-05,0
LA_D_2487310,0,8.057025e-06,0
LA_D_2489955,0,1.9310592e-05,0
LA_D_2534090,0,2.2717586e-05,0
LA_D_2540485,0,4.3074964e-05,0
LA_D_2550999,0,3.4868855e-05,0
LA_D_2553522,0,8.97429e-05,0
LA_D_2560049,0,5.3359276e-05,0
LA_D_2562314,0,6.8926674e-05,0
LA_D_2604413,0,5.3337906e-05,0
LA_D_2612592,0,7.5357257e-06,0
LA_D_2617260,0,0.00022854243,0
LA_D_2619914,0,6.1902094e-05,0
LA_D_2621924,0,0.00019828137,0
LA_D_2638842,0,3.1545922e-05,0
LA_D_2680473,0,4.6465273e-05,0
LA_D_2707241,0,1.9003619e-05,0
LA_D_2729373,0,0.00016812739,0
LA_D_2741013,0,5.10477e-05,0
LA_D_2836484,0,3.1675547e-05,0
LA_D_2840968,0,7.083043e-05,0
LA_D_2856635,0,1.6930131e-05,0
LA_D_2902766,0,3.6757094e-05,0
LA_D_2920486,0,0.00023263646,0
LA_D_2957019,0,7.232562e-05,0
LA_D_3040991,0,8.096679e-05,0
LA_D_3051300,0,8.259591e-06,0
LA_D_3056332,0,0.00018826715,0
LA_D_3089201,0,2.693347e-05,0
LA_D_3095594,0,0.00010527004,0
LA_D_3113904,0,9.462381e-05,0
LA_D_3158628,0,4.304667e-05,0
LA_D_3166047,0,9.51048e-05,0
LA_D_3176688,0,3.96783e-05,0
LA_D_3206802,0,2.1159809e-05,0
LA_D_3244975,0,8.6723056e-05,0
LA_D_3298289,0,0.00013096034,0
LA_D_3305924,0,0.00016296795,0
LA_D_3307337,0,4.9612063e-06,0
LA_D_3331709,0,4.332842e-05,0
LA_D_3332557,0,3.4648132e-05,0
LA_D_3345023,0,5.1674284e-05,0
LA_D_3356921,0,6.09875e-05,0
LA_D_3390672,0,4.1591502e-05,0
LA_D_3402886,0,4.501106e-05,0
LA_D_3417486,0,3.4540317e-05,0
LA_D_3440565,0,7.678457e-05,0
LA_D_3444243,0,2.689328e-05,0
LA_D_3446118,0,0.00014874767,0
LA_D_3447750,0,0.00010595678,0
LA_D_3484904,0,0.00017818446,0
LA_D_3496739,0,3.947141e-05,0
LA_D_3520036,0,0.00014148485,0
LA_D_3533031,0,4.7252077e-05,0
LA_D_3537955,0,6.291542e-05,0
LA_D_3553005,0,7.880692e-05,0
LA_D_3565600,0,4.890962e-05,0
LA_D_3570039,0,9.16913e-05,0
LA_D_3613058,0,0.00024167642,0
LA_D_3636645,0,9.486006e-06,0
LA_D_3687000,0,6.332339e-05,0
LA_D_3693157,0,3.4898127e-05,0
LA_D_3748728,0,0.00014235513,0
LA_D_3754292,0,3.8548453e-05,0
LA_D_3763171,0,6.209495e-05,0
LA_D_3808275,0,2.9802317e-05,0
LA_D_3823589,0,0.00017027716,0
LA_D_3835778,0,0.0003298664,0
LA_D_3877903,0,7.915608e-05,0
LA_D_3889153,0,8.894622e-05,0
LA_D_3890999,0,3.4406516e-05,0
LA_D_3984908,0,5.9125767e-05,0
LA_D_4019834,0,2.8763896e-05,0
LA_D_4023227,0,6.207915e-05,0
LA_D_4042181,0,1.7321945e-05,0
LA_D_4055259,0,0.00013681609,0
LA_D_4103062,0,0.0001304036,0
LA_D_4162881,0,7.299753e-05,0
LA_D_4191859,0,0.00015592319,0
LA_D_4193506,0,0.00029492928,0
LA_D_4193601,0,4.9853687e-05,0
LA_D_4197706,0,5.0294435e-05,0
LA_D_4207896,0,0.00013087971,0
LA_D_4207897,0,2.7238655e-05,0
LA_D_4302740,0,6.5196444e-05,0
LA_D_4308996,0,6.5097534e-05,0
LA_D_4324353,0,2.600979e-05,0
LA_D_4338667,0,0.00022145588,0
LA_D_4356277,0,3.1864085e-05,0
LA_D_4424329,0,3.799744e-05,0
LA_D_4435608,0,3.6180623e-05,0
LA_D_4455802,0,7.543954e-05,0
LA_D_4457611,0,0.0001530966,0
LA_D_4458136,0,6.7468673e-06,0
LA_D_4465780,0,0.00045960705,0
LA_D_4468213,0,3.0476527e-05,0
LA_D_4473266,0,2.949408e-05,0
LA_D_4492232,0,0.00013845236,0
LA_D_4523318,0,9.57623e-05,0
LA_D_4554903,0,7.396979e-05,0
LA_D_4572843,0,6.364531e-06,0
LA_D_4666650,0,2.0526904e-05,0
LA_D_4683909,0,0.00012022151,0
LA_D_4684144,0,1.7131426e-05,0
LA_D_4692458,0,6.0957038e-05,0
LA_D_4703784,0,8.158014e-05,0
LA_D_4735699,0,6.512801e-05,0
LA_D_4756172,0,2.4762452e-05,0
LA_D_4769999,0,9.379732e-05,0
LA_D_4864229,0,4.9021037e-05,0
LA_D_4901519,0,3.827347e-05,0
LA_D_4930572,0,3.30528e-05,0
LA_D_4951186,0,0.00010205336,0
LA_D_4951679,0,0.00013057108,0
LA_D_4978752,0,3.6970556e-05,0
LA_D_4979471,0,2.1667951e-05,0
LA_D_4990269,0,2.7886634e-05,0
LA_D_5004135,0,4.2646087e-05,0
LA_D_5023258,0,3.550082e-05,0
LA_D_5028708,0,8.437077e-05,0
LA_D_5086481,0,2.0207379e-05,0
LA_D_5118448,0,2.7545198e-05,0
LA_D_5132698,0,0.00010582611,0
LA_D_5170460,0,9.561767e-05,0
LA_D_5186388,0,5.5713266e-05,0
LA_D_5197604,0,1.8791023e-05,0
LA_D_5198331,0,8.6789325e-05,0
LA_D_5210219,0,2.0074598e-05,0
LA_D_5222618,0,6.280014e-05,0
LA_D_5269583,0,1.0013301e-05,0
LA_D_5275307,0,2.8968596e-05,0
LA_D_5285977,0,0.00011351157,0
LA_D_5296528,0,0.00010099058,0
LA_D_5298745,0,0.00028511533,0
LA_D_5303682,0,0.00014881491,0
LA_D_5387695,0,8.264582e-05,0
LA_D_5401977,0,6.166024e-05,0
LA_D_5421273,0,2.0240554e-05,0
LA_D_5443853,0,8.4634106e-05,0
LA_D_5477295,0,8.620165e-05,0
LA_D_5506987,0,0.00010764232,0
LA_D_5526352,0,5.9020433e-05,0
LA_D_5581635,0,2.4599482e-05,0
LA_D_5582457,0,3.1284922e-05,0
LA_D_5599455,0,0.00032285543,0
LA_D_5609703,0,0.0001303382,0
LA_D_5640612,0,7.458957e-06,0
LA_D_5670170,0,1.572493e-05,0
LA_D_5716688,0,2.1917363e-05,0
LA_D_5749828,0,0.00033331435,0
LA_D_5759044,0,1.481111e-05,0
LA_D_5791947,0,2.963143e-05,0
LA_D_5792469,0,0.00010142023,0
LA_D_5814356,0,7.4411684e-05,0
LA_D_5835841,0,5.498551e-05,0
LA_D_5895172,0,4.3703814e-05,0
LA_D_6002069,0,5.039492e-05,0
LA_D_6052846,0,7.5992175e-05,0
LA_D_6074255,0,0.00021074776,0
LA_D_6083758,0,6.560669e-05,0
LA_D_6104615,0,1.9067502e-05,0
LA_D_6119999,0,9.597951e-05,0
LA_D_6132308,0,5.1834882e-05,0
LA_D_6152825,0,0.00015146943,0
LA_D_6154817,0,2.088336e-05,0
LA_D_6157568,0,5.1415678e-05,0
LA_D_6160345,0,4.217999e-05,0
LA_D_6165893,0,7.5860975e-05,0
LA_D_6167969,0,0.00012977404,0
LA_D_6202337,0,3.861674e-05,0
LA_D_6230649,0,5.21954e-05,0
LA_D_6241854,0,6.380766e-05,0
LA_D_6253161,0,0.00011907535,0
LA_D_6271396,0,5.7243302e-05,0
LA_D_6279642,0,4.0103678e-05,0
LA_D_6286932,0,1.836684e-05,0
LA_D_6306124,0,3.8916005e-05,0
LA_D_6348972,0,3.4723576e-05,0
LA_D_6377155,0,5.1078816e-05,0
LA_D_6412420,0,0.0001856972,0
LA_D_6420222,0,3.6804868e-05,0
LA_D_6442430,0,2.6372802e-05,0
LA_D_6456051,0,0.000118462085,0
LA_D_6459326,0,8.53688e-06,0
LA_D_6471553,0,3.4811907e-05,0
LA_D_6565059,0,3.398072e-05,0
LA_D_6569528,0,1.7273875e-05,0
LA_D_6574064,0,6.6202105e-05,0
LA_D_6621286,0,8.965573e-05,0
LA_D_6632250,0,4.001474e-05,0
LA_D_6658901,0,5.3746222e-05,0
LA_D_6671478,0,0.0024728114,0
LA_D_6691155,0,0.0029803456,0
LA_D_6725362,0,0.00030152628,0
LA_D_6756303,0,2.5965106e-05,0
LA_D_6756915,0,5.8551104e-05,0
LA_D_6763110,0,4.267338e-05,0
LA_D_6784152,0,0.00013801805,0
LA_D_6800302,0,0.00014638662,0
LA_D_6808623,0,5.518455e-05,0
LA_D_6840245,0,3.744199e-05,0
LA_D_6875940,0,3.857835e-05,0
LA_D_6905617,0,8.397762e-05,0
LA_D_6905899,0,9.317151e-05,0
LA_D_6912762,0,0.00012735244,0
LA_D_6947158,0,0.00016882282,0
LA_D_6948502,0,8.4966625e-05,0
LA_D_6977063,0,2.0346084e-05,0
LA_D_6988292,0,0.00020637426,0
LA_D_7014953,0,6.947246e-05,0
LA_D_7095518,0,0.00015491633,0
LA_D_7096783,0,1.4000453e-05,0
LA_D_7150944,0,9.61301e-05,0
LA_D_7168084,0,8.762708e-05,0
LA_D_7174444,0,3.8906022e-05,0
LA_D_7193069,0,2.6620606e-05,0
LA_D_7193826,0,3.399647e-05,0
LA_D_7253261,0,5.3663258e-05,0
LA_D_7311677,0,8.7738135e-06,0
LA_D_7319011,0,0.000249378,0
LA_D_7338005,0,2.6952745e-05,0
LA_D_7348453,0,7.3614996e-05,0
LA_D_7350559,0,0.000117450116,0
LA_D_7361548,0,0.00010518224,0
LA_D_7375721,0,8.393711e-05,0
LA_D_7408406,0,0.00016788757,0
LA_D_7410996,0,2.4732293e-05,0
LA_D_7420272,0,0.0001932784,0
LA_D_7554470,0,6.531878e-05,0
LA_D_7572859,0,3.112411e-05,0
LA_D_7610801,0,8.570665e-05,0
LA_D_7616189,0,0.00017682032,0
LA_D_7617084,0,2.2132168e-05,0
LA_D_7692713,0,3.0144407e-05,0
LA_D_7723272,0,0.00010597173,0
LA_D_7730512,0,7.612977e-05,0
LA_D_7745248,0,2.8159804e-05,0
LA_D_7756409,0,4.325811e-05,0
LA_D_7798527,0,3.457581e-05,0
LA_D_7829585,0,6.2029554e-05,0
LA_D_7839758,0,5.0369985e-05,0
LA_D_7851594,0,0.00018183391,0
LA_D_7883328,0,3.8488834e-05,0
LA_D_7938379,0,9.7258126e-05,0
LA_D_7946465,0,3.2907305e-05,0
LA_D_8013292,0,0.00010982859,0
LA_D_8024926,0,0.00026770963,0
LA_D_8061900,0,0.00026455018,0
LA_D_8067555,0,5.9509854e-05,0
LA_D_8077978,0,3.797194e-05,0
LA_D_8105548,0,0.00011196046,0
LA_D_8116303,0,6.8129484e-05,0
LA_D_8139224,0,1.7107606e-05,0
LA_D_8223029,0,3.9649476e-05,0
LA_D_8229891,0,0.00016665389,0
LA_D_8248088,0,9.226702e-05,0
LA_D_8254223,0,0.00016459865,0
LA_D_8285840,0,3.262894e-05,0
LA_D_8293730,0,0.00014164497,0
LA_D_8296034,0,0.00010782776,0
LA_D_8296140,0,6.615042e-05,0
LA_D_8321065,0,8.952674e-05,0
LA_D_8375912,0,7.916302e-05,0
LA_D_8424084,0,6.406623e-05,0
LA_D_8425128,0,7.5882686e-05,0
LA_D_8434552,0,0.00021618634,0
LA_D_8464378,0,1.7372466e-05,0
LA_D_8467174,0,4.4966484e-05,0
LA_D_8529083,0,7.1403214e-05,0
LA_D_8538817,0,1.5338637e-05,0
LA_D_8557922,0,0.00011246067,0
LA_D_8563827,0,8.161734e-05,0
LA_D_8579416,0,1.6355729e-05,0
LA_D_8638229,0,0.00010679078,0
LA_D_8645167,0,1.28854435e-05,0
LA_D_8682752,0,3.280328e-05,0
LA_D_8688796,0,7.452232e-05,0
LA_D_8693666,0,4.5304194e-05,0
LA_D_8719361,0,0.00021505191,0
LA_D_8740534,0,0.00010069307,0
LA_D_8753478,0,9.898543e-05,0
LA_D_8758498,0,0.00030818317,0
LA_D_8772841,0,2.9479119e-05,0
LA_D_8785732,0,8.88013e-05,0
LA_D_8843993,0,1.5298623e-05,0
LA_D_8848915,0,0.000118384625,0
LA_D_8870758,0,7.2442825e-05,0
LA_D_8894853,0,2.9909887e-05,0
LA_D_8948179,0,0.00015637075,0
LA_D_8957963,0,4.975471e-05,0
LA_D_8967441,0,3.3192977e-05,0
LA_D_8985398,0,2.6481752e-05,0
LA_D_8986637,0,5.9728285e-05,0
LA_D_9000459,0,3.253544e-05,0
LA_D_9010806,0,5.395765e-05,0
LA_D_9061973,0,5.581814e-05,0
LA_D_9064825,0,0.0001122387,0
LA_D_9071521,0,1.2583523e-05,0
LA_D_9099044,0,9.8258475e-05,0
LA_D_9100251,0,7.809398e-05,0
LA_D_9106675,0,1.2303218e-05,0
LA_D_9148946,0,4.916218e-05,0
LA_D_9272291,0,4.2247735e-05,0
LA_D_9278642,0,1.7961956e-05,0
LA_D_9307448,0,0.0031692493,0
LA_D_9321961,0,6.664067e-05,0
LA_D_9329658,0,1.0863699e-05,0
LA_D_9332219,0,0.00012949876,0
LA_D_9335965,0,7.880481e-05,0
LA_D_9344459,0,6.7487e-05,0
LA_D_9400014,0,4.6351135e-05,0
LA_D_9455587,0,4.1166793e-05,0
LA_D_9471872,0,3.6921367e-05,0
LA_D_9475381,0,4.0645165e-05,0
LA_D_9519831,0,1.5879335e-05,0
LA_D_9523759,0,0.0001007606,0
LA_D_9528015,0,2.689369e-05,0
LA_D_9538448,0,0.00021589012,0
LA_D_9644301,0,6.4850625e-05,0
LA_D_9653754,0,9.3847775e-05,0
LA_D_9663997,0,5.5164815e-05,0
LA_D_9676788,0,7.528043e-05,0
LA_D_9681106,0,6.0226343e-05,0
LA_D_9698452,0,0.00023517194,0
LA_D_9705819,0,8.770608e-05,0
LA_D_9707725,0,2.5983632e-05,0
LA_D_9733247,0,7.230825e-05,0
LA_D_9761792,0,0.0001111039,0
LA_D_9771827,0,0.000104115985,0
LA_D_9775314,0,0.00011356343,0
LA_D_9778372,0,1.0652389e-05,0
LA_D_9778376,0,1.4341797e-05,0
LA_D_9792691,0,4.454659e-05,0
LA_D_9797194,0,2.6803358e-05,0
LA_D_9896814,0,3.504427e-05,0
LA_D_9911310,0,3.4567438e-05,0
LA_D_9948019,0,9.947207e-05,0
LA_D_9958023,0,2.9194369e-05,0
LA_D_9980576,0,1.231458e-05,0
LA_D_9987379,0,9.0655485e-05,0
LA_D_1013810,0,3.8042836e-05,0
LA_D_1058167,0,2.9890294e-05,0
LA_D_1114039,0,1.5401007e-05,0
LA_D_1139754,0,1.211108e-05,0
LA_D_1162280,0,4.9597813e-05,0
LA_D_1185426,0,5.659074e-05,0
LA_D_1253703,0,1.8167722e-05,0
LA_D_1291101,0,0.00016325037,0
LA_D_1337359,0,1.8680887e-05,0
LA_D_1352656,0,2.0401361e-05,0
LA_D_1361600,0,0.0001030859,0
LA_D_1416022,0,2.9892546e-05,0
LA_D_1418965,0,2.7038523e-05,0
LA_D_1441701,0,7.4200594e-05,0
LA_D_1461015,0,9.70757e-06,0
LA_D_1481725,0,1.4816437e-05,0
LA_D_1483498,0,3.9996277e-05,0
LA_D_1507549,0,2.19675e-05,0
LA_D_1560491,0,2.3753759e-05,0
LA_D_1561860,0,3.882541e-05,0
LA_D_1570710,0,3.3705004e-05,0
LA_D_1604831,0,5.7859565e-05,0
LA_D_1621509,0,8.857211e-06,0
LA_D_1649887,0,8.092604e-05,0
LA_D_1652776,0,3.333414e-05,0
LA_D_1716656,0,4.8508944e-05,0
LA_D_1804384,0,0.00010548306,0
LA_D_1822549,0,4.731295e-05,0
LA_D_1877141,0,4.3573848e-05,0
LA_D_1932009,0,2.6460244e-05,0
LA_D_1985162,0,2.7199358e-05,0
LA_D_1985982,0,5.0861738e-05,0
LA_D_1996500,0,3.8557715e-05,0
LA_D_2017198,0,3.47157e-05,0
LA_D_2018219,0,0.00013122136,0
LA_D_2045409,0,5.440759e-05,0
LA_D_2065981,0,2.353515e-05,0
LA_D_2094262,0,5.256373e-06,0
LA_D_2142744,0,7.6772485e-05,0
LA_D_2174187,0,0.00023471919,0
LA_D_2195251,0,7.8879544e-05,0
LA_D_2210828,0,2.2474005e-05,0
LA_D_2218447,0,0.00013688655,0
LA_D_2256022,0,5.172152e-06,0
LA_D_2335395,0,1.3404639e-05,0
LA_D_2403062,0,1.0212245e-05,0
LA_D_2441155,0,4.917109e-05,0
LA_D_2479312,0,3.4029457e-05,0
LA_D_2490654,0,5.6833887e-06,0
LA_D_2514874,0,5.3785498e-05,0
LA_D_2529982,0,1.0321316e-05,0
LA_D_2653429,0,1.7279113e-05,0
LA_D_2663437,0,3.6520865e-05,0
LA_D_2669376,0,3.299765e-05,0
LA_D_2688863,0,1.489329e-05,0
LA_D_2777169,0,6.976465e-05,0
LA_D_2786957,0,4.775751e-05,0
LA_D_2808442,0,1.2069444e-05,0
LA_D_2831646,0,3.384957e-05,0
LA_D_2850234,0,7.705361e-05,0
LA_D_2864137,0,8.865696e-06,0
LA_D_2874951,0,8.726058e-06,0
LA_D_2879814,0,0.00013178801,0
LA_D_2886143,0,3.0443265e-05,0
LA_D_2897075,0,4.166737e-05,0
LA_D_2908532,0,7.227467e-05,0
LA_D_2928444,0,2.4177712e-06,0
LA_D_2973882,0,2.0490292e-05,0
LA_D_2982066,0,4.938298e-05,0
LA_D_3063506,0,1.1857287e-05,0
LA_D_3106372,0,4.6085494e-05,0
LA_D_3113412,0,3.2098225e-05,0
LA_D_3114938,0,0.00012926238,0
LA_D_3115301,0,8.333529e-06,0
LA_D_3117454,0,2.9623574e-05,0
LA_D_3118975,0,2.1792706e-05,0
LA_D_3128008,0,7.4152995e-05,0
LA_D_3132921,0,4.438647e-05,0
LA_D_3194587,0,1.50033575e-05,0
LA_D_3260902,0,0.00022907142,0
LA_D_3339394,0,1.0191114e-05,0
LA_D_3342069,0,2.9342471e-05,0
LA_D_3349461,0,6.274675e-05,0
LA_D_3356308,0,2.053791e-05,0
LA_D_3373606,0,5.1497478e-05,0
LA_D_3375685,0,7.787995e-05,0
LA_D_3429746,0,8.298287e-05,0
LA_D_3430677,0,0.00010544736,0
LA_D_3445715,0,0.00012005151,0
LA_D_3459378,0,1.1522618e-05,0
LA_D_3477279,0,1.2411567e-05,0
LA_D_3506531,0,8.523783e-05,0
LA_D_3571216,0,4.7160782e-05,0
LA_D_3587612,0,2.4975732e-05,0
LA_D_3597947,0,9.017805e-06,0
LA_D_3639376,0,3.9680417e-05,0
LA_D_3641330,0,9.753629e-05,0
LA_D_3645170,0,4.557133e-05,0
LA_D_3676772,0,8.1096994e-05,0
LA_D_3687327,0,1.7512524e-05,0
LA_D_3705070,0,7.761082e-05,0
LA_D_3711375,0,0.0003126465,0
LA_D_3720743,0,6.9871894e-05,0
LA_D_3732635,0,1.5673577e-05,0
LA_D_3776327,0,2.5403895e-05,0
LA_D_3787257,0,1.535891e-05,0
LA_D_3793172,0,4.358382e-05,0
LA_D_3802962,0,7.051597e-05,0
LA_D_3821359,0,3.1603795e-05,0
LA_D_3838632,0,8.333392e-05,0
LA_D_3850425,0,0.00010209346,0
LA_D_3898925,0,3.663318e-05,0
LA_D_3913569,0,5.0265517e-05,0
LA_D_3928290,0,1.0077276e-05,0
LA_D_3945227,0,7.399294e-05,0
LA_D_3975146,0,2.9679053e-05,0
LA_D_4014725,0,4.897646e-05,0
LA_D_4031375,0,5.933895e-05,0
LA_D_4039557,0,4.849525e-05,0
LA_D_4046048,0,5.7577476e-05,0
LA_D_4084629,0,2.5023774e-05,0
LA_D_4095002,0,5.034064e-05,0
LA_D_4108210,0,3.4953882e-05,0
LA_D_4110914,0,3.0157575e-05,0
LA_D_4182578,0,3.23248e-05,0
LA_D_4200741,0,3.0454386e-05,0
LA_D_4205148,0,4.0837684e-05,0
LA_D_4230212,0,5.7089205e-06,0
LA_D_4234629,0,8.270772e-05,0
LA_D_4236787,0,4.5028017e-05,0
LA_D_4251305,0,0.00030021966,0
LA_D_4339387,0,0.00019604819,0
LA_D_4342639,0,4.627389e-05,0
LA_D_4412972,0,8.087419e-05,0
LA_D_4458668,0,3.6164893e-05,0
LA_D_4528435,0,2.7199696e-05,0
LA_D_4529749,0,4.787958e-05,0
LA_D_4542962,0,7.605568e-05,0
LA_D_4573581,0,1.3987507e-05,0
LA_D_4585435,0,1.5175663e-05,0
LA_D_4593298,0,7.721929e-06,0
LA_D_4599849,0,4.2549524e-05,0
LA_D_4638718,0,0.00016306837,0
LA_D_4823498,0,1.4134797e-05,0
LA_D_4837193,0,8.130103e-05,0
LA_D_4850598,0,7.807434e-06,0
LA_D_4859174,0,5.2505107e-05,0
LA_D_4883594,0,8.748214e-05,0
LA_D_4919685,0,4.90563e-05,0
LA_D_4947786,0,3.3208526e-05,0
LA_D_4952066,0,0.00013234299,0
LA_D_5029303,0,3.3131157e-05,0
LA_D_5034046,0,3.045764e-05,0
LA_D_5051791,0,2.3973755e-05,0
LA_D_5164039,0,1.838282e-05,0
LA_D_5168716,0,2.0844283e-05,0
LA_D_5174566,0,7.901128e-05,0
LA_D_5219734,0,1.4548722e-05,0
LA_D_5220475,0,7.744511e-06,0
LA_D_5237899,0,0.0001663072,0
LA_D_5287819,0,5.7097408e-05,0
LA_D_5289575,0,1.25871e-05,0
LA_D_5323011,0,3.7963506e-05,0
LA_D_5328894,0,3.479133e-05,0
LA_D_5356350,0,1.9482472e-05,0
LA_D_5394100,0,9.242084e-06,0
LA_D_5400630,0,3.1820877e-05,0
LA_D_5402192,0,2.3481904e-05,0
LA_D_5413087,0,1.9469768e-05,0
LA_D_5422570,0,0.00018027483,0
LA_D_5458074,0,8.8760404e-05,0
LA_D_5525120,0,2.3537574e-05,0
LA_D_5534887,0,4.9518698e-05,0
LA_D_5580217,0,3.7428785e-05,0
LA_D_5599035,0,1.600122e-05,0
LA_D_5713417,0,8.945079e-05,0
LA_D_5737035,0,4.1620187e-05,0
LA_D_5737796,0,2.5436793e-05,0
LA_D_5743533,0,9.310411e-05,0
LA_D_5791316,0,4.386243e-05,0
LA_D_5809176,0,4.3627777e-05,0
LA_D_5818741,0,7.1750364e-05,0
LA_D_5822388,0,0.00011824191,0
LA_D_5844214,0,6.209146e-05,0
LA_D_5885239,0,3.812826e-05,0
LA_D_6018250,0,6.364646e-06,0
LA_D_6023359,0,3.560888e-05,0
LA_D_6032690,0,1.2362674e-06,0
LA_D_6047115,0,3.2983462e-05,0
LA_D_6093649,0,4.2425258e-05,0
LA_D_6098242,0,3.0256671e-05,0
LA_D_6111501,0,3.5856272e-05,0
LA_D_6153919,0,5.6012654e-05,0
LA_D_6197060,0,7.3170995e-05,0
LA_D_6214749,0,3.637051e-05,0
LA_D_6375943,0,7.296398e-05,0
LA_D_6407177,0,2.4182456e-05,0
LA_D_6468524,0,4.429126e-06,0
LA_D_6484471,0,4.7977483e-05,0
LA_D_6495668,0,7.296704e-05,0
LA_D_6802172,0,9.127863e-06,0
LA_D_6810036,0,5.851051e-06,0
LA_D_6876959,0,5.8913083e-05,0
LA_D_6900371,0,0.00010944741,0
LA_D_6927348,0,2.6718786e-05,0
LA_D_6935657,0,2.405166e-05,0
LA_D_6946995,0,8.524409e-06,0
LA_D_7016944,0,4.36871e-05,0
LA_D_7058822,0,2.2597298e-05,0
LA_D_7065014,0,3.9281404e-05,0
LA_D_7109771,0,2.994636e-05,0
LA_D_7125605,0,3.339676e-05,0
LA_D_7188227,0,0.00036303748,0
LA_D_7191859,0,1.97503e-05,0
LA_D_7194141,0,2.3236487e-05,0
LA_D_7224568,0,0.00015007248,0
LA_D_7225984,0,7.839287e-05,0
LA_D_7283586,0,2.8520553e-05,0
LA_D_7293816,0,1.4154385e-05,0
LA_D_7294059,0,5.5876085e-06,0
LA_D_7297087,0,0.00014539919,0
LA_D_7299706,0,3.087478e-05,0
LA_D_7363059,0,1.1272221e-05,0
LA_D_7374784,0,9.285762e-05,0
LA_D_7388625,0,6.64688e-05,0
LA_D_7422802,0,1.1675219e-05,0
LA_D_7442253,0,3.4270943e-05,0
LA_D_7479337,0,2.9627585e-05,0
LA_D_7506195,0,0.00010542977,0
LA_D_7537666,0,4.048687e-05,0
LA_D_7549839,0,1.9139137e-05,0
LA_D_7622887,0,0.00013246748,0
LA_D_7655527,0,6.891675e-05,0
LA_D_7679781,0,0.000100096266,0
LA_D_7691716,0,4.5035104e-05,0
LA_D_7704814,0,0.00014416993,0
LA_D_7705946,0,1.3034696e-05,0
LA_D_7769896,0,0.00011069528,0
LA_D_7783081,0,0.000120175086,0
LA_D_7796964,0,9.375663e-05,0
LA_D_7833173,0,3.9421982e-05,0
LA_D_7834333,0,7.148817e-06,0
LA_D_7906750,0,4.6245037e-05,0
LA_D_7932767,0,1.7507882e-05,0
LA_D_7953344,0,3.7688635e-05,0
LA_D_8023557,0,2.7257964e-05,0
LA_D_8177576,0,2.0301408e-05,0
LA_D_8218322,0,7.775505e-05,0
LA_D_8241189,0,1.4281512e-05,0
LA_D_8265432,0,1.17811605e-05,0
LA_D_8283819,0,1.4367397e-05,0
LA_D_8350907,0,2.9650371e-05,0
LA_D_8456544,0,8.377206e-05,0
LA_D_8481565,0,3.1467564e-05,0
LA_D_8511318,0,0.00017818005,0
LA_D_8514719,0,3.081154e-05,0
LA_D_8637140,0,0.00057953305,0
LA_D_8665250,0,3.256925e-05,0
LA_D_8693204,0,1.9080144e-05,0
LA_D_8720226,0,5.9015478e-05,0
LA_D_8728415,0,2.4704499e-05,0
LA_D_8742351,0,2.0437561e-05,0
LA_D_8821044,0,6.3432904e-05,0
LA_D_8875562,0,1.7103364e-05,0
LA_D_8905681,0,3.871988e-05,0
LA_D_8944425,0,0.00013825159,0
LA_D_8958444,0,2.7601736e-05,0
LA_D_9077999,0,6.5346453e-06,0
LA_D_9080415,0,2.3676366e-05,0
LA_D_9154948,0,0.000111557194,0
LA_D_9160362,0,3.4605167e-05,0
LA_D_9182085,0,2.3711387e-05,0
LA_D_9196271,0,0.00010936186,0
LA_D_9201990,0,2.5258181e-05,0
LA_D_9230787,0,1.9527506e-05,0
LA_D_9258278,0,0.00011833258,0
LA_D_9278101,0,9.016923e-05,0
LA_D_9295289,0,2.2300475e-05,0
LA_D_9305482,0,0.00015865966,0
LA_D_9316058,0,1.3503963e-05,0
LA_D_9321322,0,1.57081e-05,0
LA_D_9331853,0,5.5778226e-05,0
LA_D_9354882,0,3.524089e-05,0
LA_D_9391009,0,0.00010364941,0
LA_D_9403264,0,5.0651575e-05,0
LA_D_9439860,0,3.5018846e-05,0
LA_D_9502607,0,4.7308436e-05,0
LA_D_9520709,0,4.2581305e-05,0
LA_D_9549616,0,7.914394e-06,0
LA_D_9553311,0,4.343329e-05,0
LA_D_9567658,0,2.5409152e-05,0
LA_D_9641365,0,3.2241616e-05,0
LA_D_9644491,0,4.552012e-05,0
LA_D_9645639,0,9.954431e-06,0
LA_D_9670462,0,5.318056e-05,0
LA_D_9686921,0,2.9522053e-05,0
LA_D_9741299,0,7.7417746e-05,0
LA_D_9788709,0,6.662447e-05,0
LA_D_9790131,0,0.0001660038,0
LA_D_9815112,0,1.9028157e-05,0
LA_D_9836992,0,4.5394885e-05,0
LA_D_9859179,0,3.1473748e-05,0
LA_D_9871071,0,2.1181495e-05,0
LA_D_9914468,0,8.696939e-06,0
LA_D_9951013,0,1.2076052e-05,0
LA_D_9952661,0,5.683925e-05,0
LA_D_9963998,0,2.9479006e-05,0
LA_D_9986772,0,6.669852e-05,0
LA_D_1058175,0,5.264118e-05,0
LA_D_1094159,0,2.8106308e-05,0
LA_D_1096800,0,5.0800954e-05,0
LA_D_1112801,0,1.547701e-05,0
LA_D_1143330,0,3.2037184e-05,0
LA_D_1182427,0,5.3808024e-05,0
LA_D_1183700,0,0.0001668851,0
LA_D_1203409,0,0.00010789862,0
LA_D_1218439,0,0.00010452903,0
LA_D_1219426,0,5.175872e-05,0
LA_D_1234985,0,1.9358497e-05,0
LA_D_1248114,0,2.5515776e-05,0
LA_D_1251280,0,9.7342e-05,0
LA_D_1291769,0,4.1145715e-05,0
LA_D_1303948,0,7.4661606e-05,0
LA_D_1321499,0,0.000101695856,0
LA_D_1326429,0,1.2999253e-05,0
LA_D_1330876,0,3.2552045e-05,0
LA_D_1345487,0,0.00019084683,0
LA_D_1364429,0,4.6988178e-05,0
LA_D_1370857,0,0.00015235113,0
LA_D_1375287,0,9.527399e-05,0
LA_D_1421669,0,9.872478e-05,0
LA_D_1450181,0,2.2911332e-05,0
LA_D_1514781,0,6.9735375e-05,0
LA_D_1546492,0,0.0002480089,0
LA_D_1551180,0,0.000115500065,0
LA_D_1552205,0,8.7332446e-05,0
LA_D_1588708,0,0.00021286744,0
LA_D_1592604,0,4.7034577e-05,0
LA_D_1616469,0,5.4155185e-05,0
LA_D_1634247,0,0.0001746304,0
LA_D_1634260,0,0.00022103672,0
LA_D_1640811,0,7.660831e-05,0
LA_D_1693621,0,6.3316205e-05,0
LA_D_1700029,0,0.00011787828,0
LA_D_1725101,0,3.870681e-05,0
LA_D_1726757,0,3.6019883e-05,0
LA_D_1750812,0,6.3864936e-05,0
LA_D_1756267,0,4.5777222e-05,0
LA_D_1764899,0,6.2912535e-05,0
LA_D_1785622,0,0.00012475182,0
LA_D_1812777,0,2.528257e-05,0
LA_D_1857093,0,9.887477e-05,0
LA_D_1859569,0,6.857755e-05,0
LA_D_1860732,0,0.00010778776,0
LA_D_1874538,0,8.3455045e-05,0
LA_D_1875610,0,0.00015834923,0
LA_D_1888505,0,3.6336292e-05,0
LA_D_1902286,0,5.6898687e-05,0
LA_D_1951999,0,8.149896e-05,0
LA_D_1977992,0,8.747222e-05,0
LA_D_1982609,0,5.253922e-05,0
LA_D_2040940,0,0.00011970058,0
LA_D_2065024,0,8.286552e-05,0
LA_D_2076833,0,4.5669214e-05,0
LA_D_2092891,0,0.00024289194,0
LA_D_2094846,0,6.89176e-05,0
LA_D_2110221,0,4.9785227e-05,0
LA_D_2110877,0,0.0002413826,0
LA_D_2120746,0,5.4004337e-05,0
LA_D_2160549,0,6.547569e-05,0
LA_D_2242907,0,4.342658e-05,0
LA_D_2295521,0,7.619535e-05,0
LA_D_2330181,0,0.00022506347,0
LA_D_2354304,0,8.930691e-05,0
LA_D_2368084,0,5.8361904e-05,0
LA_D_2386712,0,5.9751983e-05,0
LA_D_2396603,0,0.000586988,0
LA_D_2529258,0,5.2602038e-05,0
LA_D_2536419,0,8.1563885e-05,0
LA_D_2543771,0,9.8160235e-05,0
LA_D_2565992,0,0.00019541461,0
LA_D_2602121,0,7.150399e-05,0
LA_D_2605389,0,5.460016e-05,0
LA_D_2638194,0,4.5084133e-05,0
LA_D_2669207,0,0.0005291316,0
LA_D_2680010,0,4.558189e-05,0
LA_D_2709521,0,4.1267933e-05,0
LA_D_2713921,0,0.00010818101,0
LA_D_2714506,0,1.8158888e-05,0
LA_D_2736798,0,5.103271e-05,0
LA_D_2772831,0,9.306818e-06,0
LA_D_2779400,0,2.4571747e-05,0
LA_D_2793029,0,0.00011785749,0
LA_D_2834285,0,0.00014129099,0
LA_D_2853745,0,3.632531e-05,0
LA_D_2895911,0,0.00014869861,0
LA_D_2897114,0,8.5681495e-05,0
LA_D_2907242,0,0.00017709805,0
LA_D_2926373,0,0.00013528683,0
LA_D_2963666,0,3.955325e-05,0
LA_D_3033850,0,4.857208e-05,0
LA_D_3048934,0,5.0571845e-05,0
LA_D_3050382,0,9.0089045e-05,0
LA_D_3060021,0,4.0942694e-05,0
LA_D_3074358,0,5.3190754e-05,0
LA_D_3091849,0,0.00011182293,0
LA_D_3098494,0,0.00010764007,0
LA_D_3102719,0,4.8402107e-05,0
LA_D_3103229,0,3.228192e-05,0
LA_D_3140807,0,7.510461e-05,0
LA_D_3141001,0,1.6128395e-05,0
LA_D_3146067,0,2.2667984e-05,0
LA_D_3197776,0,1.899735e-05,0
LA_D_3209443,0,9.744054e-05,0
LA_D_3218501,0,0.000214924,0
LA_D_3220414,0,4.7526304e-05,0
LA_D_3223679,0,0.00011933793,0
LA_D_3235954,0,7.939921e-05,0
LA_D_3240744,0,5.5299395e-05,0
LA_D_3255179,0,4.6550605e-05,0
LA_D_3257558,0,0.000299951,0
LA_D_3268182,0,0.0006051626,0
LA_D_3287616,0,8.6442415e-05,0
LA_D_3292380,0,1.1779981e-05,0
LA_D_3383596,0,0.00013296762,0
LA_D_3395666,0,0.0001983243,0
LA_D_3417030,0,2.5858208e-05,0
LA_D_3469618,0,0.00011651011,0
LA_D_3521896,0,4.031042e-05,0
LA_D_3608379,0,8.264928e-05,0
LA_D_3628945,0,0.00019926993,0
LA_D_3658190,0,2.8923185e-05,0
LA_D_3663883,0,0.00012055155,0
LA_D_3667294,0,5.3709486e-05,0
LA_D_3668276,0,2.9706182e-05,0
LA_D_3695500,0,0.0001270635,0
LA_D_3761182,0,2.6874564e-05,0
LA_D_3774569,0,0.00042488336,0
LA_D_3794898,0,6.515983e-05,0
LA_D_3816975,0,5.2382784e-05,0
LA_D_3832995,0,5.1806714e-05,0
LA_D_3838796,0,9.942693e-05,0
LA_D_3870171,0,6.562302e-05,0
LA_D_3891032,0,9.031793e-05,0
LA_D_3901055,0,4.5625948e-05,0
LA_D_3942705,0,6.6774635e-05,0
LA_D_3982488,0,0.00025245568,0
LA_D_4036156,0,5.8679838e-05,0
LA_D_4083065,0,3.2329515e-06,0
LA_D_4087294,0,2.0011656e-05,0
LA_D_4100618,0,4.7387137e-05,0
LA_D_4176473,0,4.3043798e-05,0
LA_D_4177267,0,1.6018352e-05,0
LA_D_4195813,0,2.6708185e-05,0
LA_D_4234473,0,0.000100778074,0
LA_D_4238004,0,0.00015698296,0
LA_D_4252877,0,5.183112e-05,0
LA_D_4289062,0,5.267302e-05,0
LA_D_4315292,0,7.307031e-05,0
LA_D_4320045,0,3.460319e-05,0
LA_D_4374505,0,0.00015243773,0
LA_D_4374847,0,7.740196e-05,0
LA_D_4396906,0,0.00013758705,0
LA_D_4431110,0,0.0001711113,0
LA_D_4433438,0,4.942896e-05,0
LA_D_4435311,0,3.6590376e-05,0
LA_D_4445043,0,0.00075245387,0
LA_D_4466315,0,3.3623845e-05,0
LA_D_4482250,0,0.00012431269,0
LA_D_4514767,0,5.926712e-05,0
LA_D_4525286,0,0.00012519895,0
LA_D_4532971,0,6.9270965e-05,0
LA_D_4538195,0,9.860585e-05,0
LA_D_4623028,0,7.65964e-05,0
LA_D_4646382,0,0.00011554534,0
LA_D_4693240,0,4.8427686e-05,0
LA_D_4702442,0,0.000112739086,0
LA_D_4739962,0,3.923655e-05,0
LA_D_4753322,0,3.8262704e-05,0
LA_D_4759804,0,8.030198e-05,0
LA_D_4782365,0,5.722311e-05,0
LA_D_4808563,0,9.92567e-05,0
LA_D_4893594,0,3.399806e-05,0
LA_D_4893808,0,0.00010374909,0
LA_D_4895547,0,0.00012182152,0
LA_D_4916654,0,0.00013399452,0
LA_D_4923393,0,0.00010473275,0
LA_D_5000465,0,5.2268115e-05,0
LA_D_5044367,0,6.246609e-05,0
LA_D_5070399,0,0.00010881387,0
LA_D_5108501,0,4.1381976e-05,0
LA_D_5109249,0,0.00018914214,0
LA_D_5114087,0,2.8206734e-05,0
LA_D_5160671,0,6.91994e-05,0
LA_D_5201039,0,5.4432912e-05,0
LA_D_5231688,0,4.689985e-05,0
LA_D_5263250,0,0.00013098432,0
LA_D_5271365,0,0.00016277257,0
LA_D_5275248,0,0.00011876554,0
LA_D_5301506,0,3.2331613e-05,0
LA_D_5301649,0,0.00013966975,0
LA_D_5309639,0,0.0007091181,0
LA_D_5331381,0,4.8341404e-05,0
LA_D_5334560,0,4.9149432e-05,0
LA_D_5364323,0,7.220791e-05,0
LA_D_5383156,0,0.00018487479,0
LA_D_5408466,0,0.000103397484,0
LA_D_5416130,0,6.448426e-05,0
LA_D_5427296,0,7.0039605e-05,0
LA_D_5437761,0,0.00012003114,0
LA_D_5440591,0,0.00017414388,0
LA_D_5454068,0,2.677523e-05,0
LA_D_5466662,0,8.3658066e-05,0
LA_D_5471947,0,0.00020042622,0
LA_D_5474545,0,0.00011577628,0
LA_D_5510072,0,1.3662866e-05,0
LA_D_5510361,0,0.000109364366,0
LA_D_5514813,0,0.00015198707,0
LA_D_5525407,0,6.0965e-05,0
LA_D_5539821,0,0.00014657348,0
LA_D_5625259,0,2.9197963e-05,0
LA_D_5637355,0,0.00014133788,0
LA_D_5642400,0,4.0071714e-05,0
LA_D_5653465,0,7.797744e-05,0
LA_D_5714519,0,0.00011289509,0
LA_D_5716129,0,4.943014e-05,0
LA_D_5716315,0,5.1561612e-05,0
LA_D_5777775,0,6.547694e-05,0
LA_D_5828342,0,3.5764613e-05,0
LA_D_5856971,0,5.9424623e-05,0
LA_D_5868191,0,4.8636557e-05,0
LA_D_5938703,0,7.6374745e-05,0
LA_D_5957995,0,3.2458152e-05,0
LA_D_5995743,0,0.00010448179,0
LA_D_6036790,0,4.935633e-05,0
LA_D_6055461,0,5.1478626e-05,0
LA_D_6089298,0,9.446018e-05,0
LA_D_6105261,0,2.1853102e-05,0
LA_D_6107434,0,0.00016251698,0
LA_D_6111513,0,9.959137e-05,0
LA_D_6138469,0,3.2042164e-05,0
LA_D_6143621,0,7.039973e-06,0
LA_D_6149770,0,8.202055e-05,0
LA_D_6175034,0,3.9360864e-05,0
LA_D_6210847,0,0.000102802696,0
LA_D_6251261,0,0.0002150388,0
LA_D_6271793,0,4.0733015e-05,0
LA_D_6284369,0,2.161122e-05,0
LA_D_6303966,0,0.0002208886,0
LA_D_6341603,0,0.00012678454,0
LA_D_6345727,0,0.00013060817,0
LA_D_6359607,0,6.493509e-05,0
LA_D_6422391,0,0.00016653347,0
LA_D_6443808,0,0.00010335136,0
LA_D_6516436,0,9.031535e-05,0
LA_D_6518104,0,1.8490458e-05,0
LA_D_6539622,0,4.5466324e-05,0
LA_D_6551392,0,8.210702e-05,0
LA_D_6577918,0,4.993024e-05,0
LA_D_6607113,0,8.9944015e-06,0
LA_D_6628655,0,0.0003128439,0
LA_D_6630625,0,0.00013909614,0
LA_D_6695154,0,2.9717403e-05,0
LA_D_6718854,0,5.13654e-05,0
LA_D_6720500,0,0.000110797824,0
LA_D_6721720,0,6.798729e-05,0
LA_D_6726921,0,3.7531037e-05,0
LA_D_6736558,0,9.0325855e-05,0
LA_D_6770113,0,2.9945875e-05,0
LA_D_6814056,0,4.7763835e-05,0
LA_D_6822067,0,4.050046e-05,0
LA_D_6879633,0,9.1756025e-05,0
LA_D_6911825,0,6.413684e-05,0
LA_D_6927946,0,4.5419045e-05,0
LA_D_6940412,0,4.0231927e-05,0
LA_D_6980515,0,4.8189784e-05,0
LA_D_6987730,0,8.853656e-05,0
LA_D_6992546,0,4.908241e-05,0
LA_D_7031168,0,0.00011540132,0
LA_D_7056226,0,0.0003150468,0
LA_D_7143793,0,6.335504e-05,0
LA_D_7157583,0,2.0662164e-05,0
LA_D_7169976,0,6.847966e-05,0
LA_D_7182086,0,1.1090861e-05,0
LA_D_7191939,0,0.00016977491,0
LA_D_7232917,0,0.00013378717,0
LA_D_7255793,0,0.00034545964,0
LA_D_7297893,0,0.000101249294,0
LA_D_7300673,0,8.6660315e-05,0
LA_D_7322062,0,2.7120903e-05,0
LA_D_7335601,0,7.755237e-05,0
LA_D_7346973,0,2.350505e-05,0
LA_D_7359871,0,1.9351204e-05,0
LA_D_7363360,0,6.537275e-05,0
LA_D_7379829,0,7.453113e-05,0
LA_D_7383476,0,8.999399e-05,0
LA_D_7390072,0,4.831292e-05,0
LA_D_7400234,0,0.00011549059,0
LA_D_7417514,0,2.7309821e-05,0
LA_D_7418166,0,9.9150835e-05,0
LA_D_7453863,0,2.374515e-05,0
LA_D_7470067,0,0.00010038666,0
LA_D_7513692,0,4.8065183e-05,0
LA_D_7517871,0,2.3034432e-05,0
LA_D_7596266,0,0.00013474199,0
LA_D_7624171,0,0.00013677173,0
LA_D_7647726,0,0.00013849145,0
LA_D_7665313,0,0.00011843869,0
LA_D_7668086,0,6.0946575e-05,0
LA_D_7694738,0,2.8546132e-05,0
LA_D_7705215,0,0.000111065434,0
LA_D_7722898,0,4.4491062e-05,0
LA_D_7741435,0,0.00021627622,0
LA_D_7756173,0,2.7026148e-05,0
LA_D_7762520,0,5.5881188e-05,0
LA_D_7763634,0,4.4923454e-05,0
LA_D_7764712,0,0.00017365687,0
LA_D_7765561,0,4.222977e-05,0
LA_D_7784589,0,8.5180465e-05,0
LA_D_7784895,0,2.6982652e-05,0
LA_D_7815011,0,5.4725475e-05,0
LA_D_7816003,0,0.0003193585,0
LA_D_7831838,0,5.238468e-05,0
LA_D_7833764,0,3.2825246e-05,0
LA_D_7849760,0,5.753598e-05,0
LA_D_7855716,0,9.347453e-05,0
LA_D_7865903,0,0.00025871213,0
LA_D_7886257,0,0.00020994354,0
LA_D_7900165,0,2.4314844e-05,0
LA_D_7982809,0,5.1943498e-05,0
LA_D_7982832,0,5.7542566e-05,0
LA_D_8004535,0,3.889449e-06,0
LA_D_8006920,0,9.933027e-05,0
LA_D_8043612,0,2.9313354e-05,0
LA_D_8045813,0,0.00023300142,0
LA_D_8046653,0,3.2350643e-05,0
LA_D_8058949,0,0.00010129401,0
LA_D_8066085,0,0.00011402731,0
LA_D_8067809,0,3.4927856e-05,0
LA_D_8086419,0,4.0460236e-05,0
LA_D_8093748,0,0.00010950378,0
LA_D_8106973,0,0.00010185774,0
LA_D_8112034,0,2.5445042e-05,0
LA_D_8149486,0,4.2182804e-05,0
LA_D_8151945,0,9.252139e-05,0
LA_D_8172758,0,5.4795553e-05,0
LA_D_8181526,0,0.00012862058,0
LA_D_8198483,0,1.1891033e-05,0
LA_D_8223293,0,8.6153734e-05,0
LA_D_8232967,0,4.045661e-05,0
LA_D_8256307,0,4.499707e-05,0
LA_D_8309973,0,0.00017521568,0
LA_D_8314425,0,2.7951837e-05,0
LA_D_8323741,0,7.656931e-05,0
LA_D_8370384,0,0.0008335408,0
LA_D_8370984,0,1.2194652e-05,0
LA_D_8384378,0,0.00013340372,0
LA_D_8391684,0,6.23856e-05,0
LA_D_8398401,0,0.00088906044,0
LA_D_8399662,0,7.876048e-05,0
LA_D_8504035,0,2.1568048e-05,0
LA_D_8505340,0,2.5305535e-05,0
LA_D_8512243,0,0.00011053926,0
LA_D_8534733,0,3.0979543e-05,0
LA_D_8535074,0,0.00017835648,0
LA_D_8580443,0,7.958356e-05,0
LA_D_8584366,0,9.510434e-05,0
LA_D_8597595,0,2.2487426e-05,0
LA_D_8600478,0,1.3259697e-05,0
LA_D_8608509,0,4.662875e-05,0
LA_D_8625690,0,4.073935e-05,0
LA_D_8674116,0,0.00012158454,0
LA_D_8692213,0,0.000100881625,0
LA_D_8712541,0,4.4636487e-05,0
LA_D_8717579,0,2.3072424e-05,0
LA_D_8791539,0,2.6214355e-05,0
LA_D_8796692,0,7.861679e-05,0
LA_D_8840625,0,2.3412855e-05,0
LA_D_8841200,0,9.961939e-05,0
LA_D_8846826,0,4.3689644e-05,0
LA_D_8891133,0,0.00010810264,0
LA_D_8904678,0,2.6339449e-05,0
LA_D_8932331,0,2.2476277e-05,0
LA_D_8955275,0,0.00053475506,0
LA_D_8956199,0,0.0001015746,0
LA_D_8960945,0,5.022168e-05,0
LA_D_8966356,0,4.682696e-05,0
LA_D_9027045,0,0.00010762324,0
LA_D_9043896,0,8.59977e-05,0
LA_D_9205640,0,2.842107e-05,0
LA_D_9213206,0,9.5226846e-05,0
LA_D_9218810,0,8.7282824e-05,0
LA_D_9257861,0,0.00012258021,0
LA_D_9266332,0,6.532427e-05,0
LA_D_9273749,0,0.00015642711,0
LA_D_9317123,0,2.0317231e-05,0
LA_D_9328186,0,3.209896e-05,0
LA_D_9362120,0,8.989982e-05,0
LA_D_9362645,0,9.3221104e-05,0
LA_D_9382394,0,2.7888706e-05,0
LA_D_9416726,0,2.9243998e-05,0
LA_D_9436033,0,0.00039178797,0
LA_D_9445466,0,8.333162e-05,0
LA_D_9502317,0,2.8801911e-05,0
LA_D_9503289,0,1.8415738e-05,0
LA_D_9580819,0,9.605238e-05,0
LA_D_9635070,0,1.6018992e-05,0
LA_D_9674435,0,1.3470673e-05,0
LA_D_9677312,0,2.4618914e-05,0
LA_D_9688437,0,3.8630184e-05,0
LA_D_9722118,0,5.735269e-05,0
LA_D_9725525,0,3.5167264e-05,0
LA_D_9752782,0,5.052359e-05,0
LA_D_9796677,0,4.771422e-05,0
LA_D_9845403,0,1.7813885e-05,0
LA_D_9868503,0,2.020289e-05,0
LA_D_9871188,0,1.6947673e-05,0
LA_D_9889279,0,4.2412677e-05,0
LA_D_9917167,0,5.5508564e-05,0
LA_D_9926699,0,0.00015879679,0
LA_D_9949558,0,2.3228156e-05,0
LA_D_9957382,0,2.347754e-05,0
LA_D_1031436,0,6.011439e-05,0
LA_D_1032020,0,2.9143188e-05,0
LA_D_1081764,0,8.250534e-05,0
LA_D_1096990,0,1.4173875e-05,0
LA_D_1110612,0,6.832135e-05,0
LA_D_1116227,0,5.7727353e-05,0
LA_D_1121126,0,8.657886e-05,0
LA_D_1141201,0,0.0001464349,0
LA_D_1146509,0,6.132383e-05,0
LA_D_1233489,0,6.90333e-05,0
LA_D_1254187,0,5.328209e-05,0
LA_D_1348026,0,0.00017868636,0
LA_D_1350639,0,1.1016228e-05,0
LA_D_1374599,0,3.6568435e-05,0
LA_D_1391044,0,0.00013026017,0
LA_D_1395431,0,5.0419243e-05,0
LA_D_1412745,0,0.00017845939,0
LA_D_1515705,0,2.461281e-05,0
LA_D_1562924,0,4.4711465e-05,0
LA_D_1590364,0,7.708485e-05,0
LA_D_1591023,0,0.000102639795,0
LA_D_1608716,0,8.754073e-05,0
LA_D_1649398,0,0.0001712208,0
LA_D_1691598,0,5.7068453e-05,0
LA_D_1703081,0,3.222391e-05,0
LA_D_1716650,0,9.6119824e-05,0
LA_D_1717564,0,3.863892e-05,0
LA_D_1771089,0,0.00017328883,0
LA_D_1772325,0,6.341766e-05,0
LA_D_1792741,0,1.8880333e-05,0
LA_D_1800519,0,0.00016747939,0
LA_D_1820438,0,3.526439e-05,0
LA_D_1846110,0,0.00017114916,0
LA_D_1872484,0,0.0007914218,0
LA_D_1905366,0,8.805218e-05,0
LA_D_1952062,0,0.00023519347,0
LA_D_2005281,0,4.9383118e-05,0
LA_D_2020389,0,6.355018e-05,0
LA_D_2028260,0,2.182844e-05,0
LA_D_2094937,0,2.049459e-05,0
LA_D_2108764,0,0.0001824614,0
LA_D_2124586,0,0.00013762209,0
LA_D_2134167,0,0.0001271167,0
LA_D_2158419,0,7.208353e-05,0
LA_D_2171946,0,3.2626573e-05,0
LA_D_2192025,0,3.196455e-05,0
LA_D_2196619,0,3.8388906e-05,0
LA_D_2240494,0,0.00017230389,0
LA_D_2243488,0,8.141204e-05,0
LA_D_2272161,0,2.2546606e-05,0
LA_D_2288205,0,3.0728763e-05,0
LA_D_2297266,0,8.9536465e-05,0
LA_D_2330610,0,5.3076394e-05,0
LA_D_2331209,0,0.00011077373,0
LA_D_2381980,0,0.0001134433,0
LA_D_2383252,0,2.3027229e-05,0
LA_D_2396073,0,4.120257e-05,0
LA_D_2464153,0,0.00010628971,0
LA_D_2480756,0,7.8174e-05,0
LA_D_2482474,0,9.186135e-05,0
LA_D_2529761,0,0.00068824855,0
LA_D_2537019,0,6.837701e-05,0
LA_D_2581603,0,3.385067e-05,0
LA_D_2591831,0,5.9598115e-05,0
LA_D_2600370,0,6.008322e-05,0
LA_D_2632975,0,9.6342446e-05,0
LA_D_2659177,0,9.227653e-05,0
LA_D_2661288,0,2.543165e-05,0
LA_D_2696036,0,2.7296359e-05,0
LA_D_2731822,0,0.00016938991,0
LA_D_2745677,0,0.00031584012,0
LA_D_2751547,0,3.261326e-05,0
LA_D_2762370,0,6.580055e-05,0
LA_D_2768627,0,9.7791e-05,0
LA_D_2826765,0,2.5979174e-05,0
LA_D_2831994,0,0.00020836908,0
LA_D_2836370,0,8.670685e-05,0
LA_D_2836997,0,5.2266423e-05,0
LA_D_2839806,0,3.410756e-05,0
LA_D_2873319,0,0.00018018633,0
LA_D_2919334,0,5.738989e-05,0
LA_D_2973933,0,0.000110850226,0
LA_D_2997639,0,5.9275826e-05,0
LA_D_3008504,0,3.140868e-05,0
LA_D_3009860,0,9.507098e-05,0
LA_D_3012054,0,3.3639913e-05,0
LA_D_3020555,0,8.625584e-05,0
LA_D_3041827,0,6.2277126e-05,0
LA_D_3062267,0,5.821305e-05,0
LA_D_3102640,0,4.095859e-05,0
LA_D_3117379,0,9.182526e-05,0
LA_D_3139128,0,3.485758e-05,0
LA_D_3144478,0,7.396062e-05,0
LA_D_3169490,0,5.0913957e-05,0
LA_D_3181890,0,3.523904e-05,0
LA_D_3205771,0,2.668288e-05,0
LA_D_3228741,0,0.00012629801,0
LA_D_3229923,0,4.6127392e-05,0
LA_D_3277410,0,5.5432494e-05,0
LA_D_3282057,0,7.499126e-05,0
LA_D_3296082,0,8.1435406e-05,0
LA_D_3303334,0,0.00023669437,0
LA_D_3316424,0,5.9066602e-05,0
LA_D_3335276,0,0.00022674308,0
LA_D_3372760,0,7.159399e-05,0
LA_D_3411696,0,6.235443e-05,0
LA_D_3421161,0,3.2322518e-05,0
LA_D_3431149,0,5.012054e-05,0
LA_D_3431821,0,6.1306586e-05,0
LA_D_3432362,0,0.00014985126,0
LA_D_3456522,0,0.0003902207,0
LA_D_3477968,0,0.00010753193,0
LA_D_3478947,0,3.0087598e-05,0
LA_D_3485019,0,8.671916e-05,0
LA_D_3485765,0,4.6847013e-05,0
LA_D_3489009,0,1.6974493e-05,0
LA_D_3508839,0,2.6738868e-05,0
LA_D_3530863,0,7.914295e-05,0
LA_D_3577241,0,0.00018916432,0
LA_D_3591007,0,1.4706072e-05,0
LA_D_3680282,0,5.009349e-05,0
LA_D_3689168,0,5.7378016e-05,0
LA_D_3695889,0,0.00012879987,0
LA_D_3705418,0,3.534337e-05,0
LA_D_3802161,0,2.7090919e-05,0
LA_D_3884812,0,5.728786e-05,0
LA_D_3944543,0,0.00011971519,0
LA_D_3964644,0,6.552329e-05,0
LA_D_3966802,0,0.00017033465,0
LA_D_3968324,0,1.4769994e-05,0
LA_D_4055715,0,8.589517e-05,0
LA_D_4059408,0,4.701458e-05,0
LA_D_4068527,0,0.00012849947,0
LA_D_4070752,0,0.0002867231,0
LA_D_4076028,0,4.3692435e-05,0
LA_D_4193545,0,6.2050734e-05,0
LA_D_4202564,0,3.6497677e-05,0
LA_D_4209350,0,3.0481002e-05,0
LA_D_4254597,0,5.0652732e-05,0
LA_D_4282710,0,6.037735e-05,0
LA_D_4284157,0,3.4568227e-05,0
LA_D_4296081,0,0.00010481968,0
LA_D_4309360,0,3.9731156e-05,0
LA_D_4313608,0,0.00020723713,0
LA_D_4337079,0,0.00013173399,0
LA_D_4425542,0,7.573695e-05,0
LA_D_4438965,0,0.0004235719,0
LA_D_4451667,0,7.8760335e-05,0
LA_D_4519910,0,3.3472006e-05,0
LA_D_4554135,0,0.0001324844,0
LA_D_4559678,0,3.740259e-05,0
LA_D_4570189,0,0.00026825615,0
LA_D_4571962,0,6.465469e-05,0
LA_D_4611388,0,6.0869206e-05,0
LA_D_4643563,0,2.8071487e-05,0
LA_D_4689159,0,0.00011774773,0
LA_D_4771512,0,0.00028368935,0
LA_D_4801010,0,5.0717117e-05,0
LA_D_4829975,0,5.09057e-05,0
LA_D_4832275,0,0.00012790471,0
LA_D_4851555,0,7.597783e-05,0
LA_D_4862820,0,0.00022051822,0
LA_D_4891563,0,2.2837708e-05,0
LA_D_4905495,0,0.00010165213,0
LA_D_4942259,0,4.6683344e-05,0
LA_D_5004432,0,6.0804286e-05,0
LA_D_5043373,0,5.6059034e-05,0
LA_D_5093282,0,8.496646e-05,0
LA_D_5135015,0,0.00011523989,0
LA_D_5151079,0,1.911823e-05,0
LA_D_5178398,0,2.8458064e-05,0
LA_D_5201713,0,0.00013234225,0
LA_D_5208743,0,0.00014073418,0
LA_D_5231854,0,3.659631e-05,0
LA_D_5253057,0,2.2150623e-05,0
LA_D_5269078,0,2.2619182e-05,0
LA_D_5282926,0,8.2835024e-05,0
LA_D_5290201,0,0.000111263456,0
LA_D_5300406,0,5.481871e-05,0
LA_D_5367629,0,6.316904e-05,0
LA_D_5402243,0,3.4926026e-05,0
LA_D_5405824,0,0.00011154539,0
LA_D_5406305,0,4.7488607e-05,0
LA_D_5427168,0,2.1843893e-05,0
LA_D_5432594,0,3.0003102e-05,0
LA_D_5469998,0,5.7975274e-05,0
LA_D_5540322,0,0.00010664404,0
LA_D_5583855,0,0.00048201004,0
LA_D_5604871,0,8.071263e-05,0
LA_D_5638733,0,0.00010866228,0
LA_D_5671651,0,2.7516373e-05,0
LA_D_5692097,0,4.7090583e-05,0
LA_D_5696486,0,3.571969e-05,0
LA_D_5708525,0,2.2686994e-05,0
LA_D_5708635,0,2.3156892e-05,0
LA_D_5727128,0,0.0001143976,0
LA_D_5732025,0,0.00022276674,0
LA_D_5748339,0,0.00011260618,0
LA_D_5762860,0,4.4939046e-05,0
LA_D_5768079,0,0.00012789814,0
LA_D_5785094,0,0.00010230415,0
LA_D_5839319,0,0.00018873213,0
LA_D_5847132,0,0.0001311343,0
LA_D_5886913,0,0.00018065443,0
LA_D_5934552,0,8.946614e-05,0
LA_D_5974348,0,3.626598e-05,0
LA_D_6020580,0,5.0756982e-05,0
LA_D_6043622,0,2.3645383e-05,0
LA_D_6054809,0,4.82492e-05,0
LA_D_6095298,0,0.0001187404,0
LA_D_6100403,0,0.000101397025,0
LA_D_6128701,0,3.6044836e-05,0
LA_D_6134944,0,0.00036212543,0
LA_D_6138799,0,4.431892e-05,0
LA_D_6139800,0,8.181682e-05,0
LA_D_6151678,0,5.2255054e-05,0
LA_D_6178698,0,2.6352238e-05,0
LA_D_6179348,0,0.0001067583,0
LA_D_6186073,0,0.0001317963,0
LA_D_6226933,0,0.00045488204,0
LA_D_6261206,0,5.0697774e-05,0
LA_D_6268368,0,0.00023053857,0
LA_D_6300161,0,4.75215e-05,0
LA_D_6332364,0,3.0361416e-05,0
LA_D_6348489,0,2.9781435e-05,0
LA_D_6359915,0,0.000139148,0
LA_D_6370803,0,8.770165e-05,0
LA_D_6475690,0,2.5979198e-05,0
LA_D_6490506,0,3.937201e-05,0
LA_D_6519917,0,0.00016070802,0
LA_D_6523940,0,2.0930374e-05,0
LA_D_6577660,0,5.4821896e-05,0
LA_D_6674030,0,8.082276e-05,0
LA_D_6678702,0,2.245622e-05,0
LA_D_6679225,0,0.0004731351,0
LA_D_6684696,0,9.3021394e-05,0
LA_D_6687114,0,9.154208e-05,0
LA_D_6713163,0,0.00013611963,0
LA_D_6713386,0,0.00016113567,0
LA_D_6739854,0,0.00011584222,0
LA_D_6741158,0,8.430973e-05,0
LA_D_6758446,0,0.00021900164,0
LA_D_6779535,0,0.00014206508,0
LA_D_6800766,0,1.44853975e-05,0
LA_D_6821694,0,0.00011852106,0
LA_D_6823282,0,9.355657e-05,0
LA_D_6845165,0,0.00014244707,0
LA_D_6861442,0,6.181544e-05,0
LA_D_6863890,0,2.87839e-05,0
LA_D_6885418,0,1.6803924e-05,0
LA_D_6902681,0,0.00015045746,0
LA_D_6904078,0,8.2813385e-05,0
LA_D_6906302,0,0.00026613282,0
LA_D_6908542,0,1.4641657e-05,0
LA_D_6987015,0,0.000102990496,0
LA_D_6993130,0,0.00016235263,0
LA_D_6995410,0,0.00012816685,0
LA_D_7091071,0,8.585324e-05,0
LA_D_7094965,0,8.0461345e-05,0
LA_D_7110756,0,4.914367e-05,0
LA_D_7133043,0,2.8904737e-05,0
LA_D_7139747,0,1.9753144e-05,0
LA_D_7151634,0,0.0006424219,0
LA_D_7159338,0,6.46632e-05,0
LA_D_7206772,0,0.00013878678,0
LA_D_7207336,0,7.008565e-05,0
LA_D_7230301,0,9.848444e-05,0
LA_D_7241582,0,0.00012435217,0
LA_D_7243431,0,2.7351707e-05,0
LA_D_7270172,0,4.4921693e-05,0
LA_D_7291272,0,4.813054e-05,0
LA_D_7291592,0,4.043663e-05,0
LA_D_7306537,0,5.090473e-05,0
LA_D_7312913,0,0.00027967955,0
LA_D_7316873,0,0.00011386879,0
LA_D_7317184,0,6.2979765e-05,0
LA_D_7396958,0,1.6798092e-05,0
LA_D_7403679,0,5.824626e-05,0
LA_D_7412514,0,0.00013761631,0
LA_D_7424653,0,1.1758443e-05,0
LA_D_7428181,0,0.0001583287,0
LA_D_7458005,0,7.883488e-05,0
LA_D_7470485,0,0.00014340488,0
LA_D_7483902,0,0.000129334,0
LA_D_7545322,0,0.00012848403,0
LA_D_7551004,0,4.4749515e-05,0
LA_D_7554141,0,3.1239008e-05,0
LA_D_7555425,0,5.555421e-05,0
LA_D_7599767,0,8.754289e-06,0
LA_D_7601022,0,2.2681175e-05,0
LA_D_7622749,0,6.197161e-05,0
LA_D_7635024,0,4.0637064e-05,0
LA_D_7659228,0,1.5449285e-05,0
LA_D_7674503,0,8.839686e-05,0
LA_D_7692442,0,3.144923e-05,0
LA_D_7727110,0,4.4606062e-05,0
LA_D_7765093,0,0.00017821419,0
LA_D_7796473,0,5.132892e-05,0
LA_D_7820794,0,0.0003224786,0
LA_D_7830688,0,8.7914e-05,0
LA_D_7838652,0,0.00064345443,0
LA_D_7886473,0,5.1699324e-05,0
LA_D_7888867,0,0.00019653387,0
LA_D_7961283,0,6.180459e-05,0
LA_D_7986122,0,0.00016142154,0
LA_D_8014280,0,8.700958e-05,0
LA_D_8029967,0,5.6853398e-05,0
LA_D_8049091,0,0.0007026142,0
LA_D_8078840,0,0.00013602558,0
LA_D_8078878,0,3.9762315e-05,0
LA_D_8083150,0,5.4855107e-05,0
LA_D_8095777,0,4.6022073e-05,0
LA_D_8127459,0,8.272798e-05,0
LA_D_8130762,0,6.116514e-05,0
LA_D_8158331,0,0.0049447706,0
LA_D_8158959,0,0.0019048514,0
LA_D_8169547,0,4.789972e-05,0
LA_D_8170099,0,4.004116e-05,0
LA_D_8172351,0,0.00012120532,0
LA_D_8193450,0,3.1504856e-05,0
LA_D_8199067,0,5.4267468e-05,0
LA_D_8209765,0,5.7486897e-05,0
LA_D_8217946,0,9.323053e-05,0
LA_D_8223036,0,1.373244e-05,0
LA_D_8237136,0,2.1085318e-05,0
LA_D_8250644,0,0.0005074237,0
LA_D_8324721,0,2.899192e-05,0
LA_D_8346311,0,3.839403e-05,0
LA_D_8364154,0,1.0196014e-05,0
LA_D_8447186,0,5.7421916e-05,0
LA_D_8506451,0,7.930272e-05,0
LA_D_8510080,0,0.00023548986,0
LA_D_8564217,0,3.4841065e-05,0
LA_D_8592715,0,4.485774e-05,0
LA_D_8596130,0,0.00019735149,0
LA_D_8597270,0,8.585676e-05,0
LA_D_8599650,0,2.9845436e-05,0
LA_D_8635399,0,4.6488316e-05,0
LA_D_8637190,0,4.8968803e-05,0
LA_D_8651444,0,6.732008e-05,0
LA_D_8676257,0,6.3179046e-05,0
LA_D_8683862,0,6.715549e-05,0
LA_D_8711965,0,0.00026649315,0
LA_D_8717286,0,8.947698e-05,0
LA_D_8763483,0,7.7618075e-05,0
LA_D_8815066,0,4.5046312e-05,0
LA_D_8817485,0,0.00014930344,0
LA_D_8818567,0,9.775035e-05,0
LA_D_8870983,0,0.00018483725,0
LA_D_8873162,0,0.00013341976,0
LA_D_8882131,0,0.00021093433,0
LA_D_8899360,0,2.8266431e-05,0
LA_D_8949695,0,8.446608e-05,0
LA_D_8956054,0,6.437268e-05,0
LA_D_8971637,0,0.000101325706,0
LA_D_9007888,0,6.933785e-05,0
LA_D_9032929,0,6.6322034e-05,0
LA_D_9101014,0,0.00019257974,0
LA_D_9116569,0,2.9044142e-05,0
LA_D_9140736,0,6.508475e-05,0
LA_D_9165073,0,0.00020438606,0
LA_D_9196640,0,1.3108043e-05,0
LA_D_9258337,0,0.00010282152,0
LA_D_9288317,0,9.378541e-05,0
LA_D_9314827,0,0.0002730919,0
LA_D_9319189,0,0.0001074774,0
LA_D_9333593,0,5.7461195e-05,0
LA_D_9341670,0,0.0001221195,0
LA_D_9362528,0,8.810644e-05,0
LA_D_9377948,0,0.00017079704,0
LA_D_9393969,0,8.917119e-05,0
LA_D_9396779,0,0.00030431722,0
LA_D_9457819,0,0.00018951311,0
LA_D_9475659,0,0.00010344472,0
LA_D_9476497,0,0.00013719508,0
LA_D_9481106,0,1.4905849e-05,0
LA_D_9483379,0,6.694231e-05,0
LA_D_9487713,0,7.188076e-05,0
LA_D_9497869,0,0.00013466417,0
LA_D_9500981,0,4.8292055e-05,0
LA_D_9515921,0,7.021107e-05,0
LA_D_9517790,0,9.01768e-05,0
LA_D_9518120,0,4.7085916e-05,0
LA_D_9523992,0,4.0855874e-05,0
LA_D_9542497,0,1.117919e-05,0
LA_D_9557083,0,0.0002993702,0
LA_D_9566187,0,5.180913e-05,0
LA_D_9593338,0,0.000105824096,0
LA_D_9594827,0,1.8829842e-05,0
LA_D_9596577,0,7.4157375e-05,0
LA_D_9601777,0,4.0799263e-05,0
LA_D_9629887,0,5.7639663e-05,0
LA_D_9633079,0,0.0003790507,0
LA_D_9648310,0,0.00032572853,0
LA_D_9730838,0,4.523952e-05,0
LA_D_9749096,0,9.313581e-05,0
LA_D_9779729,0,3.6596208e-05,0
LA_D_9780174,0,0.00021096531,0
LA_D_9789524,0,0.0007555204,0
LA_D_9792280,0,0.00010305671,0
LA_D_9812014,0,0.00013921052,0
LA_D_9832311,0,0.00034517175,0
LA_D_9835323,0,0.000112620786,0
LA_D_9839655,0,2.8674718e-05,0
LA_D_9847163,0,5.5407705e-05,0
LA_D_9863698,0,2.5501595e-05,0
LA_D_9876246,0,3.392933e-05,0
LA_D_9908787,0,6.3918924e-05,0
LA_D_9922697,0,0.00010428471,0
LA_D_9924204,0,0.00026535144,0
LA_D_9931163,0,4.2222644e-05,0
LA_D_9935163,0,3.9366907e-05,0
LA_D_9944718,0,6.0240247e-05,0
LA_D_9967770,0,0.006205743,0
