{
  "accuracy": 0.8290532925454838,
  "balanced_accuracy": 0.7872653097837627,
  "roc_auc": 0.8834351917880676,
  "eer": 0.19667204879799066,
  "eer_threshold": 0.3866974711418152,
  "f1_bonafide": 0.468527092979602,
  "f1_spoof": 0.898146149603089,
  "n_test": 24844,
  "n_test_pos_bonafide": 2548,
  "n_test_neg_spoof": 22296
}