{
  "accuracy": 0.7267348253099339,
  "balanced_accuracy": 0.6364039012143733,
  "roc_auc": 0.7172880356290897,
  "eer": 0.34693877551020413,
  "eer_threshold": 0.4217059910297394,
  "f1_bonafide": 0.28181529673119643,
  "f1_spoof": 0.8312663104262458,
  "n_test": 24844,
  "n_test_pos_bonafide": 2548,
  "n_test_neg_spoof": 22296
}